#include <touchgfx/hal/Types.hpp>

FONT_GLYPH_LOCATION_FLASH_PRAGMA
KEEP extern const uint8_t unicodes_Inter_Light_50_4bpp_0[] FONT_GLYPH_LOCATION_FLASH_ATTRIBUTE = {
    // Unicode: [0x0020, space]
    // (Has no glyph data)
    // Unicode: [0x0021, exclam]
    0xC0, 0xFF, 0x0D, 0xC0, 0xFF, 0x0D, 0xC0, 0xFF, 0x0D, 0xC0, 0xFF, 0x0D, 0xC0, 0xFF, 0x0D, 0xB0,
    0xFF, 0x0D, 0xB0, 0xFF, 0x0D, 0xB0, 0xFF, 0x0C, 0xB0, 0xFF, 0x0C, 0xB0, 0xFF, 0x0C, 0xB0, 0xFF,
    0x0C, 0xB0, 0xFF, 0x0C, 0xB0, 0xFF, 0x0C, 0xB0, 0xFF, 0x0C, 0xA0, 0xFF, 0x0B, 0xA0, 0xFF, 0x0B,
    0xA0, 0xFF, 0x0B, 0xA0, 0xFF, 0x0B, 0xA0, 0xFF, 0x0B, 0xA0, 0xFF, 0x0B, 0xA0, 0xFF, 0x0B, 0xA0,
    0xFF, 0x0B, 0xA0, 0xFF, 0x0A, 0x90, 0xFF, 0x0A, 0x90, 0xFF, 0x0A, 0x30, 0x55, 0x04, 0x00, 0x00,
    0x00, 0x00, 0x00, 0x00, 0x00, 0x00, 0x00, 0x00, 0x00, 0x00, 0x00, 0x00, 0x00, 0x00, 0x00, 0x00,
    0x40, 0xBB, 0x05, 0xF3, 0xFF, 0x4F, 0xF8, 0xFF, 0x9F, 0xF7, 0xFF, 0x8F, 0xD1, 0xFF, 0x2E, 0x10,
    0x66, 0x01,
    // Unicode: [0x0028, parenleft]
    0x00, 0x00, 0x00, 0xFC, 0x7F, 0x00, 0x00, 0x40, 0xFF, 0x1E, 0x00, 0x00, 0xC0, 0xFF, 0x09, 0x00,
    0x00, 0xF4, 0xFF, 0x02, 0x00, 0x00, 0xFA, 0xCF, 0x00, 0x00, 0x10, 0xFE, 0x6F, 0x00, 0x00, 0x60,
    0xFF, 0x1F, 0x00, 0x00, 0xB0, 0xFF, 0x0A, 0x00, 0x00, 0xF1, 0xFF, 0x06, 0x00, 0x00, 0xF5, 0xFF,
    0x01, 0x00, 0x00, 0xFA, 0xCF, 0x00, 0x00, 0x00, 0xFE, 0x8F, 0x00, 0x00, 0x20, 0xFF, 0x4F, 0x00,
    0x00, 0x50, 0xFF, 0x1F, 0x00, 0x00, 0x80, 0xFF, 0x0D, 0x00, 0x00, 0xB0, 0xFF, 0x0A, 0x00, 0x00,
    0xE0, 0xFF, 0x07, 0x00, 0x00, 0xF0, 0xFF, 0x05, 0x00, 0x00, 0xF2, 0xFF, 0x03, 0x00, 0x00, 0xF4,
    0xFF, 0x01, 0x00, 0x00, 0xF5, 0xFF, 0x00, 0x00, 0x00, 0xF6, 0xEF, 0x00, 0x00, 0x00, 0xF7, 0xEF,
    0x00, 0x00, 0x00, 0xF7, 0xDF, 0x00, 0x00, 0x00, 0xF7, 0xDF, 0x00, 0x00, 0x00, 0xF7, 0xEF, 0x00,
    0x00, 0x00, 0xF6, 0xEF, 0x00, 0x00, 0x00, 0xF5, 0xFF, 0x01, 0x00, 0x00, 0xF3, 0xFF, 0x02, 0x00,
    0x00, 0xF2, 0xFF, 0x04, 0x00, 0x00, 0xE0, 0xFF, 0x07, 0x00, 0x00, 0xC0, 0xFF, 0x09, 0x00, 0x00,
    0x90, 0xFF, 0x0D, 0x00, 0x00, 0x50, 0xFF, 0x1F, 0x00, 0x00, 0x20, 0xFF, 0x5F, 0x00, 0x00, 0x00,
    0xFD, 0x9F, 0x00, 0x00, 0x00, 0xF8, 0xEF, 0x00, 0x00, 0x00, 0xF4, 0xFF, 0x03, 0x00, 0x00, 0xD0,
    0xFF, 0x09, 0x00, 0x00, 0x80, 0xFF, 0x0E, 0x00, 0x00, 0x20, 0xFF, 0x5F, 0x00, 0x00, 0x00, 0xFB,
    0xBF, 0x00, 0x00, 0x00, 0xF4, 0xFF, 0x02, 0x00, 0x00, 0xC0, 0xFF, 0x08, 0x00, 0x00, 0x50, 0xFF,
    0x1E, 0x00, 0x00, 0x00, 0xFC, 0x7F,
    // Unicode: [0x0029, parenright]
    0xF1, 0xFF, 0x03, 0x00, 0x00, 0x90, 0xFF, 0x0B, 0x00, 0x00, 0x30, 0xFF, 0x3F, 0x00, 0x00, 0x00,
    0xFB, 0xAF, 0x00, 0x00, 0x00, 0xF5, 0xFF, 0x01, 0x00, 0x00, 0xE0, 0xFF, 0x06, 0x00, 0x00, 0x90,
    0xFF, 0x0C, 0x00, 0x00, 0x40, 0xFF, 0x3F, 0x00, 0x00, 0x00, 0xFE, 0x7F, 0x00, 0x00, 0x00, 0xFA,
    0xBF, 0x00, 0x00, 0x00, 0xF6, 0xFF, 0x01, 0x00, 0x00, 0xF2, 0xFF, 0x05, 0x00, 0x00, 0xD0, 0xFF,
    0x08, 0x00, 0x00, 0xA0, 0xFF, 0x0B, 0x00, 0x00, 0x60, 0xFF, 0x0E, 0x00, 0x00, 0x30, 0xFF, 0x3F,
    0x00, 0x00, 0x10, 0xFF, 0x5F, 0x00, 0x00, 0x00, 0xFE, 0x7F, 0x00, 0x00, 0x00, 0xFC, 0x9F, 0x00,
    0x00, 0x00, 0xFA, 0xBF, 0x00, 0x00, 0x00, 0xF9, 0xCF, 0x00, 0x00, 0x00, 0xF8, 0xDF, 0x00, 0x00,
    0x00, 0xF7, 0xDF, 0x00, 0x00, 0x00, 0xF7, 0xEF, 0x00, 0x00, 0x00, 0xF7, 0xEF, 0x00, 0x00, 0x00,
    0xF8, 0xDF, 0x00, 0x00, 0x00, 0xF8, 0xDF, 0x00, 0x00, 0x00, 0xFA, 0xBF, 0x00, 0x00, 0x00, 0xFB,
    0xAF, 0x00, 0x00, 0x00, 0xFD, 0x8F, 0x00, 0x00, 0x10, 0xFF, 0x5F, 0x00, 0x00, 0x30, 0xFF, 0x3F,
    0x00, 0x00, 0x70, 0xFF, 0x0E, 0x00, 0x00, 0xA0, 0xFF, 0x0B, 0x00, 0x00, 0xE0, 0xFF, 0x08, 0x00,
    0x00, 0xF3, 0xFF, 0x04, 0x00, 0x00, 0xF7, 0xEF, 0x00, 0x00, 0x00, 0xFC, 0x9F, 0x00, 0x00, 0x20,
    0xFF, 0x4F, 0x00, 0x00, 0x80, 0xFF, 0x0E, 0x00, 0x00, 0xD0, 0xFF, 0x08, 0x00, 0x00, 0xF5, 0xFF,
    0x02, 0x00, 0x00, 0xFB, 0xAF, 0x00, 0x00, 0x20, 0xFF, 0x4F, 0x00, 0x00, 0x90, 0xFF, 0x0B, 0x00,
    0x00, 0xF1, 0xFF, 0x04, 0x00, 0x00,
    // Unicode: [0x002C, comma]
    0x00, 0x10, 0x11, 0x00, 0x00, 0xF6, 0xFF, 0x05, 0x00, 0xF8, 0xFF, 0x01, 0x00, 0xFB, 0xCF, 0x00,
    0x00, 0xFD, 0x8F, 0x00, 0x10, 0xFF, 0x4F, 0x00, 0x40, 0xFF, 0x1F, 0x00, 0x60, 0xFF, 0x0B, 0x00,
    0x90, 0xFF, 0x07, 0x00, 0xB0, 0xFF, 0x03, 0x00, 0xE0, 0xEF, 0x00, 0x00, 0xF2, 0xAF, 0x00, 0x00,
    0xF4, 0x6F, 0x00, 0x00, 0xF7, 0x2F, 0x00, 0x00,
    // Unicode: [0x002D, hyphen]
    0x20, 0x22, 0x22, 0x22, 0x22, 0x22, 0x22, 0x12, 0xF4, 0xFF, 0xFF, 0xFF, 0xFF, 0xFF, 0xFF, 0xEF,
    0xF4, 0xFF, 0xFF, 0xFF, 0xFF, 0xFF, 0xFF, 0xEF, 0xF4, 0xFF, 0xFF, 0xFF, 0xFF, 0xFF, 0xFF, 0xEF,
    // Unicode: [0x002E, period]
    0x40, 0xBB, 0x05, 0xF3, 0xFF, 0x4F, 0xF8, 0xFF, 0x9F, 0xF7, 0xFF, 0x8F, 0xD1, 0xFF, 0x2E, 0x10,
    0x66, 0x01,
    // Unicode: [0x0030, zero]
    0x00, 0x00, 0x00, 0x00, 0x20, 0x75, 0x77, 0x15, 0x00, 0x00, 0x00, 0x00, 0x00, 0x00, 0x00, 0x00,
    0x50, 0xFC, 0xFF, 0xFF, 0xFF, 0x4B, 0x00, 0x00, 0x00, 0x00, 0x00, 0x00, 0x10, 0xFB, 0xFF, 0xFF,
    0xFF, 0xFF, 0xFF, 0x09, 0x00, 0x00, 0x00, 0x00, 0x00, 0xD1, 0xFF, 0xFF, 0xAD, 0xA9, 0xFD, 0xFF,
    0xBF, 0x00, 0x00, 0x00, 0x00, 0x00, 0xFC, 0xFF, 0x3C, 0x00, 0x00, 0x40, 0xFD, 0xFF, 0x0A, 0x00,
    0x00, 0x00, 0x80, 0xFF, 0xAF, 0x00, 0x00, 0x00, 0x00, 0xB1, 0xFF, 0x6F, 0x00, 0x00, 0x00, 0xE1,
    0xFF, 0x0B, 0x00, 0x00, 0x00, 0x00, 0x10, 0xFC, 0xDF, 0x00, 0x00, 0x00, 0xF8, 0xEF, 0x02, 0x00,
    0x00, 0x00, 0x00, 0x00, 0xF3, 0xFF, 0x07, 0x00, 0x10, 0xFF, 0x9F, 0x00, 0x00, 0x00, 0x00, 0x00,
    0x00, 0xA0, 0xFF, 0x0D, 0x00, 0x50, 0xFF, 0x2F, 0x00, 0x00, 0x00, 0x00, 0x00, 0x00, 0x40, 0xFF,
    0x3F, 0x00, 0xA0, 0xFF, 0x0B, 0x00, 0x00, 0x00, 0x00, 0x00, 0x00, 0x00, 0xFD, 0x8F, 0x00, 0xE0,
    0xFF, 0x07, 0x00, 0x00, 0x00, 0x00, 0x00, 0x00, 0x00, 0xF9, 0xDF, 0x00, 0xF2, 0xFF, 0x03, 0x00,
    0x00, 0x00, 0x00, 0x00, 0x00, 0x00, 0xF5, 0xFF, 0x00, 0xF5, 0xFF, 0x01, 0x00, 0x00, 0x00, 0x00,
    0x00, 0x00, 0x00, 0xF2, 0xFF, 0x03, 0xF7, 0xEF, 0x00, 0x00, 0x00, 0x00, 0x00, 0x00, 0x00, 0x00,
    0xF0, 0xFF, 0x05, 0xF9, 0xBF, 0x00, 0x00, 0x00, 0x00, 0x00, 0x00, 0x00, 0x00, 0xD0, 0xFF, 0x07,
    0xFA, 0xAF, 0x00, 0x00, 0x00, 0x00, 0x00, 0x00, 0x00, 0x00, 0xC0, 0xFF, 0x08, 0xFB, 0x9F, 0x00,
    0x00, 0x00, 0x00, 0x00, 0x00, 0x00, 0x00, 0xB0, 0xFF, 0x09, 0xFB, 0x9F, 0x00, 0x00, 0x00, 0x00,
    0x00, 0x00, 0x00, 0x00, 0xB0, 0xFF, 0x0A, 0xFC, 0x8F, 0x00, 0x00, 0x00, 0x00, 0x00, 0x00, 0x00,
    0x00, 0xA0, 0xFF, 0x0A, 0xFB, 0x9F, 0x00, 0x00, 0x00, 0x00, 0x00, 0x00, 0x00, 0x00, 0xB0, 0xFF,
    0x0A, 0xFB, 0x9F, 0x00, 0x00, 0x00, 0x00, 0x00, 0x00, 0x00, 0x00, 0xB0, 0xFF, 0x09, 0xFA, 0xAF,
    0x00, 0x00, 0x00, 0x00, 0x00, 0x00, 0x00, 0x00, 0xC0, 0xFF, 0x08, 0xF9, 0xBF, 0x00, 0x00, 0x00,
    0x00, 0x00, 0x00, 0x00, 0x00, 0xD0, 0xFF, 0x07, 0xF7, 0xDF, 0x00, 0x00, 0x00, 0x00, 0x00, 0x00,
    0x00, 0x00, 0xF0, 0xFF, 0x05, 0xF5, 0xFF, 0x01, 0x00, 0x00, 0x00, 0x00, 0x00, 0x00, 0x00, 0xF2,
    0xFF, 0x03, 0xF2, 0xFF, 0x03, 0x00, 0x00, 0x00, 0x00, 0x00, 0x00, 0x00, 0xF5, 0xFF, 0x01, 0xE0,
    0xFF, 0x07, 0x00, 0x00, 0x00, 0x00, 0x00, 0x00, 0x00, 0xF9, 0xDF, 0x00, 0xA0, 0xFF, 0x0B, 0x00,
    0x00, 0x00, 0x00, 0x00, 0x00, 0x00, 0xFD, 0x9F, 0x00, 0x60, 0xFF, 0x2F, 0x00, 0x00, 0x00, 0x00,
    0x00, 0x00, 0x40, 0xFF, 0x4F, 0x00, 0x10, 0xFF, 0x9F, 0x00, 0x00, 0x00, 0x00, 0x00, 0x00, 0xA0,
    0xFF, 0x0E, 0x00, 0x00, 0xF9, 0xEF, 0x02, 0x00, 0x00, 0x00, 0x00, 0x00, 0xF3, 0xFF, 0x07, 0x00,
    0x00, 0xF2, 0xFF, 0x0B, 0x00, 0x00, 0x00, 0x00, 0x10, 0xFD, 0xEF, 0x01, 0x00, 0x00, 0x80, 0xFF,
    0xAF, 0x00, 0x00, 0x00, 0x00, 0xB1, 0xFF, 0x6F, 0x00, 0x00, 0x00, 0x00, 0xFC, 0xFF, 0x4C, 0x00,
    0x00, 0x50, 0xFD, 0xFF, 0x0B, 0x00, 0x00, 0x00, 0x00, 0xD2, 0xFF, 0xFF, 0xAD, 0xBA, 0xFE, 0xFF,
    0xCF, 0x01, 0x00, 0x00, 0x00, 0x00, 0x10, 0xFB, 0xFF, 0xFF, 0xFF, 0xFF, 0xFF, 0x1A, 0x00, 0x00,
    0x00, 0x00, 0x00, 0x00, 0x50, 0xFC, 0xFF, 0xFF, 0xFF, 0x4B, 0x00, 0x00, 0x00, 0x00, 0x00, 0x00,
    0x00, 0x00, 0x20, 0x75, 0x77, 0x15, 0x00, 0x00, 0x00, 0x00, 0x00,
    // Unicode: [0x0031, one]
    0x00, 0x00, 0x00, 0x30, 0xFD, 0xFF, 0x0D, 0x00, 0x00, 0x00, 0xF7, 0xFF, 0xFF, 0x0D, 0x00, 0x00,
    0xA1, 0xFF, 0xFF, 0xFF, 0x0D, 0x00, 0x30, 0xFD, 0xFF, 0xBC, 0xFF, 0x0D, 0x00, 0xF6, 0xFF, 0x9F,
    0x81, 0xFF, 0x0D, 0xA1, 0xFF, 0xEF, 0x06, 0x80, 0xFF, 0x0D, 0xF4, 0xFF, 0x2D, 0x00, 0x80, 0xFF,
    0x0D, 0xF4, 0xAF, 0x01, 0x00, 0x80, 0xFF, 0x0D, 0xF4, 0x06, 0x00, 0x00, 0x80, 0xFF, 0x0D, 0x32,
    0x00, 0x00, 0x00, 0x80, 0xFF, 0x0D, 0x00, 0x00, 0x00, 0x00, 0x80, 0xFF, 0x0D, 0x00, 0x00, 0x00,
    0x00, 0x80, 0xFF, 0x0D, 0x00, 0x00, 0x00, 0x00, 0x80, 0xFF, 0x0D, 0x00, 0x00, 0x00, 0x00, 0x80,
    0xFF, 0x0D, 0x00, 0x00, 0x00, 0x00, 0x80, 0xFF, 0x0D, 0x00, 0x00, 0x00, 0x00, 0x80, 0xFF, 0x0D,
    0x00, 0x00, 0x00, 0x00, 0x80, 0xFF, 0x0D, 0x00, 0x00, 0x00, 0x00, 0x80, 0xFF, 0x0D, 0x00, 0x00,
    0x00, 0x00, 0x80, 0xFF, 0x0D, 0x00, 0x00, 0x00, 0x00, 0x80, 0xFF, 0x0D, 0x00, 0x00, 0x00, 0x00,
    0x80, 0xFF, 0x0D, 0x00, 0x00, 0x00, 0x00, 0x80, 0xFF, 0x0D, 0x00, 0x00, 0x00, 0x00, 0x80, 0xFF,
    0x0D, 0x00, 0x00, 0x00, 0x00, 0x80, 0xFF, 0x0D, 0x00, 0x00, 0x00, 0x00, 0x80, 0xFF, 0x0D, 0x00,
    0x00, 0x00, 0x00, 0x80, 0xFF, 0x0D, 0x00, 0x00, 0x00, 0x00, 0x80, 0xFF, 0x0D, 0x00, 0x00, 0x00,
    0x00, 0x80, 0xFF, 0x0D, 0x00, 0x00, 0x00, 0x00, 0x80, 0xFF, 0x0D, 0x00, 0x00, 0x00, 0x00, 0x80,
    0xFF, 0x0D, 0x00, 0x00, 0x00, 0x00, 0x80, 0xFF, 0x0D, 0x00, 0x00, 0x00, 0x00, 0x80, 0xFF, 0x0D,
    0x00, 0x00, 0x00, 0x00, 0x80, 0xFF, 0x0D, 0x00, 0x00, 0x00, 0x00, 0x80, 0xFF, 0x0D, 0x00, 0x00,
    0x00, 0x00, 0x80, 0xFF, 0x0D, 0x00, 0x00, 0x00, 0x00, 0x80, 0xFF, 0x0D, 0x00, 0x00, 0x00, 0x00,
    0x80, 0xFF, 0x0D,
    // Unicode: [0x0032, two]
    0x00, 0x00, 0x00, 0x00, 0x63, 0x77, 0x46, 0x01, 0x00, 0x00, 0x00, 0x00, 0x00, 0x00, 0x20, 0xE9,
    0xFF, 0xFF, 0xFF, 0xAE, 0x03, 0x00, 0x00, 0x00, 0x00, 0x00, 0xE6, 0xFF, 0xFF, 0xFF, 0xFF, 0xFF,
    0x8F, 0x00, 0x00, 0x00, 0x00, 0x90, 0xFF, 0xFF, 0xBE, 0xAA, 0xEB, 0xFF, 0xFF, 0x0B, 0x00, 0x00,
    0x00, 0xF7, 0xFF, 0x6E, 0x00, 0x00, 0x00, 0xD5, 0xFF, 0x9F, 0x00, 0x00, 0x30, 0xFF, 0xCF, 0x02,
    0x00, 0x00, 0x00, 0x10, 0xFB, 0xFF, 0x05, 0x00, 0xB0, 0xFF, 0x2E, 0x00, 0x00, 0x00, 0x00, 0x00,
    0xC1, 0xFF, 0x0C, 0x00, 0xF2, 0xFF, 0x07, 0x00, 0x00, 0x00, 0x00, 0x00, 0x40, 0xFF, 0x3F, 0x00,
    0xF6, 0xFF, 0x01, 0x00, 0x00, 0x00, 0x00, 0x00, 0x00, 0xFE, 0x7F, 0x00, 0xF8, 0xCF, 0x00, 0x00,
    0x00, 0x00, 0x00, 0x00, 0x00, 0xFB, 0x9F, 0x00, 0xFA, 0xBF, 0x00, 0x00, 0x00, 0x00, 0x00, 0x00,
    0x00, 0xFA, 0xAF, 0x00, 0x11, 0x11, 0x00, 0x00, 0x00, 0x00, 0x00, 0x00, 0x00, 0xFB, 0x9F, 0x00,
    0x00, 0x00, 0x00, 0x00, 0x00, 0x00, 0x00, 0x00, 0x00, 0xFD, 0x8F, 0x00, 0x00, 0x00, 0x00, 0x00,
    0x00, 0x00, 0x00, 0x00, 0x20, 0xFF, 0x4F, 0x00, 0x00, 0x00, 0x00, 0x00, 0x00, 0x00, 0x00, 0x00,
    0x80, 0xFF, 0x0E, 0x00, 0x00, 0x00, 0x00, 0x00, 0x00, 0x00, 0x00, 0x00, 0xF2, 0xFF, 0x09, 0x00,
    0x00, 0x00, 0x00, 0x00, 0x00, 0x00, 0x00, 0x00, 0xFB, 0xEF, 0x01, 0x00, 0x00, 0x00, 0x00, 0x00,
    0x00, 0x00, 0x00, 0x70, 0xFF, 0x7F, 0x00, 0x00, 0x00, 0x00, 0x00, 0x00, 0x00, 0x00, 0x00, 0xF4,
    0xFF, 0x0C, 0x00, 0x00, 0x00, 0x00, 0x00, 0x00, 0x00, 0x00, 0x20, 0xFE, 0xEF, 0x02, 0x00, 0x00,
    0x00, 0x00, 0x00, 0x00, 0x00, 0x00, 0xC1, 0xFF, 0x4F, 0x00, 0x00, 0x00, 0x00, 0x00, 0x00, 0x00,
    0x00, 0x00, 0xFB, 0xFF, 0x07, 0x00, 0x00, 0x00, 0x00, 0x00, 0x00, 0x00, 0x00, 0x90, 0xFF, 0xAF,
    0x00, 0x00, 0x00, 0x00, 0x00, 0x00, 0x00, 0x00, 0x00, 0xF7, 0xFF, 0x0B, 0x00, 0x00, 0x00, 0x00,
    0x00, 0x00, 0x00, 0x00, 0x50, 0xFF, 0xDF, 0x01, 0x00, 0x00, 0x00, 0x00, 0x00, 0x00, 0x00, 0x00,
    0xF4, 0xFF, 0x2E, 0x00, 0x00, 0x00, 0x00, 0x00, 0x00, 0x00, 0x00, 0x20, 0xFE, 0xEF, 0x03, 0x00,
    0x00, 0x00, 0x00, 0x00, 0x00, 0x00, 0x00, 0xD1, 0xFF, 0x4F, 0x00, 0x00, 0x00, 0x00, 0x00, 0x00,
    0x00, 0x00, 0x10, 0xFC, 0xFF, 0x06, 0x00, 0x00, 0x00, 0x00, 0x00, 0x00, 0x00, 0x00, 0xB0, 0xFF,
    0x8F, 0x00, 0x00, 0x00, 0x00, 0x00, 0x00, 0x00, 0x00, 0x00, 0xF9, 0xFF, 0x0A, 0x00, 0x00, 0x00,
    0x00, 0x00, 0x00, 0x00, 0x00, 0x80, 0xFF, 0xBF, 0x00, 0x00, 0x00, 0x00, 0x00, 0x00, 0x00, 0x00,
    0x00, 0xF6, 0xFF, 0x1C, 0x00, 0x00, 0x00, 0x00, 0x00, 0x00, 0x00, 0x00, 0x40, 0xFF, 0xDF, 0x02,
    0x00, 0x00, 0x00, 0x00, 0x00, 0x00, 0x00, 0x00, 0xE3, 0xFF, 0x7F, 0x44, 0x44, 0x44, 0x44, 0x44,
    0x44, 0x44, 0x44, 0x03, 0xFD, 0xFF, 0xFF, 0xFF, 0xFF, 0xFF, 0xFF, 0xFF, 0xFF, 0xFF, 0xFF, 0x0C,
    0xFE, 0xFF, 0xFF, 0xFF, 0xFF, 0xFF, 0xFF, 0xFF, 0xFF, 0xFF, 0xFF, 0x0C, 0xFE, 0xFF, 0xFF, 0xFF,
    0xFF, 0xFF, 0xFF, 0xFF, 0xFF, 0xFF, 0xFF, 0x0C,
    // Unicode: [0x0033, three]
    0x00, 0x00, 0x00, 0x00, 0x30, 0x75, 0x67, 0x14, 0x00, 0x00, 0x00, 0x00, 0x00, 0x00, 0x00, 0x00,
    0x82, 0xFE, 0xFF, 0xFF, 0xFF, 0x5C, 0x00, 0x00, 0x00, 0x00, 0x00, 0x00, 0x70, 0xFF, 0xFF, 0xFF,
    0xFF, 0xFF, 0xFF, 0x1B, 0x00, 0x00, 0x00, 0x00, 0x00, 0xFB, 0xFF, 0xFF, 0xAC, 0xA9, 0xFE, 0xFF,
    0xDF, 0x02, 0x00, 0x00, 0x00, 0xA0, 0xFF, 0xEF, 0x16, 0x00, 0x00, 0x40, 0xFC, 0xFF, 0x0C, 0x00,
    0x00, 0x00, 0xF6, 0xFF, 0x1C, 0x00, 0x00, 0x00, 0x00, 0x90, 0xFF, 0x8F, 0x00, 0x00, 0x10, 0xFE,
    0xDF, 0x01, 0x00, 0x00, 0x00, 0x00, 0x00, 0xFB, 0xEF, 0x01, 0x00, 0x50, 0xFF, 0x4F, 0x00, 0x00,
    0x00, 0x00, 0x00, 0x00, 0xF3, 0xFF, 0x06, 0x00, 0x90, 0xFF, 0x0C, 0x00, 0x00, 0x00, 0x00, 0x00,
    0x00, 0xD0, 0xFF, 0x0A, 0x00, 0xC0, 0xFF, 0x09, 0x00, 0x00, 0x00, 0x00, 0x00, 0x00, 0xA0, 0xFF,
    0x0C, 0x00, 0x60, 0x88, 0x04, 0x00, 0x00, 0x00, 0x00, 0x00, 0x00, 0x80, 0xFF, 0x0D, 0x00, 0x00,
    0x00, 0x00, 0x00, 0x00, 0x00, 0x00, 0x00, 0x00, 0x90, 0xFF, 0x0C, 0x00, 0x00, 0x00, 0x00, 0x00,
    0x00, 0x00, 0x00, 0x00, 0x00, 0xB0, 0xFF, 0x0A, 0x00, 0x00, 0x00, 0x00, 0x00, 0x00, 0x00, 0x00,
    0x00, 0x00, 0xF1, 0xFF, 0x06, 0x00, 0x00, 0x00, 0x00, 0x00, 0x00, 0x00, 0x00, 0x00, 0x00, 0xF9,
    0xFF, 0x01, 0x00, 0x00, 0x00, 0x00, 0x00, 0x00, 0x00, 0x00, 0x00, 0x60, 0xFF, 0x7F, 0x00, 0x00,
    0x00, 0x00, 0x00, 0x00, 0x00, 0x00, 0x00, 0x10, 0xF8, 0xFF, 0x0B, 0x00, 0x00, 0x00, 0x00, 0x00,
    0x00, 0x10, 0x22, 0x53, 0xE9, 0xFF, 0xBF, 0x01, 0x00, 0x00, 0x00, 0x00, 0x00, 0x00, 0xA0, 0xFF,
    0xFF, 0xFF, 0xDF, 0x06, 0x00, 0x00, 0x00, 0x00, 0x00, 0x00, 0x00, 0xA0, 0xFF, 0xFF, 0xFF, 0x5D,
    0x01, 0x00, 0x00, 0x00, 0x00, 0x00, 0x00, 0x00, 0xA0, 0xFF, 0xFF, 0xFF, 0xFF, 0x8E, 0x01, 0x00,
    0x00, 0x00, 0x00, 0x00, 0x00, 0x00, 0x00, 0x21, 0x95, 0xFE, 0xFF, 0x2D, 0x00, 0x00, 0x00, 0x00,
    0x00, 0x00, 0x00, 0x00, 0x00, 0x00, 0x91, 0xFF, 0xEF, 0x02, 0x00, 0x00, 0x00, 0x00, 0x00, 0x00,
    0x00, 0x00, 0x00, 0x00, 0xF6, 0xFF, 0x0B, 0x00, 0x00, 0x00, 0x00, 0x00, 0x00, 0x00, 0x00, 0x00,
    0x00, 0x80, 0xFF, 0x4F, 0x00, 0x00, 0x00, 0x00, 0x00, 0x00, 0x00, 0x00, 0x00, 0x00, 0x00, 0xFE,
    0xAF, 0x00, 0x00, 0x00, 0x00, 0x00, 0x00, 0x00, 0x00, 0x00, 0x00, 0x00, 0xF9, 0xEF, 0x00, 0x00,
    0x00, 0x00, 0x00, 0x00, 0x00, 0x00, 0x00, 0x00, 0x00, 0xF6, 0xFF, 0x00, 0x21, 0x12, 0x00, 0x00,
    0x00, 0x00, 0x00, 0x00, 0x00, 0x00, 0xF5, 0xFF, 0x01, 0xF9, 0xEF, 0x00, 0x00, 0x00, 0x00, 0x00,
    0x00, 0x00, 0x00, 0xF7, 0xFF, 0x00, 0xF7, 0xFF, 0x02, 0x00, 0x00, 0x00, 0x00, 0x00, 0x00, 0x00,
    0xFB, 0xDF, 0x00, 0xF3, 0xFF, 0x09, 0x00, 0x00, 0x00, 0x00, 0x00, 0x00, 0x30, 0xFF, 0x8F, 0x00,
    0xC0, 0xFF, 0x4F, 0x00, 0x00, 0x00, 0x00, 0x00, 0x00, 0xD1, 0xFF, 0x2F, 0x00, 0x40, 0xFF, 0xFF,
    0x05, 0x00, 0x00, 0x00, 0x00, 0x20, 0xFC, 0xFF, 0x08, 0x00, 0x00, 0xF8, 0xFF, 0xBF, 0x04, 0x00,
    0x00, 0x30, 0xF8, 0xFF, 0xCF, 0x00, 0x00, 0x00, 0x80, 0xFF, 0xFF, 0xEF, 0xBC, 0xCA, 0xFD, 0xFF,
    0xFF, 0x1B, 0x00, 0x00, 0x00, 0x00, 0xD5, 0xFF, 0xFF, 0xFF, 0xFF, 0xFF, 0xFF, 0x7E, 0x00, 0x00,
    0x00, 0x00, 0x00, 0x00, 0xC6, 0xFF, 0xFF, 0xFF, 0xFF, 0x8D, 0x02, 0x00, 0x00, 0x00, 0x00, 0x00,
    0x00, 0x00, 0x41, 0x76, 0x77, 0x25, 0x00, 0x00, 0x00, 0x00, 0x00,
    // Unicode: [0x0034, four]
    0x00, 0x00, 0x00, 0x00, 0x00, 0x00, 0x00, 0x10, 0xFD, 0xFF, 0x08, 0x00, 0x00, 0x00, 0x00, 0x00,
    0x00, 0x00, 0x00, 0x00, 0x80, 0xFF, 0xFF, 0x08, 0x00, 0x00, 0x00, 0x00, 0x00, 0x00, 0x00, 0x00,
    0x00, 0xF3, 0xFF, 0xFF, 0x08, 0x00, 0x00, 0x00, 0x00, 0x00, 0x00, 0x00, 0x00, 0x00, 0xFC, 0xFF,
    0xFF, 0x08, 0x00, 0x00, 0x00, 0x00, 0x00, 0x00, 0x00, 0x00, 0x60, 0xFF, 0xEF, 0xFF, 0x08, 0x00,
    0x00, 0x00, 0x00, 0x00, 0x00, 0x00, 0x00, 0xE1, 0xFF, 0xC7, 0xFF, 0x08, 0x00, 0x00, 0x00, 0x00,
    0x00, 0x00, 0x00, 0x00, 0xFA, 0xDF, 0xC0, 0xFF, 0x08, 0x00, 0x00, 0x00, 0x00, 0x00, 0x00, 0x00,
    0x40, 0xFF, 0x4F, 0xC0, 0xFF, 0x08, 0x00, 0x00, 0x00, 0x00, 0x00, 0x00, 0x00, 0xD0, 0xFF, 0x0A,
    0xC0, 0xFF, 0x08, 0x00, 0x00, 0x00, 0x00, 0x00, 0x00, 0x00, 0xF7, 0xEF, 0x02, 0xC0, 0xFF, 0x08,
    0x00, 0x00, 0x00, 0x00, 0x00, 0x00, 0x20, 0xFE, 0x7F, 0x00, 0xC0, 0xFF, 0x08, 0x00, 0x00, 0x00,
    0x00, 0x00, 0x00, 0xB0, 0xFF, 0x0C, 0x00, 0xC0, 0xFF, 0x08, 0x00, 0x00, 0x00, 0x00, 0x00, 0x00,
    0xF5, 0xFF, 0x04, 0x00, 0xC0, 0xFF, 0x08, 0x00, 0x00, 0x00, 0x00, 0x00, 0x10, 0xFD, 0x9F, 0x00,
    0x00, 0xC0, 0xFF, 0x08, 0x00, 0x00, 0x00, 0x00, 0x00, 0x80, 0xFF, 0x1E, 0x00, 0x00, 0xC0, 0xFF,
    0x08, 0x00, 0x00, 0x00, 0x00, 0x00, 0xF3, 0xFF, 0x06, 0x00, 0x00, 0xC0, 0xFF, 0x08, 0x00, 0x00,
    0x00, 0x00, 0x00, 0xFC, 0xCF, 0x00, 0x00, 0x00, 0xC0, 0xFF, 0x08, 0x00, 0x00, 0x00, 0x00, 0x60,
    0xFF, 0x3F, 0x00, 0x00, 0x00, 0xC0, 0xFF, 0x08, 0x00, 0x00, 0x00, 0x00, 0xE1, 0xFF, 0x09, 0x00,
    0x00, 0x00, 0xC0, 0xFF, 0x08, 0x00, 0x00, 0x00, 0x00, 0xF9, 0xEF, 0x01, 0x00, 0x00, 0x00, 0xC0,
    0xFF, 0x08, 0x00, 0x00, 0x00, 0x40, 0xFF, 0x6F, 0x00, 0x00, 0x00, 0x00, 0xC0, 0xFF, 0x08, 0x00,
    0x00, 0x00, 0xC0, 0xFF, 0x0B, 0x00, 0x00, 0x00, 0x00, 0xC0, 0xFF, 0x08, 0x00, 0x00, 0x00, 0xF7,
    0xFF, 0x03, 0x00, 0x00, 0x00, 0x00, 0xC0, 0xFF, 0x08, 0x00, 0x00, 0x20, 0xFE, 0x8F, 0x00, 0x00,
    0x00, 0x00, 0x00, 0xC0, 0xFF, 0x08, 0x00, 0x00, 0xA0, 0xFF, 0x1D, 0x00, 0x00, 0x00, 0x00, 0x00,
    0xC0, 0xFF, 0x08, 0x00, 0x00, 0xF5, 0xFF, 0x05, 0x00, 0x00, 0x00, 0x00, 0x00, 0xC0, 0xFF, 0x08,
    0x00, 0x00, 0xFC, 0xFF, 0xFF, 0xFF, 0xFF, 0xFF, 0xFF, 0xFF, 0xFF, 0xFF, 0xFF, 0xFF, 0x4F, 0xFC,
    0xFF, 0xFF, 0xFF, 0xFF, 0xFF, 0xFF, 0xFF, 0xFF, 0xFF, 0xFF, 0xFF, 0x4F, 0xFC, 0xFF, 0xFF, 0xFF,
    0xFF, 0xFF, 0xFF, 0xFF, 0xFF, 0xFF, 0xFF, 0xFF, 0x4F, 0x21, 0x22, 0x22, 0x22, 0x22, 0x22, 0x22,
    0x22, 0xD2, 0xFF, 0x29, 0x22, 0x02, 0x00, 0x00, 0x00, 0x00, 0x00, 0x00, 0x00, 0x00, 0xD0, 0xFF,
    0x08, 0x00, 0x00, 0x00, 0x00, 0x00, 0x00, 0x00, 0x00, 0x00, 0x00, 0xD0, 0xFF, 0x08, 0x00, 0x00,
    0x00, 0x00, 0x00, 0x00, 0x00, 0x00, 0x00, 0x00, 0xD0, 0xFF, 0x08, 0x00, 0x00, 0x00, 0x00, 0x00,
    0x00, 0x00, 0x00, 0x00, 0x00, 0xD0, 0xFF, 0x08, 0x00, 0x00, 0x00, 0x00, 0x00, 0x00, 0x00, 0x00,
    0x00, 0x00, 0xD0, 0xFF, 0x08, 0x00, 0x00, 0x00, 0x00, 0x00, 0x00, 0x00, 0x00, 0x00, 0x00, 0xD0,
    0xFF, 0x08, 0x00, 0x00, 0x00, 0x00, 0x00, 0x00, 0x00, 0x00, 0x00, 0x00, 0xD0, 0xFF, 0x08, 0x00,
    0x00,
    // Unicode: [0x0035, five]
    0x00, 0xE0, 0xFF, 0xFF, 0xFF, 0xFF, 0xFF, 0xFF, 0xFF, 0xFF, 0x4F, 0x00, 0x00, 0xF1, 0xFF, 0xFF,
    0xFF, 0xFF, 0xFF, 0xFF, 0xFF, 0xFF, 0x4F, 0x00, 0x00, 0xF3, 0xFF, 0xFF, 0xFF, 0xFF, 0xFF, 0xFF,
    0xFF, 0xFF, 0x4F, 0x00, 0x00, 0xF5, 0xFF, 0x22, 0x22, 0x22, 0x22, 0x22, 0x22, 0x22, 0x12, 0x00,
    0x00, 0xF6, 0xDF, 0x00, 0x00, 0x00, 0x00, 0x00, 0x00, 0x00, 0x00, 0x00, 0x00, 0xF8, 0xCF, 0x00,
    0x00, 0x00, 0x00, 0x00, 0x00, 0x00, 0x00, 0x00, 0x00, 0xFA, 0xAF, 0x00, 0x00, 0x00, 0x00, 0x00,
    0x00, 0x00, 0x00, 0x00, 0x00, 0xFC, 0x8F, 0x00, 0x00, 0x00, 0x00, 0x00, 0x00, 0x00, 0x00, 0x00,
    0x00, 0xFE, 0x6F, 0x00, 0x00, 0x00, 0x00, 0x00, 0x00, 0x00, 0x00, 0x00, 0x00, 0xFF, 0x4F, 0x00,
    0x00, 0x00, 0x00, 0x00, 0x00, 0x00, 0x00, 0x00, 0x20, 0xFF, 0x3F, 0x00, 0x00, 0x00, 0x00, 0x00,
    0x00, 0x00, 0x00, 0x00, 0x40, 0xFF, 0x1F, 0x00, 0x00, 0x00, 0x00, 0x00, 0x00, 0x00, 0x00, 0x00,
    0x60, 0xFF, 0x0E, 0x00, 0x00, 0x00, 0x00, 0x00, 0x00, 0x00, 0x00, 0x00, 0x70, 0xFF, 0x0C, 0x30,
    0xC8, 0xFE, 0xCE, 0x49, 0x00, 0x00, 0x00, 0x00, 0x90, 0xFF, 0x3A, 0xFB, 0xFF, 0xFF, 0xFF, 0xFF,
    0x3C, 0x00, 0x00, 0x00, 0xB0, 0xFF, 0xFD, 0xFF, 0xFF, 0xFF, 0xFF, 0xFF, 0xFF, 0x07, 0x00, 0x00,
    0xD0, 0xFF, 0xFF, 0xBF, 0x46, 0x22, 0x84, 0xFD, 0xFF, 0x8F, 0x00, 0x00, 0xE0, 0xFF, 0xAF, 0x02,
    0x00, 0x00, 0x00, 0x80, 0xFF, 0xFF, 0x05, 0x00, 0x00, 0x42, 0x04, 0x00, 0x00, 0x00, 0x00, 0x00,
    0xF5, 0xFF, 0x1E, 0x00, 0x00, 0x00, 0x00, 0x00, 0x00, 0x00, 0x00, 0x00, 0x70, 0xFF, 0x8F, 0x00,
    0x00, 0x00, 0x00, 0x00, 0x00, 0x00, 0x00, 0x00, 0x00, 0xFC, 0xEF, 0x00, 0x00, 0x00, 0x00, 0x00,
    0x00, 0x00, 0x00, 0x00, 0x00, 0xF5, 0xFF, 0x04, 0x00, 0x00, 0x00, 0x00, 0x00, 0x00, 0x00, 0x00,
    0x00, 0xE0, 0xFF, 0x08, 0x00, 0x00, 0x00, 0x00, 0x00, 0x00, 0x00, 0x00, 0x00, 0xC0, 0xFF, 0x0A,
    0x00, 0x00, 0x00, 0x00, 0x00, 0x00, 0x00, 0x00, 0x00, 0xA0, 0xFF, 0x0B, 0x00, 0x00, 0x00, 0x00,
    0x00, 0x00, 0x00, 0x00, 0x00, 0x90, 0xFF, 0x0B, 0x00, 0x00, 0x00, 0x00, 0x00, 0x00, 0x00, 0x00,
    0x00, 0xA0, 0xFF, 0x0B, 0x54, 0x45, 0x00, 0x00, 0x00, 0x00, 0x00, 0x00, 0x00, 0xD0, 0xFF, 0x09,
    0xFA, 0xCF, 0x00, 0x00, 0x00, 0x00, 0x00, 0x00, 0x00, 0xF1, 0xFF, 0x06, 0xF7, 0xEF, 0x01, 0x00,
    0x00, 0x00, 0x00, 0x00, 0x00, 0xF7, 0xFF, 0x02, 0xF3, 0xFF, 0x06, 0x00, 0x00, 0x00, 0x00, 0x00,
    0x20, 0xFE, 0xBF, 0x00, 0xD0, 0xFF, 0x2E, 0x00, 0x00, 0x00, 0x00, 0x00, 0xB0, 0xFF, 0x4F, 0x00,
    0x50, 0xFF, 0xDF, 0x02, 0x00, 0x00, 0x00, 0x10, 0xFB, 0xFF, 0x0A, 0x00, 0x00, 0xF9, 0xFF, 0x7E,
    0x01, 0x00, 0x00, 0xD5, 0xFF, 0xDF, 0x01, 0x00, 0x00, 0xA0, 0xFF, 0xFF, 0xCF, 0xAA, 0xEB, 0xFF,
    0xFF, 0x2C, 0x00, 0x00, 0x00, 0x00, 0xF7, 0xFF, 0xFF, 0xFF, 0xFF, 0xFF, 0xAF, 0x01, 0x00, 0x00,
    0x00, 0x00, 0x20, 0xE9, 0xFF, 0xFF, 0xFF, 0xAF, 0x03, 0x00, 0x00, 0x00, 0x00, 0x00, 0x00, 0x00,
    0x64, 0x77, 0x46, 0x01, 0x00, 0x00, 0x00, 0x00,
    // Unicode: [0x0036, six]
    0x00, 0x00, 0x00, 0x00, 0x00, 0x64, 0x77, 0x35, 0x00, 0x00, 0x00, 0x00, 0x00, 0x00, 0x00, 0x20,
    0xE9, 0xFF, 0xFF, 0xFF, 0x8E, 0x01, 0x00, 0x00, 0x00, 0x00, 0x00, 0xF6, 0xFF, 0xFF, 0xFF, 0xFF,
    0xFF, 0x4E, 0x00, 0x00, 0x00, 0x00, 0x80, 0xFF, 0xFF, 0xBE, 0xBA, 0xFC, 0xFF, 0xFF, 0x06, 0x00,
    0x00, 0x00, 0xF6, 0xFF, 0x5D, 0x00, 0x00, 0x20, 0xF9, 0xFF, 0x4F, 0x00, 0x00, 0x30, 0xFF, 0xBF,
    0x01, 0x00, 0x00, 0x00, 0x50, 0xFF, 0xDF, 0x01, 0x00, 0xC0, 0xFF, 0x0C, 0x00, 0x00, 0x00, 0x00,
    0x00, 0xF6, 0xFF, 0x07, 0x00, 0xF4, 0xEF, 0x02, 0x00, 0x00, 0x00, 0x00, 0x00, 0xC0, 0xFF, 0x0D,
    0x00, 0xFB, 0x9F, 0x00, 0x00, 0x00, 0x00, 0x00, 0x00, 0x60, 0xFF, 0x2F, 0x10, 0xFF, 0x2F, 0x00,
    0x00, 0x00, 0x00, 0x00, 0x00, 0x10, 0xFF, 0x5F, 0x60, 0xFF, 0x0B, 0x00, 0x00, 0x00, 0x00, 0x00,
    0x00, 0x00, 0x11, 0x11, 0xA0, 0xFF, 0x07, 0x00, 0x00, 0x00, 0x00, 0x00, 0x00, 0x00, 0x00, 0x00,
    0xE0, 0xFF, 0x03, 0x00, 0x00, 0x00, 0x00, 0x00, 0x00, 0x00, 0x00, 0x00, 0xF2, 0xFF, 0x00, 0x00,
    0x00, 0x00, 0x00, 0x00, 0x00, 0x00, 0x00, 0x00, 0xF5, 0xDF, 0x00, 0x00, 0x71, 0xEB, 0xEF, 0xAD,
    0x05, 0x00, 0x00, 0x00, 0xF7, 0xBF, 0x00, 0x80, 0xFF, 0xFF, 0xFF, 0xFF, 0xDF, 0x05, 0x00, 0x00,
    0xF8, 0x9F, 0x20, 0xFC, 0xFF, 0xFF, 0xFF, 0xFF, 0xFF, 0x9F, 0x00, 0x00, 0xFA, 0x9F, 0xD1, 0xFF,
    0xAF, 0x35, 0x32, 0xC7, 0xFF, 0xFF, 0x09, 0x00, 0xFB, 0x8F, 0xFA, 0xCF, 0x02, 0x00, 0x00, 0x00,
    0xF6, 0xFF, 0x7F, 0x00, 0xFB, 0xDF, 0xFF, 0x1B, 0x00, 0x00, 0x00, 0x00, 0x30, 0xFE, 0xFF, 0x02,
    0xFC, 0xFF, 0xDF, 0x00, 0x00, 0x00, 0x00, 0x00, 0x00, 0xF5, 0xFF, 0x0A, 0xFC, 0xFF, 0x3F, 0x00,
    0x00, 0x00, 0x00, 0x00, 0x00, 0xA0, 0xFF, 0x1F, 0xFB, 0xFF, 0x0B, 0x00, 0x00, 0x00, 0x00, 0x00,
    0x00, 0x30, 0xFF, 0x6F, 0xFB, 0xFF, 0x06, 0x00, 0x00, 0x00, 0x00, 0x00, 0x00, 0x00, 0xFD, 0x9F,
    0xFA, 0xFF, 0x03, 0x00, 0x00, 0x00, 0x00, 0x00, 0x00, 0x00, 0xFA, 0xCF, 0xF8, 0xFF, 0x02, 0x00,
    0x00, 0x00, 0x00, 0x00, 0x00, 0x00, 0xF8, 0xDF, 0xF6, 0xFF, 0x02, 0x00, 0x00, 0x00, 0x00, 0x00,
    0x00, 0x00, 0xF8, 0xDF, 0xF3, 0xFF, 0x05, 0x00, 0x00, 0x00, 0x00, 0x00, 0x00, 0x00, 0xF9, 0xCF,
    0xE0, 0xFF, 0x07, 0x00, 0x00, 0x00, 0x00, 0x00, 0x00, 0x00, 0xFB, 0xAF, 0xB0, 0xFF, 0x0C, 0x00,
    0x00, 0x00, 0x00, 0x00, 0x00, 0x10, 0xFF, 0x7F, 0x50, 0xFF, 0x3F, 0x00, 0x00, 0x00, 0x00, 0x00,
    0x00, 0x60, 0xFF, 0x3F, 0x00, 0xFE, 0xBF, 0x00, 0x00, 0x00, 0x00, 0x00, 0x00, 0xE2, 0xFF, 0x0C,
    0x00, 0xF7, 0xFF, 0x07, 0x00, 0x00, 0x00, 0x00, 0x00, 0xFB, 0xFF, 0x05, 0x00, 0xD0, 0xFF, 0x7F,
    0x00, 0x00, 0x00, 0x00, 0xB1, 0xFF, 0xBF, 0x00, 0x00, 0x30, 0xFE, 0xFF, 0x3B, 0x00, 0x00, 0x50,
    0xFD, 0xFF, 0x2E, 0x00, 0x00, 0x00, 0xE4, 0xFF, 0xFF, 0xAD, 0xBA, 0xFE, 0xFF, 0xEF, 0x03, 0x00,
    0x00, 0x00, 0x30, 0xFC, 0xFF, 0xFF, 0xFF, 0xFF, 0xFF, 0x2B, 0x00, 0x00, 0x00, 0x00, 0x00, 0x60,
    0xFC, 0xFF, 0xFF, 0xFF, 0x5B, 0x00, 0x00, 0x00, 0x00, 0x00, 0x00, 0x00, 0x20, 0x65, 0x67, 0x14,
    0x00, 0x00, 0x00, 0x00,
    // Unicode: [0x0037, seven]
    0xF5, 0xFF, 0xFF, 0xFF, 0xFF, 0xFF, 0xFF, 0xFF, 0xFF, 0xFF, 0xFF, 0x5F, 0xF5, 0xFF, 0xFF, 0xFF,
    0xFF, 0xFF, 0xFF, 0xFF, 0xFF, 0xFF, 0xFF, 0x5F, 0xF5, 0xFF, 0xFF, 0xFF, 0xFF, 0xFF, 0xFF, 0xFF,
    0xFF, 0xFF, 0xFF, 0x5F, 0x41, 0x44, 0x44, 0x44, 0x44, 0x44, 0x44, 0x44, 0x44, 0x94, 0xFF, 0x3F,
    0x00, 0x00, 0x00, 0x00, 0x00, 0x00, 0x00, 0x00, 0x00, 0xD0, 0xFF, 0x0B, 0x00, 0x00, 0x00, 0x00,
    0x00, 0x00, 0x00, 0x00, 0x00, 0xF6, 0xFF, 0x04, 0x00, 0x00, 0x00, 0x00, 0x00, 0x00, 0x00, 0x00,
    0x00, 0xFD, 0xCF, 0x00, 0x00, 0x00, 0x00, 0x00, 0x00, 0x00, 0x00, 0x00, 0x60, 0xFF, 0x4F, 0x00,
    0x00, 0x00, 0x00, 0x00, 0x00, 0x00, 0x00, 0x00, 0xD0, 0xFF, 0x0C, 0x00, 0x00, 0x00, 0x00, 0x00,
    0x00, 0x00, 0x00, 0x00, 0xF6, 0xFF, 0x05, 0x00, 0x00, 0x00, 0x00, 0x00, 0x00, 0x00, 0x00, 0x00,
    0xFD, 0xCF, 0x00, 0x00, 0x00, 0x00, 0x00, 0x00, 0x00, 0x00, 0x00, 0x50, 0xFF, 0x5F, 0x00, 0x00,
    0x00, 0x00, 0x00, 0x00, 0x00, 0x00, 0x00, 0xC0, 0xFF, 0x0C, 0x00, 0x00, 0x00, 0x00, 0x00, 0x00,
    0x00, 0x00, 0x00, 0xF5, 0xFF, 0x05, 0x00, 0x00, 0x00, 0x00, 0x00, 0x00, 0x00, 0x00, 0x00, 0xFC,
    0xDF, 0x00, 0x00, 0x00, 0x00, 0x00, 0x00, 0x00, 0x00, 0x00, 0x50, 0xFF, 0x5F, 0x00, 0x00, 0x00,
    0x00, 0x00, 0x00, 0x00, 0x00, 0x00, 0xC0, 0xFF, 0x0D, 0x00, 0x00, 0x00, 0x00, 0x00, 0x00, 0x00,
    0x00, 0x00, 0xF4, 0xFF, 0x06, 0x00, 0x00, 0x00, 0x00, 0x00, 0x00, 0x00, 0x00, 0x00, 0xFC, 0xDF,
    0x00, 0x00, 0x00, 0x00, 0x00, 0x00, 0x00, 0x00, 0x00, 0x40, 0xFF, 0x6F, 0x00, 0x00, 0x00, 0x00,
    0x00, 0x00, 0x00, 0x00, 0x00, 0xB0, 0xFF, 0x0D, 0x00, 0x00, 0x00, 0x00, 0x00, 0x00, 0x00, 0x00,
    0x00, 0xF4, 0xFF, 0x06, 0x00, 0x00, 0x00, 0x00, 0x00, 0x00, 0x00, 0x00, 0x00, 0xFB, 0xDF, 0x00,
    0x00, 0x00, 0x00, 0x00, 0x00, 0x00, 0x00, 0x00, 0x30, 0xFF, 0x7F, 0x00, 0x00, 0x00, 0x00, 0x00,
    0x00, 0x00, 0x00, 0x00, 0xB0, 0xFF, 0x1E, 0x00, 0x00, 0x00, 0x00, 0x00, 0x00, 0x00, 0x00, 0x00,
    0xF3, 0xFF, 0x07, 0x00, 0x00, 0x00, 0x00, 0x00, 0x00, 0x00, 0x00, 0x00, 0xFA, 0xEF, 0x01, 0x00,
    0x00, 0x00, 0x00, 0x00, 0x00, 0x00, 0x00, 0x30, 0xFF, 0x7F, 0x00, 0x00, 0x00, 0x00, 0x00, 0x00,
    0x00, 0x00, 0x00, 0xA0, 0xFF, 0x1E, 0x00, 0x00, 0x00, 0x00, 0x00, 0x00, 0x00, 0x00, 0x00, 0xF2,
    0xFF, 0x07, 0x00, 0x00, 0x00, 0x00, 0x00, 0x00, 0x00, 0x00, 0x00, 0xFA, 0xEF, 0x01, 0x00, 0x00,
    0x00, 0x00, 0x00, 0x00, 0x00, 0x00, 0x20, 0xFF, 0x8F, 0x00, 0x00, 0x00, 0x00, 0x00, 0x00, 0x00,
    0x00, 0x00, 0x90, 0xFF, 0x1E, 0x00, 0x00, 0x00, 0x00, 0x00, 0x00, 0x00, 0x00, 0x00, 0xF2, 0xFF,
    0x08, 0x00, 0x00, 0x00, 0x00, 0x00, 0x00, 0x00, 0x00, 0x00, 0xF9, 0xEF, 0x01, 0x00, 0x00, 0x00,
    0x00, 0x00, 0x00, 0x00, 0x00, 0x20, 0xFF, 0x8F, 0x00, 0x00, 0x00, 0x00, 0x00, 0x00, 0x00, 0x00,
    0x00, 0x90, 0xFF, 0x1E, 0x00, 0x00, 0x00, 0x00, 0x00, 0x00, 0x00, 0x00,
    // Unicode: [0x0038, eight]
    0x00, 0x00, 0x00, 0x00, 0x30, 0x75, 0x67, 0x14, 0x00, 0x00, 0x00, 0x00, 0x00, 0x00, 0x00, 0x00,
    0x81, 0xFE, 0xFF, 0xFF, 0xFF, 0x4B, 0x00, 0x00, 0x00, 0x00, 0x00, 0x00, 0x60, 0xFE, 0xFF, 0xFF,
    0xFF, 0xFF, 0xFF, 0x1B, 0x00, 0x00, 0x00, 0x00, 0x00, 0xF8, 0xFF, 0xFF, 0xAC, 0xA9, 0xFE, 0xFF,
    0xDF, 0x02, 0x00, 0x00, 0x00, 0x70, 0xFF, 0xEF, 0x17, 0x00, 0x00, 0x40, 0xFB, 0xFF, 0x1D, 0x00,
    0x00, 0x00, 0xF3, 0xFF, 0x3D, 0x00, 0x00, 0x00, 0x00, 0x80, 0xFF, 0xAF, 0x00, 0x00, 0x00, 0xFA,
    0xFF, 0x03, 0x00, 0x00, 0x00, 0x00, 0x00, 0xFA, 0xFF, 0x03, 0x00, 0x10, 0xFF, 0x8F, 0x00, 0x00,
    0x00, 0x00, 0x00, 0x00, 0xE1, 0xFF, 0x09, 0x00, 0x50, 0xFF, 0x3F, 0x00, 0x00, 0x00, 0x00, 0x00,
    0x00, 0xA0, 0xFF, 0x0D, 0x00, 0x70, 0xFF, 0x0E, 0x00, 0x00, 0x00, 0x00, 0x00, 0x00, 0x60, 0xFF,
    0x0F, 0x00, 0x80, 0xFF, 0x0D, 0x00, 0x00, 0x00, 0x00, 0x00, 0x00, 0x50, 0xFF, 0x0F, 0x00, 0x70,
    0xFF, 0x0E, 0x00, 0x00, 0x00, 0x00, 0x00, 0x00, 0x60, 0xFF, 0x0F, 0x00, 0x50, 0xFF, 0x1F, 0x00,
    0x00, 0x00, 0x00, 0x00, 0x00, 0x80, 0xFF, 0x0C, 0x00, 0x10, 0xFF, 0x6F, 0x00, 0x00, 0x00, 0x00,
    0x00, 0x00, 0xD0, 0xFF, 0x09, 0x00, 0x00, 0xFA, 0xDF, 0x01, 0x00, 0x00, 0x00, 0x00, 0x00, 0xF6,
    0xFF, 0x03, 0x00, 0x00, 0xF3, 0xFF, 0x0A, 0x00, 0x00, 0x00, 0x00, 0x20, 0xFE, 0xAF, 0x00, 0x00,
    0x00, 0x70, 0xFF, 0xAF, 0x01, 0x00, 0x00, 0x00, 0xE4, 0xFF, 0x1D, 0x00, 0x00, 0x00, 0x00, 0xF8,
    0xFF, 0x8E, 0x13, 0x21, 0xB5, 0xFF, 0xDF, 0x02, 0x00, 0x00, 0x00, 0x00, 0x40, 0xFC, 0xFF, 0xFF,
    0xFF, 0xFF, 0xFF, 0x19, 0x00, 0x00, 0x00, 0x00, 0x00, 0x10, 0xD5, 0xFF, 0xFF, 0xFF, 0xFF, 0x9F,
    0x02, 0x00, 0x00, 0x00, 0x00, 0x00, 0xE6, 0xFF, 0xFF, 0xFF, 0xFF, 0xFF, 0xFF, 0xAF, 0x02, 0x00,
    0x00, 0x00, 0xA0, 0xFF, 0xFF, 0x5A, 0x02, 0x10, 0x83, 0xFD, 0xFF, 0x3E, 0x00, 0x00, 0x00, 0xF9,
    0xFF, 0x3C, 0x00, 0x00, 0x00, 0x00, 0x70, 0xFF, 0xEF, 0x03, 0x00, 0x50, 0xFF, 0xBF, 0x00, 0x00,
    0x00, 0x00, 0x00, 0x00, 0xF4, 0xFF, 0x0C, 0x00, 0xD0, 0xFF, 0x1C, 0x00, 0x00, 0x00, 0x00, 0x00,
    0x00, 0x50, 0xFF, 0x6F, 0x00, 0xF4, 0xFF, 0x04, 0x00, 0x00, 0x00, 0x00, 0x00, 0x00, 0x00, 0xFB,
    0xCF, 0x00, 0xF8, 0xDF, 0x00, 0x00, 0x00, 0x00, 0x00, 0x00, 0x00, 0x00, 0xF5, 0xFF, 0x02, 0xFA,
    0xAF, 0x00, 0x00, 0x00, 0x00, 0x00, 0x00, 0x00, 0x00, 0xF2, 0xFF, 0x04, 0xFC, 0xAF, 0x00, 0x00,
    0x00, 0x00, 0x00, 0x00, 0x00, 0x00, 0xF2, 0xFF, 0x05, 0xFB, 0xBF, 0x00, 0x00, 0x00, 0x00, 0x00,
    0x00, 0x00, 0x00, 0xF3, 0xFF, 0x05, 0xF9, 0xEF, 0x00, 0x00, 0x00, 0x00, 0x00, 0x00, 0x00, 0x00,
    0xF7, 0xFF, 0x02, 0xF5, 0xFF, 0x06, 0x00, 0x00, 0x00, 0x00, 0x00, 0x00, 0x10, 0xFD, 0xDF, 0x00,
    0xD0, 0xFF, 0x3E, 0x00, 0x00, 0x00, 0x00, 0x00, 0x00, 0x90, 0xFF, 0x7F, 0x00, 0x50, 0xFF, 0xEF,
    0x04, 0x00, 0x00, 0x00, 0x00, 0x10, 0xF9, 0xFF, 0x0D, 0x00, 0x00, 0xF9, 0xFF, 0x9F, 0x03, 0x00,
    0x00, 0x10, 0xD6, 0xFF, 0xEF, 0x02, 0x00, 0x00, 0x80, 0xFF, 0xFF, 0xEF, 0xAB, 0xA9, 0xFC, 0xFF,
    0xFF, 0x3D, 0x00, 0x00, 0x00, 0x00, 0xD5, 0xFF, 0xFF, 0xFF, 0xFF, 0xFF, 0xFF, 0xAF, 0x01, 0x00,
    0x00, 0x00, 0x00, 0x00, 0xC6, 0xFF, 0xFF, 0xFF, 0xFF, 0x9E, 0x03, 0x00, 0x00, 0x00, 0x00, 0x00,
    0x00, 0x00, 0x41, 0x76, 0x77, 0x35, 0x00, 0x00, 0x00, 0x00, 0x00,
    // Unicode: [0x0039, nine]
    0x00, 0x00, 0x00, 0x00, 0x41, 0x76, 0x56, 0x02, 0x00, 0x00, 0x00, 0x00, 0x00, 0x00, 0x00, 0xB4,
    0xFF, 0xFF, 0xFF, 0xCF, 0x17, 0x00, 0x00, 0x00, 0x00, 0x00, 0xA1, 0xFF, 0xFF, 0xFF, 0xFF, 0xFF,
    0xDF, 0x03, 0x00, 0x00, 0x00, 0x20, 0xFD, 0xFF, 0xEF, 0xAB, 0xDA, 0xFF, 0xFF, 0x5F, 0x00, 0x00,
    0x00, 0xD1, 0xFF, 0xDF, 0x06, 0x00, 0x00, 0xA2, 0xFF, 0xFF, 0x03, 0x00, 0x00, 0xFA, 0xFF, 0x1C,
    0x00, 0x00, 0x00, 0x00, 0xF6, 0xFF, 0x1D, 0x00, 0x40, 0xFF, 0xCF, 0x01, 0x00, 0x00, 0x00, 0x00,
    0x50, 0xFF, 0x8F, 0x00, 0xB0, 0xFF, 0x2F, 0x00, 0x00, 0x00, 0x00, 0x00, 0x00, 0xFA, 0xEF, 0x01,
    0xF2, 0xFF, 0x08, 0x00, 0x00, 0x00, 0x00, 0x00, 0x00, 0xF2, 0xFF, 0x07, 0xF6, 0xFF, 0x02, 0x00,
    0x00, 0x00, 0x00, 0x00, 0x00, 0xA0, 0xFF, 0x0C, 0xF9, 0xDF, 0x00, 0x00, 0x00, 0x00, 0x00, 0x00,
    0x00, 0x60, 0xFF, 0x1F, 0xFB, 0xAF, 0x00, 0x00, 0x00, 0x00, 0x00, 0x00, 0x00, 0x30, 0xFF, 0x4F,
    0xFC, 0x9F, 0x00, 0x00, 0x00, 0x00, 0x00, 0x00, 0x00, 0x00, 0xFF, 0x7F, 0xFB, 0x9F, 0x00, 0x00,
    0x00, 0x00, 0x00, 0x00, 0x00, 0x00, 0xFF, 0x9F, 0xFA, 0xBF, 0x00, 0x00, 0x00, 0x00, 0x00, 0x00,
    0x00, 0x10, 0xFF, 0xBF, 0xF8, 0xEF, 0x00, 0x00, 0x00, 0x00, 0x00, 0x00, 0x00, 0x40, 0xFF, 0xCF,
    0xF5, 0xFF, 0x04, 0x00, 0x00, 0x00, 0x00, 0x00, 0x00, 0x90, 0xFF, 0xDF, 0xE1, 0xFF, 0x0B, 0x00,
    0x00, 0x00, 0x00, 0x00, 0x00, 0xF2, 0xFF, 0xDF, 0x90, 0xFF, 0x6F, 0x00, 0x00, 0x00, 0x00, 0x00,
    0x00, 0xFC, 0xFF, 0xDF, 0x20, 0xFE, 0xEF, 0x04, 0x00, 0x00, 0x00, 0x00, 0xA0, 0xFF, 0xFC, 0xCF,
    0x00, 0xF6, 0xFF, 0x6F, 0x00, 0x00, 0x00, 0x20, 0xFB, 0xCF, 0xF7, 0xCF, 0x00, 0x90, 0xFF, 0xFF,
    0x7C, 0x23, 0x52, 0xE9, 0xFF, 0x2E, 0xF7, 0xBF, 0x00, 0x00, 0xF8, 0xFF, 0xFF, 0xFF, 0xFF, 0xFF,
    0xDF, 0x02, 0xF8, 0x9F, 0x00, 0x00, 0x40, 0xFD, 0xFF, 0xFF, 0xFF, 0xFF, 0x19, 0x00, 0xF9, 0x8F,
    0x00, 0x00, 0x00, 0x40, 0xD9, 0xFE, 0xBE, 0x27, 0x00, 0x00, 0xFB, 0x6F, 0x00, 0x00, 0x00, 0x00,
    0x00, 0x00, 0x00, 0x00, 0x00, 0x00, 0xFD, 0x3F, 0x00, 0x00, 0x00, 0x00, 0x00, 0x00, 0x00, 0x00,
    0x00, 0x10, 0xFF, 0x0F, 0x00, 0x00, 0x00, 0x00, 0x00, 0x00, 0x00, 0x00, 0x00, 0x50, 0xFF, 0x0B,
    0x21, 0x22, 0x00, 0x00, 0x00, 0x00, 0x00, 0x00, 0x00, 0xA0, 0xFF, 0x07, 0xF4, 0xFF, 0x03, 0x00,
    0x00, 0x00, 0x00, 0x00, 0x00, 0xE1, 0xFF, 0x02, 0xF1, 0xFF, 0x07, 0x00, 0x00, 0x00, 0x00, 0x00,
    0x00, 0xF7, 0xCF, 0x00, 0xC0, 0xFF, 0x0D, 0x00, 0x00, 0x00, 0x00, 0x00, 0x10, 0xFE, 0x5F, 0x00,
    0x60, 0xFF, 0x8F, 0x00, 0x00, 0x00, 0x00, 0x00, 0xB0, 0xFF, 0x0D, 0x00, 0x00, 0xFC, 0xFF, 0x06,
    0x00, 0x00, 0x00, 0x00, 0xFA, 0xFF, 0x03, 0x00, 0x00, 0xF3, 0xFF, 0x9F, 0x02, 0x00, 0x00, 0xD5,
    0xFF, 0x8F, 0x00, 0x00, 0x00, 0x50, 0xFF, 0xFF, 0xDF, 0xAB, 0xEB, 0xFF, 0xFF, 0x09, 0x00, 0x00,
    0x00, 0x00, 0xD4, 0xFF, 0xFF, 0xFF, 0xFF, 0xFF, 0x7F, 0x00, 0x00, 0x00, 0x00, 0x00, 0x10, 0xD7,
    0xFF, 0xFF, 0xFF, 0xAF, 0x03, 0x00, 0x00, 0x00, 0x00, 0x00, 0x00, 0x00, 0x52, 0x77, 0x46, 0x01,
    0x00, 0x00, 0x00, 0x00,
    // Unicode: [0x003A, colon]
    0x60, 0xED, 0x08, 0xF4, 0xFF, 0x6F, 0xF8, 0xFF, 0xAF, 0xF6, 0xFF, 0x8F, 0xB0, 0xFF, 0x1C, 0x00,
    0x44, 0x00, 0x00, 0x00, 0x00, 0x00, 0x00, 0x00, 0x00, 0x00, 0x00, 0x00, 0x00, 0x00, 0x00, 0x00,
    0x00, 0x00, 0x00, 0x00, 0x00, 0x00, 0x00, 0x00, 0x00, 0x00, 0x00, 0x00, 0x00, 0x00, 0x00, 0x00,
    0x00, 0x00, 0x00, 0x00, 0x00, 0x00, 0x00, 0x00, 0x00, 0x00, 0x00, 0x00, 0x00, 0x00, 0x00, 0x40,
    0xBB, 0x05, 0xF3, 0xFF, 0x4F, 0xF8, 0xFF, 0x9F, 0xF7, 0xFF, 0x8F, 0xD1, 0xFF, 0x2E, 0x10, 0x66,
    0x01,
    // Unicode: [0x003F, question]
    0x00, 0x00, 0x00, 0x20, 0x75, 0x77, 0x15, 0x00, 0x00, 0x00, 0x00, 0x00, 0x00, 0x60, 0xFC, 0xFF,
    0xFF, 0xFF, 0x4B, 0x00, 0x00, 0x00, 0x00, 0x20, 0xFC, 0xFF, 0xFF, 0xFF, 0xFF, 0xFF, 0x19, 0x00,
    0x00, 0x00, 0xE3, 0xFF, 0xFF, 0x9C, 0x98, 0xFC, 0xFF, 0xCF, 0x01, 0x00, 0x10, 0xFE, 0xFF, 0x2A,
    0x00, 0x00, 0x30, 0xFC, 0xFF, 0x09, 0x00, 0x90, 0xFF, 0x8F, 0x00, 0x00, 0x00, 0x00, 0xA0, 0xFF,
    0x5F, 0x00, 0xF2, 0xFF, 0x0B, 0x00, 0x00, 0x00, 0x00, 0x10, 0xFD, 0xBF, 0x00, 0xF7, 0xFF, 0x03,
    0x00, 0x00, 0x00, 0x00, 0x00, 0xF6, 0xFF, 0x01, 0xFA, 0xDF, 0x00, 0x00, 0x00, 0x00, 0x00, 0x00,
    0xF2, 0xFF, 0x04, 0xFC, 0xAF, 0x00, 0x00, 0x00, 0x00, 0x00, 0x00, 0xF0, 0xFF, 0x06, 0x54, 0x35,
    0x00, 0x00, 0x00, 0x00, 0x00, 0x00, 0xF0, 0xFF, 0x06, 0x00, 0x00, 0x00, 0x00, 0x00, 0x00, 0x00,
    0x00, 0xF2, 0xFF, 0x04, 0x00, 0x00, 0x00, 0x00, 0x00, 0x00, 0x00, 0x00, 0xF7, 0xFF, 0x02, 0x00,
    0x00, 0x00, 0x00, 0x00, 0x00, 0x00, 0x10, 0xFE, 0xCF, 0x00, 0x00, 0x00, 0x00, 0x00, 0x00, 0x00,
    0x00, 0xB0, 0xFF, 0x5F, 0x00, 0x00, 0x00, 0x00, 0x00, 0x00, 0x00, 0x10, 0xFB, 0xFF, 0x0B, 0x00,
    0x00, 0x00, 0x00, 0x00, 0x00, 0x00, 0xD3, 0xFF, 0xCF, 0x01, 0x00, 0x00, 0x00, 0x00, 0x00, 0x00,
    0x80, 0xFF, 0xFF, 0x1C, 0x00, 0x00, 0x00, 0x00, 0x00, 0x00, 0x00, 0xFA, 0xFF, 0x8F, 0x00, 0x00,
    0x00, 0x00, 0x00, 0x00, 0x00, 0x90, 0xFF, 0xEF, 0x04, 0x00, 0x00, 0x00, 0x00, 0x00, 0x00, 0x00,
    0xF4, 0xFF, 0x2D, 0x00, 0x00, 0x00, 0x00, 0x00, 0x00, 0x00, 0x00, 0xFA, 0xFF, 0x02, 0x00, 0x00,
    0x00, 0x00, 0x00, 0x00, 0x00, 0x00, 0xFF, 0x9F, 0x00, 0x00, 0x00, 0x00, 0x00, 0x00, 0x00, 0x00,
    0x20, 0xFF, 0x4F, 0x00, 0x00, 0x00, 0x00, 0x00, 0x00, 0x00, 0x00, 0x40, 0xFF, 0x2F, 0x00, 0x00,
    0x00, 0x00, 0x00, 0x00, 0x00, 0x00, 0x40, 0xFF, 0x1F, 0x00, 0x00, 0x00, 0x00, 0x00, 0x00, 0x00,
    0x00, 0x50, 0xFF, 0x0F, 0x00, 0x00, 0x00, 0x00, 0x00, 0x00, 0x00, 0x00, 0x00, 0x11, 0x01, 0x00,
    0x00, 0x00, 0x00, 0x00, 0x00, 0x00, 0x00, 0x00, 0x00, 0x00, 0x00, 0x00, 0x00, 0x00, 0x00, 0x00,
    0x00, 0x00, 0x00, 0x00, 0x00, 0x00, 0x00, 0x00, 0x00, 0x00, 0x00, 0x00, 0x00, 0x00, 0x00, 0x00,
    0x00, 0x00, 0x00, 0x00, 0x00, 0x00, 0x00, 0x00, 0x00, 0x00, 0x00, 0x00, 0x00, 0x00, 0x00, 0x00,
    0x00, 0x00, 0x00, 0x00, 0x00, 0x00, 0x00, 0x00, 0x00, 0x00, 0x00, 0x00, 0x00, 0x00, 0x10, 0xB9,
    0x08, 0x00, 0x00, 0x00, 0x00, 0x00, 0x00, 0x00, 0x00, 0xC0, 0xFF, 0x9F, 0x00, 0x00, 0x00, 0x00,
    0x00, 0x00, 0x00, 0x00, 0xF2, 0xFF, 0xEF, 0x00, 0x00, 0x00, 0x00, 0x00, 0x00, 0x00, 0x00, 0xF2,
    0xFF, 0xDF, 0x00, 0x00, 0x00, 0x00, 0x00, 0x00, 0x00, 0x00, 0x90, 0xFF, 0x5F, 0x00, 0x00, 0x00,
    0x00, 0x00, 0x00, 0x00, 0x00, 0x00, 0x74, 0x03, 0x00, 0x00, 0x00, 0x00, 0x00,
    // Unicode: [0x0041, A]
    0x00, 0x00, 0x00, 0x00, 0x00, 0x00, 0x70, 0xFF, 0xEF, 0x01, 0x00, 0x00, 0x00, 0x00, 0x00, 0x00,
    0x00, 0x00, 0x00, 0x00, 0x00, 0x00, 0xC0, 0xFF, 0xFF, 0x06, 0x00, 0x00, 0x00, 0x00, 0x00, 0x00,
    0x00, 0x00, 0x00, 0x00, 0x00, 0x00, 0xF3, 0xFF, 0xFF, 0x0B, 0x00, 0x00, 0x00, 0x00, 0x00, 0x00,
    0x00, 0x00, 0x00, 0x00, 0x00, 0x00, 0xF8, 0x9F, 0xFF, 0x2F, 0x00, 0x00, 0x00, 0x00, 0x00, 0x00,
    0x00, 0x00, 0x00, 0x00, 0x00, 0x00, 0xFD, 0x4F, 0xFB, 0x7F, 0x00, 0x00, 0x00, 0x00, 0x00, 0x00,
    0x00, 0x00, 0x00, 0x00, 0x00, 0x40, 0xFF, 0x0E, 0xF7, 0xCF, 0x00, 0x00, 0x00, 0x00, 0x00, 0x00,
    0x00, 0x00, 0x00, 0x00, 0x00, 0x90, 0xFF, 0x0A, 0xF2, 0xFF, 0x03, 0x00, 0x00, 0x00, 0x00, 0x00,
    0x00, 0x00, 0x00, 0x00, 0x00, 0xE1, 0xFF, 0x05, 0xC0, 0xFF, 0x08, 0x00, 0x00, 0x00, 0x00, 0x00,
    0x00, 0x00, 0x00, 0x00, 0x00, 0xF5, 0xEF, 0x01, 0x70, 0xFF, 0x0E, 0x00, 0x00, 0x00, 0x00, 0x00,
    0x00, 0x00, 0x00, 0x00, 0x00, 0xFB, 0xAF, 0x00, 0x20, 0xFF, 0x4F, 0x00, 0x00, 0x00, 0x00, 0x00,
    0x00, 0x00, 0x00, 0x00, 0x10, 0xFF, 0x5F, 0x00, 0x00, 0xFD, 0xAF, 0x00, 0x00, 0x00, 0x00, 0x00,
    0x00, 0x00, 0x00, 0x00, 0x60, 0xFF, 0x1F, 0x00, 0x00, 0xF7, 0xEF, 0x01, 0x00, 0x00, 0x00, 0x00,
    0x00, 0x00, 0x00, 0x00, 0xC0, 0xFF, 0x0A, 0x00, 0x00, 0xF2, 0xFF, 0x06, 0x00, 0x00, 0x00, 0x00,
    0x00, 0x00, 0x00, 0x00, 0xF2, 0xFF, 0x05, 0x00, 0x00, 0xC0, 0xFF, 0x0B, 0x00, 0x00, 0x00, 0x00,
    0x00, 0x00, 0x00, 0x00, 0xF8, 0xEF, 0x01, 0x00, 0x00, 0x60, 0xFF, 0x2F, 0x00, 0x00, 0x00, 0x00,
    0x00, 0x00, 0x00, 0x00, 0xFD, 0x9F, 0x00, 0x00, 0x00, 0x10, 0xFF, 0x7F, 0x00, 0x00, 0x00, 0x00,
    0x00, 0x00, 0x00, 0x30, 0xFF, 0x4F, 0x00, 0x00, 0x00, 0x00, 0xFB, 0xCF, 0x00, 0x00, 0x00, 0x00,
    0x00, 0x00, 0x00, 0x90, 0xFF, 0x0E, 0x00, 0x00, 0x00, 0x00, 0xF5, 0xFF, 0x03, 0x00, 0x00, 0x00,
    0x00, 0x00, 0x00, 0xE0, 0xFF, 0x09, 0x00, 0x00, 0x00, 0x00, 0xE1, 0xFF, 0x08, 0x00, 0x00, 0x00,
    0x00, 0x00, 0x00, 0xF5, 0xFF, 0x03, 0x00, 0x00, 0x00, 0x00, 0xA0, 0xFF, 0x0E, 0x00, 0x00, 0x00,
    0x00, 0x00, 0x00, 0xFA, 0xDF, 0x00, 0x00, 0x00, 0x00, 0x00, 0x40, 0xFF, 0x4F, 0x00, 0x00, 0x00,
    0x00, 0x00, 0x10, 0xFF, 0x8F, 0x00, 0x00, 0x00, 0x00, 0x00, 0x00, 0xFE, 0xAF, 0x00, 0x00, 0x00,
    0x00, 0x00, 0x60, 0xFF, 0x4F, 0x22, 0x22, 0x22, 0x22, 0x22, 0x22, 0xFA, 0xEF, 0x01, 0x00, 0x00,
    0x00, 0x00, 0xB0, 0xFF, 0xFF, 0xFF, 0xFF, 0xFF, 0xFF, 0xFF, 0xFF, 0xFF, 0xFF, 0x06, 0x00, 0x00,
    0x00, 0x00, 0xF2, 0xFF, 0xFF, 0xFF, 0xFF, 0xFF, 0xFF, 0xFF, 0xFF, 0xFF, 0xFF, 0x0B, 0x00, 0x00,
    0x00, 0x00, 0xF7, 0xFF, 0xFF, 0xFF, 0xFF, 0xFF, 0xFF, 0xFF, 0xFF, 0xFF, 0xFF, 0x2F, 0x00, 0x00,
    0x00, 0x00, 0xFC, 0xBF, 0x00, 0x00, 0x00, 0x00, 0x00, 0x00, 0x00, 0x20, 0xFF, 0x7F, 0x00, 0x00,
    0x00, 0x30, 0xFF, 0x6F, 0x00, 0x00, 0x00, 0x00, 0x00, 0x00, 0x00, 0x00, 0xFC, 0xCF, 0x00, 0x00,
    0x00, 0x80, 0xFF, 0x1F, 0x00, 0x00, 0x00, 0x00, 0x00, 0x00, 0x00, 0x00, 0xF6, 0xFF, 0x03, 0x00,
    0x00, 0xD0, 0xFF, 0x0B, 0x00, 0x00, 0x00, 0x00, 0x00, 0x00, 0x00, 0x00, 0xF1, 0xFF, 0x08, 0x00,
    0x00, 0xF4, 0xFF, 0x05, 0x00, 0x00, 0x00, 0x00, 0x00, 0x00, 0x00, 0x00, 0xB0, 0xFF, 0x0E, 0x00,
    0x00, 0xF9, 0xEF, 0x01, 0x00, 0x00, 0x00, 0x00, 0x00, 0x00, 0x00, 0x00, 0x50, 0xFF, 0x4F, 0x00,
    0x10, 0xFE, 0xAF, 0x00, 0x00, 0x00, 0x00, 0x00, 0x00, 0x00, 0x00, 0x00, 0x10, 0xFE, 0xAF, 0x00,
    0x50, 0xFF, 0x5F, 0x00, 0x00, 0x00, 0x00, 0x00, 0x00, 0x00, 0x00, 0x00, 0x00, 0xFA, 0xEF, 0x01,
    0xB0, 0xFF, 0x0E, 0x00, 0x00, 0x00, 0x00, 0x00, 0x00, 0x00, 0x00, 0x00, 0x00, 0xF4, 0xFF, 0x06,
    0xF1, 0xFF, 0x09, 0x00, 0x00, 0x00, 0x00, 0x00, 0x00, 0x00, 0x00, 0x00, 0x00, 0xE0, 0xFF, 0x0B,
    0xF6, 0xFF, 0x04, 0x00, 0x00, 0x00, 0x00, 0x00, 0x00, 0x00, 0x00, 0x00, 0x00, 0x90, 0xFF, 0x2F,
    // Unicode: [0x0042, B]
    0xF3, 0xFF, 0xFF, 0xFF, 0xFF, 0xFF, 0xFF, 0xCE, 0x69, 0x01, 0x00, 0x00, 0x00, 0xF3, 0xFF, 0xFF,
    0xFF, 0xFF, 0xFF, 0xFF, 0xFF, 0xFF, 0x7E, 0x00, 0x00, 0x00, 0xF3, 0xFF, 0xFF, 0xFF, 0xFF, 0xFF,
    0xFF, 0xFF, 0xFF, 0xFF, 0x1B, 0x00, 0x00, 0xF3, 0xFF, 0x26, 0x22, 0x22, 0x22, 0x32, 0x64, 0xFA,
    0xFF, 0xBF, 0x00, 0x00, 0xF3, 0xFF, 0x04, 0x00, 0x00, 0x00, 0x00, 0x00, 0x30, 0xFD, 0xFF, 0x07,
    0x00, 0xF3, 0xFF, 0x04, 0x00, 0x00, 0x00, 0x00, 0x00, 0x00, 0xD1, 0xFF, 0x1E, 0x00, 0xF3, 0xFF,
    0x04, 0x00, 0x00, 0x00, 0x00, 0x00, 0x00, 0x40, 0xFF, 0x5F, 0x00, 0xF3, 0xFF, 0x04, 0x00, 0x00,
    0x00, 0x00, 0x00, 0x00, 0x00, 0xFD, 0x9F, 0x00, 0xF3, 0xFF, 0x04, 0x00, 0x00, 0x00, 0x00, 0x00,
    0x00, 0x00, 0xF9, 0xBF, 0x00, 0xF3, 0xFF, 0x04, 0x00, 0x00, 0x00, 0x00, 0x00, 0x00, 0x00, 0xF8,
    0xDF, 0x00, 0xF3, 0xFF, 0x04, 0x00, 0x00, 0x00, 0x00, 0x00, 0x00, 0x00, 0xF8, 0xCF, 0x00, 0xF3,
    0xFF, 0x04, 0x00, 0x00, 0x00, 0x00, 0x00, 0x00, 0x00, 0xFA, 0xBF, 0x00, 0xF3, 0xFF, 0x04, 0x00,
    0x00, 0x00, 0x00, 0x00, 0x00, 0x00, 0xFE, 0x8F, 0x00, 0xF3, 0xFF, 0x04, 0x00, 0x00, 0x00, 0x00,
    0x00, 0x00, 0x60, 0xFF, 0x3F, 0x00, 0xF3, 0xFF, 0x04, 0x00, 0x00, 0x00, 0x00, 0x00, 0x00, 0xE2,
    0xFF, 0x0B, 0x00, 0xF3, 0xFF, 0x04, 0x00, 0x00, 0x00, 0x00, 0x00, 0x30, 0xFD, 0xEF, 0x02, 0x00,
    0xF3, 0xFF, 0x04, 0x00, 0x00, 0x00, 0x00, 0x42, 0xF9, 0xFF, 0x2D, 0x00, 0x00, 0xF3, 0xFF, 0xFF,
    0xFF, 0xFF, 0xFF, 0xFF, 0xFF, 0xFF, 0x7D, 0x01, 0x00, 0x00, 0xF3, 0xFF, 0xFF, 0xFF, 0xFF, 0xFF,
    0xFF, 0xFF, 0xFF, 0x69, 0x01, 0x00, 0x00, 0xF3, 0xFF, 0xFF, 0xFF, 0xFF, 0xFF, 0xFF, 0xFF, 0xFF,
    0xFF, 0x6E, 0x00, 0x00, 0xF3, 0xFF, 0x04, 0x00, 0x00, 0x00, 0x00, 0x31, 0xB5, 0xFF, 0xFF, 0x08,
    0x00, 0xF3, 0xFF, 0x04, 0x00, 0x00, 0x00, 0x00, 0x00, 0x00, 0xD4, 0xFF, 0x6F, 0x00, 0xF3, 0xFF,
    0x04, 0x00, 0x00, 0x00, 0x00, 0x00, 0x00, 0x10, 0xFD, 0xEF, 0x02, 0xF3, 0xFF, 0x04, 0x00, 0x00,
    0x00, 0x00, 0x00, 0x00, 0x00, 0xF3, 0xFF, 0x09, 0xF3, 0xFF, 0x04, 0x00, 0x00, 0x00, 0x00, 0x00,
    0x00, 0x00, 0xA0, 0xFF, 0x0E, 0xF3, 0xFF, 0x04, 0x00, 0x00, 0x00, 0x00, 0x00, 0x00, 0x00, 0x50,
    0xFF, 0x2F, 0xF3, 0xFF, 0x04, 0x00, 0x00, 0x00, 0x00, 0x00, 0x00, 0x00, 0x20, 0xFF, 0x4F, 0xF3,
    0xFF, 0x04, 0x00, 0x00, 0x00, 0x00, 0x00, 0x00, 0x00, 0x10, 0xFF, 0x4F, 0xF3, 0xFF, 0x04, 0x00,
    0x00, 0x00, 0x00, 0x00, 0x00, 0x00, 0x20, 0xFF, 0x3F, 0xF3, 0xFF, 0x04, 0x00, 0x00, 0x00, 0x00,
    0x00, 0x00, 0x00, 0x60, 0xFF, 0x1F, 0xF3, 0xFF, 0x04, 0x00, 0x00, 0x00, 0x00, 0x00, 0x00, 0x00,
    0xD0, 0xFF, 0x0C, 0xF3, 0xFF, 0x04, 0x00, 0x00, 0x00, 0x00, 0x00, 0x00, 0x00, 0xF9, 0xFF, 0x07,
    0xF3, 0xFF, 0x04, 0x00, 0x00, 0x00, 0x00, 0x00, 0x00, 0xA1, 0xFF, 0xDF, 0x00, 0xF3, 0xFF, 0x26,
    0x22, 0x22, 0x22, 0x22, 0x43, 0xA6, 0xFF, 0xFF, 0x3E, 0x00, 0xF3, 0xFF, 0xFF, 0xFF, 0xFF, 0xFF,
    0xFF, 0xFF, 0xFF, 0xFF, 0xEF, 0x04, 0x00, 0xF3, 0xFF, 0xFF, 0xFF, 0xFF, 0xFF, 0xFF, 0xFF, 0xFF,
    0xFF, 0x2A, 0x00, 0x00, 0xF3, 0xFF, 0xFF, 0xFF, 0xFF, 0xFF, 0xFF, 0xEF, 0xAC, 0x26, 0x00, 0x00,
    0x00,
    // Unicode: [0x0043, C]
    0x00, 0x00, 0x00, 0x00, 0x00, 0x00, 0x41, 0x76, 0x67, 0x24, 0x00, 0x00, 0x00, 0x00, 0x00, 0x00,
    0x00, 0x00, 0x00, 0x00, 0x20, 0xD7, 0xFF, 0xFF, 0xFF, 0xFF, 0x8D, 0x01, 0x00, 0x00, 0x00, 0x00,
    0x00, 0x00, 0x00, 0x10, 0xF8, 0xFF, 0xFF, 0xFF, 0xFF, 0xFF, 0xFF, 0x8F, 0x01, 0x00, 0x00, 0x00,
    0x00, 0x00, 0x00, 0xD3, 0xFF, 0xFF, 0xFF, 0xCE, 0xEC, 0xFF, 0xFF, 0xFF, 0x3D, 0x00, 0x00, 0x00,
    0x00, 0x00, 0x40, 0xFE, 0xFF, 0xAF, 0x15, 0x00, 0x00, 0x51, 0xFA, 0xFF, 0xEF, 0x03, 0x00, 0x00,
    0x00, 0x00, 0xE4, 0xFF, 0xCF, 0x03, 0x00, 0x00, 0x00, 0x00, 0x30, 0xFC, 0xFF, 0x2E, 0x00, 0x00,
    0x00, 0x10, 0xFE, 0xFF, 0x08, 0x00, 0x00, 0x00, 0x00, 0x00, 0x00, 0x90, 0xFF, 0xDF, 0x01, 0x00,
    0x00, 0xA0, 0xFF, 0x8F, 0x00, 0x00, 0x00, 0x00, 0x00, 0x00, 0x00, 0x00, 0xFA, 0xFF, 0x08, 0x00,
    0x00, 0xF4, 0xFF, 0x0B, 0x00, 0x00, 0x00, 0x00, 0x00, 0x00, 0x00, 0x00, 0xC0, 0xFF, 0x1F, 0x00,
    0x00, 0xFC, 0xEF, 0x01, 0x00, 0x00, 0x00, 0x00, 0x00, 0x00, 0x00, 0x00, 0x40, 0xFF, 0x8F, 0x00,
    0x30, 0xFF, 0x7F, 0x00, 0x00, 0x00, 0x00, 0x00, 0x00, 0x00, 0x00, 0x00, 0x00, 0xFB, 0xDF, 0x00,
    0x90, 0xFF, 0x1E, 0x00, 0x00, 0x00, 0x00, 0x00, 0x00, 0x00, 0x00, 0x00, 0x00, 0xF6, 0xFF, 0x02,
    0xD0, 0xFF, 0x09, 0x00, 0x00, 0x00, 0x00, 0x00, 0x00, 0x00, 0x00, 0x00, 0x00, 0x91, 0x99, 0x03,
    0xF2, 0xFF, 0x05, 0x00, 0x00, 0x00, 0x00, 0x00, 0x00, 0x00, 0x00, 0x00, 0x00, 0x00, 0x00, 0x00,
    0xF5, 0xFF, 0x01, 0x00, 0x00, 0x00, 0x00, 0x00, 0x00, 0x00, 0x00, 0x00, 0x00, 0x00, 0x00, 0x00,
    0xF7, 0xDF, 0x00, 0x00, 0x00, 0x00, 0x00, 0x00, 0x00, 0x00, 0x00, 0x00, 0x00, 0x00, 0x00, 0x00,
    0xFA, 0xBF, 0x00, 0x00, 0x00, 0x00, 0x00, 0x00, 0x00, 0x00, 0x00, 0x00, 0x00, 0x00, 0x00, 0x00,
    0xFB, 0xAF, 0x00, 0x00, 0x00, 0x00, 0x00, 0x00, 0x00, 0x00, 0x00, 0x00, 0x00, 0x00, 0x00, 0x00,
    0xFB, 0x9F, 0x00, 0x00, 0x00, 0x00, 0x00, 0x00, 0x00, 0x00, 0x00, 0x00, 0x00, 0x00, 0x00, 0x00,
    0xFC, 0x9F, 0x00, 0x00, 0x00, 0x00, 0x00, 0x00, 0x00, 0x00, 0x00, 0x00, 0x00, 0x00, 0x00, 0x00,
    0xFB, 0x9F, 0x00, 0x00, 0x00, 0x00, 0x00, 0x00, 0x00, 0x00, 0x00, 0x00, 0x00, 0x00, 0x00, 0x00,
    0xFB, 0xAF, 0x00, 0x00, 0x00, 0x00, 0x00, 0x00, 0x00, 0x00, 0x00, 0x00, 0x00, 0x00, 0x00, 0x00,
    0xFA, 0xBF, 0x00, 0x00, 0x00, 0x00, 0x00, 0x00, 0x00, 0x00, 0x00, 0x00, 0x00, 0x00, 0x00, 0x00,
    0xF8, 0xDF, 0x00, 0x00, 0x00, 0x00, 0x00, 0x00, 0x00, 0x00, 0x00, 0x00, 0x00, 0x00, 0x00, 0x00,
    0xF5, 0xFF, 0x01, 0x00, 0x00, 0x00, 0x00, 0x00, 0x00, 0x00, 0x00, 0x00, 0x00, 0x00, 0x00, 0x00,
    0xF2, 0xFF, 0x05, 0x00, 0x00, 0x00, 0x00, 0x00, 0x00, 0x00, 0x00, 0x00, 0x00, 0x00, 0x00, 0x00,
    0xD0, 0xFF, 0x09, 0x00, 0x00, 0x00, 0x00, 0x00, 0x00, 0x00, 0x00, 0x00, 0x00, 0x91, 0x99, 0x03,
    0x90, 0xFF, 0x1E, 0x00, 0x00, 0x00, 0x00, 0x00, 0x00, 0x00, 0x00, 0x00, 0x00, 0xF6, 0xFF, 0x02,
    0x30, 0xFF, 0x7F, 0x00, 0x00, 0x00, 0x00, 0x00, 0x00, 0x00, 0x00, 0x00, 0x00, 0xFB, 0xDF, 0x00,
    0x00, 0xFC, 0xEF, 0x01, 0x00, 0x00, 0x00, 0x00, 0x00, 0x00, 0x00, 0x00, 0x40, 0xFF, 0x8F, 0x00,
    0x00, 0xF4, 0xFF, 0x0A, 0x00, 0x00, 0x00, 0x00, 0x00, 0x00, 0x00, 0x00, 0xD0, 0xFF, 0x1F, 0x00,
    0x00, 0xB0, 0xFF, 0x8F, 0x00, 0x00, 0x00, 0x00, 0x00, 0x00, 0x00, 0x00, 0xFA, 0xFF, 0x08, 0x00,
    0x00, 0x10, 0xFE, 0xFF, 0x08, 0x00, 0x00, 0x00, 0x00, 0x00, 0x00, 0x90, 0xFF, 0xDF, 0x00, 0x00,
    0x00, 0x00, 0xE4, 0xFF, 0xBF, 0x03, 0x00, 0x00, 0x00, 0x00, 0x30, 0xFD, 0xFF, 0x2E, 0x00, 0x00,
    0x00, 0x00, 0x40, 0xFF, 0xFF, 0xAF, 0x15, 0x00, 0x00, 0x51, 0xFA, 0xFF, 0xEF, 0x03, 0x00, 0x00,
    0x00, 0x00, 0x00, 0xD3, 0xFF, 0xFF, 0xFF, 0xCD, 0xDC, 0xFF, 0xFF, 0xFF, 0x2D, 0x00, 0x00, 0x00,
    0x00, 0x00, 0x00, 0x10, 0xF8, 0xFF, 0xFF, 0xFF, 0xFF, 0xFF, 0xFF, 0x8F, 0x01, 0x00, 0x00, 0x00,
    0x00, 0x00, 0x00, 0x00, 0x20, 0xD8, 0xFF, 0xFF, 0xFF, 0xFF, 0x8D, 0x01, 0x00, 0x00, 0x00, 0x00,
    0x00, 0x00, 0x00, 0x00, 0x00, 0x00, 0x51, 0x76, 0x67, 0x24, 0x00, 0x00, 0x00, 0x00, 0x00, 0x00,
    // Unicode: [0x0044, D]
    0xF3, 0xFF, 0xFF, 0xFF, 0xFF, 0xFF, 0xEF, 0xBD, 0x48, 0x00, 0x00, 0x00, 0x00, 0x00, 0x00, 0xF3,
    0xFF, 0xFF, 0xFF, 0xFF, 0xFF, 0xFF, 0xFF, 0xFF, 0x9E, 0x02, 0x00, 0x00, 0x00, 0x00, 0xF3, 0xFF,
    0xFF, 0xFF, 0xFF, 0xFF, 0xFF, 0xFF, 0xFF, 0xFF, 0x7F, 0x00, 0x00, 0x00, 0x00, 0xF3, 0xFF, 0x26,
    0x22, 0x22, 0x22, 0x32, 0x75, 0xFB, 0xFF, 0xFF, 0x1C, 0x00, 0x00, 0x00, 0xF3, 0xFF, 0x04, 0x00,
    0x00, 0x00, 0x00, 0x00, 0x10, 0xE8, 0xFF, 0xDF, 0x02, 0x00, 0x00, 0xF3, 0xFF, 0x04, 0x00, 0x00,
    0x00, 0x00, 0x00, 0x00, 0x20, 0xFC, 0xFF, 0x0C, 0x00, 0x00, 0xF3, 0xFF, 0x04, 0x00, 0x00, 0x00,
    0x00, 0x00, 0x00, 0x00, 0xA0, 0xFF, 0x9F, 0x00, 0x00, 0xF3, 0xFF, 0x04, 0x00, 0x00, 0x00, 0x00,
    0x00, 0x00, 0x00, 0x00, 0xFC, 0xFF, 0x03, 0x00, 0xF3, 0xFF, 0x04, 0x00, 0x00, 0x00, 0x00, 0x00,
    0x00, 0x00, 0x00, 0xF3, 0xFF, 0x0B, 0x00, 0xF3, 0xFF, 0x04, 0x00, 0x00, 0x00, 0x00, 0x00, 0x00,
    0x00, 0x00, 0x80, 0xFF, 0x2F, 0x00, 0xF3, 0xFF, 0x04, 0x00, 0x00, 0x00, 0x00, 0x00, 0x00, 0x00,
    0x00, 0x20, 0xFF, 0x8F, 0x00, 0xF3, 0xFF, 0x04, 0x00, 0x00, 0x00, 0x00, 0x00, 0x00, 0x00, 0x00,
    0x00, 0xFA, 0xDF, 0x00, 0xF3, 0xFF, 0x04, 0x00, 0x00, 0x00, 0x00, 0x00, 0x00, 0x00, 0x00, 0x00,
    0xF6, 0xFF, 0x02, 0xF3, 0xFF, 0x04, 0x00, 0x00, 0x00, 0x00, 0x00, 0x00, 0x00, 0x00, 0x00, 0xF2,
    0xFF, 0x05, 0xF3, 0xFF, 0x04, 0x00, 0x00, 0x00, 0x00, 0x00, 0x00, 0x00, 0x00, 0x00, 0xE0, 0xFF,
    0x07, 0xF3, 0xFF, 0x04, 0x00, 0x00, 0x00, 0x00, 0x00, 0x00, 0x00, 0x00, 0x00, 0xC0, 0xFF, 0x09,
    0xF3, 0xFF, 0x04, 0x00, 0x00, 0x00, 0x00, 0x00, 0x00, 0x00, 0x00, 0x00, 0xB0, 0xFF, 0x0A, 0xF3,
    0xFF, 0x04, 0x00, 0x00, 0x00, 0x00, 0x00, 0x00, 0x00, 0x00, 0x00, 0xA0, 0xFF, 0x0B, 0xF3, 0xFF,
    0x04, 0x00, 0x00, 0x00, 0x00, 0x00, 0x00, 0x00, 0x00, 0x00, 0x90, 0xFF, 0x0B, 0xF3, 0xFF, 0x04,
    0x00, 0x00, 0x00, 0x00, 0x00, 0x00, 0x00, 0x00, 0x00, 0xA0, 0xFF, 0x0B, 0xF3, 0xFF, 0x04, 0x00,
    0x00, 0x00, 0x00, 0x00, 0x00, 0x00, 0x00, 0x00, 0xB0, 0xFF, 0x0A, 0xF3, 0xFF, 0x04, 0x00, 0x00,
    0x00, 0x00, 0x00, 0x00, 0x00, 0x00, 0x00, 0xC0, 0xFF, 0x09, 0xF3, 0xFF, 0x04, 0x00, 0x00, 0x00,
    0x00, 0x00, 0x00, 0x00, 0x00, 0x00, 0xE0, 0xFF, 0x07, 0xF3, 0xFF, 0x04, 0x00, 0x00, 0x00, 0x00,
    0x00, 0x00, 0x00, 0x00, 0x00, 0xF3, 0xFF, 0x05, 0xF3, 0xFF, 0x04, 0x00, 0x00, 0x00, 0x00, 0x00,
    0x00, 0x00, 0x00, 0x00, 0xF6, 0xFF, 0x02, 0xF3, 0xFF, 0x04, 0x00, 0x00, 0x00, 0x00, 0x00, 0x00,
    0x00, 0x00, 0x00, 0xFB, 0xCF, 0x00, 0xF3, 0xFF, 0x04, 0x00, 0x00, 0x00, 0x00, 0x00, 0x00, 0x00,
    0x00, 0x30, 0xFF, 0x8F, 0x00, 0xF3, 0xFF, 0x04, 0x00, 0x00, 0x00, 0x00, 0x00, 0x00, 0x00, 0x00,
    0x90, 0xFF, 0x2F, 0x00, 0xF3, 0xFF, 0x04, 0x00, 0x00, 0x00, 0x00, 0x00, 0x00, 0x00, 0x00, 0xF4,
    0xFF, 0x0A, 0x00, 0xF3, 0xFF, 0x04, 0x00, 0x00, 0x00, 0x00, 0x00, 0x00, 0x00, 0x10, 0xFE, 0xFF,
    0x02, 0x00, 0xF3, 0xFF, 0x04, 0x00, 0x00, 0x00, 0x00, 0x00, 0x00, 0x00, 0xC1, 0xFF, 0x7F, 0x00,
    0x00, 0xF3, 0xFF, 0x04, 0x00, 0x00, 0x00, 0x00, 0x00, 0x00, 0x30, 0xFD, 0xFF, 0x0B, 0x00, 0x00,
    0xF3, 0xFF, 0x04, 0x00, 0x00, 0x00, 0x00, 0x00, 0x30, 0xFA, 0xFF, 0xCF, 0x01, 0x00, 0x00, 0xF3,
    0xFF, 0x26, 0x22, 0x22, 0x22, 0x43, 0x96, 0xFD, 0xFF, 0xFF, 0x1A, 0x00, 0x00, 0x00, 0xF3, 0xFF,
    0xFF, 0xFF, 0xFF, 0xFF, 0xFF, 0xFF, 0xFF, 0xFF, 0x6E, 0x00, 0x00, 0x00, 0x00, 0xF3, 0xFF, 0xFF,
    0xFF, 0xFF, 0xFF, 0xFF, 0xFF, 0xFF, 0x7D, 0x01, 0x00, 0x00, 0x00, 0x00, 0xF3, 0xFF, 0xFF, 0xFF,
    0xFF, 0xFF, 0xEF, 0xAC, 0x37, 0x00, 0x00, 0x00, 0x00, 0x00, 0x00,
    // Unicode: [0x0045, E]
    0xF3, 0xFF, 0xFF, 0xFF, 0xFF, 0xFF, 0xFF, 0xFF, 0xFF, 0xFF, 0xFF, 0x01, 0xF3, 0xFF, 0xFF, 0xFF,
    0xFF, 0xFF, 0xFF, 0xFF, 0xFF, 0xFF, 0xFF, 0x01, 0xF3, 0xFF, 0xFF, 0xFF, 0xFF, 0xFF, 0xFF, 0xFF,
    0xFF, 0xFF, 0xFF, 0x01, 0xF3, 0xFF, 0x26, 0x22, 0x22, 0x22, 0x22, 0x22, 0x22, 0x22, 0x22, 0x00,
    0xF3, 0xFF, 0x04, 0x00, 0x00, 0x00, 0x00, 0x00, 0x00, 0x00, 0x00, 0x00, 0xF3, 0xFF, 0x04, 0x00,
    0x00, 0x00, 0x00, 0x00, 0x00, 0x00, 0x00, 0x00, 0xF3, 0xFF, 0x04, 0x00, 0x00, 0x00, 0x00, 0x00,
    0x00, 0x00, 0x00, 0x00, 0xF3, 0xFF, 0x04, 0x00, 0x00, 0x00, 0x00, 0x00, 0x00, 0x00, 0x00, 0x00,
    0xF3, 0xFF, 0x04, 0x00, 0x00, 0x00, 0x00, 0x00, 0x00, 0x00, 0x00, 0x00, 0xF3, 0xFF, 0x04, 0x00,
    0x00, 0x00, 0x00, 0x00, 0x00, 0x00, 0x00, 0x00, 0xF3, 0xFF, 0x04, 0x00, 0x00, 0x00, 0x00, 0x00,
    0x00, 0x00, 0x00, 0x00, 0xF3, 0xFF, 0x04, 0x00, 0x00, 0x00, 0x00, 0x00, 0x00, 0x00, 0x00, 0x00,
    0xF3, 0xFF, 0x04, 0x00, 0x00, 0x00, 0x00, 0x00, 0x00, 0x00, 0x00, 0x00, 0xF3, 0xFF, 0x04, 0x00,
    0x00, 0x00, 0x00, 0x00, 0x00, 0x00, 0x00, 0x00, 0xF3, 0xFF, 0x04, 0x00, 0x00, 0x00, 0x00, 0x00,
    0x00, 0x00, 0x00, 0x00, 0xF3, 0xFF, 0x04, 0x00, 0x00, 0x00, 0x00, 0x00, 0x00, 0x00, 0x00, 0x00,
    0xF3, 0xFF, 0x26, 0x22, 0x22, 0x22, 0x22, 0x22, 0x22, 0x22, 0x02, 0x00, 0xF3, 0xFF, 0xFF, 0xFF,
    0xFF, 0xFF, 0xFF, 0xFF, 0xFF, 0xFF, 0x0E, 0x00, 0xF3, 0xFF, 0xFF, 0xFF, 0xFF, 0xFF, 0xFF, 0xFF,
    0xFF, 0xFF, 0x0E, 0x00, 0xF3, 0xFF, 0xFF, 0xFF, 0xFF, 0xFF, 0xFF, 0xFF, 0xFF, 0xFF, 0x0E, 0x00,
    0xF3, 0xFF, 0x04, 0x00, 0x00, 0x00, 0x00, 0x00, 0x00, 0x00, 0x00, 0x00, 0xF3, 0xFF, 0x04, 0x00,
    0x00, 0x00, 0x00, 0x00, 0x00, 0x00, 0x00, 0x00, 0xF3, 0xFF, 0x04, 0x00, 0x00, 0x00, 0x00, 0x00,
    0x00, 0x00, 0x00, 0x00, 0xF3, 0xFF, 0x04, 0x00, 0x00, 0x00, 0x00, 0x00, 0x00, 0x00, 0x00, 0x00,
    0xF3, 0xFF, 0x04, 0x00, 0x00, 0x00, 0x00, 0x00, 0x00, 0x00, 0x00, 0x00, 0xF3, 0xFF, 0x04, 0x00,
    0x00, 0x00, 0x00, 0x00, 0x00, 0x00, 0x00, 0x00, 0xF3, 0xFF, 0x04, 0x00, 0x00, 0x00, 0x00, 0x00,
    0x00, 0x00, 0x00, 0x00, 0xF3, 0xFF, 0x04, 0x00, 0x00, 0x00, 0x00, 0x00, 0x00, 0x00, 0x00, 0x00,
    0xF3, 0xFF, 0x04, 0x00, 0x00, 0x00, 0x00, 0x00, 0x00, 0x00, 0x00, 0x00, 0xF3, 0xFF, 0x04, 0x00,
    0x00, 0x00, 0x00, 0x00, 0x00, 0x00, 0x00, 0x00, 0xF3, 0xFF, 0x04, 0x00, 0x00, 0x00, 0x00, 0x00,
    0x00, 0x00, 0x00, 0x00, 0xF3, 0xFF, 0x04, 0x00, 0x00, 0x00, 0x00, 0x00, 0x00, 0x00, 0x00, 0x00,
    0xF3, 0xFF, 0x04, 0x00, 0x00, 0x00, 0x00, 0x00, 0x00, 0x00, 0x00, 0x00, 0xF3, 0xFF, 0x26, 0x22,
    0x22, 0x22, 0x22, 0x22, 0x22, 0x22, 0x22, 0x01, 0xF3, 0xFF, 0xFF, 0xFF, 0xFF, 0xFF, 0xFF, 0xFF,
    0xFF, 0xFF, 0xFF, 0x06, 0xF3, 0xFF, 0xFF, 0xFF, 0xFF, 0xFF, 0xFF, 0xFF, 0xFF, 0xFF, 0xFF, 0x06,
    0xF3, 0xFF, 0xFF, 0xFF, 0xFF, 0xFF, 0xFF, 0xFF, 0xFF, 0xFF, 0xFF, 0x06,
    // Unicode: [0x0046, F]
    0xF3, 0xFF, 0xFF, 0xFF, 0xFF, 0xFF, 0xFF, 0xFF, 0xFF, 0xFF, 0xFF, 0xF3, 0xFF, 0xFF, 0xFF, 0xFF,
    0xFF, 0xFF, 0xFF, 0xFF, 0xFF, 0xFF, 0xF3, 0xFF, 0xFF, 0xFF, 0xFF, 0xFF, 0xFF, 0xFF, 0xFF, 0xFF,
    0xFF, 0xF3, 0xFF, 0x26, 0x22, 0x22, 0x22, 0x22, 0x22, 0x22, 0x22, 0x22, 0xF3, 0xFF, 0x04, 0x00,
    0x00, 0x00, 0x00, 0x00, 0x00, 0x00, 0x00, 0xF3, 0xFF, 0x04, 0x00, 0x00, 0x00, 0x00, 0x00, 0x00,
    0x00, 0x00, 0xF3, 0xFF, 0x04, 0x00, 0x00, 0x00, 0x00, 0x00, 0x00, 0x00, 0x00, 0xF3, 0xFF, 0x04,
    0x00, 0x00, 0x00, 0x00, 0x00, 0x00, 0x00, 0x00, 0xF3, 0xFF, 0x04, 0x00, 0x00, 0x00, 0x00, 0x00,
    0x00, 0x00, 0x00, 0xF3, 0xFF, 0x04, 0x00, 0x00, 0x00, 0x00, 0x00, 0x00, 0x00, 0x00, 0xF3, 0xFF,
    0x04, 0x00, 0x00, 0x00, 0x00, 0x00, 0x00, 0x00, 0x00, 0xF3, 0xFF, 0x04, 0x00, 0x00, 0x00, 0x00,
    0x00, 0x00, 0x00, 0x00, 0xF3, 0xFF, 0x04, 0x00, 0x00, 0x00, 0x00, 0x00, 0x00, 0x00, 0x00, 0xF3,
    0xFF, 0x04, 0x00, 0x00, 0x00, 0x00, 0x00, 0x00, 0x00, 0x00, 0xF3, 0xFF, 0x04, 0x00, 0x00, 0x00,
    0x00, 0x00, 0x00, 0x00, 0x00, 0xF3, 0xFF, 0x04, 0x00, 0x00, 0x00, 0x00, 0x00, 0x00, 0x00, 0x00,
    0xF3, 0xFF, 0x04, 0x00, 0x00, 0x00, 0x00, 0x00, 0x00, 0x00, 0x00, 0xF3, 0xFF, 0xFF, 0xFF, 0xFF,
    0xFF, 0xFF, 0xFF, 0xFF, 0xFF, 0x04, 0xF3, 0xFF, 0xFF, 0xFF, 0xFF, 0xFF, 0xFF, 0xFF, 0xFF, 0xFF,
    0x04, 0xF3, 0xFF, 0xFF, 0xFF, 0xFF, 0xFF, 0xFF, 0xFF, 0xFF, 0xFF, 0x04, 0xF3, 0xFF, 0x26, 0x22,
    0x22, 0x22, 0x22, 0x22, 0x22, 0x22, 0x01, 0xF3, 0xFF, 0x04, 0x00, 0x00, 0x00, 0x00, 0x00, 0x00,
    0x00, 0x00, 0xF3, 0xFF, 0x04, 0x00, 0x00, 0x00, 0x00, 0x00, 0x00, 0x00, 0x00, 0xF3, 0xFF, 0x04,
    0x00, 0x00, 0x00, 0x00, 0x00, 0x00, 0x00, 0x00, 0xF3, 0xFF, 0x04, 0x00, 0x00, 0x00, 0x00, 0x00,
    0x00, 0x00, 0x00, 0xF3, 0xFF, 0x04, 0x00, 0x00, 0x00, 0x00, 0x00, 0x00, 0x00, 0x00, 0xF3, 0xFF,
    0x04, 0x00, 0x00, 0x00, 0x00, 0x00, 0x00, 0x00, 0x00, 0xF3, 0xFF, 0x04, 0x00, 0x00, 0x00, 0x00,
    0x00, 0x00, 0x00, 0x00, 0xF3, 0xFF, 0x04, 0x00, 0x00, 0x00, 0x00, 0x00, 0x00, 0x00, 0x00, 0xF3,
    0xFF, 0x04, 0x00, 0x00, 0x00, 0x00, 0x00, 0x00, 0x00, 0x00, 0xF3, 0xFF, 0x04, 0x00, 0x00, 0x00,
    0x00, 0x00, 0x00, 0x00, 0x00, 0xF3, 0xFF, 0x04, 0x00, 0x00, 0x00, 0x00, 0x00, 0x00, 0x00, 0x00,
    0xF3, 0xFF, 0x04, 0x00, 0x00, 0x00, 0x00, 0x00, 0x00, 0x00, 0x00, 0xF3, 0xFF, 0x04, 0x00, 0x00,
    0x00, 0x00, 0x00, 0x00, 0x00, 0x00, 0xF3, 0xFF, 0x04, 0x00, 0x00, 0x00, 0x00, 0x00, 0x00, 0x00,
    0x00, 0xF3, 0xFF, 0x04, 0x00, 0x00, 0x00, 0x00, 0x00, 0x00, 0x00, 0x00, 0xF3, 0xFF, 0x04, 0x00,
    0x00, 0x00, 0x00, 0x00, 0x00, 0x00, 0x00,
    // Unicode: [0x0047, G]
    0x00, 0x00, 0x00, 0x00, 0x00, 0x00, 0x52, 0x76, 0x67, 0x14, 0x00, 0x00, 0x00, 0x00, 0x00, 0x00,
    0x00, 0x00, 0x00, 0x00, 0x20, 0xD8, 0xFF, 0xFF, 0xFF, 0xFF, 0x7C, 0x01, 0x00, 0x00, 0x00, 0x00,
    0x00, 0x00, 0x00, 0x10, 0xF9, 0xFF, 0xFF, 0xFF, 0xFF, 0xFF, 0xFF, 0x7E, 0x00, 0x00, 0x00, 0x00,
    0x00, 0x00, 0x00, 0xD3, 0xFF, 0xFF, 0xFF, 0xCD, 0xEC, 0xFF, 0xFF, 0xFF, 0x2C, 0x00, 0x00, 0x00,
    0x00, 0x00, 0x50, 0xFF, 0xFF, 0xAF, 0x14, 0x00, 0x00, 0x51, 0xFB, 0xFF, 0xEF, 0x03, 0x00, 0x00,
    0x00, 0x00, 0xF4, 0xFF, 0xBF, 0x02, 0x00, 0x00, 0x00, 0x00, 0x40, 0xFD, 0xFF, 0x2E, 0x00, 0x00,
    0x00, 0x20, 0xFE, 0xFF, 0x08, 0x00, 0x00, 0x00, 0x00, 0x00, 0x00, 0xB1, 0xFF, 0xDF, 0x01, 0x00,
    0x00, 0xB0, 0xFF, 0x7F, 0x00, 0x00, 0x00, 0x00, 0x00, 0x00, 0x00, 0x10, 0xFC, 0xFF, 0x08, 0x00,
    0x00, 0xF4, 0xFF, 0x0A, 0x00, 0x00, 0x00, 0x00, 0x00, 0x00, 0x00, 0x00, 0xE1, 0xFF, 0x2F, 0x00,
    0x00, 0xFC, 0xEF, 0x01, 0x00, 0x00, 0x00, 0x00, 0x00, 0x00, 0x00, 0x00, 0x60, 0xFF, 0x8F, 0x00,
    0x30, 0xFF, 0x7F, 0x00, 0x00, 0x00, 0x00, 0x00, 0x00, 0x00, 0x00, 0x00, 0x00, 0xFD, 0xEF, 0x00,
    0x90, 0xFF, 0x1E, 0x00, 0x00, 0x00, 0x00, 0x00, 0x00, 0x00, 0x00, 0x00, 0x00, 0xF7, 0xFF, 0x03,
    0xD0, 0xFF, 0x09, 0x00, 0x00, 0x00, 0x00, 0x00, 0x00, 0x00, 0x00, 0x00, 0x00, 0x92, 0x99, 0x03,
    0xF2, 0xFF, 0x05, 0x00, 0x00, 0x00, 0x00, 0x00, 0x00, 0x00, 0x00, 0x00, 0x00, 0x00, 0x00, 0x00,
    0xF5, 0xFF, 0x01, 0x00, 0x00, 0x00, 0x00, 0x00, 0x00, 0x00, 0x00, 0x00, 0x00, 0x00, 0x00, 0x00,
    0xF7, 0xDF, 0x00, 0x00, 0x00, 0x00, 0x00, 0x00, 0x00, 0x00, 0x00, 0x00, 0x00, 0x00, 0x00, 0x00,
    0xFA, 0xBF, 0x00, 0x00, 0x00, 0x00, 0x00, 0x00, 0x00, 0x00, 0x00, 0x00, 0x00, 0x00, 0x00, 0x00,
    0xFB, 0xAF, 0x00, 0x00, 0x00, 0x00, 0x00, 0x00, 0x00, 0x00, 0x00, 0x00, 0x00, 0x00, 0x00, 0x00,
    0xFB, 0x9F, 0x00, 0x00, 0x00, 0x00, 0x00, 0x00, 0x00, 0x00, 0x00, 0x00, 0x00, 0x00, 0x00, 0x00,
    0xFC, 0x9F, 0x00, 0x00, 0x00, 0x00, 0x00, 0x00, 0x00, 0x00, 0x00, 0x00, 0x00, 0x00, 0x00, 0x00,
    0xFB, 0x9F, 0x00, 0x00, 0x00, 0x00, 0x00, 0x00, 0xF2, 0xFF, 0xFF, 0xFF, 0xFF, 0xFF, 0xFF, 0x0B,
    0xFB, 0xAF, 0x00, 0x00, 0x00, 0x00, 0x00, 0x00, 0xF2, 0xFF, 0xFF, 0xFF, 0xFF, 0xFF, 0xFF, 0x0B,
    0xFA, 0xBF, 0x00, 0x00, 0x00, 0x00, 0x00, 0x00, 0xF2, 0xFF, 0xFF, 0xFF, 0xFF, 0xFF, 0xFF, 0x0B,
    0xF8, 0xDF, 0x00, 0x00, 0x00, 0x00, 0x00, 0x00, 0x20, 0x22, 0x22, 0x22, 0x22, 0xB2, 0xFF, 0x0B,
    0xF5, 0xFF, 0x01, 0x00, 0x00, 0x00, 0x00, 0x00, 0x00, 0x00, 0x00, 0x00, 0x00, 0xB0, 0xFF, 0x0A,
    0xF2, 0xFF, 0x05, 0x00, 0x00, 0x00, 0x00, 0x00, 0x00, 0x00, 0x00, 0x00, 0x00, 0xD0, 0xFF, 0x09,
    0xE0, 0xFF, 0x09, 0x00, 0x00, 0x00, 0x00, 0x00, 0x00, 0x00, 0x00, 0x00, 0x00, 0xF1, 0xFF, 0x06,
    0x90, 0xFF, 0x1E, 0x00, 0x00, 0x00, 0x00, 0x00, 0x00, 0x00, 0x00, 0x00, 0x00, 0xF5, 0xFF, 0x04,
    0x40, 0xFF, 0x7F, 0x00, 0x00, 0x00, 0x00, 0x00, 0x00, 0x00, 0x00, 0x00, 0x00, 0xFA, 0xEF, 0x00,
    0x00, 0xFC, 0xEF, 0x01, 0x00, 0x00, 0x00, 0x00, 0x00, 0x00, 0x00, 0x00, 0x20, 0xFF, 0x9F, 0x00,
    0x00, 0xF5, 0xFF, 0x0B, 0x00, 0x00, 0x00, 0x00, 0x00, 0x00, 0x00, 0x00, 0xB0, 0xFF, 0x3F, 0x00,
    0x00, 0xB0, 0xFF, 0x8F, 0x00, 0x00, 0x00, 0x00, 0x00, 0x00, 0x00, 0x00, 0xF7, 0xFF, 0x0A, 0x00,
    0x00, 0x20, 0xFE, 0xFF, 0x08, 0x00, 0x00, 0x00, 0x00, 0x00, 0x00, 0x60, 0xFF, 0xEF, 0x02, 0x00,
    0x00, 0x00, 0xF4, 0xFF, 0xCF, 0x03, 0x00, 0x00, 0x00, 0x00, 0x10, 0xFA, 0xFF, 0x5F, 0x00, 0x00,
    0x00, 0x00, 0x50, 0xFF, 0xFF, 0xAF, 0x15, 0x00, 0x00, 0x41, 0xE9, 0xFF, 0xFF, 0x06, 0x00, 0x00,
    0x00, 0x00, 0x00, 0xD4, 0xFF, 0xFF, 0xFF, 0xDE, 0xDC, 0xFF, 0xFF, 0xFF, 0x5E, 0x00, 0x00, 0x00,
    0x00, 0x00, 0x00, 0x10, 0xF9, 0xFF, 0xFF, 0xFF, 0xFF, 0xFF, 0xFF, 0xAF, 0x02, 0x00, 0x00, 0x00,
    0x00, 0x00, 0x00, 0x00, 0x20, 0xD8, 0xFF, 0xFF, 0xFF, 0xFF, 0x9E, 0x03, 0x00, 0x00, 0x00, 0x00,
    0x00, 0x00, 0x00, 0x00, 0x00, 0x00, 0x41, 0x76, 0x67, 0x25, 0x00, 0x00, 0x00, 0x00, 0x00, 0x00,
    // Unicode: [0x0048, H]
    0xF3, 0xFF, 0x04, 0x00, 0x00, 0x00, 0x00, 0x00, 0x00, 0x00, 0x00, 0x00, 0xF4, 0xFF, 0x03, 0xF3,
    0xFF, 0x04, 0x00, 0x00, 0x00, 0x00, 0x00, 0x00, 0x00, 0x00, 0x00, 0xF4, 0xFF, 0x03, 0xF3, 0xFF,
    0x04, 0x00, 0x00, 0x00, 0x00, 0x00, 0x00, 0x00, 0x00, 0x00, 0xF4, 0xFF, 0x03, 0xF3, 0xFF, 0x04,
    0x00, 0x00, 0x00, 0x00, 0x00, 0x00, 0x00, 0x00, 0x00, 0xF4, 0xFF, 0x03, 0xF3, 0xFF, 0x04, 0x00,
    0x00, 0x00, 0x00, 0x00, 0x00, 0x00, 0x00, 0x00, 0xF4, 0xFF, 0x03, 0xF3, 0xFF, 0x04, 0x00, 0x00,
    0x00, 0x00, 0x00, 0x00, 0x00, 0x00, 0x00, 0xF4, 0xFF, 0x03, 0xF3, 0xFF, 0x04, 0x00, 0x00, 0x00,
    0x00, 0x00, 0x00, 0x00, 0x00, 0x00, 0xF4, 0xFF, 0x03, 0xF3, 0xFF, 0x04, 0x00, 0x00, 0x00, 0x00,
    0x00, 0x00, 0x00, 0x00, 0x00, 0xF4, 0xFF, 0x03, 0xF3, 0xFF, 0x04, 0x00, 0x00, 0x00, 0x00, 0x00,
    0x00, 0x00, 0x00, 0x00, 0xF4, 0xFF, 0x03, 0xF3, 0xFF, 0x04, 0x00, 0x00, 0x00, 0x00, 0x00, 0x00,
    0x00, 0x00, 0x00, 0xF4, 0xFF, 0x03, 0xF3, 0xFF, 0x04, 0x00, 0x00, 0x00, 0x00, 0x00, 0x00, 0x00,
    0x00, 0x00, 0xF4, 0xFF, 0x03, 0xF3, 0xFF, 0x04, 0x00, 0x00, 0x00, 0x00, 0x00, 0x00, 0x00, 0x00,
    0x00, 0xF4, 0xFF, 0x03, 0xF3, 0xFF, 0x04, 0x00, 0x00, 0x00, 0x00, 0x00, 0x00, 0x00, 0x00, 0x00,
    0xF4, 0xFF, 0x03, 0xF3, 0xFF, 0x04, 0x00, 0x00, 0x00, 0x00, 0x00, 0x00, 0x00, 0x00, 0x00, 0xF4,
    0xFF, 0x03, 0xF3, 0xFF, 0x04, 0x00, 0x00, 0x00, 0x00, 0x00, 0x00, 0x00, 0x00, 0x00, 0xF4, 0xFF,
    0x03, 0xF3, 0xFF, 0x04, 0x00, 0x00, 0x00, 0x00, 0x00, 0x00, 0x00, 0x00, 0x00, 0xF4, 0xFF, 0x03,
    0xF3, 0xFF, 0x26, 0x22, 0x22, 0x22, 0x22, 0x22, 0x22, 0x22, 0x22, 0x22, 0xF6, 0xFF, 0x03, 0xF3,
    0xFF, 0xFF, 0xFF, 0xFF, 0xFF, 0xFF, 0xFF, 0xFF, 0xFF, 0xFF, 0xFF, 0xFF, 0xFF, 0x03, 0xF3, 0xFF,
    0xFF, 0xFF, 0xFF, 0xFF, 0xFF, 0xFF, 0xFF, 0xFF, 0xFF, 0xFF, 0xFF, 0xFF, 0x03, 0xF3, 0xFF, 0xFF,
    0xFF, 0xFF, 0xFF, 0xFF, 0xFF, 0xFF, 0xFF, 0xFF, 0xFF, 0xFF, 0xFF, 0x03, 0xF3, 0xFF, 0x04, 0x00,
    0x00, 0x00, 0x00, 0x00, 0x00, 0x00, 0x00, 0x00, 0xF4, 0xFF, 0x03, 0xF3, 0xFF, 0x04, 0x00, 0x00,
    0x00, 0x00, 0x00, 0x00, 0x00, 0x00, 0x00, 0xF4, 0xFF, 0x03, 0xF3, 0xFF, 0x04, 0x00, 0x00, 0x00,
    0x00, 0x00, 0x00, 0x00, 0x00, 0x00, 0xF4, 0xFF, 0x03, 0xF3, 0xFF, 0x04, 0x00, 0x00, 0x00, 0x00,
    0x00, 0x00, 0x00, 0x00, 0x00, 0xF4, 0xFF, 0x03, 0xF3, 0xFF, 0x04, 0x00, 0x00, 0x00, 0x00, 0x00,
    0x00, 0x00, 0x00, 0x00, 0xF4, 0xFF, 0x03, 0xF3, 0xFF, 0x04, 0x00, 0x00, 0x00, 0x00, 0x00, 0x00,
    0x00, 0x00, 0x00, 0xF4, 0xFF, 0x03, 0xF3, 0xFF, 0x04, 0x00, 0x00, 0x00, 0x00, 0x00, 0x00, 0x00,
    0x00, 0x00, 0xF4, 0xFF, 0x03, 0xF3, 0xFF, 0x04, 0x00, 0x00, 0x00, 0x00, 0x00, 0x00, 0x00, 0x00,
    0x00, 0xF4, 0xFF, 0x03, 0xF3, 0xFF, 0x04, 0x00, 0x00, 0x00, 0x00, 0x00, 0x00, 0x00, 0x00, 0x00,
    0xF4, 0xFF, 0x03, 0xF3, 0xFF, 0x04, 0x00, 0x00, 0x00, 0x00, 0x00, 0x00, 0x00, 0x00, 0x00, 0xF4,
    0xFF, 0x03, 0xF3, 0xFF, 0x04, 0x00, 0x00, 0x00, 0x00, 0x00, 0x00, 0x00, 0x00, 0x00, 0xF4, 0xFF,
    0x03, 0xF3, 0xFF, 0x04, 0x00, 0x00, 0x00, 0x00, 0x00, 0x00, 0x00, 0x00, 0x00, 0xF4, 0xFF, 0x03,
    0xF3, 0xFF, 0x04, 0x00, 0x00, 0x00, 0x00, 0x00, 0x00, 0x00, 0x00, 0x00, 0xF4, 0xFF, 0x03, 0xF3,
    0xFF, 0x04, 0x00, 0x00, 0x00, 0x00, 0x00, 0x00, 0x00, 0x00, 0x00, 0xF4, 0xFF, 0x03, 0xF3, 0xFF,
    0x04, 0x00, 0x00, 0x00, 0x00, 0x00, 0x00, 0x00, 0x00, 0x00, 0xF4, 0xFF, 0x03, 0xF3, 0xFF, 0x04,
    0x00, 0x00, 0x00, 0x00, 0x00, 0x00, 0x00, 0x00, 0x00, 0xF4, 0xFF, 0x03, 0xF3, 0xFF, 0x04, 0x00,
    0x00, 0x00, 0x00, 0x00, 0x00, 0x00, 0x00, 0x00, 0xF4, 0xFF, 0x03,
    // Unicode: [0x0049, I]
    0xF3, 0xFF, 0x04, 0xF3, 0xFF, 0x04, 0xF3, 0xFF, 0x04, 0xF3, 0xFF, 0x04, 0xF3, 0xFF, 0x04, 0xF3,
    0xFF, 0x04, 0xF3, 0xFF, 0x04, 0xF3, 0xFF, 0x04, 0xF3, 0xFF, 0x04, 0xF3, 0xFF, 0x04, 0xF3, 0xFF,
    0x04, 0xF3, 0xFF, 0x04, 0xF3, 0xFF, 0x04, 0xF3, 0xFF, 0x04, 0xF3, 0xFF, 0x04, 0xF3, 0xFF, 0x04,
    0xF3, 0xFF, 0x04, 0xF3, 0xFF, 0x04, 0xF3, 0xFF, 0x04, 0xF3, 0xFF, 0x04, 0xF3, 0xFF, 0x04, 0xF3,
    0xFF, 0x04, 0xF3, 0xFF, 0x04, 0xF3, 0xFF, 0x04, 0xF3, 0xFF, 0x04, 0xF3, 0xFF, 0x04, 0xF3, 0xFF,
    0x04, 0xF3, 0xFF, 0x04, 0xF3, 0xFF, 0x04, 0xF3, 0xFF, 0x04, 0xF3, 0xFF, 0x04, 0xF3, 0xFF, 0x04,
    0xF3, 0xFF, 0x04, 0xF3, 0xFF, 0x04, 0xF3, 0xFF, 0x04, 0xF3, 0xFF, 0x04, 0xF3, 0xFF, 0x04,
    // Unicode: [0x004A, J]
    0x00, 0x00, 0x00, 0x00, 0x00, 0x00, 0x00, 0x00, 0x00, 0xFA, 0xCF, 0x00, 0x00, 0x00, 0x00, 0x00,
    0x00, 0x00, 0x00, 0x00, 0xFA, 0xCF, 0x00, 0x00, 0x00, 0x00, 0x00, 0x00, 0x00, 0x00, 0x00, 0xFA,
    0xCF, 0x00, 0x00, 0x00, 0x00, 0x00, 0x00, 0x00, 0x00, 0x00, 0xFA, 0xCF, 0x00, 0x00, 0x00, 0x00,
    0x00, 0x00, 0x00, 0x00, 0x00, 0xFA, 0xCF, 0x00, 0x00, 0x00, 0x00, 0x00, 0x00, 0x00, 0x00, 0x00,
    0xFA, 0xCF, 0x00, 0x00, 0x00, 0x00, 0x00, 0x00, 0x00, 0x00, 0x00, 0xFA, 0xCF, 0x00, 0x00, 0x00,
    0x00, 0x00, 0x00, 0x00, 0x00, 0x00, 0xFA, 0xCF, 0x00, 0x00, 0x00, 0x00, 0x00, 0x00, 0x00, 0x00,
    0x00, 0xFA, 0xCF, 0x00, 0x00, 0x00, 0x00, 0x00, 0x00, 0x00, 0x00, 0x00, 0xFA, 0xCF, 0x00, 0x00,
    0x00, 0x00, 0x00, 0x00, 0x00, 0x00, 0x00, 0xFA, 0xCF, 0x00, 0x00, 0x00, 0x00, 0x00, 0x00, 0x00,
    0x00, 0x00, 0xFA, 0xCF, 0x00, 0x00, 0x00, 0x00, 0x00, 0x00, 0x00, 0x00, 0x00, 0xFA, 0xCF, 0x00,
    0x00, 0x00, 0x00, 0x00, 0x00, 0x00, 0x00, 0x00, 0xFA, 0xCF, 0x00, 0x00, 0x00, 0x00, 0x00, 0x00,
    0x00, 0x00, 0x00, 0xFA, 0xCF, 0x00, 0x00, 0x00, 0x00, 0x00, 0x00, 0x00, 0x00, 0x00, 0xFA, 0xCF,
    0x00, 0x00, 0x00, 0x00, 0x00, 0x00, 0x00, 0x00, 0x00, 0xFA, 0xCF, 0x00, 0x00, 0x00, 0x00, 0x00,
    0x00, 0x00, 0x00, 0x00, 0xFA, 0xCF, 0x00, 0x00, 0x00, 0x00, 0x00, 0x00, 0x00, 0x00, 0x00, 0xFA,
    0xCF, 0x00, 0x00, 0x00, 0x00, 0x00, 0x00, 0x00, 0x00, 0x00, 0xFA, 0xCF, 0x00, 0x00, 0x00, 0x00,
    0x00, 0x00, 0x00, 0x00, 0x00, 0xFA, 0xCF, 0x00, 0x00, 0x00, 0x00, 0x00, 0x00, 0x00, 0x00, 0x00,
    0xFA, 0xCF, 0x00, 0x00, 0x00, 0x00, 0x00, 0x00, 0x00, 0x00, 0x00, 0xFA, 0xCF, 0x00, 0x00, 0x00,
    0x00, 0x00, 0x00, 0x00, 0x00, 0x00, 0xFA, 0xCF, 0x30, 0x33, 0x01, 0x00, 0x00, 0x00, 0x00, 0x00,
    0x00, 0xFA, 0xCF, 0xF1, 0xFF, 0x06, 0x00, 0x00, 0x00, 0x00, 0x00, 0x00, 0xFA, 0xCF, 0xF1, 0xFF,
    0x06, 0x00, 0x00, 0x00, 0x00, 0x00, 0x00, 0xFA, 0xCF, 0xF0, 0xFF, 0x07, 0x00, 0x00, 0x00, 0x00,
    0x00, 0x00, 0xFB, 0xBF, 0xE0, 0xFF, 0x08, 0x00, 0x00, 0x00, 0x00, 0x00, 0x00, 0xFD, 0xAF, 0xC0,
    0xFF, 0x0B, 0x00, 0x00, 0x00, 0x00, 0x00, 0x10, 0xFF, 0x7F, 0x80, 0xFF, 0x2F, 0x00, 0x00, 0x00,
    0x00, 0x00, 0x60, 0xFF, 0x4F, 0x30, 0xFF, 0xAF, 0x00, 0x00, 0x00, 0x00, 0x00, 0xD1, 0xFF, 0x0E,
    0x00, 0xFB, 0xFF, 0x07, 0x00, 0x00, 0x00, 0x10, 0xFB, 0xFF, 0x07, 0x00, 0xE2, 0xFF, 0xAF, 0x03,
    0x00, 0x00, 0xD4, 0xFF, 0xCF, 0x00, 0x00, 0x50, 0xFF, 0xFF, 0xDF, 0xAB, 0xEB, 0xFF, 0xFF, 0x2D,
    0x00, 0x00, 0x00, 0xE3, 0xFF, 0xFF, 0xFF, 0xFF, 0xFF, 0xBF, 0x01, 0x00, 0x00, 0x00, 0x10, 0xD7,
    0xFF, 0xFF, 0xFF, 0xCF, 0x05, 0x00, 0x00, 0x00, 0x00, 0x00, 0x00, 0x52, 0x77, 0x56, 0x01, 0x00,
    0x00, 0x00,
    // Unicode: [0x004B, K]
    0xF3, 0xFF, 0x04, 0x00, 0x00, 0x00, 0x00, 0x00, 0x00, 0x00, 0x30, 0xFE, 0xFF, 0x06, 0xF3, 0xFF,
    0x04, 0x00, 0x00, 0x00, 0x00, 0x00, 0x00, 0x00, 0xE2, 0xFF, 0x8F, 0x00, 0xF3, 0xFF, 0x04, 0x00,
    0x00, 0x00, 0x00, 0x00, 0x00, 0x10, 0xFD, 0xFF, 0x09, 0x00, 0xF3, 0xFF, 0x04, 0x00, 0x00, 0x00,
    0x00, 0x00, 0x00, 0xC1, 0xFF, 0xAF, 0x00, 0x00, 0xF3, 0xFF, 0x04, 0x00, 0x00, 0x00, 0x00, 0x00,
    0x00, 0xFB, 0xFF, 0x0B, 0x00, 0x00, 0xF3, 0xFF, 0x04, 0x00, 0x00, 0x00, 0x00, 0x00, 0xA0, 0xFF,
    0xCF, 0x01, 0x00, 0x00, 0xF3, 0xFF, 0x04, 0x00, 0x00, 0x00, 0x00, 0x00, 0xF9, 0xFF, 0x1D, 0x00,
    0x00, 0x00, 0xF3, 0xFF, 0x04, 0x00, 0x00, 0x00, 0x00, 0x80, 0xFF, 0xDF, 0x02, 0x00, 0x00, 0x00,
    0xF3, 0xFF, 0x04, 0x00, 0x00, 0x00, 0x00, 0xF6, 0xFF, 0x3E, 0x00, 0x00, 0x00, 0x00, 0xF3, 0xFF,
    0x04, 0x00, 0x00, 0x00, 0x50, 0xFF, 0xEF, 0x03, 0x00, 0x00, 0x00, 0x00, 0xF3, 0xFF, 0x04, 0x00,
    0x00, 0x00, 0xF4, 0xFF, 0x4F, 0x00, 0x00, 0x00, 0x00, 0x00, 0xF3, 0xFF, 0x04, 0x00, 0x00, 0x30,
    0xFE, 0xFF, 0x05, 0x00, 0x00, 0x00, 0x00, 0x00, 0xF3, 0xFF, 0x04, 0x00, 0x00, 0xE2, 0xFF, 0x7F,
    0x00, 0x00, 0x00, 0x00, 0x00, 0x00, 0xF3, 0xFF, 0x04, 0x00, 0x10, 0xFD, 0xFF, 0x08, 0x00, 0x00,
    0x00, 0x00, 0x00, 0x00, 0xF3, 0xFF, 0x04, 0x00, 0xC1, 0xFF, 0x9F, 0x00, 0x00, 0x00, 0x00, 0x00,
    0x00, 0x00, 0xF3, 0xFF, 0x04, 0x00, 0xFB, 0xFF, 0x0A, 0x00, 0x00, 0x00, 0x00, 0x00, 0x00, 0x00,
    0xF3, 0xFF, 0x04, 0x90, 0xFF, 0xFF, 0x08, 0x00, 0x00, 0x00, 0x00, 0x00, 0x00, 0x00, 0xF3, 0xFF,
    0x04, 0xF6, 0xFF, 0xFF, 0x3F, 0x00, 0x00, 0x00, 0x00, 0x00, 0x00, 0x00, 0xF3, 0xFF, 0x44, 0xFF,
    0xCF, 0xFF, 0xDF, 0x01, 0x00, 0x00, 0x00, 0x00, 0x00, 0x00, 0xF3, 0xFF, 0xE6, 0xFF, 0x1C, 0xF7,
    0xFF, 0x09, 0x00, 0x00, 0x00, 0x00, 0x00, 0x00, 0xF3, 0xFF, 0xFE, 0xCF, 0x01, 0xB0, 0xFF, 0x5F,
    0x00, 0x00, 0x00, 0x00, 0x00, 0x00, 0xF3, 0xFF, 0xFF, 0x2D, 0x00, 0x20, 0xFE, 0xEF, 0x01, 0x00,
    0x00, 0x00, 0x00, 0x00, 0xF3, 0xFF, 0xEF, 0x02, 0x00, 0x00, 0xF6, 0xFF, 0x0B, 0x00, 0x00, 0x00,
    0x00, 0x00, 0xF3, 0xFF, 0x3E, 0x00, 0x00, 0x00, 0xA0, 0xFF, 0x6F, 0x00, 0x00, 0x00, 0x00, 0x00,
    0xF3, 0xFF, 0x05, 0x00, 0x00, 0x00, 0x10, 0xFE, 0xEF, 0x02, 0x00, 0x00, 0x00, 0x00, 0xF3, 0xFF,
    0x04, 0x00, 0x00, 0x00, 0x00, 0xF4, 0xFF, 0x0C, 0x00, 0x00, 0x00, 0x00, 0xF3, 0xFF, 0x04, 0x00,
    0x00, 0x00, 0x00, 0x90, 0xFF, 0x8F, 0x00, 0x00, 0x00, 0x00, 0xF3, 0xFF, 0x04, 0x00, 0x00, 0x00,
    0x00, 0x10, 0xFD, 0xFF, 0x04, 0x00, 0x00, 0x00, 0xF3, 0xFF, 0x04, 0x00, 0x00, 0x00, 0x00, 0x00,
    0xF3, 0xFF, 0x1D, 0x00, 0x00, 0x00, 0xF3, 0xFF, 0x04, 0x00, 0x00, 0x00, 0x00, 0x00, 0x70, 0xFF,
    0x9F, 0x00, 0x00, 0x00, 0xF3, 0xFF, 0x04, 0x00, 0x00, 0x00, 0x00, 0x00, 0x00, 0xFC, 0xFF, 0x05,
    0x00, 0x00, 0xF3, 0xFF, 0x04, 0x00, 0x00, 0x00, 0x00, 0x00, 0x00, 0xE2, 0xFF, 0x2E, 0x00, 0x00,
    0xF3, 0xFF, 0x04, 0x00, 0x00, 0x00, 0x00, 0x00, 0x00, 0x60, 0xFF, 0xBF, 0x00, 0x00, 0xF3, 0xFF,
    0x04, 0x00, 0x00, 0x00, 0x00, 0x00, 0x00, 0x00, 0xFA, 0xFF, 0x07, 0x00, 0xF3, 0xFF, 0x04, 0x00,
    0x00, 0x00, 0x00, 0x00, 0x00, 0x00, 0xE1, 0xFF, 0x2F, 0x00, 0xF3, 0xFF, 0x04, 0x00, 0x00, 0x00,
    0x00, 0x00, 0x00, 0x00, 0x40, 0xFF, 0xCF, 0x00, 0xF3, 0xFF, 0x04, 0x00, 0x00, 0x00, 0x00, 0x00,
    0x00, 0x00, 0x00, 0xF9, 0xFF, 0x08,
    // Unicode: [0x004C, L]
    0xF3, 0xFF, 0x04, 0x00, 0x00, 0x00, 0x00, 0x00, 0x00, 0x00, 0x00, 0xF3, 0xFF, 0x04, 0x00, 0x00,
    0x00, 0x00, 0x00, 0x00, 0x00, 0x00, 0xF3, 0xFF, 0x04, 0x00, 0x00, 0x00, 0x00, 0x00, 0x00, 0x00,
    0x00, 0xF3, 0xFF, 0x04, 0x00, 0x00, 0x00, 0x00, 0x00, 0x00, 0x00, 0x00, 0xF3, 0xFF, 0x04, 0x00,
    0x00, 0x00, 0x00, 0x00, 0x00, 0x00, 0x00, 0xF3, 0xFF, 0x04, 0x00, 0x00, 0x00, 0x00, 0x00, 0x00,
    0x00, 0x00, 0xF3, 0xFF, 0x04, 0x00, 0x00, 0x00, 0x00, 0x00, 0x00, 0x00, 0x00, 0xF3, 0xFF, 0x04,
    0x00, 0x00, 0x00, 0x00, 0x00, 0x00, 0x00, 0x00, 0xF3, 0xFF, 0x04, 0x00, 0x00, 0x00, 0x00, 0x00,
    0x00, 0x00, 0x00, 0xF3, 0xFF, 0x04, 0x00, 0x00, 0x00, 0x00, 0x00, 0x00, 0x00, 0x00, 0xF3, 0xFF,
    0x04, 0x00, 0x00, 0x00, 0x00, 0x00, 0x00, 0x00, 0x00, 0xF3, 0xFF, 0x04, 0x00, 0x00, 0x00, 0x00,
    0x00, 0x00, 0x00, 0x00, 0xF3, 0xFF, 0x04, 0x00, 0x00, 0x00, 0x00, 0x00, 0x00, 0x00, 0x00, 0xF3,
    0xFF, 0x04, 0x00, 0x00, 0x00, 0x00, 0x00, 0x00, 0x00, 0x00, 0xF3, 0xFF, 0x04, 0x00, 0x00, 0x00,
    0x00, 0x00, 0x00, 0x00, 0x00, 0xF3, 0xFF, 0x04, 0x00, 0x00, 0x00, 0x00, 0x00, 0x00, 0x00, 0x00,
    0xF3, 0xFF, 0x04, 0x00, 0x00, 0x00, 0x00, 0x00, 0x00, 0x00, 0x00, 0xF3, 0xFF, 0x04, 0x00, 0x00,
    0x00, 0x00, 0x00, 0x00, 0x00, 0x00, 0xF3, 0xFF, 0x04, 0x00, 0x00, 0x00, 0x00, 0x00, 0x00, 0x00,
    0x00, 0xF3, 0xFF, 0x04, 0x00, 0x00, 0x00, 0x00, 0x00, 0x00, 0x00, 0x00, 0xF3, 0xFF, 0x04, 0x00,
    0x00, 0x00, 0x00, 0x00, 0x00, 0x00, 0x00, 0xF3, 0xFF, 0x04, 0x00, 0x00, 0x00, 0x00, 0x00, 0x00,
    0x00, 0x00, 0xF3, 0xFF, 0x04, 0x00, 0x00, 0x00, 0x00, 0x00, 0x00, 0x00, 0x00, 0xF3, 0xFF, 0x04,
    0x00, 0x00, 0x00, 0x00, 0x00, 0x00, 0x00, 0x00, 0xF3, 0xFF, 0x04, 0x00, 0x00, 0x00, 0x00, 0x00,
    0x00, 0x00, 0x00, 0xF3, 0xFF, 0x04, 0x00, 0x00, 0x00, 0x00, 0x00, 0x00, 0x00, 0x00, 0xF3, 0xFF,
    0x04, 0x00, 0x00, 0x00, 0x00, 0x00, 0x00, 0x00, 0x00, 0xF3, 0xFF, 0x04, 0x00, 0x00, 0x00, 0x00,
    0x00, 0x00, 0x00, 0x00, 0xF3, 0xFF, 0x04, 0x00, 0x00, 0x00, 0x00, 0x00, 0x00, 0x00, 0x00, 0xF3,
    0xFF, 0x04, 0x00, 0x00, 0x00, 0x00, 0x00, 0x00, 0x00, 0x00, 0xF3, 0xFF, 0x04, 0x00, 0x00, 0x00,
    0x00, 0x00, 0x00, 0x00, 0x00, 0xF3, 0xFF, 0x04, 0x00, 0x00, 0x00, 0x00, 0x00, 0x00, 0x00, 0x00,
    0xF3, 0xFF, 0x04, 0x00, 0x00, 0x00, 0x00, 0x00, 0x00, 0x00, 0x00, 0xF3, 0xFF, 0x26, 0x22, 0x22,
    0x22, 0x22, 0x22, 0x22, 0x22, 0x12, 0xF3, 0xFF, 0xFF, 0xFF, 0xFF, 0xFF, 0xFF, 0xFF, 0xFF, 0xFF,
    0x9F, 0xF3, 0xFF, 0xFF, 0xFF, 0xFF, 0xFF, 0xFF, 0xFF, 0xFF, 0xFF, 0x9F, 0xF3, 0xFF, 0xFF, 0xFF,
    0xFF, 0xFF, 0xFF, 0xFF, 0xFF, 0xFF, 0x9F,
    // Unicode: [0x004D, M]
    0xF3, 0xFF, 0xEF, 0x00, 0x00, 0x00, 0x00, 0x00, 0x00, 0x00, 0x00, 0x00, 0x00, 0x00, 0x00, 0xE0,
    0xFF, 0xFF, 0x03, 0xF3, 0xFF, 0xFF, 0x05, 0x00, 0x00, 0x00, 0x00, 0x00, 0x00, 0x00, 0x00, 0x00,
    0x00, 0x00, 0xF5, 0xFF, 0xFF, 0x03, 0xF3, 0xFF, 0xFF, 0x0B, 0x00, 0x00, 0x00, 0x00, 0x00, 0x00,
    0x00, 0x00, 0x00, 0x00, 0x00, 0xFB, 0xFF, 0xFF, 0x03, 0xF3, 0xFF, 0xFF, 0x2F, 0x00, 0x00, 0x00,
    0x00, 0x00, 0x00, 0x00, 0x00, 0x00, 0x00, 0x20, 0xFF, 0xFF, 0xFF, 0x03, 0xF3, 0xFF, 0xFC, 0x8F,
    0x00, 0x00, 0x00, 0x00, 0x00, 0x00, 0x00, 0x00, 0x00, 0x00, 0x80, 0xFF, 0xFC, 0xFF, 0x03, 0xF3,
    0xFF, 0xF7, 0xEF, 0x00, 0x00, 0x00, 0x00, 0x00, 0x00, 0x00, 0x00, 0x00, 0x00, 0xD0, 0xFF, 0xF7,
    0xFF, 0x03, 0xF3, 0xFF, 0xF2, 0xFF, 0x05, 0x00, 0x00, 0x00, 0x00, 0x00, 0x00, 0x00, 0x00, 0x00,
    0xF5, 0xEF, 0xF3, 0xFF, 0x03, 0xF3, 0xFF, 0xB1, 0xFF, 0x0B, 0x00, 0x00, 0x00, 0x00, 0x00, 0x00,
    0x00, 0x00, 0x00, 0xFA, 0xAF, 0xF2, 0xFF, 0x03, 0xF3, 0xFF, 0x61, 0xFF, 0x2F, 0x00, 0x00, 0x00,
    0x00, 0x00, 0x00, 0x00, 0x00, 0x20, 0xFF, 0x5F, 0xF2, 0xFF, 0x03, 0xF3, 0xFF, 0x11, 0xFF, 0x8F,
    0x00, 0x00, 0x00, 0x00, 0x00, 0x00, 0x00, 0x00, 0x70, 0xFF, 0x0E, 0xF3, 0xFF, 0x03, 0xF3, 0xFF,
    0x02, 0xFA, 0xEF, 0x00, 0x00, 0x00, 0x00, 0x00, 0x00, 0x00, 0x00, 0xD0, 0xFF, 0x09, 0xF3, 0xFF,
    0x03, 0xF3, 0xFF, 0x02, 0xF5, 0xFF, 0x05, 0x00, 0x00, 0x00, 0x00, 0x00, 0x00, 0x00, 0xF4, 0xFF,
    0x03, 0xF3, 0xFF, 0x03, 0xF3, 0xFF, 0x02, 0xE0, 0xFF, 0x0B, 0x00, 0x00, 0x00, 0x00, 0x00, 0x00,
    0x00, 0xFA, 0xDF, 0x00, 0xF3, 0xFF, 0x03, 0xF3, 0xFF, 0x02, 0x80, 0xFF, 0x2F, 0x00, 0x00, 0x00,
    0x00, 0x00, 0x00, 0x10, 0xFF, 0x7F, 0x00, 0xF3, 0xFF, 0x03, 0xF3, 0xFF, 0x02, 0x20, 0xFF, 0x8F,
    0x00, 0x00, 0x00, 0x00, 0x00, 0x00, 0x70, 0xFF, 0x1F, 0x00, 0xF3, 0xFF, 0x03, 0xF3, 0xFF, 0x02,
    0x00, 0xFB, 0xEF, 0x00, 0x00, 0x00, 0x00, 0x00, 0x00, 0xD0, 0xFF, 0x0A, 0x00, 0xF3, 0xFF, 0x03,
    0xF3, 0xFF, 0x02, 0x00, 0xF5, 0xFF, 0x05, 0x00, 0x00, 0x00, 0x00, 0x00, 0xF4, 0xFF, 0x04, 0x00,
    0xF3, 0xFF, 0x03, 0xF3, 0xFF, 0x02, 0x00, 0xE0, 0xFF, 0x0B, 0x00, 0x00, 0x00, 0x00, 0x00, 0xFA,
    0xDF, 0x00, 0x00, 0xF3, 0xFF, 0x03, 0xF3, 0xFF, 0x02, 0x00, 0x80, 0xFF, 0x2F, 0x00, 0x00, 0x00,
    0x00, 0x10, 0xFF, 0x7F, 0x00, 0x00, 0xF3, 0xFF, 0x03, 0xF3, 0xFF, 0x02, 0x00, 0x20, 0xFF, 0x8F,
    0x00, 0x00, 0x00, 0x00, 0x70, 0xFF, 0x1F, 0x00, 0x00, 0xF3, 0xFF, 0x03, 0xF3, 0xFF, 0x02, 0x00,
    0x00, 0xFB, 0xEF, 0x00, 0x00, 0x00, 0x00, 0xD0, 0xFF, 0x0A, 0x00, 0x00, 0xF3, 0xFF, 0x03, 0xF3,
    0xFF, 0x02, 0x00, 0x00, 0xF5, 0xFF, 0x05, 0x00, 0x00, 0x00, 0xF4, 0xFF, 0x04, 0x00, 0x00, 0xF3,
    0xFF, 0x03, 0xF3, 0xFF, 0x02, 0x00, 0x00, 0xD0, 0xFF, 0x0B, 0x00, 0x00, 0x00, 0xFA, 0xDF, 0x00,
    0x00, 0x00, 0xF3, 0xFF, 0x03, 0xF3, 0xFF, 0x02, 0x00, 0x00, 0x80, 0xFF, 0x2F, 0x00, 0x00, 0x10,
    0xFF, 0x7F, 0x00, 0x00, 0x00, 0xF3, 0xFF, 0x03, 0xF3, 0xFF, 0x02, 0x00, 0x00, 0x20, 0xFF, 0x8F,
    0x00, 0x00, 0x70, 0xFF, 0x1F, 0x00, 0x00, 0x00, 0xF3, 0xFF, 0x03, 0xF3, 0xFF, 0x02, 0x00, 0x00,
    0x00, 0xFA, 0xEF, 0x00, 0x00, 0xD0, 0xFF, 0x0A, 0x00, 0x00, 0x00, 0xF3, 0xFF, 0x03, 0xF3, 0xFF,
    0x02, 0x00, 0x00, 0x00, 0xF4, 0xFF, 0x05, 0x00, 0xF3, 0xFF, 0x04, 0x00, 0x00, 0x00, 0xF3, 0xFF,
    0x03, 0xF3, 0xFF, 0x02, 0x00, 0x00, 0x00, 0xD0, 0xFF, 0x0A, 0x00, 0xF9, 0xDF, 0x00, 0x00, 0x00,
    0x00, 0xF3, 0xFF, 0x03, 0xF3, 0xFF, 0x02, 0x00, 0x00, 0x00, 0x70, 0xFF, 0x1F, 0x00, 0xFE, 0x7F,
    0x00, 0x00, 0x00, 0x00, 0xF3, 0xFF, 0x03, 0xF3, 0xFF, 0x02, 0x00, 0x00, 0x00, 0x10, 0xFF, 0x5F,
    0x40, 0xFF, 0x1F, 0x00, 0x00, 0x00, 0x00, 0xF3, 0xFF, 0x03, 0xF3, 0xFF, 0x02, 0x00, 0x00, 0x00,
    0x00, 0xFA, 0xAF, 0x90, 0xFF, 0x0A, 0x00, 0x00, 0x00, 0x00, 0xF3, 0xFF, 0x03, 0xF3, 0xFF, 0x02,
    0x00, 0x00, 0x00, 0x00, 0xF4, 0xEF, 0xE1, 0xFF, 0x04, 0x00, 0x00, 0x00, 0x00, 0xF3, 0xFF, 0x03,
    0xF3, 0xFF, 0x02, 0x00, 0x00, 0x00, 0x00, 0xD0, 0xFF, 0xF9, 0xDF, 0x00, 0x00, 0x00, 0x00, 0x00,
    0xF3, 0xFF, 0x03, 0xF3, 0xFF, 0x02, 0x00, 0x00, 0x00, 0x00, 0x70, 0xFF, 0xFF, 0x7F, 0x00, 0x00,
    0x00, 0x00, 0x00, 0xF3, 0xFF, 0x03, 0xF3, 0xFF, 0x02, 0x00, 0x00, 0x00, 0x00, 0x10, 0xFF, 0xFF,
    0x1F, 0x00, 0x00, 0x00, 0x00, 0x00, 0xF3, 0xFF, 0x03, 0xF3, 0xFF, 0x02, 0x00, 0x00, 0x00, 0x00,
    0x00, 0xFA, 0xFF, 0x09, 0x00, 0x00, 0x00, 0x00, 0x00, 0xF3, 0xFF, 0x03, 0xF3, 0xFF, 0x02, 0x00,
    0x00, 0x00, 0x00, 0x00, 0xF4, 0xFF, 0x03, 0x00, 0x00, 0x00, 0x00, 0x00, 0xF3, 0xFF, 0x03,
    // Unicode: [0x004E, N]
    0xF3, 0xFF, 0x2F, 0x00, 0x00, 0x00, 0x00, 0x00, 0x00, 0x00, 0x00, 0x00, 0x50, 0xFF, 0x2F, 0xF3,
    0xFF, 0xCF, 0x00, 0x00, 0x00, 0x00, 0x00, 0x00, 0x00, 0x00, 0x00, 0x50, 0xFF, 0x2F, 0xF3, 0xFF,
    0xFF, 0x07, 0x00, 0x00, 0x00, 0x00, 0x00, 0x00, 0x00, 0x00, 0x50, 0xFF, 0x2F, 0xF3, 0xFF, 0xFF,
    0x2F, 0x00, 0x00, 0x00, 0x00, 0x00, 0x00, 0x00, 0x00, 0x50, 0xFF, 0x2F, 0xF3, 0xFF, 0xFD, 0xCF,
    0x00, 0x00, 0x00, 0x00, 0x00, 0x00, 0x00, 0x00, 0x50, 0xFF, 0x2F, 0xF3, 0xFF, 0xF5, 0xFF, 0x07,
    0x00, 0x00, 0x00, 0x00, 0x00, 0x00, 0x00, 0x50, 0xFF, 0x2F, 0xF3, 0xFF, 0xB1, 0xFF, 0x2E, 0x00,
    0x00, 0x00, 0x00, 0x00, 0x00, 0x00, 0x50, 0xFF, 0x2F, 0xF3, 0xFF, 0x22, 0xFF, 0xBF, 0x00, 0x00,
    0x00, 0x00, 0x00, 0x00, 0x00, 0x50, 0xFF, 0x2F, 0xF3, 0xFF, 0x02, 0xF8, 0xFF, 0x06, 0x00, 0x00,
    0x00, 0x00, 0x00, 0x00, 0x50, 0xFF, 0x2F, 0xF3, 0xFF, 0x03, 0xD1, 0xFF, 0x2E, 0x00, 0x00, 0x00,
    0x00, 0x00, 0x00, 0x50, 0xFF, 0x2F, 0xF3, 0xFF, 0x03, 0x50, 0xFF, 0xBF, 0x00, 0x00, 0x00, 0x00,
    0x00, 0x00, 0x50, 0xFF, 0x2F, 0xF3, 0xFF, 0x04, 0x00, 0xFA, 0xFF, 0x06, 0x00, 0x00, 0x00, 0x00,
    0x00, 0x50, 0xFF, 0x2F, 0xF3, 0xFF, 0x04, 0x00, 0xE2, 0xFF, 0x2E, 0x00, 0x00, 0x00, 0x00, 0x00,
    0x50, 0xFF, 0x2F, 0xF3, 0xFF, 0x04, 0x00, 0x70, 0xFF, 0xBF, 0x00, 0x00, 0x00, 0x00, 0x00, 0x50,
    0xFF, 0x2F, 0xF3, 0xFF, 0x04, 0x00, 0x00, 0xFC, 0xFF, 0x06, 0x00, 0x00, 0x00, 0x00, 0x50, 0xFF,
    0x2F, 0xF3, 0xFF, 0x04, 0x00, 0x00, 0xF2, 0xFF, 0x2E, 0x00, 0x00, 0x00, 0x00, 0x50, 0xFF, 0x2F,
    0xF3, 0xFF, 0x04, 0x00, 0x00, 0x70, 0xFF, 0xAF, 0x00, 0x00, 0x00, 0x00, 0x50, 0xFF, 0x2F, 0xF3,
    0xFF, 0x04, 0x00, 0x00, 0x00, 0xFC, 0xFF, 0x05, 0x00, 0x00, 0x00, 0x50, 0xFF, 0x2F, 0xF3, 0xFF,
    0x04, 0x00, 0x00, 0x00, 0xF2, 0xFF, 0x1E, 0x00, 0x00, 0x00, 0x50, 0xFF, 0x2F, 0xF3, 0xFF, 0x04,
    0x00, 0x00, 0x00, 0x70, 0xFF, 0xAF, 0x00, 0x00, 0x00, 0x50, 0xFF, 0x2F, 0xF3, 0xFF, 0x04, 0x00,
    0x00, 0x00, 0x00, 0xFC, 0xFF, 0x05, 0x00, 0x00, 0x50, 0xFF, 0x2F, 0xF3, 0xFF, 0x04, 0x00, 0x00,
    0x00, 0x00, 0xF3, 0xFF, 0x1E, 0x00, 0x00, 0x50, 0xFF, 0x2F, 0xF3, 0xFF, 0x04, 0x00, 0x00, 0x00,
    0x00, 0x70, 0xFF, 0xAF, 0x00, 0x00, 0x50, 0xFF, 0x2F, 0xF3, 0xFF, 0x04, 0x00, 0x00, 0x00, 0x00,
    0x00, 0xFC, 0xFF, 0x05, 0x00, 0x50, 0xFF, 0x2F, 0xF3, 0xFF, 0x04, 0x00, 0x00, 0x00, 0x00, 0x00,
    0xF3, 0xFF, 0x1E, 0x00, 0x50, 0xFF, 0x2F, 0xF3, 0xFF, 0x04, 0x00, 0x00, 0x00, 0x00, 0x00, 0x70,
    0xFF, 0x9F, 0x00, 0x50, 0xFF, 0x2F, 0xF3, 0xFF, 0x04, 0x00, 0x00, 0x00, 0x00, 0x00, 0x00, 0xFC,
    0xFF, 0x04, 0x40, 0xFF, 0x2F, 0xF3, 0xFF, 0x04, 0x00, 0x00, 0x00, 0x00, 0x00, 0x00, 0xF3, 0xFF,
    0x0D, 0x40, 0xFF, 0x2F, 0xF3, 0xFF, 0x04, 0x00, 0x00, 0x00, 0x00, 0x00, 0x00, 0x80, 0xFF, 0x7F,
    0x40, 0xFF, 0x2F, 0xF3, 0xFF, 0x04, 0x00, 0x00, 0x00, 0x00, 0x00, 0x00, 0x00, 0xFC, 0xEF, 0x32,
    0xFF, 0x2F, 0xF3, 0xFF, 0x04, 0x00, 0x00, 0x00, 0x00, 0x00, 0x00, 0x00, 0xF3, 0xFF, 0x3A, 0xFF,
    0x2F, 0xF3, 0xFF, 0x04, 0x00, 0x00, 0x00, 0x00, 0x00, 0x00, 0x00, 0x80, 0xFF, 0x5F, 0xFF, 0x2F,
    0xF3, 0xFF, 0x04, 0x00, 0x00, 0x00, 0x00, 0x00, 0x00, 0x00, 0x00, 0xFC, 0xDF, 0xFF, 0x2F, 0xF3,
    0xFF, 0x04, 0x00, 0x00, 0x00, 0x00, 0x00, 0x00, 0x00, 0x00, 0xF3, 0xFF, 0xFF, 0x2F, 0xF3, 0xFF,
    0x04, 0x00, 0x00, 0x00, 0x00, 0x00, 0x00, 0x00, 0x00, 0x80, 0xFF, 0xFF, 0x2F, 0xF3, 0xFF, 0x04,
    0x00, 0x00, 0x00, 0x00, 0x00, 0x00, 0x00, 0x00, 0x00, 0xFD, 0xFF, 0x2F, 0xF3, 0xFF, 0x04, 0x00,
    0x00, 0x00, 0x00, 0x00, 0x00, 0x00, 0x00, 0x00, 0xF3, 0xFF, 0x2F,
    // Unicode: [0x004F, O]
    0x00, 0x00, 0x00, 0x00, 0x00, 0x00, 0x41, 0x76, 0x67, 0x14, 0x00, 0x00, 0x00, 0x00, 0x00, 0x00,
    0x00, 0x00, 0x00, 0x00, 0x20, 0xD7, 0xFF, 0xFF, 0xFF, 0xFF, 0x7D, 0x01, 0x00, 0x00, 0x00, 0x00,
    0x00, 0x00, 0x00, 0x10, 0xF8, 0xFF, 0xFF, 0xFF, 0xFF, 0xFF, 0xFF, 0x8E, 0x01, 0x00, 0x00, 0x00,
    0x00, 0x00, 0x00, 0xD3, 0xFF, 0xFF, 0xFF, 0xDE, 0xED, 0xFF, 0xFF, 0xFF, 0x2D, 0x00, 0x00, 0x00,
    0x00, 0x00, 0x40, 0xFE, 0xFF, 0xAF, 0x15, 0x00, 0x00, 0x51, 0xFB, 0xFF, 0xEF, 0x03, 0x00, 0x00,
    0x00, 0x00, 0xE4, 0xFF, 0xBF, 0x03, 0x00, 0x00, 0x00, 0x00, 0x30, 0xFC, 0xFF, 0x3E, 0x00, 0x00,
    0x00, 0x10, 0xFE, 0xFF, 0x08, 0x00, 0x00, 0x00, 0x00, 0x00, 0x00, 0x90, 0xFF, 0xDF, 0x01, 0x00,
    0x00, 0xA0, 0xFF, 0x8F, 0x00, 0x00, 0x00, 0x00, 0x00, 0x00, 0x00, 0x00, 0xF9, 0xFF, 0x0A, 0x00,
    0x00, 0xF4, 0xFF, 0x0B, 0x00, 0x00, 0x00, 0x00, 0x00, 0x00, 0x00, 0x00, 0xB0, 0xFF, 0x3F, 0x00,
    0x00, 0xFC, 0xEF, 0x01, 0x00, 0x00, 0x00, 0x00, 0x00, 0x00, 0x00, 0x00, 0x20, 0xFF, 0xBF, 0x00,
    0x30, 0xFF, 0x7F, 0x00, 0x00, 0x00, 0x00, 0x00, 0x00, 0x00, 0x00, 0x00, 0x00, 0xF8, 0xFF, 0x02,
    0x90, 0xFF, 0x1E, 0x00, 0x00, 0x00, 0x00, 0x00, 0x00, 0x00, 0x00, 0x00, 0x00, 0xF1, 0xFF, 0x08,
    0xD0, 0xFF, 0x09, 0x00, 0x00, 0x00, 0x00, 0x00, 0x00, 0x00, 0x00, 0x00, 0x00, 0xA0, 0xFF, 0x0C,
    0xF2, 0xFF, 0x05, 0x00, 0x00, 0x00, 0x00, 0x00, 0x00, 0x00, 0x00, 0x00, 0x00, 0x60, 0xFF, 0x1F,
    0xF5, 0xFF, 0x01, 0x00, 0x00, 0x00, 0x00, 0x00, 0x00, 0x00, 0x00, 0x00, 0x00, 0x20, 0xFF, 0x4F,
    0xF7, 0xDF, 0x00, 0x00, 0x00, 0x00, 0x00, 0x00, 0x00, 0x00, 0x00, 0x00, 0x00, 0x00, 0xFE, 0x6F,
    0xFA, 0xBF, 0x00, 0x00, 0x00, 0x00, 0x00, 0x00, 0x00, 0x00, 0x00, 0x00, 0x00, 0x00, 0xFC, 0x9F,
    0xFB, 0xAF, 0x00, 0x00, 0x00, 0x00, 0x00, 0x00, 0x00, 0x00, 0x00, 0x00, 0x00, 0x00, 0xFB, 0xAF,
    0xFB, 0x9F, 0x00, 0x00, 0x00, 0x00, 0x00, 0x00, 0x00, 0x00, 0x00, 0x00, 0x00, 0x00, 0xFA, 0xAF,
    0xFC, 0x9F, 0x00, 0x00, 0x00, 0x00, 0x00, 0x00, 0x00, 0x00, 0x00, 0x00, 0x00, 0x00, 0xFA, 0xBF,
    0xFB, 0x9F, 0x00, 0x00, 0x00, 0x00, 0x00, 0x00, 0x00, 0x00, 0x00, 0x00, 0x00, 0x00, 0xFA, 0xAF,
    0xFB, 0xAF, 0x00, 0x00, 0x00, 0x00, 0x00, 0x00, 0x00, 0x00, 0x00, 0x00, 0x00, 0x00, 0xFB, 0xAF,
    0xFA, 0xBF, 0x00, 0x00, 0x00, 0x00, 0x00, 0x00, 0x00, 0x00, 0x00, 0x00, 0x00, 0x00, 0xFC, 0x9F,
    0xF8, 0xDF, 0x00, 0x00, 0x00, 0x00, 0x00, 0x00, 0x00, 0x00, 0x00, 0x00, 0x00, 0x00, 0xFE, 0x7F,
    0xF5, 0xFF, 0x01, 0x00, 0x00, 0x00, 0x00, 0x00, 0x00, 0x00, 0x00, 0x00, 0x00, 0x20, 0xFF, 0x4F,
    0xF2, 0xFF, 0x05, 0x00, 0x00, 0x00, 0x00, 0x00, 0x00, 0x00, 0x00, 0x00, 0x00, 0x60, 0xFF, 0x1F,
    0xD0, 0xFF, 0x0A, 0x00, 0x00, 0x00, 0x00, 0x00, 0x00, 0x00, 0x00, 0x00, 0x00, 0xA0, 0xFF, 0x0C,
    0x90, 0xFF, 0x1E, 0x00, 0x00, 0x00, 0x00, 0x00, 0x00, 0x00, 0x00, 0x00, 0x00, 0xF1, 0xFF, 0x08,
    0x30, 0xFF, 0x7F, 0x00, 0x00, 0x00, 0x00, 0x00, 0x00, 0x00, 0x00, 0x00, 0x00, 0xF8, 0xFF, 0x02,
    0x00, 0xFC, 0xEF, 0x01, 0x00, 0x00, 0x00, 0x00, 0x00, 0x00, 0x00, 0x00, 0x20, 0xFE, 0xBF, 0x00,
    0x00, 0xF4, 0xFF, 0x0B, 0x00, 0x00, 0x00, 0x00, 0x00, 0x00, 0x00, 0x00, 0xB0, 0xFF, 0x3F, 0x00,
    0x00, 0xB0, 0xFF, 0x8F, 0x00, 0x00, 0x00, 0x00, 0x00, 0x00, 0x00, 0x00, 0xF9, 0xFF, 0x0A, 0x00,
    0x00, 0x10, 0xFE, 0xFF, 0x08, 0x00, 0x00, 0x00, 0x00, 0x00, 0x00, 0x90, 0xFF, 0xDF, 0x01, 0x00,
    0x00, 0x00, 0xE4, 0xFF, 0xCF, 0x03, 0x00, 0x00, 0x00, 0x00, 0x30, 0xFC, 0xFF, 0x3E, 0x00, 0x00,
    0x00, 0x00, 0x40, 0xFF, 0xFF, 0xAF, 0x15, 0x00, 0x00, 0x51, 0xFA, 0xFF, 0xEF, 0x04, 0x00, 0x00,
    0x00, 0x00, 0x00, 0xD3, 0xFF, 0xFF, 0xFF, 0xCE, 0xEC, 0xFF, 0xFF, 0xFF, 0x3D, 0x00, 0x00, 0x00,
    0x00, 0x00, 0x00, 0x10, 0xF8, 0xFF, 0xFF, 0xFF, 0xFF, 0xFF, 0xFF, 0x8E, 0x01, 0x00, 0x00, 0x00,
    0x00, 0x00, 0x00, 0x00, 0x20, 0xD8, 0xFF, 0xFF, 0xFF, 0xFF, 0x7D, 0x02, 0x00, 0x00, 0x00, 0x00,
    0x00, 0x00, 0x00, 0x00, 0x00, 0x00, 0x41, 0x76, 0x67, 0x14, 0x00, 0x00, 0x00, 0x00, 0x00, 0x00,
    // Unicode: [0x0050, P]
    0xF3, 0xFF, 0xFF, 0xFF, 0xFF, 0xFF, 0xEF, 0xBD, 0x38, 0x00, 0x00, 0x00, 0x00, 0xF3, 0xFF, 0xFF,
    0xFF, 0xFF, 0xFF, 0xFF, 0xFF, 0xFF, 0x4C, 0x00, 0x00, 0x00, 0xF3, 0xFF, 0xFF, 0xFF, 0xFF, 0xFF,
    0xFF, 0xFF, 0xFF, 0xFF, 0x08, 0x00, 0x00, 0xF3, 0xFF, 0x26, 0x22, 0x22, 0x22, 0x32, 0x85, 0xFD,
    0xFF, 0x9F, 0x00, 0x00, 0xF3, 0xFF, 0x04, 0x00, 0x00, 0x00, 0x00, 0x00, 0x60, 0xFE, 0xFF, 0x06,
    0x00, 0xF3, 0xFF, 0x04, 0x00, 0x00, 0x00, 0x00, 0x00, 0x00, 0xF3, 0xFF, 0x1E, 0x00, 0xF3, 0xFF,
    0x04, 0x00, 0x00, 0x00, 0x00, 0x00, 0x00, 0x60, 0xFF, 0x7F, 0x00, 0xF3, 0xFF, 0x04, 0x00, 0x00,
    0x00, 0x00, 0x00, 0x00, 0x00, 0xFD, 0xCF, 0x00, 0xF3, 0xFF, 0x04, 0x00, 0x00, 0x00, 0x00, 0x00,
    0x00, 0x00, 0xF7, 0xFF, 0x01, 0xF3, 0xFF, 0x04, 0x00, 0x00, 0x00, 0x00, 0x00, 0x00, 0x00, 0xF3,
    0xFF, 0x04, 0xF3, 0xFF, 0x04, 0x00, 0x00, 0x00, 0x00, 0x00, 0x00, 0x00, 0xF2, 0xFF, 0x06, 0xF3,
    0xFF, 0x04, 0x00, 0x00, 0x00, 0x00, 0x00, 0x00, 0x00, 0xF1, 0xFF, 0x06, 0xF3, 0xFF, 0x04, 0x00,
    0x00, 0x00, 0x00, 0x00, 0x00, 0x00, 0xF2, 0xFF, 0x05, 0xF3, 0xFF, 0x04, 0x00, 0x00, 0x00, 0x00,
    0x00, 0x00, 0x00, 0xF4, 0xFF, 0x04, 0xF3, 0xFF, 0x04, 0x00, 0x00, 0x00, 0x00, 0x00, 0x00, 0x00,
    0xF7, 0xFF, 0x01, 0xF3, 0xFF, 0x04, 0x00, 0x00, 0x00, 0x00, 0x00, 0x00, 0x00, 0xFD, 0xCF, 0x00,
    0xF3, 0xFF, 0x04, 0x00, 0x00, 0x00, 0x00, 0x00, 0x00, 0x60, 0xFF, 0x7F, 0x00, 0xF3, 0xFF, 0x04,
    0x00, 0x00, 0x00, 0x00, 0x00, 0x00, 0xF3, 0xFF, 0x1E, 0x00, 0xF3, 0xFF, 0x04, 0x00, 0x00, 0x00,
    0x00, 0x00, 0x60, 0xFE, 0xFF, 0x06, 0x00, 0xF3, 0xFF, 0x26, 0x22, 0x22, 0x22, 0x32, 0x85, 0xFD,
    0xFF, 0x9F, 0x00, 0x00, 0xF3, 0xFF, 0xFF, 0xFF, 0xFF, 0xFF, 0xFF, 0xFF, 0xFF, 0xFF, 0x08, 0x00,
    0x00, 0xF3, 0xFF, 0xFF, 0xFF, 0xFF, 0xFF, 0xFF, 0xFF, 0xFF, 0x4C, 0x00, 0x00, 0x00, 0xF3, 0xFF,
    0xFF, 0xFF, 0xFF, 0xFF, 0xEF, 0xBD, 0x38, 0x00, 0x00, 0x00, 0x00, 0xF3, 0xFF, 0x04, 0x00, 0x00,
    0x00, 0x00, 0x00, 0x00, 0x00, 0x00, 0x00, 0x00, 0xF3, 0xFF, 0x04, 0x00, 0x00, 0x00, 0x00, 0x00,
    0x00, 0x00, 0x00, 0x00, 0x00, 0xF3, 0xFF, 0x04, 0x00, 0x00, 0x00, 0x00, 0x00, 0x00, 0x00, 0x00,
    0x00, 0x00, 0xF3, 0xFF, 0x04, 0x00, 0x00, 0x00, 0x00, 0x00, 0x00, 0x00, 0x00, 0x00, 0x00, 0xF3,
    0xFF, 0x04, 0x00, 0x00, 0x00, 0x00, 0x00, 0x00, 0x00, 0x00, 0x00, 0x00, 0xF3, 0xFF, 0x04, 0x00,
    0x00, 0x00, 0x00, 0x00, 0x00, 0x00, 0x00, 0x00, 0x00, 0xF3, 0xFF, 0x04, 0x00, 0x00, 0x00, 0x00,
    0x00, 0x00, 0x00, 0x00, 0x00, 0x00, 0xF3, 0xFF, 0x04, 0x00, 0x00, 0x00, 0x00, 0x00, 0x00, 0x00,
    0x00, 0x00, 0x00, 0xF3, 0xFF, 0x04, 0x00, 0x00, 0x00, 0x00, 0x00, 0x00, 0x00, 0x00, 0x00, 0x00,
    0xF3, 0xFF, 0x04, 0x00, 0x00, 0x00, 0x00, 0x00, 0x00, 0x00, 0x00, 0x00, 0x00, 0xF3, 0xFF, 0x04,
    0x00, 0x00, 0x00, 0x00, 0x00, 0x00, 0x00, 0x00, 0x00, 0x00, 0xF3, 0xFF, 0x04, 0x00, 0x00, 0x00,
    0x00, 0x00, 0x00, 0x00, 0x00, 0x00, 0x00, 0xF3, 0xFF, 0x04, 0x00, 0x00, 0x00, 0x00, 0x00, 0x00,
    0x00, 0x00, 0x00, 0x00, 0xF3, 0xFF, 0x04, 0x00, 0x00, 0x00, 0x00, 0x00, 0x00, 0x00, 0x00, 0x00,
    0x00,
    // Unicode: [0x0051, Q]
    0x00, 0x00, 0x00, 0x00, 0x00, 0x00, 0x41, 0x76, 0x67, 0x14, 0x00, 0x00, 0x00, 0x00, 0x00, 0x00,
    0x00, 0x00, 0x00, 0x00, 0x20, 0xD7, 0xFF, 0xFF, 0xFF, 0xFF, 0x7D, 0x01, 0x00, 0x00, 0x00, 0x00,
    0x00, 0x00, 0x00, 0x10, 0xF8, 0xFF, 0xFF, 0xFF, 0xFF, 0xFF, 0xFF, 0x8E, 0x01, 0x00, 0x00, 0x00,
    0x00, 0x00, 0x00, 0xD3, 0xFF, 0xFF, 0xFF, 0xDE, 0xED, 0xFF, 0xFF, 0xFF, 0x2D, 0x00, 0x00, 0x00,
    0x00, 0x00, 0x40, 0xFE, 0xFF, 0xAF, 0x15, 0x00, 0x00, 0x51, 0xFB, 0xFF, 0xEF, 0x03, 0x00, 0x00,
    0x00, 0x00, 0xE4, 0xFF, 0xBF, 0x03, 0x00, 0x00, 0x00, 0x00, 0x30, 0xFC, 0xFF, 0x3E, 0x00, 0x00,
    0x00, 0x10, 0xFE, 0xFF, 0x08, 0x00, 0x00, 0x00, 0x00, 0x00, 0x00, 0x90, 0xFF, 0xDF, 0x01, 0x00,
    0x00, 0xA0, 0xFF, 0x8F, 0x00, 0x00, 0x00, 0x00, 0x00, 0x00, 0x00, 0x00, 0xF9, 0xFF, 0x0A, 0x00,
    0x00, 0xF4, 0xFF, 0x0B, 0x00, 0x00, 0x00, 0x00, 0x00, 0x00, 0x00, 0x00, 0xB0, 0xFF, 0x3F, 0x00,
    0x00, 0xFC, 0xEF, 0x01, 0x00, 0x00, 0x00, 0x00, 0x00, 0x00, 0x00, 0x00, 0x20, 0xFF, 0xBF, 0x00,
    0x30, 0xFF, 0x7F, 0x00, 0x00, 0x00, 0x00, 0x00, 0x00, 0x00, 0x00, 0x00, 0x00, 0xF8, 0xFF, 0x02,
    0x90, 0xFF, 0x1E, 0x00, 0x00, 0x00, 0x00, 0x00, 0x00, 0x00, 0x00, 0x00, 0x00, 0xF1, 0xFF, 0x08,
    0xD0, 0xFF, 0x09, 0x00, 0x00, 0x00, 0x00, 0x00, 0x00, 0x00, 0x00, 0x00, 0x00, 0xA0, 0xFF, 0x0C,
    0xF2, 0xFF, 0x05, 0x00, 0x00, 0x00, 0x00, 0x00, 0x00, 0x00, 0x00, 0x00, 0x00, 0x60, 0xFF, 0x1F,
    0xF5, 0xFF, 0x01, 0x00, 0x00, 0x00, 0x00, 0x00, 0x00, 0x00, 0x00, 0x00, 0x00, 0x20, 0xFF, 0x4F,
    0xF7, 0xDF, 0x00, 0x00, 0x00, 0x00, 0x00, 0x00, 0x00, 0x00, 0x00, 0x00, 0x00, 0x00, 0xFE, 0x6F,
    0xFA, 0xBF, 0x00, 0x00, 0x00, 0x00, 0x00, 0x00, 0x00, 0x00, 0x00, 0x00, 0x00, 0x00, 0xFC, 0x9F,
    0xFB, 0xAF, 0x00, 0x00, 0x00, 0x00, 0x00, 0x00, 0x00, 0x00, 0x00, 0x00, 0x00, 0x00, 0xFB, 0xAF,
    0xFB, 0x9F, 0x00, 0x00, 0x00, 0x00, 0x00, 0x00, 0x00, 0x00, 0x00, 0x00, 0x00, 0x00, 0xFA, 0xAF,
    0xFC, 0x9F, 0x00, 0x00, 0x00, 0x00, 0x00, 0x00, 0x00, 0x00, 0x00, 0x00, 0x00, 0x00, 0xFA, 0xBF,
    0xFB, 0x9F, 0x00, 0x00, 0x00, 0x00, 0x00, 0x00, 0x00, 0x00, 0x00, 0x00, 0x00, 0x00, 0xFA, 0xAF,
    0xFB, 0xAF, 0x00, 0x00, 0x00, 0x00, 0x00, 0x00, 0x00, 0x00, 0x00, 0x00, 0x00, 0x00, 0xFB, 0xAF,
    0xFA, 0xBF, 0x00, 0x00, 0x00, 0x00, 0x00, 0x00, 0x00, 0x00, 0x00, 0x00, 0x00, 0x00, 0xFC, 0x9F,
    0xF8, 0xDF, 0x00, 0x00, 0x00, 0x00, 0x00, 0x00, 0x00, 0x00, 0x00, 0x00, 0x00, 0x00, 0xFE, 0x7F,
    0xF5, 0xFF, 0x01, 0x00, 0x00, 0x00, 0x00, 0x00, 0x00, 0x00, 0x00, 0x00, 0x00, 0x20, 0xFF, 0x4F,
    0xF2, 0xFF, 0x05, 0x00, 0x00, 0x00, 0x00, 0x00, 0x00, 0x00, 0x00, 0x00, 0x00, 0x60, 0xFF, 0x1F,
    0xD0, 0xFF, 0x0A, 0x00, 0x00, 0x00, 0x00, 0x30, 0x88, 0x38, 0x00, 0x00, 0x00, 0xB0, 0xFF, 0x0D,
    0x90, 0xFF, 0x1E, 0x00, 0x00, 0x00, 0x00, 0x00, 0xFB, 0xDF, 0x01, 0x00, 0x00, 0xF2, 0xFF, 0x08,
    0x30, 0xFF, 0x7F, 0x00, 0x00, 0x00, 0x00, 0x00, 0xE1, 0xFF, 0x0A, 0x00, 0x00, 0xF8, 0xFF, 0x02,
    0x00, 0xFC, 0xEF, 0x01, 0x00, 0x00, 0x00, 0x00, 0x40, 0xFF, 0x6F, 0x00, 0x20, 0xFF, 0xBF, 0x00,
    0x00, 0xF4, 0xFF, 0x0B, 0x00, 0x00, 0x00, 0x00, 0x00, 0xF8, 0xFF, 0x03, 0xB0, 0xFF, 0x3F, 0x00,
    0x00, 0xB0, 0xFF, 0x8F, 0x00, 0x00, 0x00, 0x00, 0x00, 0xC0, 0xFF, 0x1D, 0xF9, 0xFF, 0x09, 0x00,
    0x00, 0x10, 0xFE, 0xFF, 0x08, 0x00, 0x00, 0x00, 0x00, 0x20, 0xFE, 0xDF, 0xFF, 0xDF, 0x01, 0x00,
    0x00, 0x00, 0xE4, 0xFF, 0xCF, 0x03, 0x00, 0x00, 0x00, 0x00, 0xF4, 0xFF, 0xFF, 0x3E, 0x00, 0x00,
    0x00, 0x00, 0x40, 0xFF, 0xFF, 0xAF, 0x15, 0x00, 0x00, 0x51, 0xFA, 0xFF, 0xEF, 0x04, 0x00, 0x00,
    0x00, 0x00, 0x00, 0xD3, 0xFF, 0xFF, 0xFF, 0xCE, 0xDC, 0xFF, 0xFF, 0xFF, 0xCF, 0x00, 0x00, 0x00,
    0x00, 0x00, 0x00, 0x10, 0xF8, 0xFF, 0xFF, 0xFF, 0xFF, 0xFF, 0xFF, 0xEF, 0xFF, 0x09, 0x00, 0x00,
    0x00, 0x00, 0x00, 0x00, 0x20, 0xD8, 0xFF, 0xFF, 0xFF, 0xFF, 0x7C, 0x51, 0xFF, 0x5F, 0x00, 0x00,
    0x00, 0x00, 0x00, 0x00, 0x00, 0x00, 0x41, 0x76, 0x67, 0x24, 0x00, 0x00, 0xF9, 0xEF, 0x02, 0x00,
    0x00, 0x00, 0x00, 0x00, 0x00, 0x00, 0x00, 0x00, 0x00, 0x00, 0x00, 0x00, 0xD1, 0xFF, 0x0C, 0x00,
    0x00, 0x00, 0x00, 0x00, 0x00, 0x00, 0x00, 0x00, 0x00, 0x00, 0x00, 0x00, 0x30, 0xFF, 0x8F, 0x00,
    0x00, 0x00, 0x00, 0x00, 0x00, 0x00, 0x00, 0x00, 0x00, 0x00, 0x00, 0x00, 0x00, 0x84, 0x78, 0x01,
    // Unicode: [0x0052, R]
    0xF3, 0xFF, 0xFF, 0xFF, 0xFF, 0xFF, 0xEF, 0xBD, 0x48, 0x00, 0x00, 0x00, 0x00, 0xF3, 0xFF, 0xFF,
    0xFF, 0xFF, 0xFF, 0xFF, 0xFF, 0xFF, 0x5D, 0x00, 0x00, 0x00, 0xF3, 0xFF, 0xFF, 0xFF, 0xFF, 0xFF,
    0xFF, 0xFF, 0xFF, 0xFF, 0x09, 0x00, 0x00, 0xF3, 0xFF, 0x26, 0x22, 0x22, 0x22, 0x32, 0x84, 0xFC,
    0xFF, 0xBF, 0x00, 0x00, 0xF3, 0xFF, 0x04, 0x00, 0x00, 0x00, 0x00, 0x00, 0x40, 0xFE, 0xFF, 0x07,
    0x00, 0xF3, 0xFF, 0x04, 0x00, 0x00, 0x00, 0x00, 0x00, 0x00, 0xE2, 0xFF, 0x2F, 0x00, 0xF3, 0xFF,
    0x04, 0x00, 0x00, 0x00, 0x00, 0x00, 0x00, 0x40, 0xFF, 0x8F, 0x00, 0xF3, 0xFF, 0x04, 0x00, 0x00,
    0x00, 0x00, 0x00, 0x00, 0x00, 0xFB, 0xDF, 0x00, 0xF3, 0xFF, 0x04, 0x00, 0x00, 0x00, 0x00, 0x00,
    0x00, 0x00, 0xF6, 0xFF, 0x02, 0xF3, 0xFF, 0x04, 0x00, 0x00, 0x00, 0x00, 0x00, 0x00, 0x00, 0xF3,
    0xFF, 0x04, 0xF3, 0xFF, 0x04, 0x00, 0x00, 0x00, 0x00, 0x00, 0x00, 0x00, 0xF1, 0xFF, 0x05, 0xF3,
    0xFF, 0x04, 0x00, 0x00, 0x00, 0x00, 0x00, 0x00, 0x00, 0xF1, 0xFF, 0x06, 0xF3, 0xFF, 0x04, 0x00,
    0x00, 0x00, 0x00, 0x00, 0x00, 0x00, 0xF2, 0xFF, 0x05, 0xF3, 0xFF, 0x04, 0x00, 0x00, 0x00, 0x00,
    0x00, 0x00, 0x00, 0xF5, 0xFF, 0x03, 0xF3, 0xFF, 0x04, 0x00, 0x00, 0x00, 0x00, 0x00, 0x00, 0x00,
    0xF9, 0xFF, 0x00, 0xF3, 0xFF, 0x04, 0x00, 0x00, 0x00, 0x00, 0x00, 0x00, 0x20, 0xFF, 0xAF, 0x00,
    0xF3, 0xFF, 0x04, 0x00, 0x00, 0x00, 0x00, 0x00, 0x00, 0xC0, 0xFF, 0x4F, 0x00, 0xF3, 0xFF, 0x04,
    0x00, 0x00, 0x00, 0x00, 0x00, 0x20, 0xFC, 0xFF, 0x0B, 0x00, 0xF3, 0xFF, 0x04, 0x00, 0x00, 0x00,
    0x10, 0x52, 0xFA, 0xFF, 0xDF, 0x01, 0x00, 0xF3, 0xFF, 0xFF, 0xFF, 0xFF, 0xFF, 0xFF, 0xFF, 0xFF,
    0xFF, 0x2D, 0x00, 0x00, 0xF3, 0xFF, 0xFF, 0xFF, 0xFF, 0xFF, 0xFF, 0xFF, 0xFF, 0x8E, 0x01, 0x00,
    0x00, 0xF3, 0xFF, 0xFF, 0xFF, 0xFF, 0xFF, 0xFF, 0xFF, 0xCF, 0x01, 0x00, 0x00, 0x00, 0xF3, 0xFF,
    0x26, 0x22, 0x22, 0x22, 0x22, 0xFB, 0xFF, 0x02, 0x00, 0x00, 0x00, 0xF3, 0xFF, 0x04, 0x00, 0x00,
    0x00, 0x00, 0xF3, 0xFF, 0x0A, 0x00, 0x00, 0x00, 0xF3, 0xFF, 0x04, 0x00, 0x00, 0x00, 0x00, 0xA0,
    0xFF, 0x3F, 0x00, 0x00, 0x00, 0xF3, 0xFF, 0x04, 0x00, 0x00, 0x00, 0x00, 0x30, 0xFF, 0xBF, 0x00,
    0x00, 0x00, 0xF3, 0xFF, 0x04, 0x00, 0x00, 0x00, 0x00, 0x00, 0xFA, 0xFF, 0x05, 0x00, 0x00, 0xF3,
    0xFF, 0x04, 0x00, 0x00, 0x00, 0x00, 0x00, 0xF2, 0xFF, 0x0C, 0x00, 0x00, 0xF3, 0xFF, 0x04, 0x00,
    0x00, 0x00, 0x00, 0x00, 0x90, 0xFF, 0x6F, 0x00, 0x00, 0xF3, 0xFF, 0x04, 0x00, 0x00, 0x00, 0x00,
    0x00, 0x10, 0xFE, 0xDF, 0x00, 0x00, 0xF3, 0xFF, 0x04, 0x00, 0x00, 0x00, 0x00, 0x00, 0x00, 0xF8,
    0xFF, 0x07, 0x00, 0xF3, 0xFF, 0x04, 0x00, 0x00, 0x00, 0x00, 0x00, 0x00, 0xE1, 0xFF, 0x1E, 0x00,
    0xF3, 0xFF, 0x04, 0x00, 0x00, 0x00, 0x00, 0x00, 0x00, 0x70, 0xFF, 0x8F, 0x00, 0xF3, 0xFF, 0x04,
    0x00, 0x00, 0x00, 0x00, 0x00, 0x00, 0x10, 0xFD, 0xEF, 0x01, 0xF3, 0xFF, 0x04, 0x00, 0x00, 0x00,
    0x00, 0x00, 0x00, 0x00, 0xF6, 0xFF, 0x09, 0xF3, 0xFF, 0x04, 0x00, 0x00, 0x00, 0x00, 0x00, 0x00,
    0x00, 0xD0, 0xFF, 0x2F, 0xF3, 0xFF, 0x04, 0x00, 0x00, 0x00, 0x00, 0x00, 0x00, 0x00, 0x50, 0xFF,
    0xAF,
    // Unicode: [0x0053, S]
    0x00, 0x00, 0x00, 0x00, 0x10, 0x64, 0x77, 0x46, 0x02, 0x00, 0x00, 0x00, 0x00, 0x00, 0x00, 0x00,
    0x61, 0xFC, 0xFF, 0xFF, 0xFF, 0xDF, 0x17, 0x00, 0x00, 0x00, 0x00, 0x00, 0x50, 0xFE, 0xFF, 0xFF,
    0xFF, 0xFF, 0xFF, 0xEF, 0x06, 0x00, 0x00, 0x00, 0x00, 0xF9, 0xFF, 0xFF, 0xBE, 0xAA, 0xEC, 0xFF,
    0xFF, 0xAF, 0x00, 0x00, 0x00, 0x90, 0xFF, 0xFF, 0x39, 0x00, 0x00, 0x00, 0xA3, 0xFF, 0xFF, 0x0A,
    0x00, 0x00, 0xF6, 0xFF, 0x3D, 0x00, 0x00, 0x00, 0x00, 0x00, 0xE3, 0xFF, 0x6F, 0x00, 0x10, 0xFE,
    0xDF, 0x01, 0x00, 0x00, 0x00, 0x00, 0x00, 0x20, 0xFE, 0xEF, 0x01, 0x60, 0xFF, 0x4F, 0x00, 0x00,
    0x00, 0x00, 0x00, 0x00, 0x00, 0xF5, 0xFF, 0x06, 0xA0, 0xFF, 0x0D, 0x00, 0x00, 0x00, 0x00, 0x00,
    0x00, 0x00, 0xD0, 0xFF, 0x0A, 0xC0, 0xFF, 0x09, 0x00, 0x00, 0x00, 0x00, 0x00, 0x00, 0x00, 0x90,
    0xFF, 0x0D, 0xD0, 0xFF, 0x08, 0x00, 0x00, 0x00, 0x00, 0x00, 0x00, 0x00, 0x20, 0x44, 0x04, 0xC0,
    0xFF, 0x09, 0x00, 0x00, 0x00, 0x00, 0x00, 0x00, 0x00, 0x00, 0x00, 0x00, 0xA0, 0xFF, 0x0E, 0x00,
    0x00, 0x00, 0x00, 0x00, 0x00, 0x00, 0x00, 0x00, 0x00, 0x60, 0xFF, 0x8F, 0x00, 0x00, 0x00, 0x00,
    0x00, 0x00, 0x00, 0x00, 0x00, 0x00, 0x00, 0xFD, 0xFF, 0x08, 0x00, 0x00, 0x00, 0x00, 0x00, 0x00,
    0x00, 0x00, 0x00, 0x00, 0xF5, 0xFF, 0xCF, 0x03, 0x00, 0x00, 0x00, 0x00, 0x00, 0x00, 0x00, 0x00,
    0x00, 0x60, 0xFF, 0xFF, 0xBF, 0x15, 0x00, 0x00, 0x00, 0x00, 0x00, 0x00, 0x00, 0x00, 0x00, 0xE4,
    0xFF, 0xFF, 0xFF, 0x6B, 0x02, 0x00, 0x00, 0x00, 0x00, 0x00, 0x00, 0x00, 0x10, 0xE8, 0xFF, 0xFF,
    0xFF, 0xDF, 0x28, 0x00, 0x00, 0x00, 0x00, 0x00, 0x00, 0x00, 0x10, 0xC7, 0xFF, 0xFF, 0xFF, 0xFF,
    0x4B, 0x00, 0x00, 0x00, 0x00, 0x00, 0x00, 0x00, 0x00, 0x62, 0xEB, 0xFF, 0xFF, 0xFF, 0x2B, 0x00,
    0x00, 0x00, 0x00, 0x00, 0x00, 0x00, 0x00, 0x10, 0xA5, 0xFE, 0xFF, 0xFF, 0x06, 0x00, 0x00, 0x00,
    0x00, 0x00, 0x00, 0x00, 0x00, 0x00, 0x61, 0xFD, 0xFF, 0x5F, 0x00, 0x00, 0x00, 0x00, 0x00, 0x00,
    0x00, 0x00, 0x00, 0x00, 0x70, 0xFF, 0xFF, 0x03, 0x00, 0x00, 0x00, 0x00, 0x00, 0x00, 0x00, 0x00,
    0x00, 0x00, 0xF4, 0xFF, 0x0B, 0x00, 0x00, 0x00, 0x00, 0x00, 0x00, 0x00, 0x00, 0x00, 0x00, 0x80,
    0xFF, 0x1F, 0x00, 0x00, 0x00, 0x00, 0x00, 0x00, 0x00, 0x00, 0x00, 0x00, 0x30, 0xFF, 0x4F, 0x00,
    0x00, 0x00, 0x00, 0x00, 0x00, 0x00, 0x00, 0x00, 0x00, 0x00, 0xFF, 0x6F, 0x75, 0x57, 0x00, 0x00,
    0x00, 0x00, 0x00, 0x00, 0x00, 0x00, 0x00, 0xFF, 0x6F, 0xFA, 0xDF, 0x00, 0x00, 0x00, 0x00, 0x00,
    0x00, 0x00, 0x00, 0x20, 0xFF, 0x5F, 0xF8, 0xFF, 0x02, 0x00, 0x00, 0x00, 0x00, 0x00, 0x00, 0x00,
    0x70, 0xFF, 0x2F, 0xF3, 0xFF, 0x09, 0x00, 0x00, 0x00, 0x00, 0x00, 0x00, 0x00, 0xE1, 0xFF, 0x0C,
    0xC0, 0xFF, 0x5F, 0x00, 0x00, 0x00, 0x00, 0x00, 0x00, 0x10, 0xFC, 0xFF, 0x06, 0x30, 0xFF, 0xFF,
    0x07, 0x00, 0x00, 0x00, 0x00, 0x00, 0xC3, 0xFF, 0xCF, 0x00, 0x00, 0xF6, 0xFF, 0xDF, 0x27, 0x00,
    0x00, 0x00, 0x94, 0xFF, 0xFF, 0x2E, 0x00, 0x00, 0x70, 0xFF, 0xFF, 0xFF, 0xCE, 0xCB, 0xFD, 0xFF,
    0xFF, 0xDF, 0x02, 0x00, 0x00, 0x00, 0xD3, 0xFF, 0xFF, 0xFF, 0xFF, 0xFF, 0xFF, 0xFF, 0x19, 0x00,
    0x00, 0x00, 0x00, 0x00, 0xB5, 0xFE, 0xFF, 0xFF, 0xFF, 0xDF, 0x28, 0x00, 0x00, 0x00, 0x00, 0x00,
    0x00, 0x00, 0x30, 0x65, 0x77, 0x46, 0x02, 0x00, 0x00, 0x00, 0x00,
    // Unicode: [0x0054, T]
    0xF5, 0xFF, 0xFF, 0xFF, 0xFF, 0xFF, 0xFF, 0xFF, 0xFF, 0xFF, 0xFF, 0xFF, 0xFF, 0x2F, 0xF5, 0xFF,
    0xFF, 0xFF, 0xFF, 0xFF, 0xFF, 0xFF, 0xFF, 0xFF, 0xFF, 0xFF, 0xFF, 0x2F, 0xF5, 0xFF, 0xFF, 0xFF,
    0xFF, 0xFF, 0xFF, 0xFF, 0xFF, 0xFF, 0xFF, 0xFF, 0xFF, 0x2F, 0x21, 0x22, 0x22, 0x22, 0x22, 0x22,
    0xFD, 0xBF, 0x22, 0x22, 0x22, 0x22, 0x22, 0x02, 0x00, 0x00, 0x00, 0x00, 0x00, 0x00, 0xFC, 0xAF,
    0x00, 0x00, 0x00, 0x00, 0x00, 0x00, 0x00, 0x00, 0x00, 0x00, 0x00, 0x00, 0xFC, 0xAF, 0x00, 0x00,
    0x00, 0x00, 0x00, 0x00, 0x00, 0x00, 0x00, 0x00, 0x00, 0x00, 0xFC, 0xAF, 0x00, 0x00, 0x00, 0x00,
    0x00, 0x00, 0x00, 0x00, 0x00, 0x00, 0x00, 0x00, 0xFC, 0xAF, 0x00, 0x00, 0x00, 0x00, 0x00, 0x00,
    0x00, 0x00, 0x00, 0x00, 0x00, 0x00, 0xFC, 0xAF, 0x00, 0x00, 0x00, 0x00, 0x00, 0x00, 0x00, 0x00,
    0x00, 0x00, 0x00, 0x00, 0xFC, 0xAF, 0x00, 0x00, 0x00, 0x00, 0x00, 0x00, 0x00, 0x00, 0x00, 0x00,
    0x00, 0x00, 0xFC, 0xAF, 0x00, 0x00, 0x00, 0x00, 0x00, 0x00, 0x00, 0x00, 0x00, 0x00, 0x00, 0x00,
    0xFC, 0xAF, 0x00, 0x00, 0x00, 0x00, 0x00, 0x00, 0x00, 0x00, 0x00, 0x00, 0x00, 0x00, 0xFC, 0xAF,
    0x00, 0x00, 0x00, 0x00, 0x00, 0x00, 0x00, 0x00, 0x00, 0x00, 0x00, 0x00, 0xFC, 0xAF, 0x00, 0x00,
    0x00, 0x00, 0x00, 0x00, 0x00, 0x00, 0x00, 0x00, 0x00, 0x00, 0xFC, 0xAF, 0x00, 0x00, 0x00, 0x00,
    0x00, 0x00, 0x00, 0x00, 0x00, 0x00, 0x00, 0x00, 0xFC, 0xAF, 0x00, 0x00, 0x00, 0x00, 0x00, 0x00,
    0x00, 0x00, 0x00, 0x00, 0x00, 0x00, 0xFC, 0xAF, 0x00, 0x00, 0x00, 0x00, 0x00, 0x00, 0x00, 0x00,
    0x00, 0x00, 0x00, 0x00, 0xFC, 0xAF, 0x00, 0x00, 0x00, 0x00, 0x00, 0x00, 0x00, 0x00, 0x00, 0x00,
    0x00, 0x00, 0xFC, 0xAF, 0x00, 0x00, 0x00, 0x00, 0x00, 0x00, 0x00, 0x00, 0x00, 0x00, 0x00, 0x00,
    0xFC, 0xAF, 0x00, 0x00, 0x00, 0x00, 0x00, 0x00, 0x00, 0x00, 0x00, 0x00, 0x00, 0x00, 0xFC, 0xAF,
    0x00, 0x00, 0x00, 0x00, 0x00, 0x00, 0x00, 0x00, 0x00, 0x00, 0x00, 0x00, 0xFC, 0xAF, 0x00, 0x00,
    0x00, 0x00, 0x00, 0x00, 0x00, 0x00, 0x00, 0x00, 0x00, 0x00, 0xFC, 0xAF, 0x00, 0x00, 0x00, 0x00,
    0x00, 0x00, 0x00, 0x00, 0x00, 0x00, 0x00, 0x00, 0xFC, 0xAF, 0x00, 0x00, 0x00, 0x00, 0x00, 0x00,
    0x00, 0x00, 0x00, 0x00, 0x00, 0x00, 0xFC, 0xAF, 0x00, 0x00, 0x00, 0x00, 0x00, 0x00, 0x00, 0x00,
    0x00, 0x00, 0x00, 0x00, 0xFC, 0xAF, 0x00, 0x00, 0x00, 0x00, 0x00, 0x00, 0x00, 0x00, 0x00, 0x00,
    0x00, 0x00, 0xFC, 0xAF, 0x00, 0x00, 0x00, 0x00, 0x00, 0x00, 0x00, 0x00, 0x00, 0x00, 0x00, 0x00,
    0xFC, 0xAF, 0x00, 0x00, 0x00, 0x00, 0x00, 0x00, 0x00, 0x00, 0x00, 0x00, 0x00, 0x00, 0xFC, 0xAF,
    0x00, 0x00, 0x00, 0x00, 0x00, 0x00, 0x00, 0x00, 0x00, 0x00, 0x00, 0x00, 0xFC, 0xAF, 0x00, 0x00,
    0x00, 0x00, 0x00, 0x00, 0x00, 0x00, 0x00, 0x00, 0x00, 0x00, 0xFC, 0xAF, 0x00, 0x00, 0x00, 0x00,
    0x00, 0x00, 0x00, 0x00, 0x00, 0x00, 0x00, 0x00, 0xFC, 0xAF, 0x00, 0x00, 0x00, 0x00, 0x00, 0x00,
    0x00, 0x00, 0x00, 0x00, 0x00, 0x00, 0xFC, 0xAF, 0x00, 0x00, 0x00, 0x00, 0x00, 0x00, 0x00, 0x00,
    0x00, 0x00, 0x00, 0x00, 0xFC, 0xAF, 0x00, 0x00, 0x00, 0x00, 0x00, 0x00, 0x00, 0x00, 0x00, 0x00,
    0x00, 0x00, 0xFC, 0xAF, 0x00, 0x00, 0x00, 0x00, 0x00, 0x00, 0x00, 0x00, 0x00, 0x00, 0x00, 0x00,
    0xFC, 0xAF, 0x00, 0x00, 0x00, 0x00, 0x00, 0x00, 0x00, 0x00, 0x00, 0x00, 0x00, 0x00, 0xFC, 0xAF,
    0x00, 0x00, 0x00, 0x00, 0x00, 0x00,
    // Unicode: [0x0055, U]
    0xF7, 0xFF, 0x00, 0x00, 0x00, 0x00, 0x00, 0x00, 0x00, 0x00, 0x00, 0x00, 0xF4, 0xFF, 0x04, 0xF7,
    0xFF, 0x00, 0x00, 0x00, 0x00, 0x00, 0x00, 0x00, 0x00, 0x00, 0x00, 0xF4, 0xFF, 0x04, 0xF7, 0xFF,
    0x00, 0x00, 0x00, 0x00, 0x00, 0x00, 0x00, 0x00, 0x00, 0x00, 0xF4, 0xFF, 0x04, 0xF7, 0xFF, 0x00,
    0x00, 0x00, 0x00, 0x00, 0x00, 0x00, 0x00, 0x00, 0x00, 0xF4, 0xFF, 0x04, 0xF7, 0xFF, 0x00, 0x00,
    0x00, 0x00, 0x00, 0x00, 0x00, 0x00, 0x00, 0x00, 0xF4, 0xFF, 0x04, 0xF7, 0xFF, 0x00, 0x00, 0x00,
    0x00, 0x00, 0x00, 0x00, 0x00, 0x00, 0x00, 0xF4, 0xFF, 0x04, 0xF7, 0xFF, 0x00, 0x00, 0x00, 0x00,
    0x00, 0x00, 0x00, 0x00, 0x00, 0x00, 0xF4, 0xFF, 0x04, 0xF7, 0xFF, 0x00, 0x00, 0x00, 0x00, 0x00,
    0x00, 0x00, 0x00, 0x00, 0x00, 0xF4, 0xFF, 0x04, 0xF7, 0xFF, 0x00, 0x00, 0x00, 0x00, 0x00, 0x00,
    0x00, 0x00, 0x00, 0x00, 0xF4, 0xFF, 0x04, 0xF7, 0xFF, 0x00, 0x00, 0x00, 0x00, 0x00, 0x00, 0x00,
    0x00, 0x00, 0x00, 0xF4, 0xFF, 0x04, 0xF7, 0xFF, 0x00, 0x00, 0x00, 0x00, 0x00, 0x00, 0x00, 0x00,
    0x00, 0x00, 0xF4, 0xFF, 0x04, 0xF7, 0xFF, 0x00, 0x00, 0x00, 0x00, 0x00, 0x00, 0x00, 0x00, 0x00,
    0x00, 0xF4, 0xFF, 0x04, 0xF7, 0xFF, 0x00, 0x00, 0x00, 0x00, 0x00, 0x00, 0x00, 0x00, 0x00, 0x00,
    0xF4, 0xFF, 0x04, 0xF7, 0xFF, 0x00, 0x00, 0x00, 0x00, 0x00, 0x00, 0x00, 0x00, 0x00, 0x00, 0xF4,
    0xFF, 0x04, 0xF7, 0xFF, 0x00, 0x00, 0x00, 0x00, 0x00, 0x00, 0x00, 0x00, 0x00, 0x00, 0xF4, 0xFF,
    0x04, 0xF7, 0xFF, 0x00, 0x00, 0x00, 0x00, 0x00, 0x00, 0x00, 0x00, 0x00, 0x00, 0xF4, 0xFF, 0x04,
    0xF7, 0xFF, 0x00, 0x00, 0x00, 0x00, 0x00, 0x00, 0x00, 0x00, 0x00, 0x00, 0xF4, 0xFF, 0x04, 0xF7,
    0xFF, 0x00, 0x00, 0x00, 0x00, 0x00, 0x00, 0x00, 0x00, 0x00, 0x00, 0xF4, 0xFF, 0x04, 0xF7, 0xFF,
    0x00, 0x00, 0x00, 0x00, 0x00, 0x00, 0x00, 0x00, 0x00, 0x00, 0xF4, 0xFF, 0x04, 0xF7, 0xFF, 0x00,
    0x00, 0x00, 0x00, 0x00, 0x00, 0x00, 0x00, 0x00, 0x00, 0xF4, 0xFF, 0x04, 0xF7, 0xFF, 0x00, 0x00,
    0x00, 0x00, 0x00, 0x00, 0x00, 0x00, 0x00, 0x00, 0xF4, 0xFF, 0x04, 0xF7, 0xFF, 0x00, 0x00, 0x00,
    0x00, 0x00, 0x00, 0x00, 0x00, 0x00, 0x00, 0xF4, 0xFF, 0x04, 0xF7, 0xFF, 0x00, 0x00, 0x00, 0x00,
    0x00, 0x00, 0x00, 0x00, 0x00, 0x00, 0xF4, 0xFF, 0x04, 0xF7, 0xFF, 0x00, 0x00, 0x00, 0x00, 0x00,
    0x00, 0x00, 0x00, 0x00, 0x00, 0xF4, 0xFF, 0x04, 0xF6, 0xFF, 0x01, 0x00, 0x00, 0x00, 0x00, 0x00,
    0x00, 0x00, 0x00, 0x00, 0xF4, 0xFF, 0x03, 0xF6, 0xFF, 0x02, 0x00, 0x00, 0x00, 0x00, 0x00, 0x00,
    0x00, 0x00, 0x00, 0xF5, 0xFF, 0x02, 0xF4, 0xFF, 0x04, 0x00, 0x00, 0x00, 0x00, 0x00, 0x00, 0x00,
    0x00, 0x00, 0xF7, 0xFF, 0x01, 0xF1, 0xFF, 0x08, 0x00, 0x00, 0x00, 0x00, 0x00, 0x00, 0x00, 0x00,
    0x00, 0xFB, 0xDF, 0x00, 0xC0, 0xFF, 0x0D, 0x00, 0x00, 0x00, 0x00, 0x00, 0x00, 0x00, 0x00, 0x20,
    0xFF, 0x9F, 0x00, 0x70, 0xFF, 0x7F, 0x00, 0x00, 0x00, 0x00, 0x00, 0x00, 0x00, 0x00, 0x90, 0xFF,
    0x4F, 0x00, 0x10, 0xFE, 0xEF, 0x03, 0x00, 0x00, 0x00, 0x00, 0x00, 0x00, 0x00, 0xF5, 0xFF, 0x0C,
    0x00, 0x00, 0xF7, 0xFF, 0x2D, 0x00, 0x00, 0x00, 0x00, 0x00, 0x00, 0x40, 0xFE, 0xFF, 0x04, 0x00,
    0x00, 0xB0, 0xFF, 0xEF, 0x05, 0x00, 0x00, 0x00, 0x00, 0x00, 0xF7, 0xFF, 0x8F, 0x00, 0x00, 0x00,
    0x10, 0xFC, 0xFF, 0xCF, 0x16, 0x00, 0x00, 0x20, 0xD7, 0xFF, 0xFF, 0x0A, 0x00, 0x00, 0x00, 0x00,
    0xA1, 0xFF, 0xFF, 0xFF, 0xCE, 0xCB, 0xFE, 0xFF, 0xFF, 0x8F, 0x00, 0x00, 0x00, 0x00, 0x00, 0x00,
    0xE6, 0xFF, 0xFF, 0xFF, 0xFF, 0xFF, 0xFF, 0xDF, 0x04, 0x00, 0x00, 0x00, 0x00, 0x00, 0x00, 0x10,
    0xB6, 0xFF, 0xFF, 0xFF, 0xFF, 0xBF, 0x05, 0x00, 0x00, 0x00, 0x00, 0x00, 0x00, 0x00, 0x00, 0x00,
    0x41, 0x76, 0x77, 0x36, 0x01, 0x00, 0x00, 0x00, 0x00, 0x00,
    // Unicode: [0x0056, V]
    0xF6, 0xFF, 0x03, 0x00, 0x00, 0x00, 0x00, 0x00, 0x00, 0x00, 0x00, 0x00, 0x00, 0x90, 0xFF, 0x2F,
    0xF1, 0xFF, 0x08, 0x00, 0x00, 0x00, 0x00, 0x00, 0x00, 0x00, 0x00, 0x00, 0x00, 0xE0, 0xFF, 0x0B,
    0xB0, 0xFF, 0x0E, 0x00, 0x00, 0x00, 0x00, 0x00, 0x00, 0x00, 0x00, 0x00, 0x00, 0xF4, 0xFF, 0x06,
    0x50, 0xFF, 0x4F, 0x00, 0x00, 0x00, 0x00, 0x00, 0x00, 0x00, 0x00, 0x00, 0x00, 0xFA, 0xEF, 0x01,
    0x00, 0xFE, 0xAF, 0x00, 0x00, 0x00, 0x00, 0x00, 0x00, 0x00, 0x00, 0x00, 0x10, 0xFE, 0xAF, 0x00,
    0x00, 0xF9, 0xEF, 0x01, 0x00, 0x00, 0x00, 0x00, 0x00, 0x00, 0x00, 0x00, 0x50, 0xFF, 0x4F, 0x00,
    0x00, 0xF4, 0xFF, 0x05, 0x00, 0x00, 0x00, 0x00, 0x00, 0x00, 0x00, 0x00, 0xA0, 0xFF, 0x0E, 0x00,
    0x00, 0xD0, 0xFF, 0x0B, 0x00, 0x00, 0x00, 0x00, 0x00, 0x00, 0x00, 0x00, 0xF1, 0xFF, 0x09, 0x00,
    0x00, 0x80, 0xFF, 0x1F, 0x00, 0x00, 0x00, 0x00, 0x00, 0x00, 0x00, 0x00, 0xF6, 0xFF, 0x03, 0x00,
    0x00, 0x20, 0xFF, 0x6F, 0x00, 0x00, 0x00, 0x00, 0x00, 0x00, 0x00, 0x00, 0xFB, 0xDF, 0x00, 0x00,
    0x00, 0x00, 0xFC, 0xCF, 0x00, 0x00, 0x00, 0x00, 0x00, 0x00, 0x00, 0x20, 0xFF, 0x7F, 0x00, 0x00,
    0x00, 0x00, 0xF6, 0xFF, 0x02, 0x00, 0x00, 0x00, 0x00, 0x00, 0x00, 0x70, 0xFF, 0x2F, 0x00, 0x00,
    0x00, 0x00, 0xF1, 0xFF, 0x07, 0x00, 0x00, 0x00, 0x00, 0x00, 0x00, 0xC0, 0xFF, 0x0C, 0x00, 0x00,
    0x00, 0x00, 0xB0, 0xFF, 0x0D, 0x00, 0x00, 0x00, 0x00, 0x00, 0x00, 0xF2, 0xFF, 0x06, 0x00, 0x00,
    0x00, 0x00, 0x50, 0xFF, 0x3F, 0x00, 0x00, 0x00, 0x00, 0x00, 0x00, 0xF8, 0xFF, 0x01, 0x00, 0x00,
    0x00, 0x00, 0x00, 0xFE, 0x8F, 0x00, 0x00, 0x00, 0x00, 0x00, 0x00, 0xFD, 0xAF, 0x00, 0x00, 0x00,
    0x00, 0x00, 0x00, 0xF9, 0xEF, 0x00, 0x00, 0x00, 0x00, 0x00, 0x30, 0xFF, 0x5F, 0x00, 0x00, 0x00,
    0x00, 0x00, 0x00, 0xF4, 0xFF, 0x04, 0x00, 0x00, 0x00, 0x00, 0x80, 0xFF, 0x0E, 0x00, 0x00, 0x00,
    0x00, 0x00, 0x00, 0xD0, 0xFF, 0x0A, 0x00, 0x00, 0x00, 0x00, 0xD0, 0xFF, 0x09, 0x00, 0x00, 0x00,
    0x00, 0x00, 0x00, 0x80, 0xFF, 0x1E, 0x00, 0x00, 0x00, 0x00, 0xF4, 0xFF, 0x04, 0x00, 0x00, 0x00,
    0x00, 0x00, 0x00, 0x20, 0xFF, 0x5F, 0x00, 0x00, 0x00, 0x00, 0xF9, 0xDF, 0x00, 0x00, 0x00, 0x00,
    0x00, 0x00, 0x00, 0x00, 0xFC, 0xBF, 0x00, 0x00, 0x00, 0x00, 0xFE, 0x8F, 0x00, 0x00, 0x00, 0x00,
    0x00, 0x00, 0x00, 0x00, 0xF6, 0xFF, 0x01, 0x00, 0x00, 0x50, 0xFF, 0x2F, 0x00, 0x00, 0x00, 0x00,
    0x00, 0x00, 0x00, 0x00, 0xF1, 0xFF, 0x06, 0x00, 0x00, 0xA0, 0xFF, 0x0C, 0x00, 0x00, 0x00, 0x00,
    0x00, 0x00, 0x00, 0x00, 0xB0, 0xFF, 0x0C, 0x00, 0x00, 0xE1, 0xFF, 0x07, 0x00, 0x00, 0x00, 0x00,
    0x00, 0x00, 0x00, 0x00, 0x50, 0xFF, 0x2F, 0x00, 0x00, 0xF5, 0xFF, 0x01, 0x00, 0x00, 0x00, 0x00,
    0x00, 0x00, 0x00, 0x00, 0x00, 0xFE, 0x7F, 0x00, 0x00, 0xFA, 0xBF, 0x00, 0x00, 0x00, 0x00, 0x00,
    0x00, 0x00, 0x00, 0x00, 0x00, 0xF9, 0xCF, 0x00, 0x10, 0xFF, 0x5F, 0x00, 0x00, 0x00, 0x00, 0x00,
    0x00, 0x00, 0x00, 0x00, 0x00, 0xF4, 0xFF, 0x02, 0x50, 0xFF, 0x1E, 0x00, 0x00, 0x00, 0x00, 0x00,
    0x00, 0x00, 0x00, 0x00, 0x00, 0xD0, 0xFF, 0x07, 0xA0, 0xFF, 0x09, 0x00, 0x00, 0x00, 0x00, 0x00,
    0x00, 0x00, 0x00, 0x00, 0x00, 0x80, 0xFF, 0x0C, 0xE0, 0xFF, 0x04, 0x00, 0x00, 0x00, 0x00, 0x00,
    0x00, 0x00, 0x00, 0x00, 0x00, 0x20, 0xFF, 0x1F, 0xF5, 0xDF, 0x00, 0x00, 0x00, 0x00, 0x00, 0x00,
    0x00, 0x00, 0x00, 0x00, 0x00, 0x00, 0xFC, 0x6F, 0xF9, 0x8F, 0x00, 0x00, 0x00, 0x00, 0x00, 0x00,
    0x00, 0x00, 0x00, 0x00, 0x00, 0x00, 0xF6, 0xBF, 0xFE, 0x3F, 0x00, 0x00, 0x00, 0x00, 0x00, 0x00,
    0x00, 0x00, 0x00, 0x00, 0x00, 0x00, 0xF1, 0xFF, 0xFF, 0x0C, 0x00, 0x00, 0x00, 0x00, 0x00, 0x00,
    0x00, 0x00, 0x00, 0x00, 0x00, 0x00, 0xB0, 0xFF, 0xFF, 0x07, 0x00, 0x00, 0x00, 0x00, 0x00, 0x00,
    0x00, 0x00, 0x00, 0x00, 0x00, 0x00, 0x50, 0xFF, 0xFF, 0x02, 0x00, 0x00, 0x00, 0x00, 0x00, 0x00,
    // Unicode: [0x0057, W]
    0xF7, 0xFF, 0x01, 0x00, 0x00, 0x00, 0x00, 0x00, 0x00, 0x00, 0xF1, 0xFF, 0x5F, 0x00, 0x00, 0x00,
    0x00, 0x00, 0x00, 0x00, 0x00, 0xFC, 0xCF, 0xF3, 0xFF, 0x05, 0x00, 0x00, 0x00, 0x00, 0x00, 0x00,
    0x00, 0xF4, 0xFF, 0x9F, 0x00, 0x00, 0x00, 0x00, 0x00, 0x00, 0x00, 0x10, 0xFF, 0x8F, 0xE0, 0xFF,
    0x09, 0x00, 0x00, 0x00, 0x00, 0x00, 0x00, 0x00, 0xF8, 0xFF, 0xDF, 0x00, 0x00, 0x00, 0x00, 0x00,
    0x00, 0x00, 0x40, 0xFF, 0x4F, 0xA0, 0xFF, 0x0D, 0x00, 0x00, 0x00, 0x00, 0x00, 0x00, 0x00, 0xFC,
    0xFF, 0xFF, 0x02, 0x00, 0x00, 0x00, 0x00, 0x00, 0x00, 0x80, 0xFF, 0x0E, 0x60, 0xFF, 0x2F, 0x00,
    0x00, 0x00, 0x00, 0x00, 0x00, 0x10, 0xFF, 0xBE, 0xFF, 0x06, 0x00, 0x00, 0x00, 0x00, 0x00, 0x00,
    0xC0, 0xFF, 0x0B, 0x20, 0xFF, 0x6F, 0x00, 0x00, 0x00, 0x00, 0x00, 0x00, 0x50, 0xFF, 0x8B, 0xFF,
    0x0A, 0x00, 0x00, 0x00, 0x00, 0x00, 0x00, 0xF1, 0xFF, 0x07, 0x00, 0xFD, 0xAF, 0x00, 0x00, 0x00,
    0x00, 0x00, 0x00, 0x90, 0xFF, 0x48, 0xFF, 0x0E, 0x00, 0x00, 0x00, 0x00, 0x00, 0x00, 0xF5, 0xFF,
    0x03, 0x00, 0xF9, 0xEF, 0x00, 0x00, 0x00, 0x00, 0x00, 0x00, 0xD0, 0xFF, 0x15, 0xFF, 0x2F, 0x00,
    0x00, 0x00, 0x00, 0x00, 0x00, 0xF9, 0xEF, 0x00, 0x00, 0xF5, 0xFF, 0x03, 0x00, 0x00, 0x00, 0x00,
    0x00, 0xF2, 0xFF, 0x02, 0xFD, 0x6F, 0x00, 0x00, 0x00, 0x00, 0x00, 0x00, 0xFD, 0xAF, 0x00, 0x00,
    0xF1, 0xFF, 0x07, 0x00, 0x00, 0x00, 0x00, 0x00, 0xF6, 0xDF, 0x00, 0xF9, 0xAF, 0x00, 0x00, 0x00,
    0x00, 0x00, 0x20, 0xFF, 0x5F, 0x00, 0x00, 0xB0, 0xFF, 0x0B, 0x00, 0x00, 0x00, 0x00, 0x00, 0xFA,
    0xAF, 0x00, 0xF5, 0xEF, 0x00, 0x00, 0x00, 0x00, 0x00, 0x60, 0xFF, 0x1F, 0x00, 0x00, 0x70, 0xFF,
    0x0E, 0x00, 0x00, 0x00, 0x00, 0x00, 0xFD, 0x6F, 0x00, 0xF2, 0xFF, 0x03, 0x00, 0x00, 0x00, 0x00,
    0xA0, 0xFF, 0x0C, 0x00, 0x00, 0x30, 0xFF, 0x3F, 0x00, 0x00, 0x00, 0x00, 0x20, 0xFF, 0x2F, 0x00,
    0xD0, 0xFF, 0x07, 0x00, 0x00, 0x00, 0x00, 0xE0, 0xFF, 0x08, 0x00, 0x00, 0x00, 0xFE, 0x7F, 0x00,
    0x00, 0x00, 0x00, 0x60, 0xFF, 0x0D, 0x00, 0x90, 0xFF, 0x0B, 0x00, 0x00, 0x00, 0x00, 0xF3, 0xFF,
    0x04, 0x00, 0x00, 0x00, 0xFA, 0xBF, 0x00, 0x00, 0x00, 0x00, 0xA0, 0xFF, 0x09, 0x00, 0x50, 0xFF,
    0x0E, 0x00, 0x00, 0x00, 0x00, 0xF7, 0xEF, 0x00, 0x00, 0x00, 0x00, 0xF6, 0xFF, 0x01, 0x00, 0x00,
    0x00, 0xE0, 0xFF, 0x05, 0x00, 0x10, 0xFF, 0x4F, 0x00, 0x00, 0x00, 0x00, 0xFB, 0xBF, 0x00, 0x00,
    0x00, 0x00, 0xF2, 0xFF, 0x04, 0x00, 0x00, 0x00, 0xF3, 0xFF, 0x01, 0x00, 0x00, 0xFC, 0x8F, 0x00,
    0x00, 0x00, 0x00, 0xFE, 0x7F, 0x00, 0x00, 0x00, 0x00, 0xD0, 0xFF, 0x08, 0x00, 0x00, 0x00, 0xF7,
    0xCF, 0x00, 0x00, 0x00, 0xF8, 0xCF, 0x00, 0x00, 0x00, 0x30, 0xFF, 0x3F, 0x00, 0x00, 0x00, 0x00,
    0x90, 0xFF, 0x0C, 0x00, 0x00, 0x00, 0xFB, 0x8F, 0x00, 0x00, 0x00, 0xF4, 0xFF, 0x01, 0x00, 0x00,
    0x70, 0xFF, 0x0E, 0x00, 0x00, 0x00, 0x00, 0x50, 0xFF, 0x1F, 0x00, 0x00, 0x00, 0xFF, 0x4F, 0x00,
    0x00, 0x00, 0xE0, 0xFF, 0x05, 0x00, 0x00, 0xB0, 0xFF, 0x0A, 0x00, 0x00, 0x00, 0x00, 0x10, 0xFF,
    0x5F, 0x00, 0x00, 0x40, 0xFF, 0x1F, 0x00, 0x00, 0x00, 0xB0, 0xFF, 0x08, 0x00, 0x00, 0xF1, 0xFF,
    0x05, 0x00, 0x00, 0x00, 0x00, 0x00, 0xFC, 0x9F, 0x00, 0x00, 0x80, 0xFF, 0x0B, 0x00, 0x00, 0x00,
    0x70, 0xFF, 0x0C, 0x00, 0x00, 0xF4, 0xFF, 0x01, 0x00, 0x00, 0x00, 0x00, 0x00, 0xF8, 0xDF, 0x00,
    0x00, 0xC0, 0xFF, 0x07, 0x00, 0x00, 0x00, 0x30, 0xFF, 0x1F, 0x00, 0x00, 0xF8, 0xCF, 0x00, 0x00,
    0x00, 0x00, 0x00, 0x00, 0xF4, 0xFF, 0x02, 0x00, 0xF1, 0xFF, 0x03, 0x00, 0x00, 0x00, 0x00, 0xFE,
    0x5F, 0x00, 0x00, 0xFC, 0x8F, 0x00, 0x00, 0x00, 0x00, 0x00, 0x00, 0xE0, 0xFF, 0x06, 0x00, 0xF5,
    0xEF, 0x00, 0x00, 0x00, 0x00, 0x00, 0xFA, 0x9F, 0x00, 0x10, 0xFF, 0x4F, 0x00, 0x00, 0x00, 0x00,
    0x00, 0x00, 0xA0, 0xFF, 0x09, 0x00, 0xF8, 0xAF, 0x00, 0x00, 0x00, 0x00, 0x00, 0xF6, 0xDF, 0x00,
    0x50, 0xFF, 0x0E, 0x00, 0x00, 0x00, 0x00, 0x00, 0x00, 0x60, 0xFF, 0x0D, 0x00, 0xFC, 0x6F, 0x00,
    0x00, 0x00, 0x00, 0x00, 0xF2, 0xFF, 0x01, 0x90, 0xFF, 0x0B, 0x00, 0x00, 0x00, 0x00, 0x00, 0x00,
    0x20, 0xFF, 0x1F, 0x10, 0xFF, 0x2F, 0x00, 0x00, 0x00, 0x00, 0x00, 0xD0, 0xFF, 0x05, 0xC0, 0xFF,
    0x07, 0x00, 0x00, 0x00, 0x00, 0x00, 0x00, 0x00, 0xFD, 0x5F, 0x50, 0xFF, 0x0D, 0x00, 0x00, 0x00,
    0x00, 0x00, 0x90, 0xFF, 0x08, 0xF1, 0xFF, 0x03, 0x00, 0x00, 0x00, 0x00, 0x00, 0x00, 0x00, 0xF9,
    0x8F, 0x80, 0xFF, 0x09, 0x00, 0x00, 0x00, 0x00, 0x00, 0x50, 0xFF, 0x0C, 0xF5, 0xEF, 0x00, 0x00,
    0x00, 0x00, 0x00, 0x00, 0x00, 0x00, 0xF5, 0xCF, 0xB0, 0xFF, 0x05, 0x00, 0x00, 0x00, 0x00, 0x00,
    0x10, 0xFF, 0x1F, 0xF8, 0x9F, 0x00, 0x00, 0x00, 0x00, 0x00, 0x00, 0x00, 0x00, 0xF1, 0xFF, 0xE1,
    0xFF, 0x01, 0x00, 0x00, 0x00, 0x00, 0x00, 0x00, 0xFC, 0x4F, 0xFB, 0x5F, 0x00, 0x00, 0x00, 0x00,
    0x00, 0x00, 0x00, 0x00, 0xC0, 0xFF, 0xF6, 0xCF, 0x00, 0x00, 0x00, 0x00, 0x00, 0x00, 0x00, 0xF8,
    0x7F, 0xFE, 0x1F, 0x00, 0x00, 0x00, 0x00, 0x00, 0x00, 0x00, 0x00, 0x80, 0xFF, 0xFD, 0x8F, 0x00,
    0x00, 0x00, 0x00, 0x00, 0x00, 0x00, 0xF4, 0xDF, 0xFF, 0x0C, 0x00, 0x00, 0x00, 0x00, 0x00, 0x00,
    0x00, 0x00, 0x40, 0xFF, 0xFF, 0x4F, 0x00, 0x00, 0x00, 0x00, 0x00, 0x00, 0x00, 0xE0, 0xFF, 0xFF,
    0x08, 0x00, 0x00, 0x00, 0x00, 0x00, 0x00, 0x00, 0x00, 0x00, 0xFE, 0xFF, 0x0E, 0x00, 0x00, 0x00,
    0x00, 0x00, 0x00, 0x00, 0xB0, 0xFF, 0xFF, 0x04, 0x00, 0x00, 0x00, 0x00, 0x00, 0x00, 0x00, 0x00,
    0x00, 0xFB, 0xFF, 0x0B, 0x00, 0x00, 0x00, 0x00, 0x00, 0x00, 0x00, 0x70, 0xFF, 0xEF, 0x00, 0x00,
    0x00, 0x00, 0x00,
    // Unicode: [0x0058, X]
    0x80, 0xFF, 0x8F, 0x00, 0x00, 0x00, 0x00, 0x00, 0x00, 0x00, 0x00, 0x00, 0x40, 0xFF, 0xAF, 0x00,
    0x00, 0xFC, 0xFF, 0x03, 0x00, 0x00, 0x00, 0x00, 0x00, 0x00, 0x00, 0x00, 0xD1, 0xFF, 0x1E, 0x00,
    0x00, 0xF3, 0xFF, 0x1D, 0x00, 0x00, 0x00, 0x00, 0x00, 0x00, 0x00, 0x00, 0xFA, 0xFF, 0x05, 0x00,
    0x00, 0x70, 0xFF, 0x8F, 0x00, 0x00, 0x00, 0x00, 0x00, 0x00, 0x00, 0x50, 0xFF, 0x9F, 0x00, 0x00,
    0x00, 0x00, 0xFC, 0xFF, 0x04, 0x00, 0x00, 0x00, 0x00, 0x00, 0x00, 0xE2, 0xFF, 0x1D, 0x00, 0x00,
    0x00, 0x00, 0xE2, 0xFF, 0x1D, 0x00, 0x00, 0x00, 0x00, 0x00, 0x00, 0xFB, 0xFF, 0x04, 0x00, 0x00,
    0x00, 0x00, 0x60, 0xFF, 0x9F, 0x00, 0x00, 0x00, 0x00, 0x00, 0x60, 0xFF, 0x8F, 0x00, 0x00, 0x00,
    0x00, 0x00, 0x00, 0xFB, 0xFF, 0x04, 0x00, 0x00, 0x00, 0x00, 0xE2, 0xFF, 0x0C, 0x00, 0x00, 0x00,
    0x00, 0x00, 0x00, 0xE2, 0xFF, 0x1E, 0x00, 0x00, 0x00, 0x00, 0xFC, 0xFF, 0x03, 0x00, 0x00, 0x00,
    0x00, 0x00, 0x00, 0x50, 0xFF, 0xAF, 0x00, 0x00, 0x00, 0x80, 0xFF, 0x7F, 0x00, 0x00, 0x00, 0x00,
    0x00, 0x00, 0x00, 0x00, 0xFA, 0xFF, 0x05, 0x00, 0x00, 0xF3, 0xFF, 0x0C, 0x00, 0x00, 0x00, 0x00,
    0x00, 0x00, 0x00, 0x00, 0xE1, 0xFF, 0x1E, 0x00, 0x00, 0xFC, 0xEF, 0x02, 0x00, 0x00, 0x00, 0x00,
    0x00, 0x00, 0x00, 0x00, 0x50, 0xFF, 0x9F, 0x00, 0x70, 0xFF, 0x6F, 0x00, 0x00, 0x00, 0x00, 0x00,
    0x00, 0x00, 0x00, 0x00, 0x00, 0xF9, 0xFF, 0x04, 0xF2, 0xFF, 0x0B, 0x00, 0x00, 0x00, 0x00, 0x00,
    0x00, 0x00, 0x00, 0x00, 0x00, 0xD1, 0xFF, 0x0C, 0xFA, 0xEF, 0x01, 0x00, 0x00, 0x00, 0x00, 0x00,
    0x00, 0x00, 0x00, 0x00, 0x00, 0x40, 0xFF, 0x9F, 0xFF, 0x5F, 0x00, 0x00, 0x00, 0x00, 0x00, 0x00,
    0x00, 0x00, 0x00, 0x00, 0x00, 0x00, 0xF8, 0xFF, 0xFF, 0x0A, 0x00, 0x00, 0x00, 0x00, 0x00, 0x00,
    0x00, 0x00, 0x00, 0x00, 0x00, 0x00, 0xD0, 0xFF, 0xDF, 0x01, 0x00, 0x00, 0x00, 0x00, 0x00, 0x00,
    0x00, 0x00, 0x00, 0x00, 0x00, 0x00, 0xB0, 0xFF, 0xDF, 0x01, 0x00, 0x00, 0x00, 0x00, 0x00, 0x00,
    0x00, 0x00, 0x00, 0x00, 0x00, 0x00, 0xF6, 0xFF, 0xFF, 0x0A, 0x00, 0x00, 0x00, 0x00, 0x00, 0x00,
    0x00, 0x00, 0x00, 0x00, 0x00, 0x20, 0xFE, 0xCF, 0xFF, 0x5F, 0x00, 0x00, 0x00, 0x00, 0x00, 0x00,
    0x00, 0x00, 0x00, 0x00, 0x00, 0xC0, 0xFF, 0x1D, 0xFC, 0xEF, 0x01, 0x00, 0x00, 0x00, 0x00, 0x00,
    0x00, 0x00, 0x00, 0x00, 0x00, 0xF7, 0xFF, 0x05, 0xF4, 0xFF, 0x0A, 0x00, 0x00, 0x00, 0x00, 0x00,
    0x00, 0x00, 0x00, 0x00, 0x30, 0xFF, 0xBF, 0x00, 0xA0, 0xFF, 0x6F, 0x00, 0x00, 0x00, 0x00, 0x00,
    0x00, 0x00, 0x00, 0x00, 0xD1, 0xFF, 0x2E, 0x00, 0x10, 0xFE, 0xEF, 0x02, 0x00, 0x00, 0x00, 0x00,
    0x00, 0x00, 0x00, 0x00, 0xF9, 0xFF, 0x06, 0x00, 0x00, 0xF5, 0xFF, 0x0B, 0x00, 0x00, 0x00, 0x00,
    0x00, 0x00, 0x00, 0x40, 0xFF, 0xBF, 0x00, 0x00, 0x00, 0xA0, 0xFF, 0x6F, 0x00, 0x00, 0x00, 0x00,
    0x00, 0x00, 0x00, 0xD1, 0xFF, 0x2E, 0x00, 0x00, 0x00, 0x10, 0xFD, 0xEF, 0x02, 0x00, 0x00, 0x00,
    0x00, 0x00, 0x00, 0xFA, 0xFF, 0x05, 0x00, 0x00, 0x00, 0x00, 0xF4, 0xFF, 0x0C, 0x00, 0x00, 0x00,
    0x00, 0x00, 0x50, 0xFF, 0xAF, 0x00, 0x00, 0x00, 0x00, 0x00, 0x90, 0xFF, 0x7F, 0x00, 0x00, 0x00,
    0x00, 0x00, 0xE2, 0xFF, 0x1D, 0x00, 0x00, 0x00, 0x00, 0x00, 0x10, 0xFD, 0xFF, 0x03, 0x00, 0x00,
    0x00, 0x00, 0xFB, 0xFF, 0x04, 0x00, 0x00, 0x00, 0x00, 0x00, 0x00, 0xF3, 0xFF, 0x0C, 0x00, 0x00,
    0x00, 0x60, 0xFF, 0x8F, 0x00, 0x00, 0x00, 0x00, 0x00, 0x00, 0x00, 0x80, 0xFF, 0x8F, 0x00, 0x00,
    0x00, 0xE2, 0xFF, 0x0D, 0x00, 0x00, 0x00, 0x00, 0x00, 0x00, 0x00, 0x00, 0xFC, 0xFF, 0x03, 0x00,
    0x00, 0xFC, 0xFF, 0x03, 0x00, 0x00, 0x00, 0x00, 0x00, 0x00, 0x00, 0x00, 0xF2, 0xFF, 0x1D, 0x00,
    0x70, 0xFF, 0x7F, 0x00, 0x00, 0x00, 0x00, 0x00, 0x00, 0x00, 0x00, 0x00, 0x70, 0xFF, 0x9F, 0x00,
    0xF3, 0xFF, 0x0C, 0x00, 0x00, 0x00, 0x00, 0x00, 0x00, 0x00, 0x00, 0x00, 0x00, 0xFB, 0xFF, 0x04,
    // Unicode: [0x0059, Y]
    0xF4, 0xFF, 0x0B, 0x00, 0x00, 0x00, 0x00, 0x00, 0x00, 0x00, 0x00, 0x00, 0x00, 0xF6, 0xFF, 0x09,
    0xA0, 0xFF, 0x6F, 0x00, 0x00, 0x00, 0x00, 0x00, 0x00, 0x00, 0x00, 0x00, 0x20, 0xFE, 0xDF, 0x01,
    0x10, 0xFE, 0xEF, 0x01, 0x00, 0x00, 0x00, 0x00, 0x00, 0x00, 0x00, 0x00, 0xA0, 0xFF, 0x5F, 0x00,
    0x00, 0xF5, 0xFF, 0x0A, 0x00, 0x00, 0x00, 0x00, 0x00, 0x00, 0x00, 0x00, 0xF5, 0xFF, 0x0A, 0x00,
    0x00, 0xB0, 0xFF, 0x5F, 0x00, 0x00, 0x00, 0x00, 0x00, 0x00, 0x00, 0x10, 0xFE, 0xEF, 0x01, 0x00,
    0x00, 0x20, 0xFE, 0xDF, 0x01, 0x00, 0x00, 0x00, 0x00, 0x00, 0x00, 0x90, 0xFF, 0x6F, 0x00, 0x00,
    0x00, 0x00, 0xF7, 0xFF, 0x09, 0x00, 0x00, 0x00, 0x00, 0x00, 0x00, 0xF4, 0xFF, 0x0B, 0x00, 0x00,
    0x00, 0x00, 0xC0, 0xFF, 0x3F, 0x00, 0x00, 0x00, 0x00, 0x00, 0x00, 0xFD, 0xEF, 0x02, 0x00, 0x00,
    0x00, 0x00, 0x30, 0xFF, 0xDF, 0x00, 0x00, 0x00, 0x00, 0x00, 0x80, 0xFF, 0x7F, 0x00, 0x00, 0x00,
    0x00, 0x00, 0x00, 0xF8, 0xFF, 0x08, 0x00, 0x00, 0x00, 0x00, 0xF3, 0xFF, 0x0C, 0x00, 0x00, 0x00,
    0x00, 0x00, 0x00, 0xD0, 0xFF, 0x3F, 0x00, 0x00, 0x00, 0x00, 0xFC, 0xFF, 0x03, 0x00, 0x00, 0x00,
    0x00, 0x00, 0x00, 0x30, 0xFF, 0xCF, 0x00, 0x00, 0x00, 0x70, 0xFF, 0x8F, 0x00, 0x00, 0x00, 0x00,
    0x00, 0x00, 0x00, 0x00, 0xF9, 0xFF, 0x06, 0x00, 0x00, 0xE2, 0xFF, 0x0D, 0x00, 0x00, 0x00, 0x00,
    0x00, 0x00, 0x00, 0x00, 0xD1, 0xFF, 0x1E, 0x00, 0x00, 0xFA, 0xFF, 0x04, 0x00, 0x00, 0x00, 0x00,
    0x00, 0x00, 0x00, 0x00, 0x40, 0xFF, 0x9F, 0x00, 0x40, 0xFF, 0x9F, 0x00, 0x00, 0x00, 0x00, 0x00,
    0x00, 0x00, 0x00, 0x00, 0x00, 0xFA, 0xFF, 0x03, 0xD0, 0xFF, 0x1E, 0x00, 0x00, 0x00, 0x00, 0x00,
    0x00, 0x00, 0x00, 0x00, 0x00, 0xE1, 0xFF, 0x0C, 0xF6, 0xFF, 0x05, 0x00, 0x00, 0x00, 0x00, 0x00,
    0x00, 0x00, 0x00, 0x00, 0x00, 0x60, 0xFF, 0x5F, 0xFD, 0xAF, 0x00, 0x00, 0x00, 0x00, 0x00, 0x00,
    0x00, 0x00, 0x00, 0x00, 0x00, 0x00, 0xFB, 0xEF, 0xFF, 0x1E, 0x00, 0x00, 0x00, 0x00, 0x00, 0x00,
    0x00, 0x00, 0x00, 0x00, 0x00, 0x00, 0xE2, 0xFF, 0xFF, 0x06, 0x00, 0x00, 0x00, 0x00, 0x00, 0x00,
    0x00, 0x00, 0x00, 0x00, 0x00, 0x00, 0x70, 0xFF, 0xBF, 0x00, 0x00, 0x00, 0x00, 0x00, 0x00, 0x00,
    0x00, 0x00, 0x00, 0x00, 0x00, 0x00, 0x10, 0xFF, 0x6F, 0x00, 0x00, 0x00, 0x00, 0x00, 0x00, 0x00,
    0x00, 0x00, 0x00, 0x00, 0x00, 0x00, 0x10, 0xFF, 0x6F, 0x00, 0x00, 0x00, 0x00, 0x00, 0x00, 0x00,
    0x00, 0x00, 0x00, 0x00, 0x00, 0x00, 0x10, 0xFF, 0x6F, 0x00, 0x00, 0x00, 0x00, 0x00, 0x00, 0x00,
    0x00, 0x00, 0x00, 0x00, 0x00, 0x00, 0x10, 0xFF, 0x6F, 0x00, 0x00, 0x00, 0x00, 0x00, 0x00, 0x00,
    0x00, 0x00, 0x00, 0x00, 0x00, 0x00, 0x10, 0xFF, 0x6F, 0x00, 0x00, 0x00, 0x00, 0x00, 0x00, 0x00,
    0x00, 0x00, 0x00, 0x00, 0x00, 0x00, 0x10, 0xFF, 0x6F, 0x00, 0x00, 0x00, 0x00, 0x00, 0x00, 0x00,
    0x00, 0x00, 0x00, 0x00, 0x00, 0x00, 0x10, 0xFF, 0x6F, 0x00, 0x00, 0x00, 0x00, 0x00, 0x00, 0x00,
    0x00, 0x00, 0x00, 0x00, 0x00, 0x00, 0x10, 0xFF, 0x6F, 0x00, 0x00, 0x00, 0x00, 0x00, 0x00, 0x00,
    0x00, 0x00, 0x00, 0x00, 0x00, 0x00, 0x10, 0xFF, 0x6F, 0x00, 0x00, 0x00, 0x00, 0x00, 0x00, 0x00,
    0x00, 0x00, 0x00, 0x00, 0x00, 0x00, 0x10, 0xFF, 0x6F, 0x00, 0x00, 0x00, 0x00, 0x00, 0x00, 0x00,
    0x00, 0x00, 0x00, 0x00, 0x00, 0x00, 0x10, 0xFF, 0x6F, 0x00, 0x00, 0x00, 0x00, 0x00, 0x00, 0x00,
    0x00, 0x00, 0x00, 0x00, 0x00, 0x00, 0x10, 0xFF, 0x6F, 0x00, 0x00, 0x00, 0x00, 0x00, 0x00, 0x00,
    0x00, 0x00, 0x00, 0x00, 0x00, 0x00, 0x10, 0xFF, 0x6F, 0x00, 0x00, 0x00, 0x00, 0x00, 0x00, 0x00,
    0x00, 0x00, 0x00, 0x00, 0x00, 0x00, 0x10, 0xFF, 0x6F, 0x00, 0x00, 0x00, 0x00, 0x00, 0x00, 0x00,
    0x00, 0x00, 0x00, 0x00, 0x00, 0x00, 0x10, 0xFF, 0x6F, 0x00, 0x00, 0x00, 0x00, 0x00, 0x00, 0x00,
    0x00, 0x00, 0x00, 0x00, 0x00, 0x00, 0x10, 0xFF, 0x6F, 0x00, 0x00, 0x00, 0x00, 0x00, 0x00, 0x00,
    // Unicode: [0x005A, Z]
    0xFB, 0xFF, 0xFF, 0xFF, 0xFF, 0xFF, 0xFF, 0xFF, 0xFF, 0xFF, 0xFF, 0xFF, 0x0A, 0xFB, 0xFF, 0xFF,
    0xFF, 0xFF, 0xFF, 0xFF, 0xFF, 0xFF, 0xFF, 0xFF, 0xFF, 0x0A, 0xFB, 0xFF, 0xFF, 0xFF, 0xFF, 0xFF,
    0xFF, 0xFF, 0xFF, 0xFF, 0xFF, 0xFF, 0x0A, 0x21, 0x22, 0x22, 0x22, 0x22, 0x22, 0x22, 0x22, 0x22,
    0x22, 0xF9, 0xFF, 0x02, 0x00, 0x00, 0x00, 0x00, 0x00, 0x00, 0x00, 0x00, 0x00, 0x30, 0xFF, 0x7F,
    0x00, 0x00, 0x00, 0x00, 0x00, 0x00, 0x00, 0x00, 0x00, 0x00, 0xD1, 0xFF, 0x0C, 0x00, 0x00, 0x00,
    0x00, 0x00, 0x00, 0x00, 0x00, 0x00, 0x00, 0xF9, 0xFF, 0x03, 0x00, 0x00, 0x00, 0x00, 0x00, 0x00,
    0x00, 0x00, 0x00, 0x40, 0xFF, 0x8F, 0x00, 0x00, 0x00, 0x00, 0x00, 0x00, 0x00, 0x00, 0x00, 0x00,
    0xD1, 0xFF, 0x1D, 0x00, 0x00, 0x00, 0x00, 0x00, 0x00, 0x00, 0x00, 0x00, 0x00, 0xF8, 0xFF, 0x04,
    0x00, 0x00, 0x00, 0x00, 0x00, 0x00, 0x00, 0x00, 0x00, 0x30, 0xFF, 0x9F, 0x00, 0x00, 0x00, 0x00,
    0x00, 0x00, 0x00, 0x00, 0x00, 0x00, 0xC0, 0xFF, 0x1E, 0x00, 0x00, 0x00, 0x00, 0x00, 0x00, 0x00,
    0x00, 0x00, 0x00, 0xF7, 0xFF, 0x05, 0x00, 0x00, 0x00, 0x00, 0x00, 0x00, 0x00, 0x00, 0x00, 0x20,
    0xFF, 0xAF, 0x00, 0x00, 0x00, 0x00, 0x00, 0x00, 0x00, 0x00, 0x00, 0x00, 0xC0, 0xFF, 0x2E, 0x00,
    0x00, 0x00, 0x00, 0x00, 0x00, 0x00, 0x00, 0x00, 0x00, 0xF6, 0xFF, 0x06, 0x00, 0x00, 0x00, 0x00,
    0x00, 0x00, 0x00, 0x00, 0x00, 0x20, 0xFE, 0xBF, 0x00, 0x00, 0x00, 0x00, 0x00, 0x00, 0x00, 0x00,
    0x00, 0x00, 0xB0, 0xFF, 0x2E, 0x00, 0x00, 0x00, 0x00, 0x00, 0x00, 0x00, 0x00, 0x00, 0x00, 0xF5,
    0xFF, 0x07, 0x00, 0x00, 0x00, 0x00, 0x00, 0x00, 0x00, 0x00, 0x00, 0x10, 0xFE, 0xCF, 0x00, 0x00,
    0x00, 0x00, 0x00, 0x00, 0x00, 0x00, 0x00, 0x00, 0xA0, 0xFF, 0x3F, 0x00, 0x00, 0x00, 0x00, 0x00,
    0x00, 0x00, 0x00, 0x00, 0x00, 0xF4, 0xFF, 0x08, 0x00, 0x00, 0x00, 0x00, 0x00, 0x00, 0x00, 0x00,
    0x00, 0x10, 0xFD, 0xDF, 0x00, 0x00, 0x00, 0x00, 0x00, 0x00, 0x00, 0x00, 0x00, 0x00, 0x90, 0xFF,
    0x4F, 0x00, 0x00, 0x00, 0x00, 0x00, 0x00, 0x00, 0x00, 0x00, 0x00, 0xF4, 0xFF, 0x09, 0x00, 0x00,
    0x00, 0x00, 0x00, 0x00, 0x00, 0x00, 0x00, 0x00, 0xFD, 0xDF, 0x01, 0x00, 0x00, 0x00, 0x00, 0x00,
    0x00, 0x00, 0x00, 0x00, 0x80, 0xFF, 0x5F, 0x00, 0x00, 0x00, 0x00, 0x00, 0x00, 0x00, 0x00, 0x00,
    0x00, 0xF3, 0xFF, 0x0A, 0x00, 0x00, 0x00, 0x00, 0x00, 0x00, 0x00, 0x00, 0x00, 0x00, 0xFC, 0xEF,
    0x01, 0x00, 0x00, 0x00, 0x00, 0x00, 0x00, 0x00, 0x00, 0x00, 0x70, 0xFF, 0x5F, 0x00, 0x00, 0x00,
    0x00, 0x00, 0x00, 0x00, 0x00, 0x00, 0x00, 0xE2, 0xFF, 0x0A, 0x00, 0x00, 0x00, 0x00, 0x00, 0x00,
    0x00, 0x00, 0x00, 0x00, 0xFB, 0xEF, 0x01, 0x00, 0x00, 0x00, 0x00, 0x00, 0x00, 0x00, 0x00, 0x00,
    0x60, 0xFF, 0x4F, 0x00, 0x00, 0x00, 0x00, 0x00, 0x00, 0x00, 0x00, 0x00, 0x00, 0xE2, 0xFF, 0x1A,
    0x11, 0x11, 0x11, 0x11, 0x11, 0x11, 0x11, 0x11, 0x11, 0x01, 0xF9, 0xFF, 0xFF, 0xFF, 0xFF, 0xFF,
    0xFF, 0xFF, 0xFF, 0xFF, 0xFF, 0xFF, 0x0D, 0xF9, 0xFF, 0xFF, 0xFF, 0xFF, 0xFF, 0xFF, 0xFF, 0xFF,
    0xFF, 0xFF, 0xFF, 0x0D, 0xF9, 0xFF, 0xFF, 0xFF, 0xFF, 0xFF, 0xFF, 0xFF, 0xFF, 0xFF, 0xFF, 0xFF,
    0x0D,
    // Unicode: [0x0061, a]
    0x00, 0x00, 0x00, 0x61, 0xDA, 0xFE, 0xCE, 0x59, 0x01, 0x00, 0x00, 0x00, 0x00, 0x91, 0xFE, 0xFF,
    0xFF, 0xFF, 0xFF, 0x6E, 0x00, 0x00, 0x00, 0x30, 0xFD, 0xFF, 0xFF, 0xFF, 0xFF, 0xFF, 0xFF, 0x0A,
    0x00, 0x00, 0xE3, 0xFF, 0xDF, 0x37, 0x01, 0x31, 0xE7, 0xFF, 0x9F, 0x00, 0x10, 0xFD, 0xFF, 0x08,
    0x00, 0x00, 0x00, 0x10, 0xFB, 0xFF, 0x04, 0x70, 0xFF, 0x7F, 0x00, 0x00, 0x00, 0x00, 0x00, 0xD1,
    0xFF, 0x0A, 0x40, 0xEA, 0x0B, 0x00, 0x00, 0x00, 0x00, 0x00, 0x60, 0xFF, 0x0E, 0x00, 0x10, 0x01,
    0x00, 0x00, 0x00, 0x00, 0x00, 0x20, 0xFF, 0x2F, 0x00, 0x00, 0x00, 0x00, 0x00, 0x00, 0x00, 0x00,
    0x00, 0xFF, 0x3F, 0x00, 0x00, 0x00, 0x00, 0x00, 0x00, 0x00, 0x00, 0x00, 0xFF, 0x4F, 0x00, 0x00,
    0x00, 0x00, 0x00, 0x00, 0x00, 0x00, 0x40, 0xFF, 0x4F, 0x00, 0x00, 0x00, 0x00, 0x00, 0x00, 0x20,
    0x64, 0xFA, 0xFF, 0x4F, 0x00, 0x00, 0x00, 0x20, 0x85, 0xDB, 0xFF, 0xFF, 0xFF, 0xFF, 0x4F, 0x00,
    0x00, 0x93, 0xFD, 0xFF, 0xFF, 0xFF, 0xFF, 0xBF, 0xFF, 0x4F, 0x00, 0xA1, 0xFF, 0xFF, 0xFF, 0xFF,
    0xBD, 0x58, 0x01, 0xFF, 0x4F, 0x10, 0xFD, 0xFF, 0xCF, 0x48, 0x02, 0x00, 0x00, 0x00, 0xFF, 0x4F,
    0xB0, 0xFF, 0xBF, 0x03, 0x00, 0x00, 0x00, 0x00, 0x00, 0xFF, 0x4F, 0xF3, 0xFF, 0x0A, 0x00, 0x00,
    0x00, 0x00, 0x00, 0x00, 0xFF, 0x4F, 0xF7, 0xFF, 0x01, 0x00, 0x00, 0x00, 0x00, 0x00, 0x20, 0xFF,
    0x4F, 0xF9, 0xCF, 0x00, 0x00, 0x00, 0x00, 0x00, 0x00, 0x40, 0xFF, 0x4F, 0xF9, 0xBF, 0x00, 0x00,
    0x00, 0x00, 0x00, 0x00, 0xA0, 0xFF, 0x4F, 0xF8, 0xCF, 0x00, 0x00, 0x00, 0x00, 0x00, 0x00, 0xF2,
    0xFF, 0x4F, 0xF5, 0xFF, 0x02, 0x00, 0x00, 0x00, 0x00, 0x00, 0xFC, 0xFF, 0x4F, 0xE1, 0xFF, 0x1C,
    0x00, 0x00, 0x00, 0x00, 0xA1, 0xDF, 0xFF, 0x4F, 0x80, 0xFF, 0xCF, 0x03, 0x00, 0x00, 0x40, 0xFD,
    0x3F, 0xFE, 0x4F, 0x00, 0xFB, 0xFF, 0xDF, 0x89, 0xA8, 0xFD, 0xFF, 0x06, 0xFE, 0x4F, 0x00, 0xA1,
    0xFF, 0xFF, 0xFF, 0xFF, 0xFF, 0x6F, 0x00, 0xFE, 0x4F, 0x00, 0x00, 0xC5, 0xFF, 0xFF, 0xFF, 0xAF,
    0x02, 0x00, 0xFE, 0x4F, 0x00, 0x00, 0x00, 0x52, 0x76, 0x46, 0x01, 0x00, 0x00, 0x00, 0x00,
    // Unicode: [0x0062, b]
    0xFC, 0x8F, 0x00, 0x00, 0x00, 0x00, 0x00, 0x00, 0x00, 0x00, 0x00, 0x00, 0xFC, 0x8F, 0x00, 0x00,
    0x00, 0x00, 0x00, 0x00, 0x00, 0x00, 0x00, 0x00, 0xFC, 0x8F, 0x00, 0x00, 0x00, 0x00, 0x00, 0x00,
    0x00, 0x00, 0x00, 0x00, 0xFC, 0x8F, 0x00, 0x00, 0x00, 0x00, 0x00, 0x00, 0x00, 0x00, 0x00, 0x00,
    0xFC, 0x8F, 0x00, 0x00, 0x00, 0x00, 0x00, 0x00, 0x00, 0x00, 0x00, 0x00, 0xFC, 0x8F, 0x00, 0x00,
    0x00, 0x00, 0x00, 0x00, 0x00, 0x00, 0x00, 0x00, 0xFC, 0x8F, 0x00, 0x00, 0x00, 0x00, 0x00, 0x00,
    0x00, 0x00, 0x00, 0x00, 0xFC, 0x8F, 0x00, 0x00, 0x00, 0x00, 0x00, 0x00, 0x00, 0x00, 0x00, 0x00,
    0xFC, 0x8F, 0x00, 0x00, 0x00, 0x00, 0x00, 0x00, 0x00, 0x00, 0x00, 0x00, 0xFC, 0x8F, 0x00, 0x00,
    0xA4, 0xED, 0xDF, 0x7B, 0x01, 0x00, 0x00, 0x00, 0xFC, 0x8F, 0x00, 0xC2, 0xFF, 0xFF, 0xFF, 0xFF,
    0x8F, 0x00, 0x00, 0x00, 0xFC, 0x8F, 0x30, 0xFE, 0xFF, 0xFF, 0xFF, 0xFF, 0xFF, 0x1C, 0x00, 0x00,
    0xFC, 0x8F, 0xD1, 0xFF, 0x5B, 0x12, 0x41, 0xE8, 0xFF, 0xCF, 0x01, 0x00, 0xFC, 0x8F, 0xF9, 0x4E,
    0x00, 0x00, 0x00, 0x10, 0xFB, 0xFF, 0x09, 0x00, 0xFC, 0xBF, 0xEF, 0x03, 0x00, 0x00, 0x00, 0x00,
    0xB0, 0xFF, 0x4F, 0x00, 0xFC, 0xFF, 0x6F, 0x00, 0x00, 0x00, 0x00, 0x00, 0x10, 0xFE, 0xCF, 0x00,
    0xFC, 0xFF, 0x0C, 0x00, 0x00, 0x00, 0x00, 0x00, 0x00, 0xF6, 0xFF, 0x03, 0xFC, 0xFF, 0x06, 0x00,
    0x00, 0x00, 0x00, 0x00, 0x00, 0xE1, 0xFF, 0x08, 0xFC, 0xFF, 0x02, 0x00, 0x00, 0x00, 0x00, 0x00,
    0x00, 0xA0, 0xFF, 0x0C, 0xFC, 0xDF, 0x00, 0x00, 0x00, 0x00, 0x00, 0x00, 0x00, 0x60, 0xFF, 0x0F,
    0xFC, 0xAF, 0x00, 0x00, 0x00, 0x00, 0x00, 0x00, 0x00, 0x30, 0xFF, 0x2F, 0xFC, 0x9F, 0x00, 0x00,
    0x00, 0x00, 0x00, 0x00, 0x00, 0x20, 0xFF, 0x4F, 0xFC, 0x8F, 0x00, 0x00, 0x00, 0x00, 0x00, 0x00,
    0x00, 0x10, 0xFF, 0x5F, 0xFC, 0x7F, 0x00, 0x00, 0x00, 0x00, 0x00, 0x00, 0x00, 0x00, 0xFF, 0x5F,
    0xFC, 0x8F, 0x00, 0x00, 0x00, 0x00, 0x00, 0x00, 0x00, 0x20, 0xFF, 0x4F, 0xFC, 0xAF, 0x00, 0x00,
    0x00, 0x00, 0x00, 0x00, 0x00, 0x30, 0xFF, 0x3F, 0xFC, 0xBF, 0x00, 0x00, 0x00, 0x00, 0x00, 0x00,
    0x00, 0x50, 0xFF, 0x1F, 0xFC, 0xFF, 0x01, 0x00, 0x00, 0x00, 0x00, 0x00, 0x00, 0x90, 0xFF, 0x0E,
    0xFC, 0xFF, 0x04, 0x00, 0x00, 0x00, 0x00, 0x00, 0x00, 0xD0, 0xFF, 0x0A, 0xFC, 0xFF, 0x0A, 0x00,
    0x00, 0x00, 0x00, 0x00, 0x00, 0xF3, 0xFF, 0x06, 0xFC, 0xFF, 0x2F, 0x00, 0x00, 0x00, 0x00, 0x00,
    0x00, 0xFB, 0xEF, 0x01, 0xFC, 0xDF, 0xCF, 0x00, 0x00, 0x00, 0x00, 0x00, 0x60, 0xFF, 0x8F, 0x00,
    0xFC, 0x6F, 0xFD, 0x0A, 0x00, 0x00, 0x00, 0x00, 0xF5, 0xFF, 0x1E, 0x00, 0xFC, 0x6F, 0xF4, 0xCF,
    0x04, 0x00, 0x00, 0x91, 0xFF, 0xFF, 0x04, 0x00, 0xFC, 0x6F, 0x80, 0xFF, 0xDF, 0x8A, 0xB9, 0xFF,
    0xFF, 0x6F, 0x00, 0x00, 0xFC, 0x6F, 0x00, 0xF8, 0xFF, 0xFF, 0xFF, 0xFF, 0xEF, 0x05, 0x00, 0x00,
    0xFC, 0x6F, 0x00, 0x40, 0xFC, 0xFF, 0xFF, 0xEF, 0x18, 0x00, 0x00, 0x00, 0x00, 0x00, 0x00, 0x00,
    0x20, 0x75, 0x67, 0x03, 0x00, 0x00, 0x00, 0x00,
    // Unicode: [0x0063, c]
    0x00, 0x00, 0x00, 0x00, 0x83, 0xEB, 0xEF, 0xBD, 0x16, 0x00, 0x00, 0x00, 0x00, 0x00, 0x00, 0xB3,
    0xFF, 0xFF, 0xFF, 0xFF, 0xEF, 0x07, 0x00, 0x00, 0x00, 0x00, 0x60, 0xFF, 0xFF, 0xFF, 0xFF, 0xFF,
    0xFF, 0xCF, 0x02, 0x00, 0x00, 0x00, 0xF6, 0xFF, 0xBF, 0x25, 0x21, 0x83, 0xFD, 0xFF, 0x2D, 0x00,
    0x00, 0x40, 0xFF, 0xEF, 0x04, 0x00, 0x00, 0x00, 0x91, 0xFF, 0xCF, 0x00, 0x00, 0xE1, 0xFF, 0x3E,
    0x00, 0x00, 0x00, 0x00, 0x00, 0xF7, 0xFF, 0x08, 0x00, 0xF8, 0xFF, 0x04, 0x00, 0x00, 0x00, 0x00,
    0x00, 0xA0, 0xFF, 0x1E, 0x00, 0xFE, 0xAF, 0x00, 0x00, 0x00, 0x00, 0x00, 0x00, 0x20, 0x9D, 0x04,
    0x50, 0xFF, 0x3F, 0x00, 0x00, 0x00, 0x00, 0x00, 0x00, 0x00, 0x00, 0x00, 0xA0, 0xFF, 0x0D, 0x00,
    0x00, 0x00, 0x00, 0x00, 0x00, 0x00, 0x00, 0x00, 0xD0, 0xFF, 0x08, 0x00, 0x00, 0x00, 0x00, 0x00,
    0x00, 0x00, 0x00, 0x00, 0xF1, 0xFF, 0x05, 0x00, 0x00, 0x00, 0x00, 0x00, 0x00, 0x00, 0x00, 0x00,
    0xF2, 0xFF, 0x03, 0x00, 0x00, 0x00, 0x00, 0x00, 0x00, 0x00, 0x00, 0x00, 0xF3, 0xFF, 0x02, 0x00,
    0x00, 0x00, 0x00, 0x00, 0x00, 0x00, 0x00, 0x00, 0xF3, 0xFF, 0x02, 0x00, 0x00, 0x00, 0x00, 0x00,
    0x00, 0x00, 0x00, 0x00, 0xF3, 0xFF, 0x02, 0x00, 0x00, 0x00, 0x00, 0x00, 0x00, 0x00, 0x00, 0x00,
    0xF2, 0xFF, 0x04, 0x00, 0x00, 0x00, 0x00, 0x00, 0x00, 0x00, 0x00, 0x00, 0xE0, 0xFF, 0x06, 0x00,
    0x00, 0x00, 0x00, 0x00, 0x00, 0x00, 0x00, 0x00, 0xC0, 0xFF, 0x0A, 0x00, 0x00, 0x00, 0x00, 0x00,
    0x00, 0x00, 0x00, 0x00, 0x80, 0xFF, 0x1E, 0x00, 0x00, 0x00, 0x00, 0x00, 0x00, 0x00, 0x00, 0x00,
    0x30, 0xFF, 0x6F, 0x00, 0x00, 0x00, 0x00, 0x00, 0x00, 0x00, 0x48, 0x00, 0x00, 0xFC, 0xDF, 0x01,
    0x00, 0x00, 0x00, 0x00, 0x00, 0x50, 0xFF, 0x2E, 0x00, 0xF4, 0xFF, 0x0A, 0x00, 0x00, 0x00, 0x00,
    0x00, 0xD1, 0xFF, 0x0C, 0x00, 0xA0, 0xFF, 0x8F, 0x00, 0x00, 0x00, 0x00, 0x20, 0xFC, 0xFF, 0x04,
    0x00, 0x10, 0xFD, 0xFF, 0x3B, 0x00, 0x00, 0x10, 0xE6, 0xFF, 0x8F, 0x00, 0x00, 0x00, 0xD1, 0xFF,
    0xFF, 0x9D, 0x98, 0xEA, 0xFF, 0xFF, 0x08, 0x00, 0x00, 0x00, 0x10, 0xFA, 0xFF, 0xFF, 0xFF, 0xFF,
    0xFF, 0x6E, 0x00, 0x00, 0x00, 0x00, 0x00, 0x40, 0xFB, 0xFF, 0xFF, 0xFF, 0x8E, 0x01, 0x00, 0x00,
    0x00, 0x00, 0x00, 0x00, 0x10, 0x64, 0x77, 0x36, 0x00, 0x00, 0x00, 0x00,
    // Unicode: [0x0064, d]
    0x00, 0x00, 0x00, 0x00, 0x00, 0x00, 0x00, 0x00, 0x00, 0x00, 0xF6, 0xEF, 0x00, 0x00, 0x00, 0x00,
    0x00, 0x00, 0x00, 0x00, 0x00, 0x00, 0xF6, 0xEF, 0x00, 0x00, 0x00, 0x00, 0x00, 0x00, 0x00, 0x00,
    0x00, 0x00, 0xF6, 0xEF, 0x00, 0x00, 0x00, 0x00, 0x00, 0x00, 0x00, 0x00, 0x00, 0x00, 0xF6, 0xEF,
    0x00, 0x00, 0x00, 0x00, 0x00, 0x00, 0x00, 0x00, 0x00, 0x00, 0xF6, 0xEF, 0x00, 0x00, 0x00, 0x00,
    0x00, 0x00, 0x00, 0x00, 0x00, 0x00, 0xF6, 0xEF, 0x00, 0x00, 0x00, 0x00, 0x00, 0x00, 0x00, 0x00,
    0x00, 0x00, 0xF6, 0xEF, 0x00, 0x00, 0x00, 0x00, 0x00, 0x00, 0x00, 0x00, 0x00, 0x00, 0xF6, 0xEF,
    0x00, 0x00, 0x00, 0x00, 0x00, 0x00, 0x00, 0x00, 0x00, 0x00, 0xF6, 0xEF, 0x00, 0x00, 0x00, 0x10,
    0xB6, 0xFD, 0xDE, 0x5A, 0x00, 0x00, 0xF6, 0xEF, 0x00, 0x00, 0x00, 0xE7, 0xFF, 0xFF, 0xFF, 0xFF,
    0x3C, 0x00, 0xF6, 0xEF, 0x00, 0x00, 0xB1, 0xFF, 0xFF, 0xFF, 0xFF, 0xFF, 0xEF, 0x03, 0xF6, 0xEF,
    0x00, 0x00, 0xFB, 0xFF, 0x9E, 0x14, 0x21, 0xA5, 0xFF, 0x2E, 0xF6, 0xEF, 0x00, 0x80, 0xFF, 0xCF,
    0x02, 0x00, 0x00, 0x00, 0xE4, 0xBF, 0xF6, 0xEF, 0x00, 0xF3, 0xFF, 0x1C, 0x00, 0x00, 0x00, 0x00,
    0x20, 0xFE, 0xFB, 0xEF, 0x00, 0xFA, 0xEF, 0x02, 0x00, 0x00, 0x00, 0x00, 0x00, 0xF5, 0xFF, 0xEF,
    0x20, 0xFF, 0x8F, 0x00, 0x00, 0x00, 0x00, 0x00, 0x00, 0xB0, 0xFF, 0xEF, 0x70, 0xFF, 0x1F, 0x00,
    0x00, 0x00, 0x00, 0x00, 0x00, 0x50, 0xFF, 0xEF, 0xB0, 0xFF, 0x0C, 0x00, 0x00, 0x00, 0x00, 0x00,
    0x00, 0x10, 0xFF, 0xEF, 0xE0, 0xFF, 0x08, 0x00, 0x00, 0x00, 0x00, 0x00, 0x00, 0x00, 0xFC, 0xEF,
    0xF1, 0xFF, 0x05, 0x00, 0x00, 0x00, 0x00, 0x00, 0x00, 0x00, 0xF9, 0xEF, 0xF2, 0xFF, 0x04, 0x00,
    0x00, 0x00, 0x00, 0x00, 0x00, 0x00, 0xF8, 0xEF, 0xF3, 0xFF, 0x02, 0x00, 0x00, 0x00, 0x00, 0x00,
    0x00, 0x00, 0xF6, 0xEF, 0xF3, 0xFF, 0x02, 0x00, 0x00, 0x00, 0x00, 0x00, 0x00, 0x00, 0xF6, 0xEF,
    0xF3, 0xFF, 0x03, 0x00, 0x00, 0x00, 0x00, 0x00, 0x00, 0x00, 0xF7, 0xEF, 0xF2, 0xFF, 0x04, 0x00,
    0x00, 0x00, 0x00, 0x00, 0x00, 0x00, 0xF8, 0xEF, 0xF0, 0xFF, 0x06, 0x00, 0x00, 0x00, 0x00, 0x00,
    0x00, 0x00, 0xFA, 0xEF, 0xC0, 0xFF, 0x0A, 0x00, 0x00, 0x00, 0x00, 0x00, 0x00, 0x00, 0xFE, 0xEF,
    0x90, 0xFF, 0x0E, 0x00, 0x00, 0x00, 0x00, 0x00, 0x00, 0x30, 0xFF, 0xEF, 0x40, 0xFF, 0x5F, 0x00,
    0x00, 0x00, 0x00, 0x00, 0x00, 0x80, 0xFF, 0xEF, 0x00, 0xFE, 0xCF, 0x00, 0x00, 0x00, 0x00, 0x00,
    0x00, 0xE1, 0xFF, 0xEF, 0x00, 0xF7, 0xFF, 0x07, 0x00, 0x00, 0x00, 0x00, 0x00, 0xFA, 0xFD, 0xEF,
    0x00, 0xD1, 0xFF, 0x6F, 0x00, 0x00, 0x00, 0x00, 0x90, 0xEF, 0xF5, 0xEF, 0x00, 0x30, 0xFF, 0xFF,
    0x29, 0x00, 0x00, 0x30, 0xFB, 0x6F, 0xF4, 0xEF, 0x00, 0x00, 0xF5, 0xFF, 0xFF, 0x9C, 0xA8, 0xFD,
    0xFF, 0x09, 0xF4, 0xEF, 0x00, 0x00, 0x40, 0xFE, 0xFF, 0xFF, 0xFF, 0xFF, 0x9F, 0x00, 0xF4, 0xEF,
    0x00, 0x00, 0x00, 0x81, 0xFE, 0xFF, 0xFF, 0xCF, 0x05, 0x00, 0xF4, 0xEF, 0x00, 0x00, 0x00, 0x00,
    0x30, 0x76, 0x57, 0x02, 0x00, 0x00, 0x00, 0x00,
    // Unicode: [0x0065, e]
    0x00, 0x00, 0x00, 0x00, 0x83, 0xEC, 0xEF, 0xAD, 0x05, 0x00, 0x00, 0x00, 0x00, 0x00, 0x00, 0x00,
    0xB3, 0xFF, 0xFF, 0xFF, 0xFF, 0xEF, 0x06, 0x00, 0x00, 0x00, 0x00, 0x00, 0x60, 0xFF, 0xFF, 0xFF,
    0xFF, 0xFF, 0xFF, 0xBF, 0x01, 0x00, 0x00, 0x00, 0x00, 0xF6, 0xFF, 0xAF, 0x25, 0x11, 0x83, 0xFD,
    0xFF, 0x1D, 0x00, 0x00, 0x00, 0x40, 0xFF, 0xDF, 0x03, 0x00, 0x00, 0x00, 0x91, 0xFF, 0xBF, 0x00,
    0x00, 0x00, 0xE1, 0xFF, 0x2C, 0x00, 0x00, 0x00, 0x00, 0x00, 0xF8, 0xFF, 0x06, 0x00, 0x00, 0xF8,
    0xEF, 0x02, 0x00, 0x00, 0x00, 0x00, 0x00, 0xC0, 0xFF, 0x0E, 0x00, 0x00, 0xFE, 0x7F, 0x00, 0x00,
    0x00, 0x00, 0x00, 0x00, 0x30, 0xFF, 0x6F, 0x00, 0x50, 0xFF, 0x1E, 0x00, 0x00, 0x00, 0x00, 0x00,
    0x00, 0x00, 0xFC, 0xAF, 0x00, 0x90, 0xFF, 0x09, 0x00, 0x00, 0x00, 0x00, 0x00, 0x00, 0x00, 0xF7,
    0xEF, 0x00, 0xD0, 0xFF, 0x06, 0x00, 0x00, 0x00, 0x00, 0x00, 0x00, 0x00, 0xF3, 0xFF, 0x02, 0xF0,
    0xFF, 0x03, 0x00, 0x00, 0x00, 0x00, 0x00, 0x00, 0x00, 0xF1, 0xFF, 0x04, 0xF2, 0xFF, 0xEE, 0xEE,
    0xEE, 0xEE, 0xEE, 0xEE, 0xEE, 0xEE, 0xFE, 0xFF, 0x04, 0xF3, 0xFF, 0xFF, 0xFF, 0xFF, 0xFF, 0xFF,
    0xFF, 0xFF, 0xFF, 0xFF, 0xFF, 0x05, 0xF3, 0xFF, 0xFF, 0xFF, 0xFF, 0xFF, 0xFF, 0xFF, 0xFF, 0xFF,
    0xFF, 0xFF, 0x05, 0xF3, 0xFF, 0x02, 0x00, 0x00, 0x00, 0x00, 0x00, 0x00, 0x00, 0x00, 0x00, 0x00,
    0xF2, 0xFF, 0x04, 0x00, 0x00, 0x00, 0x00, 0x00, 0x00, 0x00, 0x00, 0x00, 0x00, 0xE0, 0xFF, 0x05,
    0x00, 0x00, 0x00, 0x00, 0x00, 0x00, 0x00, 0x00, 0x00, 0x00, 0xC0, 0xFF, 0x09, 0x00, 0x00, 0x00,
    0x00, 0x00, 0x00, 0x00, 0x00, 0x00, 0x00, 0x80, 0xFF, 0x0D, 0x00, 0x00, 0x00, 0x00, 0x00, 0x00,
    0x00, 0x00, 0x00, 0x00, 0x30, 0xFF, 0x5F, 0x00, 0x00, 0x00, 0x00, 0x00, 0x00, 0x00, 0x00, 0x00,
    0x00, 0x00, 0xFC, 0xDF, 0x01, 0x00, 0x00, 0x00, 0x00, 0x00, 0x00, 0xBB, 0x16, 0x00, 0x00, 0xF4,
    0xFF, 0x09, 0x00, 0x00, 0x00, 0x00, 0x00, 0x60, 0xFF, 0x7F, 0x00, 0x00, 0xA0, 0xFF, 0x9F, 0x00,
    0x00, 0x00, 0x00, 0x00, 0xF5, 0xFF, 0x1D, 0x00, 0x00, 0x10, 0xFC, 0xFF, 0x4C, 0x00, 0x00, 0x00,
    0x92, 0xFF, 0xFF, 0x04, 0x00, 0x00, 0x00, 0xC1, 0xFF, 0xFF, 0xAE, 0x89, 0xC9, 0xFF, 0xFF, 0x5F,
    0x00, 0x00, 0x00, 0x00, 0x10, 0xF9, 0xFF, 0xFF, 0xFF, 0xFF, 0xFF, 0xDF, 0x03, 0x00, 0x00, 0x00,
    0x00, 0x00, 0x30, 0xEA, 0xFF, 0xFF, 0xFF, 0xCF, 0x06, 0x00, 0x00, 0x00, 0x00, 0x00, 0x00, 0x00,
    0x00, 0x63, 0x77, 0x56, 0x02, 0x00, 0x00, 0x00, 0x00,
    // Unicode: [0x0066, f]
    0x00, 0x00, 0x00, 0x00, 0x00, 0x00, 0x21, 0x00, 0x00, 0x00, 0x00, 0x00, 0x00, 0x60, 0xFB, 0xFF,
    0xCF, 0x04, 0x00, 0x00, 0x00, 0x20, 0xFC, 0xFF, 0xFF, 0xFF, 0x02, 0x00, 0x00, 0x00, 0xD1, 0xFF,
    0xFF, 0xFF, 0xCF, 0x00, 0x00, 0x00, 0x00, 0xF9, 0xFF, 0x4B, 0x01, 0x32, 0x00, 0x00, 0x00, 0x00,
    0xFE, 0xCF, 0x00, 0x00, 0x00, 0x00, 0x00, 0x00, 0x20, 0xFF, 0x4F, 0x00, 0x00, 0x00, 0x00, 0x00,
    0x00, 0x30, 0xFF, 0x1F, 0x00, 0x00, 0x00, 0x00, 0x00, 0x00, 0x40, 0xFF, 0x1F, 0x00, 0x00, 0x00,
    0x00, 0x00, 0x00, 0x40, 0xFF, 0x1F, 0x00, 0x00, 0x00, 0x00, 0x00, 0x00, 0x40, 0xFF, 0x1F, 0x00,
    0x00, 0x00, 0x00, 0xF9, 0xFF, 0xFF, 0xFF, 0xFF, 0xFF, 0xFF, 0x8F, 0x00, 0xF9, 0xFF, 0xFF, 0xFF,
    0xFF, 0xFF, 0xFF, 0x8F, 0x00, 0xE8, 0xEE, 0xEE, 0xFF, 0xEF, 0xEE, 0xEE, 0x7E, 0x00, 0x00, 0x00,
    0x40, 0xFF, 0x1F, 0x00, 0x00, 0x00, 0x00, 0x00, 0x00, 0x40, 0xFF, 0x1F, 0x00, 0x00, 0x00, 0x00,
    0x00, 0x00, 0x40, 0xFF, 0x1F, 0x00, 0x00, 0x00, 0x00, 0x00, 0x00, 0x40, 0xFF, 0x1F, 0x00, 0x00,
    0x00, 0x00, 0x00, 0x00, 0x40, 0xFF, 0x1F, 0x00, 0x00, 0x00, 0x00, 0x00, 0x00, 0x40, 0xFF, 0x1F,
    0x00, 0x00, 0x00, 0x00, 0x00, 0x00, 0x40, 0xFF, 0x1F, 0x00, 0x00, 0x00, 0x00, 0x00, 0x00, 0x40,
    0xFF, 0x1F, 0x00, 0x00, 0x00, 0x00, 0x00, 0x00, 0x40, 0xFF, 0x1F, 0x00, 0x00, 0x00, 0x00, 0x00,
    0x00, 0x40, 0xFF, 0x1F, 0x00, 0x00, 0x00, 0x00, 0x00, 0x00, 0x40, 0xFF, 0x1F, 0x00, 0x00, 0x00,
    0x00, 0x00, 0x00, 0x40, 0xFF, 0x1F, 0x00, 0x00, 0x00, 0x00, 0x00, 0x00, 0x40, 0xFF, 0x1F, 0x00,
    0x00, 0x00, 0x00, 0x00, 0x00, 0x40, 0xFF, 0x1F, 0x00, 0x00, 0x00, 0x00, 0x00, 0x00, 0x40, 0xFF,
    0x1F, 0x00, 0x00, 0x00, 0x00, 0x00, 0x00, 0x40, 0xFF, 0x1F, 0x00, 0x00, 0x00, 0x00, 0x00, 0x00,
    0x40, 0xFF, 0x1F, 0x00, 0x00, 0x00, 0x00, 0x00, 0x00, 0x40, 0xFF, 0x1F, 0x00, 0x00, 0x00, 0x00,
    0x00, 0x00, 0x40, 0xFF, 0x1F, 0x00, 0x00, 0x00, 0x00, 0x00, 0x00, 0x40, 0xFF, 0x1F, 0x00, 0x00,
    0x00, 0x00, 0x00, 0x00, 0x40, 0xFF, 0x1F, 0x00, 0x00, 0x00, 0x00, 0x00, 0x00, 0x40, 0xFF, 0x1F,
    0x00, 0x00, 0x00, 0x00, 0x00, 0x00, 0x40, 0xFF, 0x1F, 0x00, 0x00, 0x00, 0x00, 0x00, 0x00, 0x40,
    0xFF, 0x1F, 0x00, 0x00, 0x00, 0x00, 0x00, 0x00, 0x40, 0xFF, 0x1F, 0x00, 0x00, 0x00, 0x00,
    // Unicode: [0x0067, g]
    0x00, 0x00, 0x00, 0x10, 0xA6, 0xED, 0xDE, 0x5A, 0x00, 0x00, 0xF4, 0xEF, 0x00, 0x00, 0x00, 0xE6,
    0xFF, 0xFF, 0xFF, 0xFF, 0x3C, 0x00, 0xF4, 0xEF, 0x00, 0x00, 0xA1, 0xFF, 0xFF, 0xFF, 0xFF, 0xFF,
    0xEF, 0x04, 0xF4, 0xEF, 0x00, 0x00, 0xFB, 0xFF, 0x9F, 0x14, 0x21, 0xA5, 0xFF, 0x2E, 0xF4, 0xEF,
    0x00, 0x80, 0xFF, 0xCF, 0x02, 0x00, 0x00, 0x00, 0xD3, 0xBF, 0xF4, 0xEF, 0x00, 0xF3, 0xFF, 0x1C,
    0x00, 0x00, 0x00, 0x00, 0x20, 0xFE, 0xF9, 0xEF, 0x00, 0xFA, 0xFF, 0x02, 0x00, 0x00, 0x00, 0x00,
    0x00, 0xF4, 0xFF, 0xEF, 0x10, 0xFF, 0x8F, 0x00, 0x00, 0x00, 0x00, 0x00, 0x00, 0xB0, 0xFF, 0xEF,
    0x70, 0xFF, 0x2F, 0x00, 0x00, 0x00, 0x00, 0x00, 0x00, 0x40, 0xFF, 0xEF, 0xA0, 0xFF, 0x0C, 0x00,
    0x00, 0x00, 0x00, 0x00, 0x00, 0x00, 0xFF, 0xEF, 0xE0, 0xFF, 0x08, 0x00, 0x00, 0x00, 0x00, 0x00,
    0x00, 0x00, 0xFB, 0xEF, 0xF1, 0xFF, 0x05, 0x00, 0x00, 0x00, 0x00, 0x00, 0x00, 0x00, 0xF8, 0xEF,
    0xF2, 0xFF, 0x04, 0x00, 0x00, 0x00, 0x00, 0x00, 0x00, 0x00, 0xF7, 0xEF, 0xF3, 0xFF, 0x02, 0x00,
    0x00, 0x00, 0x00, 0x00, 0x00, 0x00, 0xF6, 0xEF, 0xF3, 0xFF, 0x02, 0x00, 0x00, 0x00, 0x00, 0x00,
    0x00, 0x00, 0xF5, 0xEF, 0xF3, 0xFF, 0x03, 0x00, 0x00, 0x00, 0x00, 0x00, 0x00, 0x00, 0xF6, 0xEF,
    0xF2, 0xFF, 0x04, 0x00, 0x00, 0x00, 0x00, 0x00, 0x00, 0x00, 0xF7, 0xEF, 0xF0, 0xFF, 0x07, 0x00,
    0x00, 0x00, 0x00, 0x00, 0x00, 0x00, 0xF9, 0xEF, 0xC0, 0xFF, 0x0A, 0x00, 0x00, 0x00, 0x00, 0x00,
    0x00, 0x00, 0xFC, 0xEF, 0x90, 0xFF, 0x1E, 0x00, 0x00, 0x00, 0x00, 0x00, 0x00, 0x20, 0xFF, 0xEF,
    0x40, 0xFF, 0x6F, 0x00, 0x00, 0x00, 0x00, 0x00, 0x00, 0x80, 0xFF, 0xEF, 0x00, 0xFD, 0xEF, 0x01,
    0x00, 0x00, 0x00, 0x00, 0x00, 0xF2, 0xFF, 0xEF, 0x00, 0xF5, 0xFF, 0x0B, 0x00, 0x00, 0x00, 0x00,
    0x10, 0xFC, 0xFC, 0xEF, 0x00, 0xB0, 0xFF, 0xAF, 0x01, 0x00, 0x00, 0x00, 0xC2, 0xCF, 0xF6, 0xEF,
    0x00, 0x10, 0xFD, 0xFF, 0x8E, 0x24, 0x21, 0x94, 0xFF, 0x3F, 0xF6, 0xEF, 0x00, 0x00, 0xD2, 0xFF,
    0xFF, 0xFF, 0xFF, 0xFF, 0xFF, 0x05, 0xF6, 0xEF, 0x00, 0x00, 0x10, 0xF8, 0xFF, 0xFF, 0xFF, 0xFF,
    0x4D, 0x00, 0xF6, 0xEF, 0x00, 0x00, 0x00, 0x20, 0xB7, 0xFE, 0xDE, 0x5A, 0x00, 0x00, 0xF6, 0xEF,
    0x00, 0x00, 0x00, 0x00, 0x00, 0x00, 0x00, 0x00, 0x00, 0x00, 0xF6, 0xEF, 0x00, 0x00, 0x00, 0x00,
    0x00, 0x00, 0x00, 0x00, 0x00, 0x00, 0xF7, 0xDF, 0x00, 0x00, 0x00, 0x00, 0x00, 0x00, 0x00, 0x00,
    0x00, 0x00, 0xFB, 0xAF, 0x00, 0x10, 0x07, 0x00, 0x00, 0x00, 0x00, 0x00, 0x00, 0x20, 0xFF, 0x6F,
    0x00, 0xE8, 0xAF, 0x00, 0x00, 0x00, 0x00, 0x00, 0x00, 0xB0, 0xFF, 0x1E, 0x00, 0xF9, 0xFF, 0x2C,
    0x00, 0x00, 0x00, 0x00, 0x20, 0xFB, 0xFF, 0x08, 0x00, 0xC1, 0xFF, 0xEF, 0x49, 0x02, 0x00, 0x52,
    0xE9, 0xFF, 0xBF, 0x00, 0x00, 0x10, 0xFA, 0xFF, 0xFF, 0xFF, 0xFF, 0xFF, 0xFF, 0xFF, 0x1A, 0x00,
    0x00, 0x00, 0x50, 0xFD, 0xFF, 0xFF, 0xFF, 0xFF, 0xFF, 0x6D, 0x00, 0x00, 0x00, 0x00, 0x00, 0x40,
    0xB8, 0xED, 0xFF, 0xBD, 0x48, 0x00, 0x00, 0x00,
    // Unicode: [0x0068, h]
    0xFC, 0x8F, 0x00, 0x00, 0x00, 0x00, 0x00, 0x00, 0x00, 0x00, 0x00, 0xFC, 0x8F, 0x00, 0x00, 0x00,
    0x00, 0x00, 0x00, 0x00, 0x00, 0x00, 0xFC, 0x8F, 0x00, 0x00, 0x00, 0x00, 0x00, 0x00, 0x00, 0x00,
    0x00, 0xFC, 0x8F, 0x00, 0x00, 0x00, 0x00, 0x00, 0x00, 0x00, 0x00, 0x00, 0xFC, 0x8F, 0x00, 0x00,
    0x00, 0x00, 0x00, 0x00, 0x00, 0x00, 0x00, 0xFC, 0x8F, 0x00, 0x00, 0x00, 0x00, 0x00, 0x00, 0x00,
    0x00, 0x00, 0xFC, 0x8F, 0x00, 0x00, 0x00, 0x00, 0x00, 0x00, 0x00, 0x00, 0x00, 0xFC, 0x8F, 0x00,
    0x00, 0x00, 0x00, 0x00, 0x00, 0x00, 0x00, 0x00, 0xFC, 0x8F, 0x00, 0x00, 0x00, 0x00, 0x00, 0x00,
    0x00, 0x00, 0x00, 0xFC, 0x8F, 0x00, 0x10, 0xB6, 0xFD, 0xDE, 0x6A, 0x00, 0x00, 0x00, 0xFC, 0x8F,
    0x00, 0xE6, 0xFF, 0xFF, 0xFF, 0xFF, 0x5D, 0x00, 0x00, 0xFC, 0x8F, 0x90, 0xFF, 0xFF, 0xFF, 0xFF,
    0xFF, 0xFF, 0x07, 0x00, 0xFC, 0x8F, 0xF7, 0xDF, 0x37, 0x22, 0x73, 0xFD, 0xFF, 0x5F, 0x00, 0xFC,
    0x9F, 0xFF, 0x07, 0x00, 0x00, 0x00, 0x80, 0xFF, 0xEF, 0x01, 0xFC, 0xFF, 0x5F, 0x00, 0x00, 0x00,
    0x00, 0x00, 0xF9, 0xFF, 0x07, 0xFC, 0xFF, 0x09, 0x00, 0x00, 0x00, 0x00, 0x00, 0xD0, 0xFF, 0x0C,
    0xFC, 0xFF, 0x02, 0x00, 0x00, 0x00, 0x00, 0x00, 0x70, 0xFF, 0x1F, 0xFC, 0xCF, 0x00, 0x00, 0x00,
    0x00, 0x00, 0x00, 0x40, 0xFF, 0x2F, 0xFC, 0x9F, 0x00, 0x00, 0x00, 0x00, 0x00, 0x00, 0x20, 0xFF,
    0x3F, 0xFC, 0x8F, 0x00, 0x00, 0x00, 0x00, 0x00, 0x00, 0x10, 0xFF, 0x4F, 0xFC, 0x8F, 0x00, 0x00,
    0x00, 0x00, 0x00, 0x00, 0x10, 0xFF, 0x4F, 0xFC, 0x8F, 0x00, 0x00, 0x00, 0x00, 0x00, 0x00, 0x10,
    0xFF, 0x4F, 0xFC, 0x8F, 0x00, 0x00, 0x00, 0x00, 0x00, 0x00, 0x10, 0xFF, 0x4F, 0xFC, 0x8F, 0x00,
    0x00, 0x00, 0x00, 0x00, 0x00, 0x10, 0xFF, 0x4F, 0xFC, 0x8F, 0x00, 0x00, 0x00, 0x00, 0x00, 0x00,
    0x10, 0xFF, 0x4F, 0xFC, 0x8F, 0x00, 0x00, 0x00, 0x00, 0x00, 0x00, 0x10, 0xFF, 0x4F, 0xFC, 0x8F,
    0x00, 0x00, 0x00, 0x00, 0x00, 0x00, 0x10, 0xFF, 0x4F, 0xFC, 0x8F, 0x00, 0x00, 0x00, 0x00, 0x00,
    0x00, 0x10, 0xFF, 0x4F, 0xFC, 0x8F, 0x00, 0x00, 0x00, 0x00, 0x00, 0x00, 0x10, 0xFF, 0x4F, 0xFC,
    0x8F, 0x00, 0x00, 0x00, 0x00, 0x00, 0x00, 0x10, 0xFF, 0x4F, 0xFC, 0x8F, 0x00, 0x00, 0x00, 0x00,
    0x00, 0x00, 0x10, 0xFF, 0x4F, 0xFC, 0x8F, 0x00, 0x00, 0x00, 0x00, 0x00, 0x00, 0x10, 0xFF, 0x4F,
    0xFC, 0x8F, 0x00, 0x00, 0x00, 0x00, 0x00, 0x00, 0x10, 0xFF, 0x4F, 0xFC, 0x8F, 0x00, 0x00, 0x00,
    0x00, 0x00, 0x00, 0x10, 0xFF, 0x4F, 0xFC, 0x8F, 0x00, 0x00, 0x00, 0x00, 0x00, 0x00, 0x10, 0xFF,
    0x4F, 0xFC, 0x8F, 0x00, 0x00, 0x00, 0x00, 0x00, 0x00, 0x10, 0xFF, 0x4F, 0xFC, 0x8F, 0x00, 0x00,
    0x00, 0x00, 0x00, 0x00, 0x10, 0xFF, 0x4F,
    // Unicode: [0x0069, i]
    0x20, 0x56, 0x00, 0xE2, 0xFF, 0x0B, 0xF7, 0xFF, 0x3F, 0xF6, 0xFF, 0x2F, 0xB0, 0xFF, 0x07, 0x00,
    0x12, 0x00, 0x00, 0x00, 0x00, 0x00, 0x00, 0x00, 0x00, 0x00, 0x00, 0x00, 0x00, 0x00, 0xC0, 0xFF,
    0x08, 0xC0, 0xFF, 0x08, 0xC0, 0xFF, 0x08, 0xC0, 0xFF, 0x08, 0xC0, 0xFF, 0x08, 0xC0, 0xFF, 0x08,
    0xC0, 0xFF, 0x08, 0xC0, 0xFF, 0x08, 0xC0, 0xFF, 0x08, 0xC0, 0xFF, 0x08, 0xC0, 0xFF, 0x08, 0xC0,
    0xFF, 0x08, 0xC0, 0xFF, 0x08, 0xC0, 0xFF, 0x08, 0xC0, 0xFF, 0x08, 0xC0, 0xFF, 0x08, 0xC0, 0xFF,
    0x08, 0xC0, 0xFF, 0x08, 0xC0, 0xFF, 0x08, 0xC0, 0xFF, 0x08, 0xC0, 0xFF, 0x08, 0xC0, 0xFF, 0x08,
    0xC0, 0xFF, 0x08, 0xC0, 0xFF, 0x08, 0xC0, 0xFF, 0x08, 0xC0, 0xFF, 0x08, 0xC0, 0xFF, 0x08, 0xC0,
    0xFF, 0x08,
    // Unicode: [0x006A, j]
    0x00, 0x00, 0x10, 0x66, 0x00, 0x00, 0x00, 0xE2, 0xFF, 0x0C, 0x00, 0x00, 0xF7, 0xFF, 0x3F, 0x00,
    0x00, 0xF6, 0xFF, 0x2F, 0x00, 0x00, 0xB0, 0xFF, 0x08, 0x00, 0x00, 0x00, 0x12, 0x00, 0x00, 0x00,
    0x00, 0x00, 0x00, 0x00, 0x00, 0x00, 0x00, 0x00, 0x00, 0x00, 0x00, 0x00, 0x00, 0x00, 0x00, 0x00,
    0x00, 0x00, 0x00, 0x00, 0xC0, 0xFF, 0x08, 0x00, 0x00, 0xC0, 0xFF, 0x08, 0x00, 0x00, 0xC0, 0xFF,
    0x08, 0x00, 0x00, 0xC0, 0xFF, 0x08, 0x00, 0x00, 0xC0, 0xFF, 0x08, 0x00, 0x00, 0xC0, 0xFF, 0x08,
    0x00, 0x00, 0xC0, 0xFF, 0x08, 0x00, 0x00, 0xC0, 0xFF, 0x08, 0x00, 0x00, 0xC0, 0xFF, 0x08, 0x00,
    0x00, 0xC0, 0xFF, 0x08, 0x00, 0x00, 0xC0, 0xFF, 0x08, 0x00, 0x00, 0xC0, 0xFF, 0x08, 0x00, 0x00,
    0xC0, 0xFF, 0x08, 0x00, 0x00, 0xC0, 0xFF, 0x08, 0x00, 0x00, 0xC0, 0xFF, 0x08, 0x00, 0x00, 0xC0,
    0xFF, 0x08, 0x00, 0x00, 0xC0, 0xFF, 0x08, 0x00, 0x00, 0xC0, 0xFF, 0x08, 0x00, 0x00, 0xC0, 0xFF,
    0x08, 0x00, 0x00, 0xC0, 0xFF, 0x08, 0x00, 0x00, 0xC0, 0xFF, 0x08, 0x00, 0x00, 0xC0, 0xFF, 0x08,
    0x00, 0x00, 0xC0, 0xFF, 0x08, 0x00, 0x00, 0xC0, 0xFF, 0x08, 0x00, 0x00, 0xC0, 0xFF, 0x08, 0x00,
    0x00, 0xC0, 0xFF, 0x08, 0x00, 0x00, 0xC0, 0xFF, 0x08, 0x00, 0x00, 0xC0, 0xFF, 0x08, 0x00, 0x00,
    0xC0, 0xFF, 0x08, 0x00, 0x00, 0xC0, 0xFF, 0x08, 0x00, 0x00, 0xC0, 0xFF, 0x08, 0x00, 0x00, 0xD0,
    0xFF, 0x07, 0x00, 0x00, 0xF3, 0xFF, 0x05, 0x00, 0x00, 0xFB, 0xFF, 0x01, 0x21, 0xC5, 0xFF, 0x9F,
    0x00, 0xF9, 0xFF, 0xFF, 0x1D, 0x00, 0xF9, 0xFF, 0xCF, 0x02, 0x00, 0xF9, 0xAD, 0x05, 0x00, 0x00,
    // Unicode: [0x006B, k]
    0xFC, 0x8F, 0x00, 0x00, 0x00, 0x00, 0x00, 0x00, 0x00, 0x00, 0x00, 0xFC, 0x8F, 0x00, 0x00, 0x00,
    0x00, 0x00, 0x00, 0x00, 0x00, 0x00, 0xFC, 0x8F, 0x00, 0x00, 0x00, 0x00, 0x00, 0x00, 0x00, 0x00,
    0x00, 0xFC, 0x8F, 0x00, 0x00, 0x00, 0x00, 0x00, 0x00, 0x00, 0x00, 0x00, 0xFC, 0x8F, 0x00, 0x00,
    0x00, 0x00, 0x00, 0x00, 0x00, 0x00, 0x00, 0xFC, 0x8F, 0x00, 0x00, 0x00, 0x00, 0x00, 0x00, 0x00,
    0x00, 0x00, 0xFC, 0x8F, 0x00, 0x00, 0x00, 0x00, 0x00, 0x00, 0x00, 0x00, 0x00, 0xFC, 0x8F, 0x00,
    0x00, 0x00, 0x00, 0x00, 0x00, 0x00, 0x00, 0x00, 0xFC, 0x8F, 0x00, 0x00, 0x00, 0x00, 0x00, 0x00,
    0x00, 0x00, 0x00, 0xFC, 0x8F, 0x00, 0x00, 0x00, 0x00, 0x00, 0x20, 0xFD, 0xEF, 0x04, 0xFC, 0x8F,
    0x00, 0x00, 0x00, 0x00, 0x00, 0xD1, 0xFF, 0x4F, 0x00, 0xFC, 0x8F, 0x00, 0x00, 0x00, 0x00, 0x10,
    0xFC, 0xFF, 0x05, 0x00, 0xFC, 0x8F, 0x00, 0x00, 0x00, 0x00, 0xC1, 0xFF, 0x5F, 0x00, 0x00, 0xFC,
    0x8F, 0x00, 0x00, 0x00, 0x10, 0xFC, 0xFF, 0x05, 0x00, 0x00, 0xFC, 0x8F, 0x00, 0x00, 0x00, 0xB0,
    0xFF, 0x6F, 0x00, 0x00, 0x00, 0xFC, 0x8F, 0x00, 0x00, 0x00, 0xFB, 0xFF, 0x06, 0x00, 0x00, 0x00,
    0xFC, 0x8F, 0x00, 0x00, 0xA0, 0xFF, 0x7F, 0x00, 0x00, 0x00, 0x00, 0xFC, 0x8F, 0x00, 0x00, 0xFA,
    0xFF, 0x08, 0x00, 0x00, 0x00, 0x00, 0xFC, 0x8F, 0x00, 0x90, 0xFF, 0x8F, 0x00, 0x00, 0x00, 0x00,
    0x00, 0xFC, 0x8F, 0x00, 0xF9, 0xFF, 0x09, 0x00, 0x00, 0x00, 0x00, 0x00, 0xFC, 0x8F, 0x80, 0xFF,
    0x9F, 0x00, 0x00, 0x00, 0x00, 0x00, 0x00, 0xFC, 0x8F, 0xF8, 0xFF, 0x7F, 0x00, 0x00, 0x00, 0x00,
    0x00, 0x00, 0xFC, 0xEF, 0xFF, 0xFF, 0xFF, 0x03, 0x00, 0x00, 0x00, 0x00, 0x00, 0xFC, 0xFF, 0xFF,
    0xF8, 0xFF, 0x1D, 0x00, 0x00, 0x00, 0x00, 0x00, 0xFC, 0xFF, 0x5F, 0x70, 0xFF, 0xBF, 0x00, 0x00,
    0x00, 0x00, 0x00, 0xFC, 0xFF, 0x04, 0x00, 0xFA, 0xFF, 0x08, 0x00, 0x00, 0x00, 0x00, 0xFC, 0x8F,
    0x00, 0x00, 0xD1, 0xFF, 0x4F, 0x00, 0x00, 0x00, 0x00, 0xFC, 0x8F, 0x00, 0x00, 0x30, 0xFE, 0xEF,
    0x02, 0x00, 0x00, 0x00, 0xFC, 0x8F, 0x00, 0x00, 0x00, 0xF6, 0xFF, 0x0C, 0x00, 0x00, 0x00, 0xFC,
    0x8F, 0x00, 0x00, 0x00, 0x90, 0xFF, 0x9F, 0x00, 0x00, 0x00, 0xFC, 0x8F, 0x00, 0x00, 0x00, 0x00,
    0xFC, 0xFF, 0x06, 0x00, 0x00, 0xFC, 0x8F, 0x00, 0x00, 0x00, 0x00, 0xE2, 0xFF, 0x3E, 0x00, 0x00,
    0xFC, 0x8F, 0x00, 0x00, 0x00, 0x00, 0x50, 0xFF, 0xDF, 0x01, 0x00, 0xFC, 0x8F, 0x00, 0x00, 0x00,
    0x00, 0x00, 0xF8, 0xFF, 0x0A, 0x00, 0xFC, 0x8F, 0x00, 0x00, 0x00, 0x00, 0x00, 0xB0, 0xFF, 0x7F,
    0x00, 0xFC, 0x8F, 0x00, 0x00, 0x00, 0x00, 0x00, 0x20, 0xFE, 0xFF, 0x04, 0xFC, 0x8F, 0x00, 0x00,
    0x00, 0x00, 0x00, 0x00, 0xF4, 0xFF, 0x1E,
    // Unicode: [0x006C, l]
    0xFC, 0x8F, 0xFC, 0x8F, 0xFC, 0x8F, 0xFC, 0x8F, 0xFC, 0x8F, 0xFC, 0x8F, 0xFC, 0x8F, 0xFC, 0x8F,
    0xFC, 0x8F, 0xFC, 0x8F, 0xFC, 0x8F, 0xFC, 0x8F, 0xFC, 0x8F, 0xFC, 0x8F, 0xFC, 0x8F, 0xFC, 0x8F,
    0xFC, 0x8F, 0xFC, 0x8F, 0xFC, 0x8F, 0xFC, 0x8F, 0xFC, 0x8F, 0xFC, 0x8F, 0xFC, 0x8F, 0xFC, 0x8F,
    0xFC, 0x8F, 0xFC, 0x8F, 0xFC, 0x8F, 0xFC, 0x8F, 0xFC, 0x8F, 0xFC, 0x8F, 0xFC, 0x8F, 0xFC, 0x8F,
    0xFC, 0x8F, 0xFC, 0x8F, 0xFC, 0x8F, 0xFC, 0x8F, 0xFC, 0x8F,
    // Unicode: [0x006D, m]
    0xFC, 0x6F, 0x00, 0x20, 0xC8, 0xFE, 0xAD, 0x04, 0x00, 0x00, 0x00, 0x50, 0xDA, 0xEF, 0x9D, 0x04,
    0x00, 0x00, 0xFC, 0x6F, 0x00, 0xF8, 0xFF, 0xFF, 0xFF, 0xAF, 0x00, 0x00, 0x40, 0xFD, 0xFF, 0xFF,
    0xFF, 0xBF, 0x02, 0x00, 0xFC, 0x6F, 0xA0, 0xFF, 0xFF, 0xFF, 0xFF, 0xFF, 0x0A, 0x00, 0xF7, 0xFF,
    0xFF, 0xFF, 0xFF, 0xFF, 0x2D, 0x00, 0xFC, 0x6F, 0xF8, 0xAF, 0x25, 0x32, 0xE7, 0xFF, 0x6F, 0x50,
    0xFF, 0x8E, 0x24, 0x42, 0xE8, 0xFF, 0xCF, 0x01, 0xFC, 0x8F, 0xEF, 0x04, 0x00, 0x00, 0x10, 0xFB,
    0xDF, 0xE1, 0xBF, 0x01, 0x00, 0x00, 0x10, 0xFC, 0xFF, 0x06, 0xFC, 0xEF, 0x2E, 0x00, 0x00, 0x00,
    0x00, 0xD1, 0xFF, 0xFB, 0x1C, 0x00, 0x00, 0x00, 0x00, 0xD1, 0xFF, 0x0D, 0xFC, 0xFF, 0x06, 0x00,
    0x00, 0x00, 0x00, 0x50, 0xFF, 0xFF, 0x03, 0x00, 0x00, 0x00, 0x00, 0x60, 0xFF, 0x2F, 0xFC, 0xEF,
    0x00, 0x00, 0x00, 0x00, 0x00, 0x10, 0xFF, 0xCF, 0x00, 0x00, 0x00, 0x00, 0x00, 0x10, 0xFF, 0x5F,
    0xFC, 0xAF, 0x00, 0x00, 0x00, 0x00, 0x00, 0x00, 0xFD, 0x9F, 0x00, 0x00, 0x00, 0x00, 0x00, 0x00,
    0xFE, 0x6F, 0xFC, 0x8F, 0x00, 0x00, 0x00, 0x00, 0x00, 0x00, 0xFC, 0x7F, 0x00, 0x00, 0x00, 0x00,
    0x00, 0x00, 0xFD, 0x7F, 0xFC, 0x8F, 0x00, 0x00, 0x00, 0x00, 0x00, 0x00, 0xFC, 0x7F, 0x00, 0x00,
    0x00, 0x00, 0x00, 0x00, 0xFD, 0x7F, 0xFC, 0x8F, 0x00, 0x00, 0x00, 0x00, 0x00, 0x00, 0xFC, 0x7F,
    0x00, 0x00, 0x00, 0x00, 0x00, 0x00, 0xFD, 0x7F, 0xFC, 0x8F, 0x00, 0x00, 0x00, 0x00, 0x00, 0x00,
    0xFC, 0x7F, 0x00, 0x00, 0x00, 0x00, 0x00, 0x00, 0xFD, 0x7F, 0xFC, 0x8F, 0x00, 0x00, 0x00, 0x00,
    0x00, 0x00, 0xFC, 0x7F, 0x00, 0x00, 0x00, 0x00, 0x00, 0x00, 0xFD, 0x7F, 0xFC, 0x8F, 0x00, 0x00,
    0x00, 0x00, 0x00, 0x00, 0xFC, 0x7F, 0x00, 0x00, 0x00, 0x00, 0x00, 0x00, 0xFD, 0x7F, 0xFC, 0x8F,
    0x00, 0x00, 0x00, 0x00, 0x00, 0x00, 0xFC, 0x7F, 0x00, 0x00, 0x00, 0x00, 0x00, 0x00, 0xFD, 0x7F,
    0xFC, 0x8F, 0x00, 0x00, 0x00, 0x00, 0x00, 0x00, 0xFC, 0x7F, 0x00, 0x00, 0x00, 0x00, 0x00, 0x00,
    0xFD, 0x7F, 0xFC, 0x8F, 0x00, 0x00, 0x00, 0x00, 0x00, 0x00, 0xFC, 0x7F, 0x00, 0x00, 0x00, 0x00,
    0x00, 0x00, 0xFD, 0x7F, 0xFC, 0x8F, 0x00, 0x00, 0x00, 0x00, 0x00, 0x00, 0xFC, 0x7F, 0x00, 0x00,
    0x00, 0x00, 0x00, 0x00, 0xFD, 0x7F, 0xFC, 0x8F, 0x00, 0x00, 0x00, 0x00, 0x00, 0x00, 0xFC, 0x7F,
    0x00, 0x00, 0x00, 0x00, 0x00, 0x00, 0xFD, 0x7F, 0xFC, 0x8F, 0x00, 0x00, 0x00, 0x00, 0x00, 0x00,
    0xFC, 0x7F, 0x00, 0x00, 0x00, 0x00, 0x00, 0x00, 0xFD, 0x7F, 0xFC, 0x8F, 0x00, 0x00, 0x00, 0x00,
    0x00, 0x00, 0xFC, 0x7F, 0x00, 0x00, 0x00, 0x00, 0x00, 0x00, 0xFD, 0x7F, 0xFC, 0x8F, 0x00, 0x00,
    0x00, 0x00, 0x00, 0x00, 0xFC, 0x7F, 0x00, 0x00, 0x00, 0x00, 0x00, 0x00, 0xFD, 0x7F, 0xFC, 0x8F,
    0x00, 0x00, 0x00, 0x00, 0x00, 0x00, 0xFC, 0x7F, 0x00, 0x00, 0x00, 0x00, 0x00, 0x00, 0xFD, 0x7F,
    0xFC, 0x8F, 0x00, 0x00, 0x00, 0x00, 0x00, 0x00, 0xFC, 0x7F, 0x00, 0x00, 0x00, 0x00, 0x00, 0x00,
    0xFD, 0x7F, 0xFC, 0x8F, 0x00, 0x00, 0x00, 0x00, 0x00, 0x00, 0xFC, 0x7F, 0x00, 0x00, 0x00, 0x00,
    0x00, 0x00, 0xFD, 0x7F, 0xFC, 0x8F, 0x00, 0x00, 0x00, 0x00, 0x00, 0x00, 0xFC, 0x7F, 0x00, 0x00,
    0x00, 0x00, 0x00, 0x00, 0xFD, 0x7F, 0xFC, 0x8F, 0x00, 0x00, 0x00, 0x00, 0x00, 0x00, 0xFC, 0x7F,
    0x00, 0x00, 0x00, 0x00, 0x00, 0x00, 0xFD, 0x7F,
    // Unicode: [0x006E, n]
    0xFC, 0x6F, 0x00, 0x10, 0xB6, 0xFD, 0xDE, 0x6A, 0x00, 0x00, 0x00, 0xFC, 0x6F, 0x00, 0xE6, 0xFF,
    0xFF, 0xFF, 0xFF, 0x5D, 0x00, 0x00, 0xFC, 0x6F, 0x90, 0xFF, 0xFF, 0xFF, 0xFF, 0xFF, 0xFF, 0x07,
    0x00, 0xFC, 0x6F, 0xF7, 0xDF, 0x37, 0x22, 0x73, 0xFD, 0xFF, 0x5F, 0x00, 0xFC, 0x8F, 0xFF, 0x07,
    0x00, 0x00, 0x00, 0x80, 0xFF, 0xEF, 0x01, 0xFC, 0xEF, 0x5F, 0x00, 0x00, 0x00, 0x00, 0x00, 0xF9,
    0xFF, 0x07, 0xFC, 0xFF, 0x09, 0x00, 0x00, 0x00, 0x00, 0x00, 0xD0, 0xFF, 0x0C, 0xFC, 0xFF, 0x02,
    0x00, 0x00, 0x00, 0x00, 0x00, 0x70, 0xFF, 0x0F, 0xFC, 0xCF, 0x00, 0x00, 0x00, 0x00, 0x00, 0x00,
    0x40, 0xFF, 0x2F, 0xFC, 0x9F, 0x00, 0x00, 0x00, 0x00, 0x00, 0x00, 0x20, 0xFF, 0x3F, 0xFC, 0x8F,
    0x00, 0x00, 0x00, 0x00, 0x00, 0x00, 0x10, 0xFF, 0x4F, 0xFC, 0x8F, 0x00, 0x00, 0x00, 0x00, 0x00,
    0x00, 0x10, 0xFF, 0x4F, 0xFC, 0x8F, 0x00, 0x00, 0x00, 0x00, 0x00, 0x00, 0x10, 0xFF, 0x4F, 0xFC,
    0x8F, 0x00, 0x00, 0x00, 0x00, 0x00, 0x00, 0x10, 0xFF, 0x4F, 0xFC, 0x8F, 0x00, 0x00, 0x00, 0x00,
    0x00, 0x00, 0x10, 0xFF, 0x4F, 0xFC, 0x8F, 0x00, 0x00, 0x00, 0x00, 0x00, 0x00, 0x10, 0xFF, 0x4F,
    0xFC, 0x8F, 0x00, 0x00, 0x00, 0x00, 0x00, 0x00, 0x10, 0xFF, 0x4F, 0xFC, 0x8F, 0x00, 0x00, 0x00,
    0x00, 0x00, 0x00, 0x10, 0xFF, 0x4F, 0xFC, 0x8F, 0x00, 0x00, 0x00, 0x00, 0x00, 0x00, 0x10, 0xFF,
    0x4F, 0xFC, 0x8F, 0x00, 0x00, 0x00, 0x00, 0x00, 0x00, 0x10, 0xFF, 0x4F, 0xFC, 0x8F, 0x00, 0x00,
    0x00, 0x00, 0x00, 0x00, 0x10, 0xFF, 0x4F, 0xFC, 0x8F, 0x00, 0x00, 0x00, 0x00, 0x00, 0x00, 0x10,
    0xFF, 0x4F, 0xFC, 0x8F, 0x00, 0x00, 0x00, 0x00, 0x00, 0x00, 0x10, 0xFF, 0x4F, 0xFC, 0x8F, 0x00,
    0x00, 0x00, 0x00, 0x00, 0x00, 0x10, 0xFF, 0x4F, 0xFC, 0x8F, 0x00, 0x00, 0x00, 0x00, 0x00, 0x00,
    0x10, 0xFF, 0x4F, 0xFC, 0x8F, 0x00, 0x00, 0x00, 0x00, 0x00, 0x00, 0x10, 0xFF, 0x4F, 0xFC, 0x8F,
    0x00, 0x00, 0x00, 0x00, 0x00, 0x00, 0x10, 0xFF, 0x4F, 0xFC, 0x8F, 0x00, 0x00, 0x00, 0x00, 0x00,
    0x00, 0x10, 0xFF, 0x4F,
    // Unicode: [0x006F, o]
    0x00, 0x00, 0x00, 0x00, 0x83, 0xEB, 0xEF, 0xAD, 0x16, 0x00, 0x00, 0x00, 0x00, 0x00, 0x00, 0x00,
    0xB3, 0xFF, 0xFF, 0xFF, 0xFF, 0xEF, 0x18, 0x00, 0x00, 0x00, 0x00, 0x00, 0x60, 0xFF, 0xFF, 0xFF,
    0xFF, 0xFF, 0xFF, 0xCF, 0x02, 0x00, 0x00, 0x00, 0x00, 0xF6, 0xFF, 0xBF, 0x25, 0x11, 0x73, 0xFD,
    0xFF, 0x2E, 0x00, 0x00, 0x00, 0x40, 0xFF, 0xEF, 0x05, 0x00, 0x00, 0x00, 0x80, 0xFF, 0xDF, 0x01,
    0x00, 0x00, 0xE1, 0xFF, 0x3E, 0x00, 0x00, 0x00, 0x00, 0x00, 0xF7, 0xFF, 0x09, 0x00, 0x00, 0xF8,
    0xFF, 0x05, 0x00, 0x00, 0x00, 0x00, 0x00, 0xA0, 0xFF, 0x2F, 0x00, 0x10, 0xFE, 0xAF, 0x00, 0x00,
    0x00, 0x00, 0x00, 0x00, 0x10, 0xFE, 0x9F, 0x00, 0x50, 0xFF, 0x3F, 0x00, 0x00, 0x00, 0x00, 0x00,
    0x00, 0x00, 0xF8, 0xEF, 0x00, 0xA0, 0xFF, 0x0D, 0x00, 0x00, 0x00, 0x00, 0x00, 0x00, 0x00, 0xF3,
    0xFF, 0x04, 0xD0, 0xFF, 0x08, 0x00, 0x00, 0x00, 0x00, 0x00, 0x00, 0x00, 0xD0, 0xFF, 0x08, 0xF1,
    0xFF, 0x05, 0x00, 0x00, 0x00, 0x00, 0x00, 0x00, 0x00, 0xA0, 0xFF, 0x0A, 0xF2, 0xFF, 0x03, 0x00,
    0x00, 0x00, 0x00, 0x00, 0x00, 0x00, 0x80, 0xFF, 0x0C, 0xF3, 0xFF, 0x02, 0x00, 0x00, 0x00, 0x00,
    0x00, 0x00, 0x00, 0x70, 0xFF, 0x0D, 0xF3, 0xFF, 0x02, 0x00, 0x00, 0x00, 0x00, 0x00, 0x00, 0x00,
    0x70, 0xFF, 0x0D, 0xF3, 0xFF, 0x03, 0x00, 0x00, 0x00, 0x00, 0x00, 0x00, 0x00, 0x70, 0xFF, 0x0C,
    0xF2, 0xFF, 0x04, 0x00, 0x00, 0x00, 0x00, 0x00, 0x00, 0x00, 0x90, 0xFF, 0x0B, 0xE0, 0xFF, 0x07,
    0x00, 0x00, 0x00, 0x00, 0x00, 0x00, 0x00, 0xC0, 0xFF, 0x09, 0xC0, 0xFF, 0x0B, 0x00, 0x00, 0x00,
    0x00, 0x00, 0x00, 0x00, 0xF1, 0xFF, 0x06, 0x80, 0xFF, 0x1F, 0x00, 0x00, 0x00, 0x00, 0x00, 0x00,
    0x00, 0xF5, 0xFF, 0x02, 0x30, 0xFF, 0x7F, 0x00, 0x00, 0x00, 0x00, 0x00, 0x00, 0x00, 0xFC, 0xCF,
    0x00, 0x00, 0xFB, 0xEF, 0x01, 0x00, 0x00, 0x00, 0x00, 0x00, 0x50, 0xFF, 0x6F, 0x00, 0x00, 0xF4,
    0xFF, 0x0A, 0x00, 0x00, 0x00, 0x00, 0x00, 0xE2, 0xFF, 0x0D, 0x00, 0x00, 0xA0, 0xFF, 0xAF, 0x00,
    0x00, 0x00, 0x00, 0x20, 0xFD, 0xFF, 0x04, 0x00, 0x00, 0x10, 0xFC, 0xFF, 0x3C, 0x00, 0x00, 0x10,
    0xE6, 0xFF, 0x7F, 0x00, 0x00, 0x00, 0x00, 0xD1, 0xFF, 0xFF, 0xAD, 0x99, 0xEB, 0xFF, 0xFF, 0x08,
    0x00, 0x00, 0x00, 0x00, 0x10, 0xFA, 0xFF, 0xFF, 0xFF, 0xFF, 0xFF, 0x5E, 0x00, 0x00, 0x00, 0x00,
    0x00, 0x00, 0x30, 0xFA, 0xFF, 0xFF, 0xFF, 0x8E, 0x01, 0x00, 0x00, 0x00, 0x00, 0x00, 0x00, 0x00,
    0x10, 0x64, 0x77, 0x36, 0x00, 0x00, 0x00, 0x00, 0x00,
    // Unicode: [0x0070, p]
    0xFC, 0x6F, 0x00, 0x00, 0xA4, 0xED, 0xDF, 0x7B, 0x01, 0x00, 0x00, 0x00, 0xFC, 0x6F, 0x00, 0xC2,
    0xFF, 0xFF, 0xFF, 0xFF, 0x8F, 0x00, 0x00, 0x00, 0xFC, 0x6F, 0x30, 0xFE, 0xFF, 0xFF, 0xFF, 0xFF,
    0xFF, 0x1C, 0x00, 0x00, 0xFC, 0x6F, 0xD1, 0xFF, 0x5B, 0x12, 0x41, 0xE8, 0xFF, 0xCF, 0x01, 0x00,
    0xFC, 0x6F, 0xF9, 0x4E, 0x00, 0x00, 0x00, 0x10, 0xFB, 0xFF, 0x09, 0x00, 0xFC, 0xAF, 0xEF, 0x03,
    0x00, 0x00, 0x00, 0x00, 0xB0, 0xFF, 0x4F, 0x00, 0xFC, 0xFF, 0x6F, 0x00, 0x00, 0x00, 0x00, 0x00,
    0x10, 0xFE, 0xCF, 0x00, 0xFC, 0xFF, 0x0C, 0x00, 0x00, 0x00, 0x00, 0x00, 0x00, 0xF6, 0xFF, 0x03,
    0xFC, 0xFF, 0x06, 0x00, 0x00, 0x00, 0x00, 0x00, 0x00, 0xE1, 0xFF, 0x08, 0xFC, 0xFF, 0x02, 0x00,
    0x00, 0x00, 0x00, 0x00, 0x00, 0xA0, 0xFF, 0x0C, 0xFC, 0xDF, 0x00, 0x00, 0x00, 0x00, 0x00, 0x00,
    0x00, 0x60, 0xFF, 0x0F, 0xFC, 0xAF, 0x00, 0x00, 0x00, 0x00, 0x00, 0x00, 0x00, 0x30, 0xFF, 0x2F,
    0xFC, 0x9F, 0x00, 0x00, 0x00, 0x00, 0x00, 0x00, 0x00, 0x20, 0xFF, 0x4F, 0xFC, 0x8F, 0x00, 0x00,
    0x00, 0x00, 0x00, 0x00, 0x00, 0x10, 0xFF, 0x5F, 0xFC, 0x7F, 0x00, 0x00, 0x00, 0x00, 0x00, 0x00,
    0x00, 0x00, 0xFF, 0x5F, 0xFC, 0x8F, 0x00, 0x00, 0x00, 0x00, 0x00, 0x00, 0x00, 0x20, 0xFF, 0x4F,
    0xFC, 0xAF, 0x00, 0x00, 0x00, 0x00, 0x00, 0x00, 0x00, 0x30, 0xFF, 0x3F, 0xFC, 0xBF, 0x00, 0x00,
    0x00, 0x00, 0x00, 0x00, 0x00, 0x50, 0xFF, 0x1F, 0xFC, 0xFF, 0x01, 0x00, 0x00, 0x00, 0x00, 0x00,
    0x00, 0x90, 0xFF, 0x0E, 0xFC, 0xFF, 0x04, 0x00, 0x00, 0x00, 0x00, 0x00, 0x00, 0xD0, 0xFF, 0x0A,
    0xFC, 0xFF, 0x0A, 0x00, 0x00, 0x00, 0x00, 0x00, 0x00, 0xF3, 0xFF, 0x06, 0xFC, 0xFF, 0x2F, 0x00,
    0x00, 0x00, 0x00, 0x00, 0x00, 0xFB, 0xEF, 0x01, 0xFC, 0xEF, 0xCF, 0x00, 0x00, 0x00, 0x00, 0x00,
    0x60, 0xFF, 0x8F, 0x00, 0xFC, 0x8F, 0xFD, 0x0A, 0x00, 0x00, 0x00, 0x00, 0xF5, 0xFF, 0x1E, 0x00,
    0xFC, 0x8F, 0xF4, 0xCF, 0x04, 0x00, 0x00, 0x91, 0xFF, 0xFF, 0x04, 0x00, 0xFC, 0x8F, 0x80, 0xFF,
    0xDF, 0x8A, 0xB9, 0xFF, 0xFF, 0x6F, 0x00, 0x00, 0xFC, 0x8F, 0x00, 0xF8, 0xFF, 0xFF, 0xFF, 0xFF,
    0xEF, 0x05, 0x00, 0x00, 0xFC, 0x8F, 0x00, 0x40, 0xFC, 0xFF, 0xFF, 0xEF, 0x18, 0x00, 0x00, 0x00,
    0xFC, 0x8F, 0x00, 0x00, 0x20, 0x75, 0x67, 0x03, 0x00, 0x00, 0x00, 0x00, 0xFC, 0x8F, 0x00, 0x00,
    0x00, 0x00, 0x00, 0x00, 0x00, 0x00, 0x00, 0x00, 0xFC, 0x8F, 0x00, 0x00, 0x00, 0x00, 0x00, 0x00,
    0x00, 0x00, 0x00, 0x00, 0xFC, 0x8F, 0x00, 0x00, 0x00, 0x00, 0x00, 0x00, 0x00, 0x00, 0x00, 0x00,
    0xFC, 0x8F, 0x00, 0x00, 0x00, 0x00, 0x00, 0x00, 0x00, 0x00, 0x00, 0x00, 0xFC, 0x8F, 0x00, 0x00,
    0x00, 0x00, 0x00, 0x00, 0x00, 0x00, 0x00, 0x00, 0xFC, 0x8F, 0x00, 0x00, 0x00, 0x00, 0x00, 0x00,
    0x00, 0x00, 0x00, 0x00, 0xFC, 0x8F, 0x00, 0x00, 0x00, 0x00, 0x00, 0x00, 0x00, 0x00, 0x00, 0x00,
    0xFC, 0x8F, 0x00, 0x00, 0x00, 0x00, 0x00, 0x00, 0x00, 0x00, 0x00, 0x00, 0xFC, 0x8F, 0x00, 0x00,
    0x00, 0x00, 0x00, 0x00, 0x00, 0x00, 0x00, 0x00,
    // Unicode: [0x0071, q]
    0x00, 0x00, 0x00, 0x10, 0xB6, 0xFD, 0xDE, 0x5A, 0x00, 0x00, 0xF4, 0xEF, 0x00, 0x00, 0x00, 0xE7,
    0xFF, 0xFF, 0xFF, 0xFF, 0x3C, 0x00, 0xF4, 0xEF, 0x00, 0x00, 0xB1, 0xFF, 0xFF, 0xFF, 0xFF, 0xFF,
    0xEF, 0x03, 0xF4, 0xEF, 0x00, 0x00, 0xFB, 0xFF, 0x9E, 0x14, 0x21, 0xA5, 0xFF, 0x2E, 0xF4, 0xEF,
    0x00, 0x80, 0xFF, 0xCF, 0x02, 0x00, 0x00, 0x00, 0xE4, 0xBF, 0xF4, 0xEF, 0x00, 0xF3, 0xFF, 0x1C,
    0x00, 0x00, 0x00, 0x00, 0x20, 0xFE, 0xFA, 0xEF, 0x00, 0xFA, 0xEF, 0x02, 0x00, 0x00, 0x00, 0x00,
    0x00, 0xF5, 0xFF, 0xEF, 0x20, 0xFF, 0x8F, 0x00, 0x00, 0x00, 0x00, 0x00, 0x00, 0xB0, 0xFF, 0xEF,
    0x70, 0xFF, 0x1F, 0x00, 0x00, 0x00, 0x00, 0x00, 0x00, 0x50, 0xFF, 0xEF, 0xB0, 0xFF, 0x0C, 0x00,
    0x00, 0x00, 0x00, 0x00, 0x00, 0x10, 0xFF, 0xEF, 0xE0, 0xFF, 0x08, 0x00, 0x00, 0x00, 0x00, 0x00,
    0x00, 0x00, 0xFC, 0xEF, 0xF1, 0xFF, 0x05, 0x00, 0x00, 0x00, 0x00, 0x00, 0x00, 0x00, 0xF9, 0xEF,
    0xF2, 0xFF, 0x04, 0x00, 0x00, 0x00, 0x00, 0x00, 0x00, 0x00, 0xF8, 0xEF, 0xF3, 0xFF, 0x02, 0x00,
    0x00, 0x00, 0x00, 0x00, 0x00, 0x00, 0xF6, 0xEF, 0xF3, 0xFF, 0x02, 0x00, 0x00, 0x00, 0x00, 0x00,
    0x00, 0x00, 0xF6, 0xEF, 0xF3, 0xFF, 0x03, 0x00, 0x00, 0x00, 0x00, 0x00, 0x00, 0x00, 0xF7, 0xEF,
    0xF2, 0xFF, 0x04, 0x00, 0x00, 0x00, 0x00, 0x00, 0x00, 0x00, 0xF8, 0xEF, 0xF0, 0xFF, 0x06, 0x00,
    0x00, 0x00, 0x00, 0x00, 0x00, 0x00, 0xFA, 0xEF, 0xC0, 0xFF, 0x0A, 0x00, 0x00, 0x00, 0x00, 0x00,
    0x00, 0x00, 0xFE, 0xEF, 0x90, 0xFF, 0x0E, 0x00, 0x00, 0x00, 0x00, 0x00, 0x00, 0x30, 0xFF, 0xEF,
    0x40, 0xFF, 0x5F, 0x00, 0x00, 0x00, 0x00, 0x00, 0x00, 0x80, 0xFF, 0xEF, 0x00, 0xFE, 0xCF, 0x00,
    0x00, 0x00, 0x00, 0x00, 0x00, 0xE1, 0xFF, 0xEF, 0x00, 0xF7, 0xFF, 0x07, 0x00, 0x00, 0x00, 0x00,
    0x00, 0xFA, 0xFE, 0xEF, 0x00, 0xD1, 0xFF, 0x6F, 0x00, 0x00, 0x00, 0x00, 0x90, 0xEF, 0xF7, 0xEF,
    0x00, 0x30, 0xFF, 0xFF, 0x29, 0x00, 0x00, 0x30, 0xFB, 0x6F, 0xF6, 0xEF, 0x00, 0x00, 0xF5, 0xFF,
    0xFF, 0x9C, 0xA8, 0xFD, 0xFF, 0x09, 0xF6, 0xEF, 0x00, 0x00, 0x40, 0xFE, 0xFF, 0xFF, 0xFF, 0xFF,
    0x9F, 0x00, 0xF6, 0xEF, 0x00, 0x00, 0x00, 0x81, 0xFE, 0xFF, 0xFF, 0xCF, 0x05, 0x00, 0xF6, 0xEF,
    0x00, 0x00, 0x00, 0x00, 0x30, 0x76, 0x57, 0x02, 0x00, 0x00, 0xF6, 0xEF, 0x00, 0x00, 0x00, 0x00,
    0x00, 0x00, 0x00, 0x00, 0x00, 0x00, 0xF6, 0xEF, 0x00, 0x00, 0x00, 0x00, 0x00, 0x00, 0x00, 0x00,
    0x00, 0x00, 0xF6, 0xEF, 0x00, 0x00, 0x00, 0x00, 0x00, 0x00, 0x00, 0x00, 0x00, 0x00, 0xF6, 0xEF,
    0x00, 0x00, 0x00, 0x00, 0x00, 0x00, 0x00, 0x00, 0x00, 0x00, 0xF6, 0xEF, 0x00, 0x00, 0x00, 0x00,
    0x00, 0x00, 0x00, 0x00, 0x00, 0x00, 0xF6, 0xEF, 0x00, 0x00, 0x00, 0x00, 0x00, 0x00, 0x00, 0x00,
    0x00, 0x00, 0xF6, 0xEF, 0x00, 0x00, 0x00, 0x00, 0x00, 0x00, 0x00, 0x00, 0x00, 0x00, 0xF6, 0xEF,
    0x00, 0x00, 0x00, 0x00, 0x00, 0x00, 0x00, 0x00, 0x00, 0x00, 0xF6, 0xEF, 0x00, 0x00, 0x00, 0x00,
    0x00, 0x00, 0x00, 0x00, 0x00, 0x00, 0xF6, 0xEF,
    // Unicode: [0x0072, r]
    0xFC, 0x6F, 0x00, 0x40, 0xD9, 0xFE, 0x0B, 0xFC, 0x6F, 0x10, 0xFB, 0xFF, 0xFF, 0x0B, 0xFC, 0x6F,
    0xD2, 0xFF, 0xFF, 0xFF, 0x0B, 0xFC, 0x6F, 0xFB, 0xDF, 0x58, 0x44, 0x04, 0xFC, 0xBF, 0xFF, 0x07,
    0x00, 0x00, 0x00, 0xFC, 0xFF, 0x5F, 0x00, 0x00, 0x00, 0x00, 0xFC, 0xFF, 0x08, 0x00, 0x00, 0x00,
    0x00, 0xFC, 0xFF, 0x01, 0x00, 0x00, 0x00, 0x00, 0xFC, 0xBF, 0x00, 0x00, 0x00, 0x00, 0x00, 0xFC,
    0x8F, 0x00, 0x00, 0x00, 0x00, 0x00, 0xFC, 0x8F, 0x00, 0x00, 0x00, 0x00, 0x00, 0xFC, 0x8F, 0x00,
    0x00, 0x00, 0x00, 0x00, 0xFC, 0x8F, 0x00, 0x00, 0x00, 0x00, 0x00, 0xFC, 0x8F, 0x00, 0x00, 0x00,
    0x00, 0x00, 0xFC, 0x8F, 0x00, 0x00, 0x00, 0x00, 0x00, 0xFC, 0x8F, 0x00, 0x00, 0x00, 0x00, 0x00,
    0xFC, 0x8F, 0x00, 0x00, 0x00, 0x00, 0x00, 0xFC, 0x8F, 0x00, 0x00, 0x00, 0x00, 0x00, 0xFC, 0x8F,
    0x00, 0x00, 0x00, 0x00, 0x00, 0xFC, 0x8F, 0x00, 0x00, 0x00, 0x00, 0x00, 0xFC, 0x8F, 0x00, 0x00,
    0x00, 0x00, 0x00, 0xFC, 0x8F, 0x00, 0x00, 0x00, 0x00, 0x00, 0xFC, 0x8F, 0x00, 0x00, 0x00, 0x00,
    0x00, 0xFC, 0x8F, 0x00, 0x00, 0x00, 0x00, 0x00, 0xFC, 0x8F, 0x00, 0x00, 0x00, 0x00, 0x00, 0xFC,
    0x8F, 0x00, 0x00, 0x00, 0x00, 0x00, 0xFC, 0x8F, 0x00, 0x00, 0x00, 0x00, 0x00, 0xFC, 0x8F, 0x00,
    0x00, 0x00, 0x00, 0x00,
    // Unicode: [0x0073, s]
    0x00, 0x00, 0x00, 0x61, 0xCA, 0xFE, 0xCE, 0x49, 0x00, 0x00, 0x00, 0x00, 0x00, 0x70, 0xFE, 0xFF,
    0xFF, 0xFF, 0xFF, 0x3C, 0x00, 0x00, 0x00, 0x10, 0xFC, 0xFF, 0xFF, 0xEE, 0xFF, 0xFF, 0xEF, 0x04,
    0x00, 0x00, 0xC0, 0xFF, 0xCF, 0x26, 0x00, 0x30, 0xF8, 0xFF, 0x2E, 0x00, 0x00, 0xF7, 0xFF, 0x09,
    0x00, 0x00, 0x00, 0x40, 0xFF, 0xBF, 0x00, 0x00, 0xFD, 0xBF, 0x00, 0x00, 0x00, 0x00, 0x00, 0xF5,
    0xFF, 0x03, 0x20, 0xFF, 0x4F, 0x00, 0x00, 0x00, 0x00, 0x00, 0xC0, 0xCF, 0x05, 0x30, 0xFF, 0x2F,
    0x00, 0x00, 0x00, 0x00, 0x00, 0x20, 0x01, 0x00, 0x30, 0xFF, 0x3F, 0x00, 0x00, 0x00, 0x00, 0x00,
    0x00, 0x00, 0x00, 0x10, 0xFF, 0x9F, 0x00, 0x00, 0x00, 0x00, 0x00, 0x00, 0x00, 0x00, 0x00, 0xFB,
    0xFF, 0x07, 0x00, 0x00, 0x00, 0x00, 0x00, 0x00, 0x00, 0x00, 0xF3, 0xFF, 0xBF, 0x04, 0x00, 0x00,
    0x00, 0x00, 0x00, 0x00, 0x00, 0x60, 0xFF, 0xFF, 0xEF, 0x7B, 0x03, 0x00, 0x00, 0x00, 0x00, 0x00,
    0x00, 0xD4, 0xFF, 0xFF, 0xFF, 0xEF, 0x6B, 0x01, 0x00, 0x00, 0x00, 0x00, 0x00, 0xB5, 0xFE, 0xFF,
    0xFF, 0xFF, 0x8E, 0x01, 0x00, 0x00, 0x00, 0x00, 0x00, 0x41, 0xB8, 0xFF, 0xFF, 0xFF, 0x2D, 0x00,
    0x00, 0x00, 0x00, 0x00, 0x00, 0x00, 0x40, 0xE9, 0xFF, 0xCF, 0x01, 0x00, 0x00, 0x00, 0x00, 0x00,
    0x00, 0x00, 0x20, 0xFC, 0xFF, 0x07, 0x00, 0x00, 0x00, 0x00, 0x00, 0x00, 0x00, 0x00, 0xD1, 0xFF,
    0x0C, 0x00, 0x00, 0x00, 0x00, 0x00, 0x00, 0x00, 0x00, 0x80, 0xFF, 0x0F, 0x00, 0x41, 0x01, 0x00,
    0x00, 0x00, 0x00, 0x00, 0x60, 0xFF, 0x1F, 0xC1, 0xFF, 0x05, 0x00, 0x00, 0x00, 0x00, 0x00, 0x70,
    0xFF, 0x0F, 0xC0, 0xFF, 0x0C, 0x00, 0x00, 0x00, 0x00, 0x00, 0xC0, 0xFF, 0x0C, 0x60, 0xFF, 0x7F,
    0x00, 0x00, 0x00, 0x00, 0x00, 0xF9, 0xFF, 0x06, 0x00, 0xFC, 0xFF, 0x2A, 0x00, 0x00, 0x00, 0xB3,
    0xFF, 0xCF, 0x00, 0x00, 0xE2, 0xFF, 0xFF, 0x9C, 0x88, 0xC9, 0xFF, 0xFF, 0x2D, 0x00, 0x00, 0x20,
    0xFC, 0xFF, 0xFF, 0xFF, 0xFF, 0xFF, 0xBF, 0x01, 0x00, 0x00, 0x00, 0x60, 0xFC, 0xFF, 0xFF, 0xFF,
    0xBF, 0x04, 0x00, 0x00, 0x00, 0x00, 0x00, 0x20, 0x65, 0x77, 0x46, 0x01, 0x00, 0x00, 0x00,
    // Unicode: [0x0074, t]
    0x00, 0x00, 0xF8, 0xCF, 0x00, 0x00, 0x00, 0x00, 0x00, 0xF8, 0xCF, 0x00, 0x00, 0x00, 0x00, 0x00,
    0xF8, 0xCF, 0x00, 0x00, 0x00, 0x00, 0x00, 0xF8, 0xCF, 0x00, 0x00, 0x00, 0x00, 0x00, 0xF8, 0xCF,
    0x00, 0x00, 0x00, 0x00, 0x00, 0xF8, 0xCF, 0x00, 0x00, 0x00, 0xF9, 0xFF, 0xFF, 0xFF, 0xFF, 0xFF,
    0x6F, 0xF9, 0xFF, 0xFF, 0xFF, 0xFF, 0xFF, 0x6F, 0xE8, 0xEE, 0xFE, 0xFF, 0xEE, 0xEE, 0x6E, 0x00,
    0x00, 0xF8, 0xCF, 0x00, 0x00, 0x00, 0x00, 0x00, 0xF8, 0xCF, 0x00, 0x00, 0x00, 0x00, 0x00, 0xF8,
    0xCF, 0x00, 0x00, 0x00, 0x00, 0x00, 0xF8, 0xCF, 0x00, 0x00, 0x00, 0x00, 0x00, 0xF8, 0xCF, 0x00,
    0x00, 0x00, 0x00, 0x00, 0xF8, 0xCF, 0x00, 0x00, 0x00, 0x00, 0x00, 0xF8, 0xCF, 0x00, 0x00, 0x00,
    0x00, 0x00, 0xF8, 0xCF, 0x00, 0x00, 0x00, 0x00, 0x00, 0xF8, 0xCF, 0x00, 0x00, 0x00, 0x00, 0x00,
    0xF8, 0xCF, 0x00, 0x00, 0x00, 0x00, 0x00, 0xF8, 0xCF, 0x00, 0x00, 0x00, 0x00, 0x00, 0xF8, 0xCF,
    0x00, 0x00, 0x00, 0x00, 0x00, 0xF8, 0xCF, 0x00, 0x00, 0x00, 0x00, 0x00, 0xF8, 0xCF, 0x00, 0x00,
    0x00, 0x00, 0x00, 0xF8, 0xCF, 0x00, 0x00, 0x00, 0x00, 0x00, 0xF8, 0xCF, 0x00, 0x00, 0x00, 0x00,
    0x00, 0xF8, 0xCF, 0x00, 0x00, 0x00, 0x00, 0x00, 0xF8, 0xCF, 0x00, 0x00, 0x00, 0x00, 0x00, 0xF8,
    0xCF, 0x00, 0x00, 0x00, 0x00, 0x00, 0xF7, 0xDF, 0x00, 0x00, 0x00, 0x00, 0x00, 0xF5, 0xFF, 0x02,
    0x00, 0x00, 0x00, 0x00, 0xF1, 0xFF, 0x0A, 0x00, 0x00, 0x00, 0x00, 0x90, 0xFF, 0xEF, 0xAA, 0x5C,
    0x00, 0x00, 0x10, 0xFC, 0xFF, 0xFF, 0x9F, 0x00, 0x00, 0x00, 0x80, 0xFE, 0xFF, 0xCF, 0x00, 0x00,
    0x00, 0x00, 0x41, 0x77, 0x26,
    // Unicode: [0x0075, u]
    0xFC, 0x8F, 0x00, 0x00, 0x00, 0x00, 0x00, 0x00, 0x10, 0xFF, 0x4F, 0xFC, 0x8F, 0x00, 0x00, 0x00,
    0x00, 0x00, 0x00, 0x10, 0xFF, 0x4F, 0xFC, 0x8F, 0x00, 0x00, 0x00, 0x00, 0x00, 0x00, 0x10, 0xFF,
    0x4F, 0xFC, 0x8F, 0x00, 0x00, 0x00, 0x00, 0x00, 0x00, 0x10, 0xFF, 0x4F, 0xFC, 0x8F, 0x00, 0x00,
    0x00, 0x00, 0x00, 0x00, 0x10, 0xFF, 0x4F, 0xFC, 0x8F, 0x00, 0x00, 0x00, 0x00, 0x00, 0x00, 0x10,
    0xFF, 0x4F, 0xFC, 0x8F, 0x00, 0x00, 0x00, 0x00, 0x00, 0x00, 0x10, 0xFF, 0x4F, 0xFC, 0x8F, 0x00,
    0x00, 0x00, 0x00, 0x00, 0x00, 0x10, 0xFF, 0x4F, 0xFC, 0x8F, 0x00, 0x00, 0x00, 0x00, 0x00, 0x00,
    0x10, 0xFF, 0x4F, 0xFC, 0x8F, 0x00, 0x00, 0x00, 0x00, 0x00, 0x00, 0x10, 0xFF, 0x4F, 0xFC, 0x8F,
    0x00, 0x00, 0x00, 0x00, 0x00, 0x00, 0x10, 0xFF, 0x4F, 0xFC, 0x8F, 0x00, 0x00, 0x00, 0x00, 0x00,
    0x00, 0x10, 0xFF, 0x4F, 0xFC, 0x8F, 0x00, 0x00, 0x00, 0x00, 0x00, 0x00, 0x10, 0xFF, 0x4F, 0xFC,
    0x8F, 0x00, 0x00, 0x00, 0x00, 0x00, 0x00, 0x10, 0xFF, 0x4F, 0xFC, 0x8F, 0x00, 0x00, 0x00, 0x00,
    0x00, 0x00, 0x10, 0xFF, 0x4F, 0xFC, 0x8F, 0x00, 0x00, 0x00, 0x00, 0x00, 0x00, 0x10, 0xFF, 0x4F,
    0xFC, 0x8F, 0x00, 0x00, 0x00, 0x00, 0x00, 0x00, 0x10, 0xFF, 0x4F, 0xFC, 0x8F, 0x00, 0x00, 0x00,
    0x00, 0x00, 0x00, 0x10, 0xFF, 0x4F, 0xFC, 0x8F, 0x00, 0x00, 0x00, 0x00, 0x00, 0x00, 0x20, 0xFF,
    0x4F, 0xFB, 0x9F, 0x00, 0x00, 0x00, 0x00, 0x00, 0x00, 0x40, 0xFF, 0x4F, 0xFA, 0xDF, 0x00, 0x00,
    0x00, 0x00, 0x00, 0x00, 0x80, 0xFF, 0x4F, 0xF7, 0xFF, 0x03, 0x00, 0x00, 0x00, 0x00, 0x00, 0xD0,
    0xFF, 0x4F, 0xF3, 0xFF, 0x0A, 0x00, 0x00, 0x00, 0x00, 0x00, 0xF8, 0xFF, 0x4F, 0xC0, 0xFF, 0x7F,
    0x00, 0x00, 0x00, 0x00, 0x70, 0xCF, 0xFE, 0x4F, 0x40, 0xFF, 0xFF, 0x2A, 0x00, 0x00, 0x30, 0xFA,
    0x3F, 0xFE, 0x4F, 0x00, 0xF7, 0xFF, 0xFF, 0xAC, 0xA9, 0xFD, 0xFF, 0x07, 0xFE, 0x4F, 0x00, 0x70,
    0xFF, 0xFF, 0xFF, 0xFF, 0xFF, 0x7F, 0x00, 0xFE, 0x4F, 0x00, 0x00, 0xA3, 0xFF, 0xFF, 0xFF, 0xBF,
    0x03, 0x00, 0xFE, 0x4F, 0x00, 0x00, 0x00, 0x51, 0x76, 0x57, 0x01, 0x00, 0x00, 0x00, 0x00,
    // Unicode: [0x0076, v]
    0xF2, 0xFF, 0x07, 0x00, 0x00, 0x00, 0x00, 0x00, 0x00, 0x00, 0xA0, 0xFF, 0x0D, 0xB0, 0xFF, 0x0C,
    0x00, 0x00, 0x00, 0x00, 0x00, 0x00, 0x00, 0xF1, 0xFF, 0x08, 0x60, 0xFF, 0x3F, 0x00, 0x00, 0x00,
    0x00, 0x00, 0x00, 0x00, 0xF6, 0xFF, 0x02, 0x10, 0xFE, 0x8F, 0x00, 0x00, 0x00, 0x00, 0x00, 0x00,
    0x00, 0xFB, 0xCF, 0x00, 0x00, 0xFA, 0xDF, 0x00, 0x00, 0x00, 0x00, 0x00, 0x00, 0x20, 0xFF, 0x6F,
    0x00, 0x00, 0xF4, 0xFF, 0x04, 0x00, 0x00, 0x00, 0x00, 0x00, 0x70, 0xFF, 0x1F, 0x00, 0x00, 0xD0,
    0xFF, 0x09, 0x00, 0x00, 0x00, 0x00, 0x00, 0xC0, 0xFF, 0x0A, 0x00, 0x00, 0x80, 0xFF, 0x0E, 0x00,
    0x00, 0x00, 0x00, 0x00, 0xF2, 0xFF, 0x04, 0x00, 0x00, 0x20, 0xFF, 0x5F, 0x00, 0x00, 0x00, 0x00,
    0x00, 0xF8, 0xEF, 0x00, 0x00, 0x00, 0x00, 0xFC, 0xAF, 0x00, 0x00, 0x00, 0x00, 0x00, 0xFD, 0x8F,
    0x00, 0x00, 0x00, 0x00, 0xF6, 0xFF, 0x01, 0x00, 0x00, 0x00, 0x40, 0xFF, 0x3F, 0x00, 0x00, 0x00,
    0x00, 0xF1, 0xFF, 0x06, 0x00, 0x00, 0x00, 0x90, 0xFF, 0x0C, 0x00, 0x00, 0x00, 0x00, 0xA0, 0xFF,
    0x0C, 0x00, 0x00, 0x00, 0xE0, 0xFF, 0x07, 0x00, 0x00, 0x00, 0x00, 0x40, 0xFF, 0x2F, 0x00, 0x00,
    0x00, 0xF5, 0xFF, 0x01, 0x00, 0x00, 0x00, 0x00, 0x00, 0xFE, 0x7F, 0x00, 0x00, 0x00, 0xFA, 0xAF,
    0x00, 0x00, 0x00, 0x00, 0x00, 0x00, 0xF8, 0xDF, 0x00, 0x00, 0x10, 0xFF, 0x5F, 0x00, 0x00, 0x00,
    0x00, 0x00, 0x00, 0xF3, 0xFF, 0x03, 0x00, 0x60, 0xFF, 0x0E, 0x00, 0x00, 0x00, 0x00, 0x00, 0x00,
    0xC0, 0xFF, 0x08, 0x00, 0xB0, 0xFF, 0x09, 0x00, 0x00, 0x00, 0x00, 0x00, 0x00, 0x60, 0xFF, 0x0D,
    0x00, 0xF1, 0xFF, 0x03, 0x00, 0x00, 0x00, 0x00, 0x00, 0x00, 0x10, 0xFF, 0x3F, 0x00, 0xF6, 0xDF,
    0x00, 0x00, 0x00, 0x00, 0x00, 0x00, 0x00, 0x00, 0xFA, 0x8F, 0x00, 0xFB, 0x7F, 0x00, 0x00, 0x00,
    0x00, 0x00, 0x00, 0x00, 0x00, 0xF5, 0xDF, 0x10, 0xFF, 0x2F, 0x00, 0x00, 0x00, 0x00, 0x00, 0x00,
    0x00, 0x00, 0xE0, 0xFF, 0x52, 0xFF, 0x0B, 0x00, 0x00, 0x00, 0x00, 0x00, 0x00, 0x00, 0x00, 0x90,
    0xFF, 0xA7, 0xFF, 0x05, 0x00, 0x00, 0x00, 0x00, 0x00, 0x00, 0x00, 0x00, 0x30, 0xFF, 0xEC, 0xEF,
    0x00, 0x00, 0x00, 0x00, 0x00, 0x00, 0x00, 0x00, 0x00, 0x00, 0xFC, 0xFF, 0x9F, 0x00, 0x00, 0x00,
    0x00, 0x00, 0x00, 0x00, 0x00, 0x00, 0x00, 0xF7, 0xFF, 0x3F, 0x00, 0x00, 0x00, 0x00, 0x00, 0x00,
    0x00, 0x00, 0x00, 0x00, 0xF1, 0xFF, 0x0D, 0x00, 0x00, 0x00, 0x00, 0x00,
    // Unicode: [0x0077, w]
    0xFE, 0x7F, 0x00, 0x00, 0x00, 0x00, 0x00, 0x00, 0xF8, 0xFF, 0x05, 0x00, 0x00, 0x00, 0x00, 0x00,
    0xB0, 0xFF, 0x0B, 0xFB, 0xBF, 0x00, 0x00, 0x00, 0x00, 0x00, 0x00, 0xFC, 0xFF, 0x0A, 0x00, 0x00,
    0x00, 0x00, 0x00, 0xF1, 0xFF, 0x07, 0xF6, 0xFF, 0x01, 0x00, 0x00, 0x00, 0x00, 0x20, 0xFF, 0xFF,
    0x0E, 0x00, 0x00, 0x00, 0x00, 0x00, 0xF4, 0xFF, 0x02, 0xF2, 0xFF, 0x05, 0x00, 0x00, 0x00, 0x00,
    0x60, 0xFF, 0xFF, 0x3F, 0x00, 0x00, 0x00, 0x00, 0x00, 0xF9, 0xDF, 0x00, 0xC0, 0xFF, 0x09, 0x00,
    0x00, 0x00, 0x00, 0xB0, 0xFF, 0xFA, 0x8F, 0x00, 0x00, 0x00, 0x00, 0x00, 0xFD, 0x9F, 0x00, 0x80,
    0xFF, 0x0D, 0x00, 0x00, 0x00, 0x00, 0xE1, 0xEF, 0xF3, 0xCF, 0x00, 0x00, 0x00, 0x00, 0x20, 0xFF,
    0x4F, 0x00, 0x40, 0xFF, 0x2F, 0x00, 0x00, 0x00, 0x00, 0xF4, 0xAF, 0xE0, 0xFF, 0x02, 0x00, 0x00,
    0x00, 0x60, 0xFF, 0x0E, 0x00, 0x00, 0xFE, 0x6F, 0x00, 0x00, 0x00, 0x00, 0xF9, 0x7F, 0xA0, 0xFF,
    0x06, 0x00, 0x00, 0x00, 0xA0, 0xFF, 0x0B, 0x00, 0x00, 0xFA, 0xBF, 0x00, 0x00, 0x00, 0x00, 0xFD,
    0x3F, 0x60, 0xFF, 0x0A, 0x00, 0x00, 0x00, 0xE0, 0xFF, 0x06, 0x00, 0x00, 0xF6, 0xEF, 0x00, 0x00,
    0x00, 0x30, 0xFF, 0x0E, 0x20, 0xFF, 0x0E, 0x00, 0x00, 0x00, 0xF3, 0xFF, 0x02, 0x00, 0x00, 0xF1,
    0xFF, 0x04, 0x00, 0x00, 0x70, 0xFF, 0x0A, 0x00, 0xFD, 0x4F, 0x00, 0x00, 0x00, 0xF8, 0xCF, 0x00,
    0x00, 0x00, 0xC0, 0xFF, 0x08, 0x00, 0x00, 0xB0, 0xFF, 0x06, 0x00, 0xF9, 0x8F, 0x00, 0x00, 0x00,
    0xFC, 0x8F, 0x00, 0x00, 0x00, 0x70, 0xFF, 0x0C, 0x00, 0x00, 0xF1, 0xFF, 0x01, 0x00, 0xF5, 0xDF,
    0x00, 0x00, 0x10, 0xFF, 0x4F, 0x00, 0x00, 0x00, 0x30, 0xFF, 0x2F, 0x00, 0x00, 0xF5, 0xCF, 0x00,
    0x00, 0xF1, 0xFF, 0x02, 0x00, 0x50, 0xFF, 0x0E, 0x00, 0x00, 0x00, 0x00, 0xFE, 0x6F, 0x00, 0x00,
    0xF9, 0x7F, 0x00, 0x00, 0xB0, 0xFF, 0x06, 0x00, 0x90, 0xFF, 0x0A, 0x00, 0x00, 0x00, 0x00, 0xF9,
    0xAF, 0x00, 0x00, 0xFE, 0x3F, 0x00, 0x00, 0x70, 0xFF, 0x0B, 0x00, 0xD0, 0xFF, 0x05, 0x00, 0x00,
    0x00, 0x00, 0xF5, 0xEF, 0x00, 0x30, 0xFF, 0x0E, 0x00, 0x00, 0x20, 0xFF, 0x0E, 0x00, 0xF2, 0xFF,
    0x01, 0x00, 0x00, 0x00, 0x00, 0xF1, 0xFF, 0x03, 0x70, 0xFF, 0x09, 0x00, 0x00, 0x00, 0xFD, 0x4F,
    0x00, 0xF6, 0xCF, 0x00, 0x00, 0x00, 0x00, 0x00, 0xB0, 0xFF, 0x06, 0xB0, 0xFF, 0x05, 0x00, 0x00,
    0x00, 0xF8, 0x7F, 0x00, 0xFA, 0x7F, 0x00, 0x00, 0x00, 0x00, 0x00, 0x70, 0xFF, 0x0A, 0xE0, 0xFF,
    0x01, 0x00, 0x00, 0x00, 0xF4, 0xBF, 0x00, 0xFE, 0x3F, 0x00, 0x00, 0x00, 0x00, 0x00, 0x20, 0xFF,
    0x0E, 0xF3, 0xBF, 0x00, 0x00, 0x00, 0x00, 0xE0, 0xFF, 0x30, 0xFF, 0x0E, 0x00, 0x00, 0x00, 0x00,
    0x00, 0x00, 0xFD, 0x3F, 0xF7, 0x6F, 0x00, 0x00, 0x00, 0x00, 0xA0, 0xFF, 0x64, 0xFF, 0x09, 0x00,
    0x00, 0x00, 0x00, 0x00, 0x00, 0xF9, 0x6F, 0xFB, 0x2F, 0x00, 0x00, 0x00, 0x00, 0x50, 0xFF, 0xA7,
    0xFF, 0x05, 0x00, 0x00, 0x00, 0x00, 0x00, 0x00, 0xF4, 0x9F, 0xFE, 0x0C, 0x00, 0x00, 0x00, 0x00,
    0x10, 0xFF, 0xDA, 0xFF, 0x01, 0x00, 0x00, 0x00, 0x00, 0x00, 0x00, 0xE0, 0xEF, 0xFF, 0x08, 0x00,
    0x00, 0x00, 0x00, 0x00, 0xFB, 0xFE, 0xBF, 0x00, 0x00, 0x00, 0x00, 0x00, 0x00, 0x00, 0xB0, 0xFF,
    0xFF, 0x03, 0x00, 0x00, 0x00, 0x00, 0x00, 0xF7, 0xFF, 0x7F, 0x00, 0x00, 0x00, 0x00, 0x00, 0x00,
    0x00, 0x60, 0xFF, 0xEF, 0x00, 0x00, 0x00, 0x00, 0x00, 0x00, 0xF2, 0xFF, 0x2F, 0x00, 0x00, 0x00,
    0x00, 0x00, 0x00, 0x00, 0x20, 0xFF, 0xAF, 0x00, 0x00, 0x00, 0x00, 0x00, 0x00, 0xD0, 0xFF, 0x0D,
    0x00, 0x00, 0x00, 0x00,
    // Unicode: [0x0078, x]
    0x90, 0xFF, 0x4F, 0x00, 0x00, 0x00, 0x00, 0x00, 0x00, 0x90, 0xFF, 0x3F, 0x10, 0xFD, 0xDF, 0x01,
    0x00, 0x00, 0x00, 0x00, 0x00, 0xF4, 0xFF, 0x08, 0x00, 0xF3, 0xFF, 0x09, 0x00, 0x00, 0x00, 0x00,
    0x10, 0xFD, 0xCF, 0x00, 0x00, 0x80, 0xFF, 0x4F, 0x00, 0x00, 0x00, 0x00, 0x90, 0xFF, 0x3F, 0x00,
    0x00, 0x00, 0xFC, 0xDF, 0x01, 0x00, 0x00, 0x00, 0xF4, 0xFF, 0x07, 0x00, 0x00, 0x00, 0xF3, 0xFF,
    0x09, 0x00, 0x00, 0x10, 0xFE, 0xCF, 0x00, 0x00, 0x00, 0x00, 0x80, 0xFF, 0x4F, 0x00, 0x00, 0x90,
    0xFF, 0x2F, 0x00, 0x00, 0x00, 0x00, 0x00, 0xFC, 0xDF, 0x00, 0x00, 0xF4, 0xFF, 0x07, 0x00, 0x00,
    0x00, 0x00, 0x00, 0xF2, 0xFF, 0x07, 0x00, 0xFD, 0xBF, 0x00, 0x00, 0x00, 0x00, 0x00, 0x00, 0x70,
    0xFF, 0x2F, 0x70, 0xFF, 0x2E, 0x00, 0x00, 0x00, 0x00, 0x00, 0x00, 0x00, 0xFB, 0xBF, 0xE1, 0xFF,
    0x06, 0x00, 0x00, 0x00, 0x00, 0x00, 0x00, 0x00, 0xE2, 0xFF, 0xFC, 0xBF, 0x00, 0x00, 0x00, 0x00,
    0x00, 0x00, 0x00, 0x00, 0x60, 0xFF, 0xFF, 0x2E, 0x00, 0x00, 0x00, 0x00, 0x00, 0x00, 0x00, 0x00,
    0x00, 0xFC, 0xFF, 0x06, 0x00, 0x00, 0x00, 0x00, 0x00, 0x00, 0x00, 0x00, 0x30, 0xFF, 0xFF, 0x0A,
    0x00, 0x00, 0x00, 0x00, 0x00, 0x00, 0x00, 0x00, 0xD1, 0xFF, 0xFF, 0x5F, 0x00, 0x00, 0x00, 0x00,
    0x00, 0x00, 0x00, 0x00, 0xF9, 0xCF, 0xF5, 0xEF, 0x02, 0x00, 0x00, 0x00, 0x00, 0x00, 0x00, 0x40,
    0xFF, 0x4F, 0xB0, 0xFF, 0x0B, 0x00, 0x00, 0x00, 0x00, 0x00, 0x00, 0xD1, 0xFF, 0x0A, 0x30, 0xFF,
    0x6F, 0x00, 0x00, 0x00, 0x00, 0x00, 0x00, 0xFA, 0xEF, 0x02, 0x00, 0xF8, 0xEF, 0x02, 0x00, 0x00,
    0x00, 0x00, 0x50, 0xFF, 0x7F, 0x00, 0x00, 0xD1, 0xFF, 0x0C, 0x00, 0x00, 0x00, 0x00, 0xE1, 0xFF,
    0x0C, 0x00, 0x00, 0x40, 0xFF, 0x7F, 0x00, 0x00, 0x00, 0x00, 0xFA, 0xEF, 0x02, 0x00, 0x00, 0x00,
    0xF9, 0xFF, 0x03, 0x00, 0x00, 0x60, 0xFF, 0x6F, 0x00, 0x00, 0x00, 0x00, 0xD1, 0xFF, 0x0D, 0x00,
    0x00, 0xE2, 0xFF, 0x0B, 0x00, 0x00, 0x00, 0x00, 0x40, 0xFF, 0x8F, 0x00, 0x00, 0xFB, 0xEF, 0x02,
    0x00, 0x00, 0x00, 0x00, 0x00, 0xF8, 0xFF, 0x04, 0x70, 0xFF, 0x6F, 0x00, 0x00, 0x00, 0x00, 0x00,
    0x00, 0xD1, 0xFF, 0x1D, 0xF2, 0xFF, 0x0B, 0x00, 0x00, 0x00, 0x00, 0x00, 0x00, 0x30, 0xFF, 0x9F,
    // Unicode: [0x0079, y]
    0xF2, 0xFF, 0x07, 0x00, 0x00, 0x00, 0x00, 0x00, 0x00, 0x00, 0xA0, 0xFF, 0x0D, 0xB0, 0xFF, 0x0D,
    0x00, 0x00, 0x00, 0x00, 0x00, 0x00, 0x00, 0xF1, 0xFF, 0x08, 0x60, 0xFF, 0x3F, 0x00, 0x00, 0x00,
    0x00, 0x00, 0x00, 0x00, 0xF6, 0xFF, 0x02, 0x10, 0xFE, 0x9F, 0x00, 0x00, 0x00, 0x00, 0x00, 0x00,
    0x00, 0xFC, 0xCF, 0x00, 0x00, 0xF9, 0xEF, 0x00, 0x00, 0x00, 0x00, 0x00, 0x00, 0x20, 0xFF, 0x6F,
    0x00, 0x00, 0xF4, 0xFF, 0x04, 0x00, 0x00, 0x00, 0x00, 0x00, 0x70, 0xFF, 0x1E, 0x00, 0x00, 0xD0,
    0xFF, 0x0A, 0x00, 0x00, 0x00, 0x00, 0x00, 0xD0, 0xFF, 0x09, 0x00, 0x00, 0x70, 0xFF, 0x1F, 0x00,
    0x00, 0x00, 0x00, 0x00, 0xF3, 0xFF, 0x04, 0x00, 0x00, 0x20, 0xFF, 0x6F, 0x00, 0x00, 0x00, 0x00,
    0x00, 0xF9, 0xDF, 0x00, 0x00, 0x00, 0x00, 0xFB, 0xBF, 0x00, 0x00, 0x00, 0x00, 0x00, 0xFE, 0x7F,
    0x00, 0x00, 0x00, 0x00, 0xF5, 0xFF, 0x02, 0x00, 0x00, 0x00, 0x50, 0xFF, 0x2F, 0x00, 0x00, 0x00,
    0x00, 0xE0, 0xFF, 0x07, 0x00, 0x00, 0x00, 0xA0, 0xFF, 0x0B, 0x00, 0x00, 0x00, 0x00, 0x90, 0xFF,
    0x0D, 0x00, 0x00, 0x00, 0xF1, 0xFF, 0x05, 0x00, 0x00, 0x00, 0x00, 0x30, 0xFF, 0x3F, 0x00, 0x00,
    0x00, 0xF6, 0xEF, 0x01, 0x00, 0x00, 0x00, 0x00, 0x00, 0xFD, 0x9F, 0x00, 0x00, 0x00, 0xFC, 0x9F,
    0x00, 0x00, 0x00, 0x00, 0x00, 0x00, 0xF7, 0xEF, 0x00, 0x00, 0x20, 0xFF, 0x3F, 0x00, 0x00, 0x00,
    0x00, 0x00, 0x00, 0xF1, 0xFF, 0x04, 0x00, 0x80, 0xFF, 0x0D, 0x00, 0x00, 0x00, 0x00, 0x00, 0x00,
    0xB0, 0xFF, 0x0A, 0x00, 0xD0, 0xFF, 0x07, 0x00, 0x00, 0x00, 0x00, 0x00, 0x00, 0x50, 0xFF, 0x0E,
    0x00, 0xF3, 0xFF, 0x02, 0x00, 0x00, 0x00, 0x00, 0x00, 0x00, 0x00, 0xFE, 0x5F, 0x00, 0xF8, 0xBF,
    0x00, 0x00, 0x00, 0x00, 0x00, 0x00, 0x00, 0x00, 0xF9, 0xAF, 0x00, 0xFD, 0x5F, 0x00, 0x00, 0x00,
    0x00, 0x00, 0x00, 0x00, 0x00, 0xF3, 0xEF, 0x30, 0xFF, 0x0E, 0x00, 0x00, 0x00, 0x00, 0x00, 0x00,
    0x00, 0x00, 0xC0, 0xFF, 0x74, 0xFF, 0x09, 0x00, 0x00, 0x00, 0x00, 0x00, 0x00, 0x00, 0x00, 0x70,
    0xFF, 0xC8, 0xFF, 0x03, 0x00, 0x00, 0x00, 0x00, 0x00, 0x00, 0x00, 0x00, 0x10, 0xFF, 0xFD, 0xCF,
    0x00, 0x00, 0x00, 0x00, 0x00, 0x00, 0x00, 0x00, 0x00, 0x00, 0xFA, 0xFF, 0x7F, 0x00, 0x00, 0x00,
    0x00, 0x00, 0x00, 0x00, 0x00, 0x00, 0x00, 0xF5, 0xFF, 0x1F, 0x00, 0x00, 0x00, 0x00, 0x00, 0x00,
    0x00, 0x00, 0x00, 0x00, 0xE0, 0xFF, 0x0A, 0x00, 0x00, 0x00, 0x00, 0x00, 0x00, 0x00, 0x00, 0x00,
    0x00, 0xF2, 0xFF, 0x05, 0x00, 0x00, 0x00, 0x00, 0x00, 0x00, 0x00, 0x00, 0x00, 0x00, 0xF7, 0xEF,
    0x00, 0x00, 0x00, 0x00, 0x00, 0x00, 0x00, 0x00, 0x00, 0x00, 0x00, 0xFD, 0x8F, 0x00, 0x00, 0x00,
    0x00, 0x00, 0x00, 0x00, 0x00, 0x00, 0x00, 0x40, 0xFF, 0x3F, 0x00, 0x00, 0x00, 0x00, 0x00, 0x00,
    0x00, 0x00, 0x00, 0x00, 0xB0, 0xFF, 0x0B, 0x00, 0x00, 0x00, 0x00, 0x00, 0x00, 0x00, 0x00, 0x00,
    0x00, 0xF6, 0xFF, 0x04, 0x00, 0x00, 0x00, 0x00, 0x00, 0x00, 0x00, 0x40, 0x12, 0x83, 0xFF, 0xBF,
    0x00, 0x00, 0x00, 0x00, 0x00, 0x00, 0x00, 0x00, 0xF1, 0xFF, 0xFF, 0xFF, 0x1D, 0x00, 0x00, 0x00,
    0x00, 0x00, 0x00, 0x00, 0x00, 0xF5, 0xFF, 0xFF, 0xCF, 0x02, 0x00, 0x00, 0x00, 0x00, 0x00, 0x00,
    0x00, 0x00, 0xC5, 0xFE, 0xBE, 0x06, 0x00, 0x00, 0x00, 0x00, 0x00, 0x00, 0x00, 0x00,
    // Unicode: [0x007A, z]
    0xF0, 0xFF, 0xFF, 0xFF, 0xFF, 0xFF, 0xFF, 0xFF, 0xFF, 0xFF, 0x03, 0xF0, 0xFF, 0xFF, 0xFF, 0xFF,
    0xFF, 0xFF, 0xFF, 0xFF, 0xFF, 0x03, 0xF0, 0xFF, 0xFF, 0xFF, 0xFF, 0xFF, 0xFF, 0xFF, 0xFF, 0xFF,
    0x03, 0x40, 0x44, 0x44, 0x44, 0x44, 0x44, 0x44, 0x74, 0xFF, 0xAF, 0x00, 0x00, 0x00, 0x00, 0x00,
    0x00, 0x00, 0x00, 0xD1, 0xFF, 0x1E, 0x00, 0x00, 0x00, 0x00, 0x00, 0x00, 0x00, 0x00, 0xF9, 0xFF,
    0x05, 0x00, 0x00, 0x00, 0x00, 0x00, 0x00, 0x00, 0x40, 0xFF, 0x9F, 0x00, 0x00, 0x00, 0x00, 0x00,
    0x00, 0x00, 0x00, 0xE1, 0xFF, 0x1D, 0x00, 0x00, 0x00, 0x00, 0x00, 0x00, 0x00, 0x00, 0xFB, 0xFF,
    0x03, 0x00, 0x00, 0x00, 0x00, 0x00, 0x00, 0x00, 0x60, 0xFF, 0x8F, 0x00, 0x00, 0x00, 0x00, 0x00,
    0x00, 0x00, 0x00, 0xE2, 0xFF, 0x0C, 0x00, 0x00, 0x00, 0x00, 0x00, 0x00, 0x00, 0x00, 0xFC, 0xEF,
    0x02, 0x00, 0x00, 0x00, 0x00, 0x00, 0x00, 0x00, 0x80, 0xFF, 0x6F, 0x00, 0x00, 0x00, 0x00, 0x00,
    0x00, 0x00, 0x00, 0xF4, 0xFF, 0x0B, 0x00, 0x00, 0x00, 0x00, 0x00, 0x00, 0x00, 0x10, 0xFD, 0xEF,
    0x02, 0x00, 0x00, 0x00, 0x00, 0x00, 0x00, 0x00, 0xA0, 0xFF, 0x5F, 0x00, 0x00, 0x00, 0x00, 0x00,
    0x00, 0x00, 0x00, 0xF5, 0xFF, 0x0A, 0x00, 0x00, 0x00, 0x00, 0x00, 0x00, 0x00, 0x20, 0xFE, 0xDF,
    0x01, 0x00, 0x00, 0x00, 0x00, 0x00, 0x00, 0x00, 0xB0, 0xFF, 0x4F, 0x00, 0x00, 0x00, 0x00, 0x00,
    0x00, 0x00, 0x00, 0xF7, 0xFF, 0x08, 0x00, 0x00, 0x00, 0x00, 0x00, 0x00, 0x00, 0x30, 0xFF, 0xCF,
    0x00, 0x00, 0x00, 0x00, 0x00, 0x00, 0x00, 0x00, 0xD1, 0xFF, 0x3F, 0x00, 0x00, 0x00, 0x00, 0x00,
    0x00, 0x00, 0x00, 0xF9, 0xFF, 0x07, 0x00, 0x00, 0x00, 0x00, 0x00, 0x00, 0x00, 0x50, 0xFF, 0xBF,
    0x00, 0x00, 0x00, 0x00, 0x00, 0x00, 0x00, 0x00, 0xE1, 0xFF, 0x5F, 0x44, 0x44, 0x44, 0x44, 0x44,
    0x44, 0x44, 0x03, 0xF9, 0xFF, 0xFF, 0xFF, 0xFF, 0xFF, 0xFF, 0xFF, 0xFF, 0xFF, 0x0C, 0xFA, 0xFF,
    0xFF, 0xFF, 0xFF, 0xFF, 0xFF, 0xFF, 0xFF, 0xFF, 0x0C, 0xFA, 0xFF, 0xFF, 0xFF, 0xFF, 0xFF, 0xFF,
    0xFF, 0xFF, 0xFF, 0x0C,
    // Unicode: [0x00B0, degree]
    0x00, 0x00, 0x71, 0xEB, 0xEF, 0x5B, 0x00, 0x00, 0x00, 0x00, 0x40, 0xFE, 0xFF, 0xFF, 0xFF, 0x2C,
    0x00, 0x00, 0x00, 0xF5, 0xFF, 0xEF, 0xFE, 0xFF, 0xEF, 0x02, 0x00, 0x20, 0xFE, 0xCF, 0x04, 0x00,
    0xD5, 0xFF, 0x1D, 0x00, 0xB0, 0xFF, 0x0A, 0x00, 0x00, 0x10, 0xFD, 0x8F, 0x00, 0xF2, 0xEF, 0x01,
    0x00, 0x00, 0x00, 0xF3, 0xEF, 0x00, 0xF6, 0x8F, 0x00, 0x00, 0x00, 0x00, 0xB0, 0xFF, 0x02, 0xF8,
    0x5F, 0x00, 0x00, 0x00, 0x00, 0x80, 0xFF, 0x04, 0xF8, 0x5F, 0x00, 0x00, 0x00, 0x00, 0x80, 0xFF,
    0x04, 0xF6, 0x8F, 0x00, 0x00, 0x00, 0x00, 0xB0, 0xFF, 0x02, 0xF2, 0xDF, 0x01, 0x00, 0x00, 0x00,
    0xF2, 0xEF, 0x00, 0xB0, 0xFF, 0x0A, 0x00, 0x00, 0x10, 0xFC, 0x8F, 0x00, 0x20, 0xFE, 0xBF, 0x03,
    0x00, 0xD5, 0xFF, 0x1D, 0x00, 0x00, 0xF5, 0xFF, 0xEF, 0xFD, 0xFF, 0xEF, 0x03, 0x00, 0x00, 0x40,
    0xFE, 0xFF, 0xFF, 0xFF, 0x2C, 0x00, 0x00, 0x00, 0x00, 0x71, 0xEB, 0xEF, 0x5B, 0x00, 0x00, 0x00
};
