// 4.26.1 0x1ab98497 D2 AY R0 FARGB8888 U565 N0 SExtFlashSection
// Generated by imageconverter. Please, do not edit!

#include <touchgfx/hal/Config.hpp>

LOCATION_PRAGMA_32("ExtFlashSection")
KEEP extern const unsigned char image_climate_wheel_small_1[] LOCATION_ATTRIBUTE_32("ExtFlashSection") = { // 126x89 ARGB8888 pixels.
    0xf8, 0xfc, 0xf8, 0x00, 0xf8, 0xfc, 0xf8, 0x00, 0xf8, 0xfc, 0xf8, 0x00,
    0xf8, 0xfc, 0xf8, 0x00, 0xf8, 0xfc, 0xf8, 0x00, 0xf8, 0xfc, 0xf8, 0x00,
    0xf8, 0xfc, 0xf8, 0x00, 0xf8, 0xfc, 0xf8, 0x00, 0xf8, 0xfc, 0xf8, 0x00,
    0xf8, 0xfc, 0xf8, 0x00, 0xf8, 0xfc, 0xf8, 0x00, 0xf8, 0xfc, 0xf8, 0x00,
    0xf8, 0xfc, 0xf8, 0x00, 0xf8, 0xfc, 0xf8, 0x00, 0xf8, 0xfc, 0xf8, 0x00,
    0xf8, 0xfc, 0xf8, 0x00, 0xf8, 0xfc, 0xf8, 0x00, 0xf8, 0xfc, 0xf8, 0x00,
    0xf8, 0xfc, 0xf8, 0x00, 0xf8, 0xfc, 0xf8, 0x00, 0xf8, 0xfc, 0xf8, 0x00,
    0xf8, 0xfc, 0xf8, 0x00, 0xf8, 0xfc, 0xf8, 0x00, 0xf8, 0xfc, 0xf8, 0x00,
    0xf8, 0xfc, 0xf8, 0x00, 0xf8, 0xfc, 0xf8, 0x00, 0xf8, 0xfc, 0xf8, 0x00,
    0xf8, 0xfc, 0xf8, 0x00, 0xf8, 0xfc, 0xf8, 0x00, 0xf8, 0xfc, 0xf8, 0x00,
    0xf8, 0xfc, 0xf8, 0x00, 0xf8, 0xfc, 0xf8, 0x00, 0xf8, 0xfc, 0xf8, 0x00,
    0xf8, 0xfc, 0xf8, 0x00, 0xf8, 0xfc, 0xf8, 0x00, 0xf8, 0xfc, 0xf8, 0x00,
    0xf8, 0xfc, 0xf8, 0x00, 0xf8, 0xfc, 0xf8, 0x00, 0xf8, 0xfc, 0xf8, 0x00,
    0xf8, 0xfc, 0xf8, 0x00, 0xf8, 0xfc, 0xf8, 0x00, 0xf8, 0xfc, 0xf8, 0x00,
    0xf8, 0xfc, 0xf8, 0x00, 0xf8, 0xfc, 0xf8, 0x00, 0xf8, 0xfc, 0xf8, 0x00,
    0xf8, 0xfc, 0xf8, 0x00, 0xf8, 0xfc, 0xf8, 0x00, 0xf8, 0xfc, 0xf8, 0x00,
    0xf8, 0xfc, 0xf8, 0x00, 0xf8, 0xfc, 0xf8, 0x00, 0xf8, 0xfc, 0xf8, 0x00,
    0xf8, 0xfc, 0xf8, 0x00, 0xf8, 0xfc, 0xf8, 0x00, 0xf8, 0xfc, 0xf8, 0x00,
    0xe8, 0xb4, 0x80, 0x10, 0xe8, 0xb4, 0x88, 0x41, 0xe8, 0xb8, 0x88, 0x51,
    0xe8, 0xb8, 0x88, 0x82, 0xe8, 0xb8, 0x88, 0x82, 0xf0, 0xbc, 0x88, 0x7d,
    0xf0, 0xbc, 0x90, 0xbe, 0xf0, 0xc0, 0x90, 0xc3, 0xf0, 0xc0, 0x90, 0xbe,
    0xf0, 0xc4, 0x90, 0xbe, 0xf0, 0xc4, 0x90, 0xbe, 0xf0, 0xc4, 0x98, 0xc3,
    0xf8, 0xc8, 0x98, 0x8e, 0xf8, 0xc8, 0x98, 0x82, 0xf8, 0xcc, 0x98, 0x82,
    0xf8, 0xcc, 0x98, 0x5d, 0xf8, 0xcc, 0x98, 0x41, 0xf8, 0xcc, 0x98, 0x30,
    0xf8, 0xfc, 0xf8, 0x00, 0xf8, 0xfc, 0xf8, 0x00, 0xf8, 0xfc, 0xf8, 0x00,
    0xf8, 0xfc, 0xf8, 0x00, 0xf8, 0xfc, 0xf8, 0x00, 0xf8, 0xfc, 0xf8, 0x00,
    0xf8, 0xfc, 0xf8, 0x00, 0xf8, 0xfc, 0xf8, 0x00, 0xf8, 0xfc, 0xf8, 0x00,
    0xf8, 0xfc, 0xf8, 0x00, 0xf8, 0xfc, 0xf8, 0x00, 0xf8, 0xfc, 0xf8, 0x00,
    0xf8, 0xfc, 0xf8, 0x00, 0xf8, 0xfc, 0xf8, 0x00, 0xf8, 0xfc, 0xf8, 0x00,
    0xf8, 0xfc, 0xf8, 0x00, 0xf8, 0xfc, 0xf8, 0x00, 0xf8, 0xfc, 0xf8, 0x00,
    0xf8, 0xfc, 0xf8, 0x00, 0xf8, 0xfc, 0xf8, 0x00, 0xf8, 0xfc, 0xf8, 0x00,
    0xf8, 0xfc, 0xf8, 0x00, 0xf8, 0xfc, 0xf8, 0x00, 0xf8, 0xfc, 0xf8, 0x00,
    0xf8, 0xfc, 0xf8, 0x00, 0xf8, 0xfc, 0xf8, 0x00, 0xf8, 0xfc, 0xf8, 0x00,
    0xf8, 0xfc, 0xf8, 0x00, 0xf8, 0xfc, 0xf8, 0x00, 0xf8, 0xfc, 0xf8, 0x00,
    0xf8, 0xfc, 0xf8, 0x00, 0xf8, 0xfc, 0xf8, 0x00, 0xf8, 0xfc, 0xf8, 0x00,
    0xf8, 0xfc, 0xf8, 0x00, 0xf8, 0xfc, 0xf8, 0x00, 0xf8, 0xfc, 0xf8, 0x00,
    0xf8, 0xfc, 0xf8, 0x00, 0xf8, 0xfc, 0xf8, 0x00, 0xf8, 0xfc, 0xf8, 0x00,
    0xf8, 0xfc, 0xf8, 0x00, 0xf8, 0xfc, 0xf8, 0x00, 0xf8, 0xfc, 0xf8, 0x00,
    0xf8, 0xfc, 0xf8, 0x00, 0xf8, 0xfc, 0xf8, 0x00, 0xf8, 0xfc, 0xf8, 0x00,
    0xf8, 0xfc, 0xf8, 0x00, 0xf8, 0xfc, 0xf8, 0x00, 0xf8, 0xfc, 0xf8, 0x00,
    0xf8, 0xfc, 0xf8, 0x00, 0xf8, 0xfc, 0xf8, 0x00, 0xf8, 0xfc, 0xf8, 0x00,
    0xf8, 0xfc, 0xf8, 0x00, 0xf8, 0xfc, 0xf8, 0x00, 0xf8, 0xfc, 0xf8, 0x00,
    0xf8, 0xfc, 0xf8, 0x00, 0xf8, 0xfc, 0xf8, 0x00, 0xf8, 0xfc, 0xf8, 0x00,
    0xf8, 0xfc, 0xf8, 0x00, 0xf8, 0xfc, 0xf8, 0x00, 0xf8, 0xfc, 0xf8, 0x00,
    0xf8, 0xfc, 0xf8, 0x00, 0xf8, 0xfc, 0xf8, 0x00, 0xf8, 0xfc, 0xf8, 0x00,
    0xf8, 0xfc, 0xf8, 0x00, 0xf8, 0xfc, 0xf8, 0x00, 0xf8, 0xfc, 0xf8, 0x00,
    0xf8, 0xfc, 0xf8, 0x00, 0xf8, 0xfc, 0xf8, 0x00, 0xf8, 0xfc, 0xf8, 0x00,
    0xf8, 0xfc, 0xf8, 0x00, 0xf8, 0xfc, 0xf8, 0x00, 0xf8, 0xfc, 0xf8, 0x00,
    0xf8, 0xfc, 0xf8, 0x00, 0xf8, 0xfc, 0xf8, 0x00, 0xf8, 0xfc, 0xf8, 0x00,
    0xf8, 0xfc, 0xf8, 0x00, 0xf8, 0xfc, 0xf8, 0x00, 0xf8, 0xfc, 0xf8, 0x00,
    0xf8, 0xfc, 0xf8, 0x00, 0xf8, 0xfc, 0xf8, 0x00, 0xf8, 0xfc, 0xf8, 0x00,
    0xf8, 0xfc, 0xf8, 0x00, 0xf8, 0xfc, 0xf8, 0x00, 0xf8, 0xfc, 0xf8, 0x00,
    0xf8, 0xfc, 0xf8, 0x00, 0xf8, 0xfc, 0xf8, 0x00, 0xf8, 0xfc, 0xf8, 0x00,
    0xf8, 0xfc, 0xf8, 0x00, 0xf8, 0xfc, 0xf8, 0x00, 0xf8, 0xfc, 0xf8, 0x00,
    0xf8, 0xfc, 0xf8, 0x00, 0xf8, 0xfc, 0xf8, 0x00, 0xf8, 0xfc, 0xf8, 0x00,
    0xf8, 0xfc, 0xf8, 0x00, 0xf8, 0xfc, 0xf8, 0x00, 0xf8, 0xfc, 0xf8, 0x00,
    0xf8, 0xfc, 0xf8, 0x00, 0xf8, 0xfc, 0xf8, 0x00, 0xf8, 0xfc, 0xf8, 0x00,
    0xf8, 0xfc, 0xf8, 0x00, 0xf8, 0xfc, 0xf8, 0x00, 0xf8, 0xfc, 0xf8, 0x00,
    0xf8, 0xfc, 0xf8, 0x00, 0xe0, 0xac, 0x80, 0x30, 0xe0, 0xac, 0x80, 0x71,
    0xe8, 0xb0, 0x80, 0x9e, 0xe8, 0xb0, 0x80, 0xbe, 0xe8, 0xb4, 0x80, 0xff,
    0xe8, 0xb4, 0x88, 0xff, 0xe8, 0xb4, 0x88, 0xff, 0xe8, 0xb8, 0x88, 0xff,
    0xe8, 0xbc, 0x88, 0xff, 0xf0, 0xbc, 0x88, 0xff, 0xf0, 0xbc, 0x90, 0xff,
    0xf0, 0xc0, 0x90, 0xff, 0xf0, 0xc0, 0x90, 0xff, 0xf0, 0xc0, 0x90, 0xff,
    0xf0, 0xc4, 0x90, 0xff, 0xf0, 0xc4, 0x90, 0xff, 0xf8, 0xc8, 0x98, 0xff,
    0xf8, 0xc8, 0x98, 0xff, 0xf8, 0xc8, 0x98, 0xff, 0xf8, 0xcc, 0x98, 0xff,
    0xf8, 0xcc, 0x98, 0xff, 0xf8, 0xcc, 0x98, 0xff, 0xf8, 0xd0, 0xa0, 0xff,
    0xf8, 0xd0, 0xa0, 0xff, 0xf8, 0xd0, 0xa0, 0xdf, 0xf8, 0xd0, 0xa0, 0xae,
    0xf8, 0xd0, 0xa0, 0x82, 0xf8, 0xd0, 0xa0, 0x41, 0xf8, 0xd0, 0xa0, 0x10,
    0xf8, 0xfc, 0xf8, 0x00, 0xf8, 0xfc, 0xf8, 0x00, 0xf8, 0xfc, 0xf8, 0x00,
    0xf8, 0xfc, 0xf8, 0x00, 0xf8, 0xfc, 0xf8, 0x00, 0xf8, 0xfc, 0xf8, 0x00,
    0xf8, 0xfc, 0xf8, 0x00, 0xf8, 0xfc, 0xf8, 0x00, 0xf8, 0xfc, 0xf8, 0x00,
    0xf8, 0xfc, 0xf8, 0x00, 0xf8, 0xfc, 0xf8, 0x00, 0xf8, 0xfc, 0xf8, 0x00,
    0xf8, 0xfc, 0xf8, 0x00, 0xf8, 0xfc, 0xf8, 0x00, 0xf8, 0xfc, 0xf8, 0x00,
    0xf8, 0xfc, 0xf8, 0x00, 0xf8, 0xfc, 0xf8, 0x00, 0xf8, 0xfc, 0xf8, 0x00,
    0xf8, 0xfc, 0xf8, 0x00, 0xf8, 0xfc, 0xf8, 0x00, 0xf8, 0xfc, 0xf8, 0x00,
    0xf8, 0xfc, 0xf8, 0x00, 0xf8, 0xfc, 0xf8, 0x00, 0xf8, 0xfc, 0xf8, 0x00,
    0xf8, 0xfc, 0xf8, 0x00, 0xf8, 0xfc, 0xf8, 0x00, 0xf8, 0xfc, 0xf8, 0x00,
    0xf8, 0xfc, 0xf8, 0x00, 0xf8, 0xfc, 0xf8, 0x00, 0xf8, 0xfc, 0xf8, 0x00,
    0xf8, 0xfc, 0xf8, 0x00, 0xf8, 0xfc, 0xf8, 0x00, 0xf8, 0xfc, 0xf8, 0x00,
    0xf8, 0xfc, 0xf8, 0x00, 0xf8, 0xfc, 0xf8, 0x00, 0xf8, 0xfc, 0xf8, 0x00,
    0xf8, 0xfc, 0xf8, 0x00, 0xf8, 0xfc, 0xf8, 0x00, 0xf8, 0xfc, 0xf8, 0x00,
    0xf8, 0xfc, 0xf8, 0x00, 0xf8, 0xfc, 0xf8, 0x00, 0xf8, 0xfc, 0xf8, 0x00,
    0xf8, 0xfc, 0xf8, 0x00, 0xf8, 0xfc, 0xf8, 0x00, 0xf8, 0xfc, 0xf8, 0x00,
    0xf8, 0xfc, 0xf8, 0x00, 0xf8, 0xfc, 0xf8, 0x00, 0xf8, 0xfc, 0xf8, 0x00,
    0xf8, 0xfc, 0xf8, 0x00, 0xf8, 0xfc, 0xf8, 0x00, 0xf8, 0xfc, 0xf8, 0x00,
    0xf8, 0xfc, 0xf8, 0x00, 0xf8, 0xfc, 0xf8, 0x00, 0xf8, 0xfc, 0xf8, 0x00,
    0xf8, 0xfc, 0xf8, 0x00, 0xf8, 0xfc, 0xf8, 0x00, 0xf8, 0xfc, 0xf8, 0x00,
    0xf8, 0xfc, 0xf8, 0x00, 0xf8, 0xfc, 0xf8, 0x00, 0xf8, 0xfc, 0xf8, 0x00,
    0xf8, 0xfc, 0xf8, 0x00, 0xf8, 0xfc, 0xf8, 0x00, 0xf8, 0xfc, 0xf8, 0x00,
    0xf8, 0xfc, 0xf8, 0x00, 0xf8, 0xfc, 0xf8, 0x00, 0xf8, 0xfc, 0xf8, 0x00,
    0xf8, 0xfc, 0xf8, 0x00, 0xf8, 0xfc, 0xf8, 0x00, 0xf8, 0xfc, 0xf8, 0x00,
    0xf8, 0xfc, 0xf8, 0x00, 0xf8, 0xfc, 0xf8, 0x00, 0xf8, 0xfc, 0xf8, 0x00,
    0xf8, 0xfc, 0xf8, 0x00, 0xf8, 0xfc, 0xf8, 0x00, 0xf8, 0xfc, 0xf8, 0x00,
    0xf8, 0xfc, 0xf8, 0x00, 0xf8, 0xfc, 0xf8, 0x00, 0xf8, 0xfc, 0xf8, 0x00,
    0xf8, 0xfc, 0xf8, 0x00, 0xf8, 0xfc, 0xf8, 0x00, 0xf8, 0xfc, 0xf8, 0x00,
    0xf8, 0xfc, 0xf8, 0x00, 0xf8, 0xfc, 0xf8, 0x00, 0xf8, 0xfc, 0xf8, 0x00,
    0xf8, 0xfc, 0xf8, 0x00, 0xf8, 0xfc, 0xf8, 0x00, 0xf8, 0xfc, 0xf8, 0x00,
    0xf8, 0xfc, 0xf8, 0x00, 0xf8, 0xfc, 0xf8, 0x00, 0xf8, 0xfc, 0xf8, 0x00,
    0xf8, 0xfc, 0xf8, 0x00, 0xf8, 0xfc, 0xf8, 0x00, 0xf8, 0xfc, 0xf8, 0x00,
    0xe0, 0xa4, 0x78, 0x30, 0xe0, 0xa8, 0x78, 0x71, 0xe0, 0xa8, 0x78, 0xbe,
    0xe0, 0xac, 0x80, 0xff, 0xe0, 0xac, 0x80, 0xff, 0xe0, 0xb0, 0x80, 0xff,
    0xe8, 0xb0, 0x80, 0xff, 0xe8, 0xb0, 0x80, 0xff, 0xe8, 0xb4, 0x88, 0xff,
    0xe8, 0xb8, 0x88, 0xff, 0xe8, 0xb8, 0x88, 0xff, 0xe8, 0xb8, 0x88, 0xff,
    0xf0, 0xbc, 0x88, 0xff, 0xf0, 0xbc, 0x90, 0xff, 0xe8, 0xbc, 0x90, 0xff,
    0xf0, 0xc0, 0x90, 0xff, 0xf0, 0xc0, 0x90, 0xff, 0xf0, 0xc4, 0x90, 0xff,
    0xf0, 0xc4, 0x90, 0xff, 0xf8, 0xc8, 0x98, 0xff, 0xf8, 0xc8, 0x98, 0xff,
    0xf0, 0xc8, 0x98, 0xff, 0xf8, 0xcc, 0x98, 0xff, 0xf8, 0xcc, 0x98, 0xff,
    0xf8, 0xd0, 0x98, 0xff, 0xf8, 0xcc, 0xa0, 0xff, 0xf8, 0xd0, 0xa0, 0xff,
    0xf8, 0xd0, 0x98, 0xff, 0xf8, 0xd0, 0xa0, 0xff, 0xf8, 0xd0, 0xa0, 0xff,
    0xf8, 0xd0, 0xa0, 0xff, 0xf8, 0xd4, 0xa0, 0xff, 0xf8, 0xd4, 0xa0, 0xff,
    0xf8, 0xd4, 0xa0, 0xcf, 0xf8, 0xd4, 0xa0, 0x8e, 0xf8, 0xd4, 0xa0, 0x51,
    0xf8, 0xfc, 0xf8, 0x00, 0xf8, 0xfc, 0xf8, 0x00, 0xf8, 0xfc, 0xf8, 0x00,
    0xf8, 0xfc, 0xf8, 0x00, 0xf8, 0xfc, 0xf8, 0x00, 0xf8, 0xfc, 0xf8, 0x00,
    0xf8, 0xfc, 0xf8, 0x00, 0xf8, 0xfc, 0xf8, 0x00, 0xf8, 0xfc, 0xf8, 0x00,
    0xf8, 0xfc, 0xf8, 0x00, 0xf8, 0xfc, 0xf8, 0x00, 0xf8, 0xfc, 0xf8, 0x00,
    0xf8, 0xfc, 0xf8, 0x00, 0xf8, 0xfc, 0xf8, 0x00, 0xf8, 0xfc, 0xf8, 0x00,
    0xf8, 0xfc, 0xf8, 0x00, 0xf8, 0xfc, 0xf8, 0x00, 0xf8, 0xfc, 0xf8, 0x00,
    0xf8, 0xfc, 0xf8, 0x00, 0xf8, 0xfc, 0xf8, 0x00, 0xf8, 0xfc, 0xf8, 0x00,
    0xf8, 0xfc, 0xf8, 0x00, 0xf8, 0xfc, 0xf8, 0x00, 0xf8, 0xfc, 0xf8, 0x00,
    0xf8, 0xfc, 0xf8, 0x00, 0xf8, 0xfc, 0xf8, 0x00, 0xf8, 0xfc, 0xf8, 0x00,
    0xf8, 0xfc, 0xf8, 0x00, 0xf8, 0xfc, 0xf8, 0x00, 0xf8, 0xfc, 0xf8, 0x00,
    0xf8, 0xfc, 0xf8, 0x00, 0xf8, 0xfc, 0xf8, 0x00, 0xf8, 0xfc, 0xf8, 0x00,
    0xf8, 0xfc, 0xf8, 0x00, 0xf8, 0xfc, 0xf8, 0x00, 0xf8, 0xfc, 0xf8, 0x00,
    0xf8, 0xfc, 0xf8, 0x00, 0xf8, 0xfc, 0xf8, 0x00, 0xf8, 0xfc, 0xf8, 0x00,
    0xf8, 0xfc, 0xf8, 0x00, 0xf8, 0xfc, 0xf8, 0x00, 0xf8, 0xfc, 0xf8, 0x00,
    0xf8, 0xfc, 0xf8, 0x00, 0xf8, 0xfc, 0xf8, 0x00, 0xf8, 0xfc, 0xf8, 0x00,
    0xf8, 0xfc, 0xf8, 0x00, 0xf8, 0xfc, 0xf8, 0x00, 0xf8, 0xfc, 0xf8, 0x00,
    0xf8, 0xfc, 0xf8, 0x00, 0xf8, 0xfc, 0xf8, 0x00, 0xf8, 0xfc, 0xf8, 0x00,
    0xf8, 0xfc, 0xf8, 0x00, 0xf8, 0xfc, 0xf8, 0x00, 0xf8, 0xfc, 0xf8, 0x00,
    0xf8, 0xfc, 0xf8, 0x00, 0xf8, 0xfc, 0xf8, 0x00, 0xf8, 0xfc, 0xf8, 0x00,
    0xf8, 0xfc, 0xf8, 0x00, 0xf8, 0xfc, 0xf8, 0x00, 0xf8, 0xfc, 0xf8, 0x00,
    0xf8, 0xfc, 0xf8, 0x00, 0xf8, 0xfc, 0xf8, 0x00, 0xf8, 0xfc, 0xf8, 0x00,
    0xf8, 0xfc, 0xf8, 0x00, 0xf8, 0xfc, 0xf8, 0x00, 0xf8, 0xfc, 0xf8, 0x00,
    0xf8, 0xfc, 0xf8, 0x00, 0xf8, 0xfc, 0xf8, 0x00, 0xf8, 0xfc, 0xf8, 0x00,
    0xf8, 0xfc, 0xf8, 0x00, 0xf8, 0xfc, 0xf8, 0x00, 0xf8, 0xfc, 0xf8, 0x00,
    0xf8, 0xfc, 0xf8, 0x00, 0xf8, 0xfc, 0xf8, 0x00, 0xf8, 0xfc, 0xf8, 0x00,
    0xf8, 0xfc, 0xf8, 0x00, 0xf8, 0xfc, 0xf8, 0x00, 0xf8, 0xfc, 0xf8, 0x00,
    0xf8, 0xfc, 0xf8, 0x00, 0xf8, 0xfc, 0xf8, 0x00, 0xf8, 0xfc, 0xf8, 0x00,
    0xf8, 0xfc, 0xf8, 0x00, 0xf8, 0xfc, 0xf8, 0x00, 0xf8, 0xfc, 0xf8, 0x00,
    0xf8, 0xfc, 0xf8, 0x00, 0xf8, 0xfc, 0xf8, 0x00, 0xf8, 0xfc, 0xf8, 0x00,
    0xd8, 0xa0, 0x78, 0x30, 0xd8, 0xa4, 0x78, 0x8e, 0xe0, 0xa4, 0x78, 0xdf,
    0xe0, 0xa8, 0x78, 0xff, 0xe0, 0xa8, 0x78, 0xff, 0xe0, 0xac, 0x80, 0xff,
    0xe0, 0xac, 0x80, 0xff, 0xe0, 0xac, 0x80, 0xff, 0xe8, 0xb0, 0x80, 0xff,
    0xe0, 0xb0, 0x80, 0xff, 0xe8, 0xb4, 0x88, 0xff, 0xe8, 0xb4, 0x88, 0xff,
    0xe8, 0xb4, 0x88, 0xff, 0xe8, 0xb8, 0x88, 0xff, 0xe8, 0xb8, 0x88, 0xff,
    0xf0, 0xbc, 0x88, 0xff, 0xe8, 0xbc, 0x88, 0xff, 0xf0, 0xc0, 0x90, 0xff,
    0xf0, 0xc0, 0x90, 0xff, 0xf0, 0xc4, 0x90, 0xff, 0xf0, 0xc4, 0x90, 0xff,
    0xf0, 0xc4, 0x90, 0xff, 0xf8, 0xc8, 0x98, 0xff, 0xf0, 0xc8, 0x98, 0xff,
    0xf8, 0xc8, 0x98, 0xff, 0xf8, 0xcc, 0x98, 0xff, 0xf8, 0xcc, 0x98, 0xff,
    0xf8, 0xd0, 0x98, 0xff, 0xf8, 0xd0, 0xa0, 0xff, 0xf8, 0xd0, 0xa0, 0xff,
    0xf8, 0xd0, 0x98, 0xff, 0xf8, 0xd0, 0xa0, 0xff, 0xf8, 0xd0, 0xa0, 0xff,
    0xf8, 0xd4, 0xa0, 0xff, 0xf8, 0xd0, 0xa0, 0xff, 0xf8, 0xd4, 0xa0, 0xff,
    0xf8, 0xd4, 0xa0, 0xff, 0xf8, 0xd4, 0xa0, 0xff, 0xf8, 0xd4, 0xa8, 0xff,
    0xf8, 0xd4, 0xa8, 0xff, 0xf8, 0xd4, 0xa8, 0xae, 0xf8, 0xd4, 0xa8, 0x61,
    0xf8, 0xd8, 0xa8, 0x10, 0xf8, 0xfc, 0xf8, 0x00, 0xf8, 0xfc, 0xf8, 0x00,
    0xf8, 0xfc, 0xf8, 0x00, 0xf8, 0xfc, 0xf8, 0x00, 0xf8, 0xfc, 0xf8, 0x00,
    0xf8, 0xfc, 0xf8, 0x00, 0xf8, 0xfc, 0xf8, 0x00, 0xf8, 0xfc, 0xf8, 0x00,
    0xf8, 0xfc, 0xf8, 0x00, 0xf8, 0xfc, 0xf8, 0x00, 0xf8, 0xfc, 0xf8, 0x00,
    0xf8, 0xfc, 0xf8, 0x00, 0xf8, 0xfc, 0xf8, 0x00, 0xf8, 0xfc, 0xf8, 0x00,
    0xf8, 0xfc, 0xf8, 0x00, 0xf8, 0xfc, 0xf8, 0x00, 0xf8, 0xfc, 0xf8, 0x00,
    0xf8, 0xfc, 0xf8, 0x00, 0xf8, 0xfc, 0xf8, 0x00, 0xf8, 0xfc, 0xf8, 0x00,
    0xf8, 0xfc, 0xf8, 0x00, 0xf8, 0xfc, 0xf8, 0x00, 0xf8, 0xfc, 0xf8, 0x00,
    0xf8, 0xfc, 0xf8, 0x00, 0xf8, 0xfc, 0xf8, 0x00, 0xf8, 0xfc, 0xf8, 0x00,
    0xf8, 0xfc, 0xf8, 0x00, 0xf8, 0xfc, 0xf8, 0x00, 0xf8, 0xfc, 0xf8, 0x00,
    0xf8, 0xfc, 0xf8, 0x00, 0xf8, 0xfc, 0xf8, 0x00, 0xf8, 0xfc, 0xf8, 0x00,
    0xf8, 0xfc, 0xf8, 0x00, 0xf8, 0xfc, 0xf8, 0x00, 0xf8, 0xfc, 0xf8, 0x00,
    0xf8, 0xfc, 0xf8, 0x00, 0xf8, 0xfc, 0xf8, 0x00, 0xf8, 0xfc, 0xf8, 0x00,
    0xf8, 0xfc, 0xf8, 0x00, 0xf8, 0xfc, 0xf8, 0x00, 0xf8, 0xfc, 0xf8, 0x00,
    0xf8, 0xfc, 0xf8, 0x00, 0xf8, 0xfc, 0xf8, 0x00, 0xf8, 0xfc, 0xf8, 0x00,
    0xf8, 0xfc, 0xf8, 0x00, 0xf8, 0xfc, 0xf8, 0x00, 0xf8, 0xfc, 0xf8, 0x00,
    0xf8, 0xfc, 0xf8, 0x00, 0xf8, 0xfc, 0xf8, 0x00, 0xf8, 0xfc, 0xf8, 0x00,
    0xf8, 0xfc, 0xf8, 0x00, 0xf8, 0xfc, 0xf8, 0x00, 0xf8, 0xfc, 0xf8, 0x00,
    0xf8, 0xfc, 0xf8, 0x00, 0xf8, 0xfc, 0xf8, 0x00, 0xf8, 0xfc, 0xf8, 0x00,
    0xf8, 0xfc, 0xf8, 0x00, 0xf8, 0xfc, 0xf8, 0x00, 0xf8, 0xfc, 0xf8, 0x00,
    0xf8, 0xfc, 0xf8, 0x00, 0xf8, 0xfc, 0xf8, 0x00, 0xf8, 0xfc, 0xf8, 0x00,
    0xf8, 0xfc, 0xf8, 0x00, 0xf8, 0xfc, 0xf8, 0x00, 0xf8, 0xfc, 0xf8, 0x00,
    0xf8, 0xfc, 0xf8, 0x00, 0xf8, 0xfc, 0xf8, 0x00, 0xf8, 0xfc, 0xf8, 0x00,
    0xf8, 0xfc, 0xf8, 0x00, 0xf8, 0xfc, 0xf8, 0x00, 0xf8, 0xfc, 0xf8, 0x00,
    0xf8, 0xfc, 0xf8, 0x00, 0xf8, 0xfc, 0xf8, 0x00, 0xf8, 0xfc, 0xf8, 0x00,
    0xf8, 0xfc, 0xf8, 0x00, 0xf8, 0xfc, 0xf8, 0x00, 0xf8, 0xfc, 0xf8, 0x00,
    0xf8, 0xfc, 0xf8, 0x00, 0xf8, 0xfc, 0xf8, 0x00, 0xf8, 0xfc, 0xf8, 0x00,
    0xd8, 0x9c, 0x70, 0x20, 0xd8, 0xa0, 0x70, 0x82, 0xd8, 0xa0, 0x70, 0xdf,
    0xd8, 0xa4, 0x78, 0xff, 0xe0, 0xa4, 0x78, 0xff, 0xe0, 0xa4, 0x78, 0xff,
    0xe0, 0xa8, 0x78, 0xff, 0xe0, 0xac, 0x80, 0xff, 0xe0, 0xac, 0x80, 0xff,
    0xe0, 0xac, 0x80, 0xff, 0xe8, 0xb0, 0x80, 0xff, 0xe8, 0xb0, 0x80, 0xff,
    0xe8, 0xb4, 0x80, 0xff, 0xe8, 0xb4, 0x88, 0xff, 0xe8, 0xb8, 0x88, 0xff,
    0xe8, 0xb8, 0x88, 0xff, 0xe8, 0xb8, 0x88, 0xff, 0xf0, 0xbc, 0x88, 0xff,
    0xf0, 0xbc, 0x90, 0xff, 0xf0, 0xc0, 0x90, 0xff, 0xf0, 0xc0, 0x90, 0xff,
    0xf0, 0xc0, 0x90, 0xff, 0xf0, 0xc4, 0x90, 0xff, 0xf0, 0xc4, 0x90, 0xff,
    0xf8, 0xc8, 0x98, 0xff, 0xf8, 0xc8, 0x98, 0xff, 0xf8, 0xc8, 0x98, 0xff,
    0xf8, 0xcc, 0x98, 0xff, 0xf8, 0xcc, 0x98, 0xff, 0xf8, 0xd0, 0x98, 0xff,
    0xf8, 0xd0, 0xa0, 0xff, 0xf8, 0xd0, 0x98, 0xff, 0xf8, 0xd0, 0xa0, 0xff,
    0xf8, 0xd0, 0xa0, 0xff, 0xf8, 0xd0, 0xa0, 0xff, 0xf8, 0xd0, 0xa0, 0xff,
    0xf8, 0xd4, 0xa0, 0xff, 0xf8, 0xd4, 0xa0, 0xff, 0xf8, 0xd4, 0xa0, 0xff,
    0xf8, 0xd4, 0xa0, 0xff, 0xf8, 0xd4, 0xa8, 0xff, 0xf8, 0xd4, 0xa0, 0xff,
    0xf8, 0xd4, 0xa8, 0xff, 0xf8, 0xd8, 0xa0, 0xff, 0xf8, 0xd8, 0xa8, 0xff,
    0xf8, 0xd8, 0xa8, 0xef, 0xf8, 0xd8, 0xa8, 0x9e, 0xf8, 0xd8, 0xa8, 0x41,
    0xf8, 0xfc, 0xf8, 0x00, 0xf8, 0xfc, 0xf8, 0x00, 0xf8, 0xfc, 0xf8, 0x00,
    0xf8, 0xfc, 0xf8, 0x00, 0xf8, 0xfc, 0xf8, 0x00, 0xf8, 0xfc, 0xf8, 0x00,
    0xf8, 0xfc, 0xf8, 0x00, 0xf8, 0xfc, 0xf8, 0x00, 0xf8, 0xfc, 0xf8, 0x00,
    0xf8, 0xfc, 0xf8, 0x00, 0xf8, 0xfc, 0xf8, 0x00, 0xf8, 0xfc, 0xf8, 0x00,
    0xf8, 0xfc, 0xf8, 0x00, 0xf8, 0xfc, 0xf8, 0x00, 0xf8, 0xfc, 0xf8, 0x00,
    0xf8, 0xfc, 0xf8, 0x00, 0xf8, 0xfc, 0xf8, 0x00, 0xf8, 0xfc, 0xf8, 0x00,
    0xf8, 0xfc, 0xf8, 0x00, 0xf8, 0xfc, 0xf8, 0x00, 0xf8, 0xfc, 0xf8, 0x00,
    0xf8, 0xfc, 0xf8, 0x00, 0xf8, 0xfc, 0xf8, 0x00, 0xf8, 0xfc, 0xf8, 0x00,
    0xf8, 0xfc, 0xf8, 0x00, 0xf8, 0xfc, 0xf8, 0x00, 0xf8, 0xfc, 0xf8, 0x00,
    0xf8, 0xfc, 0xf8, 0x00, 0xf8, 0xfc, 0xf8, 0x00, 0xf8, 0xfc, 0xf8, 0x00,
    0xf8, 0xfc, 0xf8, 0x00, 0xf8, 0xfc, 0xf8, 0x00, 0xf8, 0xfc, 0xf8, 0x00,
    0xf8, 0xfc, 0xf8, 0x00, 0xf8, 0xfc, 0xf8, 0x00, 0xf8, 0xfc, 0xf8, 0x00,
    0xf8, 0xfc, 0xf8, 0x00, 0xf8, 0xfc, 0xf8, 0x00, 0xf8, 0xfc, 0xf8, 0x00,
    0xf8, 0xfc, 0xf8, 0x00, 0xf8, 0xfc, 0xf8, 0x00, 0xf8, 0xfc, 0xf8, 0x00,
    0xf8, 0xfc, 0xf8, 0x00, 0xf8, 0xfc, 0xf8, 0x00, 0xf8, 0xfc, 0xf8, 0x00,
    0xf8, 0xfc, 0xf8, 0x00, 0xf8, 0xfc, 0xf8, 0x00, 0xf8, 0xfc, 0xf8, 0x00,
    0xf8, 0xfc, 0xf8, 0x00, 0xf8, 0xfc, 0xf8, 0x00, 0xf8, 0xfc, 0xf8, 0x00,
    0xf8, 0xfc, 0xf8, 0x00, 0xf8, 0xfc, 0xf8, 0x00, 0xf8, 0xfc, 0xf8, 0x00,
    0xf8, 0xfc, 0xf8, 0x00, 0xf8, 0xfc, 0xf8, 0x00, 0xf8, 0xfc, 0xf8, 0x00,
    0xf8, 0xfc, 0xf8, 0x00, 0xf8, 0xfc, 0xf8, 0x00, 0xf8, 0xfc, 0xf8, 0x00,
    0xf8, 0xfc, 0xf8, 0x00, 0xf8, 0xfc, 0xf8, 0x00, 0xf8, 0xfc, 0xf8, 0x00,
    0xf8, 0xfc, 0xf8, 0x00, 0xf8, 0xfc, 0xf8, 0x00, 0xf8, 0xfc, 0xf8, 0x00,
    0xf8, 0xfc, 0xf8, 0x00, 0xf8, 0xfc, 0xf8, 0x00, 0xf8, 0xfc, 0xf8, 0x00,
    0xf8, 0xfc, 0xf8, 0x00, 0xf8, 0xfc, 0xf8, 0x00, 0xf8, 0xfc, 0xf8, 0x00,
    0xf8, 0xfc, 0xf8, 0x00, 0xf8, 0xfc, 0xf8, 0x00, 0xf8, 0xfc, 0xf8, 0x00,
    0xf8, 0xfc, 0xf8, 0x00, 0xd8, 0x9c, 0x70, 0x41, 0xd8, 0x9c, 0x70, 0x9e,
    0xd8, 0x9c, 0x70, 0xff, 0xd8, 0xa0, 0x70, 0xff, 0xd8, 0xa4, 0x78, 0xff,
    0xe0, 0xa4, 0x78, 0xff, 0xe0, 0xa4, 0x78, 0xff, 0xd8, 0xa8, 0x78, 0xff,
    0xe0, 0xa8, 0x78, 0xff, 0xe0, 0xac, 0x78, 0xff, 0xe0, 0xac, 0x80, 0xff,
    0xe0, 0xac, 0x80, 0xff, 0xe8, 0xb0, 0x80, 0xff, 0xe0, 0xb4, 0x80, 0xff,
    0xe8, 0xb4, 0x80, 0xff, 0xe8, 0xb4, 0x88, 0xff, 0xe8, 0xb8, 0x88, 0xff,
    0xe8, 0xb8, 0x88, 0xff, 0xe8, 0xb8, 0x88, 0xbe, 0xe8, 0xbc, 0x88, 0xbe,
    0xf0, 0xbc, 0x90, 0x82, 0xf0, 0xc0, 0x90, 0x82, 0xf0, 0xc0, 0x90, 0x7d,
    0xf0, 0xc4, 0x90, 0x51, 0xf0, 0xc4, 0x90, 0x41, 0xf0, 0xc4, 0x98, 0x41,
    0xf8, 0xc8, 0x98, 0x41, 0xf0, 0xc8, 0x98, 0x41, 0xf8, 0xcc, 0x98, 0x41,
    0xf8, 0xcc, 0x98, 0x82, 0xf8, 0xcc, 0x98, 0x82, 0xf8, 0xcc, 0x98, 0x7d,
    0xf8, 0xd0, 0xa0, 0xae, 0xf8, 0xd0, 0xa0, 0xc3, 0xf8, 0xd0, 0x98, 0xef,
    0xf8, 0xd0, 0xa0, 0xff, 0xf8, 0xd0, 0xa0, 0xff, 0xf8, 0xd4, 0xa0, 0xff,
    0xf8, 0xd0, 0xa0, 0xff, 0xf8, 0xd4, 0xa0, 0xff, 0xf8, 0xd4, 0xa0, 0xff,
    0xf8, 0xd4, 0xa8, 0xff, 0xf8, 0xd4, 0xa8, 0xff, 0xf8, 0xd4, 0xa0, 0xff,
    0xf8, 0xd8, 0xa8, 0xff, 0xf8, 0xd4, 0xa8, 0xff, 0xf8, 0xd8, 0xa8, 0xff,
    0xf8, 0xd8, 0xa8, 0xff, 0xf8, 0xd8, 0xa8, 0xff, 0xf8, 0xd8, 0xa8, 0xff,
    0xf8, 0xd8, 0xa8, 0xdf, 0xf8, 0xd8, 0xa8, 0x61, 0xf8, 0xfc, 0xf8, 0x00,
    0xf8, 0xfc, 0xf8, 0x00, 0xf8, 0xfc, 0xf8, 0x00, 0xf8, 0xfc, 0xf8, 0x00,
    0xf8, 0xfc, 0xf8, 0x00, 0xf8, 0xfc, 0xf8, 0x00, 0xf8, 0xfc, 0xf8, 0x00,
    0xf8, 0xfc, 0xf8, 0x00, 0xf8, 0xfc, 0xf8, 0x00, 0xf8, 0xfc, 0xf8, 0x00,
    0xf8, 0xfc, 0xf8, 0x00, 0xf8, 0xfc, 0xf8, 0x00, 0xf8, 0xfc, 0xf8, 0x00,
    0xf8, 0xfc, 0xf8, 0x00, 0xf8, 0xfc, 0xf8, 0x00, 0xf8, 0xfc, 0xf8, 0x00,
    0xf8, 0xfc, 0xf8, 0x00, 0xf8, 0xfc, 0xf8, 0x00, 0xf8, 0xfc, 0xf8, 0x00,
    0xf8, 0xfc, 0xf8, 0x00, 0xf8, 0xfc, 0xf8, 0x00, 0xf8, 0xfc, 0xf8, 0x00,
    0xf8, 0xfc, 0xf8, 0x00, 0xf8, 0xfc, 0xf8, 0x00, 0xf8, 0xfc, 0xf8, 0x00,
    0xf8, 0xfc, 0xf8, 0x00, 0xf8, 0xfc, 0xf8, 0x00, 0xf8, 0xfc, 0xf8, 0x00,
    0xf8, 0xfc, 0xf8, 0x00, 0xf8, 0xfc, 0xf8, 0x00, 0xf8, 0xfc, 0xf8, 0x00,
    0xf8, 0xfc, 0xf8, 0x00, 0xf8, 0xfc, 0xf8, 0x00, 0xf8, 0xfc, 0xf8, 0x00,
    0xf8, 0xfc, 0xf8, 0x00, 0xf8, 0xfc, 0xf8, 0x00, 0xf8, 0xfc, 0xf8, 0x00,
    0xf8, 0xfc, 0xf8, 0x00, 0xf8, 0xfc, 0xf8, 0x00, 0xf8, 0xfc, 0xf8, 0x00,
    0xf8, 0xfc, 0xf8, 0x00, 0xf8, 0xfc, 0xf8, 0x00, 0xf8, 0xfc, 0xf8, 0x00,
    0xf8, 0xfc, 0xf8, 0x00, 0xf8, 0xfc, 0xf8, 0x00, 0xf8, 0xfc, 0xf8, 0x00,
    0xf8, 0xfc, 0xf8, 0x00, 0xf8, 0xfc, 0xf8, 0x00, 0xf8, 0xfc, 0xf8, 0x00,
    0xf8, 0xfc, 0xf8, 0x00, 0xf8, 0xfc, 0xf8, 0x00, 0xf8, 0xfc, 0xf8, 0x00,
    0xf8, 0xfc, 0xf8, 0x00, 0xf8, 0xfc, 0xf8, 0x00, 0xf8, 0xfc, 0xf8, 0x00,
    0xf8, 0xfc, 0xf8, 0x00, 0xf8, 0xfc, 0xf8, 0x00, 0xf8, 0xfc, 0xf8, 0x00,
    0xf8, 0xfc, 0xf8, 0x00, 0xf8, 0xfc, 0xf8, 0x00, 0xf8, 0xfc, 0xf8, 0x00,
    0xf8, 0xfc, 0xf8, 0x00, 0xf8, 0xfc, 0xf8, 0x00, 0xf8, 0xfc, 0xf8, 0x00,
    0xf8, 0xfc, 0xf8, 0x00, 0xf8, 0xfc, 0xf8, 0x00, 0xf8, 0xfc, 0xf8, 0x00,
    0xf8, 0xfc, 0xf8, 0x00, 0xf8, 0xfc, 0xf8, 0x00, 0xf8, 0xfc, 0xf8, 0x00,
    0xf8, 0xfc, 0xf8, 0x00, 0xf8, 0xfc, 0xf8, 0x00, 0xd0, 0x98, 0x70, 0x41,
    0xd8, 0x98, 0x70, 0xbe, 0xd8, 0x9c, 0x70, 0xff, 0xd8, 0xa0, 0x70, 0xff,
    0xd8, 0xa0, 0x70, 0xff, 0xd8, 0xa0, 0x78, 0xff, 0xd8, 0xa4, 0x78, 0xff,
    0xe0, 0xa4, 0x78, 0xff, 0xe0, 0xa4, 0x78, 0xff, 0xe0, 0xa8, 0x78, 0xff,
    0xe0, 0xac, 0x80, 0xff, 0xe0, 0xac, 0x80, 0xff, 0xe0, 0xac, 0x80, 0xff,
    0xe8, 0xb0, 0x80, 0xff, 0xe8, 0xb0, 0x80, 0xef, 0xe8, 0xb4, 0x80, 0xc3,
    0xe8, 0xb4, 0x88, 0x82, 0xe8, 0xb4, 0x88, 0x51, 0xe8, 0xb8, 0x88, 0x20,
    0xf8, 0xfc, 0xf8, 0x00, 0xf8, 0xfc, 0xf8, 0x00, 0xf8, 0xfc, 0xf8, 0x00,
    0xf8, 0xfc, 0xf8, 0x00, 0xf8, 0xfc, 0xf8, 0x00, 0xf8, 0xfc, 0xf8, 0x00,
    0xf8, 0xfc, 0xf8, 0x00, 0xf8, 0xfc, 0xf8, 0x00, 0xf8, 0xfc, 0xf8, 0x00,
    0xf8, 0xfc, 0xf8, 0x00, 0xf8, 0xfc, 0xf8, 0x00, 0xf8, 0xfc, 0xf8, 0x00,
    0xf8, 0xfc, 0xf8, 0x00, 0xf8, 0xfc, 0xf8, 0x00, 0xf8, 0xfc, 0xf8, 0x00,
    0xf8, 0xfc, 0xf8, 0x00, 0xf8, 0xfc, 0xf8, 0x00, 0xf8, 0xfc, 0xf8, 0x00,
    0xf8, 0xd0, 0xa0, 0x10, 0xf8, 0xd0, 0xa0, 0x41, 0xf8, 0xd4, 0xa0, 0x71,
    0xf8, 0xd4, 0xa0, 0x9e, 0xf8, 0xd0, 0xa0, 0xdf, 0xf8, 0xd4, 0xa0, 0xff,
    0xf8, 0xd4, 0xa0, 0xff, 0xf8, 0xd4, 0xa8, 0xff, 0xf8, 0xd4, 0xa8, 0xff,
    0xf8, 0xd8, 0xa0, 0xff, 0xf8, 0xd8, 0xa8, 0xff, 0xf8, 0xd8, 0xa8, 0xff,
    0xf8, 0xd8, 0xa8, 0xff, 0xf8, 0xd8, 0xa8, 0xff, 0xf8, 0xd8, 0xa8, 0xff,
    0xf8, 0xd8, 0xa8, 0xff, 0xf8, 0xdc, 0xa8, 0xff, 0xf8, 0xdc, 0xa8, 0xef,
    0xf8, 0xdc, 0xb0, 0x82, 0xf8, 0xdc, 0xb0, 0x10, 0xf8, 0xfc, 0xf8, 0x00,
    0xf8, 0xfc, 0xf8, 0x00, 0xf8, 0xfc, 0xf8, 0x00, 0xf8, 0xfc, 0xf8, 0x00,
    0xf8, 0xfc, 0xf8, 0x00, 0xf8, 0xfc, 0xf8, 0x00, 0xf8, 0xfc, 0xf8, 0x00,
    0xf8, 0xfc, 0xf8, 0x00, 0xf8, 0xfc, 0xf8, 0x00, 0xf8, 0xfc, 0xf8, 0x00,
    0xf8, 0xfc, 0xf8, 0x00, 0xf8, 0xfc, 0xf8, 0x00, 0xf8, 0xfc, 0xf8, 0x00,
    0xf8, 0xfc, 0xf8, 0x00, 0xf8, 0xfc, 0xf8, 0x00, 0xf8, 0xfc, 0xf8, 0x00,
    0xf8, 0xfc, 0xf8, 0x00, 0xf8, 0xfc, 0xf8, 0x00, 0xf8, 0xfc, 0xf8, 0x00,
    0xf8, 0xfc, 0xf8, 0x00, 0xf8, 0xfc, 0xf8, 0x00, 0xf8, 0xfc, 0xf8, 0x00,
    0xf8, 0xfc, 0xf8, 0x00, 0xf8, 0xfc, 0xf8, 0x00, 0xf8, 0xfc, 0xf8, 0x00,
    0xf8, 0xfc, 0xf8, 0x00, 0xf8, 0xfc, 0xf8, 0x00, 0xf8, 0xfc, 0xf8, 0x00,
    0xf8, 0xfc, 0xf8, 0x00, 0xf8, 0xfc, 0xf8, 0x00, 0xf8, 0xfc, 0xf8, 0x00,
    0xf8, 0xfc, 0xf8, 0x00, 0xf8, 0xfc, 0xf8, 0x00, 0xf8, 0xfc, 0xf8, 0x00,
    0xf8, 0xfc, 0xf8, 0x00, 0xf8, 0xfc, 0xf8, 0x00, 0xf8, 0xfc, 0xf8, 0x00,
    0xf8, 0xfc, 0xf8, 0x00, 0xf8, 0xfc, 0xf8, 0x00, 0xf8, 0xfc, 0xf8, 0x00,
    0xf8, 0xfc, 0xf8, 0x00, 0xf8, 0xfc, 0xf8, 0x00, 0xf8, 0xfc, 0xf8, 0x00,
    0xf8, 0xfc, 0xf8, 0x00, 0xf8, 0xfc, 0xf8, 0x00, 0xf8, 0xfc, 0xf8, 0x00,
    0xf8, 0xfc, 0xf8, 0x00, 0xf8, 0xfc, 0xf8, 0x00, 0xf8, 0xfc, 0xf8, 0x00,
    0xf8, 0xfc, 0xf8, 0x00, 0xf8, 0xfc, 0xf8, 0x00, 0xf8, 0xfc, 0xf8, 0x00,
    0xf8, 0xfc, 0xf8, 0x00, 0xf8, 0xfc, 0xf8, 0x00, 0xf8, 0xfc, 0xf8, 0x00,
    0xf8, 0xfc, 0xf8, 0x00, 0xf8, 0xfc, 0xf8, 0x00, 0xf8, 0xfc, 0xf8, 0x00,
    0xf8, 0xfc, 0xf8, 0x00, 0xf8, 0xfc, 0xf8, 0x00, 0xf8, 0xfc, 0xf8, 0x00,
    0xf8, 0xfc, 0xf8, 0x00, 0xf8, 0xfc, 0xf8, 0x00, 0xf8, 0xfc, 0xf8, 0x00,
    0xf8, 0xfc, 0xf8, 0x00, 0xf8, 0xfc, 0xf8, 0x00, 0xf8, 0xfc, 0xf8, 0x00,
    0xd0, 0x94, 0x68, 0x41, 0xd0, 0x98, 0x68, 0xbe, 0xd8, 0x98, 0x70, 0xff,
    0xd8, 0x9c, 0x70, 0xff, 0xd8, 0x9c, 0x70, 0xff, 0xd8, 0xa0, 0x70, 0xff,
    0xd8, 0xa0, 0x78, 0xff, 0xd8, 0xa0, 0x78, 0xff, 0xe0, 0xa4, 0x78, 0xff,
    0xe0, 0xa8, 0x78, 0xff, 0xe0, 0xa8, 0x78, 0xff, 0xe0, 0xa8, 0x78, 0xff,
    0xe0, 0xac, 0x80, 0xff, 0xe0, 0xac, 0x80, 0xcf, 0xe0, 0xac, 0x80, 0x82,
    0xe8, 0xb0, 0x80, 0x30, 0xf8, 0xfc, 0xf8, 0x00, 0xf8, 0xfc, 0xf8, 0x00,
    0xf8, 0xfc, 0xf8, 0x00, 0xf8, 0xfc, 0xf8, 0x00, 0xf8, 0xfc, 0xf8, 0x00,
    0xf8, 0xfc, 0xf8, 0x00, 0xf8, 0xfc, 0xf8, 0x00, 0xf8, 0xfc, 0xf8, 0x00,
    0xf8, 0xfc, 0xf8, 0x00, 0xf8, 0xfc, 0xf8, 0x00, 0xf8, 0xfc, 0xf8, 0x00,
    0xf8, 0xfc, 0xf8, 0x00, 0xf8, 0xfc, 0xf8, 0x00, 0xf8, 0xfc, 0xf8, 0x00,
    0xf8, 0xfc, 0xf8, 0x00, 0xf8, 0xfc, 0xf8, 0x00, 0xf8, 0xfc, 0xf8, 0x00,
    0xf8, 0xfc, 0xf8, 0x00, 0xf8, 0xfc, 0xf8, 0x00, 0xf8, 0xfc, 0xf8, 0x00,
    0xf8, 0xfc, 0xf8, 0x00, 0xf8, 0xfc, 0xf8, 0x00, 0xf8, 0xfc, 0xf8, 0x00,
    0xf8, 0xfc, 0xf8, 0x00, 0xf8, 0xfc, 0xf8, 0x00, 0xf8, 0xfc, 0xf8, 0x00,
    0xf8, 0xfc, 0xf8, 0x00, 0xf8, 0xfc, 0xf8, 0x00, 0xf8, 0xd4, 0xa0, 0x20,
    0xf8, 0xd4, 0xa8, 0x61, 0xf8, 0xd4, 0xa0, 0xae, 0xf8, 0xd8, 0xa8, 0xef,
    0xf8, 0xd4, 0xa8, 0xff, 0xf8, 0xd8, 0xa8, 0xff, 0xf8, 0xd8, 0xa8, 0xff,
    0xf8, 0xd8, 0xa8, 0xff, 0xf8, 0xd8, 0xa8, 0xff, 0xf8, 0xd8, 0xa8, 0xff,
    0xf8, 0xdc, 0xa8, 0xff, 0xf8, 0xd8, 0xb0, 0xff, 0xf8, 0xdc, 0xb0, 0xff,
    0xf8, 0xdc, 0xa8, 0xff, 0xf8, 0xdc, 0xb0, 0xef, 0xf8, 0xdc, 0xb0, 0x82,
    0xf8, 0xdc, 0xb0, 0x10, 0xf8, 0xfc, 0xf8, 0x00, 0xf8, 0xfc, 0xf8, 0x00,
    0xf8, 0xfc, 0xf8, 0x00, 0xf8, 0xfc, 0xf8, 0x00, 0xf8, 0xfc, 0xf8, 0x00,
    0xf8, 0xfc, 0xf8, 0x00, 0xf8, 0xfc, 0xf8, 0x00, 0xf8, 0xfc, 0xf8, 0x00,
    0xf8, 0xfc, 0xf8, 0x00, 0xf8, 0xfc, 0xf8, 0x00, 0xf8, 0xfc, 0xf8, 0x00,
    0xf8, 0xfc, 0xf8, 0x00, 0xf8, 0xfc, 0xf8, 0x00, 0xf8, 0xfc, 0xf8, 0x00,
    0xf8, 0xfc, 0xf8, 0x00, 0xf8, 0xfc, 0xf8, 0x00, 0xf8, 0xfc, 0xf8, 0x00,
    0xf8, 0xfc, 0xf8, 0x00, 0xf8, 0xfc, 0xf8, 0x00, 0xf8, 0xfc, 0xf8, 0x00,
    0xf8, 0xfc, 0xf8, 0x00, 0xf8, 0xfc, 0xf8, 0x00, 0xf8, 0xfc, 0xf8, 0x00,
    0xf8, 0xfc, 0xf8, 0x00, 0xf8, 0xfc, 0xf8, 0x00, 0xf8, 0xfc, 0xf8, 0x00,
    0xf8, 0xfc, 0xf8, 0x00, 0xf8, 0xfc, 0xf8, 0x00, 0xf8, 0xfc, 0xf8, 0x00,
    0xf8, 0xfc, 0xf8, 0x00, 0xf8, 0xfc, 0xf8, 0x00, 0xf8, 0xfc, 0xf8, 0x00,
    0xf8, 0xfc, 0xf8, 0x00, 0xf8, 0xfc, 0xf8, 0x00, 0xf8, 0xfc, 0xf8, 0x00,
    0xf8, 0xfc, 0xf8, 0x00, 0xf8, 0xfc, 0xf8, 0x00, 0xf8, 0xfc, 0xf8, 0x00,
    0xf8, 0xfc, 0xf8, 0x00, 0xf8, 0xfc, 0xf8, 0x00, 0xf8, 0xfc, 0xf8, 0x00,
    0xf8, 0xfc, 0xf8, 0x00, 0xf8, 0xfc, 0xf8, 0x00, 0xf8, 0xfc, 0xf8, 0x00,
    0xf8, 0xfc, 0xf8, 0x00, 0xf8, 0xfc, 0xf8, 0x00, 0xf8, 0xfc, 0xf8, 0x00,
    0xf8, 0xfc, 0xf8, 0x00, 0xf8, 0xfc, 0xf8, 0x00, 0xf8, 0xfc, 0xf8, 0x00,
    0xf8, 0xfc, 0xf8, 0x00, 0xf8, 0xfc, 0xf8, 0x00, 0xf8, 0xfc, 0xf8, 0x00,
    0xf8, 0xfc, 0xf8, 0x00, 0xf8, 0xfc, 0xf8, 0x00, 0xf8, 0xfc, 0xf8, 0x00,
    0xf8, 0xfc, 0xf8, 0x00, 0xf8, 0xfc, 0xf8, 0x00, 0xf8, 0xfc, 0xf8, 0x00,
    0xf8, 0xfc, 0xf8, 0x00, 0xf8, 0xfc, 0xf8, 0x00, 0xf8, 0xfc, 0xf8, 0x00,
    0xf8, 0xfc, 0xf8, 0x00, 0xd0, 0x94, 0x68, 0x20, 0xd0, 0x94, 0x68, 0xbe,
    0xd0, 0x98, 0x68, 0xff, 0xd8, 0x98, 0x70, 0xff, 0xd8, 0x9c, 0x70, 0xff,
    0xd8, 0x9c, 0x70, 0xff, 0xd8, 0x9c, 0x70, 0xff, 0xd8, 0xa0, 0x70, 0xff,
    0xd8, 0xa0, 0x70, 0xff, 0xe0, 0xa4, 0x78, 0xff, 0xe0, 0xa4, 0x78, 0xff,
    0xd8, 0xa8, 0x78, 0xff, 0xe0, 0xa8, 0x78, 0xcf, 0xe0, 0xa8, 0x78, 0x71,
    0xe0, 0xac, 0x80, 0x20, 0xf8, 0xfc, 0xf8, 0x00, 0xf8, 0xfc, 0xf8, 0x00,
    0xf8, 0xfc, 0xf8, 0x00, 0xf8, 0xfc, 0xf8, 0x00, 0xf8, 0xfc, 0xf8, 0x00,
    0xf8, 0xfc, 0xf8, 0x00, 0xf8, 0xfc, 0xf8, 0x00, 0xf8, 0xfc, 0xf8, 0x00,
    0xf8, 0xfc, 0xf8, 0x00, 0xf8, 0xfc, 0xf8, 0x00, 0xf8, 0xfc, 0xf8, 0x00,
    0xf8, 0xfc, 0xf8, 0x00, 0xf8, 0xfc, 0xf8, 0x00, 0xf8, 0xfc, 0xf8, 0x00,
    0xf8, 0xfc, 0xf8, 0x00, 0xf8, 0xfc, 0xf8, 0x00, 0xf8, 0xfc, 0xf8, 0x00,
    0xf8, 0xfc, 0xf8, 0x00, 0xf8, 0xfc, 0xf8, 0x00, 0xf8, 0xfc, 0xf8, 0x00,
    0xf8, 0xfc, 0xf8, 0x00, 0xf8, 0xfc, 0xf8, 0x00, 0xf8, 0xfc, 0xf8, 0x00,
    0xf8, 0xfc, 0xf8, 0x00, 0xf8, 0xfc, 0xf8, 0x00, 0xf8, 0xfc, 0xf8, 0x00,
    0xf8, 0xfc, 0xf8, 0x00, 0xf8, 0xfc, 0xf8, 0x00, 0xf8, 0xfc, 0xf8, 0x00,
    0xf8, 0xfc, 0xf8, 0x00, 0xf8, 0xfc, 0xf8, 0x00, 0xf8, 0xfc, 0xf8, 0x00,
    0xf8, 0xfc, 0xf8, 0x00, 0xf8, 0xfc, 0xf8, 0x00, 0xf8, 0xfc, 0xf8, 0x00,
    0xf8, 0xd8, 0xa8, 0x51, 0xf8, 0xd8, 0xa8, 0xa2, 0xf8, 0xd8, 0xa8, 0xff,
    0xf8, 0xd8, 0xa8, 0xff, 0xf8, 0xd8, 0xa8, 0xff, 0xf8, 0xdc, 0xa8, 0xff,
    0xf8, 0xd8, 0xa8, 0xff, 0xf8, 0xdc, 0xb0, 0xff, 0xf8, 0xdc, 0xa8, 0xff,
    0xf8, 0xdc, 0xb0, 0xff, 0xf8, 0xdc, 0xb0, 0xff, 0xf8, 0xdc, 0xa8, 0xff,
    0xf8, 0xdc, 0xb0, 0xdf, 0xf8, 0xe0, 0xb0, 0x61, 0xf8, 0xfc, 0xf8, 0x00,
    0xf8, 0xfc, 0xf8, 0x00, 0xf8, 0xfc, 0xf8, 0x00, 0xf8, 0xfc, 0xf8, 0x00,
    0xf8, 0xfc, 0xf8, 0x00, 0xf8, 0xfc, 0xf8, 0x00, 0xf8, 0xfc, 0xf8, 0x00,
    0xf8, 0xfc, 0xf8, 0x00, 0xf8, 0xfc, 0xf8, 0x00, 0xf8, 0xfc, 0xf8, 0x00,
    0xf8, 0xfc, 0xf8, 0x00, 0xf8, 0xfc, 0xf8, 0x00, 0xf8, 0xfc, 0xf8, 0x00,
    0xf8, 0xfc, 0xf8, 0x00, 0xf8, 0xfc, 0xf8, 0x00, 0xf8, 0xfc, 0xf8, 0x00,
    0xf8, 0xfc, 0xf8, 0x00, 0xf8, 0xfc, 0xf8, 0x00, 0xf8, 0xfc, 0xf8, 0x00,
    0xf8, 0xfc, 0xf8, 0x00, 0xf8, 0xfc, 0xf8, 0x00, 0xf8, 0xfc, 0xf8, 0x00,
    0xf8, 0xfc, 0xf8, 0x00, 0xf8, 0xfc, 0xf8, 0x00, 0xf8, 0xfc, 0xf8, 0x00,
    0xf8, 0xfc, 0xf8, 0x00, 0xf8, 0xfc, 0xf8, 0x00, 0xf8, 0xfc, 0xf8, 0x00,
    0xf8, 0xfc, 0xf8, 0x00, 0xf8, 0xfc, 0xf8, 0x00, 0xf8, 0xfc, 0xf8, 0x00,
    0xf8, 0xfc, 0xf8, 0x00, 0xf8, 0xfc, 0xf8, 0x00, 0xf8, 0xfc, 0xf8, 0x00,
    0xf8, 0xfc, 0xf8, 0x00, 0xf8, 0xfc, 0xf8, 0x00, 0xf8, 0xfc, 0xf8, 0x00,
    0xf8, 0xfc, 0xf8, 0x00, 0xf8, 0xfc, 0xf8, 0x00, 0xf8, 0xfc, 0xf8, 0x00,
    0xf8, 0xfc, 0xf8, 0x00, 0xf8, 0xfc, 0xf8, 0x00, 0xf8, 0xfc, 0xf8, 0x00,
    0xf8, 0xfc, 0xf8, 0x00, 0xf8, 0xfc, 0xf8, 0x00, 0xf8, 0xfc, 0xf8, 0x00,
    0xf8, 0xfc, 0xf8, 0x00, 0xf8, 0xfc, 0xf8, 0x00, 0xf8, 0xfc, 0xf8, 0x00,
    0xf8, 0xfc, 0xf8, 0x00, 0xf8, 0xfc, 0xf8, 0x00, 0xf8, 0xfc, 0xf8, 0x00,
    0xf8, 0xfc, 0xf8, 0x00, 0xf8, 0xfc, 0xf8, 0x00, 0xf8, 0xfc, 0xf8, 0x00,
    0xf8, 0xfc, 0xf8, 0x00, 0xf8, 0xfc, 0xf8, 0x00, 0xf8, 0xfc, 0xf8, 0x00,
    0xf8, 0xfc, 0xf8, 0x00, 0xf8, 0xfc, 0xf8, 0x00, 0xd0, 0x90, 0x68, 0x10,
    0xd0, 0x90, 0x68, 0x82, 0xd0, 0x94, 0x68, 0xff, 0xd0, 0x98, 0x68, 0xff,
    0xd8, 0x98, 0x70, 0xff, 0xd8, 0x98, 0x70, 0xff, 0xd0, 0x9c, 0x70, 0xff,
    0xd8, 0x9c, 0x70, 0xff, 0xd8, 0xa0, 0x70, 0xff, 0xd8, 0xa0, 0x78, 0xff,
    0xd8, 0xa4, 0x78, 0xff, 0xe0, 0xa4, 0x78, 0xef, 0xd8, 0xa4, 0x78, 0x8e,
    0xe0, 0xa8, 0x78, 0x20, 0xf8, 0xfc, 0xf8, 0x00, 0xf8, 0xfc, 0xf8, 0x00,
    0xf8, 0xfc, 0xf8, 0x00, 0xf8, 0xfc, 0xf8, 0x00, 0xf8, 0xfc, 0xf8, 0x00,
    0xf8, 0xfc, 0xf8, 0x00, 0xf8, 0xfc, 0xf8, 0x00, 0xf8, 0xfc, 0xf8, 0x00,
    0xf8, 0xfc, 0xf8, 0x00, 0xf8, 0xfc, 0xf8, 0x00, 0xf8, 0xfc, 0xf8, 0x00,
    0xf8, 0xfc, 0xf8, 0x00, 0xf8, 0xfc, 0xf8, 0x00, 0xf8, 0xfc, 0xf8, 0x00,
    0xf8, 0xfc, 0xf8, 0x00, 0xf8, 0xfc, 0xf8, 0x00, 0xf8, 0xfc, 0xf8, 0x00,
    0xf8, 0xfc, 0xf8, 0x00, 0xf8, 0xfc, 0xf8, 0x00, 0xf8, 0xfc, 0xf8, 0x00,
    0xf8, 0xfc, 0xf8, 0x00, 0xf8, 0xfc, 0xf8, 0x00, 0xf8, 0xfc, 0xf8, 0x00,
    0xf8, 0xfc, 0xf8, 0x00, 0xf8, 0xfc, 0xf8, 0x00, 0xf8, 0xfc, 0xf8, 0x00,
    0xf8, 0xfc, 0xf8, 0x00, 0xf8, 0xfc, 0xf8, 0x00, 0xf8, 0xfc, 0xf8, 0x00,
    0xf8, 0xfc, 0xf8, 0x00, 0xf8, 0xfc, 0xf8, 0x00, 0xf8, 0xfc, 0xf8, 0x00,
    0xf8, 0xfc, 0xf8, 0x00, 0xf8, 0xfc, 0xf8, 0x00, 0xf8, 0xfc, 0xf8, 0x00,
    0xf8, 0xfc, 0xf8, 0x00, 0xf8, 0xfc, 0xf8, 0x00, 0xf8, 0xfc, 0xf8, 0x00,
    0xf8, 0xfc, 0xf8, 0x00, 0xf8, 0xfc, 0xf8, 0x00, 0xf8, 0xd8, 0xa8, 0x10,
    0xf8, 0xd8, 0xa8, 0x61, 0xf8, 0xd8, 0xa8, 0xcf, 0xf8, 0xdc, 0xa8, 0xff,
    0xf8, 0xd8, 0xb0, 0xff, 0xf8, 0xdc, 0xa8, 0xff, 0xf8, 0xdc, 0xb0, 0xff,
    0xf8, 0xdc, 0xb0, 0xff, 0xf8, 0xdc, 0xb0, 0xff, 0xf8, 0xdc, 0xb0, 0xff,
    0xf8, 0xe0, 0xb0, 0xff, 0xf8, 0xdc, 0xb0, 0xff, 0xf8, 0xe0, 0xb0, 0xbe,
    0xf8, 0xe0, 0xb0, 0x30, 0xf8, 0xfc, 0xf8, 0x00, 0xf8, 0xfc, 0xf8, 0x00,
    0xf8, 0xfc, 0xf8, 0x00, 0xf8, 0xfc, 0xf8, 0x00, 0xf8, 0xfc, 0xf8, 0x00,
    0xf8, 0xfc, 0xf8, 0x00, 0xf8, 0xfc, 0xf8, 0x00, 0xf8, 0xfc, 0xf8, 0x00,
    0xf8, 0xfc, 0xf8, 0x00, 0xf8, 0xfc, 0xf8, 0x00, 0xf8, 0xfc, 0xf8, 0x00,
    0xf8, 0xfc, 0xf8, 0x00, 0xf8, 0xfc, 0xf8, 0x00, 0xf8, 0xfc, 0xf8, 0x00,
    0xf8, 0xfc, 0xf8, 0x00, 0xf8, 0xfc, 0xf8, 0x00, 0xf8, 0xfc, 0xf8, 0x00,
    0xf8, 0xfc, 0xf8, 0x00, 0xf8, 0xfc, 0xf8, 0x00, 0xf8, 0xfc, 0xf8, 0x00,
    0xf8, 0xfc, 0xf8, 0x00, 0xf8, 0xfc, 0xf8, 0x00, 0xf8, 0xfc, 0xf8, 0x00,
    0xf8, 0xfc, 0xf8, 0x00, 0xf8, 0xfc, 0xf8, 0x00, 0xf8, 0xfc, 0xf8, 0x00,
    0xf8, 0xfc, 0xf8, 0x00, 0xf8, 0xfc, 0xf8, 0x00, 0xf8, 0xfc, 0xf8, 0x00,
    0xf8, 0xfc, 0xf8, 0x00, 0xf8, 0xfc, 0xf8, 0x00, 0xf8, 0xfc, 0xf8, 0x00,
    0xf8, 0xfc, 0xf8, 0x00, 0xf8, 0xfc, 0xf8, 0x00, 0xf8, 0xfc, 0xf8, 0x00,
    0xf8, 0xfc, 0xf8, 0x00, 0xf8, 0xfc, 0xf8, 0x00, 0xf8, 0xfc, 0xf8, 0x00,
    0xf8, 0xfc, 0xf8, 0x00, 0xf8, 0xfc, 0xf8, 0x00, 0xf8, 0xfc, 0xf8, 0x00,
    0xf8, 0xfc, 0xf8, 0x00, 0xf8, 0xfc, 0xf8, 0x00, 0xf8, 0xfc, 0xf8, 0x00,
    0xf8, 0xfc, 0xf8, 0x00, 0xf8, 0xfc, 0xf8, 0x00, 0xf8, 0xfc, 0xf8, 0x00,
    0xf8, 0xfc, 0xf8, 0x00, 0xf8, 0xfc, 0xf8, 0x00, 0xf8, 0xfc, 0xf8, 0x00,
    0xf8, 0xfc, 0xf8, 0x00, 0xf8, 0xfc, 0xf8, 0x00, 0xf8, 0xfc, 0xf8, 0x00,
    0xf8, 0xfc, 0xf8, 0x00, 0xf8, 0xfc, 0xf8, 0x00, 0xf8, 0xfc, 0xf8, 0x00,
    0xf8, 0xfc, 0xf8, 0x00, 0xd0, 0x90, 0x68, 0x41, 0xd0, 0x90, 0x68, 0xdf,
    0xd0, 0x94, 0x68, 0xff, 0xd0, 0x94, 0x68, 0xff, 0xd0, 0x98, 0x68, 0xff,
    0xd8, 0x98, 0x70, 0xff, 0xd8, 0x9c, 0x70, 0xff, 0xd8, 0x9c, 0x70, 0xff,
    0xd8, 0xa0, 0x70, 0xff, 0xd8, 0xa0, 0x70, 0xff, 0xd8, 0xa0, 0x78, 0xdf,
    0xe0, 0xa4, 0x78, 0x61, 0xe0, 0xa4, 0x78, 0x10, 0xf8, 0xfc, 0xf8, 0x00,
    0xf8, 0xfc, 0xf8, 0x00, 0xf8, 0xfc, 0xf8, 0x00, 0xf8, 0xfc, 0xf8, 0x00,
    0xf8, 0xfc, 0xf8, 0x00, 0xf8, 0xfc, 0xf8, 0x00, 0xf8, 0xfc, 0xf8, 0x00,
    0xf8, 0xfc, 0xf8, 0x00, 0xf8, 0xfc, 0xf8, 0x00, 0xf8, 0xfc, 0xf8, 0x00,
    0xf8, 0xfc, 0xf8, 0x00, 0xf8, 0xfc, 0xf8, 0x00, 0xf8, 0xfc, 0xf8, 0x00,
    0xf8, 0xfc, 0xf8, 0x00, 0xf8, 0xfc, 0xf8, 0x00, 0xf8, 0xfc, 0xf8, 0x00,
    0xf8, 0xfc, 0xf8, 0x00, 0xf8, 0xfc, 0xf8, 0x00, 0xf8, 0xfc, 0xf8, 0x00,
    0xf8, 0xfc, 0xf8, 0x00, 0xf8, 0xfc, 0xf8, 0x00, 0xf8, 0xfc, 0xf8, 0x00,
    0xf8, 0xfc, 0xf8, 0x00, 0xf8, 0xfc, 0xf8, 0x00, 0xf8, 0xfc, 0xf8, 0x00,
    0xf8, 0xfc, 0xf8, 0x00, 0xf8, 0xfc, 0xf8, 0x00, 0xf8, 0xfc, 0xf8, 0x00,
    0xf8, 0xfc, 0xf8, 0x00, 0xf8, 0xfc, 0xf8, 0x00, 0xf8, 0xfc, 0xf8, 0x00,
    0xf8, 0xfc, 0xf8, 0x00, 0xf8, 0xfc, 0xf8, 0x00, 0xf8, 0xfc, 0xf8, 0x00,
    0xf8, 0xfc, 0xf8, 0x00, 0xf8, 0xfc, 0xf8, 0x00, 0xf8, 0xfc, 0xf8, 0x00,
    0xf8, 0xfc, 0xf8, 0x00, 0xf8, 0xfc, 0xf8, 0x00, 0xf8, 0xfc, 0xf8, 0x00,
    0xf8, 0xfc, 0xf8, 0x00, 0xf8, 0xfc, 0xf8, 0x00, 0xf8, 0xfc, 0xf8, 0x00,
    0xf8, 0xfc, 0xf8, 0x00, 0xf8, 0xfc, 0xf8, 0x00, 0xf8, 0xd8, 0xa8, 0x41,
    0xf8, 0xdc, 0xb0, 0xbe, 0xf8, 0xdc, 0xa8, 0xff, 0xf8, 0xdc, 0xb0, 0xff,
    0xf8, 0xdc, 0xb0, 0xff, 0xf8, 0xdc, 0xb0, 0xff, 0xf8, 0xdc, 0xb0, 0xff,
    0xf8, 0xe0, 0xb0, 0xff, 0xf8, 0xe0, 0xb0, 0xff, 0xf8, 0xe0, 0xb0, 0xff,
    0xf8, 0xe0, 0xb0, 0xff, 0xf8, 0xe0, 0xb0, 0x82, 0xf8, 0xfc, 0xf8, 0x00,
    0xf8, 0xfc, 0xf8, 0x00, 0xf8, 0xfc, 0xf8, 0x00, 0xf8, 0xfc, 0xf8, 0x00,
    0xf8, 0xfc, 0xf8, 0x00, 0xf8, 0xfc, 0xf8, 0x00, 0xf8, 0xfc, 0xf8, 0x00,
    0xf8, 0xfc, 0xf8, 0x00, 0xf8, 0xfc, 0xf8, 0x00, 0xf8, 0xfc, 0xf8, 0x00,
    0xf8, 0xfc, 0xf8, 0x00, 0xf8, 0xfc, 0xf8, 0x00, 0xf8, 0xfc, 0xf8, 0x00,
    0xf8, 0xfc, 0xf8, 0x00, 0xf8, 0xfc, 0xf8, 0x00, 0xf8, 0xfc, 0xf8, 0x00,
    0xf8, 0xfc, 0xf8, 0x00, 0xf8, 0xfc, 0xf8, 0x00, 0xf8, 0xfc, 0xf8, 0x00,
    0xf8, 0xfc, 0xf8, 0x00, 0xf8, 0xfc, 0xf8, 0x00, 0xf8, 0xfc, 0xf8, 0x00,
    0xf8, 0xfc, 0xf8, 0x00, 0xf8, 0xfc, 0xf8, 0x00, 0xf8, 0xfc, 0xf8, 0x00,
    0xf8, 0xfc, 0xf8, 0x00, 0xf8, 0xfc, 0xf8, 0x00, 0xf8, 0xfc, 0xf8, 0x00,
    0xf8, 0xfc, 0xf8, 0x00, 0xf8, 0xfc, 0xf8, 0x00, 0xf8, 0xfc, 0xf8, 0x00,
    0xf8, 0xfc, 0xf8, 0x00, 0xf8, 0xfc, 0xf8, 0x00, 0xf8, 0xfc, 0xf8, 0x00,
    0xf8, 0xfc, 0xf8, 0x00, 0xf8, 0xfc, 0xf8, 0x00, 0xf8, 0xfc, 0xf8, 0x00,
    0xf8, 0xfc, 0xf8, 0x00, 0xf8, 0xfc, 0xf8, 0x00, 0xf8, 0xfc, 0xf8, 0x00,
    0xf8, 0xfc, 0xf8, 0x00, 0xf8, 0xfc, 0xf8, 0x00, 0xf8, 0xfc, 0xf8, 0x00,
    0xf8, 0xfc, 0xf8, 0x00, 0xf8, 0xfc, 0xf8, 0x00, 0xf8, 0xfc, 0xf8, 0x00,
    0xf8, 0xfc, 0xf8, 0x00, 0xf8, 0xfc, 0xf8, 0x00, 0xf8, 0xfc, 0xf8, 0x00,
    0xf8, 0xfc, 0xf8, 0x00, 0xf8, 0xfc, 0xf8, 0x00, 0xf8, 0xfc, 0xf8, 0x00,
    0xf8, 0xfc, 0xf8, 0x00, 0xf8, 0xfc, 0xf8, 0x00, 0xc8, 0x8c, 0x60, 0x10,
    0xd0, 0x90, 0x68, 0x8e, 0xd0, 0x90, 0x68, 0xff, 0xd0, 0x94, 0x68, 0xff,
    0xd0, 0x94, 0x68, 0xff, 0xd0, 0x98, 0x68, 0xff, 0xd8, 0x98, 0x70, 0xff,
    0xd8, 0x98, 0x70, 0xff, 0xd0, 0x9c, 0x70, 0xff, 0xd8, 0x9c, 0x70, 0xff,
    0xd8, 0xa0, 0x70, 0xdf, 0xd8, 0xa0, 0x70, 0x61, 0xf8, 0xfc, 0xf8, 0x00,
    0xf8, 0xfc, 0xf8, 0x00, 0xf8, 0xfc, 0xf8, 0x00, 0xf8, 0xfc, 0xf8, 0x00,
    0xf8, 0xfc, 0xf8, 0x00, 0xf8, 0xfc, 0xf8, 0x00, 0xf8, 0xfc, 0xf8, 0x00,
    0xf8, 0xfc, 0xf8, 0x00, 0xf8, 0xfc, 0xf8, 0x00, 0xf8, 0xfc, 0xf8, 0x00,
    0xf8, 0xfc, 0xf8, 0x00, 0xf8, 0xfc, 0xf8, 0x00, 0xf8, 0xfc, 0xf8, 0x00,
    0xf8, 0xfc, 0xf8, 0x00, 0xf8, 0xfc, 0xf8, 0x00, 0xf8, 0xfc, 0xf8, 0x00,
    0xf8, 0xfc, 0xf8, 0x00, 0xf8, 0xfc, 0xf8, 0x00, 0xf8, 0xfc, 0xf8, 0x00,
    0xf8, 0xfc, 0xf8, 0x00, 0xf8, 0xfc, 0xf8, 0x00, 0xf8, 0xfc, 0xf8, 0x00,
    0xf8, 0xfc, 0xf8, 0x00, 0xf8, 0xfc, 0xf8, 0x00, 0xf8, 0xfc, 0xf8, 0x00,
    0xf8, 0xfc, 0xf8, 0x00, 0xf8, 0xfc, 0xf8, 0x00, 0xf8, 0xfc, 0xf8, 0x00,
    0xf8, 0xfc, 0xf8, 0x00, 0xf8, 0xfc, 0xf8, 0x00, 0xf8, 0xfc, 0xf8, 0x00,
    0xf8, 0xfc, 0xf8, 0x00, 0xf8, 0xfc, 0xf8, 0x00, 0xf8, 0xfc, 0xf8, 0x00,
    0xf8, 0xfc, 0xf8, 0x00, 0xf8, 0xfc, 0xf8, 0x00, 0xf8, 0xfc, 0xf8, 0x00,
    0xf8, 0xfc, 0xf8, 0x00, 0xf8, 0xfc, 0xf8, 0x00, 0xf8, 0xfc, 0xf8, 0x00,
    0xf8, 0xfc, 0xf8, 0x00, 0xf8, 0xfc, 0xf8, 0x00, 0xf8, 0xfc, 0xf8, 0x00,
    0xf8, 0xfc, 0xf8, 0x00, 0xf8, 0xfc, 0xf8, 0x00, 0xf8, 0xfc, 0xf8, 0x00,
    0xf8, 0xfc, 0xf8, 0x00, 0xf8, 0xfc, 0xf8, 0x00, 0xf8, 0xfc, 0xf8, 0x00,
    0xf8, 0xfc, 0xf8, 0x00, 0xf8, 0xdc, 0xb0, 0x30, 0xf8, 0xdc, 0xa8, 0xbe,
    0xf8, 0xdc, 0xb0, 0xff, 0xf8, 0xdc, 0xb0, 0xff, 0xf8, 0xdc, 0xb0, 0xff,
    0xf8, 0xdc, 0xb0, 0xff, 0xf8, 0xe0, 0xb0, 0xff, 0xf8, 0xe0, 0xb0, 0xff,
    0xf8, 0xe0, 0xb0, 0xff, 0xf8, 0xe0, 0xb8, 0xff, 0xf8, 0xe0, 0xb8, 0xcf,
    0xf8, 0xe0, 0xb8, 0x30, 0xf8, 0xfc, 0xf8, 0x00, 0xf8, 0xfc, 0xf8, 0x00,
    0xf8, 0xfc, 0xf8, 0x00, 0xf8, 0xfc, 0xf8, 0x00, 0xf8, 0xfc, 0xf8, 0x00,
    0xf8, 0xfc, 0xf8, 0x00, 0xf8, 0xfc, 0xf8, 0x00, 0xf8, 0xfc, 0xf8, 0x00,
    0xf8, 0xfc, 0xf8, 0x00, 0xf8, 0xfc, 0xf8, 0x00, 0xf8, 0xfc, 0xf8, 0x00,
    0xf8, 0xfc, 0xf8, 0x00, 0xf8, 0xfc, 0xf8, 0x00, 0xf8, 0xfc, 0xf8, 0x00,
    0xf8, 0xfc, 0xf8, 0x00, 0xf8, 0xfc, 0xf8, 0x00, 0xf8, 0xfc, 0xf8, 0x00,
    0xf8, 0xfc, 0xf8, 0x00, 0xf8, 0xfc, 0xf8, 0x00, 0xf8, 0xfc, 0xf8, 0x00,
    0xf8, 0xfc, 0xf8, 0x00, 0xf8, 0xfc, 0xf8, 0x00, 0xf8, 0xfc, 0xf8, 0x00,
    0xf8, 0xfc, 0xf8, 0x00, 0xf8, 0xfc, 0xf8, 0x00, 0xf8, 0xfc, 0xf8, 0x00,
    0xf8, 0xfc, 0xf8, 0x00, 0xf8, 0xfc, 0xf8, 0x00, 0xf8, 0xfc, 0xf8, 0x00,
    0xf8, 0xfc, 0xf8, 0x00, 0xf8, 0xfc, 0xf8, 0x00, 0xf8, 0xfc, 0xf8, 0x00,
    0xf8, 0xfc, 0xf8, 0x00, 0xf8, 0xfc, 0xf8, 0x00, 0xf8, 0xfc, 0xf8, 0x00,
    0xf8, 0xfc, 0xf8, 0x00, 0xf8, 0xfc, 0xf8, 0x00, 0xf8, 0xfc, 0xf8, 0x00,
    0xf8, 0xfc, 0xf8, 0x00, 0xf8, 0xfc, 0xf8, 0x00, 0xf8, 0xfc, 0xf8, 0x00,
    0xf8, 0xfc, 0xf8, 0x00, 0xf8, 0xfc, 0xf8, 0x00, 0xf8, 0xfc, 0xf8, 0x00,
    0xf8, 0xfc, 0xf8, 0x00, 0xf8, 0xfc, 0xf8, 0x00, 0xf8, 0xfc, 0xf8, 0x00,
    0xf8, 0xfc, 0xf8, 0x00, 0xf8, 0xfc, 0xf8, 0x00, 0xf8, 0xfc, 0xf8, 0x00,
    0xf8, 0xfc, 0xf8, 0x00, 0xc8, 0x8c, 0x60, 0x30, 0xd0, 0x8c, 0x60, 0xcf,
    0xd0, 0x90, 0x68, 0xff, 0xd0, 0x94, 0x68, 0xff, 0xd0, 0x94, 0x68, 0xff,
    0xd0, 0x94, 0x68, 0xff, 0xd0, 0x98, 0x70, 0xff, 0xd8, 0x98, 0x70, 0xff,
    0xd8, 0x9c, 0x70, 0xff, 0xd8, 0x9c, 0x70, 0xef, 0xd8, 0xa0, 0x70, 0x71,
    0xf8, 0xfc, 0xf8, 0x00, 0xf8, 0xfc, 0xf8, 0x00, 0xf8, 0xfc, 0xf8, 0x00,
    0xf8, 0xfc, 0xf8, 0x00, 0xf8, 0xfc, 0xf8, 0x00, 0xf8, 0xfc, 0xf8, 0x00,
    0xf8, 0xfc, 0xf8, 0x00, 0xf8, 0xfc, 0xf8, 0x00, 0xf8, 0xfc, 0xf8, 0x00,
    0xf8, 0xfc, 0xf8, 0x00, 0xf8, 0xfc, 0xf8, 0x00, 0xf8, 0xfc, 0xf8, 0x00,
    0xf8, 0xfc, 0xf8, 0x00, 0xf8, 0xfc, 0xf8, 0x00, 0xf8, 0xfc, 0xf8, 0x00,
    0xf8, 0xfc, 0xf8, 0x00, 0xf8, 0xfc, 0xf8, 0x00, 0xf8, 0xfc, 0xf8, 0x00,
    0xf8, 0xfc, 0xf8, 0x00, 0xf8, 0xfc, 0xf8, 0x00, 0xf8, 0xfc, 0xf8, 0x00,
    0xf8, 0xfc, 0xf8, 0x00, 0xf8, 0xfc, 0xf8, 0x00, 0xf8, 0xfc, 0xf8, 0x00,
    0xf8, 0xfc, 0xf8, 0x00, 0xf8, 0xfc, 0xf8, 0x00, 0xf8, 0xfc, 0xf8, 0x00,
    0xf8, 0xfc, 0xf8, 0x00, 0xf8, 0xfc, 0xf8, 0x00, 0xf8, 0xfc, 0xf8, 0x00,
    0xf8, 0xfc, 0xf8, 0x00, 0xf8, 0xfc, 0xf8, 0x00, 0xf8, 0xfc, 0xf8, 0x00,
    0xf8, 0xfc, 0xf8, 0x00, 0xf8, 0xfc, 0xf8, 0x00, 0xf8, 0xfc, 0xf8, 0x00,
    0xf8, 0xfc, 0xf8, 0x00, 0xf8, 0xfc, 0xf8, 0x00, 0xf8, 0xfc, 0xf8, 0x00,
    0xf8, 0xfc, 0xf8, 0x00, 0xf8, 0xfc, 0xf8, 0x00, 0xf8, 0xfc, 0xf8, 0x00,
    0xf8, 0xfc, 0xf8, 0x00, 0xf8, 0xfc, 0xf8, 0x00, 0xf8, 0xfc, 0xf8, 0x00,
    0xf8, 0xfc, 0xf8, 0x00, 0xf8, 0xfc, 0xf8, 0x00, 0xf8, 0xfc, 0xf8, 0x00,
    0xf8, 0xfc, 0xf8, 0x00, 0xf8, 0xfc, 0xf8, 0x00, 0xf8, 0xfc, 0xf8, 0x00,
    0xf8, 0xfc, 0xf8, 0x00, 0xf8, 0xfc, 0xf8, 0x00, 0xf8, 0xfc, 0xf8, 0x00,
    0xf8, 0xdc, 0xb0, 0x41, 0xf8, 0xe0, 0xb0, 0xbe, 0xf8, 0xe0, 0xb0, 0xff,
    0xf8, 0xe0, 0xb0, 0xff, 0xf8, 0xe0, 0xb0, 0xff, 0xf8, 0xe0, 0xb0, 0xff,
    0xf8, 0xe0, 0xb8, 0xff, 0xf8, 0xe0, 0xb0, 0xff, 0xf8, 0xe0, 0xb0, 0xff,
    0xf8, 0xe4, 0xb8, 0xff, 0xf8, 0xe0, 0xb8, 0x71, 0xf8, 0xfc, 0xf8, 0x00,
    0xf8, 0xfc, 0xf8, 0x00, 0xf8, 0xfc, 0xf8, 0x00, 0xf8, 0xfc, 0xf8, 0x00,
    0xf8, 0xfc, 0xf8, 0x00, 0xf8, 0xfc, 0xf8, 0x00, 0xf8, 0xfc, 0xf8, 0x00,
    0xf8, 0xfc, 0xf8, 0x00, 0xf8, 0xfc, 0xf8, 0x00, 0xf8, 0xfc, 0xf8, 0x00,
    0xf8, 0xfc, 0xf8, 0x00, 0xf8, 0xfc, 0xf8, 0x00, 0xf8, 0xfc, 0xf8, 0x00,
    0xf8, 0xfc, 0xf8, 0x00, 0xf8, 0xfc, 0xf8, 0x00, 0xf8, 0xfc, 0xf8, 0x00,
    0xf8, 0xfc, 0xf8, 0x00, 0xf8, 0xfc, 0xf8, 0x00, 0xf8, 0xfc, 0xf8, 0x00,
    0xf8, 0xfc, 0xf8, 0x00, 0xf8, 0xfc, 0xf8, 0x00, 0xf8, 0xfc, 0xf8, 0x00,
    0xf8, 0xfc, 0xf8, 0x00, 0xf8, 0xfc, 0xf8, 0x00, 0xf8, 0xfc, 0xf8, 0x00,
    0xf8, 0xfc, 0xf8, 0x00, 0xf8, 0xfc, 0xf8, 0x00, 0xf8, 0xfc, 0xf8, 0x00,
    0xf8, 0xfc, 0xf8, 0x00, 0xf8, 0xfc, 0xf8, 0x00, 0xf8, 0xfc, 0xf8, 0x00,
    0xf8, 0xfc, 0xf8, 0x00, 0xf8, 0xfc, 0xf8, 0x00, 0xf8, 0xfc, 0xf8, 0x00,
    0xf8, 0xfc, 0xf8, 0x00, 0xf8, 0xfc, 0xf8, 0x00, 0xf8, 0xfc, 0xf8, 0x00,
    0xf8, 0xfc, 0xf8, 0x00, 0xf8, 0xfc, 0xf8, 0x00, 0xf8, 0xfc, 0xf8, 0x00,
    0xf8, 0xfc, 0xf8, 0x00, 0xf8, 0xfc, 0xf8, 0x00, 0xf8, 0xfc, 0xf8, 0x00,
    0xf8, 0xfc, 0xf8, 0x00, 0xf8, 0xfc, 0xf8, 0x00, 0xf8, 0xfc, 0xf8, 0x00,
    0xf8, 0xfc, 0xf8, 0x00, 0xf8, 0xfc, 0xf8, 0x00, 0xf8, 0xfc, 0xf8, 0x00,
    0xc8, 0x8c, 0x60, 0x61, 0xd0, 0x90, 0x60, 0xef, 0xd0, 0x90, 0x68, 0xff,
    0xd0, 0x90, 0x68, 0xff, 0xd0, 0x94, 0x68, 0xff, 0xd0, 0x94, 0x68, 0xff,
    0xd0, 0x98, 0x68, 0xff, 0xd8, 0x98, 0x70, 0xff, 0xd8, 0x9c, 0x68, 0xff,
    0xd8, 0x9c, 0x70, 0x8e, 0xd8, 0x9c, 0x70, 0x10, 0xf8, 0xfc, 0xf8, 0x00,
    0xf8, 0xfc, 0xf8, 0x00, 0xf8, 0xfc, 0xf8, 0x00, 0xf8, 0xfc, 0xf8, 0x00,
    0xf8, 0xfc, 0xf8, 0x00, 0xf8, 0xfc, 0xf8, 0x00, 0xf8, 0xfc, 0xf8, 0x00,
    0xf8, 0xfc, 0xf8, 0x00, 0xf8, 0xfc, 0xf8, 0x00, 0xf8, 0xfc, 0xf8, 0x00,
    0xf8, 0xfc, 0xf8, 0x00, 0xf8, 0xfc, 0xf8, 0x00, 0xf8, 0xfc, 0xf8, 0x00,
    0xf8, 0xfc, 0xf8, 0x00, 0xf8, 0xfc, 0xf8, 0x00, 0xf8, 0xfc, 0xf8, 0x00,
    0xf8, 0xfc, 0xf8, 0x00, 0xf8, 0xfc, 0xf8, 0x00, 0xf8, 0xfc, 0xf8, 0x00,
    0xf8, 0xfc, 0xf8, 0x00, 0xf8, 0xfc, 0xf8, 0x00, 0xf8, 0xfc, 0xf8, 0x00,
    0xf8, 0xfc, 0xf8, 0x00, 0xf8, 0xfc, 0xf8, 0x00, 0xf8, 0xfc, 0xf8, 0x00,
    0xf8, 0xfc, 0xf8, 0x00, 0xf8, 0xfc, 0xf8, 0x00, 0xf8, 0xfc, 0xf8, 0x00,
    0xf8, 0xfc, 0xf8, 0x00, 0xf8, 0xfc, 0xf8, 0x00, 0xf8, 0xfc, 0xf8, 0x00,
    0xf8, 0xfc, 0xf8, 0x00, 0xf8, 0xfc, 0xf8, 0x00, 0xf8, 0xfc, 0xf8, 0x00,
    0xf8, 0xfc, 0xf8, 0x00, 0xf8, 0xfc, 0xf8, 0x00, 0xf8, 0xfc, 0xf8, 0x00,
    0xf8, 0xfc, 0xf8, 0x00, 0xf8, 0xfc, 0xf8, 0x00, 0xf8, 0xfc, 0xf8, 0x00,
    0xf8, 0xfc, 0xf8, 0x00, 0xf8, 0xfc, 0xf8, 0x00, 0xf8, 0xfc, 0xf8, 0x00,
    0xf8, 0xfc, 0xf8, 0x00, 0xf8, 0xfc, 0xf8, 0x00, 0xf8, 0xfc, 0xf8, 0x00,
    0xf8, 0xfc, 0xf8, 0x00, 0xf8, 0xfc, 0xf8, 0x00, 0xf8, 0xfc, 0xf8, 0x00,
    0xf8, 0xfc, 0xf8, 0x00, 0xf8, 0xfc, 0xf8, 0x00, 0xf8, 0xfc, 0xf8, 0x00,
    0xf8, 0xfc, 0xf8, 0x00, 0xf8, 0xfc, 0xf8, 0x00, 0xf8, 0xfc, 0xf8, 0x00,
    0xf8, 0xfc, 0xf8, 0x00, 0xf8, 0xfc, 0xf8, 0x00, 0xf8, 0xdc, 0xb0, 0x61,
    0xf8, 0xe0, 0xb0, 0xef, 0xf8, 0xe0, 0xb0, 0xff, 0xf8, 0xe0, 0xb0, 0xff,
    0xf8, 0xe0, 0xb8, 0xff, 0xf8, 0xe0, 0xb0, 0xff, 0xf8, 0xe4, 0xb8, 0xff,
    0xf8, 0xe0, 0xb0, 0xff, 0xf8, 0xe4, 0xb8, 0xff, 0xf8, 0xe4, 0xb8, 0x9e,
    0xf8, 0xe4, 0xb8, 0x10, 0xf8, 0xfc, 0xf8, 0x00, 0xf8, 0xfc, 0xf8, 0x00,
    0xf8, 0xfc, 0xf8, 0x00, 0xf8, 0xfc, 0xf8, 0x00, 0xf8, 0xfc, 0xf8, 0x00,
    0xf8, 0xfc, 0xf8, 0x00, 0xf8, 0xfc, 0xf8, 0x00, 0xf8, 0xfc, 0xf8, 0x00,
    0xf8, 0xfc, 0xf8, 0x00, 0xf8, 0xfc, 0xf8, 0x00, 0xf8, 0xfc, 0xf8, 0x00,
    0xf8, 0xfc, 0xf8, 0x00, 0xf8, 0xfc, 0xf8, 0x00, 0xf8, 0xfc, 0xf8, 0x00,
    0xf8, 0xfc, 0xf8, 0x00, 0xf8, 0xfc, 0xf8, 0x00, 0xf8, 0xfc, 0xf8, 0x00,
    0xf8, 0xfc, 0xf8, 0x00, 0xf8, 0xfc, 0xf8, 0x00, 0xf8, 0xfc, 0xf8, 0x00,
    0xf8, 0xfc, 0xf8, 0x00, 0xf8, 0xfc, 0xf8, 0x00, 0xf8, 0xfc, 0xf8, 0x00,
    0xf8, 0xfc, 0xf8, 0x00, 0xf8, 0xfc, 0xf8, 0x00, 0xf8, 0xfc, 0xf8, 0x00,
    0xf8, 0xfc, 0xf8, 0x00, 0xf8, 0xfc, 0xf8, 0x00, 0xf8, 0xfc, 0xf8, 0x00,
    0xf8, 0xfc, 0xf8, 0x00, 0xf8, 0xfc, 0xf8, 0x00, 0xf8, 0xfc, 0xf8, 0x00,
    0xf8, 0xfc, 0xf8, 0x00, 0xf8, 0xfc, 0xf8, 0x00, 0xf8, 0xfc, 0xf8, 0x00,
    0xf8, 0xfc, 0xf8, 0x00, 0xf8, 0xfc, 0xf8, 0x00, 0xf8, 0xfc, 0xf8, 0x00,
    0xf8, 0xfc, 0xf8, 0x00, 0xf8, 0xfc, 0xf8, 0x00, 0xf8, 0xfc, 0xf8, 0x00,
    0xf8, 0xfc, 0xf8, 0x00, 0xf8, 0xfc, 0xf8, 0x00, 0xf8, 0xfc, 0xf8, 0x00,
    0xf8, 0xfc, 0xf8, 0x00, 0xf8, 0xfc, 0xf8, 0x00, 0xc8, 0x8c, 0x60, 0x9e,
    0xd0, 0x8c, 0x60, 0xff, 0xd0, 0x90, 0x68, 0xff, 0xd0, 0x90, 0x68, 0xff,
    0xd0, 0x90, 0x68, 0xff, 0xd0, 0x94, 0x68, 0xff, 0xd0, 0x98, 0x68, 0xff,
    0xd0, 0x98, 0x68, 0xff, 0xd8, 0x98, 0x70, 0xcf, 0xd8, 0x9c, 0x70, 0x30,
    0xf8, 0xfc, 0xf8, 0x00, 0xf8, 0xfc, 0xf8, 0x00, 0xf8, 0xfc, 0xf8, 0x00,
    0xf8, 0xfc, 0xf8, 0x00, 0xf8, 0xfc, 0xf8, 0x00, 0xf8, 0xfc, 0xf8, 0x00,
    0xf8, 0xfc, 0xf8, 0x00, 0xf8, 0xfc, 0xf8, 0x00, 0xf8, 0xfc, 0xf8, 0x00,
    0xf8, 0xfc, 0xf8, 0x00, 0xf8, 0xfc, 0xf8, 0x00, 0xf8, 0xfc, 0xf8, 0x00,
    0xf8, 0xfc, 0xf8, 0x00, 0xf8, 0xfc, 0xf8, 0x00, 0xf8, 0xfc, 0xf8, 0x00,
    0xf8, 0xfc, 0xf8, 0x00, 0xf8, 0xfc, 0xf8, 0x00, 0xf8, 0xfc, 0xf8, 0x00,
    0xf8, 0xfc, 0xf8, 0x00, 0xf8, 0xfc, 0xf8, 0x00, 0xf8, 0xfc, 0xf8, 0x00,
    0xf8, 0xfc, 0xf8, 0x00, 0xf8, 0xfc, 0xf8, 0x00, 0xf8, 0xfc, 0xf8, 0x00,
    0xf8, 0xfc, 0xf8, 0x00, 0xf8, 0xfc, 0xf8, 0x00, 0xf8, 0xfc, 0xf8, 0x00,
    0xf8, 0xfc, 0xf8, 0x00, 0xf8, 0xfc, 0xf8, 0x00, 0xf8, 0xfc, 0xf8, 0x00,
    0xf8, 0xfc, 0xf8, 0x00, 0xf8, 0xfc, 0xf8, 0x00, 0xf8, 0xfc, 0xf8, 0x00,
    0xf8, 0xfc, 0xf8, 0x00, 0xf8, 0xfc, 0xf8, 0x00, 0xf8, 0xfc, 0xf8, 0x00,
    0xf8, 0xfc, 0xf8, 0x00, 0xf8, 0xfc, 0xf8, 0x00, 0xf8, 0xfc, 0xf8, 0x00,
    0xf8, 0xfc, 0xf8, 0x00, 0xf8, 0xfc, 0xf8, 0x00, 0xf8, 0xfc, 0xf8, 0x00,
    0xf8, 0xfc, 0xf8, 0x00, 0xf8, 0xfc, 0xf8, 0x00, 0xf8, 0xfc, 0xf8, 0x00,
    0xf8, 0xfc, 0xf8, 0x00, 0xf8, 0xfc, 0xf8, 0x00, 0xf8, 0xfc, 0xf8, 0x00,
    0xf8, 0xfc, 0xf8, 0x00, 0xf8, 0xfc, 0xf8, 0x00, 0xf8, 0xfc, 0xf8, 0x00,
    0xf8, 0xfc, 0xf8, 0x00, 0xf8, 0xfc, 0xf8, 0x00, 0xf8, 0xfc, 0xf8, 0x00,
    0xf8, 0xfc, 0xf8, 0x00, 0xf8, 0xfc, 0xf8, 0x00, 0xf8, 0xfc, 0xf8, 0x00,
    0xf8, 0xfc, 0xf8, 0x00, 0xf8, 0xfc, 0xf8, 0x00, 0xf8, 0xfc, 0xf8, 0x00,
    0xf8, 0xe0, 0xb0, 0x10, 0xf8, 0xe0, 0xb0, 0x8e, 0xf8, 0xe0, 0xb8, 0xff,
    0xf8, 0xe0, 0xb0, 0xff, 0xf8, 0xe0, 0xb8, 0xff, 0xf8, 0xe4, 0xb8, 0xff,
    0xf8, 0xe4, 0xb8, 0xff, 0xf8, 0xe4, 0xb8, 0xff, 0xf8, 0xe4, 0xb8, 0xff,
    0xf8, 0xe4, 0xb8, 0xcf, 0xf8, 0xe4, 0xb8, 0x20, 0xf8, 0xfc, 0xf8, 0x00,
    0xf8, 0xfc, 0xf8, 0x00, 0xf8, 0xfc, 0xf8, 0x00, 0xf8, 0xfc, 0xf8, 0x00,
    0xf8, 0xfc, 0xf8, 0x00, 0xf8, 0xfc, 0xf8, 0x00, 0xf8, 0xfc, 0xf8, 0x00,
    0xf8, 0xfc, 0xf8, 0x00, 0xf8, 0xfc, 0xf8, 0x00, 0xf8, 0xfc, 0xf8, 0x00,
    0xf8, 0xfc, 0xf8, 0x00, 0xf8, 0xfc, 0xf8, 0x00, 0xf8, 0xfc, 0xf8, 0x00,
    0xf8, 0xfc, 0xf8, 0x00, 0xf8, 0xfc, 0xf8, 0x00, 0xf8, 0xfc, 0xf8, 0x00,
    0xf8, 0xfc, 0xf8, 0x00, 0xf8, 0xfc, 0xf8, 0x00, 0xf8, 0xfc, 0xf8, 0x00,
    0xf8, 0xfc, 0xf8, 0x00, 0xf8, 0xfc, 0xf8, 0x00, 0xf8, 0xfc, 0xf8, 0x00,
    0xf8, 0xfc, 0xf8, 0x00, 0xf8, 0xfc, 0xf8, 0x00, 0xf8, 0xfc, 0xf8, 0x00,
    0xf8, 0xfc, 0xf8, 0x00, 0xf8, 0xfc, 0xf8, 0x00, 0xf8, 0xfc, 0xf8, 0x00,
    0xf8, 0xfc, 0xf8, 0x00, 0xf8, 0xfc, 0xf8, 0x00, 0xf8, 0xfc, 0xf8, 0x00,
    0xf8, 0xfc, 0xf8, 0x00, 0xf8, 0xfc, 0xf8, 0x00, 0xf8, 0xfc, 0xf8, 0x00,
    0xf8, 0xfc, 0xf8, 0x00, 0xf8, 0xfc, 0xf8, 0x00, 0xf8, 0xfc, 0xf8, 0x00,
    0xf8, 0xfc, 0xf8, 0x00, 0xf8, 0xfc, 0xf8, 0x00, 0xf8, 0xfc, 0xf8, 0x00,
    0xf8, 0xfc, 0xf8, 0x00, 0xf8, 0xfc, 0xf8, 0x00, 0xf8, 0xfc, 0xf8, 0x00,
    0xc8, 0x88, 0x60, 0x10, 0xc8, 0x88, 0x60, 0xbe, 0xd0, 0x8c, 0x60, 0xff,
    0xc8, 0x8c, 0x68, 0xff, 0xd0, 0x90, 0x68, 0xff, 0xd0, 0x90, 0x68, 0xff,
    0xd0, 0x94, 0x68, 0xff, 0xd0, 0x94, 0x68, 0xff, 0xd0, 0x98, 0x68, 0xff,
    0xd8, 0x98, 0x70, 0x82, 0xf8, 0xfc, 0xf8, 0x00, 0xf8, 0xfc, 0xf8, 0x00,
    0xf8, 0xfc, 0xf8, 0x00, 0xf8, 0xfc, 0xf8, 0x00, 0xf8, 0xfc, 0xf8, 0x00,
    0xf8, 0xfc, 0xf8, 0x00, 0xf8, 0xfc, 0xf8, 0x00, 0xf8, 0xfc, 0xf8, 0x00,
    0xf8, 0xfc, 0xf8, 0x00, 0xf8, 0xfc, 0xf8, 0x00, 0xf8, 0xfc, 0xf8, 0x00,
    0xf8, 0xfc, 0xf8, 0x00, 0xf8, 0xfc, 0xf8, 0x00, 0xf8, 0xfc, 0xf8, 0x00,
    0xf8, 0xfc, 0xf8, 0x00, 0xf8, 0xfc, 0xf8, 0x00, 0xf8, 0xfc, 0xf8, 0x00,
    0xf8, 0xfc, 0xf8, 0x00, 0xf8, 0xfc, 0xf8, 0x00, 0xf8, 0xfc, 0xf8, 0x00,
    0xf8, 0xfc, 0xf8, 0x00, 0xf8, 0xfc, 0xf8, 0x00, 0xf8, 0xfc, 0xf8, 0x00,
    0xf8, 0xfc, 0xf8, 0x00, 0xf8, 0xfc, 0xf8, 0x00, 0xf8, 0xfc, 0xf8, 0x00,
    0xf8, 0xfc, 0xf8, 0x00, 0xf8, 0xfc, 0xf8, 0x00, 0xf8, 0xfc, 0xf8, 0x00,
    0xf8, 0xfc, 0xf8, 0x00, 0xf8, 0xfc, 0xf8, 0x00, 0xf8, 0xfc, 0xf8, 0x00,
    0xf8, 0xfc, 0xf8, 0x00, 0xf8, 0xfc, 0xf8, 0x00, 0xf8, 0xfc, 0xf8, 0x00,
    0xf8, 0xfc, 0xf8, 0x00, 0xf8, 0xfc, 0xf8, 0x00, 0xf8, 0xfc, 0xf8, 0x00,
    0xf8, 0xfc, 0xf8, 0x00, 0xf8, 0xfc, 0xf8, 0x00, 0xf8, 0xfc, 0xf8, 0x00,
    0xf8, 0xfc, 0xf8, 0x00, 0xf8, 0xfc, 0xf8, 0x00, 0xf8, 0xfc, 0xf8, 0x00,
    0xf8, 0xfc, 0xf8, 0x00, 0xf8, 0xfc, 0xf8, 0x00, 0xf8, 0xfc, 0xf8, 0x00,
    0xf8, 0xfc, 0xf8, 0x00, 0xf8, 0xfc, 0xf8, 0x00, 0xf8, 0xfc, 0xf8, 0x00,
    0xf8, 0xfc, 0xf8, 0x00, 0xf8, 0xfc, 0xf8, 0x00, 0xf8, 0xfc, 0xf8, 0x00,
    0xf8, 0xfc, 0xf8, 0x00, 0xf8, 0xfc, 0xf8, 0x00, 0xf8, 0xfc, 0xf8, 0x00,
    0xf8, 0xfc, 0xf8, 0x00, 0xf8, 0xfc, 0xf8, 0x00, 0xf8, 0xfc, 0xf8, 0x00,
    0xf8, 0xfc, 0xf8, 0x00, 0xf8, 0xfc, 0xf8, 0x00, 0xf8, 0xfc, 0xf8, 0x00,
    0xf8, 0xfc, 0xf8, 0x00, 0xf8, 0xfc, 0xf8, 0x00, 0xf8, 0xe0, 0xb0, 0x41,
    0xf8, 0xe0, 0xb8, 0xdf, 0xf8, 0xe0, 0xb8, 0xff, 0xf8, 0xe0, 0xb0, 0xff,
    0xf8, 0xe4, 0xb8, 0xff, 0xf8, 0xe4, 0xb8, 0xff, 0xf8, 0xe4, 0xb8, 0xff,
    0xf8, 0xe4, 0xb8, 0xff, 0xf8, 0xe4, 0xb8, 0xef, 0xf8, 0xe4, 0xb8, 0x30,
    0xf8, 0xfc, 0xf8, 0x00, 0xf8, 0xfc, 0xf8, 0x00, 0xf8, 0xfc, 0xf8, 0x00,
    0xf8, 0xfc, 0xf8, 0x00, 0xf8, 0xfc, 0xf8, 0x00, 0xf8, 0xfc, 0xf8, 0x00,
    0xf8, 0xfc, 0xf8, 0x00, 0xf8, 0xfc, 0xf8, 0x00, 0xf8, 0xfc, 0xf8, 0x00,
    0xf8, 0xfc, 0xf8, 0x00, 0xf8, 0xfc, 0xf8, 0x00, 0xf8, 0xfc, 0xf8, 0x00,
    0xf8, 0xfc, 0xf8, 0x00, 0xf8, 0xfc, 0xf8, 0x00, 0xf8, 0xfc, 0xf8, 0x00,
    0xf8, 0xfc, 0xf8, 0x00, 0xf8, 0xfc, 0xf8, 0x00, 0xf8, 0xfc, 0xf8, 0x00,
    0xf8, 0xfc, 0xf8, 0x00, 0xf8, 0xfc, 0xf8, 0x00, 0xf8, 0xfc, 0xf8, 0x00,
    0xf8, 0xfc, 0xf8, 0x00, 0xf8, 0xfc, 0xf8, 0x00, 0xf8, 0xfc, 0xf8, 0x00,
    0xf8, 0xfc, 0xf8, 0x00, 0xf8, 0xfc, 0xf8, 0x00, 0xf8, 0xfc, 0xf8, 0x00,
    0xf8, 0xfc, 0xf8, 0x00, 0xf8, 0xfc, 0xf8, 0x00, 0xf8, 0xfc, 0xf8, 0x00,
    0xf8, 0xfc, 0xf8, 0x00, 0xf8, 0xfc, 0xf8, 0x00, 0xf8, 0xfc, 0xf8, 0x00,
    0xf8, 0xfc, 0xf8, 0x00, 0xf8, 0xfc, 0xf8, 0x00, 0xf8, 0xfc, 0xf8, 0x00,
    0xf8, 0xfc, 0xf8, 0x00, 0xf8, 0xfc, 0xf8, 0x00, 0xf8, 0xfc, 0xf8, 0x00,
    0xf8, 0xfc, 0xf8, 0x00, 0xf8, 0xfc, 0xf8, 0x00, 0xc8, 0x88, 0x60, 0x10,
    0xc8, 0x88, 0x60, 0xcf, 0xc8, 0x8c, 0x60, 0xff, 0xd0, 0x8c, 0x60, 0xff,
    0xd0, 0x90, 0x68, 0xff, 0xd0, 0x90, 0x68, 0xff, 0xd0, 0x94, 0x68, 0xff,
    0xd0, 0x94, 0x68, 0xff, 0xd0, 0x94, 0x68, 0xdf, 0xd8, 0x98, 0x70, 0x41,
    0xf8, 0xfc, 0xf8, 0x00, 0xf8, 0xfc, 0xf8, 0x00, 0xf8, 0xfc, 0xf8, 0x00,
    0xf8, 0xfc, 0xf8, 0x00, 0xf8, 0xfc, 0xf8, 0x00, 0xf8, 0xfc, 0xf8, 0x00,
    0xf8, 0xfc, 0xf8, 0x00, 0xf8, 0xfc, 0xf8, 0x00, 0xf8, 0xfc, 0xf8, 0x00,
    0xf8, 0xfc, 0xf8, 0x00, 0xf8, 0xfc, 0xf8, 0x00, 0xf8, 0xfc, 0xf8, 0x00,
    0xf8, 0xfc, 0xf8, 0x00, 0xf8, 0xfc, 0xf8, 0x00, 0xf8, 0xfc, 0xf8, 0x00,
    0xf8, 0xfc, 0xf8, 0x00, 0xf8, 0xfc, 0xf8, 0x00, 0xf8, 0xfc, 0xf8, 0x00,
    0xf8, 0xfc, 0xf8, 0x00, 0xf8, 0xfc, 0xf8, 0x00, 0xf8, 0xfc, 0xf8, 0x00,
    0xf8, 0xfc, 0xf8, 0x00, 0xf8, 0xfc, 0xf8, 0x00, 0xf8, 0xfc, 0xf8, 0x00,
    0xf8, 0xfc, 0xf8, 0x00, 0xf8, 0xfc, 0xf8, 0x00, 0xf8, 0xfc, 0xf8, 0x00,
    0xf8, 0xfc, 0xf8, 0x00, 0xf8, 0xfc, 0xf8, 0x00, 0xf8, 0xfc, 0xf8, 0x00,
    0xf8, 0xfc, 0xf8, 0x00, 0xf8, 0xfc, 0xf8, 0x00, 0xf8, 0xfc, 0xf8, 0x00,
    0xf8, 0xfc, 0xf8, 0x00, 0xf8, 0xfc, 0xf8, 0x00, 0xf8, 0xfc, 0xf8, 0x00,
    0xf8, 0xfc, 0xf8, 0x00, 0xf8, 0xfc, 0xf8, 0x00, 0xf8, 0xfc, 0xf8, 0x00,
    0xf8, 0xfc, 0xf8, 0x00, 0xf8, 0xfc, 0xf8, 0x00, 0xf8, 0xfc, 0xf8, 0x00,
    0xf8, 0xfc, 0xf8, 0x00, 0xf8, 0xfc, 0xf8, 0x00, 0xf8, 0xfc, 0xf8, 0x00,
    0xf8, 0xfc, 0xf8, 0x00, 0xf8, 0xfc, 0xf8, 0x00, 0xf8, 0xfc, 0xf8, 0x00,
    0xf8, 0xfc, 0xf8, 0x00, 0xf8, 0xfc, 0xf8, 0x00, 0xf8, 0xfc, 0xf8, 0x00,
    0xf8, 0xfc, 0xf8, 0x00, 0xf8, 0xfc, 0xf8, 0x00, 0xf8, 0xfc, 0xf8, 0x00,
    0xf8, 0xfc, 0xf8, 0x00, 0xf8, 0xfc, 0xf8, 0x00, 0xf8, 0xfc, 0xf8, 0x00,
    0xf8, 0xfc, 0xf8, 0x00, 0xf8, 0xfc, 0xf8, 0x00, 0xf8, 0xfc, 0xf8, 0x00,
    0xf8, 0xfc, 0xf8, 0x00, 0xf8, 0xfc, 0xf8, 0x00, 0xf8, 0xfc, 0xf8, 0x00,
    0xf8, 0xfc, 0xf8, 0x00, 0xf8, 0xfc, 0xf8, 0x00, 0xf8, 0xfc, 0xf8, 0x00,
    0xf8, 0xe4, 0xb8, 0x10, 0xf8, 0xe4, 0xb0, 0xae, 0xf8, 0xe4, 0xb8, 0xff,
    0xf8, 0xe4, 0xb8, 0xff, 0xf8, 0xe4, 0xb8, 0xff, 0xf8, 0xe4, 0xb8, 0xff,
    0xf8, 0xe4, 0xb8, 0xff, 0xf8, 0xe4, 0xb8, 0xff, 0xf8, 0xe8, 0xb8, 0xef,
    0xf8, 0xe4, 0xb8, 0x61, 0xf8, 0xfc, 0xf8, 0x00, 0xf8, 0xfc, 0xf8, 0x00,
    0xf8, 0xfc, 0xf8, 0x00, 0xf8, 0xfc, 0xf8, 0x00, 0xf8, 0xfc, 0xf8, 0x00,
    0xf8, 0xfc, 0xf8, 0x00, 0xf8, 0xfc, 0xf8, 0x00, 0xf8, 0xfc, 0xf8, 0x00,
    0xf8, 0xfc, 0xf8, 0x00, 0xf8, 0xfc, 0xf8, 0x00, 0xf8, 0xfc, 0xf8, 0x00,
    0xf8, 0xfc, 0xf8, 0x00, 0xf8, 0xfc, 0xf8, 0x00, 0xf8, 0xfc, 0xf8, 0x00,
    0xf8, 0xfc, 0xf8, 0x00, 0xf8, 0xfc, 0xf8, 0x00, 0xf8, 0xfc, 0xf8, 0x00,
    0xf8, 0xfc, 0xf8, 0x00, 0xf8, 0xfc, 0xf8, 0x00, 0xf8, 0xfc, 0xf8, 0x00,
    0xf8, 0xfc, 0xf8, 0x00, 0xf8, 0xfc, 0xf8, 0x00, 0xf8, 0xfc, 0xf8, 0x00,
    0xf8, 0xfc, 0xf8, 0x00, 0xf8, 0xfc, 0xf8, 0x00, 0xf8, 0xfc, 0xf8, 0x00,
    0xf8, 0xfc, 0xf8, 0x00, 0xf8, 0xfc, 0xf8, 0x00, 0xf8, 0xfc, 0xf8, 0x00,
    0xf8, 0xfc, 0xf8, 0x00, 0xf8, 0xfc, 0xf8, 0x00, 0xf8, 0xfc, 0xf8, 0x00,
    0xf8, 0xfc, 0xf8, 0x00, 0xf8, 0xfc, 0xf8, 0x00, 0xf8, 0xfc, 0xf8, 0x00,
    0xf8, 0xfc, 0xf8, 0x00, 0xf8, 0xfc, 0xf8, 0x00, 0xf8, 0xfc, 0xf8, 0x00,
    0xf8, 0xfc, 0xf8, 0x00, 0xc8, 0x88, 0x60, 0x20, 0xc8, 0x88, 0x60, 0xcf,
    0xc8, 0x88, 0x60, 0xff, 0xd0, 0x8c, 0x60, 0xff, 0xd0, 0x90, 0x60, 0xff,
    0xd0, 0x90, 0x68, 0xff, 0xd0, 0x90, 0x68, 0xff, 0xd0, 0x94, 0x68, 0xff,
    0xd0, 0x94, 0x68, 0xc3, 0xd0, 0x98, 0x68, 0x10, 0xf8, 0xfc, 0xf8, 0x00,
    0xf8, 0xfc, 0xf8, 0x00, 0xf8, 0xfc, 0xf8, 0x00, 0xf8, 0xfc, 0xf8, 0x00,
    0xf8, 0xfc, 0xf8, 0x00, 0xf8, 0xfc, 0xf8, 0x00, 0xf8, 0xfc, 0xf8, 0x00,
    0xf8, 0xfc, 0xf8, 0x00, 0xf8, 0xfc, 0xf8, 0x00, 0xf8, 0xfc, 0xf8, 0x00,
    0xf8, 0xfc, 0xf8, 0x00, 0xf8, 0xfc, 0xf8, 0x00, 0xf8, 0xfc, 0xf8, 0x00,
    0xf8, 0xfc, 0xf8, 0x00, 0xf8, 0xfc, 0xf8, 0x00, 0xf8, 0xfc, 0xf8, 0x00,
    0xf8, 0xfc, 0xf8, 0x00, 0xf8, 0xfc, 0xf8, 0x00, 0xf8, 0xfc, 0xf8, 0x00,
    0xf8, 0xfc, 0xf8, 0x00, 0xf8, 0xfc, 0xf8, 0x00, 0xf8, 0xfc, 0xf8, 0x00,
    0xf8, 0xfc, 0xf8, 0x00, 0xf8, 0xfc, 0xf8, 0x00, 0xf8, 0xfc, 0xf8, 0x00,
    0xf8, 0xfc, 0xf8, 0x00, 0xf8, 0xfc, 0xf8, 0x00, 0xf8, 0xfc, 0xf8, 0x00,
    0xf8, 0xfc, 0xf8, 0x00, 0xf8, 0xfc, 0xf8, 0x00, 0xf8, 0xfc, 0xf8, 0x00,
    0xf8, 0xfc, 0xf8, 0x00, 0xf8, 0xfc, 0xf8, 0x00, 0xf8, 0xfc, 0xf8, 0x00,
    0xf8, 0xfc, 0xf8, 0x00, 0xf8, 0xfc, 0xf8, 0x00, 0xf8, 0xfc, 0xf8, 0x00,
    0xf8, 0xfc, 0xf8, 0x00, 0xf8, 0xfc, 0xf8, 0x00, 0xf8, 0xfc, 0xf8, 0x00,
    0xf8, 0xfc, 0xf8, 0x00, 0xf8, 0xfc, 0xf8, 0x00, 0xf8, 0xfc, 0xf8, 0x00,
    0xf8, 0xfc, 0xf8, 0x00, 0xf8, 0xfc, 0xf8, 0x00, 0xf8, 0xfc, 0xf8, 0x00,
    0xf8, 0xfc, 0xf8, 0x00, 0xf8, 0xfc, 0xf8, 0x00, 0xf8, 0xfc, 0xf8, 0x00,
    0xf8, 0xfc, 0xf8, 0x00, 0xf8, 0xfc, 0xf8, 0x00, 0xf8, 0xfc, 0xf8, 0x00,
    0xf8, 0xfc, 0xf8, 0x00, 0xf8, 0xfc, 0xf8, 0x00, 0xf8, 0xfc, 0xf8, 0x00,
    0xf8, 0xfc, 0xf8, 0x00, 0xf8, 0xfc, 0xf8, 0x00, 0xf8, 0xfc, 0xf8, 0x00,
    0xf8, 0xfc, 0xf8, 0x00, 0xf8, 0xfc, 0xf8, 0x00, 0xf8, 0xfc, 0xf8, 0x00,
    0xf8, 0xfc, 0xf8, 0x00, 0xf8, 0xfc, 0xf8, 0x00, 0xf8, 0xfc, 0xf8, 0x00,
    0xf8, 0xfc, 0xf8, 0x00, 0xf8, 0xfc, 0xf8, 0x00, 0xf8, 0xfc, 0xf8, 0x00,
    0xf8, 0xfc, 0xf8, 0x00, 0xf8, 0xfc, 0xf8, 0x00, 0xf8, 0xe4, 0xb8, 0x71,
    0xf8, 0xe4, 0xb8, 0xff, 0xf8, 0xe4, 0xb8, 0xff, 0xf8, 0xe4, 0xb8, 0xff,
    0xf8, 0xe4, 0xb8, 0xff, 0xf8, 0xe8, 0xb8, 0xff, 0xf8, 0xe8, 0xb8, 0xff,
    0xf8, 0xe8, 0xc0, 0xff, 0xf8, 0xe8, 0xc0, 0x61, 0xf8, 0xfc, 0xf8, 0x00,
    0xf8, 0xfc, 0xf8, 0x00, 0xf8, 0xfc, 0xf8, 0x00, 0xf8, 0xfc, 0xf8, 0x00,
    0xf8, 0xfc, 0xf8, 0x00, 0xf8, 0xfc, 0xf8, 0x00, 0xf8, 0xfc, 0xf8, 0x00,
    0xf8, 0xfc, 0xf8, 0x00, 0xf8, 0xfc, 0xf8, 0x00, 0xf8, 0xfc, 0xf8, 0x00,
    0xf8, 0xfc, 0xf8, 0x00, 0xf8, 0xfc, 0xf8, 0x00, 0xf8, 0xfc, 0xf8, 0x00,
    0xf8, 0xfc, 0xf8, 0x00, 0xf8, 0xfc, 0xf8, 0x00, 0xf8, 0xfc, 0xf8, 0x00,
    0xf8, 0xfc, 0xf8, 0x00, 0xf8, 0xfc, 0xf8, 0x00, 0xf8, 0xfc, 0xf8, 0x00,
    0xf8, 0xfc, 0xf8, 0x00, 0xf8, 0xfc, 0xf8, 0x00, 0xf8, 0xfc, 0xf8, 0x00,
    0xf8, 0xfc, 0xf8, 0x00, 0xf8, 0xfc, 0xf8, 0x00, 0xf8, 0xfc, 0xf8, 0x00,
    0xf8, 0xfc, 0xf8, 0x00, 0xf8, 0xfc, 0xf8, 0x00, 0xf8, 0xfc, 0xf8, 0x00,
    0xf8, 0xfc, 0xf8, 0x00, 0xf8, 0xfc, 0xf8, 0x00, 0xf8, 0xfc, 0xf8, 0x00,
    0xf8, 0xfc, 0xf8, 0x00, 0xf8, 0xfc, 0xf8, 0x00, 0xf8, 0xfc, 0xf8, 0x00,
    0xf8, 0xfc, 0xf8, 0x00, 0xf8, 0xfc, 0xf8, 0x00, 0xf8, 0xfc, 0xf8, 0x00,
    0xc8, 0x84, 0x58, 0x30, 0xc8, 0x88, 0x60, 0xef, 0xc8, 0x8c, 0x60, 0xff,
    0xc8, 0x8c, 0x60, 0xff, 0xd0, 0x8c, 0x60, 0xff, 0xd0, 0x90, 0x68, 0xff,
    0xc8, 0x90, 0x68, 0xff, 0xd0, 0x94, 0x68, 0xff, 0xd0, 0x94, 0x68, 0x8e,
    0xf8, 0xfc, 0xf8, 0x00, 0xf8, 0xfc, 0xf8, 0x00, 0xf8, 0xfc, 0xf8, 0x00,
    0xf8, 0xfc, 0xf8, 0x00, 0xf8, 0xfc, 0xf8, 0x00, 0xf8, 0xfc, 0xf8, 0x00,
    0xf8, 0xfc, 0xf8, 0x00, 0xf8, 0xfc, 0xf8, 0x00, 0xf8, 0xfc, 0xf8, 0x00,
    0xf8, 0xfc, 0xf8, 0x00, 0xf8, 0xfc, 0xf8, 0x00, 0xf8, 0xfc, 0xf8, 0x00,
    0xf8, 0xfc, 0xf8, 0x00, 0xf8, 0xfc, 0xf8, 0x00, 0xf8, 0xfc, 0xf8, 0x00,
    0xf8, 0xfc, 0xf8, 0x00, 0xf8, 0xfc, 0xf8, 0x00, 0xf8, 0xfc, 0xf8, 0x00,
    0xf8, 0xfc, 0xf8, 0x00, 0xf8, 0xfc, 0xf8, 0x00, 0xf8, 0xfc, 0xf8, 0x00,
    0xf8, 0xfc, 0xf8, 0x00, 0xf8, 0xfc, 0xf8, 0x00, 0xf8, 0xfc, 0xf8, 0x00,
    0xf8, 0xfc, 0xf8, 0x00, 0xf8, 0xfc, 0xf8, 0x00, 0xf8, 0xfc, 0xf8, 0x00,
    0xf8, 0xfc, 0xf8, 0x00, 0xf8, 0xfc, 0xf8, 0x00, 0xf8, 0xfc, 0xf8, 0x00,
    0xf8, 0xfc, 0xf8, 0x00, 0xf8, 0xfc, 0xf8, 0x00, 0xf8, 0xfc, 0xf8, 0x00,
    0xf8, 0xfc, 0xf8, 0x00, 0xf8, 0xfc, 0xf8, 0x00, 0xf8, 0xfc, 0xf8, 0x00,
    0xf8, 0xfc, 0xf8, 0x00, 0xf8, 0xfc, 0xf8, 0x00, 0xf8, 0xfc, 0xf8, 0x00,
    0xf8, 0xfc, 0xf8, 0x00, 0xf8, 0xfc, 0xf8, 0x00, 0xf8, 0xfc, 0xf8, 0x00,
    0xf8, 0xfc, 0xf8, 0x00, 0xf8, 0xfc, 0xf8, 0x00, 0xf8, 0xfc, 0xf8, 0x00,
    0xf8, 0xfc, 0xf8, 0x00, 0xf8, 0xfc, 0xf8, 0x00, 0xf8, 0xfc, 0xf8, 0x00,
    0xf8, 0xfc, 0xf8, 0x00, 0xf8, 0xfc, 0xf8, 0x00, 0xf8, 0xfc, 0xf8, 0x00,
    0xf8, 0xfc, 0xf8, 0x00, 0xf8, 0xfc, 0xf8, 0x00, 0xf8, 0xfc, 0xf8, 0x00,
    0xf8, 0xfc, 0xf8, 0x00, 0xf8, 0xfc, 0xf8, 0x00, 0xf8, 0xfc, 0xf8, 0x00,
    0xf8, 0xfc, 0xf8, 0x00, 0xf8, 0xfc, 0xf8, 0x00, 0xf8, 0xfc, 0xf8, 0x00,
    0xf8, 0xfc, 0xf8, 0x00, 0xf8, 0xfc, 0xf8, 0x00, 0xf8, 0xfc, 0xf8, 0x00,
    0xf8, 0xfc, 0xf8, 0x00, 0xf8, 0xfc, 0xf8, 0x00, 0xf8, 0xfc, 0xf8, 0x00,
    0xf8, 0xfc, 0xf8, 0x00, 0xf8, 0xfc, 0xf8, 0x00, 0xf8, 0xfc, 0xf8, 0x00,
    0xf8, 0xfc, 0xf8, 0x00, 0xf8, 0xfc, 0xf8, 0x00, 0xf8, 0xfc, 0xf8, 0x00,
    0xf8, 0xe4, 0xb8, 0x41, 0xf8, 0xe4, 0xb8, 0xef, 0xf8, 0xe4, 0xb8, 0xff,
    0xf8, 0xe4, 0xb8, 0xff, 0xf8, 0xe4, 0xb8, 0xff, 0xf8, 0xe4, 0xb8, 0xff,
    0xf8, 0xe8, 0xc0, 0xff, 0xf8, 0xe8, 0xb8, 0xff, 0xf8, 0xe8, 0xc0, 0x61,
    0xf8, 0xfc, 0xf8, 0x00, 0xf8, 0xfc, 0xf8, 0x00, 0xf8, 0xfc, 0xf8, 0x00,
    0xf8, 0xfc, 0xf8, 0x00, 0xf8, 0xfc, 0xf8, 0x00, 0xf8, 0xfc, 0xf8, 0x00,
    0xf8, 0xfc, 0xf8, 0x00, 0xf8, 0xfc, 0xf8, 0x00, 0xf8, 0xfc, 0xf8, 0x00,
    0xf8, 0xfc, 0xf8, 0x00, 0xf8, 0xfc, 0xf8, 0x00, 0xf8, 0xfc, 0xf8, 0x00,
    0xf8, 0xfc, 0xf8, 0x00, 0xf8, 0xfc, 0xf8, 0x00, 0xf8, 0xfc, 0xf8, 0x00,
    0xf8, 0xfc, 0xf8, 0x00, 0xf8, 0xfc, 0xf8, 0x00, 0xf8, 0xfc, 0xf8, 0x00,
    0xf8, 0xfc, 0xf8, 0x00, 0xf8, 0xfc, 0xf8, 0x00, 0xf8, 0xfc, 0xf8, 0x00,
    0xf8, 0xfc, 0xf8, 0x00, 0xf8, 0xfc, 0xf8, 0x00, 0xf8, 0xfc, 0xf8, 0x00,
    0xf8, 0xfc, 0xf8, 0x00, 0xf8, 0xfc, 0xf8, 0x00, 0xf8, 0xfc, 0xf8, 0x00,
    0xf8, 0xfc, 0xf8, 0x00, 0xf8, 0xfc, 0xf8, 0x00, 0xf8, 0xfc, 0xf8, 0x00,
    0xf8, 0xfc, 0xf8, 0x00, 0xf8, 0xfc, 0xf8, 0x00, 0xf8, 0xfc, 0xf8, 0x00,
    0xf8, 0xfc, 0xf8, 0x00, 0xf8, 0xfc, 0xf8, 0x00, 0xc8, 0x84, 0x58, 0x10,
    0xc8, 0x88, 0x60, 0xdf, 0xc8, 0x88, 0x60, 0xff, 0xc8, 0x8c, 0x60, 0xff,
    0xd0, 0x8c, 0x60, 0xff, 0xd0, 0x90, 0x68, 0xff, 0xc8, 0x90, 0x68, 0xff,
    0xd0, 0x90, 0x68, 0xff, 0xd0, 0x94, 0x68, 0x61, 0xf8, 0xfc, 0xf8, 0x00,
    0xf8, 0xfc, 0xf8, 0x00, 0xf8, 0xfc, 0xf8, 0x00, 0xf8, 0xfc, 0xf8, 0x00,
    0xf8, 0xfc, 0xf8, 0x00, 0xf8, 0xfc, 0xf8, 0x00, 0xf8, 0xfc, 0xf8, 0x00,
    0xf8, 0xfc, 0xf8, 0x00, 0xf8, 0xfc, 0xf8, 0x00, 0xf8, 0xfc, 0xf8, 0x00,
    0xf8, 0xfc, 0xf8, 0x00, 0xf8, 0xfc, 0xf8, 0x00, 0xf8, 0xfc, 0xf8, 0x00,
    0xf8, 0xfc, 0xf8, 0x00, 0xf8, 0xfc, 0xf8, 0x00, 0xf8, 0xfc, 0xf8, 0x00,
    0xf8, 0xfc, 0xf8, 0x00, 0xf8, 0xfc, 0xf8, 0x00, 0xf8, 0xfc, 0xf8, 0x00,
    0xf8, 0xfc, 0xf8, 0x00, 0xf8, 0xfc, 0xf8, 0x00, 0xf8, 0xfc, 0xf8, 0x00,
    0xf8, 0xfc, 0xf8, 0x00, 0xf8, 0xfc, 0xf8, 0x00, 0xf8, 0xfc, 0xf8, 0x00,
    0xf8, 0xfc, 0xf8, 0x00, 0xf8, 0xfc, 0xf8, 0x00, 0xf8, 0xfc, 0xf8, 0x00,
    0xf8, 0xfc, 0xf8, 0x00, 0xf8, 0xfc, 0xf8, 0x00, 0xf8, 0xfc, 0xf8, 0x00,
    0xf8, 0xfc, 0xf8, 0x00, 0xf8, 0xfc, 0xf8, 0x00, 0xf8, 0xfc, 0xf8, 0x00,
    0xf8, 0xfc, 0xf8, 0x00, 0xf8, 0xfc, 0xf8, 0x00, 0xf8, 0xfc, 0xf8, 0x00,
    0xf8, 0xfc, 0xf8, 0x00, 0xf8, 0xfc, 0xf8, 0x00, 0xf8, 0xfc, 0xf8, 0x00,
    0xf8, 0xfc, 0xf8, 0x00, 0xf8, 0xfc, 0xf8, 0x00, 0xf8, 0xfc, 0xf8, 0x00,
    0xf8, 0xfc, 0xf8, 0x00, 0xf8, 0xfc, 0xf8, 0x00, 0xf8, 0xfc, 0xf8, 0x00,
    0xf8, 0xfc, 0xf8, 0x00, 0xf8, 0xfc, 0xf8, 0x00, 0xf8, 0xfc, 0xf8, 0x00,
    0xf8, 0xfc, 0xf8, 0x00, 0xf8, 0xfc, 0xf8, 0x00, 0xf8, 0xfc, 0xf8, 0x00,
    0xf8, 0xfc, 0xf8, 0x00, 0xf8, 0xfc, 0xf8, 0x00, 0xf8, 0xfc, 0xf8, 0x00,
    0xf8, 0xfc, 0xf8, 0x00, 0xf8, 0xfc, 0xf8, 0x00, 0xf8, 0xfc, 0xf8, 0x00,
    0xf8, 0xfc, 0xf8, 0x00, 0xf8, 0xfc, 0xf8, 0x00, 0xf8, 0xfc, 0xf8, 0x00,
    0xf8, 0xfc, 0xf8, 0x00, 0xf8, 0xfc, 0xf8, 0x00, 0xf8, 0xfc, 0xf8, 0x00,
    0xf8, 0xfc, 0xf8, 0x00, 0xf8, 0xfc, 0xf8, 0x00, 0xf8, 0xfc, 0xf8, 0x00,
    0xf8, 0xfc, 0xf8, 0x00, 0xf8, 0xfc, 0xf8, 0x00, 0xf8, 0xfc, 0xf8, 0x00,
    0xf8, 0xfc, 0xf8, 0x00, 0xf8, 0xfc, 0xf8, 0x00, 0xf8, 0xfc, 0xf8, 0x00,
    0xf8, 0xfc, 0xf8, 0x00, 0xf8, 0xe4, 0xb8, 0x30, 0xf8, 0xe4, 0xb8, 0xdf,
    0xf8, 0xe8, 0xb8, 0xff, 0xf8, 0xe8, 0xc0, 0xff, 0xf8, 0xe8, 0xb8, 0xff,
    0xf8, 0xe8, 0xb8, 0xff, 0xf8, 0xe8, 0xc0, 0xff, 0xf8, 0xe8, 0xc0, 0xff,
    0xf8, 0xe8, 0xc0, 0x61, 0xf8, 0xfc, 0xf8, 0x00, 0xf8, 0xfc, 0xf8, 0x00,
    0xf8, 0xfc, 0xf8, 0x00, 0xf8, 0xfc, 0xf8, 0x00, 0xf8, 0xfc, 0xf8, 0x00,
    0xf8, 0xfc, 0xf8, 0x00, 0xf8, 0xfc, 0xf8, 0x00, 0xf8, 0xfc, 0xf8, 0x00,
    0xf8, 0xfc, 0xf8, 0x00, 0xf8, 0xfc, 0xf8, 0x00, 0xf8, 0xfc, 0xf8, 0x00,
    0xf8, 0xfc, 0xf8, 0x00, 0xf8, 0xfc, 0xf8, 0x00, 0xf8, 0xfc, 0xf8, 0x00,
    0xf8, 0xfc, 0xf8, 0x00, 0xf8, 0xfc, 0xf8, 0x00, 0xf8, 0xfc, 0xf8, 0x00,
    0xf8, 0xfc, 0xf8, 0x00, 0xf8, 0xfc, 0xf8, 0x00, 0xf8, 0xfc, 0xf8, 0x00,
    0xf8, 0xfc, 0xf8, 0x00, 0xf8, 0xfc, 0xf8, 0x00, 0xf8, 0xfc, 0xf8, 0x00,
    0xf8, 0xfc, 0xf8, 0x00, 0xf8, 0xfc, 0xf8, 0x00, 0xf8, 0xfc, 0xf8, 0x00,
    0xf8, 0xfc, 0xf8, 0x00, 0xf8, 0xfc, 0xf8, 0x00, 0xf8, 0xfc, 0xf8, 0x00,
    0xf8, 0xfc, 0xf8, 0x00, 0xf8, 0xfc, 0xf8, 0x00, 0xf8, 0xfc, 0xf8, 0x00,
    0xf8, 0xfc, 0xf8, 0x00, 0xc8, 0x84, 0x58, 0x10, 0xc8, 0x88, 0x60, 0xcf,
    0xc8, 0x88, 0x60, 0xff, 0xc8, 0x88, 0x60, 0xff, 0xc8, 0x8c, 0x60, 0xff,
    0xd0, 0x8c, 0x60, 0xff, 0xd0, 0x90, 0x68, 0xff, 0xd0, 0x90, 0x68, 0xef,
    0xd0, 0x94, 0x68, 0x61, 0xf8, 0xfc, 0xf8, 0x00, 0xf8, 0xfc, 0xf8, 0x00,
    0xf8, 0xfc, 0xf8, 0x00, 0xf8, 0xfc, 0xf8, 0x00, 0xf8, 0xfc, 0xf8, 0x00,
    0xf8, 0xfc, 0xf8, 0x00, 0xf8, 0xfc, 0xf8, 0x00, 0xf8, 0xfc, 0xf8, 0x00,
    0xf8, 0xfc, 0xf8, 0x00, 0xf8, 0xfc, 0xf8, 0x00, 0xf8, 0xfc, 0xf8, 0x00,
    0xf8, 0xfc, 0xf8, 0x00, 0xf8, 0xfc, 0xf8, 0x00, 0xf8, 0xfc, 0xf8, 0x00,
    0xf8, 0xfc, 0xf8, 0x00, 0xf8, 0xfc, 0xf8, 0x00, 0xf8, 0xfc, 0xf8, 0x00,
    0xf8, 0xfc, 0xf8, 0x00, 0xf8, 0xfc, 0xf8, 0x00, 0xf8, 0xfc, 0xf8, 0x00,
    0xf8, 0xfc, 0xf8, 0x00, 0xf8, 0xfc, 0xf8, 0x00, 0xf8, 0xfc, 0xf8, 0x00,
    0xf8, 0xfc, 0xf8, 0x00, 0xf8, 0xfc, 0xf8, 0x00, 0xf8, 0xfc, 0xf8, 0x00,
    0xf8, 0xfc, 0xf8, 0x00, 0xf8, 0xfc, 0xf8, 0x00, 0xf8, 0xfc, 0xf8, 0x00,
    0xf8, 0xfc, 0xf8, 0x00, 0xf8, 0xfc, 0xf8, 0x00, 0xf8, 0xfc, 0xf8, 0x00,
    0xf8, 0xfc, 0xf8, 0x00, 0xf8, 0xfc, 0xf8, 0x00, 0xf8, 0xfc, 0xf8, 0x00,
    0xf8, 0xfc, 0xf8, 0x00, 0xf8, 0xfc, 0xf8, 0x00, 0xf8, 0xfc, 0xf8, 0x00,
    0xf8, 0xfc, 0xf8, 0x00, 0xf8, 0xfc, 0xf8, 0x00, 0xf8, 0xfc, 0xf8, 0x00,
    0xf8, 0xfc, 0xf8, 0x00, 0xf8, 0xfc, 0xf8, 0x00, 0xf8, 0xfc, 0xf8, 0x00,
    0xf8, 0xfc, 0xf8, 0x00, 0xf8, 0xfc, 0xf8, 0x00, 0xf8, 0xfc, 0xf8, 0x00,
    0xf8, 0xfc, 0xf8, 0x00, 0xf8, 0xfc, 0xf8, 0x00, 0xf8, 0xfc, 0xf8, 0x00,
    0xf8, 0xfc, 0xf8, 0x00, 0xf8, 0xfc, 0xf8, 0x00, 0xf8, 0xfc, 0xf8, 0x00,
    0xf8, 0xfc, 0xf8, 0x00, 0xf8, 0xfc, 0xf8, 0x00, 0xf8, 0xfc, 0xf8, 0x00,
    0xf8, 0xfc, 0xf8, 0x00, 0xf8, 0xfc, 0xf8, 0x00, 0xf8, 0xfc, 0xf8, 0x00,
    0xf8, 0xfc, 0xf8, 0x00, 0xf8, 0xfc, 0xf8, 0x00, 0xf8, 0xfc, 0xf8, 0x00,
    0xf8, 0xfc, 0xf8, 0x00, 0xf8, 0xfc, 0xf8, 0x00, 0xf8, 0xfc, 0xf8, 0x00,
    0xf8, 0xfc, 0xf8, 0x00, 0xf8, 0xfc, 0xf8, 0x00, 0xf8, 0xfc, 0xf8, 0x00,
    0xf8, 0xfc, 0xf8, 0x00, 0xf8, 0xfc, 0xf8, 0x00, 0xf8, 0xfc, 0xf8, 0x00,
    0xf8, 0xfc, 0xf8, 0x00, 0xf8, 0xfc, 0xf8, 0x00, 0xf8, 0xfc, 0xf8, 0x00,
    0xf8, 0xfc, 0xf8, 0x00, 0xf8, 0xfc, 0xf8, 0x00, 0xf8, 0xe4, 0xb8, 0x10,
    0xf8, 0xe4, 0xb8, 0xcf, 0xf8, 0xe4, 0xc0, 0xff, 0xf8, 0xe8, 0xc0, 0xff,
    0xf8, 0xe8, 0xb8, 0xff, 0xf8, 0xe8, 0xc0, 0xff, 0xf8, 0xe8, 0xc0, 0xff,
    0xf8, 0xe8, 0xb8, 0xff, 0xf8, 0xe8, 0xc0, 0x61, 0xf8, 0xfc, 0xf8, 0x00,
    0xf8, 0xfc, 0xf8, 0x00, 0xf8, 0xfc, 0xf8, 0x00, 0xf8, 0xfc, 0xf8, 0x00,
    0xf8, 0xfc, 0xf8, 0x00, 0xf8, 0xfc, 0xf8, 0x00, 0xf8, 0xfc, 0xf8, 0x00,
    0xf8, 0xfc, 0xf8, 0x00, 0xf8, 0xfc, 0xf8, 0x00, 0xf8, 0xfc, 0xf8, 0x00,
    0xf8, 0xfc, 0xf8, 0x00, 0xf8, 0xfc, 0xf8, 0x00, 0xf8, 0xfc, 0xf8, 0x00,
    0xf8, 0xfc, 0xf8, 0x00, 0xf8, 0xfc, 0xf8, 0x00, 0xf8, 0xfc, 0xf8, 0x00,
    0xf8, 0xfc, 0xf8, 0x00, 0xf8, 0xfc, 0xf8, 0x00, 0xf8, 0xfc, 0xf8, 0x00,
    0xf8, 0xfc, 0xf8, 0x00, 0xf8, 0xfc, 0xf8, 0x00, 0xf8, 0xfc, 0xf8, 0x00,
    0xf8, 0xfc, 0xf8, 0x00, 0xf8, 0xfc, 0xf8, 0x00, 0xf8, 0xfc, 0xf8, 0x00,
    0xf8, 0xfc, 0xf8, 0x00, 0xf8, 0xfc, 0xf8, 0x00, 0xf8, 0xfc, 0xf8, 0x00,
    0xf8, 0xfc, 0xf8, 0x00, 0xf8, 0xfc, 0xf8, 0x00, 0xf8, 0xfc, 0xf8, 0x00,
    0xc8, 0x84, 0x58, 0x10, 0xc8, 0x84, 0x60, 0xcf, 0xc8, 0x88, 0x60, 0xff,
    0xc8, 0x88, 0x60, 0xff, 0xd0, 0x8c, 0x60, 0xff, 0xd0, 0x8c, 0x60, 0xff,
    0xc8, 0x90, 0x68, 0xff, 0xd0, 0x90, 0x68, 0xef, 0xd0, 0x94, 0x68, 0x30,
    0xf8, 0xfc, 0xf8, 0x00, 0xf8, 0xfc, 0xf8, 0x00, 0xf8, 0xfc, 0xf8, 0x00,
    0xf8, 0xfc, 0xf8, 0x00, 0xf8, 0xfc, 0xf8, 0x00, 0xf8, 0xfc, 0xf8, 0x00,
    0xf8, 0xfc, 0xf8, 0x00, 0xf8, 0xfc, 0xf8, 0x00, 0xf8, 0xfc, 0xf8, 0x00,
    0xf8, 0xfc, 0xf8, 0x00, 0xf8, 0xfc, 0xf8, 0x00, 0xf8, 0xfc, 0xf8, 0x00,
    0xf8, 0xfc, 0xf8, 0x00, 0xf8, 0xfc, 0xf8, 0x00, 0xf8, 0xfc, 0xf8, 0x00,
    0xf8, 0xfc, 0xf8, 0x00, 0xf8, 0xfc, 0xf8, 0x00, 0xf8, 0xfc, 0xf8, 0x00,
    0xf8, 0xfc, 0xf8, 0x00, 0xf8, 0xfc, 0xf8, 0x00, 0xf8, 0xfc, 0xf8, 0x00,
    0xf8, 0xfc, 0xf8, 0x00, 0xf8, 0xfc, 0xf8, 0x00, 0xf8, 0xfc, 0xf8, 0x00,
    0xf8, 0xfc, 0xf8, 0x00, 0xf8, 0xfc, 0xf8, 0x00, 0xf8, 0xfc, 0xf8, 0x00,
    0xf8, 0xfc, 0xf8, 0x00, 0xf8, 0xfc, 0xf8, 0x00, 0xf8, 0xfc, 0xf8, 0x00,
    0xf8, 0xfc, 0xf8, 0x00, 0xf8, 0xfc, 0xf8, 0x00, 0xf8, 0xfc, 0xf8, 0x00,
    0xf8, 0xfc, 0xf8, 0x00, 0xf8, 0xfc, 0xf8, 0x00, 0xf8, 0xfc, 0xf8, 0x00,
    0xf8, 0xfc, 0xf8, 0x00, 0xf8, 0xfc, 0xf8, 0x00, 0xf8, 0xfc, 0xf8, 0x00,
    0xf8, 0xfc, 0xf8, 0x00, 0xf8, 0xfc, 0xf8, 0x00, 0xf8, 0xfc, 0xf8, 0x00,
    0xf8, 0xfc, 0xf8, 0x00, 0xf8, 0xfc, 0xf8, 0x00, 0xf8, 0xfc, 0xf8, 0x00,
    0xf8, 0xfc, 0xf8, 0x00, 0xf8, 0xfc, 0xf8, 0x00, 0xf8, 0xfc, 0xf8, 0x00,
    0xf8, 0xfc, 0xf8, 0x00, 0xf8, 0xfc, 0xf8, 0x00, 0xf8, 0xfc, 0xf8, 0x00,
    0xf8, 0xfc, 0xf8, 0x00, 0xf8, 0xfc, 0xf8, 0x00, 0xf8, 0xfc, 0xf8, 0x00,
    0xf8, 0xfc, 0xf8, 0x00, 0xf8, 0xfc, 0xf8, 0x00, 0xf8, 0xfc, 0xf8, 0x00,
    0xf8, 0xfc, 0xf8, 0x00, 0xf8, 0xfc, 0xf8, 0x00, 0xf8, 0xfc, 0xf8, 0x00,
    0xf8, 0xfc, 0xf8, 0x00, 0xf8, 0xfc, 0xf8, 0x00, 0xf8, 0xfc, 0xf8, 0x00,
    0xf8, 0xfc, 0xf8, 0x00, 0xf8, 0xfc, 0xf8, 0x00, 0xf8, 0xfc, 0xf8, 0x00,
    0xf8, 0xfc, 0xf8, 0x00, 0xf8, 0xfc, 0xf8, 0x00, 0xf8, 0xfc, 0xf8, 0x00,
    0xf8, 0xfc, 0xf8, 0x00, 0xf8, 0xfc, 0xf8, 0x00, 0xf8, 0xfc, 0xf8, 0x00,
    0xf8, 0xfc, 0xf8, 0x00, 0xf8, 0xfc, 0xf8, 0x00, 0xf8, 0xfc, 0xf8, 0x00,
    0xf8, 0xfc, 0xf8, 0x00, 0xf8, 0xfc, 0xf8, 0x00, 0xf8, 0xfc, 0xf8, 0x00,
    0xf8, 0xe8, 0xb8, 0x10, 0xf8, 0xe8, 0xb8, 0xcf, 0xf8, 0xe8, 0xc0, 0xff,
    0xf8, 0xe8, 0xc0, 0xff, 0xf8, 0xe8, 0xb8, 0xff, 0xf8, 0xe8, 0xc0, 0xff,
    0xf8, 0xe8, 0xc0, 0xff, 0xf8, 0xec, 0xc0, 0xef, 0xf8, 0xe8, 0xc0, 0x30,
    0xf8, 0xfc, 0xf8, 0x00, 0xf8, 0xfc, 0xf8, 0x00, 0xf8, 0xfc, 0xf8, 0x00,
    0xf8, 0xfc, 0xf8, 0x00, 0xf8, 0xfc, 0xf8, 0x00, 0xf8, 0xfc, 0xf8, 0x00,
    0xf8, 0xfc, 0xf8, 0x00, 0xf8, 0xfc, 0xf8, 0x00, 0xf8, 0xfc, 0xf8, 0x00,
    0xf8, 0xfc, 0xf8, 0x00, 0xf8, 0xfc, 0xf8, 0x00, 0xf8, 0xfc, 0xf8, 0x00,
    0xf8, 0xfc, 0xf8, 0x00, 0xf8, 0xfc, 0xf8, 0x00, 0xf8, 0xfc, 0xf8, 0x00,
    0xf8, 0xfc, 0xf8, 0x00, 0xf8, 0xfc, 0xf8, 0x00, 0xf8, 0xfc, 0xf8, 0x00,
    0xf8, 0xfc, 0xf8, 0x00, 0xf8, 0xfc, 0xf8, 0x00, 0xf8, 0xfc, 0xf8, 0x00,
    0xf8, 0xfc, 0xf8, 0x00, 0xf8, 0xfc, 0xf8, 0x00, 0xf8, 0xfc, 0xf8, 0x00,
    0xf8, 0xfc, 0xf8, 0x00, 0xf8, 0xfc, 0xf8, 0x00, 0xf8, 0xfc, 0xf8, 0x00,
    0xf8, 0xfc, 0xf8, 0x00, 0xf8, 0xfc, 0xf8, 0x00, 0xf8, 0xfc, 0xf8, 0x00,
    0xc8, 0x84, 0x58, 0xae, 0xc8, 0x88, 0x60, 0xff, 0xc8, 0x88, 0x60, 0xff,
    0xc8, 0x8c, 0x60, 0xff, 0xd0, 0x8c, 0x60, 0xff, 0xd0, 0x90, 0x68, 0xff,
    0xd0, 0x90, 0x68, 0xef, 0xd0, 0x90, 0x68, 0x30, 0xf8, 0xfc, 0xf8, 0x00,
    0xf8, 0xfc, 0xf8, 0x00, 0xf8, 0xfc, 0xf8, 0x00, 0xf8, 0xfc, 0xf8, 0x00,
    0xf8, 0xfc, 0xf8, 0x00, 0xf8, 0xfc, 0xf8, 0x00, 0xf8, 0xfc, 0xf8, 0x00,
    0xf8, 0xfc, 0xf8, 0x00, 0xf8, 0xfc, 0xf8, 0x00, 0xf8, 0xfc, 0xf8, 0x00,
    0xf8, 0xfc, 0xf8, 0x00, 0xf8, 0xfc, 0xf8, 0x00, 0xf8, 0xfc, 0xf8, 0x00,
    0xf8, 0xfc, 0xf8, 0x00, 0xf8, 0xfc, 0xf8, 0x00, 0xf8, 0xfc, 0xf8, 0x00,
    0xf8, 0xfc, 0xf8, 0x00, 0xf8, 0xfc, 0xf8, 0x00, 0xf8, 0xfc, 0xf8, 0x00,
    0xf8, 0xfc, 0xf8, 0x00, 0xf8, 0xfc, 0xf8, 0x00, 0xf8, 0xfc, 0xf8, 0x00,
    0xf8, 0xfc, 0xf8, 0x00, 0xf8, 0xfc, 0xf8, 0x00, 0xf8, 0xfc, 0xf8, 0x00,
    0xf8, 0xfc, 0xf8, 0x00, 0xf8, 0xfc, 0xf8, 0x00, 0xf8, 0xfc, 0xf8, 0x00,
    0xf8, 0xfc, 0xf8, 0x00, 0xf8, 0xfc, 0xf8, 0x00, 0xf8, 0xfc, 0xf8, 0x00,
    0xf8, 0xfc, 0xf8, 0x00, 0xf8, 0xfc, 0xf8, 0x00, 0xf8, 0xfc, 0xf8, 0x00,
    0xf8, 0xfc, 0xf8, 0x00, 0xf8, 0xfc, 0xf8, 0x00, 0xf8, 0xfc, 0xf8, 0x00,
    0xf8, 0xfc, 0xf8, 0x00, 0xf8, 0xfc, 0xf8, 0x00, 0xf8, 0xfc, 0xf8, 0x00,
    0xf8, 0xfc, 0xf8, 0x00, 0xf8, 0xfc, 0xf8, 0x00, 0xf8, 0xfc, 0xf8, 0x00,
    0xf8, 0xfc, 0xf8, 0x00, 0xf8, 0xfc, 0xf8, 0x00, 0xf8, 0xfc, 0xf8, 0x00,
    0xf8, 0xfc, 0xf8, 0x00, 0xf8, 0xfc, 0xf8, 0x00, 0xf8, 0xfc, 0xf8, 0x00,
    0xf8, 0xfc, 0xf8, 0x00, 0xf8, 0xfc, 0xf8, 0x00, 0xf8, 0xfc, 0xf8, 0x00,
    0xf8, 0xfc, 0xf8, 0x00, 0xf8, 0xfc, 0xf8, 0x00, 0xf8, 0xfc, 0xf8, 0x00,
    0xf8, 0xfc, 0xf8, 0x00, 0xf8, 0xfc, 0xf8, 0x00, 0xf8, 0xfc, 0xf8, 0x00,
    0xf8, 0xfc, 0xf8, 0x00, 0xf8, 0xfc, 0xf8, 0x00, 0xf8, 0xfc, 0xf8, 0x00,
    0xf8, 0xfc, 0xf8, 0x00, 0xf8, 0xfc, 0xf8, 0x00, 0xf8, 0xfc, 0xf8, 0x00,
    0xf8, 0xfc, 0xf8, 0x00, 0xf8, 0xfc, 0xf8, 0x00, 0xf8, 0xfc, 0xf8, 0x00,
    0xf8, 0xfc, 0xf8, 0x00, 0xf8, 0xfc, 0xf8, 0x00, 0xf8, 0xfc, 0xf8, 0x00,
    0xf8, 0xfc, 0xf8, 0x00, 0xf8, 0xfc, 0xf8, 0x00, 0xf8, 0xfc, 0xf8, 0x00,
    0xf8, 0xfc, 0xf8, 0x00, 0xf8, 0xfc, 0xf8, 0x00, 0xf8, 0xfc, 0xf8, 0x00,
    0xf8, 0xfc, 0xf8, 0x00, 0xf8, 0xfc, 0xf8, 0x00, 0xf8, 0xfc, 0xf8, 0x00,
    0xf8, 0xfc, 0xf8, 0x00, 0xf8, 0xe8, 0xb8, 0x10, 0xf8, 0xe8, 0xc0, 0xcf,
    0xf8, 0xe8, 0xc0, 0xff, 0xf8, 0xe8, 0xc0, 0xff, 0xf8, 0xe8, 0xb8, 0xff,
    0xf8, 0xe8, 0xc0, 0xff, 0xf8, 0xec, 0xc0, 0xff, 0xf8, 0xe8, 0xc0, 0xef,
    0xf8, 0xec, 0xc0, 0x20, 0xf8, 0xfc, 0xf8, 0x00, 0xf8, 0xfc, 0xf8, 0x00,
    0xf8, 0xfc, 0xf8, 0x00, 0xf8, 0xfc, 0xf8, 0x00, 0xf8, 0xfc, 0xf8, 0x00,
    0xf8, 0xfc, 0xf8, 0x00, 0xf8, 0xfc, 0xf8, 0x00, 0xf8, 0xfc, 0xf8, 0x00,
    0xf8, 0xfc, 0xf8, 0x00, 0xf8, 0xfc, 0xf8, 0x00, 0xf8, 0xfc, 0xf8, 0x00,
    0xf8, 0xfc, 0xf8, 0x00, 0xf8, 0xfc, 0xf8, 0x00, 0xf8, 0xfc, 0xf8, 0x00,
    0xf8, 0xfc, 0xf8, 0x00, 0xf8, 0xfc, 0xf8, 0x00, 0xf8, 0xfc, 0xf8, 0x00,
    0xf8, 0xfc, 0xf8, 0x00, 0xf8, 0xfc, 0xf8, 0x00, 0xf8, 0xfc, 0xf8, 0x00,
    0xf8, 0xfc, 0xf8, 0x00, 0xf8, 0xfc, 0xf8, 0x00, 0xf8, 0xfc, 0xf8, 0x00,
    0xf8, 0xfc, 0xf8, 0x00, 0xf8, 0xfc, 0xf8, 0x00, 0xf8, 0xfc, 0xf8, 0x00,
    0xf8, 0xfc, 0xf8, 0x00, 0xf8, 0xfc, 0xf8, 0x00, 0xc8, 0x84, 0x58, 0x82,
    0xc8, 0x84, 0x60, 0xff, 0xc8, 0x88, 0x60, 0xff, 0xc8, 0x8c, 0x60, 0xff,
    0xc8, 0x8c, 0x60, 0xff, 0xc8, 0x8c, 0x60, 0xff, 0xd0, 0x90, 0x60, 0xff,
    0xd0, 0x90, 0x68, 0x41, 0xf8, 0xfc, 0xf8, 0x00, 0xf8, 0xfc, 0xf8, 0x00,
    0xf8, 0xfc, 0xf8, 0x00, 0xf8, 0xfc, 0xf8, 0x00, 0xf8, 0xfc, 0xf8, 0x00,
    0xf8, 0xfc, 0xf8, 0x00, 0xf8, 0xfc, 0xf8, 0x00, 0xf8, 0xfc, 0xf8, 0x00,
    0xf8, 0xfc, 0xf8, 0x00, 0xf8, 0xfc, 0xf8, 0x00, 0xf8, 0xfc, 0xf8, 0x00,
    0xf8, 0xfc, 0xf8, 0x00, 0xf8, 0xfc, 0xf8, 0x00, 0xf8, 0xfc, 0xf8, 0x00,
    0xf8, 0xfc, 0xf8, 0x00, 0xf8, 0xfc, 0xf8, 0x00, 0xf8, 0xfc, 0xf8, 0x00,
    0xf8, 0xfc, 0xf8, 0x00, 0xf8, 0xfc, 0xf8, 0x00, 0xf8, 0xfc, 0xf8, 0x00,
    0xf8, 0xfc, 0xf8, 0x00, 0xf8, 0xfc, 0xf8, 0x00, 0xf8, 0xfc, 0xf8, 0x00,
    0xf8, 0xfc, 0xf8, 0x00, 0xf8, 0xfc, 0xf8, 0x00, 0xf8, 0xfc, 0xf8, 0x00,
    0xf8, 0xfc, 0xf8, 0x00, 0xf8, 0xfc, 0xf8, 0x00, 0xf8, 0xfc, 0xf8, 0x00,
    0xf8, 0xfc, 0xf8, 0x00, 0xf8, 0xfc, 0xf8, 0x00, 0xf8, 0xfc, 0xf8, 0x00,
    0xf8, 0xfc, 0xf8, 0x00, 0xf8, 0xfc, 0xf8, 0x00, 0xf8, 0xfc, 0xf8, 0x00,
    0xf8, 0xfc, 0xf8, 0x00, 0xf8, 0xfc, 0xf8, 0x00, 0xf8, 0xfc, 0xf8, 0x00,
    0xf8, 0xfc, 0xf8, 0x00, 0xf8, 0xfc, 0xf8, 0x00, 0xf8, 0xfc, 0xf8, 0x00,
    0xf8, 0xfc, 0xf8, 0x00, 0xf8, 0xfc, 0xf8, 0x00, 0xf8, 0xfc, 0xf8, 0x00,
    0xf8, 0xfc, 0xf8, 0x00, 0xf8, 0xfc, 0xf8, 0x00, 0xf8, 0xfc, 0xf8, 0x00,
    0xf8, 0xfc, 0xf8, 0x00, 0xf8, 0xfc, 0xf8, 0x00, 0xf8, 0xfc, 0xf8, 0x00,
    0xf8, 0xfc, 0xf8, 0x00, 0xf8, 0xfc, 0xf8, 0x00, 0xf8, 0xfc, 0xf8, 0x00,
    0xf8, 0xfc, 0xf8, 0x00, 0xf8, 0xfc, 0xf8, 0x00, 0xf8, 0xfc, 0xf8, 0x00,
    0xf8, 0xfc, 0xf8, 0x00, 0xf8, 0xfc, 0xf8, 0x00, 0xf8, 0xfc, 0xf8, 0x00,
    0xf8, 0xfc, 0xf8, 0x00, 0xf8, 0xfc, 0xf8, 0x00, 0xf8, 0xfc, 0xf8, 0x00,
    0xf8, 0xfc, 0xf8, 0x00, 0xf8, 0xfc, 0xf8, 0x00, 0xf8, 0xfc, 0xf8, 0x00,
    0xf8, 0xfc, 0xf8, 0x00, 0xf8, 0xfc, 0xf8, 0x00, 0xf8, 0xfc, 0xf8, 0x00,
    0xf8, 0xfc, 0xf8, 0x00, 0xf8, 0xfc, 0xf8, 0x00, 0xf8, 0xfc, 0xf8, 0x00,
    0xf8, 0xfc, 0xf8, 0x00, 0xf8, 0xfc, 0xf8, 0x00, 0xf8, 0xfc, 0xf8, 0x00,
    0xf8, 0xfc, 0xf8, 0x00, 0xf8, 0xfc, 0xf8, 0x00, 0xf8, 0xfc, 0xf8, 0x00,
    0xf8, 0xfc, 0xf8, 0x00, 0xf8, 0xfc, 0xf8, 0x00, 0xf8, 0xfc, 0xf8, 0x00,
    0xf8, 0xfc, 0xf8, 0x00, 0xf8, 0xfc, 0xf8, 0x00, 0xf8, 0xe8, 0xb8, 0x10,
    0xf8, 0xe8, 0xc0, 0xcf, 0xf8, 0xe8, 0xc0, 0xff, 0xf8, 0xe8, 0xc0, 0xff,
    0xf8, 0xec, 0xc0, 0xff, 0xf8, 0xe8, 0xc0, 0xff, 0xf8, 0xec, 0xc0, 0xff,
    0xf8, 0xec, 0xc0, 0xcf, 0xf0, 0xe8, 0xc0, 0x10, 0xf8, 0xfc, 0xf8, 0x00,
    0xf8, 0xfc, 0xf8, 0x00, 0xf8, 0xfc, 0xf8, 0x00, 0xf8, 0xfc, 0xf8, 0x00,
    0xf8, 0xfc, 0xf8, 0x00, 0xf8, 0xfc, 0xf8, 0x00, 0xf8, 0xfc, 0xf8, 0x00,
    0xf8, 0xfc, 0xf8, 0x00, 0xf8, 0xfc, 0xf8, 0x00, 0xf8, 0xfc, 0xf8, 0x00,
    0xf8, 0xfc, 0xf8, 0x00, 0xf8, 0xfc, 0xf8, 0x00, 0xf8, 0xfc, 0xf8, 0x00,
    0xf8, 0xfc, 0xf8, 0x00, 0xf8, 0xfc, 0xf8, 0x00, 0xf8, 0xfc, 0xf8, 0x00,
    0xf8, 0xfc, 0xf8, 0x00, 0xf8, 0xfc, 0xf8, 0x00, 0xf8, 0xfc, 0xf8, 0x00,
    0xf8, 0xfc, 0xf8, 0x00, 0xf8, 0xfc, 0xf8, 0x00, 0xf8, 0xfc, 0xf8, 0x00,
    0xf8, 0xfc, 0xf8, 0x00, 0xf8, 0xfc, 0xf8, 0x00, 0xf8, 0xfc, 0xf8, 0x00,
    0xf8, 0xfc, 0xf8, 0x00, 0xc8, 0x84, 0x58, 0x51, 0xc8, 0x84, 0x60, 0xff,
    0xc8, 0x88, 0x60, 0xff, 0xc8, 0x88, 0x60, 0xff, 0xc8, 0x8c, 0x60, 0xff,
    0xd0, 0x8c, 0x60, 0xff, 0xd0, 0x8c, 0x68, 0xff, 0xc8, 0x90, 0x68, 0x61,
    0xf8, 0xfc, 0xf8, 0x00, 0xf8, 0xfc, 0xf8, 0x00, 0xf8, 0xfc, 0xf8, 0x00,
    0xf8, 0xfc, 0xf8, 0x00, 0xf8, 0xfc, 0xf8, 0x00, 0xf8, 0xfc, 0xf8, 0x00,
    0xf8, 0xfc, 0xf8, 0x00, 0xf8, 0xfc, 0xf8, 0x00, 0xf8, 0xfc, 0xf8, 0x00,
    0xf8, 0xfc, 0xf8, 0x00, 0xf8, 0xfc, 0xf8, 0x00, 0xf8, 0xfc, 0xf8, 0x00,
    0xf8, 0xfc, 0xf8, 0x00, 0xf8, 0xfc, 0xf8, 0x00, 0xf8, 0xfc, 0xf8, 0x00,
    0xf8, 0xfc, 0xf8, 0x00, 0xf8, 0xfc, 0xf8, 0x00, 0xf8, 0xfc, 0xf8, 0x00,
    0xf8, 0xfc, 0xf8, 0x00, 0xf8, 0xfc, 0xf8, 0x00, 0xf8, 0xfc, 0xf8, 0x00,
    0xf8, 0xfc, 0xf8, 0x00, 0xf8, 0xfc, 0xf8, 0x00, 0xf8, 0xfc, 0xf8, 0x00,
    0xf8, 0xfc, 0xf8, 0x00, 0xf8, 0xfc, 0xf8, 0x00, 0xf8, 0xfc, 0xf8, 0x00,
    0xf8, 0xfc, 0xf8, 0x00, 0xf8, 0xfc, 0xf8, 0x00, 0xf8, 0xfc, 0xf8, 0x00,
    0xf8, 0xfc, 0xf8, 0x00, 0xf8, 0xfc, 0xf8, 0x00, 0xf8, 0xfc, 0xf8, 0x00,
    0xf8, 0xfc, 0xf8, 0x00, 0xf8, 0xfc, 0xf8, 0x00, 0xf8, 0xfc, 0xf8, 0x00,
    0xf8, 0xfc, 0xf8, 0x00, 0xf8, 0xfc, 0xf8, 0x00, 0xf8, 0xfc, 0xf8, 0x00,
    0xf8, 0xfc, 0xf8, 0x00, 0xf8, 0xfc, 0xf8, 0x00, 0xf8, 0xfc, 0xf8, 0x00,
    0xf8, 0xfc, 0xf8, 0x00, 0xf8, 0xfc, 0xf8, 0x00, 0xf8, 0xfc, 0xf8, 0x00,
    0xf8, 0xfc, 0xf8, 0x00, 0xf8, 0xfc, 0xf8, 0x00, 0xf8, 0xfc, 0xf8, 0x00,
    0xf8, 0xfc, 0xf8, 0x00, 0xf8, 0xfc, 0xf8, 0x00, 0xf8, 0xfc, 0xf8, 0x00,
    0xf8, 0xfc, 0xf8, 0x00, 0xf8, 0xfc, 0xf8, 0x00, 0xf8, 0xfc, 0xf8, 0x00,
    0xf8, 0xfc, 0xf8, 0x00, 0xf8, 0xfc, 0xf8, 0x00, 0xf8, 0xfc, 0xf8, 0x00,
    0xf8, 0xfc, 0xf8, 0x00, 0xf8, 0xfc, 0xf8, 0x00, 0xf8, 0xfc, 0xf8, 0x00,
    0xf8, 0xfc, 0xf8, 0x00, 0xf8, 0xfc, 0xf8, 0x00, 0xf8, 0xfc, 0xf8, 0x00,
    0xf8, 0xfc, 0xf8, 0x00, 0xf8, 0xfc, 0xf8, 0x00, 0xf8, 0xfc, 0xf8, 0x00,
    0xf8, 0xfc, 0xf8, 0x00, 0xf8, 0xfc, 0xf8, 0x00, 0xf8, 0xfc, 0xf8, 0x00,
    0xf8, 0xfc, 0xf8, 0x00, 0xf8, 0xfc, 0xf8, 0x00, 0xf8, 0xfc, 0xf8, 0x00,
    0xf8, 0xfc, 0xf8, 0x00, 0xf8, 0xfc, 0xf8, 0x00, 0xf8, 0xfc, 0xf8, 0x00,
    0xf8, 0xfc, 0xf8, 0x00, 0xf8, 0xfc, 0xf8, 0x00, 0xf8, 0xfc, 0xf8, 0x00,
    0xf8, 0xfc, 0xf8, 0x00, 0xf8, 0xfc, 0xf8, 0x00, 0xf8, 0xfc, 0xf8, 0x00,
    0xf8, 0xfc, 0xf8, 0x00, 0xf8, 0xfc, 0xf8, 0x00, 0xf8, 0xfc, 0xf8, 0x00,
    0xf8, 0xe8, 0xc0, 0x10, 0xf8, 0xe8, 0xc0, 0xdf, 0xf8, 0xec, 0xc0, 0xff,
    0xf8, 0xe8, 0xc0, 0xff, 0xf8, 0xec, 0xc0, 0xff, 0xf8, 0xec, 0xc0, 0xff,
    0xf8, 0xe8, 0xc0, 0xff, 0xf0, 0xe4, 0xc0, 0xae, 0xf8, 0xfc, 0xf8, 0x00,
    0xf8, 0xfc, 0xf8, 0x00, 0xf8, 0xfc, 0xf8, 0x00, 0xf8, 0xfc, 0xf8, 0x00,
    0xf8, 0xfc, 0xf8, 0x00, 0xf8, 0xfc, 0xf8, 0x00, 0xf8, 0xfc, 0xf8, 0x00,
    0xf8, 0xfc, 0xf8, 0x00, 0xf8, 0xfc, 0xf8, 0x00, 0xf8, 0xfc, 0xf8, 0x00,
    0xf8, 0xfc, 0xf8, 0x00, 0xf8, 0xfc, 0xf8, 0x00, 0xf8, 0xfc, 0xf8, 0x00,
    0xf8, 0xfc, 0xf8, 0x00, 0xf8, 0xfc, 0xf8, 0x00, 0xf8, 0xfc, 0xf8, 0x00,
    0xf8, 0xfc, 0xf8, 0x00, 0xf8, 0xfc, 0xf8, 0x00, 0xf8, 0xfc, 0xf8, 0x00,
    0xf8, 0xfc, 0xf8, 0x00, 0xf8, 0xfc, 0xf8, 0x00, 0xf8, 0xfc, 0xf8, 0x00,
    0xf8, 0xfc, 0xf8, 0x00, 0xf8, 0xfc, 0xf8, 0x00, 0xf8, 0xfc, 0xf8, 0x00,
    0xc8, 0x84, 0x58, 0x20, 0xc8, 0x84, 0x58, 0xef, 0xc8, 0x88, 0x60, 0xff,
    0xc8, 0x88, 0x60, 0xff, 0xc8, 0x88, 0x60, 0xff, 0xc8, 0x8c, 0x60, 0xff,
    0xd0, 0x8c, 0x60, 0xff, 0xd0, 0x90, 0x68, 0x71, 0xf8, 0xfc, 0xf8, 0x00,
    0xf8, 0xfc, 0xf8, 0x00, 0xf8, 0xfc, 0xf8, 0x00, 0xf8, 0xfc, 0xf8, 0x00,
    0xf8, 0xfc, 0xf8, 0x00, 0xf8, 0xfc, 0xf8, 0x00, 0xf8, 0xfc, 0xf8, 0x00,
    0xf8, 0xfc, 0xf8, 0x00, 0xf8, 0xfc, 0xf8, 0x00, 0xf8, 0xfc, 0xf8, 0x00,
    0xf8, 0xfc, 0xf8, 0x00, 0xf8, 0xfc, 0xf8, 0x00, 0xf8, 0xfc, 0xf8, 0x00,
    0xf8, 0xfc, 0xf8, 0x00, 0xf8, 0xfc, 0xf8, 0x00, 0xf8, 0xfc, 0xf8, 0x00,
    0xf8, 0xfc, 0xf8, 0x00, 0xf8, 0xfc, 0xf8, 0x00, 0xf8, 0xfc, 0xf8, 0x00,
    0xf8, 0xfc, 0xf8, 0x00, 0xf8, 0xfc, 0xf8, 0x00, 0xf8, 0xfc, 0xf8, 0x00,
    0xf8, 0xfc, 0xf8, 0x00, 0xf8, 0xfc, 0xf8, 0x00, 0xf8, 0xfc, 0xf8, 0x00,
    0xf8, 0xfc, 0xf8, 0x00, 0xf8, 0xfc, 0xf8, 0x00, 0xf8, 0xfc, 0xf8, 0x00,
    0xf8, 0xfc, 0xf8, 0x00, 0xf8, 0xfc, 0xf8, 0x00, 0xf8, 0xfc, 0xf8, 0x00,
    0xf8, 0xfc, 0xf8, 0x00, 0xf8, 0xfc, 0xf8, 0x00, 0xf8, 0xfc, 0xf8, 0x00,
    0xf8, 0xfc, 0xf8, 0x00, 0xf8, 0xfc, 0xf8, 0x00, 0xf8, 0xfc, 0xf8, 0x00,
    0xf8, 0xfc, 0xf8, 0x00, 0xf8, 0xfc, 0xf8, 0x00, 0xf8, 0xfc, 0xf8, 0x00,
    0xf8, 0xfc, 0xf8, 0x00, 0xf8, 0xfc, 0xf8, 0x00, 0xf8, 0xfc, 0xf8, 0x00,
    0xf8, 0xfc, 0xf8, 0x00, 0xf8, 0xfc, 0xf8, 0x00, 0xf8, 0xfc, 0xf8, 0x00,
    0xf8, 0xfc, 0xf8, 0x00, 0xf8, 0xfc, 0xf8, 0x00, 0xf8, 0xfc, 0xf8, 0x00,
    0xf8, 0xfc, 0xf8, 0x00, 0xf8, 0xfc, 0xf8, 0x00, 0xf8, 0xfc, 0xf8, 0x00,
    0xf8, 0xfc, 0xf8, 0x00, 0xf8, 0xfc, 0xf8, 0x00, 0xf8, 0xfc, 0xf8, 0x00,
    0xf8, 0xfc, 0xf8, 0x00, 0xf8, 0xfc, 0xf8, 0x00, 0xf8, 0xfc, 0xf8, 0x00,
    0xf8, 0xfc, 0xf8, 0x00, 0xf8, 0xfc, 0xf8, 0x00, 0xf8, 0xfc, 0xf8, 0x00,
    0xf8, 0xfc, 0xf8, 0x00, 0xf8, 0xfc, 0xf8, 0x00, 0xf8, 0xfc, 0xf8, 0x00,
    0xf8, 0xfc, 0xf8, 0x00, 0xf8, 0xfc, 0xf8, 0x00, 0xf8, 0xfc, 0xf8, 0x00,
    0xf8, 0xfc, 0xf8, 0x00, 0xf8, 0xfc, 0xf8, 0x00, 0xf8, 0xfc, 0xf8, 0x00,
    0xf8, 0xfc, 0xf8, 0x00, 0xf8, 0xfc, 0xf8, 0x00, 0xf8, 0xfc, 0xf8, 0x00,
    0xf8, 0xfc, 0xf8, 0x00, 0xf8, 0xfc, 0xf8, 0x00, 0xf8, 0xfc, 0xf8, 0x00,
    0xf8, 0xfc, 0xf8, 0x00, 0xf8, 0xfc, 0xf8, 0x00, 0xf8, 0xfc, 0xf8, 0x00,
    0xf8, 0xfc, 0xf8, 0x00, 0xf8, 0xfc, 0xf8, 0x00, 0xf8, 0xfc, 0xf8, 0x00,
    0xf8, 0xfc, 0xf8, 0x00, 0xf8, 0xfc, 0xf8, 0x00, 0xf8, 0xfc, 0xf8, 0x00,
    0xf8, 0xfc, 0xf8, 0x00, 0xf8, 0xe8, 0xc0, 0x30, 0xf8, 0xec, 0xc0, 0xef,
    0xf8, 0xe8, 0xc0, 0xff, 0xf8, 0xec, 0xc0, 0xff, 0xf8, 0xe8, 0xc0, 0xff,
    0xf0, 0xe8, 0xc0, 0xff, 0xf0, 0xe4, 0xc0, 0xff, 0xe8, 0xe0, 0xc0, 0x71,
    0xf8, 0xfc, 0xf8, 0x00, 0xf8, 0xfc, 0xf8, 0x00, 0xf8, 0xfc, 0xf8, 0x00,
    0xf8, 0xfc, 0xf8, 0x00, 0xf8, 0xfc, 0xf8, 0x00, 0xf8, 0xfc, 0xf8, 0x00,
    0xf8, 0xfc, 0xf8, 0x00, 0xf8, 0xfc, 0xf8, 0x00, 0xf8, 0xfc, 0xf8, 0x00,
    0xf8, 0xfc, 0xf8, 0x00, 0xf8, 0xfc, 0xf8, 0x00, 0xf8, 0xfc, 0xf8, 0x00,
    0xf8, 0xfc, 0xf8, 0x00, 0xf8, 0xfc, 0xf8, 0x00, 0xf8, 0xfc, 0xf8, 0x00,
    0xf8, 0xfc, 0xf8, 0x00, 0xf8, 0xfc, 0xf8, 0x00, 0xf8, 0xfc, 0xf8, 0x00,
    0xf8, 0xfc, 0xf8, 0x00, 0xf8, 0xfc, 0xf8, 0x00, 0xf8, 0xfc, 0xf8, 0x00,
    0xf8, 0xfc, 0xf8, 0x00, 0xf8, 0xfc, 0xf8, 0x00, 0xf8, 0xfc, 0xf8, 0x00,
    0xc8, 0x84, 0x58, 0xcf, 0xc8, 0x84, 0x60, 0xff, 0xc8, 0x88, 0x60, 0xff,
    0xc8, 0x88, 0x60, 0xff, 0xc8, 0x8c, 0x60, 0xff, 0xd0, 0x8c, 0x60, 0xff,
    0xd0, 0x90, 0x60, 0x9e, 0xf8, 0xfc, 0xf8, 0x00, 0xf8, 0xfc, 0xf8, 0x00,
    0xf8, 0xfc, 0xf8, 0x00, 0xf8, 0xfc, 0xf8, 0x00, 0xf8, 0xfc, 0xf8, 0x00,
    0xf8, 0xfc, 0xf8, 0x00, 0xf8, 0xfc, 0xf8, 0x00, 0xf8, 0xfc, 0xf8, 0x00,
    0xf8, 0xfc, 0xf8, 0x00, 0xf8, 0xfc, 0xf8, 0x00, 0xf8, 0xfc, 0xf8, 0x00,
    0xf8, 0xfc, 0xf8, 0x00, 0xf8, 0xfc, 0xf8, 0x00, 0xf8, 0xfc, 0xf8, 0x00,
    0xf8, 0xfc, 0xf8, 0x00, 0xf8, 0xfc, 0xf8, 0x00, 0xf8, 0xfc, 0xf8, 0x00,
    0xf8, 0xfc, 0xf8, 0x00, 0xf8, 0xfc, 0xf8, 0x00, 0xf8, 0xfc, 0xf8, 0x00,
    0xf8, 0xfc, 0xf8, 0x00, 0xf8, 0xfc, 0xf8, 0x00, 0xf8, 0xfc, 0xf8, 0x00,
    0xf8, 0xfc, 0xf8, 0x00, 0xf8, 0xfc, 0xf8, 0x00, 0xf8, 0xfc, 0xf8, 0x00,
    0xf8, 0xfc, 0xf8, 0x00, 0xf8, 0xfc, 0xf8, 0x00, 0xf8, 0xfc, 0xf8, 0x00,
    0xf8, 0xfc, 0xf8, 0x00, 0xf8, 0xfc, 0xf8, 0x00, 0xf8, 0xfc, 0xf8, 0x00,
    0xf8, 0xfc, 0xf8, 0x00, 0xf8, 0xfc, 0xf8, 0x00, 0xf8, 0xfc, 0xf8, 0x00,
    0xf8, 0xfc, 0xf8, 0x00, 0xf8, 0xfc, 0xf8, 0x00, 0xf8, 0xfc, 0xf8, 0x00,
    0xf8, 0xfc, 0xf8, 0x00, 0xf8, 0xfc, 0xf8, 0x00, 0xf8, 0xfc, 0xf8, 0x00,
    0xf8, 0xfc, 0xf8, 0x00, 0xf8, 0xfc, 0xf8, 0x00, 0xf8, 0xfc, 0xf8, 0x00,
    0xf8, 0xfc, 0xf8, 0x00, 0xf8, 0xfc, 0xf8, 0x00, 0xf8, 0xfc, 0xf8, 0x00,
    0xf8, 0xfc, 0xf8, 0x00, 0xf8, 0xfc, 0xf8, 0x00, 0xf8, 0xfc, 0xf8, 0x00,
    0xf8, 0xfc, 0xf8, 0x00, 0xf8, 0xfc, 0xf8, 0x00, 0xf8, 0xfc, 0xf8, 0x00,
    0xf8, 0xfc, 0xf8, 0x00, 0xf8, 0xfc, 0xf8, 0x00, 0xf8, 0xfc, 0xf8, 0x00,
    0xf8, 0xfc, 0xf8, 0x00, 0xf8, 0xfc, 0xf8, 0x00, 0xf8, 0xfc, 0xf8, 0x00,
    0xf8, 0xfc, 0xf8, 0x00, 0xf8, 0xfc, 0xf8, 0x00, 0xf8, 0xfc, 0xf8, 0x00,
    0xf8, 0xfc, 0xf8, 0x00, 0xf8, 0xfc, 0xf8, 0x00, 0xf8, 0xfc, 0xf8, 0x00,
    0xf8, 0xfc, 0xf8, 0x00, 0xf8, 0xfc, 0xf8, 0x00, 0xf8, 0xfc, 0xf8, 0x00,
    0xf8, 0xfc, 0xf8, 0x00, 0xf8, 0xfc, 0xf8, 0x00, 0xf8, 0xfc, 0xf8, 0x00,
    0xf8, 0xfc, 0xf8, 0x00, 0xf8, 0xfc, 0xf8, 0x00, 0xf8, 0xfc, 0xf8, 0x00,
    0xf8, 0xfc, 0xf8, 0x00, 0xf8, 0xfc, 0xf8, 0x00, 0xf8, 0xfc, 0xf8, 0x00,
    0xf8, 0xfc, 0xf8, 0x00, 0xf8, 0xfc, 0xf8, 0x00, 0xf8, 0xfc, 0xf8, 0x00,
    0xf8, 0xfc, 0xf8, 0x00, 0xf8, 0xfc, 0xf8, 0x00, 0xf8, 0xfc, 0xf8, 0x00,
    0xf8, 0xfc, 0xf8, 0x00, 0xf8, 0xfc, 0xf8, 0x00, 0xf8, 0xfc, 0xf8, 0x00,
    0xf8, 0xfc, 0xf8, 0x00, 0xf8, 0xfc, 0xf8, 0x00, 0xf8, 0xe8, 0xc0, 0x41,
    0xf8, 0xec, 0xc0, 0xff, 0xf8, 0xec, 0xc0, 0xff, 0xf8, 0xe8, 0xc0, 0xff,
    0xf0, 0xe4, 0xc0, 0xff, 0xe8, 0xe0, 0xc0, 0xff, 0xe8, 0xdc, 0xc0, 0xff,
    0xe0, 0xd8, 0xc0, 0x30, 0xf8, 0xfc, 0xf8, 0x00, 0xf8, 0xfc, 0xf8, 0x00,
    0xf8, 0xfc, 0xf8, 0x00, 0xf8, 0xfc, 0xf8, 0x00, 0xf8, 0xfc, 0xf8, 0x00,
    0xf8, 0xfc, 0xf8, 0x00, 0xf8, 0xfc, 0xf8, 0x00, 0xf8, 0xfc, 0xf8, 0x00,
    0xf8, 0xfc, 0xf8, 0x00, 0xf8, 0xfc, 0xf8, 0x00, 0xf8, 0xfc, 0xf8, 0x00,
    0xf8, 0xfc, 0xf8, 0x00, 0xf8, 0xfc, 0xf8, 0x00, 0xf8, 0xfc, 0xf8, 0x00,
    0xf8, 0xfc, 0xf8, 0x00, 0xf8, 0xfc, 0xf8, 0x00, 0xf8, 0xfc, 0xf8, 0x00,
    0xf8, 0xfc, 0xf8, 0x00, 0xf8, 0xfc, 0xf8, 0x00, 0xf8, 0xfc, 0xf8, 0x00,
    0xf8, 0xfc, 0xf8, 0x00, 0xf8, 0xfc, 0xf8, 0x00, 0xc8, 0x84, 0x58, 0x82,
    0xc0, 0x84, 0x60, 0xff, 0xc8, 0x84, 0x60, 0xff, 0xc8, 0x88, 0x60, 0xff,
    0xc8, 0x8c, 0x60, 0xff, 0xc8, 0x8c, 0x60, 0xff, 0xd0, 0x8c, 0x60, 0xcf,
    0xf8, 0xfc, 0xf8, 0x00, 0xf8, 0xfc, 0xf8, 0x00, 0xf8, 0xfc, 0xf8, 0x00,
    0xf8, 0xfc, 0xf8, 0x00, 0xf8, 0xfc, 0xf8, 0x00, 0xf8, 0xfc, 0xf8, 0x00,
    0xf8, 0xfc, 0xf8, 0x00, 0xf8, 0xfc, 0xf8, 0x00, 0xf8, 0xfc, 0xf8, 0x00,
    0xf8, 0xfc, 0xf8, 0x00, 0xf8, 0xfc, 0xf8, 0x00, 0xf8, 0xfc, 0xf8, 0x00,
    0xf8, 0xfc, 0xf8, 0x00, 0xf8, 0xfc, 0xf8, 0x00, 0xf8, 0xfc, 0xf8, 0x00,
    0xf8, 0xfc, 0xf8, 0x00, 0xf8, 0xfc, 0xf8, 0x00, 0xf8, 0xfc, 0xf8, 0x00,
    0xf8, 0xfc, 0xf8, 0x00, 0xf8, 0xfc, 0xf8, 0x00, 0xf8, 0xfc, 0xf8, 0x00,
    0xf8, 0xfc, 0xf8, 0x00, 0xf8, 0xfc, 0xf8, 0x00, 0xf8, 0xfc, 0xf8, 0x00,
    0xf8, 0xfc, 0xf8, 0x00, 0xf8, 0xfc, 0xf8, 0x00, 0xf8, 0xfc, 0xf8, 0x00,
    0xf8, 0xfc, 0xf8, 0x00, 0xf8, 0xfc, 0xf8, 0x00, 0xf8, 0xfc, 0xf8, 0x00,
    0xf8, 0xfc, 0xf8, 0x00, 0xf8, 0xfc, 0xf8, 0x00, 0xf8, 0xfc, 0xf8, 0x00,
    0xf8, 0xfc, 0xf8, 0x00, 0xf8, 0xfc, 0xf8, 0x00, 0xf8, 0xfc, 0xf8, 0x00,
    0xf8, 0xfc, 0xf8, 0x00, 0xf8, 0xfc, 0xf8, 0x00, 0xf8, 0xfc, 0xf8, 0x00,
    0xf8, 0xfc, 0xf8, 0x00, 0xf8, 0xfc, 0xf8, 0x00, 0xf8, 0xfc, 0xf8, 0x00,
    0xf8, 0xfc, 0xf8, 0x00, 0xf8, 0xfc, 0xf8, 0x00, 0xf8, 0xfc, 0xf8, 0x00,
    0xf8, 0xfc, 0xf8, 0x00, 0xf8, 0xfc, 0xf8, 0x00, 0xf8, 0xfc, 0xf8, 0x00,
    0xf8, 0xfc, 0xf8, 0x00, 0xf8, 0xfc, 0xf8, 0x00, 0xf8, 0xfc, 0xf8, 0x00,
    0xf8, 0xfc, 0xf8, 0x00, 0xf8, 0xfc, 0xf8, 0x00, 0xf8, 0xfc, 0xf8, 0x00,
    0xf8, 0xfc, 0xf8, 0x00, 0xf8, 0xfc, 0xf8, 0x00, 0xf8, 0xfc, 0xf8, 0x00,
    0xf8, 0xfc, 0xf8, 0x00, 0xf8, 0xfc, 0xf8, 0x00, 0xf8, 0xfc, 0xf8, 0x00,
    0xf8, 0xfc, 0xf8, 0x00, 0xf8, 0xfc, 0xf8, 0x00, 0xf8, 0xfc, 0xf8, 0x00,
    0xf8, 0xfc, 0xf8, 0x00, 0xf8, 0xfc, 0xf8, 0x00, 0xf8, 0xfc, 0xf8, 0x00,
    0xf8, 0xfc, 0xf8, 0x00, 0xf8, 0xfc, 0xf8, 0x00, 0xf8, 0xfc, 0xf8, 0x00,
    0xf8, 0xfc, 0xf8, 0x00, 0xf8, 0xfc, 0xf8, 0x00, 0xf8, 0xfc, 0xf8, 0x00,
    0xf8, 0xfc, 0xf8, 0x00, 0xf8, 0xfc, 0xf8, 0x00, 0xf8, 0xfc, 0xf8, 0x00,
    0xf8, 0xfc, 0xf8, 0x00, 0xf8, 0xfc, 0xf8, 0x00, 0xf8, 0xfc, 0xf8, 0x00,
    0xf8, 0xfc, 0xf8, 0x00, 0xf8, 0xfc, 0xf8, 0x00, 0xf8, 0xfc, 0xf8, 0x00,
    0xf8, 0xfc, 0xf8, 0x00, 0xf8, 0xfc, 0xf8, 0x00, 0xf8, 0xfc, 0xf8, 0x00,
    0xf8, 0xfc, 0xf8, 0x00, 0xf8, 0xfc, 0xf8, 0x00, 0xf8, 0xfc, 0xf8, 0x00,
    0xf8, 0xfc, 0xf8, 0x00, 0xf8, 0xfc, 0xf8, 0x00, 0xf8, 0xfc, 0xf8, 0x00,
    0xf8, 0xec, 0xc0, 0x71, 0xf8, 0xe8, 0xc0, 0xff, 0xf0, 0xe4, 0xc0, 0xff,
    0xf0, 0xe0, 0xc0, 0xff, 0xe8, 0xe0, 0xc8, 0xff, 0xe8, 0xdc, 0xc0, 0xff,
    0xe0, 0xd8, 0xc0, 0xcf, 0xf8, 0xfc, 0xf8, 0x00, 0xf8, 0xfc, 0xf8, 0x00,
    0xf8, 0xfc, 0xf8, 0x00, 0xf8, 0xfc, 0xf8, 0x00, 0xf8, 0xfc, 0xf8, 0x00,
    0xf8, 0xfc, 0xf8, 0x00, 0xf8, 0xfc, 0xf8, 0x00, 0xf8, 0xfc, 0xf8, 0x00,
    0xf8, 0xfc, 0xf8, 0x00, 0xf8, 0xfc, 0xf8, 0x00, 0xf8, 0xfc, 0xf8, 0x00,
    0xf8, 0xfc, 0xf8, 0x00, 0xf8, 0xfc, 0xf8, 0x00, 0xf8, 0xfc, 0xf8, 0x00,
    0xf8, 0xfc, 0xf8, 0x00, 0xf8, 0xfc, 0xf8, 0x00, 0xf8, 0xfc, 0xf8, 0x00,
    0xf8, 0xfc, 0xf8, 0x00, 0xf8, 0xfc, 0xf8, 0x00, 0xf8, 0xfc, 0xf8, 0x00,
    0xf8, 0xfc, 0xf8, 0x00, 0xc8, 0x84, 0x58, 0x30, 0xc8, 0x84, 0x58, 0xff,
    0xc8, 0x88, 0x60, 0xff, 0xc8, 0x88, 0x60, 0xff, 0xc8, 0x88, 0x60, 0xff,
    0xc8, 0x8c, 0x60, 0xff, 0xd0, 0x8c, 0x60, 0xef, 0xc8, 0x90, 0x68, 0x20,
    0xf8, 0xfc, 0xf8, 0x00, 0xf8, 0xfc, 0xf8, 0x00, 0xf8, 0xfc, 0xf8, 0x00,
    0xf8, 0xfc, 0xf8, 0x00, 0xf8, 0xfc, 0xf8, 0x00, 0xf8, 0xfc, 0xf8, 0x00,
    0xf8, 0xfc, 0xf8, 0x00, 0xf8, 0xfc, 0xf8, 0x00, 0xf8, 0xfc, 0xf8, 0x00,
    0xf8, 0xfc, 0xf8, 0x00, 0xf8, 0xfc, 0xf8, 0x00, 0xf8, 0xfc, 0xf8, 0x00,
    0xf8, 0xfc, 0xf8, 0x00, 0xf8, 0xfc, 0xf8, 0x00, 0xf8, 0xfc, 0xf8, 0x00,
    0xf8, 0xfc, 0xf8, 0x00, 0xf8, 0xfc, 0xf8, 0x00, 0xf8, 0xfc, 0xf8, 0x00,
    0xf8, 0xfc, 0xf8, 0x00, 0xf8, 0xfc, 0xf8, 0x00, 0xf8, 0xfc, 0xf8, 0x00,
    0xf8, 0xfc, 0xf8, 0x00, 0xf8, 0xfc, 0xf8, 0x00, 0xf8, 0xfc, 0xf8, 0x00,
    0xf8, 0xfc, 0xf8, 0x00, 0xf8, 0xfc, 0xf8, 0x00, 0xf8, 0xfc, 0xf8, 0x00,
    0xf8, 0xfc, 0xf8, 0x00, 0xf8, 0xfc, 0xf8, 0x00, 0xf8, 0xfc, 0xf8, 0x00,
    0xf8, 0xfc, 0xf8, 0x00, 0xf8, 0xfc, 0xf8, 0x00, 0xf8, 0xfc, 0xf8, 0x00,
    0xf8, 0xfc, 0xf8, 0x00, 0xf8, 0xfc, 0xf8, 0x00, 0xf8, 0xfc, 0xf8, 0x00,
    0xf8, 0xfc, 0xf8, 0x00, 0xf8, 0xfc, 0xf8, 0x00, 0xf8, 0xfc, 0xf8, 0x00,
    0xf8, 0xfc, 0xf8, 0x00, 0xf8, 0xfc, 0xf8, 0x00, 0xf8, 0xfc, 0xf8, 0x00,
    0xf8, 0xfc, 0xf8, 0x00, 0xf8, 0xfc, 0xf8, 0x00, 0xf8, 0xfc, 0xf8, 0x00,
    0xf8, 0xfc, 0xf8, 0x00, 0xf8, 0xfc, 0xf8, 0x00, 0xf8, 0xfc, 0xf8, 0x00,
    0xf8, 0xfc, 0xf8, 0x00, 0xf8, 0xfc, 0xf8, 0x00, 0xf8, 0xfc, 0xf8, 0x00,
    0xf8, 0xfc, 0xf8, 0x00, 0xf8, 0xfc, 0xf8, 0x00, 0xf8, 0xfc, 0xf8, 0x00,
    0xf8, 0xfc, 0xf8, 0x00, 0xf8, 0xfc, 0xf8, 0x00, 0xf8, 0xfc, 0xf8, 0x00,
    0xf8, 0xfc, 0xf8, 0x00, 0xf8, 0xfc, 0xf8, 0x00, 0xf8, 0xfc, 0xf8, 0x00,
    0xf8, 0xfc, 0xf8, 0x00, 0xf8, 0xfc, 0xf8, 0x00, 0xf8, 0xfc, 0xf8, 0x00,
    0xf8, 0xfc, 0xf8, 0x00, 0xf8, 0xfc, 0xf8, 0x00, 0xf8, 0xfc, 0xf8, 0x00,
    0xf8, 0xfc, 0xf8, 0x00, 0xf8, 0xfc, 0xf8, 0x00, 0xf8, 0xfc, 0xf8, 0x00,
    0xf8, 0xfc, 0xf8, 0x00, 0xf8, 0xfc, 0xf8, 0x00, 0xf8, 0xfc, 0xf8, 0x00,
    0xf8, 0xfc, 0xf8, 0x00, 0xf8, 0xfc, 0xf8, 0x00, 0xf8, 0xfc, 0xf8, 0x00,
    0xf8, 0xfc, 0xf8, 0x00, 0xf8, 0xfc, 0xf8, 0x00, 0xf8, 0xfc, 0xf8, 0x00,
    0xf8, 0xfc, 0xf8, 0x00, 0xf8, 0xfc, 0xf8, 0x00, 0xf8, 0xfc, 0xf8, 0x00,
    0xf8, 0xfc, 0xf8, 0x00, 0xf8, 0xfc, 0xf8, 0x00, 0xf8, 0xfc, 0xf8, 0x00,
    0xf8, 0xfc, 0xf8, 0x00, 0xf8, 0xfc, 0xf8, 0x00, 0xf8, 0xfc, 0xf8, 0x00,
    0xf8, 0xfc, 0xf8, 0x00, 0xf8, 0xfc, 0xf8, 0x00, 0xf8, 0xfc, 0xf8, 0x00,
    0xf8, 0xfc, 0xf8, 0x00, 0xf0, 0xe8, 0xc0, 0xae, 0xf0, 0xe4, 0xc0, 0xff,
    0xe8, 0xe0, 0xc0, 0xff, 0xe8, 0xdc, 0xc0, 0xff, 0xe0, 0xd8, 0xc8, 0xff,
    0xe0, 0xd4, 0xc0, 0xff, 0xd8, 0xd0, 0xc0, 0x82, 0xf8, 0xfc, 0xf8, 0x00,
    0xf8, 0xfc, 0xf8, 0x00, 0xf8, 0xfc, 0xf8, 0x00, 0xf8, 0xfc, 0xf8, 0x00,
    0xf8, 0xfc, 0xf8, 0x00, 0xf8, 0xfc, 0xf8, 0x00, 0xf8, 0xfc, 0xf8, 0x00,
    0xf8, 0xfc, 0xf8, 0x00, 0xf8, 0xfc, 0xf8, 0x00, 0xf8, 0xfc, 0xf8, 0x00,
    0xf8, 0xfc, 0xf8, 0x00, 0xf8, 0xfc, 0xf8, 0x00, 0xf8, 0xfc, 0xf8, 0x00,
    0xf8, 0xfc, 0xf8, 0x00, 0xf8, 0xfc, 0xf8, 0x00, 0xf8, 0xfc, 0xf8, 0x00,
    0xf8, 0xfc, 0xf8, 0x00, 0xf8, 0xfc, 0xf8, 0x00, 0xf8, 0xfc, 0xf8, 0x00,
    0xf8, 0xfc, 0xf8, 0x00, 0xc8, 0x84, 0x58, 0xcf, 0xc8, 0x84, 0x60, 0xff,
    0xc8, 0x88, 0x60, 0xff, 0xc8, 0x88, 0x60, 0xff, 0xc8, 0x88, 0x60, 0xff,
    0xd0, 0x8c, 0x60, 0xff, 0xd0, 0x90, 0x60, 0x51, 0xf8, 0xfc, 0xf8, 0x00,
    0xf8, 0xfc, 0xf8, 0x00, 0xf8, 0xfc, 0xf8, 0x00, 0xf8, 0xfc, 0xf8, 0x00,
    0xf8, 0xfc, 0xf8, 0x00, 0xf8, 0xfc, 0xf8, 0x00, 0xf8, 0xfc, 0xf8, 0x00,
    0xf8, 0xfc, 0xf8, 0x00, 0xf8, 0xfc, 0xf8, 0x00, 0xf8, 0xfc, 0xf8, 0x00,
    0xf8, 0xfc, 0xf8, 0x00, 0xf8, 0xfc, 0xf8, 0x00, 0xf8, 0xfc, 0xf8, 0x00,
    0xf8, 0xfc, 0xf8, 0x00, 0xf8, 0xfc, 0xf8, 0x00, 0xf8, 0xfc, 0xf8, 0x00,
    0xf8, 0xfc, 0xf8, 0x00, 0xf8, 0xfc, 0xf8, 0x00, 0xf8, 0xfc, 0xf8, 0x00,
    0xf8, 0xfc, 0xf8, 0x00, 0xf8, 0xfc, 0xf8, 0x00, 0xf8, 0xfc, 0xf8, 0x00,
    0xf8, 0xfc, 0xf8, 0x00, 0xf8, 0xfc, 0xf8, 0x00, 0xf8, 0xfc, 0xf8, 0x00,
    0xf8, 0xfc, 0xf8, 0x00, 0xf8, 0xfc, 0xf8, 0x00, 0xf8, 0xfc, 0xf8, 0x00,
    0xf8, 0xfc, 0xf8, 0x00, 0xf8, 0xfc, 0xf8, 0x00, 0xf8, 0xfc, 0xf8, 0x00,
    0xf8, 0xfc, 0xf8, 0x00, 0xf8, 0xfc, 0xf8, 0x00, 0xf8, 0xfc, 0xf8, 0x00,
    0xf8, 0xfc, 0xf8, 0x00, 0xf8, 0xfc, 0xf8, 0x00, 0xf8, 0xfc, 0xf8, 0x00,
    0xf8, 0xfc, 0xf8, 0x00, 0xf8, 0xfc, 0xf8, 0x00, 0xf8, 0xfc, 0xf8, 0x00,
    0xf8, 0xfc, 0xf8, 0x00, 0xf8, 0xfc, 0xf8, 0x00, 0xf8, 0xfc, 0xf8, 0x00,
    0xf8, 0xfc, 0xf8, 0x00, 0xf8, 0xfc, 0xf8, 0x00, 0xf8, 0xfc, 0xf8, 0x00,
    0xf8, 0xfc, 0xf8, 0x00, 0xf8, 0xfc, 0xf8, 0x00, 0xf8, 0xfc, 0xf8, 0x00,
    0xf8, 0xfc, 0xf8, 0x00, 0xf8, 0xfc, 0xf8, 0x00, 0xf8, 0xfc, 0xf8, 0x00,
    0xf8, 0xfc, 0xf8, 0x00, 0xf8, 0xfc, 0xf8, 0x00, 0xf8, 0xfc, 0xf8, 0x00,
    0xf8, 0xfc, 0xf8, 0x00, 0xf8, 0xfc, 0xf8, 0x00, 0xf8, 0xfc, 0xf8, 0x00,
    0xf8, 0xfc, 0xf8, 0x00, 0xf8, 0xfc, 0xf8, 0x00, 0xf8, 0xfc, 0xf8, 0x00,
    0xf8, 0xfc, 0xf8, 0x00, 0xf8, 0xfc, 0xf8, 0x00, 0xf8, 0xfc, 0xf8, 0x00,
    0xf8, 0xfc, 0xf8, 0x00, 0xf8, 0xfc, 0xf8, 0x00, 0xf8, 0xfc, 0xf8, 0x00,
    0xf8, 0xfc, 0xf8, 0x00, 0xf8, 0xfc, 0xf8, 0x00, 0xf8, 0xfc, 0xf8, 0x00,
    0xf8, 0xfc, 0xf8, 0x00, 0xf8, 0xfc, 0xf8, 0x00, 0xf8, 0xfc, 0xf8, 0x00,
    0xf8, 0xfc, 0xf8, 0x00, 0xf8, 0xfc, 0xf8, 0x00, 0xf8, 0xfc, 0xf8, 0x00,
    0xf8, 0xfc, 0xf8, 0x00, 0xf8, 0xfc, 0xf8, 0x00, 0xf8, 0xfc, 0xf8, 0x00,
    0xf8, 0xfc, 0xf8, 0x00, 0xf8, 0xfc, 0xf8, 0x00, 0xf8, 0xfc, 0xf8, 0x00,
    0xf8, 0xfc, 0xf8, 0x00, 0xf8, 0xfc, 0xf8, 0x00, 0xf8, 0xfc, 0xf8, 0x00,
    0xf8, 0xfc, 0xf8, 0x00, 0xf8, 0xfc, 0xf8, 0x00, 0xf8, 0xfc, 0xf8, 0x00,
    0xf8, 0xfc, 0xf8, 0x00, 0xf8, 0xfc, 0xf8, 0x00, 0xf8, 0xfc, 0xf8, 0x00,
    0xf8, 0xfc, 0xf8, 0x00, 0xf0, 0xe4, 0xc0, 0x10, 0xf0, 0xe4, 0xc0, 0xef,
    0xe8, 0xe0, 0xc0, 0xff, 0xe0, 0xd8, 0xc0, 0xff, 0xe0, 0xd8, 0xc0, 0xff,
    0xd8, 0xd4, 0xc8, 0xff, 0xd0, 0xd0, 0xc8, 0xff, 0xd0, 0xcc, 0xc0, 0x30,
    0xf8, 0xfc, 0xf8, 0x00, 0xf8, 0xfc, 0xf8, 0x00, 0xf8, 0xfc, 0xf8, 0x00,
    0xf8, 0xfc, 0xf8, 0x00, 0xf8, 0xfc, 0xf8, 0x00, 0xf8, 0xfc, 0xf8, 0x00,
    0xf8, 0xfc, 0xf8, 0x00, 0xf8, 0xfc, 0xf8, 0x00, 0xf8, 0xfc, 0xf8, 0x00,
    0xf8, 0xfc, 0xf8, 0x00, 0xf8, 0xfc, 0xf8, 0x00, 0xf8, 0xfc, 0xf8, 0x00,
    0xf8, 0xfc, 0xf8, 0x00, 0xf8, 0xfc, 0xf8, 0x00, 0xf8, 0xfc, 0xf8, 0x00,
    0xf8, 0xfc, 0xf8, 0x00, 0xf8, 0xfc, 0xf8, 0x00, 0xf8, 0xfc, 0xf8, 0x00,
    0xc8, 0x84, 0x58, 0x71, 0xc0, 0x84, 0x58, 0xff, 0xc8, 0x84, 0x60, 0xff,
    0xc8, 0x88, 0x60, 0xff, 0xc8, 0x8c, 0x60, 0xff, 0xc8, 0x8c, 0x60, 0xff,
    0xc8, 0x8c, 0x60, 0xae, 0xf8, 0xfc, 0xf8, 0x00, 0xf8, 0xfc, 0xf8, 0x00,
    0xf8, 0xfc, 0xf8, 0x00, 0xf8, 0xfc, 0xf8, 0x00, 0xf8, 0xfc, 0xf8, 0x00,
    0xf8, 0xfc, 0xf8, 0x00, 0xf8, 0xfc, 0xf8, 0x00, 0xf8, 0xfc, 0xf8, 0x00,
    0xf8, 0xfc, 0xf8, 0x00, 0xf8, 0xfc, 0xf8, 0x00, 0xf8, 0xfc, 0xf8, 0x00,
    0xf8, 0xfc, 0xf8, 0x00, 0xf8, 0xfc, 0xf8, 0x00, 0xf8, 0xfc, 0xf8, 0x00,
    0xf8, 0xfc, 0xf8, 0x00, 0xf8, 0xfc, 0xf8, 0x00, 0xf8, 0xfc, 0xf8, 0x00,
    0xf8, 0xfc, 0xf8, 0x00, 0xf8, 0xfc, 0xf8, 0x00, 0xf8, 0xfc, 0xf8, 0x00,
    0xf8, 0xfc, 0xf8, 0x00, 0xf8, 0xfc, 0xf8, 0x00, 0xf8, 0xfc, 0xf8, 0x00,
    0xf8, 0xfc, 0xf8, 0x00, 0xf8, 0xfc, 0xf8, 0x00, 0xf8, 0xfc, 0xf8, 0x00,
    0xf8, 0xfc, 0xf8, 0x00, 0xf8, 0xfc, 0xf8, 0x00, 0xf8, 0xfc, 0xf8, 0x00,
    0xf8, 0xfc, 0xf8, 0x00, 0xf8, 0xfc, 0xf8, 0x00, 0xf8, 0xfc, 0xf8, 0x00,
    0xf8, 0xfc, 0xf8, 0x00, 0xf8, 0xfc, 0xf8, 0x00, 0xf8, 0xfc, 0xf8, 0x00,
    0xf8, 0xfc, 0xf8, 0x00, 0xf8, 0xfc, 0xf8, 0x00, 0xf8, 0xfc, 0xf8, 0x00,
    0xf8, 0xfc, 0xf8, 0x00, 0xf8, 0xfc, 0xf8, 0x00, 0xf8, 0xfc, 0xf8, 0x00,
    0xf8, 0xfc, 0xf8, 0x00, 0xf8, 0xfc, 0xf8, 0x00, 0xf8, 0xfc, 0xf8, 0x00,
    0xf8, 0xfc, 0xf8, 0x00, 0xf8, 0xfc, 0xf8, 0x00, 0xf8, 0xfc, 0xf8, 0x00,
    0xf8, 0xfc, 0xf8, 0x00, 0xf8, 0xfc, 0xf8, 0x00, 0xf8, 0xfc, 0xf8, 0x00,
    0xf8, 0xfc, 0xf8, 0x00, 0xf8, 0xfc, 0xf8, 0x00, 0xf8, 0xfc, 0xf8, 0x00,
    0xf8, 0xfc, 0xf8, 0x00, 0xf8, 0xfc, 0xf8, 0x00, 0xf8, 0xfc, 0xf8, 0x00,
    0xf8, 0xfc, 0xf8, 0x00, 0xf8, 0xfc, 0xf8, 0x00, 0xf8, 0xfc, 0xf8, 0x00,
    0xf8, 0xfc, 0xf8, 0x00, 0xf8, 0xfc, 0xf8, 0x00, 0xf8, 0xfc, 0xf8, 0x00,
    0xf8, 0xfc, 0xf8, 0x00, 0xf8, 0xfc, 0xf8, 0x00, 0xf8, 0xfc, 0xf8, 0x00,
    0xf8, 0xfc, 0xf8, 0x00, 0xf8, 0xfc, 0xf8, 0x00, 0xf8, 0xfc, 0xf8, 0x00,
    0xf8, 0xfc, 0xf8, 0x00, 0xf8, 0xfc, 0xf8, 0x00, 0xf8, 0xfc, 0xf8, 0x00,
    0xf8, 0xfc, 0xf8, 0x00, 0xf8, 0xfc, 0xf8, 0x00, 0xf8, 0xfc, 0xf8, 0x00,
    0xf8, 0xfc, 0xf8, 0x00, 0xf8, 0xfc, 0xf8, 0x00, 0xf8, 0xfc, 0xf8, 0x00,
    0xf8, 0xfc, 0xf8, 0x00, 0xf8, 0xfc, 0xf8, 0x00, 0xf8, 0xfc, 0xf8, 0x00,
    0xf8, 0xfc, 0xf8, 0x00, 0xf8, 0xfc, 0xf8, 0x00, 0xf8, 0xfc, 0xf8, 0x00,
    0xf8, 0xfc, 0xf8, 0x00, 0xf8, 0xfc, 0xf8, 0x00, 0xf8, 0xfc, 0xf8, 0x00,
    0xf8, 0xfc, 0xf8, 0x00, 0xf8, 0xfc, 0xf8, 0x00, 0xf8, 0xfc, 0xf8, 0x00,
    0xf8, 0xfc, 0xf8, 0x00, 0xf8, 0xfc, 0xf8, 0x00, 0xf8, 0xfc, 0xf8, 0x00,
    0xf8, 0xfc, 0xf8, 0x00, 0xf8, 0xfc, 0xf8, 0x00, 0xe8, 0xe0, 0xc0, 0x41,
    0xe8, 0xdc, 0xc8, 0xff, 0xe0, 0xd8, 0xc0, 0xff, 0xd8, 0xd4, 0xc0, 0xff,
    0xd8, 0xd0, 0xc8, 0xff, 0xd0, 0xcc, 0xc0, 0xff, 0xc8, 0xc8, 0xc0, 0xbe,
    0xf8, 0xfc, 0xf8, 0x00, 0xf8, 0xfc, 0xf8, 0x00, 0xf8, 0xfc, 0xf8, 0x00,
    0xf8, 0xfc, 0xf8, 0x00, 0xf8, 0xfc, 0xf8, 0x00, 0xf8, 0xfc, 0xf8, 0x00,
    0xf8, 0xfc, 0xf8, 0x00, 0xf8, 0xfc, 0xf8, 0x00, 0xf8, 0xfc, 0xf8, 0x00,
    0xf8, 0xfc, 0xf8, 0x00, 0xf8, 0xfc, 0xf8, 0x00, 0xf8, 0xfc, 0xf8, 0x00,
    0xf8, 0xfc, 0xf8, 0x00, 0xf8, 0xfc, 0xf8, 0x00, 0xf8, 0xfc, 0xf8, 0x00,
    0xf8, 0xfc, 0xf8, 0x00, 0xf8, 0xfc, 0xf8, 0x00, 0xc8, 0x84, 0x58, 0x10,
    0xc8, 0x84, 0x60, 0xef, 0xc8, 0x84, 0x60, 0xff, 0xc8, 0x88, 0x60, 0xff,
    0xc8, 0x88, 0x60, 0xff, 0xc8, 0x8c, 0x60, 0xff, 0xd0, 0x8c, 0x60, 0xef,
    0xd0, 0x8c, 0x68, 0x10, 0xf8, 0xfc, 0xf8, 0x00, 0xf8, 0xfc, 0xf8, 0x00,
    0xf8, 0xfc, 0xf8, 0x00, 0xf8, 0xfc, 0xf8, 0x00, 0xf8, 0xfc, 0xf8, 0x00,
    0xf8, 0xfc, 0xf8, 0x00, 0xf8, 0xfc, 0xf8, 0x00, 0xf8, 0xfc, 0xf8, 0x00,
    0xf8, 0xfc, 0xf8, 0x00, 0xf8, 0xfc, 0xf8, 0x00, 0xf8, 0xfc, 0xf8, 0x00,
    0xf8, 0xfc, 0xf8, 0x00, 0xf8, 0xfc, 0xf8, 0x00, 0xf8, 0xfc, 0xf8, 0x00,
    0xf8, 0xfc, 0xf8, 0x00, 0xf8, 0xfc, 0xf8, 0x00, 0xf8, 0xfc, 0xf8, 0x00,
    0xf8, 0xfc, 0xf8, 0x00, 0xf8, 0xfc, 0xf8, 0x00, 0xf8, 0xfc, 0xf8, 0x00,
    0xf8, 0xfc, 0xf8, 0x00, 0xf8, 0xfc, 0xf8, 0x00, 0xf8, 0xfc, 0xf8, 0x00,
    0xf8, 0xfc, 0xf8, 0x00, 0xf8, 0xfc, 0xf8, 0x00, 0xf8, 0xfc, 0xf8, 0x00,
    0xf8, 0xfc, 0xf8, 0x00, 0xf8, 0xfc, 0xf8, 0x00, 0xf8, 0xfc, 0xf8, 0x00,
    0xf8, 0xfc, 0xf8, 0x00, 0xf8, 0xfc, 0xf8, 0x00, 0xf8, 0xfc, 0xf8, 0x00,
    0xf8, 0xfc, 0xf8, 0x00, 0xf8, 0xfc, 0xf8, 0x00, 0xf8, 0xfc, 0xf8, 0x00,
    0xf8, 0xfc, 0xf8, 0x00, 0xf8, 0xfc, 0xf8, 0x00, 0xf8, 0xfc, 0xf8, 0x00,
    0xf8, 0xfc, 0xf8, 0x00, 0xf8, 0xfc, 0xf8, 0x00, 0xf8, 0xfc, 0xf8, 0x00,
    0xf8, 0xfc, 0xf8, 0x00, 0xf8, 0xfc, 0xf8, 0x00, 0xf8, 0xfc, 0xf8, 0x00,
    0xf8, 0xfc, 0xf8, 0x00, 0xf8, 0xfc, 0xf8, 0x00, 0xf8, 0xfc, 0xf8, 0x00,
    0xf8, 0xfc, 0xf8, 0x00, 0xf8, 0xfc, 0xf8, 0x00, 0xf8, 0xfc, 0xf8, 0x00,
    0xf8, 0xfc, 0xf8, 0x00, 0xf8, 0xfc, 0xf8, 0x00, 0xf8, 0xfc, 0xf8, 0x00,
    0xf8, 0xfc, 0xf8, 0x00, 0xf8, 0xfc, 0xf8, 0x00, 0xf8, 0xfc, 0xf8, 0x00,
    0xf8, 0xfc, 0xf8, 0x00, 0xf8, 0xfc, 0xf8, 0x00, 0xf8, 0xfc, 0xf8, 0x00,
    0xf8, 0xfc, 0xf8, 0x00, 0xf8, 0xfc, 0xf8, 0x00, 0xf8, 0xfc, 0xf8, 0x00,
    0xf8, 0xfc, 0xf8, 0x00, 0xf8, 0xfc, 0xf8, 0x00, 0xf8, 0xfc, 0xf8, 0x00,
    0xf8, 0xfc, 0xf8, 0x00, 0xf8, 0xfc, 0xf8, 0x00, 0xf8, 0xfc, 0xf8, 0x00,
    0xf8, 0xfc, 0xf8, 0x00, 0xf8, 0xfc, 0xf8, 0x00, 0xf8, 0xfc, 0xf8, 0x00,
    0xf8, 0xfc, 0xf8, 0x00, 0xf8, 0xfc, 0xf8, 0x00, 0xf8, 0xfc, 0xf8, 0x00,
    0xf8, 0xfc, 0xf8, 0x00, 0xf8, 0xfc, 0xf8, 0x00, 0xf8, 0xfc, 0xf8, 0x00,
    0xf8, 0xfc, 0xf8, 0x00, 0xf8, 0xfc, 0xf8, 0x00, 0xf8, 0xfc, 0xf8, 0x00,
    0xf8, 0xfc, 0xf8, 0x00, 0xf8, 0xfc, 0xf8, 0x00, 0xf8, 0xfc, 0xf8, 0x00,
    0xf8, 0xfc, 0xf8, 0x00, 0xf8, 0xfc, 0xf8, 0x00, 0xf8, 0xfc, 0xf8, 0x00,
    0xf8, 0xfc, 0xf8, 0x00, 0xf8, 0xfc, 0xf8, 0x00, 0xf8, 0xfc, 0xf8, 0x00,
    0xf8, 0xfc, 0xf8, 0x00, 0xf8, 0xfc, 0xf8, 0x00, 0xf8, 0xfc, 0xf8, 0x00,
    0xf8, 0xfc, 0xf8, 0x00, 0xf8, 0xfc, 0xf8, 0x00, 0xf8, 0xfc, 0xf8, 0x00,
    0xe0, 0xd8, 0xc0, 0xa2, 0xe0, 0xd8, 0xc0, 0xff, 0xd8, 0xd0, 0xc0, 0xff,
    0xd8, 0xcc, 0xc8, 0xff, 0xd0, 0xcc, 0xc0, 0xff, 0xc8, 0xc4, 0xc0, 0xff,
    0xc8, 0xc0, 0xc8, 0x61, 0xf8, 0xfc, 0xf8, 0x00, 0xf8, 0xfc, 0xf8, 0x00,
    0xf8, 0xfc, 0xf8, 0x00, 0xf8, 0xfc, 0xf8, 0x00, 0xf8, 0xfc, 0xf8, 0x00,
    0xf8, 0xfc, 0xf8, 0x00, 0xf8, 0xfc, 0xf8, 0x00, 0xf8, 0xfc, 0xf8, 0x00,
    0xf8, 0xfc, 0xf8, 0x00, 0xf8, 0xfc, 0xf8, 0x00, 0xf8, 0xfc, 0xf8, 0x00,
    0xf8, 0xfc, 0xf8, 0x00, 0xf8, 0xfc, 0xf8, 0x00, 0xf8, 0xfc, 0xf8, 0x00,
    0xf8, 0xfc, 0xf8, 0x00, 0xf8, 0xfc, 0xf8, 0x00, 0xc8, 0x84, 0x58, 0x8e,
    0xc0, 0x84, 0x58, 0xff, 0xc8, 0x84, 0x60, 0xff, 0xc8, 0x88, 0x60, 0xff,
    0xc8, 0x8c, 0x60, 0xff, 0xc8, 0x8c, 0x60, 0xff, 0xd0, 0x8c, 0x60, 0x51,
    0xf8, 0xfc, 0xf8, 0x00, 0xf8, 0xfc, 0xf8, 0x00, 0xf8, 0xfc, 0xf8, 0x00,
    0xf8, 0xfc, 0xf8, 0x00, 0xf8, 0xfc, 0xf8, 0x00, 0xf8, 0xfc, 0xf8, 0x00,
    0xf8, 0xfc, 0xf8, 0x00, 0xf8, 0xfc, 0xf8, 0x00, 0xf8, 0xfc, 0xf8, 0x00,
    0xf8, 0xfc, 0xf8, 0x00, 0xf8, 0xfc, 0xf8, 0x00, 0xf8, 0xfc, 0xf8, 0x00,
    0xf8, 0xfc, 0xf8, 0x00, 0xf8, 0xfc, 0xf8, 0x00, 0xf8, 0xfc, 0xf8, 0x00,
    0xf8, 0xfc, 0xf8, 0x00, 0xf8, 0xfc, 0xf8, 0x00, 0xf8, 0xfc, 0xf8, 0x00,
    0xf8, 0xfc, 0xf8, 0x00, 0xf8, 0xfc, 0xf8, 0x00, 0xf8, 0xfc, 0xf8, 0x00,
    0xf8, 0xfc, 0xf8, 0x00, 0xf8, 0xfc, 0xf8, 0x00, 0xf8, 0xfc, 0xf8, 0x00,
    0xf8, 0xfc, 0xf8, 0x00, 0xf8, 0xfc, 0xf8, 0x00, 0xf8, 0xfc, 0xf8, 0x00,
    0xf8, 0xfc, 0xf8, 0x00, 0xf8, 0xfc, 0xf8, 0x00, 0xf8, 0xfc, 0xf8, 0x00,
    0xf8, 0xfc, 0xf8, 0x00, 0xf8, 0xfc, 0xf8, 0x00, 0xf8, 0xfc, 0xf8, 0x00,
    0xf8, 0xfc, 0xf8, 0x00, 0xf8, 0xfc, 0xf8, 0x00, 0xf8, 0xfc, 0xf8, 0x00,
    0xf8, 0xfc, 0xf8, 0x00, 0xf8, 0xfc, 0xf8, 0x00, 0xf8, 0xfc, 0xf8, 0x00,
    0xf8, 0xfc, 0xf8, 0x00, 0xf8, 0xfc, 0xf8, 0x00, 0xf8, 0xfc, 0xf8, 0x00,
    0xf8, 0xfc, 0xf8, 0x00, 0xf8, 0xfc, 0xf8, 0x00, 0xf8, 0xfc, 0xf8, 0x00,
    0xf8, 0xfc, 0xf8, 0x00, 0xf8, 0xfc, 0xf8, 0x00, 0xf8, 0xfc, 0xf8, 0x00,
    0xf8, 0xfc, 0xf8, 0x00, 0xf8, 0xfc, 0xf8, 0x00, 0xf8, 0xfc, 0xf8, 0x00,
    0xf8, 0xfc, 0xf8, 0x00, 0xf8, 0xfc, 0xf8, 0x00, 0xf8, 0xfc, 0xf8, 0x00,
    0xf8, 0xfc, 0xf8, 0x00, 0xf8, 0xfc, 0xf8, 0x00, 0xf8, 0xfc, 0xf8, 0x00,
    0xf8, 0xfc, 0xf8, 0x00, 0xf8, 0xfc, 0xf8, 0x00, 0xf8, 0xfc, 0xf8, 0x00,
    0xf8, 0xfc, 0xf8, 0x00, 0xf8, 0xfc, 0xf8, 0x00, 0xf8, 0xfc, 0xf8, 0x00,
    0xf8, 0xfc, 0xf8, 0x00, 0xf8, 0xfc, 0xf8, 0x00, 0xf8, 0xfc, 0xf8, 0x00,
    0xf8, 0xfc, 0xf8, 0x00, 0xf8, 0xfc, 0xf8, 0x00, 0xf8, 0xfc, 0xf8, 0x00,
    0xf8, 0xfc, 0xf8, 0x00, 0xf8, 0xfc, 0xf8, 0x00, 0xf8, 0xfc, 0xf8, 0x00,
    0xf8, 0xfc, 0xf8, 0x00, 0xf8, 0xfc, 0xf8, 0x00, 0xf8, 0xfc, 0xf8, 0x00,
    0xf8, 0xfc, 0xf8, 0x00, 0xf8, 0xfc, 0xf8, 0x00, 0xf8, 0xfc, 0xf8, 0x00,
    0xf8, 0xfc, 0xf8, 0x00, 0xf8, 0xfc, 0xf8, 0x00, 0xf8, 0xfc, 0xf8, 0x00,
    0xf8, 0xfc, 0xf8, 0x00, 0xf8, 0xfc, 0xf8, 0x00, 0xf8, 0xfc, 0xf8, 0x00,
    0xf8, 0xfc, 0xf8, 0x00, 0xf8, 0xfc, 0xf8, 0x00, 0xf8, 0xfc, 0xf8, 0x00,
    0xf8, 0xfc, 0xf8, 0x00, 0xf8, 0xfc, 0xf8, 0x00, 0xf8, 0xfc, 0xf8, 0x00,
    0xf8, 0xfc, 0xf8, 0x00, 0xf8, 0xfc, 0xf8, 0x00, 0xf8, 0xfc, 0xf8, 0x00,
    0xf8, 0xfc, 0xf8, 0x00, 0xf8, 0xfc, 0xf8, 0x00, 0xf8, 0xfc, 0xf8, 0x00,
    0xe0, 0xd8, 0xc0, 0x10, 0xd8, 0xd4, 0xc8, 0xef, 0xd8, 0xd0, 0xc0, 0xff,
    0xd0, 0xcc, 0xc0, 0xff, 0xc8, 0xc8, 0xc8, 0xff, 0xc8, 0xc4, 0xc0, 0xff,
    0xc0, 0xc0, 0xc0, 0xdf, 0xb8, 0xbc, 0xc8, 0x10, 0xf8, 0xfc, 0xf8, 0x00,
    0xf8, 0xfc, 0xf8, 0x00, 0xf8, 0xfc, 0xf8, 0x00, 0xf8, 0xfc, 0xf8, 0x00,
    0xf8, 0xfc, 0xf8, 0x00, 0xf8, 0xfc, 0xf8, 0x00, 0xf8, 0xfc, 0xf8, 0x00,
    0xf8, 0xfc, 0xf8, 0x00, 0xf8, 0xfc, 0xf8, 0x00, 0xf8, 0xfc, 0xf8, 0x00,
    0xf8, 0xfc, 0xf8, 0x00, 0xf8, 0xfc, 0xf8, 0x00, 0xf8, 0xfc, 0xf8, 0x00,
    0xf8, 0xfc, 0xf8, 0x00, 0xc8, 0x84, 0x58, 0x20, 0xc8, 0x84, 0x60, 0xff,
    0xc8, 0x84, 0x58, 0xff, 0xc8, 0x88, 0x60, 0xff, 0xc8, 0x88, 0x60, 0xff,
    0xc8, 0x8c, 0x60, 0xff, 0xd0, 0x8c, 0x60, 0xbe, 0xf8, 0xfc, 0xf8, 0x00,
    0xf8, 0xfc, 0xf8, 0x00, 0xf8, 0xfc, 0xf8, 0x00, 0xf8, 0xfc, 0xf8, 0x00,
    0xf8, 0xfc, 0xf8, 0x00, 0xf8, 0xfc, 0xf8, 0x00, 0xf8, 0xfc, 0xf8, 0x00,
    0xf8, 0xfc, 0xf8, 0x00, 0xf8, 0xfc, 0xf8, 0x00, 0xf8, 0xfc, 0xf8, 0x00,
    0xf8, 0xfc, 0xf8, 0x00, 0xf8, 0xfc, 0xf8, 0x00, 0xf8, 0xfc, 0xf8, 0x00,
    0xf8, 0xfc, 0xf8, 0x00, 0xf8, 0xfc, 0xf8, 0x00, 0xf8, 0xfc, 0xf8, 0x00,
    0xf8, 0xfc, 0xf8, 0x00, 0xf8, 0xfc, 0xf8, 0x00, 0xf8, 0xfc, 0xf8, 0x00,
    0xf8, 0xfc, 0xf8, 0x00, 0xf8, 0xfc, 0xf8, 0x00, 0xf8, 0xfc, 0xf8, 0x00,
    0xf8, 0xfc, 0xf8, 0x00, 0xf8, 0xfc, 0xf8, 0x00, 0xf8, 0xfc, 0xf8, 0x00,
    0xf8, 0xfc, 0xf8, 0x00, 0xf8, 0xfc, 0xf8, 0x00, 0xf8, 0xfc, 0xf8, 0x00,
    0xf8, 0xfc, 0xf8, 0x00, 0xf8, 0xfc, 0xf8, 0x00, 0xf8, 0xfc, 0xf8, 0x00,
    0xf8, 0xfc, 0xf8, 0x00, 0xf8, 0xfc, 0xf8, 0x00, 0xf8, 0xfc, 0xf8, 0x00,
    0xf8, 0xfc, 0xf8, 0x00, 0xf8, 0xfc, 0xf8, 0x00, 0xf8, 0xfc, 0xf8, 0x00,
    0xf8, 0xfc, 0xf8, 0x00, 0xf8, 0xfc, 0xf8, 0x00, 0xf8, 0xfc, 0xf8, 0x00,
    0xf8, 0xfc, 0xf8, 0x00, 0xf8, 0xfc, 0xf8, 0x00, 0xf8, 0xfc, 0xf8, 0x00,
    0xf8, 0xfc, 0xf8, 0x00, 0xf8, 0xfc, 0xf8, 0x00, 0xf8, 0xfc, 0xf8, 0x00,
    0xf8, 0xfc, 0xf8, 0x00, 0xf8, 0xfc, 0xf8, 0x00, 0xf8, 0xfc, 0xf8, 0x00,
    0xf8, 0xfc, 0xf8, 0x00, 0xf8, 0xfc, 0xf8, 0x00, 0xf8, 0xfc, 0xf8, 0x00,
    0xf8, 0xfc, 0xf8, 0x00, 0xf8, 0xfc, 0xf8, 0x00, 0xf8, 0xfc, 0xf8, 0x00,
    0xf8, 0xfc, 0xf8, 0x00, 0xf8, 0xfc, 0xf8, 0x00, 0xf8, 0xfc, 0xf8, 0x00,
    0xf8, 0xfc, 0xf8, 0x00, 0xf8, 0xfc, 0xf8, 0x00, 0xf8, 0xfc, 0xf8, 0x00,
    0xf8, 0xfc, 0xf8, 0x00, 0xf8, 0xfc, 0xf8, 0x00, 0xf8, 0xfc, 0xf8, 0x00,
    0xf8, 0xfc, 0xf8, 0x00, 0xf8, 0xfc, 0xf8, 0x00, 0xf8, 0xfc, 0xf8, 0x00,
    0xf8, 0xfc, 0xf8, 0x00, 0xf8, 0xfc, 0xf8, 0x00, 0xf8, 0xfc, 0xf8, 0x00,
    0xf8, 0xfc, 0xf8, 0x00, 0xf8, 0xfc, 0xf8, 0x00, 0xf8, 0xfc, 0xf8, 0x00,
    0xf8, 0xfc, 0xf8, 0x00, 0xf8, 0xfc, 0xf8, 0x00, 0xf8, 0xfc, 0xf8, 0x00,
    0xf8, 0xfc, 0xf8, 0x00, 0xf8, 0xfc, 0xf8, 0x00, 0xf8, 0xfc, 0xf8, 0x00,
    0xf8, 0xfc, 0xf8, 0x00, 0xf8, 0xfc, 0xf8, 0x00, 0xf8, 0xfc, 0xf8, 0x00,
    0xf8, 0xfc, 0xf8, 0x00, 0xf8, 0xfc, 0xf8, 0x00, 0xf8, 0xfc, 0xf8, 0x00,
    0xf8, 0xfc, 0xf8, 0x00, 0xf8, 0xfc, 0xf8, 0x00, 0xf8, 0xfc, 0xf8, 0x00,
    0xf8, 0xfc, 0xf8, 0x00, 0xf8, 0xfc, 0xf8, 0x00, 0xf8, 0xfc, 0xf8, 0x00,
    0xf8, 0xfc, 0xf8, 0x00, 0xf8, 0xfc, 0xf8, 0x00, 0xf8, 0xfc, 0xf8, 0x00,
    0xf8, 0xfc, 0xf8, 0x00, 0xf8, 0xfc, 0xf8, 0x00, 0xf8, 0xfc, 0xf8, 0x00,
    0xf8, 0xfc, 0xf8, 0x00, 0xd8, 0xd4, 0xc0, 0x61, 0xd0, 0xd0, 0xc8, 0xff,
    0xd0, 0xc8, 0xc0, 0xff, 0xc8, 0xc8, 0xc8, 0xff, 0xc0, 0xc4, 0xc0, 0xff,
    0xc0, 0xc0, 0xc8, 0xff, 0xb8, 0xb8, 0xc8, 0x82, 0xf8, 0xfc, 0xf8, 0x00,
    0xf8, 0xfc, 0xf8, 0x00, 0xf8, 0xfc, 0xf8, 0x00, 0xf8, 0xfc, 0xf8, 0x00,
    0xf8, 0xfc, 0xf8, 0x00, 0xf8, 0xfc, 0xf8, 0x00, 0xf8, 0xfc, 0xf8, 0x00,
    0xf8, 0xfc, 0xf8, 0x00, 0xf8, 0xfc, 0xf8, 0x00, 0xf8, 0xfc, 0xf8, 0x00,
    0xf8, 0xfc, 0xf8, 0x00, 0xf8, 0xfc, 0xf8, 0x00, 0xf8, 0xfc, 0xf8, 0x00,
    0xf8, 0xfc, 0xf8, 0x00, 0xc8, 0x84, 0x58, 0x9e, 0xc0, 0x84, 0x60, 0xff,
    0xc8, 0x88, 0x60, 0xff, 0xc8, 0x88, 0x60, 0xff, 0xc8, 0x8c, 0x60, 0xff,
    0xd0, 0x8c, 0x60, 0xff, 0xd0, 0x8c, 0x60, 0x30, 0xf8, 0xfc, 0xf8, 0x00,
    0xf8, 0xfc, 0xf8, 0x00, 0xf8, 0xfc, 0xf8, 0x00, 0xf8, 0xfc, 0xf8, 0x00,
    0xf8, 0xfc, 0xf8, 0x00, 0xf8, 0xfc, 0xf8, 0x00, 0xf8, 0xfc, 0xf8, 0x00,
    0xf8, 0xfc, 0xf8, 0x00, 0xf8, 0xfc, 0xf8, 0x00, 0xf8, 0xfc, 0xf8, 0x00,
    0xf8, 0xfc, 0xf8, 0x00, 0xf8, 0xfc, 0xf8, 0x00, 0xf8, 0xfc, 0xf8, 0x00,
    0xf8, 0xfc, 0xf8, 0x00, 0xf8, 0xfc, 0xf8, 0x00, 0xf8, 0xfc, 0xf8, 0x00,
    0xf8, 0xfc, 0xf8, 0x00, 0xf8, 0xfc, 0xf8, 0x00, 0xf8, 0xfc, 0xf8, 0x00,
    0xf8, 0xfc, 0xf8, 0x00, 0xf8, 0xfc, 0xf8, 0x00, 0xf8, 0xfc, 0xf8, 0x00,
    0xf8, 0xfc, 0xf8, 0x00, 0xf8, 0xfc, 0xf8, 0x00, 0xf8, 0xfc, 0xf8, 0x00,
    0xf8, 0xfc, 0xf8, 0x00, 0xf8, 0xfc, 0xf8, 0x00, 0xf8, 0xfc, 0xf8, 0x00,
    0xf8, 0xfc, 0xf8, 0x00, 0xf8, 0xfc, 0xf8, 0x00, 0xf8, 0xfc, 0xf8, 0x00,
    0xf8, 0xfc, 0xf8, 0x00, 0xf8, 0xfc, 0xf8, 0x00, 0xf8, 0xfc, 0xf8, 0x00,
    0xf8, 0xfc, 0xf8, 0x00, 0xf8, 0xfc, 0xf8, 0x00, 0xf8, 0xfc, 0xf8, 0x00,
    0xf8, 0xfc, 0xf8, 0x00, 0xf8, 0xfc, 0xf8, 0x00, 0xf8, 0xfc, 0xf8, 0x00,
    0xf8, 0xfc, 0xf8, 0x00, 0xf8, 0xfc, 0xf8, 0x00, 0xf8, 0xfc, 0xf8, 0x00,
    0xf8, 0xfc, 0xf8, 0x00, 0xf8, 0xfc, 0xf8, 0x00, 0xf8, 0xfc, 0xf8, 0x00,
    0xf8, 0xfc, 0xf8, 0x00, 0xf8, 0xfc, 0xf8, 0x00, 0xf8, 0xfc, 0xf8, 0x00,
    0xf8, 0xfc, 0xf8, 0x00, 0xf8, 0xfc, 0xf8, 0x00, 0xf8, 0xfc, 0xf8, 0x00,
    0xf8, 0xfc, 0xf8, 0x00, 0xf8, 0xfc, 0xf8, 0x00, 0xf8, 0xfc, 0xf8, 0x00,
    0xf8, 0xfc, 0xf8, 0x00, 0xf8, 0xfc, 0xf8, 0x00, 0xf8, 0xfc, 0xf8, 0x00,
    0xf8, 0xfc, 0xf8, 0x00, 0xf8, 0xfc, 0xf8, 0x00, 0xf8, 0xfc, 0xf8, 0x00,
    0xf8, 0xfc, 0xf8, 0x00, 0xf8, 0xfc, 0xf8, 0x00, 0xf8, 0xfc, 0xf8, 0x00,
    0xf8, 0xfc, 0xf8, 0x00, 0xf8, 0xfc, 0xf8, 0x00, 0xf8, 0xfc, 0xf8, 0x00,
    0xf8, 0xfc, 0xf8, 0x00, 0xf8, 0xfc, 0xf8, 0x00, 0xf8, 0xfc, 0xf8, 0x00,
    0xf8, 0xfc, 0xf8, 0x00, 0xf8, 0xfc, 0xf8, 0x00, 0xf8, 0xfc, 0xf8, 0x00,
    0xf8, 0xfc, 0xf8, 0x00, 0xf8, 0xfc, 0xf8, 0x00, 0xf8, 0xfc, 0xf8, 0x00,
    0xf8, 0xfc, 0xf8, 0x00, 0xf8, 0xfc, 0xf8, 0x00, 0xf8, 0xfc, 0xf8, 0x00,
    0xf8, 0xfc, 0xf8, 0x00, 0xf8, 0xfc, 0xf8, 0x00, 0xf8, 0xfc, 0xf8, 0x00,
    0xf8, 0xfc, 0xf8, 0x00, 0xf8, 0xfc, 0xf8, 0x00, 0xf8, 0xfc, 0xf8, 0x00,
    0xf8, 0xfc, 0xf8, 0x00, 0xf8, 0xfc, 0xf8, 0x00, 0xf8, 0xfc, 0xf8, 0x00,
    0xf8, 0xfc, 0xf8, 0x00, 0xf8, 0xfc, 0xf8, 0x00, 0xf8, 0xfc, 0xf8, 0x00,
    0xf8, 0xfc, 0xf8, 0x00, 0xf8, 0xfc, 0xf8, 0x00, 0xf8, 0xfc, 0xf8, 0x00,
    0xf8, 0xfc, 0xf8, 0x00, 0xf8, 0xfc, 0xf8, 0x00, 0xf8, 0xfc, 0xf8, 0x00,
    0xf8, 0xfc, 0xf8, 0x00, 0xf8, 0xfc, 0xf8, 0x00, 0xd0, 0xcc, 0xc0, 0xbe,
    0xd0, 0xc8, 0xc8, 0xff, 0xc8, 0xc4, 0xc0, 0xff, 0xc0, 0xc0, 0xc8, 0xff,
    0xb8, 0xbc, 0xc0, 0xff, 0xb8, 0xb8, 0xc0, 0xef, 0xb0, 0xb4, 0xc0, 0x10,
    0xf8, 0xfc, 0xf8, 0x00, 0xf8, 0xfc, 0xf8, 0x00, 0xf8, 0xfc, 0xf8, 0x00,
    0xf8, 0xfc, 0xf8, 0x00, 0xf8, 0xfc, 0xf8, 0x00, 0xf8, 0xfc, 0xf8, 0x00,
    0xf8, 0xfc, 0xf8, 0x00, 0xf8, 0xfc, 0xf8, 0x00, 0xf8, 0xfc, 0xf8, 0x00,
    0xf8, 0xfc, 0xf8, 0x00, 0xf8, 0xfc, 0xf8, 0x00, 0xf8, 0xfc, 0xf8, 0x00,
    0xc8, 0x84, 0x58, 0x20, 0xc8, 0x84, 0x58, 0xff, 0xc8, 0x84, 0x60, 0xff,
    0xc8, 0x88, 0x60, 0xff, 0xc8, 0x88, 0x60, 0xff, 0xc8, 0x8c, 0x60, 0xff,
    0xd0, 0x8c, 0x60, 0xa2, 0xf8, 0xfc, 0xf8, 0x00, 0xf8, 0xfc, 0xf8, 0x00,
    0xf8, 0xfc, 0xf8, 0x00, 0xf8, 0xfc, 0xf8, 0x00, 0xf8, 0xfc, 0xf8, 0x00,
    0xf8, 0xfc, 0xf8, 0x00, 0xf8, 0xfc, 0xf8, 0x00, 0xf8, 0xfc, 0xf8, 0x00,
    0xf8, 0xfc, 0xf8, 0x00, 0xf8, 0xfc, 0xf8, 0x00, 0xf8, 0xfc, 0xf8, 0x00,
    0xf8, 0xfc, 0xf8, 0x00, 0xf8, 0xfc, 0xf8, 0x00, 0xf8, 0xfc, 0xf8, 0x00,
    0xf8, 0xfc, 0xf8, 0x00, 0xf8, 0xfc, 0xf8, 0x00, 0xf8, 0xfc, 0xf8, 0x00,
    0xf8, 0xfc, 0xf8, 0x00, 0xf8, 0xfc, 0xf8, 0x00, 0xf8, 0xfc, 0xf8, 0x00,
    0xf8, 0xfc, 0xf8, 0x00, 0xf8, 0xfc, 0xf8, 0x00, 0xf8, 0xfc, 0xf8, 0x00,
    0xf8, 0xfc, 0xf8, 0x00, 0xf8, 0xfc, 0xf8, 0x00, 0xf8, 0xfc, 0xf8, 0x00,
    0xf8, 0xfc, 0xf8, 0x00, 0xf8, 0xfc, 0xf8, 0x00, 0xf8, 0xfc, 0xf8, 0x00,
    0xf8, 0xfc, 0xf8, 0x00, 0xf8, 0xfc, 0xf8, 0x00, 0xf8, 0xfc, 0xf8, 0x00,
    0xf8, 0xfc, 0xf8, 0x00, 0xf8, 0xfc, 0xf8, 0x00, 0xf8, 0xfc, 0xf8, 0x00,
    0xf8, 0xfc, 0xf8, 0x00, 0xf8, 0xfc, 0xf8, 0x00, 0xf8, 0xfc, 0xf8, 0x00,
    0xf8, 0xfc, 0xf8, 0x00, 0xf8, 0xfc, 0xf8, 0x00, 0xf8, 0xfc, 0xf8, 0x00,
    0xf8, 0xfc, 0xf8, 0x00, 0xf8, 0xfc, 0xf8, 0x00, 0xf8, 0xfc, 0xf8, 0x00,
    0xf8, 0xfc, 0xf8, 0x00, 0xf8, 0xfc, 0xf8, 0x00, 0xf8, 0xfc, 0xf8, 0x00,
    0xf8, 0xfc, 0xf8, 0x00, 0xf8, 0xfc, 0xf8, 0x00, 0xf8, 0xfc, 0xf8, 0x00,
    0xf8, 0xfc, 0xf8, 0x00, 0xf8, 0xfc, 0xf8, 0x00, 0xf8, 0xfc, 0xf8, 0x00,
    0xf8, 0xfc, 0xf8, 0x00, 0xf8, 0xfc, 0xf8, 0x00, 0xf8, 0xfc, 0xf8, 0x00,
    0xf8, 0xfc, 0xf8, 0x00, 0xf8, 0xfc, 0xf8, 0x00, 0xf8, 0xfc, 0xf8, 0x00,
    0xf8, 0xfc, 0xf8, 0x00, 0xf8, 0xfc, 0xf8, 0x00, 0xf8, 0xfc, 0xf8, 0x00,
    0xf8, 0xfc, 0xf8, 0x00, 0xf8, 0xfc, 0xf8, 0x00, 0xf8, 0xfc, 0xf8, 0x00,
    0xf8, 0xfc, 0xf8, 0x00, 0xf8, 0xfc, 0xf8, 0x00, 0xf8, 0xfc, 0xf8, 0x00,
    0xf8, 0xfc, 0xf8, 0x00, 0xf8, 0xfc, 0xf8, 0x00, 0xf8, 0xfc, 0xf8, 0x00,
    0xf8, 0xfc, 0xf8, 0x00, 0xf8, 0xfc, 0xf8, 0x00, 0xf8, 0xfc, 0xf8, 0x00,
    0xf8, 0xfc, 0xf8, 0x00, 0xf8, 0xfc, 0xf8, 0x00, 0xf8, 0xfc, 0xf8, 0x00,
    0xf8, 0xfc, 0xf8, 0x00, 0xf8, 0xfc, 0xf8, 0x00, 0xf8, 0xfc, 0xf8, 0x00,
    0xf8, 0xfc, 0xf8, 0x00, 0xf8, 0xfc, 0xf8, 0x00, 0xf8, 0xfc, 0xf8, 0x00,
    0xf8, 0xfc, 0xf8, 0x00, 0xf8, 0xfc, 0xf8, 0x00, 0xf8, 0xfc, 0xf8, 0x00,
    0xf8, 0xfc, 0xf8, 0x00, 0xf8, 0xfc, 0xf8, 0x00, 0xf8, 0xfc, 0xf8, 0x00,
    0xf8, 0xfc, 0xf8, 0x00, 0xf8, 0xfc, 0xf8, 0x00, 0xf8, 0xfc, 0xf8, 0x00,
    0xf8, 0xfc, 0xf8, 0x00, 0xf8, 0xfc, 0xf8, 0x00, 0xf8, 0xfc, 0xf8, 0x00,
    0xf8, 0xfc, 0xf8, 0x00, 0xf8, 0xfc, 0xf8, 0x00, 0xf8, 0xfc, 0xf8, 0x00,
    0xf8, 0xfc, 0xf8, 0x00, 0xf8, 0xfc, 0xf8, 0x00, 0xd0, 0xc8, 0xc0, 0x41,
    0xc8, 0xc4, 0xc0, 0xff, 0xc0, 0xc0, 0xc8, 0xff, 0xc0, 0xbc, 0xc0, 0xff,
    0xb8, 0xb8, 0xc8, 0xff, 0xb0, 0xb4, 0xc8, 0xff, 0xb0, 0xb0, 0xc0, 0x82,
    0xf8, 0xfc, 0xf8, 0x00, 0xf8, 0xfc, 0xf8, 0x00, 0xf8, 0xfc, 0xf8, 0x00,
    0xf8, 0xfc, 0xf8, 0x00, 0xf8, 0xfc, 0xf8, 0x00, 0xf8, 0xfc, 0xf8, 0x00,
    0xf8, 0xfc, 0xf8, 0x00, 0xf8, 0xfc, 0xf8, 0x00, 0xf8, 0xfc, 0xf8, 0x00,
    0xf8, 0xfc, 0xf8, 0x00, 0xf8, 0xfc, 0xf8, 0x00, 0xf8, 0xfc, 0xf8, 0x00,
    0xc8, 0x84, 0x58, 0x9e, 0xc8, 0x84, 0x60, 0xff, 0xc8, 0x88, 0x60, 0xff,
    0xc8, 0x88, 0x60, 0xff, 0xc8, 0x8c, 0x60, 0xff, 0xd0, 0x8c, 0x60, 0xff,
    0xd0, 0x8c, 0x68, 0x20, 0xf8, 0xfc, 0xf8, 0x00, 0xf8, 0xfc, 0xf8, 0x00,
    0xf8, 0xfc, 0xf8, 0x00, 0xf8, 0xfc, 0xf8, 0x00, 0xf8, 0xfc, 0xf8, 0x00,
    0xf8, 0xfc, 0xf8, 0x00, 0xf8, 0xfc, 0xf8, 0x00, 0xf8, 0xfc, 0xf8, 0x00,
    0xf8, 0xfc, 0xf8, 0x00, 0xf8, 0xfc, 0xf8, 0x00, 0xf8, 0xfc, 0xf8, 0x00,
    0xf8, 0xfc, 0xf8, 0x00, 0xf8, 0xfc, 0xf8, 0x00, 0xf8, 0xfc, 0xf8, 0x00,
    0xf8, 0xfc, 0xf8, 0x00, 0xf8, 0xfc, 0xf8, 0x00, 0xf8, 0xfc, 0xf8, 0x00,
    0xf8, 0xfc, 0xf8, 0x00, 0xf8, 0xfc, 0xf8, 0x00, 0xf8, 0xfc, 0xf8, 0x00,
    0xf8, 0xfc, 0xf8, 0x00, 0xf8, 0xfc, 0xf8, 0x00, 0xf8, 0xfc, 0xf8, 0x00,
    0xf8, 0xfc, 0xf8, 0x00, 0xf8, 0xfc, 0xf8, 0x00, 0xf8, 0xfc, 0xf8, 0x00,
    0xf8, 0xfc, 0xf8, 0x00, 0xf8, 0xfc, 0xf8, 0x00, 0xf8, 0xfc, 0xf8, 0x00,
    0xf8, 0xfc, 0xf8, 0x00, 0xf8, 0xfc, 0xf8, 0x00, 0xf8, 0xfc, 0xf8, 0x00,
    0xf8, 0xfc, 0xf8, 0x00, 0xf8, 0xfc, 0xf8, 0x00, 0xf8, 0xfc, 0xf8, 0x00,
    0xf8, 0xfc, 0xf8, 0x00, 0xf8, 0xfc, 0xf8, 0x00, 0xf8, 0xfc, 0xf8, 0x00,
    0xf8, 0xfc, 0xf8, 0x00, 0xf8, 0xfc, 0xf8, 0x00, 0xf8, 0xfc, 0xf8, 0x00,
    0xf8, 0xfc, 0xf8, 0x00, 0xf8, 0xfc, 0xf8, 0x00, 0xf8, 0xfc, 0xf8, 0x00,
    0xf8, 0xfc, 0xf8, 0x00, 0xf8, 0xfc, 0xf8, 0x00, 0xf8, 0xfc, 0xf8, 0x00,
    0xf8, 0xfc, 0xf8, 0x00, 0xf8, 0xfc, 0xf8, 0x00, 0xf8, 0xfc, 0xf8, 0x00,
    0xf8, 0xfc, 0xf8, 0x00, 0xf8, 0xfc, 0xf8, 0x00, 0xf8, 0xfc, 0xf8, 0x00,
    0xf8, 0xfc, 0xf8, 0x00, 0xf8, 0xfc, 0xf8, 0x00, 0xf8, 0xfc, 0xf8, 0x00,
    0xf8, 0xfc, 0xf8, 0x00, 0xf8, 0xfc, 0xf8, 0x00, 0xf8, 0xfc, 0xf8, 0x00,
    0xf8, 0xfc, 0xf8, 0x00, 0xf8, 0xfc, 0xf8, 0x00, 0xf8, 0xfc, 0xf8, 0x00,
    0xf8, 0xfc, 0xf8, 0x00, 0xf8, 0xfc, 0xf8, 0x00, 0xf8, 0xfc, 0xf8, 0x00,
    0xf8, 0xfc, 0xf8, 0x00, 0xf8, 0xfc, 0xf8, 0x00, 0xf8, 0xfc, 0xf8, 0x00,
    0xf8, 0xfc, 0xf8, 0x00, 0xf8, 0xfc, 0xf8, 0x00, 0xf8, 0xfc, 0xf8, 0x00,
    0xf8, 0xfc, 0xf8, 0x00, 0xf8, 0xfc, 0xf8, 0x00, 0xf8, 0xfc, 0xf8, 0x00,
    0xf8, 0xfc, 0xf8, 0x00, 0xf8, 0xfc, 0xf8, 0x00, 0xf8, 0xfc, 0xf8, 0x00,
    0xf8, 0xfc, 0xf8, 0x00, 0xf8, 0xfc, 0xf8, 0x00, 0xf8, 0xfc, 0xf8, 0x00,
    0xf8, 0xfc, 0xf8, 0x00, 0xf8, 0xfc, 0xf8, 0x00, 0xf8, 0xfc, 0xf8, 0x00,
    0xf8, 0xfc, 0xf8, 0x00, 0xf8, 0xfc, 0xf8, 0x00, 0xf8, 0xfc, 0xf8, 0x00,
    0xf8, 0xfc, 0xf8, 0x00, 0xf8, 0xfc, 0xf8, 0x00, 0xf8, 0xfc, 0xf8, 0x00,
    0xf8, 0xfc, 0xf8, 0x00, 0xf8, 0xfc, 0xf8, 0x00, 0xf8, 0xfc, 0xf8, 0x00,
    0xf8, 0xfc, 0xf8, 0x00, 0xf8, 0xfc, 0xf8, 0x00, 0xf8, 0xfc, 0xf8, 0x00,
    0xf8, 0xfc, 0xf8, 0x00, 0xf8, 0xfc, 0xf8, 0x00, 0xf8, 0xfc, 0xf8, 0x00,
    0xf8, 0xfc, 0xf8, 0x00, 0xf8, 0xfc, 0xf8, 0x00, 0xf8, 0xfc, 0xf8, 0x00,
    0xc8, 0xc4, 0xc8, 0xc3, 0xc0, 0xc0, 0xc0, 0xff, 0xb8, 0xbc, 0xc8, 0xff,
    0xb8, 0xb8, 0xc0, 0xff, 0xb0, 0xb4, 0xc8, 0xff, 0xa8, 0xb0, 0xc8, 0xef,
    0xf8, 0xfc, 0xf8, 0x00, 0xf8, 0xfc, 0xf8, 0x00, 0xf8, 0xfc, 0xf8, 0x00,
    0xf8, 0xfc, 0xf8, 0x00, 0xf8, 0xfc, 0xf8, 0x00, 0xf8, 0xfc, 0xf8, 0x00,
    0xf8, 0xfc, 0xf8, 0x00, 0xf8, 0xfc, 0xf8, 0x00, 0xf8, 0xfc, 0xf8, 0x00,
    0xf8, 0xfc, 0xf8, 0x00, 0xf8, 0xfc, 0xf8, 0x00, 0xc8, 0x84, 0x58, 0x10,
    0xc0, 0x84, 0x60, 0xef, 0xc8, 0x88, 0x60, 0xff, 0xc8, 0x88, 0x58, 0xff,
    0xc8, 0x88, 0x60, 0xff, 0xc8, 0x8c, 0x60, 0xff, 0xd0, 0x8c, 0x60, 0x9e,
    0xf8, 0xfc, 0xf8, 0x00, 0xf8, 0xfc, 0xf8, 0x00, 0xf8, 0xfc, 0xf8, 0x00,
    0xf8, 0xfc, 0xf8, 0x00, 0xf8, 0xfc, 0xf8, 0x00, 0xf8, 0xfc, 0xf8, 0x00,
    0xf8, 0xfc, 0xf8, 0x00, 0xf8, 0xfc, 0xf8, 0x00, 0xf8, 0xfc, 0xf8, 0x00,
    0xf8, 0xfc, 0xf8, 0x00, 0xf8, 0xfc, 0xf8, 0x00, 0xf8, 0xfc, 0xf8, 0x00,
    0xf8, 0xfc, 0xf8, 0x00, 0xf8, 0xfc, 0xf8, 0x00, 0xf8, 0xfc, 0xf8, 0x00,
    0xf8, 0xfc, 0xf8, 0x00, 0xf8, 0xfc, 0xf8, 0x00, 0xf8, 0xfc, 0xf8, 0x00,
    0xf8, 0xfc, 0xf8, 0x00, 0xf8, 0xfc, 0xf8, 0x00, 0xf8, 0xfc, 0xf8, 0x00,
    0xf8, 0xfc, 0xf8, 0x00, 0xf8, 0xfc, 0xf8, 0x00, 0xf8, 0xfc, 0xf8, 0x00,
    0xf8, 0xfc, 0xf8, 0x00, 0xf8, 0xfc, 0xf8, 0x00, 0xf8, 0xfc, 0xf8, 0x00,
    0xf8, 0xfc, 0xf8, 0x00, 0xf8, 0xfc, 0xf8, 0x00, 0xf8, 0xfc, 0xf8, 0x00,
    0xf8, 0xfc, 0xf8, 0x00, 0xf8, 0xfc, 0xf8, 0x00, 0xf8, 0xfc, 0xf8, 0x00,
    0xf8, 0xfc, 0xf8, 0x00, 0xf8, 0xfc, 0xf8, 0x00, 0xf8, 0xfc, 0xf8, 0x00,
    0xf8, 0xfc, 0xf8, 0x00, 0xf8, 0xfc, 0xf8, 0x00, 0xf8, 0xfc, 0xf8, 0x00,
    0xf8, 0xfc, 0xf8, 0x00, 0xf8, 0xfc, 0xf8, 0x00, 0xf8, 0xfc, 0xf8, 0x00,
    0xf8, 0xfc, 0xf8, 0x00, 0xf8, 0xfc, 0xf8, 0x00, 0xf8, 0xfc, 0xf8, 0x00,
    0xf8, 0xfc, 0xf8, 0x00, 0xf8, 0xfc, 0xf8, 0x00, 0xf8, 0xfc, 0xf8, 0x00,
    0xf8, 0xfc, 0xf8, 0x00, 0xf8, 0xfc, 0xf8, 0x00, 0xf8, 0xfc, 0xf8, 0x00,
    0xf8, 0xfc, 0xf8, 0x00, 0xf8, 0xfc, 0xf8, 0x00, 0xf8, 0xfc, 0xf8, 0x00,
    0xf8, 0xfc, 0xf8, 0x00, 0xf8, 0xfc, 0xf8, 0x00, 0xf8, 0xfc, 0xf8, 0x00,
    0xf8, 0xfc, 0xf8, 0x00, 0xf8, 0xfc, 0xf8, 0x00, 0xf8, 0xfc, 0xf8, 0x00,
    0xf8, 0xfc, 0xf8, 0x00, 0xf8, 0xfc, 0xf8, 0x00, 0xf8, 0xfc, 0xf8, 0x00,
    0xf8, 0xfc, 0xf8, 0x00, 0xf8, 0xfc, 0xf8, 0x00, 0xf8, 0xfc, 0xf8, 0x00,
    0xf8, 0xfc, 0xf8, 0x00, 0xf8, 0xfc, 0xf8, 0x00, 0xf8, 0xfc, 0xf8, 0x00,
    0xf8, 0xfc, 0xf8, 0x00, 0xf8, 0xfc, 0xf8, 0x00, 0xf8, 0xfc, 0xf8, 0x00,
    0xf8, 0xfc, 0xf8, 0x00, 0xf8, 0xfc, 0xf8, 0x00, 0xf8, 0xfc, 0xf8, 0x00,
    0xf8, 0xfc, 0xf8, 0x00, 0xf8, 0xfc, 0xf8, 0x00, 0xf8, 0xfc, 0xf8, 0x00,
    0xf8, 0xfc, 0xf8, 0x00, 0xf8, 0xfc, 0xf8, 0x00, 0xf8, 0xfc, 0xf8, 0x00,
    0xf8, 0xfc, 0xf8, 0x00, 0xf8, 0xfc, 0xf8, 0x00, 0xf8, 0xfc, 0xf8, 0x00,
    0xf8, 0xfc, 0xf8, 0x00, 0xf8, 0xfc, 0xf8, 0x00, 0xf8, 0xfc, 0xf8, 0x00,
    0xf8, 0xfc, 0xf8, 0x00, 0xf8, 0xfc, 0xf8, 0x00, 0xf8, 0xfc, 0xf8, 0x00,
    0xf8, 0xfc, 0xf8, 0x00, 0xf8, 0xfc, 0xf8, 0x00, 0xf8, 0xfc, 0xf8, 0x00,
    0xf8, 0xfc, 0xf8, 0x00, 0xf8, 0xfc, 0xf8, 0x00, 0xf8, 0xfc, 0xf8, 0x00,
    0xf8, 0xfc, 0xf8, 0x00, 0xf8, 0xfc, 0xf8, 0x00, 0xf8, 0xfc, 0xf8, 0x00,
    0xf8, 0xfc, 0xf8, 0x00, 0xf8, 0xfc, 0xf8, 0x00, 0xf8, 0xfc, 0xf8, 0x00,
    0xc0, 0xc0, 0xc0, 0x41, 0xb8, 0xbc, 0xc8, 0xff, 0xb8, 0xb8, 0xc0, 0xff,
    0xb0, 0xb4, 0xc0, 0xff, 0xb0, 0xb0, 0xc0, 0xff, 0xa8, 0xac, 0xc8, 0xff,
    0xa0, 0xa8, 0xc8, 0x61, 0xf8, 0xfc, 0xf8, 0x00, 0xf8, 0xfc, 0xf8, 0x00,
    0xf8, 0xfc, 0xf8, 0x00, 0xf8, 0xfc, 0xf8, 0x00, 0xf8, 0xfc, 0xf8, 0x00,
    0xf8, 0xfc, 0xf8, 0x00, 0xf8, 0xfc, 0xf8, 0x00, 0xf8, 0xfc, 0xf8, 0x00,
    0xf8, 0xfc, 0xf8, 0x00, 0xf8, 0xfc, 0xf8, 0x00, 0xc8, 0x84, 0x58, 0x71,
    0xc8, 0x84, 0x60, 0xff, 0xc8, 0x88, 0x60, 0xff, 0xc8, 0x88, 0x60, 0xff,
    0xc8, 0x8c, 0x60, 0xff, 0xd0, 0x8c, 0x60, 0xff, 0xc8, 0x90, 0x68, 0x20,
    0xf8, 0xfc, 0xf8, 0x00, 0xf8, 0xfc, 0xf8, 0x00, 0xf8, 0xfc, 0xf8, 0x00,
    0xf8, 0xfc, 0xf8, 0x00, 0xf8, 0xfc, 0xf8, 0x00, 0xf8, 0xfc, 0xf8, 0x00,
    0xf8, 0xfc, 0xf8, 0x00, 0xf8, 0xfc, 0xf8, 0x00, 0xf8, 0xfc, 0xf8, 0x00,
    0xf8, 0xfc, 0xf8, 0x00, 0xf8, 0xfc, 0xf8, 0x00, 0xf8, 0xfc, 0xf8, 0x00,
    0xf8, 0xfc, 0xf8, 0x00, 0xf8, 0xfc, 0xf8, 0x00, 0xf8, 0xfc, 0xf8, 0x00,
    0xf8, 0xfc, 0xf8, 0x00, 0xf8, 0xfc, 0xf8, 0x00, 0xf8, 0xfc, 0xf8, 0x00,
    0xf8, 0xfc, 0xf8, 0x00, 0xf8, 0xfc, 0xf8, 0x00, 0xf8, 0xfc, 0xf8, 0x00,
    0xf8, 0xfc, 0xf8, 0x00, 0xf8, 0xfc, 0xf8, 0x00, 0xf8, 0xfc, 0xf8, 0x00,
    0xf8, 0xfc, 0xf8, 0x00, 0xf8, 0xfc, 0xf8, 0x00, 0xf8, 0xfc, 0xf8, 0x00,
    0xf8, 0xfc, 0xf8, 0x00, 0xf8, 0xfc, 0xf8, 0x00, 0xf8, 0xfc, 0xf8, 0x00,
    0xf8, 0xfc, 0xf8, 0x00, 0xf8, 0xfc, 0xf8, 0x00, 0xf8, 0xfc, 0xf8, 0x00,
    0xf8, 0xfc, 0xf8, 0x00, 0xf8, 0xfc, 0xf8, 0x00, 0xf8, 0xfc, 0xf8, 0x00,
    0xf8, 0xfc, 0xf8, 0x00, 0xf8, 0xfc, 0xf8, 0x00, 0xf8, 0xfc, 0xf8, 0x00,
    0xf8, 0xfc, 0xf8, 0x00, 0xf8, 0xfc, 0xf8, 0x00, 0xf8, 0xfc, 0xf8, 0x00,
    0xf8, 0xfc, 0xf8, 0x00, 0xf8, 0xfc, 0xf8, 0x00, 0xf8, 0xfc, 0xf8, 0x00,
    0xf8, 0xfc, 0xf8, 0x00, 0xf8, 0xfc, 0xf8, 0x00, 0xf8, 0xfc, 0xf8, 0x00,
    0xf8, 0xfc, 0xf8, 0x00, 0xf8, 0xfc, 0xf8, 0x00, 0xf8, 0xfc, 0xf8, 0x00,
    0xf8, 0xfc, 0xf8, 0x00, 0xf8, 0xfc, 0xf8, 0x00, 0xf8, 0xfc, 0xf8, 0x00,
    0xf8, 0xfc, 0xf8, 0x00, 0xf8, 0xfc, 0xf8, 0x00, 0xf8, 0xfc, 0xf8, 0x00,
    0xf8, 0xfc, 0xf8, 0x00, 0xf8, 0xfc, 0xf8, 0x00, 0xf8, 0xfc, 0xf8, 0x00,
    0xf8, 0xfc, 0xf8, 0x00, 0xf8, 0xfc, 0xf8, 0x00, 0xf8, 0xfc, 0xf8, 0x00,
    0xf8, 0xfc, 0xf8, 0x00, 0xf8, 0xfc, 0xf8, 0x00, 0xf8, 0xfc, 0xf8, 0x00,
    0xf8, 0xfc, 0xf8, 0x00, 0xf8, 0xfc, 0xf8, 0x00, 0xf8, 0xfc, 0xf8, 0x00,
    0xf8, 0xfc, 0xf8, 0x00, 0xf8, 0xfc, 0xf8, 0x00, 0xf8, 0xfc, 0xf8, 0x00,
    0xf8, 0xfc, 0xf8, 0x00, 0xf8, 0xfc, 0xf8, 0x00, 0xf8, 0xfc, 0xf8, 0x00,
    0xf8, 0xfc, 0xf8, 0x00, 0xf8, 0xfc, 0xf8, 0x00, 0xf8, 0xfc, 0xf8, 0x00,
    0xf8, 0xfc, 0xf8, 0x00, 0xf8, 0xfc, 0xf8, 0x00, 0xf8, 0xfc, 0xf8, 0x00,
    0xf8, 0xfc, 0xf8, 0x00, 0xf8, 0xfc, 0xf8, 0x00, 0xf8, 0xfc, 0xf8, 0x00,
    0xf8, 0xfc, 0xf8, 0x00, 0xf8, 0xfc, 0xf8, 0x00, 0xf8, 0xfc, 0xf8, 0x00,
    0xf8, 0xfc, 0xf8, 0x00, 0xf8, 0xfc, 0xf8, 0x00, 0xf8, 0xfc, 0xf8, 0x00,
    0xf8, 0xfc, 0xf8, 0x00, 0xf8, 0xfc, 0xf8, 0x00, 0xf8, 0xfc, 0xf8, 0x00,
    0xf8, 0xfc, 0xf8, 0x00, 0xf8, 0xfc, 0xf8, 0x00, 0xf8, 0xfc, 0xf8, 0x00,
    0xf8, 0xfc, 0xf8, 0x00, 0xf8, 0xfc, 0xf8, 0x00, 0xf8, 0xfc, 0xf8, 0x00,
    0xf8, 0xfc, 0xf8, 0x00, 0xf8, 0xfc, 0xf8, 0x00, 0xf8, 0xfc, 0xf8, 0x00,
    0xf8, 0xfc, 0xf8, 0x00, 0xb8, 0xb8, 0xc8, 0xbe, 0xb8, 0xb8, 0xc8, 0xff,
    0xb0, 0xb4, 0xc8, 0xff, 0xa8, 0xac, 0xc8, 0xff, 0xa8, 0xa8, 0xc0, 0xff,
    0xa0, 0xa8, 0xc8, 0xdf, 0xf8, 0xfc, 0xf8, 0x00, 0xf8, 0xfc, 0xf8, 0x00,
    0xf8, 0xfc, 0xf8, 0x00, 0xf8, 0xfc, 0xf8, 0x00, 0xf8, 0xfc, 0xf8, 0x00,
    0xf8, 0xfc, 0xf8, 0x00, 0xf8, 0xfc, 0xf8, 0x00, 0xf8, 0xfc, 0xf8, 0x00,
    0xf8, 0xfc, 0xf8, 0x00, 0xf8, 0xfc, 0xf8, 0x00, 0xc8, 0x84, 0x58, 0xdf,
    0xc8, 0x84, 0x60, 0xff, 0xc8, 0x88, 0x60, 0xff, 0xc8, 0x8c, 0x60, 0xff,
    0xc8, 0x8c, 0x60, 0xff, 0xd0, 0x8c, 0x60, 0xa2, 0xf8, 0xfc, 0xf8, 0x00,
    0xf8, 0xfc, 0xf8, 0x00, 0xf8, 0xfc, 0xf8, 0x00, 0xf8, 0xfc, 0xf8, 0x00,
    0xf8, 0xfc, 0xf8, 0x00, 0xf8, 0xfc, 0xf8, 0x00, 0xf8, 0xfc, 0xf8, 0x00,
    0xf8, 0xfc, 0xf8, 0x00, 0xf8, 0xfc, 0xf8, 0x00, 0xf8, 0xfc, 0xf8, 0x00,
    0xf8, 0xfc, 0xf8, 0x00, 0xf8, 0xfc, 0xf8, 0x00, 0xf8, 0xfc, 0xf8, 0x00,
    0xf8, 0xfc, 0xf8, 0x00, 0xf8, 0xfc, 0xf8, 0x00, 0xf8, 0xfc, 0xf8, 0x00,
    0xf8, 0xfc, 0xf8, 0x00, 0xf8, 0xfc, 0xf8, 0x00, 0xf8, 0xfc, 0xf8, 0x00,
    0xf8, 0xfc, 0xf8, 0x00, 0xf8, 0xfc, 0xf8, 0x00, 0xf8, 0xfc, 0xf8, 0x00,
    0xf8, 0xfc, 0xf8, 0x00, 0xf8, 0xfc, 0xf8, 0x00, 0xf8, 0xfc, 0xf8, 0x00,
    0xf8, 0xfc, 0xf8, 0x00, 0xf8, 0xfc, 0xf8, 0x00, 0xf8, 0xfc, 0xf8, 0x00,
    0xf8, 0xfc, 0xf8, 0x00, 0xf8, 0xfc, 0xf8, 0x00, 0xf8, 0xfc, 0xf8, 0x00,
    0xf8, 0xfc, 0xf8, 0x00, 0xf8, 0xfc, 0xf8, 0x00, 0xf8, 0xfc, 0xf8, 0x00,
    0xf8, 0xfc, 0xf8, 0x00, 0xf8, 0xfc, 0xf8, 0x00, 0xf8, 0xfc, 0xf8, 0x00,
    0xf8, 0xfc, 0xf8, 0x00, 0xf8, 0xfc, 0xf8, 0x00, 0xf8, 0xfc, 0xf8, 0x00,
    0xf8, 0xfc, 0xf8, 0x00, 0xf8, 0xfc, 0xf8, 0x00, 0xf8, 0xfc, 0xf8, 0x00,
    0xf8, 0xfc, 0xf8, 0x00, 0xf8, 0xfc, 0xf8, 0x00, 0xf8, 0xfc, 0xf8, 0x00,
    0xf8, 0xfc, 0xf8, 0x00, 0xf8, 0xfc, 0xf8, 0x00, 0xf8, 0xfc, 0xf8, 0x00,
    0xf8, 0xfc, 0xf8, 0x00, 0xf8, 0xfc, 0xf8, 0x00, 0xf8, 0xfc, 0xf8, 0x00,
    0xf8, 0xfc, 0xf8, 0x00, 0xf8, 0xfc, 0xf8, 0x00, 0xf8, 0xfc, 0xf8, 0x00,
    0xf8, 0xfc, 0xf8, 0x00, 0xf8, 0xfc, 0xf8, 0x00, 0xf8, 0xfc, 0xf8, 0x00,
    0xf8, 0xfc, 0xf8, 0x00, 0xf8, 0xfc, 0xf8, 0x00, 0xf8, 0xfc, 0xf8, 0x00,
    0xf8, 0xfc, 0xf8, 0x00, 0xf8, 0xfc, 0xf8, 0x00, 0xf8, 0xfc, 0xf8, 0x00,
    0xf8, 0xfc, 0xf8, 0x00, 0xf8, 0xfc, 0xf8, 0x00, 0xf8, 0xfc, 0xf8, 0x00,
    0xf8, 0xfc, 0xf8, 0x00, 0xf8, 0xfc, 0xf8, 0x00, 0xf8, 0xfc, 0xf8, 0x00,
    0xf8, 0xfc, 0xf8, 0x00, 0xf8, 0xfc, 0xf8, 0x00, 0xf8, 0xfc, 0xf8, 0x00,
    0xf8, 0xfc, 0xf8, 0x00, 0xf8, 0xfc, 0xf8, 0x00, 0xf8, 0xfc, 0xf8, 0x00,
    0xf8, 0xfc, 0xf8, 0x00, 0xf8, 0xfc, 0xf8, 0x00, 0xf8, 0xfc, 0xf8, 0x00,
    0xf8, 0xfc, 0xf8, 0x00, 0xf8, 0xfc, 0xf8, 0x00, 0xf8, 0xfc, 0xf8, 0x00,
    0xf8, 0xfc, 0xf8, 0x00, 0xf8, 0xfc, 0xf8, 0x00, 0xf8, 0xfc, 0xf8, 0x00,
    0xf8, 0xfc, 0xf8, 0x00, 0xf8, 0xfc, 0xf8, 0x00, 0xf8, 0xfc, 0xf8, 0x00,
    0xf8, 0xfc, 0xf8, 0x00, 0xf8, 0xfc, 0xf8, 0x00, 0xf8, 0xfc, 0xf8, 0x00,
    0xf8, 0xfc, 0xf8, 0x00, 0xf8, 0xfc, 0xf8, 0x00, 0xf8, 0xfc, 0xf8, 0x00,
    0xf8, 0xfc, 0xf8, 0x00, 0xf8, 0xfc, 0xf8, 0x00, 0xf8, 0xfc, 0xf8, 0x00,
    0xf8, 0xfc, 0xf8, 0x00, 0xf8, 0xfc, 0xf8, 0x00, 0xf8, 0xfc, 0xf8, 0x00,
    0xf8, 0xfc, 0xf8, 0x00, 0xf8, 0xfc, 0xf8, 0x00, 0xf8, 0xfc, 0xf8, 0x00,
    0xf8, 0xfc, 0xf8, 0x00, 0xb8, 0xb8, 0xc0, 0x51, 0xb0, 0xb4, 0xc0, 0xff,
    0xa8, 0xb0, 0xc8, 0xff, 0xa8, 0xac, 0xc8, 0xff, 0xa0, 0xa8, 0xc0, 0xff,
    0x98, 0xa4, 0xc8, 0xff, 0x98, 0xa0, 0xc0, 0x41, 0xf8, 0xfc, 0xf8, 0x00,
    0xf8, 0xfc, 0xf8, 0x00, 0xf8, 0xfc, 0xf8, 0x00, 0xf8, 0xfc, 0xf8, 0x00,
    0xf8, 0xfc, 0xf8, 0x00, 0xf8, 0xfc, 0xf8, 0x00, 0xf8, 0xfc, 0xf8, 0x00,
    0xf8, 0xfc, 0xf8, 0x00, 0xc8, 0x84, 0x58, 0x41, 0xc8, 0x88, 0x60, 0xff,
    0xc8, 0x88, 0x60, 0xff, 0xc8, 0x88, 0x60, 0xff, 0xc8, 0x8c, 0x60, 0xff,
    0xd0, 0x8c, 0x60, 0xff, 0xd0, 0x90, 0x68, 0x41, 0xf8, 0xfc, 0xf8, 0x00,
    0xf8, 0xfc, 0xf8, 0x00, 0xf8, 0xfc, 0xf8, 0x00, 0xf8, 0xfc, 0xf8, 0x00,
    0xf8, 0xfc, 0xf8, 0x00, 0xf8, 0xfc, 0xf8, 0x00, 0xf8, 0xfc, 0xf8, 0x00,
    0xf8, 0xfc, 0xf8, 0x00, 0xf8, 0xfc, 0xf8, 0x00, 0xf8, 0xfc, 0xf8, 0x00,
    0xf8, 0xfc, 0xf8, 0x00, 0xf8, 0xfc, 0xf8, 0x00, 0xf8, 0xfc, 0xf8, 0x00,
    0xf8, 0xfc, 0xf8, 0x00, 0xf8, 0xfc, 0xf8, 0x00, 0xf8, 0xfc, 0xf8, 0x00,
    0xf8, 0xfc, 0xf8, 0x00, 0xf8, 0xfc, 0xf8, 0x00, 0xf8, 0xfc, 0xf8, 0x00,
    0xf8, 0xfc, 0xf8, 0x00, 0xf8, 0xfc, 0xf8, 0x00, 0xf8, 0xfc, 0xf8, 0x00,
    0xf8, 0xfc, 0xf8, 0x00, 0xf8, 0xfc, 0xf8, 0x00, 0xf8, 0xfc, 0xf8, 0x00,
    0xf8, 0xfc, 0xf8, 0x00, 0xf8, 0xfc, 0xf8, 0x00, 0xf8, 0xfc, 0xf8, 0x00,
    0xf8, 0xfc, 0xf8, 0x00, 0xf8, 0xfc, 0xf8, 0x00, 0xf8, 0xfc, 0xf8, 0x00,
    0xf8, 0xfc, 0xf8, 0x00, 0xf8, 0xfc, 0xf8, 0x00, 0xf8, 0xfc, 0xf8, 0x00,
    0xf8, 0xfc, 0xf8, 0x00, 0xf8, 0xfc, 0xf8, 0x00, 0xf8, 0xfc, 0xf8, 0x00,
    0xf8, 0xfc, 0xf8, 0x00, 0xf8, 0xfc, 0xf8, 0x00, 0xf8, 0xfc, 0xf8, 0x00,
    0xf8, 0xfc, 0xf8, 0x00, 0xf8, 0xfc, 0xf8, 0x00, 0xf8, 0xfc, 0xf8, 0x00,
    0xf8, 0xfc, 0xf8, 0x00, 0xf8, 0xfc, 0xf8, 0x00, 0xf8, 0xfc, 0xf8, 0x00,
    0xf8, 0xfc, 0xf8, 0x00, 0xf8, 0xfc, 0xf8, 0x00, 0xf8, 0xfc, 0xf8, 0x00,
    0xf8, 0xfc, 0xf8, 0x00, 0xf8, 0xfc, 0xf8, 0x00, 0xf8, 0xfc, 0xf8, 0x00,
    0xf8, 0xfc, 0xf8, 0x00, 0xf8, 0xfc, 0xf8, 0x00, 0xf8, 0xfc, 0xf8, 0x00,
    0xf8, 0xfc, 0xf8, 0x00, 0xf8, 0xfc, 0xf8, 0x00, 0xf8, 0xfc, 0xf8, 0x00,
    0xf8, 0xfc, 0xf8, 0x00, 0xf8, 0xfc, 0xf8, 0x00, 0xf8, 0xfc, 0xf8, 0x00,
    0xf8, 0xfc, 0xf8, 0x00, 0xf8, 0xfc, 0xf8, 0x00, 0xf8, 0xfc, 0xf8, 0x00,
    0xf8, 0xfc, 0xf8, 0x00, 0xf8, 0xfc, 0xf8, 0x00, 0xf8, 0xfc, 0xf8, 0x00,
    0xf8, 0xfc, 0xf8, 0x00, 0xf8, 0xfc, 0xf8, 0x00, 0xf8, 0xfc, 0xf8, 0x00,
    0xf8, 0xfc, 0xf8, 0x00, 0xf8, 0xfc, 0xf8, 0x00, 0xf8, 0xfc, 0xf8, 0x00,
    0xf8, 0xfc, 0xf8, 0x00, 0xf8, 0xfc, 0xf8, 0x00, 0xf8, 0xfc, 0xf8, 0x00,
    0xf8, 0xfc, 0xf8, 0x00, 0xf8, 0xfc, 0xf8, 0x00, 0xf8, 0xfc, 0xf8, 0x00,
    0xf8, 0xfc, 0xf8, 0x00, 0xf8, 0xfc, 0xf8, 0x00, 0xf8, 0xfc, 0xf8, 0x00,
    0xf8, 0xfc, 0xf8, 0x00, 0xf8, 0xfc, 0xf8, 0x00, 0xf8, 0xfc, 0xf8, 0x00,
    0xf8, 0xfc, 0xf8, 0x00, 0xf8, 0xfc, 0xf8, 0x00, 0xf8, 0xfc, 0xf8, 0x00,
    0xf8, 0xfc, 0xf8, 0x00, 0xf8, 0xfc, 0xf8, 0x00, 0xf8, 0xfc, 0xf8, 0x00,
    0xf8, 0xfc, 0xf8, 0x00, 0xf8, 0xfc, 0xf8, 0x00, 0xf8, 0xfc, 0xf8, 0x00,
    0xf8, 0xfc, 0xf8, 0x00, 0xf8, 0xfc, 0xf8, 0x00, 0xf8, 0xfc, 0xf8, 0x00,
    0xf8, 0xfc, 0xf8, 0x00, 0xf8, 0xfc, 0xf8, 0x00, 0xf8, 0xfc, 0xf8, 0x00,
    0xf8, 0xfc, 0xf8, 0x00, 0xf8, 0xfc, 0xf8, 0x00, 0xf8, 0xfc, 0xf8, 0x00,
    0xf8, 0xfc, 0xf8, 0x00, 0xf8, 0xfc, 0xf8, 0x00, 0xb0, 0xb0, 0xc0, 0xdf,
    0xa8, 0xb0, 0xc8, 0xff, 0xa0, 0xa8, 0xc0, 0xff, 0xa0, 0xa4, 0xc8, 0xff,
    0x98, 0xa0, 0xc8, 0xff, 0x98, 0x9c, 0xc8, 0x9e, 0xf8, 0xfc, 0xf8, 0x00,
    0xf8, 0xfc, 0xf8, 0x00, 0xf8, 0xfc, 0xf8, 0x00, 0xf8, 0xfc, 0xf8, 0x00,
    0xf8, 0xfc, 0xf8, 0x00, 0xf8, 0xfc, 0xf8, 0x00, 0xf8, 0xfc, 0xf8, 0x00,
    0xf8, 0xfc, 0xf8, 0x00, 0xc8, 0x84, 0x58, 0x9e, 0xc8, 0x88, 0x60, 0xff,
    0xc8, 0x88, 0x60, 0xff, 0xc8, 0x88, 0x60, 0xff, 0xd0, 0x8c, 0x60, 0xff,
    0xd0, 0x90, 0x60, 0xcf, 0xf8, 0xfc, 0xf8, 0x00, 0xf8, 0xfc, 0xf8, 0x00,
    0xf8, 0xfc, 0xf8, 0x00, 0xf8, 0xfc, 0xf8, 0x00, 0xf8, 0xfc, 0xf8, 0x00,
    0xf8, 0xfc, 0xf8, 0x00, 0xf8, 0xfc, 0xf8, 0x00, 0xf8, 0xfc, 0xf8, 0x00,
    0xf8, 0xfc, 0xf8, 0x00, 0xf8, 0xfc, 0xf8, 0x00, 0xf8, 0xfc, 0xf8, 0x00,
    0xf8, 0xfc, 0xf8, 0x00, 0xf8, 0xfc, 0xf8, 0x00, 0xf8, 0xfc, 0xf8, 0x00,
    0xf8, 0xfc, 0xf8, 0x00, 0xf8, 0xfc, 0xf8, 0x00, 0xf8, 0xfc, 0xf8, 0x00,
    0xf8, 0xfc, 0xf8, 0x00, 0xf8, 0xfc, 0xf8, 0x00, 0xf8, 0xfc, 0xf8, 0x00,
    0xf8, 0xfc, 0xf8, 0x00, 0xf8, 0xfc, 0xf8, 0x00, 0xf8, 0xfc, 0xf8, 0x00,
    0xf8, 0xfc, 0xf8, 0x00, 0xf8, 0xfc, 0xf8, 0x00, 0xf8, 0xfc, 0xf8, 0x00,
    0xf8, 0xfc, 0xf8, 0x00, 0xf8, 0xfc, 0xf8, 0x00, 0xf8, 0xfc, 0xf8, 0x00,
    0xf8, 0xfc, 0xf8, 0x00, 0xf8, 0xfc, 0xf8, 0x00, 0xf8, 0xfc, 0xf8, 0x00,
    0xf8, 0xfc, 0xf8, 0x00, 0xf8, 0xfc, 0xf8, 0x00, 0xf8, 0xfc, 0xf8, 0x00,
    0xf8, 0xfc, 0xf8, 0x00, 0xf8, 0xfc, 0xf8, 0x00, 0xf8, 0xfc, 0xf8, 0x00,
    0xf8, 0xfc, 0xf8, 0x00, 0xf8, 0xfc, 0xf8, 0x00, 0xf8, 0xfc, 0xf8, 0x00,
    0xf8, 0xfc, 0xf8, 0x00, 0xf8, 0xfc, 0xf8, 0x00, 0xf8, 0xfc, 0xf8, 0x00,
    0xf8, 0xfc, 0xf8, 0x00, 0xf8, 0xfc, 0xf8, 0x00, 0xf8, 0xfc, 0xf8, 0x00,
    0xf8, 0xfc, 0xf8, 0x00, 0xf8, 0xfc, 0xf8, 0x00, 0xf8, 0xfc, 0xf8, 0x00,
    0xf8, 0xfc, 0xf8, 0x00, 0xf8, 0xfc, 0xf8, 0x00, 0xf8, 0xfc, 0xf8, 0x00,
    0xf8, 0xfc, 0xf8, 0x00, 0xf8, 0xfc, 0xf8, 0x00, 0xf8, 0xfc, 0xf8, 0x00,
    0xf8, 0xfc, 0xf8, 0x00, 0xf8, 0xfc, 0xf8, 0x00, 0xf8, 0xfc, 0xf8, 0x00,
    0xf8, 0xfc, 0xf8, 0x00, 0xf8, 0xfc, 0xf8, 0x00, 0xf8, 0xfc, 0xf8, 0x00,
    0xf8, 0xfc, 0xf8, 0x00, 0xf8, 0xfc, 0xf8, 0x00, 0xf8, 0xfc, 0xf8, 0x00,
    0xf8, 0xfc, 0xf8, 0x00, 0xf8, 0xfc, 0xf8, 0x00, 0xf8, 0xfc, 0xf8, 0x00,
    0xf8, 0xfc, 0xf8, 0x00, 0xf8, 0xfc, 0xf8, 0x00, 0xf8, 0xfc, 0xf8, 0x00,
    0xf8, 0xfc, 0xf8, 0x00, 0xf8, 0xfc, 0xf8, 0x00, 0xf8, 0xfc, 0xf8, 0x00,
    0xf8, 0xfc, 0xf8, 0x00, 0xf8, 0xfc, 0xf8, 0x00, 0xf8, 0xfc, 0xf8, 0x00,
    0xf8, 0xfc, 0xf8, 0x00, 0xf8, 0xfc, 0xf8, 0x00, 0xf8, 0xfc, 0xf8, 0x00,
    0xf8, 0xfc, 0xf8, 0x00, 0xf8, 0xfc, 0xf8, 0x00, 0xf8, 0xfc, 0xf8, 0x00,
    0xf8, 0xfc, 0xf8, 0x00, 0xf8, 0xfc, 0xf8, 0x00, 0xf8, 0xfc, 0xf8, 0x00,
    0xf8, 0xfc, 0xf8, 0x00, 0xf8, 0xfc, 0xf8, 0x00, 0xf8, 0xfc, 0xf8, 0x00,
    0xf8, 0xfc, 0xf8, 0x00, 0xf8, 0xfc, 0xf8, 0x00, 0xf8, 0xfc, 0xf8, 0x00,
    0xf8, 0xfc, 0xf8, 0x00, 0xf8, 0xfc, 0xf8, 0x00, 0xf8, 0xfc, 0xf8, 0x00,
    0xf8, 0xfc, 0xf8, 0x00, 0xf8, 0xfc, 0xf8, 0x00, 0xf8, 0xfc, 0xf8, 0x00,
    0xf8, 0xfc, 0xf8, 0x00, 0xf8, 0xfc, 0xf8, 0x00, 0xf8, 0xfc, 0xf8, 0x00,
    0xf8, 0xfc, 0xf8, 0x00, 0xf8, 0xfc, 0xf8, 0x00, 0xf8, 0xfc, 0xf8, 0x00,
    0xf8, 0xfc, 0xf8, 0x00, 0xf8, 0xfc, 0xf8, 0x00, 0xa8, 0xb0, 0xc8, 0x71,
    0xa8, 0xac, 0xc8, 0xff, 0xa0, 0xa8, 0xc0, 0xff, 0x98, 0xa4, 0xc8, 0xff,
    0x98, 0xa0, 0xc0, 0xff, 0x90, 0x9c, 0xc8, 0xef, 0xf8, 0xfc, 0xf8, 0x00,
    0xf8, 0xfc, 0xf8, 0x00, 0xf8, 0xfc, 0xf8, 0x00, 0xf8, 0xfc, 0xf8, 0x00,
    0xf8, 0xfc, 0xf8, 0x00, 0xf8, 0xfc, 0xf8, 0x00, 0xf8, 0xfc, 0xf8, 0x00,
    0xf8, 0xfc, 0xf8, 0x00, 0xc8, 0x84, 0x60, 0xef, 0xc8, 0x88, 0x60, 0xff,
    0xc8, 0x88, 0x60, 0xff, 0xc8, 0x8c, 0x60, 0xff, 0xc8, 0x8c, 0x60, 0xff,
    0xd0, 0x90, 0x68, 0x71, 0xf8, 0xfc, 0xf8, 0x00, 0xf8, 0xfc, 0xf8, 0x00,
    0xf8, 0xfc, 0xf8, 0x00, 0xf8, 0xfc, 0xf8, 0x00, 0xf8, 0xfc, 0xf8, 0x00,
    0xf8, 0xfc, 0xf8, 0x00, 0xf8, 0xfc, 0xf8, 0x00, 0xf8, 0xfc, 0xf8, 0x00,
    0xf8, 0xfc, 0xf8, 0x00, 0xf8, 0xfc, 0xf8, 0x00, 0xf8, 0xfc, 0xf8, 0x00,
    0xf8, 0xfc, 0xf8, 0x00, 0xf8, 0xfc, 0xf8, 0x00, 0xf8, 0xfc, 0xf8, 0x00,
    0xf8, 0xfc, 0xf8, 0x00, 0xf8, 0xfc, 0xf8, 0x00, 0xf8, 0xfc, 0xf8, 0x00,
    0xf8, 0xfc, 0xf8, 0x00, 0xf8, 0xfc, 0xf8, 0x00, 0xf8, 0xfc, 0xf8, 0x00,
    0xf8, 0xfc, 0xf8, 0x00, 0xf8, 0xfc, 0xf8, 0x00, 0xf8, 0xfc, 0xf8, 0x00,
    0xf8, 0xfc, 0xf8, 0x00, 0xf8, 0xfc, 0xf8, 0x00, 0xf8, 0xfc, 0xf8, 0x00,
    0xf8, 0xfc, 0xf8, 0x00, 0xf8, 0xfc, 0xf8, 0x00, 0xf8, 0xfc, 0xf8, 0x00,
    0xf8, 0xfc, 0xf8, 0x00, 0xf8, 0xfc, 0xf8, 0x00, 0xf8, 0xfc, 0xf8, 0x00,
    0xf8, 0xfc, 0xf8, 0x00, 0xf8, 0xfc, 0xf8, 0x00, 0xf8, 0xfc, 0xf8, 0x00,
    0xf8, 0xfc, 0xf8, 0x00, 0xf8, 0xfc, 0xf8, 0x00, 0xf8, 0xfc, 0xf8, 0x00,
    0xf8, 0xfc, 0xf8, 0x00, 0xf8, 0xfc, 0xf8, 0x00, 0xf8, 0xfc, 0xf8, 0x00,
    0xf8, 0xfc, 0xf8, 0x00, 0xf8, 0xfc, 0xf8, 0x00, 0xf8, 0xfc, 0xf8, 0x00,
    0xf8, 0xfc, 0xf8, 0x00, 0xf8, 0xfc, 0xf8, 0x00, 0xf8, 0xfc, 0xf8, 0x00,
    0xf8, 0xfc, 0xf8, 0x00, 0xf8, 0xfc, 0xf8, 0x00, 0xf8, 0xfc, 0xf8, 0x00,
    0xf8, 0xfc, 0xf8, 0x00, 0xf8, 0xfc, 0xf8, 0x00, 0xf8, 0xfc, 0xf8, 0x00,
    0xf8, 0xfc, 0xf8, 0x00, 0xf8, 0xfc, 0xf8, 0x00, 0xf8, 0xfc, 0xf8, 0x00,
    0xf8, 0xfc, 0xf8, 0x00, 0xf8, 0xfc, 0xf8, 0x00, 0xf8, 0xfc, 0xf8, 0x00,
    0xf8, 0xfc, 0xf8, 0x00, 0xf8, 0xfc, 0xf8, 0x00, 0xf8, 0xfc, 0xf8, 0x00,
    0xf8, 0xfc, 0xf8, 0x00, 0xf8, 0xfc, 0xf8, 0x00, 0xf8, 0xfc, 0xf8, 0x00,
    0xf8, 0xfc, 0xf8, 0x00, 0xf8, 0xfc, 0xf8, 0x00, 0xf8, 0xfc, 0xf8, 0x00,
    0xf8, 0xfc, 0xf8, 0x00, 0xf8, 0xfc, 0xf8, 0x00, 0xf8, 0xfc, 0xf8, 0x00,
    0xf8, 0xfc, 0xf8, 0x00, 0xf8, 0xfc, 0xf8, 0x00, 0xf8, 0xfc, 0xf8, 0x00,
    0xf8, 0xfc, 0xf8, 0x00, 0xf8, 0xfc, 0xf8, 0x00, 0xf8, 0xfc, 0xf8, 0x00,
    0xf8, 0xfc, 0xf8, 0x00, 0xf8, 0xfc, 0xf8, 0x00, 0xf8, 0xfc, 0xf8, 0x00,
    0xf8, 0xfc, 0xf8, 0x00, 0xf8, 0xfc, 0xf8, 0x00, 0xf8, 0xfc, 0xf8, 0x00,
    0xf8, 0xfc, 0xf8, 0x00, 0xf8, 0xfc, 0xf8, 0x00, 0xf8, 0xfc, 0xf8, 0x00,
    0xf8, 0xfc, 0xf8, 0x00, 0xf8, 0xfc, 0xf8, 0x00, 0xf8, 0xfc, 0xf8, 0x00,
    0xf8, 0xfc, 0xf8, 0x00, 0xf8, 0xfc, 0xf8, 0x00, 0xf8, 0xfc, 0xf8, 0x00,
    0xf8, 0xfc, 0xf8, 0x00, 0xf8, 0xfc, 0xf8, 0x00, 0xf8, 0xfc, 0xf8, 0x00,
    0xf8, 0xfc, 0xf8, 0x00, 0xf8, 0xfc, 0xf8, 0x00, 0xf8, 0xfc, 0xf8, 0x00,
    0xf8, 0xfc, 0xf8, 0x00, 0xf8, 0xfc, 0xf8, 0x00, 0xf8, 0xfc, 0xf8, 0x00,
    0xf8, 0xfc, 0xf8, 0x00, 0xf8, 0xfc, 0xf8, 0x00, 0xf8, 0xfc, 0xf8, 0x00,
    0xf8, 0xfc, 0xf8, 0x00, 0xf8, 0xfc, 0xf8, 0x00, 0xa8, 0xac, 0xc8, 0x10,
    0xa0, 0xa8, 0xc0, 0xff, 0xa0, 0xa4, 0xc8, 0xff, 0x98, 0xa0, 0xc8, 0xff,
    0x90, 0x9c, 0xc8, 0xff, 0x90, 0x98, 0xc0, 0xff, 0x88, 0x94, 0xc8, 0x61,
    0xf8, 0xfc, 0xf8, 0x00, 0xf8, 0xfc, 0xf8, 0x00, 0xf8, 0xfc, 0xf8, 0x00,
    0xf8, 0xfc, 0xf8, 0x00, 0xf8, 0xfc, 0xf8, 0x00, 0xf8, 0xfc, 0xf8, 0x00,
    0xc8, 0x84, 0x58, 0x51, 0xc8, 0x88, 0x60, 0xff, 0xc8, 0x88, 0x60, 0xff,
    0xc8, 0x8c, 0x60, 0xff, 0xd0, 0x8c, 0x60, 0xff, 0xd0, 0x8c, 0x68, 0xff,
    0xd0, 0x90, 0x68, 0x10, 0xf8, 0xfc, 0xf8, 0x00, 0xf8, 0xfc, 0xf8, 0x00,
    0xf8, 0xfc, 0xf8, 0x00, 0xf8, 0xfc, 0xf8, 0x00, 0xf8, 0xfc, 0xf8, 0x00,
    0xf8, 0xfc, 0xf8, 0x00, 0xf8, 0xfc, 0xf8, 0x00, 0xf8, 0xfc, 0xf8, 0x00,
    0xf8, 0xfc, 0xf8, 0x00, 0xf8, 0xfc, 0xf8, 0x00, 0xf8, 0xfc, 0xf8, 0x00,
    0xf8, 0xfc, 0xf8, 0x00, 0xf8, 0xfc, 0xf8, 0x00, 0xf8, 0xfc, 0xf8, 0x00,
    0xf8, 0xfc, 0xf8, 0x00, 0xf8, 0xfc, 0xf8, 0x00, 0xf8, 0xfc, 0xf8, 0x00,
    0xf8, 0xfc, 0xf8, 0x00, 0xf8, 0xfc, 0xf8, 0x00, 0xf8, 0xfc, 0xf8, 0x00,
    0xf8, 0xfc, 0xf8, 0x00, 0xf8, 0xfc, 0xf8, 0x00, 0xf8, 0xfc, 0xf8, 0x00,
    0xf8, 0xfc, 0xf8, 0x00, 0xf8, 0xfc, 0xf8, 0x00, 0xf8, 0xfc, 0xf8, 0x00,
    0xf8, 0xfc, 0xf8, 0x00, 0xf8, 0xfc, 0xf8, 0x00, 0xf8, 0xfc, 0xf8, 0x00,
    0xf8, 0xfc, 0xf8, 0x00, 0xf8, 0xfc, 0xf8, 0x00, 0xf8, 0xfc, 0xf8, 0x00,
    0xf8, 0xfc, 0xf8, 0x00, 0xf8, 0xfc, 0xf8, 0x00, 0xf8, 0xfc, 0xf8, 0x00,
    0xf8, 0xfc, 0xf8, 0x00, 0xf8, 0xfc, 0xf8, 0x00, 0xf8, 0xfc, 0xf8, 0x00,
    0xf8, 0xfc, 0xf8, 0x00, 0xf8, 0xfc, 0xf8, 0x00, 0xf8, 0xfc, 0xf8, 0x00,
    0xf8, 0xfc, 0xf8, 0x00, 0xf8, 0xfc, 0xf8, 0x00, 0xf8, 0xfc, 0xf8, 0x00,
    0xf8, 0xfc, 0xf8, 0x00, 0xf8, 0xfc, 0xf8, 0x00, 0xf8, 0xfc, 0xf8, 0x00,
    0xf8, 0xfc, 0xf8, 0x00, 0xf8, 0xfc, 0xf8, 0x00, 0xf8, 0xfc, 0xf8, 0x00,
    0xf8, 0xfc, 0xf8, 0x00, 0xf8, 0xfc, 0xf8, 0x00, 0xf8, 0xfc, 0xf8, 0x00,
    0xf8, 0xfc, 0xf8, 0x00, 0xf8, 0xfc, 0xf8, 0x00, 0xf8, 0xfc, 0xf8, 0x00,
    0xf8, 0xfc, 0xf8, 0x00, 0xf8, 0xfc, 0xf8, 0x00, 0xf8, 0xfc, 0xf8, 0x00,
    0xf8, 0xfc, 0xf8, 0x00, 0xf8, 0xfc, 0xf8, 0x00, 0xf8, 0xfc, 0xf8, 0x00,
    0xf8, 0xfc, 0xf8, 0x00, 0xf8, 0xfc, 0xf8, 0x00, 0xf8, 0xfc, 0xf8, 0x00,
    0xf8, 0xfc, 0xf8, 0x00, 0xf8, 0xfc, 0xf8, 0x00, 0xf8, 0xfc, 0xf8, 0x00,
    0xf8, 0xfc, 0xf8, 0x00, 0xf8, 0xfc, 0xf8, 0x00, 0xf8, 0xfc, 0xf8, 0x00,
    0xf8, 0xfc, 0xf8, 0x00, 0xf8, 0xfc, 0xf8, 0x00, 0xf8, 0xfc, 0xf8, 0x00,
    0xf8, 0xfc, 0xf8, 0x00, 0xf8, 0xfc, 0xf8, 0x00, 0xf8, 0xfc, 0xf8, 0x00,
    0xf8, 0xfc, 0xf8, 0x00, 0xf8, 0xfc, 0xf8, 0x00, 0xf8, 0xfc, 0xf8, 0x00,
    0xf8, 0xfc, 0xf8, 0x00, 0xf8, 0xfc, 0xf8, 0x00, 0xf8, 0xfc, 0xf8, 0x00,
    0xf8, 0xfc, 0xf8, 0x00, 0xf8, 0xfc, 0xf8, 0x00, 0xf8, 0xfc, 0xf8, 0x00,
    0xf8, 0xfc, 0xf8, 0x00, 0xf8, 0xfc, 0xf8, 0x00, 0xf8, 0xfc, 0xf8, 0x00,
    0xf8, 0xfc, 0xf8, 0x00, 0xf8, 0xfc, 0xf8, 0x00, 0xf8, 0xfc, 0xf8, 0x00,
    0xf8, 0xfc, 0xf8, 0x00, 0xf8, 0xfc, 0xf8, 0x00, 0xf8, 0xfc, 0xf8, 0x00,
    0xf8, 0xfc, 0xf8, 0x00, 0xf8, 0xfc, 0xf8, 0x00, 0xf8, 0xfc, 0xf8, 0x00,
    0xf8, 0xfc, 0xf8, 0x00, 0xf8, 0xfc, 0xf8, 0x00, 0xf8, 0xfc, 0xf8, 0x00,
    0xf8, 0xfc, 0xf8, 0x00, 0xf8, 0xfc, 0xf8, 0x00, 0xf8, 0xfc, 0xf8, 0x00,
    0xf8, 0xfc, 0xf8, 0x00, 0xf8, 0xfc, 0xf8, 0x00, 0xf8, 0xfc, 0xf8, 0x00,
    0xa0, 0xa8, 0xc8, 0xae, 0x98, 0xa0, 0xc0, 0xff, 0x98, 0xa0, 0xc8, 0xff,
    0x90, 0x98, 0xc8, 0xff, 0x88, 0x94, 0xc8, 0xff, 0x88, 0x94, 0xc8, 0x9e,
    0xf8, 0xfc, 0xf8, 0x00, 0xf8, 0xfc, 0xf8, 0x00, 0xf8, 0xfc, 0xf8, 0x00,
    0xf8, 0xfc, 0xf8, 0x00, 0xf8, 0xfc, 0xf8, 0x00, 0xf8, 0xfc, 0xf8, 0x00,
    0xc8, 0x84, 0x60, 0x9e, 0xc8, 0x88, 0x60, 0xff, 0xc8, 0x8c, 0x60, 0xff,
    0xc8, 0x8c, 0x60, 0xff, 0xd0, 0x8c, 0x60, 0xff, 0xd0, 0x90, 0x68, 0xb2,
    0xf8, 0xfc, 0xf8, 0x00, 0xf8, 0xfc, 0xf8, 0x00, 0xf8, 0xfc, 0xf8, 0x00,
    0xf8, 0xfc, 0xf8, 0x00, 0xf8, 0xfc, 0xf8, 0x00, 0xf8, 0xfc, 0xf8, 0x00,
    0xf8, 0xfc, 0xf8, 0x00, 0xf8, 0xfc, 0xf8, 0x00, 0xf8, 0xfc, 0xf8, 0x00,
    0xf8, 0xfc, 0xf8, 0x00, 0xf8, 0xfc, 0xf8, 0x00, 0xf8, 0xfc, 0xf8, 0x00,
    0xf8, 0xfc, 0xf8, 0x00, 0xf8, 0xfc, 0xf8, 0x00, 0xf8, 0xfc, 0xf8, 0x00,
    0xf8, 0xfc, 0xf8, 0x00, 0xf8, 0xfc, 0xf8, 0x00, 0xf8, 0xfc, 0xf8, 0x00,
    0xf8, 0xfc, 0xf8, 0x00, 0xf8, 0xfc, 0xf8, 0x00, 0xf8, 0xfc, 0xf8, 0x00,
    0xf8, 0xfc, 0xf8, 0x00, 0xf8, 0xfc, 0xf8, 0x00, 0xf8, 0xfc, 0xf8, 0x00,
    0xf8, 0xfc, 0xf8, 0x00, 0xf8, 0xfc, 0xf8, 0x00, 0xf8, 0xfc, 0xf8, 0x00,
    0xf8, 0xfc, 0xf8, 0x00, 0xf8, 0xfc, 0xf8, 0x00, 0xf8, 0xfc, 0xf8, 0x00,
    0xf8, 0xfc, 0xf8, 0x00, 0xf8, 0xfc, 0xf8, 0x00, 0xf8, 0xfc, 0xf8, 0x00,
    0xf8, 0xfc, 0xf8, 0x00, 0xf8, 0xfc, 0xf8, 0x00, 0xf8, 0xfc, 0xf8, 0x00,
    0xf8, 0xfc, 0xf8, 0x00, 0xf8, 0xfc, 0xf8, 0x00, 0xf8, 0xfc, 0xf8, 0x00,
    0xf8, 0xfc, 0xf8, 0x00, 0xf8, 0xfc, 0xf8, 0x00, 0xf8, 0xfc, 0xf8, 0x00,
    0xf8, 0xfc, 0xf8, 0x00, 0xf8, 0xfc, 0xf8, 0x00, 0xf8, 0xfc, 0xf8, 0x00,
    0xf8, 0xfc, 0xf8, 0x00, 0xf8, 0xfc, 0xf8, 0x00, 0xf8, 0xfc, 0xf8, 0x00,
    0xf8, 0xfc, 0xf8, 0x00, 0xf8, 0xfc, 0xf8, 0x00, 0xf8, 0xfc, 0xf8, 0x00,
    0xf8, 0xfc, 0xf8, 0x00, 0xf8, 0xfc, 0xf8, 0x00, 0xf8, 0xfc, 0xf8, 0x00,
    0xf8, 0xfc, 0xf8, 0x00, 0xf8, 0xfc, 0xf8, 0x00, 0xf8, 0xfc, 0xf8, 0x00,
    0xf8, 0xfc, 0xf8, 0x00, 0xf8, 0xfc, 0xf8, 0x00, 0xf8, 0xfc, 0xf8, 0x00,
    0xf8, 0xfc, 0xf8, 0x00, 0xf8, 0xfc, 0xf8, 0x00, 0xf8, 0xfc, 0xf8, 0x00,
    0xf8, 0xfc, 0xf8, 0x00, 0xf8, 0xfc, 0xf8, 0x00, 0xf8, 0xfc, 0xf8, 0x00,
    0xf8, 0xfc, 0xf8, 0x00, 0xf8, 0xfc, 0xf8, 0x00, 0xf8, 0xfc, 0xf8, 0x00,
    0xf8, 0xfc, 0xf8, 0x00, 0xf8, 0xfc, 0xf8, 0x00, 0xf8, 0xfc, 0xf8, 0x00,
    0xf8, 0xfc, 0xf8, 0x00, 0xf8, 0xfc, 0xf8, 0x00, 0xf8, 0xfc, 0xf8, 0x00,
    0xf8, 0xfc, 0xf8, 0x00, 0xf8, 0xfc, 0xf8, 0x00, 0xf8, 0xfc, 0xf8, 0x00,
    0xf8, 0xfc, 0xf8, 0x00, 0xf8, 0xfc, 0xf8, 0x00, 0xf8, 0xfc, 0xf8, 0x00,
    0xf8, 0xfc, 0xf8, 0x00, 0xf8, 0xfc, 0xf8, 0x00, 0xf8, 0xfc, 0xf8, 0x00,
    0xf8, 0xfc, 0xf8, 0x00, 0xf8, 0xfc, 0xf8, 0x00, 0xf8, 0xfc, 0xf8, 0x00,
    0xf8, 0xfc, 0xf8, 0x00, 0xf8, 0xfc, 0xf8, 0x00, 0xf8, 0xfc, 0xf8, 0x00,
    0xf8, 0xfc, 0xf8, 0x00, 0xf8, 0xfc, 0xf8, 0x00, 0xf8, 0xfc, 0xf8, 0x00,
    0xf8, 0xfc, 0xf8, 0x00, 0xf8, 0xfc, 0xf8, 0x00, 0xf8, 0xfc, 0xf8, 0x00,
    0xf8, 0xfc, 0xf8, 0x00, 0xf8, 0xfc, 0xf8, 0x00, 0xf8, 0xfc, 0xf8, 0x00,
    0xf8, 0xfc, 0xf8, 0x00, 0xf8, 0xfc, 0xf8, 0x00, 0xf8, 0xfc, 0xf8, 0x00,
    0xf8, 0xfc, 0xf8, 0x00, 0xf8, 0xfc, 0xf8, 0x00, 0xf8, 0xfc, 0xf8, 0x00,
    0xf8, 0xfc, 0xf8, 0x00, 0xf8, 0xfc, 0xf8, 0x00, 0xf8, 0xfc, 0xf8, 0x00,
    0xa0, 0xa4, 0xc8, 0x61, 0x98, 0xa0, 0xc0, 0xff, 0x90, 0x9c, 0xc8, 0xff,
    0x90, 0x98, 0xc8, 0xff, 0x88, 0x94, 0xc0, 0xff, 0x80, 0x90, 0xc8, 0xef,
    0xf8, 0xfc, 0xf8, 0x00, 0xf8, 0xfc, 0xf8, 0x00, 0xf8, 0xfc, 0xf8, 0x00,
    0xf8, 0xfc, 0xf8, 0x00, 0xf8, 0xfc, 0xf8, 0x00, 0xf8, 0xfc, 0xf8, 0x00,
    0xc8, 0x88, 0x60, 0xdf, 0xc8, 0x88, 0x60, 0xff, 0xc8, 0x8c, 0x60, 0xff,
    0xd0, 0x8c, 0x60, 0xff, 0xc8, 0x90, 0x60, 0xff, 0xd0, 0x90, 0x68, 0x61,
    0xf8, 0xfc, 0xf8, 0x00, 0xf8, 0xfc, 0xf8, 0x00, 0xf8, 0xfc, 0xf8, 0x00,
    0xf8, 0xfc, 0xf8, 0x00, 0xf8, 0xfc, 0xf8, 0x00, 0xf8, 0xfc, 0xf8, 0x00,
    0xf8, 0xfc, 0xf8, 0x00, 0xf8, 0xfc, 0xf8, 0x00, 0xf8, 0xfc, 0xf8, 0x00,
    0xf8, 0xfc, 0xf8, 0x00, 0xf8, 0xfc, 0xf8, 0x00, 0xf8, 0xfc, 0xf8, 0x00,
    0xf8, 0xfc, 0xf8, 0x00, 0xf8, 0xfc, 0xf8, 0x00, 0xf8, 0xfc, 0xf8, 0x00,
    0xf8, 0xfc, 0xf8, 0x00, 0xf8, 0xfc, 0xf8, 0x00, 0xf8, 0xfc, 0xf8, 0x00,
    0xf8, 0xfc, 0xf8, 0x00, 0xf8, 0xfc, 0xf8, 0x00, 0xf8, 0xfc, 0xf8, 0x00,
    0xf8, 0xfc, 0xf8, 0x00, 0xf8, 0xfc, 0xf8, 0x00, 0xf8, 0xfc, 0xf8, 0x00,
    0xf8, 0xfc, 0xf8, 0x00, 0xf8, 0xfc, 0xf8, 0x00, 0xf8, 0xfc, 0xf8, 0x00,
    0xf8, 0xfc, 0xf8, 0x00, 0xf8, 0xfc, 0xf8, 0x00, 0xf8, 0xfc, 0xf8, 0x00,
    0xf8, 0xfc, 0xf8, 0x00, 0xf8, 0xfc, 0xf8, 0x00, 0xf8, 0xfc, 0xf8, 0x00,
    0xf8, 0xfc, 0xf8, 0x00, 0xf8, 0xfc, 0xf8, 0x00, 0xf8, 0xfc, 0xf8, 0x00,
    0xf8, 0xfc, 0xf8, 0x00, 0xf8, 0xfc, 0xf8, 0x00, 0xf8, 0xfc, 0xf8, 0x00,
    0xf8, 0xfc, 0xf8, 0x00, 0xf8, 0xfc, 0xf8, 0x00, 0xf8, 0xfc, 0xf8, 0x00,
    0xf8, 0xfc, 0xf8, 0x00, 0xf8, 0xfc, 0xf8, 0x00, 0xf8, 0xfc, 0xf8, 0x00,
    0xf8, 0xfc, 0xf8, 0x00, 0xf8, 0xfc, 0xf8, 0x00, 0xf8, 0xfc, 0xf8, 0x00,
    0xf8, 0xfc, 0xf8, 0x00, 0xf8, 0xfc, 0xf8, 0x00, 0xf8, 0xfc, 0xf8, 0x00,
    0xf8, 0xfc, 0xf8, 0x00, 0xf8, 0xfc, 0xf8, 0x00, 0xf8, 0xfc, 0xf8, 0x00,
    0xf8, 0xfc, 0xf8, 0x00, 0xf8, 0xfc, 0xf8, 0x00, 0xf8, 0xfc, 0xf8, 0x00,
    0xf8, 0xfc, 0xf8, 0x00, 0xf8, 0xfc, 0xf8, 0x00, 0xf8, 0xfc, 0xf8, 0x00,
    0xf8, 0xfc, 0xf8, 0x00, 0xf8, 0xfc, 0xf8, 0x00, 0xf8, 0xfc, 0xf8, 0x00,
    0xf8, 0xfc, 0xf8, 0x00, 0xf8, 0xfc, 0xf8, 0x00, 0xf8, 0xfc, 0xf8, 0x00,
    0xf8, 0xfc, 0xf8, 0x00, 0xf8, 0xfc, 0xf8, 0x00, 0xf8, 0xfc, 0xf8, 0x00,
    0xf8, 0xfc, 0xf8, 0x00, 0xf8, 0xfc, 0xf8, 0x00, 0xf8, 0xfc, 0xf8, 0x00,
    0xf8, 0xfc, 0xf8, 0x00, 0xf8, 0xfc, 0xf8, 0x00, 0xf8, 0xfc, 0xf8, 0x00,
    0xf8, 0xfc, 0xf8, 0x00, 0xf8, 0xfc, 0xf8, 0x00, 0xf8, 0xfc, 0xf8, 0x00,
    0xf8, 0xfc, 0xf8, 0x00, 0xf8, 0xfc, 0xf8, 0x00, 0xf8, 0xfc, 0xf8, 0x00,
    0xf8, 0xfc, 0xf8, 0x00, 0xf8, 0xfc, 0xf8, 0x00, 0xf8, 0xfc, 0xf8, 0x00,
    0xf8, 0xfc, 0xf8, 0x00, 0xf8, 0xfc, 0xf8, 0x00, 0xf8, 0xfc, 0xf8, 0x00,
    0xf8, 0xfc, 0xf8, 0x00, 0xf8, 0xfc, 0xf8, 0x00, 0xf8, 0xfc, 0xf8, 0x00,
    0xf8, 0xfc, 0xf8, 0x00, 0xf8, 0xfc, 0xf8, 0x00, 0xf8, 0xfc, 0xf8, 0x00,
    0xf8, 0xfc, 0xf8, 0x00, 0xf8, 0xfc, 0xf8, 0x00, 0xf8, 0xfc, 0xf8, 0x00,
    0xf8, 0xfc, 0xf8, 0x00, 0xf8, 0xfc, 0xf8, 0x00, 0xf8, 0xfc, 0xf8, 0x00,
    0xf8, 0xfc, 0xf8, 0x00, 0xf8, 0xfc, 0xf8, 0x00, 0xf8, 0xfc, 0xf8, 0x00,
    0xf8, 0xfc, 0xf8, 0x00, 0xf8, 0xfc, 0xf8, 0x00, 0xf8, 0xfc, 0xf8, 0x00,
    0xf8, 0xfc, 0xf8, 0x00, 0xf8, 0xfc, 0xf8, 0x00, 0xf8, 0xfc, 0xf8, 0x00,
    0x98, 0xa0, 0xc8, 0x10, 0x98, 0xa0, 0xc0, 0xff, 0x90, 0x98, 0xc8, 0xff,
    0x88, 0x94, 0xc8, 0xff, 0x80, 0x90, 0xc0, 0xff, 0x80, 0x8c, 0xc8, 0xff,
    0x78, 0x88, 0xc8, 0x41, 0xf8, 0xfc, 0xf8, 0x00, 0xf8, 0xfc, 0xf8, 0x00,
    0xf8, 0xfc, 0xf8, 0x00, 0xf8, 0xfc, 0xf8, 0x00, 0xc8, 0x84, 0x58, 0x30,
    0xc8, 0x88, 0x60, 0xff, 0xc8, 0x8c, 0x60, 0xff, 0xc8, 0x8c, 0x60, 0xff,
    0xd0, 0x8c, 0x60, 0xff, 0xd0, 0x90, 0x68, 0xff, 0xd0, 0x90, 0x68, 0x20,
    0xf8, 0xfc, 0xf8, 0x00, 0xf8, 0xfc, 0xf8, 0x00, 0xf8, 0xfc, 0xf8, 0x00,
    0xf8, 0xfc, 0xf8, 0x00, 0xf8, 0xfc, 0xf8, 0x00, 0xf8, 0xfc, 0xf8, 0x00,
    0xf8, 0xfc, 0xf8, 0x00, 0xf8, 0xfc, 0xf8, 0x00, 0xf8, 0xfc, 0xf8, 0x00,
    0xf8, 0xfc, 0xf8, 0x00, 0xf8, 0xfc, 0xf8, 0x00, 0xf8, 0xfc, 0xf8, 0x00,
    0xf8, 0xfc, 0xf8, 0x00, 0xf8, 0xfc, 0xf8, 0x00, 0xf8, 0xfc, 0xf8, 0x00,
    0xf8, 0xfc, 0xf8, 0x00, 0xf8, 0xfc, 0xf8, 0x00, 0xf8, 0xfc, 0xf8, 0x00,
    0xf8, 0xfc, 0xf8, 0x00, 0xf8, 0xfc, 0xf8, 0x00, 0xf8, 0xfc, 0xf8, 0x00,
    0xf8, 0xfc, 0xf8, 0x00, 0xf8, 0xfc, 0xf8, 0x00, 0xf8, 0xfc, 0xf8, 0x00,
    0xf8, 0xfc, 0xf8, 0x00, 0xf8, 0xfc, 0xf8, 0x00, 0xf8, 0xfc, 0xf8, 0x00,
    0xf8, 0xfc, 0xf8, 0x00, 0xf8, 0xfc, 0xf8, 0x00, 0xf8, 0xfc, 0xf8, 0x00,
    0xf8, 0xfc, 0xf8, 0x00, 0xf8, 0xfc, 0xf8, 0x00, 0xf8, 0xfc, 0xf8, 0x00,
    0xf8, 0xfc, 0xf8, 0x00, 0xf8, 0xfc, 0xf8, 0x00, 0xf8, 0xfc, 0xf8, 0x00,
    0xf8, 0xfc, 0xf8, 0x00, 0xf8, 0xfc, 0xf8, 0x00, 0xf8, 0xfc, 0xf8, 0x00,
    0xf8, 0xfc, 0xf8, 0x00, 0xf8, 0xfc, 0xf8, 0x00, 0xf8, 0xfc, 0xf8, 0x00,
    0xf8, 0xfc, 0xf8, 0x00, 0xf8, 0xfc, 0xf8, 0x00, 0xf8, 0xfc, 0xf8, 0x00,
    0xf8, 0xfc, 0xf8, 0x00, 0xf8, 0xfc, 0xf8, 0x00, 0xf8, 0xfc, 0xf8, 0x00,
    0xf8, 0xfc, 0xf8, 0x00, 0xf8, 0xfc, 0xf8, 0x00, 0xf8, 0xfc, 0xf8, 0x00,
    0xf8, 0xfc, 0xf8, 0x00, 0xf8, 0xfc, 0xf8, 0x00, 0xf8, 0xfc, 0xf8, 0x00,
    0xf8, 0xfc, 0xf8, 0x00, 0xf8, 0xfc, 0xf8, 0x00, 0xf8, 0xfc, 0xf8, 0x00,
    0xf8, 0xfc, 0xf8, 0x00, 0xf8, 0xfc, 0xf8, 0x00, 0xf8, 0xfc, 0xf8, 0x00,
    0xf8, 0xfc, 0xf8, 0x00, 0xf8, 0xfc, 0xf8, 0x00, 0xf8, 0xfc, 0xf8, 0x00,
    0xf8, 0xfc, 0xf8, 0x00, 0xf8, 0xfc, 0xf8, 0x00, 0xf8, 0xfc, 0xf8, 0x00,
    0xf8, 0xfc, 0xf8, 0x00, 0xf8, 0xfc, 0xf8, 0x00, 0xf8, 0xfc, 0xf8, 0x00,
    0xf8, 0xfc, 0xf8, 0x00, 0xf8, 0xfc, 0xf8, 0x00, 0xf8, 0xfc, 0xf8, 0x00,
    0xf8, 0xfc, 0xf8, 0x00, 0xf8, 0xfc, 0xf8, 0x00, 0xf8, 0xfc, 0xf8, 0x00,
    0xf8, 0xfc, 0xf8, 0x00, 0xf8, 0xfc, 0xf8, 0x00, 0xf8, 0xfc, 0xf8, 0x00,
    0xf8, 0xfc, 0xf8, 0x00, 0xf8, 0xfc, 0xf8, 0x00, 0xf8, 0xfc, 0xf8, 0x00,
    0xf8, 0xfc, 0xf8, 0x00, 0xf8, 0xfc, 0xf8, 0x00, 0xf8, 0xfc, 0xf8, 0x00,
    0xf8, 0xfc, 0xf8, 0x00, 0xf8, 0xfc, 0xf8, 0x00, 0xf8, 0xfc, 0xf8, 0x00,
    0xf8, 0xfc, 0xf8, 0x00, 0xf8, 0xfc, 0xf8, 0x00, 0xf8, 0xfc, 0xf8, 0x00,
    0xf8, 0xfc, 0xf8, 0x00, 0xf8, 0xfc, 0xf8, 0x00, 0xf8, 0xfc, 0xf8, 0x00,
    0xf8, 0xfc, 0xf8, 0x00, 0xf8, 0xfc, 0xf8, 0x00, 0xf8, 0xfc, 0xf8, 0x00,
    0xf8, 0xfc, 0xf8, 0x00, 0xf8, 0xfc, 0xf8, 0x00, 0xf8, 0xfc, 0xf8, 0x00,
    0xf8, 0xfc, 0xf8, 0x00, 0xf8, 0xfc, 0xf8, 0x00, 0xf8, 0xfc, 0xf8, 0x00,
    0xf8, 0xfc, 0xf8, 0x00, 0xf8, 0xfc, 0xf8, 0x00, 0xf8, 0xfc, 0xf8, 0x00,
    0xf8, 0xfc, 0xf8, 0x00, 0xf8, 0xfc, 0xf8, 0x00, 0xf8, 0xfc, 0xf8, 0x00,
    0xf8, 0xfc, 0xf8, 0x00, 0x90, 0x9c, 0xc8, 0xbe, 0x88, 0x98, 0xc8, 0xff,
    0x88, 0x94, 0xc8, 0xff, 0x80, 0x90, 0xc8, 0xff, 0x78, 0x8c, 0xc8, 0xff,
    0x78, 0x84, 0xc8, 0x92, 0xf8, 0xfc, 0xf8, 0x00, 0xf8, 0xfc, 0xf8, 0x00,
    0xf8, 0xfc, 0xf8, 0x00, 0xf8, 0xfc, 0xf8, 0x00, 0xc8, 0x88, 0x60, 0x71,
    0xc8, 0x88, 0x60, 0xff, 0xc8, 0x8c, 0x60, 0xff, 0xd0, 0x8c, 0x60, 0xff,
    0xd0, 0x90, 0x68, 0xff, 0xd0, 0x90, 0x68, 0xcf, 0xf8, 0xfc, 0xf8, 0x00,
    0xf8, 0xfc, 0xf8, 0x00, 0xf8, 0xfc, 0xf8, 0x00, 0xf8, 0xfc, 0xf8, 0x00,
    0xf8, 0xfc, 0xf8, 0x00, 0xf8, 0xfc, 0xf8, 0x00, 0xf8, 0xfc, 0xf8, 0x00,
    0xf8, 0xfc, 0xf8, 0x00, 0xf8, 0xfc, 0xf8, 0x00, 0xf8, 0xfc, 0xf8, 0x00,
    0xf8, 0xfc, 0xf8, 0x00, 0xf8, 0xfc, 0xf8, 0x00, 0xf8, 0xfc, 0xf8, 0x00,
    0xf8, 0xfc, 0xf8, 0x00, 0xf8, 0xfc, 0xf8, 0x00, 0xf8, 0xfc, 0xf8, 0x00,
    0xf8, 0xfc, 0xf8, 0x00, 0xf8, 0xfc, 0xf8, 0x00, 0xf8, 0xfc, 0xf8, 0x00,
    0xf8, 0xfc, 0xf8, 0x00, 0xf8, 0xfc, 0xf8, 0x00, 0xf8, 0xfc, 0xf8, 0x00,
    0xf8, 0xfc, 0xf8, 0x00, 0xf8, 0xfc, 0xf8, 0x00, 0xf8, 0xfc, 0xf8, 0x00,
    0xf8, 0xfc, 0xf8, 0x00, 0xf8, 0xfc, 0xf8, 0x00, 0xf8, 0xfc, 0xf8, 0x00,
    0xf8, 0xfc, 0xf8, 0x00, 0xf8, 0xfc, 0xf8, 0x00, 0xf8, 0xfc, 0xf8, 0x00,
    0xf8, 0xfc, 0xf8, 0x00, 0xf8, 0xfc, 0xf8, 0x00, 0xf8, 0xfc, 0xf8, 0x00,
    0xf8, 0xfc, 0xf8, 0x00, 0xf8, 0xfc, 0xf8, 0x00, 0xf8, 0xfc, 0xf8, 0x00,
    0xf8, 0xfc, 0xf8, 0x00, 0xf8, 0xfc, 0xf8, 0x00, 0xf8, 0xfc, 0xf8, 0x00,
    0xf8, 0xfc, 0xf8, 0x00, 0xf8, 0xfc, 0xf8, 0x00, 0xf8, 0xfc, 0xf8, 0x00,
    0xf8, 0xfc, 0xf8, 0x00, 0xf8, 0xfc, 0xf8, 0x00, 0xf8, 0xfc, 0xf8, 0x00,
    0xf8, 0xfc, 0xf8, 0x00, 0xf8, 0xfc, 0xf8, 0x00, 0xf8, 0xfc, 0xf8, 0x00,
    0xf8, 0xfc, 0xf8, 0x00, 0xf8, 0xfc, 0xf8, 0x00, 0xf8, 0xfc, 0xf8, 0x00,
    0xf8, 0xfc, 0xf8, 0x00, 0xf8, 0xfc, 0xf8, 0x00, 0xf8, 0xfc, 0xf8, 0x00,
    0xf8, 0xfc, 0xf8, 0x00, 0xf8, 0xfc, 0xf8, 0x00, 0xf8, 0xfc, 0xf8, 0x00,
    0xf8, 0xfc, 0xf8, 0x00, 0xf8, 0xfc, 0xf8, 0x00, 0xf8, 0xfc, 0xf8, 0x00,
    0xf8, 0xfc, 0xf8, 0x00, 0xf8, 0xfc, 0xf8, 0x00, 0xf8, 0xfc, 0xf8, 0x00,
    0xf8, 0xfc, 0xf8, 0x00, 0xf8, 0xfc, 0xf8, 0x00, 0xf8, 0xfc, 0xf8, 0x00,
    0xf8, 0xfc, 0xf8, 0x00, 0xf8, 0xfc, 0xf8, 0x00, 0xf8, 0xfc, 0xf8, 0x00,
    0xf8, 0xfc, 0xf8, 0x00, 0xf8, 0xfc, 0xf8, 0x00, 0xf8, 0xfc, 0xf8, 0x00,
    0xf8, 0xfc, 0xf8, 0x00, 0xf8, 0xfc, 0xf8, 0x00, 0xf8, 0xfc, 0xf8, 0x00,
    0xf8, 0xfc, 0xf8, 0x00, 0xf8, 0xfc, 0xf8, 0x00, 0xf8, 0xfc, 0xf8, 0x00,
    0xf8, 0xfc, 0xf8, 0x00, 0xf8, 0xfc, 0xf8, 0x00, 0xf8, 0xfc, 0xf8, 0x00,
    0xf8, 0xfc, 0xf8, 0x00, 0xf8, 0xfc, 0xf8, 0x00, 0xf8, 0xfc, 0xf8, 0x00,
    0xf8, 0xfc, 0xf8, 0x00, 0xf8, 0xfc, 0xf8, 0x00, 0xf8, 0xfc, 0xf8, 0x00,
    0xf8, 0xfc, 0xf8, 0x00, 0xf8, 0xfc, 0xf8, 0x00, 0xf8, 0xfc, 0xf8, 0x00,
    0xf8, 0xfc, 0xf8, 0x00, 0xf8, 0xfc, 0xf8, 0x00, 0xf8, 0xfc, 0xf8, 0x00,
    0xf8, 0xfc, 0xf8, 0x00, 0xf8, 0xfc, 0xf8, 0x00, 0xf8, 0xfc, 0xf8, 0x00,
    0xf8, 0xfc, 0xf8, 0x00, 0xf8, 0xfc, 0xf8, 0x00, 0xf8, 0xfc, 0xf8, 0x00,
    0xf8, 0xfc, 0xf8, 0x00, 0xf8, 0xfc, 0xf8, 0x00, 0xf8, 0xfc, 0xf8, 0x00,
    0xf8, 0xfc, 0xf8, 0x00, 0xf8, 0xfc, 0xf8, 0x00, 0xf8, 0xfc, 0xf8, 0x00,
    0xf8, 0xfc, 0xf8, 0x00, 0xf8, 0xfc, 0xf8, 0x00, 0xf8, 0xfc, 0xf8, 0x00,
    0xf8, 0xfc, 0xf8, 0x00, 0x90, 0x98, 0xc8, 0x71, 0x88, 0x94, 0xc0, 0xff,
    0x80, 0x90, 0xc8, 0xff, 0x80, 0x8c, 0xc8, 0xff, 0x78, 0x88, 0xc8, 0xff,
    0x70, 0x84, 0xc8, 0xbe, 0xf8, 0xfc, 0xf8, 0x00, 0xf8, 0xfc, 0xf8, 0x00,
    0xf8, 0xfc, 0xf8, 0x00, 0xf8, 0xfc, 0xf8, 0x00, 0xc8, 0x88, 0x60, 0x9e,
    0xc8, 0x8c, 0x60, 0xff, 0xd0, 0x8c, 0x60, 0xff, 0xd0, 0x8c, 0x68, 0xff,
    0xd0, 0x90, 0x68, 0xff, 0xd0, 0x94, 0x68, 0x92, 0xf8, 0xfc, 0xf8, 0x00,
    0xf8, 0xfc, 0xf8, 0x00, 0xf8, 0xfc, 0xf8, 0x00, 0xf8, 0xfc, 0xf8, 0x00,
    0xf8, 0xfc, 0xf8, 0x00, 0xf8, 0xfc, 0xf8, 0x00, 0xf8, 0xfc, 0xf8, 0x00,
    0xf8, 0xfc, 0xf8, 0x00, 0xf8, 0xfc, 0xf8, 0x00, 0xf8, 0xfc, 0xf8, 0x00,
    0xf8, 0xfc, 0xf8, 0x00, 0xf8, 0xfc, 0xf8, 0x00, 0xf8, 0xfc, 0xf8, 0x00,
    0xf8, 0xfc, 0xf8, 0x00, 0xf8, 0xfc, 0xf8, 0x00, 0xf8, 0xfc, 0xf8, 0x00,
    0xf8, 0xfc, 0xf8, 0x00, 0xf8, 0xfc, 0xf8, 0x00, 0xf8, 0xfc, 0xf8, 0x00,
    0xf8, 0xfc, 0xf8, 0x00, 0xf8, 0xfc, 0xf8, 0x00, 0xf8, 0xfc, 0xf8, 0x00,
    0xf8, 0xfc, 0xf8, 0x00, 0xf8, 0xfc, 0xf8, 0x00, 0xf8, 0xfc, 0xf8, 0x00,
    0xf8, 0xfc, 0xf8, 0x00, 0xf8, 0xfc, 0xf8, 0x00, 0xf8, 0xfc, 0xf8, 0x00,
    0xf8, 0xfc, 0xf8, 0x00, 0xf8, 0xfc, 0xf8, 0x00, 0xf8, 0xfc, 0xf8, 0x00,
    0xf8, 0xfc, 0xf8, 0x00, 0xf8, 0xfc, 0xf8, 0x00, 0xf8, 0xfc, 0xf8, 0x00,
    0xf8, 0xfc, 0xf8, 0x00, 0xf8, 0xfc, 0xf8, 0x00, 0xf8, 0xfc, 0xf8, 0x00,
    0xf8, 0xfc, 0xf8, 0x00, 0xf8, 0xfc, 0xf8, 0x00, 0xf8, 0xfc, 0xf8, 0x00,
    0xf8, 0xfc, 0xf8, 0x00, 0xf8, 0xfc, 0xf8, 0x00, 0xf8, 0xfc, 0xf8, 0x00,
    0xf8, 0xfc, 0xf8, 0x00, 0xf8, 0xfc, 0xf8, 0x00, 0xf8, 0xfc, 0xf8, 0x00,
    0xf8, 0xfc, 0xf8, 0x00, 0xf8, 0xfc, 0xf8, 0x00, 0xf8, 0xfc, 0xf8, 0x00,
    0xf8, 0xfc, 0xf8, 0x00, 0xf8, 0xfc, 0xf8, 0x00, 0xf8, 0xfc, 0xf8, 0x00,
    0xf8, 0xfc, 0xf8, 0x00, 0xf8, 0xfc, 0xf8, 0x00, 0xf8, 0xfc, 0xf8, 0x00,
    0xf8, 0xfc, 0xf8, 0x00, 0xf8, 0xfc, 0xf8, 0x00, 0xf8, 0xfc, 0xf8, 0x00,
    0xf8, 0xfc, 0xf8, 0x00, 0xf8, 0xfc, 0xf8, 0x00, 0xf8, 0xfc, 0xf8, 0x00,
    0xf8, 0xfc, 0xf8, 0x00, 0xf8, 0xfc, 0xf8, 0x00, 0xf8, 0xfc, 0xf8, 0x00,
    0xf8, 0xfc, 0xf8, 0x00, 0xf8, 0xfc, 0xf8, 0x00, 0xf8, 0xfc, 0xf8, 0x00,
    0xf8, 0xfc, 0xf8, 0x00, 0xf8, 0xfc, 0xf8, 0x00, 0xf8, 0xfc, 0xf8, 0x00,
    0xf8, 0xfc, 0xf8, 0x00, 0xf8, 0xfc, 0xf8, 0x00, 0xf8, 0xfc, 0xf8, 0x00,
    0xf8, 0xfc, 0xf8, 0x00, 0xf8, 0xfc, 0xf8, 0x00, 0xf8, 0xfc, 0xf8, 0x00,
    0xf8, 0xfc, 0xf8, 0x00, 0xf8, 0xfc, 0xf8, 0x00, 0xf8, 0xfc, 0xf8, 0x00,
    0xf8, 0xfc, 0xf8, 0x00, 0xf8, 0xfc, 0xf8, 0x00, 0xf8, 0xfc, 0xf8, 0x00,
    0xf8, 0xfc, 0xf8, 0x00, 0xf8, 0xfc, 0xf8, 0x00, 0xf8, 0xfc, 0xf8, 0x00,
    0xf8, 0xfc, 0xf8, 0x00, 0xf8, 0xfc, 0xf8, 0x00, 0xf8, 0xfc, 0xf8, 0x00,
    0xf8, 0xfc, 0xf8, 0x00, 0xf8, 0xfc, 0xf8, 0x00, 0xf8, 0xfc, 0xf8, 0x00,
    0xf8, 0xfc, 0xf8, 0x00, 0xf8, 0xfc, 0xf8, 0x00, 0xf8, 0xfc, 0xf8, 0x00,
    0xf8, 0xfc, 0xf8, 0x00, 0xf8, 0xfc, 0xf8, 0x00, 0xf8, 0xfc, 0xf8, 0x00,
    0xf8, 0xfc, 0xf8, 0x00, 0xf8, 0xfc, 0xf8, 0x00, 0xf8, 0xfc, 0xf8, 0x00,
    0xf8, 0xfc, 0xf8, 0x00, 0xf8, 0xfc, 0xf8, 0x00, 0xf8, 0xfc, 0xf8, 0x00,
    0xf8, 0xfc, 0xf8, 0x00, 0xf8, 0xfc, 0xf8, 0x00, 0xf8, 0xfc, 0xf8, 0x00,
    0xf8, 0xfc, 0xf8, 0x00, 0xf8, 0xfc, 0xf8, 0x00, 0xf8, 0xfc, 0xf8, 0x00,
    0xf8, 0xfc, 0xf8, 0x00, 0x88, 0x98, 0xc8, 0x30, 0x88, 0x90, 0xc8, 0xff,
    0x80, 0x90, 0xc0, 0xff, 0x78, 0x88, 0xc8, 0xff, 0x78, 0x88, 0xc8, 0xff,
    0x70, 0x80, 0xc8, 0xff, 0xf8, 0xfc, 0xf8, 0x00, 0xf8, 0xfc, 0xf8, 0x00,
    0xf8, 0xfc, 0xf8, 0x00, 0xf8, 0xfc, 0xf8, 0x00, 0xc8, 0x88, 0x60, 0xdf,
    0xc8, 0x8c, 0x60, 0xff, 0xd0, 0x8c, 0x60, 0xff, 0xd0, 0x90, 0x60, 0xff,
    0xc8, 0x90, 0x68, 0xff, 0xd0, 0x94, 0x68, 0x51, 0xf8, 0xfc, 0xf8, 0x00,
    0xf8, 0xfc, 0xf8, 0x00, 0xf8, 0xfc, 0xf8, 0x00, 0xf8, 0xfc, 0xf8, 0x00,
    0xf8, 0xfc, 0xf8, 0x00, 0xf8, 0xfc, 0xf8, 0x00, 0xf8, 0xfc, 0xf8, 0x00,
    0xf8, 0xfc, 0xf8, 0x00, 0xf8, 0xfc, 0xf8, 0x00, 0xf8, 0xfc, 0xf8, 0x00,
    0xf8, 0xfc, 0xf8, 0x00, 0xf8, 0xfc, 0xf8, 0x00, 0xf8, 0xfc, 0xf8, 0x00,
    0xf8, 0xfc, 0xf8, 0x00, 0xf8, 0xfc, 0xf8, 0x00, 0xf8, 0xfc, 0xf8, 0x00,
    0xf8, 0xfc, 0xf8, 0x00, 0xf8, 0xfc, 0xf8, 0x00, 0xf8, 0xfc, 0xf8, 0x00,
    0xf8, 0xfc, 0xf8, 0x00, 0xf8, 0xfc, 0xf8, 0x00, 0xf8, 0xfc, 0xf8, 0x00,
    0xf8, 0xfc, 0xf8, 0x00, 0xf8, 0xfc, 0xf8, 0x00, 0xf8, 0xfc, 0xf8, 0x00,
    0xf8, 0xfc, 0xf8, 0x00, 0xf8, 0xfc, 0xf8, 0x00, 0xf8, 0xfc, 0xf8, 0x00,
    0xf8, 0xfc, 0xf8, 0x00, 0xf8, 0xfc, 0xf8, 0x00, 0xf8, 0xfc, 0xf8, 0x00,
    0xf8, 0xfc, 0xf8, 0x00, 0xf8, 0xfc, 0xf8, 0x00, 0xf8, 0xfc, 0xf8, 0x00,
    0xf8, 0xfc, 0xf8, 0x00, 0xf8, 0xfc, 0xf8, 0x00, 0xf8, 0xfc, 0xf8, 0x00,
    0xf8, 0xfc, 0xf8, 0x00, 0xf8, 0xfc, 0xf8, 0x00, 0xf8, 0xfc, 0xf8, 0x00,
    0xf8, 0xfc, 0xf8, 0x00, 0xf8, 0xfc, 0xf8, 0x00, 0xf8, 0xfc, 0xf8, 0x00,
    0xf8, 0xfc, 0xf8, 0x00, 0xf8, 0xfc, 0xf8, 0x00, 0xf8, 0xfc, 0xf8, 0x00,
    0xf8, 0xfc, 0xf8, 0x00, 0xf8, 0xfc, 0xf8, 0x00, 0xf8, 0xfc, 0xf8, 0x00,
    0xf8, 0xfc, 0xf8, 0x00, 0xf8, 0xfc, 0xf8, 0x00, 0xf8, 0xfc, 0xf8, 0x00,
    0xf8, 0xfc, 0xf8, 0x00, 0xf8, 0xfc, 0xf8, 0x00, 0xf8, 0xfc, 0xf8, 0x00,
    0xf8, 0xfc, 0xf8, 0x00, 0xf8, 0xfc, 0xf8, 0x00, 0xf8, 0xfc, 0xf8, 0x00,
    0xf8, 0xfc, 0xf8, 0x00, 0xf8, 0xfc, 0xf8, 0x00, 0xf8, 0xfc, 0xf8, 0x00,
    0xf8, 0xfc, 0xf8, 0x00, 0xf8, 0xfc, 0xf8, 0x00, 0xf8, 0xfc, 0xf8, 0x00,
    0xf8, 0xfc, 0xf8, 0x00, 0xf8, 0xfc, 0xf8, 0x00, 0xf8, 0xfc, 0xf8, 0x00,
    0xf8, 0xfc, 0xf8, 0x00, 0xf8, 0xfc, 0xf8, 0x00, 0xf8, 0xfc, 0xf8, 0x00,
    0xf8, 0xfc, 0xf8, 0x00, 0xf8, 0xfc, 0xf8, 0x00, 0xf8, 0xfc, 0xf8, 0x00,
    0xf8, 0xfc, 0xf8, 0x00, 0xf8, 0xfc, 0xf8, 0x00, 0xf8, 0xfc, 0xf8, 0x00,
    0xf8, 0xfc, 0xf8, 0x00, 0xf8, 0xfc, 0xf8, 0x00, 0xf8, 0xfc, 0xf8, 0x00,
    0xf8, 0xfc, 0xf8, 0x00, 0xf8, 0xfc, 0xf8, 0x00, 0xf8, 0xfc, 0xf8, 0x00,
    0xf8, 0xfc, 0xf8, 0x00, 0xf8, 0xfc, 0xf8, 0x00, 0xf8, 0xfc, 0xf8, 0x00,
    0xf8, 0xfc, 0xf8, 0x00, 0xf8, 0xfc, 0xf8, 0x00, 0xf8, 0xfc, 0xf8, 0x00,
    0xf8, 0xfc, 0xf8, 0x00, 0xf8, 0xfc, 0xf8, 0x00, 0xf8, 0xfc, 0xf8, 0x00,
    0xf8, 0xfc, 0xf8, 0x00, 0xf8, 0xfc, 0xf8, 0x00, 0xf8, 0xfc, 0xf8, 0x00,
    0xf8, 0xfc, 0xf8, 0x00, 0xf8, 0xfc, 0xf8, 0x00, 0xf8, 0xfc, 0xf8, 0x00,
    0xf8, 0xfc, 0xf8, 0x00, 0xf8, 0xfc, 0xf8, 0x00, 0xf8, 0xfc, 0xf8, 0x00,
    0xf8, 0xfc, 0xf8, 0x00, 0xf8, 0xfc, 0xf8, 0x00, 0xf8, 0xfc, 0xf8, 0x00,
    0xf8, 0xfc, 0xf8, 0x00, 0xf8, 0xfc, 0xf8, 0x00, 0xf8, 0xfc, 0xf8, 0x00,
    0xf8, 0xfc, 0xf8, 0x00, 0xf8, 0xfc, 0xf8, 0x00, 0xf8, 0xfc, 0xf8, 0x00,
    0xf8, 0xfc, 0xf8, 0x00, 0xf8, 0xfc, 0xf8, 0x00, 0x80, 0x90, 0xc8, 0xef,
    0x80, 0x8c, 0xc8, 0xff, 0x78, 0x88, 0xc8, 0xff, 0x70, 0x84, 0xc0, 0xff,
    0x70, 0x80, 0xc8, 0xff, 0x68, 0x7c, 0xc8, 0x41, 0xf8, 0xfc, 0xf8, 0x00,
    0xf8, 0xfc, 0xf8, 0x00, 0xc8, 0x88, 0x60, 0x10, 0xc8, 0x8c, 0x60, 0xff,
    0xd0, 0x8c, 0x60, 0xff, 0xd0, 0x8c, 0x68, 0xff, 0xd0, 0x90, 0x68, 0xff,
    0xd0, 0x94, 0x68, 0xff, 0xd0, 0x94, 0x68, 0x10, 0xf8, 0xfc, 0xf8, 0x00,
    0xf8, 0xfc, 0xf8, 0x00, 0xf8, 0xfc, 0xf8, 0x00, 0xf8, 0xfc, 0xf8, 0x00,
    0xf8, 0xfc, 0xf8, 0x00, 0xf8, 0xfc, 0xf8, 0x00, 0xf8, 0xfc, 0xf8, 0x00,
    0xf8, 0xfc, 0xf8, 0x00, 0xf8, 0xfc, 0xf8, 0x00, 0xf8, 0xfc, 0xf8, 0x00,
    0xf8, 0xfc, 0xf8, 0x00, 0xf8, 0xfc, 0xf8, 0x00, 0xf8, 0xfc, 0xf8, 0x00,
    0xf8, 0xfc, 0xf8, 0x00, 0xf8, 0xfc, 0xf8, 0x00, 0xf8, 0xfc, 0xf8, 0x00,
    0xf8, 0xfc, 0xf8, 0x00, 0xf8, 0xfc, 0xf8, 0x00, 0xf8, 0xfc, 0xf8, 0x00,
    0xf8, 0xfc, 0xf8, 0x00, 0xf8, 0xfc, 0xf8, 0x00, 0xf8, 0xfc, 0xf8, 0x00,
    0xf8, 0xfc, 0xf8, 0x00, 0xf8, 0xfc, 0xf8, 0x00, 0xf8, 0xfc, 0xf8, 0x00,
    0xf8, 0xfc, 0xf8, 0x00, 0xf8, 0xfc, 0xf8, 0x00, 0xf8, 0xfc, 0xf8, 0x00,
    0xf8, 0xfc, 0xf8, 0x00, 0xf8, 0xfc, 0xf8, 0x00, 0xf8, 0xfc, 0xf8, 0x00,
    0xf8, 0xfc, 0xf8, 0x00, 0xf8, 0xfc, 0xf8, 0x00, 0xf8, 0xfc, 0xf8, 0x00,
    0xf8, 0xfc, 0xf8, 0x00, 0xf8, 0xfc, 0xf8, 0x00, 0xf8, 0xfc, 0xf8, 0x00,
    0xf8, 0xfc, 0xf8, 0x00, 0xf8, 0xfc, 0xf8, 0x00, 0xf8, 0xfc, 0xf8, 0x00,
    0xf8, 0xfc, 0xf8, 0x00, 0xf8, 0xfc, 0xf8, 0x00, 0xf8, 0xfc, 0xf8, 0x00,
    0xf8, 0xfc, 0xf8, 0x00, 0xf8, 0xfc, 0xf8, 0x00, 0xf8, 0xfc, 0xf8, 0x00,
    0xf8, 0xfc, 0xf8, 0x00, 0xf8, 0xfc, 0xf8, 0x00, 0xf8, 0xfc, 0xf8, 0x00,
    0xf8, 0xfc, 0xf8, 0x00, 0xf8, 0xfc, 0xf8, 0x00, 0xf8, 0xfc, 0xf8, 0x00,
    0xf8, 0xfc, 0xf8, 0x00, 0xf8, 0xfc, 0xf8, 0x00, 0xf8, 0xfc, 0xf8, 0x00,
    0xf8, 0xfc, 0xf8, 0x00, 0xf8, 0xfc, 0xf8, 0x00, 0xf8, 0xfc, 0xf8, 0x00,
    0xf8, 0xfc, 0xf8, 0x00, 0xf8, 0xfc, 0xf8, 0x00, 0xf8, 0xfc, 0xf8, 0x00,
    0xf8, 0xfc, 0xf8, 0x00, 0xf8, 0xfc, 0xf8, 0x00, 0xf8, 0xfc, 0xf8, 0x00,
    0xf8, 0xfc, 0xf8, 0x00, 0xf8, 0xfc, 0xf8, 0x00, 0xf8, 0xfc, 0xf8, 0x00,
    0xf8, 0xfc, 0xf8, 0x00, 0xf8, 0xfc, 0xf8, 0x00, 0xf8, 0xfc, 0xf8, 0x00,
    0xf8, 0xfc, 0xf8, 0x00, 0xf8, 0xfc, 0xf8, 0x00, 0xf8, 0xfc, 0xf8, 0x00,
    0xf8, 0xfc, 0xf8, 0x00, 0xf8, 0xfc, 0xf8, 0x00, 0xf8, 0xfc, 0xf8, 0x00,
    0xf8, 0xfc, 0xf8, 0x00, 0xf8, 0xfc, 0xf8, 0x00, 0xf8, 0xfc, 0xf8, 0x00,
    0xf8, 0xfc, 0xf8, 0x00, 0xf8, 0xfc, 0xf8, 0x00, 0xf8, 0xfc, 0xf8, 0x00,
    0xf8, 0xfc, 0xf8, 0x00, 0xf8, 0xfc, 0xf8, 0x00, 0xf8, 0xfc, 0xf8, 0x00,
    0xf8, 0xfc, 0xf8, 0x00, 0xf8, 0xfc, 0xf8, 0x00, 0xf8, 0xfc, 0xf8, 0x00,
    0xf8, 0xfc, 0xf8, 0x00, 0xf8, 0xfc, 0xf8, 0x00, 0xf8, 0xfc, 0xf8, 0x00,
    0xf8, 0xfc, 0xf8, 0x00, 0xf8, 0xfc, 0xf8, 0x00, 0xf8, 0xfc, 0xf8, 0x00,
    0xf8, 0xfc, 0xf8, 0x00, 0xf8, 0xfc, 0xf8, 0x00, 0xf8, 0xfc, 0xf8, 0x00,
    0xf8, 0xfc, 0xf8, 0x00, 0xf8, 0xfc, 0xf8, 0x00, 0xf8, 0xfc, 0xf8, 0x00,
    0xf8, 0xfc, 0xf8, 0x00, 0xf8, 0xfc, 0xf8, 0x00, 0xf8, 0xfc, 0xf8, 0x00,
    0xf8, 0xfc, 0xf8, 0x00, 0xf8, 0xfc, 0xf8, 0x00, 0xf8, 0xfc, 0xf8, 0x00,
    0xf8, 0xfc, 0xf8, 0x00, 0xf8, 0xfc, 0xf8, 0x00, 0xf8, 0xfc, 0xf8, 0x00,
    0xf8, 0xfc, 0xf8, 0x00, 0xf8, 0xfc, 0xf8, 0x00, 0x80, 0x8c, 0xc0, 0xc3,
    0x78, 0x88, 0xc8, 0xff, 0x70, 0x84, 0xc8, 0xff, 0x70, 0x80, 0xc8, 0xff,
    0x68, 0x7c, 0xc8, 0xff, 0x60, 0x78, 0xc8, 0x71, 0xf8, 0xfc, 0xf8, 0x00,
    0xf8, 0xfc, 0xf8, 0x00, 0xc8, 0x88, 0x60, 0x41, 0xc8, 0x8c, 0x60, 0xff,
    0xd0, 0x8c, 0x60, 0xff, 0xd0, 0x90, 0x68, 0xff, 0xd0, 0x90, 0x68, 0xff,
    0xd0, 0x94, 0x68, 0xdf, 0xf8, 0xfc, 0xf8, 0x00, 0xf8, 0xfc, 0xf8, 0x00,
    0xf8, 0xfc, 0xf8, 0x00, 0xf8, 0xfc, 0xf8, 0x00, 0xf8, 0xfc, 0xf8, 0x00,
    0xf8, 0xfc, 0xf8, 0x00, 0xf8, 0xfc, 0xf8, 0x00, 0xf8, 0xfc, 0xf8, 0x00,
    0xf8, 0xfc, 0xf8, 0x00, 0xf8, 0xfc, 0xf8, 0x00, 0xf8, 0xfc, 0xf8, 0x00,
    0xf8, 0xfc, 0xf8, 0x00, 0xf8, 0xfc, 0xf8, 0x00, 0xf8, 0xfc, 0xf8, 0x00,
    0xf8, 0xfc, 0xf8, 0x00, 0xf8, 0xfc, 0xf8, 0x00, 0xf8, 0xfc, 0xf8, 0x00,
    0xf8, 0xfc, 0xf8, 0x00, 0xf8, 0xfc, 0xf8, 0x00, 0xf8, 0xfc, 0xf8, 0x00,
    0xf8, 0xfc, 0xf8, 0x00, 0xf8, 0xfc, 0xf8, 0x00, 0xf8, 0xfc, 0xf8, 0x00,
    0xf8, 0xfc, 0xf8, 0x00, 0xf8, 0xfc, 0xf8, 0x00, 0xf8, 0xfc, 0xf8, 0x00,
    0xf8, 0xfc, 0xf8, 0x00, 0xf8, 0xfc, 0xf8, 0x00, 0xf8, 0xfc, 0xf8, 0x00,
    0xf8, 0xfc, 0xf8, 0x00, 0xf8, 0xfc, 0xf8, 0x00, 0xf8, 0xfc, 0xf8, 0x00,
    0xf8, 0xfc, 0xf8, 0x00, 0xf8, 0xfc, 0xf8, 0x00, 0xf8, 0xfc, 0xf8, 0x00,
    0xf8, 0xfc, 0xf8, 0x00, 0xf8, 0xfc, 0xf8, 0x00, 0xf8, 0xfc, 0xf8, 0x00,
    0xf8, 0xfc, 0xf8, 0x00, 0xf8, 0xfc, 0xf8, 0x00, 0xf8, 0xfc, 0xf8, 0x00,
    0xf8, 0xfc, 0xf8, 0x00, 0xf8, 0xfc, 0xf8, 0x00, 0xf8, 0xfc, 0xf8, 0x00,
    0xf8, 0xfc, 0xf8, 0x00, 0xf8, 0xfc, 0xf8, 0x00, 0xf8, 0xfc, 0xf8, 0x00,
    0xf8, 0xfc, 0xf8, 0x00, 0xf8, 0xfc, 0xf8, 0x00, 0xf8, 0xfc, 0xf8, 0x00,
    0xf8, 0xfc, 0xf8, 0x00, 0xf8, 0xfc, 0xf8, 0x00, 0xf8, 0xfc, 0xf8, 0x00,
    0xf8, 0xfc, 0xf8, 0x00, 0xf8, 0xfc, 0xf8, 0x00, 0xf8, 0xfc, 0xf8, 0x00,
    0xf8, 0xfc, 0xf8, 0x00, 0xf8, 0xfc, 0xf8, 0x00, 0xf8, 0xfc, 0xf8, 0x00,
    0xf8, 0xfc, 0xf8, 0x00, 0xf8, 0xfc, 0xf8, 0x00, 0xf8, 0xfc, 0xf8, 0x00,
    0xf8, 0xfc, 0xf8, 0x00, 0xf8, 0xfc, 0xf8, 0x00, 0xf8, 0xfc, 0xf8, 0x00,
    0xf8, 0xfc, 0xf8, 0x00, 0xf8, 0xfc, 0xf8, 0x00, 0xf8, 0xfc, 0xf8, 0x00,
    0xf8, 0xfc, 0xf8, 0x00, 0xf8, 0xfc, 0xf8, 0x00, 0xf8, 0xfc, 0xf8, 0x00,
    0xf8, 0xfc, 0xf8, 0x00, 0xf8, 0xfc, 0xf8, 0x00, 0xf8, 0xfc, 0xf8, 0x00,
    0xf8, 0xfc, 0xf8, 0x00, 0xf8, 0xfc, 0xf8, 0x00, 0xf8, 0xfc, 0xf8, 0x00,
    0xf8, 0xfc, 0xf8, 0x00, 0xf8, 0xfc, 0xf8, 0x00, 0xf8, 0xfc, 0xf8, 0x00,
    0xf8, 0xfc, 0xf8, 0x00, 0xf8, 0xfc, 0xf8, 0x00, 0xf8, 0xfc, 0xf8, 0x00,
    0xf8, 0xfc, 0xf8, 0x00, 0xf8, 0xfc, 0xf8, 0x00, 0xf8, 0xfc, 0xf8, 0x00,
    0xf8, 0xfc, 0xf8, 0x00, 0xf8, 0xfc, 0xf8, 0x00, 0xf8, 0xfc, 0xf8, 0x00,
    0xf8, 0xfc, 0xf8, 0x00, 0xf8, 0xfc, 0xf8, 0x00, 0xf8, 0xfc, 0xf8, 0x00,
    0xf8, 0xfc, 0xf8, 0x00, 0xf8, 0xfc, 0xf8, 0x00, 0xf8, 0xfc, 0xf8, 0x00,
    0xf8, 0xfc, 0xf8, 0x00, 0xf8, 0xfc, 0xf8, 0x00, 0xf8, 0xfc, 0xf8, 0x00,
    0xf8, 0xfc, 0xf8, 0x00, 0xf8, 0xfc, 0xf8, 0x00, 0xf8, 0xfc, 0xf8, 0x00,
    0xf8, 0xfc, 0xf8, 0x00, 0xf8, 0xfc, 0xf8, 0x00, 0xf8, 0xfc, 0xf8, 0x00,
    0xf8, 0xfc, 0xf8, 0x00, 0xf8, 0xfc, 0xf8, 0x00, 0xf8, 0xfc, 0xf8, 0x00,
    0xf8, 0xfc, 0xf8, 0x00, 0xf8, 0xfc, 0xf8, 0x00, 0xf8, 0xfc, 0xf8, 0x00,
    0xf8, 0xfc, 0xf8, 0x00, 0xf8, 0xfc, 0xf8, 0x00, 0x80, 0x8c, 0xc8, 0x82,
    0x78, 0x88, 0xc8, 0xff, 0x70, 0x84, 0xc8, 0xff, 0x68, 0x7c, 0xc8, 0xff,
    0x68, 0x7c, 0xc8, 0xff, 0x60, 0x74, 0xc8, 0x9e, 0xf8, 0xfc, 0xf8, 0x00,
    0xf8, 0xfc, 0xf8, 0x00, 0xc8, 0x8c, 0x60, 0x71, 0xd0, 0x8c, 0x60, 0xff,
    0xd0, 0x90, 0x68, 0xff, 0xc8, 0x90, 0x68, 0xff, 0xd0, 0x90, 0x68, 0xff,
    0xd0, 0x94, 0x68, 0xc3, 0xf8, 0xfc, 0xf8, 0x00, 0xf8, 0xfc, 0xf8, 0x00,
    0xf8, 0xfc, 0xf8, 0x00, 0xf8, 0xfc, 0xf8, 0x00, 0xf8, 0xfc, 0xf8, 0x00,
    0xf8, 0xfc, 0xf8, 0x00, 0xf8, 0xfc, 0xf8, 0x00, 0xf8, 0xfc, 0xf8, 0x00,
    0xf8, 0xfc, 0xf8, 0x00, 0xf8, 0xfc, 0xf8, 0x00, 0xf8, 0xfc, 0xf8, 0x00,
    0xf8, 0xfc, 0xf8, 0x00, 0xf8, 0xfc, 0xf8, 0x00, 0xf8, 0xfc, 0xf8, 0x00,
    0xf8, 0xfc, 0xf8, 0x00, 0xf8, 0xfc, 0xf8, 0x00, 0xf8, 0xfc, 0xf8, 0x00,
    0xf8, 0xfc, 0xf8, 0x00, 0xf8, 0xfc, 0xf8, 0x00, 0xf8, 0xfc, 0xf8, 0x00,
    0xf8, 0xfc, 0xf8, 0x00, 0xf8, 0xfc, 0xf8, 0x00, 0xf8, 0xfc, 0xf8, 0x00,
    0xf8, 0xfc, 0xf8, 0x00, 0xf8, 0xfc, 0xf8, 0x00, 0xf8, 0xfc, 0xf8, 0x00,
    0xf8, 0xfc, 0xf8, 0x00, 0xf8, 0xfc, 0xf8, 0x00, 0xf8, 0xfc, 0xf8, 0x00,
    0xf8, 0xfc, 0xf8, 0x00, 0xf8, 0xfc, 0xf8, 0x00, 0xf8, 0xfc, 0xf8, 0x00,
    0xf8, 0xfc, 0xf8, 0x00, 0xf8, 0xfc, 0xf8, 0x00, 0xf8, 0xfc, 0xf8, 0x00,
    0xf8, 0xfc, 0xf8, 0x00, 0xf8, 0xfc, 0xf8, 0x00, 0xf8, 0xfc, 0xf8, 0x00,
    0xf8, 0xfc, 0xf8, 0x00, 0xf8, 0xfc, 0xf8, 0x00, 0xf8, 0xfc, 0xf8, 0x00,
    0xf8, 0xfc, 0xf8, 0x00, 0xf8, 0xfc, 0xf8, 0x00, 0xf8, 0xfc, 0xf8, 0x00,
    0xf8, 0xfc, 0xf8, 0x00, 0xf8, 0xfc, 0xf8, 0x00, 0xf8, 0xfc, 0xf8, 0x00,
    0xf8, 0xfc, 0xf8, 0x00, 0xf8, 0xfc, 0xf8, 0x00, 0xf8, 0xfc, 0xf8, 0x00,
    0xf8, 0xfc, 0xf8, 0x00, 0xf8, 0xfc, 0xf8, 0x00, 0xf8, 0xfc, 0xf8, 0x00,
    0xf8, 0xfc, 0xf8, 0x00, 0xf8, 0xfc, 0xf8, 0x00, 0xf8, 0xfc, 0xf8, 0x00,
    0xf8, 0xfc, 0xf8, 0x00, 0xf8, 0xfc, 0xf8, 0x00, 0xf8, 0xfc, 0xf8, 0x00,
    0xf8, 0xfc, 0xf8, 0x00, 0xf8, 0xfc, 0xf8, 0x00, 0xf8, 0xfc, 0xf8, 0x00,
    0xf8, 0xfc, 0xf8, 0x00, 0xf8, 0xfc, 0xf8, 0x00, 0xf8, 0xfc, 0xf8, 0x00,
    0xf8, 0xfc, 0xf8, 0x00, 0xf8, 0xfc, 0xf8, 0x00, 0xf8, 0xfc, 0xf8, 0x00,
    0xf8, 0xfc, 0xf8, 0x00, 0xf8, 0xfc, 0xf8, 0x00, 0xf8, 0xfc, 0xf8, 0x00,
    0xf8, 0xfc, 0xf8, 0x00, 0xf8, 0xfc, 0xf8, 0x00, 0xf8, 0xfc, 0xf8, 0x00,
    0xf8, 0xfc, 0xf8, 0x00, 0xf8, 0xfc, 0xf8, 0x00, 0xf8, 0xfc, 0xf8, 0x00,
    0xf8, 0xfc, 0xf8, 0x00, 0xf8, 0xfc, 0xf8, 0x00, 0xf8, 0xfc, 0xf8, 0x00,
    0xf8, 0xfc, 0xf8, 0x00, 0xf8, 0xfc, 0xf8, 0x00, 0xf8, 0xfc, 0xf8, 0x00,
    0xf8, 0xfc, 0xf8, 0x00, 0xf8, 0xfc, 0xf8, 0x00, 0xf8, 0xfc, 0xf8, 0x00,
    0xf8, 0xfc, 0xf8, 0x00, 0xf8, 0xfc, 0xf8, 0x00, 0xf8, 0xfc, 0xf8, 0x00,
    0xf8, 0xfc, 0xf8, 0x00, 0xf8, 0xfc, 0xf8, 0x00, 0xf8, 0xfc, 0xf8, 0x00,
    0xf8, 0xfc, 0xf8, 0x00, 0xf8, 0xfc, 0xf8, 0x00, 0xf8, 0xfc, 0xf8, 0x00,
    0xf8, 0xfc, 0xf8, 0x00, 0xf8, 0xfc, 0xf8, 0x00, 0xf8, 0xfc, 0xf8, 0x00,
    0xf8, 0xfc, 0xf8, 0x00, 0xf8, 0xfc, 0xf8, 0x00, 0xf8, 0xfc, 0xf8, 0x00,
    0xf8, 0xfc, 0xf8, 0x00, 0xf8, 0xfc, 0xf8, 0x00, 0xf8, 0xfc, 0xf8, 0x00,
    0xf8, 0xfc, 0xf8, 0x00, 0xf8, 0xfc, 0xf8, 0x00, 0xf8, 0xfc, 0xf8, 0x00,
    0xf8, 0xfc, 0xf8, 0x00, 0xf8, 0xfc, 0xf8, 0x00, 0xf8, 0xfc, 0xf8, 0x00,
    0xf8, 0xfc, 0xf8, 0x00, 0xf8, 0xfc, 0xf8, 0x00, 0x78, 0x88, 0xc8, 0x51,
    0x70, 0x84, 0xc8, 0xff, 0x70, 0x80, 0xc8, 0xff, 0x68, 0x7c, 0xc8, 0xff,
    0x60, 0x78, 0xc8, 0xff, 0x60, 0x74, 0xc8, 0xbe, 0xf8, 0xfc, 0xf8, 0x00,
    0xf8, 0xfc, 0xf8, 0x00, 0xc8, 0x8c, 0x60, 0x82, 0xd0, 0x90, 0x60, 0xff,
    0xd0, 0x90, 0x68, 0xff, 0xd0, 0x90, 0x68, 0xff, 0xd0, 0x94, 0x68, 0xff,
    0xd0, 0x94, 0x68, 0x82, 0xf8, 0xfc, 0xf8, 0x00, 0xf8, 0xfc, 0xf8, 0x00,
    0xf8, 0xfc, 0xf8, 0x00, 0xf8, 0xfc, 0xf8, 0x00, 0xf8, 0xfc, 0xf8, 0x00,
    0xf8, 0xfc, 0xf8, 0x00, 0xf8, 0xfc, 0xf8, 0x00, 0xf8, 0xfc, 0xf8, 0x00,
    0xf8, 0xfc, 0xf8, 0x00, 0xf8, 0xfc, 0xf8, 0x00, 0xf8, 0xfc, 0xf8, 0x00,
    0xf8, 0xfc, 0xf8, 0x00, 0xf8, 0xfc, 0xf8, 0x00, 0xf8, 0xfc, 0xf8, 0x00,
    0xf8, 0xfc, 0xf8, 0x00, 0xf8, 0xfc, 0xf8, 0x00, 0xf8, 0xfc, 0xf8, 0x00,
    0xf8, 0xfc, 0xf8, 0x00, 0xf8, 0xfc, 0xf8, 0x00, 0xf8, 0xfc, 0xf8, 0x00,
    0xf8, 0xfc, 0xf8, 0x00, 0xf8, 0xfc, 0xf8, 0x00, 0xf8, 0xfc, 0xf8, 0x00,
    0xf8, 0xfc, 0xf8, 0x00, 0xf8, 0xfc, 0xf8, 0x00, 0xf8, 0xfc, 0xf8, 0x00,
    0xf8, 0xfc, 0xf8, 0x00, 0xf8, 0xfc, 0xf8, 0x00, 0xf8, 0xfc, 0xf8, 0x00,
    0xf8, 0xfc, 0xf8, 0x00, 0xf8, 0xfc, 0xf8, 0x00, 0xf8, 0xfc, 0xf8, 0x00,
    0xf8, 0xfc, 0xf8, 0x00, 0xf8, 0xfc, 0xf8, 0x00, 0xf8, 0xfc, 0xf8, 0x00,
    0xf8, 0xfc, 0xf8, 0x00, 0xf8, 0xfc, 0xf8, 0x00, 0xf8, 0xfc, 0xf8, 0x00,
    0xf8, 0xfc, 0xf8, 0x00, 0xf8, 0xfc, 0xf8, 0x00, 0xf8, 0xfc, 0xf8, 0x00,
    0xf8, 0xfc, 0xf8, 0x00, 0xf8, 0xfc, 0xf8, 0x00, 0xf8, 0xfc, 0xf8, 0x00,
    0xf8, 0xfc, 0xf8, 0x00, 0xf8, 0xfc, 0xf8, 0x00, 0xf8, 0xfc, 0xf8, 0x00,
    0xf8, 0xfc, 0xf8, 0x00, 0xf8, 0xfc, 0xf8, 0x00, 0xf8, 0xfc, 0xf8, 0x00,
    0xf8, 0xfc, 0xf8, 0x00, 0xf8, 0xfc, 0xf8, 0x00, 0xf8, 0xfc, 0xf8, 0x00,
    0xf8, 0xfc, 0xf8, 0x00, 0xf8, 0xfc, 0xf8, 0x00, 0xf8, 0xfc, 0xf8, 0x00,
    0xf8, 0xfc, 0xf8, 0x00, 0xf8, 0xfc, 0xf8, 0x00, 0xf8, 0xfc, 0xf8, 0x00,
    0xf8, 0xfc, 0xf8, 0x00, 0xf8, 0xfc, 0xf8, 0x00, 0xf8, 0xfc, 0xf8, 0x00,
    0xf8, 0xfc, 0xf8, 0x00, 0xf8, 0xfc, 0xf8, 0x00, 0xf8, 0xfc, 0xf8, 0x00,
    0xf8, 0xfc, 0xf8, 0x00, 0xf8, 0xfc, 0xf8, 0x00, 0xf8, 0xfc, 0xf8, 0x00,
    0xf8, 0xfc, 0xf8, 0x00, 0xf8, 0xfc, 0xf8, 0x00, 0xf8, 0xfc, 0xf8, 0x00,
    0xf8, 0xfc, 0xf8, 0x00, 0xf8, 0xfc, 0xf8, 0x00, 0xf8, 0xfc, 0xf8, 0x00,
    0xf8, 0xfc, 0xf8, 0x00, 0xf8, 0xfc, 0xf8, 0x00, 0xf8, 0xfc, 0xf8, 0x00,
    0xf8, 0xfc, 0xf8, 0x00, 0xf8, 0xfc, 0xf8, 0x00, 0xf8, 0xfc, 0xf8, 0x00,
    0xf8, 0xfc, 0xf8, 0x00, 0xf8, 0xfc, 0xf8, 0x00, 0xf8, 0xfc, 0xf8, 0x00,
    0xf8, 0xfc, 0xf8, 0x00, 0xf8, 0xfc, 0xf8, 0x00, 0xf8, 0xfc, 0xf8, 0x00,
    0xf8, 0xfc, 0xf8, 0x00, 0xf8, 0xfc, 0xf8, 0x00, 0xf8, 0xfc, 0xf8, 0x00,
    0xf8, 0xfc, 0xf8, 0x00, 0xf8, 0xfc, 0xf8, 0x00, 0xf8, 0xfc, 0xf8, 0x00,
    0xf8, 0xfc, 0xf8, 0x00, 0xf8, 0xfc, 0xf8, 0x00, 0xf8, 0xfc, 0xf8, 0x00,
    0xf8, 0xfc, 0xf8, 0x00, 0xf8, 0xfc, 0xf8, 0x00, 0xf8, 0xfc, 0xf8, 0x00,
    0xf8, 0xfc, 0xf8, 0x00, 0xf8, 0xfc, 0xf8, 0x00, 0xf8, 0xfc, 0xf8, 0x00,
    0xf8, 0xfc, 0xf8, 0x00, 0xf8, 0xfc, 0xf8, 0x00, 0xf8, 0xfc, 0xf8, 0x00,
    0xf8, 0xfc, 0xf8, 0x00, 0xf8, 0xfc, 0xf8, 0x00, 0xf8, 0xfc, 0xf8, 0x00,
    0xf8, 0xfc, 0xf8, 0x00, 0xf8, 0xfc, 0xf8, 0x00, 0xf8, 0xfc, 0xf8, 0x00,
    0xf8, 0xfc, 0xf8, 0x00, 0xf8, 0xfc, 0xf8, 0x00, 0x78, 0x88, 0xc8, 0x30,
    0x70, 0x80, 0xc8, 0xff, 0x68, 0x80, 0xc0, 0xff, 0x68, 0x78, 0xc8, 0xff,
    0x60, 0x74, 0xc8, 0xff, 0x58, 0x70, 0xc8, 0xff, 0xf8, 0xfc, 0xf8, 0x00,
    0xf8, 0xfc, 0xf8, 0x00, 0xd0, 0x8c, 0x60, 0xbe, 0xc8, 0x90, 0x68, 0xff,
    0xd0, 0x90, 0x68, 0xff, 0xd0, 0x94, 0x68, 0xff, 0xd0, 0x94, 0x68, 0xff,
    0xd0, 0x98, 0x68, 0x5d, 0xf8, 0xfc, 0xf8, 0x00, 0xf8, 0xfc, 0xf8, 0x00,
    0xf8, 0xfc, 0xf8, 0x00, 0xf8, 0xfc, 0xf8, 0x00, 0xf8, 0xfc, 0xf8, 0x00,
    0xf8, 0xfc, 0xf8, 0x00, 0xf8, 0xfc, 0xf8, 0x00, 0xf8, 0xfc, 0xf8, 0x00,
    0xf8, 0xfc, 0xf8, 0x00, 0xf8, 0xfc, 0xf8, 0x00, 0xf8, 0xfc, 0xf8, 0x00,
    0xf8, 0xfc, 0xf8, 0x00, 0xf8, 0xfc, 0xf8, 0x00, 0xf8, 0xfc, 0xf8, 0x00,
    0xf8, 0xfc, 0xf8, 0x00, 0xf8, 0xfc, 0xf8, 0x00, 0xf8, 0xfc, 0xf8, 0x00,
    0xf8, 0xfc, 0xf8, 0x00, 0xf8, 0xfc, 0xf8, 0x00, 0xf8, 0xfc, 0xf8, 0x00,
    0xf8, 0xfc, 0xf8, 0x00, 0xf8, 0xfc, 0xf8, 0x00, 0xf8, 0xfc, 0xf8, 0x00,
    0xf8, 0xfc, 0xf8, 0x00, 0xf8, 0xfc, 0xf8, 0x00, 0xf8, 0xfc, 0xf8, 0x00,
    0xf8, 0xfc, 0xf8, 0x00, 0xf8, 0xfc, 0xf8, 0x00, 0xf8, 0xfc, 0xf8, 0x00,
    0xf8, 0xfc, 0xf8, 0x00, 0xf8, 0xfc, 0xf8, 0x00, 0xf8, 0xfc, 0xf8, 0x00,
    0xf8, 0xfc, 0xf8, 0x00, 0xf8, 0xfc, 0xf8, 0x00, 0xf8, 0xfc, 0xf8, 0x00,
    0xf8, 0xfc, 0xf8, 0x00, 0xf8, 0xfc, 0xf8, 0x00, 0xf8, 0xfc, 0xf8, 0x00,
    0xf8, 0xfc, 0xf8, 0x00, 0xf8, 0xfc, 0xf8, 0x00, 0xf8, 0xfc, 0xf8, 0x00,
    0xf8, 0xfc, 0xf8, 0x00, 0xf8, 0xfc, 0xf8, 0x00, 0xf8, 0xfc, 0xf8, 0x00,
    0xf8, 0xfc, 0xf8, 0x00, 0xf8, 0xfc, 0xf8, 0x00, 0xf8, 0xfc, 0xf8, 0x00,
    0xf8, 0xfc, 0xf8, 0x00, 0xf8, 0xfc, 0xf8, 0x00, 0xf8, 0xfc, 0xf8, 0x00,
    0xf8, 0xfc, 0xf8, 0x00, 0xf8, 0xfc, 0xf8, 0x00, 0xf8, 0xfc, 0xf8, 0x00,
    0xf8, 0xfc, 0xf8, 0x00, 0xf8, 0xfc, 0xf8, 0x00, 0xf8, 0xfc, 0xf8, 0x00,
    0xf8, 0xfc, 0xf8, 0x00, 0xf8, 0xfc, 0xf8, 0x00, 0xf8, 0xfc, 0xf8, 0x00,
    0xf8, 0xfc, 0xf8, 0x00, 0xf8, 0xfc, 0xf8, 0x00, 0xf8, 0xfc, 0xf8, 0x00,
    0xf8, 0xfc, 0xf8, 0x00, 0xf8, 0xfc, 0xf8, 0x00, 0xf8, 0xfc, 0xf8, 0x00,
    0xf8, 0xfc, 0xf8, 0x00, 0xf8, 0xfc, 0xf8, 0x00, 0xf8, 0xfc, 0xf8, 0x00,
    0xf8, 0xfc, 0xf8, 0x00, 0xf8, 0xfc, 0xf8, 0x00, 0xf8, 0xfc, 0xf8, 0x00,
    0xf8, 0xfc, 0xf8, 0x00, 0xf8, 0xfc, 0xf8, 0x00, 0xf8, 0xfc, 0xf8, 0x00,
    0xf8, 0xfc, 0xf8, 0x00, 0xf8, 0xfc, 0xf8, 0x00, 0xf8, 0xfc, 0xf8, 0x00,
    0xf8, 0xfc, 0xf8, 0x00, 0xf8, 0xfc, 0xf8, 0x00, 0xf8, 0xfc, 0xf8, 0x00,
    0xf8, 0xfc, 0xf8, 0x00, 0xf8, 0xfc, 0xf8, 0x00, 0xf8, 0xfc, 0xf8, 0x00,
    0xf8, 0xfc, 0xf8, 0x00, 0xf8, 0xfc, 0xf8, 0x00, 0xf8, 0xfc, 0xf8, 0x00,
    0xf8, 0xfc, 0xf8, 0x00, 0xf8, 0xfc, 0xf8, 0x00, 0xf8, 0xfc, 0xf8, 0x00,
    0xf8, 0xfc, 0xf8, 0x00, 0xf8, 0xfc, 0xf8, 0x00, 0xf8, 0xfc, 0xf8, 0x00,
    0xf8, 0xfc, 0xf8, 0x00, 0xf8, 0xfc, 0xf8, 0x00, 0xf8, 0xfc, 0xf8, 0x00,
    0xf8, 0xfc, 0xf8, 0x00, 0xf8, 0xfc, 0xf8, 0x00, 0xf8, 0xfc, 0xf8, 0x00,
    0xf8, 0xfc, 0xf8, 0x00, 0xf8, 0xfc, 0xf8, 0x00, 0xf8, 0xfc, 0xf8, 0x00,
    0xf8, 0xfc, 0xf8, 0x00, 0xf8, 0xfc, 0xf8, 0x00, 0xf8, 0xfc, 0xf8, 0x00,
    0xf8, 0xfc, 0xf8, 0x00, 0xf8, 0xfc, 0xf8, 0x00, 0xf8, 0xfc, 0xf8, 0x00,
    0xf8, 0xfc, 0xf8, 0x00, 0xf8, 0xfc, 0xf8, 0x00, 0xf8, 0xfc, 0xf8, 0x00,
    0xf8, 0xfc, 0xf8, 0x00, 0xf8, 0xfc, 0xf8, 0x00, 0xf8, 0xfc, 0xf8, 0x00,
    0x70, 0x80, 0xc8, 0xff, 0x68, 0x7c, 0xc8, 0xff, 0x60, 0x78, 0xc8, 0xff,
    0x58, 0x74, 0xc8, 0xff, 0x58, 0x70, 0xc8, 0xff, 0xf8, 0xfc, 0xf8, 0x00,
    0xf8, 0xfc, 0xf8, 0x00, 0xd0, 0x8c, 0x68, 0xbe, 0xd0, 0x90, 0x68, 0xff,
    0xd0, 0x90, 0x68, 0xff, 0xd0, 0x94, 0x68, 0xff, 0xd0, 0x94, 0x68, 0xff,
    0xd0, 0x98, 0x68, 0x41, 0xf8, 0xfc, 0xf8, 0x00, 0xf8, 0xfc, 0xf8, 0x00,
    0xf8, 0xfc, 0xf8, 0x00, 0xf8, 0xfc, 0xf8, 0x00, 0xf8, 0xfc, 0xf8, 0x00,
    0xf8, 0xfc, 0xf8, 0x00, 0xf8, 0xfc, 0xf8, 0x00, 0xf8, 0xfc, 0xf8, 0x00,
    0xf8, 0xfc, 0xf8, 0x00, 0xf8, 0xfc, 0xf8, 0x00, 0xf8, 0xfc, 0xf8, 0x00,
    0xf8, 0xfc, 0xf8, 0x00, 0xf8, 0xfc, 0xf8, 0x00, 0xf8, 0xfc, 0xf8, 0x00,
    0xf8, 0xfc, 0xf8, 0x00, 0xf8, 0xfc, 0xf8, 0x00, 0xf8, 0xfc, 0xf8, 0x00,
    0xf8, 0xfc, 0xf8, 0x00, 0xf8, 0xfc, 0xf8, 0x00, 0xf8, 0xfc, 0xf8, 0x00,
    0xf8, 0xfc, 0xf8, 0x00, 0xf8, 0xfc, 0xf8, 0x00, 0xf8, 0xfc, 0xf8, 0x00,
    0xf8, 0xfc, 0xf8, 0x00, 0xf8, 0xfc, 0xf8, 0x00, 0xf8, 0xfc, 0xf8, 0x00,
    0xf8, 0xfc, 0xf8, 0x00, 0xf8, 0xfc, 0xf8, 0x00, 0xf8, 0xfc, 0xf8, 0x00,
    0xf8, 0xfc, 0xf8, 0x00, 0xf8, 0xfc, 0xf8, 0x00, 0xf8, 0xfc, 0xf8, 0x00,
    0xf8, 0xfc, 0xf8, 0x00, 0xf8, 0xfc, 0xf8, 0x00, 0xf8, 0xfc, 0xf8, 0x00,
    0xf8, 0xfc, 0xf8, 0x00, 0xf8, 0xfc, 0xf8, 0x00, 0xf8, 0xfc, 0xf8, 0x00,
    0xf8, 0xfc, 0xf8, 0x00, 0xf8, 0xfc, 0xf8, 0x00, 0xf8, 0xfc, 0xf8, 0x00,
    0xf8, 0xfc, 0xf8, 0x00, 0xf8, 0xfc, 0xf8, 0x00, 0xf8, 0xfc, 0xf8, 0x00,
    0xf8, 0xfc, 0xf8, 0x00, 0xf8, 0xfc, 0xf8, 0x00, 0xf8, 0xfc, 0xf8, 0x00,
    0xf8, 0xfc, 0xf8, 0x00, 0xf8, 0xfc, 0xf8, 0x00, 0xf8, 0xfc, 0xf8, 0x00,
    0xf8, 0xfc, 0xf8, 0x00, 0xf8, 0xfc, 0xf8, 0x00, 0xf8, 0xfc, 0xf8, 0x00,
    0xf8, 0xfc, 0xf8, 0x00, 0xf8, 0xfc, 0xf8, 0x00, 0xf8, 0xfc, 0xf8, 0x00,
    0xf8, 0xfc, 0xf8, 0x00, 0xf8, 0xfc, 0xf8, 0x00, 0xf8, 0xfc, 0xf8, 0x00,
    0xf8, 0xfc, 0xf8, 0x00, 0xf8, 0xfc, 0xf8, 0x00, 0xf8, 0xfc, 0xf8, 0x00,
    0xf8, 0xfc, 0xf8, 0x00, 0xf8, 0xfc, 0xf8, 0x00, 0xf8, 0xfc, 0xf8, 0x00,
    0xf8, 0xfc, 0xf8, 0x00, 0xf8, 0xfc, 0xf8, 0x00, 0xf8, 0xfc, 0xf8, 0x00,
    0xf8, 0xfc, 0xf8, 0x00, 0xf8, 0xfc, 0xf8, 0x00, 0xf8, 0xfc, 0xf8, 0x00,
    0xf8, 0xfc, 0xf8, 0x00, 0xf8, 0xfc, 0xf8, 0x00, 0xf8, 0xfc, 0xf8, 0x00,
    0xf8, 0xfc, 0xf8, 0x00, 0xf8, 0xfc, 0xf8, 0x00, 0xf8, 0xfc, 0xf8, 0x00,
    0xf8, 0xfc, 0xf8, 0x00, 0xf8, 0xfc, 0xf8, 0x00, 0xf8, 0xfc, 0xf8, 0x00,
    0xf8, 0xfc, 0xf8, 0x00, 0xf8, 0xfc, 0xf8, 0x00, 0xf8, 0xfc, 0xf8, 0x00,
    0xf8, 0xfc, 0xf8, 0x00, 0xf8, 0xfc, 0xf8, 0x00, 0xf8, 0xfc, 0xf8, 0x00,
    0xf8, 0xfc, 0xf8, 0x00, 0xf8, 0xfc, 0xf8, 0x00, 0xf8, 0xfc, 0xf8, 0x00,
    0xf8, 0xfc, 0xf8, 0x00, 0xf8, 0xfc, 0xf8, 0x00, 0xf8, 0xfc, 0xf8, 0x00,
    0xf8, 0xfc, 0xf8, 0x00, 0xf8, 0xfc, 0xf8, 0x00, 0xf8, 0xfc, 0xf8, 0x00,
    0xf8, 0xfc, 0xf8, 0x00, 0xf8, 0xfc, 0xf8, 0x00, 0xf8, 0xfc, 0xf8, 0x00,
    0xf8, 0xfc, 0xf8, 0x00, 0xf8, 0xfc, 0xf8, 0x00, 0xf8, 0xfc, 0xf8, 0x00,
    0xf8, 0xfc, 0xf8, 0x00, 0xf8, 0xfc, 0xf8, 0x00, 0xf8, 0xfc, 0xf8, 0x00,
    0xf8, 0xfc, 0xf8, 0x00, 0xf8, 0xfc, 0xf8, 0x00, 0xf8, 0xfc, 0xf8, 0x00,
    0xf8, 0xfc, 0xf8, 0x00, 0xf8, 0xfc, 0xf8, 0x00, 0xf8, 0xfc, 0xf8, 0x00,
    0xf8, 0xfc, 0xf8, 0x00, 0xf8, 0xfc, 0xf8, 0x00, 0xf8, 0xfc, 0xf8, 0x00,
    0x68, 0x7c, 0xc8, 0xdf, 0x60, 0x78, 0xc8, 0xff, 0x60, 0x74, 0xc8, 0xff,
    0x58, 0x70, 0xc8, 0xff, 0x58, 0x6c, 0xc8, 0xff, 0x50, 0x68, 0xc8, 0x41,
    0xf8, 0xfc, 0xf8, 0x00, 0xd0, 0x90, 0x60, 0xff, 0xd0, 0x90, 0x68, 0xff,
    0xd0, 0x94, 0x68, 0xff, 0xd0, 0x94, 0x68, 0xff, 0xd0, 0x94, 0x68, 0xff,
    0xd8, 0x98, 0x70, 0x30, 0xf8, 0xfc, 0xf8, 0x00, 0xf8, 0xfc, 0xf8, 0x00,
    0xf8, 0xfc, 0xf8, 0x00, 0xf8, 0xfc, 0xf8, 0x00, 0xf8, 0xfc, 0xf8, 0x00,
    0xf8, 0xfc, 0xf8, 0x00, 0xf8, 0xfc, 0xf8, 0x00, 0xf8, 0xfc, 0xf8, 0x00,
    0xf8, 0xfc, 0xf8, 0x00, 0xf8, 0xfc, 0xf8, 0x00, 0xf8, 0xfc, 0xf8, 0x00,
    0xf8, 0xfc, 0xf8, 0x00, 0xf8, 0xfc, 0xf8, 0x00, 0xf8, 0xfc, 0xf8, 0x00,
    0xf8, 0xfc, 0xf8, 0x00, 0xf8, 0xfc, 0xf8, 0x00, 0xf8, 0xfc, 0xf8, 0x00,
    0xf8, 0xfc, 0xf8, 0x00, 0xf8, 0xfc, 0xf8, 0x00, 0xf8, 0xfc, 0xf8, 0x00,
    0xf8, 0xfc, 0xf8, 0x00, 0xf8, 0xfc, 0xf8, 0x00, 0xf8, 0xfc, 0xf8, 0x00,
    0xf8, 0xfc, 0xf8, 0x00, 0xf8, 0xfc, 0xf8, 0x00, 0xf8, 0xfc, 0xf8, 0x00,
    0xf8, 0xfc, 0xf8, 0x00, 0xf8, 0xfc, 0xf8, 0x00, 0xf8, 0xfc, 0xf8, 0x00,
    0xf8, 0xfc, 0xf8, 0x00, 0xf8, 0xfc, 0xf8, 0x00, 0xf8, 0xfc, 0xf8, 0x00,
    0xf8, 0xfc, 0xf8, 0x00, 0xf8, 0xfc, 0xf8, 0x00, 0xf8, 0xfc, 0xf8, 0x00,
    0xf8, 0xfc, 0xf8, 0x00, 0xf8, 0xfc, 0xf8, 0x00, 0xf8, 0xfc, 0xf8, 0x00,
    0xf8, 0xfc, 0xf8, 0x00, 0xf8, 0xfc, 0xf8, 0x00, 0xf8, 0xfc, 0xf8, 0x00,
    0xf8, 0xfc, 0xf8, 0x00, 0xf8, 0xfc, 0xf8, 0x00, 0xf8, 0xfc, 0xf8, 0x00,
    0xf8, 0xfc, 0xf8, 0x00, 0xf8, 0xfc, 0xf8, 0x00, 0xf8, 0xfc, 0xf8, 0x00,
    0xf8, 0xfc, 0xf8, 0x00, 0xf8, 0xfc, 0xf8, 0x00, 0xf8, 0xfc, 0xf8, 0x00,
    0xf8, 0xfc, 0xf8, 0x00, 0xf8, 0xfc, 0xf8, 0x00, 0xf8, 0xfc, 0xf8, 0x00,
    0xf8, 0xfc, 0xf8, 0x00, 0xf8, 0xfc, 0xf8, 0x00, 0xf8, 0xfc, 0xf8, 0x00,
    0xf8, 0xfc, 0xf8, 0x00, 0xf8, 0xfc, 0xf8, 0x00, 0xf8, 0xfc, 0xf8, 0x00,
    0xf8, 0xfc, 0xf8, 0x00, 0xf8, 0xfc, 0xf8, 0x00, 0xf8, 0xfc, 0xf8, 0x00,
    0xf8, 0xfc, 0xf8, 0x00, 0xf8, 0xfc, 0xf8, 0x00, 0xf8, 0xfc, 0xf8, 0x00,
    0xf8, 0xfc, 0xf8, 0x00, 0xf8, 0xfc, 0xf8, 0x00, 0xf8, 0xfc, 0xf8, 0x00,
    0xf8, 0xfc, 0xf8, 0x00, 0xf8, 0xfc, 0xf8, 0x00, 0xf8, 0xfc, 0xf8, 0x00,
    0xf8, 0xfc, 0xf8, 0x00, 0xf8, 0xfc, 0xf8, 0x00, 0xf8, 0xfc, 0xf8, 0x00,
    0xf8, 0xfc, 0xf8, 0x00, 0xf8, 0xfc, 0xf8, 0x00, 0xf8, 0xfc, 0xf8, 0x00,
    0xf8, 0xfc, 0xf8, 0x00, 0xf8, 0xfc, 0xf8, 0x00, 0xf8, 0xfc, 0xf8, 0x00,
    0xf8, 0xfc, 0xf8, 0x00, 0xf8, 0xfc, 0xf8, 0x00, 0xf8, 0xfc, 0xf8, 0x00,
    0xf8, 0xfc, 0xf8, 0x00, 0xf8, 0xfc, 0xf8, 0x00, 0xf8, 0xfc, 0xf8, 0x00,
    0xf8, 0xfc, 0xf8, 0x00, 0xf8, 0xfc, 0xf8, 0x00, 0xf8, 0xfc, 0xf8, 0x00,
    0xf8, 0xfc, 0xf8, 0x00, 0xf8, 0xfc, 0xf8, 0x00, 0xf8, 0xfc, 0xf8, 0x00,
    0xf8, 0xfc, 0xf8, 0x00, 0xf8, 0xfc, 0xf8, 0x00, 0xf8, 0xfc, 0xf8, 0x00,
    0xf8, 0xfc, 0xf8, 0x00, 0xf8, 0xfc, 0xf8, 0x00, 0xf8, 0xfc, 0xf8, 0x00,
    0xf8, 0xfc, 0xf8, 0x00, 0xf8, 0xfc, 0xf8, 0x00, 0xf8, 0xfc, 0xf8, 0x00,
    0xf8, 0xfc, 0xf8, 0x00, 0xf8, 0xfc, 0xf8, 0x00, 0xf8, 0xfc, 0xf8, 0x00,
    0xf8, 0xfc, 0xf8, 0x00, 0xf8, 0xfc, 0xf8, 0x00, 0xf8, 0xfc, 0xf8, 0x00,
    0xf8, 0xfc, 0xf8, 0x00, 0xf8, 0xfc, 0xf8, 0x00, 0xf8, 0xfc, 0xf8, 0x00,
    0xf8, 0xfc, 0xf8, 0x00, 0xf8, 0xfc, 0xf8, 0x00, 0xf8, 0xfc, 0xf8, 0x00,
    0x68, 0x7c, 0xc8, 0xbe, 0x60, 0x74, 0xc8, 0xff, 0x58, 0x74, 0xc8, 0xff,
    0x58, 0x6c, 0xc8, 0xff, 0x50, 0x68, 0xc8, 0xff, 0x48, 0x64, 0xc8, 0x41,
    0xf8, 0xfc, 0xf8, 0x00, 0xd0, 0x90, 0x68, 0xff, 0xd0, 0x94, 0x68, 0xff,
    0xd0, 0x94, 0x68, 0xff, 0xd0, 0x94, 0x68, 0xff, 0xd0, 0x98, 0x68, 0xff,
    0xf8, 0xfc, 0xf8, 0x00, 0xf8, 0xfc, 0xf8, 0x00, 0xf8, 0xfc, 0xf8, 0x00,
    0xf8, 0xfc, 0xf8, 0x00, 0xf8, 0xfc, 0xf8, 0x00, 0xf8, 0xfc, 0xf8, 0x00,
    0xf8, 0xfc, 0xf8, 0x00, 0xf8, 0xfc, 0xf8, 0x00, 0xf8, 0xfc, 0xf8, 0x00,
    0xf8, 0xfc, 0xf8, 0x00, 0xf8, 0xfc, 0xf8, 0x00, 0xf8, 0xfc, 0xf8, 0x00,
    0xf8, 0xfc, 0xf8, 0x00, 0xf8, 0xfc, 0xf8, 0x00, 0xf8, 0xfc, 0xf8, 0x00,
    0xf8, 0xfc, 0xf8, 0x00, 0xf8, 0xfc, 0xf8, 0x00, 0xf8, 0xfc, 0xf8, 0x00,
    0xf8, 0xfc, 0xf8, 0x00, 0xf8, 0xfc, 0xf8, 0x00, 0xf8, 0xfc, 0xf8, 0x00,
    0xf8, 0xfc, 0xf8, 0x00, 0xf8, 0xfc, 0xf8, 0x00, 0xf8, 0xfc, 0xf8, 0x00,
    0xf8, 0xfc, 0xf8, 0x00, 0xf8, 0xfc, 0xf8, 0x00, 0xf8, 0xfc, 0xf8, 0x00,
    0xf8, 0xfc, 0xf8, 0x00, 0xf8, 0xfc, 0xf8, 0x00, 0xf8, 0xfc, 0xf8, 0x00,
    0xf8, 0xfc, 0xf8, 0x00, 0xf8, 0xfc, 0xf8, 0x00, 0xf8, 0xfc, 0xf8, 0x00,
    0xf8, 0xfc, 0xf8, 0x00, 0xf8, 0xfc, 0xf8, 0x00, 0xf8, 0xfc, 0xf8, 0x00,
    0xf8, 0xfc, 0xf8, 0x00, 0xf8, 0xfc, 0xf8, 0x00, 0xf8, 0xfc, 0xf8, 0x00,
    0xf8, 0xfc, 0xf8, 0x00, 0xf8, 0xfc, 0xf8, 0x00, 0xf8, 0xfc, 0xf8, 0x00,
    0xf8, 0xfc, 0xf8, 0x00, 0xf8, 0xfc, 0xf8, 0x00, 0xf8, 0xfc, 0xf8, 0x00,
    0xf8, 0xfc, 0xf8, 0x00, 0xf8, 0xfc, 0xf8, 0x00, 0xf8, 0xfc, 0xf8, 0x00,
    0xf8, 0xfc, 0xf8, 0x00, 0xf8, 0xfc, 0xf8, 0x00, 0xf8, 0xfc, 0xf8, 0x00,
    0xf8, 0xfc, 0xf8, 0x00, 0xf8, 0xfc, 0xf8, 0x00, 0xf8, 0xfc, 0xf8, 0x00,
    0xf8, 0xfc, 0xf8, 0x00, 0xf8, 0xfc, 0xf8, 0x00, 0xf8, 0xfc, 0xf8, 0x00,
    0xf8, 0xfc, 0xf8, 0x00, 0xf8, 0xfc, 0xf8, 0x00, 0xf8, 0xfc, 0xf8, 0x00,
    0xf8, 0xfc, 0xf8, 0x00, 0xf8, 0xfc, 0xf8, 0x00, 0xf8, 0xfc, 0xf8, 0x00,
    0xf8, 0xfc, 0xf8, 0x00, 0xf8, 0xfc, 0xf8, 0x00, 0xf8, 0xfc, 0xf8, 0x00,
    0xf8, 0xfc, 0xf8, 0x00, 0xf8, 0xfc, 0xf8, 0x00, 0xf8, 0xfc, 0xf8, 0x00,
    0xf8, 0xfc, 0xf8, 0x00, 0xf8, 0xfc, 0xf8, 0x00, 0xf8, 0xfc, 0xf8, 0x00,
    0xf8, 0xfc, 0xf8, 0x00, 0xf8, 0xfc, 0xf8, 0x00, 0xf8, 0xfc, 0xf8, 0x00,
    0xf8, 0xfc, 0xf8, 0x00, 0xf8, 0xfc, 0xf8, 0x00, 0xf8, 0xfc, 0xf8, 0x00,
    0xf8, 0xfc, 0xf8, 0x00, 0xf8, 0xfc, 0xf8, 0x00, 0xf8, 0xfc, 0xf8, 0x00,
    0xf8, 0xfc, 0xf8, 0x00, 0xf8, 0xfc, 0xf8, 0x00, 0xf8, 0xfc, 0xf8, 0x00,
    0xf8, 0xfc, 0xf8, 0x00, 0xf8, 0xfc, 0xf8, 0x00, 0xf8, 0xfc, 0xf8, 0x00,
    0xf8, 0xfc, 0xf8, 0x00, 0xf8, 0xfc, 0xf8, 0x00, 0xf8, 0xfc, 0xf8, 0x00,
    0xf8, 0xfc, 0xf8, 0x00, 0xf8, 0xfc, 0xf8, 0x00, 0xf8, 0xfc, 0xf8, 0x00,
    0xf8, 0xfc, 0xf8, 0x00, 0xf8, 0xfc, 0xf8, 0x00, 0xf8, 0xfc, 0xf8, 0x00,
    0xf8, 0xfc, 0xf8, 0x00, 0xf8, 0xfc, 0xf8, 0x00, 0xf8, 0xfc, 0xf8, 0x00,
    0xf8, 0xfc, 0xf8, 0x00, 0xf8, 0xfc, 0xf8, 0x00, 0xf8, 0xfc, 0xf8, 0x00,
    0xf8, 0xfc, 0xf8, 0x00, 0xf8, 0xfc, 0xf8, 0x00, 0xf8, 0xfc, 0xf8, 0x00,
    0xf8, 0xfc, 0xf8, 0x00, 0xf8, 0xfc, 0xf8, 0x00, 0xf8, 0xfc, 0xf8, 0x00,
    0xf8, 0xfc, 0xf8, 0x00, 0xf8, 0xfc, 0xf8, 0x00, 0xf8, 0xfc, 0xf8, 0x00,
    0xf8, 0xfc, 0xf8, 0x00, 0xf8, 0xfc, 0xf8, 0x00, 0xf8, 0xfc, 0xf8, 0x00,
    0x60, 0x78, 0xc8, 0xc3, 0x60, 0x74, 0xc8, 0xff, 0x58, 0x70, 0xc8, 0xff,
    0x50, 0x6c, 0xc8, 0xff, 0x50, 0x68, 0xc8, 0xff, 0x48, 0x64, 0xc8, 0x51,
    0xf8, 0xfc, 0xf8, 0x00, 0xd0, 0x90, 0x68, 0xff, 0xd0, 0x94, 0x68, 0xff,
    0xd0, 0x94, 0x68, 0xff, 0xd0, 0x98, 0x68, 0xff, 0xd8, 0x98, 0x70, 0xff,
    0xf8, 0xfc, 0xf8, 0x00, 0xf8, 0xfc, 0xf8, 0x00, 0xf8, 0xfc, 0xf8, 0x00,
    0xf8, 0xfc, 0xf8, 0x00, 0xf8, 0xfc, 0xf8, 0x00, 0xf8, 0xfc, 0xf8, 0x00,
    0xf8, 0xfc, 0xf8, 0x00, 0xf8, 0xfc, 0xf8, 0x00, 0xf8, 0xfc, 0xf8, 0x00,
    0xf8, 0xfc, 0xf8, 0x00, 0xf8, 0xfc, 0xf8, 0x00, 0xf8, 0xfc, 0xf8, 0x00,
    0xf8, 0xfc, 0xf8, 0x00, 0xf8, 0xfc, 0xf8, 0x00, 0xf8, 0xfc, 0xf8, 0x00,
    0xf8, 0xfc, 0xf8, 0x00, 0xf8, 0xfc, 0xf8, 0x00, 0xf8, 0xfc, 0xf8, 0x00,
    0xf8, 0xfc, 0xf8, 0x00, 0xf8, 0xfc, 0xf8, 0x00, 0xf8, 0xfc, 0xf8, 0x00,
    0xf8, 0xfc, 0xf8, 0x00, 0xf8, 0xfc, 0xf8, 0x00, 0xf8, 0xfc, 0xf8, 0x00,
    0xf8, 0xfc, 0xf8, 0x00, 0xf8, 0xfc, 0xf8, 0x00, 0xf8, 0xfc, 0xf8, 0x00,
    0xf8, 0xfc, 0xf8, 0x00, 0xf8, 0xfc, 0xf8, 0x00, 0xf8, 0xfc, 0xf8, 0x00,
    0xf8, 0xfc, 0xf8, 0x00, 0xf8, 0xfc, 0xf8, 0x00, 0xf8, 0xfc, 0xf8, 0x00,
    0xf8, 0xfc, 0xf8, 0x00, 0xf8, 0xfc, 0xf8, 0x00, 0xf8, 0xfc, 0xf8, 0x00,
    0xf8, 0xfc, 0xf8, 0x00, 0xf8, 0xfc, 0xf8, 0x00, 0xf8, 0xfc, 0xf8, 0x00,
    0xf8, 0xfc, 0xf8, 0x00, 0xf8, 0xfc, 0xf8, 0x00, 0xf8, 0xfc, 0xf8, 0x00,
    0xf8, 0xfc, 0xf8, 0x00, 0xf8, 0xfc, 0xf8, 0x00, 0xf8, 0xfc, 0xf8, 0x00,
    0xf8, 0xfc, 0xf8, 0x00, 0xf8, 0xfc, 0xf8, 0x00, 0xf8, 0xfc, 0xf8, 0x00,
    0xf8, 0xfc, 0xf8, 0x00, 0xf8, 0xfc, 0xf8, 0x00, 0xf8, 0xfc, 0xf8, 0x00,
    0xf8, 0xfc, 0xf8, 0x00, 0xf8, 0xfc, 0xf8, 0x00, 0xf8, 0xfc, 0xf8, 0x00,
    0xf8, 0xfc, 0xf8, 0x00, 0xf8, 0xfc, 0xf8, 0x00, 0xf8, 0xfc, 0xf8, 0x00,
    0xf8, 0xfc, 0xf8, 0x00, 0xf8, 0xfc, 0xf8, 0x00, 0xf8, 0xfc, 0xf8, 0x00,
    0xf8, 0xfc, 0xf8, 0x00, 0xf8, 0xfc, 0xf8, 0x00, 0xf8, 0xfc, 0xf8, 0x00,
    0xf8, 0xfc, 0xf8, 0x00, 0xf8, 0xfc, 0xf8, 0x00, 0xf8, 0xfc, 0xf8, 0x00,
    0xf8, 0xfc, 0xf8, 0x00, 0xf8, 0xfc, 0xf8, 0x00, 0xf8, 0xfc, 0xf8, 0x00,
    0xf8, 0xfc, 0xf8, 0x00, 0xf8, 0xfc, 0xf8, 0x00, 0xf8, 0xfc, 0xf8, 0x00,
    0xf8, 0xfc, 0xf8, 0x00, 0xf8, 0xfc, 0xf8, 0x00, 0xf8, 0xfc, 0xf8, 0x00,
    0xf8, 0xfc, 0xf8, 0x00, 0xf8, 0xfc, 0xf8, 0x00, 0xf8, 0xfc, 0xf8, 0x00,
    0xf8, 0xfc, 0xf8, 0x00, 0xf8, 0xfc, 0xf8, 0x00, 0xf8, 0xfc, 0xf8, 0x00,
    0xf8, 0xfc, 0xf8, 0x00, 0xf8, 0xfc, 0xf8, 0x00, 0xf8, 0xfc, 0xf8, 0x00,
    0xf8, 0xfc, 0xf8, 0x00, 0xf8, 0xfc, 0xf8, 0x00, 0xf8, 0xfc, 0xf8, 0x00,
    0xf8, 0xfc, 0xf8, 0x00, 0xf8, 0xfc, 0xf8, 0x00, 0xf8, 0xfc, 0xf8, 0x00,
    0xf8, 0xfc, 0xf8, 0x00, 0xf8, 0xfc, 0xf8, 0x00, 0xf8, 0xfc, 0xf8, 0x00,
    0xf8, 0xfc, 0xf8, 0x00, 0xf8, 0xfc, 0xf8, 0x00, 0xf8, 0xfc, 0xf8, 0x00,
    0xf8, 0xfc, 0xf8, 0x00, 0xf8, 0xfc, 0xf8, 0x00, 0xf8, 0xfc, 0xf8, 0x00,
    0xf8, 0xfc, 0xf8, 0x00, 0xf8, 0xfc, 0xf8, 0x00, 0xf8, 0xfc, 0xf8, 0x00,
    0xf8, 0xfc, 0xf8, 0x00, 0xf8, 0xfc, 0xf8, 0x00, 0xf8, 0xfc, 0xf8, 0x00,
    0xf8, 0xfc, 0xf8, 0x00, 0xf8, 0xfc, 0xf8, 0x00, 0xf8, 0xfc, 0xf8, 0x00,
    0xf8, 0xfc, 0xf8, 0x00, 0xf8, 0xfc, 0xf8, 0x00, 0xf8, 0xfc, 0xf8, 0x00,
    0xf8, 0xfc, 0xf8, 0x00, 0xf8, 0xfc, 0xf8, 0x00, 0xf8, 0xfc, 0xf8, 0x00,
    0x60, 0x74, 0xc8, 0x8e, 0x58, 0x70, 0xc8, 0xff, 0x58, 0x6c, 0xc8, 0xff,
    0x50, 0x68, 0xc8, 0xff, 0x48, 0x64, 0xc8, 0xff, 0x48, 0x60, 0xc8, 0x82,
    0xd0, 0x90, 0x68, 0x10, 0xd0, 0x90, 0x68, 0xff, 0xd0, 0x94, 0x68, 0xff,
    0xd0, 0x94, 0x68, 0xff, 0xd0, 0x98, 0x70, 0xff, 0xd8, 0x98, 0x70, 0xff,
    0xf8, 0xfc, 0xf8, 0x00, 0xf8, 0xfc, 0xf8, 0x00, 0xf8, 0xfc, 0xf8, 0x00,
    0xf8, 0xfc, 0xf8, 0x00, 0xf8, 0xfc, 0xf8, 0x00, 0xf8, 0xfc, 0xf8, 0x00,
    0xf8, 0xfc, 0xf8, 0x00, 0xf8, 0xfc, 0xf8, 0x00, 0xf8, 0xfc, 0xf8, 0x00,
    0xf8, 0xfc, 0xf8, 0x00, 0xf8, 0xfc, 0xf8, 0x00, 0xf8, 0xfc, 0xf8, 0x00,
    0xf8, 0xfc, 0xf8, 0x00, 0xf8, 0xfc, 0xf8, 0x00, 0xf8, 0xfc, 0xf8, 0x00,
    0xf8, 0xfc, 0xf8, 0x00, 0xf8, 0xfc, 0xf8, 0x00, 0xf8, 0xfc, 0xf8, 0x00,
    0xf8, 0xfc, 0xf8, 0x00, 0xf8, 0xfc, 0xf8, 0x00, 0xf8, 0xfc, 0xf8, 0x00,
    0xf8, 0xfc, 0xf8, 0x00, 0xf8, 0xfc, 0xf8, 0x00, 0xf8, 0xfc, 0xf8, 0x00,
    0xf8, 0xfc, 0xf8, 0x00, 0xf8, 0xfc, 0xf8, 0x00, 0xf8, 0xfc, 0xf8, 0x00,
    0xf8, 0xfc, 0xf8, 0x00, 0xf8, 0xfc, 0xf8, 0x00, 0xf8, 0xfc, 0xf8, 0x00,
    0xf8, 0xfc, 0xf8, 0x00, 0xf8, 0xfc, 0xf8, 0x00, 0xf8, 0xfc, 0xf8, 0x00,
    0xf8, 0xfc, 0xf8, 0x00, 0xf8, 0xfc, 0xf8, 0x00, 0xf8, 0xfc, 0xf8, 0x00,
    0xf8, 0xfc, 0xf8, 0x00, 0xf8, 0xfc, 0xf8, 0x00, 0xf8, 0xfc, 0xf8, 0x00,
    0xf8, 0xfc, 0xf8, 0x00, 0xf8, 0xfc, 0xf8, 0x00, 0xf8, 0xfc, 0xf8, 0x00,
    0xf8, 0xfc, 0xf8, 0x00, 0xf8, 0xfc, 0xf8, 0x00, 0xf8, 0xfc, 0xf8, 0x00,
    0xf8, 0xfc, 0xf8, 0x00, 0xf8, 0xfc, 0xf8, 0x00, 0xf8, 0xfc, 0xf8, 0x00,
    0xf8, 0xfc, 0xf8, 0x00, 0xf8, 0xfc, 0xf8, 0x00, 0xf8, 0xfc, 0xf8, 0x00,
    0xf8, 0xfc, 0xf8, 0x00, 0xf8, 0xfc, 0xf8, 0x00, 0xf8, 0xfc, 0xf8, 0x00,
    0xf8, 0xfc, 0xf8, 0x00, 0xf8, 0xfc, 0xf8, 0x00, 0xf8, 0xfc, 0xf8, 0x00,
    0xf8, 0xfc, 0xf8, 0x00, 0xf8, 0xfc, 0xf8, 0x00, 0xf8, 0xfc, 0xf8, 0x00,
    0xf8, 0xfc, 0xf8, 0x00, 0xf8, 0xfc, 0xf8, 0x00, 0xf8, 0xfc, 0xf8, 0x00,
    0xf8, 0xfc, 0xf8, 0x00, 0xf8, 0xfc, 0xf8, 0x00, 0xf8, 0xfc, 0xf8, 0x00,
    0xf8, 0xfc, 0xf8, 0x00, 0xf8, 0xfc, 0xf8, 0x00, 0xf8, 0xfc, 0xf8, 0x00,
    0xf8, 0xfc, 0xf8, 0x00, 0xf8, 0xfc, 0xf8, 0x00, 0xf8, 0xfc, 0xf8, 0x00,
    0xf8, 0xfc, 0xf8, 0x00, 0xf8, 0xfc, 0xf8, 0x00, 0xf8, 0xfc, 0xf8, 0x00,
    0xf8, 0xfc, 0xf8, 0x00, 0xf8, 0xfc, 0xf8, 0x00, 0xf8, 0xfc, 0xf8, 0x00,
    0xf8, 0xfc, 0xf8, 0x00, 0xf8, 0xfc, 0xf8, 0x00, 0xf8, 0xfc, 0xf8, 0x00,
    0xf8, 0xfc, 0xf8, 0x00, 0xf8, 0xfc, 0xf8, 0x00, 0xf8, 0xfc, 0xf8, 0x00,
    0xf8, 0xfc, 0xf8, 0x00, 0xf8, 0xfc, 0xf8, 0x00, 0xf8, 0xfc, 0xf8, 0x00,
    0xf8, 0xfc, 0xf8, 0x00, 0xf8, 0xfc, 0xf8, 0x00, 0xf8, 0xfc, 0xf8, 0x00,
    0xf8, 0xfc, 0xf8, 0x00, 0xf8, 0xfc, 0xf8, 0x00, 0xf8, 0xfc, 0xf8, 0x00,
    0xf8, 0xfc, 0xf8, 0x00, 0xf8, 0xfc, 0xf8, 0x00, 0xf8, 0xfc, 0xf8, 0x00,
    0xf8, 0xfc, 0xf8, 0x00, 0xf8, 0xfc, 0xf8, 0x00, 0xf8, 0xfc, 0xf8, 0x00,
    0xf8, 0xfc, 0xf8, 0x00, 0xf8, 0xfc, 0xf8, 0x00, 0xf8, 0xfc, 0xf8, 0x00,
    0xf8, 0xfc, 0xf8, 0x00, 0xf8, 0xfc, 0xf8, 0x00, 0xf8, 0xfc, 0xf8, 0x00,
    0xf8, 0xfc, 0xf8, 0x00, 0xf8, 0xfc, 0xf8, 0x00, 0xf8, 0xfc, 0xf8, 0x00,
    0xf8, 0xfc, 0xf8, 0x00, 0xf8, 0xfc, 0xf8, 0x00, 0xf8, 0xfc, 0xf8, 0x00,
    0xf8, 0xfc, 0xf8, 0x00, 0xf8, 0xfc, 0xf8, 0x00, 0xf8, 0xfc, 0xf8, 0x00,
    0x60, 0x74, 0xc8, 0x82, 0x58, 0x70, 0xc8, 0xff, 0x50, 0x6c, 0xc8, 0xff,
    0x50, 0x68, 0xc8, 0xff, 0x48, 0x64, 0xc8, 0xff, 0x40, 0x5c, 0xc8, 0x82,
    0xd0, 0x90, 0x68, 0x41, 0xd0, 0x94, 0x68, 0xff, 0xd0, 0x94, 0x68, 0xff,
    0xd0, 0x98, 0x68, 0xff, 0xd8, 0x98, 0x70, 0xff, 0xd8, 0x9c, 0x70, 0xcf,
    0xf8, 0xfc, 0xf8, 0x00, 0xf8, 0xfc, 0xf8, 0x00, 0xf8, 0xfc, 0xf8, 0x00,
    0xf8, 0xfc, 0xf8, 0x00, 0xf8, 0xfc, 0xf8, 0x00, 0xf8, 0xfc, 0xf8, 0x00,
    0xf8, 0xfc, 0xf8, 0x00, 0xf8, 0xfc, 0xf8, 0x00, 0xf8, 0xfc, 0xf8, 0x00,
    0xf8, 0xfc, 0xf8, 0x00, 0xf8, 0xfc, 0xf8, 0x00, 0xf8, 0xfc, 0xf8, 0x00,
    0xf8, 0xfc, 0xf8, 0x00, 0xf8, 0xfc, 0xf8, 0x00, 0xf8, 0xfc, 0xf8, 0x00,
    0xf8, 0xfc, 0xf8, 0x00, 0xf8, 0xfc, 0xf8, 0x00, 0xf8, 0xfc, 0xf8, 0x00,
    0xf8, 0xfc, 0xf8, 0x00, 0xf8, 0xfc, 0xf8, 0x00, 0xf8, 0xfc, 0xf8, 0x00,
    0xf8, 0xfc, 0xf8, 0x00, 0xf8, 0xfc, 0xf8, 0x00, 0xf8, 0xfc, 0xf8, 0x00,
    0xf8, 0xfc, 0xf8, 0x00, 0xf8, 0xfc, 0xf8, 0x00, 0xf8, 0xfc, 0xf8, 0x00,
    0xf8, 0xfc, 0xf8, 0x00, 0xf8, 0xfc, 0xf8, 0x00, 0xf8, 0xfc, 0xf8, 0x00,
    0xf8, 0xfc, 0xf8, 0x00, 0xf8, 0xfc, 0xf8, 0x00, 0xf8, 0xfc, 0xf8, 0x00,
    0xf8, 0xfc, 0xf8, 0x00, 0xf8, 0xfc, 0xf8, 0x00, 0xf8, 0xfc, 0xf8, 0x00,
    0xf8, 0xfc, 0xf8, 0x00, 0xf8, 0xfc, 0xf8, 0x00, 0xf8, 0xfc, 0xf8, 0x00,
    0xf8, 0xfc, 0xf8, 0x00, 0xf8, 0xfc, 0xf8, 0x00, 0xf8, 0xfc, 0xf8, 0x00,
    0xf8, 0xfc, 0xf8, 0x00, 0xf8, 0xfc, 0xf8, 0x00, 0xf8, 0xfc, 0xf8, 0x00,
    0xf8, 0xfc, 0xf8, 0x00, 0xf8, 0xfc, 0xf8, 0x00, 0xf8, 0xfc, 0xf8, 0x00,
    0xf8, 0xfc, 0xf8, 0x00, 0xf8, 0xfc, 0xf8, 0x00, 0xf8, 0xfc, 0xf8, 0x00,
    0xf8, 0xfc, 0xf8, 0x00, 0xf8, 0xfc, 0xf8, 0x00, 0xf8, 0xfc, 0xf8, 0x00,
    0xf8, 0xfc, 0xf8, 0x00, 0xf8, 0xfc, 0xf8, 0x00, 0xf8, 0xfc, 0xf8, 0x00,
    0xf8, 0xfc, 0xf8, 0x00, 0xf8, 0xfc, 0xf8, 0x00, 0xf8, 0xfc, 0xf8, 0x00,
    0xf8, 0xfc, 0xf8, 0x00, 0xf8, 0xfc, 0xf8, 0x00, 0xf8, 0xfc, 0xf8, 0x00,
    0xf8, 0xfc, 0xf8, 0x00, 0xf8, 0xfc, 0xf8, 0x00, 0xf8, 0xfc, 0xf8, 0x00,
    0xf8, 0xfc, 0xf8, 0x00, 0xf8, 0xfc, 0xf8, 0x00, 0xf8, 0xfc, 0xf8, 0x00,
    0xf8, 0xfc, 0xf8, 0x00, 0xf8, 0xfc, 0xf8, 0x00, 0xf8, 0xfc, 0xf8, 0x00,
    0xf8, 0xfc, 0xf8, 0x00, 0xf8, 0xfc, 0xf8, 0x00, 0xf8, 0xfc, 0xf8, 0x00,
    0xf8, 0xfc, 0xf8, 0x00, 0xf8, 0xfc, 0xf8, 0x00, 0xf8, 0xfc, 0xf8, 0x00,
    0xf8, 0xfc, 0xf8, 0x00, 0xf8, 0xfc, 0xf8, 0x00, 0xf8, 0xfc, 0xf8, 0x00,
    0xf8, 0xfc, 0xf8, 0x00, 0xf8, 0xfc, 0xf8, 0x00, 0xf8, 0xfc, 0xf8, 0x00,
    0xf8, 0xfc, 0xf8, 0x00, 0xf8, 0xfc, 0xf8, 0x00, 0xf8, 0xfc, 0xf8, 0x00,
    0xf8, 0xfc, 0xf8, 0x00, 0xf8, 0xfc, 0xf8, 0x00, 0xf8, 0xfc, 0xf8, 0x00,
    0xf8, 0xfc, 0xf8, 0x00, 0xf8, 0xfc, 0xf8, 0x00, 0xf8, 0xfc, 0xf8, 0x00,
    0xf8, 0xfc, 0xf8, 0x00, 0xf8, 0xfc, 0xf8, 0x00, 0xf8, 0xfc, 0xf8, 0x00,
    0xf8, 0xfc, 0xf8, 0x00, 0xf8, 0xfc, 0xf8, 0x00, 0xf8, 0xfc, 0xf8, 0x00,
    0xf8, 0xfc, 0xf8, 0x00, 0xf8, 0xfc, 0xf8, 0x00, 0xf8, 0xfc, 0xf8, 0x00,
    0xf8, 0xfc, 0xf8, 0x00, 0xf8, 0xfc, 0xf8, 0x00, 0xf8, 0xfc, 0xf8, 0x00,
    0xf8, 0xfc, 0xf8, 0x00, 0xf8, 0xfc, 0xf8, 0x00, 0xf8, 0xfc, 0xf8, 0x00,
    0xf8, 0xfc, 0xf8, 0x00, 0xf8, 0xfc, 0xf8, 0x00, 0xf8, 0xfc, 0xf8, 0x00,
    0xf8, 0xfc, 0xf8, 0x00, 0xf8, 0xfc, 0xf8, 0x00, 0xf8, 0xfc, 0xf8, 0x00,
    0x58, 0x70, 0xc8, 0x82, 0x58, 0x6c, 0xc8, 0xff, 0x50, 0x68, 0xc8, 0xff,
    0x48, 0x64, 0xc8, 0xff, 0x40, 0x60, 0xc8, 0xff, 0x40, 0x5c, 0xc8, 0x7d,
    0xd0, 0x90, 0x68, 0x41, 0xd0, 0x94, 0x68, 0xff, 0xd0, 0x98, 0x68, 0xff,
    0xd8, 0x98, 0x68, 0xff, 0xd8, 0x9c, 0x70, 0xff, 0xd8, 0x9c, 0x70, 0xbe,
    0xf8, 0xfc, 0xf8, 0x00, 0xf8, 0xfc, 0xf8, 0x00, 0xf8, 0xfc, 0xf8, 0x00,
    0xf8, 0xfc, 0xf8, 0x00, 0xf8, 0xfc, 0xf8, 0x00, 0xf8, 0xfc, 0xf8, 0x00,
    0xf8, 0xfc, 0xf8, 0x00, 0xf8, 0xfc, 0xf8, 0x00, 0xf8, 0xfc, 0xf8, 0x00,
    0xf8, 0xfc, 0xf8, 0x00, 0xf8, 0xfc, 0xf8, 0x00, 0xf8, 0xfc, 0xf8, 0x00,
    0xf8, 0xfc, 0xf8, 0x00, 0xf8, 0xfc, 0xf8, 0x00, 0xf8, 0xfc, 0xf8, 0x00,
    0xf8, 0xfc, 0xf8, 0x00, 0xf8, 0xfc, 0xf8, 0x00, 0xf8, 0xfc, 0xf8, 0x00,
    0xf8, 0xfc, 0xf8, 0x00, 0xf8, 0xfc, 0xf8, 0x00, 0xf8, 0xfc, 0xf8, 0x00,
    0xf8, 0xfc, 0xf8, 0x00, 0xf8, 0xfc, 0xf8, 0x00, 0xf8, 0xfc, 0xf8, 0x00,
    0xf8, 0xfc, 0xf8, 0x00, 0xf8, 0xfc, 0xf8, 0x00, 0xf8, 0xfc, 0xf8, 0x00,
    0xf8, 0xfc, 0xf8, 0x00, 0xf8, 0xfc, 0xf8, 0x00, 0xf8, 0xfc, 0xf8, 0x00,
    0xf8, 0xfc, 0xf8, 0x00, 0xf8, 0xfc, 0xf8, 0x00, 0xf8, 0xfc, 0xf8, 0x00,
    0xf8, 0xfc, 0xf8, 0x00, 0xf8, 0xfc, 0xf8, 0x00, 0xf8, 0xfc, 0xf8, 0x00,
    0xf8, 0xfc, 0xf8, 0x00, 0xf8, 0xfc, 0xf8, 0x00, 0xf8, 0xfc, 0xf8, 0x00,
    0xf8, 0xfc, 0xf8, 0x00, 0xf8, 0xfc, 0xf8, 0x00, 0xf8, 0xfc, 0xf8, 0x00,
    0xf8, 0xfc, 0xf8, 0x00, 0xf8, 0xfc, 0xf8, 0x00, 0xf8, 0xfc, 0xf8, 0x00,
    0xf8, 0xfc, 0xf8, 0x00, 0xf8, 0xfc, 0xf8, 0x00, 0xf8, 0xfc, 0xf8, 0x00,
    0xf8, 0xfc, 0xf8, 0x00, 0xf8, 0xfc, 0xf8, 0x00, 0xf8, 0xfc, 0xf8, 0x00,
    0xf8, 0xfc, 0xf8, 0x00, 0xf8, 0xfc, 0xf8, 0x00, 0xf8, 0xfc, 0xf8, 0x00,
    0xf8, 0xfc, 0xf8, 0x00, 0xf8, 0xfc, 0xf8, 0x00, 0xf8, 0xfc, 0xf8, 0x00,
    0xf8, 0xfc, 0xf8, 0x00, 0xf8, 0xfc, 0xf8, 0x00, 0xf8, 0xfc, 0xf8, 0x00,
    0xf8, 0xfc, 0xf8, 0x00, 0xf8, 0xfc, 0xf8, 0x00, 0xf8, 0xfc, 0xf8, 0x00,
    0xf8, 0xfc, 0xf8, 0x00, 0xf8, 0xfc, 0xf8, 0x00, 0xf8, 0xfc, 0xf8, 0x00,
    0xf8, 0xfc, 0xf8, 0x00, 0xf8, 0xfc, 0xf8, 0x00, 0xf8, 0xfc, 0xf8, 0x00,
    0xf8, 0xfc, 0xf8, 0x00, 0xf8, 0xfc, 0xf8, 0x00, 0xf8, 0xfc, 0xf8, 0x00,
    0xf8, 0xfc, 0xf8, 0x00, 0xf8, 0xfc, 0xf8, 0x00, 0xf8, 0xfc, 0xf8, 0x00,
    0xf8, 0xfc, 0xf8, 0x00, 0xf8, 0xfc, 0xf8, 0x00, 0xf8, 0xfc, 0xf8, 0x00,
    0xf8, 0xfc, 0xf8, 0x00, 0xf8, 0xfc, 0xf8, 0x00, 0xf8, 0xfc, 0xf8, 0x00,
    0xf8, 0xfc, 0xf8, 0x00, 0xf8, 0xfc, 0xf8, 0x00, 0xf8, 0xfc, 0xf8, 0x00,
    0xf8, 0xfc, 0xf8, 0x00, 0xf8, 0xfc, 0xf8, 0x00, 0xf8, 0xfc, 0xf8, 0x00,
    0xf8, 0xfc, 0xf8, 0x00, 0xf8, 0xfc, 0xf8, 0x00, 0xf8, 0xfc, 0xf8, 0x00,
    0xf8, 0xfc, 0xf8, 0x00, 0xf8, 0xfc, 0xf8, 0x00, 0xf8, 0xfc, 0xf8, 0x00,
    0xf8, 0xfc, 0xf8, 0x00, 0xf8, 0xfc, 0xf8, 0x00, 0xf8, 0xfc, 0xf8, 0x00,
    0xf8, 0xfc, 0xf8, 0x00, 0xf8, 0xfc, 0xf8, 0x00, 0xf8, 0xfc, 0xf8, 0x00,
    0xf8, 0xfc, 0xf8, 0x00, 0xf8, 0xfc, 0xf8, 0x00, 0xf8, 0xfc, 0xf8, 0x00,
    0xf8, 0xfc, 0xf8, 0x00, 0xf8, 0xfc, 0xf8, 0x00, 0xf8, 0xfc, 0xf8, 0x00,
    0xf8, 0xfc, 0xf8, 0x00, 0xf8, 0xfc, 0xf8, 0x00, 0xf8, 0xfc, 0xf8, 0x00,
    0xf8, 0xfc, 0xf8, 0x00, 0xf8, 0xfc, 0xf8, 0x00, 0xf8, 0xfc, 0xf8, 0x00,
    0xf8, 0xfc, 0xf8, 0x00, 0xf8, 0xfc, 0xf8, 0x00, 0xf8, 0xfc, 0xf8, 0x00,
    0x58, 0x70, 0xc8, 0x82, 0x50, 0x68, 0xc8, 0xff, 0x48, 0x68, 0xc8, 0xff,
    0x48, 0x60, 0xc8, 0xff, 0x40, 0x5c, 0xc8, 0xff, 0x38, 0x58, 0xc8, 0x82,
    0xd0, 0x94, 0x68, 0x41, 0xd0, 0x94, 0x68, 0xff, 0xd0, 0x98, 0x68, 0xff,
    0xd8, 0x98, 0x70, 0xff, 0xd8, 0x9c, 0x70, 0xff, 0xd8, 0x9c, 0x70, 0xc3,
    0xf8, 0xfc, 0xf8, 0x00, 0xf8, 0xfc, 0xf8, 0x00, 0xf8, 0xfc, 0xf8, 0x00,
    0xf8, 0xfc, 0xf8, 0x00, 0xf8, 0xfc, 0xf8, 0x00, 0xf8, 0xfc, 0xf8, 0x00,
    0xf8, 0xfc, 0xf8, 0x00, 0xf8, 0xfc, 0xf8, 0x00, 0xf8, 0xfc, 0xf8, 0x00,
    0xf8, 0xfc, 0xf8, 0x00, 0xf8, 0xfc, 0xf8, 0x00, 0xf8, 0xfc, 0xf8, 0x00,
    0xf8, 0xfc, 0xf8, 0x00, 0xf8, 0xfc, 0xf8, 0x00, 0xf8, 0xfc, 0xf8, 0x00,
    0xf8, 0xfc, 0xf8, 0x00, 0xf8, 0xfc, 0xf8, 0x00, 0xf8, 0xfc, 0xf8, 0x00,
    0xf8, 0xfc, 0xf8, 0x00, 0xf8, 0xfc, 0xf8, 0x00, 0xf8, 0xfc, 0xf8, 0x00,
    0xf8, 0xfc, 0xf8, 0x00, 0xf8, 0xfc, 0xf8, 0x00, 0xf8, 0xfc, 0xf8, 0x00,
    0xf8, 0xfc, 0xf8, 0x00, 0xf8, 0xfc, 0xf8, 0x00, 0xf8, 0xfc, 0xf8, 0x00,
    0xf8, 0xfc, 0xf8, 0x00, 0xf8, 0xfc, 0xf8, 0x00, 0xf8, 0xfc, 0xf8, 0x00,
    0xf8, 0xfc, 0xf8, 0x00, 0xf8, 0xfc, 0xf8, 0x00, 0xf8, 0xfc, 0xf8, 0x00,
    0xf8, 0xfc, 0xf8, 0x00, 0xf8, 0xfc, 0xf8, 0x00, 0xf8, 0xfc, 0xf8, 0x00,
    0xf8, 0xfc, 0xf8, 0x00, 0xf8, 0xfc, 0xf8, 0x00, 0xf8, 0xfc, 0xf8, 0x00,
    0xf8, 0xfc, 0xf8, 0x00, 0xf8, 0xfc, 0xf8, 0x00, 0xf8, 0xfc, 0xf8, 0x00,
    0xf8, 0xfc, 0xf8, 0x00, 0xf8, 0xfc, 0xf8, 0x00, 0xf8, 0xfc, 0xf8, 0x00,
    0xf8, 0xfc, 0xf8, 0x00, 0xf8, 0xfc, 0xf8, 0x00, 0xf8, 0xfc, 0xf8, 0x00,
    0xf8, 0xfc, 0xf8, 0x00, 0xf8, 0xfc, 0xf8, 0x00, 0xf8, 0xfc, 0xf8, 0x00,
    0xf8, 0xfc, 0xf8, 0x00, 0xf8, 0xfc, 0xf8, 0x00, 0xf8, 0xfc, 0xf8, 0x00,
    0xf8, 0xfc, 0xf8, 0x00, 0xf8, 0xfc, 0xf8, 0x00, 0xf8, 0xfc, 0xf8, 0x00,
    0xf8, 0xfc, 0xf8, 0x00, 0xf8, 0xfc, 0xf8, 0x00, 0xf8, 0xfc, 0xf8, 0x00,
    0xf8, 0xfc, 0xf8, 0x00, 0xf8, 0xfc, 0xf8, 0x00, 0xf8, 0xfc, 0xf8, 0x00,
    0xf8, 0xfc, 0xf8, 0x00, 0xf8, 0xfc, 0xf8, 0x00, 0xf8, 0xfc, 0xf8, 0x00,
    0xf8, 0xfc, 0xf8, 0x00, 0xf8, 0xfc, 0xf8, 0x00, 0xf8, 0xfc, 0xf8, 0x00,
    0xf8, 0xfc, 0xf8, 0x00, 0xf8, 0xfc, 0xf8, 0x00, 0xf8, 0xfc, 0xf8, 0x00,
    0xf8, 0xfc, 0xf8, 0x00, 0xf8, 0xfc, 0xf8, 0x00, 0xf8, 0xfc, 0xf8, 0x00,
    0xf8, 0xfc, 0xf8, 0x00, 0xf8, 0xfc, 0xf8, 0x00, 0xf8, 0xfc, 0xf8, 0x00,
    0xf8, 0xfc, 0xf8, 0x00, 0xf8, 0xfc, 0xf8, 0x00, 0xf8, 0xfc, 0xf8, 0x00,
    0xf8, 0xfc, 0xf8, 0x00, 0xf8, 0xfc, 0xf8, 0x00, 0xf8, 0xfc, 0xf8, 0x00,
    0xf8, 0xfc, 0xf8, 0x00, 0xf8, 0xfc, 0xf8, 0x00, 0xf8, 0xfc, 0xf8, 0x00,
    0xf8, 0xfc, 0xf8, 0x00, 0xf8, 0xfc, 0xf8, 0x00, 0xf8, 0xfc, 0xf8, 0x00,
    0xf8, 0xfc, 0xf8, 0x00, 0xf8, 0xfc, 0xf8, 0x00, 0xf8, 0xfc, 0xf8, 0x00,
    0xf8, 0xfc, 0xf8, 0x00, 0xf8, 0xfc, 0xf8, 0x00, 0xf8, 0xfc, 0xf8, 0x00,
    0xf8, 0xfc, 0xf8, 0x00, 0xf8, 0xfc, 0xf8, 0x00, 0xf8, 0xfc, 0xf8, 0x00,
    0xf8, 0xfc, 0xf8, 0x00, 0xf8, 0xfc, 0xf8, 0x00, 0xf8, 0xfc, 0xf8, 0x00,
    0xf8, 0xfc, 0xf8, 0x00, 0xf8, 0xfc, 0xf8, 0x00, 0xf8, 0xfc, 0xf8, 0x00,
    0xf8, 0xfc, 0xf8, 0x00, 0xf8, 0xfc, 0xf8, 0x00, 0xf8, 0xfc, 0xf8, 0x00,
    0xf8, 0xfc, 0xf8, 0x00, 0xf8, 0xfc, 0xf8, 0x00, 0xf8, 0xfc, 0xf8, 0x00,
    0xf8, 0xfc, 0xf8, 0x00, 0xf8, 0xfc, 0xf8, 0x00, 0xf8, 0xfc, 0xf8, 0x00,
    0x50, 0x6c, 0xc8, 0x7d, 0x50, 0x68, 0xc8, 0xff, 0x48, 0x64, 0xc8, 0xff,
    0x40, 0x60, 0xc8, 0xff, 0x40, 0x5c, 0xc8, 0xff, 0x38, 0x54, 0xc8, 0x82,
    0xd0, 0x94, 0x68, 0x41, 0xd0, 0x98, 0x68, 0xff, 0xd8, 0x98, 0x70, 0xff,
    0xd0, 0x98, 0x70, 0xff, 0xd8, 0x9c, 0x70, 0xff, 0xd8, 0x9c, 0x70, 0xbe,
    0xf8, 0xfc, 0xf8, 0x00, 0xf8, 0xfc, 0xf8, 0x00, 0xf8, 0xfc, 0xf8, 0x00,
    0xf8, 0xfc, 0xf8, 0x00, 0xf8, 0xfc, 0xf8, 0x00, 0xf8, 0xfc, 0xf8, 0x00,
    0xf8, 0xfc, 0xf8, 0x00, 0xf8, 0xfc, 0xf8, 0x00, 0xf8, 0xfc, 0xf8, 0x00,
    0xf8, 0xfc, 0xf8, 0x00, 0xf8, 0xfc, 0xf8, 0x00, 0xf8, 0xfc, 0xf8, 0x00,
    0xf8, 0xfc, 0xf8, 0x00, 0xf8, 0xfc, 0xf8, 0x00, 0xf8, 0xfc, 0xf8, 0x00,
    0xf8, 0xfc, 0xf8, 0x00, 0xf8, 0xfc, 0xf8, 0x00, 0xf8, 0xfc, 0xf8, 0x00,
    0xf8, 0xfc, 0xf8, 0x00, 0xf8, 0xfc, 0xf8, 0x00, 0xf8, 0xfc, 0xf8, 0x00,
    0xf8, 0xfc, 0xf8, 0x00, 0xf8, 0xfc, 0xf8, 0x00, 0xf8, 0xfc, 0xf8, 0x00,
    0xf8, 0xfc, 0xf8, 0x00, 0xf8, 0xfc, 0xf8, 0x00, 0xf8, 0xfc, 0xf8, 0x00,
    0xf8, 0xfc, 0xf8, 0x00, 0xf8, 0xfc, 0xf8, 0x00, 0xf8, 0xfc, 0xf8, 0x00,
    0xf8, 0xfc, 0xf8, 0x00, 0xf8, 0xfc, 0xf8, 0x00, 0xf8, 0xfc, 0xf8, 0x00,
    0xf8, 0xfc, 0xf8, 0x00, 0xf8, 0xfc, 0xf8, 0x00, 0xf8, 0xfc, 0xf8, 0x00,
    0xf8, 0xfc, 0xf8, 0x00, 0xf8, 0xfc, 0xf8, 0x00, 0xf8, 0xfc, 0xf8, 0x00,
    0xf8, 0xfc, 0xf8, 0x00, 0xf8, 0xfc, 0xf8, 0x00, 0xf8, 0xfc, 0xf8, 0x00,
    0xf8, 0xfc, 0xf8, 0x00, 0xf8, 0xfc, 0xf8, 0x00, 0xf8, 0xfc, 0xf8, 0x00,
    0xf8, 0xfc, 0xf8, 0x00, 0xf8, 0xfc, 0xf8, 0x00, 0xf8, 0xfc, 0xf8, 0x00,
    0xf8, 0xfc, 0xf8, 0x00, 0xf8, 0xfc, 0xf8, 0x00, 0xf8, 0xfc, 0xf8, 0x00,
    0xf8, 0xfc, 0xf8, 0x00, 0xf8, 0xfc, 0xf8, 0x00, 0xf8, 0xfc, 0xf8, 0x00,
    0xf8, 0xfc, 0xf8, 0x00, 0xf8, 0xfc, 0xf8, 0x00, 0xf8, 0xfc, 0xf8, 0x00,
    0xf8, 0xfc, 0xf8, 0x00, 0xf8, 0xfc, 0xf8, 0x00, 0xf8, 0xfc, 0xf8, 0x00,
    0xf8, 0xfc, 0xf8, 0x00, 0xf8, 0xfc, 0xf8, 0x00, 0xf8, 0xfc, 0xf8, 0x00,
    0xf8, 0xfc, 0xf8, 0x00, 0xf8, 0xfc, 0xf8, 0x00, 0xf8, 0xfc, 0xf8, 0x00,
    0xf8, 0xfc, 0xf8, 0x00, 0xf8, 0xfc, 0xf8, 0x00, 0xf8, 0xfc, 0xf8, 0x00,
    0xf8, 0xfc, 0xf8, 0x00, 0xf8, 0xfc, 0xf8, 0x00, 0xf8, 0xfc, 0xf8, 0x00,
    0xf8, 0xfc, 0xf8, 0x00, 0xf8, 0xfc, 0xf8, 0x00, 0xf8, 0xfc, 0xf8, 0x00,
    0xf8, 0xfc, 0xf8, 0x00, 0xf8, 0xfc, 0xf8, 0x00, 0xf8, 0xfc, 0xf8, 0x00,
    0xf8, 0xfc, 0xf8, 0x00, 0xf8, 0xfc, 0xf8, 0x00, 0xf8, 0xfc, 0xf8, 0x00,
    0xf8, 0xfc, 0xf8, 0x00, 0xf8, 0xfc, 0xf8, 0x00, 0xf8, 0xfc, 0xf8, 0x00,
    0xf8, 0xfc, 0xf8, 0x00, 0xf8, 0xfc, 0xf8, 0x00, 0xf8, 0xfc, 0xf8, 0x00,
    0xf8, 0xfc, 0xf8, 0x00, 0xf8, 0xfc, 0xf8, 0x00, 0xf8, 0xfc, 0xf8, 0x00,
    0xf8, 0xfc, 0xf8, 0x00, 0xf8, 0xfc, 0xf8, 0x00, 0xf8, 0xfc, 0xf8, 0x00,
    0xf8, 0xfc, 0xf8, 0x00, 0xf8, 0xfc, 0xf8, 0x00, 0xf8, 0xfc, 0xf8, 0x00,
    0xf8, 0xfc, 0xf8, 0x00, 0xf8, 0xfc, 0xf8, 0x00, 0xf8, 0xfc, 0xf8, 0x00,
    0xf8, 0xfc, 0xf8, 0x00, 0xf8, 0xfc, 0xf8, 0x00, 0xf8, 0xfc, 0xf8, 0x00,
    0xf8, 0xfc, 0xf8, 0x00, 0xf8, 0xfc, 0xf8, 0x00, 0xf8, 0xfc, 0xf8, 0x00,
    0xf8, 0xfc, 0xf8, 0x00, 0xf8, 0xfc, 0xf8, 0x00, 0xf8, 0xfc, 0xf8, 0x00,
    0xf8, 0xfc, 0xf8, 0x00, 0xf8, 0xfc, 0xf8, 0x00, 0xf8, 0xfc, 0xf8, 0x00,
    0xf8, 0xfc, 0xf8, 0x00, 0xf8, 0xfc, 0xf8, 0x00, 0xf8, 0xfc, 0xf8, 0x00,
    0x50, 0x68, 0xc8, 0x82, 0x48, 0x64, 0xc8, 0xff, 0x48, 0x60, 0xc8, 0xff,
    0x40, 0x5c, 0xc8, 0xff, 0x38, 0x58, 0xc8, 0xff, 0x30, 0x54, 0xc8, 0x7d,
    0xd0, 0x94, 0x68, 0x30, 0xd8, 0x98, 0x70, 0xff, 0xd8, 0x98, 0x70, 0xff,
    0xd8, 0x9c, 0x70, 0xff, 0xd8, 0x9c, 0x70, 0xff, 0xd8, 0x9c, 0x70, 0xdf,
    0xf8, 0xfc, 0xf8, 0x00, 0xf8, 0xfc, 0xf8, 0x00, 0xf8, 0xfc, 0xf8, 0x00,
    0xf8, 0xfc, 0xf8, 0x00, 0xf8, 0xfc, 0xf8, 0x00, 0xf8, 0xfc, 0xf8, 0x00,
    0xf8, 0xfc, 0xf8, 0x00, 0xf8, 0xfc, 0xf8, 0x00, 0xf8, 0xfc, 0xf8, 0x00,
    0xf8, 0xfc, 0xf8, 0x00, 0xf8, 0xfc, 0xf8, 0x00, 0xf8, 0xfc, 0xf8, 0x00,
    0xf8, 0xfc, 0xf8, 0x00, 0xf8, 0xfc, 0xf8, 0x00, 0xf8, 0xfc, 0xf8, 0x00,
    0xf8, 0xfc, 0xf8, 0x00, 0xf8, 0xfc, 0xf8, 0x00, 0xf8, 0xfc, 0xf8, 0x00,
    0xf8, 0xfc, 0xf8, 0x00, 0xf8, 0xfc, 0xf8, 0x00, 0xf8, 0xfc, 0xf8, 0x00,
    0xf8, 0xfc, 0xf8, 0x00, 0xf8, 0xfc, 0xf8, 0x00, 0xf8, 0xfc, 0xf8, 0x00,
    0xf8, 0xfc, 0xf8, 0x00, 0xf8, 0xfc, 0xf8, 0x00, 0xf8, 0xfc, 0xf8, 0x00,
    0xf8, 0xfc, 0xf8, 0x00, 0xf8, 0xfc, 0xf8, 0x00, 0xf8, 0xfc, 0xf8, 0x00,
    0xf8, 0xfc, 0xf8, 0x00, 0xf8, 0xfc, 0xf8, 0x00, 0xf8, 0xfc, 0xf8, 0x00,
    0xf8, 0xfc, 0xf8, 0x00, 0xf8, 0xfc, 0xf8, 0x00, 0xf8, 0xfc, 0xf8, 0x00,
    0xf8, 0xfc, 0xf8, 0x00, 0xf8, 0xfc, 0xf8, 0x00, 0xf8, 0xfc, 0xf8, 0x00,
    0xf8, 0xfc, 0xf8, 0x00, 0xf8, 0xfc, 0xf8, 0x00, 0xf8, 0xfc, 0xf8, 0x00,
    0xf8, 0xfc, 0xf8, 0x00, 0xf8, 0xfc, 0xf8, 0x00, 0xf8, 0xfc, 0xf8, 0x00,
    0xf8, 0xfc, 0xf8, 0x00, 0xf8, 0xfc, 0xf8, 0x00, 0xf8, 0xfc, 0xf8, 0x00,
    0xf8, 0xfc, 0xf8, 0x00, 0xf8, 0xfc, 0xf8, 0x00, 0xf8, 0xfc, 0xf8, 0x00,
    0xf8, 0xfc, 0xf8, 0x00, 0xf8, 0xfc, 0xf8, 0x00, 0xf8, 0xfc, 0xf8, 0x00,
    0xf8, 0xfc, 0xf8, 0x00, 0xf8, 0xfc, 0xf8, 0x00, 0xf8, 0xfc, 0xf8, 0x00,
    0xf8, 0xfc, 0xf8, 0x00, 0xf8, 0xfc, 0xf8, 0x00, 0xf8, 0xfc, 0xf8, 0x00,
    0xf8, 0xfc, 0xf8, 0x00, 0xf8, 0xfc, 0xf8, 0x00, 0xf8, 0xfc, 0xf8, 0x00,
    0xf8, 0xfc, 0xf8, 0x00, 0xf8, 0xfc, 0xf8, 0x00, 0xf8, 0xfc, 0xf8, 0x00,
    0xf8, 0xfc, 0xf8, 0x00, 0xf8, 0xfc, 0xf8, 0x00, 0xf8, 0xfc, 0xf8, 0x00,
    0xf8, 0xfc, 0xf8, 0x00, 0xf8, 0xfc, 0xf8, 0x00, 0xf8, 0xfc, 0xf8, 0x00,
    0xf8, 0xfc, 0xf8, 0x00, 0xf8, 0xfc, 0xf8, 0x00, 0xf8, 0xfc, 0xf8, 0x00,
    0xf8, 0xfc, 0xf8, 0x00, 0xf8, 0xfc, 0xf8, 0x00, 0xf8, 0xfc, 0xf8, 0x00,
    0xf8, 0xfc, 0xf8, 0x00, 0xf8, 0xfc, 0xf8, 0x00, 0xf8, 0xfc, 0xf8, 0x00,
    0xf8, 0xfc, 0xf8, 0x00, 0xf8, 0xfc, 0xf8, 0x00, 0xf8, 0xfc, 0xf8, 0x00,
    0xf8, 0xfc, 0xf8, 0x00, 0xf8, 0xfc, 0xf8, 0x00, 0xf8, 0xfc, 0xf8, 0x00,
    0xf8, 0xfc, 0xf8, 0x00, 0xf8, 0xfc, 0xf8, 0x00, 0xf8, 0xfc, 0xf8, 0x00,
    0xf8, 0xfc, 0xf8, 0x00, 0xf8, 0xfc, 0xf8, 0x00, 0xf8, 0xfc, 0xf8, 0x00,
    0xf8, 0xfc, 0xf8, 0x00, 0xf8, 0xfc, 0xf8, 0x00, 0xf8, 0xfc, 0xf8, 0x00,
    0xf8, 0xfc, 0xf8, 0x00, 0xf8, 0xfc, 0xf8, 0x00, 0xf8, 0xfc, 0xf8, 0x00,
    0xf8, 0xfc, 0xf8, 0x00, 0xf8, 0xfc, 0xf8, 0x00, 0xf8, 0xfc, 0xf8, 0x00,
    0xf8, 0xfc, 0xf8, 0x00, 0xf8, 0xfc, 0xf8, 0x00, 0xf8, 0xfc, 0xf8, 0x00,
    0xf8, 0xfc, 0xf8, 0x00, 0xf8, 0xfc, 0xf8, 0x00, 0xf8, 0xfc, 0xf8, 0x00,
    0xf8, 0xfc, 0xf8, 0x00, 0xf8, 0xfc, 0xf8, 0x00, 0xf8, 0xfc, 0xf8, 0x00,
    0xf8, 0xfc, 0xf8, 0x00, 0xf8, 0xfc, 0xf8, 0x00, 0xf8, 0xfc, 0xf8, 0x00,
    0x50, 0x68, 0xc8, 0x82, 0x48, 0x64, 0xc8, 0xff, 0x40, 0x60, 0xc8, 0xff,
    0x40, 0x58, 0xc8, 0xff, 0x38, 0x58, 0xd0, 0xff, 0x30, 0x54, 0xc8, 0x82,
    0xf8, 0xfc, 0xf8, 0x00, 0xd0, 0x98, 0x70, 0xff, 0xd8, 0x9c, 0x70, 0xff,
    0xd8, 0x9c, 0x70, 0xff, 0xd8, 0xa0, 0x70, 0xff, 0xd8, 0xa0, 0x70, 0xff,
    0xf8, 0xfc, 0xf8, 0x00, 0xf8, 0xfc, 0xf8, 0x00, 0xf8, 0xfc, 0xf8, 0x00,
    0xf8, 0xfc, 0xf8, 0x00, 0xf8, 0xfc, 0xf8, 0x00, 0xf8, 0xfc, 0xf8, 0x00,
    0xf8, 0xfc, 0xf8, 0x00, 0xf8, 0xfc, 0xf8, 0x00, 0xf8, 0xfc, 0xf8, 0x00,
    0xf8, 0xfc, 0xf8, 0x00, 0xf8, 0xfc, 0xf8, 0x00, 0xf8, 0xfc, 0xf8, 0x00,
    0xf8, 0xfc, 0xf8, 0x00, 0xf8, 0xfc, 0xf8, 0x00, 0xf8, 0xfc, 0xf8, 0x00,
    0xf8, 0xfc, 0xf8, 0x00, 0xf8, 0xfc, 0xf8, 0x00, 0xf8, 0xfc, 0xf8, 0x00,
    0xf8, 0xfc, 0xf8, 0x00, 0xf8, 0xfc, 0xf8, 0x00, 0xf8, 0xfc, 0xf8, 0x00,
    0xf8, 0xfc, 0xf8, 0x00, 0xf8, 0xfc, 0xf8, 0x00, 0xf8, 0xfc, 0xf8, 0x00,
    0xf8, 0xfc, 0xf8, 0x00, 0xf8, 0xfc, 0xf8, 0x00, 0xf8, 0xfc, 0xf8, 0x00,
    0xf8, 0xfc, 0xf8, 0x00, 0xf8, 0xfc, 0xf8, 0x00, 0xf8, 0xfc, 0xf8, 0x00,
    0xf8, 0xfc, 0xf8, 0x00, 0xf8, 0xfc, 0xf8, 0x00, 0xf8, 0xfc, 0xf8, 0x00,
    0xf8, 0xfc, 0xf8, 0x00, 0xf8, 0xfc, 0xf8, 0x00, 0xf8, 0xfc, 0xf8, 0x00,
    0xf8, 0xfc, 0xf8, 0x00, 0xf8, 0xfc, 0xf8, 0x00, 0xf8, 0xfc, 0xf8, 0x00,
    0xf8, 0xfc, 0xf8, 0x00, 0xf8, 0xfc, 0xf8, 0x00, 0xf8, 0xfc, 0xf8, 0x00,
    0xf8, 0xfc, 0xf8, 0x00, 0xf8, 0xfc, 0xf8, 0x00, 0xf8, 0xfc, 0xf8, 0x00,
    0xf8, 0xfc, 0xf8, 0x00, 0xf8, 0xfc, 0xf8, 0x00, 0xf8, 0xfc, 0xf8, 0x00,
    0xf8, 0xfc, 0xf8, 0x00, 0xf8, 0xfc, 0xf8, 0x00, 0xf8, 0xfc, 0xf8, 0x00,
    0xf8, 0xfc, 0xf8, 0x00, 0xf8, 0xfc, 0xf8, 0x00, 0xf8, 0xfc, 0xf8, 0x00,
    0xf8, 0xfc, 0xf8, 0x00, 0xf8, 0xfc, 0xf8, 0x00, 0xf8, 0xfc, 0xf8, 0x00,
    0xf8, 0xfc, 0xf8, 0x00, 0xf8, 0xfc, 0xf8, 0x00, 0xf8, 0xfc, 0xf8, 0x00,
    0xf8, 0xfc, 0xf8, 0x00, 0xf8, 0xfc, 0xf8, 0x00, 0xf8, 0xfc, 0xf8, 0x00,
    0xf8, 0xfc, 0xf8, 0x00, 0xf8, 0xfc, 0xf8, 0x00, 0xf8, 0xfc, 0xf8, 0x00,
    0xf8, 0xfc, 0xf8, 0x00, 0xf8, 0xfc, 0xf8, 0x00, 0xf8, 0xfc, 0xf8, 0x00,
    0xf8, 0xfc, 0xf8, 0x00, 0xf8, 0xfc, 0xf8, 0x00, 0xf8, 0xfc, 0xf8, 0x00,
    0xf8, 0xfc, 0xf8, 0x00, 0xf8, 0xfc, 0xf8, 0x00, 0xf8, 0xfc, 0xf8, 0x00,
    0xf8, 0xfc, 0xf8, 0x00, 0xf8, 0xfc, 0xf8, 0x00, 0xf8, 0xfc, 0xf8, 0x00,
    0xf8, 0xfc, 0xf8, 0x00, 0xf8, 0xfc, 0xf8, 0x00, 0xf8, 0xfc, 0xf8, 0x00,
    0xf8, 0xfc, 0xf8, 0x00, 0xf8, 0xfc, 0xf8, 0x00, 0xf8, 0xfc, 0xf8, 0x00,
    0xf8, 0xfc, 0xf8, 0x00, 0xf8, 0xfc, 0xf8, 0x00, 0xf8, 0xfc, 0xf8, 0x00,
    0xf8, 0xfc, 0xf8, 0x00, 0xf8, 0xfc, 0xf8, 0x00, 0xf8, 0xfc, 0xf8, 0x00,
    0xf8, 0xfc, 0xf8, 0x00, 0xf8, 0xfc, 0xf8, 0x00, 0xf8, 0xfc, 0xf8, 0x00,
    0xf8, 0xfc, 0xf8, 0x00, 0xf8, 0xfc, 0xf8, 0x00, 0xf8, 0xfc, 0xf8, 0x00,
    0xf8, 0xfc, 0xf8, 0x00, 0xf8, 0xfc, 0xf8, 0x00, 0xf8, 0xfc, 0xf8, 0x00,
    0xf8, 0xfc, 0xf8, 0x00, 0xf8, 0xfc, 0xf8, 0x00, 0xf8, 0xfc, 0xf8, 0x00,
    0xf8, 0xfc, 0xf8, 0x00, 0xf8, 0xfc, 0xf8, 0x00, 0xf8, 0xfc, 0xf8, 0x00,
    0xf8, 0xfc, 0xf8, 0x00, 0xf8, 0xfc, 0xf8, 0x00, 0xf8, 0xfc, 0xf8, 0x00,
    0xf8, 0xfc, 0xf8, 0x00, 0xf8, 0xfc, 0xf8, 0x00, 0xf8, 0xfc, 0xf8, 0x00,
    0xf8, 0xfc, 0xf8, 0x00, 0xf8, 0xfc, 0xf8, 0x00, 0xf8, 0xfc, 0xf8, 0x00,
    0x48, 0x64, 0xc8, 0x7d, 0x40, 0x60, 0xc8, 0xff, 0x40, 0x5c, 0xc8, 0xff,
    0x38, 0x58, 0xc8, 0xff, 0x30, 0x54, 0xc8, 0xff, 0x30, 0x50, 0xc8, 0x82,
    0xf8, 0xfc, 0xf8, 0x00, 0xd8, 0x98, 0x68, 0xff, 0xd0, 0x9c, 0x70, 0xff,
    0xd8, 0x9c, 0x70, 0xff, 0xd8, 0xa0, 0x70, 0xff, 0xd8, 0xa0, 0x70, 0xff,
    0xf8, 0xfc, 0xf8, 0x00, 0xf8, 0xfc, 0xf8, 0x00, 0xf8, 0xfc, 0xf8, 0x00,
    0xf8, 0xfc, 0xf8, 0x00, 0xf8, 0xfc, 0xf8, 0x00, 0xf8, 0xfc, 0xf8, 0x00,
    0xf8, 0xfc, 0xf8, 0x00, 0xf8, 0xfc, 0xf8, 0x00, 0xf8, 0xfc, 0xf8, 0x00,
    0xf8, 0xfc, 0xf8, 0x00, 0xf8, 0xfc, 0xf8, 0x00, 0xf8, 0xfc, 0xf8, 0x00,
    0xf8, 0xfc, 0xf8, 0x00, 0xf8, 0xfc, 0xf8, 0x00, 0xf8, 0xfc, 0xf8, 0x00,
    0xf8, 0xfc, 0xf8, 0x00, 0xf8, 0xfc, 0xf8, 0x00, 0xf8, 0xfc, 0xf8, 0x00,
    0xf8, 0xfc, 0xf8, 0x00, 0xf8, 0xfc, 0xf8, 0x00, 0xf8, 0xfc, 0xf8, 0x00,
    0xf8, 0xfc, 0xf8, 0x00, 0xf8, 0xfc, 0xf8, 0x00, 0xf8, 0xfc, 0xf8, 0x00,
    0xf8, 0xfc, 0xf8, 0x00, 0xf8, 0xfc, 0xf8, 0x00, 0xf8, 0xfc, 0xf8, 0x00,
    0xf8, 0xfc, 0xf8, 0x00, 0xf8, 0xfc, 0xf8, 0x00, 0xf8, 0xfc, 0xf8, 0x00,
    0xf8, 0xfc, 0xf8, 0x00, 0xf8, 0xfc, 0xf8, 0x00, 0xf8, 0xfc, 0xf8, 0x00,
    0xf8, 0xfc, 0xf8, 0x00, 0xf8, 0xfc, 0xf8, 0x00, 0xf8, 0xfc, 0xf8, 0x00,
    0xf8, 0xfc, 0xf8, 0x00, 0xf8, 0xfc, 0xf8, 0x00, 0xf8, 0xfc, 0xf8, 0x00,
    0xf8, 0xfc, 0xf8, 0x00, 0xf8, 0xfc, 0xf8, 0x00, 0xf8, 0xfc, 0xf8, 0x00,
    0xf8, 0xfc, 0xf8, 0x00, 0xf8, 0xfc, 0xf8, 0x00, 0xf8, 0xfc, 0xf8, 0x00,
    0xf8, 0xfc, 0xf8, 0x00, 0xf8, 0xfc, 0xf8, 0x00, 0xf8, 0xfc, 0xf8, 0x00,
    0xf8, 0xfc, 0xf8, 0x00, 0xf8, 0xfc, 0xf8, 0x00, 0xf8, 0xfc, 0xf8, 0x00,
    0xf8, 0xfc, 0xf8, 0x00, 0xf8, 0xfc, 0xf8, 0x00, 0xf8, 0xfc, 0xf8, 0x00,
    0xf8, 0xfc, 0xf8, 0x00, 0xf8, 0xfc, 0xf8, 0x00, 0xf8, 0xfc, 0xf8, 0x00,
    0xf8, 0xfc, 0xf8, 0x00, 0xf8, 0xfc, 0xf8, 0x00, 0xf8, 0xfc, 0xf8, 0x00,
    0xf8, 0xfc, 0xf8, 0x00, 0xf8, 0xfc, 0xf8, 0x00, 0xf8, 0xfc, 0xf8, 0x00,
    0xf8, 0xfc, 0xf8, 0x00, 0xf8, 0xfc, 0xf8, 0x00, 0xf8, 0xfc, 0xf8, 0x00,
    0xf8, 0xfc, 0xf8, 0x00, 0xf8, 0xfc, 0xf8, 0x00, 0xf8, 0xfc, 0xf8, 0x00,
    0xf8, 0xfc, 0xf8, 0x00, 0xf8, 0xfc, 0xf8, 0x00, 0xf8, 0xfc, 0xf8, 0x00,
    0xf8, 0xfc, 0xf8, 0x00, 0xf8, 0xfc, 0xf8, 0x00, 0xf8, 0xfc, 0xf8, 0x00,
    0xf8, 0xfc, 0xf8, 0x00, 0xf8, 0xfc, 0xf8, 0x00, 0xf8, 0xfc, 0xf8, 0x00,
    0xf8, 0xfc, 0xf8, 0x00, 0xf8, 0xfc, 0xf8, 0x00, 0xf8, 0xfc, 0xf8, 0x00,
    0xf8, 0xfc, 0xf8, 0x00, 0xf8, 0xfc, 0xf8, 0x00, 0xf8, 0xfc, 0xf8, 0x00,
    0xf8, 0xfc, 0xf8, 0x00, 0xf8, 0xfc, 0xf8, 0x00, 0xf8, 0xfc, 0xf8, 0x00,
    0xf8, 0xfc, 0xf8, 0x00, 0xf8, 0xfc, 0xf8, 0x00, 0xf8, 0xfc, 0xf8, 0x00,
    0xf8, 0xfc, 0xf8, 0x00, 0xf8, 0xfc, 0xf8, 0x00, 0xf8, 0xfc, 0xf8, 0x00,
    0xf8, 0xfc, 0xf8, 0x00, 0xf8, 0xfc, 0xf8, 0x00, 0xf8, 0xfc, 0xf8, 0x00,
    0xf8, 0xfc, 0xf8, 0x00, 0xf8, 0xfc, 0xf8, 0x00, 0xf8, 0xfc, 0xf8, 0x00,
    0xf8, 0xfc, 0xf8, 0x00, 0xf8, 0xfc, 0xf8, 0x00, 0xf8, 0xfc, 0xf8, 0x00,
    0xf8, 0xfc, 0xf8, 0x00, 0xf8, 0xfc, 0xf8, 0x00, 0xf8, 0xfc, 0xf8, 0x00,
    0xf8, 0xfc, 0xf8, 0x00, 0xf8, 0xfc, 0xf8, 0x00, 0xf8, 0xfc, 0xf8, 0x00,
    0xf8, 0xfc, 0xf8, 0x00, 0xf8, 0xfc, 0xf8, 0x00, 0xf8, 0xfc, 0xf8, 0x00,
    0xf8, 0xfc, 0xf8, 0x00, 0xf8, 0xfc, 0xf8, 0x00, 0xf8, 0xfc, 0xf8, 0x00,
    0x48, 0x60, 0xc8, 0x9e, 0x40, 0x5c, 0xc8, 0xff, 0x38, 0x58, 0xc8, 0xff,
    0x38, 0x54, 0xd0, 0xff, 0x30, 0x50, 0xc8, 0xff, 0x28, 0x4c, 0xc8, 0x6d,
    0xf8, 0xfc, 0xf8, 0x00, 0xd8, 0x98, 0x70, 0xff, 0xd8, 0x9c, 0x70, 0xff,
    0xd8, 0x9c, 0x70, 0xff, 0xd8, 0xa0, 0x70, 0xff, 0xd8, 0xa0, 0x78, 0xff,
    0xf8, 0xfc, 0xf8, 0x00, 0xf8, 0xfc, 0xf8, 0x00, 0xf8, 0xfc, 0xf8, 0x00,
    0xf8, 0xfc, 0xf8, 0x00, 0xf8, 0xfc, 0xf8, 0x00, 0xf8, 0xfc, 0xf8, 0x00,
    0xf8, 0xfc, 0xf8, 0x00, 0xf8, 0xfc, 0xf8, 0x00, 0xf8, 0xfc, 0xf8, 0x00,
    0xf8, 0xfc, 0xf8, 0x00, 0xf8, 0xfc, 0xf8, 0x00, 0xf8, 0xfc, 0xf8, 0x00,
    0xf8, 0xfc, 0xf8, 0x00, 0xf8, 0xfc, 0xf8, 0x00, 0xf8, 0xfc, 0xf8, 0x00,
    0xf8, 0xfc, 0xf8, 0x00, 0xf8, 0xfc, 0xf8, 0x00, 0xf8, 0xfc, 0xf8, 0x00,
    0xf8, 0xfc, 0xf8, 0x00, 0xf8, 0xfc, 0xf8, 0x00, 0xf8, 0xfc, 0xf8, 0x00,
    0xf8, 0xfc, 0xf8, 0x00, 0xf8, 0xfc, 0xf8, 0x00, 0xf8, 0xfc, 0xf8, 0x00,
    0xf8, 0xfc, 0xf8, 0x00, 0xf8, 0xfc, 0xf8, 0x00, 0xf8, 0xfc, 0xf8, 0x00,
    0xf8, 0xfc, 0xf8, 0x00, 0xf8, 0xfc, 0xf8, 0x00, 0xf8, 0xfc, 0xf8, 0x00,
    0xf8, 0xfc, 0xf8, 0x00, 0xf8, 0xfc, 0xf8, 0x00, 0xf8, 0xfc, 0xf8, 0x00,
    0xf8, 0xfc, 0xf8, 0x00, 0xf8, 0xfc, 0xf8, 0x00, 0xf8, 0xfc, 0xf8, 0x00,
    0xf8, 0xfc, 0xf8, 0x00, 0xf8, 0xfc, 0xf8, 0x00, 0xf8, 0xfc, 0xf8, 0x00,
    0xf8, 0xfc, 0xf8, 0x00, 0xf8, 0xfc, 0xf8, 0x00, 0xf8, 0xfc, 0xf8, 0x00,
    0xf8, 0xfc, 0xf8, 0x00, 0xf8, 0xfc, 0xf8, 0x00, 0xf8, 0xfc, 0xf8, 0x00,
    0xf8, 0xfc, 0xf8, 0x00, 0xf8, 0xfc, 0xf8, 0x00, 0xf8, 0xfc, 0xf8, 0x00,
    0xf8, 0xfc, 0xf8, 0x00, 0xf8, 0xfc, 0xf8, 0x00, 0xf8, 0xfc, 0xf8, 0x00,
    0xf8, 0xfc, 0xf8, 0x00, 0xf8, 0xfc, 0xf8, 0x00, 0xf8, 0xfc, 0xf8, 0x00,
    0xf8, 0xfc, 0xf8, 0x00, 0xf8, 0xfc, 0xf8, 0x00, 0xf8, 0xfc, 0xf8, 0x00,
    0xf8, 0xfc, 0xf8, 0x00, 0xf8, 0xfc, 0xf8, 0x00, 0xf8, 0xfc, 0xf8, 0x00,
    0xf8, 0xfc, 0xf8, 0x00, 0xf8, 0xfc, 0xf8, 0x00, 0xf8, 0xfc, 0xf8, 0x00,
    0xf8, 0xfc, 0xf8, 0x00, 0xf8, 0xfc, 0xf8, 0x00, 0xf8, 0xfc, 0xf8, 0x00,
    0xf8, 0xfc, 0xf8, 0x00, 0xf8, 0xfc, 0xf8, 0x00, 0xf8, 0xfc, 0xf8, 0x00,
    0xf8, 0xfc, 0xf8, 0x00, 0xf8, 0xfc, 0xf8, 0x00, 0xf8, 0xfc, 0xf8, 0x00,
    0xf8, 0xfc, 0xf8, 0x00, 0xf8, 0xfc, 0xf8, 0x00, 0xf8, 0xfc, 0xf8, 0x00,
    0xf8, 0xfc, 0xf8, 0x00, 0xf8, 0xfc, 0xf8, 0x00, 0xf8, 0xfc, 0xf8, 0x00,
    0xf8, 0xfc, 0xf8, 0x00, 0xf8, 0xfc, 0xf8, 0x00, 0xf8, 0xfc, 0xf8, 0x00,
    0xf8, 0xfc, 0xf8, 0x00, 0xf8, 0xfc, 0xf8, 0x00, 0xf8, 0xfc, 0xf8, 0x00,
    0xf8, 0xfc, 0xf8, 0x00, 0xf8, 0xfc, 0xf8, 0x00, 0xf8, 0xfc, 0xf8, 0x00,
    0xf8, 0xfc, 0xf8, 0x00, 0xf8, 0xfc, 0xf8, 0x00, 0xf8, 0xfc, 0xf8, 0x00,
    0xf8, 0xfc, 0xf8, 0x00, 0xf8, 0xfc, 0xf8, 0x00, 0xf8, 0xfc, 0xf8, 0x00,
    0xf8, 0xfc, 0xf8, 0x00, 0xf8, 0xfc, 0xf8, 0x00, 0xf8, 0xfc, 0xf8, 0x00,
    0xf8, 0xfc, 0xf8, 0x00, 0xf8, 0xfc, 0xf8, 0x00, 0xf8, 0xfc, 0xf8, 0x00,
    0xf8, 0xfc, 0xf8, 0x00, 0xf8, 0xfc, 0xf8, 0x00, 0xf8, 0xfc, 0xf8, 0x00,
    0xf8, 0xfc, 0xf8, 0x00, 0xf8, 0xfc, 0xf8, 0x00, 0xf8, 0xfc, 0xf8, 0x00,
    0xf8, 0xfc, 0xf8, 0x00, 0xf8, 0xfc, 0xf8, 0x00, 0xf8, 0xfc, 0xf8, 0x00,
    0xf8, 0xfc, 0xf8, 0x00, 0xf8, 0xfc, 0xf8, 0x00, 0xf8, 0xfc, 0xf8, 0x00,
    0xf8, 0xfc, 0xf8, 0x00, 0xf8, 0xfc, 0xf8, 0x00, 0xf8, 0xfc, 0xf8, 0x00,
    0x40, 0x60, 0xc8, 0xc3, 0x40, 0x5c, 0xc8, 0xff, 0x38, 0x58, 0xc8, 0xff,
    0x30, 0x54, 0xc8, 0xff, 0x30, 0x4c, 0xd0, 0xff, 0x28, 0x4c, 0xc8, 0x41,
    0xf8, 0xfc, 0xf8, 0x00, 0xd8, 0x9c, 0x70, 0xdf, 0xd8, 0x9c, 0x70, 0xff,
    0xd8, 0xa0, 0x70, 0xff, 0xd8, 0xa0, 0x78, 0xff, 0xd8, 0xa4, 0x78, 0xff,
    0xd8, 0xa4, 0x78, 0x41, 0xf8, 0xfc, 0xf8, 0x00, 0xf8, 0xfc, 0xf8, 0x00,
    0xf8, 0xfc, 0xf8, 0x00, 0xf8, 0xfc, 0xf8, 0x00, 0xf8, 0xfc, 0xf8, 0x00,
    0xf8, 0xfc, 0xf8, 0x00, 0xf8, 0xfc, 0xf8, 0x00, 0xf8, 0xfc, 0xf8, 0x00,
    0xf8, 0xfc, 0xf8, 0x00, 0xf8, 0xfc, 0xf8, 0x00, 0xf8, 0xfc, 0xf8, 0x00,
    0xf8, 0xfc, 0xf8, 0x00, 0xf8, 0xfc, 0xf8, 0x00, 0xf8, 0xfc, 0xf8, 0x00,
    0xf8, 0xfc, 0xf8, 0x00, 0xf8, 0xfc, 0xf8, 0x00, 0xf8, 0xfc, 0xf8, 0x00,
    0xf8, 0xfc, 0xf8, 0x00, 0xf8, 0xfc, 0xf8, 0x00, 0xf8, 0xfc, 0xf8, 0x00,
    0xf8, 0xfc, 0xf8, 0x00, 0xf8, 0xfc, 0xf8, 0x00, 0xf8, 0xfc, 0xf8, 0x00,
    0xf8, 0xfc, 0xf8, 0x00, 0xf8, 0xfc, 0xf8, 0x00, 0xf8, 0xfc, 0xf8, 0x00,
    0xf8, 0xfc, 0xf8, 0x00, 0xf8, 0xfc, 0xf8, 0x00, 0xf8, 0xfc, 0xf8, 0x00,
    0xf8, 0xfc, 0xf8, 0x00, 0xf8, 0xfc, 0xf8, 0x00, 0xf8, 0xfc, 0xf8, 0x00,
    0xf8, 0xfc, 0xf8, 0x00, 0xf8, 0xfc, 0xf8, 0x00, 0xf8, 0xfc, 0xf8, 0x00,
    0xf8, 0xfc, 0xf8, 0x00, 0xf8, 0xfc, 0xf8, 0x00, 0xf8, 0xfc, 0xf8, 0x00,
    0xf8, 0xfc, 0xf8, 0x00, 0xf8, 0xfc, 0xf8, 0x00, 0xf8, 0xfc, 0xf8, 0x00,
    0xf8, 0xfc, 0xf8, 0x00, 0xf8, 0xfc, 0xf8, 0x00, 0xf8, 0xfc, 0xf8, 0x00,
    0xf8, 0xfc, 0xf8, 0x00, 0xf8, 0xfc, 0xf8, 0x00, 0xf8, 0xfc, 0xf8, 0x00,
    0xf8, 0xfc, 0xf8, 0x00, 0xf8, 0xfc, 0xf8, 0x00, 0xf8, 0xfc, 0xf8, 0x00,
    0xf8, 0xfc, 0xf8, 0x00, 0xf8, 0xfc, 0xf8, 0x00, 0xf8, 0xfc, 0xf8, 0x00,
    0xf8, 0xfc, 0xf8, 0x00, 0xf8, 0xfc, 0xf8, 0x00, 0xf8, 0xfc, 0xf8, 0x00,
    0xf8, 0xfc, 0xf8, 0x00, 0xf8, 0xfc, 0xf8, 0x00, 0xf8, 0xfc, 0xf8, 0x00,
    0xf8, 0xfc, 0xf8, 0x00, 0xf8, 0xfc, 0xf8, 0x00, 0xf8, 0xfc, 0xf8, 0x00,
    0xf8, 0xfc, 0xf8, 0x00, 0xf8, 0xfc, 0xf8, 0x00, 0xf8, 0xfc, 0xf8, 0x00,
    0xf8, 0xfc, 0xf8, 0x00, 0xf8, 0xfc, 0xf8, 0x00, 0xf8, 0xfc, 0xf8, 0x00,
    0xf8, 0xfc, 0xf8, 0x00, 0xf8, 0xfc, 0xf8, 0x00, 0xf8, 0xfc, 0xf8, 0x00,
    0xf8, 0xfc, 0xf8, 0x00, 0xf8, 0xfc, 0xf8, 0x00, 0xf8, 0xfc, 0xf8, 0x00,
    0xf8, 0xfc, 0xf8, 0x00, 0xf8, 0xfc, 0xf8, 0x00, 0xf8, 0xfc, 0xf8, 0x00,
    0xf8, 0xfc, 0xf8, 0x00, 0xf8, 0xfc, 0xf8, 0x00, 0xf8, 0xfc, 0xf8, 0x00,
    0xf8, 0xfc, 0xf8, 0x00, 0xf8, 0xfc, 0xf8, 0x00, 0xf8, 0xfc, 0xf8, 0x00,
    0xf8, 0xfc, 0xf8, 0x00, 0xf8, 0xfc, 0xf8, 0x00, 0xf8, 0xfc, 0xf8, 0x00,
    0xf8, 0xfc, 0xf8, 0x00, 0xf8, 0xfc, 0xf8, 0x00, 0xf8, 0xfc, 0xf8, 0x00,
    0xf8, 0xfc, 0xf8, 0x00, 0xf8, 0xfc, 0xf8, 0x00, 0xf8, 0xfc, 0xf8, 0x00,
    0xf8, 0xfc, 0xf8, 0x00, 0xf8, 0xfc, 0xf8, 0x00, 0xf8, 0xfc, 0xf8, 0x00,
    0xf8, 0xfc, 0xf8, 0x00, 0xf8, 0xfc, 0xf8, 0x00, 0xf8, 0xfc, 0xf8, 0x00,
    0xf8, 0xfc, 0xf8, 0x00, 0xf8, 0xfc, 0xf8, 0x00, 0xf8, 0xfc, 0xf8, 0x00,
    0xf8, 0xfc, 0xf8, 0x00, 0xf8, 0xfc, 0xf8, 0x00, 0xf8, 0xfc, 0xf8, 0x00,
    0xf8, 0xfc, 0xf8, 0x00, 0xf8, 0xfc, 0xf8, 0x00, 0xf8, 0xfc, 0xf8, 0x00,
    0xf8, 0xfc, 0xf8, 0x00, 0xf8, 0xfc, 0xf8, 0x00, 0xf8, 0xfc, 0xf8, 0x00,
    0xf8, 0xfc, 0xf8, 0x00, 0xf8, 0xfc, 0xf8, 0x00, 0xf8, 0xfc, 0xf8, 0x00,
    0x40, 0x5c, 0xc8, 0xbe, 0x38, 0x58, 0xc8, 0xff, 0x38, 0x54, 0xc8, 0xff,
    0x30, 0x50, 0xc8, 0xff, 0x28, 0x4c, 0xc8, 0xff, 0x20, 0x48, 0xc8, 0x41,
    0xf8, 0xfc, 0xf8, 0x00, 0xd8, 0x9c, 0x70, 0xbe, 0xd8, 0xa0, 0x70, 0xff,
    0xd8, 0xa0, 0x70, 0xff, 0xd8, 0xa4, 0x78, 0xff, 0xe0, 0xa4, 0x78, 0xff,
    0xe0, 0xa4, 0x78, 0x41, 0xf8, 0xfc, 0xf8, 0x00, 0xf8, 0xfc, 0xf8, 0x00,
    0xf8, 0xfc, 0xf8, 0x00, 0xf8, 0xfc, 0xf8, 0x00, 0xf8, 0xfc, 0xf8, 0x00,
    0xf8, 0xfc, 0xf8, 0x00, 0xf8, 0xfc, 0xf8, 0x00, 0xf8, 0xfc, 0xf8, 0x00,
    0xf8, 0xfc, 0xf8, 0x00, 0xf8, 0xfc, 0xf8, 0x00, 0xf8, 0xfc, 0xf8, 0x00,
    0xf8, 0xfc, 0xf8, 0x00, 0xf8, 0xfc, 0xf8, 0x00, 0xf8, 0xfc, 0xf8, 0x00,
    0xf8, 0xfc, 0xf8, 0x00, 0xf8, 0xfc, 0xf8, 0x00, 0xf8, 0xfc, 0xf8, 0x00,
    0xf8, 0xfc, 0xf8, 0x00, 0xf8, 0xfc, 0xf8, 0x00, 0xf8, 0xfc, 0xf8, 0x00,
    0xf8, 0xfc, 0xf8, 0x00, 0xf8, 0xfc, 0xf8, 0x00, 0xf8, 0xfc, 0xf8, 0x00,
    0xf8, 0xfc, 0xf8, 0x00, 0xf8, 0xfc, 0xf8, 0x00, 0xf8, 0xfc, 0xf8, 0x00,
    0xf8, 0xfc, 0xf8, 0x00, 0xf8, 0xfc, 0xf8, 0x00, 0xf8, 0xfc, 0xf8, 0x00,
    0xf8, 0xfc, 0xf8, 0x00, 0xf8, 0xfc, 0xf8, 0x00, 0xf8, 0xfc, 0xf8, 0x00,
    0xf8, 0xfc, 0xf8, 0x00, 0xf8, 0xfc, 0xf8, 0x00, 0xf8, 0xfc, 0xf8, 0x00,
    0xf8, 0xfc, 0xf8, 0x00, 0xf8, 0xfc, 0xf8, 0x00, 0xf8, 0xfc, 0xf8, 0x00,
    0xf8, 0xfc, 0xf8, 0x00, 0xf8, 0xfc, 0xf8, 0x00, 0xf8, 0xfc, 0xf8, 0x00,
    0xf8, 0xfc, 0xf8, 0x00, 0xf8, 0xfc, 0xf8, 0x00, 0xf8, 0xfc, 0xf8, 0x00,
    0xf8, 0xfc, 0xf8, 0x00, 0xf8, 0xfc, 0xf8, 0x00, 0xf8, 0xfc, 0xf8, 0x00,
    0xf8, 0xfc, 0xf8, 0x00, 0xf8, 0xfc, 0xf8, 0x00, 0xf8, 0xfc, 0xf8, 0x00,
    0xf8, 0xfc, 0xf8, 0x00, 0xf8, 0xfc, 0xf8, 0x00, 0xf8, 0xfc, 0xf8, 0x00,
    0xf8, 0xfc, 0xf8, 0x00, 0xf8, 0xfc, 0xf8, 0x00, 0xf8, 0xfc, 0xf8, 0x00,
    0xf8, 0xfc, 0xf8, 0x00, 0xf8, 0xfc, 0xf8, 0x00, 0xf8, 0xfc, 0xf8, 0x00,
    0xf8, 0xfc, 0xf8, 0x00, 0xf8, 0xfc, 0xf8, 0x00, 0xf8, 0xfc, 0xf8, 0x00,
    0xf8, 0xfc, 0xf8, 0x00, 0xf8, 0xfc, 0xf8, 0x00, 0xf8, 0xfc, 0xf8, 0x00,
    0xf8, 0xfc, 0xf8, 0x00, 0xf8, 0xfc, 0xf8, 0x00, 0xf8, 0xfc, 0xf8, 0x00,
    0xf8, 0xfc, 0xf8, 0x00, 0xf8, 0xfc, 0xf8, 0x00, 0xf8, 0xfc, 0xf8, 0x00,
    0xf8, 0xfc, 0xf8, 0x00, 0xf8, 0xfc, 0xf8, 0x00, 0xf8, 0xfc, 0xf8, 0x00,
    0xf8, 0xfc, 0xf8, 0x00, 0xf8, 0xfc, 0xf8, 0x00, 0xf8, 0xfc, 0xf8, 0x00,
    0xf8, 0xfc, 0xf8, 0x00, 0xf8, 0xfc, 0xf8, 0x00, 0xf8, 0xfc, 0xf8, 0x00,
    0xf8, 0xfc, 0xf8, 0x00, 0xf8, 0xfc, 0xf8, 0x00, 0xf8, 0xfc, 0xf8, 0x00,
    0xf8, 0xfc, 0xf8, 0x00, 0xf8, 0xfc, 0xf8, 0x00, 0xf8, 0xfc, 0xf8, 0x00,
    0xf8, 0xfc, 0xf8, 0x00, 0xf8, 0xfc, 0xf8, 0x00, 0xf8, 0xfc, 0xf8, 0x00,
    0xf8, 0xfc, 0xf8, 0x00, 0xf8, 0xfc, 0xf8, 0x00, 0xf8, 0xfc, 0xf8, 0x00,
    0xf8, 0xfc, 0xf8, 0x00, 0xf8, 0xfc, 0xf8, 0x00, 0xf8, 0xfc, 0xf8, 0x00,
    0xf8, 0xfc, 0xf8, 0x00, 0xf8, 0xfc, 0xf8, 0x00, 0xf8, 0xfc, 0xf8, 0x00,
    0xf8, 0xfc, 0xf8, 0x00, 0xf8, 0xfc, 0xf8, 0x00, 0xf8, 0xfc, 0xf8, 0x00,
    0xf8, 0xfc, 0xf8, 0x00, 0xf8, 0xfc, 0xf8, 0x00, 0xf8, 0xfc, 0xf8, 0x00,
    0xf8, 0xfc, 0xf8, 0x00, 0xf8, 0xfc, 0xf8, 0x00, 0xf8, 0xfc, 0xf8, 0x00,
    0xf8, 0xfc, 0xf8, 0x00, 0xf8, 0xfc, 0xf8, 0x00, 0xf8, 0xfc, 0xf8, 0x00,
    0xf8, 0xfc, 0xf8, 0x00, 0xf8, 0xfc, 0xf8, 0x00, 0xf8, 0xfc, 0xf8, 0x00,
    0x40, 0x5c, 0xc8, 0xff, 0x38, 0x58, 0xd0, 0xff, 0x30, 0x54, 0xc8, 0xff,
    0x30, 0x4c, 0xd0, 0xff, 0x28, 0x48, 0xc8, 0xff, 0x20, 0x44, 0xd0, 0x20,
    0xf8, 0xfc, 0xf8, 0x00, 0xd8, 0x9c, 0x70, 0xa2, 0xd8, 0xa0, 0x70, 0xff,
    0xd8, 0xa0, 0x78, 0xff, 0xd8, 0xa4, 0x78, 0xff, 0xe0, 0xa4, 0x78, 0xff,
    0xe0, 0xa4, 0x78, 0x82, 0xf8, 0xfc, 0xf8, 0x00, 0xf8, 0xfc, 0xf8, 0x00,
    0xf8, 0xfc, 0xf8, 0x00, 0xf8, 0xfc, 0xf8, 0x00, 0xf8, 0xfc, 0xf8, 0x00,
    0xf8, 0xfc, 0xf8, 0x00, 0xf8, 0xfc, 0xf8, 0x00, 0xf8, 0xfc, 0xf8, 0x00,
    0xf8, 0xfc, 0xf8, 0x00, 0xf8, 0xfc, 0xf8, 0x00, 0xf8, 0xfc, 0xf8, 0x00,
    0xf8, 0xfc, 0xf8, 0x00, 0xf8, 0xfc, 0xf8, 0x00, 0xf8, 0xfc, 0xf8, 0x00,
    0xf8, 0xfc, 0xf8, 0x00, 0xf8, 0xfc, 0xf8, 0x00, 0xf8, 0xfc, 0xf8, 0x00,
    0xf8, 0xfc, 0xf8, 0x00, 0xf8, 0xfc, 0xf8, 0x00, 0xf8, 0xfc, 0xf8, 0x00,
    0xf8, 0xfc, 0xf8, 0x00, 0xf8, 0xfc, 0xf8, 0x00, 0xf8, 0xfc, 0xf8, 0x00,
    0xf8, 0xfc, 0xf8, 0x00, 0xf8, 0xfc, 0xf8, 0x00, 0xf8, 0xfc, 0xf8, 0x00,
    0xf8, 0xfc, 0xf8, 0x00, 0xf8, 0xfc, 0xf8, 0x00, 0xf8, 0xfc, 0xf8, 0x00,
    0xf8, 0xfc, 0xf8, 0x00, 0xf8, 0xfc, 0xf8, 0x00, 0xf8, 0xfc, 0xf8, 0x00,
    0xf8, 0xfc, 0xf8, 0x00, 0xf8, 0xfc, 0xf8, 0x00, 0xf8, 0xfc, 0xf8, 0x00,
    0xf8, 0xfc, 0xf8, 0x00, 0xf8, 0xfc, 0xf8, 0x00, 0xf8, 0xfc, 0xf8, 0x00,
    0xf8, 0xfc, 0xf8, 0x00, 0xf8, 0xfc, 0xf8, 0x00, 0xf8, 0xfc, 0xf8, 0x00,
    0xf8, 0xfc, 0xf8, 0x00, 0xf8, 0xfc, 0xf8, 0x00, 0xf8, 0xfc, 0xf8, 0x00,
    0xf8, 0xfc, 0xf8, 0x00, 0xf8, 0xfc, 0xf8, 0x00, 0xf8, 0xfc, 0xf8, 0x00,
    0xf8, 0xfc, 0xf8, 0x00, 0xf8, 0xfc, 0xf8, 0x00, 0xf8, 0xfc, 0xf8, 0x00,
    0xf8, 0xfc, 0xf8, 0x00, 0xf8, 0xfc, 0xf8, 0x00, 0xf8, 0xfc, 0xf8, 0x00,
    0xf8, 0xfc, 0xf8, 0x00, 0xf8, 0xfc, 0xf8, 0x00, 0xf8, 0xfc, 0xf8, 0x00,
    0xf8, 0xfc, 0xf8, 0x00, 0xf8, 0xfc, 0xf8, 0x00, 0xf8, 0xfc, 0xf8, 0x00,
    0xf8, 0xfc, 0xf8, 0x00, 0xf8, 0xfc, 0xf8, 0x00, 0xf8, 0xfc, 0xf8, 0x00,
    0xf8, 0xfc, 0xf8, 0x00, 0xf8, 0xfc, 0xf8, 0x00, 0xf8, 0xfc, 0xf8, 0x00,
    0xf8, 0xfc, 0xf8, 0x00, 0xf8, 0xfc, 0xf8, 0x00, 0xf8, 0xfc, 0xf8, 0x00,
    0xf8, 0xfc, 0xf8, 0x00, 0xf8, 0xfc, 0xf8, 0x00, 0xf8, 0xfc, 0xf8, 0x00,
    0xf8, 0xfc, 0xf8, 0x00, 0xf8, 0xfc, 0xf8, 0x00, 0xf8, 0xfc, 0xf8, 0x00,
    0xf8, 0xfc, 0xf8, 0x00, 0xf8, 0xfc, 0xf8, 0x00, 0xf8, 0xfc, 0xf8, 0x00,
    0xf8, 0xfc, 0xf8, 0x00, 0xf8, 0xfc, 0xf8, 0x00, 0xf8, 0xfc, 0xf8, 0x00,
    0xf8, 0xfc, 0xf8, 0x00, 0xf8, 0xfc, 0xf8, 0x00, 0xf8, 0xfc, 0xf8, 0x00,
    0xf8, 0xfc, 0xf8, 0x00, 0xf8, 0xfc, 0xf8, 0x00, 0xf8, 0xfc, 0xf8, 0x00,
    0xf8, 0xfc, 0xf8, 0x00, 0xf8, 0xfc, 0xf8, 0x00, 0xf8, 0xfc, 0xf8, 0x00,
    0xf8, 0xfc, 0xf8, 0x00, 0xf8, 0xfc, 0xf8, 0x00, 0xf8, 0xfc, 0xf8, 0x00,
    0xf8, 0xfc, 0xf8, 0x00, 0xf8, 0xfc, 0xf8, 0x00, 0xf8, 0xfc, 0xf8, 0x00,
    0xf8, 0xfc, 0xf8, 0x00, 0xf8, 0xfc, 0xf8, 0x00, 0xf8, 0xfc, 0xf8, 0x00,
    0xf8, 0xfc, 0xf8, 0x00, 0xf8, 0xfc, 0xf8, 0x00, 0xf8, 0xfc, 0xf8, 0x00,
    0xf8, 0xfc, 0xf8, 0x00, 0xf8, 0xfc, 0xf8, 0x00, 0xf8, 0xfc, 0xf8, 0x00,
    0xf8, 0xfc, 0xf8, 0x00, 0xf8, 0xfc, 0xf8, 0x00, 0xf8, 0xfc, 0xf8, 0x00,
    0xf8, 0xfc, 0xf8, 0x00, 0xf8, 0xfc, 0xf8, 0x00, 0xf8, 0xfc, 0xf8, 0x00,
    0xf8, 0xfc, 0xf8, 0x00, 0xf8, 0xfc, 0xf8, 0x00, 0x40, 0x5c, 0xc8, 0x10,
    0x38, 0x58, 0xc8, 0xff, 0x30, 0x54, 0xc8, 0xff, 0x30, 0x50, 0xc8, 0xff,
    0x28, 0x4c, 0xc8, 0xff, 0x20, 0x48, 0xc8, 0xff, 0xf8, 0xfc, 0xf8, 0x00,
    0xf8, 0xfc, 0xf8, 0x00, 0xd8, 0xa0, 0x70, 0x82, 0xd8, 0xa0, 0x70, 0xff,
    0xd8, 0xa0, 0x78, 0xff, 0xe0, 0xa4, 0x78, 0xff, 0xe0, 0xa8, 0x78, 0xff,
    0xd8, 0xa8, 0x78, 0x8e, 0xf8, 0xfc, 0xf8, 0x00, 0xf8, 0xfc, 0xf8, 0x00,
    0xf8, 0xfc, 0xf8, 0x00, 0xf8, 0xfc, 0xf8, 0x00, 0xf8, 0xfc, 0xf8, 0x00,
    0xf8, 0xfc, 0xf8, 0x00, 0xf8, 0xfc, 0xf8, 0x00, 0xf8, 0xfc, 0xf8, 0x00,
    0xf8, 0xfc, 0xf8, 0x00, 0xf8, 0xfc, 0xf8, 0x00, 0xf8, 0xfc, 0xf8, 0x00,
    0xf8, 0xfc, 0xf8, 0x00, 0xf8, 0xfc, 0xf8, 0x00, 0xf8, 0xfc, 0xf8, 0x00,
    0xf8, 0xfc, 0xf8, 0x00, 0xf8, 0xfc, 0xf8, 0x00, 0xf8, 0xfc, 0xf8, 0x00,
    0xf8, 0xfc, 0xf8, 0x00, 0xf8, 0xfc, 0xf8, 0x00, 0xf8, 0xfc, 0xf8, 0x00,
    0xf8, 0xfc, 0xf8, 0x00, 0xf8, 0xfc, 0xf8, 0x00, 0xf8, 0xfc, 0xf8, 0x00,
    0xf8, 0xfc, 0xf8, 0x00, 0xf8, 0xfc, 0xf8, 0x00, 0xf8, 0xfc, 0xf8, 0x00,
    0xf8, 0xfc, 0xf8, 0x00, 0xf8, 0xfc, 0xf8, 0x00, 0xf8, 0xfc, 0xf8, 0x00,
    0xf8, 0xfc, 0xf8, 0x00, 0xf8, 0xfc, 0xf8, 0x00, 0xf8, 0xfc, 0xf8, 0x00,
    0xf8, 0xfc, 0xf8, 0x00, 0xf8, 0xfc, 0xf8, 0x00, 0xf8, 0xfc, 0xf8, 0x00,
    0xf8, 0xfc, 0xf8, 0x00, 0xf8, 0xfc, 0xf8, 0x00, 0xf8, 0xfc, 0xf8, 0x00,
    0xf8, 0xfc, 0xf8, 0x00, 0xf8, 0xfc, 0xf8, 0x00, 0xf8, 0xfc, 0xf8, 0x00,
    0xf8, 0xfc, 0xf8, 0x00, 0xf8, 0xfc, 0xf8, 0x00, 0xf8, 0xfc, 0xf8, 0x00,
    0xf8, 0xfc, 0xf8, 0x00, 0xf8, 0xfc, 0xf8, 0x00, 0xf8, 0xfc, 0xf8, 0x00,
    0xf8, 0xfc, 0xf8, 0x00, 0xf8, 0xfc, 0xf8, 0x00, 0xf8, 0xfc, 0xf8, 0x00,
    0xf8, 0xfc, 0xf8, 0x00, 0xf8, 0xfc, 0xf8, 0x00, 0xf8, 0xfc, 0xf8, 0x00,
    0xf8, 0xfc, 0xf8, 0x00, 0xf8, 0xfc, 0xf8, 0x00, 0xf8, 0xfc, 0xf8, 0x00,
    0xf8, 0xfc, 0xf8, 0x00, 0xf8, 0xfc, 0xf8, 0x00, 0xf8, 0xfc, 0xf8, 0x00,
    0xf8, 0xfc, 0xf8, 0x00, 0xf8, 0xfc, 0xf8, 0x00, 0xf8, 0xfc, 0xf8, 0x00,
    0xf8, 0xfc, 0xf8, 0x00, 0xf8, 0xfc, 0xf8, 0x00, 0xf8, 0xfc, 0xf8, 0x00,
    0xf8, 0xfc, 0xf8, 0x00, 0xf8, 0xfc, 0xf8, 0x00, 0xf8, 0xfc, 0xf8, 0x00,
    0xf8, 0xfc, 0xf8, 0x00, 0xf8, 0xfc, 0xf8, 0x00, 0xf8, 0xfc, 0xf8, 0x00,
    0xf8, 0xfc, 0xf8, 0x00, 0xf8, 0xfc, 0xf8, 0x00, 0xf8, 0xfc, 0xf8, 0x00,
    0xf8, 0xfc, 0xf8, 0x00, 0xf8, 0xfc, 0xf8, 0x00, 0xf8, 0xfc, 0xf8, 0x00,
    0xf8, 0xfc, 0xf8, 0x00, 0xf8, 0xfc, 0xf8, 0x00, 0xf8, 0xfc, 0xf8, 0x00,
    0xf8, 0xfc, 0xf8, 0x00, 0xf8, 0xfc, 0xf8, 0x00, 0xf8, 0xfc, 0xf8, 0x00,
    0xf8, 0xfc, 0xf8, 0x00, 0xf8, 0xfc, 0xf8, 0x00, 0xf8, 0xfc, 0xf8, 0x00,
    0xf8, 0xfc, 0xf8, 0x00, 0xf8, 0xfc, 0xf8, 0x00, 0xf8, 0xfc, 0xf8, 0x00,
    0xf8, 0xfc, 0xf8, 0x00, 0xf8, 0xfc, 0xf8, 0x00, 0xf8, 0xfc, 0xf8, 0x00,
    0xf8, 0xfc, 0xf8, 0x00, 0xf8, 0xfc, 0xf8, 0x00, 0xf8, 0xfc, 0xf8, 0x00,
    0xf8, 0xfc, 0xf8, 0x00, 0xf8, 0xfc, 0xf8, 0x00, 0xf8, 0xfc, 0xf8, 0x00,
    0xf8, 0xfc, 0xf8, 0x00, 0xf8, 0xfc, 0xf8, 0x00, 0xf8, 0xfc, 0xf8, 0x00,
    0xf8, 0xfc, 0xf8, 0x00, 0xf8, 0xfc, 0xf8, 0x00, 0xf8, 0xfc, 0xf8, 0x00,
    0xf8, 0xfc, 0xf8, 0x00, 0xf8, 0xfc, 0xf8, 0x00, 0xf8, 0xfc, 0xf8, 0x00,
    0xf8, 0xfc, 0xf8, 0x00, 0xf8, 0xfc, 0xf8, 0x00, 0xf8, 0xfc, 0xf8, 0x00,
    0xf8, 0xfc, 0xf8, 0x00, 0xf8, 0xfc, 0xf8, 0x00, 0x38, 0x58, 0xc8, 0x41,
    0x38, 0x54, 0xc8, 0xff, 0x30, 0x50, 0xc8, 0xff, 0x28, 0x4c, 0xd0, 0xff,
    0x28, 0x48, 0xc8, 0xff, 0x20, 0x44, 0xd0, 0xdf, 0xf8, 0xfc, 0xf8, 0x00,
    0xf8, 0xfc, 0xf8, 0x00, 0xd8, 0xa0, 0x70, 0x51, 0xd8, 0xa0, 0x78, 0xff,
    0xd8, 0xa4, 0x78, 0xff, 0xe0, 0xa4, 0x78, 0xff, 0xe0, 0xa8, 0x78, 0xff,
    0xe0, 0xa8, 0x78, 0xbe, 0xf8, 0xfc, 0xf8, 0x00, 0xf8, 0xfc, 0xf8, 0x00,
    0xf8, 0xfc, 0xf8, 0x00, 0xf8, 0xfc, 0xf8, 0x00, 0xf8, 0xfc, 0xf8, 0x00,
    0xf8, 0xfc, 0xf8, 0x00, 0xf8, 0xfc, 0xf8, 0x00, 0xf8, 0xfc, 0xf8, 0x00,
    0xf8, 0xfc, 0xf8, 0x00, 0xf8, 0xfc, 0xf8, 0x00, 0xf8, 0xfc, 0xf8, 0x00,
    0xf8, 0xfc, 0xf8, 0x00, 0xf8, 0xfc, 0xf8, 0x00, 0xf8, 0xfc, 0xf8, 0x00,
    0xf8, 0xfc, 0xf8, 0x00, 0xf8, 0xfc, 0xf8, 0x00, 0xf8, 0xfc, 0xf8, 0x00,
    0xf8, 0xfc, 0xf8, 0x00, 0xf8, 0xfc, 0xf8, 0x00, 0xf8, 0xfc, 0xf8, 0x00,
    0xf8, 0xfc, 0xf8, 0x00, 0xf8, 0xfc, 0xf8, 0x00, 0xf8, 0xfc, 0xf8, 0x00,
    0xf8, 0xfc, 0xf8, 0x00, 0xf8, 0xfc, 0xf8, 0x00, 0xf8, 0xfc, 0xf8, 0x00,
    0xf8, 0xfc, 0xf8, 0x00, 0xf8, 0xfc, 0xf8, 0x00, 0xf8, 0xfc, 0xf8, 0x00,
    0xf8, 0xfc, 0xf8, 0x00, 0xf8, 0xfc, 0xf8, 0x00, 0xf8, 0xfc, 0xf8, 0x00,
    0xf8, 0xfc, 0xf8, 0x00, 0xf8, 0xfc, 0xf8, 0x00, 0xf8, 0xfc, 0xf8, 0x00,
    0xf8, 0xfc, 0xf8, 0x00, 0xf8, 0xfc, 0xf8, 0x00, 0xf8, 0xfc, 0xf8, 0x00,
    0xf8, 0xfc, 0xf8, 0x00, 0xf8, 0xfc, 0xf8, 0x00, 0xf8, 0xfc, 0xf8, 0x00,
    0xf8, 0xfc, 0xf8, 0x00, 0xf8, 0xfc, 0xf8, 0x00, 0xf8, 0xfc, 0xf8, 0x00,
    0xf8, 0xfc, 0xf8, 0x00, 0xf8, 0xfc, 0xf8, 0x00, 0xf8, 0xfc, 0xf8, 0x00,
    0xf8, 0xfc, 0xf8, 0x00, 0xf8, 0xfc, 0xf8, 0x00, 0xf8, 0xfc, 0xf8, 0x00,
    0xf8, 0xfc, 0xf8, 0x00, 0xf8, 0xfc, 0xf8, 0x00, 0xf8, 0xfc, 0xf8, 0x00,
    0xf8, 0xfc, 0xf8, 0x00, 0xf8, 0xfc, 0xf8, 0x00, 0xf8, 0xfc, 0xf8, 0x00,
    0xf8, 0xfc, 0xf8, 0x00, 0xf8, 0xfc, 0xf8, 0x00, 0xf8, 0xfc, 0xf8, 0x00,
    0xf8, 0xfc, 0xf8, 0x00, 0xf8, 0xfc, 0xf8, 0x00, 0xf8, 0xfc, 0xf8, 0x00,
    0xf8, 0xfc, 0xf8, 0x00, 0xf8, 0xfc, 0xf8, 0x00, 0xf8, 0xfc, 0xf8, 0x00,
    0xf8, 0xfc, 0xf8, 0x00, 0xf8, 0xfc, 0xf8, 0x00, 0xf8, 0xfc, 0xf8, 0x00,
    0xf8, 0xfc, 0xf8, 0x00, 0xf8, 0xfc, 0xf8, 0x00, 0xf8, 0xfc, 0xf8, 0x00,
    0xf8, 0xfc, 0xf8, 0x00, 0xf8, 0xfc, 0xf8, 0x00, 0xf8, 0xfc, 0xf8, 0x00,
    0xf8, 0xfc, 0xf8, 0x00, 0xf8, 0xfc, 0xf8, 0x00, 0xf8, 0xfc, 0xf8, 0x00,
    0xf8, 0xfc, 0xf8, 0x00, 0xf8, 0xfc, 0xf8, 0x00, 0xf8, 0xfc, 0xf8, 0x00,
    0xf8, 0xfc, 0xf8, 0x00, 0xf8, 0xfc, 0xf8, 0x00, 0xf8, 0xfc, 0xf8, 0x00,
    0xf8, 0xfc, 0xf8, 0x00, 0xf8, 0xfc, 0xf8, 0x00, 0xf8, 0xfc, 0xf8, 0x00,
    0xf8, 0xfc, 0xf8, 0x00, 0xf8, 0xfc, 0xf8, 0x00, 0xf8, 0xfc, 0xf8, 0x00,
    0xf8, 0xfc, 0xf8, 0x00, 0xf8, 0xfc, 0xf8, 0x00, 0xf8, 0xfc, 0xf8, 0x00,
    0xf8, 0xfc, 0xf8, 0x00, 0xf8, 0xfc, 0xf8, 0x00, 0xf8, 0xfc, 0xf8, 0x00,
    0xf8, 0xfc, 0xf8, 0x00, 0xf8, 0xfc, 0xf8, 0x00, 0xf8, 0xfc, 0xf8, 0x00,
    0xf8, 0xfc, 0xf8, 0x00, 0xf8, 0xfc, 0xf8, 0x00, 0xf8, 0xfc, 0xf8, 0x00,
    0xf8, 0xfc, 0xf8, 0x00, 0xf8, 0xfc, 0xf8, 0x00, 0xf8, 0xfc, 0xf8, 0x00,
    0xf8, 0xfc, 0xf8, 0x00, 0xf8, 0xfc, 0xf8, 0x00, 0xf8, 0xfc, 0xf8, 0x00,
    0xf8, 0xfc, 0xf8, 0x00, 0xf8, 0xfc, 0xf8, 0x00, 0xf8, 0xfc, 0xf8, 0x00,
    0xf8, 0xfc, 0xf8, 0x00, 0xf8, 0xfc, 0xf8, 0x00, 0x38, 0x58, 0xc8, 0x71,
    0x30, 0x54, 0xc8, 0xff, 0x30, 0x50, 0xd0, 0xff, 0x28, 0x4c, 0xc8, 0xff,
    0x20, 0x44, 0xc8, 0xff, 0x20, 0x44, 0xd0, 0xbe, 0xf8, 0xfc, 0xf8, 0x00,
    0xf8, 0xfc, 0xf8, 0x00, 0xd8, 0xa0, 0x78, 0x30, 0xd8, 0xa4, 0x78, 0xff,
    0xe0, 0xa4, 0x78, 0xff, 0xe0, 0xa4, 0x78, 0xff, 0xe0, 0xa8, 0x78, 0xff,
    0xe0, 0xa8, 0x78, 0xff, 0xf8, 0xfc, 0xf8, 0x00, 0xf8, 0xfc, 0xf8, 0x00,
    0xf8, 0xfc, 0xf8, 0x00, 0xf8, 0xfc, 0xf8, 0x00, 0xf8, 0xfc, 0xf8, 0x00,
    0xf8, 0xfc, 0xf8, 0x00, 0xf8, 0xfc, 0xf8, 0x00, 0xf8, 0xfc, 0xf8, 0x00,
    0xf8, 0xfc, 0xf8, 0x00, 0xf8, 0xfc, 0xf8, 0x00, 0xf8, 0xfc, 0xf8, 0x00,
    0xf8, 0xfc, 0xf8, 0x00, 0xf8, 0xfc, 0xf8, 0x00, 0xf8, 0xfc, 0xf8, 0x00,
    0xf8, 0xfc, 0xf8, 0x00, 0xf8, 0xfc, 0xf8, 0x00, 0xf8, 0xfc, 0xf8, 0x00,
    0xf8, 0xfc, 0xf8, 0x00, 0xf8, 0xfc, 0xf8, 0x00, 0xf8, 0xfc, 0xf8, 0x00,
    0xf8, 0xfc, 0xf8, 0x00, 0xf8, 0xfc, 0xf8, 0x00, 0xf8, 0xfc, 0xf8, 0x00,
    0xf8, 0xfc, 0xf8, 0x00, 0xf8, 0xfc, 0xf8, 0x00, 0xf8, 0xfc, 0xf8, 0x00,
    0xf8, 0xfc, 0xf8, 0x00, 0xf8, 0xfc, 0xf8, 0x00, 0xf8, 0xfc, 0xf8, 0x00,
    0xf8, 0xfc, 0xf8, 0x00, 0xf8, 0xfc, 0xf8, 0x00, 0xf8, 0xfc, 0xf8, 0x00,
    0xf8, 0xfc, 0xf8, 0x00, 0xf8, 0xfc, 0xf8, 0x00, 0xf8, 0xfc, 0xf8, 0x00,
    0xf8, 0xfc, 0xf8, 0x00, 0xf8, 0xfc, 0xf8, 0x00, 0xf8, 0xfc, 0xf8, 0x00,
    0xf8, 0xfc, 0xf8, 0x00, 0xf8, 0xfc, 0xf8, 0x00, 0xf8, 0xfc, 0xf8, 0x00,
    0xf8, 0xfc, 0xf8, 0x00, 0xf8, 0xfc, 0xf8, 0x00, 0xf8, 0xfc, 0xf8, 0x00,
    0xf8, 0xfc, 0xf8, 0x00, 0xf8, 0xfc, 0xf8, 0x00, 0xf8, 0xfc, 0xf8, 0x00,
    0xf8, 0xfc, 0xf8, 0x00, 0xf8, 0xfc, 0xf8, 0x00, 0xf8, 0xfc, 0xf8, 0x00,
    0xf8, 0xfc, 0xf8, 0x00, 0xf8, 0xfc, 0xf8, 0x00, 0xf8, 0xfc, 0xf8, 0x00,
    0xf8, 0xfc, 0xf8, 0x00, 0xf8, 0xfc, 0xf8, 0x00, 0xf8, 0xfc, 0xf8, 0x00,
    0xf8, 0xfc, 0xf8, 0x00, 0xf8, 0xfc, 0xf8, 0x00, 0xf8, 0xfc, 0xf8, 0x00,
    0xf8, 0xfc, 0xf8, 0x00, 0xf8, 0xfc, 0xf8, 0x00, 0xf8, 0xfc, 0xf8, 0x00,
    0xf8, 0xfc, 0xf8, 0x00, 0xf8, 0xfc, 0xf8, 0x00, 0xf8, 0xfc, 0xf8, 0x00,
    0xf8, 0xfc, 0xf8, 0x00, 0xf8, 0xfc, 0xf8, 0x00, 0xf8, 0xfc, 0xf8, 0x00,
    0xf8, 0xfc, 0xf8, 0x00, 0xf8, 0xfc, 0xf8, 0x00, 0xf8, 0xfc, 0xf8, 0x00,
    0xf8, 0xfc, 0xf8, 0x00, 0xf8, 0xfc, 0xf8, 0x00, 0xf8, 0xfc, 0xf8, 0x00,
    0xf8, 0xfc, 0xf8, 0x00, 0xf8, 0xfc, 0xf8, 0x00, 0xf8, 0xfc, 0xf8, 0x00,
    0xf8, 0xfc, 0xf8, 0x00, 0xf8, 0xfc, 0xf8, 0x00, 0xf8, 0xfc, 0xf8, 0x00,
    0xf8, 0xfc, 0xf8, 0x00, 0xf8, 0xfc, 0xf8, 0x00, 0xf8, 0xfc, 0xf8, 0x00,
    0xf8, 0xfc, 0xf8, 0x00, 0xf8, 0xfc, 0xf8, 0x00, 0xf8, 0xfc, 0xf8, 0x00,
    0xf8, 0xfc, 0xf8, 0x00, 0xf8, 0xfc, 0xf8, 0x00, 0xf8, 0xfc, 0xf8, 0x00,
    0xf8, 0xfc, 0xf8, 0x00, 0xf8, 0xfc, 0xf8, 0x00, 0xf8, 0xfc, 0xf8, 0x00,
    0xf8, 0xfc, 0xf8, 0x00, 0xf8, 0xfc, 0xf8, 0x00, 0xf8, 0xfc, 0xf8, 0x00,
    0xf8, 0xfc, 0xf8, 0x00, 0xf8, 0xfc, 0xf8, 0x00, 0xf8, 0xfc, 0xf8, 0x00,
    0xf8, 0xfc, 0xf8, 0x00, 0xf8, 0xfc, 0xf8, 0x00, 0xf8, 0xfc, 0xf8, 0x00,
    0xf8, 0xfc, 0xf8, 0x00, 0xf8, 0xfc, 0xf8, 0x00, 0xf8, 0xfc, 0xf8, 0x00,
    0xf8, 0xfc, 0xf8, 0x00, 0xf8, 0xfc, 0xf8, 0x00, 0xf8, 0xfc, 0xf8, 0x00,
    0xf8, 0xfc, 0xf8, 0x00, 0xf8, 0xfc, 0xf8, 0x00, 0xf8, 0xfc, 0xf8, 0x00,
    0xf8, 0xfc, 0xf8, 0x00, 0xf8, 0xfc, 0xf8, 0x00, 0x38, 0x54, 0xc8, 0x9e,
    0x30, 0x50, 0xc8, 0xff, 0x28, 0x4c, 0xc8, 0xff, 0x28, 0x48, 0xc8, 0xff,
    0x20, 0x44, 0xc8, 0xff, 0x18, 0x40, 0xc8, 0x82, 0xf8, 0xfc, 0xf8, 0x00,
    0xf8, 0xfc, 0xf8, 0x00, 0xf8, 0xfc, 0xf8, 0x00, 0xe0, 0xa4, 0x70, 0xff,
    0xe0, 0xa4, 0x78, 0xff, 0xd8, 0xa8, 0x78, 0xff, 0xe0, 0xa8, 0x78, 0xff,
    0xe0, 0xac, 0x80, 0xff, 0xe0, 0xac, 0x80, 0x30, 0xf8, 0xfc, 0xf8, 0x00,
    0xf8, 0xfc, 0xf8, 0x00, 0xf8, 0xfc, 0xf8, 0x00, 0xf8, 0xfc, 0xf8, 0x00,
    0xf8, 0xfc, 0xf8, 0x00, 0xf8, 0xfc, 0xf8, 0x00, 0xf8, 0xfc, 0xf8, 0x00,
    0xf8, 0xfc, 0xf8, 0x00, 0xf8, 0xfc, 0xf8, 0x00, 0xf8, 0xfc, 0xf8, 0x00,
    0xf8, 0xfc, 0xf8, 0x00, 0xf8, 0xfc, 0xf8, 0x00, 0xf8, 0xfc, 0xf8, 0x00,
    0xf8, 0xfc, 0xf8, 0x00, 0xf8, 0xfc, 0xf8, 0x00, 0xf8, 0xfc, 0xf8, 0x00,
    0xf8, 0xfc, 0xf8, 0x00, 0xf8, 0xfc, 0xf8, 0x00, 0xf8, 0xfc, 0xf8, 0x00,
    0xf8, 0xfc, 0xf8, 0x00, 0xf8, 0xfc, 0xf8, 0x00, 0xf8, 0xfc, 0xf8, 0x00,
    0xf8, 0xfc, 0xf8, 0x00, 0xf8, 0xfc, 0xf8, 0x00, 0xf8, 0xfc, 0xf8, 0x00,
    0xf8, 0xfc, 0xf8, 0x00, 0xf8, 0xfc, 0xf8, 0x00, 0xf8, 0xfc, 0xf8, 0x00,
    0xf8, 0xfc, 0xf8, 0x00, 0xf8, 0xfc, 0xf8, 0x00, 0xf8, 0xfc, 0xf8, 0x00,
    0xf8, 0xfc, 0xf8, 0x00, 0xf8, 0xfc, 0xf8, 0x00, 0xf8, 0xfc, 0xf8, 0x00,
    0xf8, 0xfc, 0xf8, 0x00, 0xf8, 0xfc, 0xf8, 0x00, 0xf8, 0xfc, 0xf8, 0x00,
    0xf8, 0xfc, 0xf8, 0x00, 0xf8, 0xfc, 0xf8, 0x00, 0xf8, 0xfc, 0xf8, 0x00,
    0xf8, 0xfc, 0xf8, 0x00, 0xf8, 0xfc, 0xf8, 0x00, 0xf8, 0xfc, 0xf8, 0x00,
    0xf8, 0xfc, 0xf8, 0x00, 0xf8, 0xfc, 0xf8, 0x00, 0xf8, 0xfc, 0xf8, 0x00,
    0xf8, 0xfc, 0xf8, 0x00, 0xf8, 0xfc, 0xf8, 0x00, 0xf8, 0xfc, 0xf8, 0x00,
    0xf8, 0xfc, 0xf8, 0x00, 0xf8, 0xfc, 0xf8, 0x00, 0xf8, 0xfc, 0xf8, 0x00,
    0xf8, 0xfc, 0xf8, 0x00, 0xf8, 0xfc, 0xf8, 0x00, 0xf8, 0xfc, 0xf8, 0x00,
    0xf8, 0xfc, 0xf8, 0x00, 0xf8, 0xfc, 0xf8, 0x00, 0xf8, 0xfc, 0xf8, 0x00,
    0xf8, 0xfc, 0xf8, 0x00, 0xf8, 0xfc, 0xf8, 0x00, 0xf8, 0xfc, 0xf8, 0x00,
    0xf8, 0xfc, 0xf8, 0x00, 0xf8, 0xfc, 0xf8, 0x00, 0xf8, 0xfc, 0xf8, 0x00,
    0xf8, 0xfc, 0xf8, 0x00, 0xf8, 0xfc, 0xf8, 0x00, 0xf8, 0xfc, 0xf8, 0x00,
    0xf8, 0xfc, 0xf8, 0x00, 0xf8, 0xfc, 0xf8, 0x00, 0xf8, 0xfc, 0xf8, 0x00,
    0xf8, 0xfc, 0xf8, 0x00, 0xf8, 0xfc, 0xf8, 0x00, 0xf8, 0xfc, 0xf8, 0x00,
    0xf8, 0xfc, 0xf8, 0x00, 0xf8, 0xfc, 0xf8, 0x00, 0xf8, 0xfc, 0xf8, 0x00,
    0xf8, 0xfc, 0xf8, 0x00, 0xf8, 0xfc, 0xf8, 0x00, 0xf8, 0xfc, 0xf8, 0x00,
    0xf8, 0xfc, 0xf8, 0x00, 0xf8, 0xfc, 0xf8, 0x00, 0xf8, 0xfc, 0xf8, 0x00,
    0xf8, 0xfc, 0xf8, 0x00, 0xf8, 0xfc, 0xf8, 0x00, 0xf8, 0xfc, 0xf8, 0x00,
    0xf8, 0xfc, 0xf8, 0x00, 0xf8, 0xfc, 0xf8, 0x00, 0xf8, 0xfc, 0xf8, 0x00,
    0xf8, 0xfc, 0xf8, 0x00, 0xf8, 0xfc, 0xf8, 0x00, 0xf8, 0xfc, 0xf8, 0x00,
    0xf8, 0xfc, 0xf8, 0x00, 0xf8, 0xfc, 0xf8, 0x00, 0xf8, 0xfc, 0xf8, 0x00,
    0xf8, 0xfc, 0xf8, 0x00, 0xf8, 0xfc, 0xf8, 0x00, 0xf8, 0xfc, 0xf8, 0x00,
    0xf8, 0xfc, 0xf8, 0x00, 0xf8, 0xfc, 0xf8, 0x00, 0xf8, 0xfc, 0xf8, 0x00,
    0xf8, 0xfc, 0xf8, 0x00, 0xf8, 0xfc, 0xf8, 0x00, 0xf8, 0xfc, 0xf8, 0x00,
    0xf8, 0xfc, 0xf8, 0x00, 0xf8, 0xfc, 0xf8, 0x00, 0xf8, 0xfc, 0xf8, 0x00,
    0xf8, 0xfc, 0xf8, 0x00, 0xf8, 0xfc, 0xf8, 0x00, 0xf8, 0xfc, 0xf8, 0x00,
    0xf8, 0xfc, 0xf8, 0x00, 0xf8, 0xfc, 0xf8, 0x00, 0x30, 0x54, 0xc8, 0xcf,
    0x30, 0x4c, 0xd0, 0xff, 0x28, 0x4c, 0xc8, 0xff, 0x20, 0x44, 0xd0, 0xff,
    0x18, 0x40, 0xd0, 0xff, 0x18, 0x3c, 0xc8, 0x51, 0xf8, 0xfc, 0xf8, 0x00,
    0xf8, 0xfc, 0xf8, 0x00, 0xf8, 0xfc, 0xf8, 0x00, 0xd8, 0xa4, 0x78, 0xbe,
    0xe0, 0xa4, 0x78, 0xff, 0xe0, 0xa8, 0x78, 0xff, 0xe0, 0xac, 0x78, 0xff,
    0xe0, 0xac, 0x80, 0xff, 0xe0, 0xac, 0x80, 0x71, 0xf8, 0xfc, 0xf8, 0x00,
    0xf8, 0xfc, 0xf8, 0x00, 0xf8, 0xfc, 0xf8, 0x00, 0xf8, 0xfc, 0xf8, 0x00,
    0xf8, 0xfc, 0xf8, 0x00, 0xf8, 0xfc, 0xf8, 0x00, 0xf8, 0xfc, 0xf8, 0x00,
    0xf8, 0xfc, 0xf8, 0x00, 0xf8, 0xfc, 0xf8, 0x00, 0xf8, 0xfc, 0xf8, 0x00,
    0xf8, 0xfc, 0xf8, 0x00, 0xf8, 0xfc, 0xf8, 0x00, 0xf8, 0xfc, 0xf8, 0x00,
    0xf8, 0xfc, 0xf8, 0x00, 0xf8, 0xfc, 0xf8, 0x00, 0xf8, 0xfc, 0xf8, 0x00,
    0xf8, 0xfc, 0xf8, 0x00, 0xf8, 0xfc, 0xf8, 0x00, 0xf8, 0xfc, 0xf8, 0x00,
    0xf8, 0xfc, 0xf8, 0x00, 0xf8, 0xfc, 0xf8, 0x00, 0xf8, 0xfc, 0xf8, 0x00,
    0xf8, 0xfc, 0xf8, 0x00, 0xf8, 0xfc, 0xf8, 0x00, 0xf8, 0xfc, 0xf8, 0x00,
    0xf8, 0xfc, 0xf8, 0x00, 0xf8, 0xfc, 0xf8, 0x00, 0xf8, 0xfc, 0xf8, 0x00,
    0xf8, 0xfc, 0xf8, 0x00, 0xf8, 0xfc, 0xf8, 0x00, 0xf8, 0xfc, 0xf8, 0x00,
    0xf8, 0xfc, 0xf8, 0x00, 0xf8, 0xfc, 0xf8, 0x00, 0xf8, 0xfc, 0xf8, 0x00,
    0xf8, 0xfc, 0xf8, 0x00, 0xf8, 0xfc, 0xf8, 0x00, 0xf8, 0xfc, 0xf8, 0x00,
    0xf8, 0xfc, 0xf8, 0x00, 0xf8, 0xfc, 0xf8, 0x00, 0xf8, 0xfc, 0xf8, 0x00,
    0xf8, 0xfc, 0xf8, 0x00, 0xf8, 0xfc, 0xf8, 0x00, 0xf8, 0xfc, 0xf8, 0x00,
    0xf8, 0xfc, 0xf8, 0x00, 0xf8, 0xfc, 0xf8, 0x00, 0xf8, 0xfc, 0xf8, 0x00,
    0xf8, 0xfc, 0xf8, 0x00, 0xf8, 0xfc, 0xf8, 0x00, 0xf8, 0xfc, 0xf8, 0x00,
    0xf8, 0xfc, 0xf8, 0x00, 0xf8, 0xfc, 0xf8, 0x00, 0xf8, 0xfc, 0xf8, 0x00,
    0xf8, 0xfc, 0xf8, 0x00, 0xf8, 0xfc, 0xf8, 0x00, 0xf8, 0xfc, 0xf8, 0x00,
    0xf8, 0xfc, 0xf8, 0x00, 0xf8, 0xfc, 0xf8, 0x00, 0xf8, 0xfc, 0xf8, 0x00,
    0xf8, 0xfc, 0xf8, 0x00, 0xf8, 0xfc, 0xf8, 0x00, 0xf8, 0xfc, 0xf8, 0x00,
    0xf8, 0xfc, 0xf8, 0x00, 0xf8, 0xfc, 0xf8, 0x00, 0xf8, 0xfc, 0xf8, 0x00,
    0xf8, 0xfc, 0xf8, 0x00, 0xf8, 0xfc, 0xf8, 0x00, 0xf8, 0xfc, 0xf8, 0x00,
    0xf8, 0xfc, 0xf8, 0x00, 0xf8, 0xfc, 0xf8, 0x00, 0xf8, 0xfc, 0xf8, 0x00,
    0xf8, 0xfc, 0xf8, 0x00, 0xf8, 0xfc, 0xf8, 0x00, 0xf8, 0xfc, 0xf8, 0x00,
    0xf8, 0xfc, 0xf8, 0x00, 0xf8, 0xfc, 0xf8, 0x00, 0xf8, 0xfc, 0xf8, 0x00,
    0xf8, 0xfc, 0xf8, 0x00, 0xf8, 0xfc, 0xf8, 0x00, 0xf8, 0xfc, 0xf8, 0x00,
    0xf8, 0xfc, 0xf8, 0x00, 0xf8, 0xfc, 0xf8, 0x00, 0xf8, 0xfc, 0xf8, 0x00,
    0xf8, 0xfc, 0xf8, 0x00, 0xf8, 0xfc, 0xf8, 0x00, 0xf8, 0xfc, 0xf8, 0x00,
    0xf8, 0xfc, 0xf8, 0x00, 0xf8, 0xfc, 0xf8, 0x00, 0xf8, 0xfc, 0xf8, 0x00,
    0xf8, 0xfc, 0xf8, 0x00, 0xf8, 0xfc, 0xf8, 0x00, 0xf8, 0xfc, 0xf8, 0x00,
    0xf8, 0xfc, 0xf8, 0x00, 0xf8, 0xfc, 0xf8, 0x00, 0xf8, 0xfc, 0xf8, 0x00,
    0xf8, 0xfc, 0xf8, 0x00, 0xf8, 0xfc, 0xf8, 0x00, 0xf8, 0xfc, 0xf8, 0x00,
    0xf8, 0xfc, 0xf8, 0x00, 0xf8, 0xfc, 0xf8, 0x00, 0xf8, 0xfc, 0xf8, 0x00,
    0xf8, 0xfc, 0xf8, 0x00, 0xf8, 0xfc, 0xf8, 0x00, 0xf8, 0xfc, 0xf8, 0x00,
    0xf8, 0xfc, 0xf8, 0x00, 0xf8, 0xfc, 0xf8, 0x00, 0xf8, 0xfc, 0xf8, 0x00,
    0xf8, 0xfc, 0xf8, 0x00, 0xf8, 0xfc, 0xf8, 0x00, 0xf8, 0xfc, 0xf8, 0x00,
    0xf8, 0xfc, 0xf8, 0x00, 0x30, 0x54, 0xc8, 0x10, 0x30, 0x50, 0xc8, 0xff,
    0x28, 0x4c, 0xc8, 0xff, 0x28, 0x48, 0xc8, 0xff, 0x20, 0x44, 0xd0, 0xff,
    0x18, 0x40, 0xc8, 0xff, 0x10, 0x38, 0xc8, 0x20, 0xf8, 0xfc, 0xf8, 0x00,
    0xf8, 0xfc, 0xf8, 0x00, 0xf8, 0xfc, 0xf8, 0x00, 0xe0, 0xa4, 0x78, 0x82,
    0xe0, 0xa8, 0x78, 0xff, 0xe0, 0xa8, 0x78, 0xff, 0xe0, 0xac, 0x80, 0xff,
    0xe0, 0xac, 0x80, 0xff, 0xe0, 0xac, 0x80, 0xae, 0xf8, 0xfc, 0xf8, 0x00,
    0xf8, 0xfc, 0xf8, 0x00, 0xf8, 0xfc, 0xf8, 0x00, 0xf8, 0xfc, 0xf8, 0x00,
    0xf8, 0xfc, 0xf8, 0x00, 0xf8, 0xfc, 0xf8, 0x00, 0xf8, 0xfc, 0xf8, 0x00,
    0xf8, 0xfc, 0xf8, 0x00, 0xf8, 0xfc, 0xf8, 0x00, 0xf8, 0xfc, 0xf8, 0x00,
    0xf8, 0xfc, 0xf8, 0x00, 0xf8, 0xfc, 0xf8, 0x00, 0xf8, 0xfc, 0xf8, 0x00,
    0xf8, 0xfc, 0xf8, 0x00, 0xf8, 0xfc, 0xf8, 0x00, 0xf8, 0xfc, 0xf8, 0x00,
    0xf8, 0xfc, 0xf8, 0x00, 0xf8, 0xfc, 0xf8, 0x00, 0xf8, 0xfc, 0xf8, 0x00,
    0xf8, 0xfc, 0xf8, 0x00, 0xf8, 0xfc, 0xf8, 0x00, 0xf8, 0xfc, 0xf8, 0x00,
    0xf8, 0xfc, 0xf8, 0x00, 0xf8, 0xfc, 0xf8, 0x00, 0xf8, 0xfc, 0xf8, 0x00,
    0xf8, 0xfc, 0xf8, 0x00, 0xf8, 0xfc, 0xf8, 0x00, 0xf8, 0xfc, 0xf8, 0x00,
    0xf8, 0xfc, 0xf8, 0x00, 0xf8, 0xfc, 0xf8, 0x00, 0xf8, 0xfc, 0xf8, 0x00,
    0xf8, 0xfc, 0xf8, 0x00, 0xf8, 0xfc, 0xf8, 0x00, 0xf8, 0xfc, 0xf8, 0x00,
    0xf8, 0xfc, 0xf8, 0x00, 0xf8, 0xfc, 0xf8, 0x00, 0xf8, 0xfc, 0xf8, 0x00,
    0xf8, 0xfc, 0xf8, 0x00, 0xf8, 0xfc, 0xf8, 0x00, 0xf8, 0xfc, 0xf8, 0x00,
    0xf8, 0xfc, 0xf8, 0x00, 0xf8, 0xfc, 0xf8, 0x00, 0xf8, 0xfc, 0xf8, 0x00,
    0xf8, 0xfc, 0xf8, 0x00, 0xf8, 0xfc, 0xf8, 0x00, 0xf8, 0xfc, 0xf8, 0x00,
    0xf8, 0xfc, 0xf8, 0x00, 0xf8, 0xfc, 0xf8, 0x00, 0xf8, 0xfc, 0xf8, 0x00,
    0xf8, 0xfc, 0xf8, 0x00, 0xf8, 0xfc, 0xf8, 0x00, 0xf8, 0xfc, 0xf8, 0x00,
    0xf8, 0xfc, 0xf8, 0x00, 0xf8, 0xfc, 0xf8, 0x00, 0xf8, 0xfc, 0xf8, 0x00,
    0xf8, 0xfc, 0xf8, 0x00, 0xf8, 0xfc, 0xf8, 0x00, 0xf8, 0xfc, 0xf8, 0x00,
    0xf8, 0xfc, 0xf8, 0x00, 0xf8, 0xfc, 0xf8, 0x00, 0xf8, 0xfc, 0xf8, 0x00,
    0xf8, 0xfc, 0xf8, 0x00, 0xf8, 0xfc, 0xf8, 0x00, 0xf8, 0xfc, 0xf8, 0x00,
    0xf8, 0xfc, 0xf8, 0x00, 0xf8, 0xfc, 0xf8, 0x00, 0xf8, 0xfc, 0xf8, 0x00,
    0xf8, 0xfc, 0xf8, 0x00, 0xf8, 0xfc, 0xf8, 0x00, 0xf8, 0xfc, 0xf8, 0x00,
    0xf8, 0xfc, 0xf8, 0x00, 0xf8, 0xfc, 0xf8, 0x00, 0xf8, 0xfc, 0xf8, 0x00,
    0xf8, 0xfc, 0xf8, 0x00, 0xf8, 0xfc, 0xf8, 0x00, 0xf8, 0xfc, 0xf8, 0x00,
    0xf8, 0xfc, 0xf8, 0x00, 0xf8, 0xfc, 0xf8, 0x00, 0xf8, 0xfc, 0xf8, 0x00,
    0xf8, 0xfc, 0xf8, 0x00, 0xf8, 0xfc, 0xf8, 0x00, 0xf8, 0xfc, 0xf8, 0x00,
    0xf8, 0xfc, 0xf8, 0x00, 0xf8, 0xfc, 0xf8, 0x00, 0xf8, 0xfc, 0xf8, 0x00,
    0xf8, 0xfc, 0xf8, 0x00, 0xf8, 0xfc, 0xf8, 0x00, 0xf8, 0xfc, 0xf8, 0x00,
    0xf8, 0xfc, 0xf8, 0x00, 0xf8, 0xfc, 0xf8, 0x00, 0xf8, 0xfc, 0xf8, 0x00,
    0xf8, 0xfc, 0xf8, 0x00, 0xf8, 0xfc, 0xf8, 0x00, 0xf8, 0xfc, 0xf8, 0x00,
    0xf8, 0xfc, 0xf8, 0x00, 0xf8, 0xfc, 0xf8, 0x00, 0xf8, 0xfc, 0xf8, 0x00,
    0xf8, 0xfc, 0xf8, 0x00, 0xf8, 0xfc, 0xf8, 0x00, 0xf8, 0xfc, 0xf8, 0x00,
    0xf8, 0xfc, 0xf8, 0x00, 0xf8, 0xfc, 0xf8, 0x00, 0xf8, 0xfc, 0xf8, 0x00,
    0xf8, 0xfc, 0xf8, 0x00, 0xf8, 0xfc, 0xf8, 0x00, 0xf8, 0xfc, 0xf8, 0x00,
    0xf8, 0xfc, 0xf8, 0x00, 0xf8, 0xfc, 0xf8, 0x00, 0xf8, 0xfc, 0xf8, 0x00,
    0xf8, 0xfc, 0xf8, 0x00, 0x30, 0x50, 0xc8, 0x51, 0x30, 0x4c, 0xd0, 0xff,
    0x28, 0x48, 0xc8, 0xff, 0x20, 0x44, 0xd0, 0xff, 0x18, 0x40, 0xc8, 0xff,
    0x18, 0x3c, 0xc8, 0xdf, 0xf8, 0xfc, 0xf8, 0x00, 0xf8, 0xfc, 0xf8, 0x00,
    0xf8, 0xfc, 0xf8, 0x00, 0xf8, 0xfc, 0xf8, 0x00, 0xe0, 0xa8, 0x78, 0x51,
    0xe0, 0xa8, 0x78, 0xff, 0xe0, 0xa8, 0x80, 0xff, 0xe0, 0xac, 0x80, 0xff,
    0xe0, 0xac, 0x80, 0xff, 0xe8, 0xb0, 0x80, 0xef, 0xf8, 0xfc, 0xf8, 0x00,
    0xf8, 0xfc, 0xf8, 0x00, 0xf8, 0xfc, 0xf8, 0x00, 0xf8, 0xfc, 0xf8, 0x00,
    0xf8, 0xfc, 0xf8, 0x00, 0xf8, 0xfc, 0xf8, 0x00, 0xf8, 0xfc, 0xf8, 0x00,
    0xf8, 0xfc, 0xf8, 0x00, 0xf8, 0xfc, 0xf8, 0x00, 0xf8, 0xfc, 0xf8, 0x00,
    0xf8, 0xfc, 0xf8, 0x00, 0xf8, 0xfc, 0xf8, 0x00, 0xf8, 0xfc, 0xf8, 0x00,
    0xf8, 0xfc, 0xf8, 0x00, 0xf8, 0xfc, 0xf8, 0x00, 0xf8, 0xfc, 0xf8, 0x00,
    0xf8, 0xfc, 0xf8, 0x00, 0xf8, 0xfc, 0xf8, 0x00, 0xf8, 0xfc, 0xf8, 0x00,
    0xf8, 0xfc, 0xf8, 0x00, 0xf8, 0xfc, 0xf8, 0x00, 0xf8, 0xfc, 0xf8, 0x00,
    0xf8, 0xfc, 0xf8, 0x00, 0xf8, 0xfc, 0xf8, 0x00, 0xf8, 0xfc, 0xf8, 0x00,
    0xf8, 0xfc, 0xf8, 0x00, 0xf8, 0xfc, 0xf8, 0x00, 0xf8, 0xfc, 0xf8, 0x00,
    0xf8, 0xfc, 0xf8, 0x00, 0xf8, 0xfc, 0xf8, 0x00, 0xf8, 0xfc, 0xf8, 0x00,
    0xf8, 0xfc, 0xf8, 0x00, 0xf8, 0xfc, 0xf8, 0x00, 0xf8, 0xfc, 0xf8, 0x00,
    0xf8, 0xfc, 0xf8, 0x00, 0xf8, 0xfc, 0xf8, 0x00, 0xf8, 0xfc, 0xf8, 0x00,
    0xf8, 0xfc, 0xf8, 0x00, 0xf8, 0xfc, 0xf8, 0x00, 0xf8, 0xfc, 0xf8, 0x00,
    0xf8, 0xfc, 0xf8, 0x00, 0xf8, 0xfc, 0xf8, 0x00, 0xf8, 0xfc, 0xf8, 0x00,
    0xf8, 0xfc, 0xf8, 0x00, 0xf8, 0xfc, 0xf8, 0x00, 0xf8, 0xfc, 0xf8, 0x00,
    0xf8, 0xfc, 0xf8, 0x00, 0xf8, 0xfc, 0xf8, 0x00, 0xf8, 0xfc, 0xf8, 0x00,
    0xf8, 0xfc, 0xf8, 0x00, 0xf8, 0xfc, 0xf8, 0x00, 0xf8, 0xfc, 0xf8, 0x00,
    0xf8, 0xfc, 0xf8, 0x00, 0xf8, 0xfc, 0xf8, 0x00, 0xf8, 0xfc, 0xf8, 0x00,
    0xf8, 0xfc, 0xf8, 0x00, 0xf8, 0xfc, 0xf8, 0x00, 0xf8, 0xfc, 0xf8, 0x00,
    0xf8, 0xfc, 0xf8, 0x00, 0xf8, 0xfc, 0xf8, 0x00, 0xf8, 0xfc, 0xf8, 0x00,
    0xf8, 0xfc, 0xf8, 0x00, 0xf8, 0xfc, 0xf8, 0x00, 0xf8, 0xfc, 0xf8, 0x00,
    0xf8, 0xfc, 0xf8, 0x00, 0xf8, 0xfc, 0xf8, 0x00, 0xf8, 0xfc, 0xf8, 0x00,
    0xf8, 0xfc, 0xf8, 0x00, 0xf8, 0xfc, 0xf8, 0x00, 0xf8, 0xfc, 0xf8, 0x00,
    0xf8, 0xfc, 0xf8, 0x00, 0xf8, 0xfc, 0xf8, 0x00, 0xf8, 0xfc, 0xf8, 0x00,
    0xf8, 0xfc, 0xf8, 0x00, 0xf8, 0xfc, 0xf8, 0x00, 0xf8, 0xfc, 0xf8, 0x00,
    0xf8, 0xfc, 0xf8, 0x00, 0xf8, 0xfc, 0xf8, 0x00, 0xf8, 0xfc, 0xf8, 0x00,
    0xf8, 0xfc, 0xf8, 0x00, 0xf8, 0xfc, 0xf8, 0x00, 0xf8, 0xfc, 0xf8, 0x00,
    0xf8, 0xfc, 0xf8, 0x00, 0xf8, 0xfc, 0xf8, 0x00, 0xf8, 0xfc, 0xf8, 0x00,
    0xf8, 0xfc, 0xf8, 0x00, 0xf8, 0xfc, 0xf8, 0x00, 0xf8, 0xfc, 0xf8, 0x00,
    0xf8, 0xfc, 0xf8, 0x00, 0xf8, 0xfc, 0xf8, 0x00, 0xf8, 0xfc, 0xf8, 0x00,
    0xf8, 0xfc, 0xf8, 0x00, 0xf8, 0xfc, 0xf8, 0x00, 0xf8, 0xfc, 0xf8, 0x00,
    0xf8, 0xfc, 0xf8, 0x00, 0xf8, 0xfc, 0xf8, 0x00, 0xf8, 0xfc, 0xf8, 0x00,
    0xf8, 0xfc, 0xf8, 0x00, 0xf8, 0xfc, 0xf8, 0x00, 0xf8, 0xfc, 0xf8, 0x00,
    0xf8, 0xfc, 0xf8, 0x00, 0xf8, 0xfc, 0xf8, 0x00, 0xf8, 0xfc, 0xf8, 0x00,
    0xf8, 0xfc, 0xf8, 0x00, 0xf8, 0xfc, 0xf8, 0x00, 0xf8, 0xfc, 0xf8, 0x00,
    0xf8, 0xfc, 0xf8, 0x00, 0xf8, 0xfc, 0xf8, 0x00, 0xf8, 0xfc, 0xf8, 0x00,
    0xf8, 0xfc, 0xf8, 0x00, 0x30, 0x50, 0xc8, 0x8e, 0x28, 0x4c, 0xc8, 0xff,
    0x20, 0x48, 0xc8, 0xff, 0x18, 0x44, 0xd0, 0xff, 0x18, 0x3c, 0xc8, 0xff,
    0x10, 0x3c, 0xd0, 0xae, 0xf8, 0xfc, 0xf8, 0x00, 0xf8, 0xfc, 0xf8, 0x00,
    0xf8, 0xfc, 0xf8, 0x00, 0xf8, 0xfc, 0xf8, 0x00, 0xe0, 0xa8, 0x78, 0x10,
    0xe0, 0xa8, 0x78, 0xff, 0xe0, 0xac, 0x80, 0xff, 0xe0, 0xac, 0x80, 0xff,
    0xe0, 0xb0, 0x80, 0xff, 0xe8, 0xb0, 0x80, 0xff, 0xe8, 0xb0, 0x80, 0x30,
    0xf8, 0xfc, 0xf8, 0x00, 0xf8, 0xfc, 0xf8, 0x00, 0xf8, 0xfc, 0xf8, 0x00,
    0xf8, 0xfc, 0xf8, 0x00, 0xf8, 0xfc, 0xf8, 0x00, 0xf8, 0xfc, 0xf8, 0x00,
    0xf8, 0xfc, 0xf8, 0x00, 0xf8, 0xfc, 0xf8, 0x00, 0xf8, 0xfc, 0xf8, 0x00,
    0xf8, 0xfc, 0xf8, 0x00, 0xf8, 0xfc, 0xf8, 0x00, 0xf8, 0xfc, 0xf8, 0x00,
    0xf8, 0xfc, 0xf8, 0x00, 0xf8, 0xfc, 0xf8, 0x00, 0xf8, 0xfc, 0xf8, 0x00,
    0xf8, 0xfc, 0xf8, 0x00, 0xf8, 0xfc, 0xf8, 0x00, 0xf8, 0xfc, 0xf8, 0x00,
    0xf8, 0xfc, 0xf8, 0x00, 0xf8, 0xfc, 0xf8, 0x00, 0xf8, 0xfc, 0xf8, 0x00,
    0xf8, 0xfc, 0xf8, 0x00, 0xf8, 0xfc, 0xf8, 0x00, 0xf8, 0xfc, 0xf8, 0x00,
    0xf8, 0xfc, 0xf8, 0x00, 0xf8, 0xfc, 0xf8, 0x00, 0xf8, 0xfc, 0xf8, 0x00,
    0xf8, 0xfc, 0xf8, 0x00, 0xf8, 0xfc, 0xf8, 0x00, 0xf8, 0xfc, 0xf8, 0x00,
    0xf8, 0xfc, 0xf8, 0x00, 0xf8, 0xfc, 0xf8, 0x00, 0xf8, 0xfc, 0xf8, 0x00,
    0xf8, 0xfc, 0xf8, 0x00, 0xf8, 0xfc, 0xf8, 0x00, 0xf8, 0xfc, 0xf8, 0x00,
    0xf8, 0xfc, 0xf8, 0x00, 0xf8, 0xfc, 0xf8, 0x00, 0xf8, 0xfc, 0xf8, 0x00,
    0xf8, 0xfc, 0xf8, 0x00, 0xf8, 0xfc, 0xf8, 0x00, 0xf8, 0xfc, 0xf8, 0x00,
    0xf8, 0xfc, 0xf8, 0x00, 0xf8, 0xfc, 0xf8, 0x00, 0xf8, 0xfc, 0xf8, 0x00,
    0xf8, 0xfc, 0xf8, 0x00, 0xf8, 0xfc, 0xf8, 0x00, 0xf8, 0xfc, 0xf8, 0x00,
    0xf8, 0xfc, 0xf8, 0x00, 0xf8, 0xfc, 0xf8, 0x00, 0xf8, 0xfc, 0xf8, 0x00,
    0xf8, 0xfc, 0xf8, 0x00, 0xf8, 0xfc, 0xf8, 0x00, 0xf8, 0xfc, 0xf8, 0x00,
    0xf8, 0xfc, 0xf8, 0x00, 0xf8, 0xfc, 0xf8, 0x00, 0xf8, 0xfc, 0xf8, 0x00,
    0xf8, 0xfc, 0xf8, 0x00, 0xf8, 0xfc, 0xf8, 0x00, 0xf8, 0xfc, 0xf8, 0x00,
    0xf8, 0xfc, 0xf8, 0x00, 0xf8, 0xfc, 0xf8, 0x00, 0xf8, 0xfc, 0xf8, 0x00,
    0xf8, 0xfc, 0xf8, 0x00, 0xf8, 0xfc, 0xf8, 0x00, 0xf8, 0xfc, 0xf8, 0x00,
    0xf8, 0xfc, 0xf8, 0x00, 0xf8, 0xfc, 0xf8, 0x00, 0xf8, 0xfc, 0xf8, 0x00,
    0xf8, 0xfc, 0xf8, 0x00, 0xf8, 0xfc, 0xf8, 0x00, 0xf8, 0xfc, 0xf8, 0x00,
    0xf8, 0xfc, 0xf8, 0x00, 0xf8, 0xfc, 0xf8, 0x00, 0xf8, 0xfc, 0xf8, 0x00,
    0xf8, 0xfc, 0xf8, 0x00, 0xf8, 0xfc, 0xf8, 0x00, 0xf8, 0xfc, 0xf8, 0x00,
    0xf8, 0xfc, 0xf8, 0x00, 0xf8, 0xfc, 0xf8, 0x00, 0xf8, 0xfc, 0xf8, 0x00,
    0xf8, 0xfc, 0xf8, 0x00, 0xf8, 0xfc, 0xf8, 0x00, 0xf8, 0xfc, 0xf8, 0x00,
    0xf8, 0xfc, 0xf8, 0x00, 0xf8, 0xfc, 0xf8, 0x00, 0xf8, 0xfc, 0xf8, 0x00,
    0xf8, 0xfc, 0xf8, 0x00, 0xf8, 0xfc, 0xf8, 0x00, 0xf8, 0xfc, 0xf8, 0x00,
    0xf8, 0xfc, 0xf8, 0x00, 0xf8, 0xfc, 0xf8, 0x00, 0xf8, 0xfc, 0xf8, 0x00,
    0xf8, 0xfc, 0xf8, 0x00, 0xf8, 0xfc, 0xf8, 0x00, 0xf8, 0xfc, 0xf8, 0x00,
    0xf8, 0xfc, 0xf8, 0x00, 0xf8, 0xfc, 0xf8, 0x00, 0xf8, 0xfc, 0xf8, 0x00,
    0xf8, 0xfc, 0xf8, 0x00, 0xf8, 0xfc, 0xf8, 0x00, 0xf8, 0xfc, 0xf8, 0x00,
    0xf8, 0xfc, 0xf8, 0x00, 0xf8, 0xfc, 0xf8, 0x00, 0xf8, 0xfc, 0xf8, 0x00,
    0xf8, 0xfc, 0xf8, 0x00, 0xf8, 0xfc, 0xf8, 0x00, 0xf8, 0xfc, 0xf8, 0x00,
    0xf8, 0xfc, 0xf8, 0x00, 0x28, 0x4c, 0xc8, 0xdf, 0x28, 0x48, 0xc8, 0xff,
    0x20, 0x44, 0xd0, 0xff, 0x18, 0x40, 0xc8, 0xff, 0x18, 0x3c, 0xc8, 0xff,
    0x10, 0x38, 0xd0, 0x61, 0xf8, 0xfc, 0xf8, 0x00, 0xf8, 0xfc, 0xf8, 0x00,
    0xf8, 0xfc, 0xf8, 0x00, 0xf8, 0xfc, 0xf8, 0x00, 0xf8, 0xfc, 0xf8, 0x00,
    0xe0, 0xa8, 0x80, 0xbe, 0xe0, 0xac, 0x80, 0xff, 0xe0, 0xb0, 0x80, 0xff,
    0xe8, 0xb0, 0x80, 0xff, 0xe8, 0xb0, 0x80, 0xff, 0xe8, 0xb4, 0x80, 0x92,
    0xf8, 0xfc, 0xf8, 0x00, 0xf8, 0xfc, 0xf8, 0x00, 0xf8, 0xfc, 0xf8, 0x00,
    0xf8, 0xfc, 0xf8, 0x00, 0xf8, 0xfc, 0xf8, 0x00, 0xf8, 0xfc, 0xf8, 0x00,
    0xf8, 0xfc, 0xf8, 0x00, 0xf8, 0xfc, 0xf8, 0x00, 0xf8, 0xfc, 0xf8, 0x00,
    0xf8, 0xfc, 0xf8, 0x00, 0xf8, 0xfc, 0xf8, 0x00, 0xf8, 0xfc, 0xf8, 0x00,
    0xf8, 0xfc, 0xf8, 0x00, 0xf8, 0xfc, 0xf8, 0x00, 0xf8, 0xfc, 0xf8, 0x00,
    0xf8, 0xfc, 0xf8, 0x00, 0xf8, 0xfc, 0xf8, 0x00, 0xf8, 0xfc, 0xf8, 0x00,
    0xf8, 0xfc, 0xf8, 0x00, 0xf8, 0xfc, 0xf8, 0x00, 0xf8, 0xfc, 0xf8, 0x00,
    0xf8, 0xfc, 0xf8, 0x00, 0xf8, 0xfc, 0xf8, 0x00, 0xf8, 0xfc, 0xf8, 0x00,
    0xf8, 0xfc, 0xf8, 0x00, 0xf8, 0xfc, 0xf8, 0x00, 0xf8, 0xfc, 0xf8, 0x00,
    0xf8, 0xfc, 0xf8, 0x00, 0xf8, 0xfc, 0xf8, 0x00, 0xf8, 0xfc, 0xf8, 0x00,
    0xf8, 0xfc, 0xf8, 0x00, 0xf8, 0xfc, 0xf8, 0x00, 0xf8, 0xfc, 0xf8, 0x00,
    0xf8, 0xfc, 0xf8, 0x00, 0xf8, 0xfc, 0xf8, 0x00, 0xf8, 0xfc, 0xf8, 0x00,
    0xf8, 0xfc, 0xf8, 0x00, 0xf8, 0xfc, 0xf8, 0x00, 0xf8, 0xfc, 0xf8, 0x00,
    0xf8, 0xfc, 0xf8, 0x00, 0xf8, 0xfc, 0xf8, 0x00, 0xf8, 0xfc, 0xf8, 0x00,
    0xf8, 0xfc, 0xf8, 0x00, 0xf8, 0xfc, 0xf8, 0x00, 0xf8, 0xfc, 0xf8, 0x00,
    0xf8, 0xfc, 0xf8, 0x00, 0xf8, 0xfc, 0xf8, 0x00, 0xf8, 0xfc, 0xf8, 0x00,
    0xf8, 0xfc, 0xf8, 0x00, 0xf8, 0xfc, 0xf8, 0x00, 0xf8, 0xfc, 0xf8, 0x00,
    0xf8, 0xfc, 0xf8, 0x00, 0xf8, 0xfc, 0xf8, 0x00, 0xf8, 0xfc, 0xf8, 0x00,
    0xf8, 0xfc, 0xf8, 0x00, 0xf8, 0xfc, 0xf8, 0x00, 0xf8, 0xfc, 0xf8, 0x00,
    0xf8, 0xfc, 0xf8, 0x00, 0xf8, 0xfc, 0xf8, 0x00, 0xf8, 0xfc, 0xf8, 0x00,
    0xf8, 0xfc, 0xf8, 0x00, 0xf8, 0xfc, 0xf8, 0x00, 0xf8, 0xfc, 0xf8, 0x00,
    0xf8, 0xfc, 0xf8, 0x00, 0xf8, 0xfc, 0xf8, 0x00, 0xf8, 0xfc, 0xf8, 0x00,
    0xf8, 0xfc, 0xf8, 0x00, 0xf8, 0xfc, 0xf8, 0x00, 0xf8, 0xfc, 0xf8, 0x00,
    0xf8, 0xfc, 0xf8, 0x00, 0xf8, 0xfc, 0xf8, 0x00, 0xf8, 0xfc, 0xf8, 0x00,
    0xf8, 0xfc, 0xf8, 0x00, 0xf8, 0xfc, 0xf8, 0x00, 0xf8, 0xfc, 0xf8, 0x00,
    0xf8, 0xfc, 0xf8, 0x00, 0xf8, 0xfc, 0xf8, 0x00, 0xf8, 0xfc, 0xf8, 0x00,
    0xf8, 0xfc, 0xf8, 0x00, 0xf8, 0xfc, 0xf8, 0x00, 0xf8, 0xfc, 0xf8, 0x00,
    0xf8, 0xfc, 0xf8, 0x00, 0xf8, 0xfc, 0xf8, 0x00, 0xf8, 0xfc, 0xf8, 0x00,
    0xf8, 0xfc, 0xf8, 0x00, 0xf8, 0xfc, 0xf8, 0x00, 0xf8, 0xfc, 0xf8, 0x00,
    0xf8, 0xfc, 0xf8, 0x00, 0xf8, 0xfc, 0xf8, 0x00, 0xf8, 0xfc, 0xf8, 0x00,
    0xf8, 0xfc, 0xf8, 0x00, 0xf8, 0xfc, 0xf8, 0x00, 0xf8, 0xfc, 0xf8, 0x00,
    0xf8, 0xfc, 0xf8, 0x00, 0xf8, 0xfc, 0xf8, 0x00, 0xf8, 0xfc, 0xf8, 0x00,
    0xf8, 0xfc, 0xf8, 0x00, 0xf8, 0xfc, 0xf8, 0x00, 0xf8, 0xfc, 0xf8, 0x00,
    0xf8, 0xfc, 0xf8, 0x00, 0xf8, 0xfc, 0xf8, 0x00, 0xf8, 0xfc, 0xf8, 0x00,
    0xf8, 0xfc, 0xf8, 0x00, 0xf8, 0xfc, 0xf8, 0x00, 0xf8, 0xfc, 0xf8, 0x00,
    0xf8, 0xfc, 0xf8, 0x00, 0xf8, 0xfc, 0xf8, 0x00, 0xf8, 0xfc, 0xf8, 0x00,
    0x30, 0x50, 0xc8, 0x30, 0x28, 0x48, 0xc8, 0xff, 0x20, 0x48, 0xd0, 0xff,
    0x18, 0x40, 0xc8, 0xff, 0x18, 0x3c, 0xc8, 0xff, 0x10, 0x38, 0xd0, 0xff,
    0x08, 0x34, 0xc8, 0x20, 0xf8, 0xfc, 0xf8, 0x00, 0xf8, 0xfc, 0xf8, 0x00,
    0xf8, 0xfc, 0xf8, 0x00, 0xf8, 0xfc, 0xf8, 0x00, 0xf8, 0xfc, 0xf8, 0x00,
    0xe0, 0xac, 0x80, 0x71, 0xe0, 0xac, 0x78, 0xff, 0xe0, 0xb0, 0x80, 0xff,
    0xe8, 0xb0, 0x80, 0xff, 0xe8, 0xb0, 0x80, 0xff, 0xe8, 0xb4, 0x88, 0xdf,
    0xf8, 0xfc, 0xf8, 0x00, 0xf8, 0xfc, 0xf8, 0x00, 0xf8, 0xfc, 0xf8, 0x00,
    0xf8, 0xfc, 0xf8, 0x00, 0xf8, 0xfc, 0xf8, 0x00, 0xf8, 0xfc, 0xf8, 0x00,
    0xf8, 0xfc, 0xf8, 0x00, 0xf8, 0xfc, 0xf8, 0x00, 0xf8, 0xfc, 0xf8, 0x00,
    0xf8, 0xfc, 0xf8, 0x00, 0xf8, 0xfc, 0xf8, 0x00, 0xf8, 0xfc, 0xf8, 0x00,
    0xf8, 0xfc, 0xf8, 0x00, 0xf8, 0xfc, 0xf8, 0x00, 0xf8, 0xfc, 0xf8, 0x00,
    0xf8, 0xfc, 0xf8, 0x00, 0xf8, 0xfc, 0xf8, 0x00, 0xf8, 0xfc, 0xf8, 0x00,
    0xf8, 0xfc, 0xf8, 0x00, 0xf8, 0xfc, 0xf8, 0x00, 0xf8, 0xfc, 0xf8, 0x00,
    0xf8, 0xfc, 0xf8, 0x00, 0xf8, 0xfc, 0xf8, 0x00, 0xf8, 0xfc, 0xf8, 0x00,
    0xf8, 0xfc, 0xf8, 0x00, 0xf8, 0xfc, 0xf8, 0x00, 0xf8, 0xfc, 0xf8, 0x00,
    0xf8, 0xfc, 0xf8, 0x00, 0xf8, 0xfc, 0xf8, 0x00, 0xf8, 0xfc, 0xf8, 0x00,
    0xf8, 0xfc, 0xf8, 0x00, 0xf8, 0xfc, 0xf8, 0x00, 0xf8, 0xfc, 0xf8, 0x00,
    0xf8, 0xfc, 0xf8, 0x00, 0xf8, 0xfc, 0xf8, 0x00, 0xf8, 0xfc, 0xf8, 0x00,
    0xf8, 0xfc, 0xf8, 0x00, 0xf8, 0xfc, 0xf8, 0x00, 0xf8, 0xfc, 0xf8, 0x00,
    0xf8, 0xfc, 0xf8, 0x00, 0xf8, 0xfc, 0xf8, 0x00, 0xf8, 0xfc, 0xf8, 0x00,
    0xf8, 0xfc, 0xf8, 0x00, 0xf8, 0xfc, 0xf8, 0x00, 0xf8, 0xfc, 0xf8, 0x00,
    0xf8, 0xfc, 0xf8, 0x00, 0xf8, 0xfc, 0xf8, 0x00, 0xf8, 0xfc, 0xf8, 0x00,
    0xf8, 0xfc, 0xf8, 0x00, 0xf8, 0xfc, 0xf8, 0x00, 0xf8, 0xfc, 0xf8, 0x00,
    0xf8, 0xfc, 0xf8, 0x00, 0xf8, 0xfc, 0xf8, 0x00, 0xf8, 0xfc, 0xf8, 0x00,
    0xf8, 0xfc, 0xf8, 0x00, 0xf8, 0xfc, 0xf8, 0x00, 0xf8, 0xfc, 0xf8, 0x00,
    0xf8, 0xfc, 0xf8, 0x00, 0xf8, 0xfc, 0xf8, 0x00, 0xf8, 0xfc, 0xf8, 0x00,
    0xf8, 0xfc, 0xf8, 0x00, 0xf8, 0xfc, 0xf8, 0x00, 0xf8, 0xfc, 0xf8, 0x00,
    0xf8, 0xfc, 0xf8, 0x00, 0xf8, 0xfc, 0xf8, 0x00, 0xf8, 0xfc, 0xf8, 0x00,
    0xf8, 0xfc, 0xf8, 0x00, 0xf8, 0xfc, 0xf8, 0x00, 0xf8, 0xfc, 0xf8, 0x00,
    0xf8, 0xfc, 0xf8, 0x00, 0xf8, 0xfc, 0xf8, 0x00, 0xf8, 0xfc, 0xf8, 0x00,
    0xf8, 0xfc, 0xf8, 0x00, 0xf8, 0xfc, 0xf8, 0x00, 0xf8, 0xfc, 0xf8, 0x00,
    0xf8, 0xfc, 0xf8, 0x00, 0xf8, 0xfc, 0xf8, 0x00, 0xf8, 0xfc, 0xf8, 0x00,
    0xf8, 0xfc, 0xf8, 0x00, 0xf8, 0xfc, 0xf8, 0x00, 0xf8, 0xfc, 0xf8, 0x00,
    0xf8, 0xfc, 0xf8, 0x00, 0xf8, 0xfc, 0xf8, 0x00, 0xf8, 0xfc, 0xf8, 0x00,
    0xf8, 0xfc, 0xf8, 0x00, 0xf8, 0xfc, 0xf8, 0x00, 0xf8, 0xfc, 0xf8, 0x00,
    0xf8, 0xfc, 0xf8, 0x00, 0xf8, 0xfc, 0xf8, 0x00, 0xf8, 0xfc, 0xf8, 0x00,
    0xf8, 0xfc, 0xf8, 0x00, 0xf8, 0xfc, 0xf8, 0x00, 0xf8, 0xfc, 0xf8, 0x00,
    0xf8, 0xfc, 0xf8, 0x00, 0xf8, 0xfc, 0xf8, 0x00, 0xf8, 0xfc, 0xf8, 0x00,
    0xf8, 0xfc, 0xf8, 0x00, 0xf8, 0xfc, 0xf8, 0x00, 0xf8, 0xfc, 0xf8, 0x00,
    0xf8, 0xfc, 0xf8, 0x00, 0xf8, 0xfc, 0xf8, 0x00, 0xf8, 0xfc, 0xf8, 0x00,
    0xf8, 0xfc, 0xf8, 0x00, 0xf8, 0xfc, 0xf8, 0x00, 0xf8, 0xfc, 0xf8, 0x00,
    0xf8, 0xfc, 0xf8, 0x00, 0xf8, 0xfc, 0xf8, 0x00, 0xf8, 0xfc, 0xf8, 0x00,
    0x28, 0x4c, 0xc8, 0x92, 0x20, 0x48, 0xc8, 0xff, 0x20, 0x44, 0xd0, 0xff,
    0x18, 0x40, 0xc8, 0xff, 0x10, 0x3c, 0xd0, 0xff, 0x10, 0x34, 0xc8, 0xcf,
    0xf8, 0xfc, 0xf8, 0x00, 0xf8, 0xfc, 0xf8, 0x00, 0xf8, 0xfc, 0xf8, 0x00,
    0xf8, 0xfc, 0xf8, 0x00, 0xf8, 0xfc, 0xf8, 0x00, 0xf8, 0xfc, 0xf8, 0x00,
    0xe0, 0xac, 0x80, 0x20, 0xe0, 0xac, 0x80, 0xff, 0xe8, 0xb0, 0x80, 0xff,
    0xe0, 0xb0, 0x80, 0xff, 0xe8, 0xb4, 0x80, 0xff, 0xe8, 0xb4, 0x88, 0xff,
    0xe8, 0xb8, 0x88, 0x30, 0xf8, 0xfc, 0xf8, 0x00, 0xf8, 0xfc, 0xf8, 0x00,
    0xf8, 0xfc, 0xf8, 0x00, 0xf8, 0xfc, 0xf8, 0x00, 0xf8, 0xfc, 0xf8, 0x00,
    0xf8, 0xfc, 0xf8, 0x00, 0xf8, 0xfc, 0xf8, 0x00, 0xf8, 0xfc, 0xf8, 0x00,
    0xf8, 0xfc, 0xf8, 0x00, 0xf8, 0xfc, 0xf8, 0x00, 0xf8, 0xfc, 0xf8, 0x00,
    0xf8, 0xfc, 0xf8, 0x00, 0xf8, 0xfc, 0xf8, 0x00, 0xf8, 0xfc, 0xf8, 0x00,
    0xf8, 0xfc, 0xf8, 0x00, 0xf8, 0xfc, 0xf8, 0x00, 0xf8, 0xfc, 0xf8, 0x00,
    0xf8, 0xfc, 0xf8, 0x00, 0xf8, 0xfc, 0xf8, 0x00, 0xf8, 0xfc, 0xf8, 0x00,
    0xf8, 0xfc, 0xf8, 0x00, 0xf8, 0xfc, 0xf8, 0x00, 0xf8, 0xfc, 0xf8, 0x00,
    0xf8, 0xfc, 0xf8, 0x00, 0xf8, 0xfc, 0xf8, 0x00, 0xf8, 0xfc, 0xf8, 0x00,
    0xf8, 0xfc, 0xf8, 0x00, 0xf8, 0xfc, 0xf8, 0x00, 0xf8, 0xfc, 0xf8, 0x00,
    0xf8, 0xfc, 0xf8, 0x00, 0xf8, 0xfc, 0xf8, 0x00, 0xf8, 0xfc, 0xf8, 0x00,
    0xf8, 0xfc, 0xf8, 0x00, 0xf8, 0xfc, 0xf8, 0x00, 0xf8, 0xfc, 0xf8, 0x00,
    0xf8, 0xfc, 0xf8, 0x00, 0xf8, 0xfc, 0xf8, 0x00, 0xf8, 0xfc, 0xf8, 0x00,
    0xf8, 0xfc, 0xf8, 0x00, 0xf8, 0xfc, 0xf8, 0x00, 0xf8, 0xfc, 0xf8, 0x00,
    0xf8, 0xfc, 0xf8, 0x00, 0xf8, 0xfc, 0xf8, 0x00, 0xf8, 0xfc, 0xf8, 0x00,
    0xf8, 0xfc, 0xf8, 0x00, 0xf8, 0xfc, 0xf8, 0x00, 0xf8, 0xfc, 0xf8, 0x00,
    0xf8, 0xfc, 0xf8, 0x00, 0xf8, 0xfc, 0xf8, 0x00, 0xf8, 0xfc, 0xf8, 0x00,
    0xf8, 0xfc, 0xf8, 0x00, 0xf8, 0xfc, 0xf8, 0x00, 0xf8, 0xfc, 0xf8, 0x00,
    0xf8, 0xfc, 0xf8, 0x00, 0xf8, 0xfc, 0xf8, 0x00, 0xf8, 0xfc, 0xf8, 0x00,
    0xf8, 0xfc, 0xf8, 0x00, 0xf8, 0xfc, 0xf8, 0x00, 0xf8, 0xfc, 0xf8, 0x00,
    0xf8, 0xfc, 0xf8, 0x00, 0xf8, 0xfc, 0xf8, 0x00, 0xf8, 0xfc, 0xf8, 0x00,
    0xf8, 0xfc, 0xf8, 0x00, 0xf8, 0xfc, 0xf8, 0x00, 0xf8, 0xfc, 0xf8, 0x00,
    0xf8, 0xfc, 0xf8, 0x00, 0xf8, 0xfc, 0xf8, 0x00, 0xf8, 0xfc, 0xf8, 0x00,
    0xf8, 0xfc, 0xf8, 0x00, 0xf8, 0xfc, 0xf8, 0x00, 0xf8, 0xfc, 0xf8, 0x00,
    0xf8, 0xfc, 0xf8, 0x00, 0xf8, 0xfc, 0xf8, 0x00, 0xf8, 0xfc, 0xf8, 0x00,
    0xf8, 0xfc, 0xf8, 0x00, 0xf8, 0xfc, 0xf8, 0x00, 0xf8, 0xfc, 0xf8, 0x00,
    0xf8, 0xfc, 0xf8, 0x00, 0xf8, 0xfc, 0xf8, 0x00, 0xf8, 0xfc, 0xf8, 0x00,
    0xf8, 0xfc, 0xf8, 0x00, 0xf8, 0xfc, 0xf8, 0x00, 0xf8, 0xfc, 0xf8, 0x00,
    0xf8, 0xfc, 0xf8, 0x00, 0xf8, 0xfc, 0xf8, 0x00, 0xf8, 0xfc, 0xf8, 0x00,
    0xf8, 0xfc, 0xf8, 0x00, 0xf8, 0xfc, 0xf8, 0x00, 0xf8, 0xfc, 0xf8, 0x00,
    0xf8, 0xfc, 0xf8, 0x00, 0xf8, 0xfc, 0xf8, 0x00, 0xf8, 0xfc, 0xf8, 0x00,
    0xf8, 0xfc, 0xf8, 0x00, 0xf8, 0xfc, 0xf8, 0x00, 0xf8, 0xfc, 0xf8, 0x00,
    0xf8, 0xfc, 0xf8, 0x00, 0xf8, 0xfc, 0xf8, 0x00, 0xf8, 0xfc, 0xf8, 0x00,
    0xf8, 0xfc, 0xf8, 0x00, 0xf8, 0xfc, 0xf8, 0x00, 0xf8, 0xfc, 0xf8, 0x00,
    0xf8, 0xfc, 0xf8, 0x00, 0xf8, 0xfc, 0xf8, 0x00, 0xf8, 0xfc, 0xf8, 0x00,
    0xf8, 0xfc, 0xf8, 0x00, 0xf8, 0xfc, 0xf8, 0x00, 0xf8, 0xfc, 0xf8, 0x00,
    0x28, 0x48, 0xc8, 0xdf, 0x20, 0x44, 0xd0, 0xff, 0x20, 0x40, 0xc8, 0xff,
    0x18, 0x3c, 0xc8, 0xff, 0x10, 0x38, 0xd0, 0xff, 0x08, 0x34, 0xd0, 0x71,
    0xf8, 0xfc, 0xf8, 0x00, 0xf8, 0xfc, 0xf8, 0x00, 0xf8, 0xfc, 0xf8, 0x00,
    0xf8, 0xfc, 0xf8, 0x00, 0xf8, 0xfc, 0xf8, 0x00, 0xf8, 0xfc, 0xf8, 0x00,
    0xf8, 0xfc, 0xf8, 0x00, 0xe8, 0xb0, 0x80, 0xcf, 0xe8, 0xb0, 0x80, 0xff,
    0xe8, 0xb4, 0x80, 0xff, 0xe8, 0xb4, 0x88, 0xff, 0xe8, 0xb8, 0x88, 0xff,
    0xe8, 0xb8, 0x88, 0x9e, 0xf8, 0xfc, 0xf8, 0x00, 0xf8, 0xfc, 0xf8, 0x00,
    0xf8, 0xfc, 0xf8, 0x00, 0xf8, 0xfc, 0xf8, 0x00, 0xf8, 0xfc, 0xf8, 0x00,
    0xf8, 0xfc, 0xf8, 0x00, 0xf8, 0xfc, 0xf8, 0x00, 0xf8, 0xfc, 0xf8, 0x00,
    0xf8, 0xfc, 0xf8, 0x00, 0xf8, 0xfc, 0xf8, 0x00, 0xf8, 0xfc, 0xf8, 0x00,
    0xf8, 0xfc, 0xf8, 0x00, 0xf8, 0xfc, 0xf8, 0x00, 0xf8, 0xfc, 0xf8, 0x00,
    0xf8, 0xfc, 0xf8, 0x00, 0xf8, 0xfc, 0xf8, 0x00, 0xf8, 0xfc, 0xf8, 0x00,
    0xf8, 0xfc, 0xf8, 0x00, 0xf8, 0xfc, 0xf8, 0x00, 0xf8, 0xfc, 0xf8, 0x00,
    0xf8, 0xfc, 0xf8, 0x00, 0xf8, 0xfc, 0xf8, 0x00, 0xf8, 0xfc, 0xf8, 0x00,
    0xf8, 0xfc, 0xf8, 0x00, 0xf8, 0xfc, 0xf8, 0x00, 0xf8, 0xfc, 0xf8, 0x00,
    0xf8, 0xfc, 0xf8, 0x00, 0xf8, 0xfc, 0xf8, 0x00, 0xf8, 0xfc, 0xf8, 0x00,
    0xf8, 0xfc, 0xf8, 0x00, 0xf8, 0xfc, 0xf8, 0x00, 0xf8, 0xfc, 0xf8, 0x00,
    0xf8, 0xfc, 0xf8, 0x00, 0xf8, 0xfc, 0xf8, 0x00, 0xf8, 0xfc, 0xf8, 0x00,
    0xf8, 0xfc, 0xf8, 0x00, 0xf8, 0xfc, 0xf8, 0x00, 0xf8, 0xfc, 0xf8, 0x00,
    0xf8, 0xfc, 0xf8, 0x00, 0xf8, 0xfc, 0xf8, 0x00, 0xf8, 0xfc, 0xf8, 0x00,
    0xf8, 0xfc, 0xf8, 0x00, 0xf8, 0xfc, 0xf8, 0x00, 0xf8, 0xfc, 0xf8, 0x00,
    0xf8, 0xfc, 0xf8, 0x00, 0xf8, 0xfc, 0xf8, 0x00, 0xf8, 0xfc, 0xf8, 0x00,
    0xf8, 0xfc, 0xf8, 0x00, 0xf8, 0xfc, 0xf8, 0x00, 0xf8, 0xfc, 0xf8, 0x00,
    0xf8, 0xfc, 0xf8, 0x00, 0xf8, 0xfc, 0xf8, 0x00, 0xf8, 0xfc, 0xf8, 0x00,
    0xf8, 0xfc, 0xf8, 0x00, 0xf8, 0xfc, 0xf8, 0x00, 0xf8, 0xfc, 0xf8, 0x00,
    0xf8, 0xfc, 0xf8, 0x00, 0xf8, 0xfc, 0xf8, 0x00, 0xf8, 0xfc, 0xf8, 0x00,
    0xf8, 0xfc, 0xf8, 0x00, 0xf8, 0xfc, 0xf8, 0x00, 0xf8, 0xfc, 0xf8, 0x00,
    0xf8, 0xfc, 0xf8, 0x00, 0xf8, 0xfc, 0xf8, 0x00, 0xf8, 0xfc, 0xf8, 0x00,
    0xf8, 0xfc, 0xf8, 0x00, 0xf8, 0xfc, 0xf8, 0x00, 0xf8, 0xfc, 0xf8, 0x00,
    0xf8, 0xfc, 0xf8, 0x00, 0xf8, 0xfc, 0xf8, 0x00, 0xf8, 0xfc, 0xf8, 0x00,
    0xf8, 0xfc, 0xf8, 0x00, 0xf8, 0xfc, 0xf8, 0x00, 0xf8, 0xfc, 0xf8, 0x00,
    0xf8, 0xfc, 0xf8, 0x00, 0xf8, 0xfc, 0xf8, 0x00, 0xf8, 0xfc, 0xf8, 0x00,
    0xf8, 0xfc, 0xf8, 0x00, 0xf8, 0xfc, 0xf8, 0x00, 0xf8, 0xfc, 0xf8, 0x00,
    0xf8, 0xfc, 0xf8, 0x00, 0xf8, 0xfc, 0xf8, 0x00, 0xf8, 0xfc, 0xf8, 0x00,
    0xf8, 0xfc, 0xf8, 0x00, 0xf8, 0xfc, 0xf8, 0x00, 0xf8, 0xfc, 0xf8, 0x00,
    0xf8, 0xfc, 0xf8, 0x00, 0xf8, 0xfc, 0xf8, 0x00, 0xf8, 0xfc, 0xf8, 0x00,
    0xf8, 0xfc, 0xf8, 0x00, 0xf8, 0xfc, 0xf8, 0x00, 0xf8, 0xfc, 0xf8, 0x00,
    0xf8, 0xfc, 0xf8, 0x00, 0xf8, 0xfc, 0xf8, 0x00, 0xf8, 0xfc, 0xf8, 0x00,
    0xf8, 0xfc, 0xf8, 0x00, 0xf8, 0xfc, 0xf8, 0x00, 0xf8, 0xfc, 0xf8, 0x00,
    0xf8, 0xfc, 0xf8, 0x00, 0xf8, 0xfc, 0xf8, 0x00, 0xf8, 0xfc, 0xf8, 0x00,
    0xf8, 0xfc, 0xf8, 0x00, 0xf8, 0xfc, 0xf8, 0x00, 0xf8, 0xfc, 0xf8, 0x00,
    0xf8, 0xfc, 0xf8, 0x00, 0xf8, 0xfc, 0xf8, 0x00, 0x28, 0x4c, 0xc8, 0x41,
    0x20, 0x48, 0xc8, 0xff, 0x20, 0x44, 0xd0, 0xff, 0x18, 0x40, 0xc8, 0xff,
    0x10, 0x38, 0xc8, 0xff, 0x10, 0x38, 0xc8, 0xff, 0x08, 0x30, 0xd0, 0x20,
    0xf8, 0xfc, 0xf8, 0x00, 0xf8, 0xfc, 0xf8, 0x00, 0xf8, 0xfc, 0xf8, 0x00,
    0xf8, 0xfc, 0xf8, 0x00, 0xf8, 0xfc, 0xf8, 0x00, 0xf8, 0xfc, 0xf8, 0x00,
    0xf8, 0xfc, 0xf8, 0x00, 0xe0, 0xb0, 0x80, 0x71, 0xe8, 0xb0, 0x80, 0xff,
    0xe8, 0xb4, 0x88, 0xff, 0xe8, 0xb4, 0x88, 0xff, 0xe8, 0xb8, 0x88, 0xff,
    0xe8, 0xb8, 0x88, 0xef, 0xe8, 0xb8, 0x88, 0x10, 0xf8, 0xfc, 0xf8, 0x00,
    0xf8, 0xfc, 0xf8, 0x00, 0xf8, 0xfc, 0xf8, 0x00, 0xf8, 0xfc, 0xf8, 0x00,
    0xf8, 0xfc, 0xf8, 0x00, 0xf8, 0xfc, 0xf8, 0x00, 0xf8, 0xfc, 0xf8, 0x00,
    0xf8, 0xfc, 0xf8, 0x00, 0xf8, 0xfc, 0xf8, 0x00, 0xf8, 0xfc, 0xf8, 0x00,
    0xf8, 0xfc, 0xf8, 0x00, 0xf8, 0xfc, 0xf8, 0x00, 0xf8, 0xfc, 0xf8, 0x00,
    0xf8, 0xfc, 0xf8, 0x00, 0xf8, 0xfc, 0xf8, 0x00, 0xf8, 0xfc, 0xf8, 0x00,
    0xf8, 0xfc, 0xf8, 0x00, 0xf8, 0xfc, 0xf8, 0x00, 0xf8, 0xfc, 0xf8, 0x00,
    0xf8, 0xfc, 0xf8, 0x00, 0xf8, 0xfc, 0xf8, 0x00, 0xf8, 0xfc, 0xf8, 0x00,
    0xf8, 0xfc, 0xf8, 0x00, 0xf8, 0xfc, 0xf8, 0x00, 0xf8, 0xfc, 0xf8, 0x00,
    0xf8, 0xfc, 0xf8, 0x00, 0xf8, 0xfc, 0xf8, 0x00, 0xf8, 0xfc, 0xf8, 0x00,
    0xf8, 0xfc, 0xf8, 0x00, 0xf8, 0xfc, 0xf8, 0x00, 0xf8, 0xfc, 0xf8, 0x00,
    0xf8, 0xfc, 0xf8, 0x00, 0xf8, 0xfc, 0xf8, 0x00, 0xf8, 0xfc, 0xf8, 0x00,
    0xf8, 0xfc, 0xf8, 0x00, 0xf8, 0xfc, 0xf8, 0x00, 0xf8, 0xfc, 0xf8, 0x00,
    0xf8, 0xfc, 0xf8, 0x00, 0xf8, 0xfc, 0xf8, 0x00, 0xf8, 0xfc, 0xf8, 0x00,
    0xf8, 0xfc, 0xf8, 0x00, 0xf8, 0xfc, 0xf8, 0x00, 0xf8, 0xfc, 0xf8, 0x00,
    0xf8, 0xfc, 0xf8, 0x00, 0xf8, 0xfc, 0xf8, 0x00, 0xf8, 0xfc, 0xf8, 0x00,
    0xf8, 0xfc, 0xf8, 0x00, 0xf8, 0xfc, 0xf8, 0x00, 0xf8, 0xfc, 0xf8, 0x00,
    0xf8, 0xfc, 0xf8, 0x00, 0xf8, 0xfc, 0xf8, 0x00, 0xf8, 0xfc, 0xf8, 0x00,
    0xf8, 0xfc, 0xf8, 0x00, 0xf8, 0xfc, 0xf8, 0x00, 0xf8, 0xfc, 0xf8, 0x00,
    0xf8, 0xfc, 0xf8, 0x00, 0xf8, 0xfc, 0xf8, 0x00, 0xf8, 0xfc, 0xf8, 0x00,
    0xf8, 0xfc, 0xf8, 0x00, 0xf8, 0xfc, 0xf8, 0x00, 0xf8, 0xfc, 0xf8, 0x00,
    0xf8, 0xfc, 0xf8, 0x00, 0xf8, 0xfc, 0xf8, 0x00, 0xf8, 0xfc, 0xf8, 0x00,
    0xf8, 0xfc, 0xf8, 0x00, 0xf8, 0xfc, 0xf8, 0x00, 0xf8, 0xfc, 0xf8, 0x00,
    0xf8, 0xfc, 0xf8, 0x00, 0xf8, 0xfc, 0xf8, 0x00, 0xf8, 0xfc, 0xf8, 0x00,
    0xf8, 0xfc, 0xf8, 0x00, 0xf8, 0xfc, 0xf8, 0x00, 0xf8, 0xfc, 0xf8, 0x00,
    0xf8, 0xfc, 0xf8, 0x00, 0xf8, 0xfc, 0xf8, 0x00, 0xf8, 0xfc, 0xf8, 0x00,
    0xf8, 0xfc, 0xf8, 0x00, 0xf8, 0xfc, 0xf8, 0x00, 0xf8, 0xfc, 0xf8, 0x00,
    0xf8, 0xfc, 0xf8, 0x00, 0xf8, 0xfc, 0xf8, 0x00, 0xf8, 0xfc, 0xf8, 0x00,
    0xf8, 0xfc, 0xf8, 0x00, 0xf8, 0xfc, 0xf8, 0x00, 0xf8, 0xfc, 0xf8, 0x00,
    0xf8, 0xfc, 0xf8, 0x00, 0xf8, 0xfc, 0xf8, 0x00, 0xf8, 0xfc, 0xf8, 0x00,
    0xf8, 0xfc, 0xf8, 0x00, 0xf8, 0xfc, 0xf8, 0x00, 0xf8, 0xfc, 0xf8, 0x00,
    0xf8, 0xfc, 0xf8, 0x00, 0xf8, 0xfc, 0xf8, 0x00, 0xf8, 0xfc, 0xf8, 0x00,
    0xf8, 0xfc, 0xf8, 0x00, 0xf8, 0xfc, 0xf8, 0x00, 0xf8, 0xfc, 0xf8, 0x00,
    0xf8, 0xfc, 0xf8, 0x00, 0xf8, 0xfc, 0xf8, 0x00, 0xf8, 0xfc, 0xf8, 0x00,
    0xf8, 0xfc, 0xf8, 0x00, 0xf8, 0xfc, 0xf8, 0x00, 0xf8, 0xfc, 0xf8, 0x00,
    0xf8, 0xfc, 0xf8, 0x00, 0xf8, 0xfc, 0xf8, 0x00, 0x28, 0x48, 0xc8, 0x9e,
    0x20, 0x44, 0xd0, 0xff, 0x18, 0x40, 0xc8, 0xff, 0x18, 0x3c, 0xd0, 0xff,
    0x10, 0x38, 0xc8, 0xff, 0x08, 0x34, 0xd0, 0xcf, 0xf8, 0xfc, 0xf8, 0x00,
    0xf8, 0xfc, 0xf8, 0x00, 0xf8, 0xfc, 0xf8, 0x00, 0xf8, 0xfc, 0xf8, 0x00,
    0xf8, 0xfc, 0xf8, 0x00, 0xf8, 0xfc, 0xf8, 0x00, 0xf8, 0xfc, 0xf8, 0x00,
    0xf8, 0xfc, 0xf8, 0x00, 0xe8, 0xb0, 0x80, 0x10, 0xe0, 0xb4, 0x80, 0xff,
    0xe8, 0xb4, 0x88, 0xff, 0xe8, 0xb4, 0x88, 0xff, 0xe8, 0xb8, 0x88, 0xff,
    0xe8, 0xb8, 0x88, 0xff, 0xf0, 0xbc, 0x88, 0x61, 0xf8, 0xfc, 0xf8, 0x00,
    0xf8, 0xfc, 0xf8, 0x00, 0xf8, 0xfc, 0xf8, 0x00, 0xf8, 0xfc, 0xf8, 0x00,
    0xf8, 0xfc, 0xf8, 0x00, 0xf8, 0xfc, 0xf8, 0x00, 0xf8, 0xfc, 0xf8, 0x00,
    0xf8, 0xfc, 0xf8, 0x00, 0xf8, 0xfc, 0xf8, 0x00, 0xf8, 0xfc, 0xf8, 0x00,
    0xf8, 0xfc, 0xf8, 0x00, 0xf8, 0xfc, 0xf8, 0x00, 0xf8, 0xfc, 0xf8, 0x00,
    0xf8, 0xfc, 0xf8, 0x00, 0xf8, 0xfc, 0xf8, 0x00, 0xf8, 0xfc, 0xf8, 0x00,
    0xf8, 0xfc, 0xf8, 0x00, 0xf8, 0xfc, 0xf8, 0x00, 0xf8, 0xfc, 0xf8, 0x00,
    0xf8, 0xfc, 0xf8, 0x00, 0xf8, 0xfc, 0xf8, 0x00, 0xf8, 0xfc, 0xf8, 0x00,
    0xf8, 0xfc, 0xf8, 0x00, 0xf8, 0xfc, 0xf8, 0x00, 0xf8, 0xfc, 0xf8, 0x00,
    0xf8, 0xfc, 0xf8, 0x00, 0xf8, 0xfc, 0xf8, 0x00, 0xf8, 0xfc, 0xf8, 0x00,
    0xf8, 0xfc, 0xf8, 0x00, 0xf8, 0xfc, 0xf8, 0x00, 0xf8, 0xfc, 0xf8, 0x00,
    0xf8, 0xfc, 0xf8, 0x00, 0xf8, 0xfc, 0xf8, 0x00, 0xf8, 0xfc, 0xf8, 0x00,
    0xf8, 0xfc, 0xf8, 0x00, 0xf8, 0xfc, 0xf8, 0x00, 0xf8, 0xfc, 0xf8, 0x00,
    0xf8, 0xfc, 0xf8, 0x00, 0xf8, 0xfc, 0xf8, 0x00, 0xf8, 0xfc, 0xf8, 0x00,
    0xf8, 0xfc, 0xf8, 0x00, 0xf8, 0xfc, 0xf8, 0x00, 0xf8, 0xfc, 0xf8, 0x00,
    0xf8, 0xfc, 0xf8, 0x00, 0xf8, 0xfc, 0xf8, 0x00, 0xf8, 0xfc, 0xf8, 0x00,
    0xf8, 0xfc, 0xf8, 0x00, 0xf8, 0xfc, 0xf8, 0x00, 0xf8, 0xfc, 0xf8, 0x00,
    0xf8, 0xfc, 0xf8, 0x00, 0xf8, 0xfc, 0xf8, 0x00, 0xf8, 0xfc, 0xf8, 0x00,
    0xf8, 0xfc, 0xf8, 0x00, 0xf8, 0xfc, 0xf8, 0x00, 0xf8, 0xfc, 0xf8, 0x00,
    0xf8, 0xfc, 0xf8, 0x00, 0xf8, 0xfc, 0xf8, 0x00, 0xf8, 0xfc, 0xf8, 0x00,
    0xf8, 0xfc, 0xf8, 0x00, 0xf8, 0xfc, 0xf8, 0x00, 0xf8, 0xfc, 0xf8, 0x00,
    0xf8, 0xfc, 0xf8, 0x00, 0xf8, 0xfc, 0xf8, 0x00, 0xf8, 0xfc, 0xf8, 0x00,
    0xf8, 0xfc, 0xf8, 0x00, 0xf8, 0xfc, 0xf8, 0x00, 0xf8, 0xfc, 0xf8, 0x00,
    0xf8, 0xfc, 0xf8, 0x00, 0xf8, 0xfc, 0xf8, 0x00, 0xf8, 0xfc, 0xf8, 0x00,
    0xf8, 0xfc, 0xf8, 0x00, 0xf8, 0xfc, 0xf8, 0x00, 0xf8, 0xfc, 0xf8, 0x00,
    0xf8, 0xfc, 0xf8, 0x00, 0xf8, 0xfc, 0xf8, 0x00, 0xf8, 0xfc, 0xf8, 0x00,
    0xf8, 0xfc, 0xf8, 0x00, 0xf8, 0xfc, 0xf8, 0x00, 0xf8, 0xfc, 0xf8, 0x00,
    0xf8, 0xfc, 0xf8, 0x00, 0xf8, 0xfc, 0xf8, 0x00, 0xf8, 0xfc, 0xf8, 0x00,
    0xf8, 0xfc, 0xf8, 0x00, 0xf8, 0xfc, 0xf8, 0x00, 0xf8, 0xfc, 0xf8, 0x00,
    0xf8, 0xfc, 0xf8, 0x00, 0xf8, 0xfc, 0xf8, 0x00, 0xf8, 0xfc, 0xf8, 0x00,
    0xf8, 0xfc, 0xf8, 0x00, 0xf8, 0xfc, 0xf8, 0x00, 0xf8, 0xfc, 0xf8, 0x00,
    0xf8, 0xfc, 0xf8, 0x00, 0xf8, 0xfc, 0xf8, 0x00, 0xf8, 0xfc, 0xf8, 0x00,
    0xf8, 0xfc, 0xf8, 0x00, 0xf8, 0xfc, 0xf8, 0x00, 0xf8, 0xfc, 0xf8, 0x00,
    0xf8, 0xfc, 0xf8, 0x00, 0xf8, 0xfc, 0xf8, 0x00, 0xf8, 0xfc, 0xf8, 0x00,
    0xf8, 0xfc, 0xf8, 0x00, 0xf8, 0xfc, 0xf8, 0x00, 0xf8, 0xfc, 0xf8, 0x00,
    0xf8, 0xfc, 0xf8, 0x00, 0x28, 0x4c, 0xc8, 0x10, 0x20, 0x48, 0xc8, 0xff,
    0x20, 0x40, 0xc8, 0xff, 0x18, 0x40, 0xd0, 0xff, 0x10, 0x38, 0xc8, 0xff,
    0x08, 0x34, 0xc8, 0xff, 0x08, 0x30, 0xd0, 0x71, 0xf8, 0xfc, 0xf8, 0x00,
    0xf8, 0xfc, 0xf8, 0x00, 0xf8, 0xfc, 0xf8, 0x00, 0xf8, 0xfc, 0xf8, 0x00,
    0xf8, 0xfc, 0xf8, 0x00, 0xf8, 0xfc, 0xf8, 0x00, 0xf8, 0xfc, 0xf8, 0x00,
    0xf8, 0xfc, 0xf8, 0x00, 0xf8, 0xfc, 0xf8, 0x00, 0xe8, 0xb4, 0x88, 0x9e,
    0xe8, 0xb4, 0x88, 0xff, 0xe8, 0xb8, 0x88, 0xff, 0xe8, 0xb8, 0x88, 0xff,
    0xf0, 0xbc, 0x88, 0xff, 0xf0, 0xbc, 0x88, 0x82, 0xf8, 0xfc, 0xf8, 0x00,
    0xf8, 0xfc, 0xf8, 0x00, 0xf8, 0xfc, 0xf8, 0x00, 0xf8, 0xfc, 0xf8, 0x00,
    0xf8, 0xfc, 0xf8, 0x00, 0xf8, 0xfc, 0xf8, 0x00, 0xf8, 0xfc, 0xf8, 0x00,
    0xf8, 0xfc, 0xf8, 0x00, 0xf8, 0xfc, 0xf8, 0x00, 0xf8, 0xfc, 0xf8, 0x00,
    0xf8, 0xfc, 0xf8, 0x00, 0xf8, 0xfc, 0xf8, 0x00, 0xf8, 0xfc, 0xf8, 0x00,
    0xf8, 0xfc, 0xf8, 0x00, 0xf8, 0xfc, 0xf8, 0x00, 0xf8, 0xfc, 0xf8, 0x00,
    0xf8, 0xfc, 0xf8, 0x00, 0xf8, 0xfc, 0xf8, 0x00, 0xf8, 0xfc, 0xf8, 0x00,
    0xf8, 0xfc, 0xf8, 0x00, 0xf8, 0xfc, 0xf8, 0x00, 0xf8, 0xfc, 0xf8, 0x00,
    0xf8, 0xfc, 0xf8, 0x00, 0xf8, 0xfc, 0xf8, 0x00, 0xf8, 0xfc, 0xf8, 0x00,
    0xf8, 0xfc, 0xf8, 0x00, 0xf8, 0xfc, 0xf8, 0x00, 0xf8, 0xfc, 0xf8, 0x00,
    0xf8, 0xfc, 0xf8, 0x00, 0xf8, 0xfc, 0xf8, 0x00, 0xf8, 0xfc, 0xf8, 0x00,
    0xf8, 0xfc, 0xf8, 0x00, 0xf8, 0xfc, 0xf8, 0x00, 0xf8, 0xfc, 0xf8, 0x00,
    0xf8, 0xfc, 0xf8, 0x00, 0xf8, 0xfc, 0xf8, 0x00, 0xf8, 0xfc, 0xf8, 0x00,
    0xf8, 0xfc, 0xf8, 0x00, 0xf8, 0xfc, 0xf8, 0x00, 0xf8, 0xfc, 0xf8, 0x00,
    0xf8, 0xfc, 0xf8, 0x00, 0xf8, 0xfc, 0xf8, 0x00, 0xf8, 0xfc, 0xf8, 0x00,
    0xf8, 0xfc, 0xf8, 0x00, 0xf8, 0xfc, 0xf8, 0x00, 0xf8, 0xfc, 0xf8, 0x00,
    0xf8, 0xfc, 0xf8, 0x00, 0xf8, 0xfc, 0xf8, 0x00, 0xf8, 0xfc, 0xf8, 0x00,
    0xf8, 0xfc, 0xf8, 0x00, 0xf8, 0xfc, 0xf8, 0x00, 0xf8, 0xfc, 0xf8, 0x00,
    0xf8, 0xfc, 0xf8, 0x00, 0xf8, 0xfc, 0xf8, 0x00, 0xf8, 0xfc, 0xf8, 0x00,
    0xf8, 0xfc, 0xf8, 0x00, 0xf8, 0xfc, 0xf8, 0x00, 0xf8, 0xfc, 0xf8, 0x00,
    0xf8, 0xfc, 0xf8, 0x00, 0xf8, 0xfc, 0xf8, 0x00, 0xf8, 0xfc, 0xf8, 0x00,
    0xf8, 0xfc, 0xf8, 0x00, 0xf8, 0xfc, 0xf8, 0x00, 0xf8, 0xfc, 0xf8, 0x00,
    0xf8, 0xfc, 0xf8, 0x00, 0xf8, 0xfc, 0xf8, 0x00, 0xf8, 0xfc, 0xf8, 0x00,
    0xf8, 0xfc, 0xf8, 0x00, 0xf8, 0xfc, 0xf8, 0x00, 0xf8, 0xfc, 0xf8, 0x00,
    0xf8, 0xfc, 0xf8, 0x00, 0xf8, 0xfc, 0xf8, 0x00, 0xf8, 0xfc, 0xf8, 0x00,
    0xf8, 0xfc, 0xf8, 0x00, 0xf8, 0xfc, 0xf8, 0x00, 0xf8, 0xfc, 0xf8, 0x00,
    0xf8, 0xfc, 0xf8, 0x00, 0xf8, 0xfc, 0xf8, 0x00, 0xf8, 0xfc, 0xf8, 0x00,
    0xf8, 0xfc, 0xf8, 0x00, 0xf8, 0xfc, 0xf8, 0x00, 0xf8, 0xfc, 0xf8, 0x00,
    0xf8, 0xfc, 0xf8, 0x00, 0xf8, 0xfc, 0xf8, 0x00, 0xf8, 0xfc, 0xf8, 0x00,
    0xf8, 0xfc, 0xf8, 0x00, 0xf8, 0xfc, 0xf8, 0x00, 0xf8, 0xfc, 0xf8, 0x00,
    0xf8, 0xfc, 0xf8, 0x00, 0xf8, 0xfc, 0xf8, 0x00, 0xf8, 0xfc, 0xf8, 0x00,
    0xf8, 0xfc, 0xf8, 0x00, 0xf8, 0xfc, 0xf8, 0x00, 0xf8, 0xfc, 0xf8, 0x00,
    0xf8, 0xfc, 0xf8, 0x00, 0xf8, 0xfc, 0xf8, 0x00, 0xf8, 0xfc, 0xf8, 0x00,
    0xf8, 0xfc, 0xf8, 0x00, 0xf8, 0xfc, 0xf8, 0x00, 0xf8, 0xfc, 0xf8, 0x00,
    0xf8, 0xfc, 0xf8, 0x00, 0xf8, 0xfc, 0xf8, 0x00, 0xf8, 0xfc, 0xf8, 0x00,
    0xf8, 0xfc, 0xf8, 0x00, 0x28, 0x48, 0xc8, 0x41, 0x20, 0x44, 0xd0, 0xff,
    0x18, 0x40, 0xc8, 0xff, 0x10, 0x3c, 0xc8, 0xff, 0x10, 0x38, 0xd0, 0xff,
    0x08, 0x34, 0xd0, 0xff, 0x00, 0x30, 0xc8, 0x10, 0xf8, 0xfc, 0xf8, 0x00,
    0xf8, 0xfc, 0xf8, 0x00, 0xf8, 0xfc, 0xf8, 0x00, 0xf8, 0xfc, 0xf8, 0x00,
    0xf8, 0xfc, 0xf8, 0x00, 0xf8, 0xfc, 0xf8, 0x00, 0xf8, 0xfc, 0xf8, 0x00,
    0xf8, 0xfc, 0xf8, 0x00, 0xf8, 0xfc, 0xf8, 0x00, 0xe8, 0xb4, 0x80, 0x41,
    0xe8, 0xb8, 0x88, 0xff, 0xe8, 0xb8, 0x88, 0xff, 0xe8, 0xbc, 0x88, 0xff,
    0xe8, 0xbc, 0x88, 0xff, 0xf0, 0xbc, 0x90, 0x41, 0xf8, 0xfc, 0xf8, 0x00,
    0xf8, 0xfc, 0xf8, 0x00, 0xf8, 0xfc, 0xf8, 0x00, 0xf8, 0xfc, 0xf8, 0x00,
    0xf8, 0xfc, 0xf8, 0x00, 0xf8, 0xfc, 0xf8, 0x00, 0xf8, 0xfc, 0xf8, 0x00,
    0xf8, 0xfc, 0xf8, 0x00, 0xf8, 0xfc, 0xf8, 0x00, 0xf8, 0xfc, 0xf8, 0x00,
    0xf8, 0xfc, 0xf8, 0x00, 0xf8, 0xfc, 0xf8, 0x00, 0xf8, 0xfc, 0xf8, 0x00,
    0xf8, 0xfc, 0xf8, 0x00, 0xf8, 0xfc, 0xf8, 0x00, 0xf8, 0xfc, 0xf8, 0x00,
    0xf8, 0xfc, 0xf8, 0x00, 0xf8, 0xfc, 0xf8, 0x00, 0xf8, 0xfc, 0xf8, 0x00,
    0xf8, 0xfc, 0xf8, 0x00, 0xf8, 0xfc, 0xf8, 0x00, 0xf8, 0xfc, 0xf8, 0x00,
    0xf8, 0xfc, 0xf8, 0x00, 0xf8, 0xfc, 0xf8, 0x00, 0xf8, 0xfc, 0xf8, 0x00,
    0xf8, 0xfc, 0xf8, 0x00, 0xf8, 0xfc, 0xf8, 0x00, 0xf8, 0xfc, 0xf8, 0x00,
    0xf8, 0xfc, 0xf8, 0x00, 0xf8, 0xfc, 0xf8, 0x00, 0xf8, 0xfc, 0xf8, 0x00,
    0xf8, 0xfc, 0xf8, 0x00, 0xf8, 0xfc, 0xf8, 0x00, 0xf8, 0xfc, 0xf8, 0x00,
    0xf8, 0xfc, 0xf8, 0x00, 0xf8, 0xfc, 0xf8, 0x00, 0xf8, 0xfc, 0xf8, 0x00,
    0xf8, 0xfc, 0xf8, 0x00, 0xf8, 0xfc, 0xf8, 0x00, 0xf8, 0xfc, 0xf8, 0x00,
    0xf8, 0xfc, 0xf8, 0x00, 0xf8, 0xfc, 0xf8, 0x00, 0xf8, 0xfc, 0xf8, 0x00,
    0xf8, 0xfc, 0xf8, 0x00, 0xf8, 0xfc, 0xf8, 0x00, 0xf8, 0xfc, 0xf8, 0x00,
    0xf8, 0xfc, 0xf8, 0x00, 0xf8, 0xfc, 0xf8, 0x00, 0xf8, 0xfc, 0xf8, 0x00,
    0xf8, 0xfc, 0xf8, 0x00, 0xf8, 0xfc, 0xf8, 0x00, 0xf8, 0xfc, 0xf8, 0x00,
    0xf8, 0xfc, 0xf8, 0x00, 0xf8, 0xfc, 0xf8, 0x00, 0xf8, 0xfc, 0xf8, 0x00,
    0xf8, 0xfc, 0xf8, 0x00, 0xf8, 0xfc, 0xf8, 0x00, 0xf8, 0xfc, 0xf8, 0x00,
    0xf8, 0xfc, 0xf8, 0x00, 0xf8, 0xfc, 0xf8, 0x00, 0xf8, 0xfc, 0xf8, 0x00,
    0xf8, 0xfc, 0xf8, 0x00, 0xf8, 0xfc, 0xf8, 0x00, 0xf8, 0xfc, 0xf8, 0x00,
    0xf8, 0xfc, 0xf8, 0x00, 0xf8, 0xfc, 0xf8, 0x00, 0xf8, 0xfc, 0xf8, 0x00,
    0xf8, 0xfc, 0xf8, 0x00, 0xf8, 0xfc, 0xf8, 0x00, 0xf8, 0xfc, 0xf8, 0x00,
    0xf8, 0xfc, 0xf8, 0x00, 0xf8, 0xfc, 0xf8, 0x00, 0xf8, 0xfc, 0xf8, 0x00,
    0xf8, 0xfc, 0xf8, 0x00, 0xf8, 0xfc, 0xf8, 0x00, 0xf8, 0xfc, 0xf8, 0x00,
    0xf8, 0xfc, 0xf8, 0x00, 0xf8, 0xfc, 0xf8, 0x00, 0xf8, 0xfc, 0xf8, 0x00,
    0xf8, 0xfc, 0xf8, 0x00, 0xf8, 0xfc, 0xf8, 0x00, 0xf8, 0xfc, 0xf8, 0x00,
    0xf8, 0xfc, 0xf8, 0x00, 0xf8, 0xfc, 0xf8, 0x00, 0xf8, 0xfc, 0xf8, 0x00,
    0xf8, 0xfc, 0xf8, 0x00, 0xf8, 0xfc, 0xf8, 0x00, 0xf8, 0xfc, 0xf8, 0x00,
    0xf8, 0xfc, 0xf8, 0x00, 0xf8, 0xfc, 0xf8, 0x00, 0xf8, 0xfc, 0xf8, 0x00,
    0xf8, 0xfc, 0xf8, 0x00, 0xf8, 0xfc, 0xf8, 0x00, 0xf8, 0xfc, 0xf8, 0x00,
    0xf8, 0xfc, 0xf8, 0x00, 0xf8, 0xfc, 0xf8, 0x00, 0xf8, 0xfc, 0xf8, 0x00,
    0xf8, 0xfc, 0xf8, 0x00, 0xf8, 0xfc, 0xf8, 0x00, 0xf8, 0xfc, 0xf8, 0x00,
    0xf8, 0xfc, 0xf8, 0x00, 0xf8, 0xfc, 0xf8, 0x00, 0xf8, 0xfc, 0xf8, 0x00,
    0xf8, 0xfc, 0xf8, 0x00, 0x20, 0x44, 0xc8, 0x41, 0x18, 0x40, 0xd0, 0xff,
    0x18, 0x3c, 0xc8, 0xff, 0x10, 0x38, 0xc8, 0xff, 0x08, 0x34, 0xd0, 0xff,
    0x08, 0x30, 0xc8, 0xa2, 0xf8, 0xfc, 0xf8, 0x00, 0xf8, 0xfc, 0xf8, 0x00,
    0xf8, 0xfc, 0xf8, 0x00, 0xf8, 0xfc, 0xf8, 0x00, 0xf8, 0xfc, 0xf8, 0x00,
    0xf8, 0xfc, 0xf8, 0x00, 0xf8, 0xfc, 0xf8, 0x00, 0xf8, 0xfc, 0xf8, 0x00,
    0xf8, 0xfc, 0xf8, 0x00, 0xf8, 0xfc, 0xf8, 0x00, 0xf8, 0xfc, 0xf8, 0x00,
    0xe8, 0xb8, 0x88, 0x51, 0xe8, 0xb8, 0x88, 0xbe, 0xf0, 0xbc, 0x88, 0xbe,
    0xf0, 0xbc, 0x90, 0x51, 0xf8, 0xfc, 0xf8, 0x00, 0xf8, 0xfc, 0xf8, 0x00,
    0xf8, 0xfc, 0xf8, 0x00, 0xf8, 0xfc, 0xf8, 0x00, 0xf8, 0xfc, 0xf8, 0x00,
    0xf8, 0xfc, 0xf8, 0x00, 0xf8, 0xfc, 0xf8, 0x00, 0xf8, 0xfc, 0xf8, 0x00,
    0xf8, 0xfc, 0xf8, 0x00, 0xf8, 0xfc, 0xf8, 0x00, 0xf8, 0xfc, 0xf8, 0x00,
    0xf8, 0xfc, 0xf8, 0x00, 0xf8, 0xfc, 0xf8, 0x00, 0xf8, 0xfc, 0xf8, 0x00,
    0xf8, 0xfc, 0xf8, 0x00, 0xf8, 0xfc, 0xf8, 0x00, 0xf8, 0xfc, 0xf8, 0x00,
    0xf8, 0xfc, 0xf8, 0x00, 0xf8, 0xfc, 0xf8, 0x00, 0xf8, 0xfc, 0xf8, 0x00,
    0xf8, 0xfc, 0xf8, 0x00, 0xf8, 0xfc, 0xf8, 0x00, 0xf8, 0xfc, 0xf8, 0x00,
    0xf8, 0xfc, 0xf8, 0x00, 0xf8, 0xfc, 0xf8, 0x00, 0xf8, 0xfc, 0xf8, 0x00,
    0xf8, 0xfc, 0xf8, 0x00, 0xf8, 0xfc, 0xf8, 0x00, 0xf8, 0xfc, 0xf8, 0x00,
    0xf8, 0xfc, 0xf8, 0x00, 0xf8, 0xfc, 0xf8, 0x00, 0xf8, 0xfc, 0xf8, 0x00,
    0xf8, 0xfc, 0xf8, 0x00, 0xf8, 0xfc, 0xf8, 0x00, 0xf8, 0xfc, 0xf8, 0x00,
    0xf8, 0xfc, 0xf8, 0x00, 0xf8, 0xfc, 0xf8, 0x00, 0xf8, 0xfc, 0xf8, 0x00,
    0xf8, 0xfc, 0xf8, 0x00, 0xf8, 0xfc, 0xf8, 0x00, 0xf8, 0xfc, 0xf8, 0x00,
    0xf8, 0xfc, 0xf8, 0x00, 0xf8, 0xfc, 0xf8, 0x00, 0xf8, 0xfc, 0xf8, 0x00,
    0xf8, 0xfc, 0xf8, 0x00, 0xf8, 0xfc, 0xf8, 0x00, 0xf8, 0xfc, 0xf8, 0x00,
    0xf8, 0xfc, 0xf8, 0x00, 0xf8, 0xfc, 0xf8, 0x00, 0xf8, 0xfc, 0xf8, 0x00,
    0xf8, 0xfc, 0xf8, 0x00, 0xf8, 0xfc, 0xf8, 0x00, 0xf8, 0xfc, 0xf8, 0x00,
    0xf8, 0xfc, 0xf8, 0x00, 0xf8, 0xfc, 0xf8, 0x00, 0xf8, 0xfc, 0xf8, 0x00,
    0xf8, 0xfc, 0xf8, 0x00, 0xf8, 0xfc, 0xf8, 0x00, 0xf8, 0xfc, 0xf8, 0x00,
    0xf8, 0xfc, 0xf8, 0x00, 0xf8, 0xfc, 0xf8, 0x00, 0xf8, 0xfc, 0xf8, 0x00,
    0xf8, 0xfc, 0xf8, 0x00, 0xf8, 0xfc, 0xf8, 0x00, 0xf8, 0xfc, 0xf8, 0x00,
    0xf8, 0xfc, 0xf8, 0x00, 0xf8, 0xfc, 0xf8, 0x00, 0xf8, 0xfc, 0xf8, 0x00,
    0xf8, 0xfc, 0xf8, 0x00, 0xf8, 0xfc, 0xf8, 0x00, 0xf8, 0xfc, 0xf8, 0x00,
    0xf8, 0xfc, 0xf8, 0x00, 0xf8, 0xfc, 0xf8, 0x00, 0xf8, 0xfc, 0xf8, 0x00,
    0xf8, 0xfc, 0xf8, 0x00, 0xf8, 0xfc, 0xf8, 0x00, 0xf8, 0xfc, 0xf8, 0x00,
    0xf8, 0xfc, 0xf8, 0x00, 0xf8, 0xfc, 0xf8, 0x00, 0xf8, 0xfc, 0xf8, 0x00,
    0xf8, 0xfc, 0xf8, 0x00, 0xf8, 0xfc, 0xf8, 0x00, 0xf8, 0xfc, 0xf8, 0x00,
    0xf8, 0xfc, 0xf8, 0x00, 0xf8, 0xfc, 0xf8, 0x00, 0xf8, 0xfc, 0xf8, 0x00,
    0xf8, 0xfc, 0xf8, 0x00, 0xf8, 0xfc, 0xf8, 0x00, 0xf8, 0xfc, 0xf8, 0x00,
    0xf8, 0xfc, 0xf8, 0x00, 0xf8, 0xfc, 0xf8, 0x00, 0xf8, 0xfc, 0xf8, 0x00,
    0xf8, 0xfc, 0xf8, 0x00, 0xf8, 0xfc, 0xf8, 0x00, 0xf8, 0xfc, 0xf8, 0x00,
    0xf8, 0xfc, 0xf8, 0x00, 0xf8, 0xfc, 0xf8, 0x00, 0xf8, 0xfc, 0xf8, 0x00,
    0xf8, 0xfc, 0xf8, 0x00, 0xf8, 0xfc, 0xf8, 0x00, 0xf8, 0xfc, 0xf8, 0x00,
    0xf8, 0xfc, 0xf8, 0x00, 0xf8, 0xfc, 0xf8, 0x00, 0xf8, 0xfc, 0xf8, 0x00,
    0xf8, 0xfc, 0xf8, 0x00, 0xf8, 0xfc, 0xf8, 0x00, 0x18, 0x40, 0xc8, 0x9e,
    0x18, 0x3c, 0xd0, 0xff, 0x10, 0x38, 0xc8, 0xff, 0x08, 0x30, 0xd0, 0xef,
    0x00, 0x2c, 0xc8, 0x20, 0xf8, 0xfc, 0xf8, 0x00, 0xf8, 0xfc, 0xf8, 0x00,
    0xf8, 0xfc, 0xf8, 0x00, 0xf8, 0xfc, 0xf8, 0x00, 0xf8, 0xfc, 0xf8, 0x00,
    0xf8, 0xfc, 0xf8, 0x00, 0xf8, 0xfc, 0xf8, 0x00, 0xf8, 0xfc, 0xf8, 0x00,
    0xf8, 0xfc, 0xf8, 0x00, 0xf8, 0xfc, 0xf8, 0x00, 0xf8, 0xfc, 0xf8, 0x00,
    0xf8, 0xfc, 0xf8, 0x00, 0xf8, 0xfc, 0xf8, 0x00, 0xf8, 0xfc, 0xf8, 0x00,
    0xf8, 0xfc, 0xf8, 0x00, 0xf8, 0xfc, 0xf8, 0x00, 0xf8, 0xfc, 0xf8, 0x00,
    0xf8, 0xfc, 0xf8, 0x00, 0xf8, 0xfc, 0xf8, 0x00, 0xf8, 0xfc, 0xf8, 0x00,
    0xf8, 0xfc, 0xf8, 0x00, 0xf8, 0xfc, 0xf8, 0x00, 0xf8, 0xfc, 0xf8, 0x00,
    0xf8, 0xfc, 0xf8, 0x00, 0xf8, 0xfc, 0xf8, 0x00, 0xf8, 0xfc, 0xf8, 0x00,
    0xf8, 0xfc, 0xf8, 0x00, 0xf8, 0xfc, 0xf8, 0x00, 0xf8, 0xfc, 0xf8, 0x00,
    0xf8, 0xfc, 0xf8, 0x00, 0xf8, 0xfc, 0xf8, 0x00, 0xf8, 0xfc, 0xf8, 0x00,
    0xf8, 0xfc, 0xf8, 0x00, 0xf8, 0xfc, 0xf8, 0x00, 0xf8, 0xfc, 0xf8, 0x00,
    0xf8, 0xfc, 0xf8, 0x00, 0xf8, 0xfc, 0xf8, 0x00, 0xf8, 0xfc, 0xf8, 0x00,
    0xf8, 0xfc, 0xf8, 0x00, 0xf8, 0xfc, 0xf8, 0x00, 0xf8, 0xfc, 0xf8, 0x00,
    0xf8, 0xfc, 0xf8, 0x00, 0xf8, 0xfc, 0xf8, 0x00, 0xf8, 0xfc, 0xf8, 0x00,
    0xf8, 0xfc, 0xf8, 0x00, 0xf8, 0xfc, 0xf8, 0x00, 0xf8, 0xfc, 0xf8, 0x00,
    0xf8, 0xfc, 0xf8, 0x00, 0xf8, 0xfc, 0xf8, 0x00, 0xf8, 0xfc, 0xf8, 0x00,
    0xf8, 0xfc, 0xf8, 0x00, 0xf8, 0xfc, 0xf8, 0x00, 0xf8, 0xfc, 0xf8, 0x00,
    0xf8, 0xfc, 0xf8, 0x00, 0xf8, 0xfc, 0xf8, 0x00, 0xf8, 0xfc, 0xf8, 0x00,
    0xf8, 0xfc, 0xf8, 0x00, 0xf8, 0xfc, 0xf8, 0x00, 0xf8, 0xfc, 0xf8, 0x00,
    0xf8, 0xfc, 0xf8, 0x00, 0xf8, 0xfc, 0xf8, 0x00, 0xf8, 0xfc, 0xf8, 0x00,
    0xf8, 0xfc, 0xf8, 0x00, 0xf8, 0xfc, 0xf8, 0x00, 0xf8, 0xfc, 0xf8, 0x00,
    0xf8, 0xfc, 0xf8, 0x00, 0xf8, 0xfc, 0xf8, 0x00, 0xf8, 0xfc, 0xf8, 0x00,
    0xf8, 0xfc, 0xf8, 0x00, 0xf8, 0xfc, 0xf8, 0x00, 0xf8, 0xfc, 0xf8, 0x00,
    0xf8, 0xfc, 0xf8, 0x00, 0xf8, 0xfc, 0xf8, 0x00, 0xf8, 0xfc, 0xf8, 0x00,
    0xf8, 0xfc, 0xf8, 0x00, 0xf8, 0xfc, 0xf8, 0x00, 0xf8, 0xfc, 0xf8, 0x00,
    0xf8, 0xfc, 0xf8, 0x00, 0xf8, 0xfc, 0xf8, 0x00, 0xf8, 0xfc, 0xf8, 0x00,
    0xf8, 0xfc, 0xf8, 0x00, 0xf8, 0xfc, 0xf8, 0x00, 0xf8, 0xfc, 0xf8, 0x00,
    0xf8, 0xfc, 0xf8, 0x00, 0xf8, 0xfc, 0xf8, 0x00, 0xf8, 0xfc, 0xf8, 0x00,
    0xf8, 0xfc, 0xf8, 0x00, 0xf8, 0xfc, 0xf8, 0x00, 0xf8, 0xfc, 0xf8, 0x00,
    0xf8, 0xfc, 0xf8, 0x00, 0xf8, 0xfc, 0xf8, 0x00, 0xf8, 0xfc, 0xf8, 0x00,
    0xf8, 0xfc, 0xf8, 0x00, 0xf8, 0xfc, 0xf8, 0x00, 0xf8, 0xfc, 0xf8, 0x00,
    0xf8, 0xfc, 0xf8, 0x00, 0xf8, 0xfc, 0xf8, 0x00, 0xf8, 0xfc, 0xf8, 0x00,
    0xf8, 0xfc, 0xf8, 0x00, 0xf8, 0xfc, 0xf8, 0x00, 0xf8, 0xfc, 0xf8, 0x00,
    0xf8, 0xfc, 0xf8, 0x00, 0xf8, 0xfc, 0xf8, 0x00, 0xf8, 0xfc, 0xf8, 0x00,
    0xf8, 0xfc, 0xf8, 0x00, 0xf8, 0xfc, 0xf8, 0x00, 0xf8, 0xfc, 0xf8, 0x00,
    0xf8, 0xfc, 0xf8, 0x00, 0xf8, 0xfc, 0xf8, 0x00, 0xf8, 0xfc, 0xf8, 0x00,
    0xf8, 0xfc, 0xf8, 0x00, 0xf8, 0xfc, 0xf8, 0x00, 0xf8, 0xfc, 0xf8, 0x00,
    0xf8, 0xfc, 0xf8, 0x00, 0xf8, 0xfc, 0xf8, 0x00, 0xf8, 0xfc, 0xf8, 0x00,
    0xf8, 0xfc, 0xf8, 0x00, 0xf8, 0xfc, 0xf8, 0x00, 0xf8, 0xfc, 0xf8, 0x00,
    0xf8, 0xfc, 0xf8, 0x00, 0xf8, 0xfc, 0xf8, 0x00, 0xf8, 0xfc, 0xf8, 0x00,
    0x10, 0x38, 0xc8, 0x30, 0x08, 0x34, 0xd0, 0x41, 0x08, 0x30, 0xd0, 0x10,
    0xf8, 0xfc, 0xf8, 0x00, 0xf8, 0xfc, 0xf8, 0x00, 0xf8, 0xfc, 0xf8, 0x00,
    0xf8, 0xfc, 0xf8, 0x00, 0xf8, 0xfc, 0xf8, 0x00, 0xf8, 0xfc, 0xf8, 0x00
};
