// 4.26.1 0xffe02619 D2 AY R0 FARGB8888 U565 N0 SExtFlashSection
// Generated by imageconverter. Please, do not edit!

#include <touchgfx/hal/Config.hpp>

LOCATION_PRAGMA_32("ExtFlashSection")
KEEP extern const unsigned char image_blinds_off[] LOCATION_ATTRIBUTE_32("ExtFlashSection") = { // 151x72 ARGB8888 pixels.
    0xf8, 0xfc, 0xf8, 0x00, 0xf8, 0xfc, 0xf8, 0x00, 0xf8, 0xfc, 0xf8, 0x00,
    0xf8, 0xfc, 0xf8, 0x00, 0xf8, 0xfc, 0xf8, 0x00, 0xf8, 0xfc, 0xf8, 0x00,
    0xf8, 0xfc, 0xf8, 0x00, 0xf8, 0xfc, 0xf8, 0x00, 0xf8, 0xfc, 0xf8, 0x00,
    0xf8, 0xfc, 0xf8, 0x00, 0xf8, 0xfc, 0xf8, 0x00, 0xf8, 0xfc, 0xf8, 0x00,
    0xf8, 0xfc, 0xf8, 0x00, 0xf8, 0xfc, 0xf8, 0x00, 0xf8, 0xfc, 0xf8, 0x00,
    0xf8, 0xfc, 0xf8, 0x00, 0xf8, 0xfc, 0xf8, 0x00, 0xf8, 0xfc, 0xf8, 0x00,
    0xf8, 0xfc, 0xf8, 0x00, 0xf8, 0xfc, 0xf8, 0x00, 0xf8, 0xfc, 0xf8, 0x00,
    0xf8, 0xfc, 0xf8, 0x00, 0xf8, 0xfc, 0xf8, 0x00, 0xf8, 0xfc, 0xf8, 0x00,
    0xf8, 0xfc, 0xf8, 0x00, 0xf8, 0xfc, 0xf8, 0x00, 0xf8, 0xfc, 0xf8, 0x00,
    0xf8, 0xfc, 0xf8, 0x00, 0xf8, 0xfc, 0xf8, 0x00, 0xf8, 0xfc, 0xf8, 0x00,
    0xf8, 0xfc, 0xf8, 0x00, 0xf8, 0xfc, 0xf8, 0x00, 0xf8, 0xfc, 0xf8, 0x00,
    0xf8, 0xfc, 0xf8, 0x00, 0xf8, 0xfc, 0xf8, 0x00, 0xf8, 0xfc, 0xf8, 0x00,
    0xf8, 0xfc, 0xf8, 0x00, 0xf8, 0xfc, 0xf8, 0x00, 0xf8, 0xfc, 0xf8, 0x00,
    0xf8, 0xfc, 0xf8, 0x00, 0xf8, 0xfc, 0xf8, 0x00, 0xf8, 0xfc, 0xf8, 0x00,
    0xf8, 0xfc, 0xf8, 0x00, 0xf8, 0xfc, 0xf8, 0x00, 0xf8, 0xfc, 0xf8, 0x00,
    0xf8, 0xfc, 0xf8, 0x00, 0xf8, 0xfc, 0xf8, 0x00, 0xf8, 0xfc, 0xf8, 0x00,
    0xf8, 0xfc, 0xf8, 0x00, 0xf8, 0xfc, 0xf8, 0x00, 0xf8, 0xfc, 0xf8, 0x00,
    0xf8, 0xfc, 0xf8, 0x00, 0xf8, 0xfc, 0xf8, 0x00, 0xf8, 0xfc, 0xf8, 0x00,
    0xf8, 0xfc, 0xf8, 0x00, 0xf8, 0xfc, 0xf8, 0x00, 0xf8, 0xfc, 0xf8, 0x00,
    0xf8, 0xfc, 0xf8, 0x00, 0xf8, 0xfc, 0xf8, 0x00, 0xf8, 0xfc, 0xf8, 0x00,
    0xf8, 0xfc, 0xf8, 0x00, 0xf8, 0xfc, 0xf8, 0x00, 0xf8, 0xfc, 0xf8, 0x00,
    0xf8, 0xfc, 0xf8, 0x00, 0xf8, 0xfc, 0xf8, 0x00, 0xf8, 0xfc, 0xf8, 0x00,
    0xf8, 0xfc, 0xf8, 0x00, 0xf8, 0xfc, 0xf8, 0x00, 0xf8, 0xfc, 0xf8, 0x00,
    0xf8, 0xfc, 0xf8, 0x00, 0xf8, 0xfc, 0xf8, 0x00, 0xf8, 0xfc, 0xf8, 0x00,
    0xf8, 0xfc, 0xf8, 0x00, 0xf8, 0xfc, 0xf8, 0x00, 0xf8, 0xfc, 0xf8, 0x00,
    0xf8, 0xfc, 0xf8, 0x00, 0xf8, 0xfc, 0xf8, 0x00, 0xf8, 0xfc, 0xf8, 0x00,
    0xf8, 0xfc, 0xf8, 0x00, 0xf8, 0xfc, 0xf8, 0x00, 0xf8, 0xfc, 0xf8, 0x00,
    0xf8, 0xfc, 0xf8, 0x00, 0xf8, 0xfc, 0xf8, 0x00, 0xf8, 0xfc, 0xf8, 0x00,
    0xf8, 0xfc, 0xf8, 0x00, 0xf8, 0xfc, 0xf8, 0x00, 0xf8, 0xfc, 0xf8, 0x00,
    0xf8, 0xfc, 0xf8, 0x00, 0xf8, 0xfc, 0xf8, 0x00, 0xf8, 0xfc, 0xf8, 0x00,
    0xf8, 0xfc, 0xf8, 0x00, 0xf8, 0xfc, 0xf8, 0x00, 0xf8, 0xfc, 0xf8, 0x00,
    0xf8, 0xfc, 0xf8, 0x00, 0xf8, 0xfc, 0xf8, 0x00, 0xf8, 0xfc, 0xf8, 0x00,
    0xf8, 0xfc, 0xf8, 0x00, 0xf8, 0xfc, 0xf8, 0x00, 0xf8, 0xfc, 0xf8, 0x00,
    0xf8, 0xfc, 0xf8, 0x00, 0xf8, 0xfc, 0xf8, 0x00, 0xf8, 0xfc, 0xf8, 0x00,
    0xf8, 0xfc, 0xf8, 0x00, 0xf8, 0xfc, 0xf8, 0x00, 0xf8, 0xfc, 0xf8, 0x00,
    0xf8, 0xfc, 0xf8, 0x00, 0xf8, 0xfc, 0xf8, 0x00, 0xf8, 0xfc, 0xf8, 0x00,
    0xf8, 0xfc, 0xf8, 0x00, 0xf8, 0xfc, 0xf8, 0x00, 0xf8, 0xfc, 0xf8, 0x00,
    0xf8, 0xfc, 0xf8, 0x00, 0xf8, 0xfc, 0xf8, 0x00, 0xf8, 0xfc, 0xf8, 0x00,
    0xf8, 0xfc, 0xf8, 0x00, 0xf8, 0xfc, 0xf8, 0x00, 0xf8, 0xfc, 0xf8, 0x00,
    0xf8, 0xfc, 0xf8, 0x00, 0xf8, 0xfc, 0xf8, 0x00, 0xf8, 0xfc, 0xf8, 0x00,
    0xf8, 0xfc, 0xf8, 0x00, 0xf8, 0xfc, 0xf8, 0x00, 0xf8, 0xfc, 0xf8, 0x00,
    0xf8, 0xfc, 0xf8, 0x00, 0xf8, 0xfc, 0xf8, 0x00, 0xf8, 0xfc, 0xf8, 0x00,
    0xf8, 0xfc, 0xf8, 0x00, 0xf8, 0xfc, 0xf8, 0x00, 0xf8, 0xfc, 0xf8, 0x00,
    0xf8, 0xfc, 0xf8, 0x00, 0xf8, 0xfc, 0xf8, 0x00, 0xf8, 0xfc, 0xf8, 0x00,
    0xf8, 0xfc, 0xf8, 0x00, 0xf8, 0xfc, 0xf8, 0x00, 0xf8, 0xfc, 0xf8, 0x00,
    0xf8, 0xfc, 0xf8, 0x00, 0xf8, 0xfc, 0xf8, 0x00, 0xf8, 0xfc, 0xf8, 0x00,
    0xf8, 0xfc, 0xf8, 0x00, 0xf8, 0xfc, 0xf8, 0x00, 0xf8, 0xfc, 0xf8, 0x00,
    0xf8, 0xfc, 0xf8, 0x00, 0xf8, 0xfc, 0xf8, 0x00, 0xf8, 0xfc, 0xf8, 0x00,
    0xf8, 0xfc, 0xf8, 0x00, 0xf8, 0xfc, 0xf8, 0x00, 0xf8, 0xfc, 0xf8, 0x00,
    0xf8, 0xfc, 0xf8, 0x00, 0xf8, 0xfc, 0xf8, 0x00, 0xf8, 0xfc, 0xf8, 0x00,
    0xf8, 0xfc, 0xf8, 0x00, 0xf8, 0xfc, 0xf8, 0x00, 0xf8, 0xfc, 0xf8, 0x00,
    0xf8, 0xfc, 0xf8, 0x00, 0xf8, 0xfc, 0xf8, 0x00, 0xf8, 0xfc, 0xf8, 0x00,
    0xf8, 0xfc, 0xf8, 0x00, 0xf8, 0xfc, 0xf8, 0x00, 0xf8, 0xfc, 0xf8, 0x00,
    0xf8, 0xfc, 0xf8, 0x00, 0xf8, 0xfc, 0xf8, 0x00, 0xf8, 0xfc, 0xf8, 0x00,
    0xf8, 0xfc, 0xf8, 0x00, 0xf8, 0xfc, 0xf8, 0x00, 0x98, 0x9c, 0x98, 0x55,
    0xa0, 0xa0, 0xa0, 0x71, 0xa0, 0xa0, 0xa0, 0x71, 0xa0, 0xa0, 0xa0, 0x71,
    0xa0, 0xa0, 0xa0, 0x71, 0xa0, 0xa0, 0xa0, 0x71, 0xa0, 0xa0, 0xa0, 0x71,
    0xa0, 0xa0, 0xa0, 0x71, 0xa0, 0xa0, 0xa0, 0x71, 0xa0, 0xa0, 0xa0, 0x71,
    0xa0, 0xa0, 0xa0, 0x71, 0xa0, 0xa0, 0xa0, 0x71, 0xa0, 0xa0, 0xa0, 0x71,
    0xa0, 0xa0, 0xa0, 0x71, 0xa0, 0xa0, 0xa0, 0x71, 0xa0, 0xa0, 0xa0, 0x71,
    0xa0, 0xa0, 0xa0, 0x71, 0xa0, 0x9c, 0x98, 0x71, 0xa0, 0x9c, 0xa0, 0x71,
    0xa0, 0x9c, 0xa0, 0x71, 0xa0, 0xa0, 0x98, 0x71, 0xa0, 0x9c, 0xa0, 0x71,
    0xa0, 0x9c, 0xa0, 0x71, 0xa0, 0xa0, 0x98, 0x71, 0xa0, 0x9c, 0xa0, 0x71,
    0xa0, 0x9c, 0xa0, 0x71, 0xa0, 0xa0, 0x98, 0x71, 0xa0, 0x9c, 0xa0, 0x71,
    0xa0, 0x9c, 0xa0, 0x71, 0xa0, 0xa0, 0x98, 0x71, 0xa0, 0x9c, 0xa0, 0x71,
    0xa0, 0x9c, 0xa0, 0x71, 0xa0, 0xa0, 0x98, 0x71, 0xa0, 0x9c, 0xa0, 0x71,
    0xa0, 0x9c, 0x98, 0x71, 0xa0, 0x9c, 0xa0, 0x71, 0xa0, 0x9c, 0x98, 0x71,
    0xa0, 0x9c, 0xa0, 0x71, 0xa0, 0x9c, 0x98, 0x71, 0xa0, 0x9c, 0x98, 0x71,
    0xa0, 0x9c, 0xa0, 0x71, 0xa0, 0x9c, 0x98, 0x71, 0xa0, 0x9c, 0x98, 0x71,
    0xa0, 0x9c, 0xa0, 0x71, 0xa0, 0x9c, 0x98, 0x71, 0xa0, 0x9c, 0x98, 0x71,
    0xa0, 0x9c, 0xa0, 0x71, 0xa0, 0x9c, 0x98, 0x71, 0xa0, 0x9c, 0x98, 0x71,
    0xa0, 0x9c, 0xa0, 0x71, 0xa0, 0x9c, 0x98, 0x71, 0x98, 0x9c, 0x98, 0x71,
    0xa0, 0x9c, 0xa0, 0x71, 0xa0, 0x9c, 0x98, 0x71, 0xa0, 0x9c, 0x98, 0x71,
    0x98, 0x9c, 0xa0, 0x71, 0xa0, 0x9c, 0x98, 0x71, 0xa0, 0x9c, 0x98, 0x71,
    0x98, 0x9c, 0xa0, 0x71, 0xa0, 0x9c, 0x98, 0x71, 0xa0, 0x9c, 0x98, 0x71,
    0x98, 0x9c, 0xa0, 0x71, 0xa0, 0x9c, 0x98, 0x71, 0xa0, 0x9c, 0x98, 0x71,
    0x98, 0x9c, 0xa0, 0x71, 0xa0, 0x9c, 0x98, 0x71, 0xa0, 0x9c, 0x98, 0x71,
    0x98, 0x9c, 0x98, 0x71, 0xa0, 0x9c, 0xa0, 0x71, 0xa0, 0x9c, 0x98, 0x71,
    0x98, 0x9c, 0x98, 0x71, 0xa0, 0x9c, 0x98, 0x71, 0xa0, 0x9c, 0x98, 0x71,
    0x98, 0x9c, 0xa0, 0x71, 0xa0, 0x9c, 0x98, 0x71, 0xa0, 0x9c, 0x98, 0x71,
    0x98, 0x9c, 0x98, 0x71, 0xa0, 0x9c, 0x98, 0x71, 0xa0, 0x9c, 0x98, 0x71,
    0x98, 0x9c, 0x98, 0x71, 0xa0, 0x9c, 0x98, 0x71, 0xa0, 0x9c, 0x98, 0x71,
    0x98, 0x9c, 0x98, 0x71, 0xa0, 0x9c, 0x98, 0x71, 0xa0, 0x9c, 0x98, 0x71,
    0x98, 0x9c, 0x98, 0x71, 0xa0, 0x9c, 0x98, 0x71, 0xa0, 0x9c, 0x98, 0x71,
    0x98, 0x9c, 0x98, 0x71, 0xa0, 0x9c, 0x98, 0x71, 0x98, 0x9c, 0x98, 0x71,
    0xa0, 0x9c, 0x98, 0x71, 0x98, 0x9c, 0x98, 0x71, 0x98, 0x9c, 0x98, 0x71,
    0xa0, 0x9c, 0x98, 0x71, 0x98, 0x9c, 0x98, 0x71, 0x98, 0x9c, 0x98, 0x71,
    0xa0, 0x9c, 0x98, 0x71, 0x98, 0x9c, 0x98, 0x71, 0x98, 0x9c, 0x98, 0x71,
    0xa0, 0x9c, 0x98, 0x71, 0x98, 0x9c, 0x98, 0x71, 0x98, 0x9c, 0x98, 0x71,
    0xa0, 0x9c, 0x98, 0x71, 0x98, 0x9c, 0x98, 0x71, 0x98, 0x9c, 0x98, 0x71,
    0xa0, 0x9c, 0x98, 0x71, 0x98, 0x9c, 0x98, 0x71, 0x98, 0x9c, 0x98, 0x71,
    0x98, 0x98, 0x98, 0x71, 0xa0, 0x9c, 0x98, 0x71, 0x98, 0x98, 0x98, 0x71,
    0x98, 0x9c, 0x98, 0x71, 0x98, 0x98, 0x98, 0x71, 0x98, 0x98, 0x98, 0x71,
    0x98, 0x9c, 0x98, 0x71, 0x98, 0x98, 0x98, 0x71, 0x98, 0x98, 0x98, 0x71,
    0x98, 0x9c, 0x98, 0x71, 0x98, 0x98, 0x98, 0x71, 0x98, 0x98, 0x98, 0x71,
    0x98, 0x9c, 0x98, 0x71, 0x98, 0x98, 0x98, 0x71, 0x98, 0x98, 0x98, 0x71,
    0x98, 0x9c, 0x98, 0x71, 0xf8, 0xfc, 0xf8, 0x00, 0xf8, 0xfc, 0xf8, 0x00,
    0xf8, 0xfc, 0xf8, 0x00, 0xf8, 0xfc, 0xf8, 0x00, 0xf8, 0xfc, 0xf8, 0x00,
    0xf8, 0xfc, 0xf8, 0x00, 0xf8, 0xfc, 0xf8, 0x00, 0xf8, 0xfc, 0xf8, 0x00,
    0xf8, 0xfc, 0xf8, 0x00, 0xf8, 0xfc, 0xf8, 0x00, 0xf8, 0xfc, 0xf8, 0x00,
    0xf8, 0xfc, 0xf8, 0x00, 0xf8, 0xfc, 0xf8, 0x00, 0xf8, 0xfc, 0xf8, 0x00,
    0xf8, 0xfc, 0xf8, 0x00, 0xf8, 0xfc, 0xf8, 0x00, 0xf8, 0xfc, 0xf8, 0x00,
    0xf8, 0xfc, 0xf8, 0x00, 0xf8, 0xfc, 0xf8, 0x00, 0xf8, 0xfc, 0xf8, 0x00,
    0xf8, 0xfc, 0xf8, 0x00, 0xf8, 0xfc, 0xf8, 0x00, 0xf8, 0xfc, 0xf8, 0x00,
    0x98, 0x94, 0x90, 0x7d, 0x70, 0x70, 0x70, 0xc3, 0x60, 0x64, 0x60, 0xf3,
    0x40, 0x3c, 0x38, 0xff, 0x30, 0x2c, 0x30, 0xff, 0x30, 0x30, 0x30, 0xff,
    0x30, 0x30, 0x28, 0xff, 0x30, 0x2c, 0x30, 0xff, 0x30, 0x30, 0x30, 0xff,
    0x30, 0x30, 0x28, 0xff, 0x30, 0x2c, 0x30, 0xff, 0x30, 0x30, 0x30, 0xff,
    0x30, 0x30, 0x28, 0xff, 0x30, 0x30, 0x30, 0xff, 0x30, 0x2c, 0x30, 0xff,
    0x30, 0x30, 0x28, 0xff, 0x30, 0x2c, 0x30, 0xff, 0x30, 0x2c, 0x28, 0xff,
    0x30, 0x30, 0x30, 0xff, 0x30, 0x30, 0x30, 0xff, 0x30, 0x2c, 0x28, 0xff,
    0x30, 0x30, 0x30, 0xff, 0x30, 0x30, 0x30, 0xff, 0x30, 0x2c, 0x28, 0xff,
    0x30, 0x30, 0x30, 0xff, 0x30, 0x2c, 0x28, 0xff, 0x30, 0x30, 0x30, 0xff,
    0x30, 0x2c, 0x30, 0xff, 0x30, 0x30, 0x28, 0xff, 0x30, 0x2c, 0x28, 0xff,
    0x30, 0x2c, 0x30, 0xff, 0x30, 0x2c, 0x28, 0xff, 0x30, 0x2c, 0x28, 0xff,
    0x30, 0x2c, 0x30, 0xff, 0x28, 0x2c, 0x28, 0xff, 0x30, 0x2c, 0x28, 0xff,
    0x30, 0x2c, 0x28, 0xff, 0x28, 0x2c, 0x30, 0xff, 0x30, 0x2c, 0x28, 0xff,
    0x30, 0x2c, 0x30, 0xff, 0x28, 0x2c, 0x28, 0xff, 0x28, 0x2c, 0x28, 0xff,
    0x30, 0x2c, 0x30, 0xff, 0x30, 0x2c, 0x28, 0xff, 0x28, 0x2c, 0x28, 0xff,
    0x28, 0x2c, 0x30, 0xff, 0x30, 0x2c, 0x28, 0xff, 0x28, 0x2c, 0x28, 0xff,
    0x28, 0x2c, 0x30, 0xff, 0x30, 0x2c, 0x28, 0xff, 0x28, 0x2c, 0x28, 0xff,
    0x28, 0x2c, 0x30, 0xff, 0x30, 0x2c, 0x28, 0xff, 0x28, 0x2c, 0x28, 0xff,
    0x30, 0x2c, 0x28, 0xff, 0x28, 0x2c, 0x28, 0xff, 0x28, 0x2c, 0x28, 0xff,
    0x28, 0x2c, 0x28, 0xff, 0x30, 0x2c, 0x28, 0xff, 0x28, 0x28, 0x28, 0xff,
    0x28, 0x2c, 0x28, 0xff, 0x30, 0x2c, 0x28, 0xff, 0x28, 0x2c, 0x28, 0xff,
    0x28, 0x2c, 0x28, 0xff, 0x30, 0x28, 0x28, 0xff, 0x28, 0x2c, 0x28, 0xff,
    0x28, 0x2c, 0x28, 0xff, 0x30, 0x28, 0x28, 0xff, 0x28, 0x28, 0x28, 0xff,
    0x28, 0x2c, 0x28, 0xff, 0x28, 0x2c, 0x28, 0xff, 0x28, 0x28, 0x28, 0xff,
    0x28, 0x28, 0x28, 0xff, 0x28, 0x2c, 0x28, 0xff, 0x28, 0x28, 0x28, 0xff,
    0x28, 0x28, 0x28, 0xff, 0x28, 0x28, 0x28, 0xff, 0x28, 0x28, 0x28, 0xff,
    0x28, 0x28, 0x28, 0xff, 0x28, 0x28, 0x28, 0xff, 0x28, 0x28, 0x28, 0xff,
    0x28, 0x28, 0x28, 0xff, 0x28, 0x28, 0x28, 0xff, 0x28, 0x28, 0x28, 0xff,
    0x28, 0x28, 0x28, 0xff, 0x28, 0x28, 0x28, 0xff, 0x28, 0x28, 0x28, 0xff,
    0x28, 0x28, 0x28, 0xff, 0x28, 0x28, 0x28, 0xff, 0x28, 0x28, 0x28, 0xff,
    0x28, 0x28, 0x28, 0xff, 0x28, 0x28, 0x28, 0xff, 0x28, 0x28, 0x28, 0xff,
    0x28, 0x28, 0x28, 0xff, 0x28, 0x28, 0x28, 0xff, 0x28, 0x28, 0x28, 0xff,
    0x28, 0x24, 0x28, 0xff, 0x28, 0x28, 0x28, 0xff, 0x28, 0x24, 0x28, 0xff,
    0x28, 0x28, 0x28, 0xff, 0x28, 0x24, 0x28, 0xff, 0x28, 0x28, 0x28, 0xff,
    0x28, 0x24, 0x28, 0xff, 0x28, 0x24, 0x28, 0xff, 0x28, 0x28, 0x28, 0xff,
    0x28, 0x24, 0x28, 0xff, 0x28, 0x24, 0x28, 0xff, 0x28, 0x24, 0x28, 0xff,
    0x28, 0x24, 0x28, 0xff, 0x28, 0x24, 0x28, 0xff, 0x28, 0x24, 0x28, 0xff,
    0x28, 0x24, 0x28, 0xff, 0x28, 0x28, 0x28, 0xff, 0x28, 0x24, 0x28, 0xff,
    0x28, 0x28, 0x28, 0xff, 0x28, 0x24, 0x20, 0xff, 0x28, 0x24, 0x28, 0xff,
    0x28, 0x24, 0x28, 0xff, 0x28, 0x24, 0x20, 0xff, 0x28, 0x24, 0x28, 0xff,
    0x28, 0x24, 0x28, 0xff, 0x28, 0x24, 0x20, 0xff, 0x28, 0x24, 0x28, 0xff,
    0x28, 0x24, 0x20, 0xff, 0x28, 0x24, 0x20, 0xff, 0x28, 0x24, 0x28, 0xff,
    0x28, 0x24, 0x20, 0xff, 0x28, 0x24, 0x28, 0xff, 0x58, 0x58, 0x58, 0xff,
    0x60, 0x60, 0x60, 0xdb, 0x80, 0x7c, 0x78, 0x92, 0x90, 0x90, 0x90, 0x20,
    0xf8, 0xfc, 0xf8, 0x00, 0xf8, 0xfc, 0xf8, 0x00, 0xf8, 0xfc, 0xf8, 0x00,
    0xf8, 0xfc, 0xf8, 0x00, 0xf8, 0xfc, 0xf8, 0x00, 0xf8, 0xfc, 0xf8, 0x00,
    0xf8, 0xfc, 0xf8, 0x00, 0xf8, 0xfc, 0xf8, 0x00, 0xf8, 0xfc, 0xf8, 0x00,
    0xf8, 0xfc, 0xf8, 0x00, 0xf8, 0xfc, 0xf8, 0x00, 0xf8, 0xfc, 0xf8, 0x00,
    0xf8, 0xfc, 0xf8, 0x00, 0xf8, 0xfc, 0xf8, 0x00, 0xf8, 0xfc, 0xf8, 0x00,
    0xf8, 0xfc, 0xf8, 0x00, 0xf8, 0xfc, 0xf8, 0x00, 0x90, 0x8c, 0x88, 0x65,
    0x68, 0x64, 0x68, 0xe7, 0x30, 0x30, 0x30, 0xff, 0x30, 0x30, 0x30, 0xff,
    0x30, 0x30, 0x30, 0xff, 0x30, 0x30, 0x30, 0xff, 0x30, 0x30, 0x30, 0xff,
    0x30, 0x30, 0x30, 0xff, 0x30, 0x30, 0x30, 0xff, 0x30, 0x30, 0x30, 0xff,
    0x30, 0x30, 0x30, 0xff, 0x30, 0x30, 0x28, 0xff, 0x30, 0x2c, 0x30, 0xff,
    0x30, 0x30, 0x30, 0xff, 0x30, 0x30, 0x28, 0xff, 0x30, 0x2c, 0x30, 0xff,
    0x30, 0x2c, 0x28, 0xff, 0x30, 0x30, 0x30, 0xff, 0x30, 0x30, 0x30, 0xff,
    0x30, 0x30, 0x30, 0xff, 0x30, 0x30, 0x28, 0xff, 0x30, 0x30, 0x30, 0xff,
    0x30, 0x2c, 0x30, 0xff, 0x30, 0x30, 0x28, 0xff, 0x30, 0x30, 0x30, 0xff,
    0x30, 0x2c, 0x30, 0xff, 0x30, 0x30, 0x28, 0xff, 0x30, 0x2c, 0x28, 0xff,
    0x30, 0x2c, 0x30, 0xff, 0x30, 0x2c, 0x28, 0xff, 0x30, 0x2c, 0x28, 0xff,
    0x30, 0x30, 0x30, 0xff, 0x28, 0x2c, 0x30, 0xff, 0x30, 0x30, 0x30, 0xff,
    0x30, 0x2c, 0x28, 0xff, 0x28, 0x2c, 0x30, 0xff, 0x30, 0x30, 0x30, 0xff,
    0x30, 0x2c, 0x28, 0xff, 0x30, 0x2c, 0x30, 0xff, 0x28, 0x2c, 0x28, 0xff,
    0x30, 0x30, 0x30, 0xff, 0x30, 0x2c, 0x28, 0xff, 0x30, 0x2c, 0x30, 0xff,
    0x30, 0x30, 0x30, 0xff, 0x28, 0x2c, 0x28, 0xff, 0x30, 0x2c, 0x28, 0xff,
    0x30, 0x2c, 0x30, 0xff, 0x30, 0x2c, 0x28, 0xff, 0x28, 0x2c, 0x28, 0xff,
    0x30, 0x2c, 0x28, 0xff, 0x30, 0x2c, 0x30, 0xff, 0x28, 0x2c, 0x28, 0xff,
    0x28, 0x2c, 0x28, 0xff, 0x30, 0x2c, 0x30, 0xff, 0x28, 0x2c, 0x28, 0xff,
    0x30, 0x2c, 0x28, 0xff, 0x30, 0x2c, 0x30, 0xff, 0x30, 0x2c, 0x28, 0xff,
    0x28, 0x2c, 0x30, 0xff, 0x30, 0x2c, 0x28, 0xff, 0x30, 0x2c, 0x28, 0xff,
    0x28, 0x28, 0x28, 0xff, 0x30, 0x2c, 0x30, 0xff, 0x30, 0x28, 0x28, 0xff,
    0x28, 0x2c, 0x28, 0xff, 0x30, 0x28, 0x28, 0xff, 0x28, 0x2c, 0x28, 0xff,
    0x30, 0x28, 0x28, 0xff, 0x28, 0x2c, 0x28, 0xff, 0x28, 0x2c, 0x28, 0xff,
    0x30, 0x28, 0x28, 0xff, 0x28, 0x28, 0x28, 0xff, 0x30, 0x2c, 0x28, 0xff,
    0x30, 0x28, 0x28, 0xff, 0x28, 0x28, 0x28, 0xff, 0x30, 0x28, 0x28, 0xff,
    0x28, 0x28, 0x28, 0xff, 0x28, 0x28, 0x28, 0xff, 0x30, 0x28, 0x28, 0xff,
    0x28, 0x28, 0x28, 0xff, 0x28, 0x28, 0x28, 0xff, 0x28, 0x28, 0x28, 0xff,
    0x28, 0x28, 0x28, 0xff, 0x28, 0x28, 0x28, 0xff, 0x30, 0x28, 0x28, 0xff,
    0x28, 0x28, 0x28, 0xff, 0x28, 0x28, 0x28, 0xff, 0x28, 0x28, 0x28, 0xff,
    0x28, 0x28, 0x28, 0xff, 0x28, 0x28, 0x28, 0xff, 0x28, 0x28, 0x28, 0xff,
    0x28, 0x28, 0x28, 0xff, 0x28, 0x28, 0x28, 0xff, 0x28, 0x28, 0x28, 0xff,
    0x28, 0x28, 0x28, 0xff, 0x28, 0x28, 0x28, 0xff, 0x28, 0x28, 0x28, 0xff,
    0x28, 0x28, 0x28, 0xff, 0x28, 0x28, 0x28, 0xff, 0x28, 0x24, 0x28, 0xff,
    0x28, 0x28, 0x28, 0xff, 0x28, 0x28, 0x28, 0xff, 0x28, 0x28, 0x28, 0xff,
    0x28, 0x28, 0x28, 0xff, 0x28, 0x28, 0x28, 0xff, 0x28, 0x24, 0x20, 0xff,
    0x28, 0x24, 0x28, 0xff, 0x28, 0x28, 0x28, 0xff, 0x28, 0x28, 0x20, 0xff,
    0x28, 0x24, 0x28, 0xff, 0x28, 0x28, 0x28, 0xff, 0x28, 0x28, 0x20, 0xff,
    0x28, 0x24, 0x28, 0xff, 0x28, 0x28, 0x20, 0xff, 0x28, 0x24, 0x28, 0xff,
    0x28, 0x24, 0x20, 0xff, 0x28, 0x24, 0x20, 0xff, 0x28, 0x28, 0x28, 0xff,
    0x28, 0x28, 0x28, 0xff, 0x28, 0x24, 0x20, 0xff, 0x28, 0x24, 0x20, 0xff,
    0x28, 0x28, 0x28, 0xff, 0x28, 0x24, 0x20, 0xff, 0x28, 0x24, 0x28, 0xff,
    0x28, 0x28, 0x28, 0xff, 0x28, 0x24, 0x20, 0xff, 0x28, 0x24, 0x28, 0xff,
    0x28, 0x24, 0x28, 0xff, 0x28, 0x24, 0x20, 0xff, 0x28, 0x24, 0x20, 0xff,
    0x28, 0x24, 0x28, 0xff, 0x28, 0x24, 0x20, 0xff, 0x28, 0x24, 0x20, 0xff,
    0x50, 0x4c, 0x48, 0xf3, 0x78, 0x78, 0x78, 0x9e, 0xf8, 0xfc, 0xf8, 0x00,
    0xf8, 0xfc, 0xf8, 0x00, 0xf8, 0xfc, 0xf8, 0x00, 0xf8, 0xfc, 0xf8, 0x00,
    0xf8, 0xfc, 0xf8, 0x00, 0xf8, 0xfc, 0xf8, 0x00, 0xf8, 0xfc, 0xf8, 0x00,
    0xf8, 0xfc, 0xf8, 0x00, 0xf8, 0xfc, 0xf8, 0x00, 0xf8, 0xfc, 0xf8, 0x00,
    0xf8, 0xfc, 0xf8, 0x00, 0xf8, 0xfc, 0xf8, 0x00, 0xf8, 0xfc, 0xf8, 0x00,
    0xf8, 0xfc, 0xf8, 0x00, 0xf8, 0xfc, 0xf8, 0x00, 0x78, 0x78, 0x78, 0xaa,
    0x40, 0x3c, 0x38, 0xff, 0x30, 0x30, 0x30, 0xff, 0x30, 0x30, 0x30, 0xff,
    0x30, 0x30, 0x30, 0xff, 0x30, 0x30, 0x30, 0xff, 0x30, 0x30, 0x30, 0xff,
    0x30, 0x30, 0x30, 0xff, 0x30, 0x30, 0x30, 0xff, 0x30, 0x30, 0x30, 0xff,
    0x30, 0x30, 0x30, 0xff, 0x30, 0x30, 0x30, 0xff, 0x30, 0x30, 0x30, 0xff,
    0x30, 0x30, 0x30, 0xff, 0x30, 0x30, 0x30, 0xff, 0x30, 0x30, 0x30, 0xff,
    0x30, 0x2c, 0x28, 0xff, 0x30, 0x30, 0x30, 0xff, 0x30, 0x2c, 0x30, 0xff,
    0x30, 0x30, 0x30, 0xff, 0x30, 0x30, 0x30, 0xff, 0x30, 0x2c, 0x28, 0xff,
    0x30, 0x2c, 0x30, 0xff, 0x30, 0x2c, 0x30, 0xff, 0x30, 0x30, 0x28, 0xff,
    0x30, 0x2c, 0x30, 0xff, 0x30, 0x2c, 0x30, 0xff, 0x28, 0x30, 0x30, 0xff,
    0x30, 0x2c, 0x28, 0xff, 0x30, 0x30, 0x30, 0xff, 0x28, 0x2c, 0x30, 0xff,
    0x30, 0x30, 0x30, 0xff, 0x30, 0x2c, 0x28, 0xff, 0x28, 0x2c, 0x28, 0xff,
    0x30, 0x30, 0x30, 0xff, 0x30, 0x2c, 0x28, 0xff, 0x30, 0x2c, 0x28, 0xff,
    0x30, 0x2c, 0x30, 0xff, 0x30, 0x30, 0x30, 0xff, 0x28, 0x2c, 0x28, 0xff,
    0x30, 0x2c, 0x30, 0xff, 0x28, 0x2c, 0x28, 0xff, 0x28, 0x2c, 0x28, 0xff,
    0x30, 0x2c, 0x28, 0xff, 0x30, 0x2c, 0x30, 0xff, 0x30, 0x2c, 0x28, 0xff,
    0x28, 0x2c, 0x28, 0xff, 0x30, 0x2c, 0x30, 0xff, 0x30, 0x2c, 0x30, 0xff,
    0x28, 0x2c, 0x28, 0xff, 0x30, 0x2c, 0x28, 0xff, 0x30, 0x2c, 0x30, 0xff,
    0x30, 0x2c, 0x28, 0xff, 0x30, 0x2c, 0x28, 0xff, 0x30, 0x2c, 0x28, 0xff,
    0x30, 0x2c, 0x28, 0xff, 0x28, 0x28, 0x28, 0xff, 0x30, 0x2c, 0x28, 0xff,
    0x28, 0x28, 0x28, 0xff, 0x30, 0x28, 0x28, 0xff, 0x28, 0x2c, 0x30, 0xff,
    0x28, 0x28, 0x28, 0xff, 0x30, 0x2c, 0x28, 0xff, 0x28, 0x28, 0x28, 0xff,
    0x28, 0x2c, 0x28, 0xff, 0x30, 0x28, 0x28, 0xff, 0x28, 0x2c, 0x30, 0xff,
    0x30, 0x28, 0x28, 0xff, 0x28, 0x28, 0x28, 0xff, 0x28, 0x28, 0x28, 0xff,
    0x30, 0x2c, 0x28, 0xff, 0x28, 0x28, 0x28, 0xff, 0x28, 0x28, 0x28, 0xff,
    0x30, 0x28, 0x28, 0xff, 0x28, 0x28, 0x28, 0xff, 0x28, 0x28, 0x28, 0xff,
    0x30, 0x2c, 0x28, 0xff, 0x28, 0x28, 0x28, 0xff, 0x28, 0x2c, 0x28, 0xff,
    0x30, 0x28, 0x28, 0xff, 0x28, 0x2c, 0x28, 0xff, 0x30, 0x28, 0x28, 0xff,
    0x30, 0x28, 0x28, 0xff, 0x28, 0x28, 0x28, 0xff, 0x28, 0x28, 0x28, 0xff,
    0x30, 0x28, 0x28, 0xff, 0x28, 0x28, 0x28, 0xff, 0x28, 0x28, 0x28, 0xff,
    0x30, 0x28, 0x28, 0xff, 0x28, 0x28, 0x28, 0xff, 0x28, 0x28, 0x28, 0xff,
    0x30, 0x28, 0x28, 0xff, 0x28, 0x28, 0x28, 0xff, 0x28, 0x28, 0x28, 0xff,
    0x28, 0x28, 0x28, 0xff, 0x28, 0x24, 0x28, 0xff, 0x28, 0x28, 0x28, 0xff,
    0x28, 0x28, 0x28, 0xff, 0x28, 0x24, 0x28, 0xff, 0x28, 0x28, 0x28, 0xff,
    0x28, 0x28, 0x20, 0xff, 0x28, 0x28, 0x28, 0xff, 0x28, 0x28, 0x28, 0xff,
    0x28, 0x24, 0x20, 0xff, 0x28, 0x28, 0x28, 0xff, 0x28, 0x28, 0x28, 0xff,
    0x28, 0x24, 0x20, 0xff, 0x28, 0x28, 0x28, 0xff, 0x28, 0x28, 0x28, 0xff,
    0x28, 0x24, 0x20, 0xff, 0x28, 0x28, 0x28, 0xff, 0x28, 0x24, 0x20, 0xff,
    0x28, 0x28, 0x20, 0xff, 0x28, 0x24, 0x28, 0xff, 0x28, 0x28, 0x28, 0xff,
    0x28, 0x28, 0x20, 0xff, 0x28, 0x24, 0x28, 0xff, 0x28, 0x28, 0x28, 0xff,
    0x28, 0x24, 0x20, 0xff, 0x28, 0x24, 0x20, 0xff, 0x28, 0x28, 0x28, 0xff,
    0x28, 0x24, 0x28, 0xff, 0x28, 0x24, 0x20, 0xff, 0x28, 0x28, 0x20, 0xff,
    0x28, 0x24, 0x28, 0xff, 0x28, 0x24, 0x20, 0xff, 0x28, 0x24, 0x20, 0xff,
    0x28, 0x24, 0x28, 0xff, 0x28, 0x28, 0x20, 0xff, 0x28, 0x24, 0x20, 0xff,
    0x28, 0x24, 0x20, 0xff, 0x28, 0x24, 0x28, 0xff, 0x28, 0x24, 0x28, 0xff,
    0x28, 0x24, 0x28, 0xff, 0x28, 0x24, 0x28, 0xff, 0x28, 0x24, 0x20, 0xff,
    0x60, 0x60, 0x60, 0xdb, 0x90, 0x90, 0x90, 0x3c, 0xf8, 0xfc, 0xf8, 0x00,
    0xf8, 0xfc, 0xf8, 0x00, 0xf8, 0xfc, 0xf8, 0x00, 0xf8, 0xfc, 0xf8, 0x00,
    0xf8, 0xfc, 0xf8, 0x00, 0xf8, 0xfc, 0xf8, 0x00, 0xf8, 0xfc, 0xf8, 0x00,
    0xf8, 0xfc, 0xf8, 0x00, 0xf8, 0xfc, 0xf8, 0x00, 0xf8, 0xfc, 0xf8, 0x00,
    0xf8, 0xfc, 0xf8, 0x00, 0xf8, 0xfc, 0xf8, 0x00, 0x70, 0x74, 0x70, 0xb6,
    0x30, 0x30, 0x30, 0xff, 0x30, 0x30, 0x30, 0xff, 0x30, 0x30, 0x30, 0xff,
    0x30, 0x30, 0x30, 0xff, 0x30, 0x30, 0x30, 0xff, 0x30, 0x30, 0x30, 0xff,
    0x30, 0x30, 0x30, 0xff, 0x30, 0x30, 0x30, 0xff, 0x30, 0x30, 0x30, 0xff,
    0x30, 0x30, 0x28, 0xff, 0x30, 0x30, 0x30, 0xff, 0x30, 0x2c, 0x30, 0xff,
    0x30, 0x30, 0x28, 0xff, 0x30, 0x30, 0x30, 0xff, 0x30, 0x2c, 0x30, 0xff,
    0x30, 0x30, 0x30, 0xff, 0x30, 0x2c, 0x28, 0xff, 0x30, 0x30, 0x30, 0xff,
    0x30, 0x2c, 0x28, 0xff, 0x30, 0x2c, 0x28, 0xff, 0x30, 0x30, 0x30, 0xff,
    0x30, 0x2c, 0x30, 0xff, 0x30, 0x30, 0x28, 0xff, 0x30, 0x30, 0x30, 0xff,
    0x30, 0x2c, 0x30, 0xff, 0x30, 0x30, 0x28, 0xff, 0x30, 0x30, 0x30, 0xff,
    0x30, 0x2c, 0x30, 0xff, 0x30, 0x30, 0x28, 0xff, 0x30, 0x2c, 0x28, 0xff,
    0x30, 0x2c, 0x30, 0xff, 0x30, 0x2c, 0x28, 0xff, 0x30, 0x2c, 0x30, 0xff,
    0x30, 0x2c, 0x28, 0xff, 0x30, 0x2c, 0x30, 0xff, 0x28, 0x30, 0x30, 0xff,
    0x30, 0x2c, 0x28, 0xff, 0x30, 0x2c, 0x28, 0xff, 0x28, 0x2c, 0x28, 0xff,
    0x30, 0x2c, 0x28, 0xff, 0x30, 0x2c, 0x30, 0xff, 0x30, 0x2c, 0x30, 0xff,
    0x30, 0x2c, 0x28, 0xff, 0x28, 0x2c, 0x28, 0xff, 0x30, 0x2c, 0x30, 0xff,
    0x30, 0x2c, 0x28, 0xff, 0x28, 0x2c, 0x28, 0xff, 0x30, 0x2c, 0x30, 0xff,
    0x30, 0x2c, 0x28, 0xff, 0x28, 0x2c, 0x28, 0xff, 0x28, 0x2c, 0x28, 0xff,
    0x28, 0x2c, 0x28, 0xff, 0x30, 0x2c, 0x30, 0xff, 0x28, 0x2c, 0x28, 0xff,
    0x30, 0x2c, 0x28, 0xff, 0x28, 0x28, 0x30, 0xff, 0x28, 0x2c, 0x28, 0xff,
    0x28, 0x28, 0x28, 0xff, 0x30, 0x2c, 0x30, 0xff, 0x28, 0x28, 0x28, 0xff,
    0x30, 0x28, 0x28, 0xff, 0x30, 0x2c, 0x28, 0xff, 0x28, 0x2c, 0x30, 0xff,
    0x30, 0x28, 0x28, 0xff, 0x28, 0x2c, 0x28, 0xff, 0x30, 0x2c, 0x30, 0xff,
    0x30, 0x28, 0x28, 0xff, 0x28, 0x2c, 0x28, 0xff, 0x28, 0x28, 0x28, 0xff,
    0x30, 0x2c, 0x28, 0xff, 0x28, 0x28, 0x30, 0xff, 0x28, 0x2c, 0x28, 0xff,
    0x30, 0x28, 0x28, 0xff, 0x28, 0x28, 0x28, 0xff, 0x28, 0x28, 0x28, 0xff,
    0x30, 0x2c, 0x28, 0xff, 0x28, 0x28, 0x28, 0xff, 0x28, 0x28, 0x28, 0xff,
    0x28, 0x28, 0x28, 0xff, 0x30, 0x28, 0x28, 0xff, 0x28, 0x28, 0x28, 0xff,
    0x28, 0x2c, 0x28, 0xff, 0x28, 0x28, 0x28, 0xff, 0x28, 0x28, 0x28, 0xff,
    0x28, 0x28, 0x28, 0xff, 0x28, 0x28, 0x28, 0xff, 0x28, 0x28, 0x28, 0xff,
    0x28, 0x28, 0x28, 0xff, 0x28, 0x28, 0x28, 0xff, 0x28, 0x28, 0x28, 0xff,
    0x28, 0x28, 0x28, 0xff, 0x30, 0x28, 0x28, 0xff, 0x28, 0x28, 0x28, 0xff,
    0x28, 0x28, 0x28, 0xff, 0x30, 0x24, 0x28, 0xff, 0x28, 0x28, 0x20, 0xff,
    0x28, 0x28, 0x28, 0xff, 0x30, 0x28, 0x28, 0xff, 0x28, 0x28, 0x20, 0xff,
    0x28, 0x24, 0x28, 0xff, 0x28, 0x28, 0x28, 0xff, 0x30, 0x28, 0x20, 0xff,
    0x28, 0x24, 0x28, 0xff, 0x28, 0x28, 0x28, 0xff, 0x28, 0x24, 0x20, 0xff,
    0x28, 0x28, 0x28, 0xff, 0x28, 0x28, 0x28, 0xff, 0x28, 0x28, 0x28, 0xff,
    0x28, 0x24, 0x20, 0xff, 0x28, 0x28, 0x28, 0xff, 0x28, 0x24, 0x28, 0xff,
    0x28, 0x24, 0x20, 0xff, 0x28, 0x24, 0x28, 0xff, 0x28, 0x24, 0x20, 0xff,
    0x28, 0x28, 0x28, 0xff, 0x28, 0x24, 0x28, 0xff, 0x28, 0x24, 0x20, 0xff,
    0x28, 0x24, 0x28, 0xff, 0x28, 0x24, 0x20, 0xff, 0x28, 0x24, 0x28, 0xff,
    0x28, 0x24, 0x28, 0xff, 0x28, 0x24, 0x20, 0xff, 0x28, 0x24, 0x28, 0xff,
    0x28, 0x24, 0x20, 0xff, 0x28, 0x24, 0x20, 0xff, 0x28, 0x24, 0x20, 0xff,
    0x28, 0x24, 0x20, 0xff, 0x28, 0x24, 0x20, 0xff, 0x20, 0x24, 0x28, 0xff,
    0x28, 0x24, 0x20, 0xff, 0x28, 0x24, 0x28, 0xff, 0x28, 0x24, 0x20, 0xff,
    0x28, 0x24, 0x20, 0xff, 0x20, 0x24, 0x20, 0xff, 0x28, 0x24, 0x28, 0xff,
    0x28, 0x24, 0x20, 0xff, 0x28, 0x24, 0x28, 0xff, 0x40, 0x40, 0x40, 0xf3,
    0x80, 0x7c, 0x78, 0x49, 0xf8, 0xfc, 0xf8, 0x00, 0xf8, 0xfc, 0xf8, 0x00,
    0xf8, 0xfc, 0xf8, 0x00, 0xf8, 0xfc, 0xf8, 0x00, 0xf8, 0xfc, 0xf8, 0x00,
    0xf8, 0xfc, 0xf8, 0x00, 0xf8, 0xfc, 0xf8, 0x00, 0xf8, 0xfc, 0xf8, 0x00,
    0xf8, 0xfc, 0xf8, 0x00, 0xf8, 0xfc, 0xf8, 0x00, 0x78, 0x74, 0x70, 0xb6,
    0x30, 0x30, 0x30, 0xff, 0x30, 0x30, 0x30, 0xff, 0x30, 0x30, 0x30, 0xff,
    0x30, 0x30, 0x30, 0xff, 0x30, 0x30, 0x30, 0xff, 0x30, 0x30, 0x30, 0xff,
    0x30, 0x30, 0x30, 0xff, 0x30, 0x30, 0x30, 0xff, 0x30, 0x30, 0x28, 0xff,
    0x30, 0x30, 0x30, 0xff, 0x30, 0x30, 0x30, 0xff, 0x30, 0x2c, 0x28, 0xff,
    0x30, 0x30, 0x30, 0xff, 0x30, 0x30, 0x30, 0xff, 0x30, 0x30, 0x28, 0xff,
    0x30, 0x30, 0x30, 0xff, 0x30, 0x30, 0x30, 0xff, 0x30, 0x30, 0x30, 0xff,
    0x30, 0x30, 0x30, 0xff, 0x30, 0x30, 0x30, 0xff, 0x30, 0x2c, 0x28, 0xff,
    0x30, 0x30, 0x30, 0xff, 0x30, 0x30, 0x30, 0xff, 0x30, 0x2c, 0x28, 0xff,
    0x30, 0x2c, 0x30, 0xff, 0x28, 0x30, 0x28, 0xff, 0x30, 0x2c, 0x28, 0xff,
    0x30, 0x2c, 0x28, 0xff, 0x30, 0x2c, 0x30, 0xff, 0x30, 0x30, 0x30, 0xff,
    0x30, 0x2c, 0x30, 0xff, 0x28, 0x2c, 0x28, 0xff, 0x30, 0x30, 0x28, 0xff,
    0x30, 0x30, 0x30, 0xff, 0x28, 0x2c, 0x30, 0xff, 0x30, 0x2c, 0x28, 0xff,
    0x30, 0x2c, 0x30, 0xff, 0x30, 0x30, 0x30, 0xff, 0x30, 0x2c, 0x30, 0xff,
    0x30, 0x2c, 0x28, 0xff, 0x30, 0x2c, 0x28, 0xff, 0x30, 0x30, 0x30, 0xff,
    0x30, 0x2c, 0x30, 0xff, 0x30, 0x2c, 0x28, 0xff, 0x30, 0x2c, 0x30, 0xff,
    0x30, 0x2c, 0x28, 0xff, 0x28, 0x2c, 0x30, 0xff, 0x30, 0x2c, 0x28, 0xff,
    0x30, 0x2c, 0x28, 0xff, 0x28, 0x2c, 0x30, 0xff, 0x30, 0x2c, 0x28, 0xff,
    0x30, 0x2c, 0x28, 0xff, 0x30, 0x28, 0x30, 0xff, 0x28, 0x2c, 0x30, 0xff,
    0x28, 0x2c, 0x28, 0xff, 0x30, 0x2c, 0x30, 0xff, 0x30, 0x2c, 0x28, 0xff,
    0x30, 0x2c, 0x28, 0xff, 0x30, 0x2c, 0x30, 0xff, 0x28, 0x2c, 0x28, 0xff,
    0x28, 0x2c, 0x28, 0xff, 0x30, 0x28, 0x28, 0xff, 0x28, 0x2c, 0x28, 0xff,
    0x30, 0x28, 0x28, 0xff, 0x28, 0x2c, 0x28, 0xff, 0x30, 0x28, 0x28, 0xff,
    0x28, 0x2c, 0x28, 0xff, 0x28, 0x28, 0x28, 0xff, 0x28, 0x28, 0x28, 0xff,
    0x30, 0x28, 0x28, 0xff, 0x28, 0x2c, 0x28, 0xff, 0x30, 0x28, 0x28, 0xff,
    0x28, 0x2c, 0x28, 0xff, 0x30, 0x28, 0x28, 0xff, 0x28, 0x2c, 0x28, 0xff,
    0x28, 0x28, 0x28, 0xff, 0x30, 0x28, 0x28, 0xff, 0x28, 0x28, 0x28, 0xff,
    0x28, 0x2c, 0x28, 0xff, 0x30, 0x28, 0x28, 0xff, 0x28, 0x28, 0x28, 0xff,
    0x28, 0x28, 0x28, 0xff, 0x30, 0x28, 0x28, 0xff, 0x28, 0x28, 0x28, 0xff,
    0x28, 0x28, 0x28, 0xff, 0x30, 0x28, 0x28, 0xff, 0x28, 0x28, 0x28, 0xff,
    0x28, 0x28, 0x28, 0xff, 0x28, 0x28, 0x28, 0xff, 0x28, 0x28, 0x28, 0xff,
    0x28, 0x28, 0x28, 0xff, 0x30, 0x28, 0x28, 0xff, 0x28, 0x28, 0x28, 0xff,
    0x28, 0x28, 0x28, 0xff, 0x28, 0x28, 0x20, 0xff, 0x28, 0x28, 0x28, 0xff,
    0x28, 0x28, 0x28, 0xff, 0x28, 0x24, 0x28, 0xff, 0x28, 0x28, 0x20, 0xff,
    0x28, 0x28, 0x28, 0xff, 0x28, 0x24, 0x28, 0xff, 0x28, 0x28, 0x28, 0xff,
    0x28, 0x28, 0x28, 0xff, 0x28, 0x24, 0x20, 0xff, 0x28, 0x28, 0x28, 0xff,
    0x28, 0x28, 0x28, 0xff, 0x30, 0x28, 0x28, 0xff, 0x28, 0x24, 0x20, 0xff,
    0x28, 0x24, 0x28, 0xff, 0x28, 0x28, 0x28, 0xff, 0x28, 0x28, 0x20, 0xff,
    0x28, 0x24, 0x28, 0xff, 0x28, 0x24, 0x20, 0xff, 0x28, 0x28, 0x28, 0xff,
    0x28, 0x24, 0x20, 0xff, 0x28, 0x24, 0x20, 0xff, 0x28, 0x28, 0x28, 0xff,
    0x28, 0x24, 0x20, 0xff, 0x28, 0x24, 0x20, 0xff, 0x28, 0x28, 0x28, 0xff,
    0x28, 0x24, 0x20, 0xff, 0x28, 0x24, 0x20, 0xff, 0x28, 0x28, 0x28, 0xff,
    0x28, 0x24, 0x28, 0xff, 0x20, 0x24, 0x20, 0xff, 0x28, 0x24, 0x28, 0xff,
    0x28, 0x24, 0x28, 0xff, 0x20, 0x24, 0x20, 0xff, 0x28, 0x24, 0x28, 0xff,
    0x28, 0x24, 0x20, 0xff, 0x20, 0x24, 0x28, 0xff, 0x28, 0x24, 0x28, 0xff,
    0x28, 0x28, 0x20, 0xff, 0x28, 0x28, 0x20, 0xff, 0x28, 0x24, 0x28, 0xff,
    0x28, 0x28, 0x20, 0xff, 0x28, 0x24, 0x20, 0xff, 0x28, 0x24, 0x20, 0xff,
    0x28, 0x24, 0x28, 0xff, 0x50, 0x50, 0x50, 0xe7, 0xf0, 0xf4, 0xf0, 0x10,
    0xf8, 0xfc, 0xf8, 0x00, 0xf8, 0xfc, 0xf8, 0x00, 0xf8, 0xfc, 0xf8, 0x00,
    0xf8, 0xfc, 0xf8, 0x00, 0xf8, 0xfc, 0xf8, 0x00, 0xf8, 0xfc, 0xf8, 0x00,
    0xf8, 0xfc, 0xf8, 0x00, 0xf8, 0xfc, 0xf8, 0x00, 0x80, 0x84, 0x80, 0x71,
    0x40, 0x3c, 0x38, 0xff, 0x30, 0x30, 0x30, 0xff, 0x30, 0x30, 0x30, 0xff,
    0x30, 0x30, 0x30, 0xff, 0x30, 0x30, 0x30, 0xff, 0x30, 0x30, 0x30, 0xff,
    0x30, 0x30, 0x30, 0xff, 0x38, 0x30, 0x30, 0xff, 0x30, 0x30, 0x30, 0xff,
    0x30, 0x30, 0x28, 0xff, 0x38, 0x30, 0x30, 0xff, 0x30, 0x2c, 0x30, 0xff,
    0x30, 0x30, 0x30, 0xff, 0x30, 0x30, 0x30, 0xff, 0x30, 0x2c, 0x30, 0xff,
    0x30, 0x30, 0x30, 0xff, 0x30, 0x30, 0x28, 0xff, 0x30, 0x2c, 0x28, 0xff,
    0x30, 0x2c, 0x30, 0xff, 0x30, 0x30, 0x30, 0xff, 0x30, 0x30, 0x30, 0xff,
    0x30, 0x30, 0x30, 0xff, 0x30, 0x2c, 0x28, 0xff, 0x30, 0x30, 0x30, 0xff,
    0x30, 0x2c, 0x30, 0xff, 0x30, 0x30, 0x28, 0xff, 0x30, 0x30, 0x30, 0xff,
    0x30, 0x2c, 0x30, 0xff, 0x30, 0x30, 0x30, 0xff, 0x28, 0x2c, 0x28, 0xff,
    0x30, 0x30, 0x30, 0xff, 0x30, 0x2c, 0x28, 0xff, 0x30, 0x30, 0x30, 0xff,
    0x30, 0x2c, 0x30, 0xff, 0x28, 0x2c, 0x28, 0xff, 0x30, 0x2c, 0x28, 0xff,
    0x30, 0x2c, 0x28, 0xff, 0x28, 0x2c, 0x28, 0xff, 0x30, 0x2c, 0x30, 0xff,
    0x28, 0x2c, 0x28, 0xff, 0x28, 0x2c, 0x28, 0xff, 0x30, 0x2c, 0x30, 0xff,
    0x28, 0x2c, 0x28, 0xff, 0x30, 0x2c, 0x28, 0xff, 0x28, 0x2c, 0x28, 0xff,
    0x30, 0x2c, 0x28, 0xff, 0x30, 0x2c, 0x30, 0xff, 0x28, 0x2c, 0x28, 0xff,
    0x30, 0x2c, 0x28, 0xff, 0x30, 0x2c, 0x30, 0xff, 0x28, 0x2c, 0x28, 0xff,
    0x30, 0x2c, 0x28, 0xff, 0x28, 0x2c, 0x28, 0xff, 0x30, 0x2c, 0x28, 0xff,
    0x30, 0x28, 0x28, 0xff, 0x30, 0x2c, 0x28, 0xff, 0x28, 0x2c, 0x28, 0xff,
    0x28, 0x28, 0x28, 0xff, 0x30, 0x2c, 0x28, 0xff, 0x30, 0x2c, 0x28, 0xff,
    0x28, 0x28, 0x28, 0xff, 0x30, 0x2c, 0x28, 0xff, 0x28, 0x28, 0x28, 0xff,
    0x30, 0x2c, 0x30, 0xff, 0x28, 0x2c, 0x28, 0xff, 0x30, 0x2c, 0x28, 0xff,
    0x28, 0x28, 0x28, 0xff, 0x28, 0x2c, 0x28, 0xff, 0x30, 0x2c, 0x28, 0xff,
    0x28, 0x28, 0x28, 0xff, 0x28, 0x28, 0x28, 0xff, 0x30, 0x28, 0x28, 0xff,
    0x28, 0x2c, 0x28, 0xff, 0x28, 0x28, 0x28, 0xff, 0x30, 0x28, 0x28, 0xff,
    0x28, 0x28, 0x28, 0xff, 0x28, 0x2c, 0x28, 0xff, 0x28, 0x28, 0x28, 0xff,
    0x30, 0x28, 0x28, 0xff, 0x28, 0x28, 0x28, 0xff, 0x30, 0x2c, 0x28, 0xff,
    0x28, 0x28, 0x28, 0xff, 0x28, 0x28, 0x28, 0xff, 0x28, 0x28, 0x28, 0xff,
    0x30, 0x28, 0x28, 0xff, 0x28, 0x28, 0x28, 0xff, 0x28, 0x28, 0x28, 0xff,
    0x30, 0x28, 0x28, 0xff, 0x28, 0x28, 0x28, 0xff, 0x30, 0x28, 0x28, 0xff,
    0x28, 0x28, 0x28, 0xff, 0x28, 0x28, 0x28, 0xff, 0x28, 0x28, 0x28, 0xff,
    0x28, 0x28, 0x28, 0xff, 0x28, 0x28, 0x20, 0xff, 0x28, 0x24, 0x28, 0xff,
    0x28, 0x28, 0x28, 0xff, 0x28, 0x28, 0x28, 0xff, 0x28, 0x28, 0x28, 0xff,
    0x28, 0x24, 0x28, 0xff, 0x28, 0x28, 0x20, 0xff, 0x30, 0x28, 0x28, 0xff,
    0x28, 0x24, 0x20, 0xff, 0x28, 0x28, 0x28, 0xff, 0x28, 0x24, 0x20, 0xff,
    0x28, 0x24, 0x20, 0xff, 0x28, 0x24, 0x28, 0xff, 0x28, 0x24, 0x20, 0xff,
    0x28, 0x28, 0x20, 0xff, 0x28, 0x24, 0x28, 0xff, 0x28, 0x28, 0x28, 0xff,
    0x28, 0x24, 0x20, 0xff, 0x28, 0x28, 0x28, 0xff, 0x28, 0x28, 0x28, 0xff,
    0x28, 0x24, 0x20, 0xff, 0x28, 0x24, 0x28, 0xff, 0x28, 0x24, 0x28, 0xff,
    0x28, 0x24, 0x20, 0xff, 0x28, 0x24, 0x28, 0xff, 0x28, 0x28, 0x28, 0xff,
    0x28, 0x24, 0x20, 0xff, 0x28, 0x24, 0x28, 0xff, 0x28, 0x28, 0x20, 0xff,
    0x28, 0x24, 0x20, 0xff, 0x20, 0x24, 0x20, 0xff, 0x28, 0x24, 0x20, 0xff,
    0x28, 0x28, 0x28, 0xff, 0x28, 0x24, 0x20, 0xff, 0x20, 0x24, 0x28, 0xff,
    0x28, 0x24, 0x28, 0xff, 0x28, 0x24, 0x20, 0xff, 0x28, 0x28, 0x20, 0xff,
    0x28, 0x24, 0x20, 0xff, 0x28, 0x24, 0x28, 0xff, 0x28, 0x24, 0x28, 0xff,
    0x20, 0x24, 0x20, 0xff, 0x28, 0x24, 0x28, 0xff, 0x28, 0x24, 0x28, 0xff,
    0x20, 0x24, 0x20, 0xff, 0x28, 0x24, 0x20, 0xff, 0x28, 0x24, 0x20, 0xff,
    0x60, 0x64, 0x60, 0xcf, 0xf8, 0xfc, 0xf8, 0x00, 0xf8, 0xfc, 0xf8, 0x00,
    0xf8, 0xfc, 0xf8, 0x00, 0xf8, 0xfc, 0xf8, 0x00, 0xf8, 0xfc, 0xf8, 0x00,
    0xf8, 0xfc, 0xf8, 0x00, 0xf8, 0xfc, 0xf8, 0x00, 0x98, 0x94, 0x90, 0x20,
    0x58, 0x58, 0x58, 0xe7, 0x30, 0x30, 0x30, 0xff, 0x30, 0x30, 0x30, 0xff,
    0x30, 0x30, 0x30, 0xff, 0x30, 0x30, 0x30, 0xff, 0x30, 0x30, 0x30, 0xff,
    0x30, 0x30, 0x28, 0xff, 0x30, 0x30, 0x30, 0xff, 0x30, 0x30, 0x30, 0xff,
    0x30, 0x30, 0x30, 0xff, 0x30, 0x30, 0x30, 0xff, 0x30, 0x2c, 0x30, 0xff,
    0x30, 0x30, 0x28, 0xff, 0x30, 0x30, 0x30, 0xff, 0x30, 0x30, 0x28, 0xff,
    0x30, 0x2c, 0x30, 0xff, 0x30, 0x30, 0x30, 0xff, 0x30, 0x2c, 0x28, 0xff,
    0x30, 0x30, 0x30, 0xff, 0x30, 0x30, 0x30, 0xff, 0x30, 0x30, 0x28, 0xff,
    0x30, 0x2c, 0x28, 0xff, 0x30, 0x30, 0x30, 0xff, 0x30, 0x30, 0x30, 0xff,
    0x30, 0x2c, 0x28, 0xff, 0x30, 0x2c, 0x28, 0xff, 0x30, 0x30, 0x30, 0xff,
    0x28, 0x2c, 0x28, 0xff, 0x30, 0x2c, 0x30, 0xff, 0x30, 0x30, 0x30, 0xff,
    0x30, 0x2c, 0x28, 0xff, 0x30, 0x2c, 0x28, 0xff, 0x30, 0x2c, 0x30, 0xff,
    0x28, 0x2c, 0x28, 0xff, 0x30, 0x2c, 0x30, 0xff, 0x30, 0x2c, 0x30, 0xff,
    0x30, 0x2c, 0x28, 0xff, 0x30, 0x2c, 0x30, 0xff, 0x30, 0x2c, 0x28, 0xff,
    0x30, 0x2c, 0x28, 0xff, 0x30, 0x2c, 0x28, 0xff, 0x30, 0x2c, 0x30, 0xff,
    0x30, 0x2c, 0x30, 0xff, 0x28, 0x2c, 0x28, 0xff, 0x30, 0x2c, 0x28, 0xff,
    0x30, 0x2c, 0x30, 0xff, 0x28, 0x2c, 0x28, 0xff, 0x30, 0x2c, 0x28, 0xff,
    0x28, 0x2c, 0x28, 0xff, 0x30, 0x2c, 0x28, 0xff, 0x28, 0x2c, 0x28, 0xff,
    0x30, 0x2c, 0x30, 0xff, 0x30, 0x2c, 0x30, 0xff, 0x28, 0x28, 0x28, 0xff,
    0x28, 0x2c, 0x28, 0xff, 0x30, 0x2c, 0x28, 0xff, 0x28, 0x2c, 0x30, 0xff,
    0x28, 0x28, 0x28, 0xff, 0x30, 0x2c, 0x28, 0xff, 0x28, 0x28, 0x28, 0xff,
    0x28, 0x2c, 0x30, 0xff, 0x30, 0x28, 0x28, 0xff, 0x30, 0x28, 0x28, 0xff,
    0x28, 0x2c, 0x28, 0xff, 0x28, 0x2c, 0x28, 0xff, 0x28, 0x28, 0x28, 0xff,
    0x28, 0x28, 0x28, 0xff, 0x30, 0x2c, 0x30, 0xff, 0x30, 0x28, 0x28, 0xff,
    0x28, 0x28, 0x28, 0xff, 0x30, 0x28, 0x28, 0xff, 0x28, 0x28, 0x28, 0xff,
    0x28, 0x28, 0x28, 0xff, 0x30, 0x28, 0x28, 0xff, 0x28, 0x28, 0x28, 0xff,
    0x28, 0x28, 0x28, 0xff, 0x30, 0x28, 0x28, 0xff, 0x28, 0x28, 0x28, 0xff,
    0x28, 0x2c, 0x28, 0xff, 0x30, 0x28, 0x28, 0xff, 0x28, 0x28, 0x28, 0xff,
    0x28, 0x28, 0x28, 0xff, 0x28, 0x28, 0x28, 0xff, 0x28, 0x28, 0x28, 0xff,
    0x28, 0x2c, 0x28, 0xff, 0x28, 0x28, 0x28, 0xff, 0x28, 0x28, 0x28, 0xff,
    0x28, 0x28, 0x28, 0xff, 0x28, 0x28, 0x28, 0xff, 0x30, 0x28, 0x28, 0xff,
    0x28, 0x28, 0x28, 0xff, 0x28, 0x28, 0x20, 0xff, 0x28, 0x28, 0x28, 0xff,
    0x28, 0x28, 0x28, 0xff, 0x28, 0x28, 0x28, 0xff, 0x30, 0x28, 0x28, 0xff,
    0x28, 0x28, 0x28, 0xff, 0x28, 0x24, 0x20, 0xff, 0x30, 0x28, 0x20, 0xff,
    0x28, 0x28, 0x28, 0xff, 0x28, 0x28, 0x28, 0xff, 0x28, 0x24, 0x20, 0xff,
    0x28, 0x28, 0x28, 0xff, 0x28, 0x28, 0x28, 0xff, 0x28, 0x28, 0x28, 0xff,
    0x28, 0x28, 0x28, 0xff, 0x28, 0x28, 0x28, 0xff, 0x28, 0x24, 0x28, 0xff,
    0x28, 0x28, 0x28, 0xff, 0x28, 0x28, 0x20, 0xff, 0x28, 0x24, 0x28, 0xff,
    0x28, 0x24, 0x28, 0xff, 0x28, 0x24, 0x20, 0xff, 0x28, 0x28, 0x28, 0xff,
    0x28, 0x24, 0x20, 0xff, 0x28, 0x28, 0x28, 0xff, 0x28, 0x28, 0x28, 0xff,
    0x28, 0x28, 0x28, 0xff, 0x28, 0x24, 0x20, 0xff, 0x28, 0x24, 0x20, 0xff,
    0x28, 0x24, 0x28, 0xff, 0x28, 0x24, 0x28, 0xff, 0x20, 0x24, 0x20, 0xff,
    0x28, 0x24, 0x28, 0xff, 0x28, 0x24, 0x28, 0xff, 0x28, 0x24, 0x28, 0xff,
    0x28, 0x24, 0x20, 0xff, 0x28, 0x24, 0x28, 0xff, 0x28, 0x24, 0x20, 0xff,
    0x28, 0x24, 0x20, 0xff, 0x28, 0x24, 0x20, 0xff, 0x28, 0x24, 0x28, 0xff,
    0x28, 0x24, 0x28, 0xff, 0x20, 0x24, 0x20, 0xff, 0x28, 0x24, 0x20, 0xff,
    0x28, 0x24, 0x28, 0xff, 0x28, 0x24, 0x20, 0xff, 0x28, 0x24, 0x28, 0xff,
    0x28, 0x24, 0x28, 0xff, 0x28, 0x28, 0x20, 0xff, 0x28, 0x24, 0x28, 0xff,
    0x28, 0x24, 0x28, 0xff, 0x30, 0x30, 0x30, 0xff, 0x80, 0x7c, 0x78, 0x71,
    0xf8, 0xfc, 0xf8, 0x00, 0xf8, 0xfc, 0xf8, 0x00, 0xf8, 0xfc, 0xf8, 0x00,
    0xf8, 0xfc, 0xf8, 0x00, 0xf8, 0xfc, 0xf8, 0x00, 0xf8, 0xfc, 0xf8, 0x00,
    0x80, 0x84, 0x80, 0x92, 0x30, 0x30, 0x30, 0xff, 0x30, 0x30, 0x30, 0xff,
    0x30, 0x30, 0x30, 0xff, 0x30, 0x30, 0x30, 0xff, 0x30, 0x30, 0x30, 0xff,
    0x30, 0x30, 0x30, 0xff, 0x38, 0x30, 0x30, 0xff, 0x30, 0x30, 0x28, 0xff,
    0x30, 0x30, 0x30, 0xff, 0x30, 0x30, 0x30, 0xff, 0x30, 0x30, 0x28, 0xff,
    0x30, 0x30, 0x30, 0xff, 0x30, 0x30, 0x30, 0xff, 0x30, 0x30, 0x30, 0xff,
    0x30, 0x2c, 0x28, 0xff, 0x30, 0x30, 0x30, 0xff, 0x30, 0x2c, 0x30, 0xff,
    0x30, 0x2c, 0x28, 0xff, 0x30, 0x30, 0x30, 0xff, 0x30, 0x30, 0x30, 0xff,
    0x30, 0x2c, 0x30, 0xff, 0x30, 0x2c, 0x28, 0xff, 0x30, 0x30, 0x30, 0xff,
    0x30, 0x30, 0x30, 0xff, 0x28, 0x2c, 0x30, 0xff, 0x30, 0x30, 0x30, 0xff,
    0x30, 0x2c, 0x30, 0xff, 0x30, 0x2c, 0x28, 0xff, 0x30, 0x2c, 0x28, 0xff,
    0x30, 0x30, 0x30, 0xff, 0x30, 0x30, 0x30, 0xff, 0x30, 0x2c, 0x28, 0xff,
    0x30, 0x2c, 0x30, 0xff, 0x30, 0x2c, 0x28, 0xff, 0x28, 0x30, 0x28, 0xff,
    0x30, 0x30, 0x30, 0xff, 0x30, 0x2c, 0x30, 0xff, 0x28, 0x30, 0x28, 0xff,
    0x30, 0x30, 0x30, 0xff, 0x30, 0x2c, 0x28, 0xff, 0x28, 0x2c, 0x30, 0xff,
    0x30, 0x30, 0x30, 0xff, 0x30, 0x2c, 0x28, 0xff, 0x28, 0x2c, 0x28, 0xff,
    0x30, 0x2c, 0x30, 0xff, 0x30, 0x2c, 0x28, 0xff, 0x28, 0x2c, 0x30, 0xff,
    0x30, 0x2c, 0x28, 0xff, 0x30, 0x2c, 0x30, 0xff, 0x28, 0x2c, 0x30, 0xff,
    0x30, 0x2c, 0x28, 0xff, 0x30, 0x2c, 0x28, 0xff, 0x28, 0x28, 0x28, 0xff,
    0x30, 0x2c, 0x28, 0xff, 0x28, 0x2c, 0x30, 0xff, 0x30, 0x2c, 0x28, 0xff,
    0x30, 0x28, 0x28, 0xff, 0x30, 0x2c, 0x30, 0xff, 0x30, 0x28, 0x28, 0xff,
    0x28, 0x2c, 0x28, 0xff, 0x28, 0x2c, 0x30, 0xff, 0x30, 0x28, 0x28, 0xff,
    0x28, 0x2c, 0x28, 0xff, 0x30, 0x2c, 0x30, 0xff, 0x30, 0x2c, 0x28, 0xff,
    0x30, 0x28, 0x28, 0xff, 0x28, 0x2c, 0x28, 0xff, 0x28, 0x2c, 0x28, 0xff,
    0x28, 0x28, 0x28, 0xff, 0x28, 0x28, 0x28, 0xff, 0x30, 0x2c, 0x28, 0xff,
    0x28, 0x28, 0x28, 0xff, 0x28, 0x2c, 0x28, 0xff, 0x30, 0x28, 0x28, 0xff,
    0x28, 0x2c, 0x28, 0xff, 0x28, 0x28, 0x28, 0xff, 0x30, 0x28, 0x28, 0xff,
    0x28, 0x28, 0x28, 0xff, 0x28, 0x28, 0x28, 0xff, 0x28, 0x28, 0x28, 0xff,
    0x28, 0x28, 0x28, 0xff, 0x28, 0x2c, 0x28, 0xff, 0x30, 0x28, 0x28, 0xff,
    0x30, 0x28, 0x28, 0xff, 0x28, 0x28, 0x28, 0xff, 0x30, 0x28, 0x28, 0xff,
    0x30, 0x28, 0x28, 0xff, 0x28, 0x28, 0x28, 0xff, 0x28, 0x28, 0x28, 0xff,
    0x28, 0x28, 0x28, 0xff, 0x28, 0x28, 0x28, 0xff, 0x28, 0x28, 0x20, 0xff,
    0x30, 0x28, 0x28, 0xff, 0x28, 0x28, 0x20, 0xff, 0x28, 0x28, 0x28, 0xff,
    0x28, 0x24, 0x28, 0xff, 0x28, 0x28, 0x28, 0xff, 0x28, 0x28, 0x28, 0xff,
    0x28, 0x24, 0x28, 0xff, 0x28, 0x28, 0x28, 0xff, 0x28, 0x28, 0x28, 0xff,
    0x28, 0x24, 0x20, 0xff, 0x28, 0x24, 0x28, 0xff, 0x28, 0x24, 0x28, 0xff,
    0x28, 0x28, 0x20, 0xff, 0x28, 0x24, 0x28, 0xff, 0x28, 0x28, 0x20, 0xff,
    0x28, 0x28, 0x28, 0xff, 0x28, 0x24, 0x28, 0xff, 0x28, 0x28, 0x20, 0xff,
    0x28, 0x28, 0x28, 0xff, 0x28, 0x24, 0x20, 0xff, 0x28, 0x24, 0x20, 0xff,
    0x28, 0x28, 0x28, 0xff, 0x28, 0x24, 0x28, 0xff, 0x28, 0x24, 0x20, 0xff,
    0x28, 0x24, 0x20, 0xff, 0x28, 0x28, 0x28, 0xff, 0x28, 0x24, 0x20, 0xff,
    0x28, 0x24, 0x20, 0xff, 0x28, 0x28, 0x28, 0xff, 0x28, 0x24, 0x20, 0xff,
    0x28, 0x28, 0x20, 0xff, 0x28, 0x24, 0x28, 0xff, 0x20, 0x24, 0x20, 0xff,
    0x28, 0x28, 0x20, 0xff, 0x28, 0x24, 0x28, 0xff, 0x20, 0x24, 0x20, 0xff,
    0x28, 0x24, 0x28, 0xff, 0x28, 0x24, 0x20, 0xff, 0x28, 0x28, 0x28, 0xff,
    0x28, 0x24, 0x20, 0xff, 0x28, 0x24, 0x28, 0xff, 0x20, 0x24, 0x20, 0xff,
    0x28, 0x24, 0x20, 0xff, 0x28, 0x28, 0x28, 0xff, 0x20, 0x24, 0x20, 0xff,
    0x28, 0x24, 0x20, 0xff, 0x28, 0x24, 0x20, 0xff, 0x20, 0x24, 0x20, 0xff,
    0x28, 0x24, 0x20, 0xff, 0x28, 0x24, 0x28, 0xff, 0x28, 0x24, 0x28, 0xff,
    0x60, 0x60, 0x60, 0xdb, 0xf8, 0xfc, 0xf8, 0x00, 0xf8, 0xfc, 0xf8, 0x00,
    0xf8, 0xfc, 0xf8, 0x00, 0xf8, 0xfc, 0xf8, 0x00, 0xf8, 0xfc, 0xf8, 0x00,
    0xf8, 0xfc, 0xf8, 0x00, 0x68, 0x68, 0x68, 0xdb, 0x30, 0x30, 0x30, 0xff,
    0x30, 0x30, 0x30, 0xff, 0x30, 0x30, 0x30, 0xff, 0x30, 0x30, 0x30, 0xff,
    0x30, 0x30, 0x30, 0xff, 0x30, 0x30, 0x28, 0xff, 0x30, 0x30, 0x30, 0xff,
    0x30, 0x2c, 0x30, 0xff, 0x30, 0x30, 0x30, 0xff, 0x30, 0x30, 0x28, 0xff,
    0x30, 0x2c, 0x30, 0xff, 0x30, 0x30, 0x30, 0xff, 0x30, 0x30, 0x30, 0xff,
    0x30, 0x2c, 0x30, 0xff, 0x30, 0x30, 0x30, 0xff, 0x30, 0x30, 0x30, 0xff,
    0x30, 0x30, 0x30, 0xff, 0x30, 0x2c, 0x28, 0xff, 0x30, 0x30, 0x30, 0xff,
    0x30, 0x2c, 0x30, 0xff, 0x30, 0x30, 0x30, 0xff, 0x30, 0x2c, 0x30, 0xff,
    0x30, 0x2c, 0x28, 0xff, 0x30, 0x30, 0x30, 0xff, 0x30, 0x2c, 0x28, 0xff,
    0x30, 0x2c, 0x28, 0xff, 0x30, 0x30, 0x30, 0xff, 0x30, 0x2c, 0x30, 0xff,
    0x30, 0x2c, 0x28, 0xff, 0x28, 0x30, 0x30, 0xff, 0x30, 0x2c, 0x30, 0xff,
    0x28, 0x2c, 0x28, 0xff, 0x30, 0x2c, 0x30, 0xff, 0x30, 0x2c, 0x30, 0xff,
    0x30, 0x2c, 0x28, 0xff, 0x30, 0x2c, 0x28, 0xff, 0x28, 0x2c, 0x30, 0xff,
    0x30, 0x2c, 0x28, 0xff, 0x28, 0x2c, 0x28, 0xff, 0x28, 0x2c, 0x30, 0xff,
    0x30, 0x2c, 0x28, 0xff, 0x28, 0x2c, 0x28, 0xff, 0x30, 0x2c, 0x28, 0xff,
    0x30, 0x2c, 0x30, 0xff, 0x28, 0x2c, 0x28, 0xff, 0x30, 0x2c, 0x28, 0xff,
    0x30, 0x2c, 0x30, 0xff, 0x28, 0x2c, 0x28, 0xff, 0x30, 0x2c, 0x28, 0xff,
    0x30, 0x2c, 0x30, 0xff, 0x28, 0x2c, 0x28, 0xff, 0x28, 0x28, 0x28, 0xff,
    0x30, 0x2c, 0x28, 0xff, 0x28, 0x2c, 0x28, 0xff, 0x30, 0x2c, 0x30, 0xff,
    0x30, 0x28, 0x28, 0xff, 0x28, 0x2c, 0x28, 0xff, 0x28, 0x2c, 0x28, 0xff,
    0x30, 0x2c, 0x28, 0xff, 0x30, 0x28, 0x28, 0xff, 0x28, 0x28, 0x28, 0xff,
    0x30, 0x2c, 0x28, 0xff, 0x28, 0x28, 0x28, 0xff, 0x28, 0x28, 0x28, 0xff,
    0x28, 0x2c, 0x28, 0xff, 0x30, 0x28, 0x28, 0xff, 0x30, 0x28, 0x28, 0xff,
    0x30, 0x2c, 0x28, 0xff, 0x28, 0x28, 0x28, 0xff, 0x30, 0x2c, 0x28, 0xff,
    0x28, 0x2c, 0x28, 0xff, 0x30, 0x28, 0x28, 0xff, 0x28, 0x28, 0x28, 0xff,
    0x30, 0x2c, 0x28, 0xff, 0x28, 0x28, 0x28, 0xff, 0x28, 0x28, 0x28, 0xff,
    0x28, 0x28, 0x28, 0xff, 0x30, 0x2c, 0x28, 0xff, 0x30, 0x28, 0x28, 0xff,
    0x28, 0x28, 0x28, 0xff, 0x28, 0x28, 0x28, 0xff, 0x30, 0x28, 0x28, 0xff,
    0x28, 0x28, 0x28, 0xff, 0x28, 0x28, 0x28, 0xff, 0x28, 0x28, 0x28, 0xff,
    0x28, 0x28, 0x28, 0xff, 0x28, 0x28, 0x28, 0xff, 0x28, 0x28, 0x28, 0xff,
    0x30, 0x28, 0x20, 0xff, 0x28, 0x28, 0x28, 0xff, 0x28, 0x28, 0x28, 0xff,
    0x28, 0x28, 0x28, 0xff, 0x28, 0x28, 0x28, 0xff, 0x28, 0x28, 0x28, 0xff,
    0x28, 0x28, 0x28, 0xff, 0x28, 0x28, 0x20, 0xff, 0x28, 0x28, 0x20, 0xff,
    0x28, 0x28, 0x28, 0xff, 0x28, 0x24, 0x20, 0xff, 0x28, 0x28, 0x28, 0xff,
    0x30, 0x28, 0x28, 0xff, 0x28, 0x28, 0x28, 0xff, 0x28, 0x24, 0x20, 0xff,
    0x28, 0x28, 0x20, 0xff, 0x28, 0x24, 0x28, 0xff, 0x28, 0x24, 0x20, 0xff,
    0x28, 0x24, 0x28, 0xff, 0x28, 0x28, 0x20, 0xff, 0x28, 0x24, 0x28, 0xff,
    0x28, 0x24, 0x28, 0xff, 0x28, 0x28, 0x20, 0xff, 0x28, 0x28, 0x28, 0xff,
    0x28, 0x24, 0x20, 0xff, 0x28, 0x24, 0x28, 0xff, 0x28, 0x28, 0x28, 0xff,
    0x28, 0x24, 0x20, 0xff, 0x28, 0x24, 0x20, 0xff, 0x28, 0x24, 0x28, 0xff,
    0x28, 0x24, 0x28, 0xff, 0x20, 0x24, 0x28, 0xff, 0x20, 0x24, 0x20, 0xff,
    0x28, 0x24, 0x28, 0xff, 0x28, 0x24, 0x20, 0xff, 0x28, 0x24, 0x28, 0xff,
    0x20, 0x24, 0x20, 0xff, 0x28, 0x24, 0x20, 0xff, 0x28, 0x24, 0x20, 0xff,
    0x28, 0x28, 0x28, 0xff, 0x28, 0x24, 0x28, 0xff, 0x20, 0x24, 0x20, 0xff,
    0x20, 0x24, 0x20, 0xff, 0x28, 0x28, 0x28, 0xff, 0x28, 0x24, 0x20, 0xff,
    0x28, 0x24, 0x20, 0xff, 0x28, 0x24, 0x28, 0xff, 0x28, 0x24, 0x20, 0xff,
    0x20, 0x24, 0x20, 0xff, 0x28, 0x24, 0x28, 0xff, 0x28, 0x24, 0x28, 0xff,
    0x28, 0x24, 0x20, 0xff, 0x28, 0x24, 0x28, 0xff, 0x28, 0x24, 0x20, 0xff,
    0x28, 0x24, 0x20, 0xff, 0x30, 0x34, 0x30, 0xff, 0x98, 0x94, 0x98, 0x55,
    0xf8, 0xfc, 0xf8, 0x00, 0xf8, 0xfc, 0xf8, 0x00, 0xf8, 0xfc, 0xf8, 0x00,
    0xf8, 0xfc, 0xf8, 0x00, 0x98, 0x98, 0x98, 0x3c, 0x48, 0x48, 0x48, 0xff,
    0x30, 0x30, 0x30, 0xff, 0x30, 0x30, 0x30, 0xff, 0x30, 0x30, 0x30, 0xff,
    0x38, 0x30, 0x30, 0xff, 0x30, 0x30, 0x30, 0xff, 0x30, 0x30, 0x30, 0xff,
    0x30, 0x30, 0x30, 0xff, 0x30, 0x30, 0x30, 0xff, 0x30, 0x30, 0x30, 0xff,
    0x30, 0x30, 0x30, 0xff, 0x30, 0x30, 0x30, 0xff, 0x30, 0x2c, 0x28, 0xff,
    0x30, 0x30, 0x30, 0xff, 0x30, 0x30, 0x28, 0xff, 0x30, 0x30, 0x30, 0xff,
    0x30, 0x30, 0x30, 0xff, 0x30, 0x2c, 0x28, 0xff, 0x30, 0x30, 0x30, 0xff,
    0x30, 0x30, 0x30, 0xff, 0x30, 0x30, 0x28, 0xff, 0x30, 0x2c, 0x28, 0xff,
    0x30, 0x30, 0x30, 0xff, 0x30, 0x30, 0x30, 0xff, 0x30, 0x2c, 0x28, 0xff,
    0x30, 0x30, 0x30, 0xff, 0x30, 0x30, 0x30, 0xff, 0x28, 0x2c, 0x28, 0xff,
    0x30, 0x2c, 0x28, 0xff, 0x30, 0x2c, 0x30, 0xff, 0x30, 0x2c, 0x28, 0xff,
    0x30, 0x2c, 0x28, 0xff, 0x28, 0x30, 0x30, 0xff, 0x30, 0x30, 0x28, 0xff,
    0x30, 0x2c, 0x30, 0xff, 0x28, 0x2c, 0x28, 0xff, 0x30, 0x2c, 0x30, 0xff,
    0x30, 0x2c, 0x28, 0xff, 0x30, 0x2c, 0x30, 0xff, 0x30, 0x2c, 0x28, 0xff,
    0x30, 0x2c, 0x28, 0xff, 0x30, 0x2c, 0x30, 0xff, 0x28, 0x2c, 0x28, 0xff,
    0x30, 0x2c, 0x30, 0xff, 0x30, 0x2c, 0x28, 0xff, 0x28, 0x2c, 0x28, 0xff,
    0x30, 0x2c, 0x30, 0xff, 0x30, 0x2c, 0x28, 0xff, 0x28, 0x2c, 0x28, 0xff,
    0x30, 0x2c, 0x28, 0xff, 0x30, 0x2c, 0x28, 0xff, 0x28, 0x2c, 0x30, 0xff,
    0x30, 0x2c, 0x28, 0xff, 0x28, 0x2c, 0x28, 0xff, 0x28, 0x28, 0x28, 0xff,
    0x30, 0x2c, 0x28, 0xff, 0x28, 0x28, 0x28, 0xff, 0x28, 0x2c, 0x30, 0xff,
    0x28, 0x2c, 0x28, 0xff, 0x30, 0x28, 0x28, 0xff, 0x28, 0x2c, 0x28, 0xff,
    0x30, 0x2c, 0x28, 0xff, 0x28, 0x28, 0x28, 0xff, 0x30, 0x2c, 0x28, 0xff,
    0x28, 0x2c, 0x28, 0xff, 0x28, 0x28, 0x28, 0xff, 0x28, 0x2c, 0x30, 0xff,
    0x28, 0x28, 0x28, 0xff, 0x28, 0x28, 0x28, 0xff, 0x30, 0x2c, 0x30, 0xff,
    0x28, 0x28, 0x28, 0xff, 0x28, 0x28, 0x28, 0xff, 0x28, 0x28, 0x28, 0xff,
    0x30, 0x2c, 0x28, 0xff, 0x28, 0x28, 0x28, 0xff, 0x28, 0x28, 0x28, 0xff,
    0x30, 0x28, 0x28, 0xff, 0x28, 0x2c, 0x28, 0xff, 0x28, 0x28, 0x28, 0xff,
    0x28, 0x28, 0x28, 0xff, 0x30, 0x2c, 0x28, 0xff, 0x28, 0x28, 0x28, 0xff,
    0x28, 0x28, 0x28, 0xff, 0x28, 0x28, 0x28, 0xff, 0x28, 0x28, 0x28, 0xff,
    0x30, 0x28, 0x28, 0xff, 0x28, 0x28, 0x28, 0xff, 0x28, 0x28, 0x28, 0xff,
    0x28, 0x28, 0x28, 0xff, 0x28, 0x28, 0x28, 0xff, 0x28, 0x28, 0x20, 0xff,
    0x28, 0x28, 0x28, 0xff, 0x28, 0x28, 0x28, 0xff, 0x28, 0x28, 0x20, 0xff,
    0x28, 0x24, 0x28, 0xff, 0x30, 0x28, 0x28, 0xff, 0x28, 0x28, 0x28, 0xff,
    0x28, 0x24, 0x28, 0xff, 0x30, 0x28, 0x28, 0xff, 0x28, 0x28, 0x28, 0xff,
    0x28, 0x28, 0x20, 0xff, 0x28, 0x24, 0x20, 0xff, 0x28, 0x28, 0x28, 0xff,
    0x28, 0x28, 0x28, 0xff, 0x28, 0x28, 0x28, 0xff, 0x28, 0x28, 0x28, 0xff,
    0x28, 0x24, 0x28, 0xff, 0x28, 0x28, 0x20, 0xff, 0x28, 0x24, 0x28, 0xff,
    0x28, 0x28, 0x20, 0xff, 0x28, 0x24, 0x28, 0xff, 0x28, 0x24, 0x28, 0xff,
    0x28, 0x28, 0x28, 0xff, 0x28, 0x24, 0x28, 0xff, 0x28, 0x28, 0x20, 0xff,
    0x28, 0x28, 0x28, 0xff, 0x28, 0x24, 0x28, 0xff, 0x28, 0x24, 0x20, 0xff,
    0x20, 0x24, 0x20, 0xff, 0x28, 0x28, 0x28, 0xff, 0x28, 0x24, 0x20, 0xff,
    0x28, 0x24, 0x20, 0xff, 0x28, 0x28, 0x28, 0xff, 0x20, 0x24, 0x20, 0xff,
    0x28, 0x24, 0x28, 0xff, 0x28, 0x24, 0x20, 0xff, 0x28, 0x24, 0x28, 0xff,
    0x28, 0x24, 0x28, 0xff, 0x28, 0x24, 0x20, 0xff, 0x28, 0x24, 0x20, 0xff,
    0x28, 0x24, 0x28, 0xff, 0x28, 0x24, 0x20, 0xff, 0x28, 0x24, 0x28, 0xff,
    0x28, 0x24, 0x20, 0xff, 0x20, 0x24, 0x28, 0xff, 0x28, 0x24, 0x28, 0xff,
    0x28, 0x24, 0x20, 0xff, 0x28, 0x24, 0x20, 0xff, 0x28, 0x24, 0x28, 0xff,
    0x20, 0x24, 0x20, 0xff, 0x28, 0x24, 0x20, 0xff, 0x28, 0x24, 0x28, 0xff,
    0x28, 0x28, 0x28, 0xff, 0x28, 0x24, 0x20, 0xff, 0x28, 0x24, 0x20, 0xff,
    0x78, 0x78, 0x78, 0xa2, 0xf8, 0xfc, 0xf8, 0x00, 0xf8, 0xfc, 0xf8, 0x00,
    0xf8, 0xfc, 0xf8, 0x00, 0xf8, 0xfc, 0xf8, 0x00, 0x98, 0x94, 0x90, 0x7d,
    0x30, 0x30, 0x30, 0xff, 0x30, 0x30, 0x30, 0xff, 0x30, 0x30, 0x30, 0xff,
    0x30, 0x30, 0x30, 0xff, 0x30, 0x30, 0x30, 0xff, 0x30, 0x30, 0x28, 0xff,
    0x30, 0x2c, 0x30, 0xff, 0x30, 0x30, 0x30, 0xff, 0x30, 0x30, 0x28, 0xff,
    0x30, 0x2c, 0x30, 0xff, 0x30, 0x30, 0x30, 0xff, 0x30, 0x30, 0x28, 0xff,
    0x30, 0x30, 0x30, 0xff, 0x30, 0x30, 0x30, 0xff, 0x30, 0x2c, 0x30, 0xff,
    0x30, 0x2c, 0x28, 0xff, 0x30, 0x30, 0x30, 0xff, 0x30, 0x30, 0x30, 0xff,
    0x30, 0x2c, 0x28, 0xff, 0x30, 0x30, 0x30, 0xff, 0x30, 0x2c, 0x30, 0xff,
    0x30, 0x30, 0x28, 0xff, 0x30, 0x2c, 0x30, 0xff, 0x28, 0x2c, 0x28, 0xff,
    0x30, 0x30, 0x30, 0xff, 0x30, 0x2c, 0x28, 0xff, 0x30, 0x2c, 0x30, 0xff,
    0x30, 0x30, 0x30, 0xff, 0x28, 0x2c, 0x28, 0xff, 0x30, 0x30, 0x30, 0xff,
    0x30, 0x2c, 0x28, 0xff, 0x30, 0x2c, 0x30, 0xff, 0x30, 0x2c, 0x28, 0xff,
    0x30, 0x2c, 0x28, 0xff, 0x28, 0x2c, 0x28, 0xff, 0x30, 0x30, 0x30, 0xff,
    0x30, 0x2c, 0x28, 0xff, 0x28, 0x2c, 0x28, 0xff, 0x28, 0x2c, 0x30, 0xff,
    0x30, 0x2c, 0x28, 0xff, 0x30, 0x2c, 0x28, 0xff, 0x28, 0x2c, 0x30, 0xff,
    0x30, 0x2c, 0x28, 0xff, 0x30, 0x2c, 0x28, 0xff, 0x28, 0x2c, 0x30, 0xff,
    0x30, 0x2c, 0x28, 0xff, 0x30, 0x2c, 0x28, 0xff, 0x28, 0x2c, 0x30, 0xff,
    0x28, 0x2c, 0x28, 0xff, 0x30, 0x2c, 0x28, 0xff, 0x28, 0x28, 0x28, 0xff,
    0x28, 0x2c, 0x28, 0xff, 0x30, 0x2c, 0x30, 0xff, 0x30, 0x2c, 0x28, 0xff,
    0x28, 0x2c, 0x30, 0xff, 0x30, 0x2c, 0x28, 0xff, 0x30, 0x28, 0x28, 0xff,
    0x28, 0x28, 0x28, 0xff, 0x30, 0x2c, 0x30, 0xff, 0x28, 0x2c, 0x28, 0xff,
    0x28, 0x28, 0x28, 0xff, 0x28, 0x2c, 0x30, 0xff, 0x30, 0x28, 0x28, 0xff,
    0x28, 0x28, 0x28, 0xff, 0x30, 0x2c, 0x28, 0xff, 0x30, 0x28, 0x28, 0xff,
    0x28, 0x2c, 0x28, 0xff, 0x30, 0x2c, 0x28, 0xff, 0x28, 0x28, 0x28, 0xff,
    0x28, 0x28, 0x28, 0xff, 0x30, 0x28, 0x28, 0xff, 0x28, 0x28, 0x28, 0xff,
    0x28, 0x28, 0x28, 0xff, 0x30, 0x28, 0x28, 0xff, 0x28, 0x28, 0x28, 0xff,
    0x28, 0x28, 0x28, 0xff, 0x30, 0x2c, 0x28, 0xff, 0x28, 0x28, 0x28, 0xff,
    0x28, 0x28, 0x28, 0xff, 0x28, 0x28, 0x28, 0xff, 0x28, 0x28, 0x28, 0xff,
    0x30, 0x28, 0x28, 0xff, 0x28, 0x28, 0x28, 0xff, 0x28, 0x2c, 0x28, 0xff,
    0x30, 0x28, 0x28, 0xff, 0x28, 0x28, 0x28, 0xff, 0x28, 0x28, 0x28, 0xff,
    0x28, 0x28, 0x20, 0xff, 0x30, 0x28, 0x28, 0xff, 0x28, 0x28, 0x28, 0xff,
    0x28, 0x28, 0x28, 0xff, 0x30, 0x28, 0x28, 0xff, 0x28, 0x28, 0x28, 0xff,
    0x28, 0x28, 0x28, 0xff, 0x28, 0x24, 0x20, 0xff, 0x28, 0x28, 0x28, 0xff,
    0x28, 0x28, 0x28, 0xff, 0x28, 0x24, 0x20, 0xff, 0x28, 0x24, 0x28, 0xff,
    0x28, 0x24, 0x28, 0xff, 0x28, 0x24, 0x20, 0xff, 0x28, 0x28, 0x28, 0xff,
    0x28, 0x24, 0x28, 0xff, 0x28, 0x28, 0x28, 0xff, 0x28, 0x24, 0x20, 0xff,
    0x28, 0x24, 0x28, 0xff, 0x28, 0x28, 0x28, 0xff, 0x28, 0x28, 0x20, 0xff,
    0x28, 0x24, 0x20, 0xff, 0x28, 0x28, 0x28, 0xff, 0x28, 0x28, 0x20, 0xff,
    0x28, 0x24, 0x28, 0xff, 0x28, 0x24, 0x20, 0xff, 0x28, 0x24, 0x20, 0xff,
    0x28, 0x28, 0x28, 0xff, 0x28, 0x24, 0x20, 0xff, 0x28, 0x24, 0x28, 0xff,
    0x28, 0x24, 0x28, 0xff, 0x28, 0x24, 0x20, 0xff, 0x28, 0x28, 0x20, 0xff,
    0x28, 0x24, 0x28, 0xff, 0x28, 0x24, 0x28, 0xff, 0x28, 0x24, 0x20, 0xff,
    0x28, 0x24, 0x20, 0xff, 0x28, 0x24, 0x20, 0xff, 0x28, 0x28, 0x28, 0xff,
    0x28, 0x24, 0x28, 0xff, 0x28, 0x24, 0x20, 0xff, 0x20, 0x24, 0x20, 0xff,
    0x28, 0x24, 0x20, 0xff, 0x28, 0x24, 0x28, 0xff, 0x28, 0x24, 0x28, 0xff,
    0x28, 0x24, 0x20, 0xff, 0x20, 0x24, 0x20, 0xff, 0x28, 0x24, 0x20, 0xff,
    0x28, 0x28, 0x28, 0xff, 0x28, 0x24, 0x28, 0xff, 0x28, 0x24, 0x20, 0xff,
    0x28, 0x24, 0x28, 0xff, 0x20, 0x24, 0x20, 0xff, 0x28, 0x28, 0x20, 0xff,
    0x20, 0x24, 0x20, 0xff, 0x28, 0x24, 0x28, 0xff, 0x28, 0x24, 0x28, 0xff,
    0x28, 0x24, 0x20, 0xff, 0x60, 0x64, 0x60, 0xcf, 0xf8, 0xfc, 0xf8, 0x00,
    0xf8, 0xfc, 0xf8, 0x00, 0xf8, 0xfc, 0xf8, 0x00, 0xf8, 0xfc, 0xf8, 0x00,
    0x80, 0x7c, 0x80, 0x9e, 0x30, 0x30, 0x30, 0xff, 0x30, 0x30, 0x30, 0xff,
    0x30, 0x30, 0x30, 0xff, 0x30, 0x30, 0x28, 0xff, 0x30, 0x30, 0x30, 0xff,
    0x30, 0x30, 0x30, 0xff, 0x30, 0x30, 0x28, 0xff, 0x30, 0x30, 0x30, 0xff,
    0x30, 0x30, 0x30, 0xff, 0x30, 0x2c, 0x28, 0xff, 0x30, 0x30, 0x30, 0xff,
    0x30, 0x30, 0x30, 0xff, 0x30, 0x2c, 0x30, 0xff, 0x30, 0x30, 0x30, 0xff,
    0x30, 0x30, 0x28, 0xff, 0x30, 0x30, 0x30, 0xff, 0x30, 0x30, 0x30, 0xff,
    0x30, 0x2c, 0x28, 0xff, 0x30, 0x2c, 0x30, 0xff, 0x30, 0x30, 0x30, 0xff,
    0x30, 0x2c, 0x28, 0xff, 0x30, 0x30, 0x30, 0xff, 0x30, 0x2c, 0x30, 0xff,
    0x30, 0x2c, 0x28, 0xff, 0x30, 0x2c, 0x28, 0xff, 0x28, 0x30, 0x30, 0xff,
    0x30, 0x2c, 0x28, 0xff, 0x30, 0x2c, 0x28, 0xff, 0x30, 0x2c, 0x30, 0xff,
    0x30, 0x2c, 0x30, 0xff, 0x28, 0x30, 0x28, 0xff, 0x28, 0x2c, 0x30, 0xff,
    0x30, 0x2c, 0x30, 0xff, 0x30, 0x2c, 0x28, 0xff, 0x30, 0x2c, 0x30, 0xff,
    0x30, 0x2c, 0x30, 0xff, 0x30, 0x2c, 0x28, 0xff, 0x28, 0x2c, 0x28, 0xff,
    0x30, 0x2c, 0x30, 0xff, 0x30, 0x2c, 0x28, 0xff, 0x30, 0x2c, 0x30, 0xff,
    0x28, 0x2c, 0x28, 0xff, 0x30, 0x2c, 0x28, 0xff, 0x30, 0x2c, 0x30, 0xff,
    0x28, 0x2c, 0x28, 0xff, 0x30, 0x2c, 0x28, 0xff, 0x30, 0x2c, 0x30, 0xff,
    0x28, 0x2c, 0x28, 0xff, 0x30, 0x2c, 0x28, 0xff, 0x30, 0x2c, 0x30, 0xff,
    0x30, 0x2c, 0x28, 0xff, 0x30, 0x28, 0x28, 0xff, 0x28, 0x2c, 0x28, 0xff,
    0x30, 0x28, 0x30, 0xff, 0x28, 0x2c, 0x28, 0xff, 0x28, 0x2c, 0x28, 0xff,
    0x30, 0x28, 0x28, 0xff, 0x30, 0x2c, 0x28, 0xff, 0x30, 0x2c, 0x28, 0xff,
    0x30, 0x2c, 0x28, 0xff, 0x28, 0x28, 0x28, 0xff, 0x30, 0x2c, 0x30, 0xff,
    0x30, 0x2c, 0x28, 0xff, 0x28, 0x28, 0x28, 0xff, 0x28, 0x28, 0x30, 0xff,
    0x30, 0x2c, 0x28, 0xff, 0x28, 0x28, 0x28, 0xff, 0x30, 0x28, 0x28, 0xff,
    0x28, 0x2c, 0x28, 0xff, 0x28, 0x2c, 0x28, 0xff, 0x30, 0x28, 0x28, 0xff,
    0x30, 0x28, 0x28, 0xff, 0x28, 0x2c, 0x28, 0xff, 0x28, 0x28, 0x28, 0xff,
    0x28, 0x28, 0x28, 0xff, 0x28, 0x28, 0x28, 0xff, 0x30, 0x28, 0x28, 0xff,
    0x28, 0x28, 0x28, 0xff, 0x28, 0x28, 0x28, 0xff, 0x30, 0x28, 0x28, 0xff,
    0x28, 0x28, 0x28, 0xff, 0x28, 0x28, 0x28, 0xff, 0x28, 0x28, 0x28, 0xff,
    0x30, 0x28, 0x28, 0xff, 0x28, 0x28, 0x28, 0xff, 0x28, 0x28, 0x20, 0xff,
    0x28, 0x28, 0x28, 0xff, 0x28, 0x28, 0x28, 0xff, 0x28, 0x28, 0x20, 0xff,
    0x28, 0x28, 0x28, 0xff, 0x28, 0x28, 0x28, 0xff, 0x28, 0x28, 0x20, 0xff,
    0x28, 0x28, 0x28, 0xff, 0x28, 0x28, 0x28, 0xff, 0x30, 0x28, 0x28, 0xff,
    0x28, 0x28, 0x20, 0xff, 0x28, 0x28, 0x28, 0xff, 0x28, 0x28, 0x28, 0xff,
    0x28, 0x28, 0x20, 0xff, 0x28, 0x28, 0x28, 0xff, 0x28, 0x24, 0x28, 0xff,
    0x28, 0x28, 0x20, 0xff, 0x28, 0x28, 0x28, 0xff, 0x28, 0x24, 0x20, 0xff,
    0x28, 0x28, 0x20, 0xff, 0x28, 0x24, 0x28, 0xff, 0x28, 0x24, 0x28, 0xff,
    0x28, 0x28, 0x28, 0xff, 0x28, 0x24, 0x20, 0xff, 0x28, 0x24, 0x28, 0xff,
    0x28, 0x24, 0x20, 0xff, 0x28, 0x28, 0x28, 0xff, 0x28, 0x24, 0x20, 0xff,
    0x28, 0x28, 0x28, 0xff, 0x28, 0x24, 0x28, 0xff, 0x28, 0x24, 0x20, 0xff,
    0x28, 0x24, 0x20, 0xff, 0x28, 0x28, 0x28, 0xff, 0x20, 0x24, 0x20, 0xff,
    0x28, 0x24, 0x28, 0xff, 0x28, 0x24, 0x20, 0xff, 0x28, 0x28, 0x28, 0xff,
    0x20, 0x24, 0x20, 0xff, 0x28, 0x24, 0x28, 0xff, 0x28, 0x24, 0x28, 0xff,
    0x20, 0x24, 0x20, 0xff, 0x28, 0x24, 0x20, 0xff, 0x28, 0x24, 0x20, 0xff,
    0x28, 0x28, 0x28, 0xff, 0x28, 0x24, 0x28, 0xff, 0x28, 0x28, 0x20, 0xff,
    0x28, 0x24, 0x20, 0xff, 0x28, 0x24, 0x28, 0xff, 0x28, 0x28, 0x28, 0xff,
    0x28, 0x24, 0x20, 0xff, 0x28, 0x24, 0x28, 0xff, 0x20, 0x24, 0x20, 0xff,
    0x28, 0x24, 0x20, 0xff, 0x28, 0x24, 0x28, 0xff, 0x28, 0x24, 0x20, 0xff,
    0x28, 0x24, 0x28, 0xff, 0x28, 0x24, 0x20, 0xff, 0x28, 0x24, 0x20, 0xff,
    0x20, 0x24, 0x20, 0xff, 0x28, 0x24, 0x28, 0xff, 0x60, 0x64, 0x60, 0xcf,
    0xf8, 0xfc, 0xf8, 0x00, 0xf8, 0xfc, 0xf8, 0x00, 0xf8, 0xfc, 0xf8, 0x00,
    0xf8, 0xfc, 0xf8, 0x00, 0x80, 0x7c, 0x80, 0x9e, 0x30, 0x30, 0x30, 0xff,
    0x30, 0x30, 0x30, 0xff, 0x30, 0x30, 0x30, 0xff, 0x30, 0x30, 0x28, 0xff,
    0x30, 0x30, 0x30, 0xff, 0x30, 0x2c, 0x30, 0xff, 0x30, 0x30, 0x30, 0xff,
    0x30, 0x30, 0x30, 0xff, 0x30, 0x30, 0x30, 0xff, 0x30, 0x30, 0x30, 0xff,
    0x30, 0x30, 0x28, 0xff, 0x30, 0x2c, 0x30, 0xff, 0x30, 0x30, 0x30, 0xff,
    0x30, 0x2c, 0x28, 0xff, 0x30, 0x30, 0x30, 0xff, 0x30, 0x30, 0x30, 0xff,
    0x30, 0x30, 0x30, 0xff, 0x30, 0x30, 0x30, 0xff, 0x30, 0x2c, 0x28, 0xff,
    0x30, 0x30, 0x30, 0xff, 0x30, 0x30, 0x28, 0xff, 0x30, 0x2c, 0x30, 0xff,
    0x30, 0x30, 0x30, 0xff, 0x30, 0x30, 0x30, 0xff, 0x30, 0x2c, 0x30, 0xff,
    0x30, 0x30, 0x30, 0xff, 0x30, 0x2c, 0x28, 0xff, 0x30, 0x2c, 0x28, 0xff,
    0x28, 0x2c, 0x30, 0xff, 0x30, 0x2c, 0x28, 0xff, 0x30, 0x2c, 0x28, 0xff,
    0x30, 0x30, 0x30, 0xff, 0x30, 0x2c, 0x28, 0xff, 0x28, 0x2c, 0x28, 0xff,
    0x30, 0x30, 0x30, 0xff, 0x30, 0x2c, 0x28, 0xff, 0x28, 0x2c, 0x28, 0xff,
    0x30, 0x30, 0x30, 0xff, 0x30, 0x2c, 0x30, 0xff, 0x30, 0x2c, 0x28, 0xff,
    0x28, 0x2c, 0x28, 0xff, 0x30, 0x2c, 0x30, 0xff, 0x30, 0x2c, 0x28, 0xff,
    0x28, 0x2c, 0x28, 0xff, 0x30, 0x2c, 0x28, 0xff, 0x30, 0x2c, 0x28, 0xff,
    0x28, 0x2c, 0x28, 0xff, 0x30, 0x2c, 0x30, 0xff, 0x30, 0x28, 0x28, 0xff,
    0x28, 0x2c, 0x28, 0xff, 0x30, 0x2c, 0x30, 0xff, 0x28, 0x2c, 0x28, 0xff,
    0x28, 0x2c, 0x28, 0xff, 0x30, 0x28, 0x28, 0xff, 0x30, 0x2c, 0x28, 0xff,
    0x28, 0x28, 0x28, 0xff, 0x28, 0x2c, 0x30, 0xff, 0x28, 0x2c, 0x28, 0xff,
    0x28, 0x28, 0x28, 0xff, 0x30, 0x28, 0x28, 0xff, 0x30, 0x28, 0x28, 0xff,
    0x28, 0x2c, 0x28, 0xff, 0x28, 0x2c, 0x28, 0xff, 0x28, 0x28, 0x28, 0xff,
    0x30, 0x2c, 0x28, 0xff, 0x28, 0x2c, 0x28, 0xff, 0x28, 0x28, 0x28, 0xff,
    0x30, 0x28, 0x28, 0xff, 0x28, 0x2c, 0x28, 0xff, 0x28, 0x28, 0x28, 0xff,
    0x28, 0x28, 0x28, 0xff, 0x28, 0x2c, 0x28, 0xff, 0x30, 0x28, 0x28, 0xff,
    0x28, 0x2c, 0x28, 0xff, 0x28, 0x28, 0x28, 0xff, 0x30, 0x28, 0x28, 0xff,
    0x28, 0x28, 0x28, 0xff, 0x28, 0x28, 0x28, 0xff, 0x28, 0x28, 0x28, 0xff,
    0x30, 0x28, 0x28, 0xff, 0x28, 0x28, 0x28, 0xff, 0x28, 0x28, 0x28, 0xff,
    0x28, 0x28, 0x28, 0xff, 0x28, 0x28, 0x28, 0xff, 0x28, 0x28, 0x28, 0xff,
    0x28, 0x28, 0x28, 0xff, 0x28, 0x28, 0x28, 0xff, 0x28, 0x28, 0x28, 0xff,
    0x28, 0x28, 0x28, 0xff, 0x28, 0x28, 0x28, 0xff, 0x28, 0x24, 0x20, 0xff,
    0x28, 0x28, 0x28, 0xff, 0x28, 0x24, 0x28, 0xff, 0x28, 0x28, 0x20, 0xff,
    0x28, 0x24, 0x28, 0xff, 0x28, 0x24, 0x28, 0xff, 0x28, 0x28, 0x28, 0xff,
    0x28, 0x28, 0x28, 0xff, 0x28, 0x28, 0x28, 0xff, 0x28, 0x24, 0x20, 0xff,
    0x28, 0x28, 0x28, 0xff, 0x28, 0x24, 0x28, 0xff, 0x28, 0x28, 0x28, 0xff,
    0x28, 0x24, 0x28, 0xff, 0x28, 0x28, 0x20, 0xff, 0x28, 0x28, 0x28, 0xff,
    0x28, 0x24, 0x20, 0xff, 0x28, 0x24, 0x28, 0xff, 0x28, 0x28, 0x28, 0xff,
    0x28, 0x24, 0x28, 0xff, 0x28, 0x24, 0x20, 0xff, 0x28, 0x24, 0x28, 0xff,
    0x28, 0x24, 0x28, 0xff, 0x28, 0x24, 0x20, 0xff, 0x28, 0x24, 0x28, 0xff,
    0x28, 0x24, 0x20, 0xff, 0x20, 0x24, 0x20, 0xff, 0x28, 0x24, 0x20, 0xff,
    0x28, 0x24, 0x28, 0xff, 0x28, 0x24, 0x20, 0xff, 0x28, 0x24, 0x28, 0xff,
    0x20, 0x24, 0x20, 0xff, 0x28, 0x24, 0x20, 0xff, 0x28, 0x24, 0x28, 0xff,
    0x28, 0x28, 0x20, 0xff, 0x20, 0x24, 0x20, 0xff, 0x28, 0x24, 0x28, 0xff,
    0x28, 0x24, 0x28, 0xff, 0x28, 0x24, 0x20, 0xff, 0x20, 0x24, 0x28, 0xff,
    0x28, 0x24, 0x20, 0xff, 0x20, 0x24, 0x20, 0xff, 0x28, 0x24, 0x28, 0xff,
    0x28, 0x24, 0x20, 0xff, 0x28, 0x24, 0x28, 0xff, 0x28, 0x24, 0x20, 0xff,
    0x28, 0x28, 0x28, 0xff, 0x28, 0x24, 0x20, 0xff, 0x28, 0x24, 0x28, 0xff,
    0x20, 0x24, 0x20, 0xff, 0x28, 0x24, 0x28, 0xff, 0x28, 0x24, 0x28, 0xff,
    0x28, 0x24, 0x20, 0xff, 0x28, 0x24, 0x20, 0xff, 0x28, 0x24, 0x28, 0xff,
    0x58, 0x58, 0x58, 0xff, 0xf8, 0xfc, 0xf8, 0x00, 0xf8, 0xfc, 0xf8, 0x00,
    0xf8, 0xfc, 0xf8, 0x00, 0xf8, 0xfc, 0xf8, 0x00, 0x80, 0x80, 0x78, 0xa2,
    0x30, 0x30, 0x30, 0xff, 0x30, 0x30, 0x30, 0xff, 0x30, 0x30, 0x30, 0xff,
    0x38, 0x30, 0x30, 0xff, 0x30, 0x30, 0x30, 0xff, 0x30, 0x30, 0x30, 0xff,
    0x30, 0x2c, 0x28, 0xff, 0x30, 0x30, 0x30, 0xff, 0x30, 0x2c, 0x30, 0xff,
    0x30, 0x30, 0x30, 0xff, 0x30, 0x30, 0x28, 0xff, 0x30, 0x2c, 0x28, 0xff,
    0x30, 0x2c, 0x30, 0xff, 0x30, 0x30, 0x28, 0xff, 0x30, 0x2c, 0x30, 0xff,
    0x30, 0x2c, 0x28, 0xff, 0x30, 0x2c, 0x28, 0xff, 0x30, 0x30, 0x30, 0xff,
    0x30, 0x2c, 0x30, 0xff, 0x30, 0x2c, 0x28, 0xff, 0x30, 0x2c, 0x28, 0xff,
    0x28, 0x2c, 0x28, 0xff, 0x30, 0x30, 0x30, 0xff, 0x30, 0x2c, 0x28, 0xff,
    0x30, 0x2c, 0x30, 0xff, 0x30, 0x30, 0x30, 0xff, 0x28, 0x2c, 0x28, 0xff,
    0x30, 0x2c, 0x30, 0xff, 0x30, 0x30, 0x30, 0xff, 0x30, 0x2c, 0x28, 0xff,
    0x30, 0x2c, 0x30, 0xff, 0x30, 0x2c, 0x30, 0xff, 0x30, 0x2c, 0x28, 0xff,
    0x28, 0x2c, 0x30, 0xff, 0x30, 0x2c, 0x30, 0xff, 0x30, 0x2c, 0x28, 0xff,
    0x30, 0x2c, 0x28, 0xff, 0x30, 0x2c, 0x30, 0xff, 0x28, 0x2c, 0x28, 0xff,
    0x28, 0x2c, 0x28, 0xff, 0x30, 0x2c, 0x30, 0xff, 0x30, 0x2c, 0x28, 0xff,
    0x28, 0x2c, 0x28, 0xff, 0x30, 0x2c, 0x30, 0xff, 0x30, 0x2c, 0x30, 0xff,
    0x28, 0x2c, 0x28, 0xff, 0x28, 0x2c, 0x28, 0xff, 0x30, 0x2c, 0x30, 0xff,
    0x28, 0x2c, 0x28, 0xff, 0x28, 0x2c, 0x28, 0xff, 0x30, 0x28, 0x28, 0xff,
    0x28, 0x2c, 0x30, 0xff, 0x30, 0x28, 0x28, 0xff, 0x28, 0x2c, 0x28, 0xff,
    0x30, 0x28, 0x28, 0xff, 0x30, 0x2c, 0x30, 0xff, 0x30, 0x2c, 0x28, 0xff,
    0x28, 0x2c, 0x28, 0xff, 0x28, 0x2c, 0x30, 0xff, 0x30, 0x28, 0x28, 0xff,
    0x28, 0x2c, 0x28, 0xff, 0x28, 0x28, 0x28, 0xff, 0x30, 0x28, 0x28, 0xff,
    0x30, 0x28, 0x28, 0xff, 0x28, 0x2c, 0x28, 0xff, 0x28, 0x28, 0x28, 0xff,
    0x30, 0x28, 0x28, 0xff, 0x28, 0x28, 0x28, 0xff, 0x30, 0x2c, 0x30, 0xff,
    0x30, 0x2c, 0x28, 0xff, 0x28, 0x28, 0x28, 0xff, 0x28, 0x28, 0x28, 0xff,
    0x28, 0x28, 0x28, 0xff, 0x30, 0x28, 0x28, 0xff, 0x28, 0x2c, 0x28, 0xff,
    0x28, 0x28, 0x28, 0xff, 0x30, 0x28, 0x28, 0xff, 0x28, 0x28, 0x28, 0xff,
    0x28, 0x28, 0x28, 0xff, 0x28, 0x28, 0x28, 0xff, 0x30, 0x28, 0x28, 0xff,
    0x28, 0x28, 0x28, 0xff, 0x30, 0x28, 0x28, 0xff, 0x28, 0x28, 0x28, 0xff,
    0x28, 0x28, 0x28, 0xff, 0x28, 0x28, 0x20, 0xff, 0x30, 0x28, 0x28, 0xff,
    0x30, 0x28, 0x28, 0xff, 0x28, 0x28, 0x28, 0xff, 0x28, 0x28, 0x20, 0xff,
    0x30, 0x28, 0x28, 0xff, 0x28, 0x28, 0x28, 0xff, 0x28, 0x28, 0x28, 0xff,
    0x28, 0x28, 0x28, 0xff, 0x28, 0x28, 0x20, 0xff, 0x28, 0x24, 0x20, 0xff,
    0x28, 0x24, 0x20, 0xff, 0x28, 0x28, 0x28, 0xff, 0x28, 0x24, 0x20, 0xff,
    0x28, 0x28, 0x28, 0xff, 0x28, 0x28, 0x28, 0xff, 0x28, 0x24, 0x20, 0xff,
    0x28, 0x24, 0x28, 0xff, 0x28, 0x28, 0x28, 0xff, 0x28, 0x24, 0x28, 0xff,
    0x28, 0x28, 0x20, 0xff, 0x28, 0x28, 0x28, 0xff, 0x28, 0x24, 0x20, 0xff,
    0x28, 0x28, 0x28, 0xff, 0x28, 0x28, 0x20, 0xff, 0x28, 0x28, 0x28, 0xff,
    0x28, 0x24, 0x20, 0xff, 0x28, 0x28, 0x28, 0xff, 0x28, 0x24, 0x20, 0xff,
    0x28, 0x28, 0x20, 0xff, 0x28, 0x24, 0x28, 0xff, 0x28, 0x24, 0x28, 0xff,
    0x28, 0x24, 0x20, 0xff, 0x28, 0x28, 0x28, 0xff, 0x28, 0x24, 0x20, 0xff,
    0x28, 0x24, 0x28, 0xff, 0x28, 0x24, 0x20, 0xff, 0x28, 0x24, 0x28, 0xff,
    0x28, 0x24, 0x28, 0xff, 0x28, 0x24, 0x20, 0xff, 0x28, 0x24, 0x20, 0xff,
    0x28, 0x24, 0x28, 0xff, 0x28, 0x28, 0x20, 0xff, 0x28, 0x24, 0x28, 0xff,
    0x20, 0x24, 0x20, 0xff, 0x28, 0x28, 0x28, 0xff, 0x28, 0x24, 0x28, 0xff,
    0x28, 0x28, 0x20, 0xff, 0x20, 0x24, 0x20, 0xff, 0x20, 0x24, 0x20, 0xff,
    0x28, 0x24, 0x20, 0xff, 0x28, 0x24, 0x20, 0xff, 0x20, 0x24, 0x28, 0xff,
    0x28, 0x24, 0x20, 0xff, 0x28, 0x28, 0x20, 0xff, 0x28, 0x24, 0x28, 0xff,
    0x28, 0x24, 0x28, 0xff, 0x28, 0x28, 0x20, 0xff, 0x20, 0x24, 0x28, 0xff,
    0x28, 0x24, 0x20, 0xff, 0x58, 0x58, 0x58, 0xff, 0xf8, 0xfc, 0xf8, 0x00,
    0xf8, 0xfc, 0xf8, 0x00, 0xf8, 0xfc, 0xf8, 0x00, 0xf8, 0xfc, 0xf8, 0x00,
    0x80, 0x7c, 0x78, 0x9e, 0x30, 0x30, 0x30, 0xff, 0x30, 0x30, 0x30, 0xff,
    0x30, 0x30, 0x28, 0xff, 0x30, 0x30, 0x30, 0xff, 0x30, 0x30, 0x30, 0xff,
    0x30, 0x30, 0x30, 0xff, 0x30, 0x30, 0x28, 0xff, 0x30, 0x30, 0x30, 0xff,
    0x30, 0x30, 0x30, 0xff, 0x30, 0x2c, 0x30, 0xff, 0x30, 0x2c, 0x28, 0xff,
    0x30, 0x30, 0x30, 0xff, 0x30, 0x30, 0x30, 0xff, 0x30, 0x2c, 0x30, 0xff,
    0x30, 0x30, 0x28, 0xff, 0x30, 0x2c, 0x30, 0xff, 0x30, 0x30, 0x30, 0xff,
    0x38, 0x3c, 0x38, 0xff, 0xd8, 0xd8, 0xd8, 0xff, 0xf8, 0xfc, 0xf8, 0xff,
    0xf8, 0xfc, 0xf8, 0xff, 0xf8, 0xfc, 0xf8, 0xff, 0xf8, 0xfc, 0xf8, 0xff,
    0xf8, 0xfc, 0xf8, 0xff, 0xf8, 0xfc, 0xf8, 0xff, 0xf8, 0xfc, 0xf8, 0xff,
    0xf8, 0xfc, 0xf8, 0xff, 0xf8, 0xfc, 0xf8, 0xff, 0xf8, 0xfc, 0xf8, 0xff,
    0xf8, 0xfc, 0xf8, 0xff, 0xf8, 0xfc, 0xf8, 0xff, 0xf8, 0xfc, 0xf8, 0xff,
    0xf8, 0xfc, 0xf8, 0xff, 0xf8, 0xfc, 0xf8, 0xff, 0xf8, 0xfc, 0xf8, 0xff,
    0xf8, 0xfc, 0xf8, 0xff, 0xf8, 0xfc, 0xf8, 0xff, 0xf8, 0xfc, 0xf8, 0xff,
    0xf8, 0xfc, 0xf8, 0xff, 0xf8, 0xfc, 0xf8, 0xff, 0xf8, 0xfc, 0xf8, 0xff,
    0xf8, 0xfc, 0xf8, 0xff, 0xf8, 0xfc, 0xf8, 0xff, 0xf8, 0xfc, 0xf8, 0xff,
    0xf8, 0xfc, 0xf8, 0xff, 0xf8, 0xfc, 0xf8, 0xff, 0xf8, 0xfc, 0xf8, 0xff,
    0xf8, 0xfc, 0xf8, 0xff, 0xf8, 0xfc, 0xf8, 0xff, 0xf8, 0xfc, 0xf8, 0xff,
    0xf8, 0xfc, 0xf8, 0xff, 0xf8, 0xfc, 0xf8, 0xff, 0xf8, 0xfc, 0xf8, 0xff,
    0xf8, 0xfc, 0xf8, 0xff, 0xf8, 0xfc, 0xf8, 0xff, 0xf8, 0xfc, 0xf8, 0xff,
    0xf8, 0xfc, 0xf8, 0xff, 0xf8, 0xfc, 0xf8, 0xff, 0xf8, 0xfc, 0xf8, 0xff,
    0xf8, 0xfc, 0xf8, 0xff, 0xd8, 0xd8, 0xd8, 0xff, 0x38, 0x38, 0x38, 0xff,
    0x28, 0x28, 0x28, 0xff, 0x30, 0x2c, 0x28, 0xff, 0x28, 0x2c, 0x30, 0xff,
    0x28, 0x28, 0x28, 0xff, 0x30, 0x28, 0x28, 0xff, 0x28, 0x28, 0x28, 0xff,
    0x28, 0x28, 0x28, 0xff, 0x30, 0x28, 0x28, 0xff, 0x28, 0x28, 0x28, 0xff,
    0x28, 0x28, 0x28, 0xff, 0x30, 0x28, 0x28, 0xff, 0x28, 0x28, 0x28, 0xff,
    0x28, 0x28, 0x28, 0xff, 0x30, 0x28, 0x28, 0xff, 0x28, 0x2c, 0x28, 0xff,
    0x28, 0x28, 0x28, 0xff, 0x28, 0x28, 0x28, 0xff, 0x28, 0x28, 0x28, 0xff,
    0x28, 0x28, 0x28, 0xff, 0x28, 0x28, 0x28, 0xff, 0x28, 0x28, 0x28, 0xff,
    0x30, 0x28, 0x28, 0xff, 0x28, 0x28, 0x20, 0xff, 0x28, 0x28, 0x28, 0xff,
    0x28, 0x28, 0x28, 0xff, 0x28, 0x24, 0x20, 0xff, 0x28, 0x28, 0x28, 0xff,
    0x28, 0x28, 0x28, 0xff, 0x28, 0x24, 0x28, 0xff, 0x28, 0x28, 0x28, 0xff,
    0x28, 0x24, 0x20, 0xff, 0x30, 0x28, 0x28, 0xff, 0x28, 0x28, 0x28, 0xff,
    0x28, 0x28, 0x28, 0xff, 0x28, 0x24, 0x28, 0xff, 0x28, 0x28, 0x28, 0xff,
    0x28, 0x24, 0x20, 0xff, 0x28, 0x28, 0x28, 0xff, 0x28, 0x28, 0x28, 0xff,
    0x28, 0x28, 0x20, 0xff, 0x28, 0x24, 0x20, 0xff, 0x28, 0x28, 0x28, 0xff,
    0x28, 0x24, 0x20, 0xff, 0x28, 0x24, 0x28, 0xff, 0x28, 0x28, 0x28, 0xff,
    0x28, 0x24, 0x20, 0xff, 0x28, 0x24, 0x28, 0xff, 0x28, 0x28, 0x28, 0xff,
    0x28, 0x24, 0x20, 0xff, 0x28, 0x24, 0x20, 0xff, 0x28, 0x24, 0x28, 0xff,
    0x28, 0x24, 0x28, 0xff, 0x28, 0x28, 0x20, 0xff, 0x28, 0x24, 0x28, 0xff,
    0x20, 0x24, 0x20, 0xff, 0x28, 0x24, 0x28, 0xff, 0x28, 0x24, 0x20, 0xff,
    0x20, 0x24, 0x20, 0xff, 0x28, 0x24, 0x20, 0xff, 0x28, 0x28, 0x28, 0xff,
    0x20, 0x24, 0x20, 0xff, 0x28, 0x28, 0x28, 0xff, 0x28, 0x24, 0x20, 0xff,
    0x20, 0x24, 0x20, 0xff, 0x28, 0x24, 0x28, 0xff, 0x28, 0x24, 0x20, 0xff,
    0x28, 0x24, 0x20, 0xff, 0x28, 0x28, 0x28, 0xff, 0x28, 0x24, 0x20, 0xff,
    0x28, 0x24, 0x20, 0xff, 0x28, 0x24, 0x28, 0xff, 0x28, 0x24, 0x28, 0xff,
    0x28, 0x24, 0x20, 0xff, 0x28, 0x24, 0x28, 0xff, 0x20, 0x24, 0x20, 0xff,
    0x28, 0x24, 0x20, 0xff, 0x28, 0x24, 0x28, 0xff, 0x28, 0x24, 0x20, 0xff,
    0x20, 0x24, 0x20, 0xff, 0x28, 0x24, 0x20, 0xff, 0x28, 0x24, 0x20, 0xff,
    0x28, 0x24, 0x28, 0xff, 0x28, 0x24, 0x20, 0xff, 0x58, 0x58, 0x58, 0xff,
    0xf8, 0xfc, 0xf8, 0x00, 0xf8, 0xfc, 0xf8, 0x00, 0xf8, 0xfc, 0xf8, 0x00,
    0xf8, 0xfc, 0xf8, 0x00, 0x80, 0x7c, 0x78, 0xa2, 0x30, 0x30, 0x30, 0xff,
    0x30, 0x30, 0x30, 0xff, 0x30, 0x2c, 0x30, 0xff, 0x30, 0x30, 0x28, 0xff,
    0x30, 0x30, 0x30, 0xff, 0x30, 0x2c, 0x30, 0xff, 0x30, 0x30, 0x30, 0xff,
    0x30, 0x30, 0x28, 0xff, 0x30, 0x30, 0x30, 0xff, 0x30, 0x30, 0x30, 0xff,
    0x30, 0x2c, 0x28, 0xff, 0x30, 0x30, 0x30, 0xff, 0x30, 0x2c, 0x30, 0xff,
    0x30, 0x30, 0x28, 0xff, 0x30, 0x30, 0x30, 0xff, 0x30, 0x2c, 0x30, 0xff,
    0x30, 0x2c, 0x28, 0xff, 0x88, 0x88, 0x88, 0xff, 0xf8, 0xfc, 0xf8, 0xff,
    0xf8, 0xfc, 0xf8, 0xff, 0xf8, 0xfc, 0xf8, 0xff, 0xf8, 0xfc, 0xf8, 0xff,
    0xf8, 0xfc, 0xf8, 0xff, 0xf8, 0xfc, 0xf8, 0xff, 0xf8, 0xfc, 0xf8, 0xff,
    0xf8, 0xfc, 0xf8, 0xff, 0xf8, 0xfc, 0xf8, 0xff, 0xf8, 0xfc, 0xf8, 0xff,
    0xf8, 0xfc, 0xf8, 0xff, 0xf8, 0xfc, 0xf8, 0xff, 0xf8, 0xfc, 0xf8, 0xff,
    0xf8, 0xfc, 0xf8, 0xff, 0xf8, 0xfc, 0xf8, 0xff, 0xf8, 0xfc, 0xf8, 0xff,
    0xf8, 0xfc, 0xf8, 0xff, 0xf8, 0xfc, 0xf8, 0xff, 0xf8, 0xfc, 0xf8, 0xff,
    0xf8, 0xfc, 0xf8, 0xff, 0xf8, 0xfc, 0xf8, 0xff, 0xf8, 0xfc, 0xf8, 0xff,
    0xf8, 0xfc, 0xf8, 0xff, 0xf8, 0xfc, 0xf8, 0xff, 0xf8, 0xfc, 0xf8, 0xff,
    0xf8, 0xfc, 0xf8, 0xff, 0xf8, 0xfc, 0xf8, 0xff, 0xf8, 0xfc, 0xf8, 0xff,
    0xf8, 0xfc, 0xf8, 0xff, 0xf8, 0xfc, 0xf8, 0xff, 0xf8, 0xfc, 0xf8, 0xff,
    0xf8, 0xfc, 0xf8, 0xff, 0xf8, 0xfc, 0xf8, 0xff, 0xf8, 0xfc, 0xf8, 0xff,
    0xf8, 0xfc, 0xf8, 0xff, 0xf8, 0xfc, 0xf8, 0xff, 0xf8, 0xfc, 0xf8, 0xff,
    0xf8, 0xfc, 0xf8, 0xff, 0xf8, 0xfc, 0xf8, 0xff, 0xf8, 0xfc, 0xf8, 0xff,
    0xf8, 0xfc, 0xf8, 0xff, 0xf8, 0xfc, 0xf8, 0xff, 0xf8, 0xfc, 0xf8, 0xff,
    0x88, 0x88, 0x88, 0xff, 0x28, 0x28, 0x28, 0xff, 0x28, 0x28, 0x28, 0xff,
    0x30, 0x2c, 0x28, 0xff, 0x28, 0x28, 0x28, 0xff, 0x28, 0x2c, 0x28, 0xff,
    0x28, 0x28, 0x28, 0xff, 0x28, 0x28, 0x28, 0xff, 0x30, 0x28, 0x28, 0xff,
    0x28, 0x2c, 0x28, 0xff, 0x30, 0x28, 0x28, 0xff, 0x28, 0x28, 0x28, 0xff,
    0x28, 0x28, 0x28, 0xff, 0x28, 0x28, 0x28, 0xff, 0x28, 0x28, 0x28, 0xff,
    0x28, 0x28, 0x28, 0xff, 0x30, 0x28, 0x28, 0xff, 0x30, 0x28, 0x28, 0xff,
    0x28, 0x28, 0x28, 0xff, 0x28, 0x28, 0x28, 0xff, 0x30, 0x28, 0x28, 0xff,
    0x28, 0x28, 0x28, 0xff, 0x28, 0x28, 0x28, 0xff, 0x28, 0x28, 0x28, 0xff,
    0x28, 0x28, 0x28, 0xff, 0x28, 0x28, 0x28, 0xff, 0x28, 0x28, 0x28, 0xff,
    0x28, 0x28, 0x20, 0xff, 0x28, 0x28, 0x28, 0xff, 0x28, 0x28, 0x28, 0xff,
    0x28, 0x28, 0x20, 0xff, 0x28, 0x24, 0x28, 0xff, 0x28, 0x24, 0x20, 0xff,
    0x28, 0x24, 0x28, 0xff, 0x28, 0x28, 0x28, 0xff, 0x28, 0x24, 0x20, 0xff,
    0x28, 0x28, 0x28, 0xff, 0x28, 0x24, 0x28, 0xff, 0x28, 0x24, 0x20, 0xff,
    0x28, 0x28, 0x28, 0xff, 0x28, 0x24, 0x28, 0xff, 0x28, 0x28, 0x28, 0xff,
    0x28, 0x28, 0x20, 0xff, 0x28, 0x24, 0x20, 0xff, 0x28, 0x24, 0x28, 0xff,
    0x28, 0x28, 0x28, 0xff, 0x28, 0x24, 0x20, 0xff, 0x28, 0x24, 0x28, 0xff,
    0x28, 0x24, 0x20, 0xff, 0x28, 0x24, 0x28, 0xff, 0x28, 0x24, 0x20, 0xff,
    0x28, 0x24, 0x28, 0xff, 0x20, 0x24, 0x20, 0xff, 0x28, 0x24, 0x20, 0xff,
    0x28, 0x24, 0x28, 0xff, 0x28, 0x28, 0x20, 0xff, 0x28, 0x24, 0x28, 0xff,
    0x20, 0x24, 0x20, 0xff, 0x28, 0x24, 0x28, 0xff, 0x28, 0x24, 0x20, 0xff,
    0x28, 0x24, 0x20, 0xff, 0x28, 0x24, 0x28, 0xff, 0x28, 0x24, 0x20, 0xff,
    0x28, 0x24, 0x20, 0xff, 0x28, 0x24, 0x28, 0xff, 0x20, 0x24, 0x20, 0xff,
    0x28, 0x24, 0x20, 0xff, 0x20, 0x24, 0x28, 0xff, 0x28, 0x24, 0x28, 0xff,
    0x28, 0x24, 0x20, 0xff, 0x20, 0x24, 0x20, 0xff, 0x28, 0x24, 0x28, 0xff,
    0x28, 0x24, 0x20, 0xff, 0x28, 0x24, 0x28, 0xff, 0x28, 0x24, 0x28, 0xff,
    0x28, 0x28, 0x28, 0xff, 0x28, 0x24, 0x28, 0xff, 0x28, 0x24, 0x20, 0xff,
    0x20, 0x24, 0x28, 0xff, 0x28, 0x24, 0x20, 0xff, 0x20, 0x24, 0x20, 0xff,
    0x28, 0x24, 0x28, 0xff, 0x28, 0x24, 0x28, 0xff, 0x28, 0x24, 0x20, 0xff,
    0x58, 0x58, 0x58, 0xff, 0xf8, 0xfc, 0xf8, 0x00, 0xf8, 0xfc, 0xf8, 0x00,
    0xf8, 0xfc, 0xf8, 0x00, 0xf8, 0xfc, 0xf8, 0x00, 0x80, 0x80, 0x80, 0x9e,
    0x30, 0x30, 0x30, 0xff, 0x30, 0x30, 0x30, 0xff, 0x30, 0x30, 0x30, 0xff,
    0x30, 0x30, 0x30, 0xff, 0x30, 0x30, 0x28, 0xff, 0x30, 0x2c, 0x30, 0xff,
    0x30, 0x30, 0x30, 0xff, 0x30, 0x30, 0x30, 0xff, 0x30, 0x2c, 0x30, 0xff,
    0x30, 0x30, 0x30, 0xff, 0x30, 0x30, 0x28, 0xff, 0x30, 0x2c, 0x30, 0xff,
    0x30, 0x2c, 0x30, 0xff, 0x30, 0x30, 0x28, 0xff, 0x30, 0x2c, 0x30, 0xff,
    0x30, 0x30, 0x30, 0xff, 0x30, 0x30, 0x28, 0xff, 0x30, 0x2c, 0x30, 0xff,
    0xb0, 0xb0, 0xb0, 0xff, 0xf8, 0xfc, 0xf8, 0xff, 0xf8, 0xfc, 0xf8, 0xff,
    0xf8, 0xfc, 0xf8, 0xff, 0xf8, 0xfc, 0xf8, 0xff, 0xf8, 0xfc, 0xf8, 0xff,
    0xf8, 0xfc, 0xf8, 0xff, 0xf8, 0xfc, 0xf8, 0xff, 0xf8, 0xfc, 0xf8, 0xff,
    0xf8, 0xfc, 0xf8, 0xff, 0xf8, 0xfc, 0xf8, 0xff, 0xf8, 0xfc, 0xf8, 0xff,
    0xf8, 0xfc, 0xf8, 0xff, 0xf8, 0xfc, 0xf8, 0xff, 0xf8, 0xfc, 0xf8, 0xff,
    0xf8, 0xfc, 0xf8, 0xff, 0xf8, 0xfc, 0xf8, 0xff, 0xf8, 0xfc, 0xf8, 0xff,
    0xf8, 0xfc, 0xf8, 0xff, 0xf8, 0xfc, 0xf8, 0xff, 0xf8, 0xfc, 0xf8, 0xff,
    0xf8, 0xfc, 0xf8, 0xff, 0xf8, 0xfc, 0xf8, 0xff, 0xf8, 0xfc, 0xf8, 0xff,
    0xf8, 0xfc, 0xf8, 0xff, 0xf8, 0xfc, 0xf8, 0xff, 0xf8, 0xfc, 0xf8, 0xff,
    0xf8, 0xfc, 0xf8, 0xff, 0xf8, 0xfc, 0xf8, 0xff, 0xf8, 0xfc, 0xf8, 0xff,
    0xf8, 0xfc, 0xf8, 0xff, 0xf8, 0xfc, 0xf8, 0xff, 0xf8, 0xfc, 0xf8, 0xff,
    0xf8, 0xfc, 0xf8, 0xff, 0xf8, 0xfc, 0xf8, 0xff, 0xf8, 0xfc, 0xf8, 0xff,
    0xf8, 0xfc, 0xf8, 0xff, 0xf8, 0xfc, 0xf8, 0xff, 0xf8, 0xfc, 0xf8, 0xff,
    0xf8, 0xfc, 0xf8, 0xff, 0xf8, 0xfc, 0xf8, 0xff, 0xf8, 0xfc, 0xf8, 0xff,
    0xb0, 0xb0, 0xb0, 0xff, 0x30, 0x2c, 0x28, 0xff, 0x28, 0x28, 0x28, 0xff,
    0x28, 0x28, 0x28, 0xff, 0x30, 0x28, 0x28, 0xff, 0x30, 0x28, 0x28, 0xff,
    0x28, 0x28, 0x28, 0xff, 0x30, 0x2c, 0x28, 0xff, 0x28, 0x28, 0x28, 0xff,
    0x28, 0x28, 0x28, 0xff, 0x30, 0x2c, 0x28, 0xff, 0x28, 0x28, 0x28, 0xff,
    0x28, 0x28, 0x28, 0xff, 0x30, 0x28, 0x28, 0xff, 0x28, 0x28, 0x28, 0xff,
    0x28, 0x28, 0x28, 0xff, 0x28, 0x28, 0x28, 0xff, 0x28, 0x28, 0x28, 0xff,
    0x28, 0x28, 0x28, 0xff, 0x28, 0x28, 0x28, 0xff, 0x30, 0x28, 0x28, 0xff,
    0x28, 0x28, 0x20, 0xff, 0x28, 0x28, 0x20, 0xff, 0x28, 0x28, 0x28, 0xff,
    0x30, 0x28, 0x28, 0xff, 0x28, 0x28, 0x28, 0xff, 0x28, 0x28, 0x20, 0xff,
    0x28, 0x24, 0x28, 0xff, 0x30, 0x28, 0x28, 0xff, 0x28, 0x24, 0x28, 0xff,
    0x28, 0x28, 0x28, 0xff, 0x28, 0x24, 0x20, 0xff, 0x28, 0x28, 0x28, 0xff,
    0x28, 0x28, 0x28, 0xff, 0x28, 0x24, 0x20, 0xff, 0x28, 0x24, 0x20, 0xff,
    0x28, 0x28, 0x28, 0xff, 0x28, 0x28, 0x28, 0xff, 0x28, 0x24, 0x20, 0xff,
    0x28, 0x28, 0x28, 0xff, 0x28, 0x24, 0x20, 0xff, 0x28, 0x24, 0x20, 0xff,
    0x28, 0x24, 0x28, 0xff, 0x28, 0x28, 0x28, 0xff, 0x28, 0x24, 0x20, 0xff,
    0x28, 0x28, 0x28, 0xff, 0x28, 0x24, 0x20, 0xff, 0x28, 0x24, 0x20, 0xff,
    0x28, 0x28, 0x28, 0xff, 0x28, 0x24, 0x20, 0xff, 0x28, 0x28, 0x28, 0xff,
    0x28, 0x28, 0x28, 0xff, 0x28, 0x24, 0x20, 0xff, 0x28, 0x24, 0x28, 0xff,
    0x28, 0x24, 0x28, 0xff, 0x28, 0x28, 0x20, 0xff, 0x28, 0x24, 0x28, 0xff,
    0x28, 0x24, 0x20, 0xff, 0x28, 0x28, 0x28, 0xff, 0x28, 0x24, 0x28, 0xff,
    0x28, 0x24, 0x28, 0xff, 0x20, 0x24, 0x20, 0xff, 0x28, 0x24, 0x20, 0xff,
    0x28, 0x24, 0x28, 0xff, 0x28, 0x28, 0x28, 0xff, 0x28, 0x24, 0x28, 0xff,
    0x28, 0x24, 0x20, 0xff, 0x28, 0x24, 0x20, 0xff, 0x28, 0x24, 0x28, 0xff,
    0x28, 0x24, 0x20, 0xff, 0x28, 0x24, 0x28, 0xff, 0x20, 0x24, 0x20, 0xff,
    0x28, 0x24, 0x20, 0xff, 0x28, 0x24, 0x20, 0xff, 0x20, 0x24, 0x20, 0xff,
    0x28, 0x24, 0x20, 0xff, 0x28, 0x24, 0x20, 0xff, 0x20, 0x24, 0x20, 0xff,
    0x28, 0x24, 0x20, 0xff, 0x28, 0x24, 0x28, 0xff, 0x28, 0x24, 0x28, 0xff,
    0x28, 0x28, 0x28, 0xff, 0x28, 0x24, 0x20, 0xff, 0x20, 0x24, 0x20, 0xff,
    0x28, 0x24, 0x20, 0xff, 0x58, 0x58, 0x58, 0xff, 0xf8, 0xfc, 0xf8, 0x00,
    0xf8, 0xfc, 0xf8, 0x00, 0xf8, 0xfc, 0xf8, 0x00, 0xf8, 0xfc, 0xf8, 0x00,
    0x80, 0x7c, 0x80, 0x9e, 0x30, 0x30, 0x30, 0xff, 0x30, 0x30, 0x28, 0xff,
    0x30, 0x30, 0x30, 0xff, 0x30, 0x2c, 0x30, 0xff, 0x30, 0x30, 0x30, 0xff,
    0x30, 0x2c, 0x28, 0xff, 0x30, 0x30, 0x30, 0xff, 0x30, 0x30, 0x28, 0xff,
    0x30, 0x2c, 0x30, 0xff, 0x30, 0x30, 0x30, 0xff, 0x30, 0x2c, 0x28, 0xff,
    0x30, 0x30, 0x30, 0xff, 0x30, 0x30, 0x28, 0xff, 0x30, 0x2c, 0x30, 0xff,
    0x30, 0x2c, 0x28, 0xff, 0x30, 0x30, 0x30, 0xff, 0x30, 0x30, 0x30, 0xff,
    0x30, 0x30, 0x30, 0xff, 0x30, 0x30, 0x30, 0xff, 0x30, 0x30, 0x30, 0xff,
    0x30, 0x2c, 0x30, 0xff, 0x30, 0x30, 0x30, 0xff, 0x30, 0x2c, 0x28, 0xff,
    0x28, 0x2c, 0x28, 0xff, 0x30, 0x2c, 0x30, 0xff, 0x30, 0x2c, 0x28, 0xff,
    0x28, 0x2c, 0x28, 0xff, 0x30, 0x2c, 0x28, 0xff, 0x30, 0x2c, 0x30, 0xff,
    0x28, 0x2c, 0x28, 0xff, 0x30, 0x30, 0x28, 0xff, 0x28, 0x2c, 0x28, 0xff,
    0x30, 0x2c, 0x28, 0xff, 0x28, 0x2c, 0x28, 0xff, 0x28, 0x2c, 0x28, 0xff,
    0x30, 0x2c, 0x28, 0xff, 0x28, 0x2c, 0x30, 0xff, 0x30, 0x2c, 0x28, 0xff,
    0x28, 0x2c, 0x28, 0xff, 0x30, 0x2c, 0x28, 0xff, 0x30, 0x2c, 0x28, 0xff,
    0x28, 0x2c, 0x28, 0xff, 0x28, 0x2c, 0x28, 0xff, 0x30, 0x2c, 0x28, 0xff,
    0x28, 0x2c, 0x28, 0xff, 0x30, 0x2c, 0x28, 0xff, 0x30, 0x28, 0x28, 0xff,
    0x28, 0x2c, 0x28, 0xff, 0x30, 0x2c, 0x28, 0xff, 0x30, 0x28, 0x28, 0xff,
    0x28, 0x28, 0x28, 0xff, 0x30, 0x2c, 0x28, 0xff, 0x28, 0x2c, 0x30, 0xff,
    0x30, 0x28, 0x28, 0xff, 0x28, 0x28, 0x28, 0xff, 0x28, 0x2c, 0x28, 0xff,
    0x30, 0x28, 0x28, 0xff, 0x30, 0x28, 0x28, 0xff, 0x28, 0x2c, 0x28, 0xff,
    0x28, 0x28, 0x28, 0xff, 0x30, 0x28, 0x28, 0xff, 0x28, 0x2c, 0x28, 0xff,
    0x30, 0x28, 0x28, 0xff, 0x28, 0x28, 0x28, 0xff, 0x28, 0x2c, 0x28, 0xff,
    0x28, 0x28, 0x28, 0xff, 0x30, 0x28, 0x28, 0xff, 0x28, 0x28, 0x28, 0xff,
    0x28, 0x2c, 0x28, 0xff, 0x28, 0x28, 0x28, 0xff, 0x28, 0x28, 0x28, 0xff,
    0x28, 0x28, 0x28, 0xff, 0x28, 0x28, 0x28, 0xff, 0x28, 0x28, 0x28, 0xff,
    0x30, 0x28, 0x28, 0xff, 0x30, 0x28, 0x28, 0xff, 0x28, 0x28, 0x28, 0xff,
    0x28, 0x28, 0x28, 0xff, 0x28, 0x28, 0x28, 0xff, 0x28, 0x28, 0x28, 0xff,
    0x28, 0x28, 0x28, 0xff, 0x28, 0x28, 0x28, 0xff, 0x28, 0x28, 0x28, 0xff,
    0x28, 0x28, 0x28, 0xff, 0x28, 0x28, 0x28, 0xff, 0x28, 0x28, 0x20, 0xff,
    0x28, 0x28, 0x28, 0xff, 0x28, 0x24, 0x28, 0xff, 0x28, 0x28, 0x20, 0xff,
    0x28, 0x28, 0x28, 0xff, 0x28, 0x28, 0x28, 0xff, 0x30, 0x28, 0x28, 0xff,
    0x28, 0x24, 0x20, 0xff, 0x28, 0x28, 0x28, 0xff, 0x28, 0x28, 0x28, 0xff,
    0x28, 0x24, 0x28, 0xff, 0x28, 0x28, 0x20, 0xff, 0x28, 0x24, 0x28, 0xff,
    0x28, 0x28, 0x28, 0xff, 0x28, 0x28, 0x28, 0xff, 0x28, 0x24, 0x28, 0xff,
    0x28, 0x24, 0x20, 0xff, 0x28, 0x24, 0x20, 0xff, 0x28, 0x24, 0x28, 0xff,
    0x28, 0x24, 0x20, 0xff, 0x28, 0x24, 0x28, 0xff, 0x28, 0x24, 0x20, 0xff,
    0x28, 0x24, 0x28, 0xff, 0x28, 0x24, 0x20, 0xff, 0x28, 0x24, 0x28, 0xff,
    0x28, 0x24, 0x20, 0xff, 0x20, 0x24, 0x20, 0xff, 0x28, 0x24, 0x20, 0xff,
    0x28, 0x24, 0x20, 0xff, 0x20, 0x24, 0x28, 0xff, 0x28, 0x24, 0x20, 0xff,
    0x28, 0x24, 0x20, 0xff, 0x28, 0x24, 0x28, 0xff, 0x28, 0x24, 0x20, 0xff,
    0x20, 0x24, 0x20, 0xff, 0x28, 0x24, 0x20, 0xff, 0x28, 0x24, 0x28, 0xff,
    0x20, 0x24, 0x20, 0xff, 0x28, 0x28, 0x28, 0xff, 0x20, 0x24, 0x20, 0xff,
    0x28, 0x24, 0x20, 0xff, 0x28, 0x24, 0x28, 0xff, 0x20, 0x24, 0x20, 0xff,
    0x28, 0x24, 0x20, 0xff, 0x28, 0x28, 0x28, 0xff, 0x28, 0x24, 0x20, 0xff,
    0x28, 0x24, 0x28, 0xff, 0x28, 0x24, 0x28, 0xff, 0x28, 0x28, 0x28, 0xff,
    0x28, 0x24, 0x28, 0xff, 0x28, 0x24, 0x28, 0xff, 0x28, 0x24, 0x20, 0xff,
    0x28, 0x28, 0x28, 0xff, 0x20, 0x24, 0x20, 0xff, 0x28, 0x24, 0x20, 0xff,
    0x28, 0x24, 0x20, 0xff, 0x28, 0x24, 0x28, 0xff, 0x28, 0x28, 0x28, 0xff,
    0x28, 0x24, 0x20, 0xff, 0x28, 0x24, 0x28, 0xff, 0x58, 0x58, 0x58, 0xff,
    0xf8, 0xfc, 0xf8, 0x00, 0xf8, 0xfc, 0xf8, 0x00, 0xf8, 0xfc, 0xf8, 0x00,
    0xf8, 0xfc, 0xf8, 0x00, 0x80, 0x7c, 0x78, 0xa2, 0x30, 0x30, 0x30, 0xff,
    0x30, 0x30, 0x30, 0xff, 0x30, 0x30, 0x30, 0xff, 0x30, 0x30, 0x30, 0xff,
    0x30, 0x30, 0x30, 0xff, 0x30, 0x30, 0x30, 0xff, 0x30, 0x2c, 0x28, 0xff,
    0x30, 0x2c, 0x28, 0xff, 0x30, 0x30, 0x30, 0xff, 0x30, 0x2c, 0x28, 0xff,
    0x30, 0x30, 0x30, 0xff, 0x30, 0x30, 0x30, 0xff, 0x30, 0x30, 0x30, 0xff,
    0x30, 0x2c, 0x28, 0xff, 0x30, 0x30, 0x30, 0xff, 0x30, 0x2c, 0x28, 0xff,
    0x30, 0x2c, 0x28, 0xff, 0x30, 0x2c, 0x28, 0xff, 0x30, 0x2c, 0x28, 0xff,
    0x30, 0x2c, 0x28, 0xff, 0x30, 0x30, 0x30, 0xff, 0x30, 0x2c, 0x28, 0xff,
    0x28, 0x2c, 0x30, 0xff, 0x30, 0x2c, 0x30, 0xff, 0x30, 0x30, 0x28, 0xff,
    0x28, 0x2c, 0x30, 0xff, 0x30, 0x2c, 0x28, 0xff, 0x30, 0x2c, 0x28, 0xff,
    0x28, 0x2c, 0x30, 0xff, 0x30, 0x2c, 0x30, 0xff, 0x30, 0x2c, 0x30, 0xff,
    0x28, 0x2c, 0x28, 0xff, 0x30, 0x2c, 0x30, 0xff, 0x30, 0x2c, 0x30, 0xff,
    0x30, 0x2c, 0x28, 0xff, 0x28, 0x2c, 0x30, 0xff, 0x30, 0x2c, 0x28, 0xff,
    0x30, 0x2c, 0x28, 0xff, 0x28, 0x2c, 0x30, 0xff, 0x30, 0x2c, 0x30, 0xff,
    0x30, 0x2c, 0x28, 0xff, 0x28, 0x2c, 0x30, 0xff, 0x30, 0x2c, 0x28, 0xff,
    0x30, 0x2c, 0x30, 0xff, 0x28, 0x28, 0x28, 0xff, 0x28, 0x2c, 0x30, 0xff,
    0x30, 0x2c, 0x28, 0xff, 0x28, 0x28, 0x28, 0xff, 0x28, 0x2c, 0x30, 0xff,
    0x30, 0x2c, 0x28, 0xff, 0x28, 0x2c, 0x28, 0xff, 0x30, 0x2c, 0x30, 0xff,
    0x30, 0x2c, 0x28, 0xff, 0x28, 0x28, 0x28, 0xff, 0x30, 0x2c, 0x28, 0xff,
    0x28, 0x2c, 0x28, 0xff, 0x28, 0x28, 0x28, 0xff, 0x30, 0x28, 0x28, 0xff,
    0x28, 0x28, 0x28, 0xff, 0x30, 0x2c, 0x28, 0xff, 0x28, 0x28, 0x28, 0xff,
    0x28, 0x28, 0x28, 0xff, 0x30, 0x2c, 0x28, 0xff, 0x28, 0x28, 0x28, 0xff,
    0x28, 0x28, 0x28, 0xff, 0x30, 0x2c, 0x28, 0xff, 0x28, 0x28, 0x28, 0xff,
    0x28, 0x28, 0x28, 0xff, 0x30, 0x28, 0x28, 0xff, 0x28, 0x28, 0x28, 0xff,
    0x28, 0x28, 0x28, 0xff, 0x30, 0x28, 0x28, 0xff, 0x28, 0x28, 0x28, 0xff,
    0x28, 0x28, 0x28, 0xff, 0x28, 0x2c, 0x28, 0xff, 0x28, 0x28, 0x28, 0xff,
    0x30, 0x28, 0x28, 0xff, 0x28, 0x28, 0x28, 0xff, 0x30, 0x28, 0x28, 0xff,
    0x30, 0x28, 0x20, 0xff, 0x28, 0x28, 0x28, 0xff, 0x28, 0x28, 0x28, 0xff,
    0x28, 0x28, 0x28, 0xff, 0x28, 0x28, 0x28, 0xff, 0x28, 0x28, 0x28, 0xff,
    0x30, 0x28, 0x28, 0xff, 0x28, 0x28, 0x28, 0xff, 0x28, 0x28, 0x28, 0xff,
    0x28, 0x28, 0x20, 0xff, 0x28, 0x28, 0x28, 0xff, 0x28, 0x24, 0x28, 0xff,
    0x28, 0x28, 0x28, 0xff, 0x28, 0x24, 0x20, 0xff, 0x28, 0x24, 0x28, 0xff,
    0x28, 0x28, 0x28, 0xff, 0x28, 0x28, 0x28, 0xff, 0x28, 0x24, 0x20, 0xff,
    0x28, 0x24, 0x20, 0xff, 0x28, 0x28, 0x28, 0xff, 0x28, 0x24, 0x20, 0xff,
    0x28, 0x28, 0x28, 0xff, 0x28, 0x28, 0x28, 0xff, 0x28, 0x24, 0x20, 0xff,
    0x28, 0x28, 0x28, 0xff, 0x28, 0x24, 0x28, 0xff, 0x28, 0x24, 0x20, 0xff,
    0x28, 0x28, 0x28, 0xff, 0x28, 0x24, 0x28, 0xff, 0x28, 0x24, 0x20, 0xff,
    0x28, 0x28, 0x28, 0xff, 0x28, 0x24, 0x28, 0xff, 0x28, 0x24, 0x20, 0xff,
    0x28, 0x28, 0x28, 0xff, 0x20, 0x24, 0x20, 0xff, 0x28, 0x24, 0x20, 0xff,
    0x28, 0x24, 0x28, 0xff, 0x20, 0x28, 0x28, 0xff, 0x28, 0x24, 0x20, 0xff,
    0x28, 0x24, 0x28, 0xff, 0x28, 0x28, 0x20, 0xff, 0x28, 0x24, 0x28, 0xff,
    0x28, 0x24, 0x20, 0xff, 0x28, 0x24, 0x28, 0xff, 0x28, 0x24, 0x20, 0xff,
    0x28, 0x24, 0x20, 0xff, 0x28, 0x24, 0x28, 0xff, 0x28, 0x24, 0x20, 0xff,
    0x28, 0x28, 0x28, 0xff, 0x28, 0x24, 0x28, 0xff, 0x20, 0x24, 0x20, 0xff,
    0x28, 0x24, 0x20, 0xff, 0x28, 0x24, 0x20, 0xff, 0x20, 0x24, 0x20, 0xff,
    0x28, 0x24, 0x20, 0xff, 0x28, 0x24, 0x20, 0xff, 0x28, 0x24, 0x28, 0xff,
    0x28, 0x28, 0x28, 0xff, 0x28, 0x24, 0x28, 0xff, 0x28, 0x24, 0x20, 0xff,
    0x28, 0x24, 0x28, 0xff, 0x28, 0x24, 0x20, 0xff, 0x28, 0x24, 0x20, 0xff,
    0x20, 0x24, 0x20, 0xff, 0x28, 0x24, 0x28, 0xff, 0x28, 0x24, 0x28, 0xff,
    0x58, 0x58, 0x58, 0xff, 0xf8, 0xfc, 0xf8, 0x00, 0xf8, 0xfc, 0xf8, 0x00,
    0xf8, 0xfc, 0xf8, 0x00, 0xf8, 0xfc, 0xf8, 0x00, 0x80, 0x7c, 0x78, 0x9e,
    0x30, 0x30, 0x30, 0xff, 0x30, 0x30, 0x30, 0xff, 0x30, 0x2c, 0x28, 0xff,
    0x30, 0x30, 0x28, 0xff, 0x30, 0x30, 0x30, 0xff, 0x30, 0x30, 0x30, 0xff,
    0x30, 0x30, 0x30, 0xff, 0x30, 0x30, 0x30, 0xff, 0x30, 0x30, 0x30, 0xff,
    0x30, 0x2c, 0x30, 0xff, 0x30, 0x30, 0x30, 0xff, 0x30, 0x2c, 0x28, 0xff,
    0x30, 0x2c, 0x30, 0xff, 0x30, 0x30, 0x30, 0xff, 0x30, 0x30, 0x30, 0xff,
    0x30, 0x2c, 0x30, 0xff, 0x30, 0x30, 0x30, 0xff, 0x28, 0x2c, 0x28, 0xff,
    0x78, 0x7c, 0x80, 0xff, 0xc8, 0xcc, 0xc8, 0xff, 0xc8, 0xcc, 0xc8, 0xff,
    0xc8, 0xcc, 0xc8, 0xff, 0xc8, 0xcc, 0xc8, 0xff, 0xc8, 0xcc, 0xc8, 0xff,
    0xc8, 0xcc, 0xc8, 0xff, 0xc8, 0xcc, 0xd0, 0xff, 0xc8, 0xcc, 0xd0, 0xff,
    0xc8, 0xcc, 0xc8, 0xff, 0xc8, 0xcc, 0xc8, 0xff, 0xc8, 0xcc, 0xc8, 0xff,
    0xc8, 0xcc, 0xc8, 0xff, 0xc8, 0xcc, 0xd0, 0xff, 0xc8, 0xcc, 0xc8, 0xff,
    0xc8, 0xcc, 0xc8, 0xff, 0xc8, 0xcc, 0xd0, 0xff, 0xc8, 0xcc, 0xc8, 0xff,
    0xc8, 0xcc, 0xc8, 0xff, 0xc8, 0xcc, 0xd0, 0xff, 0xc8, 0xcc, 0xc8, 0xff,
    0xc8, 0xcc, 0xc8, 0xff, 0xc8, 0xcc, 0xc8, 0xff, 0xc8, 0xc8, 0xd0, 0xff,
    0xc8, 0xcc, 0xc8, 0xff, 0xd0, 0xcc, 0xc8, 0xff, 0xc8, 0xc8, 0xc8, 0xff,
    0xc8, 0xcc, 0xd0, 0xff, 0xd0, 0xcc, 0xc8, 0xff, 0xc8, 0xcc, 0xc8, 0xff,
    0xc8, 0xcc, 0xd0, 0xff, 0xc8, 0xc8, 0xc8, 0xff, 0xc8, 0xc8, 0xc8, 0xff,
    0xc8, 0xc8, 0xc8, 0xff, 0xc8, 0xcc, 0xc8, 0xff, 0xc8, 0xc8, 0xd0, 0xff,
    0xd0, 0xcc, 0xc8, 0xff, 0xc8, 0xc8, 0xd0, 0xff, 0xc8, 0xcc, 0xc8, 0xff,
    0xc8, 0xcc, 0xd0, 0xff, 0xd0, 0xcc, 0xd0, 0xff, 0xc8, 0xc8, 0xc8, 0xff,
    0x78, 0x7c, 0x80, 0xff, 0x30, 0x28, 0x28, 0xff, 0x28, 0x28, 0x28, 0xff,
    0x28, 0x28, 0x28, 0xff, 0x30, 0x28, 0x28, 0xff, 0x28, 0x28, 0x28, 0xff,
    0x28, 0x2c, 0x28, 0xff, 0x28, 0x28, 0x28, 0xff, 0x30, 0x28, 0x28, 0xff,
    0x28, 0x28, 0x28, 0xff, 0x28, 0x28, 0x28, 0xff, 0x30, 0x28, 0x28, 0xff,
    0x28, 0x28, 0x28, 0xff, 0x28, 0x28, 0x28, 0xff, 0x28, 0x28, 0x28, 0xff,
    0x28, 0x28, 0x28, 0xff, 0x28, 0x28, 0x28, 0xff, 0x28, 0x28, 0x28, 0xff,
    0x28, 0x28, 0x20, 0xff, 0x28, 0x28, 0x28, 0xff, 0x28, 0x28, 0x28, 0xff,
    0x28, 0x28, 0x20, 0xff, 0x30, 0x28, 0x28, 0xff, 0x28, 0x28, 0x20, 0xff,
    0x28, 0x28, 0x28, 0xff, 0x28, 0x24, 0x28, 0xff, 0x28, 0x28, 0x20, 0xff,
    0x28, 0x28, 0x28, 0xff, 0x30, 0x24, 0x28, 0xff, 0x28, 0x28, 0x20, 0xff,
    0x28, 0x28, 0x28, 0xff, 0x28, 0x24, 0x20, 0xff, 0x28, 0x28, 0x28, 0xff,
    0x28, 0x28, 0x20, 0xff, 0x28, 0x24, 0x28, 0xff, 0x28, 0x28, 0x28, 0xff,
    0x28, 0x28, 0x28, 0xff, 0x28, 0x24, 0x28, 0xff, 0x28, 0x28, 0x20, 0xff,
    0x28, 0x24, 0x28, 0xff, 0x28, 0x28, 0x20, 0xff, 0x28, 0x28, 0x28, 0xff,
    0x28, 0x24, 0x28, 0xff, 0x28, 0x28, 0x20, 0xff, 0x28, 0x24, 0x20, 0xff,
    0x28, 0x24, 0x28, 0xff, 0x28, 0x28, 0x20, 0xff, 0x28, 0x24, 0x20, 0xff,
    0x28, 0x24, 0x28, 0xff, 0x28, 0x28, 0x20, 0xff, 0x20, 0x24, 0x20, 0xff,
    0x28, 0x24, 0x28, 0xff, 0x28, 0x24, 0x28, 0xff, 0x28, 0x24, 0x28, 0xff,
    0x28, 0x24, 0x20, 0xff, 0x28, 0x28, 0x28, 0xff, 0x20, 0x24, 0x20, 0xff,
    0x28, 0x24, 0x20, 0xff, 0x28, 0x24, 0x28, 0xff, 0x28, 0x24, 0x28, 0xff,
    0x28, 0x28, 0x20, 0xff, 0x20, 0x24, 0x20, 0xff, 0x28, 0x24, 0x28, 0xff,
    0x28, 0x24, 0x20, 0xff, 0x28, 0x24, 0x28, 0xff, 0x28, 0x24, 0x28, 0xff,
    0x20, 0x24, 0x20, 0xff, 0x28, 0x24, 0x20, 0xff, 0x28, 0x24, 0x20, 0xff,
    0x28, 0x24, 0x28, 0xff, 0x20, 0x24, 0x20, 0xff, 0x28, 0x24, 0x28, 0xff,
    0x28, 0x24, 0x20, 0xff, 0x20, 0x24, 0x20, 0xff, 0x28, 0x24, 0x28, 0xff,
    0x20, 0x24, 0x20, 0xff, 0x28, 0x24, 0x20, 0xff, 0x20, 0x24, 0x20, 0xff,
    0x28, 0x24, 0x20, 0xff, 0x28, 0x24, 0x28, 0xff, 0x28, 0x28, 0x28, 0xff,
    0x28, 0x24, 0x20, 0xff, 0x28, 0x24, 0x28, 0xff, 0x28, 0x24, 0x20, 0xff,
    0x28, 0x24, 0x20, 0xff, 0x58, 0x58, 0x58, 0xff, 0xf8, 0xfc, 0xf8, 0x00,
    0xf8, 0xfc, 0xf8, 0x00, 0xf8, 0xfc, 0xf8, 0x00, 0xf8, 0xfc, 0xf8, 0x00,
    0x80, 0x7c, 0x78, 0xa2, 0x30, 0x30, 0x30, 0xff, 0x30, 0x30, 0x30, 0xff,
    0x30, 0x2c, 0x30, 0xff, 0x30, 0x2c, 0x28, 0xff, 0x30, 0x30, 0x30, 0xff,
    0x30, 0x2c, 0x28, 0xff, 0x30, 0x30, 0x30, 0xff, 0x30, 0x30, 0x30, 0xff,
    0x30, 0x2c, 0x28, 0xff, 0x30, 0x30, 0x30, 0xff, 0x30, 0x30, 0x28, 0xff,
    0x30, 0x2c, 0x30, 0xff, 0x30, 0x2c, 0x28, 0xff, 0x30, 0x2c, 0x28, 0xff,
    0x30, 0x30, 0x30, 0xff, 0x30, 0x2c, 0x30, 0xff, 0x30, 0x30, 0x28, 0xff,
    0x70, 0x70, 0x70, 0xff, 0xf8, 0xfc, 0xf8, 0xff, 0xf8, 0xfc, 0xf8, 0xff,
    0xf8, 0xfc, 0xf8, 0xff, 0xf8, 0xfc, 0xf8, 0xff, 0xf8, 0xfc, 0xf8, 0xff,
    0xf8, 0xfc, 0xf8, 0xff, 0xf8, 0xfc, 0xf8, 0xff, 0xf8, 0xfc, 0xf8, 0xff,
    0xf8, 0xfc, 0xf8, 0xff, 0xf8, 0xfc, 0xf8, 0xff, 0xf8, 0xfc, 0xf8, 0xff,
    0xf8, 0xfc, 0xf8, 0xff, 0xf8, 0xfc, 0xf8, 0xff, 0xf8, 0xfc, 0xf8, 0xff,
    0xf8, 0xfc, 0xf8, 0xff, 0xf8, 0xfc, 0xf8, 0xff, 0xf8, 0xfc, 0xf8, 0xff,
    0xf8, 0xfc, 0xf8, 0xff, 0xf8, 0xfc, 0xf8, 0xff, 0xf8, 0xfc, 0xf8, 0xff,
    0xf8, 0xfc, 0xf8, 0xff, 0xf8, 0xfc, 0xf8, 0xff, 0xf8, 0xfc, 0xf8, 0xff,
    0xf8, 0xfc, 0xf8, 0xff, 0xf8, 0xfc, 0xf8, 0xff, 0xf8, 0xfc, 0xf8, 0xff,
    0xf8, 0xfc, 0xf8, 0xff, 0xf8, 0xfc, 0xf8, 0xff, 0xf8, 0xfc, 0xf8, 0xff,
    0xf8, 0xfc, 0xf8, 0xff, 0xf8, 0xfc, 0xf8, 0xff, 0xf8, 0xfc, 0xf8, 0xff,
    0xf8, 0xfc, 0xf8, 0xff, 0xf8, 0xfc, 0xf8, 0xff, 0xf8, 0xfc, 0xf8, 0xff,
    0xf8, 0xfc, 0xf8, 0xff, 0xf8, 0xfc, 0xf8, 0xff, 0xf8, 0xfc, 0xf8, 0xff,
    0xf8, 0xfc, 0xf8, 0xff, 0xf8, 0xfc, 0xf8, 0xff, 0xf8, 0xfc, 0xf8, 0xff,
    0xf8, 0xfc, 0xf8, 0xff, 0xf8, 0xfc, 0xf8, 0xff, 0x70, 0x6c, 0x70, 0xff,
    0x28, 0x28, 0x28, 0xff, 0x28, 0x2c, 0x28, 0xff, 0x30, 0x28, 0x28, 0xff,
    0x28, 0x28, 0x28, 0xff, 0x30, 0x28, 0x28, 0xff, 0x28, 0x28, 0x28, 0xff,
    0x28, 0x28, 0x28, 0xff, 0x28, 0x2c, 0x28, 0xff, 0x28, 0x28, 0x28, 0xff,
    0x28, 0x28, 0x28, 0xff, 0x30, 0x28, 0x28, 0xff, 0x28, 0x28, 0x28, 0xff,
    0x30, 0x28, 0x28, 0xff, 0x28, 0x28, 0x28, 0xff, 0x28, 0x28, 0x28, 0xff,
    0x28, 0x28, 0x28, 0xff, 0x28, 0x28, 0x28, 0xff, 0x28, 0x28, 0x28, 0xff,
    0x30, 0x28, 0x28, 0xff, 0x28, 0x28, 0x28, 0xff, 0x28, 0x28, 0x28, 0xff,
    0x28, 0x28, 0x28, 0xff, 0x28, 0x28, 0x20, 0xff, 0x28, 0x24, 0x28, 0xff,
    0x28, 0x28, 0x28, 0xff, 0x28, 0x28, 0x28, 0xff, 0x28, 0x24, 0x28, 0xff,
    0x28, 0x24, 0x20, 0xff, 0x28, 0x28, 0x28, 0xff, 0x28, 0x24, 0x28, 0xff,
    0x28, 0x28, 0x20, 0xff, 0x28, 0x24, 0x28, 0xff, 0x28, 0x28, 0x28, 0xff,
    0x28, 0x28, 0x20, 0xff, 0x28, 0x24, 0x20, 0xff, 0x28, 0x28, 0x28, 0xff,
    0x28, 0x24, 0x28, 0xff, 0x28, 0x24, 0x20, 0xff, 0x28, 0x28, 0x28, 0xff,
    0x28, 0x24, 0x28, 0xff, 0x28, 0x24, 0x20, 0xff, 0x28, 0x28, 0x28, 0xff,
    0x28, 0x28, 0x28, 0xff, 0x28, 0x24, 0x28, 0xff, 0x28, 0x24, 0x20, 0xff,
    0x28, 0x24, 0x28, 0xff, 0x28, 0x24, 0x28, 0xff, 0x20, 0x24, 0x20, 0xff,
    0x28, 0x24, 0x20, 0xff, 0x28, 0x24, 0x28, 0xff, 0x28, 0x24, 0x20, 0xff,
    0x28, 0x24, 0x20, 0xff, 0x28, 0x24, 0x28, 0xff, 0x28, 0x24, 0x20, 0xff,
    0x28, 0x24, 0x20, 0xff, 0x28, 0x24, 0x28, 0xff, 0x28, 0x24, 0x20, 0xff,
    0x28, 0x24, 0x28, 0xff, 0x28, 0x24, 0x20, 0xff, 0x28, 0x24, 0x28, 0xff,
    0x28, 0x28, 0x28, 0xff, 0x20, 0x24, 0x20, 0xff, 0x28, 0x24, 0x20, 0xff,
    0x20, 0x24, 0x20, 0xff, 0x28, 0x24, 0x28, 0xff, 0x28, 0x24, 0x20, 0xff,
    0x20, 0x24, 0x20, 0xff, 0x28, 0x24, 0x28, 0xff, 0x28, 0x24, 0x28, 0xff,
    0x28, 0x24, 0x28, 0xff, 0x28, 0x28, 0x28, 0xff, 0x28, 0x24, 0x28, 0xff,
    0x28, 0x24, 0x20, 0xff, 0x28, 0x24, 0x20, 0xff, 0x28, 0x24, 0x28, 0xff,
    0x28, 0x24, 0x20, 0xff, 0x20, 0x24, 0x20, 0xff, 0x20, 0x24, 0x28, 0xff,
    0x28, 0x24, 0x20, 0xff, 0x28, 0x28, 0x28, 0xff, 0x28, 0x24, 0x28, 0xff,
    0x28, 0x24, 0x20, 0xff, 0x28, 0x28, 0x20, 0xff, 0x58, 0x58, 0x58, 0xff,
    0xf8, 0xfc, 0xf8, 0x00, 0xf8, 0xfc, 0xf8, 0x00, 0xf8, 0xfc, 0xf8, 0x00,
    0xf8, 0xfc, 0xf8, 0x00, 0x80, 0x7c, 0x80, 0x9e, 0x30, 0x30, 0x30, 0xff,
    0x30, 0x30, 0x30, 0xff, 0x30, 0x30, 0x30, 0xff, 0x30, 0x30, 0x30, 0xff,
    0x30, 0x2c, 0x28, 0xff, 0x30, 0x2c, 0x30, 0xff, 0x30, 0x2c, 0x28, 0xff,
    0x30, 0x30, 0x30, 0xff, 0x30, 0x2c, 0x30, 0xff, 0x30, 0x30, 0x30, 0xff,
    0x30, 0x30, 0x28, 0xff, 0x30, 0x30, 0x30, 0xff, 0x30, 0x30, 0x30, 0xff,
    0x30, 0x2c, 0x28, 0xff, 0x30, 0x2c, 0x30, 0xff, 0x30, 0x30, 0x28, 0xff,
    0x30, 0x2c, 0x28, 0xff, 0x58, 0x54, 0x58, 0xff, 0xf0, 0xf4, 0xf0, 0xff,
    0xf8, 0xfc, 0xf8, 0xff, 0xf8, 0xfc, 0xf8, 0xff, 0xf8, 0xfc, 0xf8, 0xff,
    0xf8, 0xfc, 0xf8, 0xff, 0xf8, 0xfc, 0xf8, 0xff, 0xf8, 0xfc, 0xf8, 0xff,
    0xf8, 0xfc, 0xf8, 0xff, 0xf8, 0xfc, 0xf8, 0xff, 0xf8, 0xfc, 0xf8, 0xff,
    0xf8, 0xfc, 0xf8, 0xff, 0xf8, 0xfc, 0xf8, 0xff, 0xf8, 0xfc, 0xf8, 0xff,
    0xf8, 0xfc, 0xf8, 0xff, 0xf8, 0xfc, 0xf8, 0xff, 0xf8, 0xfc, 0xf8, 0xff,
    0xf8, 0xfc, 0xf8, 0xff, 0xf8, 0xfc, 0xf8, 0xff, 0xf8, 0xfc, 0xf8, 0xff,
    0xf8, 0xfc, 0xf8, 0xff, 0xf8, 0xfc, 0xf8, 0xff, 0xf8, 0xfc, 0xf8, 0xff,
    0xf8, 0xfc, 0xf8, 0xff, 0xf8, 0xfc, 0xf8, 0xff, 0xf8, 0xfc, 0xf8, 0xff,
    0xf8, 0xfc, 0xf8, 0xff, 0xf8, 0xfc, 0xf8, 0xff, 0xf8, 0xfc, 0xf8, 0xff,
    0xf8, 0xfc, 0xf8, 0xff, 0xf8, 0xfc, 0xf8, 0xff, 0xf8, 0xfc, 0xf8, 0xff,
    0xf8, 0xfc, 0xf8, 0xff, 0xf8, 0xfc, 0xf8, 0xff, 0xf8, 0xfc, 0xf8, 0xff,
    0xf8, 0xfc, 0xf8, 0xff, 0xf8, 0xfc, 0xf8, 0xff, 0xf8, 0xfc, 0xf8, 0xff,
    0xf8, 0xfc, 0xf8, 0xff, 0xf8, 0xfc, 0xf8, 0xff, 0xf8, 0xfc, 0xf8, 0xff,
    0xf8, 0xfc, 0xf8, 0xff, 0xf8, 0xfc, 0xf8, 0xff, 0xf0, 0xf4, 0xf0, 0xff,
    0x50, 0x50, 0x50, 0xff, 0x30, 0x28, 0x28, 0xff, 0x28, 0x28, 0x28, 0xff,
    0x28, 0x2c, 0x28, 0xff, 0x30, 0x28, 0x28, 0xff, 0x28, 0x28, 0x28, 0xff,
    0x28, 0x2c, 0x28, 0xff, 0x30, 0x28, 0x28, 0xff, 0x28, 0x28, 0x28, 0xff,
    0x28, 0x28, 0x28, 0xff, 0x30, 0x28, 0x28, 0xff, 0x28, 0x28, 0x28, 0xff,
    0x28, 0x28, 0x28, 0xff, 0x28, 0x28, 0x28, 0xff, 0x28, 0x28, 0x28, 0xff,
    0x28, 0x28, 0x20, 0xff, 0x30, 0x28, 0x28, 0xff, 0x28, 0x28, 0x28, 0xff,
    0x28, 0x28, 0x20, 0xff, 0x28, 0x28, 0x28, 0xff, 0x28, 0x28, 0x28, 0xff,
    0x28, 0x24, 0x28, 0xff, 0x28, 0x28, 0x28, 0xff, 0x28, 0x28, 0x28, 0xff,
    0x30, 0x28, 0x20, 0xff, 0x28, 0x28, 0x28, 0xff, 0x28, 0x24, 0x20, 0xff,
    0x28, 0x28, 0x28, 0xff, 0x28, 0x28, 0x28, 0xff, 0x28, 0x24, 0x28, 0xff,
    0x28, 0x28, 0x28, 0xff, 0x28, 0x24, 0x20, 0xff, 0x28, 0x28, 0x28, 0xff,
    0x28, 0x28, 0x28, 0xff, 0x28, 0x24, 0x20, 0xff, 0x28, 0x24, 0x28, 0xff,
    0x28, 0x28, 0x28, 0xff, 0x28, 0x28, 0x20, 0xff, 0x28, 0x24, 0x28, 0xff,
    0x28, 0x24, 0x20, 0xff, 0x28, 0x28, 0x28, 0xff, 0x28, 0x24, 0x28, 0xff,
    0x28, 0x24, 0x20, 0xff, 0x28, 0x24, 0x20, 0xff, 0x28, 0x24, 0x28, 0xff,
    0x28, 0x28, 0x20, 0xff, 0x28, 0x24, 0x20, 0xff, 0x28, 0x28, 0x28, 0xff,
    0x28, 0x24, 0x20, 0xff, 0x28, 0x24, 0x20, 0xff, 0x28, 0x24, 0x20, 0xff,
    0x20, 0x24, 0x20, 0xff, 0x20, 0x24, 0x20, 0xff, 0x28, 0x24, 0x28, 0xff,
    0x28, 0x24, 0x20, 0xff, 0x20, 0x24, 0x20, 0xff, 0x28, 0x28, 0x28, 0xff,
    0x20, 0x24, 0x20, 0xff, 0x20, 0x24, 0x20, 0xff, 0x28, 0x24, 0x20, 0xff,
    0x28, 0x24, 0x28, 0xff, 0x28, 0x24, 0x20, 0xff, 0x28, 0x28, 0x28, 0xff,
    0x28, 0x24, 0x20, 0xff, 0x28, 0x24, 0x28, 0xff, 0x28, 0x24, 0x20, 0xff,
    0x28, 0x28, 0x28, 0xff, 0x28, 0x24, 0x28, 0xff, 0x28, 0x24, 0x20, 0xff,
    0x28, 0x24, 0x20, 0xff, 0x28, 0x24, 0x20, 0xff, 0x28, 0x24, 0x20, 0xff,
    0x28, 0x28, 0x28, 0xff, 0x28, 0x24, 0x20, 0xff, 0x28, 0x28, 0x28, 0xff,
    0x20, 0x24, 0x28, 0xff, 0x28, 0x24, 0x20, 0xff, 0x28, 0x24, 0x28, 0xff,
    0x28, 0x24, 0x20, 0xff, 0x28, 0x24, 0x20, 0xff, 0x20, 0x24, 0x20, 0xff,
    0x20, 0x24, 0x20, 0xff, 0x28, 0x24, 0x28, 0xff, 0x20, 0x24, 0x20, 0xff,
    0x58, 0x58, 0x58, 0xff, 0xf8, 0xfc, 0xf8, 0x00, 0xf8, 0xfc, 0xf8, 0x00,
    0xf8, 0xfc, 0xf8, 0x00, 0xf8, 0xfc, 0xf8, 0x00, 0x80, 0x7c, 0x78, 0x9e,
    0x30, 0x30, 0x30, 0xff, 0x30, 0x30, 0x28, 0xff, 0x30, 0x30, 0x30, 0xff,
    0x30, 0x30, 0x30, 0xff, 0x30, 0x30, 0x30, 0xff, 0x30, 0x2c, 0x30, 0xff,
    0x30, 0x30, 0x28, 0xff, 0x30, 0x2c, 0x30, 0xff, 0x30, 0x30, 0x30, 0xff,
    0x30, 0x2c, 0x28, 0xff, 0x30, 0x2c, 0x30, 0xff, 0x30, 0x30, 0x30, 0xff,
    0x30, 0x2c, 0x28, 0xff, 0x30, 0x30, 0x30, 0xff, 0x30, 0x30, 0x30, 0xff,
    0x28, 0x2c, 0x30, 0xff, 0x30, 0x2c, 0x28, 0xff, 0x30, 0x2c, 0x30, 0xff,
    0x48, 0x48, 0x48, 0xff, 0x60, 0x60, 0x60, 0xff, 0x60, 0x64, 0x60, 0xff,
    0x60, 0x60, 0x60, 0xff, 0x68, 0x60, 0x60, 0xff, 0x60, 0x60, 0x60, 0xff,
    0x60, 0x60, 0x60, 0xff, 0x68, 0x64, 0x60, 0xff, 0x60, 0x60, 0x60, 0xff,
    0x60, 0x64, 0x60, 0xff, 0x68, 0x60, 0x60, 0xff, 0x60, 0x60, 0x60, 0xff,
    0x60, 0x60, 0x60, 0xff, 0x68, 0x60, 0x60, 0xff, 0x60, 0x60, 0x60, 0xff,
    0x60, 0x60, 0x60, 0xff, 0x68, 0x60, 0x60, 0xff, 0x60, 0x60, 0x60, 0xff,
    0x60, 0x60, 0x60, 0xff, 0x68, 0x60, 0x60, 0xff, 0x60, 0x60, 0x60, 0xff,
    0x60, 0x60, 0x60, 0xff, 0x60, 0x60, 0x60, 0xff, 0x60, 0x60, 0x60, 0xff,
    0x60, 0x60, 0x60, 0xff, 0x60, 0x60, 0x60, 0xff, 0x60, 0x60, 0x60, 0xff,
    0x60, 0x60, 0x60, 0xff, 0x60, 0x60, 0x60, 0xff, 0x60, 0x60, 0x60, 0xff,
    0x60, 0x60, 0x60, 0xff, 0x60, 0x60, 0x60, 0xff, 0x60, 0x60, 0x60, 0xff,
    0x60, 0x60, 0x60, 0xff, 0x60, 0x60, 0x60, 0xff, 0x60, 0x60, 0x60, 0xff,
    0x60, 0x60, 0x60, 0xff, 0x60, 0x60, 0x60, 0xff, 0x60, 0x60, 0x60, 0xff,
    0x60, 0x60, 0x60, 0xff, 0x60, 0x60, 0x60, 0xff, 0x60, 0x60, 0x60, 0xff,
    0x48, 0x44, 0x40, 0xff, 0x28, 0x28, 0x28, 0xff, 0x28, 0x28, 0x28, 0xff,
    0x30, 0x28, 0x28, 0xff, 0x28, 0x2c, 0x28, 0xff, 0x28, 0x28, 0x28, 0xff,
    0x28, 0x28, 0x28, 0xff, 0x28, 0x28, 0x28, 0xff, 0x30, 0x28, 0x28, 0xff,
    0x28, 0x28, 0x28, 0xff, 0x28, 0x28, 0x28, 0xff, 0x28, 0x28, 0x28, 0xff,
    0x28, 0x28, 0x28, 0xff, 0x28, 0x28, 0x28, 0xff, 0x28, 0x28, 0x28, 0xff,
    0x28, 0x28, 0x20, 0xff, 0x28, 0x28, 0x28, 0xff, 0x30, 0x28, 0x28, 0xff,
    0x28, 0x28, 0x28, 0xff, 0x28, 0x28, 0x28, 0xff, 0x28, 0x28, 0x20, 0xff,
    0x28, 0x28, 0x28, 0xff, 0x28, 0x24, 0x20, 0xff, 0x28, 0x28, 0x28, 0xff,
    0x28, 0x28, 0x28, 0xff, 0x28, 0x24, 0x28, 0xff, 0x28, 0x28, 0x28, 0xff,
    0x28, 0x24, 0x20, 0xff, 0x28, 0x28, 0x28, 0xff, 0x28, 0x28, 0x28, 0xff,
    0x28, 0x28, 0x20, 0xff, 0x28, 0x28, 0x28, 0xff, 0x28, 0x24, 0x28, 0xff,
    0x28, 0x24, 0x20, 0xff, 0x28, 0x28, 0x28, 0xff, 0x28, 0x24, 0x28, 0xff,
    0x28, 0x28, 0x20, 0xff, 0x28, 0x24, 0x20, 0xff, 0x28, 0x28, 0x28, 0xff,
    0x28, 0x24, 0x28, 0xff, 0x28, 0x28, 0x20, 0xff, 0x28, 0x24, 0x20, 0xff,
    0x28, 0x24, 0x28, 0xff, 0x28, 0x28, 0x28, 0xff, 0x28, 0x24, 0x20, 0xff,
    0x28, 0x24, 0x28, 0xff, 0x28, 0x24, 0x28, 0xff, 0x20, 0x24, 0x20, 0xff,
    0x28, 0x24, 0x28, 0xff, 0x28, 0x24, 0x20, 0xff, 0x20, 0x24, 0x28, 0xff,
    0x28, 0x28, 0x28, 0xff, 0x28, 0x24, 0x20, 0xff, 0x28, 0x24, 0x28, 0xff,
    0x28, 0x28, 0x28, 0xff, 0x28, 0x24, 0x20, 0xff, 0x28, 0x24, 0x20, 0xff,
    0x28, 0x24, 0x28, 0xff, 0x28, 0x24, 0x28, 0xff, 0x28, 0x28, 0x20, 0xff,
    0x28, 0x24, 0x20, 0xff, 0x20, 0x24, 0x20, 0xff, 0x28, 0x24, 0x20, 0xff,
    0x28, 0x24, 0x28, 0xff, 0x28, 0x24, 0x28, 0xff, 0x20, 0x24, 0x20, 0xff,
    0x28, 0x24, 0x20, 0xff, 0x28, 0x24, 0x28, 0xff, 0x20, 0x24, 0x20, 0xff,
    0x28, 0x24, 0x20, 0xff, 0x28, 0x28, 0x28, 0xff, 0x20, 0x24, 0x20, 0xff,
    0x20, 0x24, 0x20, 0xff, 0x28, 0x24, 0x28, 0xff, 0x28, 0x24, 0x20, 0xff,
    0x28, 0x24, 0x28, 0xff, 0x28, 0x24, 0x20, 0xff, 0x28, 0x24, 0x20, 0xff,
    0x28, 0x24, 0x28, 0xff, 0x28, 0x24, 0x20, 0xff, 0x28, 0x24, 0x28, 0xff,
    0x28, 0x24, 0x28, 0xff, 0x28, 0x24, 0x20, 0xff, 0x28, 0x24, 0x20, 0xff,
    0x28, 0x24, 0x28, 0xff, 0x58, 0x58, 0x58, 0xff, 0xf8, 0xfc, 0xf8, 0x00,
    0xf8, 0xfc, 0xf8, 0x00, 0xf8, 0xfc, 0xf8, 0x00, 0xf8, 0xfc, 0xf8, 0x00,
    0x80, 0x7c, 0x78, 0xa2, 0x30, 0x2c, 0x30, 0xff, 0x30, 0x2c, 0x28, 0xff,
    0x30, 0x2c, 0x28, 0xff, 0x30, 0x2c, 0x30, 0xff, 0x30, 0x30, 0x30, 0xff,
    0x30, 0x30, 0x28, 0xff, 0x30, 0x2c, 0x30, 0xff, 0x30, 0x30, 0x28, 0xff,
    0x30, 0x30, 0x28, 0xff, 0x30, 0x2c, 0x30, 0xff, 0x30, 0x2c, 0x30, 0xff,
    0x30, 0x2c, 0x28, 0xff, 0x28, 0x2c, 0x28, 0xff, 0x30, 0x2c, 0x30, 0xff,
    0x30, 0x30, 0x30, 0xff, 0x30, 0x30, 0x28, 0xff, 0x30, 0x2c, 0x30, 0xff,
    0x30, 0x2c, 0x30, 0xff, 0x30, 0x2c, 0x28, 0xff, 0x30, 0x2c, 0x30, 0xff,
    0x30, 0x2c, 0x30, 0xff, 0x30, 0x2c, 0x28, 0xff, 0x30, 0x2c, 0x30, 0xff,
    0x30, 0x2c, 0x30, 0xff, 0x30, 0x2c, 0x28, 0xff, 0x30, 0x2c, 0x28, 0xff,
    0x30, 0x2c, 0x30, 0xff, 0x30, 0x2c, 0x28, 0xff, 0x30, 0x2c, 0x28, 0xff,
    0x30, 0x2c, 0x30, 0xff, 0x30, 0x2c, 0x28, 0xff, 0x30, 0x2c, 0x28, 0xff,
    0x30, 0x2c, 0x28, 0xff, 0x30, 0x2c, 0x28, 0xff, 0x30, 0x2c, 0x28, 0xff,
    0x30, 0x2c, 0x28, 0xff, 0x30, 0x2c, 0x28, 0xff, 0x30, 0x2c, 0x28, 0xff,
    0x30, 0x2c, 0x28, 0xff, 0x30, 0x2c, 0x28, 0xff, 0x30, 0x2c, 0x28, 0xff,
    0x30, 0x2c, 0x28, 0xff, 0x30, 0x2c, 0x28, 0xff, 0x30, 0x2c, 0x28, 0xff,
    0x30, 0x28, 0x28, 0xff, 0x30, 0x28, 0x28, 0xff, 0x30, 0x2c, 0x28, 0xff,
    0x30, 0x28, 0x28, 0xff, 0x30, 0x28, 0x28, 0xff, 0x30, 0x28, 0x28, 0xff,
    0x30, 0x28, 0x28, 0xff, 0x28, 0x28, 0x28, 0xff, 0x30, 0x28, 0x28, 0xff,
    0x30, 0x28, 0x28, 0xff, 0x28, 0x28, 0x28, 0xff, 0x30, 0x28, 0x28, 0xff,
    0x28, 0x28, 0x28, 0xff, 0x30, 0x28, 0x28, 0xff, 0x28, 0x28, 0x28, 0xff,
    0x28, 0x28, 0x28, 0xff, 0x28, 0x28, 0x28, 0xff, 0x28, 0x28, 0x28, 0xff,
    0x30, 0x28, 0x28, 0xff, 0x28, 0x28, 0x28, 0xff, 0x28, 0x28, 0x28, 0xff,
    0x30, 0x28, 0x28, 0xff, 0x28, 0x28, 0x28, 0xff, 0x28, 0x28, 0x28, 0xff,
    0x28, 0x28, 0x28, 0xff, 0x30, 0x28, 0x28, 0xff, 0x28, 0x28, 0x28, 0xff,
    0x30, 0x28, 0x28, 0xff, 0x28, 0x28, 0x28, 0xff, 0x30, 0x28, 0x28, 0xff,
    0x28, 0x28, 0x28, 0xff, 0x28, 0x28, 0x28, 0xff, 0x30, 0x28, 0x28, 0xff,
    0x28, 0x28, 0x20, 0xff, 0x28, 0x28, 0x28, 0xff, 0x28, 0x28, 0x28, 0xff,
    0x28, 0x24, 0x28, 0xff, 0x30, 0x28, 0x28, 0xff, 0x28, 0x28, 0x20, 0xff,
    0x28, 0x28, 0x28, 0xff, 0x28, 0x24, 0x20, 0xff, 0x28, 0x28, 0x28, 0xff,
    0x28, 0x24, 0x20, 0xff, 0x28, 0x28, 0x28, 0xff, 0x28, 0x24, 0x28, 0xff,
    0x28, 0x24, 0x20, 0xff, 0x28, 0x28, 0x20, 0xff, 0x28, 0x28, 0x28, 0xff,
    0x28, 0x24, 0x28, 0xff, 0x28, 0x28, 0x20, 0xff, 0x28, 0x24, 0x28, 0xff,
    0x28, 0x28, 0x28, 0xff, 0x28, 0x24, 0x20, 0xff, 0x28, 0x24, 0x28, 0xff,
    0x28, 0x24, 0x20, 0xff, 0x28, 0x28, 0x28, 0xff, 0x28, 0x28, 0x28, 0xff,
    0x28, 0x24, 0x20, 0xff, 0x28, 0x24, 0x20, 0xff, 0x28, 0x24, 0x28, 0xff,
    0x28, 0x28, 0x20, 0xff, 0x28, 0x24, 0x20, 0xff, 0x28, 0x24, 0x28, 0xff,
    0x28, 0x28, 0x20, 0xff, 0x20, 0x24, 0x20, 0xff, 0x28, 0x24, 0x28, 0xff,
    0x28, 0x24, 0x28, 0xff, 0x28, 0x24, 0x28, 0xff, 0x28, 0x24, 0x20, 0xff,
    0x28, 0x24, 0x28, 0xff, 0x20, 0x24, 0x20, 0xff, 0x28, 0x24, 0x28, 0xff,
    0x28, 0x24, 0x28, 0xff, 0x28, 0x24, 0x20, 0xff, 0x28, 0x24, 0x20, 0xff,
    0x28, 0x24, 0x28, 0xff, 0x28, 0x24, 0x28, 0xff, 0x20, 0x24, 0x20, 0xff,
    0x28, 0x24, 0x28, 0xff, 0x28, 0x24, 0x20, 0xff, 0x28, 0x28, 0x28, 0xff,
    0x28, 0x24, 0x20, 0xff, 0x20, 0x24, 0x20, 0xff, 0x28, 0x24, 0x28, 0xff,
    0x28, 0x24, 0x28, 0xff, 0x28, 0x28, 0x20, 0xff, 0x28, 0x24, 0x28, 0xff,
    0x28, 0x24, 0x28, 0xff, 0x28, 0x24, 0x20, 0xff, 0x28, 0x24, 0x20, 0xff,
    0x28, 0x24, 0x28, 0xff, 0x20, 0x24, 0x20, 0xff, 0x28, 0x24, 0x20, 0xff,
    0x20, 0x24, 0x20, 0xff, 0x28, 0x28, 0x28, 0xff, 0x28, 0x24, 0x28, 0xff,
    0x20, 0x24, 0x20, 0xff, 0x28, 0x24, 0x20, 0xff, 0x28, 0x28, 0x28, 0xff,
    0x28, 0x24, 0x20, 0xff, 0x28, 0x24, 0x28, 0xff, 0x58, 0x58, 0x58, 0xff,
    0xf8, 0xfc, 0xf8, 0x00, 0xf8, 0xfc, 0xf8, 0x00, 0xf8, 0xfc, 0xf8, 0x00,
    0xf8, 0xfc, 0xf8, 0x00, 0x78, 0x7c, 0x80, 0x9e, 0x30, 0x30, 0x30, 0xff,
    0x30, 0x30, 0x30, 0xff, 0x30, 0x30, 0x30, 0xff, 0x30, 0x30, 0x30, 0xff,
    0x30, 0x2c, 0x28, 0xff, 0x30, 0x2c, 0x30, 0xff, 0x30, 0x30, 0x30, 0xff,
    0x30, 0x2c, 0x30, 0xff, 0x30, 0x30, 0x30, 0xff, 0x30, 0x30, 0x28, 0xff,
    0x30, 0x30, 0x30, 0xff, 0x30, 0x30, 0x30, 0xff, 0x30, 0x2c, 0x28, 0xff,
    0x30, 0x2c, 0x30, 0xff, 0x30, 0x2c, 0x28, 0xff, 0x28, 0x2c, 0x28, 0xff,
    0x30, 0x2c, 0x30, 0xff, 0x30, 0x30, 0x28, 0xff, 0x38, 0x3c, 0x38, 0xff,
    0x60, 0x60, 0x60, 0xff, 0x60, 0x60, 0x60, 0xff, 0x60, 0x64, 0x60, 0xff,
    0x60, 0x64, 0x60, 0xff, 0x60, 0x64, 0x60, 0xff, 0x60, 0x60, 0x60, 0xff,
    0x60, 0x60, 0x60, 0xff, 0x60, 0x60, 0x60, 0xff, 0x60, 0x60, 0x60, 0xff,
    0x60, 0x60, 0x60, 0xff, 0x60, 0x60, 0x60, 0xff, 0x60, 0x64, 0x60, 0xff,
    0x60, 0x60, 0x60, 0xff, 0x60, 0x60, 0x60, 0xff, 0x60, 0x60, 0x60, 0xff,
    0x60, 0x60, 0x60, 0xff, 0x60, 0x60, 0x60, 0xff, 0x60, 0x60, 0x60, 0xff,
    0x60, 0x60, 0x60, 0xff, 0x60, 0x60, 0x60, 0xff, 0x60, 0x60, 0x60, 0xff,
    0x60, 0x60, 0x60, 0xff, 0x60, 0x5c, 0x60, 0xff, 0x60, 0x60, 0x60, 0xff,
    0x60, 0x60, 0x60, 0xff, 0x60, 0x60, 0x60, 0xff, 0x60, 0x60, 0x60, 0xff,
    0x60, 0x60, 0x60, 0xff, 0x60, 0x60, 0x60, 0xff, 0x60, 0x60, 0x60, 0xff,
    0x60, 0x60, 0x60, 0xff, 0x60, 0x60, 0x60, 0xff, 0x60, 0x60, 0x60, 0xff,
    0x60, 0x60, 0x60, 0xff, 0x60, 0x60, 0x60, 0xff, 0x60, 0x60, 0x60, 0xff,
    0x60, 0x60, 0x60, 0xff, 0x60, 0x60, 0x60, 0xff, 0x60, 0x60, 0x60, 0xff,
    0x60, 0x60, 0x60, 0xff, 0x60, 0x60, 0x60, 0xff, 0x38, 0x34, 0x38, 0xff,
    0x28, 0x28, 0x28, 0xff, 0x28, 0x28, 0x28, 0xff, 0x30, 0x2c, 0x28, 0xff,
    0x28, 0x28, 0x28, 0xff, 0x28, 0x28, 0x28, 0xff, 0x30, 0x2c, 0x28, 0xff,
    0x28, 0x28, 0x28, 0xff, 0x28, 0x28, 0x28, 0xff, 0x28, 0x28, 0x28, 0xff,
    0x28, 0x28, 0x28, 0xff, 0x28, 0x28, 0x28, 0xff, 0x28, 0x28, 0x20, 0xff,
    0x30, 0x28, 0x28, 0xff, 0x28, 0x28, 0x20, 0xff, 0x28, 0x28, 0x28, 0xff,
    0x28, 0x28, 0x28, 0xff, 0x28, 0x28, 0x28, 0xff, 0x28, 0x28, 0x20, 0xff,
    0x28, 0x28, 0x28, 0xff, 0x28, 0x24, 0x28, 0xff, 0x28, 0x28, 0x28, 0xff,
    0x28, 0x28, 0x28, 0xff, 0x28, 0x28, 0x28, 0xff, 0x28, 0x28, 0x28, 0xff,
    0x28, 0x24, 0x20, 0xff, 0x30, 0x28, 0x28, 0xff, 0x28, 0x28, 0x28, 0xff,
    0x28, 0x28, 0x28, 0xff, 0x28, 0x24, 0x28, 0xff, 0x28, 0x24, 0x28, 0xff,
    0x28, 0x28, 0x20, 0xff, 0x28, 0x28, 0x28, 0xff, 0x28, 0x24, 0x20, 0xff,
    0x28, 0x28, 0x28, 0xff, 0x28, 0x28, 0x28, 0xff, 0x28, 0x24, 0x28, 0xff,
    0x28, 0x28, 0x28, 0xff, 0x28, 0x24, 0x20, 0xff, 0x28, 0x24, 0x28, 0xff,
    0x28, 0x28, 0x28, 0xff, 0x28, 0x24, 0x20, 0xff, 0x28, 0x24, 0x28, 0xff,
    0x28, 0x24, 0x20, 0xff, 0x28, 0x24, 0x28, 0xff, 0x20, 0x28, 0x20, 0xff,
    0x28, 0x24, 0x28, 0xff, 0x28, 0x24, 0x20, 0xff, 0x28, 0x24, 0x28, 0xff,
    0x28, 0x28, 0x20, 0xff, 0x28, 0x24, 0x20, 0xff, 0x28, 0x24, 0x20, 0xff,
    0x28, 0x28, 0x28, 0xff, 0x28, 0x24, 0x20, 0xff, 0x28, 0x24, 0x20, 0xff,
    0x28, 0x28, 0x28, 0xff, 0x28, 0x24, 0x28, 0xff, 0x20, 0x24, 0x20, 0xff,
    0x28, 0x28, 0x28, 0xff, 0x28, 0x24, 0x28, 0xff, 0x28, 0x24, 0x20, 0xff,
    0x28, 0x28, 0x28, 0xff, 0x28, 0x24, 0x28, 0xff, 0x28, 0x24, 0x20, 0xff,
    0x28, 0x28, 0x28, 0xff, 0x28, 0x24, 0x28, 0xff, 0x28, 0x24, 0x20, 0xff,
    0x28, 0x24, 0x20, 0xff, 0x28, 0x24, 0x20, 0xff, 0x20, 0x24, 0x20, 0xff,
    0x28, 0x24, 0x20, 0xff, 0x28, 0x24, 0x28, 0xff, 0x28, 0x24, 0x20, 0xff,
    0x28, 0x28, 0x28, 0xff, 0x28, 0x24, 0x28, 0xff, 0x20, 0x24, 0x20, 0xff,
    0x28, 0x28, 0x28, 0xff, 0x28, 0x24, 0x28, 0xff, 0x28, 0x24, 0x20, 0xff,
    0x28, 0x24, 0x20, 0xff, 0x28, 0x24, 0x28, 0xff, 0x28, 0x28, 0x28, 0xff,
    0x20, 0x24, 0x20, 0xff, 0x28, 0x24, 0x20, 0xff, 0x28, 0x24, 0x28, 0xff,
    0x58, 0x58, 0x58, 0xff, 0xf8, 0xfc, 0xf8, 0x00, 0xf8, 0xfc, 0xf8, 0x00,
    0xf8, 0xfc, 0xf8, 0x00, 0xf8, 0xfc, 0xf8, 0x00, 0x80, 0x7c, 0x78, 0xa2,
    0x30, 0x30, 0x30, 0xff, 0x30, 0x2c, 0x28, 0xff, 0x30, 0x2c, 0x30, 0xff,
    0x30, 0x30, 0x28, 0xff, 0x30, 0x30, 0x30, 0xff, 0x30, 0x2c, 0x28, 0xff,
    0x30, 0x30, 0x30, 0xff, 0x30, 0x2c, 0x30, 0xff, 0x30, 0x2c, 0x28, 0xff,
    0x30, 0x2c, 0x30, 0xff, 0x30, 0x30, 0x30, 0xff, 0x30, 0x2c, 0x28, 0xff,
    0x28, 0x2c, 0x28, 0xff, 0x30, 0x30, 0x30, 0xff, 0x30, 0x30, 0x30, 0xff,
    0x30, 0x2c, 0x28, 0xff, 0x30, 0x2c, 0x30, 0xff, 0x38, 0x3c, 0x38, 0xff,
    0xd8, 0xd8, 0xd8, 0xff, 0xf8, 0xfc, 0xf8, 0xff, 0xf8, 0xfc, 0xf8, 0xff,
    0xf8, 0xfc, 0xf8, 0xff, 0xf8, 0xfc, 0xf8, 0xff, 0xf8, 0xfc, 0xf8, 0xff,
    0xf8, 0xfc, 0xf8, 0xff, 0xf8, 0xfc, 0xf8, 0xff, 0xf8, 0xfc, 0xf8, 0xff,
    0xf8, 0xfc, 0xf8, 0xff, 0xf8, 0xfc, 0xf8, 0xff, 0xf8, 0xfc, 0xf8, 0xff,
    0xf8, 0xfc, 0xf8, 0xff, 0xf8, 0xfc, 0xf8, 0xff, 0xf8, 0xfc, 0xf8, 0xff,
    0xf8, 0xfc, 0xf8, 0xff, 0xf8, 0xfc, 0xf8, 0xff, 0xf8, 0xfc, 0xf8, 0xff,
    0xf8, 0xfc, 0xf8, 0xff, 0xf8, 0xfc, 0xf8, 0xff, 0xf8, 0xfc, 0xf8, 0xff,
    0xf8, 0xfc, 0xf8, 0xff, 0xf8, 0xfc, 0xf8, 0xff, 0xf8, 0xfc, 0xf8, 0xff,
    0xf8, 0xfc, 0xf8, 0xff, 0xf8, 0xfc, 0xf8, 0xff, 0xf8, 0xfc, 0xf8, 0xff,
    0xf8, 0xfc, 0xf8, 0xff, 0xf8, 0xfc, 0xf8, 0xff, 0xf8, 0xfc, 0xf8, 0xff,
    0xf8, 0xfc, 0xf8, 0xff, 0xf8, 0xfc, 0xf8, 0xff, 0xf8, 0xfc, 0xf8, 0xff,
    0xf8, 0xfc, 0xf8, 0xff, 0xf8, 0xfc, 0xf8, 0xff, 0xf8, 0xfc, 0xf8, 0xff,
    0xf8, 0xfc, 0xf8, 0xff, 0xf8, 0xfc, 0xf8, 0xff, 0xf8, 0xfc, 0xf8, 0xff,
    0xf8, 0xfc, 0xf8, 0xff, 0xf8, 0xfc, 0xf8, 0xff, 0xf8, 0xfc, 0xf8, 0xff,
    0xd8, 0xd8, 0xd8, 0xff, 0x38, 0x34, 0x30, 0xff, 0x28, 0x28, 0x28, 0xff,
    0x28, 0x28, 0x28, 0xff, 0x28, 0x28, 0x28, 0xff, 0x28, 0x28, 0x28, 0xff,
    0x28, 0x28, 0x28, 0xff, 0x30, 0x28, 0x28, 0xff, 0x28, 0x28, 0x28, 0xff,
    0x28, 0x28, 0x28, 0xff, 0x30, 0x28, 0x28, 0xff, 0x28, 0x28, 0x20, 0xff,
    0x28, 0x28, 0x28, 0xff, 0x28, 0x28, 0x28, 0xff, 0x28, 0x28, 0x28, 0xff,
    0x28, 0x28, 0x28, 0xff, 0x28, 0x28, 0x28, 0xff, 0x28, 0x28, 0x28, 0xff,
    0x28, 0x28, 0x28, 0xff, 0x28, 0x28, 0x20, 0xff, 0x28, 0x28, 0x28, 0xff,
    0x28, 0x24, 0x20, 0xff, 0x28, 0x28, 0x28, 0xff, 0x28, 0x28, 0x28, 0xff,
    0x28, 0x24, 0x20, 0xff, 0x28, 0x28, 0x28, 0xff, 0x28, 0x24, 0x28, 0xff,
    0x28, 0x28, 0x20, 0xff, 0x28, 0x28, 0x28, 0xff, 0x28, 0x28, 0x20, 0xff,
    0x28, 0x24, 0x28, 0xff, 0x28, 0x24, 0x28, 0xff, 0x28, 0x28, 0x20, 0xff,
    0x28, 0x24, 0x20, 0xff, 0x28, 0x24, 0x28, 0xff, 0x28, 0x24, 0x20, 0xff,
    0x28, 0x28, 0x20, 0xff, 0x28, 0x24, 0x20, 0xff, 0x28, 0x24, 0x28, 0xff,
    0x28, 0x24, 0x20, 0xff, 0x28, 0x24, 0x20, 0xff, 0x28, 0x24, 0x28, 0xff,
    0x28, 0x28, 0x28, 0xff, 0x28, 0x24, 0x20, 0xff, 0x28, 0x24, 0x28, 0xff,
    0x28, 0x24, 0x28, 0xff, 0x28, 0x24, 0x20, 0xff, 0x28, 0x24, 0x28, 0xff,
    0x20, 0x24, 0x20, 0xff, 0x28, 0x24, 0x28, 0xff, 0x28, 0x24, 0x20, 0xff,
    0x20, 0x24, 0x20, 0xff, 0x28, 0x24, 0x28, 0xff, 0x20, 0x24, 0x20, 0xff,
    0x28, 0x24, 0x20, 0xff, 0x28, 0x28, 0x28, 0xff, 0x28, 0x24, 0x20, 0xff,
    0x20, 0x24, 0x20, 0xff, 0x28, 0x24, 0x20, 0xff, 0x28, 0x24, 0x20, 0xff,
    0x20, 0x24, 0x20, 0xff, 0x28, 0x24, 0x20, 0xff, 0x28, 0x24, 0x20, 0xff,
    0x20, 0x24, 0x20, 0xff, 0x28, 0x24, 0x28, 0xff, 0x28, 0x24, 0x20, 0xff,
    0x20, 0x24, 0x20, 0xff, 0x28, 0x24, 0x28, 0xff, 0x28, 0x24, 0x28, 0xff,
    0x20, 0x24, 0x20, 0xff, 0x28, 0x24, 0x28, 0xff, 0x28, 0x28, 0x28, 0xff,
    0x20, 0x24, 0x20, 0xff, 0x28, 0x24, 0x20, 0xff, 0x28, 0x24, 0x28, 0xff,
    0x28, 0x24, 0x20, 0xff, 0x28, 0x24, 0x28, 0xff, 0x28, 0x24, 0x28, 0xff,
    0x20, 0x24, 0x20, 0xff, 0x28, 0x24, 0x20, 0xff, 0x28, 0x24, 0x20, 0xff,
    0x28, 0x24, 0x28, 0xff, 0x28, 0x24, 0x20, 0xff, 0x20, 0x24, 0x20, 0xff,
    0x28, 0x24, 0x20, 0xff, 0x58, 0x58, 0x58, 0xff, 0xf8, 0xfc, 0xf8, 0x00,
    0xf8, 0xfc, 0xf8, 0x00, 0xf8, 0xfc, 0xf8, 0x00, 0xf8, 0xfc, 0xf8, 0x00,
    0x80, 0x7c, 0x78, 0x9e, 0x30, 0x30, 0x30, 0xff, 0x30, 0x2c, 0x30, 0xff,
    0x30, 0x2c, 0x28, 0xff, 0x30, 0x30, 0x30, 0xff, 0x30, 0x2c, 0x30, 0xff,
    0x30, 0x30, 0x28, 0xff, 0x30, 0x30, 0x28, 0xff, 0x30, 0x30, 0x30, 0xff,
    0x30, 0x2c, 0x28, 0xff, 0x30, 0x30, 0x30, 0xff, 0x30, 0x2c, 0x28, 0xff,
    0x30, 0x2c, 0x28, 0xff, 0x30, 0x2c, 0x30, 0xff, 0x30, 0x30, 0x30, 0xff,
    0x30, 0x2c, 0x28, 0xff, 0x30, 0x2c, 0x30, 0xff, 0x30, 0x2c, 0x28, 0xff,
    0x88, 0x88, 0x88, 0xff, 0xf8, 0xfc, 0xf8, 0xff, 0xf8, 0xfc, 0xf8, 0xff,
    0xf8, 0xfc, 0xf8, 0xff, 0xf8, 0xfc, 0xf8, 0xff, 0xf8, 0xfc, 0xf8, 0xff,
    0xf8, 0xfc, 0xf8, 0xff, 0xf8, 0xfc, 0xf8, 0xff, 0xf8, 0xfc, 0xf8, 0xff,
    0xf8, 0xfc, 0xf8, 0xff, 0xf8, 0xfc, 0xf8, 0xff, 0xf8, 0xfc, 0xf8, 0xff,
    0xf8, 0xfc, 0xf8, 0xff, 0xf8, 0xfc, 0xf8, 0xff, 0xf8, 0xfc, 0xf8, 0xff,
    0xf8, 0xfc, 0xf8, 0xff, 0xf8, 0xfc, 0xf8, 0xff, 0xf8, 0xfc, 0xf8, 0xff,
    0xf8, 0xfc, 0xf8, 0xff, 0xf8, 0xfc, 0xf8, 0xff, 0xf8, 0xfc, 0xf8, 0xff,
    0xf8, 0xfc, 0xf8, 0xff, 0xf8, 0xfc, 0xf8, 0xff, 0xf8, 0xfc, 0xf8, 0xff,
    0xf8, 0xfc, 0xf8, 0xff, 0xf8, 0xfc, 0xf8, 0xff, 0xf8, 0xfc, 0xf8, 0xff,
    0xf8, 0xfc, 0xf8, 0xff, 0xf8, 0xfc, 0xf8, 0xff, 0xf8, 0xfc, 0xf8, 0xff,
    0xf8, 0xfc, 0xf8, 0xff, 0xf8, 0xfc, 0xf8, 0xff, 0xf8, 0xfc, 0xf8, 0xff,
    0xf8, 0xfc, 0xf8, 0xff, 0xf8, 0xfc, 0xf8, 0xff, 0xf8, 0xfc, 0xf8, 0xff,
    0xf8, 0xfc, 0xf8, 0xff, 0xf8, 0xfc, 0xf8, 0xff, 0xf8, 0xfc, 0xf8, 0xff,
    0xf8, 0xfc, 0xf8, 0xff, 0xf8, 0xfc, 0xf8, 0xff, 0xf8, 0xfc, 0xf8, 0xff,
    0xf8, 0xfc, 0xf8, 0xff, 0xf8, 0xfc, 0xf8, 0xff, 0x88, 0x88, 0x88, 0xff,
    0x30, 0x28, 0x28, 0xff, 0x28, 0x28, 0x28, 0xff, 0x30, 0x28, 0x28, 0xff,
    0x28, 0x28, 0x28, 0xff, 0x28, 0x28, 0x28, 0xff, 0x28, 0x28, 0x28, 0xff,
    0x30, 0x28, 0x28, 0xff, 0x28, 0x28, 0x28, 0xff, 0x28, 0x28, 0x28, 0xff,
    0x28, 0x28, 0x28, 0xff, 0x28, 0x28, 0x28, 0xff, 0x28, 0x28, 0x28, 0xff,
    0x28, 0x28, 0x28, 0xff, 0x28, 0x28, 0x20, 0xff, 0x30, 0x28, 0x28, 0xff,
    0x28, 0x24, 0x28, 0xff, 0x28, 0x28, 0x28, 0xff, 0x28, 0x28, 0x28, 0xff,
    0x30, 0x24, 0x28, 0xff, 0x28, 0x28, 0x20, 0xff, 0x28, 0x24, 0x20, 0xff,
    0x28, 0x28, 0x28, 0xff, 0x28, 0x24, 0x20, 0xff, 0x28, 0x24, 0x28, 0xff,
    0x28, 0x28, 0x28, 0xff, 0x28, 0x24, 0x20, 0xff, 0x28, 0x24, 0x20, 0xff,
    0x28, 0x28, 0x28, 0xff, 0x28, 0x28, 0x20, 0xff, 0x28, 0x24, 0x28, 0xff,
    0x28, 0x24, 0x28, 0xff, 0x28, 0x28, 0x28, 0xff, 0x28, 0x24, 0x28, 0xff,
    0x28, 0x28, 0x20, 0xff, 0x28, 0x24, 0x20, 0xff, 0x28, 0x24, 0x28, 0xff,
    0x28, 0x28, 0x28, 0xff, 0x28, 0x24, 0x20, 0xff, 0x28, 0x24, 0x28, 0xff,
    0x28, 0x28, 0x20, 0xff, 0x28, 0x24, 0x20, 0xff, 0x28, 0x24, 0x28, 0xff,
    0x28, 0x28, 0x20, 0xff, 0x20, 0x24, 0x20, 0xff, 0x28, 0x24, 0x20, 0xff,
    0x28, 0x28, 0x28, 0xff, 0x28, 0x24, 0x20, 0xff, 0x28, 0x24, 0x20, 0xff,
    0x20, 0x24, 0x28, 0xff, 0x28, 0x24, 0x28, 0xff, 0x28, 0x24, 0x20, 0xff,
    0x28, 0x24, 0x20, 0xff, 0x20, 0x24, 0x28, 0xff, 0x28, 0x24, 0x20, 0xff,
    0x28, 0x24, 0x28, 0xff, 0x28, 0x24, 0x28, 0xff, 0x28, 0x24, 0x20, 0xff,
    0x28, 0x24, 0x28, 0xff, 0x20, 0x24, 0x28, 0xff, 0x28, 0x24, 0x20, 0xff,
    0x28, 0x24, 0x28, 0xff, 0x20, 0x24, 0x20, 0xff, 0x28, 0x28, 0x28, 0xff,
    0x28, 0x24, 0x20, 0xff, 0x28, 0x24, 0x28, 0xff, 0x28, 0x28, 0x28, 0xff,
    0x28, 0x24, 0x20, 0xff, 0x28, 0x24, 0x28, 0xff, 0x28, 0x24, 0x20, 0xff,
    0x28, 0x24, 0x20, 0xff, 0x20, 0x24, 0x20, 0xff, 0x28, 0x24, 0x28, 0xff,
    0x28, 0x24, 0x20, 0xff, 0x28, 0x28, 0x20, 0xff, 0x28, 0x24, 0x20, 0xff,
    0x28, 0x24, 0x20, 0xff, 0x28, 0x28, 0x28, 0xff, 0x28, 0x24, 0x28, 0xff,
    0x28, 0x24, 0x20, 0xff, 0x20, 0x24, 0x20, 0xff, 0x28, 0x24, 0x28, 0xff,
    0x28, 0x24, 0x28, 0xff, 0x28, 0x28, 0x20, 0xff, 0x58, 0x58, 0x58, 0xff,
    0xf8, 0xfc, 0xf8, 0x00, 0xf8, 0xfc, 0xf8, 0x00, 0xf8, 0xfc, 0xf8, 0x00,
    0xf8, 0xfc, 0xf8, 0x00, 0x80, 0x7c, 0x78, 0xa2, 0x30, 0x30, 0x30, 0xff,
    0x30, 0x30, 0x30, 0xff, 0x30, 0x30, 0x30, 0xff, 0x30, 0x2c, 0x28, 0xff,
    0x30, 0x2c, 0x30, 0xff, 0x30, 0x2c, 0x30, 0xff, 0x30, 0x30, 0x30, 0xff,
    0x28, 0x2c, 0x30, 0xff, 0x30, 0x30, 0x30, 0xff, 0x30, 0x30, 0x28, 0xff,
    0x28, 0x2c, 0x30, 0xff, 0x30, 0x30, 0x30, 0xff, 0x30, 0x2c, 0x28, 0xff,
    0x28, 0x2c, 0x28, 0xff, 0x30, 0x2c, 0x30, 0xff, 0x28, 0x2c, 0x28, 0xff,
    0x30, 0x30, 0x30, 0xff, 0x30, 0x2c, 0x30, 0xff, 0xa0, 0xa4, 0xa0, 0xff,
    0xc8, 0xcc, 0xc8, 0xff, 0xd0, 0xcc, 0xd0, 0xff, 0xc8, 0xcc, 0xc8, 0xff,
    0xd0, 0xcc, 0xc8, 0xff, 0xc8, 0xcc, 0xd0, 0xff, 0xd0, 0xcc, 0xc8, 0xff,
    0xc8, 0xcc, 0xc8, 0xff, 0xd0, 0xcc, 0xd0, 0xff, 0xc8, 0xcc, 0xc8, 0xff,
    0xc8, 0xcc, 0xc8, 0xff, 0xd0, 0xcc, 0xd0, 0xff, 0xc8, 0xcc, 0xc8, 0xff,
    0xc8, 0xcc, 0xd0, 0xff, 0xd0, 0xcc, 0xc8, 0xff, 0xc8, 0xcc, 0xc8, 0xff,
    0xc8, 0xcc, 0xc8, 0xff, 0xc8, 0xcc, 0xd0, 0xff, 0xc8, 0xcc, 0xc8, 0xff,
    0xc8, 0xcc, 0xc8, 0xff, 0xc8, 0xc8, 0xc8, 0xff, 0xc8, 0xc8, 0xc8, 0xff,
    0xc8, 0xc8, 0xc8, 0xff, 0xc8, 0xcc, 0xc8, 0xff, 0xc8, 0xcc, 0xc8, 0xff,
    0xc8, 0xcc, 0xc8, 0xff, 0xc8, 0xcc, 0xc8, 0xff, 0xc8, 0xc8, 0xc8, 0xff,
    0xc8, 0xc8, 0xc8, 0xff, 0xc8, 0xc8, 0xc8, 0xff, 0xc8, 0xc8, 0xc8, 0xff,
    0xc8, 0xcc, 0xc8, 0xff, 0xc8, 0xc8, 0xc8, 0xff, 0xc8, 0xc8, 0xc8, 0xff,
    0xc8, 0xcc, 0xc8, 0xff, 0xc8, 0xc8, 0xc8, 0xff, 0xc8, 0xc8, 0xc8, 0xff,
    0xc8, 0xcc, 0xc8, 0xff, 0xc8, 0xc8, 0xc8, 0xff, 0xc8, 0xc8, 0xc8, 0xff,
    0xd0, 0xcc, 0xc8, 0xff, 0xc8, 0xc8, 0xc8, 0xff, 0xa0, 0xa0, 0xa0, 0xff,
    0x28, 0x28, 0x28, 0xff, 0x28, 0x28, 0x28, 0xff, 0x30, 0x2c, 0x28, 0xff,
    0x28, 0x28, 0x28, 0xff, 0x28, 0x2c, 0x28, 0xff, 0x30, 0x28, 0x28, 0xff,
    0x28, 0x28, 0x28, 0xff, 0x28, 0x28, 0x28, 0xff, 0x28, 0x28, 0x28, 0xff,
    0x28, 0x28, 0x28, 0xff, 0x28, 0x28, 0x28, 0xff, 0x28, 0x28, 0x20, 0xff,
    0x30, 0x28, 0x28, 0xff, 0x28, 0x28, 0x28, 0xff, 0x28, 0x28, 0x28, 0xff,
    0x28, 0x28, 0x20, 0xff, 0x28, 0x28, 0x28, 0xff, 0x28, 0x24, 0x20, 0xff,
    0x28, 0x28, 0x28, 0xff, 0x28, 0x28, 0x28, 0xff, 0x28, 0x28, 0x28, 0xff,
    0x28, 0x24, 0x28, 0xff, 0x28, 0x28, 0x28, 0xff, 0x28, 0x28, 0x28, 0xff,
    0x28, 0x28, 0x28, 0xff, 0x28, 0x28, 0x28, 0xff, 0x28, 0x24, 0x28, 0xff,
    0x28, 0x24, 0x28, 0xff, 0x28, 0x28, 0x28, 0xff, 0x28, 0x24, 0x20, 0xff,
    0x28, 0x28, 0x28, 0xff, 0x28, 0x28, 0x20, 0xff, 0x28, 0x24, 0x28, 0xff,
    0x28, 0x28, 0x28, 0xff, 0x28, 0x28, 0x28, 0xff, 0x28, 0x24, 0x28, 0xff,
    0x28, 0x24, 0x20, 0xff, 0x28, 0x28, 0x28, 0xff, 0x28, 0x24, 0x28, 0xff,
    0x28, 0x24, 0x20, 0xff, 0x20, 0x24, 0x20, 0xff, 0x28, 0x24, 0x28, 0xff,
    0x20, 0x24, 0x20, 0xff, 0x28, 0x24, 0x28, 0xff, 0x28, 0x24, 0x20, 0xff,
    0x28, 0x24, 0x28, 0xff, 0x28, 0x24, 0x28, 0xff, 0x20, 0x24, 0x20, 0xff,
    0x28, 0x24, 0x28, 0xff, 0x28, 0x28, 0x20, 0xff, 0x28, 0x24, 0x20, 0xff,
    0x28, 0x24, 0x28, 0xff, 0x28, 0x28, 0x28, 0xff, 0x28, 0x24, 0x20, 0xff,
    0x28, 0x24, 0x20, 0xff, 0x28, 0x24, 0x20, 0xff, 0x20, 0x24, 0x28, 0xff,
    0x28, 0x24, 0x20, 0xff, 0x28, 0x28, 0x28, 0xff, 0x28, 0x24, 0x20, 0xff,
    0x28, 0x24, 0x20, 0xff, 0x28, 0x24, 0x28, 0xff, 0x28, 0x24, 0x20, 0xff,
    0x28, 0x24, 0x28, 0xff, 0x28, 0x24, 0x20, 0xff, 0x20, 0x24, 0x20, 0xff,
    0x28, 0x24, 0x28, 0xff, 0x28, 0x24, 0x20, 0xff, 0x20, 0x24, 0x20, 0xff,
    0x28, 0x28, 0x28, 0xff, 0x28, 0x24, 0x20, 0xff, 0x28, 0x24, 0x28, 0xff,
    0x28, 0x24, 0x28, 0xff, 0x28, 0x28, 0x28, 0xff, 0x20, 0x24, 0x20, 0xff,
    0x20, 0x24, 0x20, 0xff, 0x28, 0x24, 0x28, 0xff, 0x28, 0x24, 0x20, 0xff,
    0x20, 0x24, 0x20, 0xff, 0x28, 0x24, 0x28, 0xff, 0x28, 0x28, 0x28, 0xff,
    0x28, 0x24, 0x20, 0xff, 0x28, 0x24, 0x28, 0xff, 0x28, 0x24, 0x28, 0xff,
    0x58, 0x58, 0x58, 0xff, 0xf8, 0xfc, 0xf8, 0x00, 0xf8, 0xfc, 0xf8, 0x00,
    0xf8, 0xfc, 0xf8, 0x00, 0xf8, 0xfc, 0xf8, 0x00, 0x78, 0x7c, 0x80, 0x9e,
    0x30, 0x30, 0x30, 0xff, 0x30, 0x2c, 0x28, 0xff, 0x30, 0x30, 0x30, 0xff,
    0x30, 0x30, 0x28, 0xff, 0x28, 0x2c, 0x30, 0xff, 0x30, 0x2c, 0x28, 0xff,
    0x30, 0x2c, 0x28, 0xff, 0x30, 0x2c, 0x30, 0xff, 0x28, 0x2c, 0x28, 0xff,
    0x30, 0x2c, 0x28, 0xff, 0x30, 0x2c, 0x30, 0xff, 0x30, 0x2c, 0x30, 0xff,
    0x30, 0x2c, 0x28, 0xff, 0x30, 0x30, 0x30, 0xff, 0x30, 0x2c, 0x30, 0xff,
    0x30, 0x2c, 0x28, 0xff, 0x30, 0x30, 0x28, 0xff, 0x30, 0x2c, 0x30, 0xff,
    0x30, 0x2c, 0x30, 0xff, 0x30, 0x2c, 0x28, 0xff, 0x30, 0x2c, 0x28, 0xff,
    0x30, 0x2c, 0x30, 0xff, 0x30, 0x2c, 0x28, 0xff, 0x30, 0x2c, 0x28, 0xff,
    0x30, 0x2c, 0x30, 0xff, 0x30, 0x2c, 0x28, 0xff, 0x30, 0x2c, 0x30, 0xff,
    0x30, 0x2c, 0x28, 0xff, 0x30, 0x2c, 0x28, 0xff, 0x30, 0x2c, 0x28, 0xff,
    0x30, 0x2c, 0x28, 0xff, 0x30, 0x2c, 0x28, 0xff, 0x30, 0x2c, 0x30, 0xff,
    0x30, 0x2c, 0x28, 0xff, 0x30, 0x28, 0x28, 0xff, 0x30, 0x2c, 0x28, 0xff,
    0x30, 0x2c, 0x30, 0xff, 0x30, 0x2c, 0x28, 0xff, 0x30, 0x2c, 0x30, 0xff,
    0x30, 0x28, 0x28, 0xff, 0x30, 0x2c, 0x28, 0xff, 0x30, 0x28, 0x28, 0xff,
    0x30, 0x28, 0x28, 0xff, 0x28, 0x28, 0x28, 0xff, 0x30, 0x28, 0x28, 0xff,
    0x30, 0x2c, 0x28, 0xff, 0x28, 0x2c, 0x28, 0xff, 0x30, 0x28, 0x28, 0xff,
    0x30, 0x2c, 0x28, 0xff, 0x30, 0x2c, 0x28, 0xff, 0x30, 0x28, 0x28, 0xff,
    0x30, 0x28, 0x28, 0xff, 0x28, 0x28, 0x28, 0xff, 0x30, 0x28, 0x28, 0xff,
    0x28, 0x28, 0x28, 0xff, 0x28, 0x28, 0x28, 0xff, 0x30, 0x28, 0x28, 0xff,
    0x28, 0x28, 0x28, 0xff, 0x28, 0x28, 0x28, 0xff, 0x28, 0x28, 0x28, 0xff,
    0x30, 0x28, 0x28, 0xff, 0x28, 0x28, 0x28, 0xff, 0x28, 0x28, 0x28, 0xff,
    0x28, 0x28, 0x28, 0xff, 0x28, 0x28, 0x28, 0xff, 0x28, 0x28, 0x28, 0xff,
    0x30, 0x28, 0x28, 0xff, 0x28, 0x28, 0x28, 0xff, 0x28, 0x28, 0x28, 0xff,
    0x28, 0x28, 0x20, 0xff, 0x30, 0x28, 0x28, 0xff, 0x28, 0x28, 0x28, 0xff,
    0x28, 0x28, 0x28, 0xff, 0x28, 0x28, 0x20, 0xff, 0x28, 0x28, 0x28, 0xff,
    0x28, 0x28, 0x28, 0xff, 0x28, 0x28, 0x28, 0xff, 0x28, 0x28, 0x28, 0xff,
    0x30, 0x28, 0x28, 0xff, 0x28, 0x24, 0x20, 0xff, 0x28, 0x28, 0x28, 0xff,
    0x28, 0x24, 0x20, 0xff, 0x28, 0x24, 0x28, 0xff, 0x30, 0x28, 0x28, 0xff,
    0x28, 0x24, 0x20, 0xff, 0x48, 0x44, 0x40, 0xff, 0x48, 0x44, 0x40, 0xff,
    0x48, 0x44, 0x40, 0xff, 0x48, 0x44, 0x40, 0xff, 0x38, 0x34, 0x30, 0xff,
    0x28, 0x24, 0x28, 0xff, 0x28, 0x24, 0x28, 0xff, 0x28, 0x28, 0x20, 0xff,
    0x28, 0x24, 0x20, 0xff, 0x28, 0x24, 0x28, 0xff, 0x48, 0x44, 0x40, 0xff,
    0x28, 0x24, 0x20, 0xff, 0x28, 0x28, 0x28, 0xff, 0x50, 0x50, 0x50, 0xff,
    0x50, 0x50, 0x50, 0xff, 0x28, 0x28, 0x28, 0xff, 0x28, 0x24, 0x20, 0xff,
    0x28, 0x24, 0x28, 0xff, 0x28, 0x24, 0x20, 0xff, 0x20, 0x24, 0x20, 0xff,
    0x28, 0x24, 0x28, 0xff, 0x28, 0x28, 0x20, 0xff, 0x20, 0x24, 0x20, 0xff,
    0x28, 0x24, 0x28, 0xff, 0x28, 0x24, 0x28, 0xff, 0x28, 0x24, 0x20, 0xff,
    0x28, 0x24, 0x20, 0xff, 0x28, 0x24, 0x28, 0xff, 0x20, 0x24, 0x20, 0xff,
    0x28, 0x24, 0x28, 0xff, 0x28, 0x24, 0x20, 0xff, 0x30, 0x34, 0x30, 0xff,
    0x30, 0x34, 0x30, 0xff, 0x28, 0x24, 0x20, 0xff, 0x28, 0x24, 0x20, 0xff,
    0x20, 0x24, 0x28, 0xff, 0x28, 0x24, 0x28, 0xff, 0x28, 0x24, 0x20, 0xff,
    0x28, 0x24, 0x28, 0xff, 0x20, 0x24, 0x20, 0xff, 0x28, 0x28, 0x28, 0xff,
    0x28, 0x24, 0x20, 0xff, 0x28, 0x24, 0x28, 0xff, 0x28, 0x24, 0x20, 0xff,
    0x28, 0x24, 0x20, 0xff, 0x20, 0x24, 0x28, 0xff, 0x28, 0x24, 0x28, 0xff,
    0x28, 0x24, 0x20, 0xff, 0x20, 0x24, 0x20, 0xff, 0x28, 0x24, 0x28, 0xff,
    0x28, 0x24, 0x28, 0xff, 0x28, 0x24, 0x20, 0xff, 0x28, 0x24, 0x20, 0xff,
    0x20, 0x24, 0x28, 0xff, 0x28, 0x24, 0x20, 0xff, 0x28, 0x24, 0x28, 0xff,
    0x28, 0x24, 0x20, 0xff, 0x20, 0x24, 0x20, 0xff, 0x28, 0x24, 0x20, 0xff,
    0x28, 0x24, 0x20, 0xff, 0x58, 0x58, 0x58, 0xff, 0xf8, 0xfc, 0xf8, 0x00,
    0xf8, 0xfc, 0xf8, 0x00, 0xf8, 0xfc, 0xf8, 0x00, 0xf8, 0xfc, 0xf8, 0x00,
    0x80, 0x7c, 0x78, 0x9e, 0x30, 0x2c, 0x30, 0xff, 0x30, 0x2c, 0x28, 0xff,
    0x30, 0x30, 0x30, 0xff, 0x30, 0x30, 0x30, 0xff, 0x30, 0x30, 0x28, 0xff,
    0x30, 0x30, 0x30, 0xff, 0x30, 0x2c, 0x28, 0xff, 0x30, 0x2c, 0x28, 0xff,
    0x30, 0x30, 0x30, 0xff, 0x30, 0x2c, 0x28, 0xff, 0x30, 0x2c, 0x30, 0xff,
    0x28, 0x2c, 0x28, 0xff, 0x30, 0x30, 0x28, 0xff, 0x30, 0x2c, 0x30, 0xff,
    0x28, 0x2c, 0x28, 0xff, 0x30, 0x2c, 0x30, 0xff, 0x28, 0x2c, 0x28, 0xff,
    0x30, 0x2c, 0x28, 0xff, 0x30, 0x2c, 0x30, 0xff, 0x28, 0x2c, 0x28, 0xff,
    0x28, 0x2c, 0x28, 0xff, 0x30, 0x2c, 0x30, 0xff, 0x28, 0x2c, 0x28, 0xff,
    0x30, 0x2c, 0x30, 0xff, 0x30, 0x2c, 0x28, 0xff, 0x28, 0x2c, 0x28, 0xff,
    0x28, 0x2c, 0x30, 0xff, 0x30, 0x2c, 0x30, 0xff, 0x28, 0x2c, 0x28, 0xff,
    0x30, 0x2c, 0x30, 0xff, 0x28, 0x28, 0x28, 0xff, 0x30, 0x2c, 0x28, 0xff,
    0x28, 0x2c, 0x28, 0xff, 0x30, 0x28, 0x30, 0xff, 0x30, 0x2c, 0x28, 0xff,
    0x28, 0x2c, 0x28, 0xff, 0x28, 0x28, 0x28, 0xff, 0x30, 0x2c, 0x28, 0xff,
    0x28, 0x2c, 0x28, 0xff, 0x30, 0x28, 0x28, 0xff, 0x28, 0x2c, 0x30, 0xff,
    0x30, 0x2c, 0x28, 0xff, 0x30, 0x28, 0x30, 0xff, 0x28, 0x2c, 0x28, 0xff,
    0x28, 0x28, 0x28, 0xff, 0x30, 0x2c, 0x30, 0xff, 0x28, 0x28, 0x28, 0xff,
    0x28, 0x2c, 0x28, 0xff, 0x28, 0x28, 0x30, 0xff, 0x28, 0x2c, 0x28, 0xff,
    0x28, 0x2c, 0x28, 0xff, 0x30, 0x2c, 0x28, 0xff, 0x28, 0x28, 0x28, 0xff,
    0x30, 0x28, 0x28, 0xff, 0x28, 0x2c, 0x28, 0xff, 0x28, 0x28, 0x28, 0xff,
    0x30, 0x28, 0x28, 0xff, 0x28, 0x28, 0x28, 0xff, 0x28, 0x2c, 0x28, 0xff,
    0x30, 0x28, 0x28, 0xff, 0x28, 0x28, 0x28, 0xff, 0x30, 0x2c, 0x28, 0xff,
    0x28, 0x28, 0x28, 0xff, 0x30, 0x28, 0x28, 0xff, 0x28, 0x28, 0x28, 0xff,
    0x28, 0x28, 0x28, 0xff, 0x28, 0x28, 0x28, 0xff, 0x28, 0x28, 0x20, 0xff,
    0x28, 0x28, 0x28, 0xff, 0x28, 0x28, 0x28, 0xff, 0x28, 0x28, 0x28, 0xff,
    0x30, 0x28, 0x28, 0xff, 0x28, 0x28, 0x28, 0xff, 0x28, 0x28, 0x28, 0xff,
    0x28, 0x24, 0x20, 0xff, 0x30, 0x28, 0x28, 0xff, 0x28, 0x24, 0x28, 0xff,
    0x28, 0x28, 0x20, 0xff, 0x28, 0x28, 0x28, 0xff, 0x28, 0x28, 0x28, 0xff,
    0x28, 0x28, 0x28, 0xff, 0x28, 0x24, 0x20, 0xff, 0x28, 0x28, 0x28, 0xff,
    0x28, 0x28, 0x20, 0xff, 0x48, 0x44, 0x40, 0xff, 0xf8, 0xfc, 0xf8, 0xff,
    0xf8, 0xfc, 0xf8, 0xff, 0xf8, 0xfc, 0xf8, 0xff, 0xf8, 0xfc, 0xf8, 0xff,
    0xf0, 0xf0, 0xf0, 0xff, 0xc8, 0xc4, 0xc8, 0xff, 0x58, 0x50, 0x50, 0xff,
    0x28, 0x28, 0x28, 0xff, 0x28, 0x24, 0x20, 0xff, 0x48, 0x40, 0x40, 0xff,
    0xf8, 0xfc, 0xf8, 0xff, 0x80, 0x7c, 0x78, 0xff, 0x28, 0x24, 0x28, 0xff,
    0xe0, 0xe4, 0xe0, 0xff, 0xf0, 0xf0, 0xf0, 0xff, 0x38, 0x34, 0x30, 0xff,
    0x28, 0x24, 0x20, 0xff, 0x28, 0x24, 0x28, 0xff, 0x28, 0x24, 0x20, 0xff,
    0x28, 0x28, 0x28, 0xff, 0x28, 0x24, 0x28, 0xff, 0x28, 0x24, 0x20, 0xff,
    0x28, 0x28, 0x20, 0xff, 0x28, 0x24, 0x20, 0xff, 0x28, 0x24, 0x20, 0xff,
    0x20, 0x24, 0x28, 0xff, 0x28, 0x24, 0x20, 0xff, 0x28, 0x24, 0x20, 0xff,
    0x28, 0x24, 0x28, 0xff, 0x28, 0x28, 0x28, 0xff, 0x28, 0x24, 0x28, 0xff,
    0xa8, 0xa8, 0xa8, 0xff, 0xe0, 0xe4, 0xe0, 0xff, 0x28, 0x24, 0x28, 0xff,
    0x28, 0x24, 0x28, 0xff, 0x28, 0x24, 0x20, 0xff, 0x20, 0x24, 0x20, 0xff,
    0x28, 0x24, 0x20, 0xff, 0x28, 0x24, 0x20, 0xff, 0x28, 0x24, 0x20, 0xff,
    0x28, 0x24, 0x28, 0xff, 0x28, 0x24, 0x20, 0xff, 0x20, 0x24, 0x20, 0xff,
    0x28, 0x24, 0x28, 0xff, 0x28, 0x24, 0x20, 0xff, 0x28, 0x24, 0x20, 0xff,
    0x28, 0x24, 0x20, 0xff, 0x28, 0x24, 0x28, 0xff, 0x28, 0x24, 0x20, 0xff,
    0x28, 0x24, 0x20, 0xff, 0x28, 0x24, 0x20, 0xff, 0x28, 0x24, 0x28, 0xff,
    0x28, 0x24, 0x20, 0xff, 0x28, 0x24, 0x28, 0xff, 0x28, 0x24, 0x20, 0xff,
    0x28, 0x24, 0x20, 0xff, 0x20, 0x24, 0x28, 0xff, 0x28, 0x28, 0x28, 0xff,
    0x28, 0x24, 0x20, 0xff, 0x28, 0x24, 0x20, 0xff, 0x58, 0x58, 0x58, 0xff,
    0xf8, 0xfc, 0xf8, 0x00, 0xf8, 0xfc, 0xf8, 0x00, 0xf8, 0xfc, 0xf8, 0x00,
    0xf8, 0xfc, 0xf8, 0x00, 0x80, 0x7c, 0x78, 0xa2, 0x30, 0x30, 0x30, 0xff,
    0x30, 0x30, 0x30, 0xff, 0x30, 0x2c, 0x28, 0xff, 0x28, 0x2c, 0x30, 0xff,
    0x30, 0x2c, 0x30, 0xff, 0x30, 0x30, 0x30, 0xff, 0x28, 0x2c, 0x30, 0xff,
    0x30, 0x2c, 0x28, 0xff, 0x30, 0x30, 0x30, 0xff, 0x30, 0x2c, 0x30, 0xff,
    0x28, 0x2c, 0x28, 0xff, 0x30, 0x30, 0x30, 0xff, 0x30, 0x2c, 0x30, 0xff,
    0x28, 0x2c, 0x28, 0xff, 0x30, 0x30, 0x28, 0xff, 0x30, 0x2c, 0x30, 0xff,
    0x30, 0x2c, 0x30, 0xff, 0x28, 0x2c, 0x28, 0xff, 0x80, 0x7c, 0x78, 0xff,
    0xc8, 0xcc, 0xd0, 0xff, 0xc8, 0xcc, 0xc8, 0xff, 0xc8, 0xcc, 0xc8, 0xff,
    0xc8, 0xcc, 0xd0, 0xff, 0xc8, 0xcc, 0xc8, 0xff, 0xc8, 0xc8, 0xc8, 0xff,
    0xc8, 0xcc, 0xd0, 0xff, 0xc8, 0xcc, 0xc8, 0xff, 0xc8, 0xc8, 0xc8, 0xff,
    0xc8, 0xcc, 0xc8, 0xff, 0xc8, 0xcc, 0xc8, 0xff, 0xc8, 0xcc, 0xd0, 0xff,
    0xc8, 0xcc, 0xc8, 0xff, 0xc8, 0xc8, 0xc8, 0xff, 0xc8, 0xcc, 0xc8, 0xff,
    0xc8, 0xcc, 0xd0, 0xff, 0xc8, 0xcc, 0xc8, 0xff, 0xc8, 0xc8, 0xc8, 0xff,
    0xc8, 0xcc, 0xd0, 0xff, 0xc8, 0xcc, 0xc8, 0xff, 0xc8, 0xc8, 0xc8, 0xff,
    0xc8, 0xcc, 0xc8, 0xff, 0xc8, 0xcc, 0xd0, 0xff, 0xc8, 0xcc, 0xc8, 0xff,
    0xc8, 0xc8, 0xc8, 0xff, 0xd0, 0xcc, 0xd0, 0xff, 0xc8, 0xc8, 0xc8, 0xff,
    0xc8, 0xc8, 0xc8, 0xff, 0xd0, 0xcc, 0xd0, 0xff, 0xc8, 0xc8, 0xc8, 0xff,
    0xc8, 0xc8, 0xd0, 0xff, 0xd0, 0xcc, 0xc8, 0xff, 0xc8, 0xc8, 0xd0, 0xff,
    0xc8, 0xcc, 0xc8, 0xff, 0xc8, 0xcc, 0xc8, 0xff, 0xc8, 0xcc, 0xd0, 0xff,
    0xc8, 0xcc, 0xc8, 0xff, 0xd0, 0xcc, 0xc8, 0xff, 0xc8, 0xcc, 0xc8, 0xff,
    0xc8, 0xcc, 0xc8, 0xff, 0xc8, 0xcc, 0xc8, 0xff, 0x78, 0x78, 0x78, 0xff,
    0x28, 0x28, 0x28, 0xff, 0x28, 0x28, 0x28, 0xff, 0x28, 0x28, 0x28, 0xff,
    0x28, 0x28, 0x28, 0xff, 0x30, 0x28, 0x28, 0xff, 0x28, 0x28, 0x28, 0xff,
    0x28, 0x28, 0x20, 0xff, 0x30, 0x28, 0x28, 0xff, 0x28, 0x28, 0x28, 0xff,
    0x28, 0x28, 0x20, 0xff, 0x28, 0x28, 0x20, 0xff, 0x28, 0x28, 0x28, 0xff,
    0x28, 0x24, 0x28, 0xff, 0x28, 0x28, 0x28, 0xff, 0x28, 0x28, 0x28, 0xff,
    0x28, 0x24, 0x20, 0xff, 0x28, 0x28, 0x28, 0xff, 0x28, 0x24, 0x28, 0xff,
    0x28, 0x28, 0x28, 0xff, 0x28, 0x24, 0x20, 0xff, 0x28, 0x24, 0x28, 0xff,
    0x28, 0x28, 0x28, 0xff, 0x28, 0x24, 0x28, 0xff, 0x48, 0x44, 0x40, 0xff,
    0xf8, 0xfc, 0xf8, 0xff, 0xc8, 0xc4, 0xc8, 0xff, 0x80, 0x7c, 0x78, 0xff,
    0x80, 0x7c, 0x80, 0xff, 0x88, 0x8c, 0x88, 0xff, 0xe0, 0xe4, 0xe0, 0xff,
    0xf0, 0xf0, 0xf0, 0xff, 0x38, 0x34, 0x30, 0xff, 0x28, 0x24, 0x28, 0xff,
    0x40, 0x44, 0x40, 0xff, 0xf8, 0xfc, 0xf8, 0xff, 0x78, 0x7c, 0x80, 0xff,
    0x28, 0x24, 0x20, 0xff, 0x80, 0x7c, 0x78, 0xff, 0x88, 0x8c, 0x88, 0xff,
    0x28, 0x24, 0x28, 0xff, 0x28, 0x24, 0x28, 0xff, 0x20, 0x24, 0x20, 0xff,
    0x28, 0x24, 0x28, 0xff, 0x28, 0x24, 0x20, 0xff, 0x20, 0x24, 0x20, 0xff,
    0x28, 0x24, 0x28, 0xff, 0x28, 0x24, 0x28, 0xff, 0x28, 0x24, 0x28, 0xff,
    0x28, 0x24, 0x20, 0xff, 0x28, 0x28, 0x28, 0xff, 0x20, 0x24, 0x20, 0xff,
    0x28, 0x24, 0x28, 0xff, 0x28, 0x24, 0x20, 0xff, 0x20, 0x24, 0x20, 0xff,
    0x28, 0x24, 0x28, 0xff, 0xa8, 0xa8, 0xa8, 0xff, 0xe0, 0xe4, 0xe0, 0xff,
    0x28, 0x24, 0x28, 0xff, 0x28, 0x24, 0x28, 0xff, 0x28, 0x24, 0x20, 0xff,
    0x28, 0x24, 0x20, 0xff, 0x20, 0x24, 0x28, 0xff, 0x28, 0x28, 0x28, 0xff,
    0x28, 0x24, 0x20, 0xff, 0x20, 0x24, 0x20, 0xff, 0x28, 0x24, 0x28, 0xff,
    0x28, 0x28, 0x28, 0xff, 0x28, 0x24, 0x20, 0xff, 0x28, 0x24, 0x28, 0xff,
    0x28, 0x28, 0x28, 0xff, 0x20, 0x24, 0x20, 0xff, 0x28, 0x24, 0x28, 0xff,
    0x28, 0x24, 0x20, 0xff, 0x20, 0x24, 0x20, 0xff, 0x20, 0x24, 0x28, 0xff,
    0x28, 0x24, 0x20, 0xff, 0x28, 0x24, 0x28, 0xff, 0x20, 0x24, 0x20, 0xff,
    0x28, 0x28, 0x28, 0xff, 0x28, 0x24, 0x20, 0xff, 0x28, 0x24, 0x20, 0xff,
    0x28, 0x24, 0x28, 0xff, 0x28, 0x24, 0x20, 0xff, 0x28, 0x24, 0x28, 0xff,
    0x58, 0x58, 0x58, 0xff, 0xf8, 0xfc, 0xf8, 0x00, 0xf8, 0xfc, 0xf8, 0x00,
    0xf8, 0xfc, 0xf8, 0x00, 0xf8, 0xfc, 0xf8, 0x00, 0x78, 0x7c, 0x78, 0x9e,
    0x30, 0x30, 0x30, 0xff, 0x30, 0x2c, 0x30, 0xff, 0x30, 0x30, 0x28, 0xff,
    0x30, 0x2c, 0x30, 0xff, 0x30, 0x2c, 0x28, 0xff, 0x30, 0x30, 0x30, 0xff,
    0x30, 0x30, 0x30, 0xff, 0x30, 0x30, 0x30, 0xff, 0x30, 0x2c, 0x28, 0xff,
    0x28, 0x2c, 0x28, 0xff, 0x30, 0x2c, 0x30, 0xff, 0x30, 0x2c, 0x28, 0xff,
    0x30, 0x2c, 0x30, 0xff, 0x30, 0x2c, 0x28, 0xff, 0x30, 0x2c, 0x30, 0xff,
    0x30, 0x30, 0x28, 0xff, 0x28, 0x2c, 0x28, 0xff, 0x70, 0x70, 0x70, 0xff,
    0xf8, 0xfc, 0xf8, 0xff, 0xf8, 0xfc, 0xf8, 0xff, 0xf8, 0xfc, 0xf8, 0xff,
    0xf8, 0xfc, 0xf8, 0xff, 0xf8, 0xfc, 0xf8, 0xff, 0xf8, 0xfc, 0xf8, 0xff,
    0xf8, 0xfc, 0xf8, 0xff, 0xf8, 0xfc, 0xf8, 0xff, 0xf8, 0xfc, 0xf8, 0xff,
    0xf8, 0xfc, 0xf8, 0xff, 0xf8, 0xfc, 0xf8, 0xff, 0xf8, 0xfc, 0xf8, 0xff,
    0xf8, 0xfc, 0xf8, 0xff, 0xf8, 0xfc, 0xf8, 0xff, 0xf8, 0xfc, 0xf8, 0xff,
    0xf8, 0xfc, 0xf8, 0xff, 0xf8, 0xfc, 0xf8, 0xff, 0xf8, 0xfc, 0xf8, 0xff,
    0xf8, 0xfc, 0xf8, 0xff, 0xf8, 0xfc, 0xf8, 0xff, 0xf8, 0xfc, 0xf8, 0xff,
    0xf8, 0xfc, 0xf8, 0xff, 0xf8, 0xfc, 0xf8, 0xff, 0xf8, 0xfc, 0xf8, 0xff,
    0xf8, 0xfc, 0xf8, 0xff, 0xf8, 0xfc, 0xf8, 0xff, 0xf8, 0xfc, 0xf8, 0xff,
    0xf8, 0xfc, 0xf8, 0xff, 0xf8, 0xfc, 0xf8, 0xff, 0xf8, 0xfc, 0xf8, 0xff,
    0xf8, 0xfc, 0xf8, 0xff, 0xf8, 0xfc, 0xf8, 0xff, 0xf8, 0xfc, 0xf8, 0xff,
    0xf8, 0xfc, 0xf8, 0xff, 0xf8, 0xfc, 0xf8, 0xff, 0xf8, 0xfc, 0xf8, 0xff,
    0xf8, 0xfc, 0xf8, 0xff, 0xf8, 0xfc, 0xf8, 0xff, 0xf8, 0xfc, 0xf8, 0xff,
    0xf8, 0xfc, 0xf8, 0xff, 0xf8, 0xfc, 0xf8, 0xff, 0xf8, 0xfc, 0xf8, 0xff,
    0xf8, 0xfc, 0xf8, 0xff, 0x70, 0x6c, 0x68, 0xff, 0x28, 0x28, 0x28, 0xff,
    0x28, 0x28, 0x28, 0xff, 0x30, 0x28, 0x20, 0xff, 0x28, 0x28, 0x28, 0xff,
    0x28, 0x28, 0x28, 0xff, 0x30, 0x28, 0x28, 0xff, 0x28, 0x28, 0x28, 0xff,
    0x28, 0x28, 0x28, 0xff, 0x28, 0x28, 0x28, 0xff, 0x28, 0x24, 0x28, 0xff,
    0x28, 0x28, 0x20, 0xff, 0x28, 0x28, 0x28, 0xff, 0x28, 0x28, 0x28, 0xff,
    0x28, 0x28, 0x20, 0xff, 0x28, 0x28, 0x28, 0xff, 0x28, 0x28, 0x28, 0xff,
    0x28, 0x28, 0x28, 0xff, 0x28, 0x28, 0x20, 0xff, 0x28, 0x24, 0x20, 0xff,
    0x28, 0x28, 0x28, 0xff, 0x28, 0x28, 0x28, 0xff, 0x28, 0x24, 0x20, 0xff,
    0x48, 0x44, 0x40, 0xff, 0xf8, 0xfc, 0xf8, 0xff, 0xa8, 0xa8, 0xa8, 0xff,
    0x28, 0x24, 0x28, 0xff, 0x28, 0x24, 0x20, 0xff, 0x28, 0x24, 0x20, 0xff,
    0x60, 0x60, 0x60, 0xff, 0xf8, 0xfc, 0xf8, 0xff, 0x80, 0x7c, 0x78, 0xff,
    0x28, 0x24, 0x28, 0xff, 0x40, 0x44, 0x40, 0xff, 0xf8, 0xfc, 0xf8, 0xff,
    0x80, 0x7c, 0x80, 0xff, 0x28, 0x24, 0x20, 0xff, 0x50, 0x50, 0x50, 0xff,
    0x70, 0x70, 0x70, 0xff, 0x28, 0x24, 0x20, 0xff, 0x28, 0x24, 0x20, 0xff,
    0x70, 0x70, 0x70, 0xff, 0x50, 0x50, 0x50, 0xff, 0x30, 0x34, 0x30, 0xff,
    0x80, 0x7c, 0x80, 0xff, 0x78, 0x7c, 0x78, 0xff, 0x30, 0x34, 0x30, 0xff,
    0x28, 0x24, 0x28, 0xff, 0x28, 0x24, 0x20, 0xff, 0x28, 0x24, 0x20, 0xff,
    0x28, 0x24, 0x28, 0xff, 0x30, 0x34, 0x30, 0xff, 0x78, 0x7c, 0x78, 0xff,
    0x80, 0x7c, 0x78, 0xff, 0x30, 0x34, 0x30, 0xff, 0xa8, 0xa8, 0xa8, 0xff,
    0xe0, 0xe4, 0xe0, 0xff, 0x28, 0x24, 0x20, 0xff, 0x28, 0x24, 0x20, 0xff,
    0x28, 0x28, 0x28, 0xff, 0x30, 0x34, 0x30, 0xff, 0x78, 0x7c, 0x78, 0xff,
    0x80, 0x7c, 0x80, 0xff, 0x40, 0x44, 0x40, 0xff, 0x28, 0x24, 0x20, 0xff,
    0x28, 0x24, 0x20, 0xff, 0x28, 0x24, 0x28, 0xff, 0x20, 0x24, 0x20, 0xff,
    0x28, 0x24, 0x20, 0xff, 0x28, 0x24, 0x28, 0xff, 0x28, 0x24, 0x20, 0xff,
    0x28, 0x28, 0x28, 0xff, 0x28, 0x24, 0x28, 0xff, 0x28, 0x24, 0x20, 0xff,
    0x28, 0x24, 0x20, 0xff, 0x28, 0x24, 0x20, 0xff, 0x28, 0x24, 0x28, 0xff,
    0x28, 0x24, 0x28, 0xff, 0x20, 0x24, 0x20, 0xff, 0x28, 0x24, 0x20, 0xff,
    0x28, 0x24, 0x28, 0xff, 0x20, 0x24, 0x20, 0xff, 0x28, 0x24, 0x20, 0xff,
    0x28, 0x24, 0x28, 0xff, 0x58, 0x58, 0x58, 0xff, 0xf8, 0xfc, 0xf8, 0x00,
    0xf8, 0xfc, 0xf8, 0x00, 0xf8, 0xfc, 0xf8, 0x00, 0xf8, 0xfc, 0xf8, 0x00,
    0x80, 0x7c, 0x78, 0xa2, 0x30, 0x2c, 0x30, 0xff, 0x30, 0x30, 0x30, 0xff,
    0x30, 0x30, 0x28, 0xff, 0x30, 0x30, 0x30, 0xff, 0x28, 0x2c, 0x28, 0xff,
    0x30, 0x2c, 0x28, 0xff, 0x30, 0x2c, 0x30, 0xff, 0x28, 0x2c, 0x28, 0xff,
    0x30, 0x2c, 0x28, 0xff, 0x30, 0x30, 0x30, 0xff, 0x30, 0x2c, 0x28, 0xff,
    0x28, 0x2c, 0x30, 0xff, 0x30, 0x30, 0x28, 0xff, 0x28, 0x2c, 0x30, 0xff,
    0x30, 0x2c, 0x30, 0xff, 0x30, 0x2c, 0x28, 0xff, 0x28, 0x2c, 0x28, 0xff,
    0x38, 0x38, 0x38, 0xff, 0xd8, 0xd8, 0xd8, 0xff, 0xf8, 0xfc, 0xf8, 0xff,
    0xf8, 0xfc, 0xf8, 0xff, 0xf8, 0xfc, 0xf8, 0xff, 0xf8, 0xfc, 0xf8, 0xff,
    0xf8, 0xfc, 0xf8, 0xff, 0xf8, 0xfc, 0xf8, 0xff, 0xf8, 0xfc, 0xf8, 0xff,
    0xf8, 0xfc, 0xf8, 0xff, 0xf8, 0xfc, 0xf8, 0xff, 0xf8, 0xfc, 0xf8, 0xff,
    0xf8, 0xfc, 0xf8, 0xff, 0xf8, 0xfc, 0xf8, 0xff, 0xf8, 0xfc, 0xf8, 0xff,
    0xf8, 0xfc, 0xf8, 0xff, 0xf8, 0xfc, 0xf8, 0xff, 0xf8, 0xfc, 0xf8, 0xff,
    0xf8, 0xfc, 0xf8, 0xff, 0xf8, 0xfc, 0xf8, 0xff, 0xf8, 0xfc, 0xf8, 0xff,
    0xf8, 0xfc, 0xf8, 0xff, 0xf8, 0xfc, 0xf8, 0xff, 0xf8, 0xfc, 0xf8, 0xff,
    0xf8, 0xfc, 0xf8, 0xff, 0xf8, 0xfc, 0xf8, 0xff, 0xf8, 0xfc, 0xf8, 0xff,
    0xf8, 0xfc, 0xf8, 0xff, 0xf8, 0xfc, 0xf8, 0xff, 0xf8, 0xfc, 0xf8, 0xff,
    0xf8, 0xfc, 0xf8, 0xff, 0xf8, 0xfc, 0xf8, 0xff, 0xf8, 0xfc, 0xf8, 0xff,
    0xf8, 0xfc, 0xf8, 0xff, 0xf8, 0xfc, 0xf8, 0xff, 0xf8, 0xfc, 0xf8, 0xff,
    0xf8, 0xfc, 0xf8, 0xff, 0xf8, 0xfc, 0xf8, 0xff, 0xf8, 0xfc, 0xf8, 0xff,
    0xf8, 0xfc, 0xf8, 0xff, 0xf8, 0xfc, 0xf8, 0xff, 0xf8, 0xfc, 0xf8, 0xff,
    0xf8, 0xfc, 0xf8, 0xff, 0xd8, 0xd8, 0xd8, 0xff, 0x38, 0x34, 0x38, 0xff,
    0x30, 0x28, 0x28, 0xff, 0x28, 0x28, 0x28, 0xff, 0x28, 0x28, 0x28, 0xff,
    0x28, 0x28, 0x28, 0xff, 0x28, 0x28, 0x28, 0xff, 0x28, 0x28, 0x20, 0xff,
    0x28, 0x28, 0x28, 0xff, 0x28, 0x28, 0x28, 0xff, 0x28, 0x24, 0x28, 0xff,
    0x28, 0x28, 0x28, 0xff, 0x30, 0x28, 0x28, 0xff, 0x28, 0x24, 0x20, 0xff,
    0x28, 0x28, 0x28, 0xff, 0x28, 0x24, 0x20, 0xff, 0x30, 0x28, 0x28, 0xff,
    0x28, 0x24, 0x20, 0xff, 0x28, 0x24, 0x28, 0xff, 0x28, 0x24, 0x28, 0xff,
    0x28, 0x28, 0x28, 0xff, 0x28, 0x28, 0x20, 0xff, 0x28, 0x24, 0x28, 0xff,
    0x28, 0x24, 0x28, 0xff, 0x48, 0x44, 0x40, 0xff, 0xf8, 0xfc, 0xf8, 0xff,
    0xa8, 0xa8, 0xa8, 0xff, 0x28, 0x28, 0x28, 0xff, 0x28, 0x28, 0x28, 0xff,
    0x28, 0x24, 0x28, 0xff, 0x60, 0x60, 0x60, 0xff, 0xf8, 0xfc, 0xf8, 0xff,
    0x80, 0x7c, 0x80, 0xff, 0x28, 0x24, 0x20, 0xff, 0x40, 0x44, 0x40, 0xff,
    0xf8, 0xfc, 0xf8, 0xff, 0x80, 0x7c, 0x80, 0xff, 0x28, 0x24, 0x20, 0xff,
    0xa8, 0xa8, 0xa8, 0xff, 0xe0, 0xe4, 0xe0, 0xff, 0x28, 0x24, 0x28, 0xff,
    0x28, 0x24, 0x20, 0xff, 0xe0, 0xe4, 0xe0, 0xff, 0xc0, 0xc4, 0xc8, 0xff,
    0xf0, 0xf0, 0xf0, 0xff, 0xf8, 0xfc, 0xf8, 0xff, 0xf8, 0xfc, 0xf8, 0xff,
    0xe0, 0xe4, 0xe0, 0xff, 0x40, 0x40, 0x40, 0xff, 0x28, 0x24, 0x28, 0xff,
    0x28, 0x28, 0x20, 0xff, 0x60, 0x60, 0x60, 0xff, 0xf0, 0xf0, 0xf0, 0xff,
    0xf8, 0xfc, 0xf8, 0xff, 0xf8, 0xfc, 0xf8, 0xff, 0xe0, 0xe4, 0xe0, 0xff,
    0xb8, 0xb4, 0xb8, 0xff, 0xe0, 0xe0, 0xe0, 0xff, 0x28, 0x24, 0x28, 0xff,
    0x28, 0x24, 0x20, 0xff, 0x60, 0x60, 0x60, 0xff, 0xf0, 0xf0, 0xf0, 0xff,
    0xf0, 0xf0, 0xf0, 0xff, 0xf0, 0xf0, 0xf0, 0xff, 0xf0, 0xf0, 0xf0, 0xff,
    0x88, 0x8c, 0x88, 0xff, 0x28, 0x24, 0x28, 0xff, 0x28, 0x24, 0x20, 0xff,
    0x28, 0x24, 0x28, 0xff, 0x20, 0x24, 0x20, 0xff, 0x28, 0x24, 0x20, 0xff,
    0x28, 0x24, 0x28, 0xff, 0x20, 0x24, 0x20, 0xff, 0x28, 0x24, 0x20, 0xff,
    0x28, 0x24, 0x28, 0xff, 0x20, 0x24, 0x20, 0xff, 0x28, 0x24, 0x20, 0xff,
    0x28, 0x28, 0x28, 0xff, 0x28, 0x24, 0x20, 0xff, 0x28, 0x24, 0x20, 0xff,
    0x28, 0x24, 0x28, 0xff, 0x20, 0x24, 0x20, 0xff, 0x28, 0x24, 0x28, 0xff,
    0x28, 0x28, 0x28, 0xff, 0x28, 0x24, 0x20, 0xff, 0x58, 0x58, 0x58, 0xff,
    0xf8, 0xfc, 0xf8, 0x00, 0xf8, 0xfc, 0xf8, 0x00, 0xf8, 0xfc, 0xf8, 0x00,
    0xf8, 0xfc, 0xf8, 0x00, 0x78, 0x7c, 0x78, 0x9e, 0x30, 0x2c, 0x30, 0xff,
    0x30, 0x2c, 0x30, 0xff, 0x30, 0x2c, 0x28, 0xff, 0x30, 0x30, 0x30, 0xff,
    0x30, 0x30, 0x30, 0xff, 0x30, 0x2c, 0x28, 0xff, 0x30, 0x30, 0x30, 0xff,
    0x30, 0x30, 0x30, 0xff, 0x30, 0x2c, 0x28, 0xff, 0x30, 0x2c, 0x30, 0xff,
    0x30, 0x30, 0x30, 0xff, 0x30, 0x2c, 0x28, 0xff, 0x28, 0x2c, 0x28, 0xff,
    0x30, 0x2c, 0x28, 0xff, 0x30, 0x2c, 0x30, 0xff, 0x30, 0x2c, 0x28, 0xff,
    0x30, 0x2c, 0x30, 0xff, 0x30, 0x2c, 0x28, 0xff, 0x38, 0x38, 0x38, 0xff,
    0x60, 0x60, 0x60, 0xff, 0x60, 0x60, 0x60, 0xff, 0x60, 0x60, 0x60, 0xff,
    0x68, 0x60, 0x60, 0xff, 0x60, 0x60, 0x60, 0xff, 0x60, 0x60, 0x60, 0xff,
    0x68, 0x60, 0x60, 0xff, 0x60, 0x60, 0x60, 0xff, 0x60, 0x60, 0x60, 0xff,
    0x68, 0x60, 0x60, 0xff, 0x60, 0x60, 0x60, 0xff, 0x60, 0x60, 0x60, 0xff,
    0x60, 0x60, 0x60, 0xff, 0x60, 0x60, 0x60, 0xff, 0x60, 0x60, 0x60, 0xff,
    0x60, 0x60, 0x60, 0xff, 0x60, 0x60, 0x60, 0xff, 0x60, 0x5c, 0x60, 0xff,
    0x60, 0x60, 0x60, 0xff, 0x60, 0x60, 0x60, 0xff, 0x60, 0x60, 0x60, 0xff,
    0x60, 0x60, 0x60, 0xff, 0x60, 0x60, 0x60, 0xff, 0x60, 0x60, 0x60, 0xff,
    0x60, 0x60, 0x60, 0xff, 0x60, 0x60, 0x60, 0xff, 0x60, 0x60, 0x60, 0xff,
    0x60, 0x60, 0x60, 0xff, 0x60, 0x60, 0x60, 0xff, 0x60, 0x60, 0x60, 0xff,
    0x60, 0x60, 0x60, 0xff, 0x60, 0x60, 0x60, 0xff, 0x60, 0x60, 0x60, 0xff,
    0x60, 0x60, 0x60, 0xff, 0x60, 0x60, 0x60, 0xff, 0x60, 0x60, 0x60, 0xff,
    0x60, 0x5c, 0x60, 0xff, 0x60, 0x60, 0x60, 0xff, 0x60, 0x60, 0x60, 0xff,
    0x60, 0x5c, 0x60, 0xff, 0x60, 0x5c, 0x60, 0xff, 0x38, 0x34, 0x38, 0xff,
    0x28, 0x28, 0x28, 0xff, 0x28, 0x28, 0x28, 0xff, 0x28, 0x28, 0x20, 0xff,
    0x28, 0x28, 0x28, 0xff, 0x28, 0x28, 0x28, 0xff, 0x28, 0x28, 0x28, 0xff,
    0x28, 0x28, 0x28, 0xff, 0x28, 0x28, 0x20, 0xff, 0x28, 0x28, 0x28, 0xff,
    0x28, 0x28, 0x20, 0xff, 0x28, 0x28, 0x28, 0xff, 0x28, 0x28, 0x28, 0xff,
    0x28, 0x28, 0x28, 0xff, 0x28, 0x24, 0x28, 0xff, 0x28, 0x28, 0x28, 0xff,
    0x28, 0x28, 0x28, 0xff, 0x28, 0x24, 0x20, 0xff, 0x28, 0x28, 0x20, 0xff,
    0x28, 0x24, 0x28, 0xff, 0x28, 0x28, 0x28, 0xff, 0x28, 0x28, 0x20, 0xff,
    0x28, 0x24, 0x28, 0xff, 0x28, 0x28, 0x28, 0xff, 0x48, 0x44, 0x40, 0xff,
    0xf8, 0xfc, 0xf8, 0xff, 0xc8, 0xc4, 0xc8, 0xff, 0x78, 0x7c, 0x78, 0xff,
    0x80, 0x7c, 0x78, 0xff, 0x80, 0x7c, 0x80, 0xff, 0xe0, 0xe4, 0xe0, 0xff,
    0xe0, 0xe4, 0xe0, 0xff, 0x38, 0x34, 0x30, 0xff, 0x28, 0x24, 0x28, 0xff,
    0x40, 0x44, 0x40, 0xff, 0xf8, 0xfc, 0xf8, 0xff, 0x80, 0x7c, 0x78, 0xff,
    0x28, 0x24, 0x28, 0xff, 0xa8, 0xa8, 0xa8, 0xff, 0xe0, 0xe4, 0xe0, 0xff,
    0x28, 0x24, 0x28, 0xff, 0x28, 0x24, 0x20, 0xff, 0xe0, 0xe4, 0xe0, 0xff,
    0xf0, 0xf0, 0xf0, 0xff, 0x70, 0x70, 0x70, 0xff, 0x40, 0x40, 0x40, 0xff,
    0x70, 0x70, 0x70, 0xff, 0xf0, 0xf0, 0xf0, 0xff, 0xb8, 0xb8, 0xb8, 0xff,
    0x28, 0x24, 0x20, 0xff, 0x40, 0x40, 0x40, 0xff, 0xf0, 0xf0, 0xf0, 0xff,
    0xb8, 0xb8, 0xb8, 0xff, 0x50, 0x50, 0x50, 0xff, 0x40, 0x40, 0x40, 0xff,
    0x90, 0x8c, 0x88, 0xff, 0xf8, 0xfc, 0xf8, 0xff, 0xe0, 0xe4, 0xe0, 0xff,
    0x28, 0x24, 0x20, 0xff, 0x30, 0x34, 0x38, 0xff, 0xf0, 0xf0, 0xf0, 0xff,
    0xc8, 0xc4, 0xc8, 0xff, 0x38, 0x34, 0x30, 0xff, 0x30, 0x34, 0x30, 0xff,
    0x98, 0x98, 0x98, 0xff, 0xe0, 0xe0, 0xe0, 0xff, 0x30, 0x34, 0x30, 0xff,
    0x28, 0x24, 0x28, 0xff, 0x28, 0x28, 0x28, 0xff, 0x28, 0x24, 0x20, 0xff,
    0x28, 0x24, 0x20, 0xff, 0x28, 0x28, 0x28, 0xff, 0x20, 0x24, 0x20, 0xff,
    0x28, 0x24, 0x28, 0xff, 0x28, 0x24, 0x20, 0xff, 0x28, 0x28, 0x28, 0xff,
    0x20, 0x24, 0x20, 0xff, 0x28, 0x24, 0x28, 0xff, 0x20, 0x24, 0x20, 0xff,
    0x28, 0x24, 0x20, 0xff, 0x28, 0x24, 0x28, 0xff, 0x28, 0x24, 0x20, 0xff,
    0x28, 0x24, 0x20, 0xff, 0x28, 0x24, 0x28, 0xff, 0x20, 0x24, 0x20, 0xff,
    0x58, 0x58, 0x58, 0xff, 0xf8, 0xfc, 0xf8, 0x00, 0xf8, 0xfc, 0xf8, 0x00,
    0xf8, 0xfc, 0xf8, 0x00, 0xf8, 0xfc, 0xf8, 0x00, 0x80, 0x7c, 0x78, 0x9e,
    0x30, 0x30, 0x30, 0xff, 0x30, 0x2c, 0x28, 0xff, 0x28, 0x2c, 0x30, 0xff,
    0x30, 0x2c, 0x30, 0xff, 0x28, 0x2c, 0x28, 0xff, 0x30, 0x2c, 0x28, 0xff,
    0x30, 0x30, 0x30, 0xff, 0x28, 0x2c, 0x28, 0xff, 0x30, 0x2c, 0x30, 0xff,
    0x30, 0x2c, 0x28, 0xff, 0x28, 0x2c, 0x28, 0xff, 0x30, 0x2c, 0x30, 0xff,
    0x30, 0x2c, 0x28, 0xff, 0x30, 0x2c, 0x28, 0xff, 0x28, 0x30, 0x30, 0xff,
    0x30, 0x2c, 0x28, 0xff, 0x30, 0x2c, 0x28, 0xff, 0x30, 0x2c, 0x30, 0xff,
    0x30, 0x2c, 0x28, 0xff, 0x30, 0x2c, 0x28, 0xff, 0x30, 0x2c, 0x30, 0xff,
    0x30, 0x2c, 0x28, 0xff, 0x30, 0x2c, 0x28, 0xff, 0x30, 0x2c, 0x30, 0xff,
    0x30, 0x2c, 0x28, 0xff, 0x30, 0x2c, 0x28, 0xff, 0x30, 0x2c, 0x28, 0xff,
    0x30, 0x2c, 0x30, 0xff, 0x30, 0x2c, 0x28, 0xff, 0x30, 0x2c, 0x28, 0xff,
    0x30, 0x28, 0x28, 0xff, 0x30, 0x2c, 0x28, 0xff, 0x30, 0x2c, 0x28, 0xff,
    0x30, 0x28, 0x28, 0xff, 0x30, 0x28, 0x28, 0xff, 0x30, 0x2c, 0x28, 0xff,
    0x30, 0x28, 0x28, 0xff, 0x30, 0x28, 0x28, 0xff, 0x30, 0x28, 0x28, 0xff,
    0x30, 0x28, 0x28, 0xff, 0x30, 0x28, 0x28, 0xff, 0x28, 0x28, 0x28, 0xff,
    0x30, 0x28, 0x28, 0xff, 0x30, 0x28, 0x28, 0xff, 0x28, 0x28, 0x28, 0xff,
    0x30, 0x28, 0x28, 0xff, 0x28, 0x28, 0x28, 0xff, 0x30, 0x28, 0x28, 0xff,
    0x28, 0x28, 0x28, 0xff, 0x28, 0x28, 0x28, 0xff, 0x28, 0x28, 0x28, 0xff,
    0x30, 0x28, 0x28, 0xff, 0x28, 0x28, 0x28, 0xff, 0x28, 0x28, 0x28, 0xff,
    0x30, 0x28, 0x28, 0xff, 0x28, 0x28, 0x28, 0xff, 0x28, 0x28, 0x28, 0xff,
    0x28, 0x28, 0x28, 0xff, 0x28, 0x28, 0x28, 0xff, 0x28, 0x28, 0x28, 0xff,
    0x28, 0x28, 0x28, 0xff, 0x30, 0x28, 0x28, 0xff, 0x28, 0x28, 0x28, 0xff,
    0x28, 0x28, 0x28, 0xff, 0x28, 0x28, 0x20, 0xff, 0x30, 0x28, 0x28, 0xff,
    0x28, 0x28, 0x28, 0xff, 0x30, 0x28, 0x28, 0xff, 0x28, 0x28, 0x28, 0xff,
    0x28, 0x24, 0x28, 0xff, 0x30, 0x28, 0x20, 0xff, 0x28, 0x24, 0x28, 0xff,
    0x28, 0x28, 0x28, 0xff, 0x28, 0x28, 0x20, 0xff, 0x28, 0x24, 0x20, 0xff,
    0x28, 0x28, 0x28, 0xff, 0x28, 0x24, 0x28, 0xff, 0x28, 0x28, 0x28, 0xff,
    0x28, 0x28, 0x28, 0xff, 0x28, 0x24, 0x20, 0xff, 0x28, 0x24, 0x28, 0xff,
    0x28, 0x28, 0x28, 0xff, 0x28, 0x24, 0x20, 0xff, 0x28, 0x24, 0x28, 0xff,
    0x48, 0x44, 0x40, 0xff, 0xf8, 0xfc, 0xf8, 0xff, 0xf8, 0xfc, 0xf8, 0xff,
    0xf8, 0xfc, 0xf8, 0xff, 0xf8, 0xfc, 0xf8, 0xff, 0xf8, 0xfc, 0xf8, 0xff,
    0xf0, 0xf0, 0xf0, 0xff, 0x88, 0x8c, 0x88, 0xff, 0x28, 0x24, 0x28, 0xff,
    0x28, 0x24, 0x20, 0xff, 0x40, 0x40, 0x40, 0xff, 0xf8, 0xfc, 0xf8, 0xff,
    0x80, 0x7c, 0x80, 0xff, 0x28, 0x24, 0x20, 0xff, 0xa8, 0xa8, 0xa8, 0xff,
    0xe0, 0xe4, 0xe0, 0xff, 0x28, 0x24, 0x20, 0xff, 0x28, 0x24, 0x28, 0xff,
    0xe0, 0xe0, 0xe0, 0xff, 0xb8, 0xb8, 0xb8, 0xff, 0x28, 0x24, 0x20, 0xff,
    0x28, 0x24, 0x20, 0xff, 0x28, 0x24, 0x20, 0xff, 0xd8, 0xd4, 0xd0, 0xff,
    0xe0, 0xe0, 0xe0, 0xff, 0x28, 0x24, 0x20, 0xff, 0x88, 0x8c, 0x88, 0xff,
    0xf8, 0xfc, 0xf8, 0xff, 0x50, 0x50, 0x50, 0xff, 0x28, 0x24, 0x28, 0xff,
    0x28, 0x24, 0x20, 0xff, 0x28, 0x24, 0x28, 0xff, 0xe0, 0xe4, 0xe0, 0xff,
    0xe0, 0xe0, 0xe0, 0xff, 0x28, 0x24, 0x28, 0xff, 0x30, 0x34, 0x30, 0xff,
    0xf0, 0xf0, 0xf0, 0xff, 0xc8, 0xc4, 0xc0, 0xff, 0x38, 0x34, 0x30, 0xff,
    0x28, 0x24, 0x28, 0xff, 0x28, 0x24, 0x28, 0xff, 0x28, 0x24, 0x28, 0xff,
    0x28, 0x24, 0x20, 0xff, 0x28, 0x24, 0x20, 0xff, 0x28, 0x24, 0x28, 0xff,
    0x28, 0x24, 0x20, 0xff, 0x20, 0x24, 0x20, 0xff, 0x28, 0x24, 0x28, 0xff,
    0x28, 0x24, 0x28, 0xff, 0x28, 0x24, 0x20, 0xff, 0x28, 0x24, 0x28, 0xff,
    0x28, 0x24, 0x28, 0xff, 0x28, 0x24, 0x20, 0xff, 0x28, 0x24, 0x28, 0xff,
    0x28, 0x24, 0x20, 0xff, 0x20, 0x24, 0x20, 0xff, 0x28, 0x24, 0x28, 0xff,
    0x28, 0x24, 0x20, 0xff, 0x28, 0x24, 0x20, 0xff, 0x28, 0x24, 0x28, 0xff,
    0x28, 0x24, 0x20, 0xff, 0x58, 0x58, 0x58, 0xff, 0xf8, 0xfc, 0xf8, 0x00,
    0xf8, 0xfc, 0xf8, 0x00, 0xf8, 0xfc, 0xf8, 0x00, 0xf8, 0xfc, 0xf8, 0x00,
    0x78, 0x7c, 0x78, 0xa2, 0x30, 0x2c, 0x30, 0xff, 0x30, 0x30, 0x30, 0xff,
    0x30, 0x2c, 0x28, 0xff, 0x30, 0x2c, 0x28, 0xff, 0x30, 0x2c, 0x30, 0xff,
    0x30, 0x2c, 0x30, 0xff, 0x28, 0x2c, 0x28, 0xff, 0x30, 0x2c, 0x30, 0xff,
    0x30, 0x2c, 0x28, 0xff, 0x28, 0x2c, 0x28, 0xff, 0x30, 0x2c, 0x30, 0xff,
    0x30, 0x30, 0x30, 0xff, 0x30, 0x2c, 0x28, 0xff, 0x28, 0x2c, 0x30, 0xff,
    0x28, 0x2c, 0x28, 0xff, 0x30, 0x2c, 0x30, 0xff, 0x30, 0x2c, 0x28, 0xff,
    0x28, 0x2c, 0x30, 0xff, 0x38, 0x38, 0x38, 0xff, 0x60, 0x60, 0x60, 0xff,
    0x60, 0x60, 0x60, 0xff, 0x60, 0x60, 0x60, 0xff, 0x60, 0x60, 0x60, 0xff,
    0x60, 0x60, 0x60, 0xff, 0x60, 0x60, 0x60, 0xff, 0x60, 0x60, 0x60, 0xff,
    0x60, 0x60, 0x60, 0xff, 0x60, 0x60, 0x60, 0xff, 0x60, 0x60, 0x60, 0xff,
    0x60, 0x60, 0x60, 0xff, 0x60, 0x60, 0x60, 0xff, 0x60, 0x60, 0x60, 0xff,
    0x60, 0x60, 0x60, 0xff, 0x60, 0x60, 0x60, 0xff, 0x60, 0x60, 0x60, 0xff,
    0x60, 0x60, 0x60, 0xff, 0x60, 0x60, 0x60, 0xff, 0x60, 0x60, 0x60, 0xff,
    0x60, 0x60, 0x60, 0xff, 0x60, 0x60, 0x60, 0xff, 0x60, 0x60, 0x60, 0xff,
    0x60, 0x60, 0x60, 0xff, 0x60, 0x60, 0x60, 0xff, 0x60, 0x60, 0x60, 0xff,
    0x60, 0x60, 0x60, 0xff, 0x60, 0x60, 0x60, 0xff, 0x60, 0x60, 0x60, 0xff,
    0x60, 0x60, 0x60, 0xff, 0x60, 0x60, 0x60, 0xff, 0x60, 0x60, 0x60, 0xff,
    0x60, 0x60, 0x60, 0xff, 0x60, 0x60, 0x60, 0xff, 0x60, 0x5c, 0x58, 0xff,
    0x60, 0x5c, 0x60, 0xff, 0x60, 0x5c, 0x58, 0xff, 0x60, 0x60, 0x60, 0xff,
    0x60, 0x5c, 0x58, 0xff, 0x60, 0x5c, 0x58, 0xff, 0x60, 0x60, 0x60, 0xff,
    0x60, 0x60, 0x58, 0xff, 0x38, 0x34, 0x30, 0xff, 0x28, 0x28, 0x28, 0xff,
    0x28, 0x28, 0x28, 0xff, 0x28, 0x28, 0x28, 0xff, 0x28, 0x28, 0x28, 0xff,
    0x30, 0x28, 0x28, 0xff, 0x28, 0x28, 0x28, 0xff, 0x28, 0x28, 0x28, 0xff,
    0x28, 0x28, 0x20, 0xff, 0x28, 0x28, 0x28, 0xff, 0x28, 0x24, 0x28, 0xff,
    0x28, 0x28, 0x28, 0xff, 0x28, 0x24, 0x20, 0xff, 0x30, 0x28, 0x28, 0xff,
    0x28, 0x28, 0x28, 0xff, 0x28, 0x24, 0x20, 0xff, 0x28, 0x28, 0x28, 0xff,
    0x28, 0x24, 0x28, 0xff, 0x28, 0x28, 0x20, 0xff, 0x28, 0x28, 0x28, 0xff,
    0x28, 0x24, 0x28, 0xff, 0x28, 0x28, 0x20, 0xff, 0x28, 0x28, 0x28, 0xff,
    0x28, 0x24, 0x20, 0xff, 0x48, 0x44, 0x40, 0xff, 0xf8, 0xfc, 0xf8, 0xff,
    0xa8, 0xa8, 0xa8, 0xff, 0x40, 0x40, 0x40, 0xff, 0x40, 0x44, 0x40, 0xff,
    0x50, 0x50, 0x50, 0xff, 0x98, 0x98, 0x98, 0xff, 0xf8, 0xfc, 0xf8, 0xff,
    0x80, 0x7c, 0x80, 0xff, 0x28, 0x24, 0x28, 0xff, 0x40, 0x40, 0x40, 0xff,
    0xf8, 0xfc, 0xf8, 0xff, 0x80, 0x7c, 0x80, 0xff, 0x28, 0x24, 0x20, 0xff,
    0xa8, 0xa8, 0xa8, 0xff, 0xe0, 0xe0, 0xe0, 0xff, 0x28, 0x24, 0x28, 0xff,
    0x28, 0x24, 0x28, 0xff, 0xe0, 0xe4, 0xe0, 0xff, 0xa8, 0xa8, 0xa8, 0xff,
    0x28, 0x24, 0x20, 0xff, 0x28, 0x24, 0x28, 0xff, 0x28, 0x24, 0x20, 0xff,
    0xa8, 0xa8, 0xa8, 0xff, 0xe0, 0xe0, 0xe0, 0xff, 0x28, 0x24, 0x28, 0xff,
    0xa8, 0xa8, 0xa8, 0xff, 0xf0, 0xf0, 0xf0, 0xff, 0x38, 0x34, 0x30, 0xff,
    0x28, 0x24, 0x20, 0xff, 0x28, 0x24, 0x28, 0xff, 0x28, 0x24, 0x20, 0xff,
    0xa8, 0xa8, 0xa8, 0xff, 0xe0, 0xe0, 0xe0, 0xff, 0x28, 0x24, 0x28, 0xff,
    0x28, 0x24, 0x20, 0xff, 0x88, 0x8c, 0x88, 0xff, 0xf8, 0xfc, 0xf8, 0xff,
    0xf0, 0xf0, 0xf0, 0xff, 0xc8, 0xc4, 0xc8, 0xff, 0x88, 0x8c, 0x88, 0xff,
    0x38, 0x34, 0x30, 0xff, 0x28, 0x24, 0x20, 0xff, 0x28, 0x24, 0x28, 0xff,
    0x28, 0x24, 0x28, 0xff, 0x20, 0x24, 0x20, 0xff, 0x28, 0x24, 0x20, 0xff,
    0x28, 0x24, 0x28, 0xff, 0x28, 0x28, 0x20, 0xff, 0x28, 0x24, 0x20, 0xff,
    0x20, 0x24, 0x20, 0xff, 0x28, 0x24, 0x28, 0xff, 0x28, 0x24, 0x20, 0xff,
    0x28, 0x28, 0x28, 0xff, 0x28, 0x24, 0x20, 0xff, 0x28, 0x24, 0x28, 0xff,
    0x20, 0x24, 0x20, 0xff, 0x28, 0x28, 0x28, 0xff, 0x28, 0x28, 0x28, 0xff,
    0x20, 0x24, 0x20, 0xff, 0x28, 0x24, 0x20, 0xff, 0x58, 0x58, 0x58, 0xff,
    0xf8, 0xfc, 0xf8, 0x00, 0xf8, 0xfc, 0xf8, 0x00, 0xf8, 0xfc, 0xf8, 0x00,
    0xf8, 0xfc, 0xf8, 0x00, 0x80, 0x7c, 0x78, 0x9e, 0x30, 0x2c, 0x28, 0xff,
    0x30, 0x2c, 0x30, 0xff, 0x28, 0x30, 0x28, 0xff, 0x30, 0x30, 0x30, 0xff,
    0x30, 0x2c, 0x28, 0xff, 0x30, 0x2c, 0x30, 0xff, 0x30, 0x30, 0x28, 0xff,
    0x30, 0x2c, 0x30, 0xff, 0x30, 0x2c, 0x28, 0xff, 0x30, 0x30, 0x30, 0xff,
    0x28, 0x2c, 0x30, 0xff, 0x30, 0x2c, 0x28, 0xff, 0x30, 0x2c, 0x30, 0xff,
    0x30, 0x2c, 0x30, 0xff, 0x30, 0x2c, 0x28, 0xff, 0x28, 0x2c, 0x28, 0xff,
    0x30, 0x2c, 0x30, 0xff, 0x38, 0x38, 0x38, 0xff, 0xd8, 0xd8, 0xd8, 0xff,
    0xf8, 0xfc, 0xf8, 0xff, 0xf8, 0xfc, 0xf8, 0xff, 0xf8, 0xfc, 0xf8, 0xff,
    0xf8, 0xfc, 0xf8, 0xff, 0xf8, 0xfc, 0xf8, 0xff, 0xf8, 0xfc, 0xf8, 0xff,
    0xf8, 0xfc, 0xf8, 0xff, 0xf8, 0xfc, 0xf8, 0xff, 0xf8, 0xfc, 0xf8, 0xff,
    0xf8, 0xfc, 0xf8, 0xff, 0xf8, 0xfc, 0xf8, 0xff, 0xf8, 0xfc, 0xf8, 0xff,
    0xf8, 0xfc, 0xf8, 0xff, 0xf8, 0xfc, 0xf8, 0xff, 0xf8, 0xfc, 0xf8, 0xff,
    0xf8, 0xfc, 0xf8, 0xff, 0xf8, 0xfc, 0xf8, 0xff, 0xf8, 0xfc, 0xf8, 0xff,
    0xf8, 0xfc, 0xf8, 0xff, 0xf8, 0xfc, 0xf8, 0xff, 0xf8, 0xfc, 0xf8, 0xff,
    0xf8, 0xfc, 0xf8, 0xff, 0xf8, 0xfc, 0xf8, 0xff, 0xf8, 0xfc, 0xf8, 0xff,
    0xf8, 0xfc, 0xf8, 0xff, 0xf8, 0xfc, 0xf8, 0xff, 0xf8, 0xfc, 0xf8, 0xff,
    0xf8, 0xfc, 0xf8, 0xff, 0xf8, 0xfc, 0xf8, 0xff, 0xf8, 0xfc, 0xf8, 0xff,
    0xf8, 0xfc, 0xf8, 0xff, 0xf8, 0xfc, 0xf8, 0xff, 0xf8, 0xfc, 0xf8, 0xff,
    0xf8, 0xfc, 0xf8, 0xff, 0xf8, 0xfc, 0xf8, 0xff, 0xf8, 0xfc, 0xf8, 0xff,
    0xf8, 0xfc, 0xf8, 0xff, 0xf8, 0xfc, 0xf8, 0xff, 0xf8, 0xfc, 0xf8, 0xff,
    0xf8, 0xfc, 0xf8, 0xff, 0xf8, 0xfc, 0xf8, 0xff, 0xd8, 0xd8, 0xd8, 0xff,
    0x38, 0x34, 0x30, 0xff, 0x28, 0x28, 0x28, 0xff, 0x28, 0x28, 0x28, 0xff,
    0x28, 0x28, 0x20, 0xff, 0x28, 0x28, 0x28, 0xff, 0x28, 0x24, 0x20, 0xff,
    0x28, 0x28, 0x28, 0xff, 0x28, 0x28, 0x28, 0xff, 0x28, 0x28, 0x28, 0xff,
    0x28, 0x28, 0x28, 0xff, 0x28, 0x24, 0x20, 0xff, 0x28, 0x28, 0x28, 0xff,
    0x28, 0x28, 0x28, 0xff, 0x28, 0x24, 0x28, 0xff, 0x28, 0x24, 0x20, 0xff,
    0x28, 0x28, 0x28, 0xff, 0x28, 0x24, 0x20, 0xff, 0x28, 0x28, 0x28, 0xff,
    0x28, 0x24, 0x28, 0xff, 0x28, 0x28, 0x20, 0xff, 0x28, 0x24, 0x28, 0xff,
    0x28, 0x28, 0x28, 0xff, 0x28, 0x24, 0x20, 0xff, 0x40, 0x44, 0x40, 0xff,
    0xf8, 0xfc, 0xf8, 0xff, 0xa8, 0xa8, 0xa8, 0xff, 0x28, 0x24, 0x28, 0xff,
    0x28, 0x24, 0x20, 0xff, 0x28, 0x28, 0x28, 0xff, 0x28, 0x24, 0x28, 0xff,
    0xe0, 0xe4, 0xe0, 0xff, 0xd8, 0xd4, 0xd0, 0xff, 0x28, 0x24, 0x20, 0xff,
    0x40, 0x44, 0x40, 0xff, 0xf8, 0xfc, 0xf8, 0xff, 0x80, 0x7c, 0x78, 0xff,
    0x28, 0x24, 0x28, 0xff, 0xa8, 0xa8, 0xa8, 0xff, 0xe0, 0xe4, 0xe0, 0xff,
    0x28, 0x24, 0x20, 0xff, 0x28, 0x24, 0x28, 0xff, 0xe0, 0xe4, 0xe0, 0xff,
    0xa8, 0xa8, 0xa8, 0xff, 0x28, 0x24, 0x28, 0xff, 0x28, 0x24, 0x28, 0xff,
    0x28, 0x24, 0x20, 0xff, 0xa8, 0xa8, 0xa8, 0xff, 0xe0, 0xe4, 0xe8, 0xff,
    0x28, 0x24, 0x20, 0xff, 0xa8, 0xa8, 0xa8, 0xff, 0xf0, 0xf0, 0xf0, 0xff,
    0x38, 0x34, 0x38, 0xff, 0x28, 0x24, 0x20, 0xff, 0x28, 0x24, 0x20, 0xff,
    0x28, 0x24, 0x28, 0xff, 0xa8, 0xa8, 0xa8, 0xff, 0xe0, 0xe4, 0xe0, 0xff,
    0x28, 0x24, 0x20, 0xff, 0x28, 0x24, 0x28, 0xff, 0x28, 0x24, 0x28, 0xff,
    0x60, 0x60, 0x60, 0xff, 0x88, 0x8c, 0x88, 0xff, 0xc8, 0xc4, 0xc8, 0xff,
    0xf0, 0xf0, 0xf0, 0xff, 0xe0, 0xe4, 0xe0, 0xff, 0x30, 0x34, 0x30, 0xff,
    0x28, 0x24, 0x28, 0xff, 0x28, 0x24, 0x20, 0xff, 0x28, 0x28, 0x28, 0xff,
    0x28, 0x24, 0x28, 0xff, 0x28, 0x24, 0x20, 0xff, 0x28, 0x24, 0x28, 0xff,
    0x20, 0x24, 0x20, 0xff, 0x28, 0x28, 0x28, 0xff, 0x28, 0x24, 0x20, 0xff,
    0x20, 0x24, 0x20, 0xff, 0x28, 0x24, 0x28, 0xff, 0x28, 0x24, 0x20, 0xff,
    0x28, 0x24, 0x28, 0xff, 0x28, 0x24, 0x20, 0xff, 0x28, 0x24, 0x20, 0xff,
    0x28, 0x24, 0x28, 0xff, 0x28, 0x24, 0x20, 0xff, 0x28, 0x24, 0x28, 0xff,
    0x58, 0x58, 0x58, 0xff, 0xf8, 0xfc, 0xf8, 0x00, 0xf8, 0xfc, 0xf8, 0x00,
    0xf8, 0xfc, 0xf8, 0x00, 0xf8, 0xfc, 0xf8, 0x00, 0x78, 0x7c, 0x78, 0xa2,
    0x30, 0x30, 0x30, 0xff, 0x30, 0x2c, 0x30, 0xff, 0x30, 0x2c, 0x28, 0xff,
    0x28, 0x2c, 0x30, 0xff, 0x30, 0x2c, 0x28, 0xff, 0x28, 0x30, 0x28, 0xff,
    0x30, 0x2c, 0x30, 0xff, 0x30, 0x2c, 0x28, 0xff, 0x28, 0x2c, 0x30, 0xff,
    0x30, 0x2c, 0x28, 0xff, 0x30, 0x30, 0x28, 0xff, 0x28, 0x2c, 0x28, 0xff,
    0x30, 0x2c, 0x30, 0xff, 0x30, 0x2c, 0x28, 0xff, 0x30, 0x30, 0x28, 0xff,
    0x30, 0x2c, 0x28, 0xff, 0x28, 0x2c, 0x28, 0xff, 0x70, 0x70, 0x70, 0xff,
    0xf8, 0xfc, 0xf8, 0xff, 0xf8, 0xfc, 0xf8, 0xff, 0xf8, 0xfc, 0xf8, 0xff,
    0xf8, 0xfc, 0xf8, 0xff, 0xf8, 0xfc, 0xf8, 0xff, 0xf8, 0xfc, 0xf8, 0xff,
    0xf8, 0xfc, 0xf8, 0xff, 0xf8, 0xfc, 0xf8, 0xff, 0xf8, 0xfc, 0xf8, 0xff,
    0xf8, 0xfc, 0xf8, 0xff, 0xf8, 0xfc, 0xf8, 0xff, 0xf8, 0xfc, 0xf8, 0xff,
    0xf8, 0xfc, 0xf8, 0xff, 0xf8, 0xfc, 0xf8, 0xff, 0xf8, 0xfc, 0xf8, 0xff,
    0xf8, 0xfc, 0xf8, 0xff, 0xf8, 0xfc, 0xf8, 0xff, 0xf8, 0xfc, 0xf8, 0xff,
    0xf8, 0xfc, 0xf8, 0xff, 0xf8, 0xfc, 0xf8, 0xff, 0xf8, 0xfc, 0xf8, 0xff,
    0xf8, 0xfc, 0xf8, 0xff, 0xf8, 0xfc, 0xf8, 0xff, 0xf8, 0xfc, 0xf8, 0xff,
    0xf8, 0xfc, 0xf8, 0xff, 0xf8, 0xfc, 0xf8, 0xff, 0xf8, 0xfc, 0xf8, 0xff,
    0xf8, 0xfc, 0xf8, 0xff, 0xf8, 0xfc, 0xf8, 0xff, 0xf8, 0xfc, 0xf8, 0xff,
    0xf8, 0xfc, 0xf8, 0xff, 0xf8, 0xfc, 0xf8, 0xff, 0xf8, 0xfc, 0xf8, 0xff,
    0xf8, 0xfc, 0xf8, 0xff, 0xf8, 0xfc, 0xf8, 0xff, 0xf8, 0xfc, 0xf8, 0xff,
    0xf8, 0xfc, 0xf8, 0xff, 0xf8, 0xfc, 0xf8, 0xff, 0xf8, 0xfc, 0xf8, 0xff,
    0xf8, 0xfc, 0xf8, 0xff, 0xf8, 0xfc, 0xf8, 0xff, 0xf8, 0xfc, 0xf8, 0xff,
    0xf8, 0xfc, 0xf8, 0xff, 0x70, 0x6c, 0x68, 0xff, 0x28, 0x28, 0x28, 0xff,
    0x28, 0x28, 0x28, 0xff, 0x28, 0x28, 0x28, 0xff, 0x28, 0x28, 0x28, 0xff,
    0x28, 0x28, 0x28, 0xff, 0x28, 0x28, 0x20, 0xff, 0x28, 0x24, 0x28, 0xff,
    0x28, 0x28, 0x28, 0xff, 0x30, 0x28, 0x20, 0xff, 0x28, 0x24, 0x28, 0xff,
    0x28, 0x28, 0x28, 0xff, 0x28, 0x24, 0x20, 0xff, 0x28, 0x28, 0x28, 0xff,
    0x28, 0x28, 0x28, 0xff, 0x28, 0x24, 0x20, 0xff, 0x28, 0x28, 0x28, 0xff,
    0x28, 0x24, 0x28, 0xff, 0x28, 0x28, 0x20, 0xff, 0x28, 0x24, 0x28, 0xff,
    0x28, 0x24, 0x28, 0xff, 0x28, 0x28, 0x20, 0xff, 0x28, 0x24, 0x28, 0xff,
    0x48, 0x40, 0x40, 0xff, 0xf8, 0xfc, 0xf8, 0xff, 0xa8, 0xa8, 0xa8, 0xff,
    0x28, 0x24, 0x20, 0xff, 0x28, 0x28, 0x28, 0xff, 0x28, 0x24, 0x20, 0xff,
    0x28, 0x24, 0x20, 0xff, 0xe0, 0xe0, 0xe0, 0xff, 0xd8, 0xd4, 0xd0, 0xff,
    0x28, 0x24, 0x28, 0xff, 0x40, 0x44, 0x40, 0xff, 0xf8, 0xfc, 0xf8, 0xff,
    0x80, 0x7c, 0x78, 0xff, 0x20, 0x24, 0x20, 0xff, 0xa8, 0xa8, 0xa8, 0xff,
    0xe0, 0xe4, 0xe0, 0xff, 0x28, 0x24, 0x28, 0xff, 0x28, 0x24, 0x20, 0xff,
    0xe0, 0xe0, 0xe0, 0xff, 0xa8, 0xa8, 0xa8, 0xff, 0x28, 0x24, 0x20, 0xff,
    0x28, 0x24, 0x20, 0xff, 0x28, 0x24, 0x28, 0xff, 0xa8, 0xa8, 0xa8, 0xff,
    0xe0, 0xe0, 0xe0, 0xff, 0x28, 0x24, 0x20, 0xff, 0x88, 0x8c, 0x88, 0xff,
    0xf8, 0xfc, 0xf8, 0xff, 0x60, 0x60, 0x60, 0xff, 0x28, 0x24, 0x28, 0xff,
    0x20, 0x24, 0x20, 0xff, 0x28, 0x24, 0x20, 0xff, 0xe0, 0xe0, 0xe0, 0xff,
    0xe0, 0xe4, 0xe0, 0xff, 0x28, 0x24, 0x28, 0xff, 0x28, 0x24, 0x20, 0xff,
    0x60, 0x5c, 0x60, 0xff, 0x28, 0x24, 0x20, 0xff, 0x28, 0x24, 0x20, 0xff,
    0x28, 0x24, 0x28, 0xff, 0x88, 0x88, 0x88, 0xff, 0xf8, 0xfc, 0xf8, 0xff,
    0x70, 0x70, 0x70, 0xff, 0x28, 0x24, 0x20, 0xff, 0x20, 0x24, 0x20, 0xff,
    0x28, 0x24, 0x20, 0xff, 0x28, 0x24, 0x28, 0xff, 0x20, 0x24, 0x20, 0xff,
    0x28, 0x24, 0x28, 0xff, 0x28, 0x24, 0x28, 0xff, 0x28, 0x24, 0x20, 0xff,
    0x28, 0x28, 0x28, 0xff, 0x28, 0x24, 0x20, 0xff, 0x20, 0x24, 0x20, 0xff,
    0x28, 0x24, 0x28, 0xff, 0x28, 0x24, 0x20, 0xff, 0x28, 0x24, 0x28, 0xff,
    0x20, 0x24, 0x20, 0xff, 0x28, 0x24, 0x28, 0xff, 0x28, 0x24, 0x20, 0xff,
    0x28, 0x28, 0x28, 0xff, 0x58, 0x58, 0x58, 0xff, 0xf8, 0xfc, 0xf8, 0x00,
    0xf8, 0xfc, 0xf8, 0x00, 0xf8, 0xfc, 0xf8, 0x00, 0xf8, 0xfc, 0xf8, 0x00,
    0x80, 0x7c, 0x78, 0x9e, 0x30, 0x2c, 0x30, 0xff, 0x30, 0x2c, 0x28, 0xff,
    0x30, 0x2c, 0x30, 0xff, 0x30, 0x30, 0x30, 0xff, 0x30, 0x2c, 0x28, 0xff,
    0x30, 0x2c, 0x30, 0xff, 0x30, 0x2c, 0x30, 0xff, 0x28, 0x2c, 0x28, 0xff,
    0x30, 0x30, 0x30, 0xff, 0x30, 0x2c, 0x30, 0xff, 0x30, 0x2c, 0x28, 0xff,
    0x28, 0x2c, 0x28, 0xff, 0x28, 0x2c, 0x28, 0xff, 0x30, 0x30, 0x30, 0xff,
    0x30, 0x2c, 0x30, 0xff, 0x30, 0x2c, 0x28, 0xff, 0x30, 0x2c, 0x30, 0xff,
    0x30, 0x2c, 0x28, 0xff, 0x78, 0x7c, 0x78, 0xff, 0xc8, 0xcc, 0xc8, 0xff,
    0xd0, 0xcc, 0xc8, 0xff, 0xc8, 0xcc, 0xd0, 0xff, 0xc8, 0xcc, 0xc8, 0xff,
    0xd0, 0xcc, 0xc8, 0xff, 0xc8, 0xcc, 0xc8, 0xff, 0xc8, 0xcc, 0xc8, 0xff,
    0xc8, 0xc8, 0xc8, 0xff, 0xc8, 0xcc, 0xc8, 0xff, 0xc8, 0xcc, 0xc8, 0xff,
    0xc8, 0xcc, 0xc8, 0xff, 0xc8, 0xc8, 0xc8, 0xff, 0xc8, 0xcc, 0xc8, 0xff,
    0xc8, 0xc8, 0xc8, 0xff, 0xc8, 0xc8, 0xc8, 0xff, 0xc8, 0xc8, 0xc8, 0xff,
    0xc8, 0xc8, 0xc8, 0xff, 0xc8, 0xcc, 0xc8, 0xff, 0xc8, 0xc8, 0xc8, 0xff,
    0xc8, 0xc8, 0xc8, 0xff, 0xc8, 0xcc, 0xc8, 0xff, 0xd0, 0xc8, 0xc8, 0xff,
    0xc8, 0xc8, 0xc8, 0xff, 0xc8, 0xc8, 0xc8, 0xff, 0xc8, 0xc8, 0xc8, 0xff,
    0xc8, 0xc8, 0xc8, 0xff, 0xc8, 0xc8, 0xc8, 0xff, 0xc8, 0xc8, 0xc8, 0xff,
    0xd0, 0xc8, 0xc8, 0xff, 0xc8, 0xc8, 0xc8, 0xff, 0xc8, 0xc8, 0xc8, 0xff,
    0xc8, 0xcc, 0xc8, 0xff, 0xc8, 0xc8, 0xc8, 0xff, 0xc8, 0xcc, 0xc8, 0xff,
    0xc8, 0xcc, 0xc8, 0xff, 0xc8, 0xc8, 0xc8, 0xff, 0xc8, 0xcc, 0xc8, 0xff,
    0xc8, 0xcc, 0xc8, 0xff, 0xc8, 0xc8, 0xc8, 0xff, 0xc8, 0xcc, 0xc8, 0xff,
    0xc8, 0xc8, 0xc8, 0xff, 0x78, 0x78, 0x78, 0xff, 0x28, 0x28, 0x28, 0xff,
    0x28, 0x28, 0x28, 0xff, 0x28, 0x28, 0x28, 0xff, 0x30, 0x24, 0x20, 0xff,
    0x28, 0x28, 0x28, 0xff, 0x28, 0x28, 0x28, 0xff, 0x30, 0x28, 0x28, 0xff,
    0x28, 0x24, 0x28, 0xff, 0x28, 0x28, 0x20, 0xff, 0x28, 0x28, 0x28, 0xff,
    0x28, 0x28, 0x28, 0xff, 0x28, 0x28, 0x28, 0xff, 0x28, 0x28, 0x28, 0xff,
    0x28, 0x28, 0x28, 0xff, 0x28, 0x24, 0x20, 0xff, 0x28, 0x28, 0x28, 0xff,
    0x28, 0x28, 0x28, 0xff, 0x28, 0x24, 0x20, 0xff, 0x28, 0x28, 0x28, 0xff,
    0x28, 0x28, 0x20, 0xff, 0x28, 0x24, 0x28, 0xff, 0x28, 0x28, 0x28, 0xff,
    0x28, 0x28, 0x28, 0xff, 0x40, 0x40, 0x40, 0xff, 0xf8, 0xfc, 0xf8, 0xff,
    0xc8, 0xc4, 0xc8, 0xff, 0x80, 0x7c, 0x78, 0xff, 0x80, 0x7c, 0x80, 0xff,
    0x80, 0x7c, 0x80, 0xff, 0xa8, 0xa8, 0xa8, 0xff, 0xf8, 0xfc, 0xf8, 0xff,
    0x88, 0x8c, 0x88, 0xff, 0x28, 0x24, 0x28, 0xff, 0x40, 0x40, 0x40, 0xff,
    0xf8, 0xfc, 0xf8, 0xff, 0x80, 0x7c, 0x80, 0xff, 0x28, 0x24, 0x28, 0xff,
    0xa8, 0xa8, 0xa8, 0xff, 0xe0, 0xe0, 0xe0, 0xff, 0x28, 0x24, 0x20, 0xff,
    0x28, 0x24, 0x28, 0xff, 0xe0, 0xe4, 0xe0, 0xff, 0xa8, 0xa8, 0xa8, 0xff,
    0x28, 0x24, 0x20, 0xff, 0x28, 0x24, 0x20, 0xff, 0x20, 0x24, 0x28, 0xff,
    0xa8, 0xa8, 0xa8, 0xff, 0xe0, 0xe0, 0xe0, 0xff, 0x28, 0x24, 0x28, 0xff,
    0x38, 0x34, 0x30, 0xff, 0xf0, 0xf0, 0xf0, 0xff, 0xe0, 0xe0, 0xe0, 0xff,
    0x60, 0x5c, 0x60, 0xff, 0x40, 0x40, 0x40, 0xff, 0x98, 0x98, 0x98, 0xff,
    0xf0, 0xf0, 0xf0, 0xff, 0xe0, 0xe0, 0xe0, 0xff, 0x28, 0x24, 0x28, 0xff,
    0x50, 0x50, 0x50, 0xff, 0xf8, 0xfc, 0xf8, 0xff, 0xa8, 0xa8, 0xa8, 0xff,
    0x40, 0x40, 0x40, 0xff, 0x50, 0x50, 0x50, 0xff, 0xb8, 0xb8, 0xb8, 0xff,
    0xf0, 0xf0, 0xf0, 0xff, 0x40, 0x40, 0x40, 0xff, 0x28, 0x24, 0x20, 0xff,
    0x28, 0x24, 0x28, 0xff, 0x28, 0x24, 0x28, 0xff, 0x28, 0x24, 0x20, 0xff,
    0x28, 0x28, 0x20, 0xff, 0x28, 0x24, 0x20, 0xff, 0x28, 0x24, 0x28, 0xff,
    0x28, 0x24, 0x20, 0xff, 0x28, 0x24, 0x28, 0xff, 0x28, 0x24, 0x28, 0xff,
    0x28, 0x24, 0x20, 0xff, 0x28, 0x28, 0x28, 0xff, 0x20, 0x24, 0x20, 0xff,
    0x28, 0x24, 0x20, 0xff, 0x28, 0x28, 0x28, 0xff, 0x28, 0x24, 0x20, 0xff,
    0x20, 0x24, 0x20, 0xff, 0x28, 0x24, 0x20, 0xff, 0x58, 0x58, 0x58, 0xff,
    0xf8, 0xfc, 0xf8, 0x00, 0xf8, 0xfc, 0xf8, 0x00, 0xf8, 0xfc, 0xf8, 0x00,
    0xf8, 0xfc, 0xf8, 0x00, 0x78, 0x7c, 0x78, 0xa2, 0x30, 0x2c, 0x30, 0xff,
    0x28, 0x2c, 0x28, 0xff, 0x30, 0x30, 0x28, 0xff, 0x30, 0x2c, 0x28, 0xff,
    0x30, 0x2c, 0x30, 0xff, 0x28, 0x2c, 0x28, 0xff, 0x30, 0x30, 0x28, 0xff,
    0x30, 0x2c, 0x30, 0xff, 0x28, 0x2c, 0x28, 0xff, 0x30, 0x2c, 0x30, 0xff,
    0x30, 0x2c, 0x28, 0xff, 0x30, 0x2c, 0x30, 0xff, 0x30, 0x2c, 0x28, 0xff,
    0x28, 0x2c, 0x28, 0xff, 0x30, 0x2c, 0x30, 0xff, 0x28, 0x2c, 0x28, 0xff,
    0x30, 0x2c, 0x28, 0xff, 0x30, 0x2c, 0x30, 0xff, 0x30, 0x2c, 0x28, 0xff,
    0x30, 0x2c, 0x30, 0xff, 0x30, 0x2c, 0x28, 0xff, 0x30, 0x2c, 0x28, 0xff,
    0x28, 0x2c, 0x28, 0xff, 0x30, 0x2c, 0x28, 0xff, 0x30, 0x2c, 0x30, 0xff,
    0x30, 0x28, 0x28, 0xff, 0x30, 0x2c, 0x28, 0xff, 0x30, 0x2c, 0x30, 0xff,
    0x30, 0x28, 0x28, 0xff, 0x30, 0x2c, 0x28, 0xff, 0x30, 0x28, 0x28, 0xff,
    0x30, 0x28, 0x28, 0xff, 0x30, 0x2c, 0x30, 0xff, 0x30, 0x2c, 0x28, 0xff,
    0x30, 0x28, 0x28, 0xff, 0x28, 0x2c, 0x28, 0xff, 0x30, 0x28, 0x28, 0xff,
    0x30, 0x28, 0x28, 0xff, 0x28, 0x28, 0x28, 0xff, 0x30, 0x2c, 0x28, 0xff,
    0x28, 0x2c, 0x28, 0xff, 0x28, 0x28, 0x28, 0xff, 0x30, 0x28, 0x28, 0xff,
    0x30, 0x2c, 0x28, 0xff, 0x28, 0x28, 0x28, 0xff, 0x28, 0x28, 0x28, 0xff,
    0x30, 0x2c, 0x28, 0xff, 0x28, 0x28, 0x28, 0xff, 0x28, 0x28, 0x28, 0xff,
    0x28, 0x28, 0x28, 0xff, 0x30, 0x28, 0x28, 0xff, 0x28, 0x28, 0x28, 0xff,
    0x28, 0x28, 0x28, 0xff, 0x28, 0x28, 0x28, 0xff, 0x28, 0x28, 0x28, 0xff,
    0x30, 0x28, 0x28, 0xff, 0x28, 0x28, 0x28, 0xff, 0x28, 0x28, 0x28, 0xff,
    0x28, 0x28, 0x28, 0xff, 0x30, 0x28, 0x28, 0xff, 0x28, 0x28, 0x28, 0xff,
    0x28, 0x28, 0x28, 0xff, 0x28, 0x28, 0x28, 0xff, 0x28, 0x28, 0x28, 0xff,
    0x28, 0x24, 0x20, 0xff, 0x28, 0x28, 0x28, 0xff, 0x28, 0x28, 0x28, 0xff,
    0x28, 0x24, 0x20, 0xff, 0x28, 0x28, 0x28, 0xff, 0x28, 0x28, 0x28, 0xff,
    0x28, 0x28, 0x28, 0xff, 0x28, 0x24, 0x20, 0xff, 0x28, 0x24, 0x20, 0xff,
    0x28, 0x24, 0x28, 0xff, 0x28, 0x28, 0x20, 0xff, 0x28, 0x24, 0x28, 0xff,
    0x28, 0x24, 0x28, 0xff, 0x28, 0x28, 0x20, 0xff, 0x28, 0x24, 0x20, 0xff,
    0x28, 0x24, 0x28, 0xff, 0x28, 0x24, 0x20, 0xff, 0x28, 0x24, 0x20, 0xff,
    0x28, 0x24, 0x20, 0xff, 0x28, 0x28, 0x28, 0xff, 0x48, 0x44, 0x40, 0xff,
    0xf8, 0xfc, 0xf8, 0xff, 0xf8, 0xfc, 0xf8, 0xff, 0xf8, 0xfc, 0xf8, 0xff,
    0xf8, 0xfc, 0xf8, 0xff, 0xf8, 0xfc, 0xf8, 0xff, 0xe0, 0xe4, 0xe0, 0xff,
    0x98, 0x98, 0x98, 0xff, 0x28, 0x24, 0x28, 0xff, 0x28, 0x24, 0x20, 0xff,
    0x40, 0x40, 0x40, 0xff, 0xf8, 0xfc, 0xf8, 0xff, 0x80, 0x7c, 0x78, 0xff,
    0x28, 0x24, 0x20, 0xff, 0xa8, 0xa8, 0xa8, 0xff, 0xe0, 0xe4, 0xe0, 0xff,
    0x28, 0x24, 0x28, 0xff, 0x28, 0x24, 0x28, 0xff, 0xe0, 0xe4, 0xe0, 0xff,
    0xa8, 0xa8, 0xa8, 0xff, 0x28, 0x24, 0x28, 0xff, 0x28, 0x24, 0x20, 0xff,
    0x28, 0x24, 0x20, 0xff, 0xa8, 0xa8, 0xa8, 0xff, 0xe0, 0xe4, 0xe0, 0xff,
    0x28, 0x24, 0x28, 0xff, 0x28, 0x24, 0x28, 0xff, 0x60, 0x60, 0x60, 0xff,
    0xe0, 0xe4, 0xe0, 0xff, 0xf8, 0xfc, 0xf8, 0xff, 0xf8, 0xfc, 0xf8, 0xff,
    0xd8, 0xd4, 0xd8, 0xff, 0xb8, 0xb8, 0xb8, 0xff, 0xe0, 0xe4, 0xe0, 0xff,
    0x28, 0x24, 0x20, 0xff, 0x28, 0x24, 0x28, 0xff, 0x88, 0x8c, 0x88, 0xff,
    0xf0, 0xf0, 0xf0, 0xff, 0xf8, 0xfc, 0xf8, 0xff, 0xf8, 0xfc, 0xf8, 0xff,
    0xf0, 0xf0, 0xf0, 0xff, 0x88, 0x88, 0x88, 0xff, 0x28, 0x24, 0x20, 0xff,
    0x28, 0x24, 0x28, 0xff, 0x28, 0x24, 0x28, 0xff, 0x28, 0x24, 0x20, 0xff,
    0x20, 0x24, 0x20, 0xff, 0x28, 0x24, 0x28, 0xff, 0x28, 0x28, 0x28, 0xff,
    0x20, 0x24, 0x20, 0xff, 0x28, 0x24, 0x20, 0xff, 0x28, 0x24, 0x20, 0xff,
    0x28, 0x28, 0x28, 0xff, 0x28, 0x24, 0x20, 0xff, 0x28, 0x24, 0x28, 0xff,
    0x28, 0x24, 0x20, 0xff, 0x20, 0x24, 0x20, 0xff, 0x28, 0x24, 0x28, 0xff,
    0x28, 0x24, 0x20, 0xff, 0x28, 0x24, 0x28, 0xff, 0x28, 0x24, 0x20, 0xff,
    0x58, 0x58, 0x58, 0xff, 0xf8, 0xfc, 0xf8, 0x00, 0xf8, 0xfc, 0xf8, 0x00,
    0xf8, 0xfc, 0xf8, 0x00, 0xf8, 0xfc, 0xf8, 0x00, 0x80, 0x7c, 0x78, 0x9e,
    0x30, 0x2c, 0x30, 0xff, 0x30, 0x2c, 0x30, 0xff, 0x28, 0x2c, 0x28, 0xff,
    0x30, 0x2c, 0x30, 0xff, 0x30, 0x2c, 0x28, 0xff, 0x28, 0x30, 0x30, 0xff,
    0x30, 0x2c, 0x28, 0xff, 0x30, 0x2c, 0x28, 0xff, 0x30, 0x2c, 0x28, 0xff,
    0x28, 0x2c, 0x28, 0xff, 0x30, 0x2c, 0x30, 0xff, 0x30, 0x2c, 0x28, 0xff,
    0x28, 0x2c, 0x30, 0xff, 0x30, 0x2c, 0x28, 0xff, 0x28, 0x2c, 0x28, 0xff,
    0x30, 0x2c, 0x30, 0xff, 0x28, 0x2c, 0x28, 0xff, 0x28, 0x2c, 0x28, 0xff,
    0x30, 0x2c, 0x30, 0xff, 0x28, 0x2c, 0x28, 0xff, 0x28, 0x2c, 0x28, 0xff,
    0x30, 0x2c, 0x30, 0xff, 0x30, 0x2c, 0x28, 0xff, 0x28, 0x2c, 0x28, 0xff,
    0x30, 0x2c, 0x30, 0xff, 0x30, 0x2c, 0x28, 0xff, 0x28, 0x2c, 0x28, 0xff,
    0x28, 0x28, 0x28, 0xff, 0x30, 0x2c, 0x30, 0xff, 0x28, 0x2c, 0x28, 0xff,
    0x28, 0x28, 0x28, 0xff, 0x28, 0x2c, 0x28, 0xff, 0x28, 0x2c, 0x28, 0xff,
    0x30, 0x28, 0x28, 0xff, 0x28, 0x2c, 0x30, 0xff, 0x28, 0x2c, 0x28, 0xff,
    0x30, 0x28, 0x28, 0xff, 0x28, 0x28, 0x28, 0xff, 0x28, 0x2c, 0x30, 0xff,
    0x30, 0x28, 0x28, 0xff, 0x28, 0x28, 0x28, 0xff, 0x28, 0x28, 0x28, 0xff,
    0x28, 0x2c, 0x28, 0xff, 0x28, 0x28, 0x28, 0xff, 0x30, 0x28, 0x28, 0xff,
    0x28, 0x28, 0x28, 0xff, 0x30, 0x2c, 0x28, 0xff, 0x28, 0x28, 0x28, 0xff,
    0x28, 0x28, 0x28, 0xff, 0x30, 0x28, 0x28, 0xff, 0x28, 0x28, 0x28, 0xff,
    0x28, 0x28, 0x28, 0xff, 0x30, 0x28, 0x28, 0xff, 0x28, 0x28, 0x28, 0xff,
    0x28, 0x28, 0x28, 0xff, 0x30, 0x28, 0x28, 0xff, 0x28, 0x28, 0x28, 0xff,
    0x28, 0x28, 0x28, 0xff, 0x30, 0x28, 0x28, 0xff, 0x28, 0x28, 0x28, 0xff,
    0x28, 0x28, 0x28, 0xff, 0x28, 0x28, 0x28, 0xff, 0x30, 0x28, 0x28, 0xff,
    0x28, 0x28, 0x28, 0xff, 0x28, 0x28, 0x28, 0xff, 0x28, 0x28, 0x28, 0xff,
    0x28, 0x28, 0x20, 0xff, 0x28, 0x28, 0x28, 0xff, 0x28, 0x28, 0x28, 0xff,
    0x28, 0x24, 0x20, 0xff, 0x28, 0x24, 0x28, 0xff, 0x28, 0x24, 0x20, 0xff,
    0x28, 0x28, 0x28, 0xff, 0x28, 0x28, 0x28, 0xff, 0x28, 0x28, 0x28, 0xff,
    0x28, 0x24, 0x20, 0xff, 0x28, 0x24, 0x20, 0xff, 0x28, 0x28, 0x28, 0xff,
    0x28, 0x28, 0x28, 0xff, 0x28, 0x24, 0x28, 0xff, 0x28, 0x24, 0x28, 0xff,
    0x28, 0x28, 0x28, 0xff, 0x28, 0x24, 0x28, 0xff, 0x28, 0x24, 0x20, 0xff,
    0x28, 0x28, 0x28, 0xff, 0x40, 0x44, 0x40, 0xff, 0x40, 0x40, 0x40, 0xff,
    0x40, 0x44, 0x40, 0xff, 0x40, 0x44, 0x40, 0xff, 0x48, 0x40, 0x40, 0xff,
    0x28, 0x24, 0x28, 0xff, 0x28, 0x24, 0x28, 0xff, 0x28, 0x24, 0x20, 0xff,
    0x28, 0x24, 0x20, 0xff, 0x28, 0x24, 0x28, 0xff, 0x40, 0x40, 0x40, 0xff,
    0x28, 0x24, 0x20, 0xff, 0x28, 0x24, 0x28, 0xff, 0x30, 0x34, 0x30, 0xff,
    0x38, 0x34, 0x30, 0xff, 0x28, 0x24, 0x28, 0xff, 0x28, 0x24, 0x20, 0xff,
    0x30, 0x34, 0x30, 0xff, 0x30, 0x34, 0x30, 0xff, 0x28, 0x24, 0x28, 0xff,
    0x28, 0x24, 0x28, 0xff, 0x28, 0x24, 0x20, 0xff, 0x30, 0x34, 0x30, 0xff,
    0x30, 0x34, 0x30, 0xff, 0x28, 0x24, 0x20, 0xff, 0x28, 0x24, 0x28, 0xff,
    0x28, 0x24, 0x20, 0xff, 0x38, 0x34, 0x30, 0xff, 0x70, 0x70, 0x70, 0xff,
    0x60, 0x60, 0x60, 0xff, 0x28, 0x24, 0x20, 0xff, 0x38, 0x34, 0x30, 0xff,
    0x38, 0x34, 0x38, 0xff, 0x28, 0x24, 0x20, 0xff, 0x28, 0x24, 0x20, 0xff,
    0x28, 0x24, 0x20, 0xff, 0x38, 0x34, 0x30, 0xff, 0x70, 0x6c, 0x70, 0xff,
    0x70, 0x70, 0x70, 0xff, 0x38, 0x34, 0x30, 0xff, 0x28, 0x24, 0x28, 0xff,
    0x28, 0x24, 0x20, 0xff, 0x28, 0x28, 0x28, 0xff, 0x28, 0x24, 0x20, 0xff,
    0x28, 0x24, 0x20, 0xff, 0x28, 0x24, 0x28, 0xff, 0x28, 0x24, 0x20, 0xff,
    0x28, 0x24, 0x20, 0xff, 0x20, 0x24, 0x20, 0xff, 0x28, 0x24, 0x28, 0xff,
    0x28, 0x24, 0x20, 0xff, 0x20, 0x24, 0x20, 0xff, 0x20, 0x24, 0x20, 0xff,
    0x28, 0x24, 0x20, 0xff, 0x28, 0x24, 0x28, 0xff, 0x28, 0x24, 0x28, 0xff,
    0x28, 0x24, 0x20, 0xff, 0x28, 0x24, 0x28, 0xff, 0x20, 0x24, 0x20, 0xff,
    0x28, 0x24, 0x28, 0xff, 0x58, 0x58, 0x58, 0xff, 0xf8, 0xfc, 0xf8, 0x00,
    0xf8, 0xfc, 0xf8, 0x00, 0xf8, 0xfc, 0xf8, 0x00, 0xf8, 0xfc, 0xf8, 0x00,
    0x78, 0x7c, 0x78, 0x9e, 0x30, 0x2c, 0x30, 0xff, 0x30, 0x30, 0x30, 0xff,
    0x30, 0x2c, 0x28, 0xff, 0x30, 0x2c, 0x30, 0xff, 0x30, 0x2c, 0x30, 0xff,
    0x30, 0x2c, 0x28, 0xff, 0x30, 0x2c, 0x30, 0xff, 0x30, 0x2c, 0x28, 0xff,
    0x30, 0x2c, 0x30, 0xff, 0x30, 0x2c, 0x30, 0xff, 0x28, 0x2c, 0x28, 0xff,
    0x30, 0x2c, 0x28, 0xff, 0x30, 0x2c, 0x30, 0xff, 0x28, 0x2c, 0x28, 0xff,
    0x30, 0x2c, 0x28, 0xff, 0x30, 0x2c, 0x28, 0xff, 0x30, 0x2c, 0x30, 0xff,
    0x30, 0x2c, 0x28, 0xff, 0xa0, 0xa4, 0xa0, 0xff, 0xc8, 0xcc, 0xc8, 0xff,
    0xc8, 0xcc, 0xc8, 0xff, 0xc8, 0xc8, 0xd0, 0xff, 0xc8, 0xc8, 0xc8, 0xff,
    0xc8, 0xcc, 0xc8, 0xff, 0xc8, 0xc8, 0xc8, 0xff, 0xc8, 0xcc, 0xc8, 0xff,
    0xc8, 0xcc, 0xc8, 0xff, 0xc8, 0xc8, 0xd0, 0xff, 0xc8, 0xc8, 0xc8, 0xff,
    0xc8, 0xcc, 0xc8, 0xff, 0xd0, 0xc8, 0xd0, 0xff, 0xc8, 0xc8, 0xd0, 0xff,
    0xc8, 0xcc, 0xc8, 0xff, 0xc8, 0xc8, 0xc8, 0xff, 0xc8, 0xc8, 0xd0, 0xff,
    0xd0, 0xcc, 0xc8, 0xff, 0xc8, 0xcc, 0xc8, 0xff, 0xc8, 0xc8, 0xd0, 0xff,
    0xd0, 0xcc, 0xc8, 0xff, 0xc8, 0xcc, 0xc8, 0xff, 0xd0, 0xc8, 0xd0, 0xff,
    0xd0, 0xcc, 0xc8, 0xff, 0xc8, 0xcc, 0xc8, 0xff, 0xc8, 0xcc, 0xd0, 0xff,
    0xd0, 0xcc, 0xc8, 0xff, 0xc8, 0xcc, 0xc8, 0xff, 0xc8, 0xc8, 0xc8, 0xff,
    0xc8, 0xcc, 0xc8, 0xff, 0xc8, 0xcc, 0xc8, 0xff, 0xc8, 0xcc, 0xc8, 0xff,
    0xc8, 0xcc, 0xc8, 0xff, 0xc8, 0xcc, 0xc8, 0xff, 0xd0, 0xc8, 0xc8, 0xff,
    0xc8, 0xcc, 0xc8, 0xff, 0xc8, 0xc8, 0xc8, 0xff, 0xc8, 0xc8, 0xc8, 0xff,
    0xc8, 0xcc, 0xc8, 0xff, 0xc8, 0xc8, 0xc8, 0xff, 0xd0, 0xc8, 0xc8, 0xff,
    0xc8, 0xcc, 0xc8, 0xff, 0xa0, 0xa0, 0xa0, 0xff, 0x28, 0x28, 0x28, 0xff,
    0x28, 0x24, 0x20, 0xff, 0x28, 0x28, 0x20, 0xff, 0x28, 0x28, 0x28, 0xff,
    0x28, 0x24, 0x28, 0xff, 0x28, 0x24, 0x28, 0xff, 0x28, 0x24, 0x20, 0xff,
    0x28, 0x28, 0x28, 0xff, 0x28, 0x24, 0x28, 0xff, 0x28, 0x28, 0x20, 0xff,
    0x28, 0x28, 0x28, 0xff, 0x28, 0x24, 0x28, 0xff, 0x28, 0x28, 0x20, 0xff,
    0x28, 0x24, 0x28, 0xff, 0x28, 0x28, 0x28, 0xff, 0x28, 0x28, 0x28, 0xff,
    0x28, 0x24, 0x20, 0xff, 0x28, 0x24, 0x20, 0xff, 0x28, 0x28, 0x28, 0xff,
    0x28, 0x28, 0x20, 0xff, 0x28, 0x24, 0x20, 0xff, 0x28, 0x28, 0x28, 0xff,
    0x28, 0x24, 0x28, 0xff, 0x28, 0x24, 0x20, 0xff, 0x28, 0x24, 0x28, 0xff,
    0x28, 0x24, 0x28, 0xff, 0x28, 0x24, 0x20, 0xff, 0x28, 0x24, 0x20, 0xff,
    0x28, 0x24, 0x28, 0xff, 0x28, 0x24, 0x20, 0xff, 0x28, 0x24, 0x20, 0xff,
    0x28, 0x24, 0x20, 0xff, 0x28, 0x28, 0x28, 0xff, 0x28, 0x24, 0x28, 0xff,
    0x28, 0x24, 0x20, 0xff, 0x28, 0x24, 0x28, 0xff, 0x28, 0x24, 0x28, 0xff,
    0x28, 0x24, 0x20, 0xff, 0x28, 0x24, 0x20, 0xff, 0x28, 0x24, 0x28, 0xff,
    0x28, 0x24, 0x20, 0xff, 0x28, 0x24, 0x20, 0xff, 0x28, 0x24, 0x28, 0xff,
    0x28, 0x24, 0x20, 0xff, 0x28, 0x24, 0x20, 0xff, 0x28, 0x24, 0x28, 0xff,
    0x28, 0x24, 0x28, 0xff, 0x28, 0x24, 0x28, 0xff, 0x28, 0x24, 0x20, 0xff,
    0x28, 0x24, 0x28, 0xff, 0x28, 0x24, 0x28, 0xff, 0x28, 0x24, 0x20, 0xff,
    0x28, 0x24, 0x28, 0xff, 0x28, 0x24, 0x28, 0xff, 0x28, 0x24, 0x20, 0xff,
    0x20, 0x24, 0x20, 0xff, 0x28, 0x24, 0x28, 0xff, 0x28, 0x24, 0x28, 0xff,
    0x28, 0x24, 0x28, 0xff, 0x28, 0x24, 0x20, 0xff, 0x28, 0x24, 0x28, 0xff,
    0x28, 0x24, 0x20, 0xff, 0x28, 0x24, 0x20, 0xff, 0x28, 0x24, 0x20, 0xff,
    0x28, 0x24, 0x28, 0xff, 0x28, 0x24, 0x20, 0xff, 0x28, 0x24, 0x20, 0xff,
    0x20, 0x24, 0x20, 0xff, 0x28, 0x28, 0x28, 0xff, 0x28, 0x24, 0x28, 0xff,
    0x20, 0x24, 0x20, 0xff, 0x28, 0x24, 0x28, 0xff, 0x28, 0x24, 0x20, 0xff,
    0x28, 0x24, 0x28, 0xff, 0x28, 0x24, 0x28, 0xff, 0x28, 0x24, 0x28, 0xff,
    0x28, 0x24, 0x20, 0xff, 0x28, 0x24, 0x28, 0xff, 0x20, 0x24, 0x20, 0xff,
    0x28, 0x28, 0x28, 0xff, 0x28, 0x24, 0x20, 0xff, 0x28, 0x24, 0x28, 0xff,
    0x28, 0x28, 0x20, 0xff, 0x28, 0x24, 0x20, 0xff, 0x58, 0x58, 0x58, 0xff,
    0xf8, 0xfc, 0xf8, 0x00, 0xf8, 0xfc, 0xf8, 0x00, 0xf8, 0xfc, 0xf8, 0x00,
    0xf8, 0xfc, 0xf8, 0x00, 0x78, 0x7c, 0x78, 0xa2, 0x30, 0x2c, 0x30, 0xff,
    0x30, 0x2c, 0x28, 0xff, 0x28, 0x2c, 0x28, 0xff, 0x30, 0x30, 0x30, 0xff,
    0x28, 0x2c, 0x28, 0xff, 0x30, 0x2c, 0x28, 0xff, 0x28, 0x2c, 0x30, 0xff,
    0x28, 0x2c, 0x28, 0xff, 0x30, 0x2c, 0x28, 0xff, 0x28, 0x2c, 0x30, 0xff,
    0x30, 0x2c, 0x28, 0xff, 0x30, 0x2c, 0x28, 0xff, 0x28, 0x2c, 0x30, 0xff,
    0x30, 0x2c, 0x30, 0xff, 0x30, 0x2c, 0x28, 0xff, 0x28, 0x2c, 0x28, 0xff,
    0x30, 0x2c, 0x28, 0xff, 0x88, 0x88, 0x88, 0xff, 0xf8, 0xfc, 0xf8, 0xff,
    0xf8, 0xfc, 0xf8, 0xff, 0xf8, 0xfc, 0xf8, 0xff, 0xf8, 0xfc, 0xf8, 0xff,
    0xf8, 0xfc, 0xf8, 0xff, 0xf8, 0xfc, 0xf8, 0xff, 0xf8, 0xfc, 0xf8, 0xff,
    0xf8, 0xfc, 0xf8, 0xff, 0xf8, 0xfc, 0xf8, 0xff, 0xf8, 0xfc, 0xf8, 0xff,
    0xf8, 0xfc, 0xf8, 0xff, 0xf8, 0xfc, 0xf8, 0xff, 0xf8, 0xfc, 0xf8, 0xff,
    0xf8, 0xfc, 0xf8, 0xff, 0xf8, 0xfc, 0xf8, 0xff, 0xf8, 0xfc, 0xf8, 0xff,
    0xf8, 0xfc, 0xf8, 0xff, 0xf8, 0xfc, 0xf8, 0xff, 0xf8, 0xfc, 0xf8, 0xff,
    0xf8, 0xfc, 0xf8, 0xff, 0xf8, 0xfc, 0xf8, 0xff, 0xf8, 0xfc, 0xf8, 0xff,
    0xf8, 0xfc, 0xf8, 0xff, 0xf8, 0xfc, 0xf8, 0xff, 0xf8, 0xfc, 0xf8, 0xff,
    0xf8, 0xfc, 0xf8, 0xff, 0xf8, 0xfc, 0xf8, 0xff, 0xf8, 0xfc, 0xf8, 0xff,
    0xf8, 0xfc, 0xf8, 0xff, 0xf8, 0xfc, 0xf8, 0xff, 0xf8, 0xfc, 0xf8, 0xff,
    0xf8, 0xfc, 0xf8, 0xff, 0xf8, 0xfc, 0xf8, 0xff, 0xf8, 0xfc, 0xf8, 0xff,
    0xf8, 0xfc, 0xf8, 0xff, 0xf8, 0xfc, 0xf8, 0xff, 0xf8, 0xfc, 0xf8, 0xff,
    0xf8, 0xfc, 0xf8, 0xff, 0xf8, 0xfc, 0xf8, 0xff, 0xf8, 0xfc, 0xf8, 0xff,
    0xf8, 0xfc, 0xf8, 0xff, 0xf8, 0xfc, 0xf8, 0xff, 0xf8, 0xfc, 0xf8, 0xff,
    0x88, 0x84, 0x88, 0xff, 0x28, 0x28, 0x28, 0xff, 0x28, 0x28, 0x28, 0xff,
    0x28, 0x28, 0x20, 0xff, 0x30, 0x28, 0x28, 0xff, 0x28, 0x24, 0x20, 0xff,
    0x28, 0x28, 0x28, 0xff, 0x28, 0x24, 0x28, 0xff, 0x28, 0x28, 0x20, 0xff,
    0x28, 0x28, 0x28, 0xff, 0x28, 0x24, 0x28, 0xff, 0x28, 0x24, 0x20, 0xff,
    0x28, 0x28, 0x20, 0xff, 0x28, 0x24, 0x20, 0xff, 0x28, 0x24, 0x28, 0xff,
    0x28, 0x28, 0x28, 0xff, 0x28, 0x24, 0x28, 0xff, 0x28, 0x24, 0x28, 0xff,
    0x28, 0x28, 0x20, 0xff, 0x28, 0x24, 0x20, 0xff, 0x28, 0x24, 0x28, 0xff,
    0x28, 0x28, 0x28, 0xff, 0x28, 0x24, 0x20, 0xff, 0x28, 0x24, 0x20, 0xff,
    0x28, 0x24, 0x28, 0xff, 0x28, 0x24, 0x20, 0xff, 0x28, 0x24, 0x28, 0xff,
    0x28, 0x24, 0x28, 0xff, 0x28, 0x28, 0x20, 0xff, 0x20, 0x24, 0x20, 0xff,
    0x28, 0x24, 0x28, 0xff, 0x28, 0x24, 0x20, 0xff, 0x20, 0x24, 0x20, 0xff,
    0x28, 0x24, 0x28, 0xff, 0x28, 0x28, 0x20, 0xff, 0x20, 0x24, 0x20, 0xff,
    0x28, 0x24, 0x20, 0xff, 0x28, 0x24, 0x28, 0xff, 0x20, 0x24, 0x20, 0xff,
    0x28, 0x24, 0x28, 0xff, 0x28, 0x24, 0x28, 0xff, 0x28, 0x24, 0x28, 0xff,
    0x28, 0x24, 0x28, 0xff, 0x28, 0x24, 0x20, 0xff, 0x28, 0x24, 0x28, 0xff,
    0x20, 0x24, 0x20, 0xff, 0x28, 0x24, 0x28, 0xff, 0x28, 0x24, 0x20, 0xff,
    0x28, 0x28, 0x20, 0xff, 0x28, 0x24, 0x20, 0xff, 0x20, 0x24, 0x20, 0xff,
    0x28, 0x24, 0x20, 0xff, 0x28, 0x24, 0x20, 0xff, 0x28, 0x24, 0x28, 0xff,
    0x28, 0x24, 0x20, 0xff, 0x28, 0x24, 0x28, 0xff, 0x28, 0x24, 0x20, 0xff,
    0x28, 0x24, 0x20, 0xff, 0x28, 0x24, 0x28, 0xff, 0x20, 0x24, 0x28, 0xff,
    0x28, 0x24, 0x20, 0xff, 0x28, 0x24, 0x28, 0xff, 0x28, 0x24, 0x20, 0xff,
    0x20, 0x24, 0x20, 0xff, 0x28, 0x24, 0x28, 0xff, 0x28, 0x24, 0x28, 0xff,
    0x28, 0x24, 0x20, 0xff, 0x28, 0x24, 0x28, 0xff, 0x20, 0x24, 0x20, 0xff,
    0x28, 0x24, 0x20, 0xff, 0x28, 0x24, 0x28, 0xff, 0x28, 0x28, 0x28, 0xff,
    0x28, 0x24, 0x20, 0xff, 0x28, 0x24, 0x20, 0xff, 0x20, 0x24, 0x20, 0xff,
    0x28, 0x24, 0x20, 0xff, 0x28, 0x28, 0x28, 0xff, 0x28, 0x24, 0x28, 0xff,
    0x28, 0x24, 0x20, 0xff, 0x28, 0x24, 0x20, 0xff, 0x20, 0x24, 0x20, 0xff,
    0x28, 0x24, 0x28, 0xff, 0x28, 0x24, 0x20, 0xff, 0x28, 0x24, 0x28, 0xff,
    0x58, 0x58, 0x58, 0xff, 0xf8, 0xfc, 0xf8, 0x00, 0xf8, 0xfc, 0xf8, 0x00,
    0xf8, 0xfc, 0xf8, 0x00, 0xf8, 0xfc, 0xf8, 0x00, 0x80, 0x7c, 0x78, 0x9e,
    0x30, 0x2c, 0x30, 0xff, 0x30, 0x2c, 0x28, 0xff, 0x30, 0x2c, 0x28, 0xff,
    0x30, 0x2c, 0x30, 0xff, 0x30, 0x2c, 0x28, 0xff, 0x30, 0x30, 0x30, 0xff,
    0x28, 0x2c, 0x28, 0xff, 0x30, 0x2c, 0x28, 0xff, 0x30, 0x2c, 0x28, 0xff,
    0x28, 0x2c, 0x30, 0xff, 0x30, 0x2c, 0x28, 0xff, 0x30, 0x2c, 0x28, 0xff,
    0x28, 0x2c, 0x28, 0xff, 0x30, 0x2c, 0x30, 0xff, 0x28, 0x2c, 0x30, 0xff,
    0x30, 0x2c, 0x28, 0xff, 0x28, 0x2c, 0x28, 0xff, 0x38, 0x38, 0x38, 0xff,
    0xd8, 0xd8, 0xd8, 0xff, 0xf8, 0xfc, 0xf8, 0xff, 0xf8, 0xfc, 0xf8, 0xff,
    0xf8, 0xfc, 0xf8, 0xff, 0xf8, 0xfc, 0xf8, 0xff, 0xf8, 0xfc, 0xf8, 0xff,
    0xf8, 0xfc, 0xf8, 0xff, 0xf8, 0xfc, 0xf8, 0xff, 0xf8, 0xfc, 0xf8, 0xff,
    0xf8, 0xfc, 0xf8, 0xff, 0xf8, 0xfc, 0xf8, 0xff, 0xf8, 0xfc, 0xf8, 0xff,
    0xf8, 0xfc, 0xf8, 0xff, 0xf8, 0xfc, 0xf8, 0xff, 0xf8, 0xfc, 0xf8, 0xff,
    0xf8, 0xfc, 0xf8, 0xff, 0xf8, 0xfc, 0xf8, 0xff, 0xf8, 0xfc, 0xf8, 0xff,
    0xf8, 0xfc, 0xf8, 0xff, 0xf8, 0xfc, 0xf8, 0xff, 0xf8, 0xfc, 0xf8, 0xff,
    0xf8, 0xfc, 0xf8, 0xff, 0xf8, 0xfc, 0xf8, 0xff, 0xf8, 0xfc, 0xf8, 0xff,
    0xf8, 0xfc, 0xf8, 0xff, 0xf8, 0xfc, 0xf8, 0xff, 0xf8, 0xfc, 0xf8, 0xff,
    0xf8, 0xfc, 0xf8, 0xff, 0xf8, 0xfc, 0xf8, 0xff, 0xf8, 0xfc, 0xf8, 0xff,
    0xf8, 0xfc, 0xf8, 0xff, 0xf8, 0xfc, 0xf8, 0xff, 0xf8, 0xfc, 0xf8, 0xff,
    0xf8, 0xfc, 0xf8, 0xff, 0xf8, 0xfc, 0xf8, 0xff, 0xf8, 0xfc, 0xf8, 0xff,
    0xf8, 0xfc, 0xf8, 0xff, 0xf8, 0xfc, 0xf8, 0xff, 0xf8, 0xfc, 0xf8, 0xff,
    0xf8, 0xfc, 0xf8, 0xff, 0xf8, 0xfc, 0xf8, 0xff, 0xf8, 0xfc, 0xf8, 0xff,
    0xd8, 0xd8, 0xd8, 0xff, 0x38, 0x34, 0x30, 0xff, 0x28, 0x28, 0x28, 0xff,
    0x28, 0x28, 0x28, 0xff, 0x28, 0x24, 0x28, 0xff, 0x28, 0x28, 0x28, 0xff,
    0x28, 0x28, 0x28, 0xff, 0x28, 0x28, 0x20, 0xff, 0x28, 0x28, 0x28, 0xff,
    0x28, 0x24, 0x28, 0xff, 0x28, 0x24, 0x20, 0xff, 0x28, 0x28, 0x28, 0xff,
    0x28, 0x28, 0x28, 0xff, 0x28, 0x24, 0x28, 0xff, 0x28, 0x28, 0x28, 0xff,
    0x28, 0x24, 0x20, 0xff, 0x28, 0x28, 0x20, 0xff, 0x28, 0x24, 0x20, 0xff,
    0x28, 0x24, 0x28, 0xff, 0x28, 0x24, 0x28, 0xff, 0x28, 0x24, 0x20, 0xff,
    0x28, 0x24, 0x28, 0xff, 0x28, 0x24, 0x20, 0xff, 0x28, 0x28, 0x20, 0xff,
    0x28, 0x24, 0x28, 0xff, 0x28, 0x28, 0x20, 0xff, 0x28, 0x28, 0x20, 0xff,
    0x28, 0x24, 0x28, 0xff, 0x28, 0x24, 0x28, 0xff, 0x28, 0x24, 0x20, 0xff,
    0x28, 0x24, 0x28, 0xff, 0x28, 0x24, 0x28, 0xff, 0x28, 0x28, 0x28, 0xff,
    0x28, 0x24, 0x20, 0xff, 0x28, 0x24, 0x20, 0xff, 0x28, 0x24, 0x28, 0xff,
    0x28, 0x24, 0x28, 0xff, 0x28, 0x24, 0x20, 0xff, 0x28, 0x24, 0x28, 0xff,
    0x20, 0x24, 0x20, 0xff, 0x28, 0x24, 0x20, 0xff, 0x20, 0x24, 0x20, 0xff,
    0x28, 0x24, 0x20, 0xff, 0x28, 0x28, 0x20, 0xff, 0x20, 0x24, 0x20, 0xff,
    0x28, 0x24, 0x28, 0xff, 0x28, 0x28, 0x20, 0xff, 0x28, 0x24, 0x20, 0xff,
    0x28, 0x24, 0x28, 0xff, 0x28, 0x24, 0x20, 0xff, 0x20, 0x24, 0x28, 0xff,
    0x28, 0x24, 0x28, 0xff, 0x28, 0x24, 0x28, 0xff, 0x28, 0x24, 0x20, 0xff,
    0x20, 0x24, 0x20, 0xff, 0x28, 0x24, 0x28, 0xff, 0x28, 0x24, 0x28, 0xff,
    0x20, 0x24, 0x20, 0xff, 0x28, 0x28, 0x20, 0xff, 0x28, 0x24, 0x28, 0xff,
    0x28, 0x28, 0x20, 0xff, 0x20, 0x24, 0x20, 0xff, 0x28, 0x24, 0x28, 0xff,
    0x20, 0x24, 0x20, 0xff, 0x28, 0x28, 0x28, 0xff, 0x28, 0x24, 0x20, 0xff,
    0x20, 0x24, 0x20, 0xff, 0x28, 0x24, 0x28, 0xff, 0x28, 0x24, 0x20, 0xff,
    0x28, 0x24, 0x20, 0xff, 0x28, 0x24, 0x28, 0xff, 0x28, 0x24, 0x20, 0xff,
    0x28, 0x24, 0x20, 0xff, 0x28, 0x28, 0x28, 0xff, 0x20, 0x24, 0x20, 0xff,
    0x28, 0x24, 0x20, 0xff, 0x28, 0x24, 0x28, 0xff, 0x28, 0x24, 0x20, 0xff,
    0x20, 0x24, 0x20, 0xff, 0x28, 0x24, 0x28, 0xff, 0x28, 0x24, 0x28, 0xff,
    0x28, 0x24, 0x20, 0xff, 0x28, 0x28, 0x28, 0xff, 0x28, 0x24, 0x28, 0xff,
    0x20, 0x24, 0x20, 0xff, 0x58, 0x58, 0x58, 0xff, 0xf8, 0xfc, 0xf8, 0x00,
    0xf8, 0xfc, 0xf8, 0x00, 0xf8, 0xfc, 0xf8, 0x00, 0xf8, 0xfc, 0xf8, 0x00,
    0x78, 0x7c, 0x78, 0xa2, 0x30, 0x2c, 0x30, 0xff, 0x30, 0x30, 0x30, 0xff,
    0x28, 0x2c, 0x28, 0xff, 0x30, 0x2c, 0x30, 0xff, 0x30, 0x2c, 0x30, 0xff,
    0x30, 0x2c, 0x28, 0xff, 0x30, 0x2c, 0x30, 0xff, 0x30, 0x2c, 0x28, 0xff,
    0x28, 0x2c, 0x30, 0xff, 0x30, 0x2c, 0x28, 0xff, 0x30, 0x2c, 0x30, 0xff,
    0x28, 0x2c, 0x28, 0xff, 0x30, 0x2c, 0x28, 0xff, 0x30, 0x2c, 0x28, 0xff,
    0x28, 0x2c, 0x28, 0xff, 0x30, 0x2c, 0x28, 0xff, 0x30, 0x28, 0x30, 0xff,
    0x30, 0x2c, 0x28, 0xff, 0x38, 0x38, 0x38, 0xff, 0x60, 0x60, 0x60, 0xff,
    0x60, 0x60, 0x60, 0xff, 0x60, 0x60, 0x60, 0xff, 0x60, 0x60, 0x60, 0xff,
    0x60, 0x60, 0x60, 0xff, 0x60, 0x60, 0x60, 0xff, 0x60, 0x60, 0x60, 0xff,
    0x60, 0x60, 0x60, 0xff, 0x60, 0x60, 0x60, 0xff, 0x60, 0x60, 0x60, 0xff,
    0x60, 0x60, 0x60, 0xff, 0x60, 0x60, 0x60, 0xff, 0x60, 0x60, 0x60, 0xff,
    0x60, 0x60, 0x60, 0xff, 0x60, 0x60, 0x60, 0xff, 0x60, 0x60, 0x60, 0xff,
    0x60, 0x60, 0x60, 0xff, 0x60, 0x60, 0x60, 0xff, 0x60, 0x60, 0x60, 0xff,
    0x60, 0x60, 0x60, 0xff, 0x60, 0x60, 0x60, 0xff, 0x60, 0x60, 0x60, 0xff,
    0x60, 0x60, 0x60, 0xff, 0x60, 0x60, 0x60, 0xff, 0x60, 0x60, 0x60, 0xff,
    0x60, 0x5c, 0x60, 0xff, 0x60, 0x5c, 0x60, 0xff, 0x60, 0x5c, 0x60, 0xff,
    0x60, 0x60, 0x60, 0xff, 0x60, 0x60, 0x60, 0xff, 0x60, 0x60, 0x60, 0xff,
    0x60, 0x5c, 0x60, 0xff, 0x60, 0x5c, 0x60, 0xff, 0x60, 0x60, 0x60, 0xff,
    0x60, 0x5c, 0x60, 0xff, 0x60, 0x60, 0x60, 0xff, 0x60, 0x60, 0x60, 0xff,
    0x60, 0x5c, 0x60, 0xff, 0x60, 0x60, 0x60, 0xff, 0x60, 0x5c, 0x58, 0xff,
    0x60, 0x5c, 0x60, 0xff, 0x38, 0x34, 0x30, 0xff, 0x28, 0x28, 0x28, 0xff,
    0x28, 0x24, 0x20, 0xff, 0x28, 0x28, 0x28, 0xff, 0x28, 0x28, 0x28, 0xff,
    0x28, 0x24, 0x20, 0xff, 0x28, 0x28, 0x28, 0xff, 0x28, 0x24, 0x28, 0xff,
    0x28, 0x24, 0x20, 0xff, 0x28, 0x28, 0x28, 0xff, 0x28, 0x28, 0x28, 0xff,
    0x28, 0x28, 0x28, 0xff, 0x28, 0x24, 0x20, 0xff, 0x28, 0x24, 0x28, 0xff,
    0x28, 0x28, 0x28, 0xff, 0x28, 0x24, 0x28, 0xff, 0x28, 0x28, 0x28, 0xff,
    0x28, 0x28, 0x20, 0xff, 0x28, 0x24, 0x20, 0xff, 0x28, 0x24, 0x28, 0xff,
    0x28, 0x28, 0x20, 0xff, 0x28, 0x24, 0x28, 0xff, 0x28, 0x24, 0x28, 0xff,
    0x28, 0x24, 0x20, 0xff, 0x28, 0x24, 0x28, 0xff, 0x28, 0x24, 0x28, 0xff,
    0x28, 0x24, 0x20, 0xff, 0x20, 0x24, 0x20, 0xff, 0x28, 0x24, 0x20, 0xff,
    0x28, 0x24, 0x20, 0xff, 0x20, 0x24, 0x20, 0xff, 0x28, 0x24, 0x20, 0xff,
    0x28, 0x24, 0x20, 0xff, 0x20, 0x24, 0x28, 0xff, 0x28, 0x24, 0x28, 0xff,
    0x28, 0x24, 0x20, 0xff, 0x20, 0x24, 0x20, 0xff, 0x28, 0x28, 0x28, 0xff,
    0x28, 0x24, 0x28, 0xff, 0x28, 0x24, 0x20, 0xff, 0x28, 0x28, 0x28, 0xff,
    0x28, 0x24, 0x28, 0xff, 0x28, 0x24, 0x20, 0xff, 0x28, 0x24, 0x20, 0xff,
    0x28, 0x24, 0x28, 0xff, 0x28, 0x24, 0x28, 0xff, 0x28, 0x24, 0x20, 0xff,
    0x28, 0x28, 0x28, 0xff, 0x20, 0x24, 0x20, 0xff, 0x28, 0x24, 0x28, 0xff,
    0x28, 0x24, 0x20, 0xff, 0x28, 0x24, 0x20, 0xff, 0x28, 0x24, 0x28, 0xff,
    0x20, 0x24, 0x20, 0xff, 0x28, 0x24, 0x20, 0xff, 0x28, 0x24, 0x20, 0xff,
    0x20, 0x24, 0x20, 0xff, 0x28, 0x28, 0x28, 0xff, 0x28, 0x24, 0x28, 0xff,
    0x28, 0x24, 0x20, 0xff, 0x28, 0x24, 0x20, 0xff, 0x28, 0x24, 0x28, 0xff,
    0x28, 0x24, 0x20, 0xff, 0x28, 0x24, 0x28, 0xff, 0x28, 0x24, 0x28, 0xff,
    0x28, 0x24, 0x20, 0xff, 0x28, 0x24, 0x28, 0xff, 0x28, 0x28, 0x28, 0xff,
    0x20, 0x24, 0x20, 0xff, 0x28, 0x24, 0x20, 0xff, 0x28, 0x28, 0x28, 0xff,
    0x20, 0x24, 0x20, 0xff, 0x28, 0x24, 0x20, 0xff, 0x28, 0x24, 0x28, 0xff,
    0x28, 0x24, 0x28, 0xff, 0x28, 0x24, 0x20, 0xff, 0x20, 0x24, 0x28, 0xff,
    0x28, 0x24, 0x28, 0xff, 0x28, 0x28, 0x20, 0xff, 0x28, 0x24, 0x28, 0xff,
    0x28, 0x24, 0x20, 0xff, 0x20, 0x24, 0x20, 0xff, 0x28, 0x24, 0x20, 0xff,
    0x28, 0x24, 0x28, 0xff, 0x28, 0x28, 0x20, 0xff, 0x58, 0x58, 0x58, 0xff,
    0xf8, 0xfc, 0xf8, 0x00, 0xf8, 0xfc, 0xf8, 0x00, 0xf8, 0xfc, 0xf8, 0x00,
    0xf8, 0xfc, 0xf8, 0x00, 0x78, 0x7c, 0x78, 0x9e, 0x30, 0x2c, 0x30, 0xff,
    0x28, 0x2c, 0x28, 0xff, 0x30, 0x2c, 0x28, 0xff, 0x28, 0x2c, 0x28, 0xff,
    0x28, 0x2c, 0x28, 0xff, 0x28, 0x2c, 0x28, 0xff, 0x30, 0x2c, 0x30, 0xff,
    0x28, 0x2c, 0x28, 0xff, 0x30, 0x2c, 0x28, 0xff, 0x30, 0x2c, 0x30, 0xff,
    0x28, 0x2c, 0x28, 0xff, 0x30, 0x2c, 0x30, 0xff, 0x30, 0x2c, 0x28, 0xff,
    0x28, 0x2c, 0x28, 0xff, 0x28, 0x2c, 0x28, 0xff, 0x30, 0x2c, 0x30, 0xff,
    0x28, 0x2c, 0x28, 0xff, 0x30, 0x28, 0x28, 0xff, 0x30, 0x2c, 0x28, 0xff,
    0x30, 0x2c, 0x28, 0xff, 0x30, 0x28, 0x28, 0xff, 0x30, 0x2c, 0x28, 0xff,
    0x30, 0x28, 0x28, 0xff, 0x30, 0x28, 0x28, 0xff, 0x30, 0x2c, 0x28, 0xff,
    0x30, 0x28, 0x28, 0xff, 0x30, 0x28, 0x28, 0xff, 0x30, 0x28, 0x28, 0xff,
    0x30, 0x28, 0x28, 0xff, 0x30, 0x28, 0x28, 0xff, 0x30, 0x28, 0x28, 0xff,
    0x28, 0x28, 0x28, 0xff, 0x30, 0x28, 0x28, 0xff, 0x30, 0x28, 0x28, 0xff,
    0x28, 0x28, 0x28, 0xff, 0x30, 0x28, 0x28, 0xff, 0x30, 0x28, 0x28, 0xff,
    0x28, 0x28, 0x28, 0xff, 0x28, 0x28, 0x28, 0xff, 0x30, 0x28, 0x28, 0xff,
    0x28, 0x28, 0x28, 0xff, 0x28, 0x28, 0x28, 0xff, 0x28, 0x28, 0x28, 0xff,
    0x28, 0x28, 0x28, 0xff, 0x28, 0x28, 0x28, 0xff, 0x28, 0x28, 0x28, 0xff,
    0x28, 0x28, 0x28, 0xff, 0x28, 0x28, 0x28, 0xff, 0x28, 0x28, 0x28, 0xff,
    0x30, 0x28, 0x28, 0xff, 0x28, 0x28, 0x28, 0xff, 0x28, 0x28, 0x28, 0xff,
    0x28, 0x28, 0x28, 0xff, 0x28, 0x28, 0x28, 0xff, 0x28, 0x28, 0x28, 0xff,
    0x28, 0x28, 0x28, 0xff, 0x28, 0x28, 0x28, 0xff, 0x28, 0x28, 0x28, 0xff,
    0x28, 0x28, 0x28, 0xff, 0x28, 0x28, 0x28, 0xff, 0x28, 0x28, 0x28, 0xff,
    0x28, 0x28, 0x28, 0xff, 0x28, 0x28, 0x28, 0xff, 0x28, 0x28, 0x28, 0xff,
    0x28, 0x28, 0x20, 0xff, 0x28, 0x28, 0x28, 0xff, 0x28, 0x24, 0x28, 0xff,
    0x28, 0x24, 0x20, 0xff, 0x28, 0x28, 0x28, 0xff, 0x28, 0x28, 0x20, 0xff,
    0x28, 0x24, 0x28, 0xff, 0x28, 0x24, 0x20, 0xff, 0x28, 0x28, 0x20, 0xff,
    0x28, 0x28, 0x28, 0xff, 0x28, 0x24, 0x20, 0xff, 0x28, 0x24, 0x20, 0xff,
    0x28, 0x24, 0x28, 0xff, 0x28, 0x28, 0x28, 0xff, 0x28, 0x28, 0x28, 0xff,
    0x28, 0x24, 0x20, 0xff, 0x28, 0x24, 0x20, 0xff, 0x28, 0x28, 0x28, 0xff,
    0x28, 0x24, 0x20, 0xff, 0x28, 0x24, 0x20, 0xff, 0x20, 0x24, 0x20, 0xff,
    0x28, 0x24, 0x28, 0xff, 0x28, 0x24, 0x20, 0xff, 0x28, 0x24, 0x28, 0xff,
    0x28, 0x28, 0x28, 0xff, 0x28, 0x24, 0x28, 0xff, 0x28, 0x24, 0x28, 0xff,
    0x20, 0x24, 0x20, 0xff, 0x28, 0x24, 0x28, 0xff, 0x28, 0x24, 0x20, 0xff,
    0x28, 0x24, 0x20, 0xff, 0x28, 0x24, 0x20, 0xff, 0x20, 0x24, 0x20, 0xff,
    0x28, 0x24, 0x28, 0xff, 0x28, 0x24, 0x20, 0xff, 0x28, 0x24, 0x20, 0xff,
    0x28, 0x24, 0x28, 0xff, 0x28, 0x24, 0x28, 0xff, 0x20, 0x24, 0x20, 0xff,
    0x28, 0x24, 0x28, 0xff, 0x28, 0x24, 0x28, 0xff, 0x28, 0x24, 0x20, 0xff,
    0x20, 0x24, 0x20, 0xff, 0x28, 0x24, 0x28, 0xff, 0x28, 0x24, 0x28, 0xff,
    0x28, 0x24, 0x20, 0xff, 0x28, 0x24, 0x20, 0xff, 0x20, 0x24, 0x20, 0xff,
    0x28, 0x28, 0x28, 0xff, 0x28, 0x24, 0x28, 0xff, 0x28, 0x28, 0x28, 0xff,
    0x28, 0x24, 0x28, 0xff, 0x28, 0x24, 0x20, 0xff, 0x28, 0x24, 0x28, 0xff,
    0x28, 0x24, 0x20, 0xff, 0x20, 0x24, 0x20, 0xff, 0x28, 0x24, 0x28, 0xff,
    0x28, 0x24, 0x20, 0xff, 0x20, 0x24, 0x20, 0xff, 0x28, 0x24, 0x20, 0xff,
    0x28, 0x28, 0x28, 0xff, 0x20, 0x24, 0x20, 0xff, 0x28, 0x24, 0x20, 0xff,
    0x28, 0x24, 0x28, 0xff, 0x28, 0x24, 0x28, 0xff, 0x28, 0x24, 0x28, 0xff,
    0x20, 0x24, 0x20, 0xff, 0x28, 0x24, 0x28, 0xff, 0x28, 0x24, 0x20, 0xff,
    0x20, 0x24, 0x20, 0xff, 0x28, 0x24, 0x20, 0xff, 0x28, 0x24, 0x20, 0xff,
    0x28, 0x24, 0x20, 0xff, 0x28, 0x24, 0x20, 0xff, 0x28, 0x24, 0x28, 0xff,
    0x20, 0x24, 0x20, 0xff, 0x28, 0x24, 0x20, 0xff, 0x28, 0x28, 0x28, 0xff,
    0x28, 0x24, 0x20, 0xff, 0x28, 0x24, 0x28, 0xff, 0x28, 0x24, 0x20, 0xff,
    0x58, 0x58, 0x58, 0xff, 0xf8, 0xfc, 0xf8, 0x00, 0xf8, 0xfc, 0xf8, 0x00,
    0xf8, 0xfc, 0xf8, 0x00, 0xf8, 0xfc, 0xf8, 0x00, 0x80, 0x7c, 0x78, 0x9e,
    0x30, 0x2c, 0x30, 0xff, 0x30, 0x2c, 0x30, 0xff, 0x30, 0x2c, 0x28, 0xff,
    0x30, 0x30, 0x30, 0xff, 0x30, 0x2c, 0x28, 0xff, 0x30, 0x2c, 0x30, 0xff,
    0x28, 0x2c, 0x28, 0xff, 0x30, 0x2c, 0x28, 0xff, 0x30, 0x2c, 0x30, 0xff,
    0x30, 0x2c, 0x28, 0xff, 0x28, 0x2c, 0x28, 0xff, 0x30, 0x2c, 0x28, 0xff,
    0x28, 0x2c, 0x30, 0xff, 0x30, 0x2c, 0x28, 0xff, 0x30, 0x2c, 0x28, 0xff,
    0x28, 0x28, 0x30, 0xff, 0x28, 0x2c, 0x28, 0xff, 0x28, 0x2c, 0x28, 0xff,
    0x48, 0x44, 0x48, 0xff, 0x60, 0x60, 0x60, 0xff, 0x60, 0x60, 0x60, 0xff,
    0x60, 0x60, 0x60, 0xff, 0x60, 0x60, 0x60, 0xff, 0x60, 0x60, 0x60, 0xff,
    0x60, 0x60, 0x60, 0xff, 0x60, 0x60, 0x60, 0xff, 0x60, 0x60, 0x60, 0xff,
    0x60, 0x60, 0x60, 0xff, 0x60, 0x60, 0x60, 0xff, 0x60, 0x60, 0x60, 0xff,
    0x60, 0x60, 0x60, 0xff, 0x60, 0x60, 0x60, 0xff, 0x60, 0x60, 0x60, 0xff,
    0x60, 0x60, 0x60, 0xff, 0x60, 0x60, 0x60, 0xff, 0x60, 0x60, 0x60, 0xff,
    0x60, 0x60, 0x60, 0xff, 0x60, 0x60, 0x60, 0xff, 0x60, 0x60, 0x60, 0xff,
    0x60, 0x5c, 0x60, 0xff, 0x60, 0x60, 0x60, 0xff, 0x60, 0x60, 0x60, 0xff,
    0x60, 0x5c, 0x58, 0xff, 0x60, 0x60, 0x60, 0xff, 0x60, 0x60, 0x60, 0xff,
    0x60, 0x60, 0x58, 0xff, 0x60, 0x5c, 0x58, 0xff, 0x60, 0x5c, 0x60, 0xff,
    0x60, 0x5c, 0x58, 0xff, 0x60, 0x5c, 0x58, 0xff, 0x60, 0x60, 0x58, 0xff,
    0x60, 0x5c, 0x58, 0xff, 0x60, 0x5c, 0x58, 0xff, 0x60, 0x60, 0x58, 0xff,
    0x60, 0x5c, 0x58, 0xff, 0x60, 0x5c, 0x58, 0xff, 0x60, 0x5c, 0x58, 0xff,
    0x60, 0x5c, 0x58, 0xff, 0x60, 0x5c, 0x58, 0xff, 0x60, 0x5c, 0x58, 0xff,
    0x48, 0x40, 0x40, 0xff, 0x28, 0x28, 0x28, 0xff, 0x28, 0x24, 0x20, 0xff,
    0x28, 0x28, 0x28, 0xff, 0x28, 0x24, 0x28, 0xff, 0x28, 0x24, 0x20, 0xff,
    0x30, 0x28, 0x28, 0xff, 0x28, 0x28, 0x28, 0xff, 0x28, 0x24, 0x20, 0xff,
    0x28, 0x24, 0x28, 0xff, 0x28, 0x28, 0x28, 0xff, 0x28, 0x24, 0x28, 0xff,
    0x28, 0x28, 0x28, 0xff, 0x28, 0x24, 0x28, 0xff, 0x28, 0x24, 0x20, 0xff,
    0x28, 0x28, 0x28, 0xff, 0x28, 0x24, 0x28, 0xff, 0x28, 0x24, 0x20, 0xff,
    0x28, 0x28, 0x28, 0xff, 0x28, 0x24, 0x28, 0xff, 0x28, 0x24, 0x20, 0xff,
    0x20, 0x24, 0x20, 0xff, 0x28, 0x24, 0x28, 0xff, 0x28, 0x28, 0x28, 0xff,
    0x28, 0x24, 0x20, 0xff, 0x28, 0x24, 0x28, 0xff, 0x20, 0x24, 0x20, 0xff,
    0x28, 0x24, 0x20, 0xff, 0x28, 0x24, 0x20, 0xff, 0x28, 0x24, 0x28, 0xff,
    0x28, 0x28, 0x20, 0xff, 0x28, 0x24, 0x28, 0xff, 0x28, 0x24, 0x20, 0xff,
    0x28, 0x24, 0x20, 0xff, 0x20, 0x24, 0x28, 0xff, 0x28, 0x28, 0x28, 0xff,
    0x28, 0x24, 0x28, 0xff, 0x28, 0x24, 0x20, 0xff, 0x28, 0x24, 0x20, 0xff,
    0x20, 0x24, 0x20, 0xff, 0x28, 0x24, 0x28, 0xff, 0x28, 0x24, 0x20, 0xff,
    0x28, 0x28, 0x20, 0xff, 0x28, 0x24, 0x28, 0xff, 0x20, 0x24, 0x20, 0xff,
    0x28, 0x28, 0x20, 0xff, 0x28, 0x24, 0x28, 0xff, 0x28, 0x24, 0x20, 0xff,
    0x28, 0x24, 0x20, 0xff, 0x20, 0x24, 0x28, 0xff, 0x28, 0x24, 0x20, 0xff,
    0x28, 0x24, 0x28, 0xff, 0x28, 0x24, 0x20, 0xff, 0x28, 0x24, 0x20, 0xff,
    0x28, 0x24, 0x28, 0xff, 0x28, 0x28, 0x20, 0xff, 0x28, 0x24, 0x28, 0xff,
    0x28, 0x24, 0x20, 0xff, 0x20, 0x24, 0x20, 0xff, 0x28, 0x24, 0x28, 0xff,
    0x28, 0x28, 0x28, 0xff, 0x28, 0x24, 0x20, 0xff, 0x20, 0x24, 0x20, 0xff,
    0x28, 0x24, 0x28, 0xff, 0x28, 0x24, 0x20, 0xff, 0x28, 0x24, 0x28, 0xff,
    0x28, 0x24, 0x20, 0xff, 0x28, 0x28, 0x20, 0xff, 0x28, 0x24, 0x20, 0xff,
    0x28, 0x24, 0x28, 0xff, 0x28, 0x24, 0x20, 0xff, 0x28, 0x24, 0x28, 0xff,
    0x28, 0x24, 0x20, 0xff, 0x28, 0x24, 0x28, 0xff, 0x28, 0x24, 0x28, 0xff,
    0x28, 0x24, 0x28, 0xff, 0x20, 0x24, 0x20, 0xff, 0x28, 0x24, 0x20, 0xff,
    0x28, 0x24, 0x28, 0xff, 0x28, 0x24, 0x20, 0xff, 0x20, 0x24, 0x28, 0xff,
    0x28, 0x24, 0x20, 0xff, 0x28, 0x24, 0x28, 0xff, 0x20, 0x24, 0x20, 0xff,
    0x28, 0x24, 0x20, 0xff, 0x58, 0x58, 0x58, 0xff, 0xf8, 0xfc, 0xf8, 0x00,
    0xf8, 0xfc, 0xf8, 0x00, 0xf8, 0xfc, 0xf8, 0x00, 0xf8, 0xfc, 0xf8, 0x00,
    0x78, 0x7c, 0x78, 0xa2, 0x30, 0x2c, 0x30, 0xff, 0x30, 0x2c, 0x28, 0xff,
    0x28, 0x2c, 0x28, 0xff, 0x30, 0x2c, 0x30, 0xff, 0x30, 0x2c, 0x28, 0xff,
    0x30, 0x2c, 0x28, 0xff, 0x30, 0x2c, 0x30, 0xff, 0x28, 0x2c, 0x28, 0xff,
    0x28, 0x2c, 0x28, 0xff, 0x30, 0x2c, 0x28, 0xff, 0x30, 0x2c, 0x30, 0xff,
    0x28, 0x2c, 0x28, 0xff, 0x28, 0x2c, 0x28, 0xff, 0x30, 0x2c, 0x28, 0xff,
    0x30, 0x28, 0x28, 0xff, 0x28, 0x2c, 0x28, 0xff, 0x30, 0x2c, 0x28, 0xff,
    0x58, 0x54, 0x58, 0xff, 0xf0, 0xf4, 0xf0, 0xff, 0xf8, 0xfc, 0xf8, 0xff,
    0xf8, 0xfc, 0xf8, 0xff, 0xf8, 0xfc, 0xf8, 0xff, 0xf8, 0xfc, 0xf8, 0xff,
    0xf8, 0xfc, 0xf8, 0xff, 0xf8, 0xfc, 0xf8, 0xff, 0xf8, 0xfc, 0xf8, 0xff,
    0xf8, 0xfc, 0xf8, 0xff, 0xf8, 0xfc, 0xf8, 0xff, 0xf8, 0xfc, 0xf8, 0xff,
    0xf8, 0xfc, 0xf8, 0xff, 0xf8, 0xfc, 0xf8, 0xff, 0xf8, 0xfc, 0xf8, 0xff,
    0xf8, 0xfc, 0xf8, 0xff, 0xf8, 0xfc, 0xf8, 0xff, 0xf8, 0xfc, 0xf8, 0xff,
    0xf8, 0xfc, 0xf8, 0xff, 0xf8, 0xfc, 0xf8, 0xff, 0xf8, 0xfc, 0xf8, 0xff,
    0xf8, 0xfc, 0xf8, 0xff, 0xf8, 0xfc, 0xf8, 0xff, 0xf8, 0xfc, 0xf8, 0xff,
    0xf8, 0xfc, 0xf8, 0xff, 0xf8, 0xfc, 0xf8, 0xff, 0xf8, 0xfc, 0xf8, 0xff,
    0xf8, 0xfc, 0xf8, 0xff, 0xf8, 0xfc, 0xf8, 0xff, 0xf8, 0xfc, 0xf8, 0xff,
    0xf8, 0xfc, 0xf8, 0xff, 0xf8, 0xfc, 0xf8, 0xff, 0xf8, 0xfc, 0xf8, 0xff,
    0xf8, 0xfc, 0xf8, 0xff, 0xf8, 0xfc, 0xf8, 0xff, 0xf8, 0xfc, 0xf8, 0xff,
    0xf8, 0xfc, 0xf8, 0xff, 0xf8, 0xfc, 0xf8, 0xff, 0xf8, 0xfc, 0xf8, 0xff,
    0xf8, 0xfc, 0xf8, 0xff, 0xf8, 0xfc, 0xf8, 0xff, 0xf8, 0xfc, 0xf8, 0xff,
    0xf8, 0xfc, 0xf8, 0xff, 0xf0, 0xf4, 0xf0, 0xff, 0x50, 0x50, 0x50, 0xff,
    0x28, 0x28, 0x28, 0xff, 0x30, 0x28, 0x28, 0xff, 0x28, 0x24, 0x20, 0xff,
    0x28, 0x24, 0x28, 0xff, 0x28, 0x28, 0x28, 0xff, 0x28, 0x28, 0x20, 0xff,
    0x28, 0x24, 0x28, 0xff, 0x28, 0x28, 0x28, 0xff, 0x28, 0x28, 0x20, 0xff,
    0x28, 0x24, 0x20, 0xff, 0x28, 0x28, 0x28, 0xff, 0x28, 0x28, 0x20, 0xff,
    0x28, 0x24, 0x28, 0xff, 0x28, 0x24, 0x20, 0xff, 0x28, 0x24, 0x20, 0xff,
    0x28, 0x24, 0x20, 0xff, 0x28, 0x24, 0x28, 0xff, 0x28, 0x24, 0x28, 0xff,
    0x28, 0x24, 0x20, 0xff, 0x28, 0x24, 0x28, 0xff, 0x28, 0x24, 0x28, 0xff,
    0x28, 0x28, 0x20, 0xff, 0x28, 0x24, 0x28, 0xff, 0x28, 0x24, 0x28, 0xff,
    0x20, 0x24, 0x20, 0xff, 0x28, 0x28, 0x28, 0xff, 0x20, 0x24, 0x20, 0xff,
    0x28, 0x24, 0x20, 0xff, 0x28, 0x24, 0x28, 0xff, 0x20, 0x24, 0x20, 0xff,
    0x28, 0x24, 0x20, 0xff, 0x28, 0x28, 0x28, 0xff, 0x28, 0x24, 0x28, 0xff,
    0x28, 0x24, 0x20, 0xff, 0x28, 0x24, 0x20, 0xff, 0x20, 0x24, 0x28, 0xff,
    0x28, 0x28, 0x28, 0xff, 0x28, 0x24, 0x20, 0xff, 0x20, 0x24, 0x20, 0xff,
    0x28, 0x24, 0x20, 0xff, 0x28, 0x24, 0x20, 0xff, 0x28, 0x24, 0x28, 0xff,
    0x28, 0x24, 0x20, 0xff, 0x20, 0x24, 0x20, 0xff, 0x28, 0x24, 0x28, 0xff,
    0x28, 0x24, 0x20, 0xff, 0x20, 0x24, 0x20, 0xff, 0x28, 0x24, 0x28, 0xff,
    0x28, 0x24, 0x20, 0xff, 0x28, 0x24, 0x20, 0xff, 0x28, 0x24, 0x28, 0xff,
    0x20, 0x24, 0x20, 0xff, 0x28, 0x24, 0x20, 0xff, 0x28, 0x24, 0x28, 0xff,
    0x28, 0x28, 0x20, 0xff, 0x20, 0x24, 0x20, 0xff, 0x28, 0x24, 0x28, 0xff,
    0x28, 0x24, 0x28, 0xff, 0x28, 0x24, 0x20, 0xff, 0x28, 0x24, 0x20, 0xff,
    0x28, 0x24, 0x28, 0xff, 0x28, 0x24, 0x28, 0xff, 0x28, 0x24, 0x20, 0xff,
    0x28, 0x24, 0x28, 0xff, 0x28, 0x28, 0x28, 0xff, 0x20, 0x24, 0x20, 0xff,
    0x28, 0x24, 0x28, 0xff, 0x28, 0x28, 0x20, 0xff, 0x28, 0x24, 0x20, 0xff,
    0x20, 0x24, 0x20, 0xff, 0x28, 0x24, 0x28, 0xff, 0x28, 0x28, 0x20, 0xff,
    0x28, 0x24, 0x28, 0xff, 0x28, 0x24, 0x28, 0xff, 0x20, 0x24, 0x20, 0xff,
    0x28, 0x24, 0x28, 0xff, 0x28, 0x28, 0x28, 0xff, 0x28, 0x24, 0x20, 0xff,
    0x28, 0x24, 0x20, 0xff, 0x28, 0x24, 0x28, 0xff, 0x28, 0x24, 0x28, 0xff,
    0x28, 0x24, 0x20, 0xff, 0x28, 0x24, 0x28, 0xff, 0x58, 0x58, 0x58, 0xff,
    0xf8, 0xfc, 0xf8, 0x00, 0xf8, 0xfc, 0xf8, 0x00, 0xf8, 0xfc, 0xf8, 0x00,
    0xf8, 0xfc, 0xf8, 0x00, 0x78, 0x7c, 0x78, 0x9e, 0x30, 0x2c, 0x28, 0xff,
    0x30, 0x2c, 0x28, 0xff, 0x28, 0x2c, 0x30, 0xff, 0x28, 0x2c, 0x28, 0xff,
    0x30, 0x2c, 0x28, 0xff, 0x28, 0x2c, 0x30, 0xff, 0x30, 0x2c, 0x28, 0xff,
    0x30, 0x2c, 0x30, 0xff, 0x28, 0x2c, 0x28, 0xff, 0x30, 0x2c, 0x28, 0xff,
    0x30, 0x2c, 0x30, 0xff, 0x28, 0x2c, 0x30, 0xff, 0x30, 0x2c, 0x28, 0xff,
    0x30, 0x2c, 0x30, 0xff, 0x28, 0x2c, 0x30, 0xff, 0x30, 0x2c, 0x28, 0xff,
    0x30, 0x28, 0x28, 0xff, 0x70, 0x6c, 0x70, 0xff, 0xf8, 0xfc, 0xf8, 0xff,
    0xf8, 0xfc, 0xf8, 0xff, 0xf8, 0xfc, 0xf8, 0xff, 0xf8, 0xfc, 0xf8, 0xff,
    0xf8, 0xfc, 0xf8, 0xff, 0xf8, 0xfc, 0xf8, 0xff, 0xf8, 0xfc, 0xf8, 0xff,
    0xf8, 0xfc, 0xf8, 0xff, 0xf8, 0xfc, 0xf8, 0xff, 0xf8, 0xfc, 0xf8, 0xff,
    0xf8, 0xfc, 0xf8, 0xff, 0xf8, 0xfc, 0xf8, 0xff, 0xf8, 0xfc, 0xf8, 0xff,
    0xf8, 0xfc, 0xf8, 0xff, 0xf8, 0xfc, 0xf8, 0xff, 0xf8, 0xfc, 0xf8, 0xff,
    0xf8, 0xfc, 0xf8, 0xff, 0xf8, 0xfc, 0xf8, 0xff, 0xf8, 0xfc, 0xf8, 0xff,
    0xf8, 0xfc, 0xf8, 0xff, 0xf8, 0xfc, 0xf8, 0xff, 0xf8, 0xfc, 0xf8, 0xff,
    0xf8, 0xfc, 0xf8, 0xff, 0xf8, 0xfc, 0xf8, 0xff, 0xf8, 0xfc, 0xf8, 0xff,
    0xf8, 0xfc, 0xf8, 0xff, 0xf8, 0xfc, 0xf8, 0xff, 0xf8, 0xfc, 0xf8, 0xff,
    0xf8, 0xfc, 0xf8, 0xff, 0xf8, 0xfc, 0xf8, 0xff, 0xf8, 0xfc, 0xf8, 0xff,
    0xf8, 0xfc, 0xf8, 0xff, 0xf8, 0xfc, 0xf8, 0xff, 0xf8, 0xfc, 0xf8, 0xff,
    0xf8, 0xfc, 0xf8, 0xff, 0xf8, 0xfc, 0xf8, 0xff, 0xf8, 0xfc, 0xf8, 0xff,
    0xf8, 0xfc, 0xf8, 0xff, 0xf8, 0xfc, 0xf8, 0xff, 0xf8, 0xfc, 0xf8, 0xff,
    0xf8, 0xfc, 0xf8, 0xff, 0xf8, 0xfc, 0xf8, 0xff, 0xf8, 0xfc, 0xf8, 0xff,
    0x70, 0x6c, 0x68, 0xff, 0x28, 0x28, 0x28, 0xff, 0x28, 0x28, 0x28, 0xff,
    0x28, 0x28, 0x28, 0xff, 0x28, 0x28, 0x28, 0xff, 0x28, 0x24, 0x20, 0xff,
    0x28, 0x24, 0x28, 0xff, 0x28, 0x28, 0x20, 0xff, 0x28, 0x24, 0x20, 0xff,
    0x28, 0x24, 0x28, 0xff, 0x28, 0x24, 0x28, 0xff, 0x28, 0x24, 0x20, 0xff,
    0x28, 0x28, 0x28, 0xff, 0x28, 0x24, 0x20, 0xff, 0x28, 0x28, 0x28, 0xff,
    0x28, 0x28, 0x28, 0xff, 0x28, 0x24, 0x20, 0xff, 0x28, 0x28, 0x20, 0xff,
    0x28, 0x24, 0x28, 0xff, 0x28, 0x28, 0x20, 0xff, 0x28, 0x24, 0x20, 0xff,
    0x20, 0x24, 0x20, 0xff, 0x28, 0x24, 0x20, 0xff, 0x28, 0x24, 0x20, 0xff,
    0x28, 0x28, 0x28, 0xff, 0x28, 0x24, 0x20, 0xff, 0x28, 0x24, 0x20, 0xff,
    0x28, 0x24, 0x28, 0xff, 0x28, 0x24, 0x28, 0xff, 0x20, 0x24, 0x20, 0xff,
    0x28, 0x24, 0x28, 0xff, 0x28, 0x24, 0x28, 0xff, 0x28, 0x24, 0x20, 0xff,
    0x20, 0x24, 0x20, 0xff, 0x28, 0x24, 0x28, 0xff, 0x28, 0x24, 0x20, 0xff,
    0x28, 0x24, 0x28, 0xff, 0x28, 0x24, 0x28, 0xff, 0x28, 0x24, 0x20, 0xff,
    0x28, 0x24, 0x28, 0xff, 0x28, 0x28, 0x28, 0xff, 0x28, 0x24, 0x28, 0xff,
    0x28, 0x24, 0x20, 0xff, 0x28, 0x28, 0x28, 0xff, 0x28, 0x24, 0x28, 0xff,
    0x28, 0x24, 0x28, 0xff, 0x28, 0x24, 0x20, 0xff, 0x28, 0x24, 0x20, 0xff,
    0x28, 0x28, 0x28, 0xff, 0x28, 0x24, 0x28, 0xff, 0x20, 0x24, 0x20, 0xff,
    0x28, 0x28, 0x28, 0xff, 0x28, 0x24, 0x28, 0xff, 0x20, 0x24, 0x20, 0xff,
    0x28, 0x24, 0x28, 0xff, 0x28, 0x24, 0x20, 0xff, 0x28, 0x24, 0x28, 0xff,
    0x28, 0x28, 0x28, 0xff, 0x28, 0x24, 0x20, 0xff, 0x28, 0x24, 0x20, 0xff,
    0x20, 0x24, 0x28, 0xff, 0x28, 0x28, 0x28, 0xff, 0x28, 0x24, 0x20, 0xff,
    0x20, 0x24, 0x20, 0xff, 0x28, 0x24, 0x20, 0xff, 0x20, 0x24, 0x20, 0xff,
    0x28, 0x24, 0x28, 0xff, 0x28, 0x24, 0x20, 0xff, 0x28, 0x24, 0x28, 0xff,
    0x28, 0x24, 0x28, 0xff, 0x20, 0x24, 0x20, 0xff, 0x28, 0x24, 0x28, 0xff,
    0x20, 0x24, 0x20, 0xff, 0x28, 0x24, 0x20, 0xff, 0x28, 0x24, 0x20, 0xff,
    0x28, 0x28, 0x28, 0xff, 0x20, 0x24, 0x20, 0xff, 0x28, 0x24, 0x20, 0xff,
    0x28, 0x24, 0x28, 0xff, 0x20, 0x24, 0x20, 0xff, 0x28, 0x24, 0x20, 0xff,
    0x28, 0x24, 0x20, 0xff, 0x20, 0x24, 0x20, 0xff, 0x28, 0x28, 0x28, 0xff,
    0x58, 0x58, 0x58, 0xff, 0xf8, 0xfc, 0xf8, 0x00, 0xf8, 0xfc, 0xf8, 0x00,
    0xf8, 0xfc, 0xf8, 0x00, 0xf8, 0xfc, 0xf8, 0x00, 0x78, 0x7c, 0x78, 0xa2,
    0x30, 0x2c, 0x30, 0xff, 0x30, 0x2c, 0x30, 0xff, 0x30, 0x2c, 0x28, 0xff,
    0x30, 0x2c, 0x28, 0xff, 0x28, 0x2c, 0x28, 0xff, 0x30, 0x2c, 0x30, 0xff,
    0x30, 0x2c, 0x28, 0xff, 0x28, 0x2c, 0x28, 0xff, 0x30, 0x2c, 0x30, 0xff,
    0x30, 0x2c, 0x28, 0xff, 0x28, 0x2c, 0x28, 0xff, 0x28, 0x2c, 0x28, 0xff,
    0x30, 0x28, 0x28, 0xff, 0x28, 0x2c, 0x28, 0xff, 0x28, 0x28, 0x28, 0xff,
    0x30, 0x2c, 0x28, 0xff, 0x28, 0x2c, 0x28, 0xff, 0x28, 0x2c, 0x28, 0xff,
    0x78, 0x7c, 0x78, 0xff, 0xc8, 0xc8, 0xc8, 0xff, 0xc8, 0xc8, 0xd0, 0xff,
    0xc8, 0xc8, 0xc8, 0xff, 0xc8, 0xc8, 0xc8, 0xff, 0xc8, 0xc8, 0xc8, 0xff,
    0xc8, 0xcc, 0xc8, 0xff, 0xc8, 0xc8, 0xc8, 0xff, 0xc8, 0xc8, 0xc8, 0xff,
    0xc8, 0xcc, 0xc8, 0xff, 0xc8, 0xc8, 0xc8, 0xff, 0xc8, 0xc8, 0xc8, 0xff,
    0xc8, 0xcc, 0xc8, 0xff, 0xc8, 0xc8, 0xc8, 0xff, 0xc8, 0xcc, 0xc8, 0xff,
    0xc8, 0xc8, 0xc8, 0xff, 0xc8, 0xcc, 0xc8, 0xff, 0xc8, 0xc8, 0xc8, 0xff,
    0xc8, 0xc8, 0xc8, 0xff, 0xc8, 0xcc, 0xc8, 0xff, 0xc8, 0xc8, 0xc8, 0xff,
    0xc8, 0xc8, 0xc8, 0xff, 0xc8, 0xcc, 0xc8, 0xff, 0xc8, 0xc8, 0xc8, 0xff,
    0xc8, 0xc8, 0xc8, 0xff, 0xc8, 0xcc, 0xc8, 0xff, 0xc8, 0xc8, 0xc8, 0xff,
    0xc8, 0xcc, 0xc8, 0xff, 0xc8, 0xcc, 0xc8, 0xff, 0xc8, 0xc8, 0xc8, 0xff,
    0xc8, 0xcc, 0xc8, 0xff, 0xc8, 0xcc, 0xc8, 0xff, 0xc8, 0xc8, 0xc8, 0xff,
    0xc8, 0xcc, 0xc8, 0xff, 0xc8, 0xc8, 0xc8, 0xff, 0xc8, 0xcc, 0xc8, 0xff,
    0xc8, 0xcc, 0xc8, 0xff, 0xc8, 0xc8, 0xc8, 0xff, 0xc8, 0xcc, 0xc8, 0xff,
    0xc8, 0xcc, 0xc8, 0xff, 0xc8, 0xc8, 0xc8, 0xff, 0xc8, 0xc8, 0xc8, 0xff,
    0x78, 0x78, 0x78, 0xff, 0x28, 0x28, 0x28, 0xff, 0x28, 0x24, 0x28, 0xff,
    0x28, 0x24, 0x20, 0xff, 0x28, 0x28, 0x28, 0xff, 0x28, 0x24, 0x20, 0xff,
    0x28, 0x28, 0x28, 0xff, 0x28, 0x24, 0x28, 0xff, 0x28, 0x28, 0x28, 0xff,
    0x28, 0x24, 0x20, 0xff, 0x28, 0x28, 0x28, 0xff, 0x28, 0x28, 0x28, 0xff,
    0x28, 0x24, 0x20, 0xff, 0x28, 0x24, 0x28, 0xff, 0x28, 0x28, 0x28, 0xff,
    0x28, 0x24, 0x20, 0xff, 0x28, 0x24, 0x28, 0xff, 0x28, 0x24, 0x28, 0xff,
    0x28, 0x24, 0x20, 0xff, 0x28, 0x24, 0x28, 0xff, 0x20, 0x24, 0x20, 0xff,
    0x28, 0x28, 0x28, 0xff, 0x28, 0x24, 0x28, 0xff, 0x20, 0x24, 0x20, 0xff,
    0x28, 0x24, 0x20, 0xff, 0x28, 0x24, 0x28, 0xff, 0x28, 0x24, 0x28, 0xff,
    0x20, 0x24, 0x20, 0xff, 0x28, 0x24, 0x28, 0xff, 0x28, 0x24, 0x20, 0xff,
    0x28, 0x24, 0x20, 0xff, 0x28, 0x24, 0x20, 0xff, 0x28, 0x28, 0x28, 0xff,
    0x28, 0x24, 0x20, 0xff, 0x28, 0x24, 0x28, 0xff, 0x20, 0x24, 0x20, 0xff,
    0x28, 0x28, 0x20, 0xff, 0x28, 0x24, 0x20, 0xff, 0x20, 0x24, 0x20, 0xff,
    0x28, 0x24, 0x28, 0xff, 0x28, 0x24, 0x20, 0xff, 0x20, 0x24, 0x20, 0xff,
    0x20, 0x24, 0x20, 0xff, 0x28, 0x24, 0x20, 0xff, 0x28, 0x24, 0x28, 0xff,
    0x28, 0x28, 0x20, 0xff, 0x20, 0x24, 0x20, 0xff, 0x28, 0x24, 0x28, 0xff,
    0x28, 0x24, 0x20, 0xff, 0x20, 0x24, 0x20, 0xff, 0x28, 0x24, 0x28, 0xff,
    0x28, 0x24, 0x20, 0xff, 0x28, 0x24, 0x20, 0xff, 0x28, 0x28, 0x28, 0xff,
    0x28, 0x24, 0x20, 0xff, 0x28, 0x24, 0x28, 0xff, 0x28, 0x24, 0x20, 0xff,
    0x28, 0x24, 0x20, 0xff, 0x28, 0x28, 0x28, 0xff, 0x20, 0x24, 0x20, 0xff,
    0x28, 0x24, 0x28, 0xff, 0x28, 0x24, 0x20, 0xff, 0x28, 0x24, 0x20, 0xff,
    0x20, 0x24, 0x20, 0xff, 0x28, 0x24, 0x28, 0xff, 0x28, 0x24, 0x20, 0xff,
    0x28, 0x24, 0x20, 0xff, 0x28, 0x24, 0x20, 0xff, 0x20, 0x24, 0x20, 0xff,
    0x28, 0x24, 0x28, 0xff, 0x28, 0x28, 0x28, 0xff, 0x28, 0x24, 0x20, 0xff,
    0x28, 0x24, 0x28, 0xff, 0x28, 0x24, 0x20, 0xff, 0x20, 0x24, 0x20, 0xff,
    0x28, 0x24, 0x20, 0xff, 0x28, 0x24, 0x28, 0xff, 0x28, 0x24, 0x20, 0xff,
    0x28, 0x24, 0x20, 0xff, 0x28, 0x24, 0x28, 0xff, 0x20, 0x24, 0x20, 0xff,
    0x28, 0x24, 0x28, 0xff, 0x28, 0x24, 0x28, 0xff, 0x28, 0x24, 0x20, 0xff,
    0x28, 0x24, 0x20, 0xff, 0x58, 0x58, 0x58, 0xff, 0xf8, 0xfc, 0xf8, 0x00,
    0xf8, 0xfc, 0xf8, 0x00, 0xf8, 0xfc, 0xf8, 0x00, 0xf8, 0xfc, 0xf8, 0x00,
    0x80, 0x7c, 0x78, 0x9e, 0x30, 0x2c, 0x28, 0xff, 0x28, 0x2c, 0x30, 0xff,
    0x30, 0x2c, 0x28, 0xff, 0x30, 0x2c, 0x30, 0xff, 0x28, 0x2c, 0x30, 0xff,
    0x30, 0x2c, 0x28, 0xff, 0x30, 0x2c, 0x28, 0xff, 0x28, 0x2c, 0x28, 0xff,
    0x30, 0x2c, 0x30, 0xff, 0x30, 0x2c, 0x28, 0xff, 0x28, 0x2c, 0x28, 0xff,
    0x30, 0x2c, 0x28, 0xff, 0x30, 0x2c, 0x28, 0xff, 0x30, 0x28, 0x28, 0xff,
    0x28, 0x2c, 0x30, 0xff, 0x30, 0x2c, 0x28, 0xff, 0x30, 0x2c, 0x30, 0xff,
    0x28, 0x2c, 0x28, 0xff, 0x30, 0x28, 0x28, 0xff, 0x30, 0x28, 0x28, 0xff,
    0x30, 0x2c, 0x28, 0xff, 0x30, 0x2c, 0x28, 0xff, 0x30, 0x2c, 0x28, 0xff,
    0x30, 0x28, 0x30, 0xff, 0x30, 0x2c, 0x28, 0xff, 0x28, 0x28, 0x28, 0xff,
    0x30, 0x2c, 0x28, 0xff, 0x30, 0x28, 0x28, 0xff, 0x28, 0x2c, 0x28, 0xff,
    0x30, 0x28, 0x28, 0xff, 0x30, 0x2c, 0x28, 0xff, 0x28, 0x28, 0x28, 0xff,
    0x30, 0x28, 0x28, 0xff, 0x30, 0x28, 0x28, 0xff, 0x28, 0x28, 0x28, 0xff,
    0x28, 0x28, 0x28, 0xff, 0x30, 0x28, 0x28, 0xff, 0x28, 0x28, 0x28, 0xff,
    0x30, 0x28, 0x28, 0xff, 0x28, 0x28, 0x28, 0xff, 0x28, 0x28, 0x28, 0xff,
    0x30, 0x28, 0x28, 0xff, 0x28, 0x28, 0x28, 0xff, 0x30, 0x28, 0x28, 0xff,
    0x28, 0x28, 0x28, 0xff, 0x28, 0x28, 0x28, 0xff, 0x30, 0x28, 0x28, 0xff,
    0x28, 0x28, 0x28, 0xff, 0x28, 0x28, 0x28, 0xff, 0x28, 0x28, 0x28, 0xff,
    0x28, 0x28, 0x28, 0xff, 0x28, 0x28, 0x28, 0xff, 0x28, 0x28, 0x28, 0xff,
    0x28, 0x28, 0x28, 0xff, 0x28, 0x28, 0x28, 0xff, 0x28, 0x28, 0x28, 0xff,
    0x30, 0x28, 0x28, 0xff, 0x28, 0x28, 0x28, 0xff, 0x28, 0x28, 0x28, 0xff,
    0x28, 0x28, 0x28, 0xff, 0x28, 0x24, 0x28, 0xff, 0x28, 0x24, 0x28, 0xff,
    0x28, 0x28, 0x20, 0xff, 0x28, 0x24, 0x28, 0xff, 0x28, 0x28, 0x28, 0xff,
    0x28, 0x28, 0x28, 0xff, 0x28, 0x24, 0x20, 0xff, 0x28, 0x28, 0x28, 0xff,
    0x28, 0x24, 0x28, 0xff, 0x28, 0x24, 0x20, 0xff, 0x28, 0x24, 0x20, 0xff,
    0x28, 0x24, 0x20, 0xff, 0x28, 0x24, 0x28, 0xff, 0x28, 0x28, 0x28, 0xff,
    0x28, 0x24, 0x20, 0xff, 0x28, 0x28, 0x28, 0xff, 0x28, 0x24, 0x20, 0xff,
    0x28, 0x24, 0x20, 0xff, 0x28, 0x28, 0x28, 0xff, 0x20, 0x24, 0x20, 0xff,
    0x28, 0x24, 0x28, 0xff, 0x28, 0x24, 0x28, 0xff, 0x28, 0x24, 0x20, 0xff,
    0x28, 0x24, 0x28, 0xff, 0x20, 0x24, 0x20, 0xff, 0x28, 0x24, 0x20, 0xff,
    0x28, 0x24, 0x20, 0xff, 0x20, 0x24, 0x20, 0xff, 0x28, 0x24, 0x20, 0xff,
    0x28, 0x24, 0x20, 0xff, 0x20, 0x24, 0x20, 0xff, 0x28, 0x24, 0x28, 0xff,
    0x20, 0x24, 0x20, 0xff, 0x28, 0x24, 0x28, 0xff, 0x28, 0x24, 0x20, 0xff,
    0x28, 0x24, 0x20, 0xff, 0x28, 0x24, 0x28, 0xff, 0x28, 0x24, 0x20, 0xff,
    0x28, 0x24, 0x28, 0xff, 0x28, 0x28, 0x28, 0xff, 0x28, 0x24, 0x20, 0xff,
    0x28, 0x24, 0x28, 0xff, 0x28, 0x24, 0x20, 0xff, 0x28, 0x24, 0x28, 0xff,
    0x20, 0x24, 0x20, 0xff, 0x28, 0x24, 0x20, 0xff, 0x28, 0x24, 0x20, 0xff,
    0x20, 0x24, 0x28, 0xff, 0x28, 0x28, 0x28, 0xff, 0x28, 0x24, 0x20, 0xff,
    0x28, 0x24, 0x28, 0xff, 0x28, 0x24, 0x20, 0xff, 0x28, 0x24, 0x28, 0xff,
    0x20, 0x24, 0x20, 0xff, 0x28, 0x28, 0x28, 0xff, 0x28, 0x24, 0x20, 0xff,
    0x20, 0x24, 0x20, 0xff, 0x28, 0x24, 0x20, 0xff, 0x28, 0x24, 0x20, 0xff,
    0x28, 0x24, 0x28, 0xff, 0x28, 0x24, 0x28, 0xff, 0x28, 0x24, 0x20, 0xff,
    0x28, 0x24, 0x20, 0xff, 0x28, 0x24, 0x28, 0xff, 0x28, 0x24, 0x20, 0xff,
    0x28, 0x24, 0x28, 0xff, 0x20, 0x24, 0x28, 0xff, 0x28, 0x24, 0x20, 0xff,
    0x28, 0x24, 0x28, 0xff, 0x28, 0x28, 0x20, 0xff, 0x28, 0x24, 0x20, 0xff,
    0x28, 0x24, 0x20, 0xff, 0x28, 0x28, 0x28, 0xff, 0x28, 0x24, 0x28, 0xff,
    0x28, 0x24, 0x28, 0xff, 0x20, 0x24, 0x20, 0xff, 0x28, 0x24, 0x28, 0xff,
    0x28, 0x24, 0x20, 0xff, 0x28, 0x28, 0x28, 0xff, 0x28, 0x24, 0x28, 0xff,
    0x28, 0x28, 0x20, 0xff, 0x28, 0x24, 0x28, 0xff, 0x28, 0x24, 0x20, 0xff,
    0x28, 0x24, 0x20, 0xff, 0x28, 0x24, 0x28, 0xff, 0x58, 0x58, 0x58, 0xff,
    0xf8, 0xfc, 0xf8, 0x00, 0xf8, 0xfc, 0xf8, 0x00, 0xf8, 0xfc, 0xf8, 0x00,
    0xf8, 0xfc, 0xf8, 0x00, 0x78, 0x7c, 0x78, 0xa2, 0x30, 0x2c, 0x28, 0xff,
    0x28, 0x2c, 0x28, 0xff, 0x28, 0x2c, 0x30, 0xff, 0x30, 0x2c, 0x28, 0xff,
    0x30, 0x2c, 0x28, 0xff, 0x28, 0x2c, 0x28, 0xff, 0x30, 0x2c, 0x30, 0xff,
    0x28, 0x2c, 0x28, 0xff, 0x30, 0x2c, 0x28, 0xff, 0x30, 0x2c, 0x30, 0xff,
    0x28, 0x28, 0x28, 0xff, 0x30, 0x2c, 0x30, 0xff, 0x28, 0x28, 0x28, 0xff,
    0x28, 0x2c, 0x28, 0xff, 0x30, 0x28, 0x28, 0xff, 0x28, 0x28, 0x28, 0xff,
    0x30, 0x28, 0x28, 0xff, 0x30, 0x2c, 0x30, 0xff, 0x28, 0x28, 0x28, 0xff,
    0x28, 0x2c, 0x28, 0xff, 0x30, 0x2c, 0x28, 0xff, 0x28, 0x28, 0x28, 0xff,
    0x28, 0x2c, 0x28, 0xff, 0x28, 0x2c, 0x28, 0xff, 0x30, 0x28, 0x28, 0xff,
    0x28, 0x28, 0x28, 0xff, 0x28, 0x2c, 0x30, 0xff, 0x30, 0x2c, 0x28, 0xff,
    0x28, 0x28, 0x28, 0xff, 0x28, 0x28, 0x28, 0xff, 0x30, 0x28, 0x28, 0xff,
    0x28, 0x28, 0x28, 0xff, 0x28, 0x28, 0x28, 0xff, 0x28, 0x2c, 0x28, 0xff,
    0x30, 0x28, 0x28, 0xff, 0x30, 0x28, 0x28, 0xff, 0x28, 0x28, 0x28, 0xff,
    0x28, 0x28, 0x28, 0xff, 0x28, 0x28, 0x28, 0xff, 0x30, 0x28, 0x28, 0xff,
    0x28, 0x28, 0x28, 0xff, 0x28, 0x28, 0x28, 0xff, 0x28, 0x28, 0x28, 0xff,
    0x28, 0x28, 0x28, 0xff, 0x28, 0x28, 0x28, 0xff, 0x30, 0x28, 0x28, 0xff,
    0x28, 0x28, 0x28, 0xff, 0x28, 0x28, 0x28, 0xff, 0x28, 0x28, 0x28, 0xff,
    0x30, 0x24, 0x28, 0xff, 0x28, 0x28, 0x28, 0xff, 0x28, 0x28, 0x28, 0xff,
    0x30, 0x28, 0x28, 0xff, 0x28, 0x24, 0x28, 0xff, 0x28, 0x28, 0x28, 0xff,
    0x28, 0x28, 0x28, 0xff, 0x28, 0x24, 0x28, 0xff, 0x28, 0x28, 0x28, 0xff,
    0x28, 0x24, 0x28, 0xff, 0x28, 0x28, 0x28, 0xff, 0x28, 0x28, 0x20, 0xff,
    0x28, 0x28, 0x28, 0xff, 0x28, 0x24, 0x20, 0xff, 0x28, 0x28, 0x28, 0xff,
    0x28, 0x24, 0x20, 0xff, 0x28, 0x28, 0x20, 0xff, 0x28, 0x24, 0x28, 0xff,
    0x28, 0x28, 0x20, 0xff, 0x28, 0x28, 0x28, 0xff, 0x28, 0x28, 0x28, 0xff,
    0x28, 0x28, 0x28, 0xff, 0x28, 0x24, 0x20, 0xff, 0x28, 0x24, 0x20, 0xff,
    0x28, 0x24, 0x20, 0xff, 0x28, 0x28, 0x28, 0xff, 0x28, 0x24, 0x20, 0xff,
    0x28, 0x24, 0x28, 0xff, 0x28, 0x24, 0x28, 0xff, 0x28, 0x24, 0x20, 0xff,
    0x28, 0x24, 0x20, 0xff, 0x28, 0x24, 0x28, 0xff, 0x28, 0x24, 0x20, 0xff,
    0x28, 0x24, 0x20, 0xff, 0x28, 0x24, 0x28, 0xff, 0x28, 0x24, 0x28, 0xff,
    0x28, 0x28, 0x28, 0xff, 0x28, 0x24, 0x28, 0xff, 0x28, 0x24, 0x28, 0xff,
    0x28, 0x24, 0x20, 0xff, 0x28, 0x28, 0x28, 0xff, 0x28, 0x24, 0x28, 0xff,
    0x28, 0x24, 0x20, 0xff, 0x28, 0x24, 0x20, 0xff, 0x20, 0x24, 0x20, 0xff,
    0x28, 0x24, 0x28, 0xff, 0x28, 0x24, 0x20, 0xff, 0x28, 0x24, 0x28, 0xff,
    0x20, 0x24, 0x20, 0xff, 0x28, 0x24, 0x20, 0xff, 0x28, 0x24, 0x28, 0xff,
    0x20, 0x24, 0x20, 0xff, 0x28, 0x24, 0x20, 0xff, 0x28, 0x28, 0x28, 0xff,
    0x28, 0x24, 0x28, 0xff, 0x28, 0x24, 0x28, 0xff, 0x28, 0x24, 0x20, 0xff,
    0x28, 0x24, 0x28, 0xff, 0x28, 0x24, 0x28, 0xff, 0x28, 0x24, 0x20, 0xff,
    0x28, 0x24, 0x20, 0xff, 0x20, 0x24, 0x20, 0xff, 0x28, 0x28, 0x28, 0xff,
    0x28, 0x24, 0x20, 0xff, 0x28, 0x24, 0x20, 0xff, 0x28, 0x24, 0x28, 0xff,
    0x20, 0x24, 0x20, 0xff, 0x28, 0x24, 0x28, 0xff, 0x28, 0x24, 0x28, 0xff,
    0x28, 0x24, 0x28, 0xff, 0x20, 0x24, 0x20, 0xff, 0x28, 0x28, 0x20, 0xff,
    0x20, 0x24, 0x28, 0xff, 0x28, 0x24, 0x20, 0xff, 0x28, 0x24, 0x20, 0xff,
    0x20, 0x24, 0x28, 0xff, 0x28, 0x24, 0x20, 0xff, 0x28, 0x24, 0x28, 0xff,
    0x28, 0x24, 0x20, 0xff, 0x28, 0x24, 0x20, 0xff, 0x28, 0x24, 0x28, 0xff,
    0x20, 0x24, 0x20, 0xff, 0x28, 0x24, 0x28, 0xff, 0x20, 0x24, 0x20, 0xff,
    0x28, 0x28, 0x20, 0xff, 0x28, 0x24, 0x20, 0xff, 0x28, 0x24, 0x28, 0xff,
    0x28, 0x28, 0x28, 0xff, 0x20, 0x24, 0x20, 0xff, 0x28, 0x24, 0x28, 0xff,
    0x28, 0x24, 0x20, 0xff, 0x20, 0x24, 0x20, 0xff, 0x28, 0x24, 0x20, 0xff,
    0x28, 0x28, 0x28, 0xff, 0x20, 0x24, 0x20, 0xff, 0x28, 0x24, 0x20, 0xff,
    0x58, 0x58, 0x58, 0xff, 0xf8, 0xfc, 0xf8, 0x00, 0xf8, 0xfc, 0xf8, 0x00,
    0xf8, 0xfc, 0xf8, 0x00, 0xf8, 0xfc, 0xf8, 0x00, 0x78, 0x7c, 0x78, 0x9e,
    0x30, 0x2c, 0x30, 0xff, 0x30, 0x2c, 0x28, 0xff, 0x30, 0x2c, 0x28, 0xff,
    0x28, 0x2c, 0x30, 0xff, 0x30, 0x2c, 0x28, 0xff, 0x30, 0x2c, 0x28, 0xff,
    0x28, 0x2c, 0x28, 0xff, 0x28, 0x2c, 0x28, 0xff, 0x28, 0x2c, 0x28, 0xff,
    0x30, 0x2c, 0x28, 0xff, 0x28, 0x2c, 0x30, 0xff, 0x28, 0x2c, 0x28, 0xff,
    0x30, 0x2c, 0x28, 0xff, 0x30, 0x2c, 0x30, 0xff, 0x28, 0x2c, 0x28, 0xff,
    0x28, 0x28, 0x28, 0xff, 0x30, 0x2c, 0x28, 0xff, 0x28, 0x28, 0x28, 0xff,
    0xb0, 0xb0, 0xb0, 0xff, 0xf8, 0xfc, 0xf8, 0xff, 0xf8, 0xfc, 0xf8, 0xff,
    0xf8, 0xfc, 0xf8, 0xff, 0xf8, 0xfc, 0xf8, 0xff, 0xf8, 0xfc, 0xf8, 0xff,
    0xf8, 0xfc, 0xf8, 0xff, 0xf8, 0xfc, 0xf8, 0xff, 0xf8, 0xfc, 0xf8, 0xff,
    0xf8, 0xfc, 0xf8, 0xff, 0xf8, 0xfc, 0xf8, 0xff, 0xf8, 0xfc, 0xf8, 0xff,
    0xf8, 0xfc, 0xf8, 0xff, 0xf8, 0xfc, 0xf8, 0xff, 0xf8, 0xfc, 0xf8, 0xff,
    0xf8, 0xfc, 0xf8, 0xff, 0xf8, 0xfc, 0xf8, 0xff, 0xf8, 0xfc, 0xf8, 0xff,
    0xf8, 0xfc, 0xf8, 0xff, 0xf8, 0xfc, 0xf8, 0xff, 0xf8, 0xfc, 0xf8, 0xff,
    0xf8, 0xfc, 0xf8, 0xff, 0xf8, 0xfc, 0xf8, 0xff, 0xf8, 0xfc, 0xf8, 0xff,
    0xf8, 0xfc, 0xf8, 0xff, 0xf8, 0xfc, 0xf8, 0xff, 0xf8, 0xfc, 0xf8, 0xff,
    0xf8, 0xfc, 0xf8, 0xff, 0xf8, 0xfc, 0xf8, 0xff, 0xf8, 0xfc, 0xf8, 0xff,
    0xf8, 0xfc, 0xf8, 0xff, 0xf8, 0xfc, 0xf8, 0xff, 0xf8, 0xfc, 0xf8, 0xff,
    0xf8, 0xfc, 0xf8, 0xff, 0xf8, 0xfc, 0xf8, 0xff, 0xf8, 0xfc, 0xf8, 0xff,
    0xf8, 0xfc, 0xf8, 0xff, 0xf8, 0xfc, 0xf8, 0xff, 0xf8, 0xfc, 0xf8, 0xff,
    0xf8, 0xfc, 0xf8, 0xff, 0xf8, 0xfc, 0xf8, 0xff, 0xf8, 0xfc, 0xf8, 0xff,
    0xb0, 0xb0, 0xb0, 0xff, 0x28, 0x28, 0x28, 0xff, 0x28, 0x24, 0x28, 0xff,
    0x28, 0x28, 0x28, 0xff, 0x28, 0x28, 0x28, 0xff, 0x28, 0x24, 0x28, 0xff,
    0x28, 0x28, 0x28, 0xff, 0x28, 0x24, 0x20, 0xff, 0x28, 0x24, 0x20, 0xff,
    0x28, 0x24, 0x28, 0xff, 0x28, 0x24, 0x28, 0xff, 0x28, 0x24, 0x28, 0xff,
    0x28, 0x24, 0x20, 0xff, 0x28, 0x24, 0x28, 0xff, 0x28, 0x24, 0x28, 0xff,
    0x28, 0x24, 0x20, 0xff, 0x28, 0x28, 0x20, 0xff, 0x28, 0x24, 0x28, 0xff,
    0x28, 0x24, 0x28, 0xff, 0x28, 0x28, 0x20, 0xff, 0x28, 0x24, 0x28, 0xff,
    0x28, 0x28, 0x20, 0xff, 0x28, 0x24, 0x20, 0xff, 0x20, 0x24, 0x20, 0xff,
    0x28, 0x24, 0x20, 0xff, 0x28, 0x24, 0x20, 0xff, 0x20, 0x24, 0x20, 0xff,
    0x28, 0x24, 0x28, 0xff, 0x28, 0x24, 0x20, 0xff, 0x28, 0x24, 0x28, 0xff,
    0x28, 0x24, 0x28, 0xff, 0x20, 0x24, 0x20, 0xff, 0x28, 0x28, 0x28, 0xff,
    0x28, 0x24, 0x20, 0xff, 0x20, 0x24, 0x20, 0xff, 0x28, 0x24, 0x28, 0xff,
    0x28, 0x28, 0x28, 0xff, 0x28, 0x24, 0x20, 0xff, 0x20, 0x24, 0x20, 0xff,
    0x28, 0x24, 0x28, 0xff, 0x28, 0x24, 0x20, 0xff, 0x20, 0x24, 0x20, 0xff,
    0x28, 0x24, 0x20, 0xff, 0x28, 0x24, 0x20, 0xff, 0x20, 0x24, 0x20, 0xff,
    0x28, 0x28, 0x28, 0xff, 0x28, 0x24, 0x20, 0xff, 0x28, 0x24, 0x20, 0xff,
    0x28, 0x28, 0x28, 0xff, 0x28, 0x24, 0x28, 0xff, 0x28, 0x24, 0x20, 0xff,
    0x20, 0x24, 0x20, 0xff, 0x28, 0x24, 0x28, 0xff, 0x28, 0x24, 0x20, 0xff,
    0x28, 0x24, 0x28, 0xff, 0x28, 0x24, 0x28, 0xff, 0x28, 0x24, 0x20, 0xff,
    0x28, 0x24, 0x20, 0xff, 0x28, 0x28, 0x28, 0xff, 0x28, 0x24, 0x20, 0xff,
    0x28, 0x24, 0x20, 0xff, 0x28, 0x24, 0x28, 0xff, 0x20, 0x24, 0x20, 0xff,
    0x28, 0x24, 0x28, 0xff, 0x28, 0x28, 0x28, 0xff, 0x20, 0x24, 0x20, 0xff,
    0x28, 0x24, 0x20, 0xff, 0x28, 0x28, 0x28, 0xff, 0x20, 0x24, 0x20, 0xff,
    0x28, 0x24, 0x28, 0xff, 0x28, 0x24, 0x28, 0xff, 0x28, 0x24, 0x20, 0xff,
    0x28, 0x24, 0x20, 0xff, 0x28, 0x24, 0x28, 0xff, 0x28, 0x24, 0x28, 0xff,
    0x28, 0x24, 0x20, 0xff, 0x28, 0x24, 0x20, 0xff, 0x28, 0x24, 0x20, 0xff,
    0x28, 0x24, 0x20, 0xff, 0x20, 0x24, 0x28, 0xff, 0x28, 0x24, 0x28, 0xff,
    0x28, 0x24, 0x20, 0xff, 0x28, 0x24, 0x28, 0xff, 0x28, 0x24, 0x28, 0xff,
    0x28, 0x24, 0x20, 0xff, 0x58, 0x58, 0x58, 0xff, 0xf8, 0xfc, 0xf8, 0x00,
    0xf8, 0xfc, 0xf8, 0x00, 0xf8, 0xfc, 0xf8, 0x00, 0xf8, 0xfc, 0xf8, 0x00,
    0x80, 0x7c, 0x78, 0x9e, 0x30, 0x2c, 0x30, 0xff, 0x28, 0x2c, 0x30, 0xff,
    0x30, 0x2c, 0x28, 0xff, 0x30, 0x2c, 0x28, 0xff, 0x28, 0x2c, 0x30, 0xff,
    0x30, 0x2c, 0x28, 0xff, 0x30, 0x28, 0x30, 0xff, 0x30, 0x2c, 0x30, 0xff,
    0x30, 0x2c, 0x28, 0xff, 0x30, 0x28, 0x28, 0xff, 0x30, 0x2c, 0x28, 0xff,
    0x28, 0x2c, 0x28, 0xff, 0x30, 0x28, 0x28, 0xff, 0x30, 0x2c, 0x30, 0xff,
    0x28, 0x28, 0x28, 0xff, 0x30, 0x2c, 0x28, 0xff, 0x28, 0x2c, 0x28, 0xff,
    0x88, 0x88, 0x88, 0xff, 0xf8, 0xfc, 0xf8, 0xff, 0xf8, 0xfc, 0xf8, 0xff,
    0xf8, 0xfc, 0xf8, 0xff, 0xf8, 0xfc, 0xf8, 0xff, 0xf8, 0xfc, 0xf8, 0xff,
    0xf8, 0xfc, 0xf8, 0xff, 0xf8, 0xfc, 0xf8, 0xff, 0xf8, 0xfc, 0xf8, 0xff,
    0xf8, 0xfc, 0xf8, 0xff, 0xf8, 0xfc, 0xf8, 0xff, 0xf8, 0xfc, 0xf8, 0xff,
    0xf8, 0xfc, 0xf8, 0xff, 0xf8, 0xfc, 0xf8, 0xff, 0xf8, 0xfc, 0xf8, 0xff,
    0xf8, 0xfc, 0xf8, 0xff, 0xf8, 0xfc, 0xf8, 0xff, 0xf8, 0xfc, 0xf8, 0xff,
    0xf8, 0xfc, 0xf8, 0xff, 0xf8, 0xfc, 0xf8, 0xff, 0xf8, 0xfc, 0xf8, 0xff,
    0xf8, 0xfc, 0xf8, 0xff, 0xf8, 0xfc, 0xf8, 0xff, 0xf8, 0xfc, 0xf8, 0xff,
    0xf8, 0xfc, 0xf8, 0xff, 0xf8, 0xfc, 0xf8, 0xff, 0xf8, 0xfc, 0xf8, 0xff,
    0xf8, 0xfc, 0xf8, 0xff, 0xf8, 0xfc, 0xf8, 0xff, 0xf8, 0xfc, 0xf8, 0xff,
    0xf8, 0xfc, 0xf8, 0xff, 0xf8, 0xfc, 0xf8, 0xff, 0xf8, 0xfc, 0xf8, 0xff,
    0xf8, 0xfc, 0xf8, 0xff, 0xf8, 0xfc, 0xf8, 0xff, 0xf8, 0xfc, 0xf8, 0xff,
    0xf8, 0xfc, 0xf8, 0xff, 0xf8, 0xfc, 0xf8, 0xff, 0xf8, 0xfc, 0xf8, 0xff,
    0xf8, 0xfc, 0xf8, 0xff, 0xf8, 0xfc, 0xf8, 0xff, 0xf8, 0xfc, 0xf8, 0xff,
    0xf8, 0xfc, 0xf8, 0xff, 0xf8, 0xfc, 0xf8, 0xff, 0x88, 0x84, 0x80, 0xff,
    0x28, 0x24, 0x20, 0xff, 0x28, 0x28, 0x28, 0xff, 0x28, 0x24, 0x20, 0xff,
    0x28, 0x24, 0x28, 0xff, 0x28, 0x24, 0x20, 0xff, 0x28, 0x24, 0x28, 0xff,
    0x28, 0x24, 0x20, 0xff, 0x28, 0x28, 0x20, 0xff, 0x28, 0x24, 0x20, 0xff,
    0x28, 0x24, 0x28, 0xff, 0x28, 0x28, 0x20, 0xff, 0x28, 0x24, 0x28, 0xff,
    0x28, 0x24, 0x20, 0xff, 0x28, 0x28, 0x28, 0xff, 0x20, 0x24, 0x20, 0xff,
    0x28, 0x24, 0x20, 0xff, 0x20, 0x24, 0x20, 0xff, 0x20, 0x24, 0x20, 0xff,
    0x28, 0x24, 0x28, 0xff, 0x28, 0x24, 0x28, 0xff, 0x28, 0x28, 0x28, 0xff,
    0x28, 0x24, 0x28, 0xff, 0x28, 0x24, 0x20, 0xff, 0x28, 0x28, 0x28, 0xff,
    0x28, 0x24, 0x20, 0xff, 0x20, 0x24, 0x20, 0xff, 0x28, 0x28, 0x28, 0xff,
    0x28, 0x24, 0x20, 0xff, 0x28, 0x24, 0x20, 0xff, 0x28, 0x24, 0x28, 0xff,
    0x28, 0x24, 0x28, 0xff, 0x28, 0x24, 0x20, 0xff, 0x28, 0x24, 0x20, 0xff,
    0x28, 0x24, 0x28, 0xff, 0x28, 0x24, 0x20, 0xff, 0x28, 0x24, 0x28, 0xff,
    0x28, 0x24, 0x20, 0xff, 0x28, 0x28, 0x28, 0xff, 0x28, 0x24, 0x28, 0xff,
    0x28, 0x24, 0x20, 0xff, 0x28, 0x24, 0x28, 0xff, 0x28, 0x24, 0x28, 0xff,
    0x20, 0x24, 0x20, 0xff, 0x28, 0x24, 0x28, 0xff, 0x28, 0x24, 0x20, 0xff,
    0x28, 0x24, 0x28, 0xff, 0x28, 0x28, 0x28, 0xff, 0x20, 0x24, 0x20, 0xff,
    0x28, 0x24, 0x28, 0xff, 0x28, 0x24, 0x20, 0xff, 0x20, 0x24, 0x20, 0xff,
    0x28, 0x24, 0x28, 0xff, 0x28, 0x24, 0x20, 0xff, 0x28, 0x28, 0x20, 0xff,
    0x20, 0x24, 0x20, 0xff, 0x28, 0x24, 0x28, 0xff, 0x28, 0x24, 0x20, 0xff,
    0x20, 0x24, 0x20, 0xff, 0x28, 0x24, 0x28, 0xff, 0x28, 0x24, 0x20, 0xff,
    0x28, 0x24, 0x28, 0xff, 0x28, 0x24, 0x20, 0xff, 0x28, 0x24, 0x20, 0xff,
    0x28, 0x24, 0x28, 0xff, 0x28, 0x24, 0x20, 0xff, 0x20, 0x24, 0x20, 0xff,
    0x28, 0x24, 0x28, 0xff, 0x28, 0x24, 0x20, 0xff, 0x28, 0x24, 0x20, 0xff,
    0x20, 0x24, 0x20, 0xff, 0x28, 0x24, 0x28, 0xff, 0x28, 0x24, 0x28, 0xff,
    0x20, 0x24, 0x20, 0xff, 0x28, 0x28, 0x28, 0xff, 0x28, 0x24, 0x28, 0xff,
    0x28, 0x24, 0x20, 0xff, 0x28, 0x24, 0x20, 0xff, 0x28, 0x24, 0x28, 0xff,
    0x28, 0x24, 0x20, 0xff, 0x20, 0x24, 0x20, 0xff, 0x28, 0x24, 0x20, 0xff,
    0x28, 0x24, 0x28, 0xff, 0x20, 0x24, 0x20, 0xff, 0x58, 0x58, 0x58, 0xff,
    0xf8, 0xfc, 0xf8, 0x00, 0xf8, 0xfc, 0xf8, 0x00, 0xf8, 0xfc, 0xf8, 0x00,
    0xf8, 0xfc, 0xf8, 0x00, 0x78, 0x7c, 0x78, 0xa2, 0x30, 0x2c, 0x28, 0xff,
    0x28, 0x2c, 0x28, 0xff, 0x30, 0x2c, 0x30, 0xff, 0x30, 0x2c, 0x28, 0xff,
    0x28, 0x2c, 0x28, 0xff, 0x30, 0x2c, 0x28, 0xff, 0x30, 0x2c, 0x28, 0xff,
    0x28, 0x2c, 0x28, 0xff, 0x28, 0x28, 0x30, 0xff, 0x28, 0x28, 0x28, 0xff,
    0x30, 0x2c, 0x28, 0xff, 0x28, 0x2c, 0x30, 0xff, 0x28, 0x28, 0x28, 0xff,
    0x30, 0x28, 0x28, 0xff, 0x30, 0x2c, 0x28, 0xff, 0x28, 0x28, 0x28, 0xff,
    0x30, 0x2c, 0x30, 0xff, 0x38, 0x38, 0x38, 0xff, 0xd8, 0xd8, 0xd8, 0xff,
    0xf8, 0xfc, 0xf8, 0xff, 0xf8, 0xfc, 0xf8, 0xff, 0xf8, 0xfc, 0xf8, 0xff,
    0xf8, 0xfc, 0xf8, 0xff, 0xf8, 0xfc, 0xf8, 0xff, 0xf8, 0xfc, 0xf8, 0xff,
    0xf8, 0xfc, 0xf8, 0xff, 0xf8, 0xfc, 0xf8, 0xff, 0xf8, 0xfc, 0xf8, 0xff,
    0xf8, 0xfc, 0xf8, 0xff, 0xf8, 0xfc, 0xf8, 0xff, 0xf8, 0xfc, 0xf8, 0xff,
    0xf8, 0xfc, 0xf8, 0xff, 0xf8, 0xfc, 0xf8, 0xff, 0xf8, 0xfc, 0xf8, 0xff,
    0xf8, 0xfc, 0xf8, 0xff, 0xf8, 0xfc, 0xf8, 0xff, 0xf8, 0xfc, 0xf8, 0xff,
    0xf8, 0xfc, 0xf8, 0xff, 0xf8, 0xfc, 0xf8, 0xff, 0xf8, 0xfc, 0xf8, 0xff,
    0xf8, 0xfc, 0xf8, 0xff, 0xf8, 0xfc, 0xf8, 0xff, 0xf8, 0xfc, 0xf8, 0xff,
    0xf8, 0xfc, 0xf8, 0xff, 0xf8, 0xfc, 0xf8, 0xff, 0xf8, 0xfc, 0xf8, 0xff,
    0xf8, 0xfc, 0xf8, 0xff, 0xf8, 0xfc, 0xf8, 0xff, 0xf8, 0xfc, 0xf8, 0xff,
    0xf8, 0xfc, 0xf8, 0xff, 0xf8, 0xfc, 0xf8, 0xff, 0xf8, 0xfc, 0xf8, 0xff,
    0xf8, 0xfc, 0xf8, 0xff, 0xf8, 0xfc, 0xf8, 0xff, 0xf8, 0xfc, 0xf8, 0xff,
    0xf8, 0xfc, 0xf8, 0xff, 0xf8, 0xfc, 0xf8, 0xff, 0xf8, 0xfc, 0xf8, 0xff,
    0xf8, 0xfc, 0xf8, 0xff, 0xf8, 0xfc, 0xf8, 0xff, 0xd8, 0xd8, 0xd8, 0xff,
    0x38, 0x34, 0x30, 0xff, 0x28, 0x24, 0x28, 0xff, 0x28, 0x28, 0x20, 0xff,
    0x28, 0x28, 0x28, 0xff, 0x28, 0x28, 0x20, 0xff, 0x28, 0x28, 0x28, 0xff,
    0x28, 0x24, 0x28, 0xff, 0x28, 0x28, 0x28, 0xff, 0x28, 0x24, 0x20, 0xff,
    0x28, 0x24, 0x28, 0xff, 0x28, 0x28, 0x20, 0xff, 0x28, 0x24, 0x28, 0xff,
    0x28, 0x24, 0x20, 0xff, 0x28, 0x28, 0x28, 0xff, 0x28, 0x24, 0x28, 0xff,
    0x20, 0x24, 0x20, 0xff, 0x28, 0x24, 0x28, 0xff, 0x28, 0x28, 0x28, 0xff,
    0x28, 0x24, 0x20, 0xff, 0x28, 0x24, 0x20, 0xff, 0x20, 0x24, 0x20, 0xff,
    0x20, 0x24, 0x20, 0xff, 0x28, 0x24, 0x20, 0xff, 0x28, 0x24, 0x28, 0xff,
    0x28, 0x24, 0x28, 0xff, 0x28, 0x24, 0x28, 0xff, 0x28, 0x24, 0x20, 0xff,
    0x20, 0x24, 0x20, 0xff, 0x28, 0x24, 0x20, 0xff, 0x28, 0x28, 0x28, 0xff,
    0x20, 0x24, 0x20, 0xff, 0x28, 0x24, 0x20, 0xff, 0x28, 0x24, 0x28, 0xff,
    0x20, 0x24, 0x20, 0xff, 0x28, 0x24, 0x20, 0xff, 0x20, 0x24, 0x20, 0xff,
    0x28, 0x24, 0x20, 0xff, 0x28, 0x24, 0x28, 0xff, 0x28, 0x24, 0x20, 0xff,
    0x28, 0x24, 0x28, 0xff, 0x20, 0x24, 0x20, 0xff, 0x28, 0x28, 0x28, 0xff,
    0x28, 0x24, 0x28, 0xff, 0x28, 0x24, 0x20, 0xff, 0x28, 0x28, 0x20, 0xff,
    0x20, 0x24, 0x20, 0xff, 0x28, 0x24, 0x20, 0xff, 0x28, 0x24, 0x28, 0xff,
    0x20, 0x24, 0x20, 0xff, 0x28, 0x24, 0x20, 0xff, 0x28, 0x24, 0x28, 0xff,
    0x28, 0x28, 0x28, 0xff, 0x28, 0x24, 0x20, 0xff, 0x28, 0x24, 0x28, 0xff,
    0x28, 0x24, 0x28, 0xff, 0x28, 0x28, 0x28, 0xff, 0x20, 0x24, 0x20, 0xff,
    0x28, 0x24, 0x28, 0xff, 0x28, 0x24, 0x20, 0xff, 0x20, 0x24, 0x28, 0xff,
    0x28, 0x24, 0x20, 0xff, 0x28, 0x24, 0x20, 0xff, 0x28, 0x28, 0x28, 0xff,
    0x28, 0x24, 0x20, 0xff, 0x28, 0x24, 0x28, 0xff, 0x28, 0x24, 0x28, 0xff,
    0x28, 0x24, 0x20, 0xff, 0x28, 0x28, 0x28, 0xff, 0x28, 0x24, 0x20, 0xff,
    0x20, 0x24, 0x20, 0xff, 0x28, 0x28, 0x28, 0xff, 0x28, 0x24, 0x28, 0xff,
    0x28, 0x28, 0x20, 0xff, 0x28, 0x24, 0x20, 0xff, 0x20, 0x24, 0x20, 0xff,
    0x28, 0x24, 0x28, 0xff, 0x28, 0x28, 0x28, 0xff, 0x20, 0x24, 0x20, 0xff,
    0x28, 0x24, 0x20, 0xff, 0x28, 0x24, 0x28, 0xff, 0x20, 0x24, 0x20, 0xff,
    0x28, 0x28, 0x28, 0xff, 0x28, 0x24, 0x20, 0xff, 0x28, 0x24, 0x28, 0xff,
    0x58, 0x58, 0x58, 0xff, 0xf8, 0xfc, 0xf8, 0x00, 0xf8, 0xfc, 0xf8, 0x00,
    0xf8, 0xfc, 0xf8, 0x00, 0xf8, 0xfc, 0xf8, 0x00, 0x78, 0x78, 0x78, 0x9e,
    0x30, 0x2c, 0x30, 0xff, 0x30, 0x2c, 0x28, 0xff, 0x28, 0x2c, 0x28, 0xff,
    0x30, 0x2c, 0x28, 0xff, 0x28, 0x2c, 0x30, 0xff, 0x30, 0x28, 0x28, 0xff,
    0x28, 0x2c, 0x28, 0xff, 0x28, 0x2c, 0x28, 0xff, 0x30, 0x2c, 0x28, 0xff,
    0x30, 0x2c, 0x30, 0xff, 0x28, 0x2c, 0x28, 0xff, 0x30, 0x2c, 0x28, 0xff,
    0x28, 0x2c, 0x28, 0xff, 0x28, 0x28, 0x28, 0xff, 0x30, 0x2c, 0x28, 0xff,
    0x28, 0x2c, 0x28, 0xff, 0x30, 0x28, 0x28, 0xff, 0x30, 0x28, 0x28, 0xff,
    0x28, 0x2c, 0x28, 0xff, 0x28, 0x28, 0x28, 0xff, 0x30, 0x28, 0x28, 0xff,
    0x28, 0x28, 0x28, 0xff, 0x30, 0x2c, 0x28, 0xff, 0x28, 0x28, 0x28, 0xff,
    0x28, 0x28, 0x28, 0xff, 0x30, 0x28, 0x28, 0xff, 0x28, 0x28, 0x28, 0xff,
    0x28, 0x28, 0x28, 0xff, 0x30, 0x28, 0x28, 0xff, 0x28, 0x28, 0x28, 0xff,
    0x28, 0x28, 0x28, 0xff, 0x28, 0x28, 0x28, 0xff, 0x28, 0x28, 0x28, 0xff,
    0x28, 0x2c, 0x28, 0xff, 0x28, 0x28, 0x28, 0xff, 0x28, 0x28, 0x28, 0xff,
    0x28, 0x28, 0x28, 0xff, 0x28, 0x28, 0x28, 0xff, 0x28, 0x28, 0x28, 0xff,
    0x28, 0x28, 0x28, 0xff, 0x28, 0x28, 0x28, 0xff, 0x30, 0x28, 0x28, 0xff,
    0x28, 0x28, 0x28, 0xff, 0x28, 0x28, 0x28, 0xff, 0x30, 0x28, 0x28, 0xff,
    0x28, 0x28, 0x28, 0xff, 0x28, 0x28, 0x28, 0xff, 0x28, 0x28, 0x28, 0xff,
    0x28, 0x28, 0x28, 0xff, 0x28, 0x28, 0x28, 0xff, 0x28, 0x28, 0x28, 0xff,
    0x28, 0x28, 0x28, 0xff, 0x28, 0x24, 0x20, 0xff, 0x28, 0x28, 0x28, 0xff,
    0x28, 0x24, 0x28, 0xff, 0x28, 0x28, 0x28, 0xff, 0x28, 0x24, 0x20, 0xff,
    0x28, 0x24, 0x20, 0xff, 0x28, 0x24, 0x28, 0xff, 0x28, 0x24, 0x20, 0xff,
    0x28, 0x28, 0x28, 0xff, 0x28, 0x24, 0x28, 0xff, 0x28, 0x28, 0x28, 0xff,
    0x28, 0x24, 0x28, 0xff, 0x28, 0x24, 0x20, 0xff, 0x28, 0x28, 0x28, 0xff,
    0x28, 0x24, 0x28, 0xff, 0x28, 0x24, 0x20, 0xff, 0x28, 0x28, 0x28, 0xff,
    0x28, 0x24, 0x28, 0xff, 0x28, 0x24, 0x20, 0xff, 0x28, 0x24, 0x28, 0xff,
    0x28, 0x24, 0x20, 0xff, 0x20, 0x24, 0x20, 0xff, 0x28, 0x24, 0x28, 0xff,
    0x28, 0x24, 0x20, 0xff, 0x28, 0x24, 0x20, 0xff, 0x28, 0x24, 0x28, 0xff,
    0x28, 0x24, 0x28, 0xff, 0x28, 0x24, 0x20, 0xff, 0x28, 0x24, 0x20, 0xff,
    0x28, 0x24, 0x28, 0xff, 0x28, 0x24, 0x28, 0xff, 0x28, 0x24, 0x20, 0xff,
    0x20, 0x24, 0x20, 0xff, 0x28, 0x28, 0x28, 0xff, 0x28, 0x24, 0x20, 0xff,
    0x28, 0x24, 0x20, 0xff, 0x28, 0x24, 0x28, 0xff, 0x28, 0x24, 0x28, 0xff,
    0x28, 0x24, 0x28, 0xff, 0x28, 0x28, 0x20, 0xff, 0x28, 0x24, 0x28, 0xff,
    0x28, 0x28, 0x28, 0xff, 0x28, 0x24, 0x28, 0xff, 0x28, 0x24, 0x28, 0xff,
    0x28, 0x24, 0x20, 0xff, 0x28, 0x28, 0x28, 0xff, 0x28, 0x24, 0x28, 0xff,
    0x28, 0x24, 0x20, 0xff, 0x28, 0x24, 0x20, 0xff, 0x20, 0x24, 0x20, 0xff,
    0x28, 0x24, 0x20, 0xff, 0x28, 0x24, 0x20, 0xff, 0x28, 0x24, 0x28, 0xff,
    0x28, 0x24, 0x28, 0xff, 0x28, 0x24, 0x28, 0xff, 0x20, 0x24, 0x20, 0xff,
    0x28, 0x24, 0x20, 0xff, 0x28, 0x24, 0x28, 0xff, 0x28, 0x24, 0x20, 0xff,
    0x28, 0x24, 0x28, 0xff, 0x28, 0x24, 0x20, 0xff, 0x28, 0x28, 0x20, 0xff,
    0x20, 0x24, 0x20, 0xff, 0x28, 0x24, 0x28, 0xff, 0x28, 0x24, 0x20, 0xff,
    0x28, 0x24, 0x20, 0xff, 0x28, 0x24, 0x28, 0xff, 0x28, 0x24, 0x20, 0xff,
    0x28, 0x24, 0x20, 0xff, 0x20, 0x24, 0x28, 0xff, 0x28, 0x24, 0x28, 0xff,
    0x28, 0x24, 0x20, 0xff, 0x20, 0x24, 0x20, 0xff, 0x28, 0x28, 0x28, 0xff,
    0x28, 0x24, 0x20, 0xff, 0x28, 0x24, 0x28, 0xff, 0x28, 0x24, 0x28, 0xff,
    0x28, 0x24, 0x28, 0xff, 0x28, 0x24, 0x28, 0xff, 0x28, 0x24, 0x20, 0xff,
    0x28, 0x24, 0x20, 0xff, 0x28, 0x24, 0x20, 0xff, 0x28, 0x24, 0x28, 0xff,
    0x28, 0x24, 0x20, 0xff, 0x28, 0x24, 0x20, 0xff, 0x28, 0x24, 0x28, 0xff,
    0x28, 0x24, 0x28, 0xff, 0x28, 0x24, 0x20, 0xff, 0x28, 0x28, 0x28, 0xff,
    0x28, 0x24, 0x20, 0xff, 0x28, 0x24, 0x20, 0xff, 0x28, 0x24, 0x28, 0xff,
    0x28, 0x24, 0x20, 0xff, 0x68, 0x64, 0x60, 0xcf, 0xf8, 0xfc, 0xf8, 0x00,
    0xf8, 0xfc, 0xf8, 0x00, 0xf8, 0xfc, 0xf8, 0x00, 0xf8, 0xfc, 0xf8, 0x00,
    0x90, 0x90, 0x90, 0x7d, 0x30, 0x2c, 0x30, 0xff, 0x28, 0x2c, 0x28, 0xff,
    0x30, 0x2c, 0x30, 0xff, 0x30, 0x2c, 0x28, 0xff, 0x30, 0x2c, 0x30, 0xff,
    0x28, 0x2c, 0x28, 0xff, 0x30, 0x28, 0x30, 0xff, 0x30, 0x2c, 0x28, 0xff,
    0x28, 0x2c, 0x28, 0xff, 0x30, 0x28, 0x28, 0xff, 0x30, 0x28, 0x28, 0xff,
    0x28, 0x28, 0x28, 0xff, 0x30, 0x2c, 0x30, 0xff, 0x30, 0x2c, 0x28, 0xff,
    0x28, 0x2c, 0x30, 0xff, 0x28, 0x28, 0x28, 0xff, 0x30, 0x2c, 0x28, 0xff,
    0x28, 0x28, 0x28, 0xff, 0x30, 0x2c, 0x28, 0xff, 0x28, 0x2c, 0x28, 0xff,
    0x28, 0x28, 0x30, 0xff, 0x30, 0x2c, 0x28, 0xff, 0x28, 0x2c, 0x28, 0xff,
    0x28, 0x28, 0x28, 0xff, 0x30, 0x2c, 0x30, 0xff, 0x28, 0x2c, 0x28, 0xff,
    0x28, 0x28, 0x28, 0xff, 0x28, 0x28, 0x28, 0xff, 0x30, 0x28, 0x28, 0xff,
    0x28, 0x2c, 0x28, 0xff, 0x28, 0x28, 0x28, 0xff, 0x30, 0x28, 0x28, 0xff,
    0x28, 0x28, 0x28, 0xff, 0x28, 0x28, 0x28, 0xff, 0x30, 0x28, 0x28, 0xff,
    0x28, 0x28, 0x28, 0xff, 0x28, 0x28, 0x28, 0xff, 0x28, 0x28, 0x28, 0xff,
    0x30, 0x28, 0x28, 0xff, 0x28, 0x28, 0x28, 0xff, 0x28, 0x28, 0x28, 0xff,
    0x28, 0x28, 0x28, 0xff, 0x28, 0x28, 0x28, 0xff, 0x28, 0x28, 0x28, 0xff,
    0x28, 0x28, 0x20, 0xff, 0x28, 0x28, 0x28, 0xff, 0x28, 0x28, 0x28, 0xff,
    0x28, 0x24, 0x20, 0xff, 0x28, 0x28, 0x28, 0xff, 0x28, 0x28, 0x20, 0xff,
    0x28, 0x24, 0x28, 0xff, 0x28, 0x24, 0x20, 0xff, 0x28, 0x24, 0x28, 0xff,
    0x28, 0x28, 0x28, 0xff, 0x28, 0x28, 0x28, 0xff, 0x28, 0x28, 0x28, 0xff,
    0x28, 0x24, 0x20, 0xff, 0x28, 0x28, 0x28, 0xff, 0x28, 0x28, 0x28, 0xff,
    0x28, 0x24, 0x20, 0xff, 0x28, 0x24, 0x28, 0xff, 0x28, 0x28, 0x20, 0xff,
    0x28, 0x28, 0x20, 0xff, 0x28, 0x24, 0x28, 0xff, 0x28, 0x24, 0x28, 0xff,
    0x28, 0x28, 0x20, 0xff, 0x28, 0x24, 0x28, 0xff, 0x28, 0x24, 0x20, 0xff,
    0x28, 0x28, 0x20, 0xff, 0x28, 0x24, 0x28, 0xff, 0x28, 0x28, 0x28, 0xff,
    0x28, 0x24, 0x20, 0xff, 0x28, 0x28, 0x28, 0xff, 0x20, 0x24, 0x20, 0xff,
    0x28, 0x24, 0x28, 0xff, 0x28, 0x28, 0x20, 0xff, 0x28, 0x24, 0x28, 0xff,
    0x28, 0x24, 0x20, 0xff, 0x28, 0x28, 0x20, 0xff, 0x20, 0x24, 0x28, 0xff,
    0x28, 0x24, 0x28, 0xff, 0x28, 0x24, 0x20, 0xff, 0x28, 0x24, 0x28, 0xff,
    0x28, 0x28, 0x28, 0xff, 0x28, 0x24, 0x20, 0xff, 0x20, 0x24, 0x20, 0xff,
    0x28, 0x24, 0x28, 0xff, 0x28, 0x24, 0x20, 0xff, 0x20, 0x24, 0x20, 0xff,
    0x28, 0x24, 0x20, 0xff, 0x28, 0x24, 0x20, 0xff, 0x28, 0x24, 0x28, 0xff,
    0x28, 0x24, 0x20, 0xff, 0x28, 0x24, 0x20, 0xff, 0x28, 0x28, 0x28, 0xff,
    0x20, 0x24, 0x20, 0xff, 0x28, 0x24, 0x28, 0xff, 0x28, 0x24, 0x20, 0xff,
    0x20, 0x24, 0x20, 0xff, 0x20, 0x24, 0x28, 0xff, 0x28, 0x28, 0x28, 0xff,
    0x28, 0x24, 0x28, 0xff, 0x28, 0x24, 0x20, 0xff, 0x20, 0x24, 0x20, 0xff,
    0x28, 0x24, 0x20, 0xff, 0x28, 0x24, 0x28, 0xff, 0x28, 0x24, 0x20, 0xff,
    0x28, 0x24, 0x20, 0xff, 0x28, 0x28, 0x28, 0xff, 0x28, 0x24, 0x20, 0xff,
    0x28, 0x24, 0x20, 0xff, 0x20, 0x24, 0x28, 0xff, 0x28, 0x24, 0x28, 0xff,
    0x28, 0x24, 0x20, 0xff, 0x28, 0x24, 0x28, 0xff, 0x20, 0x24, 0x20, 0xff,
    0x28, 0x24, 0x20, 0xff, 0x28, 0x28, 0x28, 0xff, 0x28, 0x24, 0x28, 0xff,
    0x28, 0x24, 0x20, 0xff, 0x28, 0x28, 0x28, 0xff, 0x28, 0x24, 0x28, 0xff,
    0x28, 0x24, 0x20, 0xff, 0x20, 0x24, 0x20, 0xff, 0x28, 0x24, 0x28, 0xff,
    0x28, 0x24, 0x20, 0xff, 0x28, 0x28, 0x20, 0xff, 0x28, 0x24, 0x28, 0xff,
    0x20, 0x24, 0x20, 0xff, 0x28, 0x28, 0x20, 0xff, 0x28, 0x24, 0x28, 0xff,
    0x20, 0x24, 0x20, 0xff, 0x28, 0x24, 0x20, 0xff, 0x20, 0x24, 0x28, 0xff,
    0x28, 0x28, 0x28, 0xff, 0x28, 0x24, 0x20, 0xff, 0x28, 0x24, 0x28, 0xff,
    0x20, 0x24, 0x20, 0xff, 0x28, 0x24, 0x20, 0xff, 0x28, 0x24, 0x28, 0xff,
    0x20, 0x24, 0x20, 0xff, 0x28, 0x24, 0x28, 0xff, 0x28, 0x24, 0x20, 0xff,
    0x20, 0x24, 0x20, 0xff, 0x28, 0x24, 0x28, 0xff, 0x60, 0x64, 0x60, 0xcf,
    0xf8, 0xfc, 0xf8, 0x00, 0xf8, 0xfc, 0xf8, 0x00, 0xf8, 0xfc, 0xf8, 0x00,
    0xf8, 0xfc, 0xf8, 0x00, 0x98, 0x98, 0x98, 0x3c, 0x48, 0x44, 0x40, 0xff,
    0x30, 0x2c, 0x28, 0xff, 0x28, 0x2c, 0x30, 0xff, 0x30, 0x28, 0x28, 0xff,
    0x28, 0x2c, 0x28, 0xff, 0x28, 0x2c, 0x28, 0xff, 0x30, 0x2c, 0x28, 0xff,
    0x30, 0x2c, 0x30, 0xff, 0x28, 0x28, 0x28, 0xff, 0x28, 0x2c, 0x28, 0xff,
    0x30, 0x2c, 0x30, 0xff, 0x28, 0x28, 0x28, 0xff, 0x28, 0x2c, 0x28, 0xff,
    0x30, 0x28, 0x28, 0xff, 0x28, 0x28, 0x28, 0xff, 0x30, 0x2c, 0x28, 0xff,
    0x28, 0x28, 0x28, 0xff, 0x30, 0x2c, 0x28, 0xff, 0x28, 0x28, 0x28, 0xff,
    0x28, 0x28, 0x28, 0xff, 0x30, 0x28, 0x28, 0xff, 0x28, 0x28, 0x28, 0xff,
    0x28, 0x2c, 0x28, 0xff, 0x30, 0x28, 0x28, 0xff, 0x28, 0x28, 0x28, 0xff,
    0x30, 0x2c, 0x28, 0xff, 0x28, 0x28, 0x28, 0xff, 0x30, 0x28, 0x28, 0xff,
    0x28, 0x28, 0x28, 0xff, 0x28, 0x28, 0x28, 0xff, 0x28, 0x2c, 0x28, 0xff,
    0x30, 0x28, 0x28, 0xff, 0x28, 0x28, 0x28, 0xff, 0x28, 0x28, 0x28, 0xff,
    0x30, 0x28, 0x28, 0xff, 0x28, 0x28, 0x28, 0xff, 0x28, 0x28, 0x28, 0xff,
    0x30, 0x28, 0x28, 0xff, 0x28, 0x28, 0x28, 0xff, 0x28, 0x28, 0x28, 0xff,
    0x30, 0x28, 0x28, 0xff, 0x28, 0x28, 0x20, 0xff, 0x28, 0x28, 0x28, 0xff,
    0x28, 0x28, 0x28, 0xff, 0x28, 0x28, 0x20, 0xff, 0x28, 0x28, 0x28, 0xff,
    0x28, 0x28, 0x28, 0xff, 0x30, 0x24, 0x28, 0xff, 0x28, 0x28, 0x20, 0xff,
    0x28, 0x28, 0x28, 0xff, 0x30, 0x28, 0x28, 0xff, 0x28, 0x24, 0x20, 0xff,
    0x28, 0x28, 0x28, 0xff, 0x28, 0x28, 0x28, 0xff, 0x28, 0x24, 0x20, 0xff,
    0x28, 0x24, 0x20, 0xff, 0x28, 0x28, 0x28, 0xff, 0x28, 0x28, 0x28, 0xff,
    0x28, 0x28, 0x28, 0xff, 0x28, 0x24, 0x28, 0xff, 0x28, 0x28, 0x20, 0xff,
    0x28, 0x24, 0x20, 0xff, 0x28, 0x24, 0x28, 0xff, 0x28, 0x24, 0x20, 0xff,
    0x28, 0x28, 0x28, 0xff, 0x28, 0x24, 0x20, 0xff, 0x28, 0x28, 0x28, 0xff,
    0x28, 0x24, 0x20, 0xff, 0x28, 0x24, 0x20, 0xff, 0x28, 0x24, 0x28, 0xff,
    0x28, 0x24, 0x20, 0xff, 0x28, 0x28, 0x20, 0xff, 0x28, 0x24, 0x28, 0xff,
    0x28, 0x24, 0x28, 0xff, 0x28, 0x28, 0x20, 0xff, 0x28, 0x24, 0x20, 0xff,
    0x20, 0x24, 0x28, 0xff, 0x28, 0x24, 0x20, 0xff, 0x28, 0x24, 0x20, 0xff,
    0x28, 0x24, 0x28, 0xff, 0x20, 0x24, 0x20, 0xff, 0x28, 0x24, 0x20, 0xff,
    0x20, 0x24, 0x20, 0xff, 0x28, 0x24, 0x20, 0xff, 0x28, 0x24, 0x20, 0xff,
    0x28, 0x24, 0x28, 0xff, 0x20, 0x24, 0x20, 0xff, 0x28, 0x24, 0x28, 0xff,
    0x28, 0x24, 0x28, 0xff, 0x20, 0x24, 0x20, 0xff, 0x28, 0x28, 0x28, 0xff,
    0x20, 0x24, 0x20, 0xff, 0x28, 0x24, 0x28, 0xff, 0x28, 0x24, 0x20, 0xff,
    0x20, 0x24, 0x20, 0xff, 0x28, 0x24, 0x28, 0xff, 0x28, 0x28, 0x20, 0xff,
    0x28, 0x24, 0x20, 0xff, 0x28, 0x24, 0x28, 0xff, 0x28, 0x24, 0x20, 0xff,
    0x28, 0x24, 0x20, 0xff, 0x28, 0x24, 0x28, 0xff, 0x28, 0x24, 0x28, 0xff,
    0x28, 0x24, 0x20, 0xff, 0x28, 0x28, 0x28, 0xff, 0x20, 0x24, 0x20, 0xff,
    0x28, 0x24, 0x20, 0xff, 0x28, 0x24, 0x28, 0xff, 0x20, 0x24, 0x28, 0xff,
    0x28, 0x24, 0x20, 0xff, 0x28, 0x24, 0x20, 0xff, 0x28, 0x24, 0x28, 0xff,
    0x28, 0x28, 0x20, 0xff, 0x28, 0x24, 0x20, 0xff, 0x28, 0x24, 0x28, 0xff,
    0x28, 0x24, 0x28, 0xff, 0x28, 0x24, 0x20, 0xff, 0x20, 0x24, 0x20, 0xff,
    0x28, 0x24, 0x20, 0xff, 0x28, 0x24, 0x28, 0xff, 0x20, 0x24, 0x20, 0xff,
    0x28, 0x28, 0x20, 0xff, 0x28, 0x24, 0x20, 0xff, 0x28, 0x24, 0x28, 0xff,
    0x28, 0x24, 0x20, 0xff, 0x20, 0x24, 0x20, 0xff, 0x28, 0x24, 0x28, 0xff,
    0x28, 0x24, 0x20, 0xff, 0x28, 0x24, 0x20, 0xff, 0x28, 0x24, 0x28, 0xff,
    0x28, 0x28, 0x20, 0xff, 0x28, 0x24, 0x20, 0xff, 0x28, 0x24, 0x28, 0xff,
    0x28, 0x24, 0x28, 0xff, 0x20, 0x24, 0x20, 0xff, 0x28, 0x24, 0x20, 0xff,
    0x28, 0x24, 0x28, 0xff, 0x28, 0x28, 0x20, 0xff, 0x20, 0x24, 0x20, 0xff,
    0x28, 0x24, 0x28, 0xff, 0x28, 0x24, 0x28, 0xff, 0x28, 0x24, 0x20, 0xff,
    0x20, 0x24, 0x20, 0xff, 0x28, 0x24, 0x28, 0xff, 0x28, 0x24, 0x28, 0xff,
    0x78, 0x78, 0x78, 0x9e, 0xf8, 0xfc, 0xf8, 0x00, 0xf8, 0xfc, 0xf8, 0x00,
    0xf8, 0xfc, 0xf8, 0x00, 0xf8, 0xfc, 0xf8, 0x00, 0xf8, 0xfc, 0xf8, 0x00,
    0x60, 0x60, 0x60, 0xe7, 0x30, 0x2c, 0x28, 0xff, 0x28, 0x2c, 0x28, 0xff,
    0x30, 0x2c, 0x28, 0xff, 0x30, 0x2c, 0x28, 0xff, 0x30, 0x28, 0x30, 0xff,
    0x28, 0x2c, 0x28, 0xff, 0x30, 0x2c, 0x28, 0xff, 0x28, 0x2c, 0x28, 0xff,
    0x30, 0x2c, 0x30, 0xff, 0x30, 0x2c, 0x28, 0xff, 0x28, 0x28, 0x28, 0xff,
    0x30, 0x2c, 0x28, 0xff, 0x28, 0x28, 0x28, 0xff, 0x28, 0x2c, 0x28, 0xff,
    0x30, 0x28, 0x28, 0xff, 0x28, 0x28, 0x28, 0xff, 0x30, 0x2c, 0x30, 0xff,
    0x28, 0x2c, 0x28, 0xff, 0x28, 0x28, 0x28, 0xff, 0x30, 0x28, 0x28, 0xff,
    0x28, 0x2c, 0x28, 0xff, 0x30, 0x28, 0x28, 0xff, 0x28, 0x28, 0x28, 0xff,
    0x28, 0x28, 0x28, 0xff, 0x30, 0x28, 0x28, 0xff, 0x28, 0x28, 0x28, 0xff,
    0x28, 0x2c, 0x28, 0xff, 0x28, 0x28, 0x28, 0xff, 0x30, 0x28, 0x28, 0xff,
    0x28, 0x28, 0x28, 0xff, 0x28, 0x28, 0x28, 0xff, 0x28, 0x28, 0x28, 0xff,
    0x28, 0x28, 0x28, 0xff, 0x28, 0x28, 0x28, 0xff, 0x30, 0x28, 0x28, 0xff,
    0x28, 0x28, 0x28, 0xff, 0x28, 0x28, 0x28, 0xff, 0x28, 0x28, 0x28, 0xff,
    0x28, 0x28, 0x20, 0xff, 0x28, 0x28, 0x28, 0xff, 0x28, 0x28, 0x28, 0xff,
    0x28, 0x28, 0x28, 0xff, 0x30, 0x28, 0x28, 0xff, 0x28, 0x24, 0x28, 0xff,
    0x28, 0x28, 0x20, 0xff, 0x28, 0x28, 0x28, 0xff, 0x28, 0x28, 0x28, 0xff,
    0x28, 0x28, 0x28, 0xff, 0x28, 0x24, 0x28, 0xff, 0x28, 0x28, 0x28, 0xff,
    0x28, 0x28, 0x28, 0xff, 0x28, 0x28, 0x28, 0xff, 0x28, 0x24, 0x20, 0xff,
    0x28, 0x28, 0x28, 0xff, 0x30, 0x28, 0x28, 0xff, 0x28, 0x24, 0x20, 0xff,
    0x28, 0x24, 0x28, 0xff, 0x28, 0x24, 0x20, 0xff, 0x28, 0x24, 0x20, 0xff,
    0x28, 0x28, 0x28, 0xff, 0x28, 0x28, 0x28, 0xff, 0x28, 0x24, 0x28, 0xff,
    0x28, 0x24, 0x20, 0xff, 0x28, 0x24, 0x20, 0xff, 0x28, 0x24, 0x28, 0xff,
    0x28, 0x28, 0x28, 0xff, 0x28, 0x24, 0x28, 0xff, 0x28, 0x24, 0x20, 0xff,
    0x28, 0x24, 0x28, 0xff, 0x20, 0x24, 0x28, 0xff, 0x28, 0x24, 0x20, 0xff,
    0x28, 0x24, 0x28, 0xff, 0x20, 0x24, 0x20, 0xff, 0x28, 0x24, 0x20, 0xff,
    0x28, 0x24, 0x28, 0xff, 0x20, 0x24, 0x20, 0xff, 0x28, 0x24, 0x28, 0xff,
    0x28, 0x24, 0x20, 0xff, 0x28, 0x24, 0x20, 0xff, 0x28, 0x24, 0x28, 0xff,
    0x28, 0x24, 0x28, 0xff, 0x28, 0x24, 0x20, 0xff, 0x28, 0x24, 0x28, 0xff,
    0x28, 0x24, 0x28, 0xff, 0x28, 0x24, 0x20, 0xff, 0x28, 0x24, 0x20, 0xff,
    0x28, 0x28, 0x28, 0xff, 0x28, 0x24, 0x28, 0xff, 0x28, 0x24, 0x20, 0xff,
    0x28, 0x24, 0x28, 0xff, 0x28, 0x24, 0x20, 0xff, 0x28, 0x24, 0x20, 0xff,
    0x28, 0x28, 0x28, 0xff, 0x28, 0x24, 0x28, 0xff, 0x28, 0x24, 0x20, 0xff,
    0x28, 0x24, 0x28, 0xff, 0x20, 0x24, 0x20, 0xff, 0x28, 0x28, 0x28, 0xff,
    0x28, 0x24, 0x20, 0xff, 0x28, 0x24, 0x20, 0xff, 0x20, 0x24, 0x20, 0xff,
    0x28, 0x24, 0x20, 0xff, 0x28, 0x24, 0x28, 0xff, 0x28, 0x24, 0x28, 0xff,
    0x28, 0x24, 0x20, 0xff, 0x20, 0x24, 0x20, 0xff, 0x28, 0x24, 0x28, 0xff,
    0x28, 0x24, 0x28, 0xff, 0x28, 0x28, 0x20, 0xff, 0x28, 0x24, 0x28, 0xff,
    0x20, 0x24, 0x20, 0xff, 0x28, 0x24, 0x28, 0xff, 0x28, 0x24, 0x20, 0xff,
    0x20, 0x24, 0x20, 0xff, 0x28, 0x24, 0x20, 0xff, 0x28, 0x24, 0x28, 0xff,
    0x28, 0x24, 0x28, 0xff, 0x28, 0x28, 0x20, 0xff, 0x28, 0x24, 0x28, 0xff,
    0x28, 0x24, 0x20, 0xff, 0x20, 0x24, 0x20, 0xff, 0x28, 0x24, 0x28, 0xff,
    0x28, 0x24, 0x28, 0xff, 0x28, 0x24, 0x28, 0xff, 0x20, 0x24, 0x20, 0xff,
    0x28, 0x24, 0x28, 0xff, 0x28, 0x28, 0x28, 0xff, 0x20, 0x24, 0x20, 0xff,
    0x28, 0x24, 0x20, 0xff, 0x28, 0x24, 0x28, 0xff, 0x28, 0x24, 0x28, 0xff,
    0x28, 0x24, 0x20, 0xff, 0x28, 0x24, 0x20, 0xff, 0x28, 0x24, 0x28, 0xff,
    0x28, 0x24, 0x28, 0xff, 0x28, 0x28, 0x20, 0xff, 0x28, 0x24, 0x28, 0xff,
    0x28, 0x24, 0x28, 0xff, 0x28, 0x28, 0x20, 0xff, 0x28, 0x24, 0x20, 0xff,
    0x28, 0x24, 0x28, 0xff, 0x28, 0x24, 0x20, 0xff, 0x28, 0x28, 0x20, 0xff,
    0x30, 0x34, 0x30, 0xff, 0xf0, 0xf0, 0xf0, 0x30, 0xf8, 0xfc, 0xf8, 0x00,
    0xf8, 0xfc, 0xf8, 0x00, 0xf8, 0xfc, 0xf8, 0x00, 0xf8, 0xfc, 0xf8, 0x00,
    0xf8, 0xfc, 0xf8, 0x00, 0x80, 0x80, 0x80, 0x96, 0x28, 0x2c, 0x28, 0xff,
    0x30, 0x2c, 0x30, 0xff, 0x28, 0x2c, 0x28, 0xff, 0x30, 0x2c, 0x28, 0xff,
    0x28, 0x28, 0x28, 0xff, 0x28, 0x2c, 0x30, 0xff, 0x30, 0x2c, 0x28, 0xff,
    0x28, 0x28, 0x28, 0xff, 0x28, 0x2c, 0x28, 0xff, 0x30, 0x2c, 0x28, 0xff,
    0x28, 0x28, 0x28, 0xff, 0x30, 0x2c, 0x28, 0xff, 0x30, 0x2c, 0x28, 0xff,
    0x28, 0x28, 0x30, 0xff, 0x30, 0x2c, 0x28, 0xff, 0x28, 0x28, 0x28, 0xff,
    0x30, 0x2c, 0x28, 0xff, 0x28, 0x2c, 0x28, 0xff, 0x30, 0x28, 0x28, 0xff,
    0x28, 0x28, 0x28, 0xff, 0x28, 0x2c, 0x28, 0xff, 0x30, 0x28, 0x28, 0xff,
    0x28, 0x28, 0x28, 0xff, 0x28, 0x2c, 0x28, 0xff, 0x30, 0x28, 0x28, 0xff,
    0x28, 0x28, 0x28, 0xff, 0x28, 0x28, 0x28, 0xff, 0x30, 0x28, 0x28, 0xff,
    0x28, 0x28, 0x28, 0xff, 0x28, 0x28, 0x28, 0xff, 0x30, 0x28, 0x28, 0xff,
    0x28, 0x28, 0x28, 0xff, 0x28, 0x28, 0x28, 0xff, 0x30, 0x2c, 0x28, 0xff,
    0x28, 0x28, 0x28, 0xff, 0x28, 0x28, 0x28, 0xff, 0x28, 0x28, 0x28, 0xff,
    0x30, 0x28, 0x28, 0xff, 0x28, 0x28, 0x28, 0xff, 0x28, 0x28, 0x20, 0xff,
    0x30, 0x28, 0x28, 0xff, 0x28, 0x28, 0x28, 0xff, 0x28, 0x28, 0x28, 0xff,
    0x28, 0x28, 0x28, 0xff, 0x28, 0x24, 0x28, 0xff, 0x28, 0x28, 0x20, 0xff,
    0x28, 0x28, 0x28, 0xff, 0x28, 0x24, 0x20, 0xff, 0x28, 0x24, 0x20, 0xff,
    0x28, 0x28, 0x28, 0xff, 0x28, 0x24, 0x20, 0xff, 0x28, 0x28, 0x28, 0xff,
    0x28, 0x24, 0x20, 0xff, 0x28, 0x28, 0x28, 0xff, 0x28, 0x28, 0x28, 0xff,
    0x28, 0x24, 0x20, 0xff, 0x28, 0x28, 0x28, 0xff, 0x28, 0x28, 0x28, 0xff,
    0x28, 0x24, 0x28, 0xff, 0x28, 0x28, 0x28, 0xff, 0x28, 0x24, 0x20, 0xff,
    0x28, 0x28, 0x28, 0xff, 0x28, 0x28, 0x28, 0xff, 0x28, 0x24, 0x20, 0xff,
    0x28, 0x24, 0x20, 0xff, 0x28, 0x24, 0x28, 0xff, 0x28, 0x28, 0x28, 0xff,
    0x28, 0x24, 0x20, 0xff, 0x28, 0x28, 0x20, 0xff, 0x28, 0x28, 0x28, 0xff,
    0x28, 0x24, 0x20, 0xff, 0x28, 0x24, 0x28, 0xff, 0x28, 0x24, 0x20, 0xff,
    0x28, 0x24, 0x28, 0xff, 0x28, 0x24, 0x20, 0xff, 0x28, 0x24, 0x28, 0xff,
    0x28, 0x28, 0x28, 0xff, 0x28, 0x24, 0x20, 0xff, 0x20, 0x24, 0x20, 0xff,
    0x28, 0x28, 0x28, 0xff, 0x28, 0x24, 0x20, 0xff, 0x20, 0x24, 0x20, 0xff,
    0x28, 0x28, 0x28, 0xff, 0x20, 0x24, 0x20, 0xff, 0x28, 0x24, 0x28, 0xff,
    0x28, 0x28, 0x20, 0xff, 0x20, 0x24, 0x20, 0xff, 0x28, 0x24, 0x20, 0xff,
    0x28, 0x24, 0x28, 0xff, 0x28, 0x24, 0x20, 0xff, 0x20, 0x24, 0x20, 0xff,
    0x28, 0x24, 0x28, 0xff, 0x28, 0x24, 0x28, 0xff, 0x28, 0x28, 0x20, 0xff,
    0x28, 0x24, 0x28, 0xff, 0x28, 0x24, 0x20, 0xff, 0x28, 0x24, 0x20, 0xff,
    0x20, 0x24, 0x28, 0xff, 0x28, 0x24, 0x28, 0xff, 0x28, 0x28, 0x28, 0xff,
    0x28, 0x24, 0x20, 0xff, 0x28, 0x24, 0x28, 0xff, 0x28, 0x28, 0x20, 0xff,
    0x28, 0x24, 0x28, 0xff, 0x28, 0x24, 0x20, 0xff, 0x28, 0x28, 0x28, 0xff,
    0x28, 0x24, 0x20, 0xff, 0x28, 0x24, 0x20, 0xff, 0x20, 0x24, 0x20, 0xff,
    0x28, 0x24, 0x28, 0xff, 0x28, 0x24, 0x28, 0xff, 0x28, 0x28, 0x20, 0xff,
    0x28, 0x24, 0x28, 0xff, 0x20, 0x24, 0x20, 0xff, 0x28, 0x28, 0x28, 0xff,
    0x28, 0x24, 0x20, 0xff, 0x28, 0x24, 0x28, 0xff, 0x20, 0x24, 0x20, 0xff,
    0x28, 0x24, 0x28, 0xff, 0x28, 0x24, 0x20, 0xff, 0x28, 0x24, 0x28, 0xff,
    0x28, 0x24, 0x20, 0xff, 0x28, 0x28, 0x20, 0xff, 0x28, 0x24, 0x28, 0xff,
    0x28, 0x24, 0x20, 0xff, 0x28, 0x24, 0x20, 0xff, 0x28, 0x24, 0x20, 0xff,
    0x28, 0x24, 0x28, 0xff, 0x20, 0x24, 0x20, 0xff, 0x28, 0x24, 0x20, 0xff,
    0x28, 0x24, 0x28, 0xff, 0x20, 0x24, 0x20, 0xff, 0x28, 0x24, 0x20, 0xff,
    0x28, 0x28, 0x28, 0xff, 0x20, 0x24, 0x20, 0xff, 0x28, 0x24, 0x20, 0xff,
    0x28, 0x24, 0x20, 0xff, 0x20, 0x24, 0x28, 0xff, 0x28, 0x24, 0x20, 0xff,
    0x28, 0x24, 0x20, 0xff, 0x20, 0x24, 0x28, 0xff, 0x28, 0x24, 0x28, 0xff,
    0x28, 0x24, 0x20, 0xff, 0x60, 0x5c, 0x60, 0xe7, 0xf8, 0xfc, 0xf8, 0x00,
    0xf8, 0xfc, 0xf8, 0x00, 0xf8, 0xfc, 0xf8, 0x00, 0xf8, 0xfc, 0xf8, 0x00,
    0xf8, 0xfc, 0xf8, 0x00, 0xf8, 0xfc, 0xf8, 0x00, 0x90, 0x90, 0x90, 0x20,
    0x58, 0x50, 0x50, 0xf3, 0x28, 0x2c, 0x28, 0xff, 0x28, 0x2c, 0x30, 0xff,
    0x30, 0x28, 0x28, 0xff, 0x28, 0x2c, 0x28, 0xff, 0x30, 0x28, 0x28, 0xff,
    0x30, 0x28, 0x28, 0xff, 0x28, 0x2c, 0x30, 0xff, 0x28, 0x28, 0x28, 0xff,
    0x30, 0x2c, 0x28, 0xff, 0x28, 0x28, 0x30, 0xff, 0x28, 0x28, 0x28, 0xff,
    0x30, 0x2c, 0x28, 0xff, 0x28, 0x28, 0x28, 0xff, 0x28, 0x2c, 0x28, 0xff,
    0x30, 0x28, 0x28, 0xff, 0x28, 0x28, 0x28, 0xff, 0x30, 0x2c, 0x28, 0xff,
    0x28, 0x28, 0x28, 0xff, 0x28, 0x2c, 0x30, 0xff, 0x30, 0x28, 0x28, 0xff,
    0x28, 0x2c, 0x28, 0xff, 0x28, 0x28, 0x28, 0xff, 0x30, 0x28, 0x28, 0xff,
    0x28, 0x28, 0x28, 0xff, 0x28, 0x28, 0x28, 0xff, 0x28, 0x28, 0x28, 0xff,
    0x28, 0x2c, 0x28, 0xff, 0x28, 0x28, 0x28, 0xff, 0x28, 0x28, 0x28, 0xff,
    0x30, 0x28, 0x28, 0xff, 0x28, 0x28, 0x28, 0xff, 0x28, 0x28, 0x28, 0xff,
    0x28, 0x28, 0x28, 0xff, 0x28, 0x28, 0x28, 0xff, 0x28, 0x28, 0x28, 0xff,
    0x28, 0x28, 0x28, 0xff, 0x28, 0x28, 0x20, 0xff, 0x28, 0x28, 0x28, 0xff,
    0x28, 0x28, 0x28, 0xff, 0x28, 0x28, 0x28, 0xff, 0x28, 0x28, 0x20, 0xff,
    0x28, 0x28, 0x20, 0xff, 0x28, 0x28, 0x28, 0xff, 0x30, 0x28, 0x28, 0xff,
    0x28, 0x24, 0x28, 0xff, 0x28, 0x28, 0x28, 0xff, 0x28, 0x28, 0x28, 0xff,
    0x28, 0x28, 0x28, 0xff, 0x28, 0x28, 0x28, 0xff, 0x28, 0x28, 0x28, 0xff,
    0x28, 0x28, 0x28, 0xff, 0x28, 0x24, 0x20, 0xff, 0x28, 0x24, 0x28, 0xff,
    0x28, 0x28, 0x28, 0xff, 0x28, 0x24, 0x20, 0xff, 0x28, 0x28, 0x28, 0xff,
    0x28, 0x28, 0x28, 0xff, 0x28, 0x24, 0x20, 0xff, 0x28, 0x24, 0x20, 0xff,
    0x28, 0x28, 0x28, 0xff, 0x28, 0x24, 0x28, 0xff, 0x28, 0x24, 0x20, 0xff,
    0x28, 0x28, 0x28, 0xff, 0x28, 0x28, 0x28, 0xff, 0x28, 0x24, 0x20, 0xff,
    0x28, 0x24, 0x20, 0xff, 0x20, 0x24, 0x28, 0xff, 0x28, 0x24, 0x20, 0xff,
    0x28, 0x24, 0x20, 0xff, 0x20, 0x24, 0x20, 0xff, 0x28, 0x28, 0x28, 0xff,
    0x28, 0x24, 0x20, 0xff, 0x28, 0x24, 0x28, 0xff, 0x20, 0x24, 0x20, 0xff,
    0x28, 0x24, 0x20, 0xff, 0x28, 0x24, 0x20, 0xff, 0x20, 0x24, 0x28, 0xff,
    0x28, 0x24, 0x20, 0xff, 0x28, 0x24, 0x20, 0xff, 0x28, 0x24, 0x28, 0xff,
    0x28, 0x24, 0x20, 0xff, 0x28, 0x24, 0x20, 0xff, 0x28, 0x24, 0x20, 0xff,
    0x28, 0x24, 0x28, 0xff, 0x28, 0x24, 0x28, 0xff, 0x28, 0x24, 0x20, 0xff,
    0x28, 0x24, 0x28, 0xff, 0x20, 0x24, 0x20, 0xff, 0x28, 0x24, 0x20, 0xff,
    0x28, 0x28, 0x28, 0xff, 0x28, 0x24, 0x28, 0xff, 0x20, 0x24, 0x20, 0xff,
    0x28, 0x24, 0x20, 0xff, 0x20, 0x24, 0x20, 0xff, 0x28, 0x24, 0x28, 0xff,
    0x28, 0x24, 0x20, 0xff, 0x28, 0x24, 0x20, 0xff, 0x28, 0x24, 0x20, 0xff,
    0x28, 0x24, 0x28, 0xff, 0x28, 0x24, 0x28, 0xff, 0x28, 0x28, 0x20, 0xff,
    0x20, 0x24, 0x28, 0xff, 0x28, 0x24, 0x20, 0xff, 0x28, 0x24, 0x28, 0xff,
    0x20, 0x24, 0x20, 0xff, 0x28, 0x24, 0x20, 0xff, 0x28, 0x24, 0x28, 0xff,
    0x28, 0x24, 0x28, 0xff, 0x28, 0x24, 0x20, 0xff, 0x28, 0x24, 0x20, 0xff,
    0x20, 0x24, 0x20, 0xff, 0x28, 0x24, 0x28, 0xff, 0x28, 0x24, 0x28, 0xff,
    0x28, 0x24, 0x20, 0xff, 0x28, 0x24, 0x28, 0xff, 0x20, 0x24, 0x20, 0xff,
    0x28, 0x24, 0x20, 0xff, 0x28, 0x28, 0x28, 0xff, 0x28, 0x24, 0x28, 0xff,
    0x28, 0x24, 0x20, 0xff, 0x20, 0x24, 0x20, 0xff, 0x28, 0x28, 0x28, 0xff,
    0x28, 0x24, 0x20, 0xff, 0x28, 0x24, 0x28, 0xff, 0x28, 0x28, 0x28, 0xff,
    0x28, 0x24, 0x20, 0xff, 0x28, 0x24, 0x28, 0xff, 0x20, 0x24, 0x20, 0xff,
    0x28, 0x24, 0x20, 0xff, 0x28, 0x24, 0x28, 0xff, 0x28, 0x28, 0x28, 0xff,
    0x28, 0x24, 0x20, 0xff, 0x20, 0x24, 0x20, 0xff, 0x28, 0x24, 0x28, 0xff,
    0x28, 0x24, 0x28, 0xff, 0x28, 0x24, 0x20, 0xff, 0x28, 0x28, 0x28, 0xff,
    0x28, 0x24, 0x28, 0xff, 0x28, 0x24, 0x20, 0xff, 0x28, 0x24, 0x20, 0xff,
    0x20, 0x24, 0x20, 0xff, 0x28, 0x24, 0x28, 0xff, 0x88, 0x84, 0x80, 0x86,
    0xf8, 0xfc, 0xf8, 0x00, 0xf8, 0xfc, 0xf8, 0x00, 0xf8, 0xfc, 0xf8, 0x00,
    0xf8, 0xfc, 0xf8, 0x00, 0xf8, 0xfc, 0xf8, 0x00, 0xf8, 0xfc, 0xf8, 0x00,
    0xf8, 0xfc, 0xf8, 0x00, 0x80, 0x80, 0x80, 0x71, 0x38, 0x38, 0x38, 0xff,
    0x30, 0x28, 0x28, 0xff, 0x30, 0x2c, 0x28, 0xff, 0x30, 0x2c, 0x30, 0xff,
    0x28, 0x2c, 0x28, 0xff, 0x30, 0x2c, 0x28, 0xff, 0x30, 0x28, 0x28, 0xff,
    0x28, 0x2c, 0x28, 0xff, 0x30, 0x28, 0x28, 0xff, 0x30, 0x2c, 0x28, 0xff,
    0x28, 0x2c, 0x28, 0xff, 0x30, 0x28, 0x28, 0xff, 0x28, 0x2c, 0x28, 0xff,
    0x30, 0x28, 0x28, 0xff, 0x28, 0x2c, 0x30, 0xff, 0x28, 0x28, 0x28, 0xff,
    0x30, 0x28, 0x28, 0xff, 0x28, 0x28, 0x28, 0xff, 0x28, 0x28, 0x28, 0xff,
    0x30, 0x28, 0x28, 0xff, 0x28, 0x28, 0x28, 0xff, 0x30, 0x28, 0x28, 0xff,
    0x28, 0x2c, 0x28, 0xff, 0x28, 0x28, 0x28, 0xff, 0x30, 0x28, 0x28, 0xff,
    0x28, 0x28, 0x28, 0xff, 0x30, 0x28, 0x28, 0xff, 0x28, 0x2c, 0x28, 0xff,
    0x28, 0x28, 0x28, 0xff, 0x28, 0x28, 0x28, 0xff, 0x30, 0x28, 0x28, 0xff,
    0x28, 0x28, 0x28, 0xff, 0x28, 0x28, 0x28, 0xff, 0x30, 0x28, 0x28, 0xff,
    0x28, 0x28, 0x28, 0xff, 0x28, 0x28, 0x28, 0xff, 0x28, 0x28, 0x28, 0xff,
    0x28, 0x28, 0x28, 0xff, 0x30, 0x28, 0x28, 0xff, 0x28, 0x28, 0x28, 0xff,
    0x28, 0x24, 0x28, 0xff, 0x28, 0x28, 0x28, 0xff, 0x28, 0x28, 0x28, 0xff,
    0x28, 0x28, 0x20, 0xff, 0x28, 0x28, 0x28, 0xff, 0x28, 0x24, 0x20, 0xff,
    0x28, 0x28, 0x28, 0xff, 0x28, 0x24, 0x20, 0xff, 0x28, 0x24, 0x20, 0xff,
    0x28, 0x24, 0x28, 0xff, 0x28, 0x28, 0x28, 0xff, 0x28, 0x28, 0x20, 0xff,
    0x28, 0x28, 0x28, 0xff, 0x28, 0x24, 0x28, 0xff, 0x28, 0x24, 0x20, 0xff,
    0x28, 0x28, 0x28, 0xff, 0x28, 0x24, 0x20, 0xff, 0x28, 0x24, 0x28, 0xff,
    0x28, 0x28, 0x28, 0xff, 0x28, 0x24, 0x20, 0xff, 0x28, 0x28, 0x28, 0xff,
    0x28, 0x24, 0x20, 0xff, 0x28, 0x24, 0x20, 0xff, 0x28, 0x24, 0x28, 0xff,
    0x28, 0x24, 0x20, 0xff, 0x28, 0x28, 0x28, 0xff, 0x28, 0x24, 0x28, 0xff,
    0x28, 0x24, 0x28, 0xff, 0x28, 0x24, 0x28, 0xff, 0x20, 0x24, 0x20, 0xff,
    0x28, 0x24, 0x28, 0xff, 0x28, 0x24, 0x20, 0xff, 0x28, 0x28, 0x28, 0xff,
    0x28, 0x24, 0x28, 0xff, 0x20, 0x24, 0x20, 0xff, 0x28, 0x24, 0x28, 0xff,
    0x28, 0x24, 0x28, 0xff, 0x28, 0x24, 0x28, 0xff, 0x20, 0x24, 0x20, 0xff,
    0x28, 0x24, 0x20, 0xff, 0x28, 0x24, 0x28, 0xff, 0x28, 0x24, 0x28, 0xff,
    0x28, 0x24, 0x20, 0xff, 0x28, 0x24, 0x28, 0xff, 0x28, 0x24, 0x20, 0xff,
    0x20, 0x24, 0x20, 0xff, 0x28, 0x24, 0x28, 0xff, 0x28, 0x28, 0x28, 0xff,
    0x28, 0x24, 0x20, 0xff, 0x28, 0x24, 0x20, 0xff, 0x28, 0x24, 0x28, 0xff,
    0x28, 0x24, 0x20, 0xff, 0x28, 0x24, 0x20, 0xff, 0x28, 0x24, 0x28, 0xff,
    0x20, 0x24, 0x20, 0xff, 0x28, 0x24, 0x28, 0xff, 0x28, 0x24, 0x20, 0xff,
    0x20, 0x24, 0x20, 0xff, 0x28, 0x24, 0x28, 0xff, 0x28, 0x24, 0x20, 0xff,
    0x20, 0x24, 0x20, 0xff, 0x28, 0x24, 0x20, 0xff, 0x28, 0x24, 0x20, 0xff,
    0x20, 0x24, 0x28, 0xff, 0x28, 0x24, 0x20, 0xff, 0x28, 0x24, 0x28, 0xff,
    0x28, 0x28, 0x28, 0xff, 0x20, 0x24, 0x20, 0xff, 0x28, 0x24, 0x20, 0xff,
    0x28, 0x28, 0x28, 0xff, 0x28, 0x24, 0x20, 0xff, 0x28, 0x24, 0x20, 0xff,
    0x28, 0x24, 0x20, 0xff, 0x20, 0x24, 0x20, 0xff, 0x28, 0x24, 0x20, 0xff,
    0x28, 0x24, 0x28, 0xff, 0x28, 0x24, 0x20, 0xff, 0x28, 0x24, 0x20, 0xff,
    0x20, 0x24, 0x20, 0xff, 0x28, 0x24, 0x28, 0xff, 0x28, 0x24, 0x28, 0xff,
    0x20, 0x24, 0x20, 0xff, 0x28, 0x24, 0x20, 0xff, 0x28, 0x24, 0x28, 0xff,
    0x20, 0x24, 0x20, 0xff, 0x28, 0x24, 0x20, 0xff, 0x28, 0x24, 0x28, 0xff,
    0x28, 0x24, 0x28, 0xff, 0x28, 0x24, 0x20, 0xff, 0x20, 0x24, 0x20, 0xff,
    0x28, 0x24, 0x28, 0xff, 0x28, 0x24, 0x28, 0xff, 0x28, 0x24, 0x20, 0xff,
    0x28, 0x24, 0x20, 0xff, 0x28, 0x24, 0x28, 0xff, 0x28, 0x24, 0x20, 0xff,
    0x20, 0x24, 0x20, 0xff, 0x28, 0x24, 0x28, 0xff, 0x28, 0x24, 0x20, 0xff,
    0x28, 0x24, 0x20, 0xff, 0x28, 0x24, 0x28, 0xff, 0x60, 0x64, 0x60, 0xcf,
    0xf8, 0xfc, 0xf8, 0x00, 0xf8, 0xfc, 0xf8, 0x00, 0xf8, 0xfc, 0xf8, 0x00,
    0xf8, 0xfc, 0xf8, 0x00, 0xf8, 0xfc, 0xf8, 0x00, 0xf8, 0xfc, 0xf8, 0x00,
    0xf8, 0xfc, 0xf8, 0x00, 0xf8, 0xfc, 0xf8, 0x00, 0xf8, 0xfc, 0xf8, 0x00,
    0x70, 0x70, 0x70, 0xb6, 0x30, 0x2c, 0x28, 0xff, 0x28, 0x2c, 0x28, 0xff,
    0x28, 0x2c, 0x28, 0xff, 0x28, 0x28, 0x28, 0xff, 0x28, 0x28, 0x28, 0xff,
    0x30, 0x2c, 0x30, 0xff, 0x28, 0x2c, 0x28, 0xff, 0x28, 0x28, 0x28, 0xff,
    0x30, 0x28, 0x28, 0xff, 0x28, 0x2c, 0x28, 0xff, 0x28, 0x28, 0x30, 0xff,
    0x30, 0x28, 0x28, 0xff, 0x28, 0x2c, 0x28, 0xff, 0x28, 0x28, 0x28, 0xff,
    0x30, 0x2c, 0x28, 0xff, 0x28, 0x28, 0x28, 0xff, 0x30, 0x28, 0x28, 0xff,
    0x28, 0x28, 0x28, 0xff, 0x28, 0x2c, 0x28, 0xff, 0x28, 0x28, 0x28, 0xff,
    0x30, 0x28, 0x28, 0xff, 0x28, 0x28, 0x28, 0xff, 0x30, 0x2c, 0x28, 0xff,
    0x28, 0x28, 0x28, 0xff, 0x30, 0x28, 0x28, 0xff, 0x28, 0x28, 0x28, 0xff,
    0x28, 0x28, 0x28, 0xff, 0x30, 0x28, 0x28, 0xff, 0x28, 0x28, 0x28, 0xff,
    0x28, 0x28, 0x28, 0xff, 0x28, 0x28, 0x28, 0xff, 0x28, 0x28, 0x28, 0xff,
    0x28, 0x28, 0x20, 0xff, 0x28, 0x28, 0x20, 0xff, 0x28, 0x28, 0x28, 0xff,
    0x30, 0x28, 0x28, 0xff, 0x28, 0x28, 0x20, 0xff, 0x28, 0x28, 0x28, 0xff,
    0x28, 0x28, 0x28, 0xff, 0x28, 0x28, 0x20, 0xff, 0x28, 0x24, 0x28, 0xff,
    0x28, 0x28, 0x28, 0xff, 0x28, 0x24, 0x28, 0xff, 0x28, 0x28, 0x20, 0xff,
    0x28, 0x28, 0x28, 0xff, 0x28, 0x28, 0x28, 0xff, 0x28, 0x28, 0x28, 0xff,
    0x28, 0x24, 0x20, 0xff, 0x28, 0x28, 0x28, 0xff, 0x28, 0x24, 0x28, 0xff,
    0x28, 0x24, 0x20, 0xff, 0x28, 0x28, 0x28, 0xff, 0x28, 0x24, 0x20, 0xff,
    0x28, 0x28, 0x28, 0xff, 0x28, 0x24, 0x20, 0xff, 0x28, 0x24, 0x20, 0xff,
    0x28, 0x24, 0x28, 0xff, 0x28, 0x28, 0x28, 0xff, 0x28, 0x24, 0x20, 0xff,
    0x28, 0x24, 0x20, 0xff, 0x28, 0x24, 0x28, 0xff, 0x28, 0x24, 0x28, 0xff,
    0x28, 0x24, 0x20, 0xff, 0x20, 0x24, 0x28, 0xff, 0x28, 0x28, 0x20, 0xff,
    0x28, 0x24, 0x20, 0xff, 0x28, 0x24, 0x20, 0xff, 0x28, 0x24, 0x20, 0xff,
    0x28, 0x28, 0x28, 0xff, 0x28, 0x24, 0x20, 0xff, 0x20, 0x24, 0x20, 0xff,
    0x28, 0x24, 0x20, 0xff, 0x28, 0x24, 0x28, 0xff, 0x28, 0x28, 0x20, 0xff,
    0x28, 0x24, 0x20, 0xff, 0x28, 0x24, 0x28, 0xff, 0x28, 0x28, 0x20, 0xff,
    0x28, 0x24, 0x28, 0xff, 0x28, 0x24, 0x28, 0xff, 0x28, 0x28, 0x20, 0xff,
    0x20, 0x24, 0x28, 0xff, 0x20, 0x24, 0x20, 0xff, 0x28, 0x28, 0x28, 0xff,
    0x28, 0x24, 0x20, 0xff, 0x28, 0x24, 0x20, 0xff, 0x20, 0x24, 0x20, 0xff,
    0x28, 0x24, 0x20, 0xff, 0x28, 0x24, 0x28, 0xff, 0x28, 0x24, 0x28, 0xff,
    0x20, 0x24, 0x20, 0xff, 0x28, 0x24, 0x20, 0xff, 0x28, 0x24, 0x28, 0xff,
    0x28, 0x24, 0x28, 0xff, 0x28, 0x28, 0x20, 0xff, 0x28, 0x24, 0x20, 0xff,
    0x28, 0x24, 0x28, 0xff, 0x28, 0x28, 0x28, 0xff, 0x28, 0x24, 0x20, 0xff,
    0x28, 0x24, 0x28, 0xff, 0x28, 0x28, 0x28, 0xff, 0x28, 0x24, 0x28, 0xff,
    0x28, 0x24, 0x28, 0xff, 0x28, 0x24, 0x20, 0xff, 0x28, 0x24, 0x20, 0xff,
    0x28, 0x24, 0x28, 0xff, 0x28, 0x24, 0x20, 0xff, 0x20, 0x24, 0x20, 0xff,
    0x28, 0x24, 0x28, 0xff, 0x28, 0x24, 0x28, 0xff, 0x20, 0x24, 0x20, 0xff,
    0x28, 0x24, 0x28, 0xff, 0x28, 0x24, 0x28, 0xff, 0x28, 0x24, 0x20, 0xff,
    0x20, 0x24, 0x20, 0xff, 0x28, 0x28, 0x28, 0xff, 0x28, 0x24, 0x28, 0xff,
    0x28, 0x24, 0x20, 0xff, 0x28, 0x28, 0x28, 0xff, 0x28, 0x24, 0x28, 0xff,
    0x28, 0x24, 0x20, 0xff, 0x28, 0x24, 0x20, 0xff, 0x28, 0x24, 0x28, 0xff,
    0x20, 0x24, 0x20, 0xff, 0x28, 0x24, 0x28, 0xff, 0x28, 0x24, 0x20, 0xff,
    0x20, 0x24, 0x20, 0xff, 0x28, 0x24, 0x28, 0xff, 0x28, 0x28, 0x28, 0xff,
    0x28, 0x24, 0x20, 0xff, 0x28, 0x24, 0x20, 0xff, 0x28, 0x28, 0x28, 0xff,
    0x28, 0x24, 0x28, 0xff, 0x28, 0x28, 0x20, 0xff, 0x28, 0x24, 0x28, 0xff,
    0x28, 0x28, 0x28, 0xff, 0x20, 0x24, 0x20, 0xff, 0x28, 0x24, 0x28, 0xff,
    0x28, 0x28, 0x28, 0xff, 0x20, 0x24, 0x20, 0xff, 0x50, 0x4c, 0x50, 0xf3,
    0xf0, 0xf4, 0xf0, 0x10, 0xf8, 0xfc, 0xf8, 0x00, 0xf8, 0xfc, 0xf8, 0x00,
    0xf8, 0xfc, 0xf8, 0x00, 0xf8, 0xfc, 0xf8, 0x00, 0xf8, 0xfc, 0xf8, 0x00,
    0xf8, 0xfc, 0xf8, 0x00, 0xf8, 0xfc, 0xf8, 0x00, 0xf8, 0xfc, 0xf8, 0x00,
    0xf8, 0xfc, 0xf8, 0x00, 0xf8, 0xfc, 0xf8, 0x00, 0x70, 0x70, 0x70, 0xba,
    0x28, 0x2c, 0x28, 0xff, 0x30, 0x28, 0x28, 0xff, 0x30, 0x28, 0x28, 0xff,
    0x28, 0x2c, 0x30, 0xff, 0x30, 0x2c, 0x28, 0xff, 0x28, 0x28, 0x28, 0xff,
    0x30, 0x2c, 0x28, 0xff, 0x28, 0x28, 0x28, 0xff, 0x28, 0x28, 0x28, 0xff,
    0x28, 0x28, 0x28, 0xff, 0x30, 0x2c, 0x28, 0xff, 0x28, 0x2c, 0x28, 0xff,
    0x28, 0x28, 0x28, 0xff, 0x30, 0x28, 0x28, 0xff, 0x28, 0x2c, 0x28, 0xff,
    0x28, 0x28, 0x28, 0xff, 0x30, 0x28, 0x28, 0xff, 0x28, 0x2c, 0x28, 0xff,
    0x28, 0x28, 0x28, 0xff, 0x28, 0x28, 0x28, 0xff, 0x30, 0x28, 0x28, 0xff,
    0x28, 0x28, 0x28, 0xff, 0x28, 0x28, 0x28, 0xff, 0x28, 0x28, 0x28, 0xff,
    0x28, 0x28, 0x28, 0xff, 0x28, 0x28, 0x28, 0xff, 0x28, 0x28, 0x28, 0xff,
    0x30, 0x28, 0x28, 0xff, 0x28, 0x28, 0x28, 0xff, 0x28, 0x28, 0x20, 0xff,
    0x28, 0x28, 0x28, 0xff, 0x28, 0x28, 0x28, 0xff, 0x28, 0x28, 0x28, 0xff,
    0x30, 0x28, 0x28, 0xff, 0x28, 0x28, 0x28, 0xff, 0x28, 0x28, 0x20, 0xff,
    0x28, 0x24, 0x28, 0xff, 0x28, 0x28, 0x28, 0xff, 0x28, 0x28, 0x20, 0xff,
    0x28, 0x24, 0x20, 0xff, 0x30, 0x28, 0x28, 0xff, 0x28, 0x28, 0x28, 0xff,
    0x28, 0x24, 0x28, 0xff, 0x28, 0x24, 0x20, 0xff, 0x28, 0x28, 0x28, 0xff,
    0x30, 0x28, 0x28, 0xff, 0x28, 0x28, 0x28, 0xff, 0x28, 0x28, 0x20, 0xff,
    0x28, 0x24, 0x28, 0xff, 0x28, 0x28, 0x28, 0xff, 0x28, 0x24, 0x20, 0xff,
    0x28, 0x28, 0x28, 0xff, 0x28, 0x28, 0x28, 0xff, 0x28, 0x24, 0x20, 0xff,
    0x28, 0x28, 0x28, 0xff, 0x28, 0x28, 0x28, 0xff, 0x28, 0x24, 0x20, 0xff,
    0x28, 0x28, 0x28, 0xff, 0x28, 0x24, 0x28, 0xff, 0x28, 0x24, 0x20, 0xff,
    0x28, 0x28, 0x28, 0xff, 0x28, 0x24, 0x20, 0xff, 0x28, 0x24, 0x28, 0xff,
    0x20, 0x24, 0x20, 0xff, 0x28, 0x24, 0x20, 0xff, 0x20, 0x24, 0x28, 0xff,
    0x28, 0x24, 0x20, 0xff, 0x28, 0x24, 0x20, 0xff, 0x28, 0x24, 0x28, 0xff,
    0x28, 0x24, 0x28, 0xff, 0x20, 0x24, 0x20, 0xff, 0x28, 0x24, 0x28, 0xff,
    0x28, 0x24, 0x20, 0xff, 0x28, 0x24, 0x20, 0xff, 0x20, 0x24, 0x20, 0xff,
    0x28, 0x24, 0x28, 0xff, 0x28, 0x24, 0x20, 0xff, 0x20, 0x24, 0x20, 0xff,
    0x28, 0x24, 0x20, 0xff, 0x28, 0x24, 0x28, 0xff, 0x28, 0x28, 0x28, 0xff,
    0x28, 0x24, 0x20, 0xff, 0x28, 0x24, 0x28, 0xff, 0x28, 0x24, 0x28, 0xff,
    0x28, 0x24, 0x28, 0xff, 0x20, 0x24, 0x20, 0xff, 0x28, 0x24, 0x28, 0xff,
    0x28, 0x24, 0x20, 0xff, 0x20, 0x24, 0x20, 0xff, 0x28, 0x24, 0x20, 0xff,
    0x20, 0x24, 0x20, 0xff, 0x28, 0x24, 0x28, 0xff, 0x28, 0x24, 0x28, 0xff,
    0x28, 0x24, 0x20, 0xff, 0x28, 0x28, 0x28, 0xff, 0x28, 0x24, 0x20, 0xff,
    0x28, 0x24, 0x20, 0xff, 0x28, 0x28, 0x28, 0xff, 0x20, 0x24, 0x20, 0xff,
    0x28, 0x24, 0x20, 0xff, 0x28, 0x28, 0x28, 0xff, 0x28, 0x24, 0x20, 0xff,
    0x20, 0x24, 0x20, 0xff, 0x28, 0x28, 0x28, 0xff, 0x28, 0x24, 0x20, 0xff,
    0x28, 0x24, 0x28, 0xff, 0x28, 0x24, 0x20, 0xff, 0x28, 0x24, 0x20, 0xff,
    0x28, 0x24, 0x28, 0xff, 0x20, 0x24, 0x20, 0xff, 0x28, 0x24, 0x20, 0xff,
    0x28, 0x24, 0x28, 0xff, 0x28, 0x24, 0x20, 0xff, 0x28, 0x24, 0x28, 0xff,
    0x28, 0x24, 0x28, 0xff, 0x20, 0x24, 0x20, 0xff, 0x28, 0x24, 0x20, 0xff,
    0x28, 0x24, 0x28, 0xff, 0x20, 0x24, 0x20, 0xff, 0x28, 0x24, 0x20, 0xff,
    0x28, 0x28, 0x28, 0xff, 0x28, 0x24, 0x20, 0xff, 0x28, 0x24, 0x20, 0xff,
    0x28, 0x28, 0x28, 0xff, 0x28, 0x24, 0x20, 0xff, 0x28, 0x24, 0x20, 0xff,
    0x28, 0x28, 0x28, 0xff, 0x28, 0x24, 0x20, 0xff, 0x20, 0x24, 0x20, 0xff,
    0x28, 0x24, 0x28, 0xff, 0x20, 0x24, 0x20, 0xff, 0x28, 0x24, 0x20, 0xff,
    0x28, 0x24, 0x28, 0xff, 0x28, 0x24, 0x20, 0xff, 0x28, 0x24, 0x20, 0xff,
    0x28, 0x24, 0x20, 0xff, 0x28, 0x24, 0x20, 0xff, 0x40, 0x40, 0x40, 0xef,
    0xf0, 0xf4, 0xf0, 0x20, 0xf8, 0xfc, 0xf8, 0x00, 0xf8, 0xfc, 0xf8, 0x00,
    0xf8, 0xfc, 0xf8, 0x00, 0xf8, 0xfc, 0xf8, 0x00, 0xf8, 0xfc, 0xf8, 0x00,
    0xf8, 0xfc, 0xf8, 0x00, 0xf8, 0xfc, 0xf8, 0x00, 0xf8, 0xfc, 0xf8, 0x00,
    0xf8, 0xfc, 0xf8, 0x00, 0xf8, 0xfc, 0xf8, 0x00, 0xf8, 0xfc, 0xf8, 0x00,
    0xf8, 0xfc, 0xf8, 0x00, 0x70, 0x70, 0x70, 0xb6, 0x38, 0x38, 0x38, 0xff,
    0x28, 0x28, 0x28, 0xff, 0x30, 0x2c, 0x28, 0xff, 0x30, 0x28, 0x28, 0xff,
    0x28, 0x2c, 0x28, 0xff, 0x30, 0x2c, 0x28, 0xff, 0x28, 0x28, 0x28, 0xff,
    0x30, 0x28, 0x28, 0xff, 0x30, 0x2c, 0x28, 0xff, 0x28, 0x2c, 0x28, 0xff,
    0x28, 0x28, 0x28, 0xff, 0x30, 0x28, 0x28, 0xff, 0x28, 0x28, 0x28, 0xff,
    0x28, 0x28, 0x28, 0xff, 0x28, 0x28, 0x28, 0xff, 0x30, 0x28, 0x28, 0xff,
    0x28, 0x28, 0x28, 0xff, 0x28, 0x28, 0x28, 0xff, 0x28, 0x2c, 0x28, 0xff,
    0x28, 0x28, 0x28, 0xff, 0x28, 0x28, 0x28, 0xff, 0x28, 0x28, 0x28, 0xff,
    0x30, 0x28, 0x28, 0xff, 0x28, 0x28, 0x28, 0xff, 0x28, 0x2c, 0x28, 0xff,
    0x28, 0x28, 0x28, 0xff, 0x28, 0x28, 0x28, 0xff, 0x30, 0x28, 0x28, 0xff,
    0x28, 0x28, 0x28, 0xff, 0x28, 0x28, 0x28, 0xff, 0x30, 0x28, 0x28, 0xff,
    0x28, 0x28, 0x28, 0xff, 0x28, 0x28, 0x28, 0xff, 0x28, 0x28, 0x28, 0xff,
    0x28, 0x28, 0x28, 0xff, 0x28, 0x24, 0x28, 0xff, 0x28, 0x28, 0x28, 0xff,
    0x28, 0x28, 0x28, 0xff, 0x28, 0x28, 0x28, 0xff, 0x28, 0x28, 0x28, 0xff,
    0x28, 0x28, 0x28, 0xff, 0x28, 0x28, 0x28, 0xff, 0x28, 0x24, 0x20, 0xff,
    0x28, 0x24, 0x28, 0xff, 0x28, 0x24, 0x28, 0xff, 0x28, 0x28, 0x20, 0xff,
    0x28, 0x24, 0x28, 0xff, 0x28, 0x28, 0x20, 0xff, 0x28, 0x24, 0x20, 0xff,
    0x28, 0x24, 0x28, 0xff, 0x28, 0x24, 0x28, 0xff, 0x28, 0x24, 0x20, 0xff,
    0x28, 0x28, 0x28, 0xff, 0x28, 0x24, 0x20, 0xff, 0x28, 0x24, 0x28, 0xff,
    0x28, 0x28, 0x28, 0xff, 0x28, 0x24, 0x20, 0xff, 0x28, 0x24, 0x20, 0xff,
    0x28, 0x24, 0x28, 0xff, 0x28, 0x28, 0x20, 0xff, 0x28, 0x24, 0x28, 0xff,
    0x28, 0x24, 0x20, 0xff, 0x28, 0x24, 0x28, 0xff, 0x28, 0x28, 0x28, 0xff,
    0x28, 0x24, 0x20, 0xff, 0x20, 0x24, 0x28, 0xff, 0x28, 0x24, 0x20, 0xff,
    0x28, 0x24, 0x20, 0xff, 0x28, 0x24, 0x28, 0xff, 0x28, 0x28, 0x20, 0xff,
    0x28, 0x24, 0x20, 0xff, 0x28, 0x24, 0x28, 0xff, 0x20, 0x24, 0x28, 0xff,
    0x28, 0x28, 0x28, 0xff, 0x28, 0x24, 0x20, 0xff, 0x28, 0x24, 0x20, 0xff,
    0x28, 0x28, 0x28, 0xff, 0x28, 0x24, 0x20, 0xff, 0x28, 0x24, 0x20, 0xff,
    0x28, 0x24, 0x20, 0xff, 0x20, 0x24, 0x20, 0xff, 0x28, 0x24, 0x28, 0xff,
    0x28, 0x24, 0x20, 0xff, 0x28, 0x28, 0x20, 0xff, 0x28, 0x24, 0x28, 0xff,
    0x28, 0x24, 0x20, 0xff, 0x28, 0x28, 0x28, 0xff, 0x28, 0x24, 0x20, 0xff,
    0x28, 0x24, 0x28, 0xff, 0x28, 0x28, 0x28, 0xff, 0x20, 0x24, 0x20, 0xff,
    0x28, 0x24, 0x20, 0xff, 0x20, 0x24, 0x20, 0xff, 0x28, 0x24, 0x28, 0xff,
    0x20, 0x24, 0x20, 0xff, 0x28, 0x24, 0x20, 0xff, 0x28, 0x24, 0x28, 0xff,
    0x28, 0x24, 0x20, 0xff, 0x20, 0x24, 0x20, 0xff, 0x28, 0x24, 0x28, 0xff,
    0x28, 0x24, 0x28, 0xff, 0x28, 0x24, 0x20, 0xff, 0x28, 0x28, 0x28, 0xff,
    0x28, 0x24, 0x28, 0xff, 0x20, 0x24, 0x20, 0xff, 0x28, 0x24, 0x20, 0xff,
    0x28, 0x28, 0x28, 0xff, 0x28, 0x24, 0x28, 0xff, 0x28, 0x24, 0x20, 0xff,
    0x28, 0x28, 0x28, 0xff, 0x20, 0x24, 0x20, 0xff, 0x28, 0x24, 0x28, 0xff,
    0x28, 0x24, 0x20, 0xff, 0x20, 0x24, 0x20, 0xff, 0x28, 0x24, 0x20, 0xff,
    0x28, 0x24, 0x20, 0xff, 0x28, 0x24, 0x20, 0xff, 0x20, 0x24, 0x28, 0xff,
    0x28, 0x24, 0x20, 0xff, 0x28, 0x24, 0x28, 0xff, 0x20, 0x24, 0x20, 0xff,
    0x28, 0x24, 0x20, 0xff, 0x28, 0x24, 0x28, 0xff, 0x20, 0x24, 0x20, 0xff,
    0x28, 0x24, 0x20, 0xff, 0x28, 0x24, 0x28, 0xff, 0x20, 0x24, 0x20, 0xff,
    0x28, 0x24, 0x28, 0xff, 0x28, 0x24, 0x20, 0xff, 0x28, 0x24, 0x28, 0xff,
    0x28, 0x28, 0x20, 0xff, 0x20, 0x24, 0x20, 0xff, 0x28, 0x24, 0x28, 0xff,
    0x28, 0x28, 0x28, 0xff, 0x28, 0x24, 0x28, 0xff, 0x50, 0x50, 0x50, 0xd7,
    0xf0, 0xf4, 0xf0, 0x20, 0xf8, 0xfc, 0xf8, 0x00, 0xf8, 0xfc, 0xf8, 0x00,
    0xf8, 0xfc, 0xf8, 0x00, 0xf8, 0xfc, 0xf8, 0x00, 0xf8, 0xfc, 0xf8, 0x00,
    0xf8, 0xfc, 0xf8, 0x00, 0xf8, 0xfc, 0xf8, 0x00, 0xf8, 0xfc, 0xf8, 0x00,
    0xf8, 0xfc, 0xf8, 0x00, 0xf8, 0xfc, 0xf8, 0x00, 0xf8, 0xfc, 0xf8, 0x00,
    0xf8, 0xfc, 0xf8, 0x00, 0xf8, 0xfc, 0xf8, 0x00, 0xf8, 0xfc, 0xf8, 0x00,
    0x80, 0x80, 0x80, 0x71, 0x60, 0x60, 0x60, 0xe7, 0x30, 0x2c, 0x28, 0xff,
    0x28, 0x28, 0x28, 0xff, 0x28, 0x28, 0x28, 0xff, 0x28, 0x2c, 0x30, 0xff,
    0x30, 0x28, 0x28, 0xff, 0x28, 0x28, 0x28, 0xff, 0x30, 0x2c, 0x28, 0xff,
    0x28, 0x28, 0x28, 0xff, 0x30, 0x28, 0x30, 0xff, 0x28, 0x28, 0x28, 0xff,
    0x30, 0x2c, 0x28, 0xff, 0x28, 0x28, 0x28, 0xff, 0x28, 0x2c, 0x28, 0xff,
    0x28, 0x28, 0x28, 0xff, 0x30, 0x28, 0x28, 0xff, 0x28, 0x2c, 0x28, 0xff,
    0x30, 0x28, 0x28, 0xff, 0x28, 0x28, 0x28, 0xff, 0x28, 0x28, 0x28, 0xff,
    0x30, 0x28, 0x28, 0xff, 0x28, 0x28, 0x28, 0xff, 0x28, 0x28, 0x28, 0xff,
    0x30, 0x28, 0x28, 0xff, 0x28, 0x28, 0x28, 0xff, 0x28, 0x28, 0x20, 0xff,
    0x28, 0x28, 0x28, 0xff, 0x28, 0x28, 0x28, 0xff, 0x28, 0x28, 0x20, 0xff,
    0x28, 0x28, 0x28, 0xff, 0x30, 0x28, 0x28, 0xff, 0x28, 0x28, 0x20, 0xff,
    0x28, 0x28, 0x28, 0xff, 0x28, 0x28, 0x28, 0xff, 0x28, 0x28, 0x20, 0xff,
    0x30, 0x24, 0x28, 0xff, 0x28, 0x28, 0x28, 0xff, 0x28, 0x28, 0x20, 0xff,
    0x28, 0x24, 0x20, 0xff, 0x28, 0x24, 0x28, 0xff, 0x28, 0x28, 0x28, 0xff,
    0x28, 0x28, 0x20, 0xff, 0x28, 0x24, 0x28, 0xff, 0x28, 0x28, 0x20, 0xff,
    0x28, 0x24, 0x28, 0xff, 0x28, 0x24, 0x28, 0xff, 0x28, 0x28, 0x28, 0xff,
    0x28, 0x28, 0x20, 0xff, 0x28, 0x24, 0x28, 0xff, 0x28, 0x28, 0x28, 0xff,
    0x28, 0x24, 0x20, 0xff, 0x28, 0x24, 0x20, 0xff, 0x28, 0x28, 0x28, 0xff,
    0x28, 0x24, 0x20, 0xff, 0x28, 0x24, 0x20, 0xff, 0x28, 0x24, 0x28, 0xff,
    0x28, 0x24, 0x20, 0xff, 0x20, 0x24, 0x20, 0xff, 0x20, 0x24, 0x20, 0xff,
    0x28, 0x24, 0x28, 0xff, 0x20, 0x24, 0x20, 0xff, 0x28, 0x24, 0x20, 0xff,
    0x28, 0x24, 0x28, 0xff, 0x28, 0x24, 0x20, 0xff, 0x28, 0x24, 0x20, 0xff,
    0x28, 0x24, 0x28, 0xff, 0x28, 0x24, 0x28, 0xff, 0x28, 0x28, 0x20, 0xff,
    0x20, 0x24, 0x20, 0xff, 0x28, 0x24, 0x28, 0xff, 0x28, 0x24, 0x20, 0xff,
    0x28, 0x24, 0x20, 0xff, 0x28, 0x24, 0x20, 0xff, 0x28, 0x24, 0x28, 0xff,
    0x20, 0x24, 0x20, 0xff, 0x28, 0x24, 0x28, 0xff, 0x28, 0x24, 0x28, 0xff,
    0x20, 0x24, 0x20, 0xff, 0x28, 0x24, 0x28, 0xff, 0x28, 0x24, 0x28, 0xff,
    0x28, 0x28, 0x20, 0xff, 0x20, 0x24, 0x20, 0xff, 0x28, 0x24, 0x20, 0xff,
    0x28, 0x24, 0x20, 0xff, 0x28, 0x24, 0x28, 0xff, 0x28, 0x24, 0x28, 0xff,
    0x20, 0x24, 0x20, 0xff, 0x28, 0x24, 0x20, 0xff, 0x28, 0x24, 0x20, 0xff,
    0x28, 0x24, 0x28, 0xff, 0x28, 0x24, 0x20, 0xff, 0x28, 0x24, 0x28, 0xff,
    0x28, 0x24, 0x20, 0xff, 0x20, 0x24, 0x28, 0xff, 0x28, 0x24, 0x20, 0xff,
    0x28, 0x24, 0x28, 0xff, 0x28, 0x24, 0x28, 0xff, 0x28, 0x28, 0x20, 0xff,
    0x28, 0x24, 0x28, 0xff, 0x28, 0x24, 0x20, 0xff, 0x20, 0x24, 0x20, 0xff,
    0x28, 0x24, 0x20, 0xff, 0x28, 0x24, 0x28, 0xff, 0x28, 0x24, 0x20, 0xff,
    0x20, 0x24, 0x20, 0xff, 0x28, 0x24, 0x28, 0xff, 0x28, 0x24, 0x20, 0xff,
    0x28, 0x24, 0x20, 0xff, 0x28, 0x24, 0x20, 0xff, 0x20, 0x24, 0x28, 0xff,
    0x28, 0x24, 0x20, 0xff, 0x28, 0x28, 0x28, 0xff, 0x28, 0x24, 0x20, 0xff,
    0x28, 0x24, 0x28, 0xff, 0x28, 0x24, 0x28, 0xff, 0x28, 0x28, 0x28, 0xff,
    0x28, 0x24, 0x20, 0xff, 0x28, 0x24, 0x28, 0xff, 0x28, 0x24, 0x20, 0xff,
    0x20, 0x24, 0x28, 0xff, 0x28, 0x24, 0x20, 0xff, 0x28, 0x24, 0x28, 0xff,
    0x28, 0x24, 0x28, 0xff, 0x28, 0x24, 0x28, 0xff, 0x20, 0x24, 0x20, 0xff,
    0x28, 0x24, 0x28, 0xff, 0x28, 0x28, 0x20, 0xff, 0x28, 0x24, 0x20, 0xff,
    0x28, 0x24, 0x28, 0xff, 0x28, 0x24, 0x28, 0xff, 0x28, 0x24, 0x20, 0xff,
    0x20, 0x24, 0x20, 0xff, 0x40, 0x40, 0x40, 0xff, 0x78, 0x78, 0x78, 0x9e,
    0xf0, 0xf4, 0xf0, 0x10, 0xf8, 0xfc, 0xf8, 0x00, 0xf8, 0xfc, 0xf8, 0x00,
    0xf8, 0xfc, 0xf8, 0x00, 0xf8, 0xfc, 0xf8, 0x00, 0xf8, 0xfc, 0xf8, 0x00,
    0xf8, 0xfc, 0xf8, 0x00, 0xf8, 0xfc, 0xf8, 0x00, 0xf8, 0xfc, 0xf8, 0x00,
    0xf8, 0xfc, 0xf8, 0x00, 0xf8, 0xfc, 0xf8, 0x00, 0xf8, 0xfc, 0xf8, 0x00,
    0xf8, 0xfc, 0xf8, 0x00, 0xf8, 0xfc, 0xf8, 0x00, 0xf8, 0xfc, 0xf8, 0x00,
    0xf8, 0xfc, 0xf8, 0x00, 0xf8, 0xfc, 0xf8, 0x00, 0xf8, 0xfc, 0xf8, 0x00,
    0x88, 0x88, 0x88, 0x8a, 0x70, 0x6c, 0x70, 0xc3, 0x60, 0x5c, 0x60, 0xff,
    0x38, 0x34, 0x38, 0xff, 0x28, 0x28, 0x28, 0xff, 0x30, 0x2c, 0x28, 0xff,
    0x28, 0x28, 0x28, 0xff, 0x28, 0x28, 0x28, 0xff, 0x28, 0x28, 0x28, 0xff,
    0x28, 0x2c, 0x28, 0xff, 0x30, 0x28, 0x28, 0xff, 0x28, 0x28, 0x28, 0xff,
    0x28, 0x2c, 0x28, 0xff, 0x30, 0x28, 0x28, 0xff, 0x28, 0x28, 0x28, 0xff,
    0x28, 0x28, 0x28, 0xff, 0x30, 0x28, 0x28, 0xff, 0x28, 0x28, 0x28, 0xff,
    0x28, 0x2c, 0x28, 0xff, 0x28, 0x28, 0x28, 0xff, 0x28, 0x28, 0x28, 0xff,
    0x28, 0x28, 0x28, 0xff, 0x30, 0x28, 0x28, 0xff, 0x28, 0x28, 0x28, 0xff,
    0x28, 0x28, 0x28, 0xff, 0x28, 0x28, 0x28, 0xff, 0x30, 0x28, 0x28, 0xff,
    0x28, 0x28, 0x20, 0xff, 0x28, 0x28, 0x28, 0xff, 0x28, 0x24, 0x28, 0xff,
    0x28, 0x28, 0x20, 0xff, 0x28, 0x24, 0x28, 0xff, 0x28, 0x28, 0x28, 0xff,
    0x28, 0x28, 0x20, 0xff, 0x28, 0x28, 0x28, 0xff, 0x28, 0x24, 0x20, 0xff,
    0x28, 0x28, 0x28, 0xff, 0x28, 0x24, 0x28, 0xff, 0x28, 0x24, 0x20, 0xff,
    0x28, 0x28, 0x28, 0xff, 0x28, 0x28, 0x28, 0xff, 0x28, 0x28, 0x28, 0xff,
    0x28, 0x28, 0x20, 0xff, 0x28, 0x24, 0x28, 0xff, 0x28, 0x28, 0x28, 0xff,
    0x28, 0x24, 0x20, 0xff, 0x28, 0x24, 0x20, 0xff, 0x28, 0x24, 0x28, 0xff,
    0x28, 0x24, 0x20, 0xff, 0x28, 0x28, 0x28, 0xff, 0x28, 0x24, 0x28, 0xff,
    0x28, 0x28, 0x28, 0xff, 0x28, 0x28, 0x28, 0xff, 0x28, 0x24, 0x20, 0xff,
    0x28, 0x24, 0x28, 0xff, 0x28, 0x28, 0x28, 0xff, 0x28, 0x24, 0x28, 0xff,
    0x28, 0x24, 0x20, 0xff, 0x28, 0x24, 0x20, 0xff, 0x28, 0x28, 0x28, 0xff,
    0x20, 0x24, 0x20, 0xff, 0x28, 0x24, 0x28, 0xff, 0x28, 0x24, 0x20, 0xff,
    0x28, 0x28, 0x28, 0xff, 0x20, 0x24, 0x28, 0xff, 0x28, 0x24, 0x20, 0xff,
    0x20, 0x24, 0x20, 0xff, 0x28, 0x24, 0x28, 0xff, 0x28, 0x24, 0x28, 0xff,
    0x28, 0x28, 0x28, 0xff, 0x20, 0x24, 0x20, 0xff, 0x28, 0x24, 0x20, 0xff,
    0x28, 0x24, 0x28, 0xff, 0x28, 0x24, 0x28, 0xff, 0x28, 0x24, 0x20, 0xff,
    0x28, 0x24, 0x28, 0xff, 0x28, 0x24, 0x20, 0xff, 0x28, 0x28, 0x28, 0xff,
    0x28, 0x24, 0x28, 0xff, 0x28, 0x24, 0x20, 0xff, 0x28, 0x24, 0x28, 0xff,
    0x28, 0x24, 0x28, 0xff, 0x28, 0x28, 0x28, 0xff, 0x20, 0x24, 0x20, 0xff,
    0x28, 0x24, 0x20, 0xff, 0x28, 0x24, 0x20, 0xff, 0x28, 0x24, 0x28, 0xff,
    0x20, 0x24, 0x20, 0xff, 0x28, 0x24, 0x28, 0xff, 0x28, 0x28, 0x28, 0xff,
    0x28, 0x24, 0x20, 0xff, 0x28, 0x24, 0x20, 0xff, 0x28, 0x24, 0x28, 0xff,
    0x28, 0x28, 0x28, 0xff, 0x28, 0x24, 0x20, 0xff, 0x28, 0x24, 0x20, 0xff,
    0x28, 0x24, 0x28, 0xff, 0x28, 0x28, 0x20, 0xff, 0x28, 0x24, 0x20, 0xff,
    0x28, 0x24, 0x28, 0xff, 0x20, 0x24, 0x20, 0xff, 0x28, 0x24, 0x20, 0xff,
    0x28, 0x24, 0x28, 0xff, 0x28, 0x24, 0x20, 0xff, 0x28, 0x28, 0x28, 0xff,
    0x28, 0x24, 0x28, 0xff, 0x28, 0x24, 0x20, 0xff, 0x20, 0x24, 0x20, 0xff,
    0x28, 0x24, 0x28, 0xff, 0x28, 0x24, 0x20, 0xff, 0x28, 0x24, 0x20, 0xff,
    0x28, 0x24, 0x28, 0xff, 0x28, 0x24, 0x20, 0xff, 0x20, 0x24, 0x20, 0xff,
    0x28, 0x24, 0x28, 0xff, 0x28, 0x24, 0x20, 0xff, 0x20, 0x24, 0x20, 0xff,
    0x28, 0x24, 0x20, 0xff, 0x28, 0x24, 0x20, 0xff, 0x28, 0x24, 0x28, 0xff,
    0x28, 0x24, 0x20, 0xff, 0x20, 0x24, 0x20, 0xff, 0x28, 0x24, 0x20, 0xff,
    0x28, 0x24, 0x28, 0xff, 0x28, 0x24, 0x20, 0xff, 0x28, 0x24, 0x28, 0xff,
    0x20, 0x24, 0x20, 0xff, 0x28, 0x24, 0x20, 0xff, 0x48, 0x4c, 0x50, 0xff,
    0x60, 0x60, 0x60, 0xdb, 0x78, 0x78, 0x78, 0x9e, 0xf0, 0xf0, 0xf0, 0x20,
    0xf8, 0xfc, 0xf8, 0x00, 0xf8, 0xfc, 0xf8, 0x00, 0xf8, 0xfc, 0xf8, 0x00,
    0xf8, 0xfc, 0xf8, 0x00, 0xf8, 0xfc, 0xf8, 0x00, 0xf8, 0xfc, 0xf8, 0x00,
    0xf8, 0xfc, 0xf8, 0x00, 0xf8, 0xfc, 0xf8, 0x00, 0xf8, 0xfc, 0xf8, 0x00,
    0xf8, 0xfc, 0xf8, 0x00, 0xf8, 0xfc, 0xf8, 0x00, 0xf8, 0xfc, 0xf8, 0x00,
    0xf8, 0xfc, 0xf8, 0x00, 0xf8, 0xfc, 0xf8, 0x00, 0xf8, 0xfc, 0xf8, 0x00,
    0xf8, 0xfc, 0xf8, 0x00, 0xf8, 0xfc, 0xf8, 0x00, 0xf8, 0xfc, 0xf8, 0x00,
    0xf8, 0xfc, 0xf8, 0x00, 0xf8, 0xfc, 0xf8, 0x00, 0xf8, 0xfc, 0xf8, 0x00,
    0xf8, 0xfc, 0xf8, 0x00, 0xf0, 0xf4, 0xf0, 0x30, 0xa0, 0x9c, 0xa0, 0x71,
    0xa0, 0x9c, 0x98, 0x71, 0xa0, 0x9c, 0xa0, 0x71, 0xa0, 0x9c, 0xa0, 0x71,
    0xa0, 0x9c, 0x98, 0x71, 0xa0, 0x9c, 0xa0, 0x71, 0xa0, 0x9c, 0xa0, 0x71,
    0xa0, 0x9c, 0x98, 0x71, 0xa0, 0x9c, 0xa0, 0x71, 0xa0, 0x9c, 0xa0, 0x71,
    0xa0, 0x9c, 0x98, 0x71, 0xa0, 0x9c, 0xa0, 0x71, 0xa0, 0x9c, 0x98, 0x71,
    0xa0, 0x9c, 0x98, 0x71, 0xa0, 0x9c, 0x98, 0x71, 0xa0, 0x9c, 0x98, 0x71,
    0xa0, 0x9c, 0x98, 0x71, 0xa0, 0x9c, 0x98, 0x71, 0xa0, 0x9c, 0x98, 0x71,
    0xa0, 0x9c, 0x98, 0x71, 0xa0, 0x9c, 0x98, 0x71, 0xa0, 0x9c, 0x98, 0x71,
    0xa0, 0x9c, 0x98, 0x71, 0xa0, 0x9c, 0x98, 0x71, 0xa0, 0x98, 0x98, 0x6d,
    0xa0, 0x9c, 0x98, 0x71, 0xa0, 0x9c, 0x98, 0x71, 0xa0, 0x9c, 0x98, 0x6d,
    0xa0, 0x98, 0x98, 0x71, 0xa0, 0x9c, 0x98, 0x71, 0xa0, 0x9c, 0x98, 0x6d,
    0xa0, 0x9c, 0x98, 0x71, 0xa0, 0x9c, 0x98, 0x71, 0xa0, 0x9c, 0x98, 0x6d,
    0xa0, 0x9c, 0x98, 0x71, 0xa0, 0x9c, 0x98, 0x6d, 0xa0, 0x9c, 0x98, 0x71,
    0xa0, 0x9c, 0x98, 0x6d, 0x98, 0x9c, 0x98, 0x71, 0xa0, 0x9c, 0x98, 0x6d,
    0xa0, 0x9c, 0x98, 0x71, 0xa0, 0x9c, 0x98, 0x6d, 0x98, 0x9c, 0x98, 0x71,
    0xa0, 0x9c, 0x98, 0x6d, 0x98, 0x9c, 0x98, 0x6d, 0x98, 0x9c, 0x98, 0x71,
    0x98, 0x98, 0x98, 0x6d, 0x98, 0x98, 0x98, 0x71, 0x98, 0x9c, 0x98, 0x6d,
    0x98, 0x9c, 0x98, 0x6d, 0x98, 0x9c, 0x98, 0x71, 0x98, 0x9c, 0x98, 0x6d,
    0x98, 0x9c, 0x98, 0x71, 0x98, 0x9c, 0x98, 0x6d, 0x98, 0x9c, 0x98, 0x6d,
    0x98, 0x98, 0x98, 0x71, 0x98, 0x9c, 0x98, 0x6d, 0x98, 0x9c, 0x98, 0x6d,
    0x98, 0x9c, 0x98, 0x71, 0x98, 0x9c, 0x98, 0x6d, 0x98, 0x9c, 0x98, 0x6d,
    0x98, 0x9c, 0x98, 0x71, 0x98, 0x9c, 0x98, 0x6d, 0x98, 0x9c, 0x98, 0x6d,
    0x98, 0x9c, 0x98, 0x71, 0x98, 0x9c, 0x98, 0x6d, 0x98, 0x9c, 0x98, 0x6d,
    0x98, 0x9c, 0x98, 0x71, 0x98, 0x9c, 0x98, 0x6d, 0x98, 0x9c, 0x98, 0x6d,
    0x98, 0x9c, 0x98, 0x71, 0x98, 0x9c, 0x98, 0x6d, 0x98, 0x9c, 0x98, 0x6d,
    0x98, 0x9c, 0x98, 0x71, 0x98, 0x9c, 0x98, 0x6d, 0x98, 0x9c, 0x98, 0x6d,
    0x98, 0x9c, 0x98, 0x71, 0x98, 0x9c, 0x98, 0x6d, 0x98, 0x98, 0x98, 0x6d,
    0x98, 0x9c, 0x98, 0x71, 0x98, 0x9c, 0x98, 0x6d, 0x98, 0x9c, 0x98, 0x6d,
    0x98, 0x9c, 0x98, 0x71, 0x98, 0x9c, 0x98, 0x6d, 0x98, 0x9c, 0x98, 0x6d,
    0x98, 0x98, 0x98, 0x71, 0x98, 0x9c, 0x98, 0x6d, 0x98, 0x9c, 0x98, 0x6d,
    0x98, 0x9c, 0x98, 0x71, 0x98, 0x9c, 0x98, 0x6d, 0x98, 0x9c, 0x98, 0x6d,
    0x98, 0x9c, 0x98, 0x71, 0x98, 0x9c, 0x98, 0x6d, 0x98, 0x9c, 0x98, 0x6d,
    0x98, 0x9c, 0x98, 0x71, 0x98, 0x9c, 0x98, 0x6d, 0x98, 0x9c, 0x98, 0x6d,
    0x98, 0x9c, 0x98, 0x71, 0x98, 0x9c, 0x98, 0x6d, 0x98, 0x9c, 0x98, 0x6d,
    0x98, 0x9c, 0x98, 0x71, 0x98, 0x9c, 0x98, 0x6d, 0x98, 0x9c, 0x98, 0x6d,
    0x98, 0x9c, 0x98, 0x71, 0x98, 0x9c, 0x98, 0x6d, 0x98, 0x9c, 0x98, 0x6d,
    0x98, 0x9c, 0x98, 0x71, 0x98, 0x9c, 0x98, 0x6d, 0x98, 0x9c, 0x98, 0x6d,
    0x98, 0x9c, 0x98, 0x71, 0x98, 0x9c, 0x98, 0x6d, 0x98, 0x9c, 0x98, 0x6d,
    0x98, 0x9c, 0x98, 0x71, 0x98, 0x9c, 0x98, 0x6d, 0x98, 0x9c, 0x98, 0x6d,
    0x98, 0x9c, 0x98, 0x71, 0x98, 0x9c, 0x98, 0x6d, 0x98, 0x9c, 0x98, 0x6d,
    0x98, 0x9c, 0x98, 0x71, 0x98, 0x9c, 0x98, 0x6d, 0x98, 0x9c, 0x98, 0x6d,
    0x98, 0x9c, 0x98, 0x71, 0x98, 0x9c, 0x98, 0x6d, 0xf0, 0xf4, 0xf0, 0x41,
    0xf0, 0xf4, 0xf0, 0x10, 0xf8, 0xfc, 0xf8, 0x00, 0xf8, 0xfc, 0xf8, 0x00,
    0xf8, 0xfc, 0xf8, 0x00, 0xf8, 0xfc, 0xf8, 0x00, 0xf8, 0xfc, 0xf8, 0x00,
    0xf8, 0xfc, 0xf8, 0x00, 0xf8, 0xfc, 0xf8, 0x00, 0xf8, 0xfc, 0xf8, 0x00,
    0xf8, 0xfc, 0xf8, 0x00, 0xf8, 0xfc, 0xf8, 0x00, 0xf8, 0xfc, 0xf8, 0x00,
    0xf8, 0xfc, 0xf8, 0x00, 0xf8, 0xfc, 0xf8, 0x00, 0xf8, 0xfc, 0xf8, 0x00,
    0xf8, 0xfc, 0xf8, 0x00, 0xf8, 0xfc, 0xf8, 0x00, 0xf8, 0xfc, 0xf8, 0x00,
    0xf8, 0xfc, 0xf8, 0x00, 0xf8, 0xfc, 0xf8, 0x00, 0xf8, 0xfc, 0xf8, 0x00,
    0xf8, 0xfc, 0xf8, 0x00, 0xf8, 0xfc, 0xf8, 0x00, 0xf8, 0xfc, 0xf8, 0x00,
    0xf8, 0xfc, 0xf8, 0x00, 0xf8, 0xfc, 0xf8, 0x00, 0xf8, 0xfc, 0xf8, 0x00,
    0xf8, 0xfc, 0xf8, 0x00, 0xf8, 0xfc, 0xf8, 0x00, 0xf8, 0xfc, 0xf8, 0x00,
    0xf8, 0xfc, 0xf8, 0x00, 0xf8, 0xfc, 0xf8, 0x00, 0xf8, 0xfc, 0xf8, 0x00,
    0xf8, 0xfc, 0xf8, 0x00, 0xf8, 0xfc, 0xf8, 0x00, 0xf8, 0xfc, 0xf8, 0x00,
    0xf8, 0xfc, 0xf8, 0x00, 0xf8, 0xfc, 0xf8, 0x00, 0xf8, 0xfc, 0xf8, 0x00,
    0xf8, 0xfc, 0xf8, 0x00, 0xf8, 0xfc, 0xf8, 0x00, 0xf8, 0xfc, 0xf8, 0x00,
    0xf8, 0xfc, 0xf8, 0x00, 0xf8, 0xfc, 0xf8, 0x00, 0xf8, 0xfc, 0xf8, 0x00,
    0xf8, 0xfc, 0xf8, 0x00, 0xf8, 0xfc, 0xf8, 0x00, 0xf8, 0xfc, 0xf8, 0x00,
    0xf8, 0xfc, 0xf8, 0x00, 0xf8, 0xfc, 0xf8, 0x00, 0xf8, 0xfc, 0xf8, 0x00,
    0xf8, 0xfc, 0xf8, 0x00, 0xf8, 0xfc, 0xf8, 0x00, 0xf8, 0xfc, 0xf8, 0x00,
    0xf8, 0xfc, 0xf8, 0x00, 0xf8, 0xfc, 0xf8, 0x00, 0xf8, 0xfc, 0xf8, 0x00,
    0xf8, 0xfc, 0xf8, 0x00, 0xf8, 0xfc, 0xf8, 0x00, 0xf8, 0xfc, 0xf8, 0x00,
    0xf8, 0xfc, 0xf8, 0x00, 0xf8, 0xfc, 0xf8, 0x00, 0xf8, 0xfc, 0xf8, 0x00,
    0xf8, 0xfc, 0xf8, 0x00, 0xf8, 0xfc, 0xf8, 0x00, 0xf8, 0xfc, 0xf8, 0x00,
    0xf8, 0xfc, 0xf8, 0x00, 0xf8, 0xfc, 0xf8, 0x00, 0xf8, 0xfc, 0xf8, 0x00,
    0xf8, 0xfc, 0xf8, 0x00, 0xf8, 0xfc, 0xf8, 0x00, 0xf8, 0xfc, 0xf8, 0x00,
    0xf8, 0xfc, 0xf8, 0x00, 0xf8, 0xfc, 0xf8, 0x00, 0xf8, 0xfc, 0xf8, 0x00,
    0xf8, 0xfc, 0xf8, 0x00, 0xf8, 0xfc, 0xf8, 0x00, 0xf8, 0xfc, 0xf8, 0x00,
    0xf8, 0xfc, 0xf8, 0x00, 0xf8, 0xfc, 0xf8, 0x00, 0xf8, 0xfc, 0xf8, 0x00,
    0xf8, 0xfc, 0xf8, 0x00, 0xf8, 0xfc, 0xf8, 0x00, 0xf8, 0xfc, 0xf8, 0x00,
    0xf8, 0xfc, 0xf8, 0x00, 0xf8, 0xfc, 0xf8, 0x00, 0xf8, 0xfc, 0xf8, 0x00,
    0xf8, 0xfc, 0xf8, 0x00, 0xf8, 0xfc, 0xf8, 0x00, 0xf8, 0xfc, 0xf8, 0x00,
    0xf8, 0xfc, 0xf8, 0x00, 0xf8, 0xfc, 0xf8, 0x00, 0xf8, 0xfc, 0xf8, 0x00,
    0xf8, 0xfc, 0xf8, 0x00, 0xf8, 0xfc, 0xf8, 0x00, 0xf8, 0xfc, 0xf8, 0x00,
    0xf8, 0xfc, 0xf8, 0x00, 0xf8, 0xfc, 0xf8, 0x00, 0xf8, 0xfc, 0xf8, 0x00,
    0xf8, 0xfc, 0xf8, 0x00, 0xf8, 0xfc, 0xf8, 0x00, 0xf8, 0xfc, 0xf8, 0x00,
    0xf8, 0xfc, 0xf8, 0x00, 0xf8, 0xfc, 0xf8, 0x00, 0xf8, 0xfc, 0xf8, 0x00,
    0xf8, 0xfc, 0xf8, 0x00, 0xf8, 0xfc, 0xf8, 0x00, 0xf8, 0xfc, 0xf8, 0x00,
    0xf8, 0xfc, 0xf8, 0x00, 0xf8, 0xfc, 0xf8, 0x00, 0xf8, 0xfc, 0xf8, 0x00,
    0xf8, 0xfc, 0xf8, 0x00, 0xf8, 0xfc, 0xf8, 0x00, 0xf8, 0xfc, 0xf8, 0x00,
    0xf8, 0xfc, 0xf8, 0x00, 0xf8, 0xfc, 0xf8, 0x00, 0xf8, 0xfc, 0xf8, 0x00,
    0xf8, 0xfc, 0xf8, 0x00, 0xf8, 0xfc, 0xf8, 0x00, 0xf8, 0xfc, 0xf8, 0x00,
    0xf8, 0xfc, 0xf8, 0x00, 0xf8, 0xfc, 0xf8, 0x00, 0xf8, 0xfc, 0xf8, 0x00,
    0xf8, 0xfc, 0xf8, 0x00, 0xf8, 0xfc, 0xf8, 0x00, 0xf8, 0xfc, 0xf8, 0x00,
    0xf8, 0xfc, 0xf8, 0x00, 0xf8, 0xfc, 0xf8, 0x00, 0xf8, 0xfc, 0xf8, 0x00,
    0xf8, 0xfc, 0xf8, 0x00, 0xf8, 0xfc, 0xf8, 0x00, 0xf8, 0xfc, 0xf8, 0x00,
    0xf8, 0xfc, 0xf8, 0x00, 0xf8, 0xfc, 0xf8, 0x00, 0xf8, 0xfc, 0xf8, 0x00,
    0xf8, 0xfc, 0xf8, 0x00, 0xf8, 0xfc, 0xf8, 0x00, 0xf8, 0xfc, 0xf8, 0x00,
    0xf8, 0xfc, 0xf8, 0x00, 0xf8, 0xfc, 0xf8, 0x00, 0xf8, 0xfc, 0xf8, 0x00,
    0xf8, 0xfc, 0xf8, 0x00, 0xf8, 0xfc, 0xf8, 0x00, 0xf8, 0xfc, 0xf8, 0x00,
    0xf8, 0xfc, 0xf8, 0x00, 0xf8, 0xfc, 0xf8, 0x00, 0xf8, 0xfc, 0xf8, 0x00,
    0xf8, 0xfc, 0xf8, 0x00, 0xf8, 0xfc, 0xf8, 0x00, 0xf8, 0xfc, 0xf8, 0x00,
    0xf8, 0xfc, 0xf8, 0x00, 0xf8, 0xfc, 0xf8, 0x00, 0xf8, 0xfc, 0xf8, 0x00,
    0xf8, 0xfc, 0xf8, 0x00, 0xf8, 0xfc, 0xf8, 0x00, 0xf8, 0xfc, 0xf8, 0x00,
    0xf8, 0xfc, 0xf8, 0x00, 0xf8, 0xfc, 0xf8, 0x00, 0xf8, 0xfc, 0xf8, 0x00,
    0xf8, 0xfc, 0xf8, 0x00, 0xf8, 0xfc, 0xf8, 0x00, 0xf8, 0xfc, 0xf8, 0x00,
    0xf8, 0xfc, 0xf8, 0x00, 0xf8, 0xfc, 0xf8, 0x00, 0xf8, 0xfc, 0xf8, 0x00,
    0xf8, 0xfc, 0xf8, 0x00, 0xf8, 0xfc, 0xf8, 0x00, 0xf8, 0xfc, 0xf8, 0x00,
    0xf8, 0xfc, 0xf8, 0x00, 0xf8, 0xfc, 0xf8, 0x00, 0xf8, 0xfc, 0xf8, 0x00,
    0xf8, 0xfc, 0xf8, 0x00, 0xf8, 0xfc, 0xf8, 0x00, 0xf8, 0xfc, 0xf8, 0x00,
    0xf8, 0xfc, 0xf8, 0x00, 0xf8, 0xfc, 0xf8, 0x00, 0xf8, 0xfc, 0xf8, 0x00,
    0xf8, 0xfc, 0xf8, 0x00, 0xf8, 0xfc, 0xf8, 0x00, 0xf8, 0xfc, 0xf8, 0x00,
    0xf8, 0xfc, 0xf8, 0x00, 0xf8, 0xfc, 0xf8, 0x00, 0xf8, 0xfc, 0xf8, 0x00,
    0xf8, 0xfc, 0xf8, 0x00, 0xf8, 0xfc, 0xf8, 0x00, 0xf8, 0xfc, 0xf8, 0x00,
    0xf8, 0xfc, 0xf8, 0x00, 0xf8, 0xfc, 0xf8, 0x00, 0xf8, 0xfc, 0xf8, 0x00,
    0xf8, 0xfc, 0xf8, 0x00, 0xf8, 0xfc, 0xf8, 0x00, 0xf8, 0xfc, 0xf8, 0x00,
    0xf8, 0xfc, 0xf8, 0x00, 0xf8, 0xfc, 0xf8, 0x00, 0xf8, 0xfc, 0xf8, 0x00,
    0xf8, 0xfc, 0xf8, 0x00, 0xf8, 0xfc, 0xf8, 0x00, 0xf8, 0xfc, 0xf8, 0x00,
    0xf8, 0xfc, 0xf8, 0x00, 0xf8, 0xfc, 0xf8, 0x00, 0xf8, 0xfc, 0xf8, 0x00,
    0xf8, 0xfc, 0xf8, 0x00, 0xf8, 0xfc, 0xf8, 0x00, 0xf8, 0xfc, 0xf8, 0x00,
    0xf8, 0xfc, 0xf8, 0x00, 0xf8, 0xfc, 0xf8, 0x00, 0xf8, 0xfc, 0xf8, 0x00,
    0xf8, 0xfc, 0xf8, 0x00, 0xf8, 0xfc, 0xf8, 0x00, 0xf8, 0xfc, 0xf8, 0x00,
    0xf8, 0xfc, 0xf8, 0x00, 0xf8, 0xfc, 0xf8, 0x00, 0xf8, 0xfc, 0xf8, 0x00,
    0xf8, 0xfc, 0xf8, 0x00, 0xf8, 0xfc, 0xf8, 0x00, 0xf8, 0xfc, 0xf8, 0x00,
    0xf8, 0xfc, 0xf8, 0x00, 0xf8, 0xfc, 0xf8, 0x00, 0xf8, 0xfc, 0xf8, 0x00,
    0xf8, 0xfc, 0xf8, 0x00, 0xf8, 0xfc, 0xf8, 0x00, 0xf8, 0xfc, 0xf8, 0x00,
    0xf8, 0xfc, 0xf8, 0x00, 0xf8, 0xfc, 0xf8, 0x00, 0xf8, 0xfc, 0xf8, 0x00,
    0xf8, 0xfc, 0xf8, 0x00, 0xf8, 0xfc, 0xf8, 0x00, 0xf8, 0xfc, 0xf8, 0x00,
    0xf8, 0xfc, 0xf8, 0x00, 0xf8, 0xfc, 0xf8, 0x00, 0xf8, 0xfc, 0xf8, 0x00,
    0xf8, 0xfc, 0xf8, 0x00, 0xf8, 0xfc, 0xf8, 0x00, 0xf8, 0xfc, 0xf8, 0x00,
    0xf8, 0xfc, 0xf8, 0x00, 0xf8, 0xfc, 0xf8, 0x00, 0xf8, 0xfc, 0xf8, 0x00,
    0xf8, 0xfc, 0xf8, 0x00, 0xf8, 0xfc, 0xf8, 0x00, 0xf8, 0xfc, 0xf8, 0x00,
    0xf8, 0xfc, 0xf8, 0x00, 0xf8, 0xfc, 0xf8, 0x00, 0xf8, 0xfc, 0xf8, 0x00,
    0xf8, 0xfc, 0xf8, 0x00, 0xf8, 0xfc, 0xf8, 0x00, 0xf8, 0xfc, 0xf8, 0x00,
    0xf8, 0xfc, 0xf8, 0x00, 0xf8, 0xfc, 0xf8, 0x00, 0xf8, 0xfc, 0xf8, 0x00,
    0xf8, 0xfc, 0xf8, 0x00, 0xf8, 0xfc, 0xf8, 0x00, 0xf8, 0xfc, 0xf8, 0x00,
    0xf8, 0xfc, 0xf8, 0x00, 0xf8, 0xfc, 0xf8, 0x00, 0xf8, 0xfc, 0xf8, 0x00,
    0xf8, 0xfc, 0xf8, 0x00, 0xf8, 0xfc, 0xf8, 0x00, 0xf8, 0xfc, 0xf8, 0x00,
    0xf8, 0xfc, 0xf8, 0x00, 0xf8, 0xfc, 0xf8, 0x00, 0xf8, 0xfc, 0xf8, 0x00,
    0xf8, 0xfc, 0xf8, 0x00, 0xf8, 0xfc, 0xf8, 0x00, 0xf8, 0xfc, 0xf8, 0x00,
    0xf8, 0xfc, 0xf8, 0x00, 0xf8, 0xfc, 0xf8, 0x00, 0xf8, 0xfc, 0xf8, 0x00,
    0xf8, 0xfc, 0xf8, 0x00, 0xf8, 0xfc, 0xf8, 0x00, 0xf8, 0xfc, 0xf8, 0x00,
    0xf8, 0xfc, 0xf8, 0x00, 0xf8, 0xfc, 0xf8, 0x00, 0xf8, 0xfc, 0xf8, 0x00,
    0xf8, 0xfc, 0xf8, 0x00, 0xf8, 0xfc, 0xf8, 0x00, 0xf8, 0xfc, 0xf8, 0x00,
    0xf8, 0xfc, 0xf8, 0x00, 0xf8, 0xfc, 0xf8, 0x00, 0xf8, 0xfc, 0xf8, 0x00,
    0xf8, 0xfc, 0xf8, 0x00, 0xf8, 0xfc, 0xf8, 0x00, 0xf8, 0xfc, 0xf8, 0x00,
    0xf8, 0xfc, 0xf8, 0x00, 0xf8, 0xfc, 0xf8, 0x00, 0xf8, 0xfc, 0xf8, 0x00,
    0xf8, 0xfc, 0xf8, 0x00, 0xf8, 0xfc, 0xf8, 0x00, 0xf8, 0xfc, 0xf8, 0x00,
    0xf8, 0xfc, 0xf8, 0x00, 0xf8, 0xfc, 0xf8, 0x00, 0xf8, 0xfc, 0xf8, 0x00,
    0xf8, 0xfc, 0xf8, 0x00, 0xf8, 0xfc, 0xf8, 0x00, 0xf8, 0xfc, 0xf8, 0x00,
    0xf8, 0xfc, 0xf8, 0x00, 0xf8, 0xfc, 0xf8, 0x00, 0xf8, 0xfc, 0xf8, 0x00,
    0xf8, 0xfc, 0xf8, 0x00, 0xf8, 0xfc, 0xf8, 0x00, 0xf8, 0xfc, 0xf8, 0x00,
    0xf8, 0xfc, 0xf8, 0x00, 0xf8, 0xfc, 0xf8, 0x00, 0xf8, 0xfc, 0xf8, 0x00,
    0xf8, 0xfc, 0xf8, 0x00, 0xf8, 0xfc, 0xf8, 0x00, 0xf8, 0xfc, 0xf8, 0x00,
    0xf8, 0xfc, 0xf8, 0x00, 0xf8, 0xfc, 0xf8, 0x00, 0xf8, 0xfc, 0xf8, 0x00,
    0xf8, 0xfc, 0xf8, 0x00, 0xf8, 0xfc, 0xf8, 0x00, 0xf8, 0xfc, 0xf8, 0x00,
    0xf8, 0xfc, 0xf8, 0x00, 0xf8, 0xfc, 0xf8, 0x00, 0xf8, 0xfc, 0xf8, 0x00
};
