// 4.26.1 0xb6f123d4 D2 AY R0 FARGB8888 U565 N0 SExtFlashSection
// Generated by imageconverter. Please, do not edit!

#include <touchgfx/hal/Config.hpp>

LOCATION_PRAGMA_32("ExtFlashSection")
KEEP extern const unsigned char image_security_small_bg[] LOCATION_ATTRIBUTE_32("ExtFlashSection") = { // 451x64 ARGB8888 pixels.
    0xf8, 0xfc, 0xf8, 0x00, 0xf8, 0xfc, 0xf8, 0x00, 0xf8, 0xfc, 0xf8, 0x00,
    0xf8, 0xfc, 0xf8, 0x00, 0xf8, 0xfc, 0xf8, 0x00, 0xf8, 0xfc, 0xf8, 0x00,
    0xf8, 0xfc, 0xf8, 0x00, 0xf8, 0xfc, 0xf8, 0x00, 0xf8, 0xfc, 0xf8, 0x00,
    0xf8, 0xfc, 0xf8, 0x00, 0xf8, 0xfc, 0xf8, 0x00, 0xf8, 0xfc, 0xf8, 0x00,
    0xf8, 0xfc, 0xf8, 0x00, 0xf8, 0xfc, 0xf8, 0x00, 0xf8, 0xfc, 0xf8, 0x00,
    0xf8, 0xfc, 0xf8, 0x00, 0xf8, 0xfc, 0xf8, 0x00, 0xf8, 0xfc, 0xf8, 0x00,
    0xf8, 0xfc, 0xf8, 0x00, 0xf8, 0xfc, 0xf8, 0x00, 0xf8, 0xfc, 0xf8, 0x00,
    0xf8, 0xfc, 0xf8, 0x00, 0xf8, 0xfc, 0xf8, 0x00, 0xf8, 0xfc, 0xf8, 0x00,
    0xf8, 0xfc, 0xf8, 0x00, 0xf8, 0xfc, 0xf8, 0x00, 0xf8, 0xfc, 0xf8, 0x00,
    0xf8, 0xfc, 0xf8, 0x00, 0xf8, 0xfc, 0xf8, 0x00, 0xf8, 0xfc, 0xf8, 0x00,
    0xf8, 0xfc, 0xf8, 0x00, 0xf8, 0xfc, 0xf8, 0x00, 0xf8, 0xfc, 0xf8, 0x00,
    0xf8, 0xfc, 0xf8, 0x00, 0xf8, 0xfc, 0xf8, 0x00, 0xf8, 0xfc, 0xf8, 0x00,
    0xf8, 0xfc, 0xf8, 0x00, 0xf8, 0xfc, 0xf8, 0x00, 0xf8, 0xfc, 0xf8, 0x00,
    0xf8, 0xfc, 0xf8, 0x00, 0xf8, 0xfc, 0xf8, 0x00, 0xf8, 0xfc, 0xf8, 0x00,
    0xf8, 0xfc, 0xf8, 0x00, 0xf8, 0xfc, 0xf8, 0x00, 0xf8, 0xfc, 0xf8, 0x00,
    0xf8, 0xfc, 0xf8, 0x00, 0xf8, 0xfc, 0xf8, 0x00, 0xf8, 0xfc, 0xf8, 0x00,
    0xf8, 0xfc, 0xf8, 0x00, 0xf8, 0xfc, 0xf8, 0x00, 0xf8, 0xfc, 0xf8, 0x00,
    0xf8, 0xfc, 0xf8, 0x00, 0xf8, 0xfc, 0xf8, 0x00, 0xf8, 0xfc, 0xf8, 0x00,
    0xf8, 0xfc, 0xf8, 0x00, 0xf8, 0xfc, 0xf8, 0x00, 0xf8, 0xfc, 0xf8, 0x00,
    0xf8, 0xfc, 0xf8, 0x00, 0xf8, 0xfc, 0xf8, 0x00, 0xf8, 0xfc, 0xf8, 0x00,
    0xf8, 0xfc, 0xf8, 0x00, 0xf8, 0xfc, 0xf8, 0x00, 0xf8, 0xfc, 0xf8, 0x00,
    0xf8, 0xfc, 0xf8, 0x00, 0xf8, 0xfc, 0xf8, 0x00, 0xf8, 0xfc, 0xf8, 0x00,
    0xf8, 0xfc, 0xf8, 0x00, 0xf8, 0xfc, 0xf8, 0x00, 0xf8, 0xfc, 0xf8, 0x00,
    0xf8, 0xfc, 0xf8, 0x00, 0xf8, 0xfc, 0xf8, 0x00, 0xf8, 0xfc, 0xf8, 0x00,
    0xf8, 0xfc, 0xf8, 0x00, 0xf8, 0xfc, 0xf8, 0x00, 0xf8, 0xfc, 0xf8, 0x00,
    0xf8, 0xfc, 0xf8, 0x00, 0xf8, 0xfc, 0xf8, 0x00, 0xf8, 0xfc, 0xf8, 0x00,
    0xf8, 0xfc, 0xf8, 0x00, 0xf8, 0xfc, 0xf8, 0x00, 0xf8, 0xfc, 0xf8, 0x00,
    0xf8, 0xfc, 0xf8, 0x00, 0xf8, 0xfc, 0xf8, 0x00, 0xf8, 0xfc, 0xf8, 0x00,
    0xf8, 0xfc, 0xf8, 0x00, 0xf8, 0xfc, 0xf8, 0x00, 0xf8, 0xfc, 0xf8, 0x00,
    0xf8, 0xfc, 0xf8, 0x00, 0xf8, 0xfc, 0xf8, 0x00, 0xf8, 0xfc, 0xf8, 0x00,
    0xf8, 0xfc, 0xf8, 0x00, 0xf8, 0xfc, 0xf8, 0x00, 0xf8, 0xfc, 0xf8, 0x00,
    0xf8, 0xfc, 0xf8, 0x00, 0xf8, 0xfc, 0xf8, 0x00, 0xf8, 0xfc, 0xf8, 0x00,
    0xf8, 0xfc, 0xf8, 0x00, 0xf8, 0xfc, 0xf8, 0x00, 0xf8, 0xfc, 0xf8, 0x00,
    0xf8, 0xfc, 0xf8, 0x00, 0xf8, 0xfc, 0xf8, 0x00, 0xf8, 0xfc, 0xf8, 0x00,
    0xf8, 0xfc, 0xf8, 0x00, 0xf8, 0xfc, 0xf8, 0x00, 0xf8, 0xfc, 0xf8, 0x00,
    0xf8, 0xfc, 0xf8, 0x00, 0xf8, 0xfc, 0xf8, 0x00, 0xf8, 0xfc, 0xf8, 0x00,
    0xf8, 0xfc, 0xf8, 0x00, 0xf8, 0xfc, 0xf8, 0x00, 0xf8, 0xfc, 0xf8, 0x00,
    0xf8, 0xfc, 0xf8, 0x00, 0xf8, 0xfc, 0xf8, 0x00, 0xf8, 0xfc, 0xf8, 0x00,
    0xf8, 0xfc, 0xf8, 0x00, 0xf8, 0xfc, 0xf8, 0x00, 0xf8, 0xfc, 0xf8, 0x00,
    0xf8, 0xfc, 0xf8, 0x00, 0xf8, 0xfc, 0xf8, 0x00, 0xf8, 0xfc, 0xf8, 0x00,
    0xf8, 0xfc, 0xf8, 0x00, 0xf8, 0xfc, 0xf8, 0x00, 0xf8, 0xfc, 0xf8, 0x00,
    0xf8, 0xfc, 0xf8, 0x00, 0xf8, 0xfc, 0xf8, 0x00, 0xf8, 0xfc, 0xf8, 0x00,
    0xf8, 0xfc, 0xf8, 0x00, 0xf8, 0xfc, 0xf8, 0x00, 0xf8, 0xfc, 0xf8, 0x00,
    0xf8, 0xfc, 0xf8, 0x00, 0xf8, 0xfc, 0xf8, 0x00, 0xf8, 0xfc, 0xf8, 0x00,
    0xf8, 0xfc, 0xf8, 0x00, 0xf8, 0xfc, 0xf8, 0x00, 0xf8, 0xfc, 0xf8, 0x00,
    0xf8, 0xfc, 0xf8, 0x00, 0xf8, 0xfc, 0xf8, 0x00, 0xf8, 0xfc, 0xf8, 0x00,
    0xf8, 0xfc, 0xf8, 0x00, 0xf8, 0xfc, 0xf8, 0x00, 0xf8, 0xfc, 0xf8, 0x00,
    0xf8, 0xfc, 0xf8, 0x00, 0xf8, 0xfc, 0xf8, 0x00, 0xf8, 0xfc, 0xf8, 0x00,
    0xf8, 0xfc, 0xf8, 0x00, 0xf8, 0xfc, 0xf8, 0x00, 0xf8, 0xfc, 0xf8, 0x00,
    0xf8, 0xfc, 0xf8, 0x00, 0xf8, 0xfc, 0xf8, 0x00, 0xf8, 0xfc, 0xf8, 0x00,
    0xf8, 0xfc, 0xf8, 0x00, 0xf8, 0xfc, 0xf8, 0x00, 0xf8, 0xfc, 0xf8, 0x00,
    0xf8, 0xfc, 0xf8, 0x00, 0xf8, 0xfc, 0xf8, 0x00, 0xf8, 0xfc, 0xf8, 0x00,
    0xf8, 0xfc, 0xf8, 0x00, 0xf8, 0xfc, 0xf8, 0x00, 0xf8, 0xfc, 0xf8, 0x00,
    0xf8, 0xfc, 0xf8, 0x00, 0xf8, 0xfc, 0xf8, 0x00, 0xf8, 0xfc, 0xf8, 0x00,
    0xf8, 0xfc, 0xf8, 0x00, 0xf8, 0xfc, 0xf8, 0x00, 0xf8, 0xfc, 0xf8, 0x00,
    0xf8, 0xfc, 0xf8, 0x00, 0xf8, 0xfc, 0xf8, 0x00, 0xf8, 0xfc, 0xf8, 0x00,
    0xf8, 0xfc, 0xf8, 0x00, 0xf8, 0xfc, 0xf8, 0x00, 0xf8, 0xfc, 0xf8, 0x00,
    0xf8, 0xfc, 0xf8, 0x00, 0xf8, 0xfc, 0xf8, 0x00, 0xf8, 0xfc, 0xf8, 0x00,
    0xf8, 0xfc, 0xf8, 0x00, 0xf8, 0xfc, 0xf8, 0x00, 0xf8, 0xfc, 0xf8, 0x00,
    0xf8, 0xfc, 0xf8, 0x00, 0xf8, 0xfc, 0xf8, 0x00, 0xf8, 0xfc, 0xf8, 0x00,
    0xf8, 0xfc, 0xf8, 0x00, 0xf8, 0xfc, 0xf8, 0x00, 0xf8, 0xfc, 0xf8, 0x00,
    0xf8, 0xfc, 0xf8, 0x00, 0xf8, 0xfc, 0xf8, 0x00, 0xf8, 0xfc, 0xf8, 0x00,
    0xf8, 0xfc, 0xf8, 0x00, 0xf8, 0xfc, 0xf8, 0x00, 0xf8, 0xfc, 0xf8, 0x00,
    0xf8, 0xfc, 0xf8, 0x00, 0xf8, 0xfc, 0xf8, 0x00, 0xf8, 0xfc, 0xf8, 0x00,
    0xf8, 0xfc, 0xf8, 0x00, 0xf8, 0xfc, 0xf8, 0x00, 0xf8, 0xfc, 0xf8, 0x00,
    0xf8, 0xfc, 0xf8, 0x00, 0xf8, 0xfc, 0xf8, 0x00, 0xf8, 0xfc, 0xf8, 0x00,
    0xf8, 0xfc, 0xf8, 0x00, 0xf8, 0xfc, 0xf8, 0x00, 0xf8, 0xfc, 0xf8, 0x00,
    0xf8, 0xfc, 0xf8, 0x00, 0xf8, 0xfc, 0xf8, 0x00, 0xf8, 0xfc, 0xf8, 0x00,
    0xf8, 0xfc, 0xf8, 0x00, 0xf8, 0xfc, 0xf8, 0x00, 0xf8, 0xfc, 0xf8, 0x00,
    0xf8, 0xfc, 0xf8, 0x00, 0xf8, 0xfc, 0xf8, 0x00, 0xf8, 0xfc, 0xf8, 0x00,
    0xf8, 0xfc, 0xf8, 0x00, 0xf8, 0xfc, 0xf8, 0x00, 0xf8, 0xfc, 0xf8, 0x00,
    0xf8, 0xfc, 0xf8, 0x00, 0xf8, 0xfc, 0xf8, 0x00, 0xf8, 0xfc, 0xf8, 0x00,
    0xf8, 0xfc, 0xf8, 0x00, 0xf8, 0xfc, 0xf8, 0x00, 0xf8, 0xfc, 0xf8, 0x00,
    0xf8, 0xfc, 0xf8, 0x00, 0xf8, 0xfc, 0xf8, 0x00, 0xf8, 0xfc, 0xf8, 0x00,
    0xf8, 0xfc, 0xf8, 0x00, 0xf8, 0xfc, 0xf8, 0x00, 0xf8, 0xfc, 0xf8, 0x00,
    0xf8, 0xfc, 0xf8, 0x00, 0xf8, 0xfc, 0xf8, 0x00, 0xf8, 0xfc, 0xf8, 0x00,
    0xf8, 0xfc, 0xf8, 0x00, 0xf8, 0xfc, 0xf8, 0x00, 0xf8, 0xfc, 0xf8, 0x00,
    0xf8, 0xfc, 0xf8, 0x00, 0xf8, 0xfc, 0xf8, 0x00, 0xf8, 0xfc, 0xf8, 0x00,
    0xf8, 0xfc, 0xf8, 0x00, 0xf8, 0xfc, 0xf8, 0x00, 0xf8, 0xfc, 0xf8, 0x00,
    0xf8, 0xfc, 0xf8, 0x00, 0xf8, 0xfc, 0xf8, 0x00, 0xf8, 0xfc, 0xf8, 0x00,
    0xf8, 0xfc, 0xf8, 0x00, 0xf8, 0xfc, 0xf8, 0x00, 0xf8, 0xfc, 0xf8, 0x00,
    0xf8, 0xfc, 0xf8, 0x00, 0xf8, 0xfc, 0xf8, 0x00, 0xf8, 0xfc, 0xf8, 0x00,
    0xf8, 0xfc, 0xf8, 0x00, 0xf8, 0xfc, 0xf8, 0x00, 0xf8, 0xfc, 0xf8, 0x00,
    0xf8, 0xfc, 0xf8, 0x00, 0xf8, 0xfc, 0xf8, 0x00, 0xf8, 0xfc, 0xf8, 0x00,
    0xf8, 0xfc, 0xf8, 0x00, 0xf8, 0xfc, 0xf8, 0x00, 0xf8, 0xfc, 0xf8, 0x00,
    0xf8, 0xfc, 0xf8, 0x00, 0xf8, 0xfc, 0xf8, 0x00, 0xf8, 0xfc, 0xf8, 0x00,
    0xf8, 0xfc, 0xf8, 0x00, 0xf8, 0xfc, 0xf8, 0x00, 0xf8, 0xfc, 0xf8, 0x00,
    0xf8, 0xfc, 0xf8, 0x00, 0xf8, 0xfc, 0xf8, 0x00, 0xf8, 0xfc, 0xf8, 0x00,
    0xf8, 0xfc, 0xf8, 0x00, 0xf8, 0xfc, 0xf8, 0x00, 0xf8, 0xfc, 0xf8, 0x00,
    0xf8, 0xfc, 0xf8, 0x00, 0xf8, 0xfc, 0xf8, 0x00, 0xf8, 0xfc, 0xf8, 0x00,
    0xf8, 0xfc, 0xf8, 0x00, 0xf8, 0xfc, 0xf8, 0x00, 0xf8, 0xfc, 0xf8, 0x00,
    0xf8, 0xfc, 0xf8, 0x00, 0xf8, 0xfc, 0xf8, 0x00, 0xf8, 0xfc, 0xf8, 0x00,
    0xf8, 0xfc, 0xf8, 0x00, 0xf8, 0xfc, 0xf8, 0x00, 0xf8, 0xfc, 0xf8, 0x00,
    0xf8, 0xfc, 0xf8, 0x00, 0xf8, 0xfc, 0xf8, 0x00, 0xf8, 0xfc, 0xf8, 0x00,
    0xf8, 0xfc, 0xf8, 0x00, 0xf8, 0xfc, 0xf8, 0x00, 0xf8, 0xfc, 0xf8, 0x00,
    0xf8, 0xfc, 0xf8, 0x00, 0xf8, 0xfc, 0xf8, 0x00, 0xf8, 0xfc, 0xf8, 0x00,
    0xf8, 0xfc, 0xf8, 0x00, 0xf8, 0xfc, 0xf8, 0x00, 0xf8, 0xfc, 0xf8, 0x00,
    0xf8, 0xfc, 0xf8, 0x00, 0xf8, 0xfc, 0xf8, 0x00, 0xf8, 0xfc, 0xf8, 0x00,
    0xf8, 0xfc, 0xf8, 0x00, 0xf8, 0xfc, 0xf8, 0x00, 0xf8, 0xfc, 0xf8, 0x00,
    0xf8, 0xfc, 0xf8, 0x00, 0xf8, 0xfc, 0xf8, 0x00, 0xf8, 0xfc, 0xf8, 0x00,
    0xf8, 0xfc, 0xf8, 0x00, 0xf8, 0xfc, 0xf8, 0x00, 0xf8, 0xfc, 0xf8, 0x00,
    0xf8, 0xfc, 0xf8, 0x00, 0xf8, 0xfc, 0xf8, 0x00, 0xf8, 0xfc, 0xf8, 0x00,
    0xf8, 0xfc, 0xf8, 0x00, 0xf8, 0xfc, 0xf8, 0x00, 0xf8, 0xfc, 0xf8, 0x00,
    0xf8, 0xfc, 0xf8, 0x00, 0xf8, 0xfc, 0xf8, 0x00, 0xf8, 0xfc, 0xf8, 0x00,
    0xf8, 0xfc, 0xf8, 0x00, 0xf8, 0xfc, 0xf8, 0x00, 0xf8, 0xfc, 0xf8, 0x00,
    0xf8, 0xfc, 0xf8, 0x00, 0xf8, 0xfc, 0xf8, 0x00, 0xf8, 0xfc, 0xf8, 0x00,
    0xf8, 0xfc, 0xf8, 0x00, 0xf8, 0xfc, 0xf8, 0x00, 0xf8, 0xfc, 0xf8, 0x00,
    0xf8, 0xfc, 0xf8, 0x00, 0xf8, 0xfc, 0xf8, 0x00, 0xf8, 0xfc, 0xf8, 0x00,
    0xf8, 0xfc, 0xf8, 0x00, 0xf8, 0xfc, 0xf8, 0x00, 0xf8, 0xfc, 0xf8, 0x00,
    0xf8, 0xfc, 0xf8, 0x00, 0xf8, 0xfc, 0xf8, 0x00, 0xf8, 0xfc, 0xf8, 0x00,
    0xf8, 0xfc, 0xf8, 0x00, 0xf8, 0xfc, 0xf8, 0x00, 0xf8, 0xfc, 0xf8, 0x00,
    0xf8, 0xfc, 0xf8, 0x00, 0xf8, 0xfc, 0xf8, 0x00, 0xf8, 0xfc, 0xf8, 0x00,
    0xf8, 0xfc, 0xf8, 0x00, 0xf8, 0xfc, 0xf8, 0x00, 0xf8, 0xfc, 0xf8, 0x00,
    0xf8, 0xfc, 0xf8, 0x00, 0xf8, 0xfc, 0xf8, 0x00, 0xf8, 0xfc, 0xf8, 0x00,
    0xf8, 0xfc, 0xf8, 0x00, 0xf8, 0xfc, 0xf8, 0x00, 0xf8, 0xfc, 0xf8, 0x00,
    0xf8, 0xfc, 0xf8, 0x00, 0xf8, 0xfc, 0xf8, 0x00, 0xf8, 0xfc, 0xf8, 0x00,
    0xf8, 0xfc, 0xf8, 0x00, 0xf8, 0xfc, 0xf8, 0x00, 0xf8, 0xfc, 0xf8, 0x00,
    0xf8, 0xfc, 0xf8, 0x00, 0xf8, 0xfc, 0xf8, 0x00, 0xf8, 0xfc, 0xf8, 0x00,
    0xf8, 0xfc, 0xf8, 0x00, 0xf8, 0xfc, 0xf8, 0x00, 0xf8, 0xfc, 0xf8, 0x00,
    0xf8, 0xfc, 0xf8, 0x00, 0xf8, 0xfc, 0xf8, 0x00, 0xf8, 0xfc, 0xf8, 0x00,
    0xf8, 0xfc, 0xf8, 0x00, 0xf8, 0xfc, 0xf8, 0x00, 0xf8, 0xfc, 0xf8, 0x00,
    0xf8, 0xfc, 0xf8, 0x00, 0xf8, 0xfc, 0xf8, 0x00, 0xf8, 0xfc, 0xf8, 0x00,
    0xf8, 0xfc, 0xf8, 0x00, 0xf8, 0xfc, 0xf8, 0x00, 0xf8, 0xfc, 0xf8, 0x00,
    0xf8, 0xfc, 0xf8, 0x00, 0xf8, 0xfc, 0xf8, 0x00, 0xf8, 0xfc, 0xf8, 0x00,
    0xf8, 0xfc, 0xf8, 0x00, 0xf8, 0xfc, 0xf8, 0x00, 0xf8, 0xfc, 0xf8, 0x00,
    0xf8, 0xfc, 0xf8, 0x00, 0xf8, 0xfc, 0xf8, 0x00, 0xf8, 0xfc, 0xf8, 0x00,
    0xf8, 0xfc, 0xf8, 0x00, 0xf8, 0xfc, 0xf8, 0x00, 0xf8, 0xfc, 0xf8, 0x00,
    0xf8, 0xfc, 0xf8, 0x00, 0xf8, 0xfc, 0xf8, 0x00, 0xf8, 0xfc, 0xf8, 0x00,
    0xf8, 0xfc, 0xf8, 0x00, 0xf8, 0xfc, 0xf8, 0x00, 0xf8, 0xfc, 0xf8, 0x00,
    0xf8, 0xfc, 0xf8, 0x00, 0xf8, 0xfc, 0xf8, 0x00, 0xf8, 0xfc, 0xf8, 0x00,
    0xf8, 0xfc, 0xf8, 0x00, 0xf8, 0xfc, 0xf8, 0x00, 0xf8, 0xfc, 0xf8, 0x00,
    0xf8, 0xfc, 0xf8, 0x00, 0xf8, 0xfc, 0xf8, 0x00, 0xf8, 0xfc, 0xf8, 0x00,
    0xf8, 0xfc, 0xf8, 0x00, 0xf8, 0xfc, 0xf8, 0x00, 0xf8, 0xfc, 0xf8, 0x00,
    0xf8, 0xfc, 0xf8, 0x00, 0xf8, 0xfc, 0xf8, 0x00, 0xf8, 0xfc, 0xf8, 0x00,
    0xf8, 0xfc, 0xf8, 0x00, 0xf8, 0xfc, 0xf8, 0x00, 0xf8, 0xfc, 0xf8, 0x00,
    0xf8, 0xfc, 0xf8, 0x00, 0xf8, 0xfc, 0xf8, 0x00, 0xf8, 0xfc, 0xf8, 0x00,
    0xf8, 0xfc, 0xf8, 0x00, 0xf8, 0xfc, 0xf8, 0x00, 0xf8, 0xfc, 0xf8, 0x00,
    0xf8, 0xfc, 0xf8, 0x00, 0xf8, 0xfc, 0xf8, 0x00, 0xf8, 0xfc, 0xf8, 0x00,
    0xf8, 0xfc, 0xf8, 0x00, 0xf8, 0xfc, 0xf8, 0x00, 0xf8, 0xfc, 0xf8, 0x00,
    0xf8, 0xfc, 0xf8, 0x00, 0xf8, 0xfc, 0xf8, 0x00, 0xf8, 0xfc, 0xf8, 0x00,
    0xf8, 0xfc, 0xf8, 0x00, 0xf8, 0xfc, 0xf8, 0x00, 0xf8, 0xfc, 0xf8, 0x00,
    0xf8, 0xfc, 0xf8, 0x00, 0xf8, 0xfc, 0xf8, 0x00, 0xf8, 0xfc, 0xf8, 0x00,
    0xf8, 0xfc, 0xf8, 0x00, 0xf8, 0xfc, 0xf8, 0x00, 0xf8, 0xfc, 0xf8, 0x00,
    0xf8, 0xfc, 0xf8, 0x00, 0xf8, 0xfc, 0xf8, 0x00, 0xf8, 0xfc, 0xf8, 0x00,
    0xf8, 0xfc, 0xf8, 0x00, 0xf8, 0xfc, 0xf8, 0x00, 0xf8, 0xfc, 0xf8, 0x00,
    0xf8, 0xfc, 0xf8, 0x00, 0xf8, 0xfc, 0xf8, 0x00, 0xf8, 0xfc, 0xf8, 0x00,
    0xf8, 0xfc, 0xf8, 0x00, 0xf8, 0xfc, 0xf8, 0x00, 0xf8, 0xfc, 0xf8, 0x00,
    0xf8, 0xfc, 0xf8, 0x00, 0xf8, 0xfc, 0xf8, 0x00, 0xf8, 0xfc, 0xf8, 0x00,
    0xf8, 0xfc, 0xf8, 0x00, 0xf8, 0xfc, 0xf8, 0x00, 0xf8, 0xfc, 0xf8, 0x00,
    0xf8, 0xfc, 0xf8, 0x00, 0xf8, 0xfc, 0xf8, 0x00, 0xf8, 0xfc, 0xf8, 0x00,
    0xf8, 0xfc, 0xf8, 0x00, 0xf8, 0xfc, 0xf8, 0x00, 0xf8, 0xfc, 0xf8, 0x00,
    0xf8, 0xfc, 0xf8, 0x00, 0xf8, 0xfc, 0xf8, 0x00, 0xf8, 0xfc, 0xf8, 0x00,
    0xf8, 0xfc, 0xf8, 0x00, 0xf8, 0xfc, 0xf8, 0x00, 0xf8, 0xfc, 0xf8, 0x00,
    0xf8, 0xfc, 0xf8, 0x00, 0x98, 0x94, 0x90, 0x7d, 0x80, 0x7c, 0x80, 0x9e,
    0x68, 0x6c, 0x68, 0xcf, 0x68, 0x6c, 0x68, 0xcf, 0x70, 0x6c, 0x68, 0xcf,
    0x68, 0x6c, 0x68, 0xcf, 0x68, 0x6c, 0x68, 0xcf, 0x70, 0x6c, 0x68, 0xcf,
    0x68, 0x6c, 0x68, 0xcf, 0x68, 0x6c, 0x68, 0xcf, 0x70, 0x6c, 0x68, 0xcf,
    0x68, 0x6c, 0x68, 0xcf, 0x68, 0x6c, 0x68, 0xcf, 0x68, 0x6c, 0x68, 0xcf,
    0x68, 0x6c, 0x68, 0xcf, 0x68, 0x6c, 0x68, 0xcf, 0x68, 0x6c, 0x68, 0xcf,
    0x68, 0x6c, 0x68, 0xcf, 0x68, 0x6c, 0x68, 0xcf, 0x68, 0x6c, 0x68, 0xcf,
    0x68, 0x6c, 0x68, 0xcf, 0x68, 0x6c, 0x68, 0xcf, 0x68, 0x68, 0x68, 0xcf,
    0x68, 0x68, 0x68, 0xcf, 0x68, 0x68, 0x68, 0xcf, 0x68, 0x6c, 0x68, 0xcf,
    0x68, 0x68, 0x68, 0xcf, 0x68, 0x68, 0x68, 0xcf, 0x68, 0x6c, 0x68, 0xcf,
    0x68, 0x68, 0x68, 0xcf, 0x68, 0x68, 0x68, 0xcf, 0x68, 0x6c, 0x68, 0xcf,
    0x68, 0x68, 0x68, 0xcf, 0x68, 0x68, 0x68, 0xcf, 0x68, 0x68, 0x68, 0xcf,
    0x68, 0x68, 0x68, 0xcf, 0x68, 0x68, 0x68, 0xcf, 0x68, 0x68, 0x68, 0xcf,
    0x68, 0x68, 0x68, 0xcf, 0x68, 0x68, 0x68, 0xcf, 0x68, 0x68, 0x68, 0xcf,
    0x68, 0x68, 0x68, 0xcf, 0x68, 0x68, 0x68, 0xcf, 0x68, 0x68, 0x68, 0xcf,
    0x68, 0x68, 0x68, 0xcf, 0x68, 0x68, 0x68, 0xcf, 0x68, 0x68, 0x68, 0xcf,
    0x68, 0x68, 0x68, 0xcf, 0x68, 0x68, 0x68, 0xcf, 0x68, 0x68, 0x68, 0xcf,
    0x68, 0x68, 0x68, 0xcf, 0x68, 0x68, 0x68, 0xcf, 0x68, 0x68, 0x68, 0xcf,
    0x68, 0x68, 0x68, 0xcf, 0x68, 0x68, 0x68, 0xcf, 0x68, 0x68, 0x68, 0xcf,
    0x68, 0x68, 0x68, 0xcf, 0x68, 0x68, 0x68, 0xcf, 0x68, 0x68, 0x68, 0xcf,
    0x68, 0x68, 0x68, 0xcf, 0x68, 0x68, 0x68, 0xcf, 0x68, 0x68, 0x68, 0xcf,
    0x68, 0x68, 0x68, 0xcf, 0x68, 0x68, 0x68, 0xcf, 0x68, 0x68, 0x68, 0xcf,
    0x68, 0x68, 0x68, 0xcf, 0x68, 0x68, 0x68, 0xcf, 0x68, 0x68, 0x68, 0xcf,
    0x68, 0x68, 0x68, 0xcf, 0x68, 0x68, 0x68, 0xcf, 0x68, 0x68, 0x68, 0xcf,
    0x68, 0x68, 0x68, 0xcf, 0x68, 0x68, 0x68, 0xcf, 0x68, 0x68, 0x68, 0xcf,
    0x68, 0x68, 0x68, 0xcf, 0x68, 0x68, 0x68, 0xcf, 0x68, 0x68, 0x68, 0xcf,
    0x68, 0x68, 0x68, 0xcf, 0x68, 0x68, 0x68, 0xcf, 0x68, 0x68, 0x68, 0xcf,
    0x68, 0x68, 0x68, 0xcf, 0x68, 0x64, 0x60, 0xcf, 0x68, 0x64, 0x68, 0xcf,
    0x68, 0x64, 0x68, 0xcf, 0x68, 0x68, 0x60, 0xcf, 0x68, 0x64, 0x68, 0xcf,
    0x68, 0x64, 0x68, 0xcf, 0x68, 0x68, 0x60, 0xcf, 0x68, 0x64, 0x68, 0xcf,
    0x68, 0x64, 0x68, 0xcf, 0x68, 0x68, 0x60, 0xcf, 0x68, 0x64, 0x68, 0xcf,
    0x68, 0x64, 0x68, 0xcf, 0x68, 0x68, 0x60, 0xcf, 0x68, 0x64, 0x68, 0xcf,
    0x68, 0x64, 0x68, 0xcf, 0x68, 0x68, 0x60, 0xcf, 0x68, 0x64, 0x68, 0xcf,
    0x68, 0x64, 0x68, 0xcf, 0x68, 0x68, 0x60, 0xcf, 0x68, 0x64, 0x68, 0xcf,
    0x68, 0x64, 0x68, 0xcf, 0x68, 0x68, 0x60, 0xcf, 0x68, 0x64, 0x68, 0xcf,
    0x68, 0x64, 0x68, 0xcf, 0x68, 0x64, 0x60, 0xcf, 0x68, 0x64, 0x60, 0xcf,
    0x68, 0x64, 0x68, 0xcf, 0x68, 0x64, 0x60, 0xcf, 0x68, 0x64, 0x60, 0xcf,
    0x68, 0x64, 0x68, 0xcf, 0x68, 0x64, 0x60, 0xcf, 0x68, 0x64, 0x60, 0xcf,
    0x68, 0x64, 0x68, 0xcf, 0x68, 0x64, 0x60, 0xcf, 0x68, 0x64, 0x60, 0xcf,
    0x68, 0x64, 0x68, 0xcf, 0x68, 0x64, 0x60, 0xcf, 0x68, 0x64, 0x60, 0xcf,
    0x68, 0x64, 0x60, 0xcf, 0x68, 0x64, 0x60, 0xcf, 0x68, 0x64, 0x60, 0xcf,
    0x68, 0x64, 0x60, 0xcf, 0x68, 0x64, 0x60, 0xcf, 0x68, 0x64, 0x60, 0xcf,
    0x68, 0x64, 0x60, 0xcf, 0x68, 0x64, 0x60, 0xcf, 0x68, 0x64, 0x60, 0xcf,
    0x68, 0x64, 0x60, 0xcf, 0x68, 0x64, 0x60, 0xcf, 0x60, 0x64, 0x60, 0xcf,
    0x68, 0x64, 0x60, 0xcf, 0x68, 0x64, 0x60, 0xcf, 0x60, 0x64, 0x60, 0xcf,
    0x68, 0x64, 0x60, 0xcf, 0x68, 0x64, 0x60, 0xcf, 0x60, 0x64, 0x60, 0xcf,
    0x68, 0x64, 0x60, 0xcf, 0x68, 0x64, 0x60, 0xcf, 0x60, 0x64, 0x60, 0xcf,
    0x68, 0x64, 0x60, 0xcf, 0x68, 0x64, 0x60, 0xcf, 0x60, 0x64, 0x60, 0xcf,
    0x68, 0x64, 0x60, 0xcf, 0x60, 0x64, 0x60, 0xcf, 0x60, 0x64, 0x60, 0xcf,
    0x68, 0x64, 0x60, 0xcf, 0x60, 0x64, 0x60, 0xcf, 0x60, 0x64, 0x60, 0xcf,
    0x68, 0x64, 0x60, 0xcf, 0x60, 0x64, 0x60, 0xcf, 0x60, 0x64, 0x60, 0xcf,
    0x68, 0x64, 0x60, 0xcf, 0x60, 0x64, 0x60, 0xcf, 0x60, 0x64, 0x60, 0xcf,
    0x68, 0x64, 0x60, 0xcf, 0x60, 0x64, 0x60, 0xcf, 0x60, 0x60, 0x60, 0xcf,
    0x68, 0x60, 0x60, 0xcf, 0x60, 0x60, 0x60, 0xcf, 0x60, 0x64, 0x60, 0xcf,
    0x68, 0x60, 0x60, 0xcf, 0x60, 0x60, 0x60, 0xcf, 0x60, 0x64, 0x60, 0xcf,
    0x68, 0x60, 0x60, 0xcf, 0x60, 0x60, 0x60, 0xcf, 0x60, 0x64, 0x60, 0xcf,
    0x68, 0x60, 0x60, 0xcf, 0x60, 0x60, 0x60, 0xcf, 0x60, 0x64, 0x60, 0xcf,
    0x68, 0x60, 0x60, 0xcf, 0x60, 0x60, 0x60, 0xcf, 0x60, 0x64, 0x60, 0xcf,
    0x68, 0x60, 0x60, 0xcf, 0x60, 0x60, 0x60, 0xcf, 0x60, 0x64, 0x60, 0xcf,
    0x60, 0x60, 0x60, 0xcf, 0x60, 0x60, 0x60, 0xcf, 0x60, 0x64, 0x60, 0xcf,
    0x60, 0x60, 0x60, 0xcf, 0x60, 0x60, 0x60, 0xcf, 0x60, 0x64, 0x60, 0xcf,
    0x60, 0x60, 0x60, 0xcf, 0x60, 0x60, 0x60, 0xcf, 0x60, 0x60, 0x60, 0xcf,
    0x60, 0x60, 0x60, 0xcf, 0x60, 0x60, 0x60, 0xcf, 0x60, 0x60, 0x60, 0xcf,
    0x60, 0x60, 0x60, 0xcf, 0x60, 0x60, 0x60, 0xcf, 0x60, 0x60, 0x60, 0xcf,
    0x60, 0x60, 0x60, 0xcf, 0x60, 0x60, 0x60, 0xcf, 0x60, 0x60, 0x60, 0xcf,
    0x60, 0x60, 0x60, 0xcf, 0x60, 0x60, 0x60, 0xcf, 0x60, 0x60, 0x60, 0xcf,
    0x60, 0x60, 0x60, 0xcf, 0x60, 0x60, 0x60, 0xcf, 0x60, 0x60, 0x60, 0xcf,
    0x60, 0x60, 0x60, 0xcf, 0x60, 0x60, 0x60, 0xcf, 0x60, 0x60, 0x60, 0xcf,
    0x60, 0x60, 0x60, 0xcf, 0x60, 0x60, 0x60, 0xcf, 0x60, 0x60, 0x60, 0xcf,
    0x60, 0x60, 0x60, 0xcf, 0x60, 0x60, 0x60, 0xcf, 0x60, 0x60, 0x60, 0xcf,
    0x60, 0x60, 0x60, 0xcf, 0x60, 0x60, 0x60, 0xcf, 0x60, 0x60, 0x60, 0xcf,
    0x60, 0x60, 0x60, 0xcf, 0x60, 0x60, 0x60, 0xcf, 0x60, 0x60, 0x60, 0xcf,
    0x60, 0x60, 0x60, 0xcf, 0x60, 0x60, 0x60, 0xcf, 0x60, 0x60, 0x60, 0xcf,
    0x60, 0x60, 0x60, 0xcf, 0x60, 0x60, 0x60, 0xcf, 0x60, 0x60, 0x60, 0xcf,
    0x60, 0x60, 0x60, 0xcf, 0x60, 0x60, 0x60, 0xcf, 0x60, 0x60, 0x60, 0xcf,
    0x60, 0x60, 0x60, 0xcf, 0x60, 0x60, 0x60, 0xcf, 0x60, 0x60, 0x60, 0xcf,
    0x60, 0x60, 0x60, 0xcf, 0x60, 0x60, 0x60, 0xcf, 0x60, 0x60, 0x60, 0xcf,
    0x60, 0x60, 0x60, 0xcf, 0x60, 0x60, 0x60, 0xcf, 0x60, 0x60, 0x60, 0xcf,
    0x60, 0x60, 0x60, 0xcf, 0x60, 0x60, 0x60, 0xcf, 0x60, 0x60, 0x60, 0xcf,
    0x60, 0x60, 0x60, 0xcf, 0x60, 0x60, 0x60, 0xcf, 0x60, 0x60, 0x60, 0xcf,
    0x60, 0x60, 0x60, 0xcf, 0x60, 0x60, 0x60, 0xcf, 0x60, 0x60, 0x60, 0xcf,
    0x60, 0x60, 0x60, 0xcf, 0x60, 0x60, 0x60, 0xcf, 0x60, 0x5c, 0x58, 0xcf,
    0x60, 0x5c, 0x60, 0xcf, 0x60, 0x5c, 0x60, 0xcf, 0x60, 0x60, 0x58, 0xcf,
    0x60, 0x5c, 0x60, 0xcf, 0x60, 0x5c, 0x60, 0xcf, 0x60, 0x60, 0x58, 0xcf,
    0x60, 0x5c, 0x60, 0xcf, 0x60, 0x5c, 0x60, 0xcf, 0x60, 0x60, 0x58, 0xcf,
    0x60, 0x5c, 0x60, 0xcf, 0x60, 0x5c, 0x60, 0xcf, 0x60, 0x60, 0x58, 0xcf,
    0x60, 0x5c, 0x60, 0xcf, 0x60, 0x5c, 0x60, 0xcf, 0x60, 0x60, 0x58, 0xcf,
    0x60, 0x5c, 0x60, 0xcf, 0x60, 0x5c, 0x58, 0xcf, 0x60, 0x5c, 0x58, 0xcf,
    0x60, 0x5c, 0x60, 0xcf, 0x60, 0x5c, 0x58, 0xcf, 0x60, 0x5c, 0x58, 0xcf,
    0x60, 0x5c, 0x60, 0xcf, 0x60, 0x5c, 0x58, 0xcf, 0x60, 0x5c, 0x58, 0xcf,
    0x60, 0x5c, 0x60, 0xcf, 0x60, 0x5c, 0x58, 0xcf, 0x60, 0x5c, 0x58, 0xcf,
    0x60, 0x5c, 0x60, 0xcf, 0x60, 0x5c, 0x58, 0xcf, 0x60, 0x5c, 0x58, 0xcf,
    0x60, 0x5c, 0x60, 0xcf, 0x60, 0x5c, 0x58, 0xcf, 0x60, 0x5c, 0x58, 0xcf,
    0x60, 0x5c, 0x60, 0xcf, 0x60, 0x5c, 0x58, 0xcf, 0x60, 0x5c, 0x58, 0xcf,
    0x60, 0x5c, 0x60, 0xcf, 0x60, 0x5c, 0x58, 0xcf, 0x60, 0x5c, 0x58, 0xcf,
    0x60, 0x5c, 0x60, 0xcf, 0x60, 0x5c, 0x58, 0xcf, 0x60, 0x5c, 0x58, 0xcf,
    0x60, 0x5c, 0x60, 0xcf, 0x60, 0x5c, 0x58, 0xcf, 0x60, 0x5c, 0x58, 0xcf,
    0x60, 0x5c, 0x60, 0xcf, 0x60, 0x5c, 0x58, 0xcf, 0x60, 0x5c, 0x58, 0xcf,
    0x60, 0x5c, 0x60, 0xcf, 0x60, 0x5c, 0x58, 0xcf, 0x60, 0x5c, 0x58, 0xcf,
    0x60, 0x5c, 0x60, 0xcf, 0x60, 0x5c, 0x58, 0xcf, 0x60, 0x5c, 0x58, 0xcf,
    0x60, 0x5c, 0x58, 0xcf, 0x60, 0x5c, 0x58, 0xcf, 0x60, 0x5c, 0x58, 0xcf,
    0x60, 0x5c, 0x58, 0xcf, 0x60, 0x5c, 0x58, 0xcf, 0x60, 0x5c, 0x58, 0xcf,
    0x60, 0x5c, 0x58, 0xcf, 0x60, 0x5c, 0x58, 0xcf, 0x60, 0x5c, 0x58, 0xcf,
    0x60, 0x5c, 0x58, 0xcf, 0x60, 0x5c, 0x58, 0xcf, 0x60, 0x5c, 0x58, 0xcf,
    0x60, 0x5c, 0x58, 0xcf, 0x60, 0x5c, 0x58, 0xcf, 0x60, 0x5c, 0x58, 0xcf,
    0x60, 0x5c, 0x58, 0xcf, 0x60, 0x5c, 0x58, 0xcf, 0x60, 0x5c, 0x58, 0xcf,
    0x60, 0x5c, 0x58, 0xcf, 0x60, 0x5c, 0x58, 0xcf, 0x58, 0x5c, 0x58, 0xcf,
    0x60, 0x5c, 0x58, 0xcf, 0x60, 0x5c, 0x58, 0xcf, 0x58, 0x5c, 0x58, 0xcf,
    0x60, 0x5c, 0x58, 0xcf, 0x60, 0x5c, 0x58, 0xcf, 0x58, 0x5c, 0x58, 0xcf,
    0x60, 0x5c, 0x58, 0xcf, 0x60, 0x5c, 0x58, 0xcf, 0x58, 0x5c, 0x58, 0xcf,
    0x60, 0x5c, 0x58, 0xcf, 0x60, 0x5c, 0x58, 0xcf, 0x58, 0x5c, 0x58, 0xcf,
    0x60, 0x5c, 0x58, 0xcf, 0x60, 0x5c, 0x58, 0xcf, 0x58, 0x5c, 0x58, 0xcf,
    0x60, 0x5c, 0x58, 0xcf, 0x60, 0x5c, 0x58, 0xcf, 0x58, 0x5c, 0x58, 0xcf,
    0x60, 0x5c, 0x58, 0xcf, 0x60, 0x5c, 0x58, 0xcf, 0x58, 0x5c, 0x58, 0xcf,
    0x60, 0x5c, 0x58, 0xcf, 0x60, 0x5c, 0x58, 0xcf, 0x58, 0x5c, 0x58, 0xcf,
    0x60, 0x5c, 0x58, 0xcf, 0x60, 0x5c, 0x58, 0xcf, 0x58, 0x5c, 0x58, 0xcf,
    0x60, 0x5c, 0x58, 0xcf, 0x60, 0x5c, 0x58, 0xcf, 0x58, 0x5c, 0x58, 0xcf,
    0x60, 0x5c, 0x58, 0xcf, 0x60, 0x5c, 0x58, 0xcf, 0x58, 0x5c, 0x58, 0xcf,
    0x60, 0x5c, 0x58, 0xcf, 0x60, 0x5c, 0x58, 0xcf, 0x58, 0x5c, 0x58, 0xcf,
    0x60, 0x5c, 0x58, 0xcf, 0x60, 0x5c, 0x58, 0xcf, 0x58, 0x5c, 0x58, 0xcf,
    0x60, 0x5c, 0x58, 0xcf, 0x60, 0x5c, 0x58, 0xcf, 0x58, 0x5c, 0x58, 0xcf,
    0x60, 0x5c, 0x58, 0xcf, 0x60, 0x5c, 0x58, 0xcf, 0x58, 0x5c, 0x58, 0xcf,
    0x60, 0x5c, 0x58, 0xcf, 0x60, 0x5c, 0x58, 0xcf, 0x58, 0x5c, 0x58, 0xcf,
    0x60, 0x5c, 0x58, 0xcf, 0x60, 0x5c, 0x58, 0xcf, 0x58, 0x5c, 0x58, 0xcf,
    0x60, 0x5c, 0x58, 0xcf, 0x60, 0x5c, 0x58, 0xcf, 0x58, 0x5c, 0x58, 0xcf,
    0x60, 0x5c, 0x58, 0xcf, 0x60, 0x5c, 0x58, 0xcf, 0x58, 0x5c, 0x58, 0xcf,
    0x60, 0x5c, 0x58, 0xcf, 0x60, 0x5c, 0x58, 0xcf, 0x58, 0x5c, 0x58, 0xcf,
    0x60, 0x5c, 0x58, 0xcf, 0x60, 0x5c, 0x58, 0xcf, 0x58, 0x5c, 0x58, 0xcf,
    0x60, 0x5c, 0x58, 0xcf, 0x60, 0x5c, 0x58, 0xcf, 0x58, 0x5c, 0x58, 0xcf,
    0x60, 0x5c, 0x58, 0xcf, 0x60, 0x5c, 0x58, 0xcf, 0x58, 0x5c, 0x58, 0xcf,
    0x60, 0x5c, 0x58, 0xcf, 0x60, 0x5c, 0x58, 0xcf, 0x58, 0x5c, 0x58, 0xcf,
    0x60, 0x5c, 0x58, 0xcf, 0x60, 0x5c, 0x58, 0xcf, 0x58, 0x5c, 0x58, 0xcf,
    0x60, 0x5c, 0x58, 0xcf, 0x60, 0x5c, 0x58, 0xcf, 0x58, 0x5c, 0x58, 0xcf,
    0x60, 0x5c, 0x58, 0xcf, 0x60, 0x5c, 0x58, 0xcf, 0x58, 0x5c, 0x58, 0xcf,
    0x60, 0x5c, 0x58, 0xcf, 0x60, 0x5c, 0x58, 0xcf, 0x58, 0x5c, 0x58, 0xcf,
    0x60, 0x5c, 0x58, 0xcf, 0x60, 0x5c, 0x58, 0xcf, 0x58, 0x5c, 0x58, 0xcf,
    0x60, 0x5c, 0x58, 0xcf, 0x60, 0x5c, 0x58, 0xcf, 0x58, 0x5c, 0x58, 0xcf,
    0x60, 0x5c, 0x58, 0xcf, 0x60, 0x5c, 0x58, 0xcf, 0x58, 0x5c, 0x58, 0xcf,
    0x60, 0x5c, 0x58, 0xcf, 0x60, 0x5c, 0x58, 0xcf, 0x58, 0x5c, 0x58, 0xcf,
    0x60, 0x5c, 0x58, 0xcf, 0x60, 0x5c, 0x58, 0xcf, 0x58, 0x5c, 0x58, 0xcf,
    0x60, 0x5c, 0x58, 0xcf, 0x60, 0x5c, 0x58, 0xcf, 0x58, 0x5c, 0x58, 0xcf,
    0x60, 0x5c, 0x58, 0xcf, 0x60, 0x5c, 0x58, 0xcf, 0x58, 0x5c, 0x58, 0xcf,
    0x60, 0x5c, 0x58, 0xcf, 0x60, 0x5c, 0x58, 0xcf, 0x58, 0x5c, 0x58, 0xcf,
    0x60, 0x5c, 0x58, 0xcf, 0x60, 0x5c, 0x58, 0xcf, 0x58, 0x5c, 0x58, 0xcf,
    0x60, 0x5c, 0x58, 0xcf, 0x70, 0x70, 0x70, 0x9e, 0x88, 0x88, 0x88, 0x7d,
    0xf8, 0xfc, 0xf8, 0x00, 0xf8, 0xfc, 0xf8, 0x00, 0xf8, 0xfc, 0xf8, 0x00,
    0xf8, 0xfc, 0xf8, 0x00, 0xf8, 0xfc, 0xf8, 0x00, 0xf8, 0xfc, 0xf8, 0x00,
    0xf8, 0xfc, 0xf8, 0x00, 0xf8, 0xfc, 0xf8, 0x00, 0xf8, 0xfc, 0xf8, 0x00,
    0xf8, 0xfc, 0xf8, 0x00, 0xf8, 0xfc, 0xf8, 0x00, 0xf8, 0xfc, 0xf8, 0x00,
    0xf8, 0xfc, 0xf8, 0x00, 0xf8, 0xfc, 0xf8, 0x00, 0x98, 0x94, 0x90, 0x20,
    0x80, 0x7c, 0x80, 0x9e, 0x60, 0x64, 0x60, 0xf3, 0x30, 0x30, 0x30, 0xff,
    0x30, 0x30, 0x30, 0xff, 0x30, 0x30, 0x30, 0xff, 0x30, 0x30, 0x30, 0xff,
    0x30, 0x30, 0x30, 0xff, 0x30, 0x30, 0x30, 0xff, 0x30, 0x30, 0x30, 0xff,
    0x30, 0x30, 0x30, 0xff, 0x30, 0x30, 0x30, 0xff, 0x30, 0x30, 0x30, 0xff,
    0x30, 0x2c, 0x30, 0xff, 0x30, 0x30, 0x30, 0xff, 0x30, 0x2c, 0x30, 0xff,
    0x30, 0x30, 0x30, 0xff, 0x30, 0x2c, 0x30, 0xff, 0x30, 0x30, 0x30, 0xff,
    0x30, 0x2c, 0x30, 0xff, 0x30, 0x30, 0x30, 0xff, 0x30, 0x2c, 0x30, 0xff,
    0x30, 0x30, 0x30, 0xff, 0x30, 0x30, 0x30, 0xff, 0x30, 0x30, 0x30, 0xff,
    0x30, 0x2c, 0x30, 0xff, 0x30, 0x30, 0x30, 0xff, 0x30, 0x30, 0x30, 0xff,
    0x30, 0x2c, 0x30, 0xff, 0x30, 0x30, 0x30, 0xff, 0x30, 0x2c, 0x30, 0xff,
    0x30, 0x30, 0x30, 0xff, 0x30, 0x2c, 0x30, 0xff, 0x30, 0x30, 0x30, 0xff,
    0x30, 0x2c, 0x30, 0xff, 0x30, 0x30, 0x30, 0xff, 0x30, 0x2c, 0x28, 0xff,
    0x30, 0x2c, 0x28, 0xff, 0x30, 0x2c, 0x30, 0xff, 0x30, 0x2c, 0x28, 0xff,
    0x30, 0x2c, 0x28, 0xff, 0x30, 0x2c, 0x30, 0xff, 0x30, 0x2c, 0x28, 0xff,
    0x30, 0x2c, 0x28, 0xff, 0x30, 0x2c, 0x30, 0xff, 0x30, 0x2c, 0x28, 0xff,
    0x30, 0x2c, 0x28, 0xff, 0x30, 0x2c, 0x28, 0xff, 0x30, 0x2c, 0x28, 0xff,
    0x30, 0x2c, 0x28, 0xff, 0x30, 0x2c, 0x28, 0xff, 0x30, 0x2c, 0x28, 0xff,
    0x30, 0x2c, 0x28, 0xff, 0x30, 0x2c, 0x28, 0xff, 0x30, 0x2c, 0x28, 0xff,
    0x30, 0x2c, 0x28, 0xff, 0x30, 0x2c, 0x28, 0xff, 0x30, 0x2c, 0x28, 0xff,
    0x30, 0x2c, 0x28, 0xff, 0x30, 0x2c, 0x28, 0xff, 0x30, 0x2c, 0x28, 0xff,
    0x30, 0x2c, 0x28, 0xff, 0x30, 0x2c, 0x28, 0xff, 0x30, 0x2c, 0x28, 0xff,
    0x30, 0x2c, 0x28, 0xff, 0x28, 0x2c, 0x28, 0xff, 0x30, 0x2c, 0x28, 0xff,
    0x30, 0x2c, 0x28, 0xff, 0x28, 0x2c, 0x28, 0xff, 0x30, 0x2c, 0x28, 0xff,
    0x30, 0x28, 0x28, 0xff, 0x28, 0x28, 0x28, 0xff, 0x30, 0x28, 0x28, 0xff,
    0x30, 0x28, 0x28, 0xff, 0x28, 0x28, 0x28, 0xff, 0x30, 0x28, 0x28, 0xff,
    0x30, 0x28, 0x28, 0xff, 0x28, 0x28, 0x28, 0xff, 0x30, 0x28, 0x28, 0xff,
    0x28, 0x28, 0x28, 0xff, 0x28, 0x28, 0x28, 0xff, 0x28, 0x28, 0x28, 0xff,
    0x28, 0x28, 0x28, 0xff, 0x28, 0x28, 0x28, 0xff, 0x28, 0x28, 0x28, 0xff,
    0x28, 0x28, 0x28, 0xff, 0x28, 0x28, 0x28, 0xff, 0x28, 0x28, 0x28, 0xff,
    0x28, 0x28, 0x28, 0xff, 0x28, 0x28, 0x28, 0xff, 0x28, 0x28, 0x28, 0xff,
    0x28, 0x28, 0x28, 0xff, 0x28, 0x28, 0x28, 0xff, 0x28, 0x28, 0x28, 0xff,
    0x28, 0x28, 0x28, 0xff, 0x28, 0x28, 0x28, 0xff, 0x28, 0x28, 0x28, 0xff,
    0x28, 0x28, 0x28, 0xff, 0x28, 0x28, 0x28, 0xff, 0x28, 0x28, 0x28, 0xff,
    0x28, 0x28, 0x28, 0xff, 0x28, 0x28, 0x28, 0xff, 0x28, 0x28, 0x28, 0xff,
    0x28, 0x28, 0x28, 0xff, 0x28, 0x28, 0x28, 0xff, 0x28, 0x28, 0x28, 0xff,
    0x28, 0x28, 0x28, 0xff, 0x28, 0x28, 0x28, 0xff, 0x28, 0x28, 0x28, 0xff,
    0x28, 0x28, 0x28, 0xff, 0x28, 0x28, 0x28, 0xff, 0x28, 0x28, 0x28, 0xff,
    0x28, 0x28, 0x28, 0xff, 0x28, 0x28, 0x28, 0xff, 0x28, 0x28, 0x28, 0xff,
    0x28, 0x28, 0x28, 0xff, 0x28, 0x28, 0x28, 0xff, 0x28, 0x28, 0x28, 0xff,
    0x28, 0x28, 0x28, 0xff, 0x28, 0x28, 0x28, 0xff, 0x28, 0x28, 0x28, 0xff,
    0x28, 0x24, 0x28, 0xff, 0x28, 0x24, 0x28, 0xff, 0x28, 0x28, 0x28, 0xff,
    0x28, 0x24, 0x28, 0xff, 0x28, 0x24, 0x28, 0xff, 0x28, 0x28, 0x28, 0xff,
    0x28, 0x24, 0x28, 0xff, 0x28, 0x24, 0x28, 0xff, 0x28, 0x28, 0x28, 0xff,
    0x28, 0x24, 0x28, 0xff, 0x28, 0x24, 0x28, 0xff, 0x28, 0x28, 0x28, 0xff,
    0x28, 0x24, 0x28, 0xff, 0x28, 0x24, 0x28, 0xff, 0x28, 0x24, 0x28, 0xff,
    0x28, 0x24, 0x28, 0xff, 0x28, 0x24, 0x28, 0xff, 0x28, 0x24, 0x28, 0xff,
    0x28, 0x24, 0x28, 0xff, 0x28, 0x24, 0x28, 0xff, 0x28, 0x24, 0x28, 0xff,
    0x28, 0x24, 0x28, 0xff, 0x28, 0x24, 0x28, 0xff, 0x28, 0x24, 0x28, 0xff,
    0x28, 0x24, 0x28, 0xff, 0x28, 0x24, 0x28, 0xff, 0x28, 0x24, 0x20, 0xff,
    0x28, 0x24, 0x28, 0xff, 0x28, 0x24, 0x20, 0xff, 0x28, 0x24, 0x28, 0xff,
    0x28, 0x24, 0x20, 0xff, 0x28, 0x24, 0x28, 0xff, 0x28, 0x24, 0x20, 0xff,
    0x28, 0x24, 0x28, 0xff, 0x28, 0x24, 0x20, 0xff, 0x28, 0x24, 0x28, 0xff,
    0x28, 0x24, 0x20, 0xff, 0x28, 0x24, 0x20, 0xff, 0x28, 0x24, 0x28, 0xff,
    0x28, 0x24, 0x20, 0xff, 0x28, 0x24, 0x20, 0xff, 0x28, 0x24, 0x20, 0xff,
    0x28, 0x24, 0x20, 0xff, 0x28, 0x24, 0x20, 0xff, 0x28, 0x24, 0x20, 0xff,
    0x28, 0x24, 0x20, 0xff, 0x28, 0x24, 0x20, 0xff, 0x28, 0x24, 0x20, 0xff,
    0x28, 0x24, 0x20, 0xff, 0x28, 0x24, 0x20, 0xff, 0x28, 0x24, 0x20, 0xff,
    0x28, 0x24, 0x20, 0xff, 0x28, 0x20, 0x20, 0xff, 0x28, 0x24, 0x20, 0xff,
    0x28, 0x24, 0x20, 0xff, 0x28, 0x20, 0x20, 0xff, 0x20, 0x24, 0x20, 0xff,
    0x28, 0x20, 0x20, 0xff, 0x28, 0x24, 0x20, 0xff, 0x28, 0x20, 0x20, 0xff,
    0x28, 0x24, 0x20, 0xff, 0x28, 0x20, 0x20, 0xff, 0x28, 0x24, 0x20, 0xff,
    0x28, 0x24, 0x20, 0xff, 0x28, 0x20, 0x20, 0xff, 0x28, 0x24, 0x20, 0xff,
    0x28, 0x20, 0x20, 0xff, 0x28, 0x20, 0x20, 0xff, 0x28, 0x20, 0x20, 0xff,
    0x28, 0x20, 0x20, 0xff, 0x28, 0x20, 0x20, 0xff, 0x20, 0x20, 0x20, 0xff,
    0x28, 0x20, 0x20, 0xff, 0x20, 0x20, 0x20, 0xff, 0x28, 0x20, 0x20, 0xff,
    0x20, 0x20, 0x20, 0xff, 0x28, 0x20, 0x20, 0xff, 0x20, 0x20, 0x20, 0xff,
    0x28, 0x20, 0x20, 0xff, 0x20, 0x20, 0x20, 0xff, 0x28, 0x20, 0x20, 0xff,
    0x20, 0x20, 0x20, 0xff, 0x28, 0x20, 0x20, 0xff, 0x20, 0x20, 0x20, 0xff,
    0x28, 0x20, 0x20, 0xff, 0x20, 0x20, 0x20, 0xff, 0x20, 0x20, 0x20, 0xff,
    0x20, 0x20, 0x20, 0xff, 0x20, 0x20, 0x20, 0xff, 0x20, 0x20, 0x20, 0xff,
    0x20, 0x20, 0x20, 0xff, 0x20, 0x20, 0x20, 0xff, 0x20, 0x20, 0x20, 0xff,
    0x20, 0x20, 0x20, 0xff, 0x20, 0x20, 0x20, 0xff, 0x20, 0x20, 0x20, 0xff,
    0x20, 0x20, 0x20, 0xff, 0x20, 0x20, 0x20, 0xff, 0x20, 0x20, 0x20, 0xff,
    0x20, 0x20, 0x18, 0xff, 0x20, 0x20, 0x20, 0xff, 0x20, 0x20, 0x20, 0xff,
    0x20, 0x20, 0x20, 0xff, 0x20, 0x20, 0x20, 0xff, 0x20, 0x20, 0x20, 0xff,
    0x20, 0x20, 0x20, 0xff, 0x20, 0x20, 0x18, 0xff, 0x20, 0x20, 0x20, 0xff,
    0x20, 0x20, 0x20, 0xff, 0x20, 0x1c, 0x20, 0xff, 0x20, 0x1c, 0x18, 0xff,
    0x20, 0x1c, 0x18, 0xff, 0x20, 0x1c, 0x20, 0xff, 0x20, 0x1c, 0x18, 0xff,
    0x20, 0x1c, 0x18, 0xff, 0x20, 0x1c, 0x20, 0xff, 0x20, 0x1c, 0x18, 0xff,
    0x20, 0x1c, 0x18, 0xff, 0x20, 0x1c, 0x20, 0xff, 0x20, 0x1c, 0x18, 0xff,
    0x20, 0x1c, 0x18, 0xff, 0x20, 0x1c, 0x20, 0xff, 0x20, 0x1c, 0x18, 0xff,
    0x20, 0x1c, 0x18, 0xff, 0x20, 0x1c, 0x20, 0xff, 0x20, 0x1c, 0x18, 0xff,
    0x20, 0x1c, 0x18, 0xff, 0x20, 0x1c, 0x20, 0xff, 0x20, 0x1c, 0x18, 0xff,
    0x20, 0x1c, 0x18, 0xff, 0x20, 0x1c, 0x20, 0xff, 0x20, 0x1c, 0x18, 0xff,
    0x20, 0x1c, 0x18, 0xff, 0x20, 0x1c, 0x20, 0xff, 0x20, 0x1c, 0x18, 0xff,
    0x20, 0x1c, 0x18, 0xff, 0x20, 0x1c, 0x20, 0xff, 0x20, 0x1c, 0x18, 0xff,
    0x20, 0x1c, 0x18, 0xff, 0x20, 0x1c, 0x20, 0xff, 0x20, 0x1c, 0x18, 0xff,
    0x20, 0x1c, 0x18, 0xff, 0x20, 0x1c, 0x20, 0xff, 0x20, 0x1c, 0x18, 0xff,
    0x20, 0x1c, 0x18, 0xff, 0x20, 0x1c, 0x20, 0xff, 0x20, 0x1c, 0x18, 0xff,
    0x20, 0x1c, 0x18, 0xff, 0x20, 0x1c, 0x20, 0xff, 0x20, 0x1c, 0x18, 0xff,
    0x20, 0x1c, 0x18, 0xff, 0x20, 0x1c, 0x20, 0xff, 0x20, 0x1c, 0x18, 0xff,
    0x20, 0x1c, 0x18, 0xff, 0x20, 0x1c, 0x20, 0xff, 0x20, 0x1c, 0x18, 0xff,
    0x20, 0x1c, 0x18, 0xff, 0x20, 0x1c, 0x20, 0xff, 0x20, 0x1c, 0x18, 0xff,
    0x20, 0x1c, 0x18, 0xff, 0x20, 0x1c, 0x18, 0xff, 0x20, 0x1c, 0x18, 0xff,
    0x18, 0x1c, 0x18, 0xff, 0x20, 0x1c, 0x18, 0xff, 0x20, 0x1c, 0x18, 0xff,
    0x20, 0x1c, 0x18, 0xff, 0x20, 0x1c, 0x18, 0xff, 0x20, 0x1c, 0x18, 0xff,
    0x20, 0x1c, 0x18, 0xff, 0x18, 0x1c, 0x18, 0xff, 0x20, 0x1c, 0x18, 0xff,
    0x20, 0x1c, 0x18, 0xff, 0x20, 0x1c, 0x18, 0xff, 0x20, 0x1c, 0x18, 0xff,
    0x20, 0x1c, 0x18, 0xff, 0x18, 0x1c, 0x18, 0xff, 0x20, 0x1c, 0x18, 0xff,
    0x18, 0x1c, 0x18, 0xff, 0x18, 0x1c, 0x18, 0xff, 0x20, 0x1c, 0x18, 0xff,
    0x18, 0x18, 0x18, 0xff, 0x18, 0x18, 0x18, 0xff, 0x20, 0x1c, 0x18, 0xff,
    0x18, 0x18, 0x18, 0xff, 0x18, 0x18, 0x18, 0xff, 0x20, 0x1c, 0x18, 0xff,
    0x18, 0x18, 0x18, 0xff, 0x18, 0x18, 0x18, 0xff, 0x20, 0x1c, 0x18, 0xff,
    0x18, 0x18, 0x18, 0xff, 0x18, 0x18, 0x18, 0xff, 0x20, 0x1c, 0x18, 0xff,
    0x18, 0x18, 0x18, 0xff, 0x18, 0x18, 0x18, 0xff, 0x20, 0x1c, 0x18, 0xff,
    0x18, 0x18, 0x18, 0xff, 0x18, 0x18, 0x18, 0xff, 0x20, 0x1c, 0x18, 0xff,
    0x18, 0x18, 0x18, 0xff, 0x18, 0x18, 0x18, 0xff, 0x20, 0x1c, 0x18, 0xff,
    0x18, 0x18, 0x18, 0xff, 0x18, 0x18, 0x18, 0xff, 0x20, 0x18, 0x18, 0xff,
    0x18, 0x18, 0x18, 0xff, 0x18, 0x18, 0x18, 0xff, 0x20, 0x18, 0x18, 0xff,
    0x18, 0x18, 0x18, 0xff, 0x18, 0x18, 0x18, 0xff, 0x20, 0x18, 0x18, 0xff,
    0x18, 0x18, 0x18, 0xff, 0x18, 0x18, 0x18, 0xff, 0x20, 0x18, 0x18, 0xff,
    0x18, 0x18, 0x18, 0xff, 0x18, 0x18, 0x18, 0xff, 0x20, 0x18, 0x18, 0xff,
    0x18, 0x18, 0x18, 0xff, 0x18, 0x18, 0x18, 0xff, 0x20, 0x18, 0x18, 0xff,
    0x18, 0x18, 0x18, 0xff, 0x18, 0x18, 0x18, 0xff, 0x20, 0x18, 0x18, 0xff,
    0x18, 0x18, 0x18, 0xff, 0x18, 0x18, 0x18, 0xff, 0x20, 0x18, 0x18, 0xff,
    0x18, 0x18, 0x18, 0xff, 0x18, 0x18, 0x18, 0xff, 0x20, 0x18, 0x18, 0xff,
    0x18, 0x18, 0x18, 0xff, 0x18, 0x18, 0x18, 0xff, 0x20, 0x18, 0x18, 0xff,
    0x18, 0x18, 0x18, 0xff, 0x18, 0x18, 0x18, 0xff, 0x20, 0x18, 0x18, 0xff,
    0x18, 0x18, 0x18, 0xff, 0x18, 0x18, 0x18, 0xff, 0x20, 0x18, 0x18, 0xff,
    0x18, 0x18, 0x18, 0xff, 0x18, 0x18, 0x18, 0xff, 0x20, 0x18, 0x18, 0xff,
    0x18, 0x18, 0x18, 0xff, 0x18, 0x18, 0x18, 0xff, 0x20, 0x18, 0x18, 0xff,
    0x18, 0x18, 0x18, 0xff, 0x18, 0x18, 0x18, 0xff, 0x20, 0x18, 0x18, 0xff,
    0x18, 0x18, 0x18, 0xff, 0x18, 0x18, 0x18, 0xff, 0x20, 0x18, 0x18, 0xff,
    0x18, 0x18, 0x18, 0xff, 0x18, 0x18, 0x18, 0xff, 0x20, 0x18, 0x18, 0xff,
    0x18, 0x18, 0x18, 0xff, 0x18, 0x18, 0x18, 0xff, 0x20, 0x18, 0x18, 0xff,
    0x18, 0x18, 0x18, 0xff, 0x18, 0x18, 0x18, 0xff, 0x20, 0x18, 0x18, 0xff,
    0x18, 0x18, 0x18, 0xff, 0x18, 0x18, 0x18, 0xff, 0x20, 0x18, 0x18, 0xff,
    0x18, 0x18, 0x18, 0xff, 0x18, 0x18, 0x18, 0xff, 0x20, 0x18, 0x18, 0xff,
    0x18, 0x18, 0x18, 0xff, 0x18, 0x18, 0x18, 0xff, 0x20, 0x18, 0x18, 0xff,
    0x18, 0x18, 0x18, 0xff, 0x18, 0x18, 0x18, 0xff, 0x20, 0x18, 0x18, 0xff,
    0x18, 0x18, 0x18, 0xff, 0x18, 0x18, 0x18, 0xff, 0x20, 0x18, 0x18, 0xff,
    0x18, 0x18, 0x18, 0xff, 0x18, 0x18, 0x18, 0xff, 0x20, 0x18, 0x18, 0xff,
    0x18, 0x18, 0x18, 0xff, 0x18, 0x18, 0x18, 0xff, 0x20, 0x18, 0x18, 0xff,
    0x18, 0x18, 0x18, 0xff, 0x18, 0x18, 0x18, 0xff, 0x20, 0x18, 0x18, 0xff,
    0x18, 0x18, 0x18, 0xff, 0x18, 0x18, 0x18, 0xff, 0x20, 0x18, 0x18, 0xff,
    0x18, 0x18, 0x18, 0xff, 0x18, 0x18, 0x18, 0xff, 0x20, 0x18, 0x18, 0xff,
    0x18, 0x18, 0x18, 0xff, 0x18, 0x18, 0x18, 0xff, 0x20, 0x18, 0x18, 0xff,
    0x18, 0x18, 0x18, 0xff, 0x18, 0x18, 0x18, 0xff, 0x20, 0x18, 0x18, 0xff,
    0x18, 0x18, 0x18, 0xff, 0x18, 0x18, 0x18, 0xff, 0x20, 0x18, 0x18, 0xff,
    0x18, 0x18, 0x18, 0xff, 0x18, 0x18, 0x18, 0xff, 0x20, 0x18, 0x18, 0xff,
    0x18, 0x18, 0x18, 0xff, 0x18, 0x18, 0x18, 0xff, 0x20, 0x18, 0x18, 0xff,
    0x18, 0x18, 0x18, 0xff, 0x18, 0x18, 0x18, 0xff, 0x20, 0x18, 0x18, 0xff,
    0x18, 0x18, 0x18, 0xff, 0x18, 0x18, 0x18, 0xff, 0x20, 0x18, 0x18, 0xff,
    0x18, 0x18, 0x18, 0xff, 0x18, 0x18, 0x18, 0xff, 0x20, 0x18, 0x18, 0xff,
    0x18, 0x18, 0x18, 0xff, 0x20, 0x18, 0x18, 0xff, 0x20, 0x18, 0x18, 0xff,
    0x18, 0x18, 0x18, 0xff, 0x58, 0x50, 0x50, 0xf3, 0x70, 0x70, 0x70, 0x9e,
    0x88, 0x88, 0x88, 0x20, 0xf8, 0xfc, 0xf8, 0x00, 0xf8, 0xfc, 0xf8, 0x00,
    0xf8, 0xfc, 0xf8, 0x00, 0xf8, 0xfc, 0xf8, 0x00, 0xf8, 0xfc, 0xf8, 0x00,
    0xf8, 0xfc, 0xf8, 0x00, 0xf8, 0xfc, 0xf8, 0x00, 0xf8, 0xfc, 0xf8, 0x00,
    0xf8, 0xfc, 0xf8, 0x00, 0xf8, 0xfc, 0xf8, 0x00, 0x78, 0x78, 0x78, 0x7d,
    0x58, 0x58, 0x58, 0xf3, 0x30, 0x30, 0x30, 0xff, 0x30, 0x30, 0x30, 0xff,
    0x30, 0x30, 0x30, 0xff, 0x30, 0x30, 0x30, 0xff, 0x30, 0x30, 0x30, 0xff,
    0x30, 0x30, 0x30, 0xff, 0x30, 0x30, 0x30, 0xff, 0x30, 0x30, 0x30, 0xff,
    0x30, 0x30, 0x30, 0xff, 0x30, 0x30, 0x30, 0xff, 0x30, 0x30, 0x30, 0xff,
    0x30, 0x30, 0x30, 0xff, 0x30, 0x30, 0x30, 0xff, 0x30, 0x2c, 0x30, 0xff,
    0x30, 0x30, 0x30, 0xff, 0x30, 0x30, 0x30, 0xff, 0x30, 0x30, 0x30, 0xff,
    0x30, 0x2c, 0x30, 0xff, 0x30, 0x30, 0x30, 0xff, 0x30, 0x30, 0x30, 0xff,
    0x30, 0x30, 0x30, 0xff, 0x30, 0x2c, 0x30, 0xff, 0x30, 0x30, 0x30, 0xff,
    0x30, 0x2c, 0x28, 0xff, 0x30, 0x2c, 0x30, 0xff, 0x30, 0x30, 0x28, 0xff,
    0x30, 0x2c, 0x28, 0xff, 0x30, 0x30, 0x30, 0xff, 0x30, 0x2c, 0x28, 0xff,
    0x30, 0x30, 0x28, 0xff, 0x30, 0x2c, 0x30, 0xff, 0x30, 0x30, 0x28, 0xff,
    0x30, 0x30, 0x28, 0xff, 0x30, 0x2c, 0x30, 0xff, 0x30, 0x30, 0x30, 0xff,
    0x30, 0x2c, 0x28, 0xff, 0x30, 0x2c, 0x30, 0xff, 0x30, 0x30, 0x30, 0xff,
    0x30, 0x2c, 0x28, 0xff, 0x30, 0x30, 0x30, 0xff, 0x30, 0x2c, 0x30, 0xff,
    0x30, 0x30, 0x28, 0xff, 0x30, 0x2c, 0x30, 0xff, 0x30, 0x30, 0x30, 0xff,
    0x30, 0x2c, 0x28, 0xff, 0x30, 0x2c, 0x30, 0xff, 0x30, 0x2c, 0x30, 0xff,
    0x30, 0x2c, 0x28, 0xff, 0x30, 0x2c, 0x30, 0xff, 0x30, 0x2c, 0x30, 0xff,
    0x30, 0x2c, 0x28, 0xff, 0x28, 0x2c, 0x30, 0xff, 0x30, 0x2c, 0x30, 0xff,
    0x28, 0x2c, 0x28, 0xff, 0x28, 0x2c, 0x30, 0xff, 0x30, 0x2c, 0x30, 0xff,
    0x28, 0x2c, 0x28, 0xff, 0x28, 0x2c, 0x30, 0xff, 0x30, 0x2c, 0x28, 0xff,
    0x28, 0x2c, 0x28, 0xff, 0x28, 0x28, 0x28, 0xff, 0x30, 0x2c, 0x28, 0xff,
    0x28, 0x28, 0x28, 0xff, 0x30, 0x2c, 0x28, 0xff, 0x28, 0x28, 0x28, 0xff,
    0x28, 0x2c, 0x28, 0xff, 0x30, 0x28, 0x28, 0xff, 0x28, 0x2c, 0x28, 0xff,
    0x28, 0x2c, 0x28, 0xff, 0x30, 0x2c, 0x28, 0xff, 0x28, 0x28, 0x28, 0xff,
    0x28, 0x2c, 0x28, 0xff, 0x30, 0x2c, 0x28, 0xff, 0x28, 0x28, 0x28, 0xff,
    0x28, 0x2c, 0x28, 0xff, 0x30, 0x2c, 0x28, 0xff, 0x28, 0x28, 0x28, 0xff,
    0x30, 0x2c, 0x28, 0xff, 0x28, 0x2c, 0x28, 0xff, 0x30, 0x28, 0x28, 0xff,
    0x30, 0x2c, 0x28, 0xff, 0x28, 0x2c, 0x28, 0xff, 0x30, 0x2c, 0x28, 0xff,
    0x30, 0x28, 0x28, 0xff, 0x28, 0x2c, 0x28, 0xff, 0x30, 0x28, 0x28, 0xff,
    0x30, 0x28, 0x28, 0xff, 0x28, 0x2c, 0x28, 0xff, 0x30, 0x28, 0x28, 0xff,
    0x30, 0x28, 0x28, 0xff, 0x28, 0x2c, 0x28, 0xff, 0x28, 0x28, 0x28, 0xff,
    0x28, 0x28, 0x28, 0xff, 0x28, 0x2c, 0x28, 0xff, 0x28, 0x28, 0x28, 0xff,
    0x28, 0x28, 0x28, 0xff, 0x28, 0x28, 0x28, 0xff, 0x28, 0x28, 0x28, 0xff,
    0x28, 0x28, 0x28, 0xff, 0x28, 0x28, 0x28, 0xff, 0x28, 0x28, 0x28, 0xff,
    0x28, 0x28, 0x28, 0xff, 0x28, 0x28, 0x28, 0xff, 0x28, 0x28, 0x28, 0xff,
    0x28, 0x28, 0x28, 0xff, 0x28, 0x28, 0x28, 0xff, 0x28, 0x28, 0x28, 0xff,
    0x28, 0x28, 0x28, 0xff, 0x28, 0x28, 0x28, 0xff, 0x28, 0x28, 0x28, 0xff,
    0x28, 0x28, 0x28, 0xff, 0x28, 0x28, 0x28, 0xff, 0x28, 0x28, 0x28, 0xff,
    0x28, 0x28, 0x28, 0xff, 0x28, 0x28, 0x28, 0xff, 0x28, 0x28, 0x28, 0xff,
    0x28, 0x28, 0x28, 0xff, 0x28, 0x28, 0x28, 0xff, 0x28, 0x28, 0x28, 0xff,
    0x28, 0x28, 0x28, 0xff, 0x28, 0x24, 0x20, 0xff, 0x28, 0x28, 0x28, 0xff,
    0x28, 0x28, 0x28, 0xff, 0x28, 0x24, 0x28, 0xff, 0x28, 0x28, 0x28, 0xff,
    0x28, 0x28, 0x28, 0xff, 0x28, 0x24, 0x28, 0xff, 0x28, 0x28, 0x28, 0xff,
    0x28, 0x24, 0x28, 0xff, 0x28, 0x28, 0x28, 0xff, 0x28, 0x24, 0x28, 0xff,
    0x28, 0x28, 0x20, 0xff, 0x28, 0x28, 0x28, 0xff, 0x28, 0x24, 0x20, 0xff,
    0x28, 0x24, 0x20, 0xff, 0x28, 0x24, 0x28, 0xff, 0x28, 0x24, 0x20, 0xff,
    0x28, 0x24, 0x20, 0xff, 0x28, 0x24, 0x28, 0xff, 0x28, 0x24, 0x20, 0xff,
    0x28, 0x24, 0x20, 0xff, 0x28, 0x24, 0x28, 0xff, 0x28, 0x24, 0x20, 0xff,
    0x28, 0x24, 0x20, 0xff, 0x28, 0x24, 0x28, 0xff, 0x28, 0x24, 0x20, 0xff,
    0x28, 0x24, 0x20, 0xff, 0x28, 0x24, 0x28, 0xff, 0x28, 0x24, 0x20, 0xff,
    0x28, 0x24, 0x20, 0xff, 0x28, 0x24, 0x28, 0xff, 0x28, 0x24, 0x20, 0xff,
    0x28, 0x24, 0x20, 0xff, 0x28, 0x24, 0x28, 0xff, 0x28, 0x24, 0x20, 0xff,
    0x28, 0x24, 0x20, 0xff, 0x28, 0x24, 0x28, 0xff, 0x28, 0x24, 0x28, 0xff,
    0x28, 0x24, 0x20, 0xff, 0x28, 0x24, 0x20, 0xff, 0x28, 0x24, 0x20, 0xff,
    0x20, 0x24, 0x28, 0xff, 0x28, 0x24, 0x20, 0xff, 0x20, 0x24, 0x20, 0xff,
    0x20, 0x24, 0x28, 0xff, 0x28, 0x20, 0x20, 0xff, 0x20, 0x24, 0x20, 0xff,
    0x20, 0x24, 0x28, 0xff, 0x28, 0x24, 0x20, 0xff, 0x20, 0x24, 0x20, 0xff,
    0x20, 0x24, 0x28, 0xff, 0x28, 0x24, 0x20, 0xff, 0x20, 0x20, 0x20, 0xff,
    0x20, 0x20, 0x20, 0xff, 0x28, 0x24, 0x20, 0xff, 0x28, 0x20, 0x20, 0xff,
    0x20, 0x24, 0x20, 0xff, 0x20, 0x24, 0x20, 0xff, 0x28, 0x20, 0x20, 0xff,
    0x20, 0x24, 0x20, 0xff, 0x20, 0x20, 0x20, 0xff, 0x28, 0x24, 0x20, 0xff,
    0x20, 0x20, 0x20, 0xff, 0x20, 0x20, 0x20, 0xff, 0x28, 0x24, 0x20, 0xff,
    0x20, 0x24, 0x20, 0xff, 0x20, 0x20, 0x20, 0xff, 0x28, 0x20, 0x20, 0xff,
    0x20, 0x24, 0x20, 0xff, 0x20, 0x20, 0x20, 0xff, 0x28, 0x24, 0x20, 0xff,
    0x20, 0x20, 0x20, 0xff, 0x20, 0x24, 0x20, 0xff, 0x28, 0x20, 0x20, 0xff,
    0x20, 0x24, 0x20, 0xff, 0x20, 0x20, 0x20, 0xff, 0x28, 0x24, 0x20, 0xff,
    0x20, 0x20, 0x20, 0xff, 0x20, 0x24, 0x20, 0xff, 0x28, 0x20, 0x20, 0xff,
    0x20, 0x20, 0x20, 0xff, 0x20, 0x20, 0x20, 0xff, 0x28, 0x20, 0x20, 0xff,
    0x20, 0x20, 0x20, 0xff, 0x20, 0x20, 0x20, 0xff, 0x28, 0x20, 0x20, 0xff,
    0x20, 0x20, 0x20, 0xff, 0x28, 0x20, 0x20, 0xff, 0x28, 0x20, 0x20, 0xff,
    0x20, 0x20, 0x20, 0xff, 0x28, 0x20, 0x20, 0xff, 0x28, 0x20, 0x20, 0xff,
    0x20, 0x20, 0x20, 0xff, 0x28, 0x20, 0x20, 0xff, 0x28, 0x20, 0x20, 0xff,
    0x20, 0x20, 0x18, 0xff, 0x28, 0x1c, 0x18, 0xff, 0x28, 0x20, 0x20, 0xff,
    0x20, 0x1c, 0x20, 0xff, 0x28, 0x20, 0x20, 0xff, 0x28, 0x1c, 0x18, 0xff,
    0x20, 0x20, 0x20, 0xff, 0x28, 0x1c, 0x18, 0xff, 0x20, 0x20, 0x18, 0xff,
    0x20, 0x1c, 0x20, 0xff, 0x20, 0x20, 0x20, 0xff, 0x20, 0x1c, 0x20, 0xff,
    0x20, 0x20, 0x18, 0xff, 0x20, 0x20, 0x20, 0xff, 0x20, 0x20, 0x20, 0xff,
    0x20, 0x1c, 0x18, 0xff, 0x20, 0x20, 0x20, 0xff, 0x20, 0x20, 0x20, 0xff,
    0x20, 0x1c, 0x18, 0xff, 0x20, 0x20, 0x20, 0xff, 0x20, 0x20, 0x20, 0xff,
    0x20, 0x1c, 0x18, 0xff, 0x20, 0x20, 0x20, 0xff, 0x20, 0x20, 0x20, 0xff,
    0x20, 0x1c, 0x18, 0xff, 0x20, 0x20, 0x20, 0xff, 0x20, 0x20, 0x20, 0xff,
    0x20, 0x1c, 0x18, 0xff, 0x20, 0x20, 0x20, 0xff, 0x20, 0x20, 0x20, 0xff,
    0x20, 0x20, 0x20, 0xff, 0x20, 0x1c, 0x18, 0xff, 0x20, 0x20, 0x20, 0xff,
    0x20, 0x1c, 0x20, 0xff, 0x20, 0x1c, 0x18, 0xff, 0x20, 0x20, 0x20, 0xff,
    0x20, 0x1c, 0x18, 0xff, 0x20, 0x1c, 0x20, 0xff, 0x20, 0x20, 0x20, 0xff,
    0x20, 0x1c, 0x18, 0xff, 0x20, 0x1c, 0x20, 0xff, 0x20, 0x20, 0x20, 0xff,
    0x20, 0x1c, 0x18, 0xff, 0x20, 0x1c, 0x20, 0xff, 0x20, 0x20, 0x20, 0xff,
    0x20, 0x1c, 0x18, 0xff, 0x20, 0x1c, 0x20, 0xff, 0x20, 0x20, 0x20, 0xff,
    0x20, 0x1c, 0x18, 0xff, 0x20, 0x1c, 0x20, 0xff, 0x20, 0x1c, 0x18, 0xff,
    0x20, 0x1c, 0x20, 0xff, 0x20, 0x1c, 0x18, 0xff, 0x20, 0x1c, 0x18, 0xff,
    0x20, 0x1c, 0x20, 0xff, 0x20, 0x1c, 0x18, 0xff, 0x20, 0x1c, 0x20, 0xff,
    0x20, 0x1c, 0x18, 0xff, 0x20, 0x1c, 0x18, 0xff, 0x20, 0x1c, 0x20, 0xff,
    0x20, 0x1c, 0x18, 0xff, 0x18, 0x1c, 0x20, 0xff, 0x20, 0x1c, 0x18, 0xff,
    0x18, 0x1c, 0x20, 0xff, 0x18, 0x1c, 0x20, 0xff, 0x20, 0x1c, 0x18, 0xff,
    0x20, 0x1c, 0x20, 0xff, 0x20, 0x1c, 0x18, 0xff, 0x18, 0x1c, 0x18, 0xff,
    0x20, 0x1c, 0x20, 0xff, 0x18, 0x1c, 0x18, 0xff, 0x18, 0x1c, 0x20, 0xff,
    0x20, 0x1c, 0x18, 0xff, 0x20, 0x1c, 0x20, 0xff, 0x20, 0x1c, 0x18, 0xff,
    0x18, 0x1c, 0x20, 0xff, 0x20, 0x1c, 0x18, 0xff, 0x18, 0x1c, 0x18, 0xff,
    0x20, 0x1c, 0x20, 0xff, 0x20, 0x1c, 0x18, 0xff, 0x20, 0x1c, 0x20, 0xff,
    0x20, 0x1c, 0x18, 0xff, 0x20, 0x1c, 0x20, 0xff, 0x18, 0x1c, 0x18, 0xff,
    0x20, 0x1c, 0x20, 0xff, 0x20, 0x18, 0x18, 0xff, 0x18, 0x1c, 0x18, 0xff,
    0x20, 0x1c, 0x20, 0xff, 0x20, 0x18, 0x18, 0xff, 0x18, 0x1c, 0x18, 0xff,
    0x20, 0x1c, 0x20, 0xff, 0x20, 0x18, 0x18, 0xff, 0x18, 0x1c, 0x18, 0xff,
    0x20, 0x18, 0x20, 0xff, 0x20, 0x1c, 0x18, 0xff, 0x18, 0x18, 0x18, 0xff,
    0x20, 0x1c, 0x20, 0xff, 0x20, 0x18, 0x18, 0xff, 0x18, 0x1c, 0x18, 0xff,
    0x20, 0x1c, 0x20, 0xff, 0x20, 0x18, 0x18, 0xff, 0x18, 0x1c, 0x18, 0xff,
    0x20, 0x18, 0x20, 0xff, 0x20, 0x1c, 0x18, 0xff, 0x18, 0x18, 0x18, 0xff,
    0x20, 0x1c, 0x20, 0xff, 0x20, 0x1c, 0x18, 0xff, 0x18, 0x18, 0x18, 0xff,
    0x20, 0x18, 0x18, 0xff, 0x20, 0x18, 0x18, 0xff, 0x18, 0x18, 0x18, 0xff,
    0x20, 0x18, 0x18, 0xff, 0x20, 0x18, 0x18, 0xff, 0x18, 0x18, 0x18, 0xff,
    0x20, 0x18, 0x18, 0xff, 0x20, 0x18, 0x18, 0xff, 0x18, 0x18, 0x18, 0xff,
    0x20, 0x18, 0x18, 0xff, 0x20, 0x18, 0x18, 0xff, 0x18, 0x18, 0x18, 0xff,
    0x20, 0x18, 0x18, 0xff, 0x20, 0x18, 0x18, 0xff, 0x18, 0x18, 0x18, 0xff,
    0x20, 0x18, 0x18, 0xff, 0x20, 0x18, 0x18, 0xff, 0x18, 0x18, 0x18, 0xff,
    0x20, 0x18, 0x18, 0xff, 0x20, 0x18, 0x18, 0xff, 0x18, 0x18, 0x18, 0xff,
    0x20, 0x18, 0x18, 0xff, 0x20, 0x18, 0x18, 0xff, 0x18, 0x18, 0x18, 0xff,
    0x20, 0x18, 0x18, 0xff, 0x20, 0x18, 0x18, 0xff, 0x18, 0x18, 0x18, 0xff,
    0x20, 0x18, 0x18, 0xff, 0x20, 0x18, 0x18, 0xff, 0x18, 0x18, 0x18, 0xff,
    0x20, 0x18, 0x18, 0xff, 0x20, 0x18, 0x18, 0xff, 0x18, 0x18, 0x18, 0xff,
    0x20, 0x18, 0x18, 0xff, 0x20, 0x18, 0x18, 0xff, 0x18, 0x18, 0x18, 0xff,
    0x20, 0x18, 0x18, 0xff, 0x20, 0x18, 0x18, 0xff, 0x18, 0x18, 0x18, 0xff,
    0x20, 0x18, 0x18, 0xff, 0x20, 0x18, 0x18, 0xff, 0x18, 0x18, 0x18, 0xff,
    0x20, 0x18, 0x18, 0xff, 0x20, 0x18, 0x18, 0xff, 0x18, 0x18, 0x18, 0xff,
    0x20, 0x18, 0x18, 0xff, 0x20, 0x18, 0x18, 0xff, 0x18, 0x18, 0x18, 0xff,
    0x20, 0x18, 0x18, 0xff, 0x20, 0x18, 0x18, 0xff, 0x18, 0x18, 0x18, 0xff,
    0x20, 0x18, 0x18, 0xff, 0x20, 0x18, 0x18, 0xff, 0x18, 0x18, 0x18, 0xff,
    0x20, 0x18, 0x18, 0xff, 0x20, 0x18, 0x18, 0xff, 0x18, 0x18, 0x18, 0xff,
    0x20, 0x18, 0x18, 0xff, 0x20, 0x18, 0x18, 0xff, 0x18, 0x18, 0x18, 0xff,
    0x20, 0x18, 0x18, 0xff, 0x20, 0x18, 0x18, 0xff, 0x18, 0x18, 0x18, 0xff,
    0x20, 0x18, 0x18, 0xff, 0x20, 0x18, 0x18, 0xff, 0x18, 0x18, 0x18, 0xff,
    0x20, 0x18, 0x18, 0xff, 0x20, 0x18, 0x18, 0xff, 0x18, 0x18, 0x18, 0xff,
    0x20, 0x18, 0x18, 0xff, 0x20, 0x18, 0x18, 0xff, 0x18, 0x18, 0x18, 0xff,
    0x20, 0x18, 0x18, 0xff, 0x20, 0x18, 0x18, 0xff, 0x18, 0x18, 0x18, 0xff,
    0x20, 0x18, 0x18, 0xff, 0x20, 0x18, 0x18, 0xff, 0x18, 0x18, 0x18, 0xff,
    0x20, 0x18, 0x18, 0xff, 0x20, 0x18, 0x18, 0xff, 0x18, 0x18, 0x18, 0xff,
    0x20, 0x18, 0x18, 0xff, 0x20, 0x18, 0x18, 0xff, 0x18, 0x18, 0x18, 0xff,
    0x20, 0x18, 0x18, 0xff, 0x20, 0x18, 0x18, 0xff, 0x18, 0x18, 0x18, 0xff,
    0x20, 0x18, 0x18, 0xff, 0x20, 0x18, 0x18, 0xff, 0x18, 0x18, 0x18, 0xff,
    0x20, 0x18, 0x18, 0xff, 0x20, 0x18, 0x18, 0xff, 0x18, 0x18, 0x18, 0xff,
    0x20, 0x18, 0x18, 0xff, 0x20, 0x18, 0x18, 0xff, 0x18, 0x18, 0x18, 0xff,
    0x20, 0x18, 0x18, 0xff, 0x20, 0x18, 0x18, 0xff, 0x18, 0x18, 0x18, 0xff,
    0x20, 0x18, 0x18, 0xff, 0x20, 0x18, 0x18, 0xff, 0x18, 0x18, 0x18, 0xff,
    0x20, 0x18, 0x18, 0xff, 0x20, 0x18, 0x18, 0xff, 0x18, 0x18, 0x18, 0xff,
    0x20, 0x18, 0x18, 0xff, 0x20, 0x18, 0x18, 0xff, 0x18, 0x18, 0x18, 0xff,
    0x18, 0x18, 0x18, 0xff, 0x20, 0x18, 0x18, 0xff, 0x18, 0x18, 0x18, 0xff,
    0x18, 0x18, 0x18, 0xff, 0x20, 0x18, 0x18, 0xff, 0x18, 0x18, 0x18, 0xff,
    0x20, 0x18, 0x18, 0xff, 0x48, 0x44, 0x40, 0xf3, 0x78, 0x74, 0x70, 0x71,
    0xf8, 0xfc, 0xf8, 0x00, 0xf8, 0xfc, 0xf8, 0x00, 0xf8, 0xfc, 0xf8, 0x00,
    0xf8, 0xfc, 0xf8, 0x00, 0xf8, 0xfc, 0xf8, 0x00, 0xf8, 0xfc, 0xf8, 0x00,
    0xf8, 0xfc, 0xf8, 0x00, 0xf8, 0xfc, 0xf8, 0x00, 0x78, 0x74, 0x70, 0xb6,
    0x40, 0x3c, 0x40, 0xff, 0x30, 0x30, 0x30, 0xff, 0x30, 0x30, 0x30, 0xff,
    0x30, 0x30, 0x30, 0xff, 0x30, 0x30, 0x30, 0xff, 0x30, 0x30, 0x30, 0xff,
    0x30, 0x30, 0x30, 0xff, 0x30, 0x30, 0x30, 0xff, 0x30, 0x30, 0x30, 0xff,
    0x30, 0x30, 0x30, 0xff, 0x30, 0x30, 0x30, 0xff, 0x30, 0x30, 0x30, 0xff,
    0x30, 0x30, 0x30, 0xff, 0x30, 0x30, 0x30, 0xff, 0x30, 0x30, 0x30, 0xff,
    0x30, 0x30, 0x28, 0xff, 0x30, 0x30, 0x30, 0xff, 0x30, 0x30, 0x30, 0xff,
    0x30, 0x30, 0x28, 0xff, 0x30, 0x30, 0x30, 0xff, 0x30, 0x30, 0x30, 0xff,
    0x30, 0x30, 0x28, 0xff, 0x30, 0x30, 0x30, 0xff, 0x30, 0x30, 0x30, 0xff,
    0x30, 0x30, 0x28, 0xff, 0x30, 0x2c, 0x30, 0xff, 0x30, 0x30, 0x30, 0xff,
    0x30, 0x2c, 0x28, 0xff, 0x30, 0x2c, 0x30, 0xff, 0x30, 0x30, 0x30, 0xff,
    0x30, 0x30, 0x28, 0xff, 0x30, 0x2c, 0x30, 0xff, 0x30, 0x2c, 0x30, 0xff,
    0x30, 0x30, 0x28, 0xff, 0x30, 0x2c, 0x30, 0xff, 0x30, 0x2c, 0x28, 0xff,
    0x30, 0x30, 0x30, 0xff, 0x30, 0x2c, 0x28, 0xff, 0x30, 0x2c, 0x28, 0xff,
    0x30, 0x2c, 0x30, 0xff, 0x30, 0x2c, 0x28, 0xff, 0x30, 0x2c, 0x30, 0xff,
    0x30, 0x30, 0x28, 0xff, 0x28, 0x2c, 0x28, 0xff, 0x30, 0x2c, 0x30, 0xff,
    0x30, 0x2c, 0x28, 0xff, 0x28, 0x30, 0x30, 0xff, 0x30, 0x2c, 0x30, 0xff,
    0x30, 0x2c, 0x28, 0xff, 0x28, 0x2c, 0x28, 0xff, 0x30, 0x2c, 0x30, 0xff,
    0x30, 0x2c, 0x28, 0xff, 0x28, 0x2c, 0x28, 0xff, 0x30, 0x2c, 0x30, 0xff,
    0x30, 0x2c, 0x28, 0xff, 0x28, 0x2c, 0x28, 0xff, 0x30, 0x2c, 0x30, 0xff,
    0x30, 0x2c, 0x28, 0xff, 0x28, 0x2c, 0x28, 0xff, 0x30, 0x2c, 0x30, 0xff,
    0x30, 0x2c, 0x28, 0xff, 0x28, 0x2c, 0x28, 0xff, 0x30, 0x2c, 0x30, 0xff,
    0x30, 0x28, 0x28, 0xff, 0x28, 0x2c, 0x28, 0xff, 0x30, 0x2c, 0x30, 0xff,
    0x30, 0x2c, 0x28, 0xff, 0x28, 0x28, 0x28, 0xff, 0x30, 0x2c, 0x30, 0xff,
    0x30, 0x2c, 0x28, 0xff, 0x28, 0x2c, 0x28, 0xff, 0x30, 0x2c, 0x30, 0xff,
    0x30, 0x28, 0x28, 0xff, 0x28, 0x2c, 0x28, 0xff, 0x30, 0x2c, 0x28, 0xff,
    0x30, 0x28, 0x28, 0xff, 0x28, 0x2c, 0x28, 0xff, 0x28, 0x28, 0x28, 0xff,
    0x30, 0x2c, 0x28, 0xff, 0x28, 0x28, 0x28, 0xff, 0x28, 0x2c, 0x28, 0xff,
    0x28, 0x28, 0x28, 0xff, 0x30, 0x28, 0x28, 0xff, 0x28, 0x2c, 0x28, 0xff,
    0x28, 0x28, 0x28, 0xff, 0x30, 0x28, 0x28, 0xff, 0x28, 0x28, 0x28, 0xff,
    0x28, 0x2c, 0x28, 0xff, 0x30, 0x28, 0x28, 0xff, 0x28, 0x28, 0x28, 0xff,
    0x28, 0x2c, 0x28, 0xff, 0x30, 0x28, 0x28, 0xff, 0x30, 0x28, 0x28, 0xff,
    0x28, 0x2c, 0x28, 0xff, 0x30, 0x28, 0x28, 0xff, 0x28, 0x28, 0x28, 0xff,
    0x28, 0x28, 0x28, 0xff, 0x30, 0x28, 0x28, 0xff, 0x28, 0x28, 0x28, 0xff,
    0x28, 0x28, 0x28, 0xff, 0x30, 0x28, 0x28, 0xff, 0x28, 0x28, 0x28, 0xff,
    0x28, 0x28, 0x28, 0xff, 0x30, 0x28, 0x20, 0xff, 0x28, 0x28, 0x28, 0xff,
    0x28, 0x28, 0x28, 0xff, 0x28, 0x28, 0x28, 0xff, 0x28, 0x28, 0x28, 0xff,
    0x28, 0x28, 0x20, 0xff, 0x28, 0x28, 0x20, 0xff, 0x28, 0x28, 0x28, 0xff,
    0x28, 0x24, 0x20, 0xff, 0x28, 0x28, 0x20, 0xff, 0x28, 0x24, 0x28, 0xff,
    0x28, 0x28, 0x20, 0xff, 0x28, 0x24, 0x20, 0xff, 0x28, 0x28, 0x28, 0xff,
    0x28, 0x24, 0x20, 0xff, 0x28, 0x28, 0x20, 0xff, 0x28, 0x24, 0x28, 0xff,
    0x28, 0x28, 0x28, 0xff, 0x28, 0x28, 0x20, 0xff, 0x28, 0x24, 0x28, 0xff,
    0x28, 0x28, 0x20, 0xff, 0x28, 0x24, 0x20, 0xff, 0x28, 0x24, 0x20, 0xff,
    0x28, 0x28, 0x20, 0xff, 0x28, 0x24, 0x20, 0xff, 0x28, 0x28, 0x20, 0xff,
    0x28, 0x24, 0x20, 0xff, 0x28, 0x28, 0x20, 0xff, 0x28, 0x24, 0x20, 0xff,
    0x28, 0x28, 0x28, 0xff, 0x28, 0x24, 0x28, 0xff, 0x28, 0x24, 0x20, 0xff,
    0x28, 0x24, 0x28, 0xff, 0x28, 0x28, 0x20, 0xff, 0x28, 0x24, 0x20, 0xff,
    0x28, 0x28, 0x28, 0xff, 0x28, 0x24, 0x20, 0xff, 0x20, 0x28, 0x20, 0xff,
    0x28, 0x24, 0x28, 0xff, 0x28, 0x28, 0x20, 0xff, 0x28, 0x24, 0x20, 0xff,
    0x28, 0x28, 0x28, 0xff, 0x28, 0x24, 0x20, 0xff, 0x28, 0x24, 0x28, 0xff,
    0x28, 0x24, 0x20, 0xff, 0x20, 0x24, 0x20, 0xff, 0x28, 0x24, 0x28, 0xff,
    0x20, 0x24, 0x20, 0xff, 0x20, 0x24, 0x20, 0xff, 0x28, 0x24, 0x28, 0xff,
    0x20, 0x24, 0x20, 0xff, 0x20, 0x24, 0x20, 0xff, 0x28, 0x24, 0x28, 0xff,
    0x20, 0x24, 0x20, 0xff, 0x20, 0x24, 0x20, 0xff, 0x28, 0x24, 0x28, 0xff,
    0x20, 0x24, 0x20, 0xff, 0x20, 0x24, 0x20, 0xff, 0x28, 0x20, 0x20, 0xff,
    0x28, 0x24, 0x28, 0xff, 0x20, 0x20, 0x20, 0xff, 0x28, 0x20, 0x20, 0xff,
    0x28, 0x24, 0x28, 0xff, 0x20, 0x24, 0x20, 0xff, 0x28, 0x20, 0x20, 0xff,
    0x28, 0x24, 0x28, 0xff, 0x20, 0x24, 0x20, 0xff, 0x28, 0x20, 0x20, 0xff,
    0x28, 0x20, 0x28, 0xff, 0x20, 0x24, 0x20, 0xff, 0x28, 0x24, 0x20, 0xff,
    0x28, 0x20, 0x20, 0xff, 0x20, 0x24, 0x20, 0xff, 0x28, 0x20, 0x20, 0xff,
    0x28, 0x20, 0x20, 0xff, 0x20, 0x24, 0x20, 0xff, 0x28, 0x20, 0x20, 0xff,
    0x20, 0x20, 0x20, 0xff, 0x20, 0x24, 0x20, 0xff, 0x28, 0x24, 0x20, 0xff,
    0x20, 0x20, 0x20, 0xff, 0x20, 0x24, 0x20, 0xff, 0x28, 0x20, 0x20, 0xff,
    0x20, 0x20, 0x20, 0xff, 0x20, 0x24, 0x20, 0xff, 0x28, 0x20, 0x20, 0xff,
    0x20, 0x20, 0x20, 0xff, 0x20, 0x20, 0x20, 0xff, 0x28, 0x24, 0x20, 0xff,
    0x28, 0x20, 0x20, 0xff, 0x20, 0x20, 0x20, 0xff, 0x20, 0x20, 0x20, 0xff,
    0x28, 0x24, 0x20, 0xff, 0x20, 0x20, 0x20, 0xff, 0x20, 0x20, 0x20, 0xff,
    0x28, 0x20, 0x20, 0xff, 0x20, 0x20, 0x20, 0xff, 0x20, 0x24, 0x20, 0xff,
    0x28, 0x20, 0x20, 0xff, 0x20, 0x20, 0x20, 0xff, 0x20, 0x20, 0x20, 0xff,
    0x28, 0x20, 0x20, 0xff, 0x20, 0x20, 0x20, 0xff, 0x20, 0x20, 0x18, 0xff,
    0x28, 0x20, 0x20, 0xff, 0x20, 0x20, 0x20, 0xff, 0x20, 0x20, 0x18, 0xff,
    0x20, 0x20, 0x20, 0xff, 0x20, 0x20, 0x20, 0xff, 0x20, 0x20, 0x18, 0xff,
    0x20, 0x20, 0x20, 0xff, 0x20, 0x20, 0x20, 0xff, 0x20, 0x20, 0x18, 0xff,
    0x20, 0x20, 0x20, 0xff, 0x20, 0x20, 0x20, 0xff, 0x20, 0x20, 0x20, 0xff,
    0x20, 0x1c, 0x18, 0xff, 0x20, 0x20, 0x20, 0xff, 0x20, 0x20, 0x20, 0xff,
    0x20, 0x20, 0x20, 0xff, 0x20, 0x1c, 0x20, 0xff, 0x20, 0x20, 0x20, 0xff,
    0x20, 0x20, 0x20, 0xff, 0x20, 0x20, 0x18, 0xff, 0x20, 0x1c, 0x20, 0xff,
    0x20, 0x20, 0x20, 0xff, 0x20, 0x20, 0x20, 0xff, 0x20, 0x20, 0x20, 0xff,
    0x20, 0x20, 0x20, 0xff, 0x20, 0x1c, 0x18, 0xff, 0x20, 0x20, 0x20, 0xff,
    0x20, 0x20, 0x20, 0xff, 0x20, 0x1c, 0x18, 0xff, 0x20, 0x20, 0x20, 0xff,
    0x20, 0x1c, 0x20, 0xff, 0x20, 0x20, 0x18, 0xff, 0x20, 0x1c, 0x20, 0xff,
    0x20, 0x20, 0x20, 0xff, 0x20, 0x1c, 0x18, 0xff, 0x20, 0x20, 0x20, 0xff,
    0x20, 0x1c, 0x20, 0xff, 0x20, 0x20, 0x18, 0xff, 0x20, 0x1c, 0x20, 0xff,
    0x20, 0x20, 0x20, 0xff, 0x20, 0x1c, 0x18, 0xff, 0x20, 0x1c, 0x18, 0xff,
    0x20, 0x1c, 0x20, 0xff, 0x20, 0x20, 0x18, 0xff, 0x20, 0x1c, 0x20, 0xff,
    0x20, 0x1c, 0x18, 0xff, 0x20, 0x20, 0x20, 0xff, 0x20, 0x1c, 0x18, 0xff,
    0x20, 0x1c, 0x18, 0xff, 0x20, 0x20, 0x20, 0xff, 0x20, 0x1c, 0x18, 0xff,
    0x20, 0x1c, 0x18, 0xff, 0x20, 0x20, 0x20, 0xff, 0x20, 0x1c, 0x18, 0xff,
    0x20, 0x1c, 0x18, 0xff, 0x20, 0x20, 0x20, 0xff, 0x20, 0x1c, 0x18, 0xff,
    0x20, 0x1c, 0x18, 0xff, 0x20, 0x1c, 0x20, 0xff, 0x20, 0x1c, 0x18, 0xff,
    0x20, 0x1c, 0x18, 0xff, 0x20, 0x1c, 0x20, 0xff, 0x20, 0x1c, 0x18, 0xff,
    0x20, 0x1c, 0x18, 0xff, 0x20, 0x1c, 0x20, 0xff, 0x20, 0x1c, 0x18, 0xff,
    0x20, 0x1c, 0x18, 0xff, 0x20, 0x1c, 0x20, 0xff, 0x20, 0x1c, 0x18, 0xff,
    0x20, 0x1c, 0x18, 0xff, 0x20, 0x1c, 0x20, 0xff, 0x20, 0x1c, 0x18, 0xff,
    0x20, 0x1c, 0x18, 0xff, 0x20, 0x1c, 0x18, 0xff, 0x20, 0x1c, 0x20, 0xff,
    0x18, 0x1c, 0x18, 0xff, 0x20, 0x1c, 0x18, 0xff, 0x20, 0x18, 0x20, 0xff,
    0x20, 0x1c, 0x18, 0xff, 0x20, 0x18, 0x18, 0xff, 0x20, 0x1c, 0x20, 0xff,
    0x20, 0x18, 0x18, 0xff, 0x18, 0x1c, 0x18, 0xff, 0x20, 0x18, 0x18, 0xff,
    0x20, 0x1c, 0x18, 0xff, 0x20, 0x18, 0x20, 0xff, 0x20, 0x18, 0x18, 0xff,
    0x18, 0x1c, 0x18, 0xff, 0x20, 0x18, 0x20, 0xff, 0x20, 0x1c, 0x18, 0xff,
    0x18, 0x18, 0x18, 0xff, 0x20, 0x1c, 0x18, 0xff, 0x20, 0x18, 0x18, 0xff,
    0x18, 0x1c, 0x18, 0xff, 0x20, 0x1c, 0x18, 0xff, 0x20, 0x18, 0x18, 0xff,
    0x18, 0x1c, 0x18, 0xff, 0x20, 0x18, 0x18, 0xff, 0x20, 0x18, 0x18, 0xff,
    0x18, 0x1c, 0x18, 0xff, 0x20, 0x18, 0x18, 0xff, 0x20, 0x1c, 0x18, 0xff,
    0x18, 0x18, 0x18, 0xff, 0x20, 0x1c, 0x18, 0xff, 0x20, 0x18, 0x18, 0xff,
    0x18, 0x1c, 0x18, 0xff, 0x20, 0x18, 0x18, 0xff, 0x20, 0x1c, 0x18, 0xff,
    0x18, 0x18, 0x18, 0xff, 0x20, 0x18, 0x18, 0xff, 0x20, 0x1c, 0x18, 0xff,
    0x18, 0x18, 0x18, 0xff, 0x20, 0x1c, 0x18, 0xff, 0x20, 0x18, 0x18, 0xff,
    0x20, 0x1c, 0x18, 0xff, 0x20, 0x18, 0x18, 0xff, 0x18, 0x1c, 0x18, 0xff,
    0x18, 0x1c, 0x18, 0xff, 0x20, 0x18, 0x18, 0xff, 0x18, 0x18, 0x18, 0xff,
    0x18, 0x18, 0x18, 0xff, 0x20, 0x18, 0x18, 0xff, 0x18, 0x18, 0x18, 0xff,
    0x18, 0x18, 0x18, 0xff, 0x20, 0x18, 0x18, 0xff, 0x18, 0x18, 0x18, 0xff,
    0x18, 0x18, 0x18, 0xff, 0x20, 0x18, 0x18, 0xff, 0x18, 0x18, 0x18, 0xff,
    0x18, 0x18, 0x18, 0xff, 0x20, 0x18, 0x18, 0xff, 0x18, 0x18, 0x18, 0xff,
    0x18, 0x18, 0x18, 0xff, 0x20, 0x18, 0x18, 0xff, 0x18, 0x18, 0x18, 0xff,
    0x18, 0x18, 0x18, 0xff, 0x20, 0x18, 0x18, 0xff, 0x18, 0x18, 0x18, 0xff,
    0x18, 0x18, 0x18, 0xff, 0x20, 0x18, 0x18, 0xff, 0x18, 0x18, 0x18, 0xff,
    0x18, 0x18, 0x18, 0xff, 0x20, 0x18, 0x18, 0xff, 0x18, 0x18, 0x18, 0xff,
    0x18, 0x18, 0x18, 0xff, 0x20, 0x18, 0x18, 0xff, 0x18, 0x18, 0x18, 0xff,
    0x18, 0x18, 0x18, 0xff, 0x20, 0x18, 0x18, 0xff, 0x18, 0x18, 0x18, 0xff,
    0x18, 0x18, 0x18, 0xff, 0x20, 0x18, 0x18, 0xff, 0x18, 0x18, 0x18, 0xff,
    0x18, 0x18, 0x18, 0xff, 0x20, 0x18, 0x18, 0xff, 0x18, 0x18, 0x18, 0xff,
    0x18, 0x18, 0x18, 0xff, 0x20, 0x18, 0x18, 0xff, 0x18, 0x18, 0x18, 0xff,
    0x18, 0x18, 0x18, 0xff, 0x20, 0x18, 0x18, 0xff, 0x18, 0x18, 0x18, 0xff,
    0x18, 0x18, 0x18, 0xff, 0x20, 0x18, 0x18, 0xff, 0x18, 0x18, 0x18, 0xff,
    0x18, 0x18, 0x18, 0xff, 0x20, 0x18, 0x18, 0xff, 0x18, 0x18, 0x18, 0xff,
    0x18, 0x18, 0x18, 0xff, 0x20, 0x18, 0x18, 0xff, 0x18, 0x18, 0x18, 0xff,
    0x18, 0x18, 0x18, 0xff, 0x20, 0x18, 0x18, 0xff, 0x18, 0x18, 0x18, 0xff,
    0x18, 0x18, 0x18, 0xff, 0x20, 0x18, 0x18, 0xff, 0x18, 0x18, 0x18, 0xff,
    0x18, 0x18, 0x18, 0xff, 0x20, 0x18, 0x18, 0xff, 0x18, 0x18, 0x18, 0xff,
    0x18, 0x18, 0x18, 0xff, 0x20, 0x18, 0x18, 0xff, 0x18, 0x18, 0x18, 0xff,
    0x18, 0x18, 0x18, 0xff, 0x20, 0x18, 0x18, 0xff, 0x18, 0x18, 0x18, 0xff,
    0x18, 0x18, 0x18, 0xff, 0x20, 0x18, 0x18, 0xff, 0x18, 0x18, 0x18, 0xff,
    0x18, 0x18, 0x18, 0xff, 0x20, 0x18, 0x18, 0xff, 0x18, 0x18, 0x18, 0xff,
    0x18, 0x18, 0x18, 0xff, 0x20, 0x18, 0x18, 0xff, 0x18, 0x18, 0x18, 0xff,
    0x18, 0x18, 0x18, 0xff, 0x20, 0x18, 0x18, 0xff, 0x18, 0x18, 0x18, 0xff,
    0x18, 0x18, 0x18, 0xff, 0x20, 0x18, 0x18, 0xff, 0x18, 0x18, 0x18, 0xff,
    0x18, 0x18, 0x18, 0xff, 0x20, 0x18, 0x18, 0xff, 0x18, 0x18, 0x18, 0xff,
    0x18, 0x18, 0x18, 0xff, 0x20, 0x18, 0x18, 0xff, 0x18, 0x18, 0x18, 0xff,
    0x18, 0x18, 0x18, 0xff, 0x20, 0x18, 0x18, 0xff, 0x18, 0x18, 0x18, 0xff,
    0x18, 0x18, 0x18, 0xff, 0x20, 0x18, 0x18, 0xff, 0x18, 0x18, 0x18, 0xff,
    0x18, 0x18, 0x18, 0xff, 0x20, 0x18, 0x18, 0xff, 0x18, 0x18, 0x18, 0xff,
    0x18, 0x18, 0x18, 0xff, 0x20, 0x18, 0x18, 0xff, 0x18, 0x18, 0x18, 0xff,
    0x18, 0x18, 0x18, 0xff, 0x20, 0x18, 0x18, 0xff, 0x18, 0x18, 0x18, 0xff,
    0x18, 0x18, 0x18, 0xff, 0x20, 0x18, 0x18, 0xff, 0x18, 0x18, 0x18, 0xff,
    0x20, 0x18, 0x18, 0xff, 0x20, 0x18, 0x18, 0xff, 0x18, 0x18, 0x18, 0xff,
    0x20, 0x1c, 0x18, 0xff, 0x18, 0x18, 0x18, 0xff, 0x20, 0x18, 0x18, 0xff,
    0x18, 0x1c, 0x18, 0xff, 0x18, 0x18, 0x18, 0xff, 0x20, 0x18, 0x18, 0xff,
    0x28, 0x28, 0x28, 0xff, 0x68, 0x64, 0x68, 0xb6, 0xf8, 0xfc, 0xf8, 0x00,
    0xf8, 0xfc, 0xf8, 0x00, 0xf8, 0xfc, 0xf8, 0x00, 0xf8, 0xfc, 0xf8, 0x00,
    0xf8, 0xfc, 0xf8, 0x00, 0xf8, 0xfc, 0xf8, 0x00, 0x78, 0x78, 0x78, 0xaa,
    0x30, 0x30, 0x30, 0xff, 0x30, 0x30, 0x30, 0xff, 0x30, 0x30, 0x30, 0xff,
    0x30, 0x34, 0x30, 0xff, 0x30, 0x30, 0x30, 0xff, 0x30, 0x30, 0x30, 0xff,
    0x30, 0x30, 0x30, 0xff, 0x30, 0x30, 0x30, 0xff, 0x38, 0x30, 0x30, 0xff,
    0x30, 0x30, 0x30, 0xff, 0x30, 0x30, 0x30, 0xff, 0x38, 0x30, 0x30, 0xff,
    0x30, 0x30, 0x30, 0xff, 0x30, 0x30, 0x30, 0xff, 0x38, 0x30, 0x30, 0xff,
    0x30, 0x2c, 0x30, 0xff, 0x30, 0x30, 0x28, 0xff, 0x30, 0x2c, 0x30, 0xff,
    0x30, 0x2c, 0x30, 0xff, 0x30, 0x30, 0x28, 0xff, 0x30, 0x30, 0x30, 0xff,
    0x30, 0x2c, 0x30, 0xff, 0x30, 0x2c, 0x28, 0xff, 0x30, 0x30, 0x30, 0xff,
    0x30, 0x30, 0x30, 0xff, 0x30, 0x2c, 0x30, 0xff, 0x30, 0x2c, 0x28, 0xff,
    0x30, 0x30, 0x30, 0xff, 0x30, 0x30, 0x30, 0xff, 0x30, 0x2c, 0x30, 0xff,
    0x30, 0x2c, 0x28, 0xff, 0x30, 0x30, 0x30, 0xff, 0x30, 0x2c, 0x30, 0xff,
    0x30, 0x30, 0x28, 0xff, 0x30, 0x30, 0x30, 0xff, 0x30, 0x2c, 0x30, 0xff,
    0x30, 0x30, 0x30, 0xff, 0x30, 0x30, 0x28, 0xff, 0x30, 0x2c, 0x30, 0xff,
    0x30, 0x2c, 0x30, 0xff, 0x30, 0x30, 0x28, 0xff, 0x30, 0x2c, 0x30, 0xff,
    0x30, 0x2c, 0x28, 0xff, 0x28, 0x2c, 0x30, 0xff, 0x30, 0x2c, 0x30, 0xff,
    0x30, 0x2c, 0x28, 0xff, 0x28, 0x2c, 0x28, 0xff, 0x30, 0x30, 0x30, 0xff,
    0x30, 0x2c, 0x28, 0xff, 0x28, 0x2c, 0x28, 0xff, 0x30, 0x2c, 0x28, 0xff,
    0x30, 0x2c, 0x30, 0xff, 0x28, 0x2c, 0x28, 0xff, 0x30, 0x2c, 0x28, 0xff,
    0x30, 0x2c, 0x30, 0xff, 0x28, 0x2c, 0x28, 0xff, 0x30, 0x2c, 0x28, 0xff,
    0x30, 0x2c, 0x30, 0xff, 0x28, 0x2c, 0x28, 0xff, 0x30, 0x2c, 0x28, 0xff,
    0x30, 0x2c, 0x30, 0xff, 0x28, 0x2c, 0x28, 0xff, 0x30, 0x2c, 0x28, 0xff,
    0x30, 0x2c, 0x30, 0xff, 0x28, 0x2c, 0x28, 0xff, 0x30, 0x2c, 0x28, 0xff,
    0x30, 0x2c, 0x30, 0xff, 0x28, 0x2c, 0x28, 0xff, 0x28, 0x2c, 0x28, 0xff,
    0x30, 0x2c, 0x30, 0xff, 0x28, 0x28, 0x28, 0xff, 0x28, 0x2c, 0x28, 0xff,
    0x30, 0x2c, 0x28, 0xff, 0x28, 0x28, 0x28, 0xff, 0x28, 0x28, 0x28, 0xff,
    0x30, 0x28, 0x28, 0xff, 0x30, 0x2c, 0x28, 0xff, 0x28, 0x28, 0x28, 0xff,
    0x30, 0x28, 0x28, 0xff, 0x30, 0x2c, 0x28, 0xff, 0x30, 0x28, 0x28, 0xff,
    0x28, 0x2c, 0x28, 0xff, 0x28, 0x2c, 0x28, 0xff, 0x28, 0x28, 0x28, 0xff,
    0x30, 0x2c, 0x28, 0xff, 0x28, 0x2c, 0x28, 0xff, 0x28, 0x28, 0x28, 0xff,
    0x30, 0x28, 0x28, 0xff, 0x28, 0x28, 0x28, 0xff, 0x28, 0x28, 0x28, 0xff,
    0x30, 0x28, 0x28, 0xff, 0x28, 0x28, 0x28, 0xff, 0x28, 0x28, 0x28, 0xff,
    0x28, 0x28, 0x28, 0xff, 0x28, 0x28, 0x28, 0xff, 0x28, 0x2c, 0x28, 0xff,
    0x30, 0x28, 0x28, 0xff, 0x28, 0x28, 0x28, 0xff, 0x28, 0x28, 0x28, 0xff,
    0x30, 0x28, 0x28, 0xff, 0x28, 0x28, 0x20, 0xff, 0x28, 0x28, 0x28, 0xff,
    0x30, 0x28, 0x28, 0xff, 0x28, 0x28, 0x28, 0xff, 0x28, 0x28, 0x28, 0xff,
    0x30, 0x28, 0x28, 0xff, 0x28, 0x28, 0x28, 0xff, 0x28, 0x28, 0x28, 0xff,
    0x28, 0x28, 0x28, 0xff, 0x28, 0x28, 0x28, 0xff, 0x28, 0x28, 0x28, 0xff,
    0x28, 0x28, 0x28, 0xff, 0x28, 0x28, 0x28, 0xff, 0x28, 0x28, 0x28, 0xff,
    0x28, 0x28, 0x28, 0xff, 0x28, 0x24, 0x28, 0xff, 0x28, 0x28, 0x28, 0xff,
    0x28, 0x28, 0x28, 0xff, 0x28, 0x28, 0x28, 0xff, 0x28, 0x28, 0x28, 0xff,
    0x28, 0x28, 0x28, 0xff, 0x28, 0x24, 0x20, 0xff, 0x28, 0x28, 0x28, 0xff,
    0x28, 0x24, 0x28, 0xff, 0x28, 0x28, 0x28, 0xff, 0x28, 0x24, 0x28, 0xff,
    0x28, 0x28, 0x28, 0xff, 0x28, 0x24, 0x28, 0xff, 0x28, 0x24, 0x28, 0xff,
    0x28, 0x28, 0x28, 0xff, 0x28, 0x24, 0x28, 0xff, 0x28, 0x28, 0x28, 0xff,
    0x28, 0x28, 0x20, 0xff, 0x28, 0x24, 0x28, 0xff, 0x28, 0x28, 0x28, 0xff,
    0x28, 0x28, 0x20, 0xff, 0x20, 0x24, 0x28, 0xff, 0x28, 0x24, 0x28, 0xff,
    0x28, 0x24, 0x20, 0xff, 0x20, 0x24, 0x28, 0xff, 0x28, 0x24, 0x28, 0xff,
    0x28, 0x24, 0x20, 0xff, 0x28, 0x28, 0x28, 0xff, 0x28, 0x24, 0x28, 0xff,
    0x20, 0x24, 0x20, 0xff, 0x28, 0x24, 0x28, 0xff, 0x28, 0x28, 0x28, 0xff,
    0x20, 0x24, 0x20, 0xff, 0x28, 0x28, 0x28, 0xff, 0x28, 0x24, 0x20, 0xff,
    0x28, 0x24, 0x28, 0xff, 0x28, 0x24, 0x20, 0xff, 0x28, 0x24, 0x28, 0xff,
    0x28, 0x24, 0x20, 0xff, 0x28, 0x24, 0x20, 0xff, 0x28, 0x24, 0x28, 0xff,
    0x28, 0x24, 0x20, 0xff, 0x28, 0x24, 0x28, 0xff, 0x28, 0x24, 0x20, 0xff,
    0x28, 0x24, 0x20, 0xff, 0x28, 0x24, 0x28, 0xff, 0x28, 0x24, 0x20, 0xff,
    0x28, 0x24, 0x20, 0xff, 0x28, 0x24, 0x28, 0xff, 0x20, 0x24, 0x20, 0xff,
    0x28, 0x24, 0x20, 0xff, 0x28, 0x24, 0x20, 0xff, 0x20, 0x24, 0x20, 0xff,
    0x28, 0x24, 0x20, 0xff, 0x28, 0x24, 0x20, 0xff, 0x28, 0x24, 0x20, 0xff,
    0x28, 0x24, 0x20, 0xff, 0x28, 0x24, 0x20, 0xff, 0x28, 0x24, 0x28, 0xff,
    0x20, 0x24, 0x20, 0xff, 0x28, 0x20, 0x20, 0xff, 0x28, 0x24, 0x28, 0xff,
    0x20, 0x24, 0x20, 0xff, 0x28, 0x20, 0x20, 0xff, 0x20, 0x24, 0x28, 0xff,
    0x28, 0x20, 0x20, 0xff, 0x28, 0x24, 0x20, 0xff, 0x28, 0x20, 0x28, 0xff,
    0x28, 0x20, 0x20, 0xff, 0x20, 0x24, 0x20, 0xff, 0x28, 0x24, 0x28, 0xff,
    0x28, 0x20, 0x20, 0xff, 0x20, 0x24, 0x20, 0xff, 0x28, 0x24, 0x20, 0xff,
    0x28, 0x20, 0x20, 0xff, 0x20, 0x20, 0x20, 0xff, 0x28, 0x20, 0x20, 0xff,
    0x28, 0x20, 0x20, 0xff, 0x20, 0x20, 0x20, 0xff, 0x20, 0x20, 0x20, 0xff,
    0x28, 0x20, 0x20, 0xff, 0x20, 0x20, 0x20, 0xff, 0x28, 0x20, 0x20, 0xff,
    0x20, 0x24, 0x20, 0xff, 0x20, 0x20, 0x20, 0xff, 0x28, 0x20, 0x20, 0xff,
    0x20, 0x20, 0x20, 0xff, 0x28, 0x24, 0x20, 0xff, 0x20, 0x20, 0x20, 0xff,
    0x20, 0x20, 0x20, 0xff, 0x28, 0x20, 0x20, 0xff, 0x20, 0x20, 0x20, 0xff,
    0x28, 0x20, 0x20, 0xff, 0x20, 0x20, 0x20, 0xff, 0x20, 0x20, 0x20, 0xff,
    0x20, 0x20, 0x20, 0xff, 0x20, 0x20, 0x20, 0xff, 0x28, 0x20, 0x20, 0xff,
    0x20, 0x20, 0x20, 0xff, 0x20, 0x20, 0x20, 0xff, 0x28, 0x20, 0x20, 0xff,
    0x20, 0x20, 0x20, 0xff, 0x20, 0x20, 0x20, 0xff, 0x28, 0x20, 0x20, 0xff,
    0x20, 0x20, 0x20, 0xff, 0x20, 0x20, 0x20, 0xff, 0x28, 0x20, 0x18, 0xff,
    0x20, 0x20, 0x20, 0xff, 0x20, 0x20, 0x20, 0xff, 0x28, 0x20, 0x18, 0xff,
    0x20, 0x20, 0x20, 0xff, 0x20, 0x20, 0x20, 0xff, 0x28, 0x20, 0x20, 0xff,
    0x20, 0x20, 0x18, 0xff, 0x20, 0x20, 0x20, 0xff, 0x28, 0x1c, 0x18, 0xff,
    0x20, 0x20, 0x20, 0xff, 0x20, 0x20, 0x20, 0xff, 0x28, 0x1c, 0x18, 0xff,
    0x20, 0x1c, 0x20, 0xff, 0x20, 0x1c, 0x20, 0xff, 0x28, 0x20, 0x18, 0xff,
    0x20, 0x1c, 0x20, 0xff, 0x20, 0x1c, 0x20, 0xff, 0x28, 0x20, 0x18, 0xff,
    0x20, 0x1c, 0x20, 0xff, 0x20, 0x1c, 0x20, 0xff, 0x20, 0x20, 0x18, 0xff,
    0x20, 0x1c, 0x20, 0xff, 0x20, 0x1c, 0x20, 0xff, 0x20, 0x20, 0x18, 0xff,
    0x20, 0x1c, 0x20, 0xff, 0x20, 0x1c, 0x20, 0xff, 0x20, 0x20, 0x18, 0xff,
    0x20, 0x1c, 0x20, 0xff, 0x20, 0x1c, 0x18, 0xff, 0x20, 0x1c, 0x20, 0xff,
    0x20, 0x1c, 0x18, 0xff, 0x20, 0x1c, 0x20, 0xff, 0x20, 0x1c, 0x18, 0xff,
    0x20, 0x1c, 0x20, 0xff, 0x20, 0x1c, 0x20, 0xff, 0x20, 0x1c, 0x18, 0xff,
    0x20, 0x1c, 0x20, 0xff, 0x20, 0x1c, 0x18, 0xff, 0x20, 0x1c, 0x20, 0xff,
    0x20, 0x1c, 0x18, 0xff, 0x20, 0x1c, 0x20, 0xff, 0x20, 0x1c, 0x20, 0xff,
    0x18, 0x1c, 0x18, 0xff, 0x20, 0x1c, 0x20, 0xff, 0x20, 0x1c, 0x18, 0xff,
    0x18, 0x1c, 0x18, 0xff, 0x20, 0x1c, 0x20, 0xff, 0x20, 0x1c, 0x18, 0xff,
    0x18, 0x1c, 0x20, 0xff, 0x20, 0x1c, 0x18, 0xff, 0x20, 0x1c, 0x20, 0xff,
    0x18, 0x1c, 0x18, 0xff, 0x20, 0x1c, 0x18, 0xff, 0x20, 0x1c, 0x20, 0xff,
    0x18, 0x1c, 0x20, 0xff, 0x20, 0x1c, 0x18, 0xff, 0x20, 0x1c, 0x18, 0xff,
    0x18, 0x1c, 0x20, 0xff, 0x20, 0x1c, 0x18, 0xff, 0x20, 0x1c, 0x18, 0xff,
    0x20, 0x1c, 0x18, 0xff, 0x20, 0x1c, 0x18, 0xff, 0x18, 0x1c, 0x18, 0xff,
    0x20, 0x1c, 0x18, 0xff, 0x20, 0x18, 0x18, 0xff, 0x18, 0x1c, 0x18, 0xff,
    0x20, 0x1c, 0x18, 0xff, 0x20, 0x1c, 0x18, 0xff, 0x20, 0x18, 0x18, 0xff,
    0x18, 0x1c, 0x18, 0xff, 0x20, 0x1c, 0x18, 0xff, 0x20, 0x1c, 0x18, 0xff,
    0x20, 0x1c, 0x18, 0xff, 0x20, 0x1c, 0x18, 0xff, 0x18, 0x1c, 0x18, 0xff,
    0x20, 0x1c, 0x18, 0xff, 0x20, 0x1c, 0x18, 0xff, 0x18, 0x18, 0x20, 0xff,
    0x20, 0x1c, 0x18, 0xff, 0x20, 0x1c, 0x20, 0xff, 0x18, 0x1c, 0x18, 0xff,
    0x20, 0x18, 0x18, 0xff, 0x20, 0x18, 0x18, 0xff, 0x18, 0x1c, 0x18, 0xff,
    0x20, 0x1c, 0x18, 0xff, 0x20, 0x18, 0x18, 0xff, 0x18, 0x18, 0x18, 0xff,
    0x20, 0x1c, 0x18, 0xff, 0x20, 0x18, 0x18, 0xff, 0x18, 0x1c, 0x18, 0xff,
    0x20, 0x1c, 0x18, 0xff, 0x20, 0x18, 0x18, 0xff, 0x18, 0x1c, 0x18, 0xff,
    0x20, 0x18, 0x18, 0xff, 0x20, 0x1c, 0x18, 0xff, 0x18, 0x18, 0x18, 0xff,
    0x20, 0x1c, 0x18, 0xff, 0x20, 0x1c, 0x18, 0xff, 0x18, 0x18, 0x18, 0xff,
    0x18, 0x1c, 0x18, 0xff, 0x20, 0x18, 0x18, 0xff, 0x20, 0x18, 0x18, 0xff,
    0x18, 0x18, 0x20, 0xff, 0x20, 0x1c, 0x18, 0xff, 0x20, 0x18, 0x18, 0xff,
    0x18, 0x18, 0x18, 0xff, 0x20, 0x1c, 0x18, 0xff, 0x20, 0x1c, 0x18, 0xff,
    0x18, 0x18, 0x18, 0xff, 0x20, 0x1c, 0x18, 0xff, 0x20, 0x18, 0x18, 0xff,
    0x18, 0x1c, 0x18, 0xff, 0x20, 0x18, 0x18, 0xff, 0x18, 0x1c, 0x18, 0xff,
    0x20, 0x18, 0x18, 0xff, 0x20, 0x1c, 0x18, 0xff, 0x18, 0x18, 0x18, 0xff,
    0x20, 0x1c, 0x18, 0xff, 0x18, 0x18, 0x18, 0xff, 0x20, 0x1c, 0x18, 0xff,
    0x18, 0x18, 0x18, 0xff, 0x20, 0x1c, 0x18, 0xff, 0x20, 0x18, 0x18, 0xff,
    0x18, 0x1c, 0x18, 0xff, 0x20, 0x18, 0x18, 0xff, 0x20, 0x1c, 0x18, 0xff,
    0x18, 0x18, 0x18, 0xff, 0x20, 0x1c, 0x18, 0xff, 0x18, 0x18, 0x18, 0xff,
    0x20, 0x1c, 0x18, 0xff, 0x20, 0x18, 0x18, 0xff, 0x18, 0x1c, 0x18, 0xff,
    0x20, 0x18, 0x18, 0xff, 0x18, 0x1c, 0x18, 0xff, 0x20, 0x18, 0x18, 0xff,
    0x18, 0x1c, 0x18, 0xff, 0x20, 0x18, 0x18, 0xff, 0x20, 0x1c, 0x18, 0xff,
    0x18, 0x18, 0x18, 0xff, 0x20, 0x1c, 0x18, 0xff, 0x20, 0x18, 0x18, 0xff,
    0x18, 0x1c, 0x18, 0xff, 0x20, 0x18, 0x18, 0xff, 0x18, 0x1c, 0x18, 0xff,
    0x20, 0x18, 0x18, 0xff, 0x20, 0x1c, 0x18, 0xff, 0x18, 0x18, 0x18, 0xff,
    0x20, 0x1c, 0x18, 0xff, 0x18, 0x18, 0x18, 0xff, 0x20, 0x1c, 0x18, 0xff,
    0x18, 0x18, 0x18, 0xff, 0x20, 0x1c, 0x18, 0xff, 0x20, 0x18, 0x18, 0xff,
    0x18, 0x1c, 0x18, 0xff, 0x20, 0x18, 0x18, 0xff, 0x20, 0x1c, 0x18, 0xff,
    0x18, 0x18, 0x18, 0xff, 0x20, 0x1c, 0x18, 0xff, 0x18, 0x18, 0x18, 0xff,
    0x20, 0x1c, 0x18, 0xff, 0x20, 0x18, 0x18, 0xff, 0x18, 0x1c, 0x18, 0xff,
    0x20, 0x18, 0x18, 0xff, 0x18, 0x1c, 0x18, 0xff, 0x20, 0x18, 0x18, 0xff,
    0x18, 0x1c, 0x18, 0xff, 0x20, 0x18, 0x18, 0xff, 0x20, 0x1c, 0x18, 0xff,
    0x18, 0x18, 0x18, 0xff, 0x20, 0x1c, 0x18, 0xff, 0x20, 0x18, 0x18, 0xff,
    0x18, 0x1c, 0x18, 0xff, 0x20, 0x18, 0x18, 0xff, 0x18, 0x1c, 0x18, 0xff,
    0x20, 0x18, 0x18, 0xff, 0x20, 0x1c, 0x18, 0xff, 0x18, 0x18, 0x18, 0xff,
    0x20, 0x1c, 0x18, 0xff, 0x18, 0x18, 0x18, 0xff, 0x20, 0x1c, 0x18, 0xff,
    0x18, 0x18, 0x18, 0xff, 0x20, 0x1c, 0x18, 0xff, 0x20, 0x18, 0x18, 0xff,
    0x18, 0x1c, 0x18, 0xff, 0x20, 0x18, 0x18, 0xff, 0x20, 0x1c, 0x18, 0xff,
    0x18, 0x18, 0x18, 0xff, 0x20, 0x1c, 0x18, 0xff, 0x18, 0x18, 0x18, 0xff,
    0x20, 0x1c, 0x18, 0xff, 0x20, 0x18, 0x18, 0xff, 0x18, 0x1c, 0x18, 0xff,
    0x20, 0x18, 0x18, 0xff, 0x18, 0x1c, 0x18, 0xff, 0x20, 0x18, 0x18, 0xff,
    0x18, 0x1c, 0x18, 0xff, 0x20, 0x18, 0x18, 0xff, 0x20, 0x1c, 0x18, 0xff,
    0x18, 0x18, 0x18, 0xff, 0x20, 0x1c, 0x18, 0xff, 0x20, 0x18, 0x18, 0xff,
    0x18, 0x1c, 0x18, 0xff, 0x20, 0x18, 0x18, 0xff, 0x18, 0x1c, 0x18, 0xff,
    0x20, 0x18, 0x18, 0xff, 0x20, 0x1c, 0x18, 0xff, 0x18, 0x18, 0x18, 0xff,
    0x20, 0x1c, 0x18, 0xff, 0x20, 0x18, 0x18, 0xff, 0x18, 0x1c, 0x18, 0xff,
    0x18, 0x18, 0x18, 0xff, 0x20, 0x1c, 0x18, 0xff, 0x18, 0x18, 0x18, 0xff,
    0x20, 0x18, 0x18, 0xff, 0x18, 0x1c, 0x18, 0xff, 0x20, 0x18, 0x18, 0xff,
    0x20, 0x18, 0x18, 0xff, 0x18, 0x1c, 0x18, 0xff, 0x20, 0x18, 0x18, 0xff,
    0x18, 0x18, 0x18, 0xff, 0x18, 0x18, 0x18, 0xff, 0x20, 0x18, 0x18, 0xff,
    0x70, 0x70, 0x70, 0xa2, 0xf8, 0xfc, 0xf8, 0x00, 0xf8, 0xfc, 0xf8, 0x00,
    0xf8, 0xfc, 0xf8, 0x00, 0xf8, 0xfc, 0xf8, 0x00, 0x90, 0x8c, 0x88, 0x65,
    0x40, 0x3c, 0x40, 0xff, 0x30, 0x30, 0x30, 0xff, 0x30, 0x34, 0x30, 0xff,
    0x30, 0x30, 0x30, 0xff, 0x38, 0x30, 0x30, 0xff, 0x30, 0x30, 0x30, 0xff,
    0x30, 0x30, 0x30, 0xff, 0x30, 0x30, 0x30, 0xff, 0x30, 0x30, 0x28, 0xff,
    0x30, 0x30, 0x30, 0xff, 0x30, 0x30, 0x30, 0xff, 0x30, 0x30, 0x30, 0xff,
    0x30, 0x30, 0x30, 0xff, 0x30, 0x30, 0x30, 0xff, 0x30, 0x30, 0x28, 0xff,
    0x30, 0x30, 0x30, 0xff, 0x30, 0x30, 0x30, 0xff, 0x38, 0x30, 0x30, 0xff,
    0x30, 0x30, 0x30, 0xff, 0x30, 0x30, 0x30, 0xff, 0x30, 0x30, 0x30, 0xff,
    0x30, 0x30, 0x30, 0xff, 0x30, 0x30, 0x30, 0xff, 0x30, 0x2c, 0x30, 0xff,
    0x30, 0x30, 0x28, 0xff, 0x30, 0x30, 0x30, 0xff, 0x30, 0x30, 0x30, 0xff,
    0x30, 0x2c, 0x28, 0xff, 0x30, 0x30, 0x28, 0xff, 0x30, 0x30, 0x30, 0xff,
    0x30, 0x2c, 0x28, 0xff, 0x30, 0x30, 0x30, 0xff, 0x30, 0x2c, 0x30, 0xff,
    0x30, 0x30, 0x28, 0xff, 0x30, 0x2c, 0x30, 0xff, 0x30, 0x2c, 0x30, 0xff,
    0x30, 0x30, 0x28, 0xff, 0x30, 0x2c, 0x30, 0xff, 0x30, 0x30, 0x30, 0xff,
    0x30, 0x2c, 0x28, 0xff, 0x30, 0x2c, 0x28, 0xff, 0x30, 0x30, 0x30, 0xff,
    0x30, 0x2c, 0x28, 0xff, 0x28, 0x2c, 0x28, 0xff, 0x30, 0x30, 0x30, 0xff,
    0x30, 0x2c, 0x30, 0xff, 0x30, 0x30, 0x28, 0xff, 0x30, 0x2c, 0x30, 0xff,
    0x30, 0x2c, 0x28, 0xff, 0x30, 0x2c, 0x30, 0xff, 0x30, 0x2c, 0x28, 0xff,
    0x30, 0x2c, 0x30, 0xff, 0x30, 0x2c, 0x28, 0xff, 0x30, 0x2c, 0x28, 0xff,
    0x30, 0x2c, 0x30, 0xff, 0x28, 0x2c, 0x28, 0xff, 0x30, 0x2c, 0x28, 0xff,
    0x30, 0x2c, 0x30, 0xff, 0x28, 0x2c, 0x28, 0xff, 0x30, 0x2c, 0x28, 0xff,
    0x30, 0x2c, 0x30, 0xff, 0x28, 0x2c, 0x28, 0xff, 0x30, 0x2c, 0x28, 0xff,
    0x30, 0x28, 0x28, 0xff, 0x28, 0x28, 0x28, 0xff, 0x30, 0x2c, 0x28, 0xff,
    0x30, 0x28, 0x28, 0xff, 0x28, 0x28, 0x28, 0xff, 0x28, 0x2c, 0x28, 0xff,
    0x30, 0x2c, 0x28, 0xff, 0x30, 0x28, 0x28, 0xff, 0x28, 0x2c, 0x30, 0xff,
    0x30, 0x2c, 0x28, 0xff, 0x30, 0x2c, 0x28, 0xff, 0x28, 0x28, 0x28, 0xff,
    0x28, 0x2c, 0x28, 0xff, 0x30, 0x2c, 0x28, 0xff, 0x28, 0x28, 0x28, 0xff,
    0x28, 0x2c, 0x28, 0xff, 0x30, 0x2c, 0x28, 0xff, 0x28, 0x28, 0x28, 0xff,
    0x30, 0x28, 0x28, 0xff, 0x28, 0x2c, 0x28, 0xff, 0x30, 0x28, 0x28, 0xff,
    0x28, 0x28, 0x28, 0xff, 0x30, 0x2c, 0x28, 0xff, 0x28, 0x28, 0x28, 0xff,
    0x28, 0x28, 0x28, 0xff, 0x30, 0x2c, 0x28, 0xff, 0x28, 0x28, 0x28, 0xff,
    0x28, 0x2c, 0x28, 0xff, 0x30, 0x28, 0x28, 0xff, 0x28, 0x2c, 0x28, 0xff,
    0x28, 0x28, 0x28, 0xff, 0x30, 0x28, 0x28, 0xff, 0x28, 0x2c, 0x28, 0xff,
    0x28, 0x28, 0x28, 0xff, 0x28, 0x28, 0x28, 0xff, 0x28, 0x2c, 0x28, 0xff,
    0x28, 0x28, 0x28, 0xff, 0x28, 0x28, 0x28, 0xff, 0x28, 0x28, 0x28, 0xff,
    0x28, 0x28, 0x28, 0xff, 0x28, 0x28, 0x28, 0xff, 0x28, 0x28, 0x20, 0xff,
    0x28, 0x28, 0x28, 0xff, 0x28, 0x28, 0x28, 0xff, 0x30, 0x28, 0x20, 0xff,
    0x28, 0x28, 0x28, 0xff, 0x28, 0x28, 0x28, 0xff, 0x28, 0x28, 0x28, 0xff,
    0x28, 0x28, 0x28, 0xff, 0x28, 0x24, 0x28, 0xff, 0x28, 0x28, 0x20, 0xff,
    0x28, 0x28, 0x28, 0xff, 0x28, 0x28, 0x28, 0xff, 0x28, 0x28, 0x28, 0xff,
    0x28, 0x28, 0x28, 0xff, 0x28, 0x24, 0x20, 0xff, 0x28, 0x28, 0x28, 0xff,
    0x28, 0x28, 0x28, 0xff, 0x28, 0x28, 0x28, 0xff, 0x28, 0x28, 0x28, 0xff,
    0x28, 0x28, 0x28, 0xff, 0x28, 0x24, 0x20, 0xff, 0x28, 0x24, 0x28, 0xff,
    0x28, 0x28, 0x20, 0xff, 0x28, 0x28, 0x28, 0xff, 0x28, 0x24, 0x28, 0xff,
    0x28, 0x28, 0x20, 0xff, 0x28, 0x28, 0x28, 0xff, 0x28, 0x24, 0x28, 0xff,
    0x28, 0x24, 0x28, 0xff, 0x28, 0x28, 0x20, 0xff, 0x28, 0x24, 0x28, 0xff,
    0x28, 0x24, 0x28, 0xff, 0x28, 0x28, 0x20, 0xff, 0x28, 0x24, 0x20, 0xff,
    0x28, 0x24, 0x28, 0xff, 0x28, 0x28, 0x20, 0xff, 0x28, 0x24, 0x28, 0xff,
    0x28, 0x24, 0x28, 0xff, 0x28, 0x24, 0x20, 0xff, 0x28, 0x24, 0x20, 0xff,
    0x28, 0x24, 0x28, 0xff, 0x28, 0x24, 0x20, 0xff, 0x28, 0x24, 0x20, 0xff,
    0x28, 0x24, 0x28, 0xff, 0x28, 0x24, 0x20, 0xff, 0x28, 0x24, 0x28, 0xff,
    0x28, 0x24, 0x20, 0xff, 0x20, 0x24, 0x20, 0xff, 0x28, 0x24, 0x28, 0xff,
    0x28, 0x24, 0x20, 0xff, 0x28, 0x24, 0x20, 0xff, 0x28, 0x24, 0x28, 0xff,
    0x28, 0x24, 0x20, 0xff, 0x20, 0x24, 0x20, 0xff, 0x28, 0x24, 0x28, 0xff,
    0x28, 0x24, 0x20, 0xff, 0x28, 0x24, 0x20, 0xff, 0x28, 0x24, 0x28, 0xff,
    0x20, 0x24, 0x28, 0xff, 0x28, 0x20, 0x20, 0xff, 0x28, 0x24, 0x20, 0xff,
    0x20, 0x24, 0x20, 0xff, 0x28, 0x20, 0x28, 0xff, 0x20, 0x24, 0x20, 0xff,
    0x28, 0x20, 0x28, 0xff, 0x20, 0x24, 0x20, 0xff, 0x20, 0x20, 0x28, 0xff,
    0x28, 0x24, 0x28, 0xff, 0x20, 0x24, 0x20, 0xff, 0x20, 0x20, 0x20, 0xff,
    0x28, 0x24, 0x20, 0xff, 0x28, 0x24, 0x28, 0xff, 0x20, 0x20, 0x20, 0xff,
    0x28, 0x20, 0x20, 0xff, 0x28, 0x24, 0x20, 0xff, 0x20, 0x20, 0x20, 0xff,
    0x20, 0x24, 0x20, 0xff, 0x28, 0x24, 0x20, 0xff, 0x20, 0x20, 0x20, 0xff,
    0x20, 0x24, 0x20, 0xff, 0x28, 0x20, 0x20, 0xff, 0x20, 0x24, 0x20, 0xff,
    0x28, 0x20, 0x20, 0xff, 0x20, 0x20, 0x20, 0xff, 0x28, 0x24, 0x20, 0xff,
    0x20, 0x20, 0x28, 0xff, 0x28, 0x20, 0x20, 0xff, 0x20, 0x24, 0x20, 0xff,
    0x20, 0x20, 0x20, 0xff, 0x28, 0x20, 0x20, 0xff, 0x20, 0x24, 0x20, 0xff,
    0x20, 0x24, 0x20, 0xff, 0x28, 0x20, 0x20, 0xff, 0x20, 0x20, 0x20, 0xff,
    0x20, 0x24, 0x20, 0xff, 0x28, 0x20, 0x20, 0xff, 0x20, 0x20, 0x20, 0xff,
    0x20, 0x20, 0x20, 0xff, 0x28, 0x20, 0x20, 0xff, 0x20, 0x20, 0x20, 0xff,
    0x28, 0x24, 0x20, 0xff, 0x20, 0x20, 0x20, 0xff, 0x20, 0x20, 0x20, 0xff,
    0x28, 0x20, 0x20, 0xff, 0x20, 0x20, 0x20, 0xff, 0x28, 0x20, 0x20, 0xff,
    0x20, 0x20, 0x20, 0xff, 0x20, 0x20, 0x20, 0xff, 0x28, 0x20, 0x20, 0xff,
    0x20, 0x20, 0x20, 0xff, 0x20, 0x20, 0x20, 0xff, 0x28, 0x20, 0x20, 0xff,
    0x20, 0x20, 0x20, 0xff, 0x20, 0x20, 0x20, 0xff, 0x28, 0x20, 0x20, 0xff,
    0x20, 0x1c, 0x18, 0xff, 0x20, 0x20, 0x20, 0xff, 0x28, 0x20, 0x20, 0xff,
    0x20, 0x1c, 0x20, 0xff, 0x20, 0x1c, 0x18, 0xff, 0x28, 0x20, 0x20, 0xff,
    0x20, 0x20, 0x20, 0xff, 0x20, 0x1c, 0x18, 0xff, 0x20, 0x1c, 0x20, 0xff,
    0x20, 0x20, 0x20, 0xff, 0x20, 0x20, 0x20, 0xff, 0x20, 0x1c, 0x20, 0xff,
    0x20, 0x20, 0x20, 0xff, 0x20, 0x20, 0x18, 0xff, 0x20, 0x20, 0x20, 0xff,
    0x20, 0x1c, 0x20, 0xff, 0x20, 0x20, 0x18, 0xff, 0x20, 0x20, 0x20, 0xff,
    0x20, 0x1c, 0x18, 0xff, 0x20, 0x20, 0x20, 0xff, 0x20, 0x20, 0x20, 0xff,
    0x20, 0x1c, 0x18, 0xff, 0x20, 0x20, 0x20, 0xff, 0x20, 0x20, 0x18, 0xff,
    0x20, 0x1c, 0x20, 0xff, 0x20, 0x20, 0x20, 0xff, 0x20, 0x20, 0x18, 0xff,
    0x20, 0x1c, 0x20, 0xff, 0x20, 0x20, 0x18, 0xff, 0x20, 0x20, 0x20, 0xff,
    0x20, 0x20, 0x20, 0xff, 0x20, 0x1c, 0x18, 0xff, 0x20, 0x1c, 0x20, 0xff,
    0x20, 0x20, 0x18, 0xff, 0x20, 0x1c, 0x20, 0xff, 0x20, 0x20, 0x18, 0xff,
    0x20, 0x1c, 0x18, 0xff, 0x20, 0x20, 0x20, 0xff, 0x20, 0x1c, 0x18, 0xff,
    0x20, 0x20, 0x20, 0xff, 0x20, 0x1c, 0x18, 0xff, 0x20, 0x20, 0x20, 0xff,
    0x20, 0x1c, 0x20, 0xff, 0x20, 0x20, 0x18, 0xff, 0x20, 0x1c, 0x18, 0xff,
    0x20, 0x20, 0x20, 0xff, 0x20, 0x1c, 0x20, 0xff, 0x20, 0x20, 0x18, 0xff,
    0x20, 0x1c, 0x18, 0xff, 0x20, 0x1c, 0x20, 0xff, 0x20, 0x1c, 0x18, 0xff,
    0x20, 0x1c, 0x18, 0xff, 0x20, 0x1c, 0x18, 0xff, 0x20, 0x1c, 0x20, 0xff,
    0x20, 0x1c, 0x18, 0xff, 0x20, 0x1c, 0x20, 0xff, 0x20, 0x1c, 0x18, 0xff,
    0x20, 0x1c, 0x18, 0xff, 0x20, 0x1c, 0x20, 0xff, 0x20, 0x1c, 0x18, 0xff,
    0x20, 0x1c, 0x18, 0xff, 0x18, 0x1c, 0x20, 0xff, 0x20, 0x1c, 0x20, 0xff,
    0x18, 0x1c, 0x18, 0xff, 0x20, 0x1c, 0x20, 0xff, 0x20, 0x1c, 0x18, 0xff,
    0x20, 0x1c, 0x20, 0xff, 0x18, 0x1c, 0x18, 0xff, 0x20, 0x1c, 0x20, 0xff,
    0x20, 0x1c, 0x18, 0xff, 0x18, 0x1c, 0x18, 0xff, 0x20, 0x1c, 0x20, 0xff,
    0x20, 0x1c, 0x20, 0xff, 0x20, 0x1c, 0x18, 0xff, 0x18, 0x1c, 0x20, 0xff,
    0x20, 0x1c, 0x18, 0xff, 0x20, 0x1c, 0x20, 0xff, 0x18, 0x18, 0x18, 0xff,
    0x20, 0x1c, 0x20, 0xff, 0x20, 0x1c, 0x18, 0xff, 0x20, 0x1c, 0x18, 0xff,
    0x20, 0x1c, 0x20, 0xff, 0x18, 0x1c, 0x18, 0xff, 0x20, 0x1c, 0x18, 0xff,
    0x18, 0x1c, 0x20, 0xff, 0x20, 0x18, 0x18, 0xff, 0x20, 0x1c, 0x18, 0xff,
    0x18, 0x18, 0x20, 0xff, 0x20, 0x1c, 0x18, 0xff, 0x20, 0x18, 0x18, 0xff,
    0x18, 0x1c, 0x20, 0xff, 0x20, 0x18, 0x18, 0xff, 0x20, 0x1c, 0x18, 0xff,
    0x18, 0x18, 0x20, 0xff, 0x20, 0x18, 0x18, 0xff, 0x20, 0x1c, 0x18, 0xff,
    0x18, 0x18, 0x20, 0xff, 0x20, 0x1c, 0x18, 0xff, 0x20, 0x1c, 0x18, 0xff,
    0x18, 0x18, 0x20, 0xff, 0x20, 0x18, 0x18, 0xff, 0x20, 0x1c, 0x18, 0xff,
    0x18, 0x18, 0x20, 0xff, 0x20, 0x1c, 0x18, 0xff, 0x18, 0x1c, 0x18, 0xff,
    0x20, 0x18, 0x18, 0xff, 0x18, 0x1c, 0x18, 0xff, 0x18, 0x1c, 0x18, 0xff,
    0x20, 0x18, 0x18, 0xff, 0x18, 0x18, 0x18, 0xff, 0x18, 0x18, 0x18, 0xff,
    0x20, 0x18, 0x18, 0xff, 0x18, 0x18, 0x18, 0xff, 0x18, 0x18, 0x18, 0xff,
    0x20, 0x1c, 0x18, 0xff, 0x18, 0x18, 0x18, 0xff, 0x20, 0x18, 0x18, 0xff,
    0x18, 0x18, 0x18, 0xff, 0x18, 0x1c, 0x18, 0xff, 0x20, 0x18, 0x18, 0xff,
    0x18, 0x18, 0x18, 0xff, 0x20, 0x18, 0x18, 0xff, 0x20, 0x1c, 0x18, 0xff,
    0x18, 0x18, 0x18, 0xff, 0x20, 0x18, 0x18, 0xff, 0x18, 0x18, 0x18, 0xff,
    0x18, 0x1c, 0x18, 0xff, 0x20, 0x18, 0x18, 0xff, 0x18, 0x18, 0x18, 0xff,
    0x18, 0x18, 0x18, 0xff, 0x20, 0x1c, 0x18, 0xff, 0x20, 0x18, 0x18, 0xff,
    0x18, 0x18, 0x18, 0xff, 0x18, 0x18, 0x18, 0xff, 0x20, 0x1c, 0x18, 0xff,
    0x18, 0x18, 0x18, 0xff, 0x20, 0x18, 0x18, 0xff, 0x20, 0x18, 0x18, 0xff,
    0x18, 0x1c, 0x18, 0xff, 0x20, 0x18, 0x18, 0xff, 0x18, 0x18, 0x18, 0xff,
    0x18, 0x18, 0x18, 0xff, 0x20, 0x1c, 0x18, 0xff, 0x18, 0x18, 0x18, 0xff,
    0x18, 0x18, 0x18, 0xff, 0x20, 0x18, 0x18, 0xff, 0x20, 0x1c, 0x18, 0xff,
    0x18, 0x18, 0x18, 0xff, 0x18, 0x18, 0x18, 0xff, 0x20, 0x18, 0x18, 0xff,
    0x18, 0x1c, 0x18, 0xff, 0x20, 0x18, 0x18, 0xff, 0x20, 0x18, 0x18, 0xff,
    0x18, 0x18, 0x18, 0xff, 0x20, 0x1c, 0x18, 0xff, 0x18, 0x18, 0x18, 0xff,
    0x18, 0x18, 0x18, 0xff, 0x20, 0x18, 0x18, 0xff, 0x18, 0x1c, 0x18, 0xff,
    0x18, 0x18, 0x18, 0xff, 0x20, 0x18, 0x18, 0xff, 0x20, 0x18, 0x18, 0xff,
    0x18, 0x1c, 0x18, 0xff, 0x18, 0x18, 0x18, 0xff, 0x20, 0x18, 0x18, 0xff,
    0x18, 0x18, 0x18, 0xff, 0x20, 0x1c, 0x18, 0xff, 0x20, 0x18, 0x18, 0xff,
    0x18, 0x18, 0x18, 0xff, 0x20, 0x18, 0x18, 0xff, 0x18, 0x1c, 0x18, 0xff,
    0x18, 0x18, 0x18, 0xff, 0x20, 0x18, 0x18, 0xff, 0x18, 0x18, 0x18, 0xff,
    0x18, 0x1c, 0x18, 0xff, 0x20, 0x18, 0x18, 0xff, 0x20, 0x18, 0x18, 0xff,
    0x18, 0x18, 0x18, 0xff, 0x18, 0x1c, 0x18, 0xff, 0x20, 0x18, 0x18, 0xff,
    0x18, 0x18, 0x18, 0xff, 0x20, 0x18, 0x18, 0xff, 0x20, 0x1c, 0x18, 0xff,
    0x18, 0x18, 0x18, 0xff, 0x20, 0x18, 0x18, 0xff, 0x18, 0x18, 0x18, 0xff,
    0x18, 0x1c, 0x18, 0xff, 0x20, 0x18, 0x18, 0xff, 0x18, 0x18, 0x18, 0xff,
    0x18, 0x18, 0x18, 0xff, 0x20, 0x1c, 0x18, 0xff, 0x20, 0x18, 0x18, 0xff,
    0x18, 0x18, 0x18, 0xff, 0x18, 0x18, 0x18, 0xff, 0x20, 0x1c, 0x18, 0xff,
    0x18, 0x18, 0x18, 0xff, 0x20, 0x18, 0x18, 0xff, 0x20, 0x18, 0x18, 0xff,
    0x18, 0x1c, 0x18, 0xff, 0x20, 0x18, 0x18, 0xff, 0x18, 0x18, 0x18, 0xff,
    0x18, 0x18, 0x18, 0xff, 0x20, 0x1c, 0x18, 0xff, 0x18, 0x18, 0x18, 0xff,
    0x18, 0x18, 0x18, 0xff, 0x20, 0x18, 0x18, 0xff, 0x20, 0x1c, 0x18, 0xff,
    0x18, 0x18, 0x18, 0xff, 0x18, 0x18, 0x18, 0xff, 0x20, 0x18, 0x18, 0xff,
    0x18, 0x1c, 0x18, 0xff, 0x18, 0x18, 0x18, 0xff, 0x20, 0x18, 0x18, 0xff,
    0x18, 0x18, 0x18, 0xff, 0x20, 0x1c, 0x18, 0xff, 0x18, 0x18, 0x18, 0xff,
    0x20, 0x18, 0x18, 0xff, 0x18, 0x18, 0x18, 0xff, 0x18, 0x18, 0x18, 0xff,
    0x20, 0x18, 0x18, 0xff, 0x18, 0x18, 0x18, 0xff, 0x20, 0x18, 0x18, 0xff,
    0x20, 0x1c, 0x18, 0xff, 0x18, 0x18, 0x18, 0xff, 0x20, 0x1c, 0x18, 0xff,
    0x18, 0x18, 0x18, 0xff, 0x28, 0x28, 0x28, 0xff, 0x80, 0x80, 0x80, 0x65,
    0xf8, 0xfc, 0xf8, 0x00, 0xf8, 0xfc, 0xf8, 0x00, 0xf8, 0xfc, 0xf8, 0x00,
    0x68, 0x68, 0x68, 0xe7, 0x30, 0x30, 0x30, 0xff, 0x30, 0x30, 0x30, 0xff,
    0x30, 0x30, 0x30, 0xff, 0x38, 0x30, 0x30, 0xff, 0x30, 0x30, 0x30, 0xff,
    0x30, 0x30, 0x30, 0xff, 0x30, 0x30, 0x30, 0xff, 0x38, 0x30, 0x30, 0xff,
    0x30, 0x30, 0x30, 0xff, 0x30, 0x30, 0x30, 0xff, 0x30, 0x30, 0x30, 0xff,
    0x30, 0x30, 0x28, 0xff, 0x30, 0x30, 0x30, 0xff, 0x38, 0x30, 0x30, 0xff,
    0x30, 0x30, 0x30, 0xff, 0x30, 0x30, 0x30, 0xff, 0x30, 0x30, 0x28, 0xff,
    0x30, 0x2c, 0x30, 0xff, 0x30, 0x30, 0x28, 0xff, 0x30, 0x30, 0x30, 0xff,
    0x30, 0x2c, 0x28, 0xff, 0x30, 0x30, 0x30, 0xff, 0x30, 0x30, 0x30, 0xff,
    0x30, 0x30, 0x28, 0xff, 0x30, 0x30, 0x30, 0xff, 0x30, 0x30, 0x30, 0xff,
    0x30, 0x30, 0x30, 0xff, 0x30, 0x2c, 0x30, 0xff, 0x30, 0x2c, 0x30, 0xff,
    0x30, 0x30, 0x28, 0xff, 0x30, 0x2c, 0x30, 0xff, 0x30, 0x30, 0x30, 0xff,
    0x30, 0x30, 0x28, 0xff, 0x30, 0x2c, 0x30, 0xff, 0x30, 0x30, 0x30, 0xff,
    0x30, 0x30, 0x28, 0xff, 0x30, 0x2c, 0x28, 0xff, 0x30, 0x2c, 0x30, 0xff,
    0x30, 0x30, 0x30, 0xff, 0x30, 0x2c, 0x28, 0xff, 0x30, 0x2c, 0x30, 0xff,
    0x30, 0x2c, 0x30, 0xff, 0x30, 0x2c, 0x28, 0xff, 0x30, 0x30, 0x30, 0xff,
    0x30, 0x2c, 0x28, 0xff, 0x28, 0x2c, 0x28, 0xff, 0x30, 0x2c, 0x30, 0xff,
    0x30, 0x30, 0x28, 0xff, 0x28, 0x2c, 0x30, 0xff, 0x28, 0x2c, 0x30, 0xff,
    0x30, 0x2c, 0x28, 0xff, 0x28, 0x2c, 0x28, 0xff, 0x30, 0x2c, 0x30, 0xff,
    0x30, 0x2c, 0x28, 0xff, 0x28, 0x2c, 0x30, 0xff, 0x30, 0x2c, 0x28, 0xff,
    0x28, 0x2c, 0x28, 0xff, 0x30, 0x2c, 0x30, 0xff, 0x28, 0x2c, 0x28, 0xff,
    0x30, 0x2c, 0x30, 0xff, 0x30, 0x2c, 0x28, 0xff, 0x28, 0x2c, 0x30, 0xff,
    0x30, 0x2c, 0x28, 0xff, 0x28, 0x2c, 0x28, 0xff, 0x30, 0x2c, 0x30, 0xff,
    0x30, 0x2c, 0x28, 0xff, 0x28, 0x2c, 0x30, 0xff, 0x30, 0x2c, 0x28, 0xff,
    0x30, 0x2c, 0x30, 0xff, 0x28, 0x28, 0x28, 0xff, 0x28, 0x2c, 0x28, 0xff,
    0x30, 0x2c, 0x28, 0xff, 0x28, 0x28, 0x30, 0xff, 0x30, 0x2c, 0x28, 0xff,
    0x30, 0x28, 0x28, 0xff, 0x28, 0x2c, 0x30, 0xff, 0x30, 0x28, 0x28, 0xff,
    0x28, 0x28, 0x28, 0xff, 0x30, 0x2c, 0x28, 0xff, 0x28, 0x2c, 0x28, 0xff,
    0x28, 0x28, 0x28, 0xff, 0x30, 0x2c, 0x28, 0xff, 0x28, 0x2c, 0x28, 0xff,
    0x28, 0x28, 0x28, 0xff, 0x30, 0x2c, 0x28, 0xff, 0x28, 0x28, 0x28, 0xff,
    0x28, 0x28, 0x28, 0xff, 0x30, 0x28, 0x28, 0xff, 0x28, 0x28, 0x28, 0xff,
    0x28, 0x28, 0x28, 0xff, 0x30, 0x28, 0x28, 0xff, 0x28, 0x2c, 0x28, 0xff,
    0x30, 0x28, 0x28, 0xff, 0x30, 0x28, 0x28, 0xff, 0x28, 0x2c, 0x28, 0xff,
    0x28, 0x28, 0x28, 0xff, 0x30, 0x28, 0x28, 0xff, 0x28, 0x28, 0x28, 0xff,
    0x30, 0x28, 0x28, 0xff, 0x28, 0x28, 0x28, 0xff, 0x30, 0x28, 0x28, 0xff,
    0x30, 0x28, 0x28, 0xff, 0x28, 0x28, 0x28, 0xff, 0x30, 0x28, 0x28, 0xff,
    0x28, 0x28, 0x28, 0xff, 0x28, 0x28, 0x28, 0xff, 0x30, 0x28, 0x28, 0xff,
    0x28, 0x28, 0x28, 0xff, 0x28, 0x28, 0x28, 0xff, 0x28, 0x28, 0x28, 0xff,
    0x28, 0x28, 0x20, 0xff, 0x30, 0x28, 0x28, 0xff, 0x28, 0x28, 0x28, 0xff,
    0x28, 0x24, 0x20, 0xff, 0x28, 0x24, 0x28, 0xff, 0x28, 0x28, 0x20, 0xff,
    0x28, 0x28, 0x28, 0xff, 0x28, 0x24, 0x28, 0xff, 0x28, 0x28, 0x20, 0xff,
    0x28, 0x28, 0x28, 0xff, 0x28, 0x24, 0x20, 0xff, 0x28, 0x24, 0x28, 0xff,
    0x28, 0x28, 0x28, 0xff, 0x28, 0x28, 0x20, 0xff, 0x28, 0x24, 0x28, 0xff,
    0x28, 0x28, 0x20, 0xff, 0x28, 0x28, 0x28, 0xff, 0x28, 0x24, 0x20, 0xff,
    0x28, 0x24, 0x20, 0xff, 0x28, 0x28, 0x28, 0xff, 0x28, 0x24, 0x20, 0xff,
    0x28, 0x28, 0x20, 0xff, 0x28, 0x24, 0x28, 0xff, 0x28, 0x28, 0x20, 0xff,
    0x28, 0x28, 0x28, 0xff, 0x28, 0x24, 0x28, 0xff, 0x28, 0x24, 0x20, 0xff,
    0x28, 0x24, 0x28, 0xff, 0x28, 0x24, 0x20, 0xff, 0x28, 0x28, 0x20, 0xff,
    0x28, 0x24, 0x28, 0xff, 0x28, 0x28, 0x20, 0xff, 0x28, 0x24, 0x28, 0xff,
    0x20, 0x28, 0x28, 0xff, 0x28, 0x24, 0x20, 0xff, 0x28, 0x28, 0x28, 0xff,
    0x28, 0x28, 0x28, 0xff, 0x28, 0x24, 0x20, 0xff, 0x28, 0x24, 0x28, 0xff,
    0x28, 0x24, 0x28, 0xff, 0x20, 0x24, 0x20, 0xff, 0x28, 0x24, 0x20, 0xff,
    0x28, 0x24, 0x28, 0xff, 0x20, 0x24, 0x20, 0xff, 0x20, 0x24, 0x28, 0xff,
    0x28, 0x24, 0x28, 0xff, 0x28, 0x24, 0x20, 0xff, 0x20, 0x24, 0x20, 0xff,
    0x28, 0x24, 0x28, 0xff, 0x20, 0x24, 0x20, 0xff, 0x28, 0x24, 0x20, 0xff,
    0x28, 0x24, 0x28, 0xff, 0x20, 0x24, 0x20, 0xff, 0x28, 0x24, 0x20, 0xff,
    0x28, 0x24, 0x20, 0xff, 0x20, 0x20, 0x20, 0xff, 0x28, 0x24, 0x20, 0xff,
    0x28, 0x24, 0x28, 0xff, 0x28, 0x24, 0x20, 0xff, 0x28, 0x20, 0x20, 0xff,
    0x20, 0x24, 0x20, 0xff, 0x28, 0x24, 0x20, 0xff, 0x28, 0x20, 0x28, 0xff,
    0x20, 0x24, 0x20, 0xff, 0x28, 0x24, 0x20, 0xff, 0x28, 0x24, 0x20, 0xff,
    0x20, 0x20, 0x20, 0xff, 0x28, 0x20, 0x20, 0xff, 0x28, 0x24, 0x20, 0xff,
    0x28, 0x20, 0x20, 0xff, 0x20, 0x20, 0x20, 0xff, 0x28, 0x24, 0x20, 0xff,
    0x20, 0x20, 0x20, 0xff, 0x20, 0x24, 0x20, 0xff, 0x28, 0x24, 0x20, 0xff,
    0x20, 0x20, 0x20, 0xff, 0x20, 0x24, 0x20, 0xff, 0x28, 0x24, 0x20, 0xff,
    0x20, 0x20, 0x20, 0xff, 0x28, 0x24, 0x20, 0xff, 0x20, 0x20, 0x20, 0xff,
    0x28, 0x20, 0x20, 0xff, 0x28, 0x24, 0x20, 0xff, 0x20, 0x20, 0x20, 0xff,
    0x28, 0x20, 0x20, 0xff, 0x20, 0x20, 0x20, 0xff, 0x20, 0x20, 0x20, 0xff,
    0x28, 0x24, 0x20, 0xff, 0x20, 0x20, 0x20, 0xff, 0x28, 0x20, 0x20, 0xff,
    0x20, 0x24, 0x20, 0xff, 0x20, 0x24, 0x20, 0xff, 0x28, 0x20, 0x20, 0xff,
    0x20, 0x20, 0x20, 0xff, 0x20, 0x20, 0x20, 0xff, 0x28, 0x20, 0x20, 0xff,
    0x20, 0x20, 0x18, 0xff, 0x20, 0x20, 0x20, 0xff, 0x28, 0x20, 0x20, 0xff,
    0x20, 0x20, 0x18, 0xff, 0x20, 0x20, 0x20, 0xff, 0x28, 0x20, 0x20, 0xff,
    0x20, 0x20, 0x18, 0xff, 0x20, 0x20, 0x20, 0xff, 0x20, 0x20, 0x20, 0xff,
    0x20, 0x20, 0x18, 0xff, 0x20, 0x20, 0x20, 0xff, 0x20, 0x20, 0x20, 0xff,
    0x20, 0x20, 0x20, 0xff, 0x20, 0x20, 0x18, 0xff, 0x20, 0x1c, 0x20, 0xff,
    0x20, 0x20, 0x20, 0xff, 0x20, 0x20, 0x18, 0xff, 0x20, 0x20, 0x20, 0xff,
    0x20, 0x20, 0x20, 0xff, 0x20, 0x1c, 0x20, 0xff, 0x28, 0x20, 0x20, 0xff,
    0x20, 0x20, 0x18, 0xff, 0x20, 0x20, 0x20, 0xff, 0x20, 0x1c, 0x20, 0xff,
    0x20, 0x20, 0x18, 0xff, 0x20, 0x20, 0x20, 0xff, 0x20, 0x1c, 0x20, 0xff,
    0x20, 0x20, 0x20, 0xff, 0x20, 0x1c, 0x18, 0xff, 0x20, 0x20, 0x20, 0xff,
    0x20, 0x1c, 0x20, 0xff, 0x20, 0x1c, 0x18, 0xff, 0x20, 0x20, 0x20, 0xff,
    0x20, 0x1c, 0x18, 0xff, 0x20, 0x1c, 0x20, 0xff, 0x20, 0x20, 0x20, 0xff,
    0x20, 0x1c, 0x18, 0xff, 0x20, 0x1c, 0x20, 0xff, 0x20, 0x20, 0x18, 0xff,
    0x20, 0x1c, 0x20, 0xff, 0x20, 0x1c, 0x20, 0xff, 0x20, 0x20, 0x18, 0xff,
    0x20, 0x1c, 0x20, 0xff, 0x20, 0x1c, 0x20, 0xff, 0x20, 0x1c, 0x18, 0xff,
    0x20, 0x1c, 0x18, 0xff, 0x20, 0x20, 0x20, 0xff, 0x20, 0x1c, 0x20, 0xff,
    0x20, 0x1c, 0x18, 0xff, 0x20, 0x20, 0x20, 0xff, 0x20, 0x1c, 0x18, 0xff,
    0x20, 0x1c, 0x20, 0xff, 0x20, 0x1c, 0x18, 0xff, 0x20, 0x20, 0x18, 0xff,
    0x20, 0x1c, 0x20, 0xff, 0x20, 0x1c, 0x18, 0xff, 0x20, 0x1c, 0x20, 0xff,
    0x20, 0x20, 0x18, 0xff, 0x18, 0x1c, 0x18, 0xff, 0x20, 0x1c, 0x20, 0xff,
    0x20, 0x1c, 0x18, 0xff, 0x20, 0x1c, 0x20, 0xff, 0x20, 0x1c, 0x18, 0xff,
    0x20, 0x1c, 0x20, 0xff, 0x20, 0x1c, 0x18, 0xff, 0x20, 0x1c, 0x20, 0xff,
    0x20, 0x1c, 0x18, 0xff, 0x20, 0x1c, 0x18, 0xff, 0x20, 0x1c, 0x20, 0xff,
    0x20, 0x1c, 0x18, 0xff, 0x20, 0x1c, 0x18, 0xff, 0x20, 0x1c, 0x20, 0xff,
    0x20, 0x1c, 0x18, 0xff, 0x20, 0x1c, 0x18, 0xff, 0x20, 0x1c, 0x20, 0xff,
    0x20, 0x1c, 0x18, 0xff, 0x20, 0x1c, 0x18, 0xff, 0x18, 0x1c, 0x20, 0xff,
    0x20, 0x1c, 0x18, 0xff, 0x20, 0x18, 0x18, 0xff, 0x20, 0x18, 0x18, 0xff,
    0x20, 0x1c, 0x18, 0xff, 0x20, 0x18, 0x20, 0xff, 0x20, 0x18, 0x18, 0xff,
    0x18, 0x1c, 0x18, 0xff, 0x20, 0x1c, 0x18, 0xff, 0x20, 0x18, 0x18, 0xff,
    0x20, 0x18, 0x18, 0xff, 0x18, 0x1c, 0x20, 0xff, 0x20, 0x1c, 0x18, 0xff,
    0x20, 0x18, 0x18, 0xff, 0x20, 0x1c, 0x20, 0xff, 0x18, 0x18, 0x18, 0xff,
    0x20, 0x18, 0x18, 0xff, 0x20, 0x1c, 0x18, 0xff, 0x18, 0x18, 0x18, 0xff,
    0x20, 0x1c, 0x18, 0xff, 0x20, 0x1c, 0x18, 0xff, 0x18, 0x18, 0x18, 0xff,
    0x20, 0x18, 0x18, 0xff, 0x18, 0x1c, 0x18, 0xff, 0x20, 0x18, 0x18, 0xff,
    0x18, 0x1c, 0x18, 0xff, 0x20, 0x1c, 0x18, 0xff, 0x18, 0x18, 0x18, 0xff,
    0x20, 0x1c, 0x18, 0xff, 0x18, 0x18, 0x18, 0xff, 0x20, 0x1c, 0x18, 0xff,
    0x18, 0x18, 0x18, 0xff, 0x20, 0x18, 0x18, 0xff, 0x18, 0x1c, 0x18, 0xff,
    0x20, 0x18, 0x18, 0xff, 0x18, 0x1c, 0x18, 0xff, 0x20, 0x18, 0x18, 0xff,
    0x18, 0x18, 0x18, 0xff, 0x20, 0x1c, 0x18, 0xff, 0x20, 0x18, 0x20, 0xff,
    0x20, 0x1c, 0x18, 0xff, 0x18, 0x18, 0x18, 0xff, 0x20, 0x1c, 0x18, 0xff,
    0x18, 0x18, 0x18, 0xff, 0x20, 0x18, 0x18, 0xff, 0x20, 0x18, 0x18, 0xff,
    0x18, 0x1c, 0x18, 0xff, 0x20, 0x18, 0x18, 0xff, 0x20, 0x18, 0x18, 0xff,
    0x18, 0x18, 0x18, 0xff, 0x18, 0x18, 0x18, 0xff, 0x20, 0x18, 0x18, 0xff,
    0x20, 0x18, 0x18, 0xff, 0x18, 0x18, 0x18, 0xff, 0x20, 0x18, 0x18, 0xff,
    0x18, 0x18, 0x18, 0xff, 0x18, 0x18, 0x18, 0xff, 0x20, 0x18, 0x18, 0xff,
    0x18, 0x18, 0x18, 0xff, 0x18, 0x18, 0x18, 0xff, 0x20, 0x18, 0x18, 0xff,
    0x20, 0x18, 0x18, 0xff, 0x18, 0x18, 0x18, 0xff, 0x20, 0x18, 0x18, 0xff,
    0x18, 0x18, 0x18, 0xff, 0x18, 0x18, 0x18, 0xff, 0x20, 0x18, 0x18, 0xff,
    0x18, 0x18, 0x18, 0xff, 0x20, 0x18, 0x18, 0xff, 0x18, 0x18, 0x18, 0xff,
    0x20, 0x18, 0x18, 0xff, 0x18, 0x18, 0x18, 0xff, 0x18, 0x18, 0x18, 0xff,
    0x20, 0x18, 0x18, 0xff, 0x18, 0x18, 0x18, 0xff, 0x20, 0x18, 0x18, 0xff,
    0x18, 0x18, 0x18, 0xff, 0x20, 0x18, 0x18, 0xff, 0x20, 0x18, 0x18, 0xff,
    0x18, 0x18, 0x18, 0xff, 0x18, 0x18, 0x18, 0xff, 0x20, 0x18, 0x18, 0xff,
    0x18, 0x18, 0x18, 0xff, 0x20, 0x18, 0x18, 0xff, 0x18, 0x18, 0x18, 0xff,
    0x20, 0x18, 0x18, 0xff, 0x18, 0x18, 0x18, 0xff, 0x18, 0x18, 0x18, 0xff,
    0x20, 0x18, 0x18, 0xff, 0x18, 0x18, 0x18, 0xff, 0x20, 0x18, 0x18, 0xff,
    0x18, 0x18, 0x18, 0xff, 0x20, 0x18, 0x18, 0xff, 0x20, 0x18, 0x18, 0xff,
    0x18, 0x18, 0x18, 0xff, 0x18, 0x18, 0x18, 0xff, 0x20, 0x18, 0x18, 0xff,
    0x18, 0x18, 0x18, 0xff, 0x20, 0x18, 0x18, 0xff, 0x18, 0x18, 0x18, 0xff,
    0x20, 0x18, 0x18, 0xff, 0x18, 0x18, 0x18, 0xff, 0x18, 0x18, 0x18, 0xff,
    0x20, 0x18, 0x18, 0xff, 0x18, 0x18, 0x18, 0xff, 0x20, 0x18, 0x18, 0xff,
    0x18, 0x18, 0x18, 0xff, 0x20, 0x18, 0x18, 0xff, 0x20, 0x18, 0x18, 0xff,
    0x18, 0x18, 0x18, 0xff, 0x18, 0x18, 0x18, 0xff, 0x20, 0x18, 0x18, 0xff,
    0x18, 0x18, 0x18, 0xff, 0x20, 0x18, 0x18, 0xff, 0x18, 0x18, 0x18, 0xff,
    0x20, 0x18, 0x18, 0xff, 0x18, 0x18, 0x18, 0xff, 0x18, 0x18, 0x18, 0xff,
    0x20, 0x18, 0x18, 0xff, 0x18, 0x18, 0x18, 0xff, 0x20, 0x18, 0x18, 0xff,
    0x18, 0x18, 0x18, 0xff, 0x20, 0x18, 0x18, 0xff, 0x20, 0x18, 0x18, 0xff,
    0x18, 0x18, 0x18, 0xff, 0x18, 0x18, 0x18, 0xff, 0x20, 0x18, 0x18, 0xff,
    0x18, 0x18, 0x18, 0xff, 0x20, 0x18, 0x18, 0xff, 0x18, 0x18, 0x18, 0xff,
    0x20, 0x18, 0x18, 0xff, 0x18, 0x18, 0x18, 0xff, 0x18, 0x18, 0x18, 0xff,
    0x20, 0x18, 0x18, 0xff, 0x18, 0x18, 0x18, 0xff, 0x20, 0x18, 0x18, 0xff,
    0x18, 0x18, 0x18, 0xff, 0x20, 0x18, 0x18, 0xff, 0x20, 0x18, 0x18, 0xff,
    0x18, 0x18, 0x18, 0xff, 0x18, 0x18, 0x18, 0xff, 0x20, 0x18, 0x18, 0xff,
    0x18, 0x18, 0x18, 0xff, 0x20, 0x18, 0x18, 0xff, 0x18, 0x18, 0x18, 0xff,
    0x20, 0x18, 0x18, 0xff, 0x20, 0x18, 0x18, 0xff, 0x18, 0x18, 0x18, 0xff,
    0x20, 0x18, 0x18, 0xff, 0x20, 0x18, 0x18, 0xff, 0x18, 0x18, 0x18, 0xff,
    0x20, 0x18, 0x18, 0xff, 0x20, 0x1c, 0x18, 0xff, 0x18, 0x18, 0x18, 0xff,
    0x20, 0x1c, 0x18, 0xff, 0x18, 0x18, 0x18, 0xff, 0x18, 0x18, 0x18, 0xff,
    0x20, 0x1c, 0x18, 0xff, 0x18, 0x18, 0x18, 0xff, 0x20, 0x18, 0x18, 0xff,
    0x20, 0x18, 0x18, 0xff, 0x18, 0x18, 0x18, 0xff, 0x20, 0x18, 0x18, 0xff,
    0x60, 0x5c, 0x58, 0xcf, 0xf8, 0xfc, 0xf8, 0x00, 0xf8, 0xfc, 0xf8, 0x00,
    0x98, 0x9c, 0x98, 0x55, 0x40, 0x3c, 0x38, 0xff, 0x30, 0x30, 0x30, 0xff,
    0x30, 0x34, 0x30, 0xff, 0x30, 0x30, 0x30, 0xff, 0x30, 0x34, 0x30, 0xff,
    0x30, 0x30, 0x30, 0xff, 0x30, 0x30, 0x30, 0xff, 0x30, 0x30, 0x30, 0xff,
    0x30, 0x30, 0x28, 0xff, 0x30, 0x30, 0x30, 0xff, 0x30, 0x30, 0x30, 0xff,
    0x38, 0x30, 0x30, 0xff, 0x30, 0x30, 0x30, 0xff, 0x30, 0x30, 0x30, 0xff,
    0x30, 0x30, 0x30, 0xff, 0x30, 0x30, 0x30, 0xff, 0x30, 0x30, 0x30, 0xff,
    0x30, 0x30, 0x30, 0xff, 0x30, 0x2c, 0x30, 0xff, 0x30, 0x30, 0x30, 0xff,
    0x30, 0x30, 0x28, 0xff, 0x30, 0x2c, 0x30, 0xff, 0x30, 0x30, 0x30, 0xff,
    0x30, 0x30, 0x28, 0xff, 0x30, 0x2c, 0x30, 0xff, 0x30, 0x2c, 0x30, 0xff,
    0x30, 0x30, 0x28, 0xff, 0x30, 0x30, 0x30, 0xff, 0x30, 0x2c, 0x28, 0xff,
    0x30, 0x30, 0x30, 0xff, 0x30, 0x2c, 0x30, 0xff, 0x30, 0x2c, 0x28, 0xff,
    0x30, 0x30, 0x30, 0xff, 0x30, 0x2c, 0x28, 0xff, 0x30, 0x2c, 0x30, 0xff,
    0x30, 0x30, 0x30, 0xff, 0x28, 0x30, 0x28, 0xff, 0x30, 0x2c, 0x30, 0xff,
    0x30, 0x30, 0x30, 0xff, 0x28, 0x30, 0x28, 0xff, 0x30, 0x2c, 0x28, 0xff,
    0x30, 0x2c, 0x30, 0xff, 0x28, 0x2c, 0x28, 0xff, 0x30, 0x30, 0x30, 0xff,
    0x30, 0x2c, 0x30, 0xff, 0x28, 0x2c, 0x28, 0xff, 0x30, 0x2c, 0x30, 0xff,
    0x30, 0x2c, 0x28, 0xff, 0x30, 0x2c, 0x28, 0xff, 0x30, 0x30, 0x30, 0xff,
    0x30, 0x2c, 0x28, 0xff, 0x30, 0x2c, 0x28, 0xff, 0x28, 0x2c, 0x30, 0xff,
    0x30, 0x2c, 0x28, 0xff, 0x30, 0x2c, 0x28, 0xff, 0x30, 0x2c, 0x30, 0xff,
    0x28, 0x2c, 0x28, 0xff, 0x30, 0x2c, 0x30, 0xff, 0x30, 0x2c, 0x28, 0xff,
    0x28, 0x2c, 0x28, 0xff, 0x30, 0x2c, 0x30, 0xff, 0x28, 0x2c, 0x28, 0xff,
    0x30, 0x2c, 0x28, 0xff, 0x30, 0x2c, 0x30, 0xff, 0x28, 0x2c, 0x28, 0xff,
    0x30, 0x2c, 0x28, 0xff, 0x28, 0x28, 0x30, 0xff, 0x30, 0x2c, 0x28, 0xff,
    0x30, 0x2c, 0x28, 0xff, 0x28, 0x2c, 0x30, 0xff, 0x30, 0x2c, 0x28, 0xff,
    0x28, 0x2c, 0x28, 0xff, 0x30, 0x2c, 0x30, 0xff, 0x28, 0x2c, 0x28, 0xff,
    0x28, 0x2c, 0x28, 0xff, 0x30, 0x28, 0x28, 0xff, 0x28, 0x28, 0x28, 0xff,
    0x30, 0x2c, 0x28, 0xff, 0x30, 0x28, 0x28, 0xff, 0x28, 0x28, 0x30, 0xff,
    0x30, 0x2c, 0x28, 0xff, 0x30, 0x28, 0x28, 0xff, 0x28, 0x28, 0x30, 0xff,
    0x28, 0x2c, 0x28, 0xff, 0x30, 0x2c, 0x28, 0xff, 0x28, 0x28, 0x30, 0xff,
    0x28, 0x2c, 0x28, 0xff, 0x30, 0x28, 0x28, 0xff, 0x30, 0x2c, 0x28, 0xff,
    0x28, 0x28, 0x28, 0xff, 0x30, 0x28, 0x28, 0xff, 0x28, 0x28, 0x28, 0xff,
    0x28, 0x28, 0x28, 0xff, 0x28, 0x28, 0x28, 0xff, 0x30, 0x28, 0x28, 0xff,
    0x28, 0x28, 0x28, 0xff, 0x28, 0x28, 0x28, 0xff, 0x28, 0x2c, 0x28, 0xff,
    0x30, 0x28, 0x28, 0xff, 0x28, 0x28, 0x28, 0xff, 0x28, 0x28, 0x28, 0xff,
    0x28, 0x28, 0x20, 0xff, 0x28, 0x28, 0x28, 0xff, 0x28, 0x28, 0x28, 0xff,
    0x30, 0x28, 0x20, 0xff, 0x28, 0x28, 0x28, 0xff, 0x28, 0x28, 0x28, 0xff,
    0x28, 0x28, 0x28, 0xff, 0x28, 0x28, 0x28, 0xff, 0x28, 0x28, 0x28, 0xff,
    0x28, 0x28, 0x28, 0xff, 0x28, 0x28, 0x28, 0xff, 0x28, 0x28, 0x20, 0xff,
    0x28, 0x28, 0x28, 0xff, 0x28, 0x28, 0x28, 0xff, 0x30, 0x28, 0x28, 0xff,
    0x28, 0x28, 0x28, 0xff, 0x28, 0x24, 0x20, 0xff, 0x30, 0x28, 0x28, 0xff,
    0x28, 0x28, 0x28, 0xff, 0x28, 0x28, 0x28, 0xff, 0x28, 0x28, 0x28, 0xff,
    0x28, 0x28, 0x20, 0xff, 0x28, 0x28, 0x28, 0xff, 0x28, 0x28, 0x28, 0xff,
    0x28, 0x24, 0x20, 0xff, 0x28, 0x24, 0x28, 0xff, 0x28, 0x28, 0x28, 0xff,
    0x28, 0x24, 0x28, 0xff, 0x28, 0x28, 0x28, 0xff, 0x28, 0x24, 0x28, 0xff,
    0x28, 0x28, 0x28, 0xff, 0x28, 0x24, 0x20, 0xff, 0x28, 0x28, 0x28, 0xff,
    0x28, 0x24, 0x28, 0xff, 0x28, 0x28, 0x20, 0xff, 0x28, 0x28, 0x28, 0xff,
    0x28, 0x24, 0x20, 0xff, 0x20, 0x24, 0x28, 0xff, 0x28, 0x24, 0x28, 0xff,
    0x28, 0x24, 0x20, 0xff, 0x20, 0x24, 0x28, 0xff, 0x28, 0x24, 0x20, 0xff,
    0x28, 0x28, 0x20, 0xff, 0x28, 0x24, 0x28, 0xff, 0x28, 0x24, 0x20, 0xff,
    0x28, 0x24, 0x28, 0xff, 0x20, 0x24, 0x20, 0xff, 0x28, 0x28, 0x20, 0xff,
    0x28, 0x24, 0x28, 0xff, 0x28, 0x28, 0x20, 0xff, 0x20, 0x24, 0x20, 0xff,
    0x28, 0x24, 0x28, 0xff, 0x28, 0x24, 0x20, 0xff, 0x28, 0x24, 0x20, 0xff,
    0x28, 0x24, 0x20, 0xff, 0x28, 0x24, 0x20, 0xff, 0x20, 0x24, 0x28, 0xff,
    0x28, 0x24, 0x20, 0xff, 0x28, 0x24, 0x28, 0xff, 0x28, 0x24, 0x20, 0xff,
    0x20, 0x24, 0x28, 0xff, 0x28, 0x24, 0x20, 0xff, 0x28, 0x24, 0x20, 0xff,
    0x28, 0x24, 0x28, 0xff, 0x28, 0x24, 0x20, 0xff, 0x20, 0x24, 0x20, 0xff,
    0x28, 0x24, 0x20, 0xff, 0x20, 0x24, 0x20, 0xff, 0x28, 0x24, 0x20, 0xff,
    0x28, 0x24, 0x20, 0xff, 0x20, 0x24, 0x20, 0xff, 0x28, 0x24, 0x20, 0xff,
    0x28, 0x20, 0x20, 0xff, 0x20, 0x24, 0x28, 0xff, 0x28, 0x24, 0x20, 0xff,
    0x20, 0x24, 0x20, 0xff, 0x28, 0x20, 0x20, 0xff, 0x20, 0x24, 0x28, 0xff,
    0x20, 0x24, 0x20, 0xff, 0x28, 0x20, 0x20, 0xff, 0x28, 0x24, 0x28, 0xff,
    0x20, 0x20, 0x20, 0xff, 0x28, 0x20, 0x20, 0xff, 0x28, 0x24, 0x28, 0xff,
    0x20, 0x20, 0x20, 0xff, 0x28, 0x20, 0x20, 0xff, 0x28, 0x24, 0x28, 0xff,
    0x20, 0x20, 0x20, 0xff, 0x28, 0x24, 0x20, 0xff, 0x20, 0x24, 0x20, 0xff,
    0x28, 0x20, 0x20, 0xff, 0x20, 0x20, 0x20, 0xff, 0x28, 0x20, 0x20, 0xff,
    0x20, 0x20, 0x20, 0xff, 0x28, 0x20, 0x20, 0xff, 0x20, 0x20, 0x20, 0xff,
    0x28, 0x24, 0x20, 0xff, 0x20, 0x20, 0x20, 0xff, 0x20, 0x20, 0x20, 0xff,
    0x28, 0x20, 0x20, 0xff, 0x20, 0x20, 0x20, 0xff, 0x28, 0x20, 0x20, 0xff,
    0x20, 0x24, 0x20, 0xff, 0x20, 0x20, 0x20, 0xff, 0x28, 0x20, 0x20, 0xff,
    0x20, 0x20, 0x20, 0xff, 0x28, 0x20, 0x20, 0xff, 0x20, 0x20, 0x20, 0xff,
    0x20, 0x20, 0x20, 0xff, 0x28, 0x20, 0x20, 0xff, 0x20, 0x20, 0x20, 0xff,
    0x20, 0x20, 0x20, 0xff, 0x20, 0x20, 0x20, 0xff, 0x28, 0x20, 0x20, 0xff,
    0x20, 0x20, 0x20, 0xff, 0x20, 0x20, 0x20, 0xff, 0x28, 0x20, 0x20, 0xff,
    0x20, 0x20, 0x20, 0xff, 0x28, 0x20, 0x20, 0xff, 0x20, 0x20, 0x20, 0xff,
    0x28, 0x20, 0x20, 0xff, 0x20, 0x20, 0x18, 0xff, 0x28, 0x20, 0x20, 0xff,
    0x20, 0x20, 0x20, 0xff, 0x20, 0x1c, 0x18, 0xff, 0x28, 0x20, 0x20, 0xff,
    0x20, 0x20, 0x20, 0xff, 0x20, 0x20, 0x20, 0xff, 0x20, 0x20, 0x20, 0xff,
    0x28, 0x20, 0x18, 0xff, 0x20, 0x20, 0x20, 0xff, 0x20, 0x20, 0x20, 0xff,
    0x28, 0x20, 0x20, 0xff, 0x20, 0x20, 0x18, 0xff, 0x20, 0x1c, 0x20, 0xff,
    0x28, 0x1c, 0x20, 0xff, 0x20, 0x20, 0x18, 0xff, 0x20, 0x20, 0x20, 0xff,
    0x28, 0x1c, 0x20, 0xff, 0x20, 0x20, 0x18, 0xff, 0x20, 0x20, 0x20, 0xff,
    0x28, 0x1c, 0x20, 0xff, 0x20, 0x20, 0x18, 0xff, 0x20, 0x20, 0x20, 0xff,
    0x20, 0x1c, 0x20, 0xff, 0x20, 0x20, 0x18, 0xff, 0x20, 0x20, 0x20, 0xff,
    0x20, 0x1c, 0x20, 0xff, 0x20, 0x20, 0x18, 0xff, 0x20, 0x20, 0x20, 0xff,
    0x20, 0x1c, 0x18, 0xff, 0x20, 0x1c, 0x20, 0xff, 0x20, 0x1c, 0x18, 0xff,
    0x20, 0x1c, 0x18, 0xff, 0x20, 0x1c, 0x20, 0xff, 0x20, 0x1c, 0x20, 0xff,
    0x20, 0x1c, 0x18, 0xff, 0x20, 0x1c, 0x20, 0xff, 0x20, 0x1c, 0x20, 0xff,
    0x20, 0x1c, 0x18, 0xff, 0x20, 0x1c, 0x20, 0xff, 0x20, 0x1c, 0x18, 0xff,
    0x20, 0x1c, 0x20, 0xff, 0x20, 0x1c, 0x20, 0xff, 0x20, 0x1c, 0x18, 0xff,
    0x20, 0x1c, 0x20, 0xff, 0x20, 0x1c, 0x20, 0xff, 0x18, 0x1c, 0x18, 0xff,
    0x20, 0x1c, 0x18, 0xff, 0x20, 0x1c, 0x18, 0xff, 0x18, 0x1c, 0x20, 0xff,
    0x20, 0x1c, 0x18, 0xff, 0x20, 0x1c, 0x18, 0xff, 0x18, 0x1c, 0x20, 0xff,
    0x20, 0x1c, 0x18, 0xff, 0x20, 0x1c, 0x18, 0xff, 0x18, 0x1c, 0x20, 0xff,
    0x20, 0x1c, 0x18, 0xff, 0x20, 0x1c, 0x18, 0xff, 0x20, 0x1c, 0x20, 0xff,
    0x18, 0x1c, 0x18, 0xff, 0x20, 0x1c, 0x18, 0xff, 0x20, 0x1c, 0x20, 0xff,
    0x20, 0x1c, 0x18, 0xff, 0x18, 0x1c, 0x18, 0xff, 0x20, 0x1c, 0x18, 0xff,
    0x18, 0x1c, 0x20, 0xff, 0x20, 0x1c, 0x18, 0xff, 0x20, 0x1c, 0x18, 0xff,
    0x18, 0x1c, 0x18, 0xff, 0x20, 0x1c, 0x18, 0xff, 0x20, 0x1c, 0x20, 0xff,
    0x20, 0x1c, 0x18, 0xff, 0x18, 0x1c, 0x18, 0xff, 0x20, 0x1c, 0x18, 0xff,
    0x20, 0x18, 0x18, 0xff, 0x20, 0x1c, 0x18, 0xff, 0x18, 0x1c, 0x18, 0xff,
    0x20, 0x1c, 0x20, 0xff, 0x20, 0x1c, 0x18, 0xff, 0x20, 0x1c, 0x18, 0xff,
    0x18, 0x1c, 0x20, 0xff, 0x20, 0x18, 0x18, 0xff, 0x20, 0x1c, 0x20, 0xff,
    0x18, 0x18, 0x18, 0xff, 0x20, 0x1c, 0x18, 0xff, 0x20, 0x1c, 0x18, 0xff,
    0x18, 0x18, 0x18, 0xff, 0x20, 0x18, 0x20, 0xff, 0x20, 0x1c, 0x18, 0xff,
    0x18, 0x18, 0x18, 0xff, 0x20, 0x18, 0x18, 0xff, 0x20, 0x1c, 0x18, 0xff,
    0x18, 0x1c, 0x20, 0xff, 0x20, 0x18, 0x18, 0xff, 0x20, 0x1c, 0x18, 0xff,
    0x18, 0x18, 0x18, 0xff, 0x20, 0x1c, 0x20, 0xff, 0x20, 0x1c, 0x18, 0xff,
    0x18, 0x1c, 0x18, 0xff, 0x20, 0x18, 0x18, 0xff, 0x20, 0x1c, 0x18, 0xff,
    0x18, 0x18, 0x18, 0xff, 0x20, 0x18, 0x18, 0xff, 0x20, 0x1c, 0x18, 0xff,
    0x18, 0x18, 0x20, 0xff, 0x20, 0x1c, 0x18, 0xff, 0x18, 0x18, 0x18, 0xff,
    0x18, 0x18, 0x18, 0xff, 0x20, 0x1c, 0x18, 0xff, 0x18, 0x18, 0x18, 0xff,
    0x20, 0x1c, 0x18, 0xff, 0x20, 0x18, 0x18, 0xff, 0x18, 0x18, 0x18, 0xff,
    0x20, 0x1c, 0x18, 0xff, 0x18, 0x1c, 0x18, 0xff, 0x20, 0x18, 0x18, 0xff,
    0x20, 0x18, 0x18, 0xff, 0x18, 0x1c, 0x18, 0xff, 0x20, 0x1c, 0x18, 0xff,
    0x20, 0x18, 0x18, 0xff, 0x18, 0x18, 0x18, 0xff, 0x20, 0x1c, 0x18, 0xff,
    0x18, 0x1c, 0x18, 0xff, 0x18, 0x18, 0x18, 0xff, 0x20, 0x18, 0x18, 0xff,
    0x20, 0x1c, 0x18, 0xff, 0x20, 0x1c, 0x18, 0xff, 0x18, 0x18, 0x18, 0xff,
    0x20, 0x18, 0x18, 0xff, 0x18, 0x1c, 0x18, 0xff, 0x20, 0x1c, 0x18, 0xff,
    0x20, 0x18, 0x18, 0xff, 0x18, 0x18, 0x18, 0xff, 0x20, 0x1c, 0x18, 0xff,
    0x18, 0x1c, 0x18, 0xff, 0x20, 0x18, 0x18, 0xff, 0x18, 0x18, 0x18, 0xff,
    0x18, 0x1c, 0x18, 0xff, 0x20, 0x1c, 0x18, 0xff, 0x18, 0x18, 0x18, 0xff,
    0x20, 0x18, 0x18, 0xff, 0x20, 0x1c, 0x18, 0xff, 0x18, 0x1c, 0x18, 0xff,
    0x20, 0x18, 0x18, 0xff, 0x18, 0x18, 0x18, 0xff, 0x20, 0x1c, 0x18, 0xff,
    0x20, 0x1c, 0x18, 0xff, 0x18, 0x18, 0x18, 0xff, 0x20, 0x18, 0x18, 0xff,
    0x18, 0x1c, 0x18, 0xff, 0x20, 0x1c, 0x18, 0xff, 0x18, 0x18, 0x18, 0xff,
    0x18, 0x18, 0x18, 0xff, 0x20, 0x1c, 0x18, 0xff, 0x18, 0x1c, 0x18, 0xff,
    0x20, 0x18, 0x18, 0xff, 0x20, 0x18, 0x18, 0xff, 0x18, 0x1c, 0x18, 0xff,
    0x20, 0x1c, 0x18, 0xff, 0x18, 0x18, 0x18, 0xff, 0x20, 0x18, 0x18, 0xff,
    0x20, 0x1c, 0x18, 0xff, 0x18, 0x1c, 0x18, 0xff, 0x20, 0x18, 0x18, 0xff,
    0x18, 0x18, 0x18, 0xff, 0x20, 0x1c, 0x18, 0xff, 0x18, 0x1c, 0x18, 0xff,
    0x18, 0x18, 0x18, 0xff, 0x20, 0x18, 0x18, 0xff, 0x18, 0x1c, 0x18, 0xff,
    0x20, 0x1c, 0x18, 0xff, 0x20, 0x18, 0x18, 0xff, 0x18, 0x18, 0x18, 0xff,
    0x20, 0x1c, 0x18, 0xff, 0x18, 0x1c, 0x18, 0xff, 0x20, 0x18, 0x18, 0xff,
    0x20, 0x18, 0x18, 0xff, 0x18, 0x1c, 0x18, 0xff, 0x20, 0x1c, 0x18, 0xff,
    0x18, 0x18, 0x18, 0xff, 0x20, 0x18, 0x18, 0xff, 0x18, 0x1c, 0x18, 0xff,
    0x18, 0x1c, 0x18, 0xff, 0x20, 0x18, 0x18, 0xff, 0x18, 0x18, 0x18, 0xff,
    0x20, 0x1c, 0x18, 0xff, 0x20, 0x1c, 0x18, 0xff, 0x18, 0x18, 0x18, 0xff,
    0x20, 0x18, 0x18, 0xff, 0x18, 0x1c, 0x18, 0xff, 0x20, 0x1c, 0x18, 0xff,
    0x20, 0x18, 0x18, 0xff, 0x18, 0x18, 0x18, 0xff, 0x20, 0x1c, 0x18, 0xff,
    0x18, 0x1c, 0x18, 0xff, 0x20, 0x18, 0x18, 0xff, 0x18, 0x18, 0x18, 0xff,
    0x18, 0x1c, 0x18, 0xff, 0x20, 0x1c, 0x18, 0xff, 0x18, 0x18, 0x18, 0xff,
    0x20, 0x18, 0x18, 0xff, 0x20, 0x1c, 0x18, 0xff, 0x18, 0x1c, 0x18, 0xff,
    0x20, 0x18, 0x18, 0xff, 0x18, 0x18, 0x18, 0xff, 0x20, 0x1c, 0x18, 0xff,
    0x18, 0x1c, 0x18, 0xff, 0x18, 0x18, 0x18, 0xff, 0x20, 0x18, 0x18, 0xff,
    0x18, 0x1c, 0x18, 0xff, 0x18, 0x1c, 0x18, 0xff, 0x20, 0x18, 0x18, 0xff,
    0x18, 0x18, 0x18, 0xff, 0x18, 0x1c, 0x18, 0xff, 0x20, 0x18, 0x18, 0xff,
    0x20, 0x18, 0x18, 0xff, 0x18, 0x18, 0x18, 0xff, 0x20, 0x1c, 0x18, 0xff,
    0x20, 0x18, 0x18, 0xff, 0x18, 0x18, 0x18, 0xff, 0x18, 0x18, 0x18, 0xff,
    0x20, 0x18, 0x18, 0xff, 0x18, 0x1c, 0x18, 0xff, 0x18, 0x18, 0x18, 0xff,
    0x20, 0x18, 0x18, 0xff, 0x28, 0x28, 0x28, 0xff, 0x90, 0x90, 0x90, 0x55,
    0xf8, 0xfc, 0xf8, 0x00, 0x80, 0x7c, 0x80, 0xa2, 0x30, 0x30, 0x30, 0xff,
    0x30, 0x30, 0x30, 0xff, 0x38, 0x30, 0x30, 0xff, 0x30, 0x34, 0x30, 0xff,
    0x38, 0x30, 0x30, 0xff, 0x38, 0x30, 0x30, 0xff, 0x30, 0x30, 0x30, 0xff,
    0x30, 0x30, 0x30, 0xff, 0x30, 0x30, 0x30, 0xff, 0x30, 0x30, 0x30, 0xff,
    0x30, 0x30, 0x30, 0xff, 0x30, 0x30, 0x30, 0xff, 0x30, 0x30, 0x30, 0xff,
    0x30, 0x30, 0x28, 0xff, 0x30, 0x30, 0x30, 0xff, 0x30, 0x30, 0x30, 0xff,
    0x38, 0x30, 0x30, 0xff, 0x30, 0x30, 0x28, 0xff, 0x30, 0x30, 0x30, 0xff,
    0x30, 0x30, 0x30, 0xff, 0x30, 0x30, 0x30, 0xff, 0x30, 0x30, 0x30, 0xff,
    0x30, 0x30, 0x30, 0xff, 0x30, 0x30, 0x30, 0xff, 0x30, 0x30, 0x30, 0xff,
    0x30, 0x30, 0x30, 0xff, 0x30, 0x30, 0x30, 0xff, 0x30, 0x30, 0x30, 0xff,
    0x30, 0x2c, 0x28, 0xff, 0x30, 0x30, 0x30, 0xff, 0x30, 0x30, 0x30, 0xff,
    0x30, 0x2c, 0x28, 0xff, 0x30, 0x30, 0x30, 0xff, 0x30, 0x2c, 0x30, 0xff,
    0x30, 0x30, 0x28, 0xff, 0x30, 0x2c, 0x30, 0xff, 0x30, 0x2c, 0x30, 0xff,
    0x30, 0x30, 0x28, 0xff, 0x30, 0x2c, 0x30, 0xff, 0x30, 0x2c, 0x30, 0xff,
    0x30, 0x2c, 0x28, 0xff, 0x30, 0x30, 0x28, 0xff, 0x30, 0x2c, 0x30, 0xff,
    0x30, 0x2c, 0x28, 0xff, 0x30, 0x2c, 0x28, 0xff, 0x30, 0x30, 0x30, 0xff,
    0x28, 0x30, 0x30, 0xff, 0x30, 0x2c, 0x28, 0xff, 0x28, 0x2c, 0x30, 0xff,
    0x30, 0x2c, 0x30, 0xff, 0x30, 0x30, 0x28, 0xff, 0x30, 0x2c, 0x28, 0xff,
    0x30, 0x2c, 0x30, 0xff, 0x28, 0x2c, 0x28, 0xff, 0x30, 0x2c, 0x28, 0xff,
    0x30, 0x2c, 0x30, 0xff, 0x28, 0x2c, 0x28, 0xff, 0x30, 0x2c, 0x28, 0xff,
    0x30, 0x2c, 0x30, 0xff, 0x28, 0x2c, 0x28, 0xff, 0x30, 0x2c, 0x28, 0xff,
    0x30, 0x2c, 0x30, 0xff, 0x28, 0x2c, 0x28, 0xff, 0x30, 0x2c, 0x28, 0xff,
    0x30, 0x28, 0x28, 0xff, 0x28, 0x2c, 0x28, 0xff, 0x30, 0x2c, 0x28, 0xff,
    0x30, 0x28, 0x28, 0xff, 0x28, 0x2c, 0x28, 0xff, 0x28, 0x28, 0x28, 0xff,
    0x30, 0x2c, 0x28, 0xff, 0x30, 0x28, 0x28, 0xff, 0x28, 0x2c, 0x30, 0xff,
    0x30, 0x2c, 0x28, 0xff, 0x28, 0x2c, 0x28, 0xff, 0x28, 0x28, 0x28, 0xff,
    0x30, 0x2c, 0x28, 0xff, 0x28, 0x2c, 0x28, 0xff, 0x28, 0x2c, 0x28, 0xff,
    0x30, 0x28, 0x28, 0xff, 0x28, 0x2c, 0x28, 0xff, 0x30, 0x2c, 0x28, 0xff,
    0x30, 0x28, 0x28, 0xff, 0x28, 0x28, 0x28, 0xff, 0x30, 0x2c, 0x28, 0xff,
    0x28, 0x28, 0x28, 0xff, 0x28, 0x2c, 0x28, 0xff, 0x30, 0x28, 0x28, 0xff,
    0x28, 0x28, 0x28, 0xff, 0x28, 0x2c, 0x28, 0xff, 0x30, 0x28, 0x28, 0xff,
    0x28, 0x2c, 0x28, 0xff, 0x28, 0x28, 0x28, 0xff, 0x30, 0x2c, 0x28, 0xff,
    0x28, 0x28, 0x28, 0xff, 0x30, 0x28, 0x28, 0xff, 0x28, 0x2c, 0x28, 0xff,
    0x28, 0x28, 0x28, 0xff, 0x28, 0x28, 0x28, 0xff, 0x28, 0x2c, 0x28, 0xff,
    0x28, 0x28, 0x28, 0xff, 0x28, 0x28, 0x28, 0xff, 0x28, 0x28, 0x28, 0xff,
    0x28, 0x28, 0x28, 0xff, 0x28, 0x28, 0x28, 0xff, 0x30, 0x28, 0x28, 0xff,
    0x28, 0x28, 0x28, 0xff, 0x30, 0x28, 0x20, 0xff, 0x28, 0x28, 0x28, 0xff,
    0x28, 0x28, 0x28, 0xff, 0x30, 0x28, 0x28, 0xff, 0x28, 0x28, 0x28, 0xff,
    0x28, 0x28, 0x28, 0xff, 0x28, 0x24, 0x20, 0xff, 0x28, 0x28, 0x28, 0xff,
    0x28, 0x28, 0x28, 0xff, 0x28, 0x28, 0x28, 0xff, 0x28, 0x28, 0x28, 0xff,
    0x28, 0x28, 0x20, 0xff, 0x28, 0x24, 0x28, 0xff, 0x30, 0x28, 0x28, 0xff,
    0x28, 0x28, 0x28, 0xff, 0x28, 0x24, 0x28, 0xff, 0x28, 0x28, 0x28, 0xff,
    0x28, 0x28, 0x28, 0xff, 0x28, 0x24, 0x20, 0xff, 0x28, 0x28, 0x28, 0xff,
    0x28, 0x24, 0x20, 0xff, 0x28, 0x28, 0x20, 0xff, 0x28, 0x28, 0x28, 0xff,
    0x28, 0x24, 0x20, 0xff, 0x28, 0x28, 0x28, 0xff, 0x28, 0x24, 0x28, 0xff,
    0x28, 0x24, 0x20, 0xff, 0x28, 0x28, 0x28, 0xff, 0x28, 0x24, 0x28, 0xff,
    0x28, 0x24, 0x20, 0xff, 0x28, 0x24, 0x20, 0xff, 0x28, 0x28, 0x28, 0xff,
    0x28, 0x24, 0x20, 0xff, 0x28, 0x24, 0x28, 0xff, 0x28, 0x28, 0x28, 0xff,
    0x28, 0x24, 0x20, 0xff, 0x28, 0x24, 0x28, 0xff, 0x28, 0x24, 0x20, 0xff,
    0x28, 0x24, 0x28, 0xff, 0x28, 0x24, 0x20, 0xff, 0x28, 0x24, 0x28, 0xff,
    0x28, 0x24, 0x28, 0xff, 0x28, 0x24, 0x20, 0xff, 0x28, 0x24, 0x28, 0xff,
    0x28, 0x24, 0x20, 0xff, 0x28, 0x24, 0x20, 0xff, 0x20, 0x24, 0x28, 0xff,
    0x28, 0x24, 0x28, 0xff, 0x28, 0x24, 0x20, 0xff, 0x28, 0x24, 0x20, 0xff,
    0x28, 0x24, 0x28, 0xff, 0x28, 0x24, 0x20, 0xff, 0x28, 0x24, 0x20, 0xff,
    0x28, 0x24, 0x28, 0xff, 0x28, 0x24, 0x20, 0xff, 0x20, 0x24, 0x20, 0xff,
    0x28, 0x24, 0x28, 0xff, 0x28, 0x20, 0x20, 0xff, 0x20, 0x20, 0x28, 0xff,
    0x28, 0x24, 0x20, 0xff, 0x28, 0x20, 0x28, 0xff, 0x20, 0x20, 0x20, 0xff,
    0x20, 0x24, 0x28, 0xff, 0x28, 0x24, 0x28, 0xff, 0x28, 0x20, 0x20, 0xff,
    0x20, 0x24, 0x20, 0xff, 0x28, 0x24, 0x20, 0xff, 0x28, 0x20, 0x20, 0xff,
    0x20, 0x24, 0x28, 0xff, 0x28, 0x24, 0x20, 0xff, 0x28, 0x20, 0x20, 0xff,
    0x28, 0x20, 0x20, 0xff, 0x20, 0x24, 0x20, 0xff, 0x28, 0x24, 0x20, 0xff,
    0x20, 0x20, 0x20, 0xff, 0x20, 0x24, 0x20, 0xff, 0x28, 0x24, 0x20, 0xff,
    0x20, 0x20, 0x20, 0xff, 0x20, 0x24, 0x20, 0xff, 0x28, 0x20, 0x20, 0xff,
    0x20, 0x20, 0x20, 0xff, 0x28, 0x24, 0x20, 0xff, 0x20, 0x20, 0x20, 0xff,
    0x28, 0x20, 0x20, 0xff, 0x20, 0x20, 0x20, 0xff, 0x20, 0x20, 0x20, 0xff,
    0x28, 0x24, 0x20, 0xff, 0x28, 0x24, 0x20, 0xff, 0x20, 0x20, 0x20, 0xff,
    0x20, 0x20, 0x20, 0xff, 0x28, 0x20, 0x20, 0xff, 0x20, 0x20, 0x20, 0xff,
    0x20, 0x24, 0x20, 0xff, 0x28, 0x20, 0x20, 0xff, 0x20, 0x20, 0x20, 0xff,
    0x20, 0x20, 0x20, 0xff, 0x28, 0x20, 0x20, 0xff, 0x20, 0x24, 0x20, 0xff,
    0x20, 0x20, 0x20, 0xff, 0x28, 0x20, 0x20, 0xff, 0x20, 0x20, 0x20, 0xff,
    0x28, 0x20, 0x20, 0xff, 0x20, 0x20, 0x20, 0xff, 0x28, 0x20, 0x20, 0xff,
    0x20, 0x20, 0x18, 0xff, 0x20, 0x20, 0x20, 0xff, 0x20, 0x20, 0x20, 0xff,
    0x28, 0x20, 0x20, 0xff, 0x20, 0x20, 0x18, 0xff, 0x20, 0x20, 0x20, 0xff,
    0x28, 0x20, 0x20, 0xff, 0x20, 0x20, 0x18, 0xff, 0x20, 0x20, 0x20, 0xff,
    0x20, 0x20, 0x20, 0xff, 0x20, 0x1c, 0x18, 0xff, 0x28, 0x20, 0x20, 0xff,
    0x20, 0x1c, 0x20, 0xff, 0x20, 0x20, 0x20, 0xff, 0x28, 0x20, 0x20, 0xff,
    0x20, 0x20, 0x18, 0xff, 0x20, 0x1c, 0x20, 0xff, 0x20, 0x20, 0x20, 0xff,
    0x20, 0x1c, 0x18, 0xff, 0x20, 0x20, 0x20, 0xff, 0x20, 0x1c, 0x20, 0xff,
    0x20, 0x20, 0x20, 0xff, 0x20, 0x20, 0x18, 0xff, 0x20, 0x20, 0x20, 0xff,
    0x20, 0x1c, 0x20, 0xff, 0x20, 0x20, 0x18, 0xff, 0x20, 0x20, 0x18, 0xff,
    0x20, 0x1c, 0x20, 0xff, 0x20, 0x1c, 0x20, 0xff, 0x20, 0x20, 0x18, 0xff,
    0x20, 0x1c, 0x20, 0xff, 0x20, 0x1c, 0x18, 0xff, 0x20, 0x20, 0x20, 0xff,
    0x20, 0x1c, 0x20, 0xff, 0x20, 0x1c, 0x18, 0xff, 0x20, 0x20, 0x20, 0xff,
    0x20, 0x1c, 0x18, 0xff, 0x20, 0x1c, 0x20, 0xff, 0x20, 0x20, 0x20, 0xff,
    0x20, 0x20, 0x18, 0xff, 0x20, 0x1c, 0x20, 0xff, 0x20, 0x1c, 0x20, 0xff,
    0x20, 0x20, 0x18, 0xff, 0x20, 0x1c, 0x20, 0xff, 0x20, 0x1c, 0x18, 0xff,
    0x20, 0x20, 0x18, 0xff, 0x20, 0x1c, 0x20, 0xff, 0x20, 0x20, 0x18, 0xff,
    0x20, 0x1c, 0x18, 0xff, 0x20, 0x20, 0x20, 0xff, 0x20, 0x1c, 0x18, 0xff,
    0x20, 0x20, 0x20, 0xff, 0x20, 0x1c, 0x18, 0xff, 0x20, 0x1c, 0x20, 0xff,
    0x20, 0x20, 0x18, 0xff, 0x20, 0x20, 0x18, 0xff, 0x20, 0x1c, 0x20, 0xff,
    0x20, 0x1c, 0x18, 0xff, 0x20, 0x1c, 0x18, 0xff, 0x20, 0x1c, 0x20, 0xff,
    0x20, 0x1c, 0x18, 0xff, 0x20, 0x1c, 0x18, 0xff, 0x20, 0x1c, 0x20, 0xff,
    0x20, 0x1c, 0x18, 0xff, 0x20, 0x1c, 0x18, 0xff, 0x20, 0x1c, 0x20, 0xff,
    0x20, 0x1c, 0x20, 0xff, 0x20, 0x1c, 0x18, 0xff, 0x20, 0x1c, 0x18, 0xff,
    0x20, 0x1c, 0x20, 0xff, 0x18, 0x1c, 0x18, 0xff, 0x20, 0x1c, 0x18, 0xff,
    0x20, 0x1c, 0x20, 0xff, 0x18, 0x1c, 0x20, 0xff, 0x20, 0x1c, 0x18, 0xff,
    0x20, 0x1c, 0x18, 0xff, 0x20, 0x1c, 0x20, 0xff, 0x18, 0x18, 0x18, 0xff,
    0x20, 0x1c, 0x18, 0xff, 0x20, 0x1c, 0x20, 0xff, 0x20, 0x18, 0x18, 0xff,
    0x20, 0x1c, 0x18, 0xff, 0x18, 0x1c, 0x20, 0xff, 0x20, 0x18, 0x18, 0xff,
    0x20, 0x1c, 0x18, 0xff, 0x20, 0x1c, 0x20, 0xff, 0x18, 0x1c, 0x18, 0xff,
    0x20, 0x1c, 0x18, 0xff, 0x20, 0x1c, 0x18, 0xff, 0x20, 0x1c, 0x20, 0xff,
    0x18, 0x1c, 0x18, 0xff, 0x20, 0x1c, 0x18, 0xff, 0x18, 0x1c, 0x18, 0xff,
    0x20, 0x1c, 0x18, 0xff, 0x20, 0x18, 0x18, 0xff, 0x18, 0x1c, 0x18, 0xff,
    0x20, 0x18, 0x20, 0xff, 0x20, 0x1c, 0x18, 0xff, 0x18, 0x18, 0x18, 0xff,
    0x20, 0x1c, 0x18, 0xff, 0x20, 0x1c, 0x18, 0xff, 0x18, 0x18, 0x20, 0xff,
    0x20, 0x1c, 0x18, 0xff, 0x20, 0x18, 0x18, 0xff, 0x18, 0x1c, 0x18, 0xff,
    0x20, 0x1c, 0x18, 0xff, 0x20, 0x18, 0x18, 0xff, 0x18, 0x18, 0x18, 0xff,
    0x20, 0x18, 0x18, 0xff, 0x20, 0x1c, 0x18, 0xff, 0x18, 0x1c, 0x20, 0xff,
    0x20, 0x18, 0x18, 0xff, 0x18, 0x1c, 0x18, 0xff, 0x20, 0x1c, 0x18, 0xff,
    0x20, 0x18, 0x18, 0xff, 0x18, 0x1c, 0x18, 0xff, 0x20, 0x1c, 0x18, 0xff,
    0x18, 0x18, 0x18, 0xff, 0x20, 0x18, 0x18, 0xff, 0x18, 0x18, 0x18, 0xff,
    0x18, 0x18, 0x18, 0xff, 0x20, 0x18, 0x18, 0xff, 0x18, 0x1c, 0x18, 0xff,
    0x18, 0x18, 0x18, 0xff, 0x20, 0x18, 0x18, 0xff, 0x18, 0x18, 0x18, 0xff,
    0x18, 0x18, 0x18, 0xff, 0x20, 0x1c, 0x18, 0xff, 0x18, 0x18, 0x18, 0xff,
    0x20, 0x18, 0x18, 0xff, 0x18, 0x18, 0x18, 0xff, 0x20, 0x18, 0x18, 0xff,
    0x20, 0x18, 0x18, 0xff, 0x18, 0x18, 0x18, 0xff, 0x18, 0x1c, 0x18, 0xff,
    0x20, 0x18, 0x18, 0xff, 0x18, 0x18, 0x18, 0xff, 0x18, 0x18, 0x18, 0xff,
    0x20, 0x18, 0x18, 0xff, 0x18, 0x18, 0x18, 0xff, 0x20, 0x18, 0x18, 0xff,
    0x18, 0x18, 0x18, 0xff, 0x18, 0x1c, 0x18, 0xff, 0x20, 0x18, 0x18, 0xff,
    0x20, 0x18, 0x18, 0xff, 0x18, 0x18, 0x18, 0xff, 0x20, 0x18, 0x18, 0xff,
    0x20, 0x18, 0x18, 0xff, 0x18, 0x18, 0x18, 0xff, 0x20, 0x18, 0x18, 0xff,
    0x18, 0x1c, 0x18, 0xff, 0x18, 0x18, 0x18, 0xff, 0x20, 0x18, 0x18, 0xff,
    0x20, 0x18, 0x18, 0xff, 0x18, 0x18, 0x18, 0xff, 0x18, 0x18, 0x18, 0xff,
    0x20, 0x18, 0x18, 0xff, 0x18, 0x18, 0x18, 0xff, 0x18, 0x1c, 0x18, 0xff,
    0x20, 0x18, 0x18, 0xff, 0x20, 0x18, 0x18, 0xff, 0x18, 0x18, 0x18, 0xff,
    0x20, 0x18, 0x18, 0xff, 0x20, 0x18, 0x18, 0xff, 0x18, 0x18, 0x18, 0xff,
    0x18, 0x18, 0x18, 0xff, 0x20, 0x1c, 0x18, 0xff, 0x18, 0x18, 0x18, 0xff,
    0x20, 0x18, 0x18, 0xff, 0x18, 0x18, 0x18, 0xff, 0x20, 0x18, 0x18, 0xff,
    0x18, 0x18, 0x18, 0xff, 0x18, 0x18, 0x18, 0xff, 0x20, 0x18, 0x18, 0xff,
    0x20, 0x1c, 0x18, 0xff, 0x18, 0x18, 0x18, 0xff, 0x20, 0x18, 0x18, 0xff,
    0x20, 0x18, 0x18, 0xff, 0x18, 0x18, 0x18, 0xff, 0x20, 0x18, 0x18, 0xff,
    0x18, 0x18, 0x18, 0xff, 0x18, 0x18, 0x18, 0xff, 0x20, 0x1c, 0x18, 0xff,
    0x20, 0x18, 0x18, 0xff, 0x18, 0x18, 0x18, 0xff, 0x18, 0x18, 0x18, 0xff,
    0x20, 0x18, 0x18, 0xff, 0x18, 0x18, 0x18, 0xff, 0x18, 0x18, 0x18, 0xff,
    0x20, 0x18, 0x18, 0xff, 0x20, 0x1c, 0x18, 0xff, 0x18, 0x18, 0x18, 0xff,
    0x20, 0x18, 0x18, 0xff, 0x20, 0x18, 0x18, 0xff, 0x18, 0x18, 0x18, 0xff,
    0x18, 0x18, 0x18, 0xff, 0x20, 0x18, 0x18, 0xff, 0x18, 0x18, 0x18, 0xff,
    0x20, 0x1c, 0x18, 0xff, 0x18, 0x18, 0x18, 0xff, 0x20, 0x18, 0x18, 0xff,
    0x18, 0x18, 0x18, 0xff, 0x18, 0x18, 0x18, 0xff, 0x20, 0x18, 0x18, 0xff,
    0x20, 0x18, 0x18, 0xff, 0x18, 0x18, 0x18, 0xff, 0x20, 0x1c, 0x18, 0xff,
    0x20, 0x18, 0x18, 0xff, 0x18, 0x18, 0x18, 0xff, 0x20, 0x18, 0x18, 0xff,
    0x18, 0x18, 0x18, 0xff, 0x18, 0x18, 0x18, 0xff, 0x20, 0x18, 0x18, 0xff,
    0x20, 0x18, 0x18, 0xff, 0x18, 0x1c, 0x18, 0xff, 0x20, 0x18, 0x18, 0xff,
    0x18, 0x18, 0x18, 0xff, 0x20, 0x18, 0x18, 0xff, 0x20, 0x18, 0x18, 0xff,
    0x18, 0x18, 0x18, 0xff, 0x20, 0x18, 0x18, 0xff, 0x18, 0x18, 0x18, 0xff,
    0x20, 0x18, 0x18, 0xff, 0x20, 0x1c, 0x18, 0xff, 0x18, 0x18, 0x18, 0xff,
    0x18, 0x18, 0x18, 0xff, 0x20, 0x18, 0x18, 0xff, 0x18, 0x18, 0x18, 0xff,
    0x18, 0x18, 0x18, 0xff, 0x20, 0x1c, 0x18, 0xff, 0x20, 0x18, 0x18, 0xff,
    0x18, 0x18, 0x18, 0xff, 0x20, 0x1c, 0x18, 0xff, 0x18, 0x18, 0x18, 0xff,
    0x20, 0x18, 0x18, 0xff, 0x18, 0x1c, 0x18, 0xff, 0x18, 0x18, 0x18, 0xff,
    0x78, 0x78, 0x78, 0x96, 0xf8, 0xfc, 0xf8, 0x00, 0x78, 0x74, 0x70, 0xb6,
    0x30, 0x30, 0x30, 0xff, 0x30, 0x30, 0x30, 0xff, 0x30, 0x30, 0x30, 0xff,
    0x30, 0x30, 0x30, 0xff, 0x30, 0x30, 0x30, 0xff, 0x30, 0x34, 0x30, 0xff,
    0x30, 0x30, 0x30, 0xff, 0x30, 0x30, 0x30, 0xff, 0x38, 0x30, 0x30, 0xff,
    0x30, 0x30, 0x30, 0xff, 0x30, 0x30, 0x28, 0xff, 0x30, 0x30, 0x30, 0xff,
    0x38, 0x30, 0x30, 0xff, 0x30, 0x30, 0x30, 0xff, 0x30, 0x30, 0x30, 0xff,
    0x30, 0x30, 0x30, 0xff, 0x30, 0x30, 0x30, 0xff, 0x30, 0x2c, 0x28, 0xff,
    0x30, 0x30, 0x30, 0xff, 0x30, 0x2c, 0x30, 0xff, 0x30, 0x30, 0x28, 0xff,
    0x30, 0x2c, 0x30, 0xff, 0x30, 0x2c, 0x28, 0xff, 0x30, 0x30, 0x30, 0xff,
    0x30, 0x30, 0x28, 0xff, 0x30, 0x2c, 0x30, 0xff, 0x30, 0x30, 0x30, 0xff,
    0x30, 0x30, 0x30, 0xff, 0x30, 0x2c, 0x28, 0xff, 0x30, 0x2c, 0x30, 0xff,
    0x30, 0x30, 0x28, 0xff, 0x30, 0x2c, 0x30, 0xff, 0x30, 0x30, 0x30, 0xff,
    0x30, 0x30, 0x28, 0xff, 0x30, 0x2c, 0x28, 0xff, 0x28, 0x30, 0x30, 0xff,
    0x30, 0x2c, 0x30, 0xff, 0x30, 0x30, 0x28, 0xff, 0x30, 0x30, 0x30, 0xff,
    0x30, 0x2c, 0x30, 0xff, 0x30, 0x2c, 0x28, 0xff, 0x30, 0x2c, 0x30, 0xff,
    0x30, 0x30, 0x30, 0xff, 0x30, 0x2c, 0x28, 0xff, 0x28, 0x2c, 0x28, 0xff,
    0x30, 0x2c, 0x30, 0xff, 0x30, 0x2c, 0x28, 0xff, 0x30, 0x30, 0x30, 0xff,
    0x30, 0x2c, 0x28, 0xff, 0x28, 0x2c, 0x30, 0xff, 0x30, 0x2c, 0x30, 0xff,
    0x30, 0x2c, 0x28, 0xff, 0x30, 0x2c, 0x30, 0xff, 0x30, 0x2c, 0x28, 0xff,
    0x30, 0x2c, 0x30, 0xff, 0x30, 0x2c, 0x28, 0xff, 0x28, 0x2c, 0x28, 0xff,
    0x30, 0x2c, 0x30, 0xff, 0x28, 0x2c, 0x28, 0xff, 0x30, 0x2c, 0x30, 0xff,
    0x30, 0x2c, 0x28, 0xff, 0x28, 0x2c, 0x30, 0xff, 0x30, 0x2c, 0x30, 0xff,
    0x28, 0x2c, 0x28, 0xff, 0x30, 0x2c, 0x28, 0xff, 0x30, 0x28, 0x30, 0xff,
    0x28, 0x2c, 0x28, 0xff, 0x30, 0x2c, 0x30, 0xff, 0x30, 0x2c, 0x28, 0xff,
    0x28, 0x2c, 0x28, 0xff, 0x28, 0x28, 0x30, 0xff, 0x30, 0x2c, 0x28, 0xff,
    0x28, 0x2c, 0x28, 0xff, 0x30, 0x28, 0x30, 0xff, 0x30, 0x2c, 0x28, 0xff,
    0x28, 0x28, 0x28, 0xff, 0x30, 0x28, 0x30, 0xff, 0x30, 0x2c, 0x28, 0xff,
    0x28, 0x28, 0x28, 0xff, 0x30, 0x28, 0x28, 0xff, 0x28, 0x2c, 0x28, 0xff,
    0x28, 0x28, 0x28, 0xff, 0x30, 0x2c, 0x28, 0xff, 0x28, 0x2c, 0x28, 0xff,
    0x28, 0x28, 0x28, 0xff, 0x30, 0x2c, 0x28, 0xff, 0x28, 0x28, 0x28, 0xff,
    0x28, 0x28, 0x28, 0xff, 0x28, 0x28, 0x28, 0xff, 0x30, 0x28, 0x28, 0xff,
    0x28, 0x28, 0x28, 0xff, 0x30, 0x28, 0x28, 0xff, 0x28, 0x2c, 0x28, 0xff,
    0x28, 0x28, 0x28, 0xff, 0x30, 0x28, 0x28, 0xff, 0x28, 0x2c, 0x28, 0xff,
    0x28, 0x28, 0x28, 0xff, 0x30, 0x28, 0x28, 0xff, 0x28, 0x28, 0x28, 0xff,
    0x30, 0x28, 0x28, 0xff, 0x30, 0x28, 0x28, 0xff, 0x28, 0x28, 0x28, 0xff,
    0x30, 0x28, 0x28, 0xff, 0x28, 0x28, 0x28, 0xff, 0x28, 0x28, 0x28, 0xff,
    0x28, 0x28, 0x28, 0xff, 0x28, 0x28, 0x28, 0xff, 0x30, 0x28, 0x28, 0xff,
    0x28, 0x28, 0x28, 0xff, 0x28, 0x28, 0x20, 0xff, 0x28, 0x28, 0x28, 0xff,
    0x28, 0x28, 0x28, 0xff, 0x28, 0x28, 0x28, 0xff, 0x30, 0x28, 0x28, 0xff,
    0x28, 0x24, 0x20, 0xff, 0x28, 0x28, 0x28, 0xff, 0x28, 0x24, 0x28, 0xff,
    0x28, 0x28, 0x28, 0xff, 0x28, 0x28, 0x28, 0xff, 0x28, 0x24, 0x20, 0xff,
    0x28, 0x28, 0x28, 0xff, 0x28, 0x28, 0x20, 0xff, 0x28, 0x24, 0x28, 0xff,
    0x28, 0x28, 0x28, 0xff, 0x28, 0x28, 0x20, 0xff, 0x28, 0x24, 0x28, 0xff,
    0x28, 0x28, 0x28, 0xff, 0x28, 0x24, 0x28, 0xff, 0x28, 0x24, 0x20, 0xff,
    0x28, 0x28, 0x28, 0xff, 0x28, 0x24, 0x20, 0xff, 0x28, 0x28, 0x28, 0xff,
    0x28, 0x28, 0x28, 0xff, 0x28, 0x24, 0x20, 0xff, 0x28, 0x28, 0x28, 0xff,
    0x28, 0x28, 0x28, 0xff, 0x28, 0x24, 0x28, 0xff, 0x28, 0x24, 0x20, 0xff,
    0x28, 0x28, 0x28, 0xff, 0x28, 0x24, 0x20, 0xff, 0x28, 0x24, 0x20, 0xff,
    0x28, 0x28, 0x28, 0xff, 0x20, 0x24, 0x20, 0xff, 0x28, 0x24, 0x28, 0xff,
    0x28, 0x28, 0x28, 0xff, 0x20, 0x28, 0x20, 0xff, 0x28, 0x24, 0x20, 0xff,
    0x28, 0x28, 0x28, 0xff, 0x28, 0x24, 0x20, 0xff, 0x20, 0x24, 0x28, 0xff,
    0x28, 0x28, 0x28, 0xff, 0x28, 0x24, 0x20, 0xff, 0x20, 0x24, 0x20, 0xff,
    0x28, 0x24, 0x28, 0xff, 0x28, 0x24, 0x20, 0xff, 0x20, 0x24, 0x20, 0xff,
    0x20, 0x24, 0x28, 0xff, 0x28, 0x24, 0x20, 0xff, 0x20, 0x24, 0x20, 0xff,
    0x28, 0x24, 0x28, 0xff, 0x28, 0x24, 0x20, 0xff, 0x20, 0x24, 0x20, 0xff,
    0x28, 0x24, 0x28, 0xff, 0x28, 0x24, 0x20, 0xff, 0x28, 0x24, 0x20, 0xff,
    0x20, 0x24, 0x20, 0xff, 0x28, 0x24, 0x20, 0xff, 0x28, 0x24, 0x20, 0xff,
    0x28, 0x24, 0x20, 0xff, 0x20, 0x24, 0x20, 0xff, 0x28, 0x20, 0x20, 0xff,
    0x28, 0x24, 0x28, 0xff, 0x20, 0x24, 0x20, 0xff, 0x28, 0x24, 0x28, 0xff,
    0x28, 0x24, 0x20, 0xff, 0x20, 0x24, 0x20, 0xff, 0x28, 0x24, 0x28, 0xff,
    0x28, 0x20, 0x20, 0xff, 0x20, 0x20, 0x20, 0xff, 0x28, 0x24, 0x20, 0xff,
    0x28, 0x20, 0x20, 0xff, 0x20, 0x20, 0x20, 0xff, 0x28, 0x24, 0x28, 0xff,
    0x28, 0x20, 0x20, 0xff, 0x20, 0x24, 0x20, 0xff, 0x28, 0x24, 0x20, 0xff,
    0x20, 0x20, 0x28, 0xff, 0x28, 0x24, 0x20, 0xff, 0x20, 0x24, 0x20, 0xff,
    0x28, 0x20, 0x28, 0xff, 0x28, 0x24, 0x20, 0xff, 0x20, 0x20, 0x20, 0xff,
    0x28, 0x20, 0x20, 0xff, 0x20, 0x20, 0x20, 0xff, 0x28, 0x20, 0x20, 0xff,
    0x20, 0x24, 0x20, 0xff, 0x20, 0x20, 0x20, 0xff, 0x28, 0x20, 0x20, 0xff,
    0x20, 0x24, 0x20, 0xff, 0x28, 0x20, 0x20, 0xff, 0x20, 0x20, 0x20, 0xff,
    0x20, 0x24, 0x20, 0xff, 0x28, 0x20, 0x20, 0xff, 0x28, 0x20, 0x20, 0xff,
    0x20, 0x20, 0x20, 0xff, 0x20, 0x24, 0x20, 0xff, 0x28, 0x20, 0x20, 0xff,
    0x20, 0x20, 0x20, 0xff, 0x20, 0x20, 0x18, 0xff, 0x28, 0x20, 0x20, 0xff,
    0x20, 0x20, 0x20, 0xff, 0x20, 0x20, 0x20, 0xff, 0x20, 0x20, 0x20, 0xff,
    0x28, 0x20, 0x20, 0xff, 0x20, 0x20, 0x20, 0xff, 0x20, 0x20, 0x20, 0xff,
    0x20, 0x20, 0x20, 0xff, 0x20, 0x20, 0x20, 0xff, 0x20, 0x20, 0x20, 0xff,
    0x20, 0x20, 0x20, 0xff, 0x28, 0x20, 0x18, 0xff, 0x20, 0x20, 0x20, 0xff,
    0x20, 0x1c, 0x20, 0xff, 0x20, 0x20, 0x20, 0xff, 0x20, 0x20, 0x18, 0xff,
    0x20, 0x20, 0x20, 0xff, 0x20, 0x1c, 0x20, 0xff, 0x28, 0x20, 0x20, 0xff,
    0x20, 0x20, 0x18, 0xff, 0x20, 0x20, 0x20, 0xff, 0x20, 0x1c, 0x20, 0xff,
    0x20, 0x20, 0x20, 0xff, 0x20, 0x20, 0x18, 0xff, 0x20, 0x1c, 0x20, 0xff,
    0x28, 0x20, 0x20, 0xff, 0x20, 0x1c, 0x18, 0xff, 0x20, 0x1c, 0x20, 0xff,
    0x20, 0x20, 0x20, 0xff, 0x28, 0x1c, 0x18, 0xff, 0x20, 0x20, 0x20, 0xff,
    0x20, 0x20, 0x20, 0xff, 0x20, 0x1c, 0x18, 0xff, 0x20, 0x20, 0x20, 0xff,
    0x20, 0x20, 0x20, 0xff, 0x20, 0x1c, 0x18, 0xff, 0x20, 0x20, 0x20, 0xff,
    0x20, 0x20, 0x20, 0xff, 0x20, 0x1c, 0x18, 0xff, 0x20, 0x20, 0x20, 0xff,
    0x20, 0x1c, 0x20, 0xff, 0x20, 0x1c, 0x18, 0xff, 0x20, 0x1c, 0x18, 0xff,
    0x20, 0x1c, 0x20, 0xff, 0x20, 0x20, 0x20, 0xff, 0x20, 0x1c, 0x18, 0xff,
    0x20, 0x1c, 0x20, 0xff, 0x20, 0x20, 0x20, 0xff, 0x20, 0x1c, 0x18, 0xff,
    0x20, 0x1c, 0x20, 0xff, 0x20, 0x1c, 0x20, 0xff, 0x20, 0x1c, 0x18, 0xff,
    0x20, 0x20, 0x20, 0xff, 0x20, 0x1c, 0x18, 0xff, 0x20, 0x1c, 0x18, 0xff,
    0x18, 0x20, 0x20, 0xff, 0x20, 0x1c, 0x20, 0xff, 0x20, 0x1c, 0x18, 0xff,
    0x18, 0x1c, 0x20, 0xff, 0x20, 0x1c, 0x18, 0xff, 0x20, 0x1c, 0x20, 0xff,
    0x20, 0x1c, 0x20, 0xff, 0x20, 0x1c, 0x18, 0xff, 0x18, 0x1c, 0x20, 0xff,
    0x20, 0x1c, 0x18, 0xff, 0x20, 0x1c, 0x20, 0xff, 0x20, 0x1c, 0x18, 0xff,
    0x18, 0x1c, 0x18, 0xff, 0x20, 0x1c, 0x20, 0xff, 0x20, 0x1c, 0x18, 0xff,
    0x20, 0x1c, 0x20, 0xff, 0x20, 0x1c, 0x18, 0xff, 0x20, 0x1c, 0x20, 0xff,
    0x20, 0x1c, 0x18, 0xff, 0x20, 0x1c, 0x18, 0xff, 0x20, 0x1c, 0x20, 0xff,
    0x20, 0x1c, 0x18, 0xff, 0x20, 0x18, 0x18, 0xff, 0x20, 0x1c, 0x18, 0xff,
    0x20, 0x1c, 0x18, 0xff, 0x18, 0x18, 0x20, 0xff, 0x20, 0x1c, 0x18, 0xff,
    0x20, 0x1c, 0x18, 0xff, 0x18, 0x18, 0x18, 0xff, 0x20, 0x1c, 0x20, 0xff,
    0x20, 0x1c, 0x18, 0xff, 0x20, 0x18, 0x18, 0xff, 0x18, 0x1c, 0x20, 0xff,
    0x20, 0x1c, 0x18, 0xff, 0x20, 0x18, 0x18, 0xff, 0x20, 0x18, 0x18, 0xff,
    0x18, 0x1c, 0x18, 0xff, 0x20, 0x18, 0x20, 0xff, 0x20, 0x18, 0x18, 0xff,
    0x18, 0x1c, 0x18, 0xff, 0x20, 0x1c, 0x20, 0xff, 0x18, 0x18, 0x18, 0xff,
    0x20, 0x18, 0x18, 0xff, 0x18, 0x1c, 0x18, 0xff, 0x20, 0x18, 0x18, 0xff,
    0x18, 0x1c, 0x18, 0xff, 0x20, 0x18, 0x18, 0xff, 0x20, 0x1c, 0x18, 0xff,
    0x18, 0x18, 0x18, 0xff, 0x20, 0x18, 0x18, 0xff, 0x20, 0x1c, 0x18, 0xff,
    0x18, 0x18, 0x18, 0xff, 0x20, 0x18, 0x20, 0xff, 0x20, 0x1c, 0x18, 0xff,
    0x18, 0x1c, 0x18, 0xff, 0x20, 0x18, 0x18, 0xff, 0x20, 0x18, 0x18, 0xff,
    0x18, 0x1c, 0x18, 0xff, 0x20, 0x18, 0x18, 0xff, 0x20, 0x18, 0x18, 0xff,
    0x18, 0x1c, 0x20, 0xff, 0x18, 0x18, 0x18, 0xff, 0x20, 0x18, 0x18, 0xff,
    0x18, 0x1c, 0x18, 0xff, 0x20, 0x18, 0x18, 0xff, 0x20, 0x18, 0x18, 0xff,
    0x18, 0x1c, 0x18, 0xff, 0x20, 0x18, 0x18, 0xff, 0x20, 0x18, 0x18, 0xff,
    0x18, 0x18, 0x18, 0xff, 0x20, 0x1c, 0x18, 0xff, 0x20, 0x18, 0x18, 0xff,
    0x18, 0x18, 0x18, 0xff, 0x20, 0x18, 0x18, 0xff, 0x18, 0x18, 0x18, 0xff,
    0x20, 0x18, 0x18, 0xff, 0x18, 0x18, 0x18, 0xff, 0x18, 0x1c, 0x18, 0xff,
    0x20, 0x18, 0x18, 0xff, 0x18, 0x18, 0x18, 0xff, 0x20, 0x18, 0x18, 0xff,
    0x20, 0x18, 0x18, 0xff, 0x18, 0x18, 0x18, 0xff, 0x20, 0x18, 0x18, 0xff,
    0x18, 0x1c, 0x18, 0xff, 0x20, 0x18, 0x18, 0xff, 0x20, 0x1c, 0x18, 0xff,
    0x18, 0x18, 0x18, 0xff, 0x20, 0x18, 0x18, 0xff, 0x18, 0x18, 0x18, 0xff,
    0x18, 0x18, 0x18, 0xff, 0x20, 0x18, 0x18, 0xff, 0x18, 0x1c, 0x18, 0xff,
    0x18, 0x18, 0x18, 0xff, 0x20, 0x1c, 0x18, 0xff, 0x20, 0x18, 0x18, 0xff,
    0x18, 0x18, 0x18, 0xff, 0x20, 0x18, 0x18, 0xff, 0x18, 0x18, 0x18, 0xff,
    0x18, 0x18, 0x18, 0xff, 0x20, 0x1c, 0x18, 0xff, 0x18, 0x18, 0x18, 0xff,
    0x20, 0x1c, 0x18, 0xff, 0x20, 0x18, 0x18, 0xff, 0x18, 0x18, 0x18, 0xff,
    0x20, 0x18, 0x18, 0xff, 0x18, 0x18, 0x18, 0xff, 0x18, 0x18, 0x18, 0xff,
    0x20, 0x1c, 0x18, 0xff, 0x18, 0x18, 0x18, 0xff, 0x20, 0x1c, 0x18, 0xff,
    0x20, 0x18, 0x18, 0xff, 0x18, 0x18, 0x18, 0xff, 0x18, 0x18, 0x18, 0xff,
    0x20, 0x18, 0x18, 0xff, 0x18, 0x18, 0x18, 0xff, 0x20, 0x1c, 0x18, 0xff,
    0x18, 0x18, 0x18, 0xff, 0x20, 0x1c, 0x18, 0xff, 0x18, 0x18, 0x18, 0xff,
    0x18, 0x18, 0x18, 0xff, 0x20, 0x18, 0x18, 0xff, 0x18, 0x18, 0x18, 0xff,
    0x18, 0x18, 0x18, 0xff, 0x20, 0x1c, 0x18, 0xff, 0x20, 0x18, 0x18, 0xff,
    0x18, 0x1c, 0x18, 0xff, 0x20, 0x18, 0x18, 0xff, 0x18, 0x18, 0x18, 0xff,
    0x18, 0x18, 0x18, 0xff, 0x20, 0x18, 0x18, 0xff, 0x18, 0x18, 0x18, 0xff,
    0x20, 0x1c, 0x18, 0xff, 0x20, 0x18, 0x18, 0xff, 0x18, 0x1c, 0x18, 0xff,
    0x20, 0x18, 0x18, 0xff, 0x18, 0x18, 0x18, 0xff, 0x18, 0x18, 0x18, 0xff,
    0x20, 0x18, 0x18, 0xff, 0x18, 0x18, 0x18, 0xff, 0x20, 0x1c, 0x18, 0xff,
    0x20, 0x18, 0x18, 0xff, 0x18, 0x1c, 0x18, 0xff, 0x18, 0x18, 0x18, 0xff,
    0x20, 0x18, 0x18, 0xff, 0x18, 0x18, 0x18, 0xff, 0x20, 0x18, 0x18, 0xff,
    0x18, 0x18, 0x18, 0xff, 0x20, 0x1c, 0x18, 0xff, 0x18, 0x18, 0x18, 0xff,
    0x18, 0x1c, 0x18, 0xff, 0x20, 0x18, 0x18, 0xff, 0x18, 0x18, 0x18, 0xff,
    0x18, 0x18, 0x18, 0xff, 0x20, 0x18, 0x18, 0xff, 0x20, 0x18, 0x18, 0xff,
    0x18, 0x1c, 0x18, 0xff, 0x20, 0x18, 0x18, 0xff, 0x18, 0x1c, 0x18, 0xff,
    0x18, 0x18, 0x18, 0xff, 0x20, 0x18, 0x18, 0xff, 0x18, 0x18, 0x18, 0xff,
    0x18, 0x18, 0x18, 0xff, 0x20, 0x18, 0x18, 0xff, 0x18, 0x1c, 0x18, 0xff,
    0x20, 0x18, 0x18, 0xff, 0x18, 0x1c, 0x18, 0xff, 0x20, 0x18, 0x18, 0xff,
    0x20, 0x18, 0x18, 0xff, 0x18, 0x1c, 0x18, 0xff, 0x20, 0x18, 0x18, 0xff,
    0x18, 0x18, 0x18, 0xff, 0x20, 0x1c, 0x18, 0xff, 0x18, 0x1c, 0x18, 0xff,
    0x20, 0x18, 0x18, 0xff, 0x18, 0x18, 0x18, 0xff, 0x18, 0x18, 0x18, 0xff,
    0x20, 0x1c, 0x18, 0xff, 0x18, 0x18, 0x18, 0xff, 0x20, 0x18, 0x18, 0xff,
    0x20, 0x18, 0x18, 0xff, 0x18, 0x18, 0x18, 0xff, 0x20, 0x18, 0x18, 0xff,
    0x20, 0x18, 0x18, 0xff, 0x70, 0x70, 0x70, 0x9e, 0xf8, 0xfc, 0xf8, 0x00,
    0x70, 0x6c, 0x68, 0xcf, 0x30, 0x34, 0x30, 0xff, 0x30, 0x30, 0x30, 0xff,
    0x38, 0x34, 0x30, 0xff, 0x30, 0x30, 0x30, 0xff, 0x30, 0x30, 0x30, 0xff,
    0x38, 0x30, 0x30, 0xff, 0x30, 0x30, 0x30, 0xff, 0x30, 0x30, 0x28, 0xff,
    0x30, 0x30, 0x30, 0xff, 0x30, 0x30, 0x30, 0xff, 0x30, 0x30, 0x30, 0xff,
    0x30, 0x30, 0x30, 0xff, 0x30, 0x30, 0x30, 0xff, 0x30, 0x30, 0x30, 0xff,
    0x30, 0x30, 0x30, 0xff, 0x38, 0x30, 0x30, 0xff, 0x30, 0x30, 0x30, 0xff,
    0x30, 0x30, 0x30, 0xff, 0x38, 0x30, 0x30, 0xff, 0x30, 0x30, 0x28, 0xff,
    0x30, 0x30, 0x30, 0xff, 0x30, 0x30, 0x30, 0xff, 0x30, 0x30, 0x30, 0xff,
    0x30, 0x30, 0x28, 0xff, 0x30, 0x2c, 0x30, 0xff, 0x30, 0x30, 0x30, 0xff,
    0x30, 0x30, 0x28, 0xff, 0x30, 0x30, 0x30, 0xff, 0x30, 0x2c, 0x30, 0xff,
    0x30, 0x2c, 0x28, 0xff, 0x30, 0x30, 0x30, 0xff, 0x30, 0x2c, 0x30, 0xff,
    0x30, 0x2c, 0x28, 0xff, 0x30, 0x30, 0x30, 0xff, 0x30, 0x2c, 0x30, 0xff,
    0x30, 0x30, 0x28, 0xff, 0x30, 0x2c, 0x30, 0xff, 0x30, 0x2c, 0x30, 0xff,
    0x28, 0x30, 0x28, 0xff, 0x30, 0x30, 0x30, 0xff, 0x30, 0x2c, 0x28, 0xff,
    0x28, 0x2c, 0x30, 0xff, 0x30, 0x2c, 0x28, 0xff, 0x30, 0x30, 0x30, 0xff,
    0x28, 0x2c, 0x30, 0xff, 0x30, 0x2c, 0x28, 0xff, 0x30, 0x2c, 0x30, 0xff,
    0x28, 0x2c, 0x28, 0xff, 0x30, 0x30, 0x28, 0xff, 0x30, 0x2c, 0x30, 0xff,
    0x28, 0x2c, 0x28, 0xff, 0x28, 0x2c, 0x28, 0xff, 0x30, 0x2c, 0x28, 0xff,
    0x28, 0x2c, 0x30, 0xff, 0x30, 0x2c, 0x28, 0xff, 0x30, 0x2c, 0x28, 0xff,
    0x28, 0x2c, 0x30, 0xff, 0x30, 0x2c, 0x28, 0xff, 0x30, 0x2c, 0x28, 0xff,
    0x28, 0x2c, 0x30, 0xff, 0x30, 0x2c, 0x28, 0xff, 0x30, 0x2c, 0x28, 0xff,
    0x28, 0x2c, 0x28, 0xff, 0x30, 0x2c, 0x28, 0xff, 0x28, 0x2c, 0x30, 0xff,
    0x30, 0x2c, 0x28, 0xff, 0x28, 0x28, 0x28, 0xff, 0x30, 0x2c, 0x28, 0xff,
    0x30, 0x2c, 0x30, 0xff, 0x28, 0x2c, 0x28, 0xff, 0x30, 0x2c, 0x28, 0xff,
    0x28, 0x2c, 0x28, 0xff, 0x28, 0x2c, 0x28, 0xff, 0x30, 0x2c, 0x28, 0xff,
    0x28, 0x2c, 0x30, 0xff, 0x30, 0x28, 0x28, 0xff, 0x28, 0x2c, 0x28, 0xff,
    0x28, 0x28, 0x28, 0xff, 0x30, 0x2c, 0x28, 0xff, 0x30, 0x2c, 0x30, 0xff,
    0x28, 0x28, 0x28, 0xff, 0x30, 0x28, 0x28, 0xff, 0x28, 0x2c, 0x30, 0xff,
    0x28, 0x28, 0x28, 0xff, 0x30, 0x28, 0x28, 0xff, 0x28, 0x2c, 0x30, 0xff,
    0x30, 0x2c, 0x28, 0xff, 0x28, 0x28, 0x28, 0xff, 0x30, 0x28, 0x28, 0xff,
    0x28, 0x2c, 0x28, 0xff, 0x28, 0x28, 0x28, 0xff, 0x30, 0x28, 0x28, 0xff,
    0x28, 0x28, 0x28, 0xff, 0x28, 0x28, 0x28, 0xff, 0x30, 0x28, 0x28, 0xff,
    0x28, 0x28, 0x28, 0xff, 0x28, 0x28, 0x28, 0xff, 0x28, 0x2c, 0x28, 0xff,
    0x28, 0x28, 0x28, 0xff, 0x28, 0x28, 0x28, 0xff, 0x28, 0x28, 0x28, 0xff,
    0x28, 0x28, 0x28, 0xff, 0x30, 0x28, 0x20, 0xff, 0x28, 0x28, 0x28, 0xff,
    0x28, 0x28, 0x28, 0xff, 0x30, 0x28, 0x20, 0xff, 0x28, 0x28, 0x28, 0xff,
    0x28, 0x28, 0x28, 0xff, 0x28, 0x28, 0x28, 0xff, 0x28, 0x28, 0x28, 0xff,
    0x28, 0x28, 0x28, 0xff, 0x28, 0x28, 0x28, 0xff, 0x28, 0x28, 0x20, 0xff,
    0x28, 0x28, 0x28, 0xff, 0x28, 0x28, 0x28, 0xff, 0x28, 0x24, 0x20, 0xff,
    0x30, 0x28, 0x28, 0xff, 0x28, 0x28, 0x20, 0xff, 0x28, 0x28, 0x28, 0xff,
    0x28, 0x28, 0x28, 0xff, 0x28, 0x28, 0x28, 0xff, 0x28, 0x28, 0x20, 0xff,
    0x28, 0x28, 0x28, 0xff, 0x28, 0x28, 0x28, 0xff, 0x28, 0x28, 0x28, 0xff,
    0x28, 0x24, 0x20, 0xff, 0x28, 0x28, 0x28, 0xff, 0x28, 0x28, 0x28, 0xff,
    0x28, 0x24, 0x28, 0xff, 0x28, 0x24, 0x28, 0xff, 0x28, 0x28, 0x20, 0xff,
    0x28, 0x24, 0x28, 0xff, 0x28, 0x24, 0x20, 0xff, 0x28, 0x28, 0x28, 0xff,
    0x28, 0x24, 0x20, 0xff, 0x28, 0x28, 0x28, 0xff, 0x28, 0x28, 0x20, 0xff,
    0x20, 0x24, 0x28, 0xff, 0x28, 0x24, 0x28, 0xff, 0x28, 0x24, 0x20, 0xff,
    0x20, 0x24, 0x28, 0xff, 0x28, 0x24, 0x20, 0xff, 0x28, 0x24, 0x20, 0xff,
    0x28, 0x24, 0x28, 0xff, 0x28, 0x24, 0x20, 0xff, 0x28, 0x24, 0x20, 0xff,
    0x28, 0x24, 0x28, 0xff, 0x28, 0x24, 0x20, 0xff, 0x28, 0x28, 0x20, 0xff,
    0x28, 0x24, 0x28, 0xff, 0x28, 0x24, 0x20, 0xff, 0x28, 0x24, 0x20, 0xff,
    0x28, 0x24, 0x28, 0xff, 0x28, 0x24, 0x20, 0xff, 0x28, 0x24, 0x20, 0xff,
    0x28, 0x24, 0x28, 0xff, 0x28, 0x24, 0x20, 0xff, 0x28, 0x24, 0x20, 0xff,
    0x28, 0x24, 0x28, 0xff, 0x20, 0x24, 0x20, 0xff, 0x28, 0x24, 0x20, 0xff,
    0x28, 0x24, 0x28, 0xff, 0x28, 0x24, 0x20, 0xff, 0x28, 0x24, 0x28, 0xff,
    0x20, 0x24, 0x20, 0xff, 0x28, 0x24, 0x20, 0xff, 0x20, 0x20, 0x28, 0xff,
    0x28, 0x24, 0x20, 0xff, 0x28, 0x24, 0x20, 0xff, 0x20, 0x24, 0x20, 0xff,
    0x28, 0x24, 0x20, 0xff, 0x20, 0x20, 0x20, 0xff, 0x28, 0x24, 0x20, 0xff,
    0x20, 0x24, 0x20, 0xff, 0x28, 0x20, 0x20, 0xff, 0x20, 0x24, 0x20, 0xff,
    0x28, 0x24, 0x20, 0xff, 0x20, 0x20, 0x20, 0xff, 0x20, 0x24, 0x20, 0xff,
    0x28, 0x24, 0x28, 0xff, 0x28, 0x20, 0x20, 0xff, 0x20, 0x24, 0x20, 0xff,
    0x20, 0x20, 0x20, 0xff, 0x28, 0x20, 0x20, 0xff, 0x28, 0x24, 0x20, 0xff,
    0x20, 0x20, 0x20, 0xff, 0x28, 0x20, 0x20, 0xff, 0x20, 0x24, 0x20, 0xff,
    0x20, 0x20, 0x20, 0xff, 0x28, 0x24, 0x20, 0xff, 0x20, 0x24, 0x20, 0xff,
    0x28, 0x20, 0x20, 0xff, 0x20, 0x20, 0x20, 0xff, 0x28, 0x20, 0x20, 0xff,
    0x20, 0x20, 0x20, 0xff, 0x28, 0x20, 0x20, 0xff, 0x20, 0x24, 0x20, 0xff,
    0x20, 0x20, 0x20, 0xff, 0x28, 0x20, 0x20, 0xff, 0x20, 0x20, 0x20, 0xff,
    0x20, 0x20, 0x20, 0xff, 0x28, 0x24, 0x20, 0xff, 0x20, 0x20, 0x20, 0xff,
    0x20, 0x20, 0x20, 0xff, 0x28, 0x20, 0x20, 0xff, 0x20, 0x20, 0x20, 0xff,
    0x20, 0x20, 0x20, 0xff, 0x28, 0x20, 0x20, 0xff, 0x20, 0x20, 0x20, 0xff,
    0x20, 0x20, 0x20, 0xff, 0x28, 0x20, 0x20, 0xff, 0x20, 0x20, 0x20, 0xff,
    0x20, 0x20, 0x20, 0xff, 0x20, 0x20, 0x18, 0xff, 0x20, 0x20, 0x20, 0xff,
    0x28, 0x20, 0x20, 0xff, 0x20, 0x20, 0x20, 0xff, 0x28, 0x20, 0x20, 0xff,
    0x20, 0x20, 0x20, 0xff, 0x20, 0x20, 0x20, 0xff, 0x28, 0x20, 0x20, 0xff,
    0x20, 0x20, 0x20, 0xff, 0x20, 0x20, 0x20, 0xff, 0x28, 0x20, 0x18, 0xff,
    0x20, 0x1c, 0x20, 0xff, 0x20, 0x20, 0x20, 0xff, 0x28, 0x20, 0x20, 0xff,
    0x20, 0x20, 0x18, 0xff, 0x20, 0x20, 0x20, 0xff, 0x20, 0x20, 0x20, 0xff,
    0x28, 0x20, 0x20, 0xff, 0x20, 0x20, 0x18, 0xff, 0x20, 0x20, 0x20, 0xff,
    0x20, 0x20, 0x20, 0xff, 0x20, 0x20, 0x20, 0xff, 0x20, 0x1c, 0x18, 0xff,
    0x20, 0x20, 0x20, 0xff, 0x20, 0x1c, 0x20, 0xff, 0x20, 0x20, 0x18, 0xff,
    0x20, 0x1c, 0x20, 0xff, 0x28, 0x1c, 0x20, 0xff, 0x20, 0x20, 0x18, 0xff,
    0x20, 0x1c, 0x20, 0xff, 0x28, 0x20, 0x18, 0xff, 0x20, 0x1c, 0x20, 0xff,
    0x20, 0x20, 0x20, 0xff, 0x20, 0x1c, 0x18, 0xff, 0x20, 0x20, 0x20, 0xff,
    0x20, 0x20, 0x18, 0xff, 0x20, 0x1c, 0x20, 0xff, 0x20, 0x20, 0x20, 0xff,
    0x20, 0x1c, 0x18, 0xff, 0x20, 0x1c, 0x18, 0xff, 0x20, 0x1c, 0x20, 0xff,
    0x20, 0x1c, 0x18, 0xff, 0x20, 0x1c, 0x18, 0xff, 0x20, 0x1c, 0x20, 0xff,
    0x20, 0x1c, 0x18, 0xff, 0x20, 0x20, 0x18, 0xff, 0x20, 0x1c, 0x20, 0xff,
    0x20, 0x1c, 0x18, 0xff, 0x20, 0x1c, 0x20, 0xff, 0x20, 0x1c, 0x20, 0xff,
    0x20, 0x1c, 0x18, 0xff, 0x20, 0x1c, 0x20, 0xff, 0x20, 0x1c, 0x18, 0xff,
    0x20, 0x1c, 0x20, 0xff, 0x20, 0x20, 0x18, 0xff, 0x20, 0x1c, 0x18, 0xff,
    0x20, 0x1c, 0x18, 0xff, 0x18, 0x1c, 0x18, 0xff, 0x20, 0x1c, 0x18, 0xff,
    0x20, 0x1c, 0x20, 0xff, 0x20, 0x1c, 0x18, 0xff, 0x20, 0x1c, 0x18, 0xff,
    0x20, 0x1c, 0x20, 0xff, 0x20, 0x1c, 0x18, 0xff, 0x20, 0x1c, 0x18, 0xff,
    0x18, 0x1c, 0x20, 0xff, 0x20, 0x1c, 0x18, 0xff, 0x20, 0x1c, 0x18, 0xff,
    0x18, 0x1c, 0x20, 0xff, 0x18, 0x1c, 0x18, 0xff, 0x20, 0x1c, 0x18, 0xff,
    0x18, 0x1c, 0x18, 0xff, 0x20, 0x1c, 0x18, 0xff, 0x18, 0x1c, 0x20, 0xff,
    0x20, 0x18, 0x18, 0xff, 0x20, 0x1c, 0x18, 0xff, 0x18, 0x1c, 0x18, 0xff,
    0x20, 0x1c, 0x18, 0xff, 0x20, 0x1c, 0x20, 0xff, 0x20, 0x18, 0x18, 0xff,
    0x20, 0x1c, 0x18, 0xff, 0x18, 0x1c, 0x18, 0xff, 0x20, 0x1c, 0x18, 0xff,
    0x20, 0x18, 0x18, 0xff, 0x20, 0x1c, 0x20, 0xff, 0x20, 0x1c, 0x18, 0xff,
    0x18, 0x1c, 0x18, 0xff, 0x20, 0x1c, 0x20, 0xff, 0x20, 0x1c, 0x18, 0xff,
    0x18, 0x1c, 0x18, 0xff, 0x20, 0x1c, 0x20, 0xff, 0x20, 0x1c, 0x18, 0xff,
    0x18, 0x18, 0x18, 0xff, 0x20, 0x1c, 0x18, 0xff, 0x20, 0x1c, 0x18, 0xff,
    0x18, 0x18, 0x18, 0xff, 0x20, 0x18, 0x18, 0xff, 0x18, 0x1c, 0x20, 0xff,
    0x20, 0x18, 0x18, 0xff, 0x18, 0x1c, 0x18, 0xff, 0x20, 0x1c, 0x18, 0xff,
    0x18, 0x18, 0x18, 0xff, 0x20, 0x1c, 0x18, 0xff, 0x18, 0x18, 0x18, 0xff,
    0x20, 0x1c, 0x18, 0xff, 0x18, 0x1c, 0x18, 0xff, 0x20, 0x18, 0x20, 0xff,
    0x18, 0x1c, 0x18, 0xff, 0x20, 0x18, 0x18, 0xff, 0x20, 0x1c, 0x18, 0xff,
    0x18, 0x1c, 0x18, 0xff, 0x20, 0x18, 0x18, 0xff, 0x20, 0x1c, 0x18, 0xff,
    0x18, 0x18, 0x18, 0xff, 0x18, 0x1c, 0x20, 0xff, 0x20, 0x18, 0x18, 0xff,
    0x18, 0x18, 0x18, 0xff, 0x18, 0x18, 0x18, 0xff, 0x20, 0x1c, 0x18, 0xff,
    0x18, 0x18, 0x18, 0xff, 0x18, 0x18, 0x18, 0xff, 0x20, 0x18, 0x18, 0xff,
    0x18, 0x1c, 0x18, 0xff, 0x20, 0x18, 0x18, 0xff, 0x18, 0x1c, 0x18, 0xff,
    0x20, 0x18, 0x18, 0xff, 0x20, 0x18, 0x18, 0xff, 0x18, 0x1c, 0x18, 0xff,
    0x20, 0x18, 0x18, 0xff, 0x18, 0x1c, 0x18, 0xff, 0x18, 0x1c, 0x18, 0xff,
    0x20, 0x18, 0x18, 0xff, 0x18, 0x18, 0x18, 0xff, 0x20, 0x1c, 0x18, 0xff,
    0x20, 0x18, 0x18, 0xff, 0x18, 0x18, 0x18, 0xff, 0x18, 0x1c, 0x18, 0xff,
    0x20, 0x18, 0x18, 0xff, 0x18, 0x18, 0x18, 0xff, 0x20, 0x1c, 0x18, 0xff,
    0x20, 0x18, 0x18, 0xff, 0x18, 0x18, 0x18, 0xff, 0x20, 0x1c, 0x18, 0xff,
    0x20, 0x18, 0x18, 0xff, 0x18, 0x18, 0x18, 0xff, 0x18, 0x1c, 0x18, 0xff,
    0x20, 0x18, 0x18, 0xff, 0x18, 0x18, 0x18, 0xff, 0x20, 0x1c, 0x18, 0xff,
    0x20, 0x18, 0x18, 0xff, 0x18, 0x18, 0x18, 0xff, 0x20, 0x1c, 0x18, 0xff,
    0x18, 0x18, 0x18, 0xff, 0x18, 0x18, 0x18, 0xff, 0x20, 0x1c, 0x18, 0xff,
    0x18, 0x18, 0x18, 0xff, 0x20, 0x18, 0x18, 0xff, 0x20, 0x1c, 0x18, 0xff,
    0x18, 0x18, 0x18, 0xff, 0x20, 0x18, 0x18, 0xff, 0x18, 0x1c, 0x18, 0xff,
    0x18, 0x18, 0x18, 0xff, 0x20, 0x18, 0x18, 0xff, 0x20, 0x1c, 0x18, 0xff,
    0x18, 0x18, 0x18, 0xff, 0x20, 0x18, 0x18, 0xff, 0x20, 0x1c, 0x18, 0xff,
    0x18, 0x18, 0x18, 0xff, 0x20, 0x18, 0x18, 0xff, 0x20, 0x1c, 0x18, 0xff,
    0x18, 0x18, 0x18, 0xff, 0x20, 0x18, 0x18, 0xff, 0x20, 0x1c, 0x18, 0xff,
    0x18, 0x18, 0x18, 0xff, 0x18, 0x18, 0x18, 0xff, 0x20, 0x1c, 0x18, 0xff,
    0x18, 0x18, 0x18, 0xff, 0x20, 0x18, 0x18, 0xff, 0x20, 0x1c, 0x18, 0xff,
    0x18, 0x18, 0x18, 0xff, 0x20, 0x18, 0x18, 0xff, 0x18, 0x1c, 0x18, 0xff,
    0x20, 0x18, 0x18, 0xff, 0x18, 0x18, 0x18, 0xff, 0x18, 0x1c, 0x18, 0xff,
    0x20, 0x18, 0x18, 0xff, 0x20, 0x18, 0x18, 0xff, 0x18, 0x1c, 0x18, 0xff,
    0x20, 0x18, 0x18, 0xff, 0x18, 0x18, 0x18, 0xff, 0x18, 0x1c, 0x18, 0xff,
    0x20, 0x18, 0x18, 0xff, 0x20, 0x18, 0x18, 0xff, 0x18, 0x1c, 0x18, 0xff,
    0x20, 0x18, 0x18, 0xff, 0x20, 0x18, 0x18, 0xff, 0x18, 0x1c, 0x18, 0xff,
    0x18, 0x18, 0x18, 0xff, 0x20, 0x18, 0x18, 0xff, 0x20, 0x1c, 0x18, 0xff,
    0x18, 0x18, 0x18, 0xff, 0x20, 0x18, 0x18, 0xff, 0x20, 0x1c, 0x18, 0xff,
    0x18, 0x18, 0x18, 0xff, 0x18, 0x18, 0x18, 0xff, 0x20, 0x1c, 0x18, 0xff,
    0x18, 0x18, 0x18, 0xff, 0x20, 0x18, 0x18, 0xff, 0x20, 0x1c, 0x18, 0xff,
    0x18, 0x18, 0x18, 0xff, 0x20, 0x18, 0x18, 0xff, 0x20, 0x1c, 0x18, 0xff,
    0x18, 0x18, 0x18, 0xff, 0x20, 0x18, 0x18, 0xff, 0x20, 0x1c, 0x18, 0xff,
    0x18, 0x18, 0x18, 0xff, 0x18, 0x18, 0x18, 0xff, 0x20, 0x1c, 0x18, 0xff,
    0x18, 0x18, 0x18, 0xff, 0x18, 0x18, 0x18, 0xff, 0x20, 0x18, 0x18, 0xff,
    0x18, 0x18, 0x18, 0xff, 0x20, 0x18, 0x18, 0xff, 0x18, 0x18, 0x18, 0xff,
    0x20, 0x18, 0x18, 0xff, 0x20, 0x1c, 0x18, 0xff, 0x20, 0x18, 0x18, 0xff,
    0x18, 0x18, 0x18, 0xff, 0x20, 0x18, 0x18, 0xff, 0x18, 0x1c, 0x18, 0xff,
    0x18, 0x18, 0x18, 0xff, 0x20, 0x1c, 0x18, 0xff, 0x18, 0x18, 0x18, 0xff,
    0x20, 0x18, 0x18, 0xff, 0x18, 0x1c, 0x18, 0xff, 0x70, 0x70, 0x70, 0x9e,
    0xf8, 0xfc, 0xf8, 0x00, 0x70, 0x6c, 0x68, 0xcf, 0x30, 0x30, 0x30, 0xff,
    0x30, 0x30, 0x30, 0xff, 0x38, 0x30, 0x30, 0xff, 0x30, 0x34, 0x30, 0xff,
    0x30, 0x30, 0x30, 0xff, 0x38, 0x30, 0x30, 0xff, 0x30, 0x30, 0x30, 0xff,
    0x30, 0x30, 0x30, 0xff, 0x30, 0x30, 0x30, 0xff, 0x30, 0x30, 0x30, 0xff,
    0x38, 0x30, 0x30, 0xff, 0x30, 0x30, 0x30, 0xff, 0x30, 0x30, 0x28, 0xff,
    0x30, 0x30, 0x30, 0xff, 0x30, 0x30, 0x30, 0xff, 0x30, 0x30, 0x28, 0xff,
    0x30, 0x30, 0x30, 0xff, 0x30, 0x30, 0x30, 0xff, 0x30, 0x2c, 0x28, 0xff,
    0x30, 0x30, 0x30, 0xff, 0x30, 0x30, 0x30, 0xff, 0x30, 0x2c, 0x30, 0xff,
    0x30, 0x30, 0x30, 0xff, 0x30, 0x30, 0x30, 0xff, 0x30, 0x30, 0x30, 0xff,
    0x30, 0x2c, 0x30, 0xff, 0x30, 0x30, 0x28, 0xff, 0x30, 0x30, 0x30, 0xff,
    0x30, 0x2c, 0x30, 0xff, 0x30, 0x30, 0x28, 0xff, 0x30, 0x30, 0x30, 0xff,
    0x30, 0x2c, 0x28, 0xff, 0x30, 0x30, 0x30, 0xff, 0x30, 0x2c, 0x30, 0xff,
    0x30, 0x30, 0x28, 0xff, 0x30, 0x30, 0x30, 0xff, 0x30, 0x2c, 0x28, 0xff,
    0x30, 0x30, 0x30, 0xff, 0x30, 0x2c, 0x30, 0xff, 0x30, 0x30, 0x28, 0xff,
    0x30, 0x2c, 0x30, 0xff, 0x30, 0x2c, 0x28, 0xff, 0x30, 0x2c, 0x28, 0xff,
    0x30, 0x2c, 0x30, 0xff, 0x30, 0x30, 0x28, 0xff, 0x30, 0x2c, 0x28, 0xff,
    0x30, 0x2c, 0x30, 0xff, 0x28, 0x2c, 0x30, 0xff, 0x30, 0x2c, 0x28, 0xff,
    0x30, 0x30, 0x30, 0xff, 0x30, 0x2c, 0x30, 0xff, 0x30, 0x2c, 0x28, 0xff,
    0x30, 0x2c, 0x28, 0xff, 0x28, 0x2c, 0x30, 0xff, 0x30, 0x2c, 0x28, 0xff,
    0x30, 0x2c, 0x30, 0xff, 0x28, 0x2c, 0x28, 0xff, 0x30, 0x2c, 0x28, 0xff,
    0x30, 0x2c, 0x30, 0xff, 0x28, 0x2c, 0x28, 0xff, 0x30, 0x2c, 0x28, 0xff,
    0x30, 0x2c, 0x30, 0xff, 0x28, 0x2c, 0x28, 0xff, 0x30, 0x2c, 0x28, 0xff,
    0x30, 0x28, 0x28, 0xff, 0x28, 0x2c, 0x28, 0xff, 0x30, 0x2c, 0x28, 0xff,
    0x30, 0x28, 0x28, 0xff, 0x28, 0x2c, 0x28, 0xff, 0x30, 0x28, 0x30, 0xff,
    0x30, 0x2c, 0x28, 0xff, 0x28, 0x28, 0x30, 0xff, 0x30, 0x2c, 0x28, 0xff,
    0x28, 0x2c, 0x28, 0xff, 0x30, 0x2c, 0x28, 0xff, 0x28, 0x28, 0x28, 0xff,
    0x30, 0x2c, 0x28, 0xff, 0x28, 0x28, 0x28, 0xff, 0x30, 0x28, 0x28, 0xff,
    0x28, 0x2c, 0x28, 0xff, 0x30, 0x2c, 0x28, 0xff, 0x30, 0x28, 0x28, 0xff,
    0x28, 0x2c, 0x28, 0xff, 0x28, 0x28, 0x28, 0xff, 0x30, 0x2c, 0x28, 0xff,
    0x28, 0x28, 0x28, 0xff, 0x28, 0x2c, 0x28, 0xff, 0x30, 0x28, 0x28, 0xff,
    0x28, 0x28, 0x28, 0xff, 0x28, 0x2c, 0x28, 0xff, 0x30, 0x28, 0x28, 0xff,
    0x28, 0x28, 0x28, 0xff, 0x30, 0x2c, 0x28, 0xff, 0x28, 0x28, 0x28, 0xff,
    0x28, 0x2c, 0x28, 0xff, 0x30, 0x28, 0x28, 0xff, 0x28, 0x28, 0x28, 0xff,
    0x28, 0x2c, 0x28, 0xff, 0x30, 0x28, 0x28, 0xff, 0x28, 0x2c, 0x28, 0xff,
    0x28, 0x28, 0x28, 0xff, 0x28, 0x28, 0x28, 0xff, 0x28, 0x28, 0x28, 0xff,
    0x28, 0x28, 0x28, 0xff, 0x30, 0x28, 0x28, 0xff, 0x28, 0x28, 0x28, 0xff,
    0x28, 0x28, 0x28, 0xff, 0x30, 0x28, 0x28, 0xff, 0x28, 0x28, 0x28, 0xff,
    0x28, 0x28, 0x28, 0xff, 0x30, 0x28, 0x28, 0xff, 0x28, 0x28, 0x28, 0xff,
    0x28, 0x24, 0x20, 0xff, 0x28, 0x28, 0x28, 0xff, 0x28, 0x28, 0x28, 0xff,
    0x28, 0x28, 0x28, 0xff, 0x28, 0x28, 0x28, 0xff, 0x28, 0x24, 0x28, 0xff,
    0x30, 0x28, 0x20, 0xff, 0x28, 0x24, 0x28, 0xff, 0x28, 0x28, 0x28, 0xff,
    0x30, 0x24, 0x28, 0xff, 0x28, 0x28, 0x20, 0xff, 0x28, 0x28, 0x28, 0xff,
    0x28, 0x24, 0x28, 0xff, 0x28, 0x24, 0x20, 0xff, 0x28, 0x28, 0x20, 0xff,
    0x28, 0x24, 0x20, 0xff, 0x28, 0x28, 0x28, 0xff, 0x28, 0x28, 0x20, 0xff,
    0x28, 0x24, 0x28, 0xff, 0x28, 0x28, 0x28, 0xff, 0x28, 0x28, 0x20, 0xff,
    0x28, 0x24, 0x28, 0xff, 0x28, 0x24, 0x28, 0xff, 0x28, 0x28, 0x20, 0xff,
    0x28, 0x24, 0x28, 0xff, 0x28, 0x24, 0x20, 0xff, 0x28, 0x28, 0x20, 0xff,
    0x28, 0x24, 0x28, 0xff, 0x28, 0x28, 0x28, 0xff, 0x28, 0x24, 0x20, 0xff,
    0x28, 0x28, 0x28, 0xff, 0x28, 0x24, 0x28, 0xff, 0x28, 0x24, 0x20, 0xff,
    0x28, 0x28, 0x28, 0xff, 0x28, 0x24, 0x28, 0xff, 0x20, 0x24, 0x20, 0xff,
    0x28, 0x24, 0x28, 0xff, 0x28, 0x24, 0x28, 0xff, 0x28, 0x24, 0x20, 0xff,
    0x20, 0x24, 0x20, 0xff, 0x28, 0x24, 0x28, 0xff, 0x20, 0x24, 0x20, 0xff,
    0x28, 0x24, 0x28, 0xff, 0x28, 0x24, 0x20, 0xff, 0x20, 0x24, 0x28, 0xff,
    0x28, 0x24, 0x20, 0xff, 0x28, 0x24, 0x28, 0xff, 0x28, 0x24, 0x20, 0xff,
    0x20, 0x24, 0x28, 0xff, 0x28, 0x24, 0x20, 0xff, 0x28, 0x24, 0x20, 0xff,
    0x20, 0x24, 0x28, 0xff, 0x28, 0x20, 0x20, 0xff, 0x28, 0x24, 0x20, 0xff,
    0x20, 0x24, 0x28, 0xff, 0x28, 0x20, 0x20, 0xff, 0x20, 0x24, 0x28, 0xff,
    0x28, 0x24, 0x28, 0xff, 0x28, 0x20, 0x20, 0xff, 0x20, 0x24, 0x28, 0xff,
    0x28, 0x24, 0x20, 0xff, 0x28, 0x20, 0x28, 0xff, 0x20, 0x24, 0x20, 0xff,
    0x28, 0x24, 0x28, 0xff, 0x28, 0x24, 0x20, 0xff, 0x28, 0x20, 0x20, 0xff,
    0x28, 0x20, 0x20, 0xff, 0x20, 0x24, 0x20, 0xff, 0x28, 0x20, 0x20, 0xff,
    0x20, 0x24, 0x20, 0xff, 0x20, 0x24, 0x20, 0xff, 0x28, 0x20, 0x20, 0xff,
    0x20, 0x24, 0x28, 0xff, 0x20, 0x24, 0x20, 0xff, 0x28, 0x20, 0x20, 0xff,
    0x28, 0x24, 0x20, 0xff, 0x20, 0x20, 0x20, 0xff, 0x20, 0x20, 0x20, 0xff,
    0x28, 0x24, 0x20, 0xff, 0x20, 0x20, 0x20, 0xff, 0x28, 0x24, 0x20, 0xff,
    0x20, 0x24, 0x20, 0xff, 0x28, 0x20, 0x20, 0xff, 0x28, 0x20, 0x20, 0xff,
    0x20, 0x20, 0x20, 0xff, 0x20, 0x24, 0x20, 0xff, 0x28, 0x20, 0x20, 0xff,
    0x20, 0x20, 0x20, 0xff, 0x28, 0x24, 0x20, 0xff, 0x20, 0x20, 0x20, 0xff,
    0x20, 0x20, 0x20, 0xff, 0x28, 0x24, 0x20, 0xff, 0x20, 0x20, 0x20, 0xff,
    0x20, 0x20, 0x20, 0xff, 0x28, 0x20, 0x20, 0xff, 0x20, 0x20, 0x20, 0xff,
    0x20, 0x20, 0x20, 0xff, 0x28, 0x20, 0x20, 0xff, 0x20, 0x20, 0x18, 0xff,
    0x20, 0x20, 0x20, 0xff, 0x28, 0x20, 0x20, 0xff, 0x20, 0x20, 0x20, 0xff,
    0x20, 0x20, 0x20, 0xff, 0x20, 0x20, 0x20, 0xff, 0x28, 0x20, 0x18, 0xff,
    0x20, 0x20, 0x20, 0xff, 0x20, 0x20, 0x20, 0xff, 0x20, 0x20, 0x20, 0xff,
    0x20, 0x1c, 0x18, 0xff, 0x20, 0x20, 0x20, 0xff, 0x20, 0x20, 0x20, 0xff,
    0x28, 0x1c, 0x20, 0xff, 0x20, 0x20, 0x18, 0xff, 0x20, 0x20, 0x20, 0xff,
    0x20, 0x1c, 0x20, 0xff, 0x20, 0x20, 0x20, 0xff, 0x20, 0x1c, 0x20, 0xff,
    0x20, 0x20, 0x20, 0xff, 0x20, 0x1c, 0x18, 0xff, 0x20, 0x20, 0x20, 0xff,
    0x28, 0x1c, 0x20, 0xff, 0x20, 0x20, 0x20, 0xff, 0x20, 0x20, 0x20, 0xff,
    0x20, 0x1c, 0x18, 0xff, 0x28, 0x20, 0x20, 0xff, 0x20, 0x20, 0x20, 0xff,
    0x20, 0x1c, 0x18, 0xff, 0x20, 0x20, 0x20, 0xff, 0x20, 0x1c, 0x18, 0xff,
    0x20, 0x20, 0x20, 0xff, 0x20, 0x1c, 0x20, 0xff, 0x20, 0x1c, 0x18, 0xff,
    0x20, 0x20, 0x20, 0xff, 0x20, 0x1c, 0x18, 0xff, 0x20, 0x1c, 0x20, 0xff,
    0x20, 0x20, 0x20, 0xff, 0x20, 0x1c, 0x18, 0xff, 0x20, 0x20, 0x20, 0xff,
    0x20, 0x20, 0x20, 0xff, 0x20, 0x1c, 0x18, 0xff, 0x20, 0x1c, 0x20, 0xff,
    0x20, 0x20, 0x18, 0xff, 0x20, 0x20, 0x20, 0xff, 0x20, 0x1c, 0x18, 0xff,
    0x20, 0x1c, 0x20, 0xff, 0x20, 0x20, 0x20, 0xff, 0x20, 0x1c, 0x18, 0xff,
    0x20, 0x1c, 0x18, 0xff, 0x20, 0x20, 0x20, 0xff, 0x20, 0x1c, 0x18, 0xff,
    0x20, 0x20, 0x18, 0xff, 0x20, 0x1c, 0x20, 0xff, 0x20, 0x1c, 0x18, 0xff,
    0x20, 0x20, 0x18, 0xff, 0x20, 0x1c, 0x20, 0xff, 0x20, 0x1c, 0x20, 0xff,
    0x20, 0x1c, 0x18, 0xff, 0x20, 0x1c, 0x20, 0xff, 0x20, 0x1c, 0x18, 0xff,
    0x20, 0x1c, 0x18, 0xff, 0x20, 0x1c, 0x20, 0xff, 0x20, 0x1c, 0x18, 0xff,
    0x18, 0x1c, 0x18, 0xff, 0x20, 0x1c, 0x20, 0xff, 0x20, 0x1c, 0x18, 0xff,
    0x20, 0x1c, 0x18, 0xff, 0x20, 0x1c, 0x20, 0xff, 0x20, 0x1c, 0x18, 0xff,
    0x20, 0x1c, 0x18, 0xff, 0x20, 0x1c, 0x20, 0xff, 0x20, 0x1c, 0x20, 0xff,
    0x20, 0x1c, 0x18, 0xff, 0x20, 0x1c, 0x20, 0xff, 0x18, 0x1c, 0x18, 0xff,
    0x20, 0x1c, 0x18, 0xff, 0x20, 0x1c, 0x20, 0xff, 0x20, 0x1c, 0x18, 0xff,
    0x20, 0x18, 0x18, 0xff, 0x18, 0x1c, 0x20, 0xff, 0x20, 0x1c, 0x18, 0xff,
    0x20, 0x1c, 0x18, 0xff, 0x18, 0x1c, 0x20, 0xff, 0x20, 0x1c, 0x18, 0xff,
    0x20, 0x1c, 0x18, 0xff, 0x18, 0x1c, 0x20, 0xff, 0x20, 0x18, 0x18, 0xff,
    0x20, 0x1c, 0x18, 0xff, 0x20, 0x1c, 0x20, 0xff, 0x20, 0x18, 0x18, 0xff,
    0x20, 0x1c, 0x18, 0xff, 0x18, 0x1c, 0x18, 0xff, 0x20, 0x18, 0x18, 0xff,
    0x20, 0x1c, 0x18, 0xff, 0x18, 0x18, 0x18, 0xff, 0x20, 0x1c, 0x20, 0xff,
    0x20, 0x18, 0x18, 0xff, 0x20, 0x1c, 0x18, 0xff, 0x18, 0x1c, 0x18, 0xff,
    0x20, 0x18, 0x18, 0xff, 0x20, 0x1c, 0x18, 0xff, 0x20, 0x18, 0x18, 0xff,
    0x18, 0x1c, 0x20, 0xff, 0x20, 0x18, 0x18, 0xff, 0x20, 0x1c, 0x18, 0xff,
    0x18, 0x18, 0x18, 0xff, 0x20, 0x18, 0x18, 0xff, 0x20, 0x1c, 0x18, 0xff,
    0x18, 0x18, 0x18, 0xff, 0x20, 0x1c, 0x18, 0xff, 0x18, 0x18, 0x18, 0xff,
    0x20, 0x18, 0x20, 0xff, 0x18, 0x1c, 0x18, 0xff, 0x20, 0x18, 0x18, 0xff,
    0x20, 0x1c, 0x18, 0xff, 0x18, 0x1c, 0x18, 0xff, 0x20, 0x18, 0x18, 0xff,
    0x20, 0x18, 0x18, 0xff, 0x18, 0x18, 0x18, 0xff, 0x20, 0x18, 0x18, 0xff,
    0x20, 0x18, 0x18, 0xff, 0x18, 0x1c, 0x18, 0xff, 0x20, 0x18, 0x18, 0xff,
    0x18, 0x18, 0x18, 0xff, 0x20, 0x18, 0x18, 0xff, 0x18, 0x18, 0x18, 0xff,
    0x18, 0x1c, 0x18, 0xff, 0x20, 0x18, 0x18, 0xff, 0x18, 0x18, 0x18, 0xff,
    0x20, 0x18, 0x18, 0xff, 0x20, 0x18, 0x18, 0xff, 0x18, 0x18, 0x18, 0xff,
    0x20, 0x18, 0x18, 0xff, 0x18, 0x18, 0x18, 0xff, 0x18, 0x1c, 0x18, 0xff,
    0x20, 0x18, 0x18, 0xff, 0x18, 0x18, 0x18, 0xff, 0x20, 0x18, 0x18, 0xff,
    0x18, 0x18, 0x18, 0xff, 0x18, 0x18, 0x18, 0xff, 0x20, 0x18, 0x18, 0xff,
    0x18, 0x1c, 0x18, 0xff, 0x20, 0x18, 0x18, 0xff, 0x18, 0x18, 0x18, 0xff,
    0x18, 0x1c, 0x18, 0xff, 0x20, 0x18, 0x18, 0xff, 0x20, 0x18, 0x18, 0xff,
    0x18, 0x18, 0x18, 0xff, 0x18, 0x18, 0x18, 0xff, 0x20, 0x1c, 0x18, 0xff,
    0x18, 0x18, 0x18, 0xff, 0x20, 0x18, 0x18, 0xff, 0x20, 0x18, 0x18, 0xff,
    0x18, 0x18, 0x18, 0xff, 0x20, 0x18, 0x18, 0xff, 0x20, 0x18, 0x18, 0xff,
    0x18, 0x18, 0x18, 0xff, 0x18, 0x1c, 0x18, 0xff, 0x20, 0x18, 0x18, 0xff,
    0x18, 0x18, 0x18, 0xff, 0x20, 0x18, 0x18, 0xff, 0x20, 0x18, 0x18, 0xff,
    0x18, 0x18, 0x18, 0xff, 0x18, 0x18, 0x18, 0xff, 0x20, 0x18, 0x18, 0xff,
    0x18, 0x1c, 0x18, 0xff, 0x20, 0x18, 0x18, 0xff, 0x18, 0x18, 0x18, 0xff,
    0x18, 0x1c, 0x18, 0xff, 0x18, 0x18, 0x18, 0xff, 0x20, 0x18, 0x18, 0xff,
    0x18, 0x18, 0x18, 0xff, 0x18, 0x18, 0x18, 0xff, 0x20, 0x1c, 0x18, 0xff,
    0x20, 0x18, 0x18, 0xff, 0x18, 0x18, 0x18, 0xff, 0x20, 0x18, 0x18, 0xff,
    0x18, 0x18, 0x18, 0xff, 0x18, 0x18, 0x18, 0xff, 0x20, 0x18, 0x18, 0xff,
    0x18, 0x18, 0x18, 0xff, 0x20, 0x1c, 0x18, 0xff, 0x20, 0x18, 0x18, 0xff,
    0x18, 0x18, 0x18, 0xff, 0x20, 0x18, 0x18, 0xff, 0x20, 0x18, 0x18, 0xff,
    0x18, 0x18, 0x18, 0xff, 0x18, 0x18, 0x18, 0xff, 0x20, 0x18, 0x18, 0xff,
    0x20, 0x1c, 0x18, 0xff, 0x18, 0x18, 0x18, 0xff, 0x20, 0x18, 0x18, 0xff,
    0x20, 0x1c, 0x18, 0xff, 0x18, 0x18, 0x18, 0xff, 0x18, 0x18, 0x18, 0xff,
    0x20, 0x18, 0x18, 0xff, 0x18, 0x18, 0x18, 0xff, 0x20, 0x1c, 0x18, 0xff,
    0x20, 0x18, 0x18, 0xff, 0x18, 0x18, 0x18, 0xff, 0x20, 0x18, 0x18, 0xff,
    0x18, 0x18, 0x18, 0xff, 0x18, 0x18, 0x18, 0xff, 0x20, 0x18, 0x18, 0xff,
    0x20, 0x18, 0x18, 0xff, 0x18, 0x1c, 0x18, 0xff, 0x20, 0x18, 0x18, 0xff,
    0x18, 0x18, 0x18, 0xff, 0x18, 0x18, 0x18, 0xff, 0x20, 0x18, 0x18, 0xff,
    0x18, 0x18, 0x18, 0xff, 0x18, 0x18, 0x18, 0xff, 0x20, 0x18, 0x18, 0xff,
    0x18, 0x1c, 0x18, 0xff, 0x18, 0x18, 0x18, 0xff, 0x20, 0x18, 0x18, 0xff,
    0x18, 0x1c, 0x18, 0xff, 0x20, 0x18, 0x18, 0xff, 0x20, 0x18, 0x18, 0xff,
    0x18, 0x18, 0x18, 0xff, 0x20, 0x18, 0x18, 0xff, 0x18, 0x1c, 0x18, 0xff,
    0x18, 0x18, 0x18, 0xff, 0x20, 0x18, 0x18, 0xff, 0x18, 0x1c, 0x18, 0xff,
    0x18, 0x18, 0x18, 0xff, 0x20, 0x18, 0x18, 0xff, 0x18, 0x18, 0x18, 0xff,
    0x18, 0x1c, 0x18, 0xff, 0x20, 0x18, 0x18, 0xff, 0x20, 0x18, 0x18, 0xff,
    0x18, 0x18, 0x18, 0xff, 0x20, 0x18, 0x18, 0xff, 0x18, 0x1c, 0x18, 0xff,
    0x20, 0x18, 0x18, 0xff, 0x18, 0x18, 0x18, 0xff, 0x20, 0x18, 0x18, 0xff,
    0x70, 0x70, 0x70, 0xa2, 0xf8, 0xfc, 0xf8, 0x00, 0x70, 0x6c, 0x70, 0xcf,
    0x30, 0x30, 0x30, 0xff, 0x30, 0x30, 0x30, 0xff, 0x30, 0x30, 0x30, 0xff,
    0x30, 0x34, 0x30, 0xff, 0x30, 0x30, 0x30, 0xff, 0x30, 0x30, 0x30, 0xff,
    0x30, 0x30, 0x30, 0xff, 0x30, 0x30, 0x30, 0xff, 0x30, 0x30, 0x30, 0xff,
    0x30, 0x30, 0x28, 0xff, 0x30, 0x30, 0x30, 0xff, 0x30, 0x30, 0x30, 0xff,
    0x30, 0x30, 0x30, 0xff, 0x38, 0x30, 0x30, 0xff, 0x30, 0x30, 0x30, 0xff,
    0x30, 0x30, 0x30, 0xff, 0x30, 0x30, 0x30, 0xff, 0x30, 0x30, 0x28, 0xff,
    0x30, 0x2c, 0x30, 0xff, 0x30, 0x30, 0x30, 0xff, 0x30, 0x30, 0x28, 0xff,
    0x30, 0x2c, 0x30, 0xff, 0x30, 0x30, 0x28, 0xff, 0x30, 0x30, 0x30, 0xff,
    0x30, 0x30, 0x30, 0xff, 0x30, 0x30, 0x28, 0xff, 0x30, 0x2c, 0x30, 0xff,
    0x30, 0x30, 0x30, 0xff, 0x30, 0x2c, 0x28, 0xff, 0x30, 0x30, 0x30, 0xff,
    0x30, 0x2c, 0x30, 0xff, 0x30, 0x30, 0x28, 0xff, 0x30, 0x30, 0x30, 0xff,
    0x30, 0x2c, 0x30, 0xff, 0x28, 0x2c, 0x28, 0xff, 0x30, 0x30, 0x30, 0xff,
    0x30, 0x2c, 0x30, 0xff, 0x28, 0x30, 0x28, 0xff, 0x30, 0x2c, 0x30, 0xff,
    0x30, 0x30, 0x30, 0xff, 0x30, 0x2c, 0x28, 0xff, 0x30, 0x2c, 0x30, 0xff,
    0x30, 0x30, 0x30, 0xff, 0x30, 0x2c, 0x28, 0xff, 0x28, 0x2c, 0x30, 0xff,
    0x30, 0x30, 0x28, 0xff, 0x30, 0x2c, 0x30, 0xff, 0x30, 0x30, 0x28, 0xff,
    0x30, 0x2c, 0x28, 0xff, 0x30, 0x2c, 0x30, 0xff, 0x28, 0x30, 0x30, 0xff,
    0x30, 0x2c, 0x28, 0xff, 0x30, 0x2c, 0x28, 0xff, 0x30, 0x2c, 0x30, 0xff,
    0x30, 0x2c, 0x28, 0xff, 0x30, 0x2c, 0x28, 0xff, 0x28, 0x2c, 0x30, 0xff,
    0x30, 0x2c, 0x28, 0xff, 0x28, 0x2c, 0x30, 0xff, 0x30, 0x2c, 0x28, 0xff,
    0x28, 0x2c, 0x30, 0xff, 0x30, 0x2c, 0x30, 0xff, 0x30, 0x2c, 0x28, 0xff,
    0x28, 0x2c, 0x28, 0xff, 0x30, 0x2c, 0x30, 0xff, 0x30, 0x2c, 0x30, 0xff,
    0x28, 0x2c, 0x28, 0xff, 0x30, 0x2c, 0x30, 0xff, 0x28, 0x2c, 0x28, 0xff,
    0x28, 0x2c, 0x28, 0xff, 0x30, 0x28, 0x28, 0xff, 0x30, 0x2c, 0x28, 0xff,
    0x28, 0x28, 0x30, 0xff, 0x30, 0x2c, 0x28, 0xff, 0x28, 0x2c, 0x28, 0xff,
    0x30, 0x28, 0x28, 0xff, 0x30, 0x2c, 0x30, 0xff, 0x28, 0x2c, 0x28, 0xff,
    0x28, 0x28, 0x28, 0xff, 0x30, 0x28, 0x28, 0xff, 0x28, 0x2c, 0x30, 0xff,
    0x28, 0x28, 0x28, 0xff, 0x30, 0x2c, 0x28, 0xff, 0x28, 0x2c, 0x28, 0xff,
    0x30, 0x28, 0x30, 0xff, 0x28, 0x2c, 0x28, 0xff, 0x28, 0x28, 0x28, 0xff,
    0x30, 0x28, 0x28, 0xff, 0x28, 0x28, 0x28, 0xff, 0x30, 0x28, 0x28, 0xff,
    0x28, 0x28, 0x28, 0xff, 0x28, 0x2c, 0x28, 0xff, 0x30, 0x28, 0x28, 0xff,
    0x28, 0x28, 0x28, 0xff, 0x30, 0x28, 0x28, 0xff, 0x30, 0x2c, 0x28, 0xff,
    0x28, 0x28, 0x28, 0xff, 0x28, 0x28, 0x28, 0xff, 0x30, 0x28, 0x28, 0xff,
    0x28, 0x28, 0x28, 0xff, 0x28, 0x28, 0x28, 0xff, 0x30, 0x28, 0x28, 0xff,
    0x28, 0x28, 0x28, 0xff, 0x28, 0x28, 0x28, 0xff, 0x28, 0x28, 0x28, 0xff,
    0x28, 0x28, 0x28, 0xff, 0x28, 0x28, 0x28, 0xff, 0x30, 0x28, 0x20, 0xff,
    0x28, 0x28, 0x28, 0xff, 0x28, 0x28, 0x28, 0xff, 0x28, 0x28, 0x28, 0xff,
    0x28, 0x28, 0x28, 0xff, 0x28, 0x28, 0x28, 0xff, 0x30, 0x28, 0x28, 0xff,
    0x28, 0x24, 0x20, 0xff, 0x28, 0x28, 0x28, 0xff, 0x28, 0x28, 0x28, 0xff,
    0x28, 0x28, 0x28, 0xff, 0x28, 0x24, 0x28, 0xff, 0x28, 0x28, 0x20, 0xff,
    0x28, 0x28, 0x28, 0xff, 0x28, 0x24, 0x28, 0xff, 0x28, 0x28, 0x28, 0xff,
    0x28, 0x28, 0x28, 0xff, 0x28, 0x28, 0x28, 0xff, 0x28, 0x24, 0x28, 0xff,
    0x28, 0x24, 0x28, 0xff, 0x28, 0x28, 0x28, 0xff, 0x28, 0x24, 0x20, 0xff,
    0x28, 0x28, 0x28, 0xff, 0x28, 0x24, 0x28, 0xff, 0x28, 0x24, 0x20, 0xff,
    0x28, 0x28, 0x28, 0xff, 0x28, 0x28, 0x28, 0xff, 0x28, 0x24, 0x20, 0xff,
    0x28, 0x28, 0x28, 0xff, 0x28, 0x24, 0x28, 0xff, 0x28, 0x24, 0x20, 0xff,
    0x28, 0x24, 0x20, 0xff, 0x28, 0x24, 0x28, 0xff, 0x28, 0x24, 0x20, 0xff,
    0x28, 0x28, 0x20, 0xff, 0x20, 0x24, 0x28, 0xff, 0x28, 0x24, 0x20, 0xff,
    0x28, 0x28, 0x20, 0xff, 0x20, 0x24, 0x28, 0xff, 0x28, 0x24, 0x28, 0xff,
    0x28, 0x28, 0x20, 0xff, 0x28, 0x24, 0x20, 0xff, 0x28, 0x28, 0x28, 0xff,
    0x28, 0x24, 0x28, 0xff, 0x20, 0x24, 0x20, 0xff, 0x28, 0x24, 0x20, 0xff,
    0x28, 0x24, 0x28, 0xff, 0x20, 0x24, 0x20, 0xff, 0x28, 0x24, 0x20, 0xff,
    0x28, 0x24, 0x28, 0xff, 0x20, 0x24, 0x20, 0xff, 0x28, 0x24, 0x20, 0xff,
    0x28, 0x24, 0x28, 0xff, 0x28, 0x24, 0x20, 0xff, 0x20, 0x24, 0x20, 0xff,
    0x28, 0x24, 0x28, 0xff, 0x28, 0x24, 0x20, 0xff, 0x28, 0x24, 0x20, 0xff,
    0x28, 0x24, 0x20, 0xff, 0x28, 0x24, 0x20, 0xff, 0x20, 0x20, 0x20, 0xff,
    0x28, 0x24, 0x20, 0xff, 0x28, 0x24, 0x20, 0xff, 0x20, 0x24, 0x20, 0xff,
    0x28, 0x24, 0x20, 0xff, 0x28, 0x24, 0x28, 0xff, 0x20, 0x24, 0x20, 0xff,
    0x28, 0x20, 0x20, 0xff, 0x28, 0x24, 0x20, 0xff, 0x20, 0x24, 0x28, 0xff,
    0x28, 0x20, 0x20, 0xff, 0x28, 0x24, 0x20, 0xff, 0x20, 0x20, 0x20, 0xff,
    0x28, 0x20, 0x20, 0xff, 0x28, 0x24, 0x28, 0xff, 0x28, 0x20, 0x20, 0xff,
    0x20, 0x20, 0x20, 0xff, 0x28, 0x24, 0x20, 0xff, 0x20, 0x20, 0x20, 0xff,
    0x28, 0x24, 0x20, 0xff, 0x28, 0x24, 0x28, 0xff, 0x20, 0x20, 0x20, 0xff,
    0x28, 0x24, 0x20, 0xff, 0x28, 0x20, 0x28, 0xff, 0x20, 0x20, 0x20, 0xff,
    0x20, 0x20, 0x20, 0xff, 0x28, 0x20, 0x20, 0xff, 0x20, 0x24, 0x20, 0xff,
    0x28, 0x20, 0x20, 0xff, 0x20, 0x20, 0x20, 0xff, 0x28, 0x20, 0x20, 0xff,
    0x20, 0x24, 0x20, 0xff, 0x20, 0x20, 0x20, 0xff, 0x28, 0x20, 0x20, 0xff,
    0x20, 0x20, 0x20, 0xff, 0x20, 0x20, 0x20, 0xff, 0x28, 0x24, 0x20, 0xff,
    0x20, 0x20, 0x20, 0xff, 0x28, 0x20, 0x20, 0xff, 0x20, 0x20, 0x20, 0xff,
    0x28, 0x20, 0x18, 0xff, 0x20, 0x20, 0x20, 0xff, 0x28, 0x20, 0x20, 0xff,
    0x20, 0x20, 0x20, 0xff, 0x20, 0x20, 0x20, 0xff, 0x28, 0x20, 0x20, 0xff,
    0x20, 0x20, 0x20, 0xff, 0x20, 0x20, 0x20, 0xff, 0x20, 0x20, 0x20, 0xff,
    0x20, 0x20, 0x20, 0xff, 0x20, 0x20, 0x20, 0xff, 0x28, 0x20, 0x20, 0xff,
    0x20, 0x20, 0x20, 0xff, 0x28, 0x20, 0x18, 0xff, 0x20, 0x20, 0x20, 0xff,
    0x20, 0x1c, 0x20, 0xff, 0x20, 0x20, 0x18, 0xff, 0x28, 0x20, 0x20, 0xff,
    0x20, 0x20, 0x20, 0xff, 0x20, 0x20, 0x18, 0xff, 0x28, 0x1c, 0x20, 0xff,
    0x20, 0x20, 0x20, 0xff, 0x20, 0x20, 0x18, 0xff, 0x20, 0x20, 0x20, 0xff,
    0x20, 0x20, 0x20, 0xff, 0x20, 0x1c, 0x18, 0xff, 0x20, 0x20, 0x20, 0xff,
    0x20, 0x20, 0x20, 0xff, 0x20, 0x1c, 0x18, 0xff, 0x20, 0x1c, 0x20, 0xff,
    0x20, 0x20, 0x18, 0xff, 0x20, 0x1c, 0x20, 0xff, 0x20, 0x20, 0x20, 0xff,
    0x20, 0x20, 0x18, 0xff, 0x20, 0x1c, 0x20, 0xff, 0x20, 0x20, 0x20, 0xff,
    0x20, 0x20, 0x18, 0xff, 0x20, 0x1c, 0x20, 0xff, 0x20, 0x20, 0x20, 0xff,
    0x20, 0x20, 0x18, 0xff, 0x20, 0x1c, 0x20, 0xff, 0x20, 0x1c, 0x20, 0xff,
    0x20, 0x20, 0x18, 0xff, 0x20, 0x1c, 0x20, 0xff, 0x20, 0x1c, 0x18, 0xff,
    0x20, 0x1c, 0x20, 0xff, 0x20, 0x1c, 0x20, 0xff, 0x20, 0x1c, 0x18, 0xff,
    0x20, 0x1c, 0x20, 0xff, 0x20, 0x20, 0x18, 0xff, 0x20, 0x1c, 0x20, 0xff,
    0x20, 0x1c, 0x20, 0xff, 0x20, 0x1c, 0x18, 0xff, 0x20, 0x1c, 0x20, 0xff,
    0x20, 0x20, 0x20, 0xff, 0x20, 0x1c, 0x18, 0xff, 0x18, 0x1c, 0x20, 0xff,
    0x20, 0x20, 0x20, 0xff, 0x20, 0x1c, 0x18, 0xff, 0x18, 0x1c, 0x20, 0xff,
    0x20, 0x1c, 0x18, 0xff, 0x20, 0x1c, 0x18, 0xff, 0x18, 0x1c, 0x20, 0xff,
    0x20, 0x1c, 0x20, 0xff, 0x20, 0x1c, 0x18, 0xff, 0x20, 0x1c, 0x20, 0xff,
    0x20, 0x1c, 0x18, 0xff, 0x20, 0x1c, 0x20, 0xff, 0x20, 0x1c, 0x18, 0xff,
    0x20, 0x1c, 0x18, 0xff, 0x20, 0x1c, 0x20, 0xff, 0x20, 0x1c, 0x18, 0xff,
    0x20, 0x1c, 0x18, 0xff, 0x20, 0x1c, 0x20, 0xff, 0x18, 0x1c, 0x18, 0xff,
    0x20, 0x1c, 0x18, 0xff, 0x20, 0x1c, 0x20, 0xff, 0x20, 0x1c, 0x18, 0xff,
    0x20, 0x1c, 0x18, 0xff, 0x20, 0x18, 0x18, 0xff, 0x18, 0x1c, 0x18, 0xff,
    0x20, 0x1c, 0x20, 0xff, 0x20, 0x18, 0x18, 0xff, 0x20, 0x1c, 0x18, 0xff,
    0x18, 0x1c, 0x18, 0xff, 0x20, 0x18, 0x18, 0xff, 0x20, 0x18, 0x20, 0xff,
    0x20, 0x1c, 0x18, 0xff, 0x20, 0x1c, 0x18, 0xff, 0x18, 0x18, 0x18, 0xff,
    0x20, 0x1c, 0x18, 0xff, 0x20, 0x1c, 0x18, 0xff, 0x18, 0x1c, 0x18, 0xff,
    0x20, 0x18, 0x18, 0xff, 0x20, 0x1c, 0x20, 0xff, 0x18, 0x1c, 0x18, 0xff,
    0x20, 0x1c, 0x20, 0xff, 0x20, 0x1c, 0x18, 0xff, 0x18, 0x18, 0x18, 0xff,
    0x18, 0x18, 0x18, 0xff, 0x20, 0x1c, 0x18, 0xff, 0x20, 0x18, 0x18, 0xff,
    0x18, 0x18, 0x20, 0xff, 0x20, 0x1c, 0x18, 0xff, 0x18, 0x18, 0x18, 0xff,
    0x20, 0x1c, 0x18, 0xff, 0x20, 0x18, 0x18, 0xff, 0x18, 0x1c, 0x18, 0xff,
    0x20, 0x18, 0x20, 0xff, 0x20, 0x1c, 0x18, 0xff, 0x18, 0x1c, 0x18, 0xff,
    0x20, 0x18, 0x20, 0xff, 0x20, 0x1c, 0x18, 0xff, 0x18, 0x18, 0x18, 0xff,
    0x20, 0x1c, 0x18, 0xff, 0x20, 0x1c, 0x18, 0xff, 0x18, 0x18, 0x18, 0xff,
    0x20, 0x18, 0x18, 0xff, 0x20, 0x1c, 0x20, 0xff, 0x18, 0x18, 0x18, 0xff,
    0x18, 0x1c, 0x18, 0xff, 0x20, 0x18, 0x18, 0xff, 0x18, 0x1c, 0x18, 0xff,
    0x18, 0x18, 0x18, 0xff, 0x20, 0x18, 0x18, 0xff, 0x20, 0x18, 0x18, 0xff,
    0x18, 0x1c, 0x18, 0xff, 0x20, 0x18, 0x18, 0xff, 0x20, 0x18, 0x18, 0xff,
    0x18, 0x18, 0x18, 0xff, 0x20, 0x18, 0x18, 0xff, 0x18, 0x1c, 0x18, 0xff,
    0x18, 0x18, 0x18, 0xff, 0x20, 0x18, 0x18, 0xff, 0x18, 0x1c, 0x18, 0xff,
    0x20, 0x18, 0x18, 0xff, 0x20, 0x18, 0x18, 0xff, 0x18, 0x18, 0x18, 0xff,
    0x20, 0x18, 0x18, 0xff, 0x18, 0x1c, 0x18, 0xff, 0x20, 0x18, 0x18, 0xff,
    0x20, 0x1c, 0x18, 0xff, 0x18, 0x18, 0x18, 0xff, 0x20, 0x18, 0x18, 0xff,
    0x20, 0x1c, 0x18, 0xff, 0x18, 0x18, 0x18, 0xff, 0x18, 0x18, 0x18, 0xff,
    0x20, 0x18, 0x18, 0xff, 0x18, 0x18, 0x18, 0xff, 0x18, 0x18, 0x18, 0xff,
    0x20, 0x1c, 0x18, 0xff, 0x20, 0x18, 0x18, 0xff, 0x18, 0x18, 0x18, 0xff,
    0x20, 0x18, 0x18, 0xff, 0x18, 0x1c, 0x18, 0xff, 0x18, 0x18, 0x18, 0xff,
    0x20, 0x1c, 0x18, 0xff, 0x18, 0x18, 0x18, 0xff, 0x18, 0x1c, 0x18, 0xff,
    0x20, 0x18, 0x18, 0xff, 0x20, 0x18, 0x18, 0xff, 0x18, 0x18, 0x18, 0xff,
    0x20, 0x1c, 0x18, 0xff, 0x18, 0x18, 0x18, 0xff, 0x18, 0x1c, 0x18, 0xff,
    0x20, 0x18, 0x18, 0xff, 0x20, 0x1c, 0x18, 0xff, 0x18, 0x18, 0x18, 0xff,
    0x20, 0x18, 0x18, 0xff, 0x18, 0x18, 0x18, 0xff, 0x20, 0x18, 0x18, 0xff,
    0x20, 0x18, 0x18, 0xff, 0x18, 0x18, 0x18, 0xff, 0x20, 0x18, 0x18, 0xff,
    0x20, 0x1c, 0x18, 0xff, 0x18, 0x18, 0x18, 0xff, 0x18, 0x18, 0x18, 0xff,
    0x20, 0x18, 0x18, 0xff, 0x18, 0x1c, 0x18, 0xff, 0x20, 0x18, 0x18, 0xff,
    0x20, 0x1c, 0x18, 0xff, 0x18, 0x18, 0x18, 0xff, 0x20, 0x1c, 0x18, 0xff,
    0x18, 0x18, 0x18, 0xff, 0x18, 0x18, 0x18, 0xff, 0x20, 0x18, 0x18, 0xff,
    0x18, 0x1c, 0x18, 0xff, 0x18, 0x18, 0x18, 0xff, 0x20, 0x1c, 0x18, 0xff,
    0x18, 0x18, 0x18, 0xff, 0x20, 0x1c, 0x18, 0xff, 0x18, 0x18, 0x18, 0xff,
    0x18, 0x18, 0x18, 0xff, 0x20, 0x18, 0x18, 0xff, 0x18, 0x18, 0x18, 0xff,
    0x18, 0x18, 0x18, 0xff, 0x20, 0x18, 0x18, 0xff, 0x18, 0x18, 0x18, 0xff,
    0x20, 0x1c, 0x18, 0xff, 0x18, 0x18, 0x18, 0xff, 0x18, 0x18, 0x18, 0xff,
    0x20, 0x18, 0x18, 0xff, 0x18, 0x1c, 0x18, 0xff, 0x20, 0x18, 0x18, 0xff,
    0x18, 0x1c, 0x18, 0xff, 0x20, 0x18, 0x18, 0xff, 0x18, 0x1c, 0x18, 0xff,
    0x18, 0x18, 0x18, 0xff, 0x20, 0x18, 0x18, 0xff, 0x18, 0x18, 0x18, 0xff,
    0x20, 0x1c, 0x18, 0xff, 0x20, 0x18, 0x18, 0xff, 0x18, 0x1c, 0x18, 0xff,
    0x20, 0x18, 0x18, 0xff, 0x18, 0x1c, 0x18, 0xff, 0x20, 0x18, 0x18, 0xff,
    0x20, 0x18, 0x18, 0xff, 0x18, 0x18, 0x18, 0xff, 0x20, 0x18, 0x18, 0xff,
    0x18, 0x18, 0x18, 0xff, 0x18, 0x18, 0x18, 0xff, 0x20, 0x18, 0x18, 0xff,
    0x18, 0x1c, 0x18, 0xff, 0x20, 0x18, 0x18, 0xff, 0x20, 0x18, 0x18, 0xff,
    0x18, 0x1c, 0x18, 0xff, 0x20, 0x18, 0x18, 0xff, 0x20, 0x18, 0x18, 0xff,
    0x18, 0x1c, 0x18, 0xff, 0x20, 0x18, 0x18, 0xff, 0x20, 0x18, 0x18, 0xff,
    0x18, 0x18, 0x18, 0xff, 0x18, 0x18, 0x18, 0xff, 0x20, 0x1c, 0x18, 0xff,
    0x18, 0x18, 0x18, 0xff, 0x20, 0x18, 0x18, 0xff, 0x18, 0x18, 0x18, 0xff,
    0x20, 0x18, 0x18, 0xff, 0x18, 0x1c, 0x18, 0xff, 0x20, 0x18, 0x18, 0xff,
    0x18, 0x18, 0x18, 0xff, 0x70, 0x70, 0x70, 0x9e, 0xf8, 0xfc, 0xf8, 0x00,
    0x70, 0x6c, 0x68, 0xcf, 0x30, 0x30, 0x30, 0xff, 0x30, 0x34, 0x30, 0xff,
    0x38, 0x30, 0x30, 0xff, 0x30, 0x30, 0x30, 0xff, 0x30, 0x34, 0x30, 0xff,
    0x38, 0x30, 0x30, 0xff, 0x30, 0x30, 0x30, 0xff, 0x30, 0x30, 0x30, 0xff,
    0x30, 0x30, 0x30, 0xff, 0x38, 0x30, 0x30, 0xff, 0x30, 0x30, 0x30, 0xff,
    0x30, 0x30, 0x30, 0xff, 0x30, 0x30, 0x30, 0xff, 0x30, 0x30, 0x30, 0xff,
    0x30, 0x30, 0x30, 0xff, 0x30, 0x30, 0x30, 0xff, 0x38, 0x30, 0x30, 0xff,
    0x30, 0x30, 0x30, 0xff, 0x30, 0x30, 0x30, 0xff, 0x30, 0x30, 0x30, 0xff,
    0x30, 0x30, 0x30, 0xff, 0x30, 0x30, 0x28, 0xff, 0x30, 0x2c, 0x30, 0xff,
    0x30, 0x30, 0x30, 0xff, 0x30, 0x30, 0x28, 0xff, 0x30, 0x2c, 0x30, 0xff,
    0x30, 0x30, 0x30, 0xff, 0x30, 0x30, 0x30, 0xff, 0x30, 0x2c, 0x28, 0xff,
    0x30, 0x2c, 0x30, 0xff, 0x30, 0x30, 0x30, 0xff, 0x30, 0x2c, 0x28, 0xff,
    0x30, 0x2c, 0x30, 0xff, 0x30, 0x30, 0x28, 0xff, 0x30, 0x2c, 0x30, 0xff,
    0x30, 0x2c, 0x30, 0xff, 0x30, 0x30, 0x28, 0xff, 0x30, 0x2c, 0x30, 0xff,
    0x30, 0x30, 0x28, 0xff, 0x30, 0x30, 0x30, 0xff, 0x28, 0x2c, 0x28, 0xff,
    0x30, 0x2c, 0x28, 0xff, 0x30, 0x30, 0x30, 0xff, 0x30, 0x2c, 0x28, 0xff,
    0x28, 0x2c, 0x30, 0xff, 0x30, 0x2c, 0x30, 0xff, 0x30, 0x2c, 0x28, 0xff,
    0x28, 0x2c, 0x30, 0xff, 0x30, 0x2c, 0x28, 0xff, 0x30, 0x2c, 0x28, 0xff,
    0x28, 0x2c, 0x30, 0xff, 0x30, 0x2c, 0x28, 0xff, 0x30, 0x2c, 0x28, 0xff,
    0x28, 0x2c, 0x30, 0xff, 0x30, 0x2c, 0x28, 0xff, 0x30, 0x2c, 0x28, 0xff,
    0x28, 0x2c, 0x30, 0xff, 0x30, 0x2c, 0x28, 0xff, 0x30, 0x2c, 0x28, 0xff,
    0x28, 0x2c, 0x28, 0xff, 0x30, 0x2c, 0x28, 0xff, 0x28, 0x2c, 0x30, 0xff,
    0x30, 0x2c, 0x28, 0xff, 0x28, 0x2c, 0x28, 0xff, 0x30, 0x28, 0x28, 0xff,
    0x30, 0x2c, 0x28, 0xff, 0x28, 0x28, 0x28, 0xff, 0x30, 0x2c, 0x28, 0xff,
    0x30, 0x2c, 0x30, 0xff, 0x28, 0x2c, 0x28, 0xff, 0x28, 0x2c, 0x28, 0xff,
    0x30, 0x2c, 0x28, 0xff, 0x28, 0x2c, 0x30, 0xff, 0x30, 0x28, 0x28, 0xff,
    0x28, 0x2c, 0x28, 0xff, 0x28, 0x28, 0x28, 0xff, 0x30, 0x28, 0x28, 0xff,
    0x30, 0x2c, 0x28, 0xff, 0x28, 0x2c, 0x28, 0xff, 0x30, 0x28, 0x28, 0xff,
    0x28, 0x28, 0x28, 0xff, 0x30, 0x2c, 0x28, 0xff, 0x30, 0x28, 0x28, 0xff,
    0x28, 0x28, 0x28, 0xff, 0x28, 0x2c, 0x28, 0xff, 0x30, 0x2c, 0x28, 0xff,
    0x28, 0x28, 0x28, 0xff, 0x28, 0x28, 0x28, 0xff, 0x30, 0x2c, 0x28, 0xff,
    0x28, 0x28, 0x28, 0xff, 0x28, 0x28, 0x28, 0xff, 0x30, 0x28, 0x28, 0xff,
    0x28, 0x28, 0x28, 0xff, 0x28, 0x28, 0x28, 0xff, 0x28, 0x28, 0x28, 0xff,
    0x28, 0x28, 0x28, 0xff, 0x28, 0x2c, 0x28, 0xff, 0x28, 0x28, 0x28, 0xff,
    0x28, 0x28, 0x28, 0xff, 0x28, 0x28, 0x28, 0xff, 0x30, 0x28, 0x28, 0xff,
    0x28, 0x28, 0x20, 0xff, 0x28, 0x28, 0x28, 0xff, 0x30, 0x28, 0x28, 0xff,
    0x28, 0x28, 0x20, 0xff, 0x28, 0x28, 0x28, 0xff, 0x30, 0x28, 0x28, 0xff,
    0x28, 0x28, 0x28, 0xff, 0x28, 0x28, 0x28, 0xff, 0x28, 0x28, 0x20, 0xff,
    0x28, 0x28, 0x28, 0xff, 0x28, 0x28, 0x28, 0xff, 0x28, 0x28, 0x20, 0xff,
    0x28, 0x28, 0x28, 0xff, 0x28, 0x24, 0x28, 0xff, 0x30, 0x28, 0x20, 0xff,
    0x28, 0x28, 0x20, 0xff, 0x28, 0x28, 0x28, 0xff, 0x28, 0x28, 0x28, 0xff,
    0x28, 0x28, 0x28, 0xff, 0x28, 0x28, 0x20, 0xff, 0x28, 0x28, 0x28, 0xff,
    0x28, 0x24, 0x28, 0xff, 0x28, 0x28, 0x20, 0xff, 0x28, 0x28, 0x28, 0xff,
    0x28, 0x24, 0x20, 0xff, 0x28, 0x28, 0x28, 0xff, 0x28, 0x28, 0x28, 0xff,
    0x28, 0x24, 0x20, 0xff, 0x28, 0x24, 0x28, 0xff, 0x28, 0x28, 0x28, 0xff,
    0x28, 0x24, 0x20, 0xff, 0x28, 0x24, 0x28, 0xff, 0x28, 0x28, 0x28, 0xff,
    0x28, 0x28, 0x20, 0xff, 0x28, 0x24, 0x28, 0xff, 0x28, 0x28, 0x28, 0xff,
    0x28, 0x24, 0x20, 0xff, 0x20, 0x24, 0x28, 0xff, 0x28, 0x28, 0x28, 0xff,
    0x28, 0x24, 0x20, 0xff, 0x28, 0x24, 0x28, 0xff, 0x28, 0x24, 0x28, 0xff,
    0x28, 0x24, 0x20, 0xff, 0x28, 0x24, 0x28, 0xff, 0x28, 0x24, 0x20, 0xff,
    0x28, 0x24, 0x20, 0xff, 0x28, 0x24, 0x28, 0xff, 0x28, 0x28, 0x20, 0xff,
    0x28, 0x24, 0x20, 0xff, 0x28, 0x24, 0x28, 0xff, 0x28, 0x24, 0x20, 0xff,
    0x28, 0x24, 0x20, 0xff, 0x28, 0x24, 0x28, 0xff, 0x28, 0x24, 0x20, 0xff,
    0x28, 0x24, 0x20, 0xff, 0x28, 0x24, 0x28, 0xff, 0x28, 0x24, 0x20, 0xff,
    0x20, 0x24, 0x20, 0xff, 0x28, 0x24, 0x28, 0xff, 0x28, 0x24, 0x20, 0xff,
    0x28, 0x24, 0x28, 0xff, 0x28, 0x24, 0x20, 0xff, 0x20, 0x24, 0x28, 0xff,
    0x28, 0x24, 0x20, 0xff, 0x28, 0x20, 0x28, 0xff, 0x20, 0x24, 0x20, 0xff,
    0x28, 0x24, 0x20, 0xff, 0x28, 0x20, 0x28, 0xff, 0x20, 0x24, 0x20, 0xff,
    0x28, 0x24, 0x20, 0xff, 0x28, 0x20, 0x20, 0xff, 0x20, 0x24, 0x20, 0xff,
    0x28, 0x24, 0x20, 0xff, 0x28, 0x24, 0x20, 0xff, 0x20, 0x20, 0x20, 0xff,
    0x20, 0x24, 0x28, 0xff, 0x28, 0x20, 0x20, 0xff, 0x20, 0x24, 0x20, 0xff,
    0x28, 0x24, 0x20, 0xff, 0x28, 0x20, 0x20, 0xff, 0x20, 0x24, 0x20, 0xff,
    0x20, 0x24, 0x20, 0xff, 0x28, 0x20, 0x20, 0xff, 0x28, 0x24, 0x20, 0xff,
    0x20, 0x20, 0x20, 0xff, 0x20, 0x20, 0x20, 0xff, 0x28, 0x24, 0x20, 0xff,
    0x20, 0x20, 0x20, 0xff, 0x28, 0x24, 0x20, 0xff, 0x20, 0x24, 0x20, 0xff,
    0x28, 0x20, 0x20, 0xff, 0x28, 0x20, 0x20, 0xff, 0x20, 0x20, 0x20, 0xff,
    0x20, 0x20, 0x20, 0xff, 0x28, 0x24, 0x20, 0xff, 0x20, 0x20, 0x20, 0xff,
    0x20, 0x20, 0x20, 0xff, 0x28, 0x20, 0x20, 0xff, 0x20, 0x20, 0x20, 0xff,
    0x20, 0x24, 0x20, 0xff, 0x28, 0x20, 0x20, 0xff, 0x20, 0x20, 0x20, 0xff,
    0x20, 0x20, 0x20, 0xff, 0x28, 0x24, 0x20, 0xff, 0x20, 0x20, 0x20, 0xff,
    0x20, 0x20, 0x20, 0xff, 0x28, 0x20, 0x20, 0xff, 0x20, 0x20, 0x20, 0xff,
    0x20, 0x20, 0x20, 0xff, 0x28, 0x20, 0x20, 0xff, 0x20, 0x20, 0x20, 0xff,
    0x20, 0x20, 0x18, 0xff, 0x28, 0x20, 0x20, 0xff, 0x20, 0x20, 0x20, 0xff,
    0x28, 0x20, 0x18, 0xff, 0x20, 0x20, 0x20, 0xff, 0x20, 0x20, 0x20, 0xff,
    0x20, 0x20, 0x20, 0xff, 0x28, 0x20, 0x20, 0xff, 0x20, 0x20, 0x20, 0xff,
    0x20, 0x20, 0x18, 0xff, 0x28, 0x20, 0x20, 0xff, 0x20, 0x20, 0x20, 0xff,
    0x20, 0x1c, 0x20, 0xff, 0x28, 0x20, 0x20, 0xff, 0x20, 0x20, 0x18, 0xff,
    0x20, 0x20, 0x20, 0xff, 0x20, 0x20, 0x20, 0xff, 0x20, 0x1c, 0x18, 0xff,
    0x28, 0x20, 0x20, 0xff, 0x20, 0x20, 0x20, 0xff, 0x20, 0x20, 0x20, 0xff,
    0x20, 0x20, 0x18, 0xff, 0x28, 0x20, 0x20, 0xff, 0x20, 0x1c, 0x20, 0xff,
    0x20, 0x20, 0x18, 0xff, 0x20, 0x1c, 0x20, 0xff, 0x28, 0x1c, 0x20, 0xff,
    0x20, 0x20, 0x18, 0xff, 0x20, 0x1c, 0x20, 0xff, 0x28, 0x1c, 0x18, 0xff,
    0x20, 0x20, 0x20, 0xff, 0x20, 0x1c, 0x20, 0xff, 0x20, 0x1c, 0x18, 0xff,
    0x20, 0x20, 0x20, 0xff, 0x20, 0x20, 0x18, 0xff, 0x20, 0x1c, 0x20, 0xff,
    0x20, 0x20, 0x18, 0xff, 0x20, 0x1c, 0x20, 0xff, 0x20, 0x20, 0x20, 0xff,
    0x20, 0x1c, 0x18, 0xff, 0x20, 0x20, 0x18, 0xff, 0x20, 0x1c, 0x20, 0xff,
    0x20, 0x1c, 0x18, 0xff, 0x20, 0x1c, 0x18, 0xff, 0x20, 0x1c, 0x20, 0xff,
    0x20, 0x1c, 0x18, 0xff, 0x20, 0x20, 0x18, 0xff, 0x20, 0x1c, 0x20, 0xff,
    0x20, 0x1c, 0x18, 0xff, 0x20, 0x1c, 0x20, 0xff, 0x20, 0x1c, 0x18, 0xff,
    0x20, 0x1c, 0x18, 0xff, 0x20, 0x1c, 0x20, 0xff, 0x20, 0x20, 0x20, 0xff,
    0x20, 0x1c, 0x18, 0xff, 0x20, 0x20, 0x20, 0xff, 0x20, 0x1c, 0x18, 0xff,
    0x20, 0x1c, 0x18, 0xff, 0x20, 0x1c, 0x18, 0xff, 0x20, 0x1c, 0x20, 0xff,
    0x18, 0x1c, 0x18, 0xff, 0x20, 0x1c, 0x18, 0xff, 0x20, 0x1c, 0x20, 0xff,
    0x20, 0x1c, 0x18, 0xff, 0x18, 0x1c, 0x20, 0xff, 0x20, 0x1c, 0x18, 0xff,
    0x20, 0x1c, 0x18, 0xff, 0x18, 0x1c, 0x20, 0xff, 0x20, 0x1c, 0x18, 0xff,
    0x20, 0x1c, 0x18, 0xff, 0x18, 0x1c, 0x18, 0xff, 0x20, 0x1c, 0x20, 0xff,
    0x18, 0x1c, 0x18, 0xff, 0x20, 0x1c, 0x18, 0xff, 0x20, 0x18, 0x20, 0xff,
    0x18, 0x1c, 0x18, 0xff, 0x20, 0x1c, 0x18, 0xff, 0x20, 0x1c, 0x18, 0xff,
    0x20, 0x1c, 0x20, 0xff, 0x20, 0x1c, 0x18, 0xff, 0x18, 0x1c, 0x18, 0xff,
    0x20, 0x1c, 0x18, 0xff, 0x20, 0x18, 0x20, 0xff, 0x18, 0x1c, 0x18, 0xff,
    0x20, 0x1c, 0x18, 0xff, 0x20, 0x1c, 0x20, 0xff, 0x18, 0x1c, 0x20, 0xff,
    0x20, 0x18, 0x18, 0xff, 0x20, 0x1c, 0x18, 0xff, 0x20, 0x1c, 0x18, 0xff,
    0x18, 0x18, 0x18, 0xff, 0x20, 0x1c, 0x20, 0xff, 0x20, 0x1c, 0x18, 0xff,
    0x18, 0x18, 0x18, 0xff, 0x20, 0x1c, 0x18, 0xff, 0x20, 0x1c, 0x18, 0xff,
    0x18, 0x18, 0x18, 0xff, 0x20, 0x1c, 0x18, 0xff, 0x20, 0x18, 0x18, 0xff,
    0x18, 0x1c, 0x18, 0xff, 0x18, 0x18, 0x18, 0xff, 0x20, 0x1c, 0x18, 0xff,
    0x18, 0x18, 0x18, 0xff, 0x20, 0x1c, 0x18, 0xff, 0x20, 0x18, 0x18, 0xff,
    0x18, 0x18, 0x18, 0xff, 0x20, 0x1c, 0x18, 0xff, 0x20, 0x18, 0x18, 0xff,
    0x18, 0x1c, 0x18, 0xff, 0x20, 0x18, 0x18, 0xff, 0x20, 0x1c, 0x18, 0xff,
    0x18, 0x1c, 0x18, 0xff, 0x20, 0x18, 0x18, 0xff, 0x20, 0x1c, 0x18, 0xff,
    0x18, 0x18, 0x18, 0xff, 0x20, 0x1c, 0x18, 0xff, 0x20, 0x18, 0x18, 0xff,
    0x18, 0x18, 0x18, 0xff, 0x18, 0x1c, 0x18, 0xff, 0x20, 0x18, 0x18, 0xff,
    0x18, 0x18, 0x18, 0xff, 0x18, 0x18, 0x18, 0xff, 0x20, 0x1c, 0x18, 0xff,
    0x18, 0x18, 0x18, 0xff, 0x20, 0x18, 0x18, 0xff, 0x20, 0x1c, 0x18, 0xff,
    0x18, 0x18, 0x18, 0xff, 0x20, 0x18, 0x18, 0xff, 0x18, 0x1c, 0x18, 0xff,
    0x18, 0x18, 0x18, 0xff, 0x20, 0x18, 0x18, 0xff, 0x18, 0x1c, 0x18, 0xff,
    0x20, 0x18, 0x18, 0xff, 0x20, 0x18, 0x18, 0xff, 0x18, 0x18, 0x18, 0xff,
    0x18, 0x18, 0x18, 0xff, 0x20, 0x1c, 0x18, 0xff, 0x18, 0x18, 0x18, 0xff,
    0x20, 0x18, 0x18, 0xff, 0x18, 0x18, 0x18, 0xff, 0x20, 0x18, 0x18, 0xff,
    0x20, 0x1c, 0x18, 0xff, 0x20, 0x18, 0x18, 0xff, 0x20, 0x18, 0x18, 0xff,
    0x18, 0x1c, 0x18, 0xff, 0x18, 0x18, 0x18, 0xff, 0x20, 0x18, 0x18, 0xff,
    0x20, 0x18, 0x18, 0xff, 0x18, 0x18, 0x18, 0xff, 0x20, 0x18, 0x18, 0xff,
    0x18, 0x18, 0x18, 0xff, 0x20, 0x18, 0x18, 0xff, 0x20, 0x1c, 0x18, 0xff,
    0x18, 0x18, 0x18, 0xff, 0x18, 0x18, 0x18, 0xff, 0x20, 0x1c, 0x18, 0xff,
    0x18, 0x18, 0x18, 0xff, 0x20, 0x18, 0x18, 0xff, 0x20, 0x18, 0x18, 0xff,
    0x18, 0x18, 0x18, 0xff, 0x18, 0x1c, 0x18, 0xff, 0x20, 0x18, 0x18, 0xff,
    0x20, 0x18, 0x18, 0xff, 0x18, 0x1c, 0x18, 0xff, 0x18, 0x18, 0x18, 0xff,
    0x20, 0x1c, 0x18, 0xff, 0x18, 0x18, 0x18, 0xff, 0x20, 0x18, 0x18, 0xff,
    0x18, 0x1c, 0x18, 0xff, 0x20, 0x18, 0x18, 0xff, 0x20, 0x18, 0x18, 0xff,
    0x18, 0x18, 0x18, 0xff, 0x20, 0x1c, 0x18, 0xff, 0x18, 0x18, 0x18, 0xff,
    0x18, 0x18, 0x18, 0xff, 0x20, 0x18, 0x18, 0xff, 0x20, 0x18, 0x18, 0xff,
    0x18, 0x1c, 0x18, 0xff, 0x20, 0x18, 0x18, 0xff, 0x20, 0x18, 0x18, 0xff,
    0x18, 0x18, 0x18, 0xff, 0x20, 0x18, 0x18, 0xff, 0x18, 0x18, 0x18, 0xff,
    0x18, 0x18, 0x18, 0xff, 0x20, 0x1c, 0x18, 0xff, 0x20, 0x18, 0x18, 0xff,
    0x18, 0x18, 0x18, 0xff, 0x20, 0x1c, 0x18, 0xff, 0x20, 0x18, 0x18, 0xff,
    0x18, 0x1c, 0x18, 0xff, 0x20, 0x18, 0x18, 0xff, 0x18, 0x18, 0x18, 0xff,
    0x20, 0x1c, 0x18, 0xff, 0x20, 0x18, 0x18, 0xff, 0x18, 0x18, 0x18, 0xff,
    0x20, 0x18, 0x18, 0xff, 0x18, 0x1c, 0x18, 0xff, 0x18, 0x18, 0x18, 0xff,
    0x20, 0x18, 0x18, 0xff, 0x20, 0x18, 0x18, 0xff, 0x18, 0x18, 0x18, 0xff,
    0x20, 0x1c, 0x18, 0xff, 0x20, 0x18, 0x18, 0xff, 0x18, 0x18, 0x18, 0xff,
    0x18, 0x18, 0x18, 0xff, 0x20, 0x18, 0x18, 0xff, 0x18, 0x18, 0x18, 0xff,
    0x20, 0x18, 0x18, 0xff, 0x18, 0x1c, 0x18, 0xff, 0x20, 0x18, 0x18, 0xff,
    0x18, 0x18, 0x18, 0xff, 0x18, 0x1c, 0x18, 0xff, 0x20, 0x18, 0x18, 0xff,
    0x20, 0x1c, 0x18, 0xff, 0x18, 0x18, 0x18, 0xff, 0x20, 0x18, 0x18, 0xff,
    0x18, 0x1c, 0x18, 0xff, 0x18, 0x18, 0x18, 0xff, 0x20, 0x18, 0x18, 0xff,
    0x18, 0x18, 0x18, 0xff, 0x18, 0x18, 0x18, 0xff, 0x20, 0x18, 0x18, 0xff,
    0x18, 0x18, 0x18, 0xff, 0x20, 0x18, 0x18, 0xff, 0x18, 0x1c, 0x18, 0xff,
    0x20, 0x18, 0x18, 0xff, 0x20, 0x18, 0x18, 0xff, 0x18, 0x18, 0x18, 0xff,
    0x20, 0x18, 0x18, 0xff, 0x18, 0x1c, 0x18, 0xff, 0x18, 0x18, 0x18, 0xff,
    0x20, 0x18, 0x18, 0xff, 0x18, 0x1c, 0x18, 0xff, 0x20, 0x18, 0x18, 0xff,
    0x20, 0x18, 0x18, 0xff, 0x18, 0x1c, 0x18, 0xff, 0x70, 0x70, 0x70, 0xa2,
    0xf8, 0xfc, 0xf8, 0x00, 0x70, 0x6c, 0x68, 0xcf, 0x30, 0x30, 0x30, 0xff,
    0x30, 0x30, 0x30, 0xff, 0x30, 0x30, 0x30, 0xff, 0x38, 0x30, 0x30, 0xff,
    0x30, 0x30, 0x30, 0xff, 0x30, 0x30, 0x30, 0xff, 0x30, 0x30, 0x30, 0xff,
    0x30, 0x30, 0x30, 0xff, 0x30, 0x30, 0x30, 0xff, 0x30, 0x30, 0x30, 0xff,
    0x30, 0x30, 0x30, 0xff, 0x30, 0x30, 0x28, 0xff, 0x30, 0x30, 0x30, 0xff,
    0x30, 0x30, 0x30, 0xff, 0x30, 0x30, 0x28, 0xff, 0x30, 0x30, 0x30, 0xff,
    0x30, 0x30, 0x30, 0xff, 0x30, 0x2c, 0x28, 0xff, 0x30, 0x30, 0x30, 0xff,
    0x30, 0x2c, 0x30, 0xff, 0x30, 0x30, 0x30, 0xff, 0x30, 0x30, 0x30, 0xff,
    0x30, 0x2c, 0x30, 0xff, 0x30, 0x30, 0x30, 0xff, 0x30, 0x30, 0x30, 0xff,
    0x30, 0x30, 0x30, 0xff, 0x30, 0x30, 0x30, 0xff, 0x30, 0x30, 0x30, 0xff,
    0x30, 0x2c, 0x28, 0xff, 0x30, 0x30, 0x30, 0xff, 0x30, 0x30, 0x28, 0xff,
    0x30, 0x2c, 0x30, 0xff, 0x30, 0x30, 0x30, 0xff, 0x30, 0x30, 0x28, 0xff,
    0x30, 0x30, 0x30, 0xff, 0x30, 0x2c, 0x28, 0xff, 0x30, 0x30, 0x30, 0xff,
    0x30, 0x2c, 0x30, 0xff, 0x30, 0x2c, 0x28, 0xff, 0x30, 0x30, 0x30, 0xff,
    0x30, 0x2c, 0x30, 0xff, 0x30, 0x2c, 0x28, 0xff, 0x30, 0x2c, 0x28, 0xff,
    0x30, 0x2c, 0x30, 0xff, 0x30, 0x30, 0x28, 0xff, 0x28, 0x2c, 0x28, 0xff,
    0x30, 0x2c, 0x30, 0xff, 0x30, 0x30, 0x30, 0xff, 0x28, 0x2c, 0x28, 0xff,
    0x30, 0x30, 0x30, 0xff, 0x30, 0x2c, 0x30, 0xff, 0x30, 0x2c, 0x28, 0xff,
    0x30, 0x2c, 0x28, 0xff, 0x28, 0x2c, 0x30, 0xff, 0x30, 0x2c, 0x28, 0xff,
    0x30, 0x2c, 0x30, 0xff, 0x28, 0x2c, 0x28, 0xff, 0x30, 0x2c, 0x30, 0xff,
    0x30, 0x2c, 0x30, 0xff, 0x28, 0x2c, 0x28, 0xff, 0x30, 0x2c, 0x28, 0xff,
    0x30, 0x2c, 0x30, 0xff, 0x28, 0x2c, 0x28, 0xff, 0x30, 0x2c, 0x28, 0xff,
    0x30, 0x2c, 0x30, 0xff, 0x28, 0x2c, 0x28, 0xff, 0x30, 0x2c, 0x28, 0xff,
    0x30, 0x28, 0x28, 0xff, 0x30, 0x2c, 0x28, 0xff, 0x28, 0x28, 0x30, 0xff,
    0x30, 0x2c, 0x28, 0xff, 0x28, 0x2c, 0x28, 0xff, 0x30, 0x2c, 0x28, 0xff,
    0x28, 0x2c, 0x30, 0xff, 0x30, 0x2c, 0x28, 0xff, 0x28, 0x28, 0x28, 0xff,
    0x28, 0x28, 0x28, 0xff, 0x30, 0x2c, 0x30, 0xff, 0x30, 0x28, 0x28, 0xff,
    0x28, 0x2c, 0x28, 0xff, 0x30, 0x2c, 0x28, 0xff, 0x28, 0x28, 0x30, 0xff,
    0x30, 0x2c, 0x28, 0xff, 0x28, 0x28, 0x28, 0xff, 0x28, 0x28, 0x28, 0xff,
    0x30, 0x2c, 0x28, 0xff, 0x28, 0x2c, 0x30, 0xff, 0x28, 0x28, 0x28, 0xff,
    0x30, 0x28, 0x28, 0xff, 0x28, 0x2c, 0x28, 0xff, 0x28, 0x28, 0x28, 0xff,
    0x30, 0x2c, 0x28, 0xff, 0x28, 0x2c, 0x28, 0xff, 0x30, 0x28, 0x28, 0xff,
    0x30, 0x28, 0x28, 0xff, 0x28, 0x2c, 0x28, 0xff, 0x28, 0x28, 0x28, 0xff,
    0x30, 0x28, 0x28, 0xff, 0x28, 0x2c, 0x28, 0xff, 0x28, 0x2c, 0x28, 0xff,
    0x28, 0x28, 0x28, 0xff, 0x28, 0x28, 0x28, 0xff, 0x30, 0x28, 0x28, 0xff,
    0x28, 0x28, 0x28, 0xff, 0x28, 0x28, 0x28, 0xff, 0x30, 0x28, 0x28, 0xff,
    0x28, 0x28, 0x28, 0xff, 0x28, 0x28, 0x28, 0xff, 0x30, 0x28, 0x28, 0xff,
    0x28, 0x28, 0x28, 0xff, 0x28, 0x28, 0x28, 0xff, 0x30, 0x28, 0x28, 0xff,
    0x28, 0x28, 0x20, 0xff, 0x28, 0x28, 0x28, 0xff, 0x28, 0x28, 0x28, 0xff,
    0x28, 0x24, 0x28, 0xff, 0x28, 0x28, 0x28, 0xff, 0x28, 0x24, 0x20, 0xff,
    0x30, 0x28, 0x28, 0xff, 0x28, 0x24, 0x28, 0xff, 0x28, 0x28, 0x28, 0xff,
    0x30, 0x28, 0x20, 0xff, 0x28, 0x28, 0x28, 0xff, 0x28, 0x28, 0x28, 0xff,
    0x28, 0x28, 0x20, 0xff, 0x28, 0x24, 0x20, 0xff, 0x28, 0x28, 0x28, 0xff,
    0x28, 0x24, 0x20, 0xff, 0x28, 0x28, 0x28, 0xff, 0x28, 0x28, 0x20, 0xff,
    0x28, 0x28, 0x28, 0xff, 0x28, 0x28, 0x20, 0xff, 0x28, 0x24, 0x28, 0xff,
    0x28, 0x24, 0x20, 0xff, 0x28, 0x28, 0x28, 0xff, 0x28, 0x24, 0x28, 0xff,
    0x28, 0x28, 0x20, 0xff, 0x28, 0x24, 0x20, 0xff, 0x28, 0x24, 0x28, 0xff,
    0x28, 0x28, 0x20, 0xff, 0x28, 0x24, 0x20, 0xff, 0x28, 0x24, 0x28, 0xff,
    0x28, 0x28, 0x20, 0xff, 0x28, 0x24, 0x28, 0xff, 0x28, 0x28, 0x28, 0xff,
    0x28, 0x24, 0x20, 0xff, 0x28, 0x24, 0x28, 0xff, 0x20, 0x28, 0x28, 0xff,
    0x28, 0x24, 0x28, 0xff, 0x28, 0x24, 0x20, 0xff, 0x20, 0x24, 0x28, 0xff,
    0x28, 0x24, 0x20, 0xff, 0x20, 0x24, 0x28, 0xff, 0x28, 0x24, 0x20, 0xff,
    0x20, 0x24, 0x20, 0xff, 0x28, 0x24, 0x28, 0xff, 0x28, 0x24, 0x20, 0xff,
    0x20, 0x24, 0x20, 0xff, 0x28, 0x24, 0x28, 0xff, 0x28, 0x24, 0x20, 0xff,
    0x20, 0x24, 0x20, 0xff, 0x28, 0x24, 0x28, 0xff, 0x28, 0x24, 0x20, 0xff,
    0x20, 0x24, 0x20, 0xff, 0x28, 0x20, 0x20, 0xff, 0x28, 0x24, 0x20, 0xff,
    0x20, 0x24, 0x28, 0xff, 0x28, 0x24, 0x20, 0xff, 0x20, 0x24, 0x20, 0xff,
    0x28, 0x20, 0x28, 0xff, 0x20, 0x24, 0x20, 0xff, 0x28, 0x24, 0x28, 0xff,
    0x20, 0x20, 0x20, 0xff, 0x28, 0x24, 0x28, 0xff, 0x28, 0x24, 0x20, 0xff,
    0x20, 0x24, 0x20, 0xff, 0x28, 0x24, 0x20, 0xff, 0x28, 0x20, 0x20, 0xff,
    0x20, 0x20, 0x20, 0xff, 0x28, 0x24, 0x28, 0xff, 0x20, 0x20, 0x20, 0xff,
    0x20, 0x24, 0x20, 0xff, 0x28, 0x20, 0x20, 0xff, 0x20, 0x24, 0x28, 0xff,
    0x20, 0x24, 0x20, 0xff, 0x28, 0x20, 0x20, 0xff, 0x28, 0x24, 0x28, 0xff,
    0x20, 0x20, 0x20, 0xff, 0x20, 0x20, 0x20, 0xff, 0x28, 0x24, 0x20, 0xff,
    0x20, 0x24, 0x20, 0xff, 0x20, 0x20, 0x20, 0xff, 0x28, 0x20, 0x20, 0xff,
    0x28, 0x24, 0x20, 0xff, 0x20, 0x20, 0x20, 0xff, 0x28, 0x20, 0x20, 0xff,
    0x20, 0x24, 0x20, 0xff, 0x20, 0x20, 0x20, 0xff, 0x28, 0x20, 0x20, 0xff,
    0x20, 0x24, 0x20, 0xff, 0x28, 0x20, 0x20, 0xff, 0x28, 0x20, 0x20, 0xff,
    0x20, 0x24, 0x20, 0xff, 0x20, 0x20, 0x20, 0xff, 0x28, 0x20, 0x20, 0xff,
    0x20, 0x20, 0x20, 0xff, 0x20, 0x20, 0x20, 0xff, 0x28, 0x20, 0x20, 0xff,
    0x20, 0x20, 0x20, 0xff, 0x20, 0x20, 0x18, 0xff, 0x28, 0x20, 0x20, 0xff,
    0x20, 0x20, 0x20, 0xff, 0x20, 0x20, 0x20, 0xff, 0x20, 0x20, 0x20, 0xff,
    0x20, 0x20, 0x20, 0xff, 0x28, 0x20, 0x20, 0xff, 0x20, 0x20, 0x20, 0xff,
    0x20, 0x20, 0x18, 0xff, 0x20, 0x20, 0x20, 0xff, 0x20, 0x20, 0x20, 0xff,
    0x20, 0x1c, 0x20, 0xff, 0x20, 0x20, 0x20, 0xff, 0x28, 0x20, 0x18, 0xff,
    0x20, 0x1c, 0x20, 0xff, 0x20, 0x20, 0x20, 0xff, 0x20, 0x20, 0x18, 0xff,
    0x28, 0x1c, 0x20, 0xff, 0x20, 0x20, 0x20, 0xff, 0x20, 0x20, 0x20, 0xff,
    0x20, 0x20, 0x20, 0xff, 0x20, 0x1c, 0x20, 0xff, 0x20, 0x20, 0x20, 0xff,
    0x20, 0x20, 0x20, 0xff, 0x20, 0x1c, 0x20, 0xff, 0x20, 0x20, 0x20, 0xff,
    0x20, 0x1c, 0x18, 0xff, 0x20, 0x20, 0x20, 0xff, 0x20, 0x20, 0x20, 0xff,
    0x20, 0x1c, 0x18, 0xff, 0x20, 0x20, 0x20, 0xff, 0x20, 0x1c, 0x20, 0xff,
    0x20, 0x20, 0x18, 0xff, 0x20, 0x20, 0x20, 0xff, 0x20, 0x1c, 0x20, 0xff,
    0x20, 0x20, 0x18, 0xff, 0x20, 0x1c, 0x20, 0xff, 0x20, 0x1c, 0x20, 0xff,
    0x20, 0x20, 0x18, 0xff, 0x20, 0x1c, 0x20, 0xff, 0x20, 0x20, 0x20, 0xff,
    0x20, 0x20, 0x18, 0xff, 0x20, 0x1c, 0x18, 0xff, 0x20, 0x1c, 0x20, 0xff,
    0x20, 0x20, 0x20, 0xff, 0x20, 0x1c, 0x18, 0xff, 0x20, 0x20, 0x20, 0xff,
    0x20, 0x1c, 0x20, 0xff, 0x20, 0x1c, 0x18, 0xff, 0x20, 0x20, 0x20, 0xff,
    0x20, 0x1c, 0x18, 0xff, 0x20, 0x1c, 0x20, 0xff, 0x20, 0x20, 0x18, 0xff,
    0x20, 0x1c, 0x20, 0xff, 0x20, 0x1c, 0x18, 0xff, 0x20, 0x20, 0x18, 0xff,
    0x20, 0x1c, 0x20, 0xff, 0x20, 0x1c, 0x18, 0xff, 0x18, 0x1c, 0x20, 0xff,
    0x20, 0x1c, 0x20, 0xff, 0x20, 0x1c, 0x18, 0xff, 0x20, 0x1c, 0x18, 0xff,
    0x20, 0x1c, 0x20, 0xff, 0x20, 0x1c, 0x18, 0xff, 0x20, 0x1c, 0x18, 0xff,
    0x20, 0x1c, 0x20, 0xff, 0x20, 0x1c, 0x18, 0xff, 0x20, 0x1c, 0x18, 0xff,
    0x20, 0x1c, 0x20, 0xff, 0x20, 0x1c, 0x18, 0xff, 0x20, 0x1c, 0x20, 0xff,
    0x20, 0x1c, 0x20, 0xff, 0x20, 0x1c, 0x18, 0xff, 0x20, 0x1c, 0x20, 0xff,
    0x20, 0x1c, 0x18, 0xff, 0x18, 0x1c, 0x20, 0xff, 0x20, 0x1c, 0x18, 0xff,
    0x20, 0x1c, 0x18, 0xff, 0x20, 0x1c, 0x20, 0xff, 0x18, 0x18, 0x18, 0xff,
    0x20, 0x1c, 0x18, 0xff, 0x20, 0x18, 0x20, 0xff, 0x18, 0x1c, 0x18, 0xff,
    0x20, 0x1c, 0x18, 0xff, 0x20, 0x1c, 0x18, 0xff, 0x20, 0x1c, 0x18, 0xff,
    0x20, 0x18, 0x20, 0xff, 0x20, 0x1c, 0x18, 0xff, 0x20, 0x1c, 0x18, 0xff,
    0x20, 0x18, 0x18, 0xff, 0x18, 0x1c, 0x20, 0xff, 0x20, 0x1c, 0x18, 0xff,
    0x20, 0x1c, 0x18, 0xff, 0x18, 0x1c, 0x18, 0xff, 0x20, 0x18, 0x18, 0xff,
    0x18, 0x1c, 0x20, 0xff, 0x20, 0x18, 0x18, 0xff, 0x20, 0x1c, 0x18, 0xff,
    0x18, 0x18, 0x20, 0xff, 0x20, 0x1c, 0x18, 0xff, 0x20, 0x18, 0x18, 0xff,
    0x18, 0x1c, 0x18, 0xff, 0x20, 0x18, 0x20, 0xff, 0x20, 0x1c, 0x18, 0xff,
    0x20, 0x18, 0x18, 0xff, 0x18, 0x1c, 0x18, 0xff, 0x20, 0x18, 0x18, 0xff,
    0x18, 0x1c, 0x18, 0xff, 0x20, 0x1c, 0x18, 0xff, 0x18, 0x18, 0x18, 0xff,
    0x20, 0x1c, 0x18, 0xff, 0x20, 0x18, 0x20, 0xff, 0x18, 0x18, 0x18, 0xff,
    0x20, 0x1c, 0x18, 0xff, 0x20, 0x18, 0x20, 0xff, 0x18, 0x1c, 0x18, 0xff,
    0x20, 0x18, 0x18, 0xff, 0x18, 0x1c, 0x18, 0xff, 0x18, 0x18, 0x18, 0xff,
    0x20, 0x18, 0x18, 0xff, 0x20, 0x18, 0x18, 0xff, 0x18, 0x18, 0x18, 0xff,
    0x20, 0x1c, 0x18, 0xff, 0x18, 0x18, 0x18, 0xff, 0x20, 0x18, 0x18, 0xff,
    0x18, 0x1c, 0x18, 0xff, 0x18, 0x18, 0x18, 0xff, 0x20, 0x18, 0x18, 0xff,
    0x18, 0x18, 0x18, 0xff, 0x20, 0x18, 0x18, 0xff, 0x20, 0x18, 0x18, 0xff,
    0x18, 0x18, 0x18, 0xff, 0x20, 0x18, 0x18, 0xff, 0x18, 0x18, 0x18, 0xff,
    0x18, 0x1c, 0x18, 0xff, 0x20, 0x18, 0x18, 0xff, 0x18, 0x1c, 0x18, 0xff,
    0x18, 0x18, 0x18, 0xff, 0x20, 0x18, 0x18, 0xff, 0x18, 0x18, 0x18, 0xff,
    0x20, 0x1c, 0x18, 0xff, 0x18, 0x18, 0x18, 0xff, 0x18, 0x18, 0x18, 0xff,
    0x20, 0x1c, 0x18, 0xff, 0x18, 0x18, 0x18, 0xff, 0x18, 0x18, 0x18, 0xff,
    0x20, 0x1c, 0x18, 0xff, 0x20, 0x18, 0x18, 0xff, 0x18, 0x18, 0x18, 0xff,
    0x18, 0x1c, 0x18, 0xff, 0x20, 0x1c, 0x18, 0xff, 0x18, 0x18, 0x18, 0xff,
    0x20, 0x18, 0x18, 0xff, 0x18, 0x1c, 0x18, 0xff, 0x18, 0x18, 0x18, 0xff,
    0x20, 0x18, 0x18, 0xff, 0x20, 0x18, 0x18, 0xff, 0x18, 0x18, 0x18, 0xff,
    0x18, 0x18, 0x18, 0xff, 0x20, 0x1c, 0x18, 0xff, 0x18, 0x18, 0x18, 0xff,
    0x20, 0x18, 0x18, 0xff, 0x18, 0x18, 0x18, 0xff, 0x18, 0x18, 0x18, 0xff,
    0x20, 0x18, 0x18, 0xff, 0x18, 0x18, 0x18, 0xff, 0x20, 0x18, 0x18, 0xff,
    0x20, 0x1c, 0x18, 0xff, 0x18, 0x18, 0x18, 0xff, 0x18, 0x18, 0x18, 0xff,
    0x20, 0x1c, 0x18, 0xff, 0x18, 0x18, 0x18, 0xff, 0x18, 0x18, 0x18, 0xff,
    0x20, 0x18, 0x18, 0xff, 0x18, 0x1c, 0x18, 0xff, 0x20, 0x18, 0x18, 0xff,
    0x20, 0x18, 0x18, 0xff, 0x18, 0x18, 0x18, 0xff, 0x18, 0x18, 0x18, 0xff,
    0x20, 0x18, 0x18, 0xff, 0x18, 0x18, 0x18, 0xff, 0x18, 0x1c, 0x18, 0xff,
    0x20, 0x18, 0x18, 0xff, 0x18, 0x1c, 0x18, 0xff, 0x20, 0x18, 0x18, 0xff,
    0x20, 0x18, 0x18, 0xff, 0x18, 0x18, 0x18, 0xff, 0x20, 0x18, 0x18, 0xff,
    0x18, 0x18, 0x18, 0xff, 0x18, 0x18, 0x18, 0xff, 0x20, 0x18, 0x18, 0xff,
    0x18, 0x1c, 0x18, 0xff, 0x20, 0x18, 0x18, 0xff, 0x20, 0x18, 0x18, 0xff,
    0x18, 0x1c, 0x18, 0xff, 0x18, 0x18, 0x18, 0xff, 0x20, 0x18, 0x18, 0xff,
    0x20, 0x18, 0x18, 0xff, 0x18, 0x1c, 0x18, 0xff, 0x20, 0x18, 0x18, 0xff,
    0x20, 0x18, 0x18, 0xff, 0x18, 0x18, 0x18, 0xff, 0x18, 0x18, 0x18, 0xff,
    0x20, 0x18, 0x18, 0xff, 0x18, 0x18, 0x18, 0xff, 0x20, 0x1c, 0x18, 0xff,
    0x20, 0x18, 0x18, 0xff, 0x18, 0x1c, 0x18, 0xff, 0x20, 0x18, 0x18, 0xff,
    0x18, 0x18, 0x18, 0xff, 0x18, 0x18, 0x18, 0xff, 0x20, 0x18, 0x18, 0xff,
    0x20, 0x18, 0x18, 0xff, 0x18, 0x18, 0x18, 0xff, 0x18, 0x18, 0x18, 0xff,
    0x20, 0x1c, 0x18, 0xff, 0x18, 0x18, 0x18, 0xff, 0x20, 0x18, 0x18, 0xff,
    0x20, 0x1c, 0x18, 0xff, 0x18, 0x18, 0x18, 0xff, 0x20, 0x18, 0x18, 0xff,
    0x20, 0x1c, 0x18, 0xff, 0x18, 0x18, 0x18, 0xff, 0x20, 0x1c, 0x18, 0xff,
    0x18, 0x18, 0x18, 0xff, 0x20, 0x18, 0x18, 0xff, 0x18, 0x1c, 0x18, 0xff,
    0x18, 0x18, 0x18, 0xff, 0x20, 0x18, 0x18, 0xff, 0x18, 0x1c, 0x18, 0xff,
    0x20, 0x18, 0x18, 0xff, 0x20, 0x18, 0x18, 0xff, 0x18, 0x1c, 0x18, 0xff,
    0x20, 0x18, 0x18, 0xff, 0x20, 0x18, 0x18, 0xff, 0x18, 0x18, 0x18, 0xff,
    0x18, 0x18, 0x18, 0xff, 0x20, 0x18, 0x18, 0xff, 0x20, 0x18, 0x18, 0xff,
    0x70, 0x70, 0x70, 0x9e, 0xf8, 0xfc, 0xf8, 0x00, 0x70, 0x6c, 0x68, 0xcf,
    0x30, 0x30, 0x30, 0xff, 0x30, 0x34, 0x30, 0xff, 0x30, 0x30, 0x30, 0xff,
    0x30, 0x34, 0x30, 0xff, 0x38, 0x30, 0x30, 0xff, 0x30, 0x30, 0x30, 0xff,
    0x30, 0x30, 0x30, 0xff, 0x38, 0x30, 0x28, 0xff, 0x30, 0x30, 0x30, 0xff,
    0x30, 0x30, 0x30, 0xff, 0x30, 0x30, 0x30, 0xff, 0x38, 0x30, 0x30, 0xff,
    0x30, 0x30, 0x30, 0xff, 0x30, 0x30, 0x30, 0xff, 0x38, 0x30, 0x30, 0xff,
    0x30, 0x30, 0x30, 0xff, 0x30, 0x30, 0x30, 0xff, 0x30, 0x30, 0x28, 0xff,
    0x38, 0x30, 0x30, 0xff, 0x30, 0x30, 0x28, 0xff, 0x30, 0x2c, 0x28, 0xff,
    0x30, 0x30, 0x30, 0xff, 0x30, 0x30, 0x28, 0xff, 0x30, 0x30, 0x30, 0xff,
    0x30, 0x2c, 0x30, 0xff, 0x30, 0x30, 0x28, 0xff, 0x30, 0x30, 0x30, 0xff,
    0x30, 0x30, 0x30, 0xff, 0x30, 0x2c, 0x28, 0xff, 0x30, 0x30, 0x30, 0xff,
    0x30, 0x2c, 0x30, 0xff, 0x30, 0x2c, 0x28, 0xff, 0x30, 0x30, 0x30, 0xff,
    0x28, 0x2c, 0x30, 0xff, 0x30, 0x2c, 0x28, 0xff, 0x30, 0x30, 0x30, 0xff,
    0x28, 0x30, 0x30, 0xff, 0x30, 0x2c, 0x28, 0xff, 0x30, 0x30, 0x30, 0xff,
    0x28, 0x30, 0x30, 0xff, 0x30, 0x2c, 0x28, 0xff, 0x30, 0x2c, 0x30, 0xff,
    0x28, 0x2c, 0x30, 0xff, 0x30, 0x30, 0x28, 0xff, 0x30, 0x2c, 0x30, 0xff,
    0x30, 0x2c, 0x28, 0xff, 0x30, 0x30, 0x30, 0xff, 0x30, 0x2c, 0x28, 0xff,
    0x30, 0x2c, 0x28, 0xff, 0x28, 0x2c, 0x30, 0xff, 0x30, 0x30, 0x28, 0xff,
    0x30, 0x2c, 0x28, 0xff, 0x28, 0x2c, 0x30, 0xff, 0x30, 0x2c, 0x28, 0xff,
    0x30, 0x2c, 0x28, 0xff, 0x30, 0x2c, 0x30, 0xff, 0x28, 0x2c, 0x28, 0xff,
    0x30, 0x2c, 0x28, 0xff, 0x30, 0x2c, 0x30, 0xff, 0x28, 0x2c, 0x28, 0xff,
    0x30, 0x2c, 0x30, 0xff, 0x30, 0x2c, 0x28, 0xff, 0x28, 0x2c, 0x30, 0xff,
    0x30, 0x2c, 0x28, 0xff, 0x28, 0x28, 0x28, 0xff, 0x30, 0x2c, 0x30, 0xff,
    0x28, 0x2c, 0x28, 0xff, 0x28, 0x2c, 0x30, 0xff, 0x30, 0x2c, 0x28, 0xff,
    0x28, 0x28, 0x28, 0xff, 0x30, 0x2c, 0x30, 0xff, 0x30, 0x2c, 0x28, 0xff,
    0x28, 0x28, 0x28, 0xff, 0x30, 0x2c, 0x30, 0xff, 0x30, 0x2c, 0x28, 0xff,
    0x28, 0x28, 0x28, 0xff, 0x30, 0x2c, 0x28, 0xff, 0x28, 0x2c, 0x28, 0xff,
    0x28, 0x28, 0x28, 0xff, 0x30, 0x28, 0x28, 0xff, 0x28, 0x2c, 0x28, 0xff,
    0x28, 0x2c, 0x28, 0xff, 0x30, 0x28, 0x28, 0xff, 0x28, 0x2c, 0x30, 0xff,
    0x30, 0x28, 0x28, 0xff, 0x28, 0x28, 0x28, 0xff, 0x30, 0x2c, 0x28, 0xff,
    0x28, 0x28, 0x28, 0xff, 0x30, 0x28, 0x28, 0xff, 0x28, 0x28, 0x28, 0xff,
    0x30, 0x28, 0x28, 0xff, 0x28, 0x28, 0x28, 0xff, 0x28, 0x28, 0x28, 0xff,
    0x30, 0x28, 0x28, 0xff, 0x28, 0x2c, 0x28, 0xff, 0x30, 0x28, 0x28, 0xff,
    0x28, 0x28, 0x28, 0xff, 0x28, 0x28, 0x28, 0xff, 0x30, 0x28, 0x28, 0xff,
    0x28, 0x28, 0x28, 0xff, 0x28, 0x28, 0x28, 0xff, 0x30, 0x28, 0x28, 0xff,
    0x28, 0x28, 0x28, 0xff, 0x28, 0x28, 0x28, 0xff, 0x28, 0x28, 0x28, 0xff,
    0x28, 0x28, 0x20, 0xff, 0x28, 0x28, 0x28, 0xff, 0x28, 0x28, 0x28, 0xff,
    0x28, 0x28, 0x28, 0xff, 0x28, 0x28, 0x28, 0xff, 0x28, 0x28, 0x28, 0xff,
    0x28, 0x28, 0x28, 0xff, 0x28, 0x28, 0x28, 0xff, 0x28, 0x24, 0x28, 0xff,
    0x28, 0x28, 0x28, 0xff, 0x28, 0x28, 0x28, 0xff, 0x28, 0x28, 0x28, 0xff,
    0x28, 0x28, 0x28, 0xff, 0x28, 0x24, 0x20, 0xff, 0x28, 0x28, 0x28, 0xff,
    0x28, 0x28, 0x28, 0xff, 0x28, 0x24, 0x28, 0xff, 0x28, 0x28, 0x28, 0xff,
    0x28, 0x28, 0x28, 0xff, 0x28, 0x24, 0x28, 0xff, 0x28, 0x24, 0x28, 0xff,
    0x28, 0x28, 0x28, 0xff, 0x28, 0x24, 0x28, 0xff, 0x28, 0x24, 0x20, 0xff,
    0x28, 0x24, 0x28, 0xff, 0x28, 0x24, 0x28, 0xff, 0x28, 0x28, 0x28, 0xff,
    0x28, 0x28, 0x20, 0xff, 0x28, 0x24, 0x28, 0xff, 0x28, 0x24, 0x20, 0xff,
    0x28, 0x28, 0x28, 0xff, 0x28, 0x28, 0x28, 0xff, 0x28, 0x24, 0x20, 0xff,
    0x28, 0x24, 0x28, 0xff, 0x28, 0x24, 0x28, 0xff, 0x20, 0x24, 0x20, 0xff,
    0x28, 0x24, 0x28, 0xff, 0x28, 0x24, 0x20, 0xff, 0x20, 0x28, 0x20, 0xff,
    0x28, 0x24, 0x28, 0xff, 0x28, 0x24, 0x20, 0xff, 0x28, 0x28, 0x20, 0xff,
    0x28, 0x24, 0x28, 0xff, 0x28, 0x24, 0x20, 0xff, 0x28, 0x28, 0x28, 0xff,
    0x28, 0x24, 0x20, 0xff, 0x28, 0x24, 0x20, 0xff, 0x28, 0x24, 0x28, 0xff,
    0x20, 0x24, 0x20, 0xff, 0x28, 0x24, 0x28, 0xff, 0x28, 0x24, 0x20, 0xff,
    0x20, 0x24, 0x28, 0xff, 0x28, 0x24, 0x20, 0xff, 0x28, 0x24, 0x28, 0xff,
    0x28, 0x24, 0x20, 0xff, 0x20, 0x24, 0x20, 0xff, 0x28, 0x24, 0x28, 0xff,
    0x28, 0x24, 0x20, 0xff, 0x28, 0x24, 0x28, 0xff, 0x28, 0x24, 0x20, 0xff,
    0x28, 0x24, 0x20, 0xff, 0x20, 0x20, 0x20, 0xff, 0x28, 0x24, 0x20, 0xff,
    0x28, 0x24, 0x20, 0xff, 0x20, 0x24, 0x20, 0xff, 0x28, 0x24, 0x20, 0xff,
    0x28, 0x24, 0x20, 0xff, 0x20, 0x20, 0x28, 0xff, 0x28, 0x24, 0x20, 0xff,
    0x20, 0x24, 0x20, 0xff, 0x28, 0x20, 0x28, 0xff, 0x28, 0x24, 0x20, 0xff,
    0x20, 0x24, 0x20, 0xff, 0x28, 0x20, 0x20, 0xff, 0x28, 0x24, 0x20, 0xff,
    0x20, 0x20, 0x20, 0xff, 0x28, 0x20, 0x20, 0xff, 0x28, 0x24, 0x20, 0xff,
    0x20, 0x20, 0x20, 0xff, 0x28, 0x20, 0x20, 0xff, 0x20, 0x24, 0x20, 0xff,
    0x28, 0x24, 0x20, 0xff, 0x20, 0x20, 0x20, 0xff, 0x28, 0x24, 0x20, 0xff,
    0x28, 0x20, 0x28, 0xff, 0x20, 0x20, 0x20, 0xff, 0x20, 0x20, 0x20, 0xff,
    0x28, 0x20, 0x20, 0xff, 0x20, 0x20, 0x20, 0xff, 0x28, 0x20, 0x20, 0xff,
    0x28, 0x20, 0x20, 0xff, 0x20, 0x20, 0x20, 0xff, 0x28, 0x20, 0x20, 0xff,
    0x20, 0x24, 0x20, 0xff, 0x20, 0x20, 0x20, 0xff, 0x20, 0x20, 0x20, 0xff,
    0x20, 0x20, 0x20, 0xff, 0x28, 0x20, 0x20, 0xff, 0x20, 0x24, 0x20, 0xff,
    0x28, 0x20, 0x20, 0xff, 0x20, 0x20, 0x20, 0xff, 0x20, 0x20, 0x20, 0xff,
    0x28, 0x20, 0x20, 0xff, 0x20, 0x20, 0x20, 0xff, 0x28, 0x20, 0x20, 0xff,
    0x20, 0x20, 0x20, 0xff, 0x20, 0x20, 0x20, 0xff, 0x28, 0x20, 0x20, 0xff,
    0x20, 0x20, 0x20, 0xff, 0x20, 0x20, 0x20, 0xff, 0x20, 0x20, 0x20, 0xff,
    0x28, 0x20, 0x20, 0xff, 0x20, 0x20, 0x20, 0xff, 0x28, 0x20, 0x20, 0xff,
    0x20, 0x20, 0x20, 0xff, 0x20, 0x20, 0x18, 0xff, 0x28, 0x20, 0x20, 0xff,
    0x20, 0x1c, 0x20, 0xff, 0x20, 0x20, 0x20, 0xff, 0x20, 0x20, 0x20, 0xff,
    0x20, 0x20, 0x20, 0xff, 0x20, 0x1c, 0x20, 0xff, 0x28, 0x20, 0x18, 0xff,
    0x20, 0x20, 0x20, 0xff, 0x20, 0x20, 0x20, 0xff, 0x20, 0x20, 0x18, 0xff,
    0x20, 0x1c, 0x18, 0xff, 0x28, 0x20, 0x20, 0xff, 0x20, 0x20, 0x20, 0xff,
    0x20, 0x20, 0x18, 0xff, 0x20, 0x1c, 0x20, 0xff, 0x28, 0x1c, 0x20, 0xff,
    0x20, 0x20, 0x18, 0xff, 0x20, 0x1c, 0x18, 0xff, 0x20, 0x20, 0x20, 0xff,
    0x20, 0x1c, 0x20, 0xff, 0x20, 0x20, 0x18, 0xff, 0x28, 0x1c, 0x20, 0xff,
    0x20, 0x20, 0x18, 0xff, 0x20, 0x20, 0x20, 0xff, 0x20, 0x1c, 0x20, 0xff,
    0x20, 0x20, 0x18, 0xff, 0x20, 0x1c, 0x20, 0xff, 0x20, 0x1c, 0x20, 0xff,
    0x20, 0x20, 0x18, 0xff, 0x20, 0x1c, 0x20, 0xff, 0x20, 0x1c, 0x20, 0xff,
    0x20, 0x1c, 0x18, 0xff, 0x20, 0x1c, 0x18, 0xff, 0x20, 0x1c, 0x20, 0xff,
    0x20, 0x20, 0x18, 0xff, 0x20, 0x1c, 0x18, 0xff, 0x20, 0x1c, 0x20, 0xff,
    0x20, 0x1c, 0x20, 0xff, 0x20, 0x1c, 0x18, 0xff, 0x20, 0x20, 0x18, 0xff,
    0x20, 0x1c, 0x20, 0xff, 0x20, 0x1c, 0x20, 0xff, 0x20, 0x20, 0x20, 0xff,
    0x18, 0x1c, 0x18, 0xff, 0x20, 0x1c, 0x18, 0xff, 0x20, 0x1c, 0x20, 0xff,
    0x20, 0x1c, 0x18, 0xff, 0x20, 0x1c, 0x18, 0xff, 0x20, 0x1c, 0x20, 0xff,
    0x18, 0x1c, 0x18, 0xff, 0x20, 0x1c, 0x18, 0xff, 0x20, 0x1c, 0x20, 0xff,
    0x20, 0x1c, 0x18, 0xff, 0x18, 0x1c, 0x18, 0xff, 0x20, 0x1c, 0x20, 0xff,
    0x20, 0x1c, 0x18, 0xff, 0x20, 0x1c, 0x18, 0xff, 0x20, 0x1c, 0x20, 0xff,
    0x20, 0x1c, 0x18, 0xff, 0x20, 0x1c, 0x18, 0xff, 0x18, 0x1c, 0x20, 0xff,
    0x20, 0x1c, 0x18, 0xff, 0x20, 0x1c, 0x18, 0xff, 0x20, 0x1c, 0x20, 0xff,
    0x18, 0x1c, 0x18, 0xff, 0x20, 0x1c, 0x18, 0xff, 0x20, 0x18, 0x18, 0xff,
    0x20, 0x1c, 0x18, 0xff, 0x18, 0x1c, 0x18, 0xff, 0x20, 0x1c, 0x18, 0xff,
    0x20, 0x18, 0x20, 0xff, 0x20, 0x18, 0x18, 0xff, 0x18, 0x1c, 0x18, 0xff,
    0x20, 0x1c, 0x20, 0xff, 0x18, 0x1c, 0x18, 0xff, 0x20, 0x18, 0x18, 0xff,
    0x20, 0x1c, 0x18, 0xff, 0x18, 0x1c, 0x18, 0xff, 0x20, 0x1c, 0x18, 0xff,
    0x20, 0x18, 0x20, 0xff, 0x20, 0x1c, 0x18, 0xff, 0x18, 0x1c, 0x20, 0xff,
    0x20, 0x1c, 0x18, 0xff, 0x20, 0x1c, 0x18, 0xff, 0x18, 0x18, 0x18, 0xff,
    0x20, 0x18, 0x18, 0xff, 0x18, 0x1c, 0x18, 0xff, 0x20, 0x18, 0x18, 0xff,
    0x18, 0x1c, 0x18, 0xff, 0x20, 0x18, 0x18, 0xff, 0x20, 0x1c, 0x18, 0xff,
    0x18, 0x18, 0x18, 0xff, 0x20, 0x1c, 0x20, 0xff, 0x20, 0x18, 0x18, 0xff,
    0x18, 0x18, 0x18, 0xff, 0x20, 0x1c, 0x20, 0xff, 0x20, 0x18, 0x18, 0xff,
    0x18, 0x18, 0x18, 0xff, 0x20, 0x1c, 0x18, 0xff, 0x18, 0x1c, 0x18, 0xff,
    0x20, 0x18, 0x18, 0xff, 0x18, 0x18, 0x18, 0xff, 0x20, 0x1c, 0x18, 0xff,
    0x20, 0x18, 0x18, 0xff, 0x18, 0x1c, 0x18, 0xff, 0x20, 0x1c, 0x20, 0xff,
    0x18, 0x18, 0x18, 0xff, 0x18, 0x18, 0x18, 0xff, 0x20, 0x1c, 0x18, 0xff,
    0x20, 0x18, 0x18, 0xff, 0x18, 0x18, 0x18, 0xff, 0x20, 0x18, 0x18, 0xff,
    0x20, 0x18, 0x18, 0xff, 0x18, 0x18, 0x18, 0xff, 0x20, 0x1c, 0x18, 0xff,
    0x18, 0x18, 0x18, 0xff, 0x18, 0x1c, 0x18, 0xff, 0x20, 0x18, 0x18, 0xff,
    0x18, 0x1c, 0x18, 0xff, 0x20, 0x18, 0x18, 0xff, 0x20, 0x18, 0x18, 0xff,
    0x18, 0x1c, 0x18, 0xff, 0x20, 0x18, 0x18, 0xff, 0x20, 0x18, 0x18, 0xff,
    0x18, 0x18, 0x18, 0xff, 0x20, 0x1c, 0x18, 0xff, 0x20, 0x18, 0x18, 0xff,
    0x18, 0x18, 0x18, 0xff, 0x20, 0x18, 0x18, 0xff, 0x20, 0x1c, 0x18, 0xff,
    0x18, 0x18, 0x18, 0xff, 0x20, 0x18, 0x18, 0xff, 0x18, 0x18, 0x18, 0xff,
    0x18, 0x18, 0x18, 0xff, 0x20, 0x18, 0x18, 0xff, 0x18, 0x18, 0x18, 0xff,
    0x20, 0x18, 0x18, 0xff, 0x20, 0x18, 0x18, 0xff, 0x18, 0x18, 0x18, 0xff,
    0x20, 0x18, 0x18, 0xff, 0x18, 0x1c, 0x18, 0xff, 0x20, 0x18, 0x18, 0xff,
    0x18, 0x18, 0x18, 0xff, 0x18, 0x18, 0x18, 0xff, 0x20, 0x1c, 0x18, 0xff,
    0x20, 0x18, 0x18, 0xff, 0x18, 0x18, 0x18, 0xff, 0x20, 0x18, 0x18, 0xff,
    0x18, 0x1c, 0x18, 0xff, 0x20, 0x18, 0x18, 0xff, 0x20, 0x1c, 0x18, 0xff,
    0x18, 0x18, 0x18, 0xff, 0x20, 0x1c, 0x18, 0xff, 0x18, 0x18, 0x18, 0xff,
    0x18, 0x18, 0x18, 0xff, 0x20, 0x18, 0x18, 0xff, 0x20, 0x18, 0x18, 0xff,
    0x18, 0x18, 0x18, 0xff, 0x20, 0x18, 0x18, 0xff, 0x20, 0x18, 0x18, 0xff,
    0x18, 0x1c, 0x18, 0xff, 0x18, 0x18, 0x18, 0xff, 0x20, 0x18, 0x18, 0xff,
    0x18, 0x18, 0x18, 0xff, 0x20, 0x1c, 0x18, 0xff, 0x18, 0x1c, 0x18, 0xff,
    0x20, 0x18, 0x18, 0xff, 0x20, 0x1c, 0x18, 0xff, 0x18, 0x18, 0x18, 0xff,
    0x20, 0x18, 0x18, 0xff, 0x18, 0x18, 0x18, 0xff, 0x18, 0x1c, 0x18, 0xff,
    0x20, 0x18, 0x18, 0xff, 0x18, 0x1c, 0x18, 0xff, 0x20, 0x1c, 0x18, 0xff,
    0x18, 0x18, 0x18, 0xff, 0x20, 0x1c, 0x18, 0xff, 0x20, 0x18, 0x18, 0xff,
    0x18, 0x18, 0x18, 0xff, 0x18, 0x18, 0x18, 0xff, 0x20, 0x18, 0x18, 0xff,
    0x18, 0x18, 0x18, 0xff, 0x20, 0x18, 0x18, 0xff, 0x18, 0x18, 0x18, 0xff,
    0x18, 0x1c, 0x18, 0xff, 0x20, 0x18, 0x18, 0xff, 0x18, 0x18, 0x18, 0xff,
    0x18, 0x18, 0x18, 0xff, 0x20, 0x1c, 0x18, 0xff, 0x18, 0x1c, 0x18, 0xff,
    0x20, 0x18, 0x18, 0xff, 0x18, 0x1c, 0x18, 0xff, 0x18, 0x18, 0x18, 0xff,
    0x20, 0x18, 0x18, 0xff, 0x18, 0x18, 0x18, 0xff, 0x20, 0x1c, 0x18, 0xff,
    0x20, 0x18, 0x18, 0xff, 0x18, 0x1c, 0x18, 0xff, 0x20, 0x1c, 0x18, 0xff,
    0x20, 0x18, 0x18, 0xff, 0x18, 0x1c, 0x18, 0xff, 0x20, 0x18, 0x18, 0xff,
    0x20, 0x18, 0x18, 0xff, 0x18, 0x18, 0x18, 0xff, 0x18, 0x18, 0x18, 0xff,
    0x20, 0x18, 0x18, 0xff, 0x18, 0x18, 0x18, 0xff, 0x20, 0x18, 0x18, 0xff,
    0x18, 0x18, 0x18, 0xff, 0x18, 0x18, 0x18, 0xff, 0x20, 0x1c, 0x18, 0xff,
    0x20, 0x18, 0x18, 0xff, 0x18, 0x18, 0x18, 0xff, 0x20, 0x1c, 0x18, 0xff,
    0x20, 0x18, 0x18, 0xff, 0x18, 0x18, 0x18, 0xff, 0x18, 0x18, 0x18, 0xff,
    0x20, 0x1c, 0x18, 0xff, 0x18, 0x18, 0x18, 0xff, 0x18, 0x18, 0x18, 0xff,
    0x20, 0x18, 0x18, 0xff, 0x18, 0x1c, 0x18, 0xff, 0x20, 0x18, 0x18, 0xff,
    0x18, 0x18, 0x18, 0xff, 0x18, 0x1c, 0x18, 0xff, 0x20, 0x18, 0x18, 0xff,
    0x18, 0x18, 0x18, 0xff, 0x70, 0x70, 0x70, 0xa2, 0xf8, 0xfc, 0xf8, 0x00,
    0x70, 0x6c, 0x70, 0xcf, 0x30, 0x30, 0x30, 0xff, 0x30, 0x30, 0x30, 0xff,
    0x30, 0x30, 0x30, 0xff, 0x30, 0x30, 0x30, 0xff, 0x30, 0x34, 0x30, 0xff,
    0x38, 0x30, 0x30, 0xff, 0x30, 0x30, 0x30, 0xff, 0x30, 0x30, 0x30, 0xff,
    0x30, 0x30, 0x30, 0xff, 0x30, 0x30, 0x30, 0xff, 0x30, 0x30, 0x28, 0xff,
    0x30, 0x30, 0x30, 0xff, 0x30, 0x30, 0x30, 0xff, 0x30, 0x30, 0x30, 0xff,
    0x30, 0x30, 0x30, 0xff, 0x30, 0x30, 0x30, 0xff, 0x30, 0x30, 0x30, 0xff,
    0x30, 0x30, 0x30, 0xff, 0x30, 0x30, 0x30, 0xff, 0x30, 0x30, 0x30, 0xff,
    0x30, 0x30, 0x30, 0xff, 0x30, 0x30, 0x30, 0xff, 0x30, 0x30, 0x30, 0xff,
    0x30, 0x2c, 0x28, 0xff, 0x30, 0x30, 0x30, 0xff, 0x30, 0x30, 0x28, 0xff,
    0x30, 0x2c, 0x30, 0xff, 0x30, 0x30, 0x30, 0xff, 0x30, 0x2c, 0x28, 0xff,
    0x30, 0x2c, 0x30, 0xff, 0x30, 0x30, 0x30, 0xff, 0x30, 0x30, 0x28, 0xff,
    0x30, 0x2c, 0x30, 0xff, 0x30, 0x2c, 0x30, 0xff, 0x30, 0x30, 0x28, 0xff,
    0x30, 0x2c, 0x30, 0xff, 0x30, 0x2c, 0x30, 0xff, 0x30, 0x30, 0x28, 0xff,
    0x30, 0x2c, 0x30, 0xff, 0x30, 0x2c, 0x28, 0xff, 0x30, 0x2c, 0x28, 0xff,
    0x30, 0x2c, 0x30, 0xff, 0x30, 0x30, 0x28, 0xff, 0x30, 0x2c, 0x30, 0xff,
    0x28, 0x2c, 0x30, 0xff, 0x30, 0x2c, 0x28, 0xff, 0x28, 0x2c, 0x30, 0xff,
    0x30, 0x2c, 0x28, 0xff, 0x30, 0x2c, 0x30, 0xff, 0x30, 0x2c, 0x30, 0xff,
    0x30, 0x2c, 0x28, 0xff, 0x28, 0x2c, 0x28, 0xff, 0x30, 0x2c, 0x30, 0xff,
    0x30, 0x2c, 0x28, 0xff, 0x30, 0x2c, 0x28, 0xff, 0x30, 0x2c, 0x30, 0xff,
    0x28, 0x2c, 0x28, 0xff, 0x30, 0x2c, 0x28, 0xff, 0x28, 0x2c, 0x28, 0xff,
    0x30, 0x2c, 0x30, 0xff, 0x30, 0x2c, 0x28, 0xff, 0x28, 0x2c, 0x28, 0xff,
    0x30, 0x2c, 0x30, 0xff, 0x30, 0x2c, 0x28, 0xff, 0x28, 0x2c, 0x28, 0xff,
    0x30, 0x28, 0x28, 0xff, 0x30, 0x2c, 0x28, 0xff, 0x30, 0x2c, 0x28, 0xff,
    0x28, 0x28, 0x28, 0xff, 0x28, 0x2c, 0x28, 0xff, 0x30, 0x2c, 0x28, 0xff,
    0x28, 0x28, 0x30, 0xff, 0x28, 0x2c, 0x28, 0xff, 0x30, 0x2c, 0x28, 0xff,
    0x28, 0x2c, 0x30, 0xff, 0x30, 0x28, 0x28, 0xff, 0x30, 0x2c, 0x28, 0xff,
    0x28, 0x28, 0x28, 0xff, 0x30, 0x2c, 0x30, 0xff, 0x30, 0x28, 0x28, 0xff,
    0x28, 0x28, 0x28, 0xff, 0x30, 0x2c, 0x28, 0xff, 0x30, 0x28, 0x28, 0xff,
    0x28, 0x2c, 0x28, 0xff, 0x28, 0x2c, 0x28, 0xff, 0x30, 0x28, 0x28, 0xff,
    0x28, 0x2c, 0x28, 0xff, 0x28, 0x28, 0x28, 0xff, 0x28, 0x28, 0x28, 0xff,
    0x30, 0x2c, 0x28, 0xff, 0x28, 0x28, 0x28, 0xff, 0x28, 0x28, 0x28, 0xff,
    0x30, 0x28, 0x28, 0xff, 0x28, 0x2c, 0x28, 0xff, 0x28, 0x28, 0x28, 0xff,
    0x30, 0x28, 0x28, 0xff, 0x28, 0x28, 0x28, 0xff, 0x28, 0x2c, 0x28, 0xff,
    0x28, 0x28, 0x28, 0xff, 0x30, 0x28, 0x28, 0xff, 0x28, 0x28, 0x28, 0xff,
    0x28, 0x28, 0x28, 0xff, 0x28, 0x28, 0x20, 0xff, 0x30, 0x28, 0x28, 0xff,
    0x28, 0x28, 0x28, 0xff, 0x30, 0x28, 0x28, 0xff, 0x28, 0x28, 0x28, 0xff,
    0x30, 0x28, 0x20, 0xff, 0x28, 0x28, 0x28, 0xff, 0x28, 0x28, 0x28, 0xff,
    0x28, 0x28, 0x20, 0xff, 0x28, 0x28, 0x28, 0xff, 0x28, 0x28, 0x28, 0xff,
    0x30, 0x28, 0x20, 0xff, 0x28, 0x24, 0x20, 0xff, 0x28, 0x28, 0x28, 0xff,
    0x30, 0x28, 0x28, 0xff, 0x28, 0x28, 0x28, 0xff, 0x28, 0x28, 0x28, 0xff,
    0x28, 0x28, 0x20, 0xff, 0x30, 0x28, 0x28, 0xff, 0x28, 0x24, 0x28, 0xff,
    0x28, 0x28, 0x20, 0xff, 0x28, 0x28, 0x28, 0xff, 0x28, 0x28, 0x28, 0xff,
    0x28, 0x24, 0x20, 0xff, 0x28, 0x28, 0x20, 0xff, 0x28, 0x28, 0x28, 0xff,
    0x28, 0x24, 0x28, 0xff, 0x28, 0x28, 0x20, 0xff, 0x28, 0x24, 0x28, 0xff,
    0x28, 0x24, 0x20, 0xff, 0x28, 0x28, 0x28, 0xff, 0x28, 0x28, 0x28, 0xff,
    0x28, 0x24, 0x20, 0xff, 0x28, 0x28, 0x28, 0xff, 0x28, 0x24, 0x28, 0xff,
    0x28, 0x24, 0x20, 0xff, 0x28, 0x28, 0x20, 0xff, 0x28, 0x24, 0x28, 0xff,
    0x28, 0x28, 0x28, 0xff, 0x28, 0x24, 0x20, 0xff, 0x28, 0x24, 0x28, 0xff,
    0x28, 0x24, 0x20, 0xff, 0x28, 0x24, 0x28, 0xff, 0x28, 0x24, 0x28, 0xff,
    0x20, 0x24, 0x20, 0xff, 0x28, 0x24, 0x20, 0xff, 0x28, 0x24, 0x28, 0xff,
    0x28, 0x24, 0x28, 0xff, 0x28, 0x28, 0x20, 0xff, 0x20, 0x24, 0x20, 0xff,
    0x28, 0x24, 0x28, 0xff, 0x28, 0x24, 0x20, 0xff, 0x28, 0x24, 0x20, 0xff,
    0x28, 0x24, 0x28, 0xff, 0x28, 0x24, 0x20, 0xff, 0x28, 0x24, 0x20, 0xff,
    0x28, 0x24, 0x28, 0xff, 0x20, 0x24, 0x20, 0xff, 0x28, 0x24, 0x28, 0xff,
    0x28, 0x24, 0x20, 0xff, 0x20, 0x24, 0x20, 0xff, 0x28, 0x24, 0x28, 0xff,
    0x28, 0x24, 0x20, 0xff, 0x20, 0x24, 0x20, 0xff, 0x28, 0x20, 0x28, 0xff,
    0x28, 0x24, 0x20, 0xff, 0x20, 0x24, 0x28, 0xff, 0x28, 0x20, 0x20, 0xff,
    0x28, 0x24, 0x20, 0xff, 0x20, 0x24, 0x20, 0xff, 0x28, 0x24, 0x20, 0xff,
    0x28, 0x24, 0x20, 0xff, 0x20, 0x20, 0x20, 0xff, 0x28, 0x24, 0x28, 0xff,
    0x28, 0x24, 0x20, 0xff, 0x20, 0x20, 0x20, 0xff, 0x28, 0x24, 0x20, 0xff,
    0x28, 0x24, 0x20, 0xff, 0x20, 0x20, 0x28, 0xff, 0x28, 0x24, 0x20, 0xff,
    0x20, 0x24, 0x20, 0xff, 0x28, 0x20, 0x20, 0xff, 0x20, 0x20, 0x20, 0xff,
    0x28, 0x24, 0x20, 0xff, 0x20, 0x20, 0x20, 0xff, 0x28, 0x24, 0x20, 0xff,
    0x20, 0x24, 0x20, 0xff, 0x28, 0x20, 0x20, 0xff, 0x28, 0x24, 0x20, 0xff,
    0x20, 0x20, 0x20, 0xff, 0x28, 0x24, 0x20, 0xff, 0x20, 0x20, 0x20, 0xff,
    0x20, 0x24, 0x20, 0xff, 0x28, 0x20, 0x20, 0xff, 0x20, 0x20, 0x20, 0xff,
    0x20, 0x24, 0x20, 0xff, 0x28, 0x20, 0x20, 0xff, 0x28, 0x20, 0x20, 0xff,
    0x20, 0x24, 0x20, 0xff, 0x20, 0x20, 0x20, 0xff, 0x28, 0x20, 0x20, 0xff,
    0x20, 0x20, 0x20, 0xff, 0x20, 0x24, 0x20, 0xff, 0x28, 0x20, 0x20, 0xff,
    0x20, 0x20, 0x20, 0xff, 0x20, 0x20, 0x18, 0xff, 0x28, 0x20, 0x20, 0xff,
    0x20, 0x20, 0x20, 0xff, 0x20, 0x20, 0x20, 0xff, 0x20, 0x20, 0x18, 0xff,
    0x28, 0x20, 0x20, 0xff, 0x20, 0x20, 0x20, 0xff, 0x20, 0x20, 0x18, 0xff,
    0x20, 0x20, 0x20, 0xff, 0x20, 0x20, 0x20, 0xff, 0x28, 0x20, 0x20, 0xff,
    0x20, 0x20, 0x20, 0xff, 0x20, 0x20, 0x20, 0xff, 0x28, 0x20, 0x18, 0xff,
    0x20, 0x20, 0x20, 0xff, 0x20, 0x20, 0x20, 0xff, 0x28, 0x20, 0x18, 0xff,
    0x20, 0x20, 0x18, 0xff, 0x20, 0x1c, 0x20, 0xff, 0x28, 0x20, 0x20, 0xff,
    0x20, 0x20, 0x18, 0xff, 0x20, 0x1c, 0x20, 0xff, 0x20, 0x20, 0x20, 0xff,
    0x20, 0x20, 0x20, 0xff, 0x20, 0x20, 0x20, 0xff, 0x20, 0x1c, 0x18, 0xff,
    0x20, 0x20, 0x20, 0xff, 0x20, 0x20, 0x20, 0xff, 0x20, 0x1c, 0x18, 0xff,
    0x20, 0x20, 0x20, 0xff, 0x20, 0x1c, 0x20, 0xff, 0x20, 0x20, 0x18, 0xff,
    0x28, 0x1c, 0x20, 0xff, 0x20, 0x20, 0x20, 0xff, 0x20, 0x1c, 0x18, 0xff,
    0x20, 0x1c, 0x20, 0xff, 0x20, 0x20, 0x20, 0xff, 0x20, 0x1c, 0x18, 0xff,
    0x20, 0x20, 0x20, 0xff, 0x20, 0x20, 0x18, 0xff, 0x20, 0x1c, 0x20, 0xff,
    0x20, 0x20, 0x20, 0xff, 0x20, 0x20, 0x18, 0xff, 0x20, 0x1c, 0x20, 0xff,
    0x20, 0x1c, 0x20, 0xff, 0x20, 0x20, 0x18, 0xff, 0x20, 0x1c, 0x20, 0xff,
    0x20, 0x1c, 0x20, 0xff, 0x20, 0x1c, 0x18, 0xff, 0x20, 0x20, 0x18, 0xff,
    0x20, 0x1c, 0x20, 0xff, 0x20, 0x1c, 0x18, 0xff, 0x20, 0x20, 0x20, 0xff,
    0x20, 0x1c, 0x18, 0xff, 0x20, 0x1c, 0x18, 0xff, 0x20, 0x1c, 0x20, 0xff,
    0x20, 0x1c, 0x18, 0xff, 0x20, 0x1c, 0x20, 0xff, 0x20, 0x20, 0x20, 0xff,
    0x20, 0x20, 0x18, 0xff, 0x20, 0x1c, 0x20, 0xff, 0x20, 0x1c, 0x18, 0xff,
    0x20, 0x1c, 0x18, 0xff, 0x20, 0x1c, 0x20, 0xff, 0x20, 0x1c, 0x18, 0xff,
    0x20, 0x1c, 0x20, 0xff, 0x20, 0x1c, 0x18, 0xff, 0x20, 0x1c, 0x18, 0xff,
    0x20, 0x1c, 0x20, 0xff, 0x20, 0x1c, 0x18, 0xff, 0x18, 0x1c, 0x18, 0xff,
    0x20, 0x1c, 0x20, 0xff, 0x20, 0x1c, 0x18, 0xff, 0x20, 0x1c, 0x18, 0xff,
    0x18, 0x1c, 0x18, 0xff, 0x20, 0x1c, 0x20, 0xff, 0x20, 0x1c, 0x18, 0xff,
    0x20, 0x1c, 0x18, 0xff, 0x20, 0x1c, 0x18, 0xff, 0x18, 0x1c, 0x20, 0xff,
    0x20, 0x1c, 0x18, 0xff, 0x20, 0x1c, 0x18, 0xff, 0x20, 0x1c, 0x20, 0xff,
    0x18, 0x1c, 0x18, 0xff, 0x20, 0x1c, 0x18, 0xff, 0x20, 0x1c, 0x20, 0xff,
    0x20, 0x18, 0x18, 0xff, 0x18, 0x1c, 0x18, 0xff, 0x20, 0x1c, 0x18, 0xff,
    0x20, 0x1c, 0x20, 0xff, 0x18, 0x1c, 0x18, 0xff, 0x20, 0x1c, 0x18, 0xff,
    0x20, 0x18, 0x20, 0xff, 0x20, 0x1c, 0x18, 0xff, 0x18, 0x1c, 0x18, 0xff,
    0x20, 0x18, 0x18, 0xff, 0x20, 0x1c, 0x20, 0xff, 0x18, 0x1c, 0x18, 0xff,
    0x20, 0x18, 0x18, 0xff, 0x20, 0x1c, 0x18, 0xff, 0x20, 0x1c, 0x18, 0xff,
    0x18, 0x18, 0x18, 0xff, 0x20, 0x18, 0x20, 0xff, 0x20, 0x1c, 0x18, 0xff,
    0x18, 0x18, 0x18, 0xff, 0x18, 0x1c, 0x18, 0xff, 0x20, 0x1c, 0x18, 0xff,
    0x20, 0x18, 0x18, 0xff, 0x18, 0x1c, 0x18, 0xff, 0x20, 0x1c, 0x18, 0xff,
    0x20, 0x18, 0x18, 0xff, 0x18, 0x1c, 0x20, 0xff, 0x20, 0x18, 0x18, 0xff,
    0x20, 0x1c, 0x18, 0xff, 0x18, 0x1c, 0x18, 0xff, 0x20, 0x18, 0x18, 0xff,
    0x18, 0x1c, 0x18, 0xff, 0x20, 0x18, 0x18, 0xff, 0x20, 0x18, 0x18, 0xff,
    0x18, 0x1c, 0x18, 0xff, 0x20, 0x1c, 0x18, 0xff, 0x18, 0x18, 0x18, 0xff,
    0x18, 0x18, 0x18, 0xff, 0x20, 0x1c, 0x18, 0xff, 0x18, 0x18, 0x18, 0xff,
    0x18, 0x1c, 0x18, 0xff, 0x20, 0x18, 0x18, 0xff, 0x18, 0x18, 0x18, 0xff,
    0x20, 0x18, 0x18, 0xff, 0x20, 0x18, 0x18, 0xff, 0x18, 0x18, 0x18, 0xff,
    0x18, 0x1c, 0x18, 0xff, 0x20, 0x18, 0x18, 0xff, 0x18, 0x18, 0x18, 0xff,
    0x18, 0x1c, 0x18, 0xff, 0x20, 0x18, 0x18, 0xff, 0x18, 0x18, 0x18, 0xff,
    0x18, 0x18, 0x18, 0xff, 0x20, 0x18, 0x18, 0xff, 0x18, 0x18, 0x18, 0xff,
    0x18, 0x1c, 0x18, 0xff, 0x20, 0x18, 0x18, 0xff, 0x18, 0x18, 0x18, 0xff,
    0x18, 0x18, 0x18, 0xff, 0x20, 0x18, 0x18, 0xff, 0x20, 0x1c, 0x18, 0xff,
    0x18, 0x18, 0x18, 0xff, 0x20, 0x1c, 0x18, 0xff, 0x18, 0x18, 0x18, 0xff,
    0x18, 0x1c, 0x18, 0xff, 0x20, 0x18, 0x18, 0xff, 0x18, 0x18, 0x18, 0xff,
    0x18, 0x18, 0x18, 0xff, 0x20, 0x1c, 0x18, 0xff, 0x20, 0x18, 0x18, 0xff,
    0x18, 0x18, 0x18, 0xff, 0x20, 0x18, 0x18, 0xff, 0x20, 0x1c, 0x18, 0xff,
    0x18, 0x18, 0x18, 0xff, 0x18, 0x18, 0x18, 0xff, 0x20, 0x1c, 0x18, 0xff,
    0x18, 0x18, 0x18, 0xff, 0x20, 0x18, 0x18, 0xff, 0x18, 0x18, 0x18, 0xff,
    0x20, 0x18, 0x18, 0xff, 0x20, 0x1c, 0x18, 0xff, 0x18, 0x18, 0x18, 0xff,
    0x20, 0x18, 0x18, 0xff, 0x18, 0x1c, 0x18, 0xff, 0x18, 0x18, 0x18, 0xff,
    0x20, 0x1c, 0x18, 0xff, 0x18, 0x18, 0x18, 0xff, 0x18, 0x18, 0x18, 0xff,
    0x20, 0x1c, 0x18, 0xff, 0x20, 0x18, 0x18, 0xff, 0x18, 0x18, 0x18, 0xff,
    0x20, 0x18, 0x18, 0xff, 0x18, 0x18, 0x18, 0xff, 0x18, 0x18, 0x18, 0xff,
    0x20, 0x18, 0x18, 0xff, 0x18, 0x18, 0x18, 0xff, 0x18, 0x18, 0x18, 0xff,
    0x20, 0x1c, 0x18, 0xff, 0x20, 0x18, 0x18, 0xff, 0x18, 0x18, 0x18, 0xff,
    0x20, 0x18, 0x18, 0xff, 0x18, 0x18, 0x18, 0xff, 0x20, 0x18, 0x18, 0xff,
    0x18, 0x18, 0x18, 0xff, 0x20, 0x18, 0x18, 0xff, 0x18, 0x18, 0x18, 0xff,
    0x20, 0x1c, 0x18, 0xff, 0x18, 0x18, 0x18, 0xff, 0x20, 0x1c, 0x18, 0xff,
    0x18, 0x18, 0x18, 0xff, 0x18, 0x1c, 0x18, 0xff, 0x20, 0x18, 0x18, 0xff,
    0x20, 0x18, 0x18, 0xff, 0x18, 0x1c, 0x18, 0xff, 0x20, 0x18, 0x18, 0xff,
    0x20, 0x18, 0x18, 0xff, 0x18, 0x18, 0x18, 0xff, 0x20, 0x18, 0x18, 0xff,
    0x20, 0x18, 0x18, 0xff, 0x18, 0x18, 0x18, 0xff, 0x20, 0x18, 0x18, 0xff,
    0x20, 0x1c, 0x18, 0xff, 0x18, 0x18, 0x18, 0xff, 0x18, 0x18, 0x18, 0xff,
    0x20, 0x18, 0x18, 0xff, 0x18, 0x18, 0x18, 0xff, 0x18, 0x18, 0x18, 0xff,
    0x20, 0x18, 0x18, 0xff, 0x18, 0x18, 0x18, 0xff, 0x18, 0x18, 0x18, 0xff,
    0x20, 0x1c, 0x18, 0xff, 0x20, 0x18, 0x18, 0xff, 0x18, 0x1c, 0x18, 0xff,
    0x20, 0x18, 0x18, 0xff, 0x18, 0x1c, 0x18, 0xff, 0x20, 0x18, 0x18, 0xff,
    0x18, 0x1c, 0x18, 0xff, 0x20, 0x18, 0x18, 0xff, 0x18, 0x18, 0x18, 0xff,
    0x20, 0x18, 0x18, 0xff, 0x18, 0x18, 0x18, 0xff, 0x18, 0x18, 0x18, 0xff,
    0x20, 0x18, 0x18, 0xff, 0x20, 0x18, 0x18, 0xff, 0x18, 0x18, 0x18, 0xff,
    0x20, 0x1c, 0x18, 0xff, 0x20, 0x18, 0x18, 0xff, 0x18, 0x18, 0x18, 0xff,
    0x20, 0x18, 0x18, 0xff, 0x18, 0x1c, 0x18, 0xff, 0x20, 0x18, 0x18, 0xff,
    0x18, 0x18, 0x18, 0xff, 0x20, 0x1c, 0x18, 0xff, 0x20, 0x18, 0x18, 0xff,
    0x18, 0x18, 0x18, 0xff, 0x20, 0x1c, 0x18, 0xff, 0x70, 0x70, 0x70, 0x9e,
    0xf8, 0xfc, 0xf8, 0x00, 0x70, 0x6c, 0x68, 0xcf, 0x30, 0x30, 0x30, 0xff,
    0x30, 0x30, 0x30, 0xff, 0x38, 0x34, 0x30, 0xff, 0x30, 0x30, 0x30, 0xff,
    0x30, 0x30, 0x30, 0xff, 0x30, 0x30, 0x30, 0xff, 0x30, 0x30, 0x30, 0xff,
    0x30, 0x30, 0x30, 0xff, 0x30, 0x30, 0x30, 0xff, 0x30, 0x30, 0x30, 0xff,
    0x38, 0x30, 0x30, 0xff, 0x30, 0x30, 0x30, 0xff, 0x30, 0x30, 0x30, 0xff,
    0x30, 0x30, 0x28, 0xff, 0x30, 0x30, 0x30, 0xff, 0x38, 0x30, 0x30, 0xff,
    0x30, 0x30, 0x30, 0xff, 0x30, 0x2c, 0x28, 0xff, 0x30, 0x30, 0x30, 0xff,
    0x30, 0x2c, 0x30, 0xff, 0x30, 0x30, 0x30, 0xff, 0x30, 0x30, 0x30, 0xff,
    0x30, 0x2c, 0x30, 0xff, 0x30, 0x30, 0x30, 0xff, 0x30, 0x30, 0x30, 0xff,
    0x30, 0x30, 0x30, 0xff, 0x30, 0x30, 0x30, 0xff, 0x30, 0x30, 0x30, 0xff,
    0x30, 0x2c, 0x28, 0xff, 0x30, 0x30, 0x30, 0xff, 0x30, 0x30, 0x28, 0xff,
    0x30, 0x2c, 0x30, 0xff, 0x30, 0x30, 0x28, 0xff, 0x30, 0x30, 0x30, 0xff,
    0x30, 0x30, 0x28, 0xff, 0x30, 0x2c, 0x30, 0xff, 0x30, 0x30, 0x28, 0xff,
    0x30, 0x30, 0x30, 0xff, 0x30, 0x2c, 0x30, 0xff, 0x30, 0x30, 0x30, 0xff,
    0x30, 0x2c, 0x28, 0xff, 0x30, 0x2c, 0x30, 0xff, 0x30, 0x2c, 0x28, 0xff,
    0x30, 0x2c, 0x28, 0xff, 0x30, 0x30, 0x30, 0xff, 0x28, 0x2c, 0x28, 0xff,
    0x30, 0x30, 0x28, 0xff, 0x30, 0x30, 0x30, 0xff, 0x28, 0x2c, 0x28, 0xff,
    0x30, 0x30, 0x30, 0xff, 0x30, 0x2c, 0x30, 0xff, 0x30, 0x2c, 0x28, 0xff,
    0x30, 0x2c, 0x30, 0xff, 0x28, 0x2c, 0x28, 0xff, 0x30, 0x2c, 0x30, 0xff,
    0x30, 0x2c, 0x28, 0xff, 0x28, 0x2c, 0x30, 0xff, 0x30, 0x2c, 0x28, 0xff,
    0x30, 0x2c, 0x28, 0xff, 0x28, 0x2c, 0x30, 0xff, 0x30, 0x2c, 0x28, 0xff,
    0x28, 0x2c, 0x28, 0xff, 0x30, 0x2c, 0x30, 0xff, 0x30, 0x2c, 0x28, 0xff,
    0x28, 0x2c, 0x28, 0xff, 0x30, 0x2c, 0x30, 0xff, 0x30, 0x28, 0x28, 0xff,
    0x30, 0x2c, 0x28, 0xff, 0x30, 0x2c, 0x30, 0xff, 0x28, 0x2c, 0x28, 0xff,
    0x30, 0x2c, 0x28, 0xff, 0x28, 0x2c, 0x28, 0xff, 0x30, 0x2c, 0x28, 0xff,
    0x28, 0x2c, 0x28, 0xff, 0x28, 0x28, 0x28, 0xff, 0x30, 0x28, 0x28, 0xff,
    0x28, 0x2c, 0x28, 0xff, 0x28, 0x28, 0x28, 0xff, 0x30, 0x2c, 0x28, 0xff,
    0x28, 0x2c, 0x28, 0xff, 0x28, 0x28, 0x28, 0xff, 0x30, 0x2c, 0x30, 0xff,
    0x28, 0x28, 0x28, 0xff, 0x28, 0x28, 0x28, 0xff, 0x30, 0x2c, 0x28, 0xff,
    0x28, 0x2c, 0x28, 0xff, 0x28, 0x28, 0x28, 0xff, 0x30, 0x28, 0x28, 0xff,
    0x28, 0x28, 0x28, 0xff, 0x30, 0x2c, 0x28, 0xff, 0x28, 0x28, 0x28, 0xff,
    0x28, 0x28, 0x28, 0xff, 0x30, 0x2c, 0x28, 0xff, 0x28, 0x28, 0x28, 0xff,
    0x28, 0x28, 0x28, 0xff, 0x30, 0x28, 0x28, 0xff, 0x28, 0x2c, 0x28, 0xff,
    0x28, 0x28, 0x28, 0xff, 0x28, 0x28, 0x28, 0xff, 0x28, 0x2c, 0x28, 0xff,
    0x30, 0x28, 0x28, 0xff, 0x28, 0x28, 0x28, 0xff, 0x28, 0x28, 0x28, 0xff,
    0x28, 0x28, 0x28, 0xff, 0x30, 0x28, 0x28, 0xff, 0x28, 0x28, 0x28, 0xff,
    0x28, 0x28, 0x28, 0xff, 0x28, 0x28, 0x28, 0xff, 0x30, 0x28, 0x28, 0xff,
    0x28, 0x28, 0x28, 0xff, 0x28, 0x28, 0x28, 0xff, 0x30, 0x28, 0x28, 0xff,
    0x28, 0x28, 0x28, 0xff, 0x28, 0x28, 0x28, 0xff, 0x28, 0x28, 0x28, 0xff,
    0x28, 0x24, 0x20, 0xff, 0x28, 0x28, 0x20, 0xff, 0x28, 0x24, 0x28, 0xff,
    0x28, 0x28, 0x28, 0xff, 0x28, 0x28, 0x28, 0xff, 0x28, 0x24, 0x20, 0xff,
    0x28, 0x28, 0x28, 0xff, 0x28, 0x28, 0x28, 0xff, 0x28, 0x28, 0x20, 0xff,
    0x28, 0x28, 0x28, 0xff, 0x28, 0x24, 0x28, 0xff, 0x28, 0x24, 0x20, 0xff,
    0x28, 0x28, 0x28, 0xff, 0x28, 0x28, 0x28, 0xff, 0x28, 0x28, 0x20, 0xff,
    0x28, 0x28, 0x28, 0xff, 0x28, 0x24, 0x28, 0xff, 0x28, 0x24, 0x20, 0xff,
    0x28, 0x28, 0x28, 0xff, 0x28, 0x24, 0x28, 0xff, 0x28, 0x28, 0x20, 0xff,
    0x28, 0x28, 0x28, 0xff, 0x28, 0x24, 0x20, 0xff, 0x20, 0x24, 0x20, 0xff,
    0x28, 0x24, 0x28, 0xff, 0x28, 0x24, 0x20, 0xff, 0x28, 0x28, 0x20, 0xff,
    0x20, 0x24, 0x28, 0xff, 0x28, 0x24, 0x28, 0xff, 0x28, 0x28, 0x20, 0xff,
    0x28, 0x24, 0x28, 0xff, 0x28, 0x28, 0x28, 0xff, 0x28, 0x24, 0x20, 0xff,
    0x28, 0x24, 0x20, 0xff, 0x28, 0x24, 0x28, 0xff, 0x28, 0x24, 0x28, 0xff,
    0x20, 0x24, 0x20, 0xff, 0x28, 0x24, 0x20, 0xff, 0x28, 0x24, 0x28, 0xff,
    0x20, 0x24, 0x20, 0xff, 0x28, 0x24, 0x20, 0xff, 0x20, 0x24, 0x28, 0xff,
    0x28, 0x24, 0x20, 0xff, 0x28, 0x24, 0x20, 0xff, 0x28, 0x24, 0x28, 0xff,
    0x28, 0x24, 0x20, 0xff, 0x28, 0x24, 0x20, 0xff, 0x20, 0x24, 0x28, 0xff,
    0x28, 0x24, 0x20, 0xff, 0x28, 0x24, 0x20, 0xff, 0x28, 0x24, 0x28, 0xff,
    0x20, 0x24, 0x20, 0xff, 0x28, 0x24, 0x20, 0xff, 0x20, 0x20, 0x28, 0xff,
    0x28, 0x24, 0x20, 0xff, 0x28, 0x24, 0x28, 0xff, 0x20, 0x20, 0x28, 0xff,
    0x28, 0x24, 0x20, 0xff, 0x28, 0x24, 0x20, 0xff, 0x20, 0x24, 0x28, 0xff,
    0x28, 0x24, 0x20, 0xff, 0x20, 0x24, 0x20, 0xff, 0x28, 0x20, 0x20, 0xff,
    0x28, 0x20, 0x28, 0xff, 0x20, 0x24, 0x20, 0xff, 0x20, 0x20, 0x20, 0xff,
    0x28, 0x20, 0x20, 0xff, 0x20, 0x24, 0x20, 0xff, 0x20, 0x24, 0x28, 0xff,
    0x28, 0x20, 0x20, 0xff, 0x20, 0x24, 0x20, 0xff, 0x28, 0x20, 0x28, 0xff,
    0x20, 0x20, 0x20, 0xff, 0x20, 0x24, 0x20, 0xff, 0x28, 0x24, 0x20, 0xff,
    0x20, 0x20, 0x20, 0xff, 0x28, 0x20, 0x20, 0xff, 0x28, 0x20, 0x20, 0xff,
    0x20, 0x20, 0x20, 0xff, 0x28, 0x24, 0x20, 0xff, 0x20, 0x20, 0x20, 0xff,
    0x20, 0x20, 0x20, 0xff, 0x20, 0x20, 0x20, 0xff, 0x28, 0x20, 0x20, 0xff,
    0x20, 0x20, 0x20, 0xff, 0x20, 0x20, 0x20, 0xff, 0x28, 0x24, 0x20, 0xff,
    0x20, 0x20, 0x20, 0xff, 0x20, 0x20, 0x20, 0xff, 0x28, 0x20, 0x20, 0xff,
    0x28, 0x20, 0x20, 0xff, 0x20, 0x20, 0x20, 0xff, 0x20, 0x20, 0x20, 0xff,
    0x28, 0x20, 0x20, 0xff, 0x20, 0x20, 0x20, 0xff, 0x28, 0x20, 0x20, 0xff,
    0x20, 0x20, 0x20, 0xff, 0x20, 0x20, 0x20, 0xff, 0x20, 0x20, 0x20, 0xff,
    0x28, 0x20, 0x20, 0xff, 0x20, 0x20, 0x20, 0xff, 0x20, 0x20, 0x20, 0xff,
    0x20, 0x20, 0x18, 0xff, 0x20, 0x20, 0x20, 0xff, 0x20, 0x20, 0x20, 0xff,
    0x20, 0x1c, 0x20, 0xff, 0x20, 0x20, 0x20, 0xff, 0x20, 0x1c, 0x20, 0xff,
    0x28, 0x20, 0x20, 0xff, 0x20, 0x20, 0x20, 0xff, 0x20, 0x20, 0x20, 0xff,
    0x20, 0x20, 0x20, 0xff, 0x20, 0x20, 0x20, 0xff, 0x20, 0x1c, 0x18, 0xff,
    0x28, 0x20, 0x20, 0xff, 0x20, 0x20, 0x20, 0xff, 0x20, 0x1c, 0x20, 0xff,
    0x20, 0x20, 0x20, 0xff, 0x28, 0x20, 0x20, 0xff, 0x20, 0x20, 0x20, 0xff,
    0x20, 0x1c, 0x18, 0xff, 0x20, 0x20, 0x20, 0xff, 0x20, 0x20, 0x20, 0xff,
    0x20, 0x1c, 0x18, 0xff, 0x20, 0x20, 0x20, 0xff, 0x20, 0x1c, 0x20, 0xff,
    0x20, 0x20, 0x18, 0xff, 0x20, 0x20, 0x20, 0xff, 0x20, 0x1c, 0x20, 0xff,
    0x20, 0x1c, 0x18, 0xff, 0x20, 0x1c, 0x20, 0xff, 0x20, 0x20, 0x20, 0xff,
    0x20, 0x1c, 0x18, 0xff, 0x20, 0x20, 0x20, 0xff, 0x20, 0x1c, 0x18, 0xff,
    0x20, 0x20, 0x20, 0xff, 0x20, 0x1c, 0x18, 0xff, 0x20, 0x1c, 0x18, 0xff,
    0x20, 0x20, 0x20, 0xff, 0x20, 0x1c, 0x18, 0xff, 0x20, 0x1c, 0x20, 0xff,
    0x20, 0x1c, 0x20, 0xff, 0x20, 0x20, 0x18, 0xff, 0x20, 0x1c, 0x20, 0xff,
    0x20, 0x1c, 0x20, 0xff, 0x20, 0x1c, 0x20, 0xff, 0x20, 0x20, 0x18, 0xff,
    0x20, 0x1c, 0x18, 0xff, 0x20, 0x1c, 0x20, 0xff, 0x20, 0x1c, 0x18, 0xff,
    0x20, 0x1c, 0x20, 0xff, 0x18, 0x1c, 0x18, 0xff, 0x20, 0x1c, 0x20, 0xff,
    0x20, 0x1c, 0x18, 0xff, 0x20, 0x1c, 0x18, 0xff, 0x20, 0x1c, 0x20, 0xff,
    0x20, 0x1c, 0x18, 0xff, 0x18, 0x1c, 0x18, 0xff, 0x20, 0x1c, 0x20, 0xff,
    0x20, 0x1c, 0x18, 0xff, 0x20, 0x1c, 0x20, 0xff, 0x20, 0x1c, 0x18, 0xff,
    0x20, 0x1c, 0x20, 0xff, 0x20, 0x1c, 0x18, 0xff, 0x20, 0x1c, 0x20, 0xff,
    0x20, 0x1c, 0x18, 0xff, 0x20, 0x1c, 0x20, 0xff, 0x18, 0x1c, 0x18, 0xff,
    0x20, 0x1c, 0x20, 0xff, 0x20, 0x1c, 0x18, 0xff, 0x18, 0x18, 0x18, 0xff,
    0x20, 0x1c, 0x20, 0xff, 0x20, 0x18, 0x18, 0xff, 0x18, 0x18, 0x18, 0xff,
    0x20, 0x1c, 0x20, 0xff, 0x20, 0x18, 0x18, 0xff, 0x18, 0x1c, 0x18, 0xff,
    0x20, 0x1c, 0x18, 0xff, 0x20, 0x1c, 0x18, 0xff, 0x20, 0x18, 0x18, 0xff,
    0x20, 0x1c, 0x20, 0xff, 0x20, 0x1c, 0x18, 0xff, 0x20, 0x18, 0x18, 0xff,
    0x20, 0x1c, 0x20, 0xff, 0x18, 0x1c, 0x18, 0xff, 0x20, 0x1c, 0x18, 0xff,
    0x20, 0x1c, 0x18, 0xff, 0x18, 0x18, 0x18, 0xff, 0x20, 0x1c, 0x18, 0xff,
    0x18, 0x1c, 0x20, 0xff, 0x20, 0x18, 0x18, 0xff, 0x18, 0x1c, 0x18, 0xff,
    0x20, 0x18, 0x18, 0xff, 0x20, 0x1c, 0x18, 0xff, 0x18, 0x1c, 0x18, 0xff,
    0x20, 0x18, 0x18, 0xff, 0x20, 0x18, 0x18, 0xff, 0x20, 0x1c, 0x18, 0xff,
    0x18, 0x18, 0x18, 0xff, 0x20, 0x18, 0x18, 0xff, 0x20, 0x1c, 0x18, 0xff,
    0x18, 0x18, 0x18, 0xff, 0x20, 0x1c, 0x18, 0xff, 0x20, 0x18, 0x18, 0xff,
    0x18, 0x18, 0x18, 0xff, 0x20, 0x1c, 0x20, 0xff, 0x20, 0x18, 0x18, 0xff,
    0x18, 0x1c, 0x18, 0xff, 0x20, 0x1c, 0x20, 0xff, 0x20, 0x18, 0x18, 0xff,
    0x18, 0x18, 0x18, 0xff, 0x20, 0x1c, 0x18, 0xff, 0x20, 0x1c, 0x18, 0xff,
    0x20, 0x18, 0x18, 0xff, 0x18, 0x18, 0x18, 0xff, 0x20, 0x18, 0x18, 0xff,
    0x20, 0x18, 0x18, 0xff, 0x18, 0x18, 0x18, 0xff, 0x18, 0x1c, 0x18, 0xff,
    0x20, 0x18, 0x18, 0xff, 0x18, 0x18, 0x18, 0xff, 0x20, 0x1c, 0x18, 0xff,
    0x20, 0x18, 0x18, 0xff, 0x18, 0x18, 0x18, 0xff, 0x20, 0x18, 0x18, 0xff,
    0x18, 0x18, 0x18, 0xff, 0x20, 0x18, 0x18, 0xff, 0x20, 0x18, 0x18, 0xff,
    0x18, 0x1c, 0x18, 0xff, 0x20, 0x18, 0x18, 0xff, 0x20, 0x18, 0x18, 0xff,
    0x18, 0x1c, 0x18, 0xff, 0x20, 0x18, 0x18, 0xff, 0x20, 0x18, 0x18, 0xff,
    0x18, 0x1c, 0x18, 0xff, 0x18, 0x18, 0x18, 0xff, 0x20, 0x18, 0x18, 0xff,
    0x18, 0x18, 0x18, 0xff, 0x20, 0x1c, 0x18, 0xff, 0x20, 0x18, 0x18, 0xff,
    0x18, 0x18, 0x18, 0xff, 0x20, 0x18, 0x18, 0xff, 0x20, 0x1c, 0x18, 0xff,
    0x18, 0x18, 0x18, 0xff, 0x18, 0x18, 0x18, 0xff, 0x20, 0x1c, 0x18, 0xff,
    0x18, 0x18, 0x18, 0xff, 0x18, 0x18, 0x18, 0xff, 0x20, 0x1c, 0x18, 0xff,
    0x20, 0x18, 0x18, 0xff, 0x18, 0x18, 0x18, 0xff, 0x20, 0x18, 0x18, 0xff,
    0x20, 0x1c, 0x18, 0xff, 0x18, 0x18, 0x18, 0xff, 0x18, 0x18, 0x18, 0xff,
    0x20, 0x1c, 0x18, 0xff, 0x18, 0x18, 0x18, 0xff, 0x18, 0x18, 0x18, 0xff,
    0x20, 0x18, 0x18, 0xff, 0x20, 0x18, 0x18, 0xff, 0x18, 0x18, 0x18, 0xff,
    0x20, 0x1c, 0x18, 0xff, 0x20, 0x18, 0x18, 0xff, 0x18, 0x18, 0x18, 0xff,
    0x18, 0x1c, 0x18, 0xff, 0x20, 0x18, 0x18, 0xff, 0x18, 0x18, 0x18, 0xff,
    0x20, 0x1c, 0x18, 0xff, 0x20, 0x1c, 0x18, 0xff, 0x18, 0x18, 0x18, 0xff,
    0x20, 0x18, 0x18, 0xff, 0x20, 0x1c, 0x18, 0xff, 0x18, 0x18, 0x18, 0xff,
    0x18, 0x18, 0x18, 0xff, 0x20, 0x18, 0x18, 0xff, 0x18, 0x1c, 0x18, 0xff,
    0x20, 0x18, 0x18, 0xff, 0x20, 0x18, 0x18, 0xff, 0x18, 0x1c, 0x18, 0xff,
    0x20, 0x18, 0x18, 0xff, 0x18, 0x18, 0x18, 0xff, 0x18, 0x18, 0x18, 0xff,
    0x20, 0x18, 0x18, 0xff, 0x18, 0x18, 0x18, 0xff, 0x20, 0x18, 0x18, 0xff,
    0x20, 0x18, 0x18, 0xff, 0x18, 0x1c, 0x18, 0xff, 0x20, 0x18, 0x18, 0xff,
    0x18, 0x18, 0x18, 0xff, 0x20, 0x18, 0x18, 0xff, 0x18, 0x18, 0x18, 0xff,
    0x18, 0x1c, 0x18, 0xff, 0x20, 0x18, 0x18, 0xff, 0x18, 0x1c, 0x18, 0xff,
    0x18, 0x18, 0x18, 0xff, 0x20, 0x18, 0x18, 0xff, 0x18, 0x18, 0x18, 0xff,
    0x18, 0x18, 0x18, 0xff, 0x20, 0x18, 0x18, 0xff, 0x18, 0x1c, 0x18, 0xff,
    0x20, 0x18, 0x18, 0xff, 0x20, 0x18, 0x18, 0xff, 0x18, 0x1c, 0x18, 0xff,
    0x20, 0x18, 0x18, 0xff, 0x20, 0x18, 0x18, 0xff, 0x18, 0x18, 0x18, 0xff,
    0x18, 0x18, 0x18, 0xff, 0x20, 0x18, 0x18, 0xff, 0x18, 0x18, 0x18, 0xff,
    0x20, 0x18, 0x18, 0xff, 0x18, 0x1c, 0x18, 0xff, 0x20, 0x18, 0x18, 0xff,
    0x18, 0x18, 0x18, 0xff, 0x20, 0x18, 0x18, 0xff, 0x20, 0x1c, 0x18, 0xff,
    0x18, 0x18, 0x18, 0xff, 0x20, 0x18, 0x18, 0xff, 0x18, 0x1c, 0x18, 0xff,
    0x18, 0x18, 0x18, 0xff, 0x20, 0x1c, 0x18, 0xff, 0x18, 0x18, 0x18, 0xff,
    0x18, 0x18, 0x18, 0xff, 0x20, 0x18, 0x18, 0xff, 0x18, 0x1c, 0x18, 0xff,
    0x20, 0x18, 0x18, 0xff, 0x18, 0x18, 0x18, 0xff, 0x20, 0x18, 0x18, 0xff,
    0x18, 0x18, 0x18, 0xff, 0x20, 0x18, 0x18, 0xff, 0x18, 0x18, 0x18, 0xff,
    0x20, 0x18, 0x18, 0xff, 0x18, 0x18, 0x18, 0xff, 0x20, 0x18, 0x18, 0xff,
    0x70, 0x70, 0x70, 0x9e, 0xf8, 0xfc, 0xf8, 0x00, 0x70, 0x6c, 0x68, 0xcf,
    0x30, 0x30, 0x30, 0xff, 0x30, 0x34, 0x30, 0xff, 0x38, 0x30, 0x30, 0xff,
    0x30, 0x30, 0x30, 0xff, 0x30, 0x30, 0x30, 0xff, 0x38, 0x30, 0x30, 0xff,
    0x30, 0x30, 0x30, 0xff, 0x30, 0x30, 0x28, 0xff, 0x30, 0x30, 0x30, 0xff,
    0x30, 0x30, 0x30, 0xff, 0x30, 0x30, 0x30, 0xff, 0x30, 0x30, 0x30, 0xff,
    0x30, 0x30, 0x30, 0xff, 0x38, 0x30, 0x30, 0xff, 0x30, 0x30, 0x30, 0xff,
    0x30, 0x30, 0x30, 0xff, 0x30, 0x30, 0x30, 0xff, 0x30, 0x30, 0x28, 0xff,
    0x38, 0x30, 0x30, 0xff, 0x30, 0x2c, 0x28, 0xff, 0x30, 0x30, 0x28, 0xff,
    0x30, 0x30, 0x30, 0xff, 0x30, 0x2c, 0x28, 0xff, 0x30, 0x30, 0x30, 0xff,
    0x30, 0x30, 0x30, 0xff, 0x30, 0x2c, 0x28, 0xff, 0x30, 0x30, 0x30, 0xff,
    0x30, 0x30, 0x30, 0xff, 0x30, 0x2c, 0x28, 0xff, 0x30, 0x2c, 0x30, 0xff,
    0x30, 0x30, 0x30, 0xff, 0x30, 0x2c, 0x28, 0xff, 0x30, 0x2c, 0x30, 0xff,
    0x30, 0x30, 0x30, 0xff, 0x28, 0x2c, 0x30, 0xff, 0x30, 0x2c, 0x28, 0xff,
    0x30, 0x30, 0x30, 0xff, 0x28, 0x2c, 0x28, 0xff, 0x30, 0x30, 0x30, 0xff,
    0x30, 0x30, 0x30, 0xff, 0x28, 0x2c, 0x28, 0xff, 0x30, 0x30, 0x30, 0xff,
    0x30, 0x2c, 0x30, 0xff, 0x30, 0x2c, 0x28, 0xff, 0x30, 0x2c, 0x30, 0xff,
    0x30, 0x2c, 0x30, 0xff, 0x30, 0x2c, 0x28, 0xff, 0x30, 0x2c, 0x30, 0xff,
    0x28, 0x2c, 0x28, 0xff, 0x30, 0x2c, 0x28, 0xff, 0x30, 0x30, 0x30, 0xff,
    0x28, 0x2c, 0x28, 0xff, 0x30, 0x2c, 0x28, 0xff, 0x30, 0x2c, 0x30, 0xff,
    0x28, 0x2c, 0x28, 0xff, 0x30, 0x2c, 0x28, 0xff, 0x30, 0x2c, 0x30, 0xff,
    0x28, 0x2c, 0x30, 0xff, 0x30, 0x2c, 0x28, 0xff, 0x30, 0x2c, 0x28, 0xff,
    0x28, 0x2c, 0x30, 0xff, 0x30, 0x2c, 0x28, 0xff, 0x30, 0x2c, 0x28, 0xff,
    0x28, 0x2c, 0x28, 0xff, 0x30, 0x28, 0x30, 0xff, 0x28, 0x2c, 0x28, 0xff,
    0x28, 0x2c, 0x28, 0xff, 0x30, 0x2c, 0x30, 0xff, 0x30, 0x28, 0x28, 0xff,
    0x28, 0x2c, 0x30, 0xff, 0x30, 0x28, 0x28, 0xff, 0x30, 0x2c, 0x28, 0xff,
    0x28, 0x2c, 0x30, 0xff, 0x30, 0x28, 0x28, 0xff, 0x30, 0x2c, 0x28, 0xff,
    0x28, 0x2c, 0x28, 0xff, 0x30, 0x28, 0x30, 0xff, 0x28, 0x28, 0x28, 0xff,
    0x30, 0x2c, 0x28, 0xff, 0x30, 0x28, 0x28, 0xff, 0x28, 0x2c, 0x28, 0xff,
    0x30, 0x2c, 0x28, 0xff, 0x30, 0x28, 0x28, 0xff, 0x28, 0x2c, 0x28, 0xff,
    0x28, 0x28, 0x30, 0xff, 0x30, 0x2c, 0x28, 0xff, 0x28, 0x2c, 0x28, 0xff,
    0x30, 0x28, 0x28, 0xff, 0x28, 0x28, 0x28, 0xff, 0x28, 0x28, 0x28, 0xff,
    0x30, 0x28, 0x28, 0xff, 0x28, 0x2c, 0x28, 0xff, 0x30, 0x28, 0x28, 0xff,
    0x28, 0x28, 0x28, 0xff, 0x28, 0x28, 0x28, 0xff, 0x30, 0x2c, 0x28, 0xff,
    0x28, 0x28, 0x28, 0xff, 0x28, 0x28, 0x28, 0xff, 0x30, 0x28, 0x28, 0xff,
    0x28, 0x28, 0x28, 0xff, 0x28, 0x28, 0x28, 0xff, 0x30, 0x28, 0x28, 0xff,
    0x28, 0x28, 0x28, 0xff, 0x28, 0x28, 0x28, 0xff, 0x28, 0x28, 0x20, 0xff,
    0x28, 0x28, 0x28, 0xff, 0x28, 0x28, 0x28, 0xff, 0x28, 0x28, 0x28, 0xff,
    0x30, 0x28, 0x28, 0xff, 0x28, 0x28, 0x28, 0xff, 0x28, 0x28, 0x28, 0xff,
    0x28, 0x28, 0x28, 0xff, 0x28, 0x28, 0x20, 0xff, 0x28, 0x24, 0x28, 0xff,
    0x28, 0x28, 0x28, 0xff, 0x28, 0x28, 0x28, 0xff, 0x28, 0x28, 0x28, 0xff,
    0x30, 0x28, 0x20, 0xff, 0x28, 0x24, 0x28, 0xff, 0x28, 0x28, 0x28, 0xff,
    0x28, 0x28, 0x28, 0xff, 0x28, 0x28, 0x28, 0xff, 0x30, 0x24, 0x28, 0xff,
    0x28, 0x28, 0x20, 0xff, 0x28, 0x28, 0x28, 0xff, 0x28, 0x24, 0x28, 0xff,
    0x28, 0x28, 0x20, 0xff, 0x28, 0x24, 0x28, 0xff, 0x28, 0x24, 0x20, 0xff,
    0x28, 0x24, 0x28, 0xff, 0x28, 0x28, 0x28, 0xff, 0x28, 0x28, 0x20, 0xff,
    0x28, 0x24, 0x28, 0xff, 0x28, 0x28, 0x20, 0xff, 0x28, 0x24, 0x28, 0xff,
    0x28, 0x24, 0x28, 0xff, 0x28, 0x28, 0x28, 0xff, 0x28, 0x24, 0x20, 0xff,
    0x28, 0x24, 0x28, 0xff, 0x28, 0x24, 0x28, 0xff, 0x28, 0x24, 0x20, 0xff,
    0x28, 0x28, 0x28, 0xff, 0x28, 0x24, 0x20, 0xff, 0x28, 0x24, 0x20, 0xff,
    0x28, 0x28, 0x20, 0xff, 0x20, 0x24, 0x20, 0xff, 0x28, 0x24, 0x28, 0xff,
    0x28, 0x28, 0x28, 0xff, 0x20, 0x28, 0x20, 0xff, 0x28, 0x24, 0x20, 0xff,
    0x28, 0x24, 0x28, 0xff, 0x28, 0x24, 0x20, 0xff, 0x28, 0x24, 0x20, 0xff,
    0x28, 0x24, 0x28, 0xff, 0x28, 0x24, 0x20, 0xff, 0x20, 0x24, 0x20, 0xff,
    0x28, 0x24, 0x28, 0xff, 0x28, 0x24, 0x20, 0xff, 0x20, 0x24, 0x20, 0xff,
    0x28, 0x24, 0x28, 0xff, 0x28, 0x24, 0x20, 0xff, 0x20, 0x24, 0x20, 0xff,
    0x28, 0x24, 0x28, 0xff, 0x28, 0x24, 0x20, 0xff, 0x28, 0x20, 0x20, 0xff,
    0x20, 0x24, 0x20, 0xff, 0x28, 0x24, 0x20, 0xff, 0x28, 0x20, 0x20, 0xff,
    0x20, 0x24, 0x20, 0xff, 0x28, 0x24, 0x20, 0xff, 0x20, 0x24, 0x20, 0xff,
    0x28, 0x20, 0x20, 0xff, 0x20, 0x24, 0x20, 0xff, 0x28, 0x20, 0x28, 0xff,
    0x28, 0x24, 0x20, 0xff, 0x20, 0x24, 0x20, 0xff, 0x28, 0x24, 0x20, 0xff,
    0x28, 0x20, 0x20, 0xff, 0x20, 0x20, 0x20, 0xff, 0x28, 0x24, 0x20, 0xff,
    0x28, 0x24, 0x20, 0xff, 0x20, 0x20, 0x20, 0xff, 0x28, 0x20, 0x20, 0xff,
    0x28, 0x24, 0x20, 0xff, 0x20, 0x24, 0x20, 0xff, 0x28, 0x20, 0x20, 0xff,
    0x28, 0x24, 0x20, 0xff, 0x20, 0x20, 0x20, 0xff, 0x28, 0x20, 0x28, 0xff,
    0x20, 0x24, 0x20, 0xff, 0x20, 0x24, 0x20, 0xff, 0x28, 0x20, 0x20, 0xff,
    0x20, 0x20, 0x20, 0xff, 0x28, 0x20, 0x20, 0xff, 0x28, 0x20, 0x20, 0xff,
    0x28, 0x24, 0x20, 0xff, 0x20, 0x20, 0x20, 0xff, 0x28, 0x20, 0x20, 0xff,
    0x20, 0x24, 0x20, 0xff, 0x20, 0x20, 0x20, 0xff, 0x28, 0x20, 0x20, 0xff,
    0x20, 0x20, 0x20, 0xff, 0x28, 0x24, 0x20, 0xff, 0x20, 0x20, 0x20, 0xff,
    0x20, 0x20, 0x20, 0xff, 0x28, 0x20, 0x20, 0xff, 0x20, 0x20, 0x20, 0xff,
    0x28, 0x20, 0x20, 0xff, 0x20, 0x20, 0x20, 0xff, 0x20, 0x20, 0x18, 0xff,
    0x28, 0x20, 0x20, 0xff, 0x20, 0x20, 0x20, 0xff, 0x20, 0x20, 0x20, 0xff,
    0x28, 0x20, 0x20, 0xff, 0x20, 0x20, 0x20, 0xff, 0x20, 0x20, 0x20, 0xff,
    0x28, 0x20, 0x20, 0xff, 0x20, 0x20, 0x20, 0xff, 0x28, 0x20, 0x20, 0xff,
    0x20, 0x20, 0x20, 0xff, 0x20, 0x20, 0x18, 0xff, 0x28, 0x20, 0x20, 0xff,
    0x20, 0x20, 0x18, 0xff, 0x20, 0x1c, 0x20, 0xff, 0x20, 0x20, 0x20, 0xff,
    0x28, 0x1c, 0x18, 0xff, 0x20, 0x20, 0x20, 0xff, 0x20, 0x20, 0x20, 0xff,
    0x20, 0x20, 0x20, 0xff, 0x20, 0x20, 0x18, 0xff, 0x20, 0x1c, 0x20, 0xff,
    0x20, 0x20, 0x18, 0xff, 0x20, 0x20, 0x20, 0xff, 0x20, 0x20, 0x20, 0xff,
    0x20, 0x20, 0x18, 0xff, 0x20, 0x1c, 0x20, 0xff, 0x28, 0x1c, 0x18, 0xff,
    0x20, 0x20, 0x20, 0xff, 0x20, 0x1c, 0x20, 0xff, 0x20, 0x1c, 0x18, 0xff,
    0x28, 0x20, 0x20, 0xff, 0x20, 0x1c, 0x18, 0xff, 0x20, 0x20, 0x20, 0xff,
    0x28, 0x20, 0x18, 0xff, 0x20, 0x1c, 0x20, 0xff, 0x20, 0x20, 0x20, 0xff,
    0x20, 0x1c, 0x18, 0xff, 0x20, 0x20, 0x20, 0xff, 0x20, 0x1c, 0x20, 0xff,
    0x20, 0x20, 0x18, 0xff, 0x20, 0x20, 0x20, 0xff, 0x20, 0x1c, 0x18, 0xff,
    0x20, 0x1c, 0x20, 0xff, 0x20, 0x1c, 0x18, 0xff, 0x20, 0x20, 0x18, 0xff,
    0x20, 0x1c, 0x20, 0xff, 0x20, 0x1c, 0x18, 0xff, 0x20, 0x1c, 0x18, 0xff,
    0x20, 0x1c, 0x20, 0xff, 0x20, 0x1c, 0x18, 0xff, 0x20, 0x20, 0x18, 0xff,
    0x20, 0x1c, 0x20, 0xff, 0x20, 0x1c, 0x20, 0xff, 0x18, 0x20, 0x18, 0xff,
    0x20, 0x20, 0x20, 0xff, 0x20, 0x1c, 0x18, 0xff, 0x20, 0x1c, 0x20, 0xff,
    0x20, 0x20, 0x20, 0xff, 0x18, 0x1c, 0x18, 0xff, 0x20, 0x1c, 0x18, 0xff,
    0x20, 0x1c, 0x20, 0xff, 0x20, 0x1c, 0x18, 0xff, 0x20, 0x1c, 0x18, 0xff,
    0x20, 0x1c, 0x20, 0xff, 0x20, 0x1c, 0x18, 0xff, 0x18, 0x1c, 0x18, 0xff,
    0x20, 0x1c, 0x20, 0xff, 0x20, 0x1c, 0x18, 0xff, 0x20, 0x1c, 0x18, 0xff,
    0x18, 0x1c, 0x18, 0xff, 0x20, 0x1c, 0x20, 0xff, 0x20, 0x1c, 0x18, 0xff,
    0x20, 0x1c, 0x18, 0xff, 0x18, 0x1c, 0x20, 0xff, 0x20, 0x1c, 0x18, 0xff,
    0x20, 0x1c, 0x18, 0xff, 0x20, 0x1c, 0x18, 0xff, 0x20, 0x1c, 0x18, 0xff,
    0x20, 0x1c, 0x18, 0xff, 0x20, 0x1c, 0x18, 0xff, 0x20, 0x1c, 0x18, 0xff,
    0x20, 0x18, 0x20, 0xff, 0x18, 0x1c, 0x18, 0xff, 0x20, 0x1c, 0x18, 0xff,
    0x20, 0x1c, 0x20, 0xff, 0x18, 0x18, 0x18, 0xff, 0x20, 0x1c, 0x18, 0xff,
    0x20, 0x1c, 0x18, 0xff, 0x18, 0x18, 0x18, 0xff, 0x20, 0x1c, 0x18, 0xff,
    0x20, 0x1c, 0x20, 0xff, 0x20, 0x18, 0x18, 0xff, 0x18, 0x1c, 0x18, 0xff,
    0x20, 0x1c, 0x18, 0xff, 0x20, 0x1c, 0x18, 0xff, 0x18, 0x18, 0x18, 0xff,
    0x20, 0x18, 0x18, 0xff, 0x18, 0x1c, 0x20, 0xff, 0x20, 0x18, 0x18, 0xff,
    0x18, 0x1c, 0x18, 0xff, 0x18, 0x1c, 0x18, 0xff, 0x20, 0x18, 0x20, 0xff,
    0x20, 0x1c, 0x18, 0xff, 0x18, 0x1c, 0x18, 0xff, 0x20, 0x18, 0x20, 0xff,
    0x20, 0x1c, 0x18, 0xff, 0x18, 0x18, 0x18, 0xff, 0x20, 0x1c, 0x20, 0xff,
    0x18, 0x1c, 0x18, 0xff, 0x20, 0x18, 0x18, 0xff, 0x20, 0x1c, 0x18, 0xff,
    0x18, 0x18, 0x18, 0xff, 0x20, 0x18, 0x18, 0xff, 0x20, 0x1c, 0x18, 0xff,
    0x18, 0x1c, 0x18, 0xff, 0x20, 0x18, 0x20, 0xff, 0x18, 0x18, 0x18, 0xff,
    0x18, 0x1c, 0x18, 0xff, 0x20, 0x18, 0x18, 0xff, 0x18, 0x18, 0x18, 0xff,
    0x18, 0x18, 0x18, 0xff, 0x20, 0x1c, 0x18, 0xff, 0x20, 0x18, 0x18, 0xff,
    0x18, 0x18, 0x18, 0xff, 0x20, 0x1c, 0x18, 0xff, 0x18, 0x18, 0x18, 0xff,
    0x18, 0x18, 0x18, 0xff, 0x20, 0x1c, 0x18, 0xff, 0x20, 0x18, 0x18, 0xff,
    0x18, 0x18, 0x18, 0xff, 0x20, 0x1c, 0x18, 0xff, 0x18, 0x18, 0x18, 0xff,
    0x18, 0x18, 0x18, 0xff, 0x20, 0x1c, 0x18, 0xff, 0x18, 0x18, 0x18, 0xff,
    0x18, 0x18, 0x18, 0xff, 0x20, 0x18, 0x18, 0xff, 0x18, 0x18, 0x18, 0xff,
    0x20, 0x18, 0x18, 0xff, 0x20, 0x1c, 0x18, 0xff, 0x18, 0x18, 0x18, 0xff,
    0x20, 0x18, 0x18, 0xff, 0x18, 0x18, 0x18, 0xff, 0x18, 0x18, 0x18, 0xff,
    0x20, 0x18, 0x18, 0xff, 0x18, 0x18, 0x18, 0xff, 0x20, 0x18, 0x18, 0xff,
    0x18, 0x1c, 0x18, 0xff, 0x20, 0x18, 0x18, 0xff, 0x20, 0x18, 0x18, 0xff,
    0x18, 0x18, 0x18, 0xff, 0x20, 0x18, 0x18, 0xff, 0x18, 0x18, 0x18, 0xff,
    0x18, 0x18, 0x18, 0xff, 0x20, 0x1c, 0x18, 0xff, 0x18, 0x18, 0x18, 0xff,
    0x18, 0x18, 0x18, 0xff, 0x20, 0x18, 0x18, 0xff, 0x20, 0x18, 0x18, 0xff,
    0x18, 0x18, 0x18, 0xff, 0x20, 0x1c, 0x18, 0xff, 0x18, 0x18, 0x18, 0xff,
    0x18, 0x18, 0x18, 0xff, 0x20, 0x1c, 0x18, 0xff, 0x18, 0x18, 0x18, 0xff,
    0x18, 0x18, 0x18, 0xff, 0x20, 0x18, 0x18, 0xff, 0x20, 0x18, 0x18, 0xff,
    0x18, 0x18, 0x18, 0xff, 0x20, 0x18, 0x18, 0xff, 0x20, 0x18, 0x18, 0xff,
    0x18, 0x18, 0x18, 0xff, 0x18, 0x18, 0x18, 0xff, 0x20, 0x18, 0x18, 0xff,
    0x18, 0x18, 0x18, 0xff, 0x20, 0x1c, 0x18, 0xff, 0x20, 0x18, 0x18, 0xff,
    0x18, 0x18, 0x18, 0xff, 0x20, 0x18, 0x18, 0xff, 0x20, 0x18, 0x18, 0xff,
    0x18, 0x18, 0x18, 0xff, 0x18, 0x1c, 0x18, 0xff, 0x20, 0x18, 0x18, 0xff,
    0x18, 0x18, 0x18, 0xff, 0x20, 0x1c, 0x18, 0xff, 0x20, 0x18, 0x18, 0xff,
    0x18, 0x1c, 0x18, 0xff, 0x20, 0x1c, 0x18, 0xff, 0x18, 0x18, 0x18, 0xff,
    0x18, 0x18, 0x18, 0xff, 0x20, 0x18, 0x18, 0xff, 0x20, 0x18, 0x18, 0xff,
    0x18, 0x18, 0x18, 0xff, 0x20, 0x1c, 0x18, 0xff, 0x18, 0x18, 0x18, 0xff,
    0x20, 0x18, 0x18, 0xff, 0x18, 0x18, 0x18, 0xff, 0x20, 0x18, 0x18, 0xff,
    0x20, 0x18, 0x18, 0xff, 0x18, 0x1c, 0x18, 0xff, 0x20, 0x1c, 0x18, 0xff,
    0x20, 0x18, 0x18, 0xff, 0x18, 0x18, 0x18, 0xff, 0x20, 0x1c, 0x18, 0xff,
    0x18, 0x18, 0x18, 0xff, 0x18, 0x18, 0x18, 0xff, 0x20, 0x18, 0x18, 0xff,
    0x18, 0x1c, 0x18, 0xff, 0x18, 0x18, 0x18, 0xff, 0x20, 0x1c, 0x18, 0xff,
    0x20, 0x1c, 0x18, 0xff, 0x18, 0x18, 0x18, 0xff, 0x20, 0x18, 0x18, 0xff,
    0x18, 0x1c, 0x18, 0xff, 0x18, 0x18, 0x18, 0xff, 0x20, 0x18, 0x18, 0xff,
    0x18, 0x18, 0x18, 0xff, 0x20, 0x18, 0x18, 0xff, 0x18, 0x18, 0x18, 0xff,
    0x18, 0x1c, 0x18, 0xff, 0x20, 0x18, 0x18, 0xff, 0x20, 0x18, 0x18, 0xff,
    0x18, 0x1c, 0x18, 0xff, 0x20, 0x18, 0x18, 0xff, 0x20, 0x18, 0x18, 0xff,
    0x18, 0x1c, 0x18, 0xff, 0x20, 0x18, 0x18, 0xff, 0x18, 0x18, 0x18, 0xff,
    0x18, 0x18, 0x18, 0xff, 0x20, 0x1c, 0x18, 0xff, 0x18, 0x18, 0x18, 0xff,
    0x20, 0x1c, 0x18, 0xff, 0x18, 0x18, 0x18, 0xff, 0x18, 0x1c, 0x18, 0xff,
    0x20, 0x18, 0x18, 0xff, 0x18, 0x1c, 0x18, 0xff, 0x20, 0x18, 0x18, 0xff,
    0x18, 0x18, 0x18, 0xff, 0x70, 0x70, 0x70, 0xa2, 0xf8, 0xfc, 0xf8, 0x00,
    0x70, 0x6c, 0x68, 0xcf, 0x30, 0x30, 0x30, 0xff, 0x30, 0x30, 0x30, 0xff,
    0x30, 0x30, 0x30, 0xff, 0x30, 0x34, 0x30, 0xff, 0x38, 0x30, 0x30, 0xff,
    0x30, 0x30, 0x30, 0xff, 0x30, 0x30, 0x30, 0xff, 0x30, 0x30, 0x30, 0xff,
    0x38, 0x30, 0x30, 0xff, 0x30, 0x30, 0x30, 0xff, 0x30, 0x30, 0x28, 0xff,
    0x30, 0x30, 0x30, 0xff, 0x30, 0x30, 0x30, 0xff, 0x30, 0x30, 0x30, 0xff,
    0x30, 0x30, 0x28, 0xff, 0x30, 0x30, 0x30, 0xff, 0x30, 0x30, 0x30, 0xff,
    0x30, 0x30, 0x30, 0xff, 0x30, 0x30, 0x30, 0xff, 0x30, 0x30, 0x30, 0xff,
    0x30, 0x30, 0x30, 0xff, 0x30, 0x30, 0x30, 0xff, 0x30, 0x30, 0x28, 0xff,
    0x30, 0x30, 0x30, 0xff, 0x30, 0x2c, 0x30, 0xff, 0x30, 0x30, 0x28, 0xff,
    0x30, 0x30, 0x30, 0xff, 0x30, 0x30, 0x30, 0xff, 0x30, 0x2c, 0x28, 0xff,
    0x30, 0x30, 0x30, 0xff, 0x30, 0x2c, 0x30, 0xff, 0x30, 0x30, 0x28, 0xff,
    0x30, 0x2c, 0x30, 0xff, 0x30, 0x30, 0x28, 0xff, 0x30, 0x2c, 0x30, 0xff,
    0x30, 0x30, 0x30, 0xff, 0x30, 0x2c, 0x28, 0xff, 0x30, 0x2c, 0x30, 0xff,
    0x30, 0x30, 0x28, 0xff, 0x30, 0x2c, 0x30, 0xff, 0x30, 0x2c, 0x28, 0xff,
    0x30, 0x2c, 0x28, 0xff, 0x28, 0x30, 0x30, 0xff, 0x30, 0x2c, 0x28, 0xff,
    0x28, 0x2c, 0x28, 0xff, 0x30, 0x30, 0x30, 0xff, 0x30, 0x2c, 0x30, 0xff,
    0x28, 0x2c, 0x28, 0xff, 0x30, 0x2c, 0x30, 0xff, 0x30, 0x2c, 0x30, 0xff,
    0x28, 0x2c, 0x28, 0xff, 0x30, 0x2c, 0x28, 0xff, 0x30, 0x2c, 0x30, 0xff,
    0x30, 0x2c, 0x28, 0xff, 0x30, 0x2c, 0x28, 0xff, 0x30, 0x2c, 0x28, 0xff,
    0x28, 0x2c, 0x28, 0xff, 0x30, 0x2c, 0x30, 0xff, 0x28, 0x2c, 0x28, 0xff,
    0x30, 0x2c, 0x28, 0xff, 0x30, 0x2c, 0x30, 0xff, 0x28, 0x2c, 0x30, 0xff,
    0x30, 0x2c, 0x28, 0xff, 0x30, 0x2c, 0x28, 0xff, 0x28, 0x2c, 0x28, 0xff,
    0x30, 0x28, 0x28, 0xff, 0x30, 0x2c, 0x28, 0xff, 0x28, 0x2c, 0x28, 0xff,
    0x28, 0x2c, 0x28, 0xff, 0x30, 0x2c, 0x28, 0xff, 0x28, 0x28, 0x30, 0xff,
    0x28, 0x2c, 0x28, 0xff, 0x30, 0x2c, 0x28, 0xff, 0x28, 0x2c, 0x30, 0xff,
    0x28, 0x2c, 0x28, 0xff, 0x30, 0x28, 0x28, 0xff, 0x30, 0x2c, 0x28, 0xff,
    0x28, 0x2c, 0x28, 0xff, 0x28, 0x28, 0x28, 0xff, 0x30, 0x28, 0x30, 0xff,
    0x28, 0x2c, 0x28, 0xff, 0x28, 0x28, 0x28, 0xff, 0x30, 0x2c, 0x28, 0xff,
    0x28, 0x28, 0x28, 0xff, 0x28, 0x28, 0x28, 0xff, 0x30, 0x2c, 0x28, 0xff,
    0x28, 0x28, 0x28, 0xff, 0x28, 0x28, 0x28, 0xff, 0x30, 0x2c, 0x28, 0xff,
    0x28, 0x28, 0x28, 0xff, 0x28, 0x28, 0x28, 0xff, 0x30, 0x28, 0x28, 0xff,
    0x28, 0x28, 0x28, 0xff, 0x28, 0x2c, 0x28, 0xff, 0x30, 0x28, 0x28, 0xff,
    0x28, 0x28, 0x28, 0xff, 0x28, 0x28, 0x28, 0xff, 0x30, 0x2c, 0x28, 0xff,
    0x28, 0x28, 0x28, 0xff, 0x28, 0x28, 0x28, 0xff, 0x28, 0x28, 0x28, 0xff,
    0x28, 0x28, 0x28, 0xff, 0x30, 0x28, 0x20, 0xff, 0x28, 0x28, 0x28, 0xff,
    0x28, 0x28, 0x28, 0xff, 0x30, 0x28, 0x28, 0xff, 0x28, 0x28, 0x28, 0xff,
    0x28, 0x28, 0x20, 0xff, 0x28, 0x28, 0x28, 0xff, 0x28, 0x28, 0x28, 0xff,
    0x28, 0x28, 0x20, 0xff, 0x28, 0x28, 0x28, 0xff, 0x28, 0x28, 0x28, 0xff,
    0x30, 0x28, 0x20, 0xff, 0x28, 0x24, 0x28, 0xff, 0x28, 0x28, 0x28, 0xff,
    0x28, 0x28, 0x28, 0xff, 0x28, 0x28, 0x28, 0xff, 0x28, 0x28, 0x20, 0xff,
    0x30, 0x24, 0x28, 0xff, 0x28, 0x28, 0x20, 0xff, 0x28, 0x28, 0x28, 0xff,
    0x28, 0x24, 0x28, 0xff, 0x28, 0x28, 0x28, 0xff, 0x28, 0x28, 0x28, 0xff,
    0x28, 0x24, 0x20, 0xff, 0x28, 0x28, 0x28, 0xff, 0x28, 0x28, 0x28, 0xff,
    0x28, 0x24, 0x20, 0xff, 0x28, 0x24, 0x28, 0xff, 0x28, 0x28, 0x20, 0xff,
    0x28, 0x24, 0x28, 0xff, 0x28, 0x28, 0x28, 0xff, 0x28, 0x28, 0x20, 0xff,
    0x28, 0x24, 0x20, 0xff, 0x28, 0x28, 0x28, 0xff, 0x28, 0x24, 0x28, 0xff,
    0x28, 0x24, 0x20, 0xff, 0x28, 0x28, 0x20, 0xff, 0x28, 0x24, 0x28, 0xff,
    0x20, 0x24, 0x28, 0xff, 0x28, 0x24, 0x20, 0xff, 0x28, 0x24, 0x28, 0xff,
    0x28, 0x24, 0x28, 0xff, 0x28, 0x24, 0x28, 0xff, 0x28, 0x24, 0x20, 0xff,
    0x28, 0x24, 0x20, 0xff, 0x28, 0x24, 0x28, 0xff, 0x28, 0x24, 0x28, 0xff,
    0x28, 0x28, 0x20, 0xff, 0x28, 0x24, 0x28, 0xff, 0x20, 0x24, 0x20, 0xff,
    0x28, 0x24, 0x28, 0xff, 0x28, 0x24, 0x20, 0xff, 0x28, 0x24, 0x28, 0xff,
    0x28, 0x24, 0x20, 0xff, 0x28, 0x24, 0x28, 0xff, 0x28, 0x24, 0x20, 0xff,
    0x20, 0x24, 0x28, 0xff, 0x28, 0x24, 0x20, 0xff, 0x28, 0x24, 0x28, 0xff,
    0x28, 0x24, 0x20, 0xff, 0x28, 0x24, 0x28, 0xff, 0x20, 0x24, 0x28, 0xff,
    0x28, 0x24, 0x20, 0xff, 0x28, 0x20, 0x20, 0xff, 0x20, 0x24, 0x28, 0xff,
    0x28, 0x24, 0x20, 0xff, 0x28, 0x24, 0x20, 0xff, 0x20, 0x24, 0x28, 0xff,
    0x28, 0x20, 0x20, 0xff, 0x28, 0x24, 0x20, 0xff, 0x20, 0x24, 0x20, 0xff,
    0x28, 0x24, 0x20, 0xff, 0x28, 0x20, 0x20, 0xff, 0x20, 0x24, 0x28, 0xff,
    0x28, 0x24, 0x28, 0xff, 0x20, 0x20, 0x20, 0xff, 0x28, 0x24, 0x20, 0xff,
    0x28, 0x20, 0x20, 0xff, 0x20, 0x24, 0x20, 0xff, 0x20, 0x24, 0x28, 0xff,
    0x28, 0x20, 0x20, 0xff, 0x20, 0x20, 0x20, 0xff, 0x20, 0x24, 0x20, 0xff,
    0x28, 0x20, 0x20, 0xff, 0x20, 0x24, 0x20, 0xff, 0x28, 0x24, 0x20, 0xff,
    0x28, 0x20, 0x20, 0xff, 0x20, 0x20, 0x20, 0xff, 0x28, 0x24, 0x20, 0xff,
    0x20, 0x20, 0x20, 0xff, 0x20, 0x24, 0x20, 0xff, 0x20, 0x20, 0x20, 0xff,
    0x28, 0x20, 0x20, 0xff, 0x20, 0x20, 0x20, 0xff, 0x20, 0x24, 0x20, 0xff,
    0x28, 0x20, 0x20, 0xff, 0x20, 0x20, 0x20, 0xff, 0x28, 0x24, 0x20, 0xff,
    0x20, 0x20, 0x20, 0xff, 0x20, 0x20, 0x20, 0xff, 0x28, 0x20, 0x20, 0xff,
    0x20, 0x24, 0x20, 0xff, 0x20, 0x20, 0x20, 0xff, 0x20, 0x20, 0x20, 0xff,
    0x28, 0x20, 0x20, 0xff, 0x20, 0x20, 0x20, 0xff, 0x20, 0x20, 0x20, 0xff,
    0x28, 0x20, 0x20, 0xff, 0x20, 0x20, 0x20, 0xff, 0x20, 0x20, 0x20, 0xff,
    0x20, 0x20, 0x18, 0xff, 0x20, 0x20, 0x20, 0xff, 0x20, 0x20, 0x20, 0xff,
    0x20, 0x20, 0x18, 0xff, 0x20, 0x20, 0x20, 0xff, 0x28, 0x20, 0x20, 0xff,
    0x20, 0x20, 0x20, 0xff, 0x20, 0x20, 0x20, 0xff, 0x28, 0x20, 0x18, 0xff,
    0x20, 0x20, 0x20, 0xff, 0x20, 0x20, 0x20, 0xff, 0x20, 0x20, 0x18, 0xff,
    0x28, 0x1c, 0x20, 0xff, 0x20, 0x20, 0x20, 0xff, 0x28, 0x20, 0x18, 0xff,
    0x20, 0x1c, 0x20, 0xff, 0x20, 0x20, 0x20, 0xff, 0x20, 0x20, 0x20, 0xff,
    0x28, 0x20, 0x20, 0xff, 0x20, 0x20, 0x18, 0xff, 0x20, 0x1c, 0x20, 0xff,
    0x20, 0x20, 0x20, 0xff, 0x20, 0x20, 0x20, 0xff, 0x20, 0x1c, 0x18, 0xff,
    0x20, 0x1c, 0x20, 0xff, 0x20, 0x20, 0x18, 0xff, 0x20, 0x20, 0x20, 0xff,
    0x20, 0x1c, 0x20, 0xff, 0x20, 0x20, 0x18, 0xff, 0x20, 0x1c, 0x20, 0xff,
    0x20, 0x1c, 0x20, 0xff, 0x20, 0x20, 0x18, 0xff, 0x20, 0x20, 0x20, 0xff,
    0x20, 0x1c, 0x18, 0xff, 0x20, 0x20, 0x18, 0xff, 0x20, 0x1c, 0x20, 0xff,
    0x20, 0x1c, 0x20, 0xff, 0x20, 0x20, 0x20, 0xff, 0x20, 0x1c, 0x18, 0xff,
    0x20, 0x1c, 0x20, 0xff, 0x20, 0x1c, 0x20, 0xff, 0x20, 0x1c, 0x18, 0xff,
    0x20, 0x1c, 0x20, 0xff, 0x20, 0x20, 0x20, 0xff, 0x20, 0x1c, 0x18, 0xff,
    0x20, 0x1c, 0x20, 0xff, 0x20, 0x20, 0x18, 0xff, 0x20, 0x1c, 0x18, 0xff,
    0x20, 0x1c, 0x20, 0xff, 0x20, 0x1c, 0x20, 0xff, 0x20, 0x1c, 0x18, 0xff,
    0x20, 0x1c, 0x18, 0xff, 0x20, 0x1c, 0x20, 0xff, 0x20, 0x1c, 0x18, 0xff,
    0x20, 0x20, 0x18, 0xff, 0x20, 0x1c, 0x20, 0xff, 0x20, 0x1c, 0x18, 0xff,
    0x20, 0x1c, 0x20, 0xff, 0x20, 0x1c, 0x18, 0xff, 0x18, 0x1c, 0x20, 0xff,
    0x20, 0x1c, 0x18, 0xff, 0x20, 0x1c, 0x20, 0xff, 0x20, 0x1c, 0x18, 0xff,
    0x20, 0x1c, 0x18, 0xff, 0x20, 0x1c, 0x20, 0xff, 0x20, 0x1c, 0x18, 0xff,
    0x20, 0x1c, 0x20, 0xff, 0x20, 0x1c, 0x18, 0xff, 0x20, 0x1c, 0x18, 0xff,
    0x18, 0x1c, 0x20, 0xff, 0x20, 0x1c, 0x18, 0xff, 0x20, 0x1c, 0x18, 0xff,
    0x20, 0x1c, 0x20, 0xff, 0x18, 0x1c, 0x18, 0xff, 0x20, 0x1c, 0x20, 0xff,
    0x18, 0x1c, 0x18, 0xff, 0x20, 0x18, 0x20, 0xff, 0x18, 0x1c, 0x18, 0xff,
    0x20, 0x1c, 0x18, 0xff, 0x20, 0x1c, 0x20, 0xff, 0x20, 0x18, 0x18, 0xff,
    0x18, 0x1c, 0x18, 0xff, 0x20, 0x1c, 0x18, 0xff, 0x20, 0x1c, 0x18, 0xff,
    0x18, 0x1c, 0x20, 0xff, 0x20, 0x1c, 0x18, 0xff, 0x20, 0x18, 0x18, 0xff,
    0x20, 0x1c, 0x20, 0xff, 0x20, 0x1c, 0x18, 0xff, 0x18, 0x1c, 0x20, 0xff,
    0x20, 0x1c, 0x18, 0xff, 0x20, 0x1c, 0x20, 0xff, 0x18, 0x1c, 0x18, 0xff,
    0x20, 0x18, 0x18, 0xff, 0x20, 0x1c, 0x18, 0xff, 0x18, 0x18, 0x18, 0xff,
    0x20, 0x18, 0x18, 0xff, 0x20, 0x1c, 0x18, 0xff, 0x18, 0x18, 0x18, 0xff,
    0x20, 0x18, 0x18, 0xff, 0x18, 0x1c, 0x18, 0xff, 0x20, 0x18, 0x18, 0xff,
    0x18, 0x1c, 0x18, 0xff, 0x20, 0x18, 0x18, 0xff, 0x20, 0x1c, 0x18, 0xff,
    0x18, 0x18, 0x18, 0xff, 0x20, 0x18, 0x18, 0xff, 0x20, 0x1c, 0x18, 0xff,
    0x18, 0x1c, 0x18, 0xff, 0x20, 0x18, 0x18, 0xff, 0x20, 0x18, 0x18, 0xff,
    0x18, 0x1c, 0x18, 0xff, 0x20, 0x1c, 0x18, 0xff, 0x20, 0x18, 0x18, 0xff,
    0x18, 0x1c, 0x18, 0xff, 0x18, 0x18, 0x20, 0xff, 0x20, 0x18, 0x18, 0xff,
    0x20, 0x18, 0x18, 0xff, 0x18, 0x1c, 0x18, 0xff, 0x18, 0x18, 0x18, 0xff,
    0x20, 0x18, 0x18, 0xff, 0x20, 0x18, 0x18, 0xff, 0x18, 0x18, 0x18, 0xff,
    0x20, 0x18, 0x18, 0xff, 0x18, 0x18, 0x18, 0xff, 0x18, 0x18, 0x18, 0xff,
    0x20, 0x18, 0x18, 0xff, 0x18, 0x1c, 0x18, 0xff, 0x20, 0x18, 0x18, 0xff,
    0x18, 0x18, 0x18, 0xff, 0x20, 0x18, 0x18, 0xff, 0x20, 0x18, 0x18, 0xff,
    0x18, 0x1c, 0x18, 0xff, 0x20, 0x18, 0x18, 0xff, 0x18, 0x1c, 0x18, 0xff,
    0x18, 0x18, 0x18, 0xff, 0x20, 0x18, 0x18, 0xff, 0x18, 0x18, 0x18, 0xff,
    0x20, 0x1c, 0x18, 0xff, 0x20, 0x18, 0x18, 0xff, 0x18, 0x1c, 0x18, 0xff,
    0x20, 0x18, 0x18, 0xff, 0x18, 0x1c, 0x18, 0xff, 0x20, 0x18, 0x18, 0xff,
    0x18, 0x18, 0x18, 0xff, 0x18, 0x18, 0x18, 0xff, 0x20, 0x1c, 0x18, 0xff,
    0x18, 0x18, 0x18, 0xff, 0x20, 0x18, 0x18, 0xff, 0x20, 0x1c, 0x18, 0xff,
    0x18, 0x18, 0x18, 0xff, 0x20, 0x18, 0x18, 0xff, 0x20, 0x18, 0x18, 0xff,
    0x18, 0x1c, 0x18, 0xff, 0x18, 0x18, 0x18, 0xff, 0x20, 0x18, 0x18, 0xff,
    0x18, 0x1c, 0x18, 0xff, 0x20, 0x18, 0x18, 0xff, 0x20, 0x18, 0x18, 0xff,
    0x18, 0x18, 0x18, 0xff, 0x20, 0x18, 0x18, 0xff, 0x20, 0x1c, 0x18, 0xff,
    0x18, 0x18, 0x18, 0xff, 0x20, 0x18, 0x18, 0xff, 0x18, 0x1c, 0x18, 0xff,
    0x18, 0x18, 0x18, 0xff, 0x20, 0x1c, 0x18, 0xff, 0x18, 0x18, 0x18, 0xff,
    0x20, 0x1c, 0x18, 0xff, 0x18, 0x18, 0x18, 0xff, 0x20, 0x18, 0x18, 0xff,
    0x18, 0x18, 0x18, 0xff, 0x18, 0x1c, 0x18, 0xff, 0x18, 0x18, 0x18, 0xff,
    0x20, 0x18, 0x18, 0xff, 0x18, 0x1c, 0x18, 0xff, 0x18, 0x1c, 0x18, 0xff,
    0x20, 0x18, 0x18, 0xff, 0x18, 0x18, 0x18, 0xff, 0x20, 0x18, 0x18, 0xff,
    0x18, 0x18, 0x18, 0xff, 0x18, 0x18, 0x18, 0xff, 0x20, 0x18, 0x18, 0xff,
    0x18, 0x18, 0x18, 0xff, 0x20, 0x18, 0x18, 0xff, 0x20, 0x18, 0x18, 0xff,
    0x18, 0x1c, 0x18, 0xff, 0x18, 0x18, 0x18, 0xff, 0x20, 0x1c, 0x18, 0xff,
    0x18, 0x18, 0x18, 0xff, 0x18, 0x18, 0x18, 0xff, 0x20, 0x1c, 0x18, 0xff,
    0x20, 0x18, 0x18, 0xff, 0x18, 0x18, 0x18, 0xff, 0x20, 0x1c, 0x18, 0xff,
    0x18, 0x18, 0x18, 0xff, 0x18, 0x18, 0x18, 0xff, 0x20, 0x18, 0x18, 0xff,
    0x18, 0x18, 0x18, 0xff, 0x18, 0x18, 0x18, 0xff, 0x20, 0x1c, 0x18, 0xff,
    0x20, 0x18, 0x18, 0xff, 0x18, 0x18, 0x18, 0xff, 0x20, 0x18, 0x18, 0xff,
    0x20, 0x1c, 0x18, 0xff, 0x18, 0x18, 0x18, 0xff, 0x18, 0x18, 0x18, 0xff,
    0x20, 0x18, 0x18, 0xff, 0x18, 0x18, 0x18, 0xff, 0x20, 0x18, 0x18, 0xff,
    0x20, 0x1c, 0x18, 0xff, 0x18, 0x18, 0x18, 0xff, 0x20, 0x18, 0x18, 0xff,
    0x20, 0x18, 0x18, 0xff, 0x18, 0x1c, 0x18, 0xff, 0x20, 0x18, 0x18, 0xff,
    0x18, 0x18, 0x18, 0xff, 0x18, 0x18, 0x18, 0xff, 0x20, 0x18, 0x18, 0xff,
    0x18, 0x18, 0x18, 0xff, 0x18, 0x18, 0x18, 0xff, 0x20, 0x18, 0x18, 0xff,
    0x18, 0x18, 0x18, 0xff, 0x20, 0x18, 0x18, 0xff, 0x20, 0x1c, 0x18, 0xff,
    0x18, 0x18, 0x18, 0xff, 0x20, 0x18, 0x18, 0xff, 0x20, 0x18, 0x18, 0xff,
    0x18, 0x18, 0x18, 0xff, 0x20, 0x18, 0x18, 0xff, 0x20, 0x1c, 0x18, 0xff,
    0x18, 0x18, 0x18, 0xff, 0x20, 0x18, 0x18, 0xff, 0x20, 0x1c, 0x18, 0xff,
    0x18, 0x18, 0x18, 0xff, 0x20, 0x18, 0x18, 0xff, 0x70, 0x70, 0x70, 0x9e,
    0xf8, 0xfc, 0xf8, 0x00, 0x70, 0x6c, 0x70, 0xcf, 0x30, 0x30, 0x30, 0xff,
    0x30, 0x30, 0x30, 0xff, 0x30, 0x34, 0x30, 0xff, 0x38, 0x30, 0x30, 0xff,
    0x30, 0x30, 0x30, 0xff, 0x30, 0x30, 0x30, 0xff, 0x30, 0x30, 0x30, 0xff,
    0x30, 0x30, 0x30, 0xff, 0x30, 0x30, 0x30, 0xff, 0x30, 0x30, 0x30, 0xff,
    0x30, 0x30, 0x30, 0xff, 0x38, 0x30, 0x30, 0xff, 0x30, 0x30, 0x30, 0xff,
    0x30, 0x30, 0x30, 0xff, 0x30, 0x30, 0x30, 0xff, 0x30, 0x30, 0x30, 0xff,
    0x38, 0x30, 0x30, 0xff, 0x30, 0x30, 0x28, 0xff, 0x30, 0x2c, 0x30, 0xff,
    0x30, 0x30, 0x30, 0xff, 0x30, 0x2c, 0x30, 0xff, 0x30, 0x30, 0x30, 0xff,
    0x30, 0x30, 0x30, 0xff, 0x30, 0x2c, 0x30, 0xff, 0x30, 0x30, 0x30, 0xff,
    0x30, 0x30, 0x30, 0xff, 0x30, 0x30, 0x30, 0xff, 0x30, 0x2c, 0x30, 0xff,
    0x30, 0x30, 0x28, 0xff, 0x30, 0x2c, 0x30, 0xff, 0x30, 0x30, 0x28, 0xff,
    0x30, 0x2c, 0x30, 0xff, 0x30, 0x30, 0x30, 0xff, 0x30, 0x2c, 0x28, 0xff,
    0x30, 0x30, 0x28, 0xff, 0x30, 0x30, 0x30, 0xff, 0x30, 0x2c, 0x30, 0xff,
    0x30, 0x30, 0x30, 0xff, 0x28, 0x30, 0x28, 0xff, 0x30, 0x2c, 0x30, 0xff,
    0x30, 0x2c, 0x30, 0xff, 0x30, 0x2c, 0x28, 0xff, 0x30, 0x2c, 0x30, 0xff,
    0x30, 0x30, 0x28, 0xff, 0x30, 0x2c, 0x28, 0xff, 0x28, 0x2c, 0x30, 0xff,
    0x30, 0x30, 0x28, 0xff, 0x30, 0x30, 0x28, 0xff, 0x30, 0x2c, 0x30, 0xff,
    0x30, 0x30, 0x30, 0xff, 0x30, 0x2c, 0x28, 0xff, 0x30, 0x2c, 0x28, 0xff,
    0x28, 0x2c, 0x30, 0xff, 0x30, 0x2c, 0x28, 0xff, 0x30, 0x2c, 0x30, 0xff,
    0x28, 0x2c, 0x30, 0xff, 0x30, 0x2c, 0x28, 0xff, 0x30, 0x2c, 0x28, 0xff,
    0x28, 0x2c, 0x30, 0xff, 0x30, 0x2c, 0x28, 0xff, 0x28, 0x2c, 0x28, 0xff,
    0x28, 0x2c, 0x30, 0xff, 0x30, 0x2c, 0x28, 0xff, 0x30, 0x2c, 0x28, 0xff,
    0x28, 0x2c, 0x30, 0xff, 0x30, 0x2c, 0x30, 0xff, 0x30, 0x28, 0x28, 0xff,
    0x30, 0x2c, 0x28, 0xff, 0x30, 0x2c, 0x30, 0xff, 0x28, 0x2c, 0x28, 0xff,
    0x30, 0x2c, 0x28, 0xff, 0x28, 0x28, 0x28, 0xff, 0x30, 0x2c, 0x28, 0xff,
    0x30, 0x2c, 0x30, 0xff, 0x28, 0x2c, 0x28, 0xff, 0x28, 0x28, 0x28, 0xff,
    0x30, 0x28, 0x28, 0xff, 0x28, 0x2c, 0x28, 0xff, 0x30, 0x2c, 0x28, 0xff,
    0x30, 0x28, 0x28, 0xff, 0x28, 0x28, 0x28, 0xff, 0x30, 0x2c, 0x28, 0xff,
    0x30, 0x28, 0x30, 0xff, 0x28, 0x2c, 0x28, 0xff, 0x28, 0x2c, 0x28, 0xff,
    0x30, 0x28, 0x28, 0xff, 0x28, 0x2c, 0x30, 0xff, 0x28, 0x28, 0x28, 0xff,
    0x30, 0x28, 0x28, 0xff, 0x28, 0x2c, 0x28, 0xff, 0x28, 0x28, 0x28, 0xff,
    0x30, 0x28, 0x28, 0xff, 0x28, 0x2c, 0x28, 0xff, 0x30, 0x28, 0x28, 0xff,
    0x28, 0x28, 0x28, 0xff, 0x28, 0x28, 0x28, 0xff, 0x28, 0x2c, 0x28, 0xff,
    0x28, 0x28, 0x28, 0xff, 0x28, 0x28, 0x28, 0xff, 0x30, 0x2c, 0x28, 0xff,
    0x28, 0x28, 0x28, 0xff, 0x28, 0x28, 0x28, 0xff, 0x28, 0x28, 0x28, 0xff,
    0x30, 0x28, 0x28, 0xff, 0x28, 0x28, 0x28, 0xff, 0x28, 0x28, 0x28, 0xff,
    0x30, 0x28, 0x28, 0xff, 0x28, 0x28, 0x28, 0xff, 0x28, 0x28, 0x28, 0xff,
    0x28, 0x28, 0x28, 0xff, 0x28, 0x28, 0x28, 0xff, 0x28, 0x28, 0x28, 0xff,
    0x28, 0x28, 0x28, 0xff, 0x28, 0x28, 0x28, 0xff, 0x28, 0x28, 0x20, 0xff,
    0x28, 0x24, 0x28, 0xff, 0x30, 0x28, 0x28, 0xff, 0x28, 0x24, 0x28, 0xff,
    0x28, 0x28, 0x28, 0xff, 0x28, 0x28, 0x28, 0xff, 0x28, 0x28, 0x20, 0xff,
    0x28, 0x28, 0x28, 0xff, 0x28, 0x28, 0x28, 0xff, 0x28, 0x28, 0x20, 0xff,
    0x28, 0x28, 0x28, 0xff, 0x28, 0x24, 0x28, 0xff, 0x28, 0x24, 0x20, 0xff,
    0x28, 0x28, 0x28, 0xff, 0x28, 0x28, 0x28, 0xff, 0x28, 0x24, 0x20, 0xff,
    0x28, 0x28, 0x28, 0xff, 0x28, 0x24, 0x28, 0xff, 0x28, 0x24, 0x20, 0xff,
    0x28, 0x28, 0x28, 0xff, 0x28, 0x24, 0x28, 0xff, 0x28, 0x28, 0x20, 0xff,
    0x28, 0x28, 0x28, 0xff, 0x28, 0x24, 0x20, 0xff, 0x28, 0x24, 0x20, 0xff,
    0x28, 0x28, 0x28, 0xff, 0x28, 0x24, 0x20, 0xff, 0x28, 0x28, 0x20, 0xff,
    0x28, 0x24, 0x28, 0xff, 0x20, 0x28, 0x20, 0xff, 0x28, 0x24, 0x28, 0xff,
    0x28, 0x28, 0x28, 0xff, 0x28, 0x24, 0x20, 0xff, 0x28, 0x24, 0x20, 0xff,
    0x28, 0x24, 0x28, 0xff, 0x28, 0x24, 0x28, 0xff, 0x28, 0x28, 0x20, 0xff,
    0x20, 0x24, 0x20, 0xff, 0x28, 0x24, 0x28, 0xff, 0x20, 0x24, 0x20, 0xff,
    0x20, 0x24, 0x20, 0xff, 0x28, 0x24, 0x28, 0xff, 0x28, 0x24, 0x20, 0xff,
    0x20, 0x24, 0x20, 0xff, 0x28, 0x24, 0x20, 0xff, 0x28, 0x24, 0x28, 0xff,
    0x20, 0x24, 0x20, 0xff, 0x28, 0x24, 0x20, 0xff, 0x28, 0x24, 0x20, 0xff,
    0x28, 0x24, 0x28, 0xff, 0x28, 0x24, 0x20, 0xff, 0x28, 0x24, 0x20, 0xff,
    0x20, 0x20, 0x28, 0xff, 0x28, 0x24, 0x20, 0xff, 0x28, 0x24, 0x20, 0xff,
    0x20, 0x20, 0x28, 0xff, 0x28, 0x24, 0x20, 0xff, 0x28, 0x24, 0x28, 0xff,
    0x20, 0x24, 0x20, 0xff, 0x28, 0x24, 0x20, 0xff, 0x20, 0x20, 0x20, 0xff,
    0x28, 0x24, 0x20, 0xff, 0x28, 0x24, 0x20, 0xff, 0x20, 0x20, 0x20, 0xff,
    0x28, 0x24, 0x20, 0xff, 0x28, 0x20, 0x20, 0xff, 0x20, 0x20, 0x20, 0xff,
    0x28, 0x24, 0x20, 0xff, 0x28, 0x24, 0x20, 0xff, 0x20, 0x20, 0x20, 0xff,
    0x28, 0x20, 0x28, 0xff, 0x20, 0x24, 0x20, 0xff, 0x20, 0x20, 0x20, 0xff,
    0x28, 0x24, 0x28, 0xff, 0x20, 0x24, 0x20, 0xff, 0x28, 0x20, 0x20, 0xff,
    0x28, 0x20, 0x20, 0xff, 0x28, 0x20, 0x20, 0xff, 0x20, 0x20, 0x20, 0xff,
    0x28, 0x24, 0x20, 0xff, 0x20, 0x20, 0x20, 0xff, 0x28, 0x20, 0x20, 0xff,
    0x20, 0x20, 0x20, 0xff, 0x20, 0x20, 0x20, 0xff, 0x28, 0x20, 0x20, 0xff,
    0x20, 0x24, 0x20, 0xff, 0x20, 0x20, 0x20, 0xff, 0x28, 0x20, 0x20, 0xff,
    0x20, 0x20, 0x20, 0xff, 0x28, 0x20, 0x20, 0xff, 0x20, 0x24, 0x20, 0xff,
    0x28, 0x20, 0x20, 0xff, 0x20, 0x20, 0x18, 0xff, 0x20, 0x20, 0x20, 0xff,
    0x28, 0x20, 0x20, 0xff, 0x20, 0x20, 0x20, 0xff, 0x28, 0x20, 0x20, 0xff,
    0x20, 0x20, 0x20, 0xff, 0x28, 0x20, 0x20, 0xff, 0x20, 0x20, 0x20, 0xff,
    0x28, 0x20, 0x20, 0xff, 0x20, 0x20, 0x20, 0xff, 0x20, 0x20, 0x20, 0xff,
    0x20, 0x20, 0x18, 0xff, 0x20, 0x20, 0x20, 0xff, 0x20, 0x20, 0x20, 0xff,
    0x20, 0x1c, 0x20, 0xff, 0x28, 0x20, 0x20, 0xff, 0x20, 0x20, 0x20, 0xff,
    0x20, 0x1c, 0x20, 0xff, 0x20, 0x20, 0x20, 0xff, 0x20, 0x20, 0x20, 0xff,
    0x20, 0x20, 0x18, 0xff, 0x28, 0x1c, 0x20, 0xff, 0x20, 0x20, 0x20, 0xff,
    0x20, 0x20, 0x18, 0xff, 0x20, 0x1c, 0x20, 0xff, 0x20, 0x20, 0x20, 0xff,
    0x28, 0x20, 0x18, 0xff, 0x20, 0x1c, 0x20, 0xff, 0x20, 0x20, 0x20, 0xff,
    0x28, 0x20, 0x18, 0xff, 0x20, 0x1c, 0x20, 0xff, 0x20, 0x20, 0x20, 0xff,
    0x28, 0x1c, 0x18, 0xff, 0x20, 0x20, 0x20, 0xff, 0x20, 0x20, 0x18, 0xff,
    0x20, 0x1c, 0x20, 0xff, 0x20, 0x1c, 0x20, 0xff, 0x20, 0x20, 0x18, 0xff,
    0x20, 0x1c, 0x20, 0xff, 0x20, 0x1c, 0x20, 0xff, 0x20, 0x20, 0x20, 0xff,
    0x20, 0x20, 0x18, 0xff, 0x20, 0x1c, 0x18, 0xff, 0x20, 0x20, 0x20, 0xff,
    0x20, 0x20, 0x20, 0xff, 0x20, 0x1c, 0x18, 0xff, 0x20, 0x1c, 0x18, 0xff,
    0x20, 0x20, 0x20, 0xff, 0x20, 0x1c, 0x18, 0xff, 0x20, 0x1c, 0x20, 0xff,
    0x20, 0x1c, 0x20, 0xff, 0x20, 0x20, 0x18, 0xff, 0x20, 0x1c, 0x20, 0xff,
    0x20, 0x1c, 0x20, 0xff, 0x20, 0x20, 0x18, 0xff, 0x20, 0x1c, 0x18, 0xff,
    0x20, 0x20, 0x20, 0xff, 0x20, 0x1c, 0x20, 0xff, 0x20, 0x1c, 0x18, 0xff,
    0x18, 0x1c, 0x20, 0xff, 0x20, 0x1c, 0x18, 0xff, 0x20, 0x1c, 0x20, 0xff,
    0x20, 0x1c, 0x18, 0xff, 0x20, 0x1c, 0x18, 0xff, 0x20, 0x1c, 0x20, 0xff,
    0x20, 0x1c, 0x18, 0xff, 0x20, 0x1c, 0x18, 0xff, 0x20, 0x1c, 0x20, 0xff,
    0x20, 0x1c, 0x18, 0xff, 0x20, 0x1c, 0x20, 0xff, 0x18, 0x1c, 0x18, 0xff,
    0x20, 0x1c, 0x18, 0xff, 0x20, 0x1c, 0x20, 0xff, 0x20, 0x1c, 0x20, 0xff,
    0x20, 0x1c, 0x18, 0xff, 0x20, 0x1c, 0x20, 0xff, 0x18, 0x1c, 0x18, 0xff,
    0x20, 0x1c, 0x18, 0xff, 0x20, 0x1c, 0x20, 0xff, 0x20, 0x1c, 0x18, 0xff,
    0x18, 0x18, 0x18, 0xff, 0x20, 0x1c, 0x18, 0xff, 0x20, 0x1c, 0x20, 0xff,
    0x20, 0x18, 0x18, 0xff, 0x18, 0x1c, 0x18, 0xff, 0x20, 0x1c, 0x18, 0xff,
    0x20, 0x1c, 0x20, 0xff, 0x20, 0x18, 0x18, 0xff, 0x20, 0x1c, 0x18, 0xff,
    0x20, 0x1c, 0x20, 0xff, 0x18, 0x18, 0x18, 0xff, 0x20, 0x1c, 0x18, 0xff,
    0x20, 0x1c, 0x20, 0xff, 0x18, 0x1c, 0x18, 0xff, 0x20, 0x18, 0x18, 0xff,
    0x20, 0x1c, 0x18, 0xff, 0x18, 0x18, 0x18, 0xff, 0x20, 0x1c, 0x20, 0xff,
    0x18, 0x1c, 0x18, 0xff, 0x20, 0x18, 0x18, 0xff, 0x20, 0x1c, 0x20, 0xff,
    0x18, 0x1c, 0x18, 0xff, 0x20, 0x18, 0x18, 0xff, 0x20, 0x1c, 0x18, 0xff,
    0x20, 0x18, 0x20, 0xff, 0x20, 0x1c, 0x18, 0xff, 0x20, 0x18, 0x18, 0xff,
    0x18, 0x1c, 0x18, 0xff, 0x20, 0x18, 0x18, 0xff, 0x18, 0x1c, 0x18, 0xff,
    0x20, 0x18, 0x18, 0xff, 0x18, 0x1c, 0x18, 0xff, 0x20, 0x18, 0x18, 0xff,
    0x18, 0x1c, 0x18, 0xff, 0x18, 0x18, 0x20, 0xff, 0x20, 0x1c, 0x18, 0xff,
    0x18, 0x1c, 0x18, 0xff, 0x20, 0x18, 0x20, 0xff, 0x20, 0x18, 0x18, 0xff,
    0x18, 0x1c, 0x18, 0xff, 0x20, 0x1c, 0x18, 0xff, 0x20, 0x1c, 0x18, 0xff,
    0x18, 0x18, 0x18, 0xff, 0x20, 0x18, 0x18, 0xff, 0x20, 0x18, 0x18, 0xff,
    0x18, 0x18, 0x18, 0xff, 0x18, 0x1c, 0x18, 0xff, 0x20, 0x18, 0x18, 0xff,
    0x18, 0x18, 0x18, 0xff, 0x20, 0x1c, 0x18, 0xff, 0x20, 0x1c, 0x18, 0xff,
    0x18, 0x18, 0x18, 0xff, 0x18, 0x18, 0x18, 0xff, 0x20, 0x18, 0x18, 0xff,
    0x18, 0x1c, 0x18, 0xff, 0x20, 0x18, 0x18, 0xff, 0x18, 0x18, 0x18, 0xff,
    0x18, 0x1c, 0x18, 0xff, 0x20, 0x18, 0x18, 0xff, 0x20, 0x18, 0x18, 0xff,
    0x18, 0x18, 0x18, 0xff, 0x20, 0x1c, 0x18, 0xff, 0x18, 0x18, 0x18, 0xff,
    0x18, 0x18, 0x18, 0xff, 0x20, 0x18, 0x18, 0xff, 0x18, 0x18, 0x18, 0xff,
    0x20, 0x18, 0x18, 0xff, 0x18, 0x1c, 0x18, 0xff, 0x20, 0x18, 0x18, 0xff,
    0x20, 0x18, 0x18, 0xff, 0x18, 0x1c, 0x18, 0xff, 0x20, 0x18, 0x18, 0xff,
    0x18, 0x18, 0x18, 0xff, 0x18, 0x1c, 0x18, 0xff, 0x20, 0x18, 0x18, 0xff,
    0x18, 0x18, 0x18, 0xff, 0x18, 0x1c, 0x18, 0xff, 0x20, 0x18, 0x18, 0xff,
    0x20, 0x18, 0x18, 0xff, 0x18, 0x18, 0x18, 0xff, 0x20, 0x1c, 0x18, 0xff,
    0x18, 0x18, 0x18, 0xff, 0x18, 0x18, 0x18, 0xff, 0x20, 0x1c, 0x18, 0xff,
    0x18, 0x18, 0x18, 0xff, 0x18, 0x18, 0x18, 0xff, 0x20, 0x18, 0x18, 0xff,
    0x18, 0x18, 0x18, 0xff, 0x20, 0x18, 0x18, 0xff, 0x20, 0x1c, 0x18, 0xff,
    0x18, 0x18, 0x18, 0xff, 0x20, 0x18, 0x18, 0xff, 0x18, 0x18, 0x18, 0xff,
    0x20, 0x1c, 0x18, 0xff, 0x18, 0x18, 0x18, 0xff, 0x20, 0x18, 0x18, 0xff,
    0x20, 0x1c, 0x18, 0xff, 0x20, 0x18, 0x18, 0xff, 0x18, 0x18, 0x18, 0xff,
    0x20, 0x18, 0x18, 0xff, 0x20, 0x18, 0x18, 0xff, 0x18, 0x18, 0x18, 0xff,
    0x20, 0x18, 0x18, 0xff, 0x18, 0x1c, 0x18, 0xff, 0x20, 0x18, 0x18, 0xff,
    0x20, 0x18, 0x18, 0xff, 0x18, 0x1c, 0x18, 0xff, 0x20, 0x18, 0x18, 0xff,
    0x18, 0x18, 0x18, 0xff, 0x18, 0x1c, 0x18, 0xff, 0x20, 0x18, 0x18, 0xff,
    0x18, 0x18, 0x18, 0xff, 0x20, 0x18, 0x18, 0xff, 0x20, 0x18, 0x18, 0xff,
    0x18, 0x1c, 0x18, 0xff, 0x20, 0x18, 0x18, 0xff, 0x18, 0x18, 0x18, 0xff,
    0x20, 0x18, 0x18, 0xff, 0x18, 0x18, 0x18, 0xff, 0x18, 0x1c, 0x18, 0xff,
    0x20, 0x18, 0x18, 0xff, 0x20, 0x18, 0x18, 0xff, 0x18, 0x1c, 0x18, 0xff,
    0x20, 0x18, 0x18, 0xff, 0x20, 0x18, 0x18, 0xff, 0x18, 0x18, 0x18, 0xff,
    0x18, 0x18, 0x18, 0xff, 0x20, 0x18, 0x18, 0xff, 0x18, 0x1c, 0x18, 0xff,
    0x20, 0x18, 0x18, 0xff, 0x18, 0x18, 0x18, 0xff, 0x20, 0x18, 0x18, 0xff,
    0x20, 0x18, 0x18, 0xff, 0x18, 0x18, 0x18, 0xff, 0x18, 0x18, 0x18, 0xff,
    0x20, 0x1c, 0x18, 0xff, 0x18, 0x18, 0x18, 0xff, 0x18, 0x18, 0x18, 0xff,
    0x20, 0x18, 0x18, 0xff, 0x18, 0x1c, 0x18, 0xff, 0x20, 0x18, 0x18, 0xff,
    0x20, 0x18, 0x18, 0xff, 0x18, 0x1c, 0x18, 0xff, 0x20, 0x18, 0x18, 0xff,
    0x20, 0x1c, 0x18, 0xff, 0x18, 0x18, 0x18, 0xff, 0x20, 0x1c, 0x18, 0xff,
    0x18, 0x18, 0x18, 0xff, 0x18, 0x18, 0x18, 0xff, 0x20, 0x1c, 0x18, 0xff,
    0x18, 0x18, 0x18, 0xff, 0x18, 0x18, 0x18, 0xff, 0x20, 0x1c, 0x18, 0xff,
    0x18, 0x18, 0x18, 0xff, 0x18, 0x18, 0x18, 0xff, 0x20, 0x18, 0x18, 0xff,
    0x18, 0x18, 0x18, 0xff, 0x18, 0x18, 0x18, 0xff, 0x20, 0x18, 0x18, 0xff,
    0x18, 0x18, 0x18, 0xff, 0x18, 0x1c, 0x18, 0xff, 0x20, 0x18, 0x18, 0xff,
    0x70, 0x70, 0x70, 0xa2, 0xf8, 0xfc, 0xf8, 0x00, 0x70, 0x6c, 0x68, 0xcf,
    0x30, 0x30, 0x30, 0xff, 0x30, 0x30, 0x30, 0xff, 0x30, 0x30, 0x30, 0xff,
    0x30, 0x30, 0x30, 0xff, 0x30, 0x34, 0x30, 0xff, 0x38, 0x30, 0x30, 0xff,
    0x30, 0x30, 0x30, 0xff, 0x30, 0x30, 0x28, 0xff, 0x30, 0x30, 0x30, 0xff,
    0x30, 0x30, 0x30, 0xff, 0x30, 0x30, 0x30, 0xff, 0x30, 0x30, 0x28, 0xff,
    0x30, 0x30, 0x30, 0xff, 0x30, 0x30, 0x30, 0xff, 0x30, 0x30, 0x30, 0xff,
    0x30, 0x30, 0x30, 0xff, 0x30, 0x30, 0x30, 0xff, 0x30, 0x30, 0x28, 0xff,
    0x30, 0x30, 0x30, 0xff, 0x30, 0x30, 0x28, 0xff, 0x30, 0x2c, 0x28, 0xff,
    0x30, 0x30, 0x30, 0xff, 0x30, 0x30, 0x28, 0xff, 0x30, 0x30, 0x30, 0xff,
    0x30, 0x30, 0x28, 0xff, 0x30, 0x2c, 0x30, 0xff, 0x30, 0x30, 0x30, 0xff,
    0x30, 0x30, 0x28, 0xff, 0x30, 0x2c, 0x30, 0xff, 0x30, 0x30, 0x30, 0xff,
    0x30, 0x2c, 0x28, 0xff, 0x30, 0x30, 0x30, 0xff, 0x30, 0x2c, 0x30, 0xff,
    0x30, 0x30, 0x30, 0xff, 0x28, 0x2c, 0x28, 0xff, 0x30, 0x2c, 0x30, 0xff,
    0x30, 0x30, 0x30, 0xff, 0x30, 0x2c, 0x28, 0xff, 0x30, 0x30, 0x30, 0xff,
    0x30, 0x30, 0x30, 0xff, 0x30, 0x2c, 0x28, 0xff, 0x30, 0x2c, 0x30, 0xff,
    0x30, 0x30, 0x30, 0xff, 0x30, 0x2c, 0x28, 0xff, 0x30, 0x2c, 0x30, 0xff,
    0x30, 0x2c, 0x30, 0xff, 0x28, 0x2c, 0x28, 0xff, 0x30, 0x2c, 0x28, 0xff,
    0x30, 0x2c, 0x30, 0xff, 0x28, 0x2c, 0x28, 0xff, 0x30, 0x30, 0x30, 0xff,
    0x30, 0x2c, 0x28, 0xff, 0x28, 0x2c, 0x28, 0xff, 0x30, 0x2c, 0x30, 0xff,
    0x30, 0x2c, 0x28, 0xff, 0x28, 0x2c, 0x28, 0xff, 0x30, 0x2c, 0x30, 0xff,
    0x30, 0x2c, 0x28, 0xff, 0x28, 0x2c, 0x30, 0xff, 0x30, 0x2c, 0x28, 0xff,
    0x30, 0x2c, 0x28, 0xff, 0x30, 0x2c, 0x30, 0xff, 0x28, 0x2c, 0x28, 0xff,
    0x30, 0x2c, 0x28, 0xff, 0x30, 0x2c, 0x28, 0xff, 0x28, 0x2c, 0x28, 0xff,
    0x28, 0x28, 0x28, 0xff, 0x30, 0x2c, 0x30, 0xff, 0x30, 0x28, 0x28, 0xff,
    0x28, 0x2c, 0x28, 0xff, 0x30, 0x2c, 0x30, 0xff, 0x28, 0x2c, 0x28, 0xff,
    0x28, 0x28, 0x28, 0xff, 0x30, 0x2c, 0x28, 0xff, 0x30, 0x2c, 0x30, 0xff,
    0x28, 0x28, 0x28, 0xff, 0x30, 0x28, 0x28, 0xff, 0x28, 0x2c, 0x30, 0xff,
    0x30, 0x28, 0x28, 0xff, 0x28, 0x2c, 0x28, 0xff, 0x28, 0x2c, 0x28, 0xff,
    0x30, 0x28, 0x28, 0xff, 0x30, 0x2c, 0x28, 0xff, 0x28, 0x28, 0x28, 0xff,
    0x28, 0x28, 0x28, 0xff, 0x30, 0x2c, 0x28, 0xff, 0x28, 0x2c, 0x28, 0xff,
    0x30, 0x28, 0x28, 0xff, 0x28, 0x28, 0x28, 0xff, 0x30, 0x28, 0x28, 0xff,
    0x28, 0x2c, 0x28, 0xff, 0x28, 0x28, 0x28, 0xff, 0x30, 0x28, 0x28, 0xff,
    0x28, 0x28, 0x28, 0xff, 0x30, 0x2c, 0x28, 0xff, 0x30, 0x28, 0x28, 0xff,
    0x28, 0x28, 0x28, 0xff, 0x28, 0x28, 0x28, 0xff, 0x30, 0x28, 0x28, 0xff,
    0x28, 0x28, 0x28, 0xff, 0x28, 0x28, 0x28, 0xff, 0x30, 0x28, 0x28, 0xff,
    0x28, 0x28, 0x28, 0xff, 0x28, 0x28, 0x28, 0xff, 0x28, 0x28, 0x20, 0xff,
    0x28, 0x28, 0x28, 0xff, 0x30, 0x28, 0x28, 0xff, 0x28, 0x28, 0x28, 0xff,
    0x30, 0x28, 0x28, 0xff, 0x28, 0x28, 0x28, 0xff, 0x28, 0x28, 0x28, 0xff,
    0x30, 0x28, 0x28, 0xff, 0x28, 0x28, 0x20, 0xff, 0x28, 0x24, 0x28, 0xff,
    0x28, 0x28, 0x28, 0xff, 0x28, 0x28, 0x20, 0xff, 0x28, 0x28, 0x28, 0xff,
    0x28, 0x28, 0x20, 0xff, 0x28, 0x24, 0x28, 0xff, 0x28, 0x28, 0x28, 0xff,
    0x28, 0x28, 0x28, 0xff, 0x28, 0x24, 0x28, 0xff, 0x28, 0x28, 0x20, 0xff,
    0x28, 0x28, 0x28, 0xff, 0x28, 0x28, 0x28, 0xff, 0x28, 0x24, 0x20, 0xff,
    0x28, 0x24, 0x28, 0xff, 0x28, 0x28, 0x20, 0xff, 0x28, 0x24, 0x28, 0xff,
    0x28, 0x28, 0x28, 0xff, 0x28, 0x28, 0x20, 0xff, 0x28, 0x24, 0x28, 0xff,
    0x28, 0x28, 0x28, 0xff, 0x28, 0x24, 0x20, 0xff, 0x28, 0x24, 0x28, 0xff,
    0x28, 0x28, 0x28, 0xff, 0x28, 0x28, 0x28, 0xff, 0x28, 0x24, 0x20, 0xff,
    0x20, 0x24, 0x28, 0xff, 0x28, 0x24, 0x28, 0xff, 0x28, 0x24, 0x20, 0xff,
    0x28, 0x24, 0x28, 0xff, 0x28, 0x28, 0x20, 0xff, 0x28, 0x24, 0x20, 0xff,
    0x28, 0x24, 0x20, 0xff, 0x28, 0x24, 0x28, 0xff, 0x20, 0x28, 0x28, 0xff,
    0x28, 0x24, 0x20, 0xff, 0x28, 0x24, 0x20, 0xff, 0x28, 0x24, 0x28, 0xff,
    0x28, 0x24, 0x20, 0xff, 0x28, 0x24, 0x20, 0xff, 0x28, 0x24, 0x28, 0xff,
    0x28, 0x24, 0x20, 0xff, 0x28, 0x24, 0x20, 0xff, 0x28, 0x24, 0x28, 0xff,
    0x20, 0x24, 0x20, 0xff, 0x28, 0x24, 0x28, 0xff, 0x28, 0x24, 0x20, 0xff,
    0x28, 0x24, 0x20, 0xff, 0x20, 0x24, 0x28, 0xff, 0x28, 0x24, 0x20, 0xff,
    0x28, 0x24, 0x20, 0xff, 0x20, 0x24, 0x28, 0xff, 0x28, 0x24, 0x20, 0xff,
    0x28, 0x24, 0x20, 0xff, 0x20, 0x24, 0x20, 0xff, 0x28, 0x20, 0x20, 0xff,
    0x20, 0x24, 0x20, 0xff, 0x28, 0x24, 0x20, 0xff, 0x20, 0x24, 0x20, 0xff,
    0x28, 0x20, 0x20, 0xff, 0x28, 0x24, 0x28, 0xff, 0x20, 0x24, 0x28, 0xff,
    0x28, 0x24, 0x20, 0xff, 0x28, 0x24, 0x20, 0xff, 0x20, 0x24, 0x28, 0xff,
    0x28, 0x20, 0x20, 0xff, 0x20, 0x24, 0x20, 0xff, 0x28, 0x24, 0x28, 0xff,
    0x20, 0x20, 0x20, 0xff, 0x20, 0x20, 0x20, 0xff, 0x28, 0x24, 0x20, 0xff,
    0x28, 0x24, 0x20, 0xff, 0x20, 0x20, 0x20, 0xff, 0x28, 0x24, 0x20, 0xff,
    0x28, 0x20, 0x20, 0xff, 0x20, 0x20, 0x20, 0xff, 0x20, 0x24, 0x20, 0xff,
    0x20, 0x24, 0x20, 0xff, 0x28, 0x24, 0x28, 0xff, 0x20, 0x20, 0x20, 0xff,
    0x28, 0x20, 0x20, 0xff, 0x28, 0x20, 0x20, 0xff, 0x20, 0x24, 0x20, 0xff,
    0x28, 0x20, 0x20, 0xff, 0x20, 0x24, 0x20, 0xff, 0x20, 0x20, 0x20, 0xff,
    0x28, 0x20, 0x20, 0xff, 0x20, 0x20, 0x20, 0xff, 0x20, 0x24, 0x20, 0xff,
    0x28, 0x20, 0x20, 0xff, 0x20, 0x24, 0x20, 0xff, 0x20, 0x20, 0x20, 0xff,
    0x28, 0x20, 0x20, 0xff, 0x20, 0x20, 0x20, 0xff, 0x20, 0x20, 0x20, 0xff,
    0x28, 0x20, 0x20, 0xff, 0x20, 0x20, 0x18, 0xff, 0x20, 0x20, 0x20, 0xff,
    0x28, 0x20, 0x20, 0xff, 0x20, 0x20, 0x18, 0xff, 0x20, 0x20, 0x20, 0xff,
    0x20, 0x20, 0x20, 0xff, 0x28, 0x20, 0x20, 0xff, 0x20, 0x20, 0x20, 0xff,
    0x20, 0x20, 0x20, 0xff, 0x28, 0x20, 0x20, 0xff, 0x20, 0x20, 0x20, 0xff,
    0x20, 0x20, 0x20, 0xff, 0x28, 0x20, 0x18, 0xff, 0x20, 0x20, 0x20, 0xff,
    0x20, 0x1c, 0x18, 0xff, 0x28, 0x20, 0x20, 0xff, 0x20, 0x20, 0x20, 0xff,
    0x20, 0x20, 0x18, 0xff, 0x20, 0x20, 0x20, 0xff, 0x28, 0x20, 0x20, 0xff,
    0x20, 0x1c, 0x18, 0xff, 0x20, 0x20, 0x20, 0xff, 0x20, 0x20, 0x20, 0xff,
    0x20, 0x20, 0x20, 0xff, 0x20, 0x20, 0x20, 0xff, 0x20, 0x20, 0x20, 0xff,
    0x20, 0x20, 0x20, 0xff, 0x20, 0x1c, 0x18, 0xff, 0x20, 0x20, 0x20, 0xff,
    0x20, 0x1c, 0x20, 0xff, 0x20, 0x1c, 0x18, 0xff, 0x20, 0x20, 0x20, 0xff,
    0x20, 0x1c, 0x20, 0xff, 0x28, 0x20, 0x18, 0xff, 0x20, 0x20, 0x20, 0xff,
    0x20, 0x1c, 0x20, 0xff, 0x20, 0x20, 0x18, 0xff, 0x20, 0x1c, 0x20, 0xff,
    0x20, 0x20, 0x20, 0xff, 0x20, 0x1c, 0x20, 0xff, 0x20, 0x1c, 0x18, 0xff,
    0x20, 0x20, 0x20, 0xff, 0x20, 0x20, 0x20, 0xff, 0x20, 0x1c, 0x18, 0xff,
    0x20, 0x1c, 0x20, 0xff, 0x20, 0x1c, 0x18, 0xff, 0x20, 0x20, 0x18, 0xff,
    0x20, 0x1c, 0x20, 0xff, 0x20, 0x1c, 0x18, 0xff, 0x20, 0x1c, 0x18, 0xff,
    0x20, 0x1c, 0x20, 0xff, 0x20, 0x1c, 0x20, 0xff, 0x20, 0x1c, 0x18, 0xff,
    0x20, 0x20, 0x18, 0xff, 0x20, 0x1c, 0x20, 0xff, 0x20, 0x1c, 0x18, 0xff,
    0x20, 0x20, 0x20, 0xff, 0x20, 0x20, 0x20, 0xff, 0x20, 0x1c, 0x18, 0xff,
    0x20, 0x1c, 0x20, 0xff, 0x18, 0x1c, 0x18, 0xff, 0x20, 0x1c, 0x18, 0xff,
    0x20, 0x1c, 0x20, 0xff, 0x20, 0x1c, 0x18, 0xff, 0x18, 0x1c, 0x18, 0xff,
    0x20, 0x1c, 0x20, 0xff, 0x20, 0x1c, 0x18, 0xff, 0x20, 0x1c, 0x18, 0xff,
    0x20, 0x1c, 0x20, 0xff, 0x20, 0x1c, 0x18, 0xff, 0x20, 0x1c, 0x18, 0xff,
    0x18, 0x1c, 0x18, 0xff, 0x20, 0x1c, 0x18, 0xff, 0x20, 0x1c, 0x20, 0xff,
    0x20, 0x1c, 0x18, 0xff, 0x18, 0x1c, 0x20, 0xff, 0x20, 0x1c, 0x18, 0xff,
    0x20, 0x1c, 0x18, 0xff, 0x20, 0x1c, 0x18, 0xff, 0x20, 0x1c, 0x18, 0xff,
    0x20, 0x1c, 0x18, 0xff, 0x20, 0x1c, 0x20, 0xff, 0x20, 0x18, 0x18, 0xff,
    0x18, 0x1c, 0x18, 0xff, 0x20, 0x1c, 0x18, 0xff, 0x18, 0x1c, 0x20, 0xff,
    0x20, 0x18, 0x18, 0xff, 0x20, 0x1c, 0x18, 0xff, 0x20, 0x1c, 0x18, 0xff,
    0x20, 0x18, 0x18, 0xff, 0x18, 0x1c, 0x18, 0xff, 0x20, 0x1c, 0x18, 0xff,
    0x20, 0x1c, 0x18, 0xff, 0x20, 0x18, 0x18, 0xff, 0x18, 0x1c, 0x18, 0xff,
    0x20, 0x1c, 0x18, 0xff, 0x20, 0x1c, 0x18, 0xff, 0x18, 0x18, 0x18, 0xff,
    0x20, 0x18, 0x18, 0xff, 0x20, 0x1c, 0x18, 0xff, 0x18, 0x1c, 0x18, 0xff,
    0x18, 0x18, 0x18, 0xff, 0x20, 0x1c, 0x18, 0xff, 0x18, 0x1c, 0x18, 0xff,
    0x20, 0x18, 0x18, 0xff, 0x20, 0x18, 0x20, 0xff, 0x18, 0x1c, 0x18, 0xff,
    0x20, 0x18, 0x18, 0xff, 0x20, 0x1c, 0x20, 0xff, 0x20, 0x1c, 0x18, 0xff,
    0x18, 0x18, 0x18, 0xff, 0x20, 0x18, 0x18, 0xff, 0x20, 0x1c, 0x18, 0xff,
    0x20, 0x18, 0x18, 0xff, 0x18, 0x1c, 0x18, 0xff, 0x20, 0x18, 0x18, 0xff,
    0x18, 0x18, 0x18, 0xff, 0x20, 0x1c, 0x18, 0xff, 0x18, 0x18, 0x18, 0xff,
    0x18, 0x18, 0x18, 0xff, 0x18, 0x18, 0x18, 0xff, 0x18, 0x1c, 0x18, 0xff,
    0x20, 0x18, 0x18, 0xff, 0x20, 0x18, 0x18, 0xff, 0x18, 0x1c, 0x18, 0xff,
    0x18, 0x18, 0x18, 0xff, 0x20, 0x18, 0x18, 0xff, 0x18, 0x18, 0x18, 0xff,
    0x20, 0x18, 0x18, 0xff, 0x20, 0x1c, 0x18, 0xff, 0x18, 0x18, 0x18, 0xff,
    0x20, 0x18, 0x18, 0xff, 0x20, 0x18, 0x18, 0xff, 0x18, 0x1c, 0x18, 0xff,
    0x20, 0x18, 0x18, 0xff, 0x18, 0x18, 0x18, 0xff, 0x20, 0x18, 0x18, 0xff,
    0x18, 0x18, 0x18, 0xff, 0x20, 0x18, 0x18, 0xff, 0x20, 0x18, 0x18, 0xff,
    0x18, 0x1c, 0x18, 0xff, 0x20, 0x18, 0x18, 0xff, 0x18, 0x18, 0x18, 0xff,
    0x18, 0x1c, 0x18, 0xff, 0x20, 0x18, 0x18, 0xff, 0x18, 0x18, 0x18, 0xff,
    0x18, 0x18, 0x18, 0xff, 0x20, 0x18, 0x18, 0xff, 0x18, 0x1c, 0x18, 0xff,
    0x20, 0x18, 0x18, 0xff, 0x20, 0x18, 0x18, 0xff, 0x18, 0x18, 0x18, 0xff,
    0x20, 0x18, 0x18, 0xff, 0x20, 0x18, 0x18, 0xff, 0x18, 0x1c, 0x18, 0xff,
    0x18, 0x18, 0x18, 0xff, 0x20, 0x18, 0x18, 0xff, 0x18, 0x1c, 0x18, 0xff,
    0x20, 0x18, 0x18, 0xff, 0x20, 0x18, 0x18, 0xff, 0x18, 0x18, 0x18, 0xff,
    0x20, 0x18, 0x18, 0xff, 0x20, 0x1c, 0x18, 0xff, 0x18, 0x18, 0x18, 0xff,
    0x20, 0x1c, 0x18, 0xff, 0x18, 0x18, 0x18, 0xff, 0x18, 0x18, 0x18, 0xff,
    0x20, 0x18, 0x18, 0xff, 0x18, 0x18, 0x18, 0xff, 0x20, 0x18, 0x18, 0xff,
    0x20, 0x18, 0x18, 0xff, 0x18, 0x18, 0x18, 0xff, 0x18, 0x18, 0x18, 0xff,
    0x18, 0x18, 0x18, 0xff, 0x20, 0x1c, 0x18, 0xff, 0x18, 0x18, 0x18, 0xff,
    0x20, 0x18, 0x18, 0xff, 0x18, 0x1c, 0x18, 0xff, 0x18, 0x18, 0x18, 0xff,
    0x20, 0x18, 0x18, 0xff, 0x20, 0x18, 0x18, 0xff, 0x18, 0x18, 0x18, 0xff,
    0x18, 0x1c, 0x18, 0xff, 0x20, 0x18, 0x18, 0xff, 0x20, 0x18, 0x18, 0xff,
    0x18, 0x1c, 0x18, 0xff, 0x20, 0x18, 0x18, 0xff, 0x20, 0x18, 0x18, 0xff,
    0x18, 0x1c, 0x18, 0xff, 0x18, 0x18, 0x18, 0xff, 0x20, 0x18, 0x18, 0xff,
    0x18, 0x18, 0x18, 0xff, 0x20, 0x18, 0x18, 0xff, 0x20, 0x1c, 0x18, 0xff,
    0x18, 0x18, 0x18, 0xff, 0x20, 0x18, 0x18, 0xff, 0x18, 0x1c, 0x18, 0xff,
    0x20, 0x18, 0x18, 0xff, 0x18, 0x18, 0x18, 0xff, 0x20, 0x18, 0x18, 0xff,
    0x18, 0x1c, 0x18, 0xff, 0x18, 0x18, 0x18, 0xff, 0x20, 0x1c, 0x18, 0xff,
    0x20, 0x1c, 0x18, 0xff, 0x18, 0x18, 0x18, 0xff, 0x20, 0x18, 0x18, 0xff,
    0x18, 0x18, 0x18, 0xff, 0x18, 0x1c, 0x18, 0xff, 0x20, 0x18, 0x18, 0xff,
    0x18, 0x18, 0x18, 0xff, 0x20, 0x1c, 0x18, 0xff, 0x20, 0x18, 0x18, 0xff,
    0x18, 0x18, 0x18, 0xff, 0x20, 0x1c, 0x18, 0xff, 0x18, 0x18, 0x18, 0xff,
    0x20, 0x18, 0x18, 0xff, 0x18, 0x1c, 0x18, 0xff, 0x18, 0x18, 0x18, 0xff,
    0x20, 0x18, 0x18, 0xff, 0x18, 0x18, 0x18, 0xff, 0x18, 0x1c, 0x18, 0xff,
    0x20, 0x18, 0x18, 0xff, 0x18, 0x18, 0x18, 0xff, 0x20, 0x1c, 0x18, 0xff,
    0x20, 0x18, 0x18, 0xff, 0x18, 0x18, 0x18, 0xff, 0x20, 0x1c, 0x18, 0xff,
    0x20, 0x18, 0x18, 0xff, 0x18, 0x18, 0x18, 0xff, 0x20, 0x18, 0x18, 0xff,
    0x20, 0x1c, 0x18, 0xff, 0x18, 0x18, 0x18, 0xff, 0x20, 0x1c, 0x18, 0xff,
    0x20, 0x1c, 0x18, 0xff, 0x18, 0x18, 0x18, 0xff, 0x20, 0x18, 0x18, 0xff,
    0x20, 0x1c, 0x18, 0xff, 0x18, 0x18, 0x18, 0xff, 0x20, 0x18, 0x18, 0xff,
    0x20, 0x18, 0x18, 0xff, 0x70, 0x70, 0x70, 0x9e, 0xf8, 0xfc, 0xf8, 0x00,
    0x70, 0x6c, 0x68, 0xcf, 0x30, 0x30, 0x30, 0xff, 0x30, 0x34, 0x30, 0xff,
    0x38, 0x30, 0x30, 0xff, 0x30, 0x30, 0x30, 0xff, 0x30, 0x30, 0x30, 0xff,
    0x38, 0x30, 0x30, 0xff, 0x30, 0x30, 0x30, 0xff, 0x30, 0x30, 0x30, 0xff,
    0x38, 0x30, 0x30, 0xff, 0x30, 0x30, 0x30, 0xff, 0x30, 0x30, 0x30, 0xff,
    0x30, 0x30, 0x30, 0xff, 0x30, 0x30, 0x30, 0xff, 0x38, 0x30, 0x28, 0xff,
    0x30, 0x30, 0x30, 0xff, 0x30, 0x30, 0x30, 0xff, 0x30, 0x30, 0x30, 0xff,
    0x30, 0x30, 0x30, 0xff, 0x30, 0x30, 0x30, 0xff, 0x30, 0x30, 0x30, 0xff,
    0x30, 0x30, 0x30, 0xff, 0x30, 0x2c, 0x30, 0xff, 0x30, 0x30, 0x30, 0xff,
    0x30, 0x30, 0x28, 0xff, 0x30, 0x2c, 0x30, 0xff, 0x30, 0x30, 0x30, 0xff,
    0x30, 0x30, 0x28, 0xff, 0x30, 0x30, 0x30, 0xff, 0x30, 0x2c, 0x30, 0xff,
    0x30, 0x2c, 0x28, 0xff, 0x30, 0x30, 0x30, 0xff, 0x30, 0x2c, 0x28, 0xff,
    0x30, 0x30, 0x30, 0xff, 0x30, 0x30, 0x30, 0xff, 0x30, 0x2c, 0x28, 0xff,
    0x30, 0x30, 0x30, 0xff, 0x28, 0x30, 0x28, 0xff, 0x30, 0x2c, 0x28, 0xff,
    0x30, 0x2c, 0x30, 0xff, 0x30, 0x30, 0x28, 0xff, 0x28, 0x2c, 0x28, 0xff,
    0x30, 0x2c, 0x30, 0xff, 0x30, 0x2c, 0x28, 0xff, 0x28, 0x2c, 0x28, 0xff,
    0x30, 0x30, 0x30, 0xff, 0x30, 0x2c, 0x30, 0xff, 0x30, 0x2c, 0x28, 0xff,
    0x28, 0x30, 0x30, 0xff, 0x30, 0x2c, 0x28, 0xff, 0x30, 0x2c, 0x30, 0xff,
    0x28, 0x2c, 0x30, 0xff, 0x30, 0x2c, 0x28, 0xff, 0x30, 0x2c, 0x28, 0xff,
    0x30, 0x2c, 0x30, 0xff, 0x30, 0x2c, 0x28, 0xff, 0x30, 0x2c, 0x28, 0xff,
    0x28, 0x2c, 0x30, 0xff, 0x30, 0x2c, 0x28, 0xff, 0x30, 0x2c, 0x28, 0xff,
    0x28, 0x2c, 0x30, 0xff, 0x30, 0x2c, 0x28, 0xff, 0x30, 0x2c, 0x30, 0xff,
    0x28, 0x2c, 0x30, 0xff, 0x30, 0x28, 0x28, 0xff, 0x30, 0x2c, 0x28, 0xff,
    0x28, 0x2c, 0x28, 0xff, 0x30, 0x2c, 0x30, 0xff, 0x28, 0x2c, 0x28, 0xff,
    0x28, 0x2c, 0x28, 0xff, 0x30, 0x28, 0x28, 0xff, 0x28, 0x2c, 0x30, 0xff,
    0x30, 0x2c, 0x28, 0xff, 0x28, 0x28, 0x28, 0xff, 0x28, 0x2c, 0x30, 0xff,
    0x30, 0x2c, 0x28, 0xff, 0x30, 0x28, 0x28, 0xff, 0x28, 0x2c, 0x28, 0xff,
    0x30, 0x28, 0x28, 0xff, 0x28, 0x28, 0x28, 0xff, 0x30, 0x2c, 0x28, 0xff,
    0x28, 0x28, 0x30, 0xff, 0x28, 0x2c, 0x28, 0xff, 0x30, 0x2c, 0x28, 0xff,
    0x28, 0x28, 0x28, 0xff, 0x28, 0x28, 0x30, 0xff, 0x30, 0x2c, 0x28, 0xff,
    0x28, 0x28, 0x28, 0xff, 0x28, 0x28, 0x28, 0xff, 0x30, 0x28, 0x28, 0xff,
    0x28, 0x28, 0x28, 0xff, 0x30, 0x28, 0x28, 0xff, 0x28, 0x2c, 0x28, 0xff,
    0x28, 0x28, 0x28, 0xff, 0x28, 0x28, 0x28, 0xff, 0x28, 0x28, 0x28, 0xff,
    0x30, 0x2c, 0x28, 0xff, 0x28, 0x28, 0x28, 0xff, 0x28, 0x2c, 0x28, 0xff,
    0x28, 0x28, 0x28, 0xff, 0x28, 0x28, 0x28, 0xff, 0x28, 0x28, 0x28, 0xff,
    0x30, 0x28, 0x28, 0xff, 0x28, 0x28, 0x28, 0xff, 0x28, 0x28, 0x28, 0xff,
    0x30, 0x28, 0x28, 0xff, 0x28, 0x28, 0x28, 0xff, 0x28, 0x28, 0x28, 0xff,
    0x28, 0x28, 0x20, 0xff, 0x28, 0x28, 0x28, 0xff, 0x28, 0x28, 0x28, 0xff,
    0x28, 0x28, 0x20, 0xff, 0x28, 0x28, 0x28, 0xff, 0x28, 0x28, 0x28, 0xff,
    0x28, 0x28, 0x28, 0xff, 0x30, 0x24, 0x28, 0xff, 0x28, 0x28, 0x28, 0xff,
    0x28, 0x28, 0x20, 0xff, 0x28, 0x28, 0x28, 0xff, 0x28, 0x28, 0x28, 0xff,
    0x30, 0x24, 0x20, 0xff, 0x28, 0x28, 0x28, 0xff, 0x28, 0x28, 0x28, 0xff,
    0x30, 0x24, 0x28, 0xff, 0x28, 0x28, 0x28, 0xff, 0x28, 0x28, 0x28, 0xff,
    0x28, 0x24, 0x20, 0xff, 0x28, 0x28, 0x28, 0xff, 0x28, 0x24, 0x28, 0xff,
    0x28, 0x24, 0x20, 0xff, 0x28, 0x28, 0x28, 0xff, 0x28, 0x24, 0x20, 0xff,
    0x28, 0x28, 0x28, 0xff, 0x28, 0x28, 0x28, 0xff, 0x28, 0x24, 0x20, 0xff,
    0x28, 0x28, 0x20, 0xff, 0x28, 0x24, 0x28, 0xff, 0x28, 0x24, 0x28, 0xff,
    0x28, 0x24, 0x20, 0xff, 0x28, 0x24, 0x28, 0xff, 0x28, 0x28, 0x20, 0xff,
    0x28, 0x24, 0x28, 0xff, 0x20, 0x24, 0x28, 0xff, 0x28, 0x24, 0x28, 0xff,
    0x28, 0x24, 0x20, 0xff, 0x28, 0x24, 0x28, 0xff, 0x28, 0x24, 0x20, 0xff,
    0x28, 0x28, 0x28, 0xff, 0x28, 0x24, 0x28, 0xff, 0x20, 0x28, 0x20, 0xff,
    0x28, 0x24, 0x28, 0xff, 0x28, 0x24, 0x28, 0xff, 0x20, 0x24, 0x20, 0xff,
    0x28, 0x24, 0x20, 0xff, 0x28, 0x24, 0x28, 0xff, 0x28, 0x24, 0x20, 0xff,
    0x28, 0x24, 0x20, 0xff, 0x28, 0x24, 0x28, 0xff, 0x28, 0x24, 0x20, 0xff,
    0x28, 0x24, 0x28, 0xff, 0x20, 0x24, 0x20, 0xff, 0x28, 0x24, 0x28, 0xff,
    0x28, 0x24, 0x20, 0xff, 0x20, 0x24, 0x28, 0xff, 0x28, 0x24, 0x20, 0xff,
    0x28, 0x20, 0x20, 0xff, 0x20, 0x24, 0x28, 0xff, 0x28, 0x24, 0x20, 0xff,
    0x28, 0x24, 0x28, 0xff, 0x20, 0x20, 0x20, 0xff, 0x28, 0x24, 0x20, 0xff,
    0x28, 0x24, 0x28, 0xff, 0x20, 0x20, 0x20, 0xff, 0x28, 0x24, 0x20, 0xff,
    0x20, 0x24, 0x20, 0xff, 0x28, 0x20, 0x20, 0xff, 0x20, 0x24, 0x28, 0xff,
    0x28, 0x24, 0x20, 0xff, 0x28, 0x20, 0x20, 0xff, 0x20, 0x20, 0x20, 0xff,
    0x28, 0x24, 0x20, 0xff, 0x28, 0x20, 0x20, 0xff, 0x20, 0x24, 0x20, 0xff,
    0x20, 0x20, 0x28, 0xff, 0x28, 0x20, 0x20, 0xff, 0x20, 0x24, 0x20, 0xff,
    0x20, 0x24, 0x20, 0xff, 0x28, 0x20, 0x20, 0xff, 0x28, 0x20, 0x20, 0xff,
    0x20, 0x24, 0x20, 0xff, 0x28, 0x20, 0x20, 0xff, 0x20, 0x24, 0x20, 0xff,
    0x20, 0x20, 0x20, 0xff, 0x28, 0x20, 0x20, 0xff, 0x20, 0x20, 0x20, 0xff,
    0x20, 0x20, 0x20, 0xff, 0x28, 0x20, 0x20, 0xff, 0x20, 0x24, 0x20, 0xff,
    0x28, 0x20, 0x20, 0xff, 0x20, 0x20, 0x20, 0xff, 0x20, 0x24, 0x20, 0xff,
    0x28, 0x20, 0x20, 0xff, 0x20, 0x20, 0x20, 0xff, 0x20, 0x20, 0x20, 0xff,
    0x28, 0x20, 0x20, 0xff, 0x20, 0x20, 0x20, 0xff, 0x20, 0x20, 0x20, 0xff,
    0x28, 0x20, 0x20, 0xff, 0x28, 0x20, 0x20, 0xff, 0x20, 0x20, 0x20, 0xff,
    0x20, 0x20, 0x20, 0xff, 0x28, 0x20, 0x20, 0xff, 0x20, 0x20, 0x20, 0xff,
    0x20, 0x20, 0x20, 0xff, 0x20, 0x20, 0x20, 0xff, 0x20, 0x20, 0x18, 0xff,
    0x20, 0x20, 0x20, 0xff, 0x28, 0x20, 0x20, 0xff, 0x20, 0x20, 0x20, 0xff,
    0x20, 0x20, 0x20, 0xff, 0x28, 0x20, 0x20, 0xff, 0x20, 0x20, 0x20, 0xff,
    0x20, 0x20, 0x20, 0xff, 0x20, 0x20, 0x18, 0xff, 0x28, 0x20, 0x20, 0xff,
    0x20, 0x1c, 0x20, 0xff, 0x20, 0x1c, 0x20, 0xff, 0x28, 0x20, 0x20, 0xff,
    0x20, 0x20, 0x20, 0xff, 0x20, 0x20, 0x20, 0xff, 0x20, 0x1c, 0x20, 0xff,
    0x20, 0x20, 0x18, 0xff, 0x20, 0x1c, 0x20, 0xff, 0x20, 0x20, 0x20, 0xff,
    0x20, 0x20, 0x18, 0xff, 0x20, 0x1c, 0x20, 0xff, 0x20, 0x1c, 0x20, 0xff,
    0x20, 0x20, 0x18, 0xff, 0x20, 0x20, 0x20, 0xff, 0x20, 0x1c, 0x20, 0xff,
    0x20, 0x1c, 0x18, 0xff, 0x20, 0x20, 0x20, 0xff, 0x20, 0x1c, 0x18, 0xff,
    0x20, 0x20, 0x20, 0xff, 0x20, 0x1c, 0x20, 0xff, 0x20, 0x20, 0x18, 0xff,
    0x20, 0x20, 0x18, 0xff, 0x20, 0x1c, 0x20, 0xff, 0x20, 0x20, 0x20, 0xff,
    0x20, 0x1c, 0x18, 0xff, 0x20, 0x1c, 0x20, 0xff, 0x20, 0x20, 0x20, 0xff,
    0x20, 0x1c, 0x18, 0xff, 0x20, 0x1c, 0x20, 0xff, 0x20, 0x1c, 0x20, 0xff,
    0x20, 0x1c, 0x18, 0xff, 0x20, 0x20, 0x20, 0xff, 0x20, 0x1c, 0x18, 0xff,
    0x20, 0x20, 0x18, 0xff, 0x20, 0x1c, 0x20, 0xff, 0x20, 0x1c, 0x18, 0xff,
    0x20, 0x20, 0x20, 0xff, 0x20, 0x1c, 0x20, 0xff, 0x20, 0x1c, 0x18, 0xff,
    0x20, 0x1c, 0x18, 0xff, 0x20, 0x1c, 0x20, 0xff, 0x20, 0x1c, 0x18, 0xff,
    0x20, 0x20, 0x18, 0xff, 0x20, 0x1c, 0x20, 0xff, 0x20, 0x1c, 0x18, 0xff,
    0x20, 0x1c, 0x18, 0xff, 0x20, 0x1c, 0x20, 0xff, 0x20, 0x1c, 0x18, 0xff,
    0x20, 0x1c, 0x18, 0xff, 0x20, 0x1c, 0x20, 0xff, 0x20, 0x1c, 0x18, 0xff,
    0x18, 0x1c, 0x18, 0xff, 0x20, 0x1c, 0x20, 0xff, 0x20, 0x1c, 0x18, 0xff,
    0x20, 0x1c, 0x20, 0xff, 0x20, 0x1c, 0x18, 0xff, 0x20, 0x1c, 0x18, 0xff,
    0x20, 0x1c, 0x20, 0xff, 0x20, 0x1c, 0x18, 0xff, 0x20, 0x1c, 0x18, 0xff,
    0x18, 0x1c, 0x20, 0xff, 0x20, 0x1c, 0x18, 0xff, 0x20, 0x18, 0x20, 0xff,
    0x18, 0x1c, 0x18, 0xff, 0x18, 0x1c, 0x18, 0xff, 0x20, 0x18, 0x18, 0xff,
    0x20, 0x1c, 0x20, 0xff, 0x20, 0x1c, 0x18, 0xff, 0x20, 0x1c, 0x18, 0xff,
    0x18, 0x1c, 0x18, 0xff, 0x20, 0x1c, 0x20, 0xff, 0x20, 0x1c, 0x18, 0xff,
    0x18, 0x1c, 0x20, 0xff, 0x20, 0x1c, 0x18, 0xff, 0x20, 0x18, 0x18, 0xff,
    0x20, 0x1c, 0x20, 0xff, 0x20, 0x1c, 0x20, 0xff, 0x18, 0x1c, 0x18, 0xff,
    0x20, 0x1c, 0x20, 0xff, 0x20, 0x18, 0x18, 0xff, 0x18, 0x1c, 0x20, 0xff,
    0x20, 0x18, 0x18, 0xff, 0x18, 0x18, 0x18, 0xff, 0x20, 0x1c, 0x18, 0xff,
    0x20, 0x18, 0x20, 0xff, 0x18, 0x18, 0x18, 0xff, 0x20, 0x1c, 0x18, 0xff,
    0x18, 0x18, 0x18, 0xff, 0x20, 0x1c, 0x18, 0xff, 0x20, 0x1c, 0x18, 0xff,
    0x18, 0x18, 0x18, 0xff, 0x20, 0x18, 0x18, 0xff, 0x20, 0x1c, 0x18, 0xff,
    0x18, 0x18, 0x18, 0xff, 0x20, 0x1c, 0x20, 0xff, 0x20, 0x1c, 0x18, 0xff,
    0x20, 0x18, 0x18, 0xff, 0x18, 0x18, 0x18, 0xff, 0x20, 0x1c, 0x18, 0xff,
    0x20, 0x1c, 0x18, 0xff, 0x18, 0x18, 0x20, 0xff, 0x20, 0x1c, 0x18, 0xff,
    0x20, 0x1c, 0x18, 0xff, 0x20, 0x18, 0x18, 0xff, 0x20, 0x18, 0x18, 0xff,
    0x18, 0x1c, 0x18, 0xff, 0x18, 0x18, 0x18, 0xff, 0x20, 0x18, 0x18, 0xff,
    0x20, 0x18, 0x18, 0xff, 0x18, 0x1c, 0x18, 0xff, 0x20, 0x18, 0x18, 0xff,
    0x18, 0x18, 0x18, 0xff, 0x18, 0x18, 0x18, 0xff, 0x20, 0x18, 0x18, 0xff,
    0x18, 0x1c, 0x18, 0xff, 0x18, 0x18, 0x18, 0xff, 0x20, 0x18, 0x18, 0xff,
    0x18, 0x18, 0x18, 0xff, 0x20, 0x1c, 0x18, 0xff, 0x20, 0x18, 0x18, 0xff,
    0x18, 0x1c, 0x18, 0xff, 0x18, 0x1c, 0x18, 0xff, 0x20, 0x18, 0x18, 0xff,
    0x18, 0x18, 0x18, 0xff, 0x20, 0x18, 0x18, 0xff, 0x20, 0x1c, 0x18, 0xff,
    0x18, 0x18, 0x18, 0xff, 0x20, 0x18, 0x18, 0xff, 0x20, 0x1c, 0x18, 0xff,
    0x18, 0x18, 0x18, 0xff, 0x20, 0x18, 0x18, 0xff, 0x18, 0x18, 0x18, 0xff,
    0x18, 0x18, 0x18, 0xff, 0x20, 0x18, 0x18, 0xff, 0x18, 0x1c, 0x18, 0xff,
    0x20, 0x18, 0x18, 0xff, 0x18, 0x18, 0x18, 0xff, 0x20, 0x1c, 0x18, 0xff,
    0x20, 0x18, 0x18, 0xff, 0x18, 0x18, 0x18, 0xff, 0x18, 0x18, 0x18, 0xff,
    0x20, 0x18, 0x18, 0xff, 0x18, 0x18, 0x18, 0xff, 0x20, 0x1c, 0x18, 0xff,
    0x18, 0x18, 0x18, 0xff, 0x18, 0x18, 0x18, 0xff, 0x20, 0x18, 0x18, 0xff,
    0x20, 0x18, 0x18, 0xff, 0x18, 0x1c, 0x18, 0xff, 0x20, 0x18, 0x18, 0xff,
    0x18, 0x1c, 0x18, 0xff, 0x20, 0x18, 0x18, 0xff, 0x18, 0x1c, 0x18, 0xff,
    0x18, 0x1c, 0x18, 0xff, 0x20, 0x18, 0x18, 0xff, 0x20, 0x18, 0x18, 0xff,
    0x18, 0x1c, 0x18, 0xff, 0x20, 0x18, 0x18, 0xff, 0x18, 0x18, 0x18, 0xff,
    0x18, 0x18, 0x18, 0xff, 0x20, 0x1c, 0x18, 0xff, 0x20, 0x18, 0x18, 0xff,
    0x18, 0x18, 0x18, 0xff, 0x18, 0x1c, 0x18, 0xff, 0x20, 0x18, 0x18, 0xff,
    0x18, 0x18, 0x18, 0xff, 0x18, 0x18, 0x18, 0xff, 0x20, 0x18, 0x18, 0xff,
    0x18, 0x18, 0x18, 0xff, 0x18, 0x1c, 0x18, 0xff, 0x20, 0x18, 0x18, 0xff,
    0x20, 0x18, 0x18, 0xff, 0x18, 0x18, 0x18, 0xff, 0x20, 0x1c, 0x18, 0xff,
    0x18, 0x18, 0x18, 0xff, 0x18, 0x18, 0x18, 0xff, 0x20, 0x1c, 0x18, 0xff,
    0x18, 0x18, 0x18, 0xff, 0x18, 0x18, 0x18, 0xff, 0x20, 0x18, 0x18, 0xff,
    0x20, 0x18, 0x18, 0xff, 0x18, 0x18, 0x18, 0xff, 0x20, 0x18, 0x18, 0xff,
    0x18, 0x1c, 0x18, 0xff, 0x20, 0x18, 0x18, 0xff, 0x18, 0x18, 0x18, 0xff,
    0x18, 0x18, 0x18, 0xff, 0x20, 0x18, 0x18, 0xff, 0x20, 0x18, 0x18, 0xff,
    0x18, 0x1c, 0x18, 0xff, 0x20, 0x18, 0x18, 0xff, 0x20, 0x18, 0x18, 0xff,
    0x18, 0x18, 0x18, 0xff, 0x18, 0x1c, 0x18, 0xff, 0x20, 0x18, 0x18, 0xff,
    0x18, 0x18, 0x18, 0xff, 0x20, 0x18, 0x18, 0xff, 0x18, 0x18, 0x18, 0xff,
    0x20, 0x18, 0x18, 0xff, 0x20, 0x18, 0x18, 0xff, 0x18, 0x18, 0x18, 0xff,
    0x20, 0x1c, 0x18, 0xff, 0x20, 0x18, 0x18, 0xff, 0x18, 0x18, 0x18, 0xff,
    0x20, 0x18, 0x18, 0xff, 0x18, 0x18, 0x18, 0xff, 0x18, 0x18, 0x18, 0xff,
    0x20, 0x18, 0x18, 0xff, 0x18, 0x18, 0x18, 0xff, 0x18, 0x18, 0x18, 0xff,
    0x20, 0x18, 0x18, 0xff, 0x18, 0x18, 0x18, 0xff, 0x18, 0x18, 0x18, 0xff,
    0x20, 0x1c, 0x18, 0xff, 0x18, 0x18, 0x18, 0xff, 0x18, 0x18, 0x18, 0xff,
    0x20, 0x18, 0x18, 0xff, 0x18, 0x18, 0x18, 0xff, 0x18, 0x18, 0x18, 0xff,
    0x20, 0x1c, 0x18, 0xff, 0x18, 0x18, 0x18, 0xff, 0x18, 0x18, 0x18, 0xff,
    0x20, 0x18, 0x18, 0xff, 0x18, 0x1c, 0x18, 0xff, 0x70, 0x70, 0x70, 0xa2,
    0xf8, 0xfc, 0xf8, 0x00, 0x70, 0x6c, 0x68, 0xcf, 0x30, 0x30, 0x30, 0xff,
    0x30, 0x30, 0x30, 0xff, 0x30, 0x34, 0x30, 0xff, 0x38, 0x30, 0x30, 0xff,
    0x30, 0x30, 0x30, 0xff, 0x30, 0x30, 0x30, 0xff, 0x30, 0x30, 0x30, 0xff,
    0x30, 0x30, 0x30, 0xff, 0x30, 0x30, 0x30, 0xff, 0x30, 0x30, 0x28, 0xff,
    0x30, 0x30, 0x30, 0xff, 0x38, 0x30, 0x30, 0xff, 0x30, 0x30, 0x30, 0xff,
    0x30, 0x30, 0x30, 0xff, 0x30, 0x30, 0x30, 0xff, 0x38, 0x30, 0x30, 0xff,
    0x30, 0x30, 0x28, 0xff, 0x30, 0x2c, 0x30, 0xff, 0x38, 0x30, 0x30, 0xff,
    0x30, 0x2c, 0x30, 0xff, 0x30, 0x30, 0x28, 0xff, 0x30, 0x30, 0x30, 0xff,
    0x30, 0x2c, 0x30, 0xff, 0x30, 0x30, 0x30, 0xff, 0x30, 0x30, 0x30, 0xff,
    0x30, 0x30, 0x30, 0xff, 0x30, 0x30, 0x30, 0xff, 0x30, 0x30, 0x30, 0xff,
    0x30, 0x2c, 0x28, 0xff, 0x30, 0x30, 0x30, 0xff, 0x30, 0x30, 0x30, 0xff,
    0x30, 0x2c, 0x28, 0xff, 0x30, 0x2c, 0x28, 0xff, 0x30, 0x30, 0x30, 0xff,
    0x30, 0x2c, 0x30, 0xff, 0x30, 0x2c, 0x30, 0xff, 0x30, 0x30, 0x30, 0xff,
    0x30, 0x2c, 0x30, 0xff, 0x30, 0x30, 0x30, 0xff, 0x30, 0x30, 0x30, 0xff,
    0x30, 0x2c, 0x28, 0xff, 0x30, 0x2c, 0x30, 0xff, 0x30, 0x30, 0x28, 0xff,
    0x30, 0x2c, 0x30, 0xff, 0x28, 0x2c, 0x28, 0xff, 0x30, 0x30, 0x28, 0xff,
    0x30, 0x2c, 0x30, 0xff, 0x30, 0x2c, 0x30, 0xff, 0x30, 0x30, 0x28, 0xff,
    0x30, 0x2c, 0x28, 0xff, 0x30, 0x2c, 0x30, 0xff, 0x28, 0x2c, 0x28, 0xff,
    0x30, 0x2c, 0x28, 0xff, 0x30, 0x2c, 0x30, 0xff, 0x28, 0x2c, 0x28, 0xff,
    0x30, 0x2c, 0x28, 0xff, 0x28, 0x2c, 0x30, 0xff, 0x30, 0x2c, 0x28, 0xff,
    0x30, 0x2c, 0x28, 0xff, 0x28, 0x2c, 0x30, 0xff, 0x28, 0x2c, 0x28, 0xff,
    0x30, 0x2c, 0x28, 0xff, 0x30, 0x2c, 0x28, 0xff, 0x28, 0x2c, 0x28, 0xff,
    0x30, 0x2c, 0x30, 0xff, 0x30, 0x28, 0x28, 0xff, 0x30, 0x2c, 0x28, 0xff,
    0x30, 0x2c, 0x28, 0xff, 0x30, 0x2c, 0x28, 0xff, 0x28, 0x28, 0x30, 0xff,
    0x30, 0x2c, 0x28, 0xff, 0x30, 0x2c, 0x28, 0xff, 0x30, 0x2c, 0x28, 0xff,
    0x28, 0x2c, 0x28, 0xff, 0x28, 0x2c, 0x28, 0xff, 0x30, 0x28, 0x28, 0xff,
    0x28, 0x2c, 0x28, 0xff, 0x28, 0x2c, 0x28, 0xff, 0x30, 0x28, 0x28, 0xff,
    0x30, 0x2c, 0x28, 0xff, 0x28, 0x28, 0x28, 0xff, 0x30, 0x28, 0x28, 0xff,
    0x30, 0x2c, 0x28, 0xff, 0x28, 0x2c, 0x28, 0xff, 0x28, 0x28, 0x28, 0xff,
    0x30, 0x2c, 0x28, 0xff, 0x28, 0x2c, 0x28, 0xff, 0x28, 0x28, 0x28, 0xff,
    0x30, 0x28, 0x28, 0xff, 0x28, 0x2c, 0x28, 0xff, 0x28, 0x28, 0x28, 0xff,
    0x30, 0x28, 0x28, 0xff, 0x30, 0x2c, 0x28, 0xff, 0x28, 0x28, 0x28, 0xff,
    0x28, 0x28, 0x28, 0xff, 0x30, 0x28, 0x28, 0xff, 0x28, 0x28, 0x28, 0xff,
    0x28, 0x28, 0x28, 0xff, 0x30, 0x2c, 0x28, 0xff, 0x28, 0x28, 0x28, 0xff,
    0x28, 0x28, 0x28, 0xff, 0x28, 0x28, 0x20, 0xff, 0x28, 0x28, 0x28, 0xff,
    0x30, 0x28, 0x28, 0xff, 0x28, 0x28, 0x28, 0xff, 0x28, 0x28, 0x28, 0xff,
    0x28, 0x28, 0x28, 0xff, 0x30, 0x28, 0x28, 0xff, 0x28, 0x28, 0x28, 0xff,
    0x28, 0x28, 0x28, 0xff, 0x28, 0x28, 0x28, 0xff, 0x28, 0x28, 0x28, 0xff,
    0x28, 0x28, 0x20, 0xff, 0x28, 0x28, 0x28, 0xff, 0x28, 0x28, 0x28, 0xff,
    0x28, 0x24, 0x28, 0xff, 0x28, 0x28, 0x28, 0xff, 0x28, 0x28, 0x28, 0xff,
    0x28, 0x24, 0x28, 0xff, 0x28, 0x28, 0x20, 0xff, 0x28, 0x28, 0x28, 0xff,
    0x28, 0x28, 0x28, 0xff, 0x28, 0x24, 0x20, 0xff, 0x28, 0x28, 0x28, 0xff,
    0x28, 0x28, 0x28, 0xff, 0x28, 0x24, 0x20, 0xff, 0x28, 0x28, 0x28, 0xff,
    0x28, 0x28, 0x28, 0xff, 0x28, 0x24, 0x20, 0xff, 0x28, 0x24, 0x28, 0xff,
    0x28, 0x28, 0x28, 0xff, 0x28, 0x24, 0x20, 0xff, 0x28, 0x24, 0x28, 0xff,
    0x28, 0x28, 0x28, 0xff, 0x28, 0x28, 0x20, 0xff, 0x28, 0x24, 0x28, 0xff,
    0x28, 0x28, 0x20, 0xff, 0x28, 0x24, 0x20, 0xff, 0x28, 0x24, 0x28, 0xff,
    0x28, 0x28, 0x20, 0xff, 0x28, 0x24, 0x20, 0xff, 0x28, 0x24, 0x20, 0xff,
    0x28, 0x28, 0x28, 0xff, 0x28, 0x24, 0x28, 0xff, 0x20, 0x28, 0x20, 0xff,
    0x28, 0x24, 0x20, 0xff, 0x28, 0x24, 0x28, 0xff, 0x28, 0x24, 0x20, 0xff,
    0x28, 0x24, 0x20, 0xff, 0x28, 0x28, 0x28, 0xff, 0x28, 0x24, 0x28, 0xff,
    0x20, 0x24, 0x20, 0xff, 0x28, 0x24, 0x20, 0xff, 0x20, 0x24, 0x28, 0xff,
    0x20, 0x24, 0x20, 0xff, 0x28, 0x24, 0x20, 0xff, 0x20, 0x24, 0x28, 0xff,
    0x28, 0x24, 0x20, 0xff, 0x28, 0x24, 0x20, 0xff, 0x28, 0x24, 0x28, 0xff,
    0x28, 0x24, 0x20, 0xff, 0x28, 0x24, 0x20, 0xff, 0x28, 0x24, 0x28, 0xff,
    0x28, 0x24, 0x20, 0xff, 0x28, 0x24, 0x20, 0xff, 0x28, 0x20, 0x20, 0xff,
    0x20, 0x24, 0x20, 0xff, 0x28, 0x24, 0x28, 0xff, 0x28, 0x24, 0x20, 0xff,
    0x20, 0x24, 0x20, 0xff, 0x28, 0x24, 0x28, 0xff, 0x28, 0x24, 0x20, 0xff,
    0x20, 0x24, 0x20, 0xff, 0x28, 0x20, 0x20, 0xff, 0x28, 0x24, 0x20, 0xff,
    0x20, 0x24, 0x20, 0xff, 0x28, 0x24, 0x20, 0xff, 0x28, 0x20, 0x20, 0xff,
    0x20, 0x20, 0x20, 0xff, 0x28, 0x24, 0x20, 0xff, 0x28, 0x24, 0x20, 0xff,
    0x20, 0x20, 0x20, 0xff, 0x28, 0x24, 0x20, 0xff, 0x20, 0x20, 0x20, 0xff,
    0x28, 0x24, 0x28, 0xff, 0x20, 0x20, 0x20, 0xff, 0x20, 0x24, 0x20, 0xff,
    0x28, 0x24, 0x28, 0xff, 0x28, 0x20, 0x20, 0xff, 0x20, 0x20, 0x20, 0xff,
    0x28, 0x24, 0x20, 0xff, 0x28, 0x20, 0x20, 0xff, 0x20, 0x20, 0x20, 0xff,
    0x28, 0x24, 0x20, 0xff, 0x28, 0x20, 0x20, 0xff, 0x20, 0x20, 0x20, 0xff,
    0x20, 0x20, 0x20, 0xff, 0x28, 0x20, 0x20, 0xff, 0x20, 0x20, 0x20, 0xff,
    0x28, 0x20, 0x20, 0xff, 0x28, 0x20, 0x20, 0xff, 0x20, 0x24, 0x20, 0xff,
    0x20, 0x20, 0x20, 0xff, 0x28, 0x24, 0x20, 0xff, 0x20, 0x20, 0x20, 0xff,
    0x20, 0x20, 0x20, 0xff, 0x28, 0x20, 0x20, 0xff, 0x20, 0x20, 0x20, 0xff,
    0x20, 0x20, 0x20, 0xff, 0x28, 0x20, 0x20, 0xff, 0x20, 0x20, 0x20, 0xff,
    0x20, 0x20, 0x20, 0xff, 0x28, 0x20, 0x20, 0xff, 0x20, 0x20, 0x20, 0xff,
    0x20, 0x20, 0x20, 0xff, 0x28, 0x20, 0x20, 0xff, 0x20, 0x20, 0x20, 0xff,
    0x20, 0x20, 0x18, 0xff, 0x20, 0x20, 0x20, 0xff, 0x20, 0x20, 0x20, 0xff,
    0x20, 0x20, 0x18, 0xff, 0x20, 0x1c, 0x20, 0xff, 0x28, 0x20, 0x20, 0xff,
    0x20, 0x20, 0x20, 0xff, 0x20, 0x20, 0x18, 0xff, 0x20, 0x20, 0x20, 0xff,
    0x20, 0x1c, 0x18, 0xff, 0x20, 0x20, 0x20, 0xff, 0x20, 0x20, 0x20, 0xff,
    0x20, 0x20, 0x18, 0xff, 0x28, 0x20, 0x20, 0xff, 0x20, 0x1c, 0x20, 0xff,
    0x20, 0x20, 0x18, 0xff, 0x28, 0x20, 0x20, 0xff, 0x20, 0x20, 0x20, 0xff,
    0x20, 0x1c, 0x18, 0xff, 0x28, 0x20, 0x20, 0xff, 0x20, 0x1c, 0x18, 0xff,
    0x20, 0x20, 0x20, 0xff, 0x28, 0x20, 0x20, 0xff, 0x20, 0x1c, 0x18, 0xff,
    0x20, 0x1c, 0x20, 0xff, 0x20, 0x20, 0x18, 0xff, 0x28, 0x1c, 0x20, 0xff,
    0x20, 0x1c, 0x20, 0xff, 0x20, 0x20, 0x18, 0xff, 0x20, 0x1c, 0x20, 0xff,
    0x20, 0x20, 0x18, 0xff, 0x20, 0x20, 0x20, 0xff, 0x20, 0x1c, 0x18, 0xff,
    0x20, 0x20, 0x20, 0xff, 0x20, 0x1c, 0x18, 0xff, 0x20, 0x1c, 0x18, 0xff,
    0x20, 0x20, 0x20, 0xff, 0x20, 0x1c, 0x20, 0xff, 0x20, 0x1c, 0x18, 0xff,
    0x20, 0x1c, 0x20, 0xff, 0x20, 0x20, 0x20, 0xff, 0x20, 0x1c, 0x18, 0xff,
    0x20, 0x1c, 0x18, 0xff, 0x20, 0x1c, 0x20, 0xff, 0x20, 0x1c, 0x20, 0xff,
    0x20, 0x20, 0x18, 0xff, 0x18, 0x1c, 0x20, 0xff, 0x20, 0x1c, 0x20, 0xff,
    0x20, 0x1c, 0x18, 0xff, 0x18, 0x1c, 0x20, 0xff, 0x20, 0x20, 0x20, 0xff,
    0x20, 0x1c, 0x18, 0xff, 0x18, 0x1c, 0x20, 0xff, 0x20, 0x1c, 0x18, 0xff,
    0x20, 0x1c, 0x20, 0xff, 0x20, 0x1c, 0x18, 0xff, 0x20, 0x1c, 0x20, 0xff,
    0x20, 0x1c, 0x18, 0xff, 0x20, 0x1c, 0x20, 0xff, 0x20, 0x1c, 0x18, 0xff,
    0x20, 0x1c, 0x18, 0xff, 0x20, 0x1c, 0x20, 0xff, 0x20, 0x1c, 0x20, 0xff,
    0x20, 0x1c, 0x18, 0xff, 0x18, 0x1c, 0x18, 0xff, 0x20, 0x1c, 0x20, 0xff,
    0x20, 0x1c, 0x18, 0xff, 0x18, 0x1c, 0x18, 0xff, 0x20, 0x1c, 0x20, 0xff,
    0x20, 0x1c, 0x18, 0xff, 0x20, 0x18, 0x18, 0xff, 0x20, 0x1c, 0x20, 0xff,
    0x18, 0x1c, 0x18, 0xff, 0x20, 0x1c, 0x18, 0xff, 0x20, 0x18, 0x20, 0xff,
    0x20, 0x18, 0x18, 0xff, 0x20, 0x1c, 0x18, 0xff, 0x20, 0x18, 0x18, 0xff,
    0x18, 0x1c, 0x18, 0xff, 0x20, 0x1c, 0x18, 0xff, 0x20, 0x18, 0x20, 0xff,
    0x18, 0x1c, 0x18, 0xff, 0x20, 0x1c, 0x18, 0xff, 0x20, 0x18, 0x18, 0xff,
    0x18, 0x1c, 0x18, 0xff, 0x20, 0x1c, 0x18, 0xff, 0x20, 0x1c, 0x20, 0xff,
    0x18, 0x1c, 0x18, 0xff, 0x20, 0x18, 0x18, 0xff, 0x20, 0x1c, 0x18, 0xff,
    0x18, 0x1c, 0x18, 0xff, 0x20, 0x18, 0x18, 0xff, 0x20, 0x1c, 0x18, 0xff,
    0x20, 0x18, 0x18, 0xff, 0x18, 0x18, 0x20, 0xff, 0x20, 0x1c, 0x18, 0xff,
    0x18, 0x1c, 0x18, 0xff, 0x20, 0x18, 0x18, 0xff, 0x18, 0x1c, 0x20, 0xff,
    0x18, 0x18, 0x18, 0xff, 0x20, 0x18, 0x18, 0xff, 0x18, 0x1c, 0x18, 0xff,
    0x20, 0x1c, 0x18, 0xff, 0x18, 0x18, 0x18, 0xff, 0x18, 0x1c, 0x20, 0xff,
    0x20, 0x18, 0x18, 0xff, 0x20, 0x1c, 0x18, 0xff, 0x18, 0x18, 0x18, 0xff,
    0x20, 0x18, 0x18, 0xff, 0x18, 0x1c, 0x18, 0xff, 0x18, 0x1c, 0x20, 0xff,
    0x20, 0x18, 0x18, 0xff, 0x20, 0x18, 0x18, 0xff, 0x18, 0x18, 0x18, 0xff,
    0x18, 0x18, 0x18, 0xff, 0x20, 0x1c, 0x18, 0xff, 0x20, 0x18, 0x18, 0xff,
    0x18, 0x18, 0x18, 0xff, 0x20, 0x1c, 0x18, 0xff, 0x18, 0x18, 0x18, 0xff,
    0x20, 0x18, 0x18, 0xff, 0x20, 0x18, 0x18, 0xff, 0x18, 0x1c, 0x18, 0xff,
    0x18, 0x18, 0x18, 0xff, 0x20, 0x18, 0x18, 0xff, 0x18, 0x18, 0x18, 0xff,
    0x18, 0x18, 0x18, 0xff, 0x20, 0x18, 0x18, 0xff, 0x20, 0x18, 0x18, 0xff,
    0x18, 0x1c, 0x18, 0xff, 0x18, 0x18, 0x18, 0xff, 0x20, 0x18, 0x18, 0xff,
    0x18, 0x18, 0x18, 0xff, 0x18, 0x18, 0x18, 0xff, 0x20, 0x18, 0x18, 0xff,
    0x18, 0x18, 0x18, 0xff, 0x20, 0x1c, 0x18, 0xff, 0x20, 0x18, 0x18, 0xff,
    0x18, 0x1c, 0x18, 0xff, 0x20, 0x18, 0x18, 0xff, 0x18, 0x18, 0x18, 0xff,
    0x20, 0x1c, 0x18, 0xff, 0x18, 0x18, 0x18, 0xff, 0x18, 0x18, 0x18, 0xff,
    0x18, 0x18, 0x18, 0xff, 0x20, 0x18, 0x18, 0xff, 0x20, 0x1c, 0x18, 0xff,
    0x18, 0x18, 0x18, 0xff, 0x20, 0x18, 0x18, 0xff, 0x18, 0x1c, 0x18, 0xff,
    0x20, 0x18, 0x18, 0xff, 0x20, 0x18, 0x18, 0xff, 0x18, 0x1c, 0x18, 0xff,
    0x18, 0x18, 0x18, 0xff, 0x20, 0x18, 0x18, 0xff, 0x18, 0x18, 0x18, 0xff,
    0x20, 0x18, 0x18, 0xff, 0x20, 0x18, 0x18, 0xff, 0x18, 0x18, 0x18, 0xff,
    0x20, 0x18, 0x18, 0xff, 0x18, 0x18, 0x18, 0xff, 0x18, 0x18, 0x18, 0xff,
    0x20, 0x1c, 0x18, 0xff, 0x20, 0x18, 0x18, 0xff, 0x18, 0x18, 0x18, 0xff,
    0x20, 0x18, 0x18, 0xff, 0x20, 0x1c, 0x18, 0xff, 0x18, 0x18, 0x18, 0xff,
    0x20, 0x18, 0x18, 0xff, 0x20, 0x18, 0x18, 0xff, 0x18, 0x1c, 0x18, 0xff,
    0x20, 0x18, 0x18, 0xff, 0x20, 0x18, 0x18, 0xff, 0x20, 0x1c, 0x18, 0xff,
    0x18, 0x18, 0x18, 0xff, 0x20, 0x18, 0x18, 0xff, 0x18, 0x18, 0x18, 0xff,
    0x18, 0x1c, 0x18, 0xff, 0x20, 0x18, 0x18, 0xff, 0x18, 0x18, 0x18, 0xff,
    0x20, 0x18, 0x18, 0xff, 0x20, 0x1c, 0x18, 0xff, 0x18, 0x18, 0x18, 0xff,
    0x20, 0x18, 0x18, 0xff, 0x18, 0x18, 0x18, 0xff, 0x20, 0x1c, 0x18, 0xff,
    0x18, 0x18, 0x18, 0xff, 0x18, 0x1c, 0x18, 0xff, 0x20, 0x18, 0x18, 0xff,
    0x18, 0x18, 0x18, 0xff, 0x20, 0x18, 0x18, 0xff, 0x20, 0x18, 0x18, 0xff,
    0x18, 0x18, 0x18, 0xff, 0x20, 0x18, 0x18, 0xff, 0x18, 0x18, 0x18, 0xff,
    0x18, 0x1c, 0x18, 0xff, 0x20, 0x18, 0x18, 0xff, 0x18, 0x18, 0x18, 0xff,
    0x20, 0x18, 0x18, 0xff, 0x18, 0x1c, 0x18, 0xff, 0x20, 0x18, 0x18, 0xff,
    0x18, 0x18, 0x18, 0xff, 0x18, 0x1c, 0x18, 0xff, 0x20, 0x1c, 0x18, 0xff,
    0x18, 0x18, 0x18, 0xff, 0x18, 0x1c, 0x18, 0xff, 0x20, 0x18, 0x18, 0xff,
    0x18, 0x18, 0x18, 0xff, 0x20, 0x18, 0x18, 0xff, 0x18, 0x1c, 0x18, 0xff,
    0x20, 0x18, 0x18, 0xff, 0x20, 0x18, 0x18, 0xff, 0x18, 0x1c, 0x18, 0xff,
    0x20, 0x18, 0x18, 0xff, 0x20, 0x18, 0x18, 0xff, 0x18, 0x1c, 0x18, 0xff,
    0x20, 0x18, 0x18, 0xff, 0x20, 0x1c, 0x18, 0xff, 0x18, 0x18, 0x18, 0xff,
    0x20, 0x18, 0x18, 0xff, 0x20, 0x18, 0x18, 0xff, 0x18, 0x18, 0x18, 0xff,
    0x20, 0x18, 0x18, 0xff, 0x20, 0x18, 0x18, 0xff, 0x18, 0x18, 0x18, 0xff,
    0x20, 0x18, 0x18, 0xff, 0x20, 0x18, 0x18, 0xff, 0x18, 0x18, 0x18, 0xff,
    0x20, 0x1c, 0x18, 0xff, 0x18, 0x18, 0x18, 0xff, 0x20, 0x18, 0x18, 0xff,
    0x70, 0x70, 0x70, 0x9e, 0xf8, 0xfc, 0xf8, 0x00, 0x70, 0x6c, 0x70, 0xcf,
    0x30, 0x30, 0x30, 0xff, 0x30, 0x30, 0x30, 0xff, 0x30, 0x34, 0x30, 0xff,
    0x30, 0x30, 0x30, 0xff, 0x30, 0x34, 0x30, 0xff, 0x30, 0x30, 0x30, 0xff,
    0x30, 0x30, 0x30, 0xff, 0x30, 0x30, 0x30, 0xff, 0x30, 0x30, 0x30, 0xff,
    0x30, 0x30, 0x30, 0xff, 0x30, 0x30, 0x30, 0xff, 0x30, 0x30, 0x30, 0xff,
    0x30, 0x30, 0x30, 0xff, 0x30, 0x30, 0x30, 0xff, 0x30, 0x30, 0x30, 0xff,
    0x30, 0x30, 0x30, 0xff, 0x30, 0x30, 0x30, 0xff, 0x30, 0x30, 0x28, 0xff,
    0x30, 0x30, 0x30, 0xff, 0x30, 0x30, 0x30, 0xff, 0x30, 0x30, 0x28, 0xff,
    0x30, 0x30, 0x30, 0xff, 0x30, 0x30, 0x30, 0xff, 0x30, 0x2c, 0x28, 0xff,
    0x30, 0x30, 0x30, 0xff, 0x30, 0x2c, 0x28, 0xff, 0x30, 0x30, 0x30, 0xff,
    0x30, 0x30, 0x30, 0xff, 0x30, 0x2c, 0x28, 0xff, 0x30, 0x2c, 0x30, 0xff,
    0x30, 0x30, 0x30, 0xff, 0x30, 0x2c, 0x30, 0xff, 0x30, 0x30, 0x28, 0xff,
    0x28, 0x30, 0x30, 0xff, 0x30, 0x2c, 0x28, 0xff, 0x30, 0x30, 0x28, 0xff,
    0x30, 0x2c, 0x30, 0xff, 0x30, 0x30, 0x28, 0xff, 0x28, 0x2c, 0x30, 0xff,
    0x30, 0x30, 0x30, 0xff, 0x30, 0x2c, 0x28, 0xff, 0x30, 0x2c, 0x28, 0xff,
    0x30, 0x2c, 0x30, 0xff, 0x30, 0x2c, 0x30, 0xff, 0x30, 0x2c, 0x28, 0xff,
    0x28, 0x2c, 0x28, 0xff, 0x30, 0x2c, 0x30, 0xff, 0x28, 0x2c, 0x28, 0xff,
    0x30, 0x2c, 0x30, 0xff, 0x30, 0x30, 0x28, 0xff, 0x28, 0x2c, 0x30, 0xff,
    0x30, 0x2c, 0x28, 0xff, 0x30, 0x2c, 0x30, 0xff, 0x28, 0x2c, 0x28, 0xff,
    0x30, 0x2c, 0x30, 0xff, 0x30, 0x2c, 0x28, 0xff, 0x28, 0x2c, 0x28, 0xff,
    0x30, 0x2c, 0x30, 0xff, 0x30, 0x2c, 0x28, 0xff, 0x28, 0x2c, 0x28, 0xff,
    0x30, 0x2c, 0x30, 0xff, 0x30, 0x2c, 0x28, 0xff, 0x28, 0x2c, 0x30, 0xff,
    0x28, 0x2c, 0x28, 0xff, 0x30, 0x2c, 0x28, 0xff, 0x28, 0x28, 0x30, 0xff,
    0x28, 0x2c, 0x28, 0xff, 0x30, 0x2c, 0x28, 0xff, 0x30, 0x28, 0x30, 0xff,
    0x28, 0x2c, 0x28, 0xff, 0x28, 0x2c, 0x28, 0xff, 0x28, 0x28, 0x30, 0xff,
    0x30, 0x2c, 0x28, 0xff, 0x30, 0x2c, 0x28, 0xff, 0x28, 0x28, 0x30, 0xff,
    0x30, 0x28, 0x28, 0xff, 0x30, 0x2c, 0x28, 0xff, 0x28, 0x28, 0x30, 0xff,
    0x30, 0x2c, 0x28, 0xff, 0x28, 0x2c, 0x28, 0xff, 0x28, 0x28, 0x28, 0xff,
    0x30, 0x28, 0x30, 0xff, 0x28, 0x2c, 0x28, 0xff, 0x28, 0x28, 0x28, 0xff,
    0x30, 0x28, 0x28, 0xff, 0x28, 0x2c, 0x28, 0xff, 0x30, 0x2c, 0x28, 0xff,
    0x28, 0x28, 0x28, 0xff, 0x28, 0x28, 0x28, 0xff, 0x30, 0x28, 0x28, 0xff,
    0x28, 0x28, 0x28, 0xff, 0x28, 0x28, 0x28, 0xff, 0x30, 0x28, 0x28, 0xff,
    0x28, 0x2c, 0x28, 0xff, 0x30, 0x28, 0x28, 0xff, 0x28, 0x28, 0x28, 0xff,
    0x28, 0x2c, 0x28, 0xff, 0x30, 0x28, 0x28, 0xff, 0x28, 0x28, 0x28, 0xff,
    0x28, 0x2c, 0x28, 0xff, 0x30, 0x28, 0x28, 0xff, 0x28, 0x28, 0x28, 0xff,
    0x28, 0x28, 0x28, 0xff, 0x28, 0x28, 0x28, 0xff, 0x28, 0x28, 0x20, 0xff,
    0x30, 0x28, 0x28, 0xff, 0x28, 0x28, 0x28, 0xff, 0x28, 0x28, 0x28, 0xff,
    0x30, 0x28, 0x28, 0xff, 0x28, 0x28, 0x28, 0xff, 0x28, 0x28, 0x28, 0xff,
    0x30, 0x28, 0x28, 0xff, 0x28, 0x28, 0x20, 0xff, 0x28, 0x24, 0x28, 0xff,
    0x28, 0x28, 0x20, 0xff, 0x30, 0x28, 0x20, 0xff, 0x28, 0x24, 0x28, 0xff,
    0x28, 0x28, 0x28, 0xff, 0x30, 0x28, 0x20, 0xff, 0x28, 0x28, 0x28, 0xff,
    0x28, 0x28, 0x28, 0xff, 0x28, 0x24, 0x20, 0xff, 0x28, 0x28, 0x28, 0xff,
    0x28, 0x28, 0x28, 0xff, 0x28, 0x28, 0x28, 0xff, 0x28, 0x24, 0x20, 0xff,
    0x28, 0x24, 0x28, 0xff, 0x28, 0x28, 0x20, 0xff, 0x28, 0x28, 0x28, 0xff,
    0x28, 0x24, 0x28, 0xff, 0x28, 0x28, 0x20, 0xff, 0x28, 0x24, 0x20, 0xff,
    0x28, 0x24, 0x28, 0xff, 0x28, 0x28, 0x28, 0xff, 0x28, 0x24, 0x28, 0xff,
    0x28, 0x28, 0x28, 0xff, 0x28, 0x28, 0x28, 0xff, 0x28, 0x24, 0x20, 0xff,
    0x20, 0x24, 0x28, 0xff, 0x28, 0x24, 0x28, 0xff, 0x28, 0x24, 0x20, 0xff,
    0x28, 0x28, 0x20, 0xff, 0x28, 0x24, 0x28, 0xff, 0x28, 0x24, 0x20, 0xff,
    0x28, 0x24, 0x28, 0xff, 0x28, 0x28, 0x28, 0xff, 0x28, 0x24, 0x20, 0xff,
    0x28, 0x24, 0x28, 0xff, 0x28, 0x24, 0x20, 0xff, 0x28, 0x28, 0x20, 0xff,
    0x28, 0x24, 0x28, 0xff, 0x28, 0x24, 0x20, 0xff, 0x28, 0x24, 0x20, 0xff,
    0x28, 0x24, 0x28, 0xff, 0x28, 0x24, 0x28, 0xff, 0x28, 0x24, 0x20, 0xff,
    0x20, 0x24, 0x20, 0xff, 0x28, 0x24, 0x28, 0xff, 0x28, 0x24, 0x20, 0xff,
    0x20, 0x24, 0x20, 0xff, 0x28, 0x24, 0x28, 0xff, 0x20, 0x24, 0x20, 0xff,
    0x28, 0x24, 0x20, 0xff, 0x20, 0x24, 0x28, 0xff, 0x28, 0x24, 0x20, 0xff,
    0x28, 0x24, 0x20, 0xff, 0x20, 0x20, 0x20, 0xff, 0x28, 0x24, 0x20, 0xff,
    0x28, 0x24, 0x20, 0xff, 0x20, 0x20, 0x20, 0xff, 0x28, 0x24, 0x20, 0xff,
    0x28, 0x24, 0x28, 0xff, 0x20, 0x20, 0x20, 0xff, 0x28, 0x24, 0x28, 0xff,
    0x28, 0x24, 0x28, 0xff, 0x20, 0x20, 0x20, 0xff, 0x28, 0x24, 0x28, 0xff,
    0x28, 0x20, 0x20, 0xff, 0x20, 0x24, 0x20, 0xff, 0x28, 0x20, 0x28, 0xff,
    0x20, 0x20, 0x20, 0xff, 0x20, 0x24, 0x20, 0xff, 0x28, 0x24, 0x20, 0xff,
    0x28, 0x20, 0x20, 0xff, 0x20, 0x20, 0x20, 0xff, 0x28, 0x24, 0x20, 0xff,
    0x28, 0x20, 0x20, 0xff, 0x20, 0x24, 0x20, 0xff, 0x20, 0x20, 0x20, 0xff,
    0x28, 0x24, 0x20, 0xff, 0x20, 0x24, 0x28, 0xff, 0x20, 0x20, 0x20, 0xff,
    0x28, 0x20, 0x20, 0xff, 0x20, 0x24, 0x20, 0xff, 0x28, 0x20, 0x20, 0xff,
    0x28, 0x20, 0x20, 0xff, 0x20, 0x24, 0x20, 0xff, 0x20, 0x24, 0x20, 0xff,
    0x20, 0x20, 0x20, 0xff, 0x20, 0x20, 0x20, 0xff, 0x28, 0x24, 0x20, 0xff,
    0x20, 0x20, 0x20, 0xff, 0x28, 0x20, 0x20, 0xff, 0x20, 0x20, 0x20, 0xff,
    0x28, 0x24, 0x20, 0xff, 0x20, 0x20, 0x20, 0xff, 0x20, 0x20, 0x20, 0xff,
    0x28, 0x20, 0x18, 0xff, 0x20, 0x20, 0x20, 0xff, 0x20, 0x20, 0x20, 0xff,
    0x28, 0x20, 0x18, 0xff, 0x20, 0x20, 0x20, 0xff, 0x20, 0x20, 0x20, 0xff,
    0x28, 0x20, 0x18, 0xff, 0x20, 0x20, 0x20, 0xff, 0x20, 0x20, 0x20, 0xff,
    0x20, 0x20, 0x20, 0xff, 0x28, 0x20, 0x20, 0xff, 0x20, 0x20, 0x20, 0xff,
    0x28, 0x20, 0x20, 0xff, 0x20, 0x20, 0x18, 0xff, 0x20, 0x20, 0x20, 0xff,
    0x20, 0x1c, 0x20, 0xff, 0x20, 0x20, 0x18, 0xff, 0x28, 0x20, 0x20, 0xff,
    0x20, 0x20, 0x20, 0xff, 0x28, 0x20, 0x20, 0xff, 0x20, 0x1c, 0x18, 0xff,
    0x20, 0x20, 0x20, 0xff, 0x20, 0x20, 0x20, 0xff, 0x20, 0x20, 0x20, 0xff,
    0x20, 0x20, 0x20, 0xff, 0x20, 0x1c, 0x20, 0xff, 0x20, 0x20, 0x20, 0xff,
    0x20, 0x20, 0x20, 0xff, 0x20, 0x1c, 0x18, 0xff, 0x20, 0x1c, 0x20, 0xff,
    0x20, 0x20, 0x20, 0xff, 0x20, 0x1c, 0x18, 0xff, 0x20, 0x20, 0x20, 0xff,
    0x20, 0x20, 0x20, 0xff, 0x20, 0x1c, 0x18, 0xff, 0x20, 0x20, 0x20, 0xff,
    0x20, 0x20, 0x20, 0xff, 0x20, 0x1c, 0x18, 0xff, 0x20, 0x1c, 0x20, 0xff,
    0x20, 0x20, 0x20, 0xff, 0x20, 0x1c, 0x20, 0xff, 0x20, 0x20, 0x18, 0xff,
    0x20, 0x1c, 0x20, 0xff, 0x20, 0x20, 0x20, 0xff, 0x20, 0x1c, 0x18, 0xff,
    0x20, 0x1c, 0x18, 0xff, 0x20, 0x1c, 0x20, 0xff, 0x20, 0x20, 0x18, 0xff,
    0x20, 0x1c, 0x18, 0xff, 0x20, 0x1c, 0x20, 0xff, 0x20, 0x1c, 0x20, 0xff,
    0x20, 0x20, 0x18, 0xff, 0x20, 0x1c, 0x20, 0xff, 0x20, 0x1c, 0x18, 0xff,
    0x20, 0x20, 0x18, 0xff, 0x20, 0x1c, 0x20, 0xff, 0x20, 0x1c, 0x18, 0xff,
    0x20, 0x20, 0x18, 0xff, 0x20, 0x1c, 0x20, 0xff, 0x20, 0x1c, 0x18, 0xff,
    0x20, 0x1c, 0x18, 0xff, 0x20, 0x1c, 0x20, 0xff, 0x20, 0x1c, 0x18, 0xff,
    0x20, 0x1c, 0x18, 0xff, 0x18, 0x1c, 0x18, 0xff, 0x20, 0x1c, 0x20, 0xff,
    0x20, 0x1c, 0x18, 0xff, 0x18, 0x1c, 0x18, 0xff, 0x20, 0x1c, 0x20, 0xff,
    0x20, 0x1c, 0x18, 0xff, 0x18, 0x1c, 0x18, 0xff, 0x20, 0x1c, 0x18, 0xff,
    0x20, 0x1c, 0x20, 0xff, 0x20, 0x1c, 0x18, 0xff, 0x18, 0x1c, 0x18, 0xff,
    0x20, 0x1c, 0x20, 0xff, 0x20, 0x1c, 0x18, 0xff, 0x20, 0x1c, 0x18, 0xff,
    0x18, 0x1c, 0x18, 0xff, 0x20, 0x1c, 0x18, 0xff, 0x20, 0x1c, 0x18, 0xff,
    0x20, 0x18, 0x20, 0xff, 0x20, 0x1c, 0x18, 0xff, 0x18, 0x1c, 0x18, 0xff,
    0x20, 0x1c, 0x18, 0xff, 0x18, 0x1c, 0x20, 0xff, 0x20, 0x1c, 0x18, 0xff,
    0x20, 0x18, 0x18, 0xff, 0x20, 0x1c, 0x20, 0xff, 0x20, 0x1c, 0x18, 0xff,
    0x20, 0x1c, 0x18, 0xff, 0x18, 0x1c, 0x18, 0xff, 0x20, 0x1c, 0x18, 0xff,
    0x20, 0x18, 0x20, 0xff, 0x20, 0x1c, 0x18, 0xff, 0x18, 0x1c, 0x18, 0xff,
    0x20, 0x1c, 0x18, 0xff, 0x20, 0x1c, 0x18, 0xff, 0x18, 0x18, 0x18, 0xff,
    0x20, 0x1c, 0x18, 0xff, 0x18, 0x18, 0x18, 0xff, 0x20, 0x1c, 0x18, 0xff,
    0x20, 0x1c, 0x18, 0xff, 0x18, 0x18, 0x18, 0xff, 0x20, 0x1c, 0x18, 0xff,
    0x20, 0x18, 0x18, 0xff, 0x18, 0x18, 0x18, 0xff, 0x20, 0x1c, 0x18, 0xff,
    0x20, 0x1c, 0x18, 0xff, 0x20, 0x18, 0x18, 0xff, 0x20, 0x1c, 0x18, 0xff,
    0x18, 0x18, 0x18, 0xff, 0x20, 0x18, 0x18, 0xff, 0x20, 0x1c, 0x18, 0xff,
    0x20, 0x18, 0x18, 0xff, 0x18, 0x1c, 0x18, 0xff, 0x20, 0x18, 0x18, 0xff,
    0x20, 0x1c, 0x18, 0xff, 0x18, 0x18, 0x18, 0xff, 0x18, 0x18, 0x18, 0xff,
    0x20, 0x1c, 0x18, 0xff, 0x18, 0x18, 0x18, 0xff, 0x20, 0x18, 0x18, 0xff,
    0x20, 0x1c, 0x18, 0xff, 0x18, 0x18, 0x18, 0xff, 0x18, 0x18, 0x18, 0xff,
    0x20, 0x18, 0x18, 0xff, 0x18, 0x18, 0x18, 0xff, 0x20, 0x1c, 0x18, 0xff,
    0x20, 0x18, 0x18, 0xff, 0x18, 0x18, 0x18, 0xff, 0x20, 0x1c, 0x18, 0xff,
    0x20, 0x18, 0x18, 0xff, 0x18, 0x18, 0x18, 0xff, 0x20, 0x1c, 0x18, 0xff,
    0x20, 0x18, 0x18, 0xff, 0x18, 0x18, 0x18, 0xff, 0x20, 0x18, 0x18, 0xff,
    0x18, 0x18, 0x18, 0xff, 0x20, 0x18, 0x18, 0xff, 0x20, 0x1c, 0x18, 0xff,
    0x18, 0x18, 0x18, 0xff, 0x20, 0x1c, 0x18, 0xff, 0x20, 0x18, 0x18, 0xff,
    0x18, 0x18, 0x18, 0xff, 0x18, 0x1c, 0x18, 0xff, 0x20, 0x18, 0x18, 0xff,
    0x18, 0x18, 0x18, 0xff, 0x20, 0x18, 0x18, 0xff, 0x20, 0x1c, 0x18, 0xff,
    0x18, 0x18, 0x18, 0xff, 0x20, 0x18, 0x18, 0xff, 0x20, 0x18, 0x18, 0xff,
    0x18, 0x1c, 0x18, 0xff, 0x20, 0x18, 0x18, 0xff, 0x18, 0x18, 0x18, 0xff,
    0x18, 0x1c, 0x18, 0xff, 0x20, 0x18, 0x18, 0xff, 0x18, 0x18, 0x18, 0xff,
    0x20, 0x1c, 0x18, 0xff, 0x18, 0x18, 0x18, 0xff, 0x20, 0x18, 0x18, 0xff,
    0x18, 0x1c, 0x18, 0xff, 0x20, 0x18, 0x18, 0xff, 0x18, 0x18, 0x18, 0xff,
    0x18, 0x1c, 0x18, 0xff, 0x20, 0x18, 0x18, 0xff, 0x18, 0x18, 0x18, 0xff,
    0x18, 0x1c, 0x18, 0xff, 0x20, 0x18, 0x18, 0xff, 0x20, 0x18, 0x18, 0xff,
    0x18, 0x1c, 0x18, 0xff, 0x18, 0x18, 0x18, 0xff, 0x20, 0x18, 0x18, 0xff,
    0x18, 0x1c, 0x18, 0xff, 0x18, 0x18, 0x18, 0xff, 0x20, 0x18, 0x18, 0xff,
    0x18, 0x18, 0x18, 0xff, 0x18, 0x18, 0x18, 0xff, 0x20, 0x1c, 0x18, 0xff,
    0x18, 0x18, 0x18, 0xff, 0x18, 0x18, 0x18, 0xff, 0x20, 0x1c, 0x18, 0xff,
    0x18, 0x18, 0x18, 0xff, 0x20, 0x1c, 0x18, 0xff, 0x20, 0x18, 0x18, 0xff,
    0x18, 0x18, 0x18, 0xff, 0x20, 0x18, 0x18, 0xff, 0x18, 0x1c, 0x18, 0xff,
    0x18, 0x18, 0x18, 0xff, 0x20, 0x18, 0x18, 0xff, 0x18, 0x18, 0x18, 0xff,
    0x20, 0x1c, 0x18, 0xff, 0x18, 0x18, 0x18, 0xff, 0x20, 0x18, 0x18, 0xff,
    0x20, 0x18, 0x18, 0xff, 0x18, 0x1c, 0x18, 0xff, 0x20, 0x18, 0x18, 0xff,
    0x18, 0x18, 0x18, 0xff, 0x18, 0x1c, 0x18, 0xff, 0x20, 0x18, 0x18, 0xff,
    0x18, 0x1c, 0x18, 0xff, 0x20, 0x1c, 0x18, 0xff, 0x20, 0x18, 0x18, 0xff,
    0x18, 0x18, 0x18, 0xff, 0x20, 0x18, 0x18, 0xff, 0x18, 0x18, 0x18, 0xff,
    0x18, 0x1c, 0x18, 0xff, 0x20, 0x18, 0x18, 0xff, 0x20, 0x18, 0x18, 0xff,
    0x18, 0x18, 0x18, 0xff, 0x20, 0x18, 0x18, 0xff, 0x20, 0x18, 0x18, 0xff,
    0x18, 0x18, 0x18, 0xff, 0x20, 0x18, 0x18, 0xff, 0x20, 0x18, 0x18, 0xff,
    0x18, 0x1c, 0x18, 0xff, 0x20, 0x18, 0x18, 0xff, 0x18, 0x18, 0x18, 0xff,
    0x18, 0x18, 0x18, 0xff, 0x20, 0x1c, 0x18, 0xff, 0x18, 0x18, 0x18, 0xff,
    0x18, 0x18, 0x18, 0xff, 0x20, 0x1c, 0x18, 0xff, 0x18, 0x18, 0x18, 0xff,
    0x18, 0x18, 0x18, 0xff, 0x20, 0x1c, 0x18, 0xff, 0x18, 0x18, 0x18, 0xff,
    0x18, 0x18, 0x18, 0xff, 0x20, 0x1c, 0x18, 0xff, 0x18, 0x18, 0x18, 0xff,
    0x18, 0x1c, 0x18, 0xff, 0x20, 0x1c, 0x18, 0xff, 0x18, 0x18, 0x18, 0xff,
    0x18, 0x1c, 0x18, 0xff, 0x20, 0x1c, 0x18, 0xff, 0x18, 0x18, 0x18, 0xff,
    0x20, 0x18, 0x18, 0xff, 0x20, 0x18, 0x18, 0xff, 0x18, 0x1c, 0x18, 0xff,
    0x20, 0x18, 0x18, 0xff, 0x70, 0x70, 0x70, 0xa2, 0xf8, 0xfc, 0xf8, 0x00,
    0x70, 0x6c, 0x68, 0xcf, 0x30, 0x30, 0x30, 0xff, 0x30, 0x30, 0x30, 0xff,
    0x38, 0x30, 0x30, 0xff, 0x30, 0x30, 0x30, 0xff, 0x38, 0x30, 0x30, 0xff,
    0x38, 0x30, 0x30, 0xff, 0x30, 0x30, 0x30, 0xff, 0x30, 0x30, 0x28, 0xff,
    0x38, 0x30, 0x30, 0xff, 0x30, 0x30, 0x30, 0xff, 0x30, 0x30, 0x30, 0xff,
    0x30, 0x30, 0x28, 0xff, 0x30, 0x30, 0x30, 0xff, 0x30, 0x30, 0x30, 0xff,
    0x30, 0x30, 0x28, 0xff, 0x30, 0x30, 0x30, 0xff, 0x30, 0x30, 0x30, 0xff,
    0x30, 0x30, 0x30, 0xff, 0x30, 0x30, 0x30, 0xff, 0x30, 0x2c, 0x28, 0xff,
    0x30, 0x30, 0x30, 0xff, 0x30, 0x30, 0x30, 0xff, 0x30, 0x30, 0x30, 0xff,
    0x30, 0x30, 0x30, 0xff, 0x30, 0x30, 0x28, 0xff, 0x30, 0x30, 0x30, 0xff,
    0x30, 0x2c, 0x30, 0xff, 0x30, 0x30, 0x28, 0xff, 0x30, 0x2c, 0x30, 0xff,
    0x30, 0x30, 0x28, 0xff, 0x30, 0x2c, 0x28, 0xff, 0x30, 0x30, 0x30, 0xff,
    0x30, 0x2c, 0x30, 0xff, 0x30, 0x2c, 0x30, 0xff, 0x30, 0x30, 0x28, 0xff,
    0x30, 0x30, 0x30, 0xff, 0x28, 0x2c, 0x30, 0xff, 0x30, 0x2c, 0x28, 0xff,
    0x30, 0x30, 0x28, 0xff, 0x30, 0x2c, 0x30, 0xff, 0x30, 0x2c, 0x28, 0xff,
    0x28, 0x30, 0x30, 0xff, 0x30, 0x2c, 0x28, 0xff, 0x30, 0x30, 0x30, 0xff,
    0x30, 0x2c, 0x30, 0xff, 0x30, 0x30, 0x28, 0xff, 0x30, 0x2c, 0x30, 0xff,
    0x28, 0x2c, 0x28, 0xff, 0x30, 0x30, 0x30, 0xff, 0x30, 0x2c, 0x30, 0xff,
    0x30, 0x2c, 0x28, 0xff, 0x30, 0x2c, 0x28, 0xff, 0x30, 0x2c, 0x28, 0xff,
    0x30, 0x2c, 0x30, 0xff, 0x30, 0x2c, 0x28, 0xff, 0x30, 0x2c, 0x30, 0xff,
    0x28, 0x2c, 0x28, 0xff, 0x30, 0x2c, 0x30, 0xff, 0x30, 0x2c, 0x28, 0xff,
    0x28, 0x2c, 0x28, 0xff, 0x30, 0x2c, 0x30, 0xff, 0x30, 0x2c, 0x28, 0xff,
    0x28, 0x2c, 0x30, 0xff, 0x30, 0x2c, 0x28, 0xff, 0x30, 0x2c, 0x28, 0xff,
    0x30, 0x2c, 0x28, 0xff, 0x28, 0x28, 0x30, 0xff, 0x30, 0x2c, 0x28, 0xff,
    0x30, 0x2c, 0x28, 0xff, 0x28, 0x2c, 0x28, 0xff, 0x30, 0x2c, 0x28, 0xff,
    0x28, 0x28, 0x30, 0xff, 0x28, 0x2c, 0x28, 0xff, 0x30, 0x2c, 0x28, 0xff,
    0x28, 0x2c, 0x30, 0xff, 0x28, 0x28, 0x28, 0xff, 0x30, 0x2c, 0x28, 0xff,
    0x28, 0x28, 0x28, 0xff, 0x30, 0x28, 0x28, 0xff, 0x30, 0x2c, 0x28, 0xff,
    0x28, 0x2c, 0x28, 0xff, 0x30, 0x28, 0x28, 0xff, 0x28, 0x2c, 0x28, 0xff,
    0x28, 0x2c, 0x28, 0xff, 0x30, 0x28, 0x30, 0xff, 0x28, 0x28, 0x28, 0xff,
    0x28, 0x2c, 0x28, 0xff, 0x30, 0x28, 0x28, 0xff, 0x28, 0x28, 0x28, 0xff,
    0x30, 0x2c, 0x28, 0xff, 0x28, 0x28, 0x28, 0xff, 0x28, 0x28, 0x28, 0xff,
    0x28, 0x28, 0x28, 0xff, 0x30, 0x28, 0x28, 0xff, 0x28, 0x2c, 0x28, 0xff,
    0x28, 0x28, 0x28, 0xff, 0x28, 0x28, 0x28, 0xff, 0x28, 0x28, 0x28, 0xff,
    0x28, 0x28, 0x28, 0xff, 0x30, 0x28, 0x28, 0xff, 0x28, 0x28, 0x28, 0xff,
    0x28, 0x28, 0x28, 0xff, 0x30, 0x28, 0x28, 0xff, 0x28, 0x28, 0x28, 0xff,
    0x28, 0x28, 0x28, 0xff, 0x30, 0x28, 0x28, 0xff, 0x28, 0x28, 0x20, 0xff,
    0x28, 0x28, 0x28, 0xff, 0x28, 0x28, 0x28, 0xff, 0x28, 0x28, 0x20, 0xff,
    0x28, 0x28, 0x28, 0xff, 0x28, 0x28, 0x28, 0xff, 0x28, 0x28, 0x28, 0xff,
    0x28, 0x28, 0x28, 0xff, 0x28, 0x28, 0x28, 0xff, 0x28, 0x28, 0x28, 0xff,
    0x28, 0x28, 0x28, 0xff, 0x28, 0x24, 0x20, 0xff, 0x28, 0x28, 0x28, 0xff,
    0x28, 0x28, 0x28, 0xff, 0x28, 0x24, 0x28, 0xff, 0x30, 0x28, 0x28, 0xff,
    0x28, 0x28, 0x20, 0xff, 0x28, 0x28, 0x28, 0xff, 0x28, 0x28, 0x28, 0xff,
    0x28, 0x24, 0x20, 0xff, 0x28, 0x24, 0x28, 0xff, 0x28, 0x28, 0x28, 0xff,
    0x28, 0x24, 0x20, 0xff, 0x28, 0x28, 0x28, 0xff, 0x28, 0x28, 0x28, 0xff,
    0x28, 0x28, 0x28, 0xff, 0x28, 0x24, 0x20, 0xff, 0x28, 0x28, 0x20, 0xff,
    0x28, 0x24, 0x28, 0xff, 0x28, 0x24, 0x20, 0xff, 0x28, 0x28, 0x28, 0xff,
    0x28, 0x24, 0x20, 0xff, 0x28, 0x24, 0x20, 0xff, 0x28, 0x24, 0x28, 0xff,
    0x28, 0x28, 0x28, 0xff, 0x20, 0x24, 0x28, 0xff, 0x28, 0x24, 0x20, 0xff,
    0x28, 0x24, 0x20, 0xff, 0x28, 0x24, 0x28, 0xff, 0x28, 0x24, 0x20, 0xff,
    0x20, 0x28, 0x20, 0xff, 0x28, 0x24, 0x28, 0xff, 0x28, 0x24, 0x28, 0xff,
    0x20, 0x24, 0x20, 0xff, 0x28, 0x24, 0x28, 0xff, 0x28, 0x24, 0x20, 0xff,
    0x20, 0x24, 0x20, 0xff, 0x28, 0x24, 0x28, 0xff, 0x28, 0x24, 0x20, 0xff,
    0x28, 0x24, 0x20, 0xff, 0x28, 0x24, 0x28, 0xff, 0x28, 0x24, 0x20, 0xff,
    0x20, 0x24, 0x20, 0xff, 0x28, 0x24, 0x28, 0xff, 0x28, 0x24, 0x20, 0xff,
    0x28, 0x24, 0x28, 0xff, 0x20, 0x24, 0x20, 0xff, 0x28, 0x24, 0x28, 0xff,
    0x28, 0x24, 0x20, 0xff, 0x28, 0x24, 0x28, 0xff, 0x20, 0x24, 0x20, 0xff,
    0x20, 0x20, 0x28, 0xff, 0x28, 0x24, 0x20, 0xff, 0x20, 0x24, 0x20, 0xff,
    0x28, 0x20, 0x28, 0xff, 0x20, 0x24, 0x20, 0xff, 0x28, 0x24, 0x20, 0xff,
    0x28, 0x24, 0x20, 0xff, 0x20, 0x24, 0x20, 0xff, 0x28, 0x24, 0x20, 0xff,
    0x20, 0x24, 0x20, 0xff, 0x28, 0x20, 0x20, 0xff, 0x28, 0x24, 0x20, 0xff,
    0x20, 0x24, 0x20, 0xff, 0x28, 0x20, 0x20, 0xff, 0x20, 0x20, 0x20, 0xff,
    0x28, 0x24, 0x28, 0xff, 0x20, 0x24, 0x20, 0xff, 0x20, 0x20, 0x20, 0xff,
    0x28, 0x24, 0x20, 0xff, 0x28, 0x20, 0x20, 0xff, 0x20, 0x20, 0x20, 0xff,
    0x28, 0x24, 0x20, 0xff, 0x28, 0x20, 0x20, 0xff, 0x20, 0x24, 0x20, 0xff,
    0x28, 0x20, 0x20, 0xff, 0x20, 0x20, 0x20, 0xff, 0x20, 0x20, 0x20, 0xff,
    0x28, 0x20, 0x20, 0xff, 0x20, 0x20, 0x20, 0xff, 0x20, 0x20, 0x20, 0xff,
    0x28, 0x20, 0x20, 0xff, 0x28, 0x20, 0x20, 0xff, 0x20, 0x24, 0x20, 0xff,
    0x20, 0x20, 0x20, 0xff, 0x20, 0x20, 0x20, 0xff, 0x20, 0x20, 0x20, 0xff,
    0x28, 0x20, 0x20, 0xff, 0x20, 0x20, 0x20, 0xff, 0x28, 0x20, 0x20, 0xff,
    0x20, 0x20, 0x20, 0xff, 0x28, 0x20, 0x20, 0xff, 0x20, 0x20, 0x20, 0xff,
    0x20, 0x20, 0x20, 0xff, 0x28, 0x20, 0x20, 0xff, 0x20, 0x20, 0x20, 0xff,
    0x20, 0x20, 0x20, 0xff, 0x20, 0x20, 0x20, 0xff, 0x28, 0x20, 0x20, 0xff,
    0x20, 0x20, 0x20, 0xff, 0x20, 0x20, 0x18, 0xff, 0x20, 0x20, 0x20, 0xff,
    0x28, 0x20, 0x20, 0xff, 0x20, 0x20, 0x20, 0xff, 0x20, 0x20, 0x20, 0xff,
    0x28, 0x20, 0x20, 0xff, 0x20, 0x1c, 0x20, 0xff, 0x20, 0x20, 0x20, 0xff,
    0x20, 0x1c, 0x20, 0xff, 0x28, 0x20, 0x20, 0xff, 0x20, 0x20, 0x20, 0xff,
    0x20, 0x20, 0x20, 0xff, 0x20, 0x1c, 0x18, 0xff, 0x28, 0x20, 0x20, 0xff,
    0x20, 0x20, 0x18, 0xff, 0x20, 0x1c, 0x20, 0xff, 0x20, 0x20, 0x18, 0xff,
    0x20, 0x20, 0x20, 0xff, 0x28, 0x20, 0x20, 0xff, 0x20, 0x1c, 0x18, 0xff,
    0x20, 0x20, 0x20, 0xff, 0x20, 0x20, 0x20, 0xff, 0x20, 0x1c, 0x18, 0xff,
    0x20, 0x1c, 0x20, 0xff, 0x28, 0x20, 0x20, 0xff, 0x20, 0x1c, 0x18, 0xff,
    0x20, 0x1c, 0x20, 0xff, 0x20, 0x20, 0x20, 0xff, 0x20, 0x20, 0x18, 0xff,
    0x20, 0x1c, 0x20, 0xff, 0x20, 0x20, 0x18, 0xff, 0x20, 0x1c, 0x20, 0xff,
    0x20, 0x1c, 0x20, 0xff, 0x20, 0x20, 0x18, 0xff, 0x20, 0x1c, 0x20, 0xff,
    0x20, 0x1c, 0x20, 0xff, 0x20, 0x1c, 0x18, 0xff, 0x20, 0x1c, 0x20, 0xff,
    0x20, 0x1c, 0x20, 0xff, 0x20, 0x20, 0x18, 0xff, 0x20, 0x1c, 0x18, 0xff,
    0x20, 0x1c, 0x20, 0xff, 0x20, 0x1c, 0x18, 0xff, 0x20, 0x20, 0x20, 0xff,
    0x20, 0x1c, 0x20, 0xff, 0x20, 0x1c, 0x18, 0xff, 0x20, 0x1c, 0x20, 0xff,
    0x20, 0x1c, 0x18, 0xff, 0x20, 0x20, 0x20, 0xff, 0x20, 0x1c, 0x20, 0xff,
    0x20, 0x1c, 0x18, 0xff, 0x20, 0x20, 0x20, 0xff, 0x20, 0x1c, 0x18, 0xff,
    0x20, 0x1c, 0x18, 0xff, 0x20, 0x1c, 0x20, 0xff, 0x20, 0x1c, 0x18, 0xff,
    0x20, 0x1c, 0x18, 0xff, 0x20, 0x1c, 0x20, 0xff, 0x20, 0x1c, 0x18, 0xff,
    0x20, 0x1c, 0x18, 0xff, 0x20, 0x1c, 0x20, 0xff, 0x20, 0x1c, 0x20, 0xff,
    0x20, 0x1c, 0x18, 0xff, 0x20, 0x1c, 0x18, 0xff, 0x20, 0x1c, 0x20, 0xff,
    0x20, 0x1c, 0x18, 0xff, 0x18, 0x1c, 0x20, 0xff, 0x20, 0x1c, 0x20, 0xff,
    0x20, 0x1c, 0x18, 0xff, 0x20, 0x1c, 0x20, 0xff, 0x18, 0x18, 0x18, 0xff,
    0x20, 0x1c, 0x18, 0xff, 0x20, 0x1c, 0x18, 0xff, 0x18, 0x18, 0x18, 0xff,
    0x20, 0x1c, 0x18, 0xff, 0x20, 0x1c, 0x18, 0xff, 0x18, 0x1c, 0x18, 0xff,
    0x20, 0x1c, 0x20, 0xff, 0x20, 0x1c, 0x18, 0xff, 0x18, 0x18, 0x18, 0xff,
    0x20, 0x1c, 0x20, 0xff, 0x20, 0x1c, 0x18, 0xff, 0x20, 0x18, 0x18, 0xff,
    0x18, 0x1c, 0x20, 0xff, 0x20, 0x1c, 0x18, 0xff, 0x20, 0x18, 0x18, 0xff,
    0x18, 0x1c, 0x20, 0xff, 0x20, 0x18, 0x18, 0xff, 0x18, 0x1c, 0x20, 0xff,
    0x20, 0x18, 0x18, 0xff, 0x20, 0x18, 0x18, 0xff, 0x18, 0x1c, 0x20, 0xff,
    0x20, 0x18, 0x18, 0xff, 0x18, 0x18, 0x18, 0xff, 0x18, 0x1c, 0x20, 0xff,
    0x20, 0x1c, 0x18, 0xff, 0x20, 0x18, 0x18, 0xff, 0x18, 0x18, 0x20, 0xff,
    0x20, 0x1c, 0x18, 0xff, 0x20, 0x18, 0x18, 0xff, 0x18, 0x1c, 0x18, 0xff,
    0x20, 0x1c, 0x18, 0xff, 0x20, 0x18, 0x20, 0xff, 0x18, 0x1c, 0x18, 0xff,
    0x20, 0x18, 0x18, 0xff, 0x20, 0x1c, 0x18, 0xff, 0x18, 0x18, 0x20, 0xff,
    0x20, 0x1c, 0x18, 0xff, 0x20, 0x1c, 0x18, 0xff, 0x20, 0x1c, 0x20, 0xff,
    0x20, 0x18, 0x18, 0xff, 0x18, 0x1c, 0x18, 0xff, 0x18, 0x18, 0x18, 0xff,
    0x20, 0x18, 0x18, 0xff, 0x18, 0x18, 0x18, 0xff, 0x20, 0x1c, 0x18, 0xff,
    0x20, 0x18, 0x18, 0xff, 0x18, 0x18, 0x18, 0xff, 0x18, 0x1c, 0x18, 0xff,
    0x20, 0x18, 0x18, 0xff, 0x18, 0x18, 0x18, 0xff, 0x18, 0x18, 0x18, 0xff,
    0x18, 0x18, 0x18, 0xff, 0x20, 0x18, 0x18, 0xff, 0x18, 0x18, 0x18, 0xff,
    0x18, 0x1c, 0x18, 0xff, 0x20, 0x18, 0x18, 0xff, 0x18, 0x1c, 0x18, 0xff,
    0x18, 0x1c, 0x18, 0xff, 0x20, 0x18, 0x18, 0xff, 0x18, 0x18, 0x18, 0xff,
    0x18, 0x18, 0x18, 0xff, 0x20, 0x18, 0x18, 0xff, 0x18, 0x1c, 0x18, 0xff,
    0x20, 0x18, 0x18, 0xff, 0x18, 0x18, 0x18, 0xff, 0x20, 0x18, 0x18, 0xff,
    0x18, 0x18, 0x18, 0xff, 0x18, 0x18, 0x18, 0xff, 0x20, 0x18, 0x18, 0xff,
    0x18, 0x18, 0x18, 0xff, 0x18, 0x1c, 0x18, 0xff, 0x20, 0x18, 0x18, 0xff,
    0x18, 0x18, 0x18, 0xff, 0x20, 0x1c, 0x18, 0xff, 0x20, 0x18, 0x18, 0xff,
    0x18, 0x18, 0x18, 0xff, 0x20, 0x18, 0x18, 0xff, 0x20, 0x18, 0x18, 0xff,
    0x18, 0x18, 0x18, 0xff, 0x18, 0x18, 0x18, 0xff, 0x20, 0x18, 0x18, 0xff,
    0x18, 0x18, 0x18, 0xff, 0x20, 0x18, 0x18, 0xff, 0x20, 0x18, 0x18, 0xff,
    0x18, 0x1c, 0x18, 0xff, 0x20, 0x18, 0x18, 0xff, 0x20, 0x18, 0x18, 0xff,
    0x18, 0x1c, 0x18, 0xff, 0x20, 0x18, 0x18, 0xff, 0x18, 0x18, 0x18, 0xff,
    0x20, 0x1c, 0x18, 0xff, 0x20, 0x18, 0x18, 0xff, 0x18, 0x18, 0x18, 0xff,
    0x20, 0x18, 0x18, 0xff, 0x20, 0x18, 0x18, 0xff, 0x18, 0x1c, 0x18, 0xff,
    0x20, 0x18, 0x18, 0xff, 0x18, 0x18, 0x18, 0xff, 0x20, 0x1c, 0x18, 0xff,
    0x18, 0x18, 0x18, 0xff, 0x20, 0x18, 0x18, 0xff, 0x18, 0x18, 0x18, 0xff,
    0x18, 0x18, 0x18, 0xff, 0x20, 0x18, 0x18, 0xff, 0x18, 0x18, 0x18, 0xff,
    0x18, 0x1c, 0x18, 0xff, 0x20, 0x18, 0x18, 0xff, 0x20, 0x18, 0x18, 0xff,
    0x18, 0x18, 0x18, 0xff, 0x20, 0x1c, 0x18, 0xff, 0x18, 0x18, 0x18, 0xff,
    0x20, 0x18, 0x18, 0xff, 0x18, 0x18, 0x18, 0xff, 0x20, 0x1c, 0x18, 0xff,
    0x18, 0x18, 0x18, 0xff, 0x18, 0x18, 0x18, 0xff, 0x20, 0x18, 0x18, 0xff,
    0x20, 0x18, 0x18, 0xff, 0x18, 0x18, 0x18, 0xff, 0x20, 0x1c, 0x18, 0xff,
    0x18, 0x18, 0x18, 0xff, 0x18, 0x18, 0x18, 0xff, 0x20, 0x18, 0x18, 0xff,
    0x18, 0x18, 0x18, 0xff, 0x20, 0x1c, 0x18, 0xff, 0x20, 0x18, 0x18, 0xff,
    0x18, 0x18, 0x18, 0xff, 0x20, 0x1c, 0x18, 0xff, 0x18, 0x18, 0x18, 0xff,
    0x18, 0x18, 0x18, 0xff, 0x20, 0x1c, 0x18, 0xff, 0x18, 0x18, 0x18, 0xff,
    0x20, 0x18, 0x18, 0xff, 0x18, 0x1c, 0x18, 0xff, 0x20, 0x18, 0x18, 0xff,
    0x18, 0x18, 0x18, 0xff, 0x18, 0x18, 0x18, 0xff, 0x20, 0x1c, 0x18, 0xff,
    0x20, 0x18, 0x18, 0xff, 0x18, 0x18, 0x18, 0xff, 0x20, 0x18, 0x18, 0xff,
    0x18, 0x18, 0x18, 0xff, 0x20, 0x18, 0x18, 0xff, 0x20, 0x1c, 0x18, 0xff,
    0x18, 0x18, 0x18, 0xff, 0x20, 0x18, 0x18, 0xff, 0x20, 0x18, 0x18, 0xff,
    0x18, 0x18, 0x18, 0xff, 0x20, 0x18, 0x18, 0xff, 0x20, 0x18, 0x18, 0xff,
    0x18, 0x18, 0x18, 0xff, 0x20, 0x18, 0x18, 0xff, 0x20, 0x18, 0x18, 0xff,
    0x18, 0x18, 0x18, 0xff, 0x20, 0x18, 0x18, 0xff, 0x18, 0x18, 0x18, 0xff,
    0x18, 0x1c, 0x18, 0xff, 0x20, 0x18, 0x18, 0xff, 0x18, 0x18, 0x18, 0xff,
    0x18, 0x18, 0x18, 0xff, 0x20, 0x18, 0x18, 0xff, 0x70, 0x70, 0x70, 0x9e,
    0xf8, 0xfc, 0xf8, 0x00, 0x70, 0x6c, 0x68, 0xcf, 0x30, 0x30, 0x30, 0xff,
    0x30, 0x34, 0x30, 0xff, 0x30, 0x30, 0x30, 0xff, 0x30, 0x30, 0x30, 0xff,
    0x30, 0x34, 0x30, 0xff, 0x30, 0x30, 0x30, 0xff, 0x30, 0x30, 0x30, 0xff,
    0x30, 0x30, 0x30, 0xff, 0x30, 0x30, 0x30, 0xff, 0x30, 0x30, 0x30, 0xff,
    0x30, 0x30, 0x30, 0xff, 0x38, 0x30, 0x30, 0xff, 0x30, 0x30, 0x30, 0xff,
    0x30, 0x30, 0x30, 0xff, 0x38, 0x30, 0x30, 0xff, 0x30, 0x30, 0x30, 0xff,
    0x30, 0x30, 0x30, 0xff, 0x38, 0x30, 0x28, 0xff, 0x30, 0x2c, 0x30, 0xff,
    0x30, 0x30, 0x30, 0xff, 0x30, 0x2c, 0x30, 0xff, 0x30, 0x2c, 0x28, 0xff,
    0x30, 0x30, 0x30, 0xff, 0x30, 0x30, 0x30, 0xff, 0x30, 0x2c, 0x30, 0xff,
    0x30, 0x30, 0x30, 0xff, 0x30, 0x30, 0x30, 0xff, 0x30, 0x30, 0x30, 0xff,
    0x30, 0x2c, 0x30, 0xff, 0x30, 0x30, 0x30, 0xff, 0x30, 0x30, 0x28, 0xff,
    0x30, 0x2c, 0x30, 0xff, 0x30, 0x30, 0x30, 0xff, 0x30, 0x2c, 0x28, 0xff,
    0x30, 0x2c, 0x30, 0xff, 0x30, 0x30, 0x30, 0xff, 0x30, 0x30, 0x30, 0xff,
    0x30, 0x2c, 0x28, 0xff, 0x30, 0x30, 0x30, 0xff, 0x30, 0x30, 0x30, 0xff,
    0x30, 0x2c, 0x28, 0xff, 0x30, 0x2c, 0x30, 0xff, 0x30, 0x2c, 0x28, 0xff,
    0x30, 0x2c, 0x28, 0xff, 0x28, 0x30, 0x30, 0xff, 0x30, 0x2c, 0x30, 0xff,
    0x30, 0x2c, 0x28, 0xff, 0x30, 0x30, 0x28, 0xff, 0x28, 0x2c, 0x30, 0xff,
    0x30, 0x2c, 0x28, 0xff, 0x30, 0x2c, 0x30, 0xff, 0x28, 0x2c, 0x28, 0xff,
    0x30, 0x2c, 0x30, 0xff, 0x30, 0x2c, 0x28, 0xff, 0x28, 0x2c, 0x28, 0xff,
    0x30, 0x2c, 0x28, 0xff, 0x30, 0x2c, 0x30, 0xff, 0x28, 0x2c, 0x28, 0xff,
    0x30, 0x2c, 0x30, 0xff, 0x28, 0x2c, 0x28, 0xff, 0x30, 0x2c, 0x28, 0xff,
    0x30, 0x2c, 0x30, 0xff, 0x28, 0x2c, 0x28, 0xff, 0x30, 0x2c, 0x28, 0xff,
    0x30, 0x28, 0x28, 0xff, 0x28, 0x2c, 0x28, 0xff, 0x30, 0x2c, 0x28, 0xff,
    0x30, 0x2c, 0x30, 0xff, 0x28, 0x28, 0x28, 0xff, 0x28, 0x2c, 0x28, 0xff,
    0x30, 0x2c, 0x28, 0xff, 0x30, 0x2c, 0x28, 0xff, 0x28, 0x2c, 0x28, 0xff,
    0x30, 0x2c, 0x28, 0xff, 0x30, 0x2c, 0x28, 0xff, 0x28, 0x28, 0x28, 0xff,
    0x28, 0x2c, 0x28, 0xff, 0x30, 0x2c, 0x28, 0xff, 0x28, 0x28, 0x28, 0xff,
    0x28, 0x28, 0x30, 0xff, 0x30, 0x2c, 0x28, 0xff, 0x30, 0x28, 0x28, 0xff,
    0x28, 0x28, 0x28, 0xff, 0x30, 0x2c, 0x28, 0xff, 0x28, 0x2c, 0x28, 0xff,
    0x28, 0x28, 0x28, 0xff, 0x30, 0x2c, 0x30, 0xff, 0x28, 0x28, 0x28, 0xff,
    0x28, 0x28, 0x28, 0xff, 0x30, 0x2c, 0x28, 0xff, 0x30, 0x28, 0x28, 0xff,
    0x28, 0x2c, 0x28, 0xff, 0x30, 0x28, 0x28, 0xff, 0x28, 0x28, 0x28, 0xff,
    0x30, 0x28, 0x28, 0xff, 0x30, 0x2c, 0x28, 0xff, 0x28, 0x28, 0x28, 0xff,
    0x28, 0x2c, 0x28, 0xff, 0x30, 0x28, 0x28, 0xff, 0x28, 0x28, 0x28, 0xff,
    0x28, 0x28, 0x28, 0xff, 0x28, 0x28, 0x28, 0xff, 0x30, 0x28, 0x20, 0xff,
    0x28, 0x28, 0x28, 0xff, 0x28, 0x28, 0x28, 0xff, 0x28, 0x28, 0x28, 0xff,
    0x28, 0x28, 0x28, 0xff, 0x30, 0x28, 0x28, 0xff, 0x28, 0x28, 0x28, 0xff,
    0x28, 0x28, 0x28, 0xff, 0x28, 0x28, 0x28, 0xff, 0x28, 0x28, 0x28, 0xff,
    0x30, 0x28, 0x20, 0xff, 0x28, 0x24, 0x28, 0xff, 0x28, 0x28, 0x28, 0xff,
    0x28, 0x28, 0x28, 0xff, 0x28, 0x24, 0x28, 0xff, 0x28, 0x28, 0x28, 0xff,
    0x28, 0x28, 0x28, 0xff, 0x28, 0x24, 0x20, 0xff, 0x28, 0x28, 0x28, 0xff,
    0x28, 0x28, 0x28, 0xff, 0x28, 0x24, 0x28, 0xff, 0x28, 0x28, 0x28, 0xff,
    0x28, 0x28, 0x28, 0xff, 0x28, 0x24, 0x20, 0xff, 0x28, 0x28, 0x28, 0xff,
    0x28, 0x24, 0x28, 0xff, 0x28, 0x24, 0x20, 0xff, 0x28, 0x24, 0x20, 0xff,
    0x28, 0x28, 0x28, 0xff, 0x28, 0x24, 0x28, 0xff, 0x28, 0x28, 0x20, 0xff,
    0x28, 0x28, 0x28, 0xff, 0x28, 0x24, 0x28, 0xff, 0x28, 0x28, 0x20, 0xff,
    0x28, 0x28, 0x28, 0xff, 0x28, 0x24, 0x28, 0xff, 0x28, 0x24, 0x20, 0xff,
    0x28, 0x28, 0x20, 0xff, 0x28, 0x24, 0x28, 0xff, 0x28, 0x24, 0x20, 0xff,
    0x28, 0x28, 0x28, 0xff, 0x20, 0x24, 0x28, 0xff, 0x28, 0x24, 0x20, 0xff,
    0x28, 0x28, 0x28, 0xff, 0x28, 0x24, 0x20, 0xff, 0x28, 0x24, 0x28, 0xff,
    0x28, 0x28, 0x20, 0xff, 0x28, 0x24, 0x28, 0xff, 0x28, 0x28, 0x28, 0xff,
    0x28, 0x24, 0x20, 0xff, 0x20, 0x24, 0x20, 0xff, 0x28, 0x24, 0x28, 0xff,
    0x28, 0x24, 0x20, 0xff, 0x20, 0x24, 0x20, 0xff, 0x28, 0x24, 0x28, 0xff,
    0x28, 0x24, 0x20, 0xff, 0x28, 0x24, 0x28, 0xff, 0x28, 0x24, 0x20, 0xff,
    0x28, 0x24, 0x20, 0xff, 0x28, 0x24, 0x20, 0xff, 0x28, 0x24, 0x28, 0xff,
    0x28, 0x24, 0x20, 0xff, 0x20, 0x24, 0x20, 0xff, 0x28, 0x20, 0x20, 0xff,
    0x28, 0x24, 0x20, 0xff, 0x28, 0x24, 0x28, 0xff, 0x20, 0x24, 0x20, 0xff,
    0x28, 0x24, 0x20, 0xff, 0x28, 0x20, 0x20, 0xff, 0x20, 0x24, 0x20, 0xff,
    0x28, 0x24, 0x20, 0xff, 0x20, 0x20, 0x20, 0xff, 0x28, 0x24, 0x20, 0xff,
    0x28, 0x24, 0x28, 0xff, 0x20, 0x24, 0x20, 0xff, 0x28, 0x20, 0x20, 0xff,
    0x28, 0x20, 0x20, 0xff, 0x20, 0x24, 0x20, 0xff, 0x28, 0x24, 0x20, 0xff,
    0x28, 0x20, 0x20, 0xff, 0x20, 0x20, 0x20, 0xff, 0x28, 0x24, 0x20, 0xff,
    0x20, 0x24, 0x20, 0xff, 0x20, 0x20, 0x28, 0xff, 0x28, 0x24, 0x20, 0xff,
    0x20, 0x24, 0x20, 0xff, 0x20, 0x20, 0x28, 0xff, 0x28, 0x20, 0x20, 0xff,
    0x20, 0x24, 0x20, 0xff, 0x28, 0x20, 0x20, 0xff, 0x28, 0x20, 0x20, 0xff,
    0x20, 0x24, 0x20, 0xff, 0x28, 0x20, 0x20, 0xff, 0x28, 0x24, 0x20, 0xff,
    0x20, 0x20, 0x20, 0xff, 0x20, 0x20, 0x20, 0xff, 0x28, 0x24, 0x20, 0xff,
    0x20, 0x20, 0x20, 0xff, 0x28, 0x20, 0x20, 0xff, 0x28, 0x24, 0x20, 0xff,
    0x20, 0x20, 0x20, 0xff, 0x20, 0x24, 0x20, 0xff, 0x28, 0x20, 0x20, 0xff,
    0x20, 0x20, 0x20, 0xff, 0x20, 0x20, 0x20, 0xff, 0x28, 0x20, 0x20, 0xff,
    0x20, 0x20, 0x20, 0xff, 0x28, 0x20, 0x20, 0xff, 0x20, 0x20, 0x20, 0xff,
    0x20, 0x20, 0x20, 0xff, 0x20, 0x20, 0x20, 0xff, 0x20, 0x20, 0x20, 0xff,
    0x20, 0x20, 0x20, 0xff, 0x28, 0x20, 0x20, 0xff, 0x20, 0x20, 0x20, 0xff,
    0x20, 0x20, 0x20, 0xff, 0x20, 0x20, 0x20, 0xff, 0x20, 0x20, 0x20, 0xff,
    0x20, 0x20, 0x18, 0xff, 0x28, 0x20, 0x20, 0xff, 0x20, 0x20, 0x18, 0xff,
    0x20, 0x20, 0x20, 0xff, 0x20, 0x20, 0x18, 0xff, 0x20, 0x1c, 0x18, 0xff,
    0x20, 0x20, 0x20, 0xff, 0x28, 0x20, 0x20, 0xff, 0x20, 0x20, 0x20, 0xff,
    0x20, 0x1c, 0x20, 0xff, 0x20, 0x20, 0x20, 0xff, 0x20, 0x20, 0x18, 0xff,
    0x28, 0x20, 0x20, 0xff, 0x20, 0x20, 0x20, 0xff, 0x20, 0x20, 0x20, 0xff,
    0x20, 0x1c, 0x18, 0xff, 0x20, 0x1c, 0x20, 0xff, 0x28, 0x20, 0x18, 0xff,
    0x20, 0x1c, 0x18, 0xff, 0x20, 0x20, 0x20, 0xff, 0x20, 0x1c, 0x18, 0xff,
    0x20, 0x20, 0x20, 0xff, 0x20, 0x1c, 0x18, 0xff, 0x28, 0x20, 0x20, 0xff,
    0x20, 0x1c, 0x20, 0xff, 0x20, 0x20, 0x18, 0xff, 0x20, 0x20, 0x20, 0xff,
    0x20, 0x1c, 0x18, 0xff, 0x20, 0x20, 0x20, 0xff, 0x20, 0x20, 0x18, 0xff,
    0x20, 0x20, 0x20, 0xff, 0x20, 0x1c, 0x18, 0xff, 0x20, 0x20, 0x18, 0xff,
    0x20, 0x1c, 0x20, 0xff, 0x20, 0x1c, 0x20, 0xff, 0x20, 0x1c, 0x18, 0xff,
    0x20, 0x20, 0x20, 0xff, 0x20, 0x1c, 0x18, 0xff, 0x20, 0x1c, 0x18, 0xff,
    0x20, 0x1c, 0x20, 0xff, 0x20, 0x1c, 0x18, 0xff, 0x20, 0x20, 0x20, 0xff,
    0x20, 0x1c, 0x18, 0xff, 0x20, 0x1c, 0x20, 0xff, 0x18, 0x1c, 0x18, 0xff,
    0x20, 0x1c, 0x18, 0xff, 0x20, 0x20, 0x20, 0xff, 0x18, 0x1c, 0x20, 0xff,
    0x20, 0x1c, 0x18, 0xff, 0x20, 0x1c, 0x20, 0xff, 0x20, 0x1c, 0x20, 0xff,
    0x20, 0x1c, 0x18, 0xff, 0x20, 0x1c, 0x18, 0xff, 0x20, 0x1c, 0x20, 0xff,
    0x20, 0x1c, 0x18, 0xff, 0x20, 0x1c, 0x18, 0xff, 0x20, 0x1c, 0x20, 0xff,
    0x20, 0x1c, 0x18, 0xff, 0x18, 0x1c, 0x18, 0xff, 0x20, 0x1c, 0x20, 0xff,
    0x20, 0x1c, 0x18, 0xff, 0x18, 0x1c, 0x18, 0xff, 0x20, 0x1c, 0x18, 0xff,
    0x20, 0x1c, 0x18, 0xff, 0x20, 0x1c, 0x20, 0xff, 0x20, 0x1c, 0x18, 0xff,
    0x18, 0x1c, 0x18, 0xff, 0x20, 0x1c, 0x20, 0xff, 0x20, 0x1c, 0x18, 0xff,
    0x20, 0x1c, 0x20, 0xff, 0x20, 0x18, 0x20, 0xff, 0x20, 0x1c, 0x18, 0xff,
    0x20, 0x18, 0x18, 0xff, 0x20, 0x1c, 0x18, 0xff, 0x18, 0x1c, 0x18, 0xff,
    0x20, 0x1c, 0x18, 0xff, 0x18, 0x18, 0x18, 0xff, 0x20, 0x1c, 0x20, 0xff,
    0x20, 0x1c, 0x18, 0xff, 0x20, 0x1c, 0x18, 0xff, 0x20, 0x1c, 0x18, 0xff,
    0x20, 0x1c, 0x18, 0xff, 0x18, 0x1c, 0x18, 0xff, 0x20, 0x1c, 0x20, 0xff,
    0x20, 0x1c, 0x18, 0xff, 0x18, 0x18, 0x18, 0xff, 0x20, 0x1c, 0x18, 0xff,
    0x20, 0x1c, 0x18, 0xff, 0x18, 0x18, 0x18, 0xff, 0x20, 0x18, 0x18, 0xff,
    0x20, 0x1c, 0x18, 0xff, 0x20, 0x18, 0x18, 0xff, 0x18, 0x1c, 0x18, 0xff,
    0x20, 0x1c, 0x18, 0xff, 0x18, 0x18, 0x18, 0xff, 0x18, 0x18, 0x18, 0xff,
    0x20, 0x1c, 0x18, 0xff, 0x18, 0x18, 0x18, 0xff, 0x20, 0x1c, 0x18, 0xff,
    0x18, 0x18, 0x18, 0xff, 0x20, 0x1c, 0x18, 0xff, 0x18, 0x18, 0x18, 0xff,
    0x20, 0x18, 0x18, 0xff, 0x18, 0x1c, 0x18, 0xff, 0x18, 0x18, 0x18, 0xff,
    0x20, 0x18, 0x18, 0xff, 0x18, 0x1c, 0x18, 0xff, 0x20, 0x1c, 0x18, 0xff,
    0x20, 0x18, 0x18, 0xff, 0x18, 0x18, 0x18, 0xff, 0x18, 0x18, 0x18, 0xff,
    0x20, 0x18, 0x18, 0xff, 0x18, 0x1c, 0x18, 0xff, 0x20, 0x18, 0x18, 0xff,
    0x20, 0x18, 0x18, 0xff, 0x18, 0x18, 0x18, 0xff, 0x20, 0x1c, 0x18, 0xff,
    0x20, 0x18, 0x18, 0xff, 0x18, 0x1c, 0x18, 0xff, 0x20, 0x18, 0x18, 0xff,
    0x20, 0x18, 0x18, 0xff, 0x18, 0x18, 0x18, 0xff, 0x20, 0x18, 0x18, 0xff,
    0x20, 0x18, 0x18, 0xff, 0x18, 0x18, 0x18, 0xff, 0x20, 0x18, 0x18, 0xff,
    0x18, 0x1c, 0x18, 0xff, 0x20, 0x18, 0x18, 0xff, 0x18, 0x18, 0x18, 0xff,
    0x18, 0x18, 0x18, 0xff, 0x20, 0x1c, 0x18, 0xff, 0x20, 0x18, 0x18, 0xff,
    0x18, 0x18, 0x18, 0xff, 0x20, 0x1c, 0x18, 0xff, 0x20, 0x1c, 0x18, 0xff,
    0x18, 0x18, 0x18, 0xff, 0x20, 0x18, 0x18, 0xff, 0x20, 0x18, 0x18, 0xff,
    0x18, 0x18, 0x18, 0xff, 0x18, 0x18, 0x18, 0xff, 0x20, 0x18, 0x18, 0xff,
    0x18, 0x1c, 0x18, 0xff, 0x18, 0x18, 0x18, 0xff, 0x20, 0x18, 0x18, 0xff,
    0x20, 0x1c, 0x18, 0xff, 0x18, 0x18, 0x18, 0xff, 0x20, 0x1c, 0x18, 0xff,
    0x20, 0x18, 0x18, 0xff, 0x18, 0x1c, 0x18, 0xff, 0x18, 0x18, 0x18, 0xff,
    0x20, 0x18, 0x18, 0xff, 0x18, 0x18, 0x18, 0xff, 0x18, 0x18, 0x18, 0xff,
    0x20, 0x18, 0x18, 0xff, 0x18, 0x18, 0x18, 0xff, 0x20, 0x18, 0x18, 0xff,
    0x18, 0x18, 0x18, 0xff, 0x18, 0x18, 0x18, 0xff, 0x20, 0x18, 0x18, 0xff,
    0x18, 0x1c, 0x18, 0xff, 0x18, 0x18, 0x18, 0xff, 0x20, 0x18, 0x18, 0xff,
    0x20, 0x18, 0x18, 0xff, 0x18, 0x1c, 0x18, 0xff, 0x20, 0x18, 0x18, 0xff,
    0x18, 0x18, 0x18, 0xff, 0x20, 0x18, 0x18, 0xff, 0x20, 0x1c, 0x18, 0xff,
    0x20, 0x18, 0x18, 0xff, 0x18, 0x18, 0x18, 0xff, 0x20, 0x1c, 0x18, 0xff,
    0x18, 0x18, 0x18, 0xff, 0x18, 0x18, 0x18, 0xff, 0x20, 0x1c, 0x18, 0xff,
    0x18, 0x18, 0x18, 0xff, 0x20, 0x18, 0x18, 0xff, 0x20, 0x18, 0x18, 0xff,
    0x18, 0x1c, 0x18, 0xff, 0x20, 0x18, 0x18, 0xff, 0x20, 0x18, 0x18, 0xff,
    0x18, 0x18, 0x18, 0xff, 0x20, 0x1c, 0x18, 0xff, 0x18, 0x18, 0x18, 0xff,
    0x20, 0x18, 0x18, 0xff, 0x18, 0x1c, 0x18, 0xff, 0x20, 0x18, 0x18, 0xff,
    0x20, 0x18, 0x18, 0xff, 0x18, 0x18, 0x18, 0xff, 0x20, 0x18, 0x18, 0xff,
    0x18, 0x18, 0x18, 0xff, 0x18, 0x1c, 0x18, 0xff, 0x20, 0x18, 0x18, 0xff,
    0x18, 0x18, 0x18, 0xff, 0x20, 0x18, 0x18, 0xff, 0x20, 0x18, 0x18, 0xff,
    0x18, 0x18, 0x18, 0xff, 0x20, 0x1c, 0x18, 0xff, 0x18, 0x18, 0x18, 0xff,
    0x20, 0x18, 0x18, 0xff, 0x18, 0x1c, 0x18, 0xff, 0x20, 0x18, 0x18, 0xff,
    0x18, 0x18, 0x18, 0xff, 0x20, 0x1c, 0x18, 0xff, 0x18, 0x18, 0x18, 0xff,
    0x20, 0x18, 0x18, 0xff, 0x18, 0x1c, 0x18, 0xff, 0x20, 0x18, 0x18, 0xff,
    0x18, 0x1c, 0x18, 0xff, 0x20, 0x18, 0x18, 0xff, 0x18, 0x18, 0x18, 0xff,
    0x18, 0x18, 0x18, 0xff, 0x20, 0x18, 0x18, 0xff, 0x18, 0x1c, 0x18, 0xff,
    0x20, 0x18, 0x18, 0xff, 0x18, 0x1c, 0x18, 0xff, 0x20, 0x18, 0x18, 0xff,
    0x18, 0x1c, 0x18, 0xff, 0x18, 0x18, 0x18, 0xff, 0x20, 0x18, 0x18, 0xff,
    0x18, 0x1c, 0x18, 0xff, 0x20, 0x18, 0x18, 0xff, 0x20, 0x18, 0x18, 0xff,
    0x18, 0x18, 0x18, 0xff, 0x20, 0x18, 0x18, 0xff, 0x20, 0x1c, 0x18, 0xff,
    0x18, 0x18, 0x18, 0xff, 0x20, 0x18, 0x18, 0xff, 0x18, 0x1c, 0x18, 0xff,
    0x70, 0x70, 0x70, 0xa2, 0xf8, 0xfc, 0xf8, 0x00, 0x70, 0x6c, 0x68, 0xcf,
    0x30, 0x30, 0x30, 0xff, 0x30, 0x30, 0x30, 0xff, 0x38, 0x34, 0x30, 0xff,
    0x30, 0x30, 0x30, 0xff, 0x30, 0x30, 0x30, 0xff, 0x30, 0x30, 0x30, 0xff,
    0x30, 0x30, 0x30, 0xff, 0x30, 0x30, 0x30, 0xff, 0x30, 0x30, 0x30, 0xff,
    0x30, 0x30, 0x28, 0xff, 0x30, 0x30, 0x30, 0xff, 0x30, 0x30, 0x30, 0xff,
    0x30, 0x30, 0x30, 0xff, 0x30, 0x30, 0x30, 0xff, 0x30, 0x30, 0x30, 0xff,
    0x30, 0x30, 0x30, 0xff, 0x30, 0x30, 0x30, 0xff, 0x30, 0x30, 0x28, 0xff,
    0x30, 0x30, 0x30, 0xff, 0x30, 0x30, 0x30, 0xff, 0x30, 0x30, 0x30, 0xff,
    0x30, 0x30, 0x28, 0xff, 0x30, 0x30, 0x30, 0xff, 0x30, 0x2c, 0x30, 0xff,
    0x30, 0x30, 0x28, 0xff, 0x30, 0x30, 0x30, 0xff, 0x30, 0x30, 0x28, 0xff,
    0x30, 0x30, 0x30, 0xff, 0x30, 0x2c, 0x28, 0xff, 0x30, 0x2c, 0x30, 0xff,
    0x30, 0x30, 0x30, 0xff, 0x30, 0x2c, 0x28, 0xff, 0x30, 0x30, 0x28, 0xff,
    0x30, 0x30, 0x30, 0xff, 0x28, 0x2c, 0x28, 0xff, 0x30, 0x2c, 0x30, 0xff,
    0x30, 0x30, 0x28, 0xff, 0x30, 0x2c, 0x30, 0xff, 0x30, 0x2c, 0x30, 0xff,
    0x28, 0x30, 0x30, 0xff, 0x30, 0x2c, 0x28, 0xff, 0x30, 0x2c, 0x30, 0xff,
    0x30, 0x2c, 0x30, 0xff, 0x30, 0x2c, 0x28, 0xff, 0x28, 0x2c, 0x28, 0xff,
    0x30, 0x2c, 0x30, 0xff, 0x30, 0x2c, 0x28, 0xff, 0x30, 0x2c, 0x30, 0xff,
    0x28, 0x2c, 0x28, 0xff, 0x30, 0x30, 0x30, 0xff, 0x30, 0x2c, 0x30, 0xff,
    0x28, 0x2c, 0x28, 0xff, 0x30, 0x2c, 0x28, 0xff, 0x30, 0x2c, 0x30, 0xff,
    0x28, 0x2c, 0x28, 0xff, 0x30, 0x2c, 0x30, 0xff, 0x30, 0x2c, 0x28, 0xff,
    0x28, 0x2c, 0x28, 0xff, 0x30, 0x2c, 0x30, 0xff, 0x30, 0x2c, 0x28, 0xff,
    0x28, 0x2c, 0x28, 0xff, 0x30, 0x2c, 0x30, 0xff, 0x30, 0x2c, 0x28, 0xff,
    0x28, 0x2c, 0x28, 0xff, 0x30, 0x2c, 0x30, 0xff, 0x28, 0x28, 0x28, 0xff,
    0x30, 0x2c, 0x28, 0xff, 0x30, 0x2c, 0x28, 0xff, 0x28, 0x28, 0x30, 0xff,
    0x30, 0x2c, 0x28, 0xff, 0x30, 0x2c, 0x30, 0xff, 0x28, 0x28, 0x28, 0xff,
    0x28, 0x28, 0x30, 0xff, 0x30, 0x2c, 0x28, 0xff, 0x30, 0x2c, 0x30, 0xff,
    0x28, 0x28, 0x28, 0xff, 0x30, 0x28, 0x28, 0xff, 0x30, 0x2c, 0x28, 0xff,
    0x28, 0x2c, 0x28, 0xff, 0x28, 0x28, 0x28, 0xff, 0x30, 0x2c, 0x28, 0xff,
    0x28, 0x2c, 0x28, 0xff, 0x28, 0x28, 0x30, 0xff, 0x30, 0x28, 0x28, 0xff,
    0x28, 0x2c, 0x28, 0xff, 0x30, 0x28, 0x28, 0xff, 0x28, 0x2c, 0x28, 0xff,
    0x28, 0x28, 0x28, 0xff, 0x30, 0x28, 0x28, 0xff, 0x28, 0x28, 0x28, 0xff,
    0x28, 0x28, 0x28, 0xff, 0x30, 0x28, 0x28, 0xff, 0x28, 0x2c, 0x28, 0xff,
    0x28, 0x28, 0x28, 0xff, 0x28, 0x28, 0x28, 0xff, 0x30, 0x28, 0x28, 0xff,
    0x28, 0x28, 0x28, 0xff, 0x28, 0x2c, 0x28, 0xff, 0x28, 0x28, 0x28, 0xff,
    0x28, 0x28, 0x28, 0xff, 0x28, 0x28, 0x28, 0xff, 0x30, 0x28, 0x28, 0xff,
    0x28, 0x28, 0x28, 0xff, 0x28, 0x28, 0x28, 0xff, 0x30, 0x28, 0x28, 0xff,
    0x28, 0x28, 0x28, 0xff, 0x28, 0x28, 0x28, 0xff, 0x30, 0x28, 0x28, 0xff,
    0x28, 0x28, 0x28, 0xff, 0x28, 0x28, 0x28, 0xff, 0x30, 0x28, 0x28, 0xff,
    0x28, 0x28, 0x28, 0xff, 0x28, 0x28, 0x20, 0xff, 0x28, 0x24, 0x28, 0xff,
    0x30, 0x28, 0x20, 0xff, 0x28, 0x28, 0x20, 0xff, 0x28, 0x28, 0x28, 0xff,
    0x30, 0x28, 0x28, 0xff, 0x28, 0x28, 0x20, 0xff, 0x28, 0x28, 0x28, 0xff,
    0x30, 0x28, 0x28, 0xff, 0x28, 0x28, 0x20, 0xff, 0x28, 0x24, 0x28, 0xff,
    0x28, 0x28, 0x28, 0xff, 0x28, 0x28, 0x20, 0xff, 0x28, 0x24, 0x28, 0xff,
    0x28, 0x28, 0x20, 0xff, 0x28, 0x28, 0x28, 0xff, 0x28, 0x28, 0x28, 0xff,
    0x28, 0x24, 0x20, 0xff, 0x28, 0x24, 0x28, 0xff, 0x28, 0x28, 0x28, 0xff,
    0x28, 0x24, 0x20, 0xff, 0x28, 0x24, 0x28, 0xff, 0x28, 0x28, 0x28, 0xff,
    0x28, 0x24, 0x20, 0xff, 0x28, 0x24, 0x28, 0xff, 0x28, 0x24, 0x28, 0xff,
    0x28, 0x24, 0x20, 0xff, 0x20, 0x24, 0x28, 0xff, 0x28, 0x24, 0x20, 0xff,
    0x28, 0x24, 0x20, 0xff, 0x28, 0x28, 0x28, 0xff, 0x28, 0x24, 0x20, 0xff,
    0x28, 0x24, 0x28, 0xff, 0x28, 0x28, 0x20, 0xff, 0x28, 0x24, 0x28, 0xff,
    0x28, 0x24, 0x20, 0xff, 0x28, 0x24, 0x20, 0xff, 0x28, 0x24, 0x28, 0xff,
    0x28, 0x24, 0x20, 0xff, 0x28, 0x24, 0x20, 0xff, 0x28, 0x24, 0x28, 0xff,
    0x28, 0x24, 0x20, 0xff, 0x20, 0x24, 0x20, 0xff, 0x28, 0x24, 0x28, 0xff,
    0x28, 0x24, 0x20, 0xff, 0x20, 0x24, 0x20, 0xff, 0x28, 0x24, 0x28, 0xff,
    0x20, 0x24, 0x28, 0xff, 0x20, 0x24, 0x20, 0xff, 0x28, 0x24, 0x20, 0xff,
    0x28, 0x24, 0x28, 0xff, 0x20, 0x24, 0x20, 0xff, 0x28, 0x24, 0x20, 0xff,
    0x28, 0x24, 0x20, 0xff, 0x20, 0x20, 0x20, 0xff, 0x28, 0x24, 0x20, 0xff,
    0x28, 0x24, 0x28, 0xff, 0x20, 0x20, 0x20, 0xff, 0x28, 0x24, 0x20, 0xff,
    0x28, 0x24, 0x28, 0xff, 0x20, 0x24, 0x28, 0xff, 0x28, 0x20, 0x20, 0xff,
    0x28, 0x24, 0x20, 0xff, 0x20, 0x24, 0x28, 0xff, 0x28, 0x20, 0x20, 0xff,
    0x20, 0x20, 0x20, 0xff, 0x28, 0x24, 0x28, 0xff, 0x28, 0x20, 0x20, 0xff,
    0x20, 0x24, 0x20, 0xff, 0x20, 0x24, 0x28, 0xff, 0x28, 0x20, 0x20, 0xff,
    0x28, 0x20, 0x20, 0xff, 0x20, 0x24, 0x20, 0xff, 0x28, 0x20, 0x20, 0xff,
    0x28, 0x20, 0x20, 0xff, 0x20, 0x24, 0x20, 0xff, 0x28, 0x24, 0x20, 0xff,
    0x20, 0x20, 0x20, 0xff, 0x20, 0x24, 0x20, 0xff, 0x28, 0x20, 0x20, 0xff,
    0x20, 0x20, 0x20, 0xff, 0x20, 0x20, 0x20, 0xff, 0x28, 0x24, 0x20, 0xff,
    0x28, 0x20, 0x20, 0xff, 0x20, 0x20, 0x20, 0xff, 0x20, 0x24, 0x20, 0xff,
    0x20, 0x20, 0x20, 0xff, 0x20, 0x20, 0x20, 0xff, 0x28, 0x20, 0x20, 0xff,
    0x20, 0x20, 0x20, 0xff, 0x20, 0x20, 0x20, 0xff, 0x28, 0x20, 0x20, 0xff,
    0x20, 0x24, 0x20, 0xff, 0x20, 0x20, 0x20, 0xff, 0x28, 0x20, 0x20, 0xff,
    0x20, 0x20, 0x18, 0xff, 0x20, 0x20, 0x20, 0xff, 0x28, 0x20, 0x20, 0xff,
    0x20, 0x20, 0x18, 0xff, 0x20, 0x20, 0x20, 0xff, 0x28, 0x20, 0x20, 0xff,
    0x20, 0x20, 0x18, 0xff, 0x20, 0x20, 0x20, 0xff, 0x20, 0x20, 0x20, 0xff,
    0x28, 0x20, 0x20, 0xff, 0x20, 0x20, 0x20, 0xff, 0x20, 0x20, 0x20, 0xff,
    0x28, 0x20, 0x20, 0xff, 0x20, 0x1c, 0x20, 0xff, 0x20, 0x20, 0x18, 0xff,
    0x28, 0x20, 0x20, 0xff, 0x20, 0x1c, 0x20, 0xff, 0x28, 0x20, 0x20, 0xff,
    0x20, 0x20, 0x20, 0xff, 0x20, 0x1c, 0x18, 0xff, 0x28, 0x20, 0x20, 0xff,
    0x20, 0x20, 0x20, 0xff, 0x20, 0x20, 0x18, 0xff, 0x20, 0x1c, 0x20, 0xff,
    0x20, 0x20, 0x20, 0xff, 0x20, 0x1c, 0x20, 0xff, 0x20, 0x20, 0x20, 0xff,
    0x20, 0x20, 0x18, 0xff, 0x20, 0x1c, 0x20, 0xff, 0x20, 0x20, 0x20, 0xff,
    0x20, 0x1c, 0x20, 0xff, 0x20, 0x20, 0x20, 0xff, 0x20, 0x1c, 0x18, 0xff,
    0x20, 0x20, 0x20, 0xff, 0x20, 0x20, 0x20, 0xff, 0x20, 0x1c, 0x18, 0xff,
    0x20, 0x1c, 0x20, 0xff, 0x20, 0x20, 0x20, 0xff, 0x20, 0x1c, 0x18, 0xff,
    0x20, 0x1c, 0x20, 0xff, 0x20, 0x20, 0x20, 0xff, 0x20, 0x1c, 0x18, 0xff,
    0x20, 0x1c, 0x20, 0xff, 0x20, 0x20, 0x20, 0xff, 0x20, 0x1c, 0x18, 0xff,
    0x20, 0x1c, 0x20, 0xff, 0x20, 0x20, 0x18, 0xff, 0x20, 0x1c, 0x18, 0xff,
    0x20, 0x1c, 0x20, 0xff, 0x20, 0x1c, 0x20, 0xff, 0x20, 0x20, 0x18, 0xff,
    0x20, 0x1c, 0x20, 0xff, 0x20, 0x1c, 0x18, 0xff, 0x20, 0x20, 0x18, 0xff,
    0x20, 0x1c, 0x20, 0xff, 0x20, 0x1c, 0x20, 0xff, 0x20, 0x20, 0x18, 0xff,
    0x20, 0x1c, 0x20, 0xff, 0x20, 0x1c, 0x18, 0xff, 0x20, 0x1c, 0x20, 0xff,
    0x20, 0x1c, 0x18, 0xff, 0x20, 0x1c, 0x18, 0xff, 0x18, 0x1c, 0x18, 0xff,
    0x20, 0x1c, 0x18, 0xff, 0x20, 0x1c, 0x20, 0xff, 0x18, 0x1c, 0x18, 0xff,
    0x20, 0x1c, 0x20, 0xff, 0x20, 0x1c, 0x18, 0xff, 0x18, 0x1c, 0x18, 0xff,
    0x20, 0x1c, 0x20, 0xff, 0x20, 0x1c, 0x18, 0xff, 0x20, 0x1c, 0x18, 0xff,
    0x20, 0x1c, 0x20, 0xff, 0x20, 0x1c, 0x18, 0xff, 0x20, 0x1c, 0x20, 0xff,
    0x20, 0x1c, 0x18, 0xff, 0x18, 0x1c, 0x18, 0xff, 0x20, 0x1c, 0x20, 0xff,
    0x20, 0x1c, 0x18, 0xff, 0x20, 0x18, 0x18, 0xff, 0x18, 0x1c, 0x18, 0xff,
    0x20, 0x1c, 0x18, 0xff, 0x20, 0x18, 0x18, 0xff, 0x18, 0x1c, 0x18, 0xff,
    0x20, 0x1c, 0x18, 0xff, 0x20, 0x1c, 0x20, 0xff, 0x18, 0x18, 0x18, 0xff,
    0x20, 0x1c, 0x20, 0xff, 0x20, 0x1c, 0x18, 0xff, 0x20, 0x1c, 0x18, 0xff,
    0x18, 0x18, 0x18, 0xff, 0x20, 0x1c, 0x20, 0xff, 0x20, 0x18, 0x18, 0xff,
    0x18, 0x1c, 0x20, 0xff, 0x20, 0x1c, 0x18, 0xff, 0x20, 0x18, 0x18, 0xff,
    0x18, 0x1c, 0x18, 0xff, 0x20, 0x1c, 0x18, 0xff, 0x18, 0x18, 0x18, 0xff,
    0x20, 0x18, 0x18, 0xff, 0x20, 0x1c, 0x18, 0xff, 0x18, 0x1c, 0x18, 0xff,
    0x20, 0x18, 0x18, 0xff, 0x20, 0x1c, 0x18, 0xff, 0x18, 0x18, 0x18, 0xff,
    0x20, 0x18, 0x18, 0xff, 0x20, 0x1c, 0x18, 0xff, 0x20, 0x1c, 0x18, 0xff,
    0x20, 0x18, 0x20, 0xff, 0x20, 0x18, 0x18, 0xff, 0x18, 0x1c, 0x18, 0xff,
    0x20, 0x18, 0x18, 0xff, 0x20, 0x1c, 0x20, 0xff, 0x18, 0x1c, 0x18, 0xff,
    0x20, 0x18, 0x18, 0xff, 0x20, 0x1c, 0x18, 0xff, 0x20, 0x18, 0x18, 0xff,
    0x18, 0x1c, 0x18, 0xff, 0x20, 0x18, 0x18, 0xff, 0x18, 0x18, 0x18, 0xff,
    0x18, 0x1c, 0x20, 0xff, 0x20, 0x18, 0x18, 0xff, 0x18, 0x18, 0x18, 0xff,
    0x20, 0x1c, 0x18, 0xff, 0x18, 0x18, 0x18, 0xff, 0x18, 0x18, 0x18, 0xff,
    0x20, 0x18, 0x18, 0xff, 0x18, 0x18, 0x18, 0xff, 0x18, 0x1c, 0x18, 0xff,
    0x20, 0x18, 0x18, 0xff, 0x18, 0x18, 0x18, 0xff, 0x18, 0x18, 0x18, 0xff,
    0x20, 0x1c, 0x18, 0xff, 0x18, 0x18, 0x18, 0xff, 0x18, 0x18, 0x18, 0xff,
    0x20, 0x1c, 0x18, 0xff, 0x18, 0x18, 0x18, 0xff, 0x20, 0x18, 0x18, 0xff,
    0x18, 0x18, 0x18, 0xff, 0x20, 0x1c, 0x18, 0xff, 0x20, 0x18, 0x18, 0xff,
    0x18, 0x18, 0x18, 0xff, 0x20, 0x18, 0x18, 0xff, 0x18, 0x18, 0x18, 0xff,
    0x18, 0x1c, 0x18, 0xff, 0x20, 0x18, 0x18, 0xff, 0x18, 0x18, 0x18, 0xff,
    0x20, 0x18, 0x18, 0xff, 0x18, 0x1c, 0x18, 0xff, 0x18, 0x18, 0x18, 0xff,
    0x20, 0x18, 0x18, 0xff, 0x18, 0x1c, 0x18, 0xff, 0x20, 0x18, 0x18, 0xff,
    0x20, 0x18, 0x18, 0xff, 0x18, 0x18, 0x18, 0xff, 0x20, 0x1c, 0x18, 0xff,
    0x18, 0x18, 0x18, 0xff, 0x18, 0x18, 0x18, 0xff, 0x20, 0x1c, 0x18, 0xff,
    0x18, 0x18, 0x18, 0xff, 0x20, 0x18, 0x18, 0xff, 0x18, 0x18, 0x18, 0xff,
    0x20, 0x1c, 0x18, 0xff, 0x20, 0x18, 0x18, 0xff, 0x18, 0x1c, 0x18, 0xff,
    0x20, 0x18, 0x18, 0xff, 0x18, 0x1c, 0x18, 0xff, 0x20, 0x18, 0x18, 0xff,
    0x20, 0x1c, 0x18, 0xff, 0x18, 0x18, 0x18, 0xff, 0x20, 0x18, 0x18, 0xff,
    0x20, 0x1c, 0x18, 0xff, 0x18, 0x18, 0x18, 0xff, 0x18, 0x18, 0x18, 0xff,
    0x20, 0x1c, 0x18, 0xff, 0x18, 0x18, 0x18, 0xff, 0x18, 0x18, 0x18, 0xff,
    0x20, 0x18, 0x18, 0xff, 0x18, 0x18, 0x18, 0xff, 0x18, 0x1c, 0x18, 0xff,
    0x20, 0x18, 0x18, 0xff, 0x18, 0x18, 0x18, 0xff, 0x20, 0x1c, 0x18, 0xff,
    0x20, 0x18, 0x18, 0xff, 0x20, 0x18, 0x18, 0xff, 0x18, 0x18, 0x18, 0xff,
    0x20, 0x18, 0x18, 0xff, 0x18, 0x1c, 0x18, 0xff, 0x18, 0x18, 0x18, 0xff,
    0x20, 0x18, 0x18, 0xff, 0x18, 0x18, 0x18, 0xff, 0x18, 0x1c, 0x18, 0xff,
    0x20, 0x18, 0x18, 0xff, 0x18, 0x18, 0x18, 0xff, 0x20, 0x18, 0x18, 0xff,
    0x20, 0x1c, 0x18, 0xff, 0x18, 0x18, 0x18, 0xff, 0x18, 0x18, 0x18, 0xff,
    0x20, 0x1c, 0x18, 0xff, 0x18, 0x18, 0x18, 0xff, 0x20, 0x18, 0x18, 0xff,
    0x20, 0x1c, 0x18, 0xff, 0x18, 0x18, 0x18, 0xff, 0x20, 0x18, 0x18, 0xff,
    0x18, 0x1c, 0x18, 0xff, 0x18, 0x18, 0x18, 0xff, 0x20, 0x1c, 0x18, 0xff,
    0x18, 0x18, 0x18, 0xff, 0x20, 0x18, 0x18, 0xff, 0x18, 0x18, 0x18, 0xff,
    0x20, 0x18, 0x18, 0xff, 0x18, 0x18, 0x18, 0xff, 0x20, 0x18, 0x18, 0xff,
    0x18, 0x18, 0x18, 0xff, 0x20, 0x18, 0x18, 0xff, 0x18, 0x1c, 0x18, 0xff,
    0x20, 0x18, 0x18, 0xff, 0x18, 0x18, 0x18, 0xff, 0x20, 0x18, 0x18, 0xff,
    0x18, 0x18, 0x18, 0xff, 0x20, 0x18, 0x18, 0xff, 0x20, 0x1c, 0x18, 0xff,
    0x18, 0x18, 0x18, 0xff, 0x20, 0x18, 0x18, 0xff, 0x18, 0x1c, 0x18, 0xff,
    0x20, 0x18, 0x18, 0xff, 0x18, 0x18, 0x18, 0xff, 0x18, 0x18, 0x18, 0xff,
    0x20, 0x1c, 0x18, 0xff, 0x20, 0x18, 0x18, 0xff, 0x18, 0x18, 0x18, 0xff,
    0x18, 0x1c, 0x18, 0xff, 0x20, 0x18, 0x18, 0xff, 0x18, 0x18, 0x18, 0xff,
    0x18, 0x1c, 0x18, 0xff, 0x20, 0x18, 0x18, 0xff, 0x18, 0x18, 0x18, 0xff,
    0x18, 0x18, 0x18, 0xff, 0x20, 0x1c, 0x18, 0xff, 0x20, 0x18, 0x18, 0xff,
    0x18, 0x18, 0x18, 0xff, 0x70, 0x70, 0x70, 0x9e, 0xf8, 0xfc, 0xf8, 0x00,
    0x70, 0x6c, 0x70, 0xcf, 0x30, 0x30, 0x30, 0xff, 0x30, 0x30, 0x30, 0xff,
    0x30, 0x30, 0x30, 0xff, 0x38, 0x30, 0x30, 0xff, 0x30, 0x30, 0x30, 0xff,
    0x38, 0x30, 0x30, 0xff, 0x30, 0x30, 0x30, 0xff, 0x30, 0x30, 0x30, 0xff,
    0x38, 0x30, 0x30, 0xff, 0x30, 0x30, 0x30, 0xff, 0x30, 0x30, 0x30, 0xff,
    0x30, 0x30, 0x28, 0xff, 0x30, 0x30, 0x30, 0xff, 0x30, 0x30, 0x30, 0xff,
    0x30, 0x30, 0x28, 0xff, 0x30, 0x30, 0x30, 0xff, 0x30, 0x30, 0x30, 0xff,
    0x30, 0x30, 0x30, 0xff, 0x30, 0x30, 0x30, 0xff, 0x30, 0x2c, 0x28, 0xff,
    0x30, 0x30, 0x30, 0xff, 0x30, 0x30, 0x30, 0xff, 0x30, 0x30, 0x30, 0xff,
    0x30, 0x30, 0x28, 0xff, 0x30, 0x2c, 0x30, 0xff, 0x30, 0x30, 0x30, 0xff,
    0x30, 0x30, 0x30, 0xff, 0x30, 0x30, 0x28, 0xff, 0x30, 0x2c, 0x30, 0xff,
    0x30, 0x30, 0x28, 0xff, 0x30, 0x2c, 0x30, 0xff, 0x30, 0x2c, 0x30, 0xff,
    0x30, 0x30, 0x30, 0xff, 0x30, 0x30, 0x30, 0xff, 0x30, 0x2c, 0x28, 0xff,
    0x30, 0x30, 0x30, 0xff, 0x30, 0x30, 0x30, 0xff, 0x30, 0x2c, 0x28, 0xff,
    0x30, 0x30, 0x30, 0xff, 0x30, 0x30, 0x28, 0xff, 0x30, 0x2c, 0x28, 0xff,
    0x30, 0x2c, 0x30, 0xff, 0x30, 0x30, 0x28, 0xff, 0x30, 0x30, 0x30, 0xff,
    0x30, 0x2c, 0x30, 0xff, 0x28, 0x30, 0x28, 0xff, 0x30, 0x2c, 0x30, 0xff,
    0x30, 0x2c, 0x30, 0xff, 0x30, 0x30, 0x28, 0xff, 0x30, 0x2c, 0x28, 0xff,
    0x30, 0x2c, 0x30, 0xff, 0x30, 0x2c, 0x28, 0xff, 0x30, 0x2c, 0x28, 0xff,
    0x30, 0x2c, 0x30, 0xff, 0x30, 0x2c, 0x28, 0xff, 0x30, 0x2c, 0x28, 0xff,
    0x28, 0x2c, 0x30, 0xff, 0x30, 0x2c, 0x28, 0xff, 0x30, 0x2c, 0x28, 0xff,
    0x28, 0x2c, 0x30, 0xff, 0x30, 0x2c, 0x28, 0xff, 0x28, 0x2c, 0x30, 0xff,
    0x30, 0x2c, 0x28, 0xff, 0x30, 0x2c, 0x28, 0xff, 0x28, 0x2c, 0x30, 0xff,
    0x30, 0x2c, 0x28, 0xff, 0x28, 0x2c, 0x28, 0xff, 0x30, 0x2c, 0x30, 0xff,
    0x30, 0x2c, 0x28, 0xff, 0x28, 0x2c, 0x28, 0xff, 0x28, 0x2c, 0x28, 0xff,
    0x30, 0x2c, 0x30, 0xff, 0x28, 0x2c, 0x28, 0xff, 0x28, 0x2c, 0x28, 0xff,
    0x30, 0x2c, 0x28, 0xff, 0x28, 0x28, 0x28, 0xff, 0x28, 0x28, 0x28, 0xff,
    0x30, 0x2c, 0x30, 0xff, 0x30, 0x28, 0x28, 0xff, 0x30, 0x28, 0x28, 0xff,
    0x28, 0x2c, 0x28, 0xff, 0x30, 0x2c, 0x28, 0xff, 0x28, 0x28, 0x28, 0xff,
    0x28, 0x2c, 0x28, 0xff, 0x30, 0x28, 0x28, 0xff, 0x28, 0x2c, 0x28, 0xff,
    0x28, 0x28, 0x28, 0xff, 0x30, 0x28, 0x28, 0xff, 0x28, 0x28, 0x28, 0xff,
    0x28, 0x2c, 0x28, 0xff, 0x28, 0x28, 0x28, 0xff, 0x30, 0x28, 0x28, 0xff,
    0x28, 0x2c, 0x28, 0xff, 0x28, 0x28, 0x28, 0xff, 0x30, 0x28, 0x28, 0xff,
    0x28, 0x2c, 0x28, 0xff, 0x28, 0x28, 0x28, 0xff, 0x30, 0x28, 0x28, 0xff,
    0x28, 0x2c, 0x28, 0xff, 0x28, 0x28, 0x28, 0xff, 0x30, 0x28, 0x28, 0xff,
    0x28, 0x28, 0x28, 0xff, 0x28, 0x28, 0x28, 0xff, 0x28, 0x28, 0x28, 0xff,
    0x30, 0x28, 0x20, 0xff, 0x28, 0x28, 0x28, 0xff, 0x28, 0x28, 0x28, 0xff,
    0x28, 0x28, 0x20, 0xff, 0x28, 0x28, 0x28, 0xff, 0x28, 0x28, 0x28, 0xff,
    0x28, 0x28, 0x28, 0xff, 0x28, 0x28, 0x28, 0xff, 0x28, 0x28, 0x28, 0xff,
    0x28, 0x28, 0x28, 0xff, 0x28, 0x28, 0x28, 0xff, 0x28, 0x24, 0x28, 0xff,
    0x28, 0x28, 0x28, 0xff, 0x28, 0x24, 0x20, 0xff, 0x28, 0x28, 0x28, 0xff,
    0x28, 0x28, 0x28, 0xff, 0x28, 0x24, 0x28, 0xff, 0x28, 0x28, 0x20, 0xff,
    0x28, 0x28, 0x28, 0xff, 0x28, 0x28, 0x28, 0xff, 0x28, 0x28, 0x28, 0xff,
    0x28, 0x24, 0x20, 0xff, 0x28, 0x24, 0x28, 0xff, 0x28, 0x28, 0x28, 0xff,
    0x28, 0x28, 0x20, 0xff, 0x28, 0x24, 0x28, 0xff, 0x28, 0x28, 0x28, 0xff,
    0x28, 0x28, 0x20, 0xff, 0x28, 0x24, 0x28, 0xff, 0x28, 0x28, 0x28, 0xff,
    0x28, 0x28, 0x20, 0xff, 0x28, 0x24, 0x28, 0xff, 0x28, 0x28, 0x20, 0xff,
    0x28, 0x24, 0x20, 0xff, 0x28, 0x28, 0x28, 0xff, 0x28, 0x24, 0x28, 0xff,
    0x28, 0x24, 0x20, 0xff, 0x28, 0x28, 0x28, 0xff, 0x28, 0x24, 0x20, 0xff,
    0x28, 0x24, 0x20, 0xff, 0x28, 0x24, 0x28, 0xff, 0x20, 0x24, 0x28, 0xff,
    0x28, 0x24, 0x20, 0xff, 0x28, 0x28, 0x28, 0xff, 0x20, 0x24, 0x28, 0xff,
    0x28, 0x24, 0x20, 0xff, 0x28, 0x28, 0x28, 0xff, 0x20, 0x24, 0x20, 0xff,
    0x28, 0x24, 0x28, 0xff, 0x28, 0x24, 0x20, 0xff, 0x28, 0x24, 0x28, 0xff,
    0x28, 0x24, 0x20, 0xff, 0x20, 0x24, 0x20, 0xff, 0x28, 0x24, 0x28, 0xff,
    0x28, 0x24, 0x20, 0xff, 0x28, 0x24, 0x20, 0xff, 0x28, 0x24, 0x28, 0xff,
    0x28, 0x24, 0x20, 0xff, 0x20, 0x24, 0x28, 0xff, 0x28, 0x24, 0x28, 0xff,
    0x28, 0x24, 0x20, 0xff, 0x28, 0x24, 0x28, 0xff, 0x20, 0x24, 0x20, 0xff,
    0x28, 0x20, 0x20, 0xff, 0x28, 0x24, 0x28, 0xff, 0x20, 0x24, 0x20, 0xff,
    0x28, 0x24, 0x20, 0xff, 0x28, 0x24, 0x20, 0xff, 0x20, 0x20, 0x20, 0xff,
    0x28, 0x24, 0x20, 0xff, 0x20, 0x24, 0x28, 0xff, 0x28, 0x24, 0x20, 0xff,
    0x28, 0x24, 0x20, 0xff, 0x20, 0x20, 0x20, 0xff, 0x28, 0x24, 0x20, 0xff,
    0x28, 0x20, 0x20, 0xff, 0x20, 0x20, 0x20, 0xff, 0x20, 0x24, 0x20, 0xff,
    0x28, 0x24, 0x20, 0xff, 0x20, 0x20, 0x20, 0xff, 0x20, 0x24, 0x20, 0xff,
    0x28, 0x24, 0x20, 0xff, 0x20, 0x20, 0x28, 0xff, 0x28, 0x20, 0x20, 0xff,
    0x28, 0x24, 0x20, 0xff, 0x20, 0x24, 0x20, 0xff, 0x28, 0x20, 0x20, 0xff,
    0x28, 0x20, 0x20, 0xff, 0x20, 0x20, 0x20, 0xff, 0x28, 0x20, 0x20, 0xff,
    0x20, 0x20, 0x20, 0xff, 0x20, 0x20, 0x20, 0xff, 0x28, 0x20, 0x20, 0xff,
    0x28, 0x20, 0x20, 0xff, 0x20, 0x20, 0x20, 0xff, 0x20, 0x24, 0x20, 0xff,
    0x28, 0x20, 0x20, 0xff, 0x20, 0x20, 0x20, 0xff, 0x20, 0x24, 0x20, 0xff,
    0x28, 0x20, 0x20, 0xff, 0x20, 0x20, 0x20, 0xff, 0x20, 0x20, 0x20, 0xff,
    0x28, 0x20, 0x20, 0xff, 0x20, 0x20, 0x20, 0xff, 0x20, 0x20, 0x20, 0xff,
    0x28, 0x20, 0x20, 0xff, 0x28, 0x20, 0x20, 0xff, 0x20, 0x20, 0x20, 0xff,
    0x20, 0x20, 0x20, 0xff, 0x28, 0x20, 0x20, 0xff, 0x20, 0x20, 0x20, 0xff,
    0x20, 0x20, 0x18, 0xff, 0x20, 0x20, 0x20, 0xff, 0x28, 0x20, 0x20, 0xff,
    0x20, 0x20, 0x18, 0xff, 0x20, 0x20, 0x20, 0xff, 0x20, 0x20, 0x20, 0xff,
    0x20, 0x20, 0x20, 0xff, 0x20, 0x1c, 0x20, 0xff, 0x28, 0x20, 0x20, 0xff,
    0x20, 0x20, 0x20, 0xff, 0x20, 0x20, 0x20, 0xff, 0x20, 0x20, 0x20, 0xff,
    0x20, 0x1c, 0x18, 0xff, 0x20, 0x20, 0x20, 0xff, 0x20, 0x20, 0x20, 0xff,
    0x20, 0x20, 0x18, 0xff, 0x20, 0x20, 0x20, 0xff, 0x20, 0x20, 0x20, 0xff,
    0x20, 0x1c, 0x18, 0xff, 0x28, 0x20, 0x20, 0xff, 0x20, 0x1c, 0x18, 0xff,
    0x20, 0x20, 0x18, 0xff, 0x20, 0x20, 0x20, 0xff, 0x28, 0x1c, 0x20, 0xff,
    0x20, 0x1c, 0x18, 0xff, 0x20, 0x20, 0x20, 0xff, 0x28, 0x1c, 0x20, 0xff,
    0x20, 0x20, 0x18, 0xff, 0x20, 0x20, 0x20, 0xff, 0x20, 0x1c, 0x18, 0xff,
    0x20, 0x20, 0x20, 0xff, 0x20, 0x1c, 0x20, 0xff, 0x20, 0x20, 0x18, 0xff,
    0x20, 0x1c, 0x20, 0xff, 0x20, 0x20, 0x20, 0xff, 0x20, 0x1c, 0x18, 0xff,
    0x20, 0x1c, 0x20, 0xff, 0x20, 0x1c, 0x20, 0xff, 0x20, 0x1c, 0x18, 0xff,
    0x20, 0x20, 0x18, 0xff, 0x20, 0x1c, 0x20, 0xff, 0x20, 0x1c, 0x18, 0xff,
    0x20, 0x1c, 0x20, 0xff, 0x20, 0x20, 0x20, 0xff, 0x20, 0x1c, 0x18, 0xff,
    0x20, 0x1c, 0x20, 0xff, 0x20, 0x1c, 0x18, 0xff, 0x20, 0x1c, 0x18, 0xff,
    0x20, 0x20, 0x20, 0xff, 0x20, 0x1c, 0x20, 0xff, 0x20, 0x1c, 0x18, 0xff,
    0x20, 0x20, 0x20, 0xff, 0x20, 0x1c, 0x20, 0xff, 0x20, 0x1c, 0x18, 0xff,
    0x20, 0x1c, 0x18, 0xff, 0x20, 0x1c, 0x20, 0xff, 0x20, 0x1c, 0x18, 0xff,
    0x20, 0x1c, 0x18, 0xff, 0x20, 0x1c, 0x20, 0xff, 0x20, 0x1c, 0x18, 0xff,
    0x20, 0x1c, 0x20, 0xff, 0x20, 0x1c, 0x18, 0xff, 0x20, 0x1c, 0x20, 0xff,
    0x20, 0x1c, 0x18, 0xff, 0x20, 0x1c, 0x18, 0xff, 0x20, 0x1c, 0x20, 0xff,
    0x18, 0x1c, 0x20, 0xff, 0x20, 0x1c, 0x18, 0xff, 0x20, 0x1c, 0x20, 0xff,
    0x18, 0x1c, 0x18, 0xff, 0x20, 0x1c, 0x18, 0xff, 0x20, 0x1c, 0x20, 0xff,
    0x20, 0x18, 0x18, 0xff, 0x18, 0x1c, 0x18, 0xff, 0x20, 0x1c, 0x20, 0xff,
    0x20, 0x1c, 0x18, 0xff, 0x18, 0x1c, 0x18, 0xff, 0x20, 0x1c, 0x18, 0xff,
    0x20, 0x18, 0x20, 0xff, 0x20, 0x1c, 0x18, 0xff, 0x20, 0x1c, 0x18, 0xff,
    0x20, 0x18, 0x20, 0xff, 0x20, 0x1c, 0x18, 0xff, 0x18, 0x1c, 0x18, 0xff,
    0x20, 0x1c, 0x18, 0xff, 0x20, 0x18, 0x18, 0xff, 0x18, 0x1c, 0x20, 0xff,
    0x20, 0x1c, 0x18, 0xff, 0x20, 0x18, 0x18, 0xff, 0x18, 0x1c, 0x20, 0xff,
    0x20, 0x18, 0x18, 0xff, 0x18, 0x1c, 0x18, 0xff, 0x20, 0x18, 0x20, 0xff,
    0x20, 0x18, 0x18, 0xff, 0x18, 0x1c, 0x18, 0xff, 0x18, 0x1c, 0x20, 0xff,
    0x20, 0x18, 0x18, 0xff, 0x18, 0x1c, 0x18, 0xff, 0x20, 0x18, 0x20, 0xff,
    0x18, 0x1c, 0x18, 0xff, 0x20, 0x1c, 0x18, 0xff, 0x20, 0x18, 0x18, 0xff,
    0x18, 0x1c, 0x18, 0xff, 0x20, 0x18, 0x18, 0xff, 0x20, 0x18, 0x18, 0xff,
    0x18, 0x1c, 0x18, 0xff, 0x20, 0x1c, 0x20, 0xff, 0x20, 0x18, 0x18, 0xff,
    0x18, 0x1c, 0x18, 0xff, 0x20, 0x1c, 0x20, 0xff, 0x20, 0x18, 0x18, 0xff,
    0x18, 0x1c, 0x18, 0xff, 0x20, 0x1c, 0x18, 0xff, 0x18, 0x18, 0x18, 0xff,
    0x20, 0x18, 0x18, 0xff, 0x20, 0x18, 0x18, 0xff, 0x18, 0x1c, 0x18, 0xff,
    0x20, 0x18, 0x18, 0xff, 0x20, 0x18, 0x18, 0xff, 0x18, 0x1c, 0x18, 0xff,
    0x20, 0x18, 0x18, 0xff, 0x20, 0x18, 0x18, 0xff, 0x18, 0x18, 0x18, 0xff,
    0x20, 0x18, 0x18, 0xff, 0x20, 0x1c, 0x18, 0xff, 0x18, 0x18, 0x18, 0xff,
    0x20, 0x18, 0x18, 0xff, 0x18, 0x1c, 0x18, 0xff, 0x20, 0x18, 0x18, 0xff,
    0x18, 0x18, 0x18, 0xff, 0x18, 0x1c, 0x18, 0xff, 0x20, 0x18, 0x18, 0xff,
    0x18, 0x18, 0x18, 0xff, 0x20, 0x1c, 0x18, 0xff, 0x20, 0x18, 0x18, 0xff,
    0x18, 0x18, 0x18, 0xff, 0x20, 0x18, 0x18, 0xff, 0x18, 0x1c, 0x18, 0xff,
    0x20, 0x18, 0x18, 0xff, 0x18, 0x18, 0x18, 0xff, 0x20, 0x18, 0x18, 0xff,
    0x18, 0x1c, 0x18, 0xff, 0x20, 0x18, 0x18, 0xff, 0x18, 0x18, 0x18, 0xff,
    0x20, 0x1c, 0x18, 0xff, 0x18, 0x18, 0x18, 0xff, 0x20, 0x18, 0x18, 0xff,
    0x20, 0x18, 0x18, 0xff, 0x18, 0x18, 0x18, 0xff, 0x20, 0x18, 0x18, 0xff,
    0x18, 0x18, 0x18, 0xff, 0x18, 0x18, 0x18, 0xff, 0x20, 0x18, 0x18, 0xff,
    0x18, 0x18, 0x18, 0xff, 0x18, 0x18, 0x18, 0xff, 0x20, 0x18, 0x18, 0xff,
    0x18, 0x18, 0x18, 0xff, 0x20, 0x1c, 0x18, 0xff, 0x18, 0x18, 0x18, 0xff,
    0x18, 0x18, 0x18, 0xff, 0x20, 0x1c, 0x18, 0xff, 0x18, 0x18, 0x18, 0xff,
    0x18, 0x18, 0x18, 0xff, 0x20, 0x1c, 0x18, 0xff, 0x20, 0x18, 0x18, 0xff,
    0x18, 0x18, 0x18, 0xff, 0x20, 0x18, 0x18, 0xff, 0x18, 0x1c, 0x18, 0xff,
    0x20, 0x18, 0x18, 0xff, 0x20, 0x18, 0x18, 0xff, 0x18, 0x1c, 0x18, 0xff,
    0x20, 0x18, 0x18, 0xff, 0x18, 0x18, 0x18, 0xff, 0x18, 0x18, 0x18, 0xff,
    0x18, 0x18, 0x18, 0xff, 0x20, 0x18, 0x18, 0xff, 0x18, 0x1c, 0x18, 0xff,
    0x20, 0x18, 0x18, 0xff, 0x20, 0x18, 0x18, 0xff, 0x18, 0x18, 0x18, 0xff,
    0x20, 0x1c, 0x18, 0xff, 0x20, 0x18, 0x18, 0xff, 0x18, 0x18, 0x18, 0xff,
    0x20, 0x18, 0x18, 0xff, 0x18, 0x1c, 0x18, 0xff, 0x18, 0x18, 0x18, 0xff,
    0x20, 0x18, 0x18, 0xff, 0x18, 0x18, 0x18, 0xff, 0x18, 0x18, 0x18, 0xff,
    0x20, 0x18, 0x18, 0xff, 0x18, 0x18, 0x18, 0xff, 0x18, 0x1c, 0x18, 0xff,
    0x20, 0x18, 0x18, 0xff, 0x18, 0x18, 0x18, 0xff, 0x20, 0x18, 0x18, 0xff,
    0x20, 0x18, 0x18, 0xff, 0x18, 0x18, 0x18, 0xff, 0x20, 0x18, 0x18, 0xff,
    0x18, 0x1c, 0x18, 0xff, 0x18, 0x18, 0x18, 0xff, 0x20, 0x18, 0x18, 0xff,
    0x20, 0x1c, 0x18, 0xff, 0x18, 0x1c, 0x18, 0xff, 0x20, 0x18, 0x18, 0xff,
    0x18, 0x1c, 0x18, 0xff, 0x20, 0x18, 0x18, 0xff, 0x18, 0x18, 0x18, 0xff,
    0x20, 0x18, 0x18, 0xff, 0x18, 0x18, 0x18, 0xff, 0x20, 0x1c, 0x18, 0xff,
    0x18, 0x18, 0x18, 0xff, 0x18, 0x18, 0x18, 0xff, 0x20, 0x18, 0x18, 0xff,
    0x18, 0x1c, 0x18, 0xff, 0x20, 0x18, 0x18, 0xff, 0x18, 0x18, 0x18, 0xff,
    0x20, 0x18, 0x18, 0xff, 0x20, 0x18, 0x18, 0xff, 0x18, 0x18, 0x18, 0xff,
    0x20, 0x18, 0x18, 0xff, 0x18, 0x18, 0x18, 0xff, 0x20, 0x18, 0x18, 0xff,
    0x20, 0x18, 0x18, 0xff, 0x18, 0x18, 0x18, 0xff, 0x20, 0x18, 0x18, 0xff,
    0x20, 0x18, 0x18, 0xff, 0x18, 0x1c, 0x18, 0xff, 0x20, 0x18, 0x18, 0xff,
    0x20, 0x18, 0x18, 0xff, 0x18, 0x18, 0x18, 0xff, 0x18, 0x18, 0x18, 0xff,
    0x20, 0x18, 0x18, 0xff, 0x20, 0x18, 0x18, 0xff, 0x70, 0x70, 0x70, 0xa2,
    0xf8, 0xfc, 0xf8, 0x00, 0x70, 0x6c, 0x68, 0xcf, 0x30, 0x30, 0x30, 0xff,
    0x30, 0x34, 0x30, 0xff, 0x30, 0x30, 0x30, 0xff, 0x30, 0x34, 0x30, 0xff,
    0x30, 0x30, 0x30, 0xff, 0x38, 0x30, 0x30, 0xff, 0x30, 0x30, 0x30, 0xff,
    0x30, 0x30, 0x28, 0xff, 0x30, 0x30, 0x30, 0xff, 0x30, 0x30, 0x30, 0xff,
    0x38, 0x30, 0x30, 0xff, 0x30, 0x30, 0x30, 0xff, 0x30, 0x30, 0x30, 0xff,
    0x38, 0x30, 0x30, 0xff, 0x30, 0x30, 0x30, 0xff, 0x30, 0x30, 0x30, 0xff,
    0x38, 0x30, 0x30, 0xff, 0x30, 0x30, 0x28, 0xff, 0x30, 0x2c, 0x30, 0xff,
    0x30, 0x30, 0x30, 0xff, 0x30, 0x30, 0x28, 0xff, 0x30, 0x2c, 0x30, 0xff,
    0x30, 0x30, 0x30, 0xff, 0x30, 0x30, 0x30, 0xff, 0x30, 0x30, 0x30, 0xff,
    0x30, 0x2c, 0x30, 0xff, 0x30, 0x30, 0x30, 0xff, 0x30, 0x30, 0x30, 0xff,
    0x30, 0x2c, 0x28, 0xff, 0x30, 0x30, 0x30, 0xff, 0x30, 0x30, 0x28, 0xff,
    0x30, 0x2c, 0x30, 0xff, 0x30, 0x2c, 0x28, 0xff, 0x30, 0x30, 0x30, 0xff,
    0x30, 0x2c, 0x30, 0xff, 0x30, 0x2c, 0x28, 0xff, 0x28, 0x30, 0x30, 0xff,
    0x30, 0x2c, 0x28, 0xff, 0x30, 0x2c, 0x30, 0xff, 0x30, 0x30, 0x30, 0xff,
    0x28, 0x2c, 0x28, 0xff, 0x30, 0x2c, 0x28, 0xff, 0x30, 0x2c, 0x30, 0xff,
    0x30, 0x2c, 0x28, 0xff, 0x28, 0x2c, 0x28, 0xff, 0x30, 0x2c, 0x30, 0xff,
    0x30, 0x30, 0x28, 0xff, 0x28, 0x2c, 0x28, 0xff, 0x30, 0x2c, 0x30, 0xff,
    0x28, 0x2c, 0x28, 0xff, 0x28, 0x30, 0x30, 0xff, 0x30, 0x2c, 0x28, 0xff,
    0x28, 0x2c, 0x30, 0xff, 0x28, 0x2c, 0x28, 0xff, 0x30, 0x2c, 0x28, 0xff,
    0x30, 0x2c, 0x30, 0xff, 0x28, 0x2c, 0x28, 0xff, 0x30, 0x2c, 0x30, 0xff,
    0x28, 0x2c, 0x28, 0xff, 0x30, 0x2c, 0x28, 0xff, 0x30, 0x2c, 0x30, 0xff,
    0x28, 0x2c, 0x28, 0xff, 0x30, 0x2c, 0x30, 0xff, 0x30, 0x2c, 0x28, 0xff,
    0x28, 0x28, 0x28, 0xff, 0x30, 0x2c, 0x28, 0xff, 0x30, 0x28, 0x30, 0xff,
    0x28, 0x2c, 0x28, 0xff, 0x30, 0x28, 0x28, 0xff, 0x28, 0x2c, 0x28, 0xff,
    0x30, 0x28, 0x28, 0xff, 0x30, 0x2c, 0x28, 0xff, 0x28, 0x2c, 0x28, 0xff,
    0x30, 0x28, 0x30, 0xff, 0x30, 0x2c, 0x28, 0xff, 0x28, 0x2c, 0x28, 0xff,
    0x28, 0x28, 0x28, 0xff, 0x30, 0x2c, 0x28, 0xff, 0x28, 0x2c, 0x28, 0xff,
    0x28, 0x28, 0x30, 0xff, 0x30, 0x28, 0x28, 0xff, 0x30, 0x2c, 0x28, 0xff,
    0x28, 0x28, 0x28, 0xff, 0x28, 0x2c, 0x30, 0xff, 0x30, 0x2c, 0x28, 0xff,
    0x28, 0x28, 0x28, 0xff, 0x30, 0x2c, 0x30, 0xff, 0x28, 0x28, 0x28, 0xff,
    0x30, 0x28, 0x28, 0xff, 0x28, 0x2c, 0x28, 0xff, 0x30, 0x28, 0x28, 0xff,
    0x28, 0x28, 0x28, 0xff, 0x30, 0x28, 0x28, 0xff, 0x28, 0x28, 0x28, 0xff,
    0x30, 0x2c, 0x28, 0xff, 0x28, 0x28, 0x28, 0xff, 0x28, 0x28, 0x28, 0xff,
    0x30, 0x28, 0x28, 0xff, 0x28, 0x28, 0x28, 0xff, 0x28, 0x2c, 0x28, 0xff,
    0x30, 0x28, 0x28, 0xff, 0x28, 0x28, 0x28, 0xff, 0x28, 0x28, 0x28, 0xff,
    0x28, 0x28, 0x28, 0xff, 0x28, 0x28, 0x28, 0xff, 0x28, 0x28, 0x28, 0xff,
    0x30, 0x28, 0x28, 0xff, 0x28, 0x28, 0x28, 0xff, 0x30, 0x28, 0x20, 0xff,
    0x28, 0x28, 0x28, 0xff, 0x28, 0x28, 0x28, 0xff, 0x28, 0x28, 0x20, 0xff,
    0x28, 0x28, 0x28, 0xff, 0x28, 0x28, 0x28, 0xff, 0x28, 0x24, 0x28, 0xff,
    0x28, 0x28, 0x28, 0xff, 0x28, 0x28, 0x20, 0xff, 0x28, 0x28, 0x28, 0xff,
    0x30, 0x24, 0x28, 0xff, 0x28, 0x28, 0x28, 0xff, 0x28, 0x28, 0x28, 0xff,
    0x28, 0x24, 0x28, 0xff, 0x28, 0x28, 0x20, 0xff, 0x28, 0x28, 0x28, 0xff,
    0x28, 0x28, 0x28, 0xff, 0x28, 0x24, 0x20, 0xff, 0x28, 0x24, 0x28, 0xff,
    0x28, 0x28, 0x28, 0xff, 0x28, 0x24, 0x20, 0xff, 0x28, 0x24, 0x28, 0xff,
    0x28, 0x28, 0x20, 0xff, 0x28, 0x24, 0x28, 0xff, 0x28, 0x24, 0x28, 0xff,
    0x28, 0x28, 0x20, 0xff, 0x28, 0x24, 0x28, 0xff, 0x28, 0x28, 0x28, 0xff,
    0x28, 0x28, 0x28, 0xff, 0x28, 0x24, 0x20, 0xff, 0x28, 0x24, 0x20, 0xff,
    0x28, 0x28, 0x28, 0xff, 0x28, 0x24, 0x28, 0xff, 0x20, 0x24, 0x20, 0xff,
    0x28, 0x24, 0x28, 0xff, 0x28, 0x28, 0x28, 0xff, 0x28, 0x24, 0x20, 0xff,
    0x28, 0x24, 0x20, 0xff, 0x28, 0x28, 0x28, 0xff, 0x28, 0x24, 0x20, 0xff,
    0x28, 0x24, 0x28, 0xff, 0x28, 0x28, 0x20, 0xff, 0x28, 0x24, 0x28, 0xff,
    0x20, 0x24, 0x20, 0xff, 0x28, 0x24, 0x20, 0xff, 0x20, 0x24, 0x28, 0xff,
    0x28, 0x24, 0x20, 0xff, 0x28, 0x24, 0x28, 0xff, 0x28, 0x24, 0x20, 0xff,
    0x28, 0x24, 0x28, 0xff, 0x20, 0x24, 0x20, 0xff, 0x28, 0x24, 0x20, 0xff,
    0x28, 0x24, 0x28, 0xff, 0x28, 0x24, 0x20, 0xff, 0x28, 0x24, 0x20, 0xff,
    0x28, 0x24, 0x20, 0xff, 0x28, 0x20, 0x20, 0xff, 0x20, 0x24, 0x28, 0xff,
    0x28, 0x24, 0x20, 0xff, 0x20, 0x24, 0x20, 0xff, 0x28, 0x24, 0x20, 0xff,
    0x20, 0x20, 0x28, 0xff, 0x28, 0x24, 0x20, 0xff, 0x20, 0x24, 0x20, 0xff,
    0x28, 0x24, 0x20, 0xff, 0x28, 0x20, 0x28, 0xff, 0x20, 0x24, 0x20, 0xff,
    0x28, 0x24, 0x20, 0xff, 0x28, 0x24, 0x28, 0xff, 0x20, 0x20, 0x20, 0xff,
    0x20, 0x24, 0x20, 0xff, 0x28, 0x24, 0x20, 0xff, 0x20, 0x20, 0x20, 0xff,
    0x28, 0x20, 0x20, 0xff, 0x28, 0x24, 0x20, 0xff, 0x20, 0x20, 0x28, 0xff,
    0x28, 0x20, 0x20, 0xff, 0x20, 0x24, 0x20, 0xff, 0x20, 0x24, 0x20, 0xff,
    0x28, 0x20, 0x20, 0xff, 0x20, 0x20, 0x20, 0xff, 0x20, 0x24, 0x28, 0xff,
    0x28, 0x24, 0x20, 0xff, 0x20, 0x20, 0x20, 0xff, 0x28, 0x24, 0x20, 0xff,
    0x28, 0x20, 0x20, 0xff, 0x20, 0x24, 0x20, 0xff, 0x20, 0x20, 0x20, 0xff,
    0x20, 0x24, 0x20, 0xff, 0x28, 0x20, 0x20, 0xff, 0x20, 0x20, 0x20, 0xff,
    0x28, 0x24, 0x20, 0xff, 0x20, 0x20, 0x20, 0xff, 0x20, 0x20, 0x20, 0xff,
    0x28, 0x24, 0x20, 0xff, 0x20, 0x20, 0x20, 0xff, 0x28, 0x20, 0x20, 0xff,
    0x20, 0x20, 0x20, 0xff, 0x20, 0x20, 0x20, 0xff, 0x28, 0x20, 0x20, 0xff,
    0x20, 0x20, 0x20, 0xff, 0x20, 0x20, 0x20, 0xff, 0x28, 0x20, 0x20, 0xff,
    0x20, 0x20, 0x18, 0xff, 0x20, 0x20, 0x20, 0xff, 0x20, 0x20, 0x20, 0xff,
    0x28, 0x20, 0x20, 0xff, 0x20, 0x20, 0x20, 0xff, 0x20, 0x20, 0x20, 0xff,
    0x20, 0x20, 0x20, 0xff, 0x28, 0x20, 0x20, 0xff, 0x20, 0x20, 0x20, 0xff,
    0x28, 0x20, 0x18, 0xff, 0x20, 0x20, 0x20, 0xff, 0x20, 0x20, 0x18, 0xff,
    0x20, 0x20, 0x18, 0xff, 0x20, 0x1c, 0x20, 0xff, 0x28, 0x20, 0x20, 0xff,
    0x20, 0x20, 0x18, 0xff, 0x20, 0x20, 0x20, 0xff, 0x20, 0x1c, 0x20, 0xff,
    0x28, 0x20, 0x20, 0xff, 0x20, 0x20, 0x20, 0xff, 0x20, 0x1c, 0x20, 0xff,
    0x20, 0x20, 0x18, 0xff, 0x20, 0x20, 0x20, 0xff, 0x20, 0x20, 0x20, 0xff,
    0x20, 0x1c, 0x20, 0xff, 0x20, 0x1c, 0x18, 0xff, 0x20, 0x20, 0x20, 0xff,
    0x20, 0x1c, 0x20, 0xff, 0x20, 0x20, 0x18, 0xff, 0x20, 0x1c, 0x20, 0xff,
    0x20, 0x1c, 0x20, 0xff, 0x20, 0x20, 0x18, 0xff, 0x20, 0x1c, 0x20, 0xff,
    0x20, 0x20, 0x20, 0xff, 0x20, 0x1c, 0x18, 0xff, 0x20, 0x20, 0x20, 0xff,
    0x20, 0x20, 0x18, 0xff, 0x20, 0x1c, 0x20, 0xff, 0x20, 0x20, 0x20, 0xff,
    0x20, 0x20, 0x18, 0xff, 0x20, 0x1c, 0x18, 0xff, 0x20, 0x1c, 0x20, 0xff,
    0x20, 0x1c, 0x20, 0xff, 0x20, 0x1c, 0x18, 0xff, 0x20, 0x20, 0x20, 0xff,
    0x20, 0x1c, 0x18, 0xff, 0x20, 0x1c, 0x18, 0xff, 0x20, 0x1c, 0x20, 0xff,
    0x20, 0x1c, 0x20, 0xff, 0x20, 0x20, 0x18, 0xff, 0x20, 0x1c, 0x20, 0xff,
    0x20, 0x1c, 0x18, 0xff, 0x20, 0x1c, 0x18, 0xff, 0x18, 0x20, 0x20, 0xff,
    0x20, 0x1c, 0x18, 0xff, 0x20, 0x1c, 0x18, 0xff, 0x18, 0x20, 0x20, 0xff,
    0x20, 0x1c, 0x18, 0xff, 0x20, 0x1c, 0x20, 0xff, 0x20, 0x1c, 0x20, 0xff,
    0x20, 0x1c, 0x18, 0xff, 0x20, 0x1c, 0x18, 0xff, 0x18, 0x1c, 0x20, 0xff,
    0x20, 0x1c, 0x18, 0xff, 0x20, 0x1c, 0x18, 0xff, 0x20, 0x1c, 0x20, 0xff,
    0x18, 0x1c, 0x18, 0xff, 0x20, 0x1c, 0x20, 0xff, 0x20, 0x1c, 0x18, 0xff,
    0x20, 0x1c, 0x18, 0xff, 0x18, 0x1c, 0x18, 0xff, 0x20, 0x1c, 0x18, 0xff,
    0x20, 0x1c, 0x20, 0xff, 0x20, 0x1c, 0x18, 0xff, 0x18, 0x1c, 0x18, 0xff,
    0x20, 0x1c, 0x20, 0xff, 0x20, 0x1c, 0x18, 0xff, 0x20, 0x18, 0x18, 0xff,
    0x20, 0x1c, 0x20, 0xff, 0x20, 0x18, 0x18, 0xff, 0x18, 0x1c, 0x18, 0xff,
    0x20, 0x1c, 0x18, 0xff, 0x20, 0x1c, 0x18, 0xff, 0x18, 0x1c, 0x18, 0xff,
    0x18, 0x1c, 0x18, 0xff, 0x20, 0x1c, 0x18, 0xff, 0x20, 0x1c, 0x20, 0xff,
    0x20, 0x1c, 0x18, 0xff, 0x20, 0x1c, 0x18, 0xff, 0x20, 0x1c, 0x18, 0xff,
    0x20, 0x1c, 0x20, 0xff, 0x18, 0x1c, 0x18, 0xff, 0x20, 0x1c, 0x18, 0xff,
    0x20, 0x1c, 0x20, 0xff, 0x18, 0x18, 0x18, 0xff, 0x20, 0x1c, 0x18, 0xff,
    0x20, 0x1c, 0x18, 0xff, 0x18, 0x18, 0x18, 0xff, 0x20, 0x1c, 0x18, 0xff,
    0x20, 0x18, 0x18, 0xff, 0x20, 0x1c, 0x18, 0xff, 0x18, 0x18, 0x18, 0xff,
    0x20, 0x18, 0x18, 0xff, 0x18, 0x1c, 0x18, 0xff, 0x18, 0x18, 0x18, 0xff,
    0x20, 0x1c, 0x18, 0xff, 0x20, 0x1c, 0x20, 0xff, 0x18, 0x18, 0x18, 0xff,
    0x20, 0x18, 0x18, 0xff, 0x18, 0x1c, 0x18, 0xff, 0x20, 0x18, 0x18, 0xff,
    0x18, 0x18, 0x18, 0xff, 0x20, 0x1c, 0x18, 0xff, 0x20, 0x18, 0x18, 0xff,
    0x18, 0x18, 0x18, 0xff, 0x20, 0x1c, 0x18, 0xff, 0x20, 0x18, 0x18, 0xff,
    0x18, 0x18, 0x18, 0xff, 0x18, 0x18, 0x18, 0xff, 0x20, 0x18, 0x18, 0xff,
    0x18, 0x18, 0x18, 0xff, 0x20, 0x1c, 0x18, 0xff, 0x18, 0x18, 0x18, 0xff,
    0x18, 0x18, 0x18, 0xff, 0x20, 0x18, 0x18, 0xff, 0x18, 0x1c, 0x18, 0xff,
    0x18, 0x18, 0x18, 0xff, 0x20, 0x18, 0x18, 0xff, 0x18, 0x18, 0x18, 0xff,
    0x20, 0x18, 0x18, 0xff, 0x20, 0x18, 0x18, 0xff, 0x18, 0x18, 0x18, 0xff,
    0x20, 0x18, 0x18, 0xff, 0x20, 0x18, 0x18, 0xff, 0x18, 0x18, 0x18, 0xff,
    0x20, 0x18, 0x18, 0xff, 0x18, 0x18, 0x18, 0xff, 0x18, 0x1c, 0x18, 0xff,
    0x20, 0x18, 0x18, 0xff, 0x20, 0x18, 0x18, 0xff, 0x18, 0x18, 0x18, 0xff,
    0x20, 0x18, 0x18, 0xff, 0x18, 0x1c, 0x18, 0xff, 0x20, 0x18, 0x18, 0xff,
    0x18, 0x18, 0x18, 0xff, 0x20, 0x18, 0x18, 0xff, 0x18, 0x18, 0x18, 0xff,
    0x20, 0x18, 0x18, 0xff, 0x18, 0x1c, 0x18, 0xff, 0x18, 0x18, 0x18, 0xff,
    0x20, 0x18, 0x18, 0xff, 0x18, 0x1c, 0x18, 0xff, 0x20, 0x18, 0x18, 0xff,
    0x20, 0x1c, 0x18, 0xff, 0x18, 0x18, 0x18, 0xff, 0x20, 0x1c, 0x18, 0xff,
    0x20, 0x1c, 0x18, 0xff, 0x18, 0x18, 0x18, 0xff, 0x20, 0x18, 0x18, 0xff,
    0x18, 0x1c, 0x18, 0xff, 0x20, 0x18, 0x18, 0xff, 0x20, 0x18, 0x18, 0xff,
    0x18, 0x18, 0x18, 0xff, 0x20, 0x18, 0x18, 0xff, 0x20, 0x18, 0x18, 0xff,
    0x18, 0x18, 0x18, 0xff, 0x18, 0x18, 0x18, 0xff, 0x20, 0x18, 0x18, 0xff,
    0x18, 0x18, 0x18, 0xff, 0x20, 0x18, 0x18, 0xff, 0x18, 0x18, 0x18, 0xff,
    0x20, 0x18, 0x18, 0xff, 0x18, 0x1c, 0x18, 0xff, 0x18, 0x18, 0x18, 0xff,
    0x20, 0x18, 0x18, 0xff, 0x20, 0x18, 0x18, 0xff, 0x20, 0x1c, 0x18, 0xff,
    0x18, 0x18, 0x18, 0xff, 0x20, 0x18, 0x18, 0xff, 0x18, 0x1c, 0x18, 0xff,
    0x18, 0x18, 0x18, 0xff, 0x20, 0x18, 0x18, 0xff, 0x18, 0x18, 0x18, 0xff,
    0x18, 0x18, 0x18, 0xff, 0x20, 0x18, 0x18, 0xff, 0x18, 0x1c, 0x18, 0xff,
    0x20, 0x18, 0x18, 0xff, 0x20, 0x18, 0x18, 0xff, 0x18, 0x18, 0x18, 0xff,
    0x20, 0x1c, 0x18, 0xff, 0x20, 0x18, 0x18, 0xff, 0x18, 0x18, 0x18, 0xff,
    0x20, 0x1c, 0x18, 0xff, 0x20, 0x18, 0x18, 0xff, 0x18, 0x18, 0x18, 0xff,
    0x20, 0x18, 0x18, 0xff, 0x18, 0x1c, 0x18, 0xff, 0x18, 0x18, 0x18, 0xff,
    0x20, 0x1c, 0x18, 0xff, 0x18, 0x18, 0x18, 0xff, 0x20, 0x18, 0x18, 0xff,
    0x20, 0x18, 0x18, 0xff, 0x18, 0x18, 0x18, 0xff, 0x20, 0x18, 0x18, 0xff,
    0x18, 0x18, 0x18, 0xff, 0x18, 0x18, 0x18, 0xff, 0x20, 0x18, 0x18, 0xff,
    0x18, 0x18, 0x18, 0xff, 0x20, 0x18, 0x18, 0xff, 0x18, 0x1c, 0x18, 0xff,
    0x20, 0x18, 0x18, 0xff, 0x18, 0x18, 0x18, 0xff, 0x20, 0x1c, 0x18, 0xff,
    0x20, 0x18, 0x18, 0xff, 0x18, 0x18, 0x18, 0xff, 0x20, 0x1c, 0x18, 0xff,
    0x18, 0x18, 0x18, 0xff, 0x18, 0x18, 0x18, 0xff, 0x20, 0x1c, 0x18, 0xff,
    0x18, 0x18, 0x18, 0xff, 0x18, 0x18, 0x18, 0xff, 0x20, 0x1c, 0x18, 0xff,
    0x18, 0x1c, 0x18, 0xff, 0x20, 0x18, 0x18, 0xff, 0x18, 0x18, 0x18, 0xff,
    0x18, 0x1c, 0x18, 0xff, 0x20, 0x18, 0x18, 0xff, 0x18, 0x1c, 0x18, 0xff,
    0x18, 0x18, 0x18, 0xff, 0x20, 0x18, 0x18, 0xff, 0x18, 0x18, 0x18, 0xff,
    0x18, 0x1c, 0x18, 0xff, 0x20, 0x18, 0x18, 0xff, 0x20, 0x1c, 0x18, 0xff,
    0x18, 0x18, 0x18, 0xff, 0x18, 0x1c, 0x18, 0xff, 0x20, 0x18, 0x18, 0xff,
    0x70, 0x70, 0x70, 0x9e, 0xf8, 0xfc, 0xf8, 0x00, 0x70, 0x6c, 0x68, 0xcf,
    0x30, 0x30, 0x30, 0xff, 0x30, 0x30, 0x30, 0xff, 0x38, 0x34, 0x30, 0xff,
    0x30, 0x30, 0x30, 0xff, 0x30, 0x30, 0x30, 0xff, 0x30, 0x30, 0x30, 0xff,
    0x30, 0x30, 0x30, 0xff, 0x30, 0x30, 0x30, 0xff, 0x30, 0x30, 0x30, 0xff,
    0x30, 0x30, 0x30, 0xff, 0x30, 0x30, 0x30, 0xff, 0x30, 0x30, 0x30, 0xff,
    0x30, 0x30, 0x30, 0xff, 0x30, 0x30, 0x30, 0xff, 0x30, 0x30, 0x30, 0xff,
    0x30, 0x30, 0x30, 0xff, 0x30, 0x30, 0x30, 0xff, 0x30, 0x30, 0x28, 0xff,
    0x38, 0x30, 0x30, 0xff, 0x30, 0x30, 0x30, 0xff, 0x30, 0x30, 0x30, 0xff,
    0x30, 0x2c, 0x28, 0xff, 0x30, 0x30, 0x30, 0xff, 0x30, 0x30, 0x30, 0xff,
    0x30, 0x2c, 0x28, 0xff, 0x30, 0x30, 0x28, 0xff, 0x30, 0x30, 0x30, 0xff,
    0x30, 0x2c, 0x30, 0xff, 0x30, 0x2c, 0x30, 0xff, 0x30, 0x30, 0x28, 0xff,
    0x30, 0x2c, 0x30, 0xff, 0x30, 0x30, 0x28, 0xff, 0x30, 0x30, 0x30, 0xff,
    0x28, 0x2c, 0x28, 0xff, 0x30, 0x30, 0x30, 0xff, 0x30, 0x2c, 0x30, 0xff,
    0x30, 0x30, 0x28, 0xff, 0x30, 0x30, 0x30, 0xff, 0x30, 0x2c, 0x30, 0xff,
    0x30, 0x30, 0x30, 0xff, 0x30, 0x2c, 0x28, 0xff, 0x30, 0x2c, 0x30, 0xff,
    0x30, 0x2c, 0x30, 0xff, 0x30, 0x30, 0x28, 0xff, 0x28, 0x2c, 0x30, 0xff,
    0x30, 0x2c, 0x30, 0xff, 0x30, 0x2c, 0x28, 0xff, 0x30, 0x30, 0x30, 0xff,
    0x30, 0x2c, 0x30, 0xff, 0x30, 0x2c, 0x28, 0xff, 0x30, 0x2c, 0x30, 0xff,
    0x30, 0x2c, 0x28, 0xff, 0x30, 0x2c, 0x28, 0xff, 0x30, 0x2c, 0x30, 0xff,
    0x30, 0x2c, 0x28, 0xff, 0x30, 0x2c, 0x28, 0xff, 0x28, 0x2c, 0x30, 0xff,
    0x30, 0x2c, 0x28, 0xff, 0x30, 0x2c, 0x30, 0xff, 0x28, 0x2c, 0x28, 0xff,
    0x30, 0x2c, 0x28, 0xff, 0x30, 0x2c, 0x30, 0xff, 0x28, 0x2c, 0x28, 0xff,
    0x30, 0x2c, 0x28, 0xff, 0x30, 0x2c, 0x28, 0xff, 0x28, 0x2c, 0x30, 0xff,
    0x30, 0x2c, 0x28, 0xff, 0x30, 0x28, 0x28, 0xff, 0x28, 0x2c, 0x30, 0xff,
    0x30, 0x2c, 0x28, 0xff, 0x28, 0x2c, 0x30, 0xff, 0x28, 0x28, 0x28, 0xff,
    0x30, 0x2c, 0x28, 0xff, 0x28, 0x2c, 0x30, 0xff, 0x30, 0x2c, 0x28, 0xff,
    0x30, 0x28, 0x28, 0xff, 0x28, 0x28, 0x28, 0xff, 0x30, 0x2c, 0x28, 0xff,
    0x28, 0x2c, 0x28, 0xff, 0x28, 0x28, 0x28, 0xff, 0x30, 0x2c, 0x28, 0xff,
    0x28, 0x28, 0x28, 0xff, 0x28, 0x28, 0x28, 0xff, 0x30, 0x2c, 0x28, 0xff,
    0x28, 0x28, 0x28, 0xff, 0x28, 0x28, 0x28, 0xff, 0x30, 0x2c, 0x28, 0xff,
    0x28, 0x28, 0x28, 0xff, 0x28, 0x28, 0x28, 0xff, 0x30, 0x28, 0x28, 0xff,
    0x28, 0x28, 0x28, 0xff, 0x28, 0x2c, 0x28, 0xff, 0x28, 0x28, 0x28, 0xff,
    0x30, 0x28, 0x28, 0xff, 0x28, 0x28, 0x28, 0xff, 0x28, 0x28, 0x28, 0xff,
    0x28, 0x2c, 0x28, 0xff, 0x28, 0x28, 0x28, 0xff, 0x28, 0x28, 0x28, 0xff,
    0x28, 0x28, 0x28, 0xff, 0x28, 0x28, 0x28, 0xff, 0x30, 0x28, 0x28, 0xff,
    0x28, 0x28, 0x20, 0xff, 0x30, 0x28, 0x28, 0xff, 0x28, 0x28, 0x28, 0xff,
    0x28, 0x28, 0x28, 0xff, 0x28, 0x28, 0x28, 0xff, 0x30, 0x28, 0x28, 0xff,
    0x28, 0x28, 0x28, 0xff, 0x28, 0x28, 0x28, 0xff, 0x28, 0x28, 0x28, 0xff,
    0x30, 0x28, 0x28, 0xff, 0x28, 0x28, 0x20, 0xff, 0x28, 0x28, 0x28, 0xff,
    0x30, 0x28, 0x20, 0xff, 0x28, 0x28, 0x28, 0xff, 0x28, 0x28, 0x28, 0xff,
    0x28, 0x28, 0x28, 0xff, 0x28, 0x24, 0x20, 0xff, 0x28, 0x28, 0x20, 0xff,
    0x28, 0x28, 0x28, 0xff, 0x30, 0x28, 0x28, 0xff, 0x28, 0x24, 0x28, 0xff,
    0x28, 0x28, 0x28, 0xff, 0x28, 0x28, 0x28, 0xff, 0x28, 0x24, 0x20, 0xff,
    0x28, 0x28, 0x28, 0xff, 0x28, 0x28, 0x20, 0xff, 0x28, 0x24, 0x28, 0xff,
    0x28, 0x28, 0x28, 0xff, 0x28, 0x28, 0x20, 0xff, 0x28, 0x24, 0x28, 0xff,
    0x28, 0x28, 0x20, 0xff, 0x28, 0x24, 0x20, 0xff, 0x28, 0x24, 0x28, 0xff,
    0x28, 0x28, 0x28, 0xff, 0x28, 0x24, 0x20, 0xff, 0x28, 0x24, 0x28, 0xff,
    0x20, 0x24, 0x20, 0xff, 0x28, 0x24, 0x20, 0xff, 0x28, 0x24, 0x28, 0xff,
    0x28, 0x24, 0x20, 0xff, 0x28, 0x28, 0x20, 0xff, 0x20, 0x24, 0x28, 0xff,
    0x28, 0x24, 0x20, 0xff, 0x28, 0x28, 0x28, 0xff, 0x28, 0x24, 0x20, 0xff,
    0x28, 0x24, 0x28, 0xff, 0x28, 0x24, 0x20, 0xff, 0x28, 0x24, 0x28, 0xff,
    0x28, 0x24, 0x20, 0xff, 0x28, 0x24, 0x20, 0xff, 0x28, 0x24, 0x28, 0xff,
    0x28, 0x24, 0x20, 0xff, 0x20, 0x24, 0x20, 0xff, 0x28, 0x24, 0x20, 0xff,
    0x28, 0x24, 0x28, 0xff, 0x20, 0x24, 0x20, 0xff, 0x28, 0x24, 0x20, 0xff,
    0x28, 0x24, 0x28, 0xff, 0x20, 0x24, 0x20, 0xff, 0x20, 0x24, 0x20, 0xff,
    0x28, 0x24, 0x28, 0xff, 0x28, 0x24, 0x20, 0xff, 0x20, 0x24, 0x20, 0xff,
    0x28, 0x20, 0x20, 0xff, 0x28, 0x24, 0x20, 0xff, 0x28, 0x24, 0x20, 0xff,
    0x20, 0x20, 0x20, 0xff, 0x28, 0x24, 0x20, 0xff, 0x28, 0x24, 0x28, 0xff,
    0x20, 0x20, 0x20, 0xff, 0x28, 0x24, 0x20, 0xff, 0x28, 0x24, 0x28, 0xff,
    0x20, 0x20, 0x20, 0xff, 0x28, 0x24, 0x20, 0xff, 0x28, 0x24, 0x20, 0xff,
    0x20, 0x20, 0x20, 0xff, 0x28, 0x20, 0x20, 0xff, 0x28, 0x24, 0x28, 0xff,
    0x20, 0x24, 0x20, 0xff, 0x28, 0x20, 0x20, 0xff, 0x20, 0x24, 0x20, 0xff,
    0x28, 0x24, 0x20, 0xff, 0x28, 0x20, 0x20, 0xff, 0x20, 0x20, 0x20, 0xff,
    0x28, 0x24, 0x20, 0xff, 0x28, 0x24, 0x20, 0xff, 0x20, 0x20, 0x20, 0xff,
    0x28, 0x20, 0x20, 0xff, 0x20, 0x24, 0x20, 0xff, 0x20, 0x20, 0x20, 0xff,
    0x28, 0x20, 0x20, 0xff, 0x20, 0x20, 0x20, 0xff, 0x28, 0x20, 0x20, 0xff,
    0x28, 0x24, 0x20, 0xff, 0x20, 0x20, 0x20, 0xff, 0x20, 0x20, 0x20, 0xff,
    0x28, 0x20, 0x20, 0xff, 0x20, 0x20, 0x20, 0xff, 0x20, 0x20, 0x20, 0xff,
    0x28, 0x20, 0x20, 0xff, 0x20, 0x20, 0x20, 0xff, 0x20, 0x20, 0x20, 0xff,
    0x28, 0x24, 0x20, 0xff, 0x20, 0x20, 0x20, 0xff, 0x28, 0x20, 0x20, 0xff,
    0x20, 0x20, 0x18, 0xff, 0x20, 0x20, 0x20, 0xff, 0x28, 0x20, 0x20, 0xff,
    0x20, 0x20, 0x20, 0xff, 0x20, 0x20, 0x20, 0xff, 0x20, 0x20, 0x20, 0xff,
    0x20, 0x20, 0x20, 0xff, 0x28, 0x20, 0x20, 0xff, 0x20, 0x20, 0x20, 0xff,
    0x20, 0x20, 0x20, 0xff, 0x20, 0x20, 0x20, 0xff, 0x20, 0x20, 0x20, 0xff,
    0x20, 0x20, 0x20, 0xff, 0x28, 0x20, 0x20, 0xff, 0x20, 0x1c, 0x20, 0xff,
    0x20, 0x20, 0x20, 0xff, 0x28, 0x20, 0x20, 0xff, 0x20, 0x1c, 0x20, 0xff,
    0x20, 0x20, 0x18, 0xff, 0x28, 0x20, 0x20, 0xff, 0x20, 0x20, 0x20, 0xff,
    0x20, 0x20, 0x18, 0xff, 0x20, 0x1c, 0x20, 0xff, 0x20, 0x20, 0x20, 0xff,
    0x28, 0x20, 0x18, 0xff, 0x20, 0x1c, 0x20, 0xff, 0x20, 0x20, 0x20, 0xff,
    0x20, 0x20, 0x20, 0xff, 0x20, 0x1c, 0x20, 0xff, 0x28, 0x20, 0x18, 0xff,
    0x20, 0x1c, 0x20, 0xff, 0x20, 0x20, 0x20, 0xff, 0x20, 0x20, 0x18, 0xff,
    0x20, 0x1c, 0x20, 0xff, 0x20, 0x20, 0x18, 0xff, 0x20, 0x1c, 0x20, 0xff,
    0x20, 0x20, 0x20, 0xff, 0x20, 0x1c, 0x18, 0xff, 0x20, 0x1c, 0x20, 0xff,
    0x20, 0x20, 0x20, 0xff, 0x20, 0x1c, 0x18, 0xff, 0x20, 0x1c, 0x20, 0xff,
    0x20, 0x20, 0x20, 0xff, 0x20, 0x20, 0x20, 0xff, 0x20, 0x1c, 0x18, 0xff,
    0x20, 0x1c, 0x18, 0xff, 0x20, 0x20, 0x20, 0xff, 0x20, 0x1c, 0x20, 0xff,
    0x20, 0x1c, 0x18, 0xff, 0x20, 0x20, 0x20, 0xff, 0x20, 0x1c, 0x18, 0xff,
    0x20, 0x1c, 0x18, 0xff, 0x20, 0x20, 0x20, 0xff, 0x20, 0x1c, 0x18, 0xff,
    0x20, 0x1c, 0x20, 0xff, 0x20, 0x20, 0x20, 0xff, 0x20, 0x1c, 0x18, 0xff,
    0x20, 0x1c, 0x20, 0xff, 0x20, 0x1c, 0x20, 0xff, 0x20, 0x1c, 0x18, 0xff,
    0x20, 0x1c, 0x18, 0xff, 0x20, 0x1c, 0x18, 0xff, 0x20, 0x1c, 0x18, 0xff,
    0x18, 0x1c, 0x18, 0xff, 0x20, 0x1c, 0x20, 0xff, 0x20, 0x1c, 0x18, 0xff,
    0x20, 0x1c, 0x18, 0xff, 0x20, 0x1c, 0x20, 0xff, 0x20, 0x1c, 0x18, 0xff,
    0x20, 0x1c, 0x18, 0xff, 0x20, 0x1c, 0x18, 0xff, 0x20, 0x1c, 0x20, 0xff,
    0x20, 0x1c, 0x18, 0xff, 0x20, 0x1c, 0x20, 0xff, 0x20, 0x1c, 0x18, 0xff,
    0x18, 0x1c, 0x20, 0xff, 0x20, 0x1c, 0x18, 0xff, 0x20, 0x1c, 0x18, 0xff,
    0x20, 0x1c, 0x18, 0xff, 0x18, 0x18, 0x18, 0xff, 0x20, 0x1c, 0x18, 0xff,
    0x18, 0x1c, 0x18, 0xff, 0x20, 0x1c, 0x18, 0xff, 0x20, 0x1c, 0x20, 0xff,
    0x20, 0x18, 0x18, 0xff, 0x20, 0x1c, 0x20, 0xff, 0x20, 0x18, 0x18, 0xff,
    0x20, 0x18, 0x20, 0xff, 0x20, 0x1c, 0x18, 0xff, 0x18, 0x1c, 0x18, 0xff,
    0x20, 0x18, 0x18, 0xff, 0x20, 0x18, 0x20, 0xff, 0x18, 0x1c, 0x18, 0xff,
    0x20, 0x18, 0x18, 0xff, 0x20, 0x1c, 0x18, 0xff, 0x18, 0x18, 0x18, 0xff,
    0x20, 0x1c, 0x18, 0xff, 0x20, 0x1c, 0x18, 0xff, 0x18, 0x18, 0x18, 0xff,
    0x20, 0x18, 0x18, 0xff, 0x18, 0x1c, 0x18, 0xff, 0x20, 0x18, 0x18, 0xff,
    0x20, 0x18, 0x18, 0xff, 0x18, 0x1c, 0x18, 0xff, 0x20, 0x1c, 0x20, 0xff,
    0x20, 0x18, 0x18, 0xff, 0x20, 0x1c, 0x18, 0xff, 0x20, 0x18, 0x18, 0xff,
    0x18, 0x18, 0x18, 0xff, 0x20, 0x1c, 0x18, 0xff, 0x20, 0x18, 0x18, 0xff,
    0x18, 0x1c, 0x18, 0xff, 0x20, 0x1c, 0x18, 0xff, 0x20, 0x18, 0x18, 0xff,
    0x18, 0x1c, 0x18, 0xff, 0x20, 0x18, 0x18, 0xff, 0x20, 0x1c, 0x18, 0xff,
    0x18, 0x1c, 0x18, 0xff, 0x20, 0x18, 0x20, 0xff, 0x18, 0x1c, 0x18, 0xff,
    0x20, 0x1c, 0x18, 0xff, 0x18, 0x18, 0x18, 0xff, 0x20, 0x1c, 0x18, 0xff,
    0x18, 0x18, 0x18, 0xff, 0x20, 0x18, 0x18, 0xff, 0x18, 0x18, 0x18, 0xff,
    0x20, 0x1c, 0x18, 0xff, 0x20, 0x18, 0x18, 0xff, 0x18, 0x18, 0x18, 0xff,
    0x20, 0x1c, 0x18, 0xff, 0x20, 0x18, 0x18, 0xff, 0x18, 0x18, 0x18, 0xff,
    0x18, 0x1c, 0x18, 0xff, 0x20, 0x1c, 0x18, 0xff, 0x18, 0x18, 0x18, 0xff,
    0x18, 0x1c, 0x18, 0xff, 0x20, 0x18, 0x18, 0xff, 0x18, 0x1c, 0x18, 0xff,
    0x20, 0x18, 0x18, 0xff, 0x20, 0x18, 0x18, 0xff, 0x18, 0x1c, 0x18, 0xff,
    0x18, 0x18, 0x18, 0xff, 0x20, 0x18, 0x18, 0xff, 0x18, 0x1c, 0x18, 0xff,
    0x18, 0x18, 0x18, 0xff, 0x20, 0x18, 0x18, 0xff, 0x20, 0x18, 0x18, 0xff,
    0x18, 0x1c, 0x18, 0xff, 0x20, 0x18, 0x18, 0xff, 0x18, 0x18, 0x18, 0xff,
    0x20, 0x1c, 0x18, 0xff, 0x20, 0x18, 0x18, 0xff, 0x18, 0x18, 0x18, 0xff,
    0x20, 0x18, 0x18, 0xff, 0x18, 0x1c, 0x18, 0xff, 0x18, 0x18, 0x18, 0xff,
    0x20, 0x18, 0x18, 0xff, 0x18, 0x18, 0x18, 0xff, 0x18, 0x18, 0x18, 0xff,
    0x20, 0x18, 0x18, 0xff, 0x18, 0x18, 0x18, 0xff, 0x20, 0x18, 0x18, 0xff,
    0x20, 0x1c, 0x18, 0xff, 0x18, 0x18, 0x18, 0xff, 0x18, 0x18, 0x18, 0xff,
    0x20, 0x18, 0x18, 0xff, 0x18, 0x1c, 0x18, 0xff, 0x18, 0x18, 0x18, 0xff,
    0x20, 0x18, 0x18, 0xff, 0x20, 0x1c, 0x18, 0xff, 0x20, 0x18, 0x18, 0xff,
    0x18, 0x1c, 0x18, 0xff, 0x20, 0x18, 0x18, 0xff, 0x18, 0x1c, 0x18, 0xff,
    0x20, 0x18, 0x18, 0xff, 0x20, 0x18, 0x18, 0xff, 0x18, 0x18, 0x18, 0xff,
    0x20, 0x1c, 0x18, 0xff, 0x18, 0x18, 0x18, 0xff, 0x18, 0x18, 0x18, 0xff,
    0x20, 0x1c, 0x18, 0xff, 0x20, 0x18, 0x18, 0xff, 0x18, 0x18, 0x18, 0xff,
    0x20, 0x18, 0x18, 0xff, 0x20, 0x18, 0x18, 0xff, 0x18, 0x1c, 0x18, 0xff,
    0x20, 0x1c, 0x18, 0xff, 0x20, 0x18, 0x18, 0xff, 0x18, 0x18, 0x18, 0xff,
    0x18, 0x18, 0x18, 0xff, 0x20, 0x1c, 0x18, 0xff, 0x18, 0x18, 0x18, 0xff,
    0x18, 0x18, 0x18, 0xff, 0x20, 0x18, 0x18, 0xff, 0x18, 0x1c, 0x18, 0xff,
    0x18, 0x18, 0x18, 0xff, 0x20, 0x18, 0x18, 0xff, 0x18, 0x1c, 0x18, 0xff,
    0x20, 0x18, 0x18, 0xff, 0x20, 0x18, 0x18, 0xff, 0x18, 0x18, 0x18, 0xff,
    0x20, 0x18, 0x18, 0xff, 0x18, 0x1c, 0x18, 0xff, 0x18, 0x18, 0x18, 0xff,
    0x20, 0x1c, 0x18, 0xff, 0x18, 0x1c, 0x18, 0xff, 0x20, 0x18, 0x18, 0xff,
    0x20, 0x1c, 0x18, 0xff, 0x18, 0x18, 0x18, 0xff, 0x20, 0x18, 0x18, 0xff,
    0x18, 0x1c, 0x18, 0xff, 0x20, 0x18, 0x18, 0xff, 0x18, 0x18, 0x18, 0xff,
    0x20, 0x18, 0x18, 0xff, 0x18, 0x1c, 0x18, 0xff, 0x18, 0x18, 0x18, 0xff,
    0x20, 0x18, 0x18, 0xff, 0x18, 0x18, 0x18, 0xff, 0x20, 0x18, 0x18, 0xff,
    0x20, 0x1c, 0x18, 0xff, 0x18, 0x18, 0x18, 0xff, 0x20, 0x18, 0x18, 0xff,
    0x20, 0x18, 0x18, 0xff, 0x18, 0x1c, 0x18, 0xff, 0x20, 0x18, 0x18, 0xff,
    0x18, 0x18, 0x18, 0xff, 0x20, 0x18, 0x18, 0xff, 0x18, 0x18, 0x18, 0xff,
    0x20, 0x1c, 0x18, 0xff, 0x20, 0x18, 0x18, 0xff, 0x18, 0x18, 0x18, 0xff,
    0x20, 0x1c, 0x18, 0xff, 0x20, 0x18, 0x18, 0xff, 0x18, 0x18, 0x18, 0xff,
    0x20, 0x1c, 0x18, 0xff, 0x18, 0x18, 0x18, 0xff, 0x18, 0x18, 0x18, 0xff,
    0x20, 0x18, 0x18, 0xff, 0x20, 0x1c, 0x18, 0xff, 0x18, 0x18, 0x18, 0xff,
    0x18, 0x18, 0x18, 0xff, 0x70, 0x70, 0x70, 0xa2, 0xf8, 0xfc, 0xf8, 0x00,
    0x70, 0x6c, 0x68, 0xcf, 0x30, 0x30, 0x30, 0xff, 0x30, 0x30, 0x30, 0xff,
    0x30, 0x30, 0x30, 0xff, 0x38, 0x30, 0x30, 0xff, 0x30, 0x34, 0x30, 0xff,
    0x30, 0x30, 0x30, 0xff, 0x30, 0x30, 0x30, 0xff, 0x38, 0x30, 0x30, 0xff,
    0x30, 0x30, 0x30, 0xff, 0x30, 0x30, 0x28, 0xff, 0x30, 0x30, 0x30, 0xff,
    0x30, 0x30, 0x30, 0xff, 0x30, 0x30, 0x28, 0xff, 0x30, 0x30, 0x30, 0xff,
    0x38, 0x30, 0x30, 0xff, 0x30, 0x30, 0x30, 0xff, 0x30, 0x30, 0x30, 0xff,
    0x30, 0x30, 0x30, 0xff, 0x30, 0x2c, 0x30, 0xff, 0x30, 0x30, 0x30, 0xff,
    0x30, 0x30, 0x30, 0xff, 0x30, 0x30, 0x30, 0xff, 0x30, 0x30, 0x28, 0xff,
    0x30, 0x2c, 0x30, 0xff, 0x30, 0x30, 0x30, 0xff, 0x30, 0x30, 0x30, 0xff,
    0x30, 0x30, 0x28, 0xff, 0x30, 0x30, 0x30, 0xff, 0x30, 0x2c, 0x30, 0xff,
    0x30, 0x2c, 0x30, 0xff, 0x30, 0x30, 0x30, 0xff, 0x30, 0x2c, 0x30, 0xff,
    0x30, 0x2c, 0x28, 0xff, 0x30, 0x30, 0x30, 0xff, 0x30, 0x30, 0x28, 0xff,
    0x30, 0x2c, 0x30, 0xff, 0x30, 0x2c, 0x30, 0xff, 0x28, 0x30, 0x28, 0xff,
    0x30, 0x2c, 0x28, 0xff, 0x30, 0x30, 0x30, 0xff, 0x30, 0x2c, 0x28, 0xff,
    0x28, 0x2c, 0x30, 0xff, 0x30, 0x30, 0x28, 0xff, 0x30, 0x2c, 0x28, 0xff,
    0x30, 0x2c, 0x30, 0xff, 0x30, 0x30, 0x28, 0xff, 0x28, 0x2c, 0x28, 0xff,
    0x30, 0x2c, 0x30, 0xff, 0x30, 0x30, 0x28, 0xff, 0x28, 0x2c, 0x30, 0xff,
    0x30, 0x2c, 0x28, 0xff, 0x30, 0x2c, 0x28, 0xff, 0x30, 0x2c, 0x30, 0xff,
    0x28, 0x2c, 0x28, 0xff, 0x30, 0x2c, 0x30, 0xff, 0x30, 0x2c, 0x28, 0xff,
    0x28, 0x2c, 0x28, 0xff, 0x30, 0x2c, 0x30, 0xff, 0x30, 0x2c, 0x28, 0xff,
    0x28, 0x2c, 0x28, 0xff, 0x30, 0x2c, 0x30, 0xff, 0x28, 0x2c, 0x28, 0xff,
    0x28, 0x2c, 0x30, 0xff, 0x30, 0x2c, 0x28, 0xff, 0x30, 0x28, 0x28, 0xff,
    0x28, 0x2c, 0x28, 0xff, 0x30, 0x2c, 0x28, 0xff, 0x30, 0x2c, 0x28, 0xff,
    0x28, 0x2c, 0x28, 0xff, 0x30, 0x2c, 0x28, 0xff, 0x30, 0x2c, 0x30, 0xff,
    0x28, 0x2c, 0x28, 0xff, 0x30, 0x28, 0x28, 0xff, 0x28, 0x2c, 0x28, 0xff,
    0x28, 0x2c, 0x30, 0xff, 0x30, 0x28, 0x28, 0xff, 0x30, 0x28, 0x28, 0xff,
    0x28, 0x2c, 0x30, 0xff, 0x30, 0x28, 0x28, 0xff, 0x30, 0x28, 0x28, 0xff,
    0x28, 0x2c, 0x28, 0xff, 0x30, 0x2c, 0x30, 0xff, 0x28, 0x28, 0x28, 0xff,
    0x30, 0x2c, 0x28, 0xff, 0x28, 0x2c, 0x28, 0xff, 0x28, 0x28, 0x28, 0xff,
    0x30, 0x2c, 0x28, 0xff, 0x28, 0x28, 0x28, 0xff, 0x28, 0x28, 0x28, 0xff,
    0x30, 0x2c, 0x28, 0xff, 0x28, 0x28, 0x28, 0xff, 0x30, 0x28, 0x28, 0xff,
    0x28, 0x2c, 0x28, 0xff, 0x28, 0x28, 0x28, 0xff, 0x30, 0x28, 0x28, 0xff,
    0x30, 0x2c, 0x28, 0xff, 0x28, 0x28, 0x28, 0xff, 0x30, 0x28, 0x28, 0xff,
    0x28, 0x2c, 0x28, 0xff, 0x28, 0x28, 0x28, 0xff, 0x28, 0x28, 0x28, 0xff,
    0x28, 0x28, 0x28, 0xff, 0x28, 0x28, 0x28, 0xff, 0x28, 0x28, 0x28, 0xff,
    0x30, 0x28, 0x28, 0xff, 0x28, 0x28, 0x20, 0xff, 0x28, 0x28, 0x28, 0xff,
    0x28, 0x28, 0x28, 0xff, 0x28, 0x28, 0x28, 0xff, 0x28, 0x28, 0x28, 0xff,
    0x28, 0x28, 0x28, 0xff, 0x28, 0x28, 0x28, 0xff, 0x28, 0x28, 0x28, 0xff,
    0x28, 0x24, 0x28, 0xff, 0x28, 0x28, 0x20, 0xff, 0x28, 0x24, 0x28, 0xff,
    0x30, 0x28, 0x28, 0xff, 0x28, 0x28, 0x28, 0xff, 0x28, 0x28, 0x28, 0xff,
    0x28, 0x24, 0x28, 0xff, 0x28, 0x28, 0x20, 0xff, 0x28, 0x28, 0x28, 0xff,
    0x28, 0x28, 0x20, 0xff, 0x28, 0x28, 0x28, 0xff, 0x28, 0x28, 0x28, 0xff,
    0x28, 0x24, 0x20, 0xff, 0x28, 0x24, 0x28, 0xff, 0x28, 0x28, 0x28, 0xff,
    0x28, 0x24, 0x20, 0xff, 0x28, 0x24, 0x28, 0xff, 0x28, 0x28, 0x28, 0xff,
    0x28, 0x24, 0x20, 0xff, 0x28, 0x28, 0x28, 0xff, 0x28, 0x28, 0x28, 0xff,
    0x28, 0x24, 0x20, 0xff, 0x28, 0x28, 0x28, 0xff, 0x28, 0x28, 0x28, 0xff,
    0x28, 0x24, 0x20, 0xff, 0x28, 0x24, 0x28, 0xff, 0x28, 0x28, 0x28, 0xff,
    0x28, 0x24, 0x20, 0xff, 0x28, 0x24, 0x28, 0xff, 0x28, 0x24, 0x28, 0xff,
    0x28, 0x24, 0x20, 0xff, 0x28, 0x24, 0x28, 0xff, 0x28, 0x24, 0x20, 0xff,
    0x20, 0x24, 0x28, 0xff, 0x28, 0x28, 0x20, 0xff, 0x28, 0x24, 0x28, 0xff,
    0x20, 0x24, 0x28, 0xff, 0x28, 0x28, 0x20, 0xff, 0x28, 0x24, 0x20, 0xff,
    0x20, 0x24, 0x28, 0xff, 0x28, 0x24, 0x20, 0xff, 0x28, 0x24, 0x28, 0xff,
    0x20, 0x24, 0x20, 0xff, 0x28, 0x24, 0x20, 0xff, 0x28, 0x24, 0x28, 0xff,
    0x28, 0x24, 0x20, 0xff, 0x28, 0x24, 0x28, 0xff, 0x28, 0x24, 0x20, 0xff,
    0x28, 0x24, 0x20, 0xff, 0x28, 0x24, 0x28, 0xff, 0x20, 0x24, 0x28, 0xff,
    0x28, 0x24, 0x20, 0xff, 0x28, 0x24, 0x20, 0xff, 0x20, 0x24, 0x28, 0xff,
    0x28, 0x20, 0x28, 0xff, 0x28, 0x24, 0x20, 0xff, 0x20, 0x24, 0x20, 0xff,
    0x28, 0x24, 0x28, 0xff, 0x28, 0x20, 0x20, 0xff, 0x20, 0x24, 0x20, 0xff,
    0x28, 0x24, 0x20, 0xff, 0x20, 0x24, 0x20, 0xff, 0x28, 0x24, 0x28, 0xff,
    0x28, 0x24, 0x20, 0xff, 0x20, 0x20, 0x20, 0xff, 0x28, 0x20, 0x20, 0xff,
    0x28, 0x24, 0x20, 0xff, 0x20, 0x20, 0x20, 0xff, 0x20, 0x20, 0x20, 0xff,
    0x28, 0x24, 0x28, 0xff, 0x20, 0x20, 0x20, 0xff, 0x20, 0x24, 0x20, 0xff,
    0x28, 0x20, 0x28, 0xff, 0x20, 0x20, 0x20, 0xff, 0x20, 0x24, 0x20, 0xff,
    0x28, 0x24, 0x28, 0xff, 0x28, 0x20, 0x20, 0xff, 0x20, 0x24, 0x20, 0xff,
    0x28, 0x20, 0x20, 0xff, 0x20, 0x20, 0x20, 0xff, 0x20, 0x20, 0x20, 0xff,
    0x28, 0x20, 0x20, 0xff, 0x28, 0x20, 0x20, 0xff, 0x20, 0x20, 0x20, 0xff,
    0x20, 0x24, 0x20, 0xff, 0x28, 0x20, 0x20, 0xff, 0x20, 0x24, 0x20, 0xff,
    0x28, 0x20, 0x20, 0xff, 0x20, 0x24, 0x20, 0xff, 0x20, 0x20, 0x20, 0xff,
    0x28, 0x20, 0x20, 0xff, 0x20, 0x20, 0x20, 0xff, 0x20, 0x20, 0x20, 0xff,
    0x28, 0x20, 0x20, 0xff, 0x20, 0x20, 0x20, 0xff, 0x28, 0x20, 0x20, 0xff,
    0x20, 0x20, 0x18, 0xff, 0x20, 0x20, 0x20, 0xff, 0x28, 0x20, 0x20, 0xff,
    0x20, 0x20, 0x20, 0xff, 0x20, 0x20, 0x18, 0xff, 0x20, 0x20, 0x20, 0xff,
    0x28, 0x20, 0x20, 0xff, 0x20, 0x20, 0x18, 0xff, 0x28, 0x20, 0x20, 0xff,
    0x20, 0x20, 0x20, 0xff, 0x20, 0x20, 0x18, 0xff, 0x20, 0x20, 0x20, 0xff,
    0x20, 0x20, 0x20, 0xff, 0x28, 0x1c, 0x18, 0xff, 0x20, 0x20, 0x20, 0xff,
    0x20, 0x20, 0x20, 0xff, 0x20, 0x1c, 0x20, 0xff, 0x28, 0x20, 0x20, 0xff,
    0x20, 0x20, 0x20, 0xff, 0x20, 0x1c, 0x20, 0xff, 0x20, 0x20, 0x18, 0xff,
    0x20, 0x20, 0x20, 0xff, 0x20, 0x20, 0x20, 0xff, 0x20, 0x20, 0x20, 0xff,
    0x28, 0x20, 0x18, 0xff, 0x20, 0x20, 0x20, 0xff, 0x20, 0x1c, 0x18, 0xff,
    0x20, 0x20, 0x20, 0xff, 0x20, 0x1c, 0x18, 0xff, 0x20, 0x1c, 0x20, 0xff,
    0x28, 0x20, 0x20, 0xff, 0x20, 0x20, 0x18, 0xff, 0x20, 0x1c, 0x20, 0xff,
    0x28, 0x20, 0x20, 0xff, 0x20, 0x20, 0x18, 0xff, 0x20, 0x1c, 0x18, 0xff,
    0x20, 0x20, 0x20, 0xff, 0x20, 0x20, 0x20, 0xff, 0x20, 0x1c, 0x18, 0xff,
    0x20, 0x1c, 0x18, 0xff, 0x20, 0x20, 0x20, 0xff, 0x20, 0x1c, 0x20, 0xff,
    0x20, 0x1c, 0x18, 0xff, 0x20, 0x1c, 0x18, 0xff, 0x20, 0x20, 0x20, 0xff,
    0x20, 0x1c, 0x18, 0xff, 0x20, 0x1c, 0x18, 0xff, 0x20, 0x1c, 0x20, 0xff,
    0x20, 0x1c, 0x20, 0xff, 0x20, 0x20, 0x18, 0xff, 0x20, 0x1c, 0x20, 0xff,
    0x20, 0x1c, 0x18, 0xff, 0x20, 0x1c, 0x18, 0xff, 0x20, 0x20, 0x20, 0xff,
    0x20, 0x1c, 0x18, 0xff, 0x20, 0x1c, 0x18, 0xff, 0x20, 0x20, 0x20, 0xff,
    0x20, 0x1c, 0x20, 0xff, 0x20, 0x1c, 0x20, 0xff, 0x20, 0x1c, 0x18, 0xff,
    0x20, 0x1c, 0x20, 0xff, 0x20, 0x1c, 0x18, 0xff, 0x20, 0x1c, 0x18, 0xff,
    0x20, 0x1c, 0x20, 0xff, 0x20, 0x1c, 0x18, 0xff, 0x20, 0x1c, 0x20, 0xff,
    0x18, 0x1c, 0x20, 0xff, 0x20, 0x1c, 0x18, 0xff, 0x20, 0x1c, 0x18, 0xff,
    0x20, 0x1c, 0x20, 0xff, 0x18, 0x1c, 0x18, 0xff, 0x20, 0x1c, 0x18, 0xff,
    0x20, 0x1c, 0x20, 0xff, 0x20, 0x1c, 0x18, 0xff, 0x18, 0x1c, 0x20, 0xff,
    0x20, 0x1c, 0x20, 0xff, 0x20, 0x1c, 0x18, 0xff, 0x20, 0x1c, 0x20, 0xff,
    0x20, 0x18, 0x18, 0xff, 0x18, 0x1c, 0x18, 0xff, 0x20, 0x1c, 0x20, 0xff,
    0x20, 0x1c, 0x18, 0xff, 0x18, 0x1c, 0x18, 0xff, 0x20, 0x1c, 0x18, 0xff,
    0x18, 0x1c, 0x18, 0xff, 0x20, 0x1c, 0x20, 0xff, 0x20, 0x18, 0x18, 0xff,
    0x20, 0x1c, 0x18, 0xff, 0x18, 0x1c, 0x18, 0xff, 0x20, 0x1c, 0x18, 0xff,
    0x20, 0x1c, 0x20, 0xff, 0x18, 0x1c, 0x18, 0xff, 0x20, 0x18, 0x20, 0xff,
    0x18, 0x1c, 0x18, 0xff, 0x20, 0x1c, 0x20, 0xff, 0x18, 0x1c, 0x18, 0xff,
    0x20, 0x18, 0x18, 0xff, 0x20, 0x1c, 0x20, 0xff, 0x18, 0x1c, 0x18, 0xff,
    0x20, 0x18, 0x18, 0xff, 0x18, 0x1c, 0x20, 0xff, 0x20, 0x18, 0x18, 0xff,
    0x18, 0x18, 0x18, 0xff, 0x18, 0x1c, 0x18, 0xff, 0x20, 0x1c, 0x18, 0xff,
    0x20, 0x18, 0x20, 0xff, 0x18, 0x1c, 0x18, 0xff, 0x20, 0x18, 0x18, 0xff,
    0x18, 0x18, 0x18, 0xff, 0x20, 0x1c, 0x20, 0xff, 0x20, 0x18, 0x18, 0xff,
    0x18, 0x1c, 0x18, 0xff, 0x20, 0x18, 0x20, 0xff, 0x20, 0x1c, 0x18, 0xff,
    0x18, 0x18, 0x18, 0xff, 0x20, 0x18, 0x18, 0xff, 0x20, 0x1c, 0x18, 0xff,
    0x18, 0x18, 0x18, 0xff, 0x18, 0x18, 0x18, 0xff, 0x20, 0x18, 0x18, 0xff,
    0x20, 0x18, 0x18, 0xff, 0x18, 0x1c, 0x18, 0xff, 0x18, 0x18, 0x18, 0xff,
    0x20, 0x18, 0x18, 0xff, 0x18, 0x18, 0x18, 0xff, 0x18, 0x18, 0x18, 0xff,
    0x20, 0x18, 0x18, 0xff, 0x18, 0x18, 0x18, 0xff, 0x20, 0x18, 0x18, 0xff,
    0x18, 0x18, 0x18, 0xff, 0x20, 0x18, 0x18, 0xff, 0x18, 0x18, 0x18, 0xff,
    0x20, 0x18, 0x18, 0xff, 0x20, 0x18, 0x18, 0xff, 0x18, 0x1c, 0x18, 0xff,
    0x18, 0x18, 0x18, 0xff, 0x20, 0x18, 0x18, 0xff, 0x18, 0x1c, 0x18, 0xff,
    0x20, 0x18, 0x18, 0xff, 0x20, 0x18, 0x18, 0xff, 0x18, 0x18, 0x18, 0xff,
    0x20, 0x1c, 0x18, 0xff, 0x18, 0x18, 0x18, 0xff, 0x18, 0x18, 0x18, 0xff,
    0x20, 0x18, 0x18, 0xff, 0x18, 0x18, 0x18, 0xff, 0x20, 0x1c, 0x18, 0xff,
    0x18, 0x18, 0x18, 0xff, 0x18, 0x18, 0x18, 0xff, 0x20, 0x1c, 0x18, 0xff,
    0x18, 0x18, 0x18, 0xff, 0x20, 0x18, 0x18, 0xff, 0x20, 0x18, 0x18, 0xff,
    0x18, 0x18, 0x18, 0xff, 0x20, 0x1c, 0x18, 0xff, 0x18, 0x18, 0x18, 0xff,
    0x20, 0x18, 0x18, 0xff, 0x18, 0x1c, 0x18, 0xff, 0x18, 0x18, 0x18, 0xff,
    0x20, 0x18, 0x18, 0xff, 0x18, 0x18, 0x18, 0xff, 0x18, 0x18, 0x18, 0xff,
    0x20, 0x1c, 0x18, 0xff, 0x20, 0x18, 0x18, 0xff, 0x18, 0x18, 0x18, 0xff,
    0x18, 0x1c, 0x18, 0xff, 0x20, 0x18, 0x18, 0xff, 0x18, 0x18, 0x18, 0xff,
    0x18, 0x1c, 0x18, 0xff, 0x20, 0x18, 0x18, 0xff, 0x18, 0x18, 0x18, 0xff,
    0x18, 0x1c, 0x18, 0xff, 0x20, 0x18, 0x18, 0xff, 0x18, 0x18, 0x18, 0xff,
    0x20, 0x18, 0x18, 0xff, 0x20, 0x18, 0x18, 0xff, 0x18, 0x18, 0x18, 0xff,
    0x18, 0x18, 0x18, 0xff, 0x20, 0x18, 0x18, 0xff, 0x18, 0x1c, 0x18, 0xff,
    0x18, 0x18, 0x18, 0xff, 0x20, 0x18, 0x18, 0xff, 0x18, 0x18, 0x18, 0xff,
    0x18, 0x18, 0x18, 0xff, 0x20, 0x18, 0x18, 0xff, 0x18, 0x1c, 0x18, 0xff,
    0x20, 0x18, 0x18, 0xff, 0x20, 0x18, 0x18, 0xff, 0x18, 0x18, 0x18, 0xff,
    0x20, 0x1c, 0x18, 0xff, 0x18, 0x18, 0x18, 0xff, 0x20, 0x18, 0x18, 0xff,
    0x20, 0x18, 0x18, 0xff, 0x18, 0x18, 0x18, 0xff, 0x20, 0x18, 0x18, 0xff,
    0x18, 0x1c, 0x18, 0xff, 0x18, 0x18, 0x18, 0xff, 0x20, 0x18, 0x18, 0xff,
    0x20, 0x1c, 0x18, 0xff, 0x18, 0x18, 0x18, 0xff, 0x20, 0x18, 0x18, 0xff,
    0x20, 0x18, 0x18, 0xff, 0x18, 0x18, 0x18, 0xff, 0x18, 0x18, 0x18, 0xff,
    0x20, 0x18, 0x18, 0xff, 0x18, 0x1c, 0x18, 0xff, 0x20, 0x18, 0x18, 0xff,
    0x18, 0x18, 0x18, 0xff, 0x20, 0x1c, 0x18, 0xff, 0x18, 0x18, 0x18, 0xff,
    0x20, 0x18, 0x18, 0xff, 0x20, 0x1c, 0x18, 0xff, 0x18, 0x18, 0x18, 0xff,
    0x20, 0x18, 0x18, 0xff, 0x18, 0x1c, 0x18, 0xff, 0x18, 0x18, 0x18, 0xff,
    0x20, 0x18, 0x18, 0xff, 0x18, 0x18, 0x18, 0xff, 0x18, 0x18, 0x18, 0xff,
    0x20, 0x18, 0x18, 0xff, 0x18, 0x18, 0x18, 0xff, 0x20, 0x18, 0x18, 0xff,
    0x20, 0x1c, 0x18, 0xff, 0x18, 0x18, 0x18, 0xff, 0x20, 0x18, 0x18, 0xff,
    0x18, 0x18, 0x18, 0xff, 0x18, 0x18, 0x18, 0xff, 0x20, 0x18, 0x18, 0xff,
    0x18, 0x18, 0x18, 0xff, 0x18, 0x18, 0x18, 0xff, 0x20, 0x18, 0x18, 0xff,
    0x18, 0x18, 0x18, 0xff, 0x20, 0x18, 0x18, 0xff, 0x20, 0x18, 0x18, 0xff,
    0x18, 0x18, 0x18, 0xff, 0x18, 0x18, 0x18, 0xff, 0x20, 0x18, 0x18, 0xff,
    0x20, 0x18, 0x18, 0xff, 0x20, 0x18, 0x18, 0xff, 0x70, 0x70, 0x70, 0x9e,
    0xf8, 0xfc, 0xf8, 0x00, 0x70, 0x6c, 0x70, 0xcf, 0x30, 0x30, 0x30, 0xff,
    0x30, 0x34, 0x30, 0xff, 0x30, 0x30, 0x30, 0xff, 0x30, 0x30, 0x30, 0xff,
    0x38, 0x30, 0x30, 0xff, 0x30, 0x30, 0x30, 0xff, 0x30, 0x30, 0x30, 0xff,
    0x30, 0x30, 0x30, 0xff, 0x30, 0x30, 0x30, 0xff, 0x30, 0x30, 0x30, 0xff,
    0x38, 0x30, 0x30, 0xff, 0x30, 0x30, 0x30, 0xff, 0x30, 0x30, 0x30, 0xff,
    0x30, 0x30, 0x30, 0xff, 0x30, 0x30, 0x28, 0xff, 0x30, 0x30, 0x30, 0xff,
    0x30, 0x30, 0x30, 0xff, 0x30, 0x30, 0x28, 0xff, 0x30, 0x30, 0x30, 0xff,
    0x30, 0x2c, 0x28, 0xff, 0x30, 0x30, 0x30, 0xff, 0x30, 0x30, 0x30, 0xff,
    0x30, 0x2c, 0x30, 0xff, 0x30, 0x30, 0x28, 0xff, 0x30, 0x30, 0x30, 0xff,
    0x30, 0x30, 0x30, 0xff, 0x30, 0x2c, 0x30, 0xff, 0x30, 0x30, 0x28, 0xff,
    0x30, 0x30, 0x28, 0xff, 0x30, 0x2c, 0x30, 0xff, 0x30, 0x30, 0x28, 0xff,
    0x30, 0x30, 0x30, 0xff, 0x30, 0x2c, 0x30, 0xff, 0x30, 0x2c, 0x28, 0xff,
    0x30, 0x30, 0x30, 0xff, 0x30, 0x2c, 0x30, 0xff, 0x30, 0x30, 0x28, 0xff,
    0x30, 0x2c, 0x30, 0xff, 0x30, 0x30, 0x30, 0xff, 0x30, 0x30, 0x28, 0xff,
    0x30, 0x2c, 0x30, 0xff, 0x30, 0x2c, 0x28, 0xff, 0x30, 0x2c, 0x30, 0xff,
    0x30, 0x2c, 0x30, 0xff, 0x28, 0x2c, 0x28, 0xff, 0x30, 0x2c, 0x30, 0xff,
    0x30, 0x2c, 0x30, 0xff, 0x28, 0x2c, 0x28, 0xff, 0x30, 0x2c, 0x28, 0xff,
    0x30, 0x30, 0x30, 0xff, 0x28, 0x2c, 0x30, 0xff, 0x30, 0x2c, 0x28, 0xff,
    0x30, 0x2c, 0x28, 0xff, 0x28, 0x2c, 0x30, 0xff, 0x30, 0x2c, 0x28, 0xff,
    0x30, 0x2c, 0x30, 0xff, 0x28, 0x2c, 0x28, 0xff, 0x30, 0x2c, 0x28, 0xff,
    0x28, 0x2c, 0x30, 0xff, 0x30, 0x2c, 0x28, 0xff, 0x30, 0x2c, 0x28, 0xff,
    0x30, 0x2c, 0x30, 0xff, 0x28, 0x2c, 0x28, 0xff, 0x30, 0x2c, 0x28, 0xff,
    0x28, 0x2c, 0x30, 0xff, 0x30, 0x28, 0x28, 0xff, 0x28, 0x2c, 0x30, 0xff,
    0x30, 0x2c, 0x28, 0xff, 0x30, 0x28, 0x28, 0xff, 0x28, 0x28, 0x28, 0xff,
    0x28, 0x2c, 0x28, 0xff, 0x30, 0x2c, 0x28, 0xff, 0x30, 0x2c, 0x28, 0xff,
    0x28, 0x2c, 0x28, 0xff, 0x28, 0x2c, 0x28, 0xff, 0x30, 0x28, 0x28, 0xff,
    0x28, 0x2c, 0x28, 0xff, 0x28, 0x2c, 0x28, 0xff, 0x30, 0x28, 0x28, 0xff,
    0x28, 0x2c, 0x28, 0xff, 0x30, 0x28, 0x28, 0xff, 0x30, 0x2c, 0x28, 0xff,
    0x28, 0x28, 0x28, 0xff, 0x28, 0x28, 0x28, 0xff, 0x30, 0x2c, 0x30, 0xff,
    0x28, 0x2c, 0x28, 0xff, 0x28, 0x28, 0x28, 0xff, 0x30, 0x28, 0x28, 0xff,
    0x28, 0x2c, 0x28, 0xff, 0x28, 0x28, 0x28, 0xff, 0x30, 0x28, 0x28, 0xff,
    0x28, 0x28, 0x28, 0xff, 0x30, 0x28, 0x28, 0xff, 0x28, 0x2c, 0x28, 0xff,
    0x28, 0x28, 0x28, 0xff, 0x30, 0x28, 0x28, 0xff, 0x28, 0x28, 0x28, 0xff,
    0x28, 0x28, 0x28, 0xff, 0x30, 0x28, 0x28, 0xff, 0x30, 0x2c, 0x28, 0xff,
    0x28, 0x28, 0x28, 0xff, 0x28, 0x28, 0x28, 0xff, 0x30, 0x28, 0x28, 0xff,
    0x28, 0x28, 0x28, 0xff, 0x28, 0x28, 0x28, 0xff, 0x30, 0x28, 0x28, 0xff,
    0x28, 0x28, 0x28, 0xff, 0x28, 0x28, 0x28, 0xff, 0x30, 0x28, 0x20, 0xff,
    0x28, 0x28, 0x28, 0xff, 0x28, 0x28, 0x28, 0xff, 0x28, 0x28, 0x28, 0xff,
    0x28, 0x28, 0x20, 0xff, 0x28, 0x28, 0x28, 0xff, 0x28, 0x24, 0x28, 0xff,
    0x28, 0x28, 0x20, 0xff, 0x28, 0x24, 0x28, 0xff, 0x28, 0x28, 0x20, 0xff,
    0x28, 0x28, 0x28, 0xff, 0x30, 0x28, 0x28, 0xff, 0x28, 0x24, 0x28, 0xff,
    0x28, 0x28, 0x28, 0xff, 0x28, 0x28, 0x28, 0xff, 0x28, 0x24, 0x20, 0xff,
    0x28, 0x28, 0x28, 0xff, 0x28, 0x24, 0x28, 0xff, 0x28, 0x28, 0x20, 0xff,
    0x28, 0x24, 0x28, 0xff, 0x28, 0x28, 0x20, 0xff, 0x28, 0x24, 0x28, 0xff,
    0x28, 0x28, 0x28, 0xff, 0x28, 0x24, 0x20, 0xff, 0x28, 0x24, 0x28, 0xff,
    0x28, 0x28, 0x28, 0xff, 0x28, 0x24, 0x20, 0xff, 0x28, 0x24, 0x28, 0xff,
    0x28, 0x28, 0x28, 0xff, 0x28, 0x24, 0x20, 0xff, 0x28, 0x24, 0x20, 0xff,
    0x28, 0x28, 0x28, 0xff, 0x20, 0x24, 0x20, 0xff, 0x28, 0x24, 0x20, 0xff,
    0x28, 0x28, 0x28, 0xff, 0x28, 0x28, 0x20, 0xff, 0x28, 0x24, 0x28, 0xff,
    0x28, 0x24, 0x28, 0xff, 0x28, 0x28, 0x20, 0xff, 0x28, 0x24, 0x20, 0xff,
    0x28, 0x24, 0x28, 0xff, 0x28, 0x28, 0x20, 0xff, 0x28, 0x24, 0x28, 0xff,
    0x20, 0x24, 0x20, 0xff, 0x28, 0x24, 0x20, 0xff, 0x28, 0x24, 0x28, 0xff,
    0x28, 0x24, 0x20, 0xff, 0x28, 0x24, 0x28, 0xff, 0x20, 0x24, 0x20, 0xff,
    0x28, 0x24, 0x20, 0xff, 0x28, 0x24, 0x28, 0xff, 0x20, 0x24, 0x20, 0xff,
    0x28, 0x24, 0x28, 0xff, 0x28, 0x24, 0x20, 0xff, 0x20, 0x24, 0x20, 0xff,
    0x28, 0x24, 0x28, 0xff, 0x28, 0x24, 0x20, 0xff, 0x28, 0x24, 0x20, 0xff,
    0x20, 0x20, 0x20, 0xff, 0x28, 0x24, 0x20, 0xff, 0x20, 0x24, 0x20, 0xff,
    0x28, 0x24, 0x20, 0xff, 0x20, 0x24, 0x20, 0xff, 0x28, 0x24, 0x28, 0xff,
    0x28, 0x24, 0x20, 0xff, 0x20, 0x20, 0x20, 0xff, 0x28, 0x24, 0x28, 0xff,
    0x20, 0x24, 0x20, 0xff, 0x28, 0x24, 0x20, 0xff, 0x28, 0x20, 0x20, 0xff,
    0x20, 0x24, 0x20, 0xff, 0x28, 0x24, 0x20, 0xff, 0x20, 0x20, 0x20, 0xff,
    0x28, 0x24, 0x20, 0xff, 0x28, 0x20, 0x20, 0xff, 0x20, 0x24, 0x20, 0xff,
    0x28, 0x24, 0x20, 0xff, 0x28, 0x20, 0x20, 0xff, 0x20, 0x24, 0x20, 0xff,
    0x20, 0x20, 0x20, 0xff, 0x28, 0x20, 0x20, 0xff, 0x20, 0x24, 0x20, 0xff,
    0x28, 0x24, 0x20, 0xff, 0x28, 0x20, 0x20, 0xff, 0x20, 0x20, 0x20, 0xff,
    0x28, 0x24, 0x20, 0xff, 0x20, 0x24, 0x20, 0xff, 0x20, 0x20, 0x20, 0xff,
    0x28, 0x20, 0x20, 0xff, 0x20, 0x20, 0x20, 0xff, 0x20, 0x24, 0x20, 0xff,
    0x28, 0x20, 0x20, 0xff, 0x20, 0x20, 0x20, 0xff, 0x20, 0x20, 0x20, 0xff,
    0x28, 0x24, 0x20, 0xff, 0x28, 0x20, 0x20, 0xff, 0x20, 0x20, 0x20, 0xff,
    0x20, 0x20, 0x20, 0xff, 0x28, 0x20, 0x20, 0xff, 0x20, 0x20, 0x20, 0xff,
    0x20, 0x20, 0x20, 0xff, 0x28, 0x20, 0x20, 0xff, 0x20, 0x20, 0x20, 0xff,
    0x20, 0x20, 0x20, 0xff, 0x28, 0x20, 0x20, 0xff, 0x20, 0x20, 0x20, 0xff,
    0x20, 0x20, 0x20, 0xff, 0x20, 0x20, 0x20, 0xff, 0x20, 0x20, 0x20, 0xff,
    0x28, 0x20, 0x20, 0xff, 0x20, 0x20, 0x20, 0xff, 0x20, 0x20, 0x20, 0xff,
    0x28, 0x20, 0x18, 0xff, 0x20, 0x20, 0x20, 0xff, 0x20, 0x20, 0x20, 0xff,
    0x20, 0x20, 0x18, 0xff, 0x20, 0x20, 0x20, 0xff, 0x28, 0x20, 0x20, 0xff,
    0x20, 0x1c, 0x18, 0xff, 0x20, 0x20, 0x20, 0xff, 0x20, 0x20, 0x20, 0xff,
    0x28, 0x20, 0x20, 0xff, 0x20, 0x1c, 0x18, 0xff, 0x20, 0x20, 0x20, 0xff,
    0x20, 0x20, 0x20, 0xff, 0x20, 0x1c, 0x20, 0xff, 0x20, 0x20, 0x20, 0xff,
    0x20, 0x1c, 0x18, 0xff, 0x20, 0x20, 0x20, 0xff, 0x20, 0x20, 0x20, 0xff,
    0x20, 0x1c, 0x18, 0xff, 0x20, 0x1c, 0x20, 0xff, 0x20, 0x20, 0x18, 0xff,
    0x20, 0x1c, 0x20, 0xff, 0x20, 0x1c, 0x20, 0xff, 0x20, 0x20, 0x18, 0xff,
    0x20, 0x1c, 0x20, 0xff, 0x20, 0x20, 0x20, 0xff, 0x20, 0x1c, 0x18, 0xff,
    0x20, 0x20, 0x20, 0xff, 0x20, 0x20, 0x20, 0xff, 0x20, 0x1c, 0x18, 0xff,
    0x20, 0x20, 0x20, 0xff, 0x20, 0x1c, 0x20, 0xff, 0x20, 0x1c, 0x18, 0xff,
    0x20, 0x1c, 0x20, 0xff, 0x20, 0x1c, 0x20, 0xff, 0x20, 0x20, 0x18, 0xff,
    0x20, 0x1c, 0x20, 0xff, 0x20, 0x1c, 0x18, 0xff, 0x20, 0x1c, 0x20, 0xff,
    0x20, 0x1c, 0x20, 0xff, 0x20, 0x1c, 0x18, 0xff, 0x20, 0x20, 0x20, 0xff,
    0x20, 0x1c, 0x20, 0xff, 0x20, 0x1c, 0x18, 0xff, 0x18, 0x1c, 0x18, 0xff,
    0x20, 0x20, 0x20, 0xff, 0x20, 0x1c, 0x18, 0xff, 0x18, 0x1c, 0x20, 0xff,
    0x20, 0x1c, 0x18, 0xff, 0x20, 0x1c, 0x20, 0xff, 0x20, 0x1c, 0x18, 0xff,
    0x18, 0x1c, 0x20, 0xff, 0x20, 0x1c, 0x18, 0xff, 0x20, 0x1c, 0x18, 0xff,
    0x20, 0x1c, 0x18, 0xff, 0x20, 0x1c, 0x20, 0xff, 0x20, 0x1c, 0x18, 0xff,
    0x20, 0x1c, 0x20, 0xff, 0x20, 0x1c, 0x18, 0xff, 0x20, 0x1c, 0x18, 0xff,
    0x20, 0x1c, 0x20, 0xff, 0x20, 0x1c, 0x18, 0xff, 0x20, 0x1c, 0x18, 0xff,
    0x20, 0x1c, 0x18, 0xff, 0x18, 0x1c, 0x20, 0xff, 0x20, 0x1c, 0x18, 0xff,
    0x20, 0x1c, 0x18, 0xff, 0x20, 0x1c, 0x20, 0xff, 0x20, 0x18, 0x18, 0xff,
    0x18, 0x1c, 0x18, 0xff, 0x20, 0x18, 0x18, 0xff, 0x20, 0x1c, 0x18, 0xff,
    0x18, 0x1c, 0x20, 0xff, 0x20, 0x1c, 0x18, 0xff, 0x20, 0x1c, 0x18, 0xff,
    0x20, 0x1c, 0x20, 0xff, 0x20, 0x1c, 0x18, 0xff, 0x20, 0x1c, 0x18, 0xff,
    0x20, 0x18, 0x20, 0xff, 0x20, 0x1c, 0x18, 0xff, 0x20, 0x1c, 0x18, 0xff,
    0x20, 0x1c, 0x18, 0xff, 0x20, 0x1c, 0x20, 0xff, 0x18, 0x1c, 0x18, 0xff,
    0x20, 0x1c, 0x18, 0xff, 0x20, 0x18, 0x18, 0xff, 0x18, 0x18, 0x18, 0xff,
    0x20, 0x1c, 0x18, 0xff, 0x20, 0x1c, 0x18, 0xff, 0x20, 0x18, 0x18, 0xff,
    0x20, 0x1c, 0x18, 0xff, 0x20, 0x18, 0x18, 0xff, 0x18, 0x1c, 0x18, 0xff,
    0x20, 0x18, 0x18, 0xff, 0x18, 0x1c, 0x18, 0xff, 0x20, 0x1c, 0x18, 0xff,
    0x20, 0x18, 0x18, 0xff, 0x18, 0x1c, 0x18, 0xff, 0x20, 0x18, 0x18, 0xff,
    0x20, 0x1c, 0x18, 0xff, 0x18, 0x18, 0x18, 0xff, 0x20, 0x1c, 0x18, 0xff,
    0x18, 0x1c, 0x18, 0xff, 0x20, 0x18, 0x20, 0xff, 0x20, 0x1c, 0x18, 0xff,
    0x18, 0x1c, 0x18, 0xff, 0x20, 0x18, 0x18, 0xff, 0x18, 0x1c, 0x20, 0xff,
    0x20, 0x18, 0x18, 0xff, 0x18, 0x18, 0x18, 0xff, 0x20, 0x18, 0x18, 0xff,
    0x20, 0x1c, 0x18, 0xff, 0x18, 0x18, 0x18, 0xff, 0x20, 0x18, 0x18, 0xff,
    0x20, 0x1c, 0x18, 0xff, 0x18, 0x1c, 0x18, 0xff, 0x18, 0x18, 0x18, 0xff,
    0x20, 0x1c, 0x18, 0xff, 0x20, 0x18, 0x18, 0xff, 0x18, 0x18, 0x18, 0xff,
    0x20, 0x1c, 0x18, 0xff, 0x18, 0x18, 0x18, 0xff, 0x20, 0x18, 0x18, 0xff,
    0x18, 0x18, 0x18, 0xff, 0x20, 0x18, 0x18, 0xff, 0x18, 0x18, 0x18, 0xff,
    0x18, 0x18, 0x18, 0xff, 0x20, 0x18, 0x18, 0xff, 0x18, 0x18, 0x18, 0xff,
    0x20, 0x1c, 0x18, 0xff, 0x20, 0x18, 0x18, 0xff, 0x18, 0x18, 0x18, 0xff,
    0x20, 0x1c, 0x18, 0xff, 0x18, 0x18, 0x18, 0xff, 0x20, 0x18, 0x18, 0xff,
    0x18, 0x18, 0x18, 0xff, 0x20, 0x18, 0x18, 0xff, 0x20, 0x18, 0x18, 0xff,
    0x18, 0x18, 0x18, 0xff, 0x18, 0x1c, 0x18, 0xff, 0x20, 0x18, 0x18, 0xff,
    0x18, 0x18, 0x18, 0xff, 0x20, 0x1c, 0x18, 0xff, 0x18, 0x18, 0x18, 0xff,
    0x20, 0x18, 0x18, 0xff, 0x20, 0x1c, 0x18, 0xff, 0x18, 0x18, 0x18, 0xff,
    0x20, 0x18, 0x18, 0xff, 0x20, 0x1c, 0x18, 0xff, 0x18, 0x18, 0x18, 0xff,
    0x20, 0x18, 0x18, 0xff, 0x20, 0x1c, 0x18, 0xff, 0x18, 0x18, 0x18, 0xff,
    0x20, 0x18, 0x18, 0xff, 0x20, 0x18, 0x18, 0xff, 0x18, 0x18, 0x18, 0xff,
    0x18, 0x18, 0x18, 0xff, 0x20, 0x18, 0x18, 0xff, 0x20, 0x18, 0x18, 0xff,
    0x18, 0x18, 0x18, 0xff, 0x20, 0x18, 0x18, 0xff, 0x18, 0x1c, 0x18, 0xff,
    0x18, 0x18, 0x18, 0xff, 0x20, 0x1c, 0x18, 0xff, 0x18, 0x18, 0x18, 0xff,
    0x20, 0x1c, 0x18, 0xff, 0x20, 0x18, 0x18, 0xff, 0x18, 0x18, 0x18, 0xff,
    0x20, 0x18, 0x18, 0xff, 0x20, 0x1c, 0x18, 0xff, 0x18, 0x1c, 0x18, 0xff,
    0x20, 0x18, 0x18, 0xff, 0x20, 0x18, 0x18, 0xff, 0x18, 0x18, 0x18, 0xff,
    0x18, 0x18, 0x18, 0xff, 0x20, 0x1c, 0x18, 0xff, 0x18, 0x18, 0x18, 0xff,
    0x18, 0x18, 0x18, 0xff, 0x20, 0x18, 0x18, 0xff, 0x20, 0x1c, 0x18, 0xff,
    0x18, 0x18, 0x18, 0xff, 0x18, 0x1c, 0x18, 0xff, 0x20, 0x18, 0x18, 0xff,
    0x20, 0x18, 0x18, 0xff, 0x18, 0x18, 0x18, 0xff, 0x18, 0x18, 0x18, 0xff,
    0x20, 0x1c, 0x18, 0xff, 0x18, 0x18, 0x18, 0xff, 0x18, 0x18, 0x18, 0xff,
    0x20, 0x18, 0x18, 0xff, 0x20, 0x1c, 0x18, 0xff, 0x18, 0x18, 0x18, 0xff,
    0x20, 0x18, 0x18, 0xff, 0x18, 0x18, 0x18, 0xff, 0x18, 0x18, 0x18, 0xff,
    0x20, 0x18, 0x18, 0xff, 0x20, 0x18, 0x18, 0xff, 0x18, 0x18, 0x18, 0xff,
    0x18, 0x18, 0x18, 0xff, 0x20, 0x18, 0x18, 0xff, 0x18, 0x18, 0x18, 0xff,
    0x20, 0x18, 0x18, 0xff, 0x20, 0x18, 0x18, 0xff, 0x18, 0x1c, 0x18, 0xff,
    0x20, 0x18, 0x18, 0xff, 0x20, 0x18, 0x18, 0xff, 0x18, 0x1c, 0x18, 0xff,
    0x20, 0x1c, 0x18, 0xff, 0x18, 0x18, 0x18, 0xff, 0x18, 0x18, 0x18, 0xff,
    0x20, 0x18, 0x18, 0xff, 0x18, 0x18, 0x18, 0xff, 0x18, 0x1c, 0x18, 0xff,
    0x20, 0x18, 0x18, 0xff, 0x20, 0x1c, 0x18, 0xff, 0x18, 0x18, 0x18, 0xff,
    0x20, 0x1c, 0x18, 0xff, 0x20, 0x18, 0x18, 0xff, 0x18, 0x1c, 0x18, 0xff,
    0x20, 0x18, 0x18, 0xff, 0x18, 0x1c, 0x18, 0xff, 0x18, 0x18, 0x18, 0xff,
    0x20, 0x1c, 0x18, 0xff, 0x20, 0x1c, 0x18, 0xff, 0x18, 0x18, 0x18, 0xff,
    0x18, 0x18, 0x18, 0xff, 0x20, 0x1c, 0x18, 0xff, 0x18, 0x18, 0x18, 0xff,
    0x70, 0x70, 0x70, 0xa2, 0xf8, 0xfc, 0xf8, 0x00, 0x70, 0x6c, 0x68, 0xcf,
    0x30, 0x30, 0x30, 0xff, 0x30, 0x30, 0x30, 0xff, 0x38, 0x34, 0x30, 0xff,
    0x30, 0x30, 0x30, 0xff, 0x30, 0x30, 0x30, 0xff, 0x38, 0x30, 0x30, 0xff,
    0x30, 0x30, 0x30, 0xff, 0x30, 0x30, 0x28, 0xff, 0x30, 0x30, 0x30, 0xff,
    0x30, 0x30, 0x30, 0xff, 0x30, 0x30, 0x30, 0xff, 0x30, 0x30, 0x30, 0xff,
    0x38, 0x30, 0x30, 0xff, 0x30, 0x30, 0x30, 0xff, 0x30, 0x30, 0x30, 0xff,
    0x30, 0x30, 0x30, 0xff, 0x38, 0x30, 0x30, 0xff, 0x30, 0x30, 0x28, 0xff,
    0x30, 0x30, 0x30, 0xff, 0x30, 0x2c, 0x30, 0xff, 0x30, 0x30, 0x28, 0xff,
    0x30, 0x30, 0x30, 0xff, 0x30, 0x30, 0x30, 0xff, 0x30, 0x30, 0x30, 0xff,
    0x30, 0x30, 0x28, 0xff, 0x30, 0x2c, 0x30, 0xff, 0x30, 0x30, 0x30, 0xff,
    0x30, 0x30, 0x30, 0xff, 0x30, 0x2c, 0x28, 0xff, 0x30, 0x30, 0x30, 0xff,
    0x30, 0x2c, 0x28, 0xff, 0x30, 0x30, 0x30, 0xff, 0x30, 0x30, 0x30, 0xff,
    0x30, 0x2c, 0x28, 0xff, 0x28, 0x30, 0x30, 0xff, 0x30, 0x30, 0x28, 0xff,
    0x30, 0x2c, 0x30, 0xff, 0x30, 0x30, 0x30, 0xff, 0x28, 0x2c, 0x30, 0xff,
    0x30, 0x2c, 0x30, 0xff, 0x30, 0x2c, 0x28, 0xff, 0x30, 0x30, 0x28, 0xff,
    0x30, 0x2c, 0x30, 0xff, 0x30, 0x30, 0x28, 0xff, 0x28, 0x2c, 0x28, 0xff,
    0x30, 0x30, 0x30, 0xff, 0x30, 0x2c, 0x30, 0xff, 0x30, 0x2c, 0x28, 0xff,
    0x30, 0x30, 0x30, 0xff, 0x30, 0x2c, 0x28, 0xff, 0x28, 0x2c, 0x30, 0xff,
    0x30, 0x2c, 0x28, 0xff, 0x30, 0x2c, 0x28, 0xff, 0x30, 0x2c, 0x30, 0xff,
    0x30, 0x2c, 0x28, 0xff, 0x30, 0x2c, 0x28, 0xff, 0x28, 0x2c, 0x30, 0xff,
    0x30, 0x2c, 0x28, 0xff, 0x30, 0x2c, 0x30, 0xff, 0x28, 0x2c, 0x28, 0xff,
    0x30, 0x2c, 0x28, 0xff, 0x30, 0x2c, 0x30, 0xff, 0x30, 0x2c, 0x28, 0xff,
    0x28, 0x2c, 0x28, 0xff, 0x30, 0x2c, 0x28, 0xff, 0x30, 0x2c, 0x30, 0xff,
    0x28, 0x28, 0x28, 0xff, 0x30, 0x2c, 0x28, 0xff, 0x30, 0x2c, 0x30, 0xff,
    0x28, 0x2c, 0x30, 0xff, 0x28, 0x28, 0x28, 0xff, 0x30, 0x2c, 0x30, 0xff,
    0x28, 0x28, 0x30, 0xff, 0x30, 0x2c, 0x28, 0xff, 0x30, 0x2c, 0x28, 0xff,
    0x28, 0x28, 0x28, 0xff, 0x30, 0x28, 0x28, 0xff, 0x30, 0x2c, 0x28, 0xff,
    0x28, 0x28, 0x28, 0xff, 0x28, 0x2c, 0x30, 0xff, 0x30, 0x28, 0x28, 0xff,
    0x28, 0x2c, 0x28, 0xff, 0x28, 0x2c, 0x28, 0xff, 0x30, 0x28, 0x28, 0xff,
    0x28, 0x28, 0x28, 0xff, 0x30, 0x2c, 0x28, 0xff, 0x28, 0x2c, 0x28, 0xff,
    0x30, 0x28, 0x28, 0xff, 0x28, 0x28, 0x28, 0xff, 0x28, 0x28, 0x28, 0xff,
    0x30, 0x2c, 0x28, 0xff, 0x28, 0x28, 0x28, 0xff, 0x28, 0x28, 0x28, 0xff,
    0x30, 0x28, 0x28, 0xff, 0x28, 0x2c, 0x28, 0xff, 0x28, 0x28, 0x28, 0xff,
    0x28, 0x2c, 0x28, 0xff, 0x28, 0x28, 0x28, 0xff, 0x28, 0x28, 0x28, 0xff,
    0x28, 0x28, 0x28, 0xff, 0x28, 0x28, 0x28, 0xff, 0x30, 0x28, 0x28, 0xff,
    0x28, 0x28, 0x20, 0xff, 0x28, 0x28, 0x28, 0xff, 0x28, 0x28, 0x28, 0xff,
    0x28, 0x28, 0x28, 0xff, 0x30, 0x28, 0x28, 0xff, 0x28, 0x28, 0x28, 0xff,
    0x28, 0x28, 0x28, 0xff, 0x28, 0x28, 0x28, 0xff, 0x28, 0x28, 0x28, 0xff,
    0x30, 0x28, 0x28, 0xff, 0x28, 0x28, 0x20, 0xff, 0x28, 0x28, 0x28, 0xff,
    0x30, 0x28, 0x28, 0xff, 0x28, 0x28, 0x28, 0xff, 0x28, 0x28, 0x28, 0xff,
    0x28, 0x24, 0x28, 0xff, 0x28, 0x28, 0x20, 0xff, 0x28, 0x28, 0x28, 0xff,
    0x28, 0x28, 0x28, 0xff, 0x28, 0x24, 0x20, 0xff, 0x30, 0x28, 0x28, 0xff,
    0x28, 0x28, 0x28, 0xff, 0x28, 0x28, 0x28, 0xff, 0x28, 0x24, 0x20, 0xff,
    0x28, 0x28, 0x28, 0xff, 0x28, 0x28, 0x28, 0xff, 0x28, 0x24, 0x20, 0xff,
    0x28, 0x28, 0x28, 0xff, 0x28, 0x28, 0x28, 0xff, 0x28, 0x24, 0x20, 0xff,
    0x28, 0x28, 0x28, 0xff, 0x28, 0x28, 0x28, 0xff, 0x28, 0x24, 0x20, 0xff,
    0x28, 0x28, 0x28, 0xff, 0x28, 0x28, 0x28, 0xff, 0x28, 0x24, 0x20, 0xff,
    0x28, 0x24, 0x28, 0xff, 0x28, 0x24, 0x28, 0xff, 0x28, 0x24, 0x20, 0xff,
    0x28, 0x24, 0x28, 0xff, 0x28, 0x24, 0x20, 0xff, 0x20, 0x24, 0x20, 0xff,
    0x28, 0x24, 0x28, 0xff, 0x28, 0x28, 0x20, 0xff, 0x28, 0x24, 0x28, 0xff,
    0x20, 0x24, 0x28, 0xff, 0x28, 0x24, 0x20, 0xff, 0x28, 0x24, 0x28, 0xff,
    0x28, 0x24, 0x20, 0xff, 0x28, 0x24, 0x28, 0xff, 0x28, 0x24, 0x20, 0xff,
    0x20, 0x24, 0x20, 0xff, 0x28, 0x24, 0x28, 0xff, 0x28, 0x24, 0x20, 0xff,
    0x28, 0x24, 0x28, 0xff, 0x20, 0x24, 0x20, 0xff, 0x28, 0x24, 0x20, 0xff,
    0x28, 0x24, 0x28, 0xff, 0x20, 0x24, 0x20, 0xff, 0x28, 0x24, 0x20, 0xff,
    0x28, 0x24, 0x28, 0xff, 0x28, 0x24, 0x20, 0xff, 0x28, 0x24, 0x20, 0xff,
    0x20, 0x24, 0x28, 0xff, 0x28, 0x24, 0x20, 0xff, 0x28, 0x24, 0x20, 0xff,
    0x20, 0x20, 0x28, 0xff, 0x28, 0x20, 0x20, 0xff, 0x28, 0x24, 0x20, 0xff,
    0x20, 0x24, 0x20, 0xff, 0x28, 0x20, 0x28, 0xff, 0x28, 0x24, 0x20, 0xff,
    0x20, 0x20, 0x20, 0xff, 0x28, 0x24, 0x20, 0xff, 0x20, 0x24, 0x28, 0xff,
    0x28, 0x20, 0x20, 0xff, 0x28, 0x20, 0x20, 0xff, 0x20, 0x24, 0x28, 0xff,
    0x28, 0x20, 0x20, 0xff, 0x20, 0x24, 0x20, 0xff, 0x20, 0x20, 0x20, 0xff,
    0x28, 0x20, 0x20, 0xff, 0x20, 0x24, 0x20, 0xff, 0x28, 0x24, 0x20, 0xff,
    0x28, 0x20, 0x20, 0xff, 0x20, 0x24, 0x20, 0xff, 0x28, 0x20, 0x20, 0xff,
    0x20, 0x20, 0x20, 0xff, 0x20, 0x24, 0x28, 0xff, 0x28, 0x20, 0x20, 0xff,
    0x28, 0x20, 0x20, 0xff, 0x20, 0x20, 0x20, 0xff, 0x28, 0x20, 0x20, 0xff,
    0x28, 0x24, 0x20, 0xff, 0x20, 0x20, 0x20, 0xff, 0x20, 0x20, 0x20, 0xff,
    0x28, 0x20, 0x20, 0xff, 0x20, 0x20, 0x20, 0xff, 0x20, 0x20, 0x20, 0xff,
    0x28, 0x20, 0x20, 0xff, 0x20, 0x24, 0x20, 0xff, 0x20, 0x20, 0x20, 0xff,
    0x28, 0x20, 0x20, 0xff, 0x20, 0x20, 0x20, 0xff, 0x20, 0x20, 0x20, 0xff,
    0x28, 0x20, 0x18, 0xff, 0x20, 0x20, 0x20, 0xff, 0x28, 0x20, 0x20, 0xff,
    0x20, 0x20, 0x20, 0xff, 0x20, 0x20, 0x18, 0xff, 0x20, 0x20, 0x20, 0xff,
    0x28, 0x20, 0x20, 0xff, 0x20, 0x20, 0x20, 0xff, 0x20, 0x20, 0x20, 0xff,
    0x20, 0x20, 0x20, 0xff, 0x20, 0x20, 0x18, 0xff, 0x20, 0x20, 0x20, 0xff,
    0x28, 0x20, 0x20, 0xff, 0x20, 0x20, 0x20, 0xff, 0x20, 0x1c, 0x20, 0xff,
    0x28, 0x20, 0x20, 0xff, 0x20, 0x1c, 0x20, 0xff, 0x20, 0x20, 0x18, 0xff,
    0x20, 0x20, 0x20, 0xff, 0x20, 0x20, 0x20, 0xff, 0x28, 0x1c, 0x18, 0xff,
    0x20, 0x20, 0x20, 0xff, 0x20, 0x20, 0x20, 0xff, 0x20, 0x1c, 0x20, 0xff,
    0x20, 0x20, 0x18, 0xff, 0x20, 0x20, 0x20, 0xff, 0x20, 0x20, 0x20, 0xff,
    0x20, 0x20, 0x20, 0xff, 0x28, 0x1c, 0x18, 0xff, 0x20, 0x1c, 0x20, 0xff,
    0x20, 0x20, 0x20, 0xff, 0x28, 0x20, 0x18, 0xff, 0x20, 0x1c, 0x20, 0xff,
    0x20, 0x20, 0x20, 0xff, 0x20, 0x20, 0x18, 0xff, 0x20, 0x1c, 0x20, 0xff,
    0x20, 0x1c, 0x20, 0xff, 0x20, 0x20, 0x18, 0xff, 0x20, 0x1c, 0x20, 0xff,
    0x20, 0x1c, 0x20, 0xff, 0x20, 0x20, 0x20, 0xff, 0x20, 0x1c, 0x18, 0xff,
    0x20, 0x20, 0x20, 0xff, 0x20, 0x20, 0x20, 0xff, 0x20, 0x1c, 0x18, 0xff,
    0x20, 0x1c, 0x18, 0xff, 0x20, 0x1c, 0x20, 0xff, 0x20, 0x20, 0x18, 0xff,
    0x20, 0x1c, 0x20, 0xff, 0x20, 0x1c, 0x18, 0xff, 0x20, 0x20, 0x18, 0xff,
    0x20, 0x1c, 0x20, 0xff, 0x20, 0x1c, 0x18, 0xff, 0x20, 0x20, 0x18, 0xff,
    0x20, 0x1c, 0x20, 0xff, 0x20, 0x1c, 0x20, 0xff, 0x20, 0x1c, 0x18, 0xff,
    0x20, 0x20, 0x20, 0xff, 0x20, 0x1c, 0x18, 0xff, 0x20, 0x1c, 0x18, 0xff,
    0x20, 0x20, 0x20, 0xff, 0x20, 0x1c, 0x18, 0xff, 0x20, 0x1c, 0x18, 0xff,
    0x20, 0x1c, 0x20, 0xff, 0x20, 0x1c, 0x18, 0xff, 0x20, 0x1c, 0x20, 0xff,
    0x20, 0x1c, 0x18, 0xff, 0x18, 0x1c, 0x18, 0xff, 0x20, 0x1c, 0x18, 0xff,
    0x20, 0x1c, 0x20, 0xff, 0x18, 0x1c, 0x18, 0xff, 0x20, 0x1c, 0x18, 0xff,
    0x20, 0x1c, 0x20, 0xff, 0x20, 0x1c, 0x18, 0xff, 0x18, 0x1c, 0x20, 0xff,
    0x20, 0x1c, 0x18, 0xff, 0x20, 0x1c, 0x18, 0xff, 0x18, 0x1c, 0x18, 0xff,
    0x20, 0x1c, 0x18, 0xff, 0x18, 0x18, 0x18, 0xff, 0x20, 0x1c, 0x18, 0xff,
    0x20, 0x1c, 0x20, 0xff, 0x20, 0x1c, 0x18, 0xff, 0x20, 0x18, 0x18, 0xff,
    0x20, 0x1c, 0x20, 0xff, 0x20, 0x18, 0x18, 0xff, 0x20, 0x18, 0x18, 0xff,
    0x18, 0x1c, 0x18, 0xff, 0x18, 0x18, 0x18, 0xff, 0x20, 0x1c, 0x20, 0xff,
    0x18, 0x1c, 0x18, 0xff, 0x20, 0x18, 0x18, 0xff, 0x18, 0x1c, 0x18, 0xff,
    0x20, 0x1c, 0x18, 0xff, 0x20, 0x18, 0x18, 0xff, 0x18, 0x1c, 0x18, 0xff,
    0x20, 0x18, 0x18, 0xff, 0x20, 0x1c, 0x20, 0xff, 0x18, 0x18, 0x18, 0xff,
    0x20, 0x18, 0x18, 0xff, 0x18, 0x1c, 0x18, 0xff, 0x18, 0x18, 0x18, 0xff,
    0x20, 0x18, 0x18, 0xff, 0x18, 0x1c, 0x18, 0xff, 0x20, 0x1c, 0x18, 0xff,
    0x20, 0x18, 0x20, 0xff, 0x18, 0x18, 0x18, 0xff, 0x20, 0x1c, 0x18, 0xff,
    0x20, 0x18, 0x18, 0xff, 0x18, 0x1c, 0x20, 0xff, 0x20, 0x1c, 0x18, 0xff,
    0x18, 0x18, 0x18, 0xff, 0x20, 0x1c, 0x18, 0xff, 0x20, 0x18, 0x18, 0xff,
    0x18, 0x18, 0x18, 0xff, 0x20, 0x1c, 0x18, 0xff, 0x18, 0x18, 0x18, 0xff,
    0x20, 0x18, 0x18, 0xff, 0x20, 0x1c, 0x18, 0xff, 0x18, 0x1c, 0x18, 0xff,
    0x20, 0x1c, 0x18, 0xff, 0x18, 0x18, 0x18, 0xff, 0x18, 0x18, 0x18, 0xff,
    0x20, 0x18, 0x18, 0xff, 0x18, 0x1c, 0x18, 0xff, 0x18, 0x18, 0x18, 0xff,
    0x20, 0x18, 0x18, 0xff, 0x20, 0x18, 0x18, 0xff, 0x18, 0x18, 0x18, 0xff,
    0x20, 0x18, 0x18, 0xff, 0x18, 0x1c, 0x18, 0xff, 0x18, 0x18, 0x18, 0xff,
    0x20, 0x18, 0x18, 0xff, 0x18, 0x1c, 0x18, 0xff, 0x18, 0x18, 0x18, 0xff,
    0x20, 0x18, 0x18, 0xff, 0x20, 0x1c, 0x18, 0xff, 0x18, 0x18, 0x18, 0xff,
    0x20, 0x1c, 0x18, 0xff, 0x20, 0x18, 0x18, 0xff, 0x18, 0x18, 0x18, 0xff,
    0x18, 0x1c, 0x18, 0xff, 0x20, 0x18, 0x18, 0xff, 0x18, 0x18, 0x18, 0xff,
    0x20, 0x18, 0x18, 0xff, 0x20, 0x1c, 0x18, 0xff, 0x18, 0x18, 0x18, 0xff,
    0x18, 0x1c, 0x18, 0xff, 0x20, 0x18, 0x18, 0xff, 0x18, 0x1c, 0x18, 0xff,
    0x20, 0x18, 0x18, 0xff, 0x18, 0x18, 0x18, 0xff, 0x20, 0x18, 0x18, 0xff,
    0x18, 0x1c, 0x18, 0xff, 0x20, 0x18, 0x18, 0xff, 0x18, 0x18, 0x18, 0xff,
    0x18, 0x18, 0x18, 0xff, 0x20, 0x18, 0x18, 0xff, 0x18, 0x18, 0x18, 0xff,
    0x18, 0x18, 0x18, 0xff, 0x20, 0x18, 0x18, 0xff, 0x18, 0x1c, 0x18, 0xff,
    0x18, 0x18, 0x18, 0xff, 0x20, 0x18, 0x18, 0xff, 0x18, 0x18, 0x18, 0xff,
    0x18, 0x18, 0x18, 0xff, 0x20, 0x1c, 0x18, 0xff, 0x20, 0x18, 0x18, 0xff,
    0x18, 0x1c, 0x18, 0xff, 0x20, 0x18, 0x18, 0xff, 0x20, 0x18, 0x18, 0xff,
    0x18, 0x1c, 0x18, 0xff, 0x20, 0x18, 0x18, 0xff, 0x20, 0x18, 0x18, 0xff,
    0x18, 0x18, 0x18, 0xff, 0x20, 0x18, 0x18, 0xff, 0x18, 0x18, 0x18, 0xff,
    0x18, 0x1c, 0x18, 0xff, 0x20, 0x18, 0x18, 0xff, 0x18, 0x18, 0x18, 0xff,
    0x18, 0x1c, 0x18, 0xff, 0x20, 0x18, 0x18, 0xff, 0x18, 0x18, 0x18, 0xff,
    0x18, 0x18, 0x18, 0xff, 0x20, 0x1c, 0x18, 0xff, 0x18, 0x18, 0x18, 0xff,
    0x20, 0x18, 0x18, 0xff, 0x20, 0x1c, 0x18, 0xff, 0x18, 0x18, 0x18, 0xff,
    0x20, 0x18, 0x18, 0xff, 0x18, 0x1c, 0x18, 0xff, 0x18, 0x18, 0x18, 0xff,
    0x20, 0x18, 0x18, 0xff, 0x18, 0x18, 0x18, 0xff, 0x18, 0x18, 0x18, 0xff,
    0x20, 0x1c, 0x18, 0xff, 0x18, 0x18, 0x18, 0xff, 0x20, 0x18, 0x18, 0xff,
    0x20, 0x1c, 0x18, 0xff, 0x18, 0x18, 0x18, 0xff, 0x20, 0x18, 0x18, 0xff,
    0x18, 0x18, 0x18, 0xff, 0x18, 0x1c, 0x18, 0xff, 0x20, 0x18, 0x18, 0xff,
    0x18, 0x18, 0x18, 0xff, 0x20, 0x1c, 0x18, 0xff, 0x20, 0x18, 0x18, 0xff,
    0x18, 0x18, 0x18, 0xff, 0x18, 0x1c, 0x18, 0xff, 0x20, 0x1c, 0x18, 0xff,
    0x18, 0x18, 0x18, 0xff, 0x20, 0x1c, 0x18, 0xff, 0x18, 0x18, 0x18, 0xff,
    0x18, 0x1c, 0x18, 0xff, 0x20, 0x18, 0x18, 0xff, 0x18, 0x18, 0x18, 0xff,
    0x18, 0x18, 0x18, 0xff, 0x20, 0x18, 0x18, 0xff, 0x18, 0x18, 0x18, 0xff,
    0x20, 0x18, 0x18, 0xff, 0x20, 0x18, 0x18, 0xff, 0x18, 0x1c, 0x18, 0xff,
    0x20, 0x1c, 0x18, 0xff, 0x20, 0x18, 0x18, 0xff, 0x18, 0x18, 0x18, 0xff,
    0x20, 0x18, 0x18, 0xff, 0x18, 0x18, 0x18, 0xff, 0x20, 0x18, 0x18, 0xff,
    0x18, 0x1c, 0x18, 0xff, 0x18, 0x18, 0x18, 0xff, 0x20, 0x18, 0x18, 0xff,
    0x20, 0x18, 0x18, 0xff, 0x18, 0x1c, 0x18, 0xff, 0x20, 0x18, 0x18, 0xff,
    0x18, 0x18, 0x18, 0xff, 0x20, 0x18, 0x18, 0xff, 0x20, 0x18, 0x18, 0xff,
    0x18, 0x18, 0x18, 0xff, 0x20, 0x1c, 0x18, 0xff, 0x18, 0x18, 0x18, 0xff,
    0x20, 0x18, 0x18, 0xff, 0x70, 0x70, 0x70, 0x9e, 0xf8, 0xfc, 0xf8, 0x00,
    0x70, 0x6c, 0x68, 0xcf, 0x30, 0x30, 0x30, 0xff, 0x30, 0x30, 0x30, 0xff,
    0x30, 0x30, 0x30, 0xff, 0x30, 0x34, 0x30, 0xff, 0x30, 0x30, 0x30, 0xff,
    0x30, 0x30, 0x30, 0xff, 0x30, 0x30, 0x30, 0xff, 0x30, 0x30, 0x30, 0xff,
    0x38, 0x30, 0x30, 0xff, 0x30, 0x30, 0x28, 0xff, 0x30, 0x30, 0x30, 0xff,
    0x30, 0x30, 0x30, 0xff, 0x30, 0x30, 0x28, 0xff, 0x30, 0x30, 0x30, 0xff,
    0x30, 0x30, 0x30, 0xff, 0x30, 0x30, 0x30, 0xff, 0x30, 0x30, 0x30, 0xff,
    0x30, 0x30, 0x30, 0xff, 0x30, 0x30, 0x30, 0xff, 0x30, 0x30, 0x30, 0xff,
    0x30, 0x2c, 0x30, 0xff, 0x30, 0x30, 0x28, 0xff, 0x30, 0x2c, 0x30, 0xff,
    0x30, 0x30, 0x30, 0xff, 0x30, 0x30, 0x30, 0xff, 0x30, 0x30, 0x30, 0xff,
    0x30, 0x30, 0x30, 0xff, 0x30, 0x30, 0x30, 0xff, 0x30, 0x2c, 0x30, 0xff,
    0x30, 0x2c, 0x28, 0xff, 0x30, 0x30, 0x30, 0xff, 0x30, 0x2c, 0x28, 0xff,
    0x30, 0x2c, 0x30, 0xff, 0x30, 0x30, 0x30, 0xff, 0x30, 0x2c, 0x28, 0xff,
    0x30, 0x2c, 0x30, 0xff, 0x30, 0x30, 0x28, 0xff, 0x30, 0x2c, 0x28, 0xff,
    0x30, 0x30, 0x30, 0xff, 0x30, 0x30, 0x30, 0xff, 0x28, 0x2c, 0x28, 0xff,
    0x30, 0x2c, 0x30, 0xff, 0x30, 0x2c, 0x30, 0xff, 0x30, 0x2c, 0x28, 0xff,
    0x30, 0x30, 0x28, 0xff, 0x30, 0x2c, 0x30, 0xff, 0x28, 0x2c, 0x28, 0xff,
    0x30, 0x30, 0x28, 0xff, 0x30, 0x2c, 0x30, 0xff, 0x28, 0x2c, 0x28, 0xff,
    0x30, 0x30, 0x30, 0xff, 0x30, 0x2c, 0x28, 0xff, 0x28, 0x2c, 0x28, 0xff,
    0x30, 0x2c, 0x30, 0xff, 0x30, 0x2c, 0x28, 0xff, 0x28, 0x2c, 0x28, 0xff,
    0x30, 0x2c, 0x30, 0xff, 0x30, 0x2c, 0x28, 0xff, 0x28, 0x2c, 0x28, 0xff,
    0x28, 0x2c, 0x30, 0xff, 0x30, 0x2c, 0x28, 0xff, 0x28, 0x2c, 0x30, 0xff,
    0x30, 0x2c, 0x30, 0xff, 0x30, 0x2c, 0x28, 0xff, 0x28, 0x28, 0x28, 0xff,
    0x30, 0x2c, 0x28, 0xff, 0x30, 0x2c, 0x28, 0xff, 0x28, 0x2c, 0x28, 0xff,
    0x30, 0x2c, 0x28, 0xff, 0x28, 0x2c, 0x28, 0xff, 0x30, 0x2c, 0x28, 0xff,
    0x28, 0x2c, 0x28, 0xff, 0x28, 0x2c, 0x28, 0xff, 0x30, 0x28, 0x30, 0xff,
    0x28, 0x2c, 0x30, 0xff, 0x28, 0x28, 0x28, 0xff, 0x30, 0x2c, 0x28, 0xff,
    0x30, 0x28, 0x30, 0xff, 0x28, 0x2c, 0x28, 0xff, 0x30, 0x28, 0x28, 0xff,
    0x30, 0x28, 0x28, 0xff, 0x28, 0x2c, 0x28, 0xff, 0x28, 0x2c, 0x30, 0xff,
    0x30, 0x28, 0x28, 0xff, 0x28, 0x28, 0x28, 0xff, 0x28, 0x2c, 0x28, 0xff,
    0x30, 0x28, 0x30, 0xff, 0x28, 0x28, 0x28, 0xff, 0x30, 0x28, 0x28, 0xff,
    0x28, 0x28, 0x28, 0xff, 0x28, 0x2c, 0x28, 0xff, 0x30, 0x28, 0x28, 0xff,
    0x28, 0x28, 0x28, 0xff, 0x30, 0x28, 0x28, 0xff, 0x30, 0x28, 0x28, 0xff,
    0x28, 0x28, 0x28, 0xff, 0x28, 0x28, 0x28, 0xff, 0x30, 0x2c, 0x28, 0xff,
    0x28, 0x28, 0x28, 0xff, 0x28, 0x28, 0x28, 0xff, 0x28, 0x28, 0x28, 0xff,
    0x28, 0x28, 0x28, 0xff, 0x28, 0x28, 0x28, 0xff, 0x30, 0x28, 0x28, 0xff,
    0x28, 0x28, 0x20, 0xff, 0x28, 0x28, 0x28, 0xff, 0x28, 0x28, 0x28, 0xff,
    0x30, 0x28, 0x20, 0xff, 0x28, 0x28, 0x28, 0xff, 0x28, 0x28, 0x28, 0xff,
    0x28, 0x28, 0x28, 0xff, 0x28, 0x28, 0x28, 0xff, 0x28, 0x28, 0x28, 0xff,
    0x28, 0x24, 0x28, 0xff, 0x28, 0x28, 0x20, 0xff, 0x28, 0x28, 0x28, 0xff,
    0x28, 0x28, 0x28, 0xff, 0x30, 0x28, 0x28, 0xff, 0x28, 0x24, 0x28, 0xff,
    0x28, 0x28, 0x20, 0xff, 0x28, 0x28, 0x28, 0xff, 0x28, 0x28, 0x28, 0xff,
    0x28, 0x24, 0x20, 0xff, 0x28, 0x28, 0x28, 0xff, 0x28, 0x28, 0x28, 0xff,
    0x28, 0x24, 0x20, 0xff, 0x28, 0x24, 0x28, 0xff, 0x28, 0x28, 0x28, 0xff,
    0x28, 0x24, 0x20, 0xff, 0x28, 0x24, 0x28, 0xff, 0x28, 0x28, 0x20, 0xff,
    0x28, 0x24, 0x28, 0xff, 0x28, 0x24, 0x28, 0xff, 0x28, 0x28, 0x20, 0xff,
    0x28, 0x24, 0x28, 0xff, 0x28, 0x24, 0x20, 0xff, 0x28, 0x28, 0x28, 0xff,
    0x28, 0x24, 0x20, 0xff, 0x28, 0x24, 0x20, 0xff, 0x28, 0x28, 0x28, 0xff,
    0x28, 0x24, 0x20, 0xff, 0x28, 0x28, 0x28, 0xff, 0x28, 0x24, 0x28, 0xff,
    0x28, 0x24, 0x20, 0xff, 0x28, 0x28, 0x20, 0xff, 0x28, 0x24, 0x28, 0xff,
    0x28, 0x24, 0x20, 0xff, 0x28, 0x28, 0x20, 0xff, 0x28, 0x24, 0x28, 0xff,
    0x28, 0x24, 0x20, 0xff, 0x28, 0x24, 0x20, 0xff, 0x20, 0x24, 0x28, 0xff,
    0x28, 0x24, 0x20, 0xff, 0x28, 0x24, 0x20, 0xff, 0x20, 0x24, 0x28, 0xff,
    0x28, 0x24, 0x20, 0xff, 0x28, 0x24, 0x20, 0xff, 0x28, 0x24, 0x28, 0xff,
    0x28, 0x24, 0x20, 0xff, 0x28, 0x24, 0x20, 0xff, 0x28, 0x24, 0x28, 0xff,
    0x20, 0x24, 0x20, 0xff, 0x28, 0x24, 0x20, 0xff, 0x28, 0x24, 0x28, 0xff,
    0x20, 0x20, 0x20, 0xff, 0x28, 0x24, 0x20, 0xff, 0x28, 0x24, 0x28, 0xff,
    0x20, 0x24, 0x20, 0xff, 0x28, 0x24, 0x20, 0xff, 0x28, 0x24, 0x28, 0xff,
    0x20, 0x24, 0x20, 0xff, 0x28, 0x20, 0x20, 0xff, 0x20, 0x24, 0x20, 0xff,
    0x28, 0x24, 0x20, 0xff, 0x28, 0x24, 0x20, 0xff, 0x20, 0x24, 0x28, 0xff,
    0x28, 0x24, 0x20, 0xff, 0x28, 0x20, 0x20, 0xff, 0x20, 0x24, 0x20, 0xff,
    0x28, 0x20, 0x20, 0xff, 0x28, 0x24, 0x20, 0xff, 0x20, 0x20, 0x28, 0xff,
    0x28, 0x24, 0x20, 0xff, 0x20, 0x20, 0x20, 0xff, 0x20, 0x20, 0x28, 0xff,
    0x28, 0x24, 0x20, 0xff, 0x20, 0x20, 0x20, 0xff, 0x28, 0x24, 0x28, 0xff,
    0x28, 0x24, 0x20, 0xff, 0x20, 0x20, 0x20, 0xff, 0x20, 0x24, 0x20, 0xff,
    0x28, 0x20, 0x20, 0xff, 0x20, 0x20, 0x20, 0xff, 0x20, 0x20, 0x20, 0xff,
    0x28, 0x20, 0x20, 0xff, 0x28, 0x20, 0x20, 0xff, 0x20, 0x24, 0x20, 0xff,
    0x20, 0x20, 0x20, 0xff, 0x28, 0x20, 0x20, 0xff, 0x20, 0x24, 0x20, 0xff,
    0x28, 0x20, 0x20, 0xff, 0x20, 0x20, 0x20, 0xff, 0x20, 0x20, 0x20, 0xff,
    0x28, 0x24, 0x20, 0xff, 0x20, 0x20, 0x20, 0xff, 0x20, 0x20, 0x20, 0xff,
    0x28, 0x20, 0x20, 0xff, 0x20, 0x20, 0x20, 0xff, 0x20, 0x20, 0x20, 0xff,
    0x28, 0x20, 0x20, 0xff, 0x28, 0x20, 0x20, 0xff, 0x20, 0x20, 0x20, 0xff,
    0x20, 0x20, 0x20, 0xff, 0x20, 0x20, 0x18, 0xff, 0x28, 0x20, 0x20, 0xff,
    0x20, 0x20, 0x20, 0xff, 0x28, 0x20, 0x20, 0xff, 0x20, 0x20, 0x20, 0xff,
    0x20, 0x20, 0x20, 0xff, 0x20, 0x20, 0x20, 0xff, 0x20, 0x20, 0x18, 0xff,
    0x20, 0x20, 0x20, 0xff, 0x28, 0x1c, 0x20, 0xff, 0x20, 0x20, 0x18, 0xff,
    0x20, 0x20, 0x20, 0xff, 0x28, 0x1c, 0x20, 0xff, 0x20, 0x20, 0x20, 0xff,
    0x20, 0x20, 0x20, 0xff, 0x20, 0x20, 0x18, 0xff, 0x20, 0x20, 0x20, 0xff,
    0x20, 0x20, 0x20, 0xff, 0x20, 0x1c, 0x20, 0xff, 0x28, 0x20, 0x18, 0xff,
    0x20, 0x20, 0x20, 0xff, 0x20, 0x20, 0x20, 0xff, 0x20, 0x1c, 0x18, 0xff,
    0x20, 0x1c, 0x20, 0xff, 0x20, 0x20, 0x18, 0xff, 0x20, 0x1c, 0x20, 0xff,
    0x20, 0x1c, 0x20, 0xff, 0x20, 0x20, 0x18, 0xff, 0x28, 0x20, 0x20, 0xff,
    0x20, 0x1c, 0x18, 0xff, 0x20, 0x20, 0x20, 0xff, 0x20, 0x20, 0x20, 0xff,
    0x20, 0x1c, 0x18, 0xff, 0x20, 0x20, 0x20, 0xff, 0x20, 0x1c, 0x18, 0xff,
    0x20, 0x1c, 0x20, 0xff, 0x20, 0x20, 0x20, 0xff, 0x20, 0x1c, 0x18, 0xff,
    0x20, 0x1c, 0x18, 0xff, 0x20, 0x20, 0x20, 0xff, 0x20, 0x1c, 0x18, 0xff,
    0x20, 0x1c, 0x20, 0xff, 0x20, 0x1c, 0x18, 0xff, 0x20, 0x1c, 0x20, 0xff,
    0x20, 0x20, 0x20, 0xff, 0x20, 0x1c, 0x18, 0xff, 0x20, 0x1c, 0x20, 0xff,
    0x20, 0x20, 0x18, 0xff, 0x20, 0x1c, 0x18, 0xff, 0x20, 0x1c, 0x20, 0xff,
    0x20, 0x20, 0x18, 0xff, 0x20, 0x1c, 0x20, 0xff, 0x18, 0x1c, 0x20, 0xff,
    0x20, 0x1c, 0x18, 0xff, 0x20, 0x1c, 0x20, 0xff, 0x18, 0x1c, 0x18, 0xff,
    0x20, 0x1c, 0x18, 0xff, 0x20, 0x1c, 0x20, 0xff, 0x20, 0x1c, 0x18, 0xff,
    0x20, 0x1c, 0x18, 0xff, 0x20, 0x1c, 0x20, 0xff, 0x20, 0x1c, 0x20, 0xff,
    0x20, 0x1c, 0x18, 0xff, 0x20, 0x1c, 0x18, 0xff, 0x20, 0x1c, 0x20, 0xff,
    0x20, 0x1c, 0x18, 0xff, 0x20, 0x1c, 0x18, 0xff, 0x20, 0x1c, 0x20, 0xff,
    0x18, 0x1c, 0x18, 0xff, 0x20, 0x1c, 0x20, 0xff, 0x20, 0x1c, 0x20, 0xff,
    0x20, 0x1c, 0x18, 0xff, 0x20, 0x1c, 0x20, 0xff, 0x20, 0x1c, 0x18, 0xff,
    0x18, 0x18, 0x18, 0xff, 0x20, 0x1c, 0x18, 0xff, 0x18, 0x1c, 0x20, 0xff,
    0x20, 0x1c, 0x18, 0xff, 0x18, 0x1c, 0x18, 0xff, 0x20, 0x1c, 0x18, 0xff,
    0x20, 0x1c, 0x20, 0xff, 0x20, 0x1c, 0x18, 0xff, 0x20, 0x18, 0x18, 0xff,
    0x20, 0x1c, 0x18, 0xff, 0x20, 0x1c, 0x20, 0xff, 0x18, 0x1c, 0x18, 0xff,
    0x20, 0x1c, 0x20, 0xff, 0x20, 0x18, 0x18, 0xff, 0x18, 0x1c, 0x20, 0xff,
    0x18, 0x1c, 0x18, 0xff, 0x20, 0x1c, 0x18, 0xff, 0x18, 0x1c, 0x20, 0xff,
    0x20, 0x18, 0x18, 0xff, 0x20, 0x1c, 0x18, 0xff, 0x20, 0x1c, 0x20, 0xff,
    0x18, 0x18, 0x18, 0xff, 0x20, 0x1c, 0x18, 0xff, 0x18, 0x18, 0x20, 0xff,
    0x20, 0x1c, 0x18, 0xff, 0x20, 0x18, 0x18, 0xff, 0x18, 0x1c, 0x18, 0xff,
    0x20, 0x18, 0x18, 0xff, 0x20, 0x18, 0x18, 0xff, 0x18, 0x1c, 0x18, 0xff,
    0x20, 0x18, 0x18, 0xff, 0x20, 0x18, 0x18, 0xff, 0x18, 0x1c, 0x20, 0xff,
    0x20, 0x1c, 0x18, 0xff, 0x20, 0x18, 0x18, 0xff, 0x18, 0x1c, 0x20, 0xff,
    0x20, 0x1c, 0x18, 0xff, 0x18, 0x18, 0x18, 0xff, 0x20, 0x18, 0x18, 0xff,
    0x18, 0x18, 0x18, 0xff, 0x20, 0x1c, 0x18, 0xff, 0x20, 0x18, 0x18, 0xff,
    0x18, 0x18, 0x18, 0xff, 0x20, 0x1c, 0x18, 0xff, 0x20, 0x18, 0x18, 0xff,
    0x18, 0x18, 0x18, 0xff, 0x18, 0x1c, 0x18, 0xff, 0x18, 0x18, 0x18, 0xff,
    0x20, 0x18, 0x18, 0xff, 0x20, 0x18, 0x18, 0xff, 0x18, 0x18, 0x18, 0xff,
    0x20, 0x18, 0x18, 0xff, 0x20, 0x18, 0x18, 0xff, 0x18, 0x18, 0x18, 0xff,
    0x20, 0x18, 0x18, 0xff, 0x18, 0x1c, 0x18, 0xff, 0x18, 0x18, 0x18, 0xff,
    0x20, 0x18, 0x18, 0xff, 0x18, 0x1c, 0x18, 0xff, 0x20, 0x18, 0x18, 0xff,
    0x18, 0x18, 0x18, 0xff, 0x20, 0x18, 0x18, 0xff, 0x18, 0x18, 0x18, 0xff,
    0x18, 0x18, 0x18, 0xff, 0x20, 0x1c, 0x18, 0xff, 0x18, 0x18, 0x18, 0xff,
    0x20, 0x18, 0x18, 0xff, 0x20, 0x18, 0x18, 0xff, 0x18, 0x18, 0x18, 0xff,
    0x20, 0x1c, 0x18, 0xff, 0x18, 0x18, 0x18, 0xff, 0x20, 0x18, 0x18, 0xff,
    0x20, 0x1c, 0x18, 0xff, 0x18, 0x18, 0x18, 0xff, 0x20, 0x18, 0x18, 0xff,
    0x20, 0x1c, 0x18, 0xff, 0x18, 0x18, 0x18, 0xff, 0x20, 0x1c, 0x18, 0xff,
    0x20, 0x18, 0x18, 0xff, 0x18, 0x18, 0x18, 0xff, 0x20, 0x1c, 0x18, 0xff,
    0x20, 0x18, 0x18, 0xff, 0x18, 0x18, 0x18, 0xff, 0x20, 0x1c, 0x18, 0xff,
    0x18, 0x18, 0x18, 0xff, 0x18, 0x18, 0x18, 0xff, 0x20, 0x18, 0x18, 0xff,
    0x18, 0x1c, 0x18, 0xff, 0x18, 0x18, 0x18, 0xff, 0x20, 0x18, 0x18, 0xff,
    0x18, 0x1c, 0x18, 0xff, 0x18, 0x18, 0x18, 0xff, 0x20, 0x18, 0x18, 0xff,
    0x18, 0x1c, 0x18, 0xff, 0x20, 0x18, 0x18, 0xff, 0x20, 0x18, 0x18, 0xff,
    0x18, 0x18, 0x18, 0xff, 0x20, 0x18, 0x18, 0xff, 0x20, 0x18, 0x18, 0xff,
    0x18, 0x18, 0x18, 0xff, 0x20, 0x18, 0x18, 0xff, 0x20, 0x1c, 0x18, 0xff,
    0x18, 0x18, 0x18, 0xff, 0x20, 0x18, 0x18, 0xff, 0x18, 0x18, 0x18, 0xff,
    0x18, 0x1c, 0x18, 0xff, 0x20, 0x18, 0x18, 0xff, 0x18, 0x18, 0x18, 0xff,
    0x20, 0x18, 0x18, 0xff, 0x20, 0x18, 0x18, 0xff, 0x18, 0x18, 0x18, 0xff,
    0x20, 0x1c, 0x18, 0xff, 0x20, 0x18, 0x18, 0xff, 0x18, 0x18, 0x18, 0xff,
    0x20, 0x18, 0x18, 0xff, 0x20, 0x1c, 0x18, 0xff, 0x18, 0x18, 0x18, 0xff,
    0x18, 0x18, 0x18, 0xff, 0x20, 0x18, 0x18, 0xff, 0x20, 0x18, 0x18, 0xff,
    0x18, 0x1c, 0x18, 0xff, 0x20, 0x18, 0x18, 0xff, 0x20, 0x18, 0x18, 0xff,
    0x18, 0x18, 0x18, 0xff, 0x18, 0x18, 0x18, 0xff, 0x20, 0x1c, 0x18, 0xff,
    0x20, 0x18, 0x18, 0xff, 0x18, 0x18, 0x18, 0xff, 0x20, 0x18, 0x18, 0xff,
    0x18, 0x18, 0x18, 0xff, 0x20, 0x18, 0x18, 0xff, 0x20, 0x18, 0x18, 0xff,
    0x18, 0x1c, 0x18, 0xff, 0x20, 0x18, 0x18, 0xff, 0x20, 0x18, 0x18, 0xff,
    0x18, 0x1c, 0x18, 0xff, 0x20, 0x18, 0x18, 0xff, 0x18, 0x1c, 0x18, 0xff,
    0x18, 0x18, 0x18, 0xff, 0x20, 0x18, 0x18, 0xff, 0x18, 0x18, 0x18, 0xff,
    0x18, 0x18, 0x18, 0xff, 0x20, 0x18, 0x18, 0xff, 0x18, 0x1c, 0x18, 0xff,
    0x20, 0x18, 0x18, 0xff, 0x18, 0x18, 0x18, 0xff, 0x20, 0x1c, 0x18, 0xff,
    0x18, 0x18, 0x18, 0xff, 0x20, 0x18, 0x18, 0xff, 0x18, 0x18, 0x18, 0xff,
    0x18, 0x18, 0x18, 0xff, 0x20, 0x18, 0x18, 0xff, 0x18, 0x18, 0x18, 0xff,
    0x20, 0x18, 0x18, 0xff, 0x18, 0x18, 0x18, 0xff, 0x18, 0x1c, 0x18, 0xff,
    0x20, 0x18, 0x18, 0xff, 0x18, 0x18, 0x18, 0xff, 0x20, 0x18, 0x18, 0xff,
    0x20, 0x18, 0x18, 0xff, 0x18, 0x18, 0x18, 0xff, 0x70, 0x70, 0x70, 0xa2,
    0xf8, 0xfc, 0xf8, 0x00, 0x70, 0x6c, 0x68, 0xcf, 0x30, 0x30, 0x30, 0xff,
    0x30, 0x34, 0x30, 0xff, 0x38, 0x30, 0x30, 0xff, 0x30, 0x30, 0x30, 0xff,
    0x38, 0x34, 0x30, 0xff, 0x30, 0x30, 0x30, 0xff, 0x30, 0x30, 0x30, 0xff,
    0x30, 0x30, 0x30, 0xff, 0x30, 0x30, 0x30, 0xff, 0x30, 0x30, 0x30, 0xff,
    0x30, 0x30, 0x30, 0xff, 0x30, 0x30, 0x30, 0xff, 0x30, 0x30, 0x30, 0xff,
    0x30, 0x30, 0x30, 0xff, 0x38, 0x30, 0x30, 0xff, 0x30, 0x30, 0x28, 0xff,
    0x30, 0x30, 0x30, 0xff, 0x30, 0x30, 0x30, 0xff, 0x38, 0x2c, 0x28, 0xff,
    0x30, 0x30, 0x30, 0xff, 0x30, 0x30, 0x30, 0xff, 0x30, 0x30, 0x30, 0xff,
    0x30, 0x30, 0x28, 0xff, 0x30, 0x2c, 0x30, 0xff, 0x30, 0x30, 0x30, 0xff,
    0x30, 0x2c, 0x28, 0xff, 0x30, 0x30, 0x28, 0xff, 0x30, 0x30, 0x30, 0xff,
    0x30, 0x2c, 0x30, 0xff, 0x30, 0x30, 0x30, 0xff, 0x30, 0x30, 0x28, 0xff,
    0x30, 0x2c, 0x30, 0xff, 0x30, 0x30, 0x30, 0xff, 0x30, 0x30, 0x28, 0xff,
    0x30, 0x2c, 0x30, 0xff, 0x28, 0x30, 0x30, 0xff, 0x30, 0x2c, 0x30, 0xff,
    0x30, 0x30, 0x28, 0xff, 0x30, 0x2c, 0x30, 0xff, 0x30, 0x30, 0x28, 0xff,
    0x30, 0x2c, 0x28, 0xff, 0x30, 0x2c, 0x30, 0xff, 0x30, 0x2c, 0x28, 0xff,
    0x30, 0x2c, 0x30, 0xff, 0x28, 0x2c, 0x30, 0xff, 0x30, 0x2c, 0x28, 0xff,
    0x30, 0x2c, 0x30, 0xff, 0x28, 0x2c, 0x30, 0xff, 0x30, 0x2c, 0x28, 0xff,
    0x30, 0x2c, 0x30, 0xff, 0x30, 0x2c, 0x30, 0xff, 0x30, 0x2c, 0x28, 0xff,
    0x28, 0x2c, 0x28, 0xff, 0x30, 0x2c, 0x30, 0xff, 0x30, 0x2c, 0x28, 0xff,
    0x28, 0x2c, 0x30, 0xff, 0x30, 0x2c, 0x28, 0xff, 0x30, 0x2c, 0x28, 0xff,
    0x28, 0x2c, 0x30, 0xff, 0x30, 0x2c, 0x28, 0xff, 0x30, 0x2c, 0x28, 0xff,
    0x28, 0x2c, 0x28, 0xff, 0x28, 0x2c, 0x30, 0xff, 0x30, 0x2c, 0x28, 0xff,
    0x28, 0x2c, 0x28, 0xff, 0x30, 0x28, 0x30, 0xff, 0x30, 0x2c, 0x28, 0xff,
    0x28, 0x28, 0x30, 0xff, 0x30, 0x2c, 0x28, 0xff, 0x30, 0x28, 0x28, 0xff,
    0x28, 0x2c, 0x30, 0xff, 0x30, 0x2c, 0x28, 0xff, 0x30, 0x2c, 0x28, 0xff,
    0x28, 0x2c, 0x28, 0xff, 0x30, 0x2c, 0x28, 0xff, 0x28, 0x28, 0x28, 0xff,
    0x28, 0x2c, 0x28, 0xff, 0x30, 0x2c, 0x28, 0xff, 0x28, 0x28, 0x28, 0xff,
    0x28, 0x2c, 0x28, 0xff, 0x30, 0x28, 0x28, 0xff, 0x30, 0x28, 0x28, 0xff,
    0x28, 0x2c, 0x28, 0xff, 0x28, 0x2c, 0x28, 0xff, 0x30, 0x28, 0x28, 0xff,
    0x28, 0x2c, 0x28, 0xff, 0x28, 0x2c, 0x28, 0xff, 0x30, 0x28, 0x28, 0xff,
    0x28, 0x28, 0x28, 0xff, 0x30, 0x2c, 0x28, 0xff, 0x28, 0x28, 0x28, 0xff,
    0x28, 0x28, 0x28, 0xff, 0x30, 0x2c, 0x28, 0xff, 0x28, 0x2c, 0x28, 0xff,
    0x28, 0x28, 0x28, 0xff, 0x30, 0x28, 0x28, 0xff, 0x28, 0x28, 0x28, 0xff,
    0x28, 0x2c, 0x28, 0xff, 0x30, 0x28, 0x28, 0xff, 0x28, 0x28, 0x28, 0xff,
    0x30, 0x28, 0x28, 0xff, 0x28, 0x28, 0x28, 0xff, 0x28, 0x28, 0x28, 0xff,
    0x30, 0x28, 0x28, 0xff, 0x28, 0x28, 0x28, 0xff, 0x28, 0x28, 0x28, 0xff,
    0x28, 0x28, 0x28, 0xff, 0x28, 0x28, 0x28, 0xff, 0x30, 0x28, 0x28, 0xff,
    0x28, 0x28, 0x20, 0xff, 0x28, 0x28, 0x28, 0xff, 0x28, 0x28, 0x28, 0xff,
    0x28, 0x28, 0x20, 0xff, 0x28, 0x28, 0x28, 0xff, 0x28, 0x24, 0x28, 0xff,
    0x28, 0x28, 0x20, 0xff, 0x28, 0x28, 0x28, 0xff, 0x28, 0x24, 0x28, 0xff,
    0x28, 0x28, 0x20, 0xff, 0x28, 0x28, 0x28, 0xff, 0x30, 0x28, 0x28, 0xff,
    0x28, 0x28, 0x28, 0xff, 0x28, 0x28, 0x28, 0xff, 0x28, 0x28, 0x28, 0xff,
    0x28, 0x28, 0x28, 0xff, 0x28, 0x24, 0x20, 0xff, 0x28, 0x28, 0x28, 0xff,
    0x28, 0x24, 0x20, 0xff, 0x28, 0x28, 0x28, 0xff, 0x28, 0x24, 0x28, 0xff,
    0x28, 0x28, 0x20, 0xff, 0x28, 0x28, 0x28, 0xff, 0x28, 0x24, 0x20, 0xff,
    0x28, 0x28, 0x28, 0xff, 0x28, 0x28, 0x28, 0xff, 0x28, 0x24, 0x20, 0xff,
    0x28, 0x28, 0x28, 0xff, 0x28, 0x24, 0x20, 0xff, 0x28, 0x24, 0x28, 0xff,
    0x20, 0x24, 0x20, 0xff, 0x28, 0x28, 0x20, 0xff, 0x28, 0x24, 0x28, 0xff,
    0x20, 0x24, 0x28, 0xff, 0x28, 0x28, 0x20, 0xff, 0x28, 0x24, 0x28, 0xff,
    0x20, 0x24, 0x28, 0xff, 0x28, 0x24, 0x20, 0xff, 0x28, 0x24, 0x28, 0xff,
    0x28, 0x28, 0x28, 0xff, 0x28, 0x24, 0x20, 0xff, 0x28, 0x24, 0x20, 0xff,
    0x20, 0x24, 0x28, 0xff, 0x28, 0x24, 0x20, 0xff, 0x28, 0x24, 0x28, 0xff,
    0x28, 0x24, 0x20, 0xff, 0x20, 0x24, 0x20, 0xff, 0x28, 0x24, 0x28, 0xff,
    0x28, 0x24, 0x20, 0xff, 0x20, 0x24, 0x20, 0xff, 0x28, 0x24, 0x28, 0xff,
    0x28, 0x24, 0x20, 0xff, 0x28, 0x24, 0x28, 0xff, 0x20, 0x24, 0x20, 0xff,
    0x28, 0x24, 0x20, 0xff, 0x28, 0x24, 0x20, 0xff, 0x28, 0x20, 0x20, 0xff,
    0x20, 0x24, 0x20, 0xff, 0x28, 0x20, 0x20, 0xff, 0x28, 0x24, 0x20, 0xff,
    0x20, 0x24, 0x28, 0xff, 0x28, 0x24, 0x20, 0xff, 0x28, 0x24, 0x20, 0xff,
    0x20, 0x24, 0x28, 0xff, 0x28, 0x24, 0x20, 0xff, 0x28, 0x20, 0x20, 0xff,
    0x20, 0x24, 0x28, 0xff, 0x28, 0x24, 0x20, 0xff, 0x28, 0x20, 0x20, 0xff,
    0x20, 0x20, 0x20, 0xff, 0x28, 0x24, 0x20, 0xff, 0x20, 0x20, 0x20, 0xff,
    0x28, 0x24, 0x20, 0xff, 0x28, 0x24, 0x20, 0xff, 0x20, 0x20, 0x20, 0xff,
    0x28, 0x24, 0x20, 0xff, 0x20, 0x20, 0x20, 0xff, 0x20, 0x20, 0x20, 0xff,
    0x28, 0x24, 0x20, 0xff, 0x20, 0x20, 0x20, 0xff, 0x28, 0x24, 0x20, 0xff,
    0x28, 0x24, 0x20, 0xff, 0x20, 0x20, 0x20, 0xff, 0x28, 0x20, 0x20, 0xff,
    0x20, 0x24, 0x20, 0xff, 0x20, 0x20, 0x20, 0xff, 0x28, 0x20, 0x20, 0xff,
    0x20, 0x20, 0x20, 0xff, 0x20, 0x24, 0x20, 0xff, 0x28, 0x20, 0x20, 0xff,
    0x20, 0x20, 0x20, 0xff, 0x20, 0x24, 0x20, 0xff, 0x28, 0x20, 0x20, 0xff,
    0x20, 0x20, 0x20, 0xff, 0x28, 0x20, 0x20, 0xff, 0x20, 0x24, 0x20, 0xff,
    0x28, 0x20, 0x20, 0xff, 0x20, 0x20, 0x20, 0xff, 0x20, 0x20, 0x20, 0xff,
    0x28, 0x20, 0x20, 0xff, 0x20, 0x20, 0x20, 0xff, 0x20, 0x20, 0x18, 0xff,
    0x20, 0x20, 0x20, 0xff, 0x28, 0x20, 0x20, 0xff, 0x20, 0x20, 0x20, 0xff,
    0x20, 0x20, 0x20, 0xff, 0x20, 0x20, 0x20, 0xff, 0x28, 0x20, 0x18, 0xff,
    0x20, 0x20, 0x20, 0xff, 0x20, 0x20, 0x20, 0xff, 0x28, 0x20, 0x20, 0xff,
    0x20, 0x20, 0x18, 0xff, 0x20, 0x20, 0x20, 0xff, 0x20, 0x20, 0x20, 0xff,
    0x20, 0x20, 0x20, 0xff, 0x28, 0x20, 0x20, 0xff, 0x20, 0x1c, 0x18, 0xff,
    0x20, 0x20, 0x20, 0xff, 0x28, 0x20, 0x20, 0xff, 0x20, 0x1c, 0x20, 0xff,
    0x20, 0x20, 0x18, 0xff, 0x20, 0x20, 0x20, 0xff, 0x20, 0x20, 0x20, 0xff,
    0x20, 0x1c, 0x20, 0xff, 0x20, 0x20, 0x20, 0xff, 0x20, 0x20, 0x20, 0xff,
    0x20, 0x1c, 0x18, 0xff, 0x20, 0x20, 0x20, 0xff, 0x20, 0x20, 0x20, 0xff,
    0x20, 0x1c, 0x18, 0xff, 0x20, 0x1c, 0x20, 0xff, 0x20, 0x20, 0x20, 0xff,
    0x20, 0x1c, 0x18, 0xff, 0x20, 0x1c, 0x20, 0xff, 0x28, 0x20, 0x18, 0xff,
    0x20, 0x1c, 0x20, 0xff, 0x20, 0x20, 0x18, 0xff, 0x20, 0x20, 0x20, 0xff,
    0x20, 0x1c, 0x18, 0xff, 0x20, 0x20, 0x20, 0xff, 0x20, 0x20, 0x20, 0xff,
    0x20, 0x1c, 0x18, 0xff, 0x20, 0x1c, 0x20, 0xff, 0x20, 0x1c, 0x20, 0xff,
    0x20, 0x20, 0x18, 0xff, 0x20, 0x1c, 0x20, 0xff, 0x20, 0x1c, 0x18, 0xff,
    0x20, 0x20, 0x18, 0xff, 0x20, 0x1c, 0x20, 0xff, 0x20, 0x1c, 0x18, 0xff,
    0x20, 0x1c, 0x20, 0xff, 0x20, 0x1c, 0x20, 0xff, 0x20, 0x1c, 0x18, 0xff,
    0x20, 0x1c, 0x20, 0xff, 0x20, 0x1c, 0x18, 0xff, 0x20, 0x1c, 0x18, 0xff,
    0x20, 0x20, 0x20, 0xff, 0x20, 0x1c, 0x20, 0xff, 0x20, 0x1c, 0x18, 0xff,
    0x20, 0x1c, 0x18, 0xff, 0x20, 0x1c, 0x20, 0xff, 0x18, 0x1c, 0x18, 0xff,
    0x20, 0x1c, 0x18, 0xff, 0x20, 0x1c, 0x18, 0xff, 0x18, 0x1c, 0x20, 0xff,
    0x20, 0x1c, 0x18, 0xff, 0x20, 0x1c, 0x18, 0xff, 0x20, 0x1c, 0x20, 0xff,
    0x20, 0x1c, 0x18, 0xff, 0x20, 0x1c, 0x20, 0xff, 0x20, 0x1c, 0x18, 0xff,
    0x20, 0x1c, 0x18, 0xff, 0x20, 0x1c, 0x18, 0xff, 0x18, 0x1c, 0x18, 0xff,
    0x20, 0x1c, 0x20, 0xff, 0x20, 0x1c, 0x18, 0xff, 0x18, 0x1c, 0x18, 0xff,
    0x20, 0x1c, 0x20, 0xff, 0x20, 0x1c, 0x18, 0xff, 0x20, 0x18, 0x18, 0xff,
    0x20, 0x1c, 0x18, 0xff, 0x18, 0x1c, 0x18, 0xff, 0x20, 0x18, 0x18, 0xff,
    0x20, 0x1c, 0x20, 0xff, 0x18, 0x1c, 0x18, 0xff, 0x20, 0x1c, 0x18, 0xff,
    0x20, 0x1c, 0x20, 0xff, 0x20, 0x18, 0x18, 0xff, 0x20, 0x1c, 0x18, 0xff,
    0x20, 0x1c, 0x18, 0xff, 0x20, 0x18, 0x18, 0xff, 0x20, 0x1c, 0x20, 0xff,
    0x20, 0x1c, 0x18, 0xff, 0x20, 0x1c, 0x18, 0xff, 0x20, 0x1c, 0x18, 0xff,
    0x18, 0x1c, 0x18, 0xff, 0x20, 0x18, 0x18, 0xff, 0x20, 0x1c, 0x18, 0xff,
    0x18, 0x18, 0x18, 0xff, 0x20, 0x1c, 0x18, 0xff, 0x20, 0x18, 0x18, 0xff,
    0x18, 0x1c, 0x18, 0xff, 0x20, 0x18, 0x18, 0xff, 0x18, 0x1c, 0x18, 0xff,
    0x20, 0x1c, 0x18, 0xff, 0x20, 0x18, 0x18, 0xff, 0x18, 0x1c, 0x20, 0xff,
    0x20, 0x1c, 0x18, 0xff, 0x20, 0x18, 0x18, 0xff, 0x18, 0x1c, 0x18, 0xff,
    0x18, 0x18, 0x18, 0xff, 0x20, 0x18, 0x18, 0xff, 0x20, 0x1c, 0x18, 0xff,
    0x18, 0x18, 0x18, 0xff, 0x20, 0x1c, 0x18, 0xff, 0x20, 0x1c, 0x18, 0xff,
    0x18, 0x18, 0x20, 0xff, 0x18, 0x1c, 0x18, 0xff, 0x20, 0x18, 0x18, 0xff,
    0x18, 0x18, 0x18, 0xff, 0x18, 0x18, 0x18, 0xff, 0x20, 0x18, 0x18, 0xff,
    0x20, 0x18, 0x18, 0xff, 0x18, 0x18, 0x18, 0xff, 0x20, 0x1c, 0x18, 0xff,
    0x20, 0x18, 0x18, 0xff, 0x18, 0x18, 0x18, 0xff, 0x18, 0x1c, 0x18, 0xff,
    0x20, 0x18, 0x18, 0xff, 0x18, 0x1c, 0x18, 0xff, 0x18, 0x1c, 0x18, 0xff,
    0x20, 0x18, 0x18, 0xff, 0x20, 0x18, 0x18, 0xff, 0x18, 0x18, 0x18, 0xff,
    0x20, 0x18, 0x18, 0xff, 0x18, 0x18, 0x18, 0xff, 0x20, 0x18, 0x18, 0xff,
    0x18, 0x1c, 0x18, 0xff, 0x20, 0x18, 0x18, 0xff, 0x20, 0x1c, 0x18, 0xff,
    0x18, 0x18, 0x18, 0xff, 0x20, 0x18, 0x18, 0xff, 0x18, 0x18, 0x18, 0xff,
    0x18, 0x18, 0x18, 0xff, 0x20, 0x18, 0x18, 0xff, 0x18, 0x18, 0x18, 0xff,
    0x20, 0x18, 0x18, 0xff, 0x18, 0x18, 0x18, 0xff, 0x18, 0x18, 0x18, 0xff,
    0x20, 0x1c, 0x18, 0xff, 0x18, 0x18, 0x18, 0xff, 0x18, 0x18, 0x18, 0xff,
    0x20, 0x18, 0x18, 0xff, 0x18, 0x18, 0x18, 0xff, 0x18, 0x1c, 0x18, 0xff,
    0x20, 0x18, 0x18, 0xff, 0x18, 0x18, 0x18, 0xff, 0x18, 0x1c, 0x18, 0xff,
    0x20, 0x18, 0x18, 0xff, 0x18, 0x18, 0x18, 0xff, 0x20, 0x18, 0x18, 0xff,
    0x20, 0x1c, 0x18, 0xff, 0x18, 0x18, 0x18, 0xff, 0x20, 0x18, 0x18, 0xff,
    0x20, 0x18, 0x18, 0xff, 0x18, 0x18, 0x18, 0xff, 0x20, 0x18, 0x18, 0xff,
    0x18, 0x18, 0x18, 0xff, 0x20, 0x18, 0x18, 0xff, 0x18, 0x18, 0x18, 0xff,
    0x18, 0x1c, 0x18, 0xff, 0x20, 0x18, 0x18, 0xff, 0x18, 0x1c, 0x18, 0xff,
    0x18, 0x18, 0x18, 0xff, 0x20, 0x1c, 0x18, 0xff, 0x18, 0x18, 0x18, 0xff,
    0x18, 0x1c, 0x18, 0xff, 0x20, 0x18, 0x18, 0xff, 0x18, 0x18, 0x18, 0xff,
    0x18, 0x18, 0x18, 0xff, 0x20, 0x18, 0x18, 0xff, 0x20, 0x18, 0x18, 0xff,
    0x18, 0x18, 0x18, 0xff, 0x20, 0x18, 0x18, 0xff, 0x18, 0x1c, 0x18, 0xff,
    0x18, 0x18, 0x18, 0xff, 0x20, 0x18, 0x18, 0xff, 0x18, 0x1c, 0x18, 0xff,
    0x18, 0x18, 0x18, 0xff, 0x20, 0x18, 0x18, 0xff, 0x18, 0x1c, 0x18, 0xff,
    0x20, 0x18, 0x18, 0xff, 0x18, 0x18, 0x18, 0xff, 0x20, 0x18, 0x18, 0xff,
    0x18, 0x1c, 0x18, 0xff, 0x18, 0x18, 0x18, 0xff, 0x20, 0x18, 0x18, 0xff,
    0x18, 0x1c, 0x18, 0xff, 0x18, 0x18, 0x18, 0xff, 0x20, 0x18, 0x18, 0xff,
    0x20, 0x1c, 0x18, 0xff, 0x18, 0x18, 0x18, 0xff, 0x18, 0x18, 0x18, 0xff,
    0x20, 0x18, 0x18, 0xff, 0x18, 0x1c, 0x18, 0xff, 0x20, 0x18, 0x18, 0xff,
    0x18, 0x18, 0x18, 0xff, 0x20, 0x1c, 0x18, 0xff, 0x18, 0x18, 0x18, 0xff,
    0x18, 0x18, 0x18, 0xff, 0x20, 0x18, 0x18, 0xff, 0x18, 0x18, 0x18, 0xff,
    0x18, 0x18, 0x18, 0xff, 0x20, 0x18, 0x18, 0xff, 0x20, 0x1c, 0x18, 0xff,
    0x18, 0x18, 0x18, 0xff, 0x20, 0x1c, 0x18, 0xff, 0x20, 0x18, 0x18, 0xff,
    0x18, 0x1c, 0x18, 0xff, 0x20, 0x18, 0x18, 0xff, 0x18, 0x18, 0x18, 0xff,
    0x20, 0x18, 0x18, 0xff, 0x18, 0x1c, 0x18, 0xff, 0x20, 0x18, 0x18, 0xff,
    0x18, 0x18, 0x18, 0xff, 0x20, 0x1c, 0x18, 0xff, 0x20, 0x18, 0x18, 0xff,
    0x18, 0x18, 0x18, 0xff, 0x20, 0x1c, 0x18, 0xff, 0x18, 0x1c, 0x18, 0xff,
    0x20, 0x18, 0x18, 0xff, 0x20, 0x18, 0x18, 0xff, 0x18, 0x1c, 0x18, 0xff,
    0x20, 0x18, 0x18, 0xff, 0x18, 0x18, 0x18, 0xff, 0x18, 0x1c, 0x18, 0xff,
    0x20, 0x18, 0x18, 0xff, 0x18, 0x1c, 0x18, 0xff, 0x20, 0x18, 0x18, 0xff,
    0x70, 0x70, 0x70, 0x9e, 0xf8, 0xfc, 0xf8, 0x00, 0x70, 0x6c, 0x70, 0xcf,
    0x30, 0x30, 0x30, 0xff, 0x30, 0x30, 0x30, 0xff, 0x30, 0x30, 0x30, 0xff,
    0x30, 0x30, 0x30, 0xff, 0x30, 0x30, 0x30, 0xff, 0x38, 0x30, 0x30, 0xff,
    0x30, 0x30, 0x30, 0xff, 0x30, 0x30, 0x30, 0xff, 0x30, 0x30, 0x30, 0xff,
    0x30, 0x30, 0x30, 0xff, 0x38, 0x30, 0x30, 0xff, 0x30, 0x30, 0x30, 0xff,
    0x30, 0x30, 0x30, 0xff, 0x30, 0x30, 0x30, 0xff, 0x30, 0x30, 0x30, 0xff,
    0x30, 0x30, 0x30, 0xff, 0x30, 0x30, 0x30, 0xff, 0x30, 0x30, 0x28, 0xff,
    0x30, 0x30, 0x30, 0xff, 0x30, 0x2c, 0x30, 0xff, 0x30, 0x30, 0x28, 0xff,
    0x30, 0x30, 0x30, 0xff, 0x30, 0x30, 0x30, 0xff, 0x30, 0x30, 0x28, 0xff,
    0x30, 0x2c, 0x30, 0xff, 0x30, 0x30, 0x30, 0xff, 0x30, 0x30, 0x30, 0xff,
    0x30, 0x30, 0x28, 0xff, 0x30, 0x2c, 0x28, 0xff, 0x30, 0x2c, 0x30, 0xff,
    0x30, 0x30, 0x30, 0xff, 0x30, 0x2c, 0x28, 0xff, 0x30, 0x2c, 0x30, 0xff,
    0x30, 0x30, 0x28, 0xff, 0x30, 0x2c, 0x30, 0xff, 0x30, 0x30, 0x30, 0xff,
    0x30, 0x30, 0x28, 0xff, 0x28, 0x2c, 0x30, 0xff, 0x30, 0x2c, 0x30, 0xff,
    0x30, 0x30, 0x30, 0xff, 0x30, 0x2c, 0x28, 0xff, 0x30, 0x2c, 0x28, 0xff,
    0x30, 0x30, 0x30, 0xff, 0x30, 0x30, 0x28, 0xff, 0x28, 0x2c, 0x30, 0xff,
    0x30, 0x2c, 0x28, 0xff, 0x30, 0x30, 0x28, 0xff, 0x30, 0x2c, 0x30, 0xff,
    0x30, 0x30, 0x28, 0xff, 0x28, 0x2c, 0x28, 0xff, 0x30, 0x2c, 0x30, 0xff,
    0x30, 0x2c, 0x28, 0xff, 0x30, 0x2c, 0x30, 0xff, 0x30, 0x2c, 0x28, 0xff,
    0x30, 0x2c, 0x28, 0xff, 0x30, 0x2c, 0x30, 0xff, 0x28, 0x2c, 0x28, 0xff,
    0x30, 0x2c, 0x30, 0xff, 0x30, 0x2c, 0x28, 0xff, 0x30, 0x2c, 0x30, 0xff,
    0x30, 0x2c, 0x28, 0xff, 0x30, 0x2c, 0x28, 0xff, 0x30, 0x2c, 0x28, 0xff,
    0x28, 0x2c, 0x28, 0xff, 0x30, 0x2c, 0x28, 0xff, 0x30, 0x2c, 0x28, 0xff,
    0x28, 0x2c, 0x30, 0xff, 0x30, 0x2c, 0x28, 0xff, 0x30, 0x2c, 0x28, 0xff,
    0x28, 0x28, 0x30, 0xff, 0x28, 0x2c, 0x28, 0xff, 0x30, 0x28, 0x28, 0xff,
    0x28, 0x28, 0x28, 0xff, 0x30, 0x2c, 0x28, 0xff, 0x30, 0x2c, 0x30, 0xff,
    0x28, 0x28, 0x28, 0xff, 0x30, 0x28, 0x28, 0xff, 0x30, 0x2c, 0x28, 0xff,
    0x28, 0x28, 0x28, 0xff, 0x28, 0x2c, 0x28, 0xff, 0x30, 0x2c, 0x30, 0xff,
    0x28, 0x28, 0x28, 0xff, 0x28, 0x28, 0x28, 0xff, 0x30, 0x2c, 0x28, 0xff,
    0x28, 0x28, 0x30, 0xff, 0x28, 0x28, 0x28, 0xff, 0x30, 0x2c, 0x28, 0xff,
    0x28, 0x28, 0x28, 0xff, 0x28, 0x28, 0x28, 0xff, 0x30, 0x28, 0x28, 0xff,
    0x28, 0x28, 0x28, 0xff, 0x28, 0x28, 0x28, 0xff, 0x30, 0x28, 0x28, 0xff,
    0x28, 0x28, 0x28, 0xff, 0x28, 0x2c, 0x28, 0xff, 0x30, 0x28, 0x28, 0xff,
    0x28, 0x28, 0x28, 0xff, 0x28, 0x28, 0x28, 0xff, 0x28, 0x2c, 0x28, 0xff,
    0x28, 0x28, 0x28, 0xff, 0x30, 0x28, 0x28, 0xff, 0x28, 0x28, 0x28, 0xff,
    0x28, 0x28, 0x28, 0xff, 0x28, 0x28, 0x28, 0xff, 0x30, 0x28, 0x28, 0xff,
    0x28, 0x28, 0x28, 0xff, 0x28, 0x28, 0x28, 0xff, 0x30, 0x28, 0x28, 0xff,
    0x28, 0x28, 0x28, 0xff, 0x28, 0x28, 0x28, 0xff, 0x28, 0x28, 0x28, 0xff,
    0x30, 0x28, 0x28, 0xff, 0x28, 0x28, 0x20, 0xff, 0x28, 0x28, 0x28, 0xff,
    0x30, 0x24, 0x28, 0xff, 0x28, 0x28, 0x28, 0xff, 0x28, 0x28, 0x20, 0xff,
    0x28, 0x28, 0x28, 0xff, 0x28, 0x28, 0x28, 0xff, 0x28, 0x24, 0x28, 0xff,
    0x28, 0x24, 0x20, 0xff, 0x28, 0x28, 0x28, 0xff, 0x28, 0x24, 0x28, 0xff,
    0x28, 0x28, 0x20, 0xff, 0x28, 0x28, 0x28, 0xff, 0x28, 0x24, 0x28, 0xff,
    0x28, 0x28, 0x20, 0xff, 0x28, 0x28, 0x28, 0xff, 0x28, 0x24, 0x28, 0xff,
    0x28, 0x28, 0x20, 0xff, 0x28, 0x24, 0x28, 0xff, 0x28, 0x24, 0x28, 0xff,
    0x28, 0x28, 0x20, 0xff, 0x28, 0x24, 0x28, 0xff, 0x28, 0x24, 0x28, 0xff,
    0x28, 0x28, 0x20, 0xff, 0x28, 0x28, 0x28, 0xff, 0x28, 0x24, 0x28, 0xff,
    0x28, 0x24, 0x20, 0xff, 0x28, 0x24, 0x28, 0xff, 0x28, 0x24, 0x28, 0xff,
    0x28, 0x24, 0x20, 0xff, 0x28, 0x24, 0x20, 0xff, 0x28, 0x24, 0x28, 0xff,
    0x28, 0x24, 0x20, 0xff, 0x28, 0x28, 0x20, 0xff, 0x28, 0x24, 0x28, 0xff,
    0x28, 0x24, 0x20, 0xff, 0x20, 0x24, 0x28, 0xff, 0x28, 0x28, 0x28, 0xff,
    0x28, 0x24, 0x20, 0xff, 0x28, 0x24, 0x20, 0xff, 0x28, 0x24, 0x28, 0xff,
    0x28, 0x24, 0x20, 0xff, 0x28, 0x24, 0x20, 0xff, 0x20, 0x24, 0x28, 0xff,
    0x28, 0x24, 0x20, 0xff, 0x28, 0x24, 0x28, 0xff, 0x20, 0x24, 0x20, 0xff,
    0x28, 0x24, 0x20, 0xff, 0x28, 0x24, 0x28, 0xff, 0x20, 0x24, 0x20, 0xff,
    0x28, 0x24, 0x28, 0xff, 0x28, 0x24, 0x28, 0xff, 0x28, 0x24, 0x20, 0xff,
    0x20, 0x24, 0x28, 0xff, 0x28, 0x24, 0x20, 0xff, 0x28, 0x20, 0x20, 0xff,
    0x20, 0x24, 0x28, 0xff, 0x20, 0x20, 0x20, 0xff, 0x28, 0x20, 0x20, 0xff,
    0x28, 0x24, 0x28, 0xff, 0x20, 0x24, 0x20, 0xff, 0x28, 0x20, 0x20, 0xff,
    0x20, 0x24, 0x20, 0xff, 0x28, 0x24, 0x20, 0xff, 0x20, 0x24, 0x28, 0xff,
    0x28, 0x20, 0x20, 0xff, 0x28, 0x24, 0x20, 0xff, 0x20, 0x24, 0x28, 0xff,
    0x20, 0x20, 0x20, 0xff, 0x28, 0x20, 0x20, 0xff, 0x20, 0x24, 0x20, 0xff,
    0x28, 0x24, 0x20, 0xff, 0x28, 0x20, 0x20, 0xff, 0x20, 0x24, 0x28, 0xff,
    0x28, 0x24, 0x20, 0xff, 0x20, 0x20, 0x20, 0xff, 0x20, 0x20, 0x20, 0xff,
    0x28, 0x24, 0x28, 0xff, 0x20, 0x20, 0x20, 0xff, 0x28, 0x20, 0x20, 0xff,
    0x28, 0x20, 0x20, 0xff, 0x20, 0x24, 0x20, 0xff, 0x28, 0x20, 0x20, 0xff,
    0x28, 0x20, 0x20, 0xff, 0x20, 0x24, 0x20, 0xff, 0x20, 0x20, 0x20, 0xff,
    0x28, 0x20, 0x20, 0xff, 0x20, 0x20, 0x20, 0xff, 0x20, 0x24, 0x20, 0xff,
    0x28, 0x20, 0x20, 0xff, 0x20, 0x20, 0x20, 0xff, 0x20, 0x20, 0x20, 0xff,
    0x28, 0x20, 0x20, 0xff, 0x20, 0x20, 0x20, 0xff, 0x20, 0x20, 0x20, 0xff,
    0x28, 0x20, 0x18, 0xff, 0x20, 0x20, 0x20, 0xff, 0x20, 0x20, 0x20, 0xff,
    0x28, 0x20, 0x20, 0xff, 0x20, 0x20, 0x20, 0xff, 0x20, 0x20, 0x20, 0xff,
    0x28, 0x20, 0x20, 0xff, 0x20, 0x20, 0x20, 0xff, 0x20, 0x20, 0x20, 0xff,
    0x20, 0x20, 0x20, 0xff, 0x20, 0x20, 0x20, 0xff, 0x28, 0x20, 0x20, 0xff,
    0x20, 0x20, 0x20, 0xff, 0x28, 0x20, 0x20, 0xff, 0x20, 0x1c, 0x20, 0xff,
    0x20, 0x20, 0x18, 0xff, 0x28, 0x20, 0x20, 0xff, 0x20, 0x1c, 0x20, 0xff,
    0x20, 0x20, 0x18, 0xff, 0x20, 0x20, 0x20, 0xff, 0x20, 0x20, 0x20, 0xff,
    0x20, 0x1c, 0x18, 0xff, 0x20, 0x20, 0x20, 0xff, 0x28, 0x20, 0x20, 0xff,
    0x20, 0x1c, 0x18, 0xff, 0x20, 0x20, 0x20, 0xff, 0x20, 0x20, 0x20, 0xff,
    0x28, 0x20, 0x18, 0xff, 0x20, 0x1c, 0x20, 0xff, 0x20, 0x1c, 0x20, 0xff,
    0x28, 0x20, 0x18, 0xff, 0x20, 0x20, 0x18, 0xff, 0x20, 0x1c, 0x20, 0xff,
    0x28, 0x20, 0x20, 0xff, 0x20, 0x20, 0x18, 0xff, 0x20, 0x1c, 0x20, 0xff,
    0x20, 0x1c, 0x20, 0xff, 0x20, 0x20, 0x18, 0xff, 0x20, 0x1c, 0x20, 0xff,
    0x20, 0x1c, 0x20, 0xff, 0x20, 0x20, 0x18, 0xff, 0x20, 0x1c, 0x20, 0xff,
    0x20, 0x20, 0x20, 0xff, 0x20, 0x20, 0x18, 0xff, 0x20, 0x1c, 0x20, 0xff,
    0x20, 0x1c, 0x18, 0xff, 0x20, 0x1c, 0x20, 0xff, 0x20, 0x20, 0x18, 0xff,
    0x20, 0x1c, 0x20, 0xff, 0x20, 0x1c, 0x20, 0xff, 0x20, 0x1c, 0x18, 0xff,
    0x20, 0x20, 0x18, 0xff, 0x20, 0x1c, 0x20, 0xff, 0x20, 0x1c, 0x18, 0xff,
    0x20, 0x20, 0x20, 0xff, 0x20, 0x1c, 0x20, 0xff, 0x20, 0x1c, 0x18, 0xff,
    0x20, 0x20, 0x20, 0xff, 0x20, 0x1c, 0x18, 0xff, 0x20, 0x1c, 0x20, 0xff,
    0x20, 0x20, 0x20, 0xff, 0x20, 0x1c, 0x18, 0xff, 0x20, 0x1c, 0x20, 0xff,
    0x20, 0x1c, 0x18, 0xff, 0x20, 0x1c, 0x20, 0xff, 0x20, 0x1c, 0x20, 0xff,
    0x20, 0x1c, 0x18, 0xff, 0x20, 0x1c, 0x18, 0xff, 0x20, 0x1c, 0x20, 0xff,
    0x18, 0x1c, 0x18, 0xff, 0x20, 0x1c, 0x18, 0xff, 0x20, 0x1c, 0x20, 0xff,
    0x18, 0x1c, 0x20, 0xff, 0x20, 0x1c, 0x18, 0xff, 0x20, 0x1c, 0x20, 0xff,
    0x20, 0x1c, 0x18, 0xff, 0x18, 0x1c, 0x18, 0xff, 0x20, 0x1c, 0x20, 0xff,
    0x20, 0x1c, 0x18, 0xff, 0x18, 0x18, 0x18, 0xff, 0x20, 0x1c, 0x20, 0xff,
    0x20, 0x1c, 0x18, 0xff, 0x20, 0x1c, 0x18, 0xff, 0x20, 0x18, 0x20, 0xff,
    0x20, 0x1c, 0x18, 0xff, 0x20, 0x1c, 0x18, 0xff, 0x18, 0x18, 0x18, 0xff,
    0x20, 0x1c, 0x18, 0xff, 0x18, 0x1c, 0x18, 0xff, 0x18, 0x1c, 0x20, 0xff,
    0x20, 0x18, 0x18, 0xff, 0x18, 0x1c, 0x18, 0xff, 0x20, 0x1c, 0x18, 0xff,
    0x20, 0x1c, 0x18, 0xff, 0x18, 0x18, 0x18, 0xff, 0x20, 0x18, 0x20, 0xff,
    0x20, 0x1c, 0x18, 0xff, 0x18, 0x1c, 0x18, 0xff, 0x20, 0x18, 0x18, 0xff,
    0x18, 0x18, 0x18, 0xff, 0x18, 0x1c, 0x18, 0xff, 0x20, 0x18, 0x18, 0xff,
    0x20, 0x1c, 0x18, 0xff, 0x20, 0x18, 0x18, 0xff, 0x18, 0x18, 0x18, 0xff,
    0x20, 0x1c, 0x20, 0xff, 0x20, 0x18, 0x18, 0xff, 0x18, 0x18, 0x18, 0xff,
    0x18, 0x1c, 0x18, 0xff, 0x20, 0x18, 0x18, 0xff, 0x20, 0x1c, 0x18, 0xff,
    0x18, 0x1c, 0x20, 0xff, 0x20, 0x18, 0x18, 0xff, 0x20, 0x1c, 0x18, 0xff,
    0x18, 0x18, 0x18, 0xff, 0x20, 0x18, 0x18, 0xff, 0x20, 0x18, 0x18, 0xff,
    0x20, 0x1c, 0x18, 0xff, 0x20, 0x1c, 0x18, 0xff, 0x18, 0x18, 0x18, 0xff,
    0x20, 0x1c, 0x18, 0xff, 0x20, 0x18, 0x18, 0xff, 0x18, 0x1c, 0x18, 0xff,
    0x18, 0x18, 0x18, 0xff, 0x20, 0x18, 0x18, 0xff, 0x18, 0x1c, 0x18, 0xff,
    0x20, 0x18, 0x18, 0xff, 0x20, 0x18, 0x18, 0xff, 0x18, 0x1c, 0x18, 0xff,
    0x20, 0x18, 0x18, 0xff, 0x20, 0x18, 0x18, 0xff, 0x18, 0x18, 0x18, 0xff,
    0x18, 0x18, 0x18, 0xff, 0x20, 0x1c, 0x18, 0xff, 0x18, 0x18, 0x18, 0xff,
    0x20, 0x18, 0x18, 0xff, 0x18, 0x1c, 0x18, 0xff, 0x20, 0x18, 0x18, 0xff,
    0x18, 0x18, 0x18, 0xff, 0x18, 0x18, 0x18, 0xff, 0x20, 0x18, 0x18, 0xff,
    0x18, 0x1c, 0x18, 0xff, 0x20, 0x18, 0x18, 0xff, 0x20, 0x18, 0x18, 0xff,
    0x18, 0x1c, 0x18, 0xff, 0x20, 0x1c, 0x18, 0xff, 0x18, 0x18, 0x18, 0xff,
    0x20, 0x1c, 0x18, 0xff, 0x18, 0x1c, 0x18, 0xff, 0x20, 0x18, 0x18, 0xff,
    0x20, 0x18, 0x18, 0xff, 0x18, 0x18, 0x18, 0xff, 0x20, 0x18, 0x18, 0xff,
    0x20, 0x1c, 0x18, 0xff, 0x18, 0x18, 0x18, 0xff, 0x20, 0x18, 0x18, 0xff,
    0x20, 0x18, 0x18, 0xff, 0x18, 0x18, 0x18, 0xff, 0x20, 0x18, 0x18, 0xff,
    0x20, 0x18, 0x18, 0xff, 0x18, 0x18, 0x18, 0xff, 0x18, 0x18, 0x18, 0xff,
    0x20, 0x18, 0x18, 0xff, 0x18, 0x18, 0x18, 0xff, 0x18, 0x1c, 0x18, 0xff,
    0x20, 0x18, 0x18, 0xff, 0x18, 0x1c, 0x18, 0xff, 0x20, 0x18, 0x18, 0xff,
    0x18, 0x1c, 0x18, 0xff, 0x20, 0x18, 0x18, 0xff, 0x20, 0x18, 0x18, 0xff,
    0x18, 0x1c, 0x18, 0xff, 0x20, 0x18, 0x18, 0xff, 0x20, 0x18, 0x18, 0xff,
    0x18, 0x18, 0x18, 0xff, 0x20, 0x18, 0x18, 0xff, 0x20, 0x18, 0x18, 0xff,
    0x18, 0x1c, 0x18, 0xff, 0x20, 0x18, 0x18, 0xff, 0x20, 0x18, 0x18, 0xff,
    0x18, 0x1c, 0x18, 0xff, 0x18, 0x18, 0x18, 0xff, 0x20, 0x1c, 0x18, 0xff,
    0x18, 0x1c, 0x18, 0xff, 0x20, 0x18, 0x18, 0xff, 0x20, 0x18, 0x18, 0xff,
    0x18, 0x18, 0x18, 0xff, 0x20, 0x1c, 0x18, 0xff, 0x20, 0x18, 0x18, 0xff,
    0x18, 0x18, 0x18, 0xff, 0x20, 0x18, 0x18, 0xff, 0x18, 0x18, 0x18, 0xff,
    0x20, 0x18, 0x18, 0xff, 0x18, 0x1c, 0x18, 0xff, 0x20, 0x18, 0x18, 0xff,
    0x18, 0x18, 0x18, 0xff, 0x20, 0x18, 0x18, 0xff, 0x20, 0x1c, 0x18, 0xff,
    0x18, 0x18, 0x18, 0xff, 0x20, 0x18, 0x18, 0xff, 0x18, 0x18, 0x18, 0xff,
    0x18, 0x18, 0x18, 0xff, 0x20, 0x1c, 0x18, 0xff, 0x20, 0x18, 0x18, 0xff,
    0x18, 0x18, 0x18, 0xff, 0x20, 0x18, 0x18, 0xff, 0x18, 0x18, 0x18, 0xff,
    0x18, 0x1c, 0x18, 0xff, 0x20, 0x18, 0x18, 0xff, 0x20, 0x18, 0x18, 0xff,
    0x18, 0x1c, 0x18, 0xff, 0x20, 0x18, 0x18, 0xff, 0x20, 0x18, 0x18, 0xff,
    0x18, 0x1c, 0x18, 0xff, 0x18, 0x18, 0x18, 0xff, 0x20, 0x18, 0x18, 0xff,
    0x18, 0x18, 0x18, 0xff, 0x18, 0x18, 0x18, 0xff, 0x20, 0x18, 0x18, 0xff,
    0x18, 0x18, 0x18, 0xff, 0x20, 0x18, 0x18, 0xff, 0x18, 0x1c, 0x18, 0xff,
    0x20, 0x18, 0x18, 0xff, 0x18, 0x18, 0x18, 0xff, 0x20, 0x18, 0x18, 0xff,
    0x18, 0x18, 0x18, 0xff, 0x18, 0x18, 0x18, 0xff, 0x20, 0x18, 0x18, 0xff,
    0x18, 0x1c, 0x18, 0xff, 0x20, 0x18, 0x18, 0xff, 0x20, 0x18, 0x18, 0xff,
    0x18, 0x18, 0x18, 0xff, 0x18, 0x18, 0x18, 0xff, 0x20, 0x1c, 0x18, 0xff,
    0x18, 0x18, 0x18, 0xff, 0x20, 0x18, 0x18, 0xff, 0x20, 0x18, 0x18, 0xff,
    0x18, 0x18, 0x18, 0xff, 0x18, 0x1c, 0x18, 0xff, 0x20, 0x18, 0x18, 0xff,
    0x18, 0x18, 0x18, 0xff, 0x70, 0x70, 0x70, 0xa2, 0xf8, 0xfc, 0xf8, 0x00,
    0x70, 0x6c, 0x68, 0xcf, 0x30, 0x30, 0x30, 0xff, 0x30, 0x34, 0x30, 0xff,
    0x30, 0x30, 0x30, 0xff, 0x38, 0x30, 0x30, 0xff, 0x30, 0x34, 0x30, 0xff,
    0x30, 0x30, 0x30, 0xff, 0x30, 0x30, 0x30, 0xff, 0x30, 0x30, 0x28, 0xff,
    0x30, 0x30, 0x30, 0xff, 0x30, 0x30, 0x30, 0xff, 0x30, 0x30, 0x28, 0xff,
    0x30, 0x30, 0x30, 0xff, 0x30, 0x30, 0x30, 0xff, 0x38, 0x30, 0x28, 0xff,
    0x30, 0x30, 0x30, 0xff, 0x30, 0x30, 0x30, 0xff, 0x38, 0x30, 0x30, 0xff,
    0x30, 0x30, 0x30, 0xff, 0x30, 0x30, 0x30, 0xff, 0x30, 0x30, 0x30, 0xff,
    0x30, 0x2c, 0x28, 0xff, 0x30, 0x30, 0x30, 0xff, 0x30, 0x30, 0x30, 0xff,
    0x30, 0x2c, 0x30, 0xff, 0x30, 0x30, 0x30, 0xff, 0x30, 0x30, 0x30, 0xff,
    0x30, 0x30, 0x30, 0xff, 0x30, 0x30, 0x30, 0xff, 0x30, 0x2c, 0x28, 0xff,
    0x30, 0x30, 0x30, 0xff, 0x30, 0x2c, 0x30, 0xff, 0x30, 0x30, 0x28, 0xff,
    0x30, 0x2c, 0x30, 0xff, 0x28, 0x2c, 0x30, 0xff, 0x30, 0x30, 0x28, 0xff,
    0x30, 0x2c, 0x28, 0xff, 0x30, 0x2c, 0x30, 0xff, 0x30, 0x30, 0x30, 0xff,
    0x30, 0x30, 0x28, 0xff, 0x30, 0x2c, 0x30, 0xff, 0x28, 0x2c, 0x30, 0xff,
    0x30, 0x2c, 0x28, 0xff, 0x30, 0x2c, 0x30, 0xff, 0x30, 0x2c, 0x28, 0xff,
    0x30, 0x2c, 0x30, 0xff, 0x30, 0x30, 0x30, 0xff, 0x28, 0x2c, 0x28, 0xff,
    0x30, 0x2c, 0x30, 0xff, 0x30, 0x2c, 0x30, 0xff, 0x28, 0x30, 0x28, 0xff,
    0x30, 0x2c, 0x30, 0xff, 0x30, 0x2c, 0x28, 0xff, 0x28, 0x2c, 0x28, 0xff,
    0x30, 0x2c, 0x30, 0xff, 0x30, 0x2c, 0x28, 0xff, 0x28, 0x2c, 0x28, 0xff,
    0x30, 0x2c, 0x30, 0xff, 0x28, 0x2c, 0x28, 0xff, 0x28, 0x2c, 0x28, 0xff,
    0x28, 0x2c, 0x30, 0xff, 0x28, 0x2c, 0x30, 0xff, 0x30, 0x2c, 0x28, 0xff,
    0x30, 0x2c, 0x30, 0xff, 0x28, 0x2c, 0x28, 0xff, 0x30, 0x28, 0x28, 0xff,
    0x28, 0x2c, 0x28, 0xff, 0x28, 0x2c, 0x28, 0xff, 0x30, 0x28, 0x28, 0xff,
    0x30, 0x2c, 0x28, 0xff, 0x28, 0x2c, 0x28, 0xff, 0x30, 0x2c, 0x28, 0xff,
    0x28, 0x2c, 0x30, 0xff, 0x28, 0x2c, 0x28, 0xff, 0x30, 0x2c, 0x28, 0xff,
    0x28, 0x2c, 0x30, 0xff, 0x28, 0x28, 0x28, 0xff, 0x30, 0x2c, 0x28, 0xff,
    0x30, 0x28, 0x28, 0xff, 0x28, 0x28, 0x28, 0xff, 0x30, 0x2c, 0x28, 0xff,
    0x30, 0x2c, 0x28, 0xff, 0x28, 0x28, 0x28, 0xff, 0x28, 0x2c, 0x28, 0xff,
    0x30, 0x2c, 0x28, 0xff, 0x28, 0x28, 0x28, 0xff, 0x30, 0x2c, 0x28, 0xff,
    0x28, 0x2c, 0x28, 0xff, 0x28, 0x28, 0x28, 0xff, 0x30, 0x28, 0x28, 0xff,
    0x28, 0x2c, 0x28, 0xff, 0x28, 0x28, 0x28, 0xff, 0x30, 0x28, 0x28, 0xff,
    0x28, 0x28, 0x28, 0xff, 0x28, 0x28, 0x28, 0xff, 0x30, 0x28, 0x28, 0xff,
    0x28, 0x2c, 0x28, 0xff, 0x28, 0x28, 0x28, 0xff, 0x30, 0x28, 0x28, 0xff,
    0x28, 0x28, 0x28, 0xff, 0x28, 0x2c, 0x28, 0xff, 0x28, 0x28, 0x28, 0xff,
    0x30, 0x28, 0x28, 0xff, 0x28, 0x28, 0x20, 0xff, 0x28, 0x28, 0x28, 0xff,
    0x28, 0x28, 0x28, 0xff, 0x30, 0x28, 0x20, 0xff, 0x28, 0x28, 0x28, 0xff,
    0x28, 0x28, 0x28, 0xff, 0x28, 0x28, 0x28, 0xff, 0x28, 0x28, 0x28, 0xff,
    0x28, 0x28, 0x28, 0xff, 0x28, 0x28, 0x28, 0xff, 0x28, 0x28, 0x28, 0xff,
    0x28, 0x28, 0x28, 0xff, 0x28, 0x28, 0x28, 0xff, 0x28, 0x24, 0x28, 0xff,
    0x30, 0x28, 0x28, 0xff, 0x28, 0x28, 0x20, 0xff, 0x28, 0x28, 0x28, 0xff,
    0x30, 0x28, 0x28, 0xff, 0x28, 0x28, 0x28, 0xff, 0x28, 0x28, 0x20, 0xff,
    0x28, 0x24, 0x28, 0xff, 0x28, 0x28, 0x28, 0xff, 0x28, 0x28, 0x28, 0xff,
    0x28, 0x24, 0x20, 0xff, 0x28, 0x24, 0x28, 0xff, 0x28, 0x28, 0x28, 0xff,
    0x28, 0x24, 0x20, 0xff, 0x28, 0x28, 0x20, 0xff, 0x28, 0x24, 0x28, 0xff,
    0x28, 0x28, 0x28, 0xff, 0x28, 0x28, 0x20, 0xff, 0x28, 0x24, 0x28, 0xff,
    0x28, 0x24, 0x20, 0xff, 0x28, 0x28, 0x28, 0xff, 0x28, 0x24, 0x28, 0xff,
    0x28, 0x24, 0x20, 0xff, 0x28, 0x28, 0x20, 0xff, 0x28, 0x24, 0x28, 0xff,
    0x28, 0x24, 0x28, 0xff, 0x28, 0x28, 0x20, 0xff, 0x28, 0x24, 0x28, 0xff,
    0x28, 0x24, 0x28, 0xff, 0x28, 0x28, 0x20, 0xff, 0x28, 0x24, 0x28, 0xff,
    0x28, 0x24, 0x20, 0xff, 0x28, 0x28, 0x20, 0xff, 0x28, 0x24, 0x28, 0xff,
    0x28, 0x24, 0x20, 0xff, 0x28, 0x24, 0x20, 0xff, 0x20, 0x24, 0x28, 0xff,
    0x28, 0x24, 0x20, 0xff, 0x20, 0x24, 0x20, 0xff, 0x28, 0x24, 0x28, 0xff,
    0x28, 0x24, 0x20, 0xff, 0x28, 0x24, 0x20, 0xff, 0x28, 0x24, 0x28, 0xff,
    0x28, 0x24, 0x20, 0xff, 0x20, 0x24, 0x20, 0xff, 0x28, 0x24, 0x28, 0xff,
    0x28, 0x24, 0x20, 0xff, 0x28, 0x24, 0x20, 0xff, 0x28, 0x24, 0x20, 0xff,
    0x20, 0x24, 0x20, 0xff, 0x28, 0x24, 0x28, 0xff, 0x28, 0x24, 0x20, 0xff,
    0x20, 0x24, 0x20, 0xff, 0x28, 0x24, 0x20, 0xff, 0x28, 0x24, 0x20, 0xff,
    0x20, 0x24, 0x20, 0xff, 0x28, 0x24, 0x20, 0xff, 0x28, 0x20, 0x28, 0xff,
    0x20, 0x24, 0x20, 0xff, 0x28, 0x24, 0x20, 0xff, 0x28, 0x20, 0x20, 0xff,
    0x20, 0x24, 0x20, 0xff, 0x28, 0x20, 0x20, 0xff, 0x28, 0x20, 0x20, 0xff,
    0x20, 0x24, 0x20, 0xff, 0x28, 0x20, 0x20, 0xff, 0x20, 0x20, 0x20, 0xff,
    0x20, 0x24, 0x28, 0xff, 0x28, 0x20, 0x20, 0xff, 0x20, 0x20, 0x20, 0xff,
    0x28, 0x24, 0x20, 0xff, 0x28, 0x24, 0x20, 0xff, 0x20, 0x20, 0x20, 0xff,
    0x28, 0x24, 0x20, 0xff, 0x20, 0x20, 0x20, 0xff, 0x20, 0x24, 0x20, 0xff,
    0x28, 0x20, 0x20, 0xff, 0x20, 0x20, 0x20, 0xff, 0x20, 0x20, 0x20, 0xff,
    0x28, 0x20, 0x20, 0xff, 0x20, 0x24, 0x20, 0xff, 0x20, 0x20, 0x20, 0xff,
    0x28, 0x20, 0x20, 0xff, 0x20, 0x20, 0x20, 0xff, 0x28, 0x24, 0x20, 0xff,
    0x20, 0x20, 0x20, 0xff, 0x20, 0x20, 0x20, 0xff, 0x28, 0x24, 0x20, 0xff,
    0x20, 0x20, 0x20, 0xff, 0x20, 0x20, 0x20, 0xff, 0x28, 0x20, 0x20, 0xff,
    0x20, 0x20, 0x20, 0xff, 0x28, 0x20, 0x20, 0xff, 0x20, 0x20, 0x20, 0xff,
    0x28, 0x20, 0x20, 0xff, 0x20, 0x20, 0x20, 0xff, 0x20, 0x20, 0x20, 0xff,
    0x20, 0x20, 0x20, 0xff, 0x20, 0x20, 0x18, 0xff, 0x28, 0x20, 0x20, 0xff,
    0x20, 0x20, 0x20, 0xff, 0x20, 0x20, 0x20, 0xff, 0x28, 0x20, 0x20, 0xff,
    0x20, 0x20, 0x20, 0xff, 0x20, 0x20, 0x20, 0xff, 0x20, 0x20, 0x18, 0xff,
    0x28, 0x1c, 0x20, 0xff, 0x20, 0x20, 0x20, 0xff, 0x20, 0x20, 0x18, 0xff,
    0x20, 0x20, 0x20, 0xff, 0x28, 0x20, 0x20, 0xff, 0x20, 0x20, 0x20, 0xff,
    0x20, 0x1c, 0x20, 0xff, 0x20, 0x20, 0x18, 0xff, 0x20, 0x20, 0x20, 0xff,
    0x20, 0x20, 0x20, 0xff, 0x20, 0x20, 0x18, 0xff, 0x20, 0x20, 0x20, 0xff,
    0x20, 0x1c, 0x20, 0xff, 0x20, 0x20, 0x18, 0xff, 0x20, 0x1c, 0x20, 0xff,
    0x20, 0x20, 0x20, 0xff, 0x20, 0x1c, 0x18, 0xff, 0x20, 0x20, 0x20, 0xff,
    0x20, 0x1c, 0x20, 0xff, 0x20, 0x1c, 0x18, 0xff, 0x20, 0x20, 0x20, 0xff,
    0x20, 0x20, 0x20, 0xff, 0x20, 0x1c, 0x18, 0xff, 0x20, 0x20, 0x20, 0xff,
    0x20, 0x20, 0x20, 0xff, 0x20, 0x1c, 0x18, 0xff, 0x20, 0x20, 0x20, 0xff,
    0x20, 0x1c, 0x18, 0xff, 0x20, 0x1c, 0x20, 0xff, 0x20, 0x20, 0x20, 0xff,
    0x20, 0x1c, 0x18, 0xff, 0x20, 0x1c, 0x18, 0xff, 0x20, 0x1c, 0x20, 0xff,
    0x20, 0x1c, 0x18, 0xff, 0x20, 0x20, 0x20, 0xff, 0x20, 0x1c, 0x20, 0xff,
    0x20, 0x1c, 0x18, 0xff, 0x20, 0x20, 0x20, 0xff, 0x20, 0x1c, 0x18, 0xff,
    0x20, 0x1c, 0x18, 0xff, 0x20, 0x20, 0x20, 0xff, 0x20, 0x1c, 0x18, 0xff,
    0x18, 0x1c, 0x20, 0xff, 0x20, 0x20, 0x18, 0xff, 0x20, 0x1c, 0x18, 0xff,
    0x18, 0x1c, 0x20, 0xff, 0x20, 0x1c, 0x18, 0xff, 0x20, 0x1c, 0x18, 0xff,
    0x20, 0x1c, 0x18, 0xff, 0x20, 0x1c, 0x20, 0xff, 0x20, 0x1c, 0x18, 0xff,
    0x20, 0x1c, 0x18, 0xff, 0x20, 0x1c, 0x18, 0xff, 0x20, 0x1c, 0x20, 0xff,
    0x20, 0x1c, 0x18, 0xff, 0x20, 0x1c, 0x18, 0xff, 0x20, 0x1c, 0x20, 0xff,
    0x20, 0x1c, 0x18, 0xff, 0x20, 0x1c, 0x18, 0xff, 0x20, 0x1c, 0x20, 0xff,
    0x18, 0x1c, 0x18, 0xff, 0x20, 0x1c, 0x20, 0xff, 0x20, 0x1c, 0x18, 0xff,
    0x20, 0x1c, 0x18, 0xff, 0x20, 0x1c, 0x18, 0xff, 0x20, 0x1c, 0x18, 0xff,
    0x18, 0x18, 0x18, 0xff, 0x20, 0x1c, 0x20, 0xff, 0x18, 0x1c, 0x18, 0xff,
    0x20, 0x1c, 0x18, 0xff, 0x20, 0x1c, 0x20, 0xff, 0x18, 0x1c, 0x18, 0xff,
    0x20, 0x18, 0x20, 0xff, 0x20, 0x1c, 0x18, 0xff, 0x20, 0x1c, 0x18, 0xff,
    0x20, 0x1c, 0x18, 0xff, 0x20, 0x1c, 0x20, 0xff, 0x20, 0x18, 0x18, 0xff,
    0x18, 0x1c, 0x20, 0xff, 0x20, 0x1c, 0x18, 0xff, 0x20, 0x1c, 0x18, 0xff,
    0x18, 0x1c, 0x20, 0xff, 0x18, 0x1c, 0x18, 0xff, 0x20, 0x1c, 0x20, 0xff,
    0x20, 0x18, 0x18, 0xff, 0x20, 0x1c, 0x18, 0xff, 0x20, 0x18, 0x20, 0xff,
    0x18, 0x1c, 0x18, 0xff, 0x20, 0x1c, 0x18, 0xff, 0x18, 0x18, 0x18, 0xff,
    0x20, 0x1c, 0x18, 0xff, 0x20, 0x1c, 0x18, 0xff, 0x18, 0x18, 0x18, 0xff,
    0x20, 0x1c, 0x18, 0xff, 0x20, 0x18, 0x18, 0xff, 0x18, 0x18, 0x18, 0xff,
    0x20, 0x1c, 0x18, 0xff, 0x20, 0x18, 0x18, 0xff, 0x20, 0x1c, 0x18, 0xff,
    0x18, 0x1c, 0x18, 0xff, 0x20, 0x1c, 0x20, 0xff, 0x18, 0x18, 0x18, 0xff,
    0x18, 0x1c, 0x18, 0xff, 0x20, 0x18, 0x20, 0xff, 0x20, 0x18, 0x18, 0xff,
    0x18, 0x1c, 0x18, 0xff, 0x18, 0x1c, 0x20, 0xff, 0x20, 0x18, 0x18, 0xff,
    0x20, 0x18, 0x18, 0xff, 0x18, 0x1c, 0x18, 0xff, 0x18, 0x18, 0x18, 0xff,
    0x20, 0x18, 0x18, 0xff, 0x18, 0x18, 0x18, 0xff, 0x18, 0x18, 0x18, 0xff,
    0x20, 0x18, 0x18, 0xff, 0x18, 0x18, 0x18, 0xff, 0x20, 0x18, 0x18, 0xff,
    0x20, 0x18, 0x18, 0xff, 0x18, 0x18, 0x18, 0xff, 0x20, 0x18, 0x18, 0xff,
    0x18, 0x1c, 0x18, 0xff, 0x18, 0x18, 0x18, 0xff, 0x20, 0x18, 0x18, 0xff,
    0x20, 0x1c, 0x18, 0xff, 0x18, 0x18, 0x18, 0xff, 0x20, 0x18, 0x18, 0xff,
    0x18, 0x18, 0x18, 0xff, 0x18, 0x18, 0x18, 0xff, 0x20, 0x18, 0x18, 0xff,
    0x18, 0x18, 0x18, 0xff, 0x20, 0x18, 0x18, 0xff, 0x20, 0x18, 0x18, 0xff,
    0x18, 0x18, 0x18, 0xff, 0x18, 0x18, 0x18, 0xff, 0x20, 0x18, 0x18, 0xff,
    0x18, 0x1c, 0x18, 0xff, 0x20, 0x18, 0x18, 0xff, 0x18, 0x18, 0x18, 0xff,
    0x18, 0x1c, 0x18, 0xff, 0x20, 0x18, 0x18, 0xff, 0x18, 0x18, 0x18, 0xff,
    0x18, 0x1c, 0x18, 0xff, 0x20, 0x18, 0x18, 0xff, 0x18, 0x1c, 0x18, 0xff,
    0x20, 0x18, 0x18, 0xff, 0x20, 0x1c, 0x18, 0xff, 0x18, 0x1c, 0x18, 0xff,
    0x20, 0x18, 0x18, 0xff, 0x20, 0x18, 0x18, 0xff, 0x18, 0x1c, 0x18, 0xff,
    0x20, 0x18, 0x18, 0xff, 0x18, 0x18, 0x18, 0xff, 0x20, 0x18, 0x18, 0xff,
    0x18, 0x1c, 0x18, 0xff, 0x18, 0x18, 0x18, 0xff, 0x20, 0x18, 0x18, 0xff,
    0x18, 0x1c, 0x18, 0xff, 0x18, 0x18, 0x18, 0xff, 0x20, 0x18, 0x18, 0xff,
    0x18, 0x18, 0x18, 0xff, 0x18, 0x1c, 0x18, 0xff, 0x20, 0x18, 0x18, 0xff,
    0x18, 0x18, 0x18, 0xff, 0x18, 0x18, 0x18, 0xff, 0x20, 0x18, 0x18, 0xff,
    0x20, 0x18, 0x18, 0xff, 0x18, 0x18, 0x18, 0xff, 0x20, 0x18, 0x18, 0xff,
    0x20, 0x18, 0x18, 0xff, 0x18, 0x18, 0x18, 0xff, 0x18, 0x1c, 0x18, 0xff,
    0x20, 0x18, 0x18, 0xff, 0x18, 0x18, 0x18, 0xff, 0x18, 0x18, 0x18, 0xff,
    0x20, 0x1c, 0x18, 0xff, 0x18, 0x18, 0x18, 0xff, 0x20, 0x1c, 0x18, 0xff,
    0x20, 0x18, 0x18, 0xff, 0x18, 0x18, 0x18, 0xff, 0x20, 0x18, 0x18, 0xff,
    0x18, 0x1c, 0x18, 0xff, 0x20, 0x18, 0x18, 0xff, 0x18, 0x18, 0x18, 0xff,
    0x20, 0x18, 0x18, 0xff, 0x20, 0x1c, 0x18, 0xff, 0x18, 0x18, 0x18, 0xff,
    0x20, 0x18, 0x18, 0xff, 0x18, 0x1c, 0x18, 0xff, 0x20, 0x18, 0x18, 0xff,
    0x18, 0x18, 0x18, 0xff, 0x20, 0x1c, 0x18, 0xff, 0x20, 0x18, 0x18, 0xff,
    0x18, 0x18, 0x18, 0xff, 0x20, 0x18, 0x18, 0xff, 0x18, 0x18, 0x18, 0xff,
    0x18, 0x18, 0x18, 0xff, 0x20, 0x18, 0x18, 0xff, 0x18, 0x1c, 0x18, 0xff,
    0x20, 0x18, 0x18, 0xff, 0x20, 0x18, 0x18, 0xff, 0x20, 0x1c, 0x18, 0xff,
    0x18, 0x18, 0x18, 0xff, 0x20, 0x18, 0x18, 0xff, 0x20, 0x1c, 0x18, 0xff,
    0x18, 0x18, 0x18, 0xff, 0x18, 0x18, 0x18, 0xff, 0x20, 0x18, 0x18, 0xff,
    0x20, 0x18, 0x18, 0xff, 0x18, 0x1c, 0x18, 0xff, 0x20, 0x18, 0x18, 0xff,
    0x20, 0x18, 0x18, 0xff, 0x18, 0x1c, 0x18, 0xff, 0x20, 0x18, 0x18, 0xff,
    0x18, 0x18, 0x18, 0xff, 0x18, 0x18, 0x18, 0xff, 0x20, 0x18, 0x18, 0xff,
    0x18, 0x18, 0x18, 0xff, 0x18, 0x18, 0x18, 0xff, 0x20, 0x18, 0x18, 0xff,
    0x18, 0x18, 0x18, 0xff, 0x18, 0x18, 0x18, 0xff, 0x20, 0x1c, 0x18, 0xff,
    0x20, 0x18, 0x18, 0xff, 0x18, 0x18, 0x18, 0xff, 0x20, 0x18, 0x18, 0xff,
    0x20, 0x18, 0x18, 0xff, 0x18, 0x18, 0x18, 0xff, 0x70, 0x70, 0x70, 0x9e,
    0xf8, 0xfc, 0xf8, 0x00, 0x70, 0x6c, 0x68, 0xcf, 0x30, 0x30, 0x30, 0xff,
    0x30, 0x30, 0x30, 0xff, 0x38, 0x34, 0x30, 0xff, 0x30, 0x30, 0x30, 0xff,
    0x30, 0x30, 0x30, 0xff, 0x38, 0x30, 0x30, 0xff, 0x30, 0x30, 0x30, 0xff,
    0x30, 0x30, 0x30, 0xff, 0x38, 0x30, 0x30, 0xff, 0x30, 0x30, 0x30, 0xff,
    0x30, 0x30, 0x30, 0xff, 0x30, 0x30, 0x30, 0xff, 0x30, 0x30, 0x30, 0xff,
    0x30, 0x30, 0x30, 0xff, 0x30, 0x30, 0x30, 0xff, 0x30, 0x30, 0x30, 0xff,
    0x30, 0x30, 0x30, 0xff, 0x30, 0x30, 0x28, 0xff, 0x30, 0x2c, 0x30, 0xff,
    0x30, 0x30, 0x30, 0xff, 0x30, 0x30, 0x30, 0xff, 0x30, 0x2c, 0x30, 0xff,
    0x30, 0x30, 0x28, 0xff, 0x30, 0x30, 0x30, 0xff, 0x30, 0x30, 0x28, 0xff,
    0x30, 0x2c, 0x30, 0xff, 0x30, 0x30, 0x30, 0xff, 0x30, 0x30, 0x30, 0xff,
    0x30, 0x2c, 0x28, 0xff, 0x30, 0x30, 0x30, 0xff, 0x30, 0x30, 0x30, 0xff,
    0x30, 0x2c, 0x28, 0xff, 0x30, 0x30, 0x30, 0xff, 0x30, 0x30, 0x30, 0xff,
    0x30, 0x2c, 0x28, 0xff, 0x30, 0x30, 0x30, 0xff, 0x30, 0x2c, 0x30, 0xff,
    0x30, 0x30, 0x28, 0xff, 0x30, 0x30, 0x28, 0xff, 0x30, 0x2c, 0x30, 0xff,
    0x30, 0x2c, 0x28, 0xff, 0x30, 0x30, 0x30, 0xff, 0x28, 0x2c, 0x28, 0xff,
    0x30, 0x2c, 0x30, 0xff, 0x30, 0x30, 0x28, 0xff, 0x28, 0x2c, 0x28, 0xff,
    0x30, 0x2c, 0x30, 0xff, 0x30, 0x2c, 0x28, 0xff, 0x30, 0x2c, 0x28, 0xff,
    0x30, 0x30, 0x30, 0xff, 0x30, 0x2c, 0x30, 0xff, 0x28, 0x2c, 0x28, 0xff,
    0x30, 0x2c, 0x28, 0xff, 0x30, 0x2c, 0x30, 0xff, 0x28, 0x2c, 0x28, 0xff,
    0x30, 0x2c, 0x28, 0xff, 0x30, 0x2c, 0x30, 0xff, 0x30, 0x2c, 0x28, 0xff,
    0x30, 0x2c, 0x28, 0xff, 0x30, 0x2c, 0x28, 0xff, 0x28, 0x2c, 0x30, 0xff,
    0x30, 0x2c, 0x28, 0xff, 0x28, 0x2c, 0x30, 0xff, 0x30, 0x2c, 0x30, 0xff,
    0x30, 0x2c, 0x28, 0xff, 0x30, 0x28, 0x30, 0xff, 0x30, 0x2c, 0x28, 0xff,
    0x28, 0x2c, 0x30, 0xff, 0x30, 0x28, 0x28, 0xff, 0x28, 0x2c, 0x28, 0xff,
    0x30, 0x2c, 0x30, 0xff, 0x30, 0x2c, 0x28, 0xff, 0x28, 0x28, 0x28, 0xff,
    0x30, 0x2c, 0x28, 0xff, 0x30, 0x2c, 0x28, 0xff, 0x28, 0x28, 0x28, 0xff,
    0x28, 0x2c, 0x28, 0xff, 0x30, 0x2c, 0x30, 0xff, 0x28, 0x28, 0x28, 0xff,
    0x28, 0x28, 0x28, 0xff, 0x30, 0x2c, 0x28, 0xff, 0x30, 0x28, 0x28, 0xff,
    0x28, 0x28, 0x30, 0xff, 0x28, 0x2c, 0x28, 0xff, 0x30, 0x28, 0x28, 0xff,
    0x28, 0x28, 0x28, 0xff, 0x28, 0x2c, 0x28, 0xff, 0x30, 0x28, 0x28, 0xff,
    0x28, 0x28, 0x28, 0xff, 0x28, 0x2c, 0x28, 0xff, 0x30, 0x28, 0x28, 0xff,
    0x30, 0x2c, 0x28, 0xff, 0x28, 0x2c, 0x28, 0xff, 0x28, 0x28, 0x28, 0xff,
    0x30, 0x28, 0x28, 0xff, 0x28, 0x28, 0x28, 0xff, 0x28, 0x2c, 0x28, 0xff,
    0x28, 0x28, 0x28, 0xff, 0x30, 0x28, 0x28, 0xff, 0x28, 0x28, 0x28, 0xff,
    0x28, 0x28, 0x28, 0xff, 0x28, 0x28, 0x28, 0xff, 0x30, 0x28, 0x28, 0xff,
    0x28, 0x28, 0x28, 0xff, 0x28, 0x28, 0x28, 0xff, 0x28, 0x28, 0x28, 0xff,
    0x30, 0x28, 0x28, 0xff, 0x28, 0x28, 0x20, 0xff, 0x30, 0x28, 0x28, 0xff,
    0x28, 0x28, 0x28, 0xff, 0x28, 0x28, 0x20, 0xff, 0x28, 0x28, 0x28, 0xff,
    0x28, 0x28, 0x28, 0xff, 0x30, 0x24, 0x20, 0xff, 0x28, 0x28, 0x20, 0xff,
    0x28, 0x28, 0x28, 0xff, 0x28, 0x24, 0x28, 0xff, 0x28, 0x24, 0x28, 0xff,
    0x28, 0x28, 0x20, 0xff, 0x28, 0x28, 0x28, 0xff, 0x28, 0x28, 0x28, 0xff,
    0x28, 0x28, 0x28, 0xff, 0x30, 0x28, 0x20, 0xff, 0x28, 0x28, 0x28, 0xff,
    0x28, 0x28, 0x28, 0xff, 0x28, 0x24, 0x20, 0xff, 0x28, 0x24, 0x28, 0xff,
    0x28, 0x28, 0x28, 0xff, 0x28, 0x24, 0x20, 0xff, 0x28, 0x24, 0x28, 0xff,
    0x28, 0x28, 0x28, 0xff, 0x28, 0x24, 0x20, 0xff, 0x28, 0x28, 0x28, 0xff,
    0x28, 0x28, 0x28, 0xff, 0x28, 0x24, 0x20, 0xff, 0x28, 0x28, 0x28, 0xff,
    0x28, 0x28, 0x28, 0xff, 0x28, 0x24, 0x20, 0xff, 0x28, 0x24, 0x20, 0xff,
    0x20, 0x24, 0x28, 0xff, 0x28, 0x28, 0x20, 0xff, 0x28, 0x24, 0x20, 0xff,
    0x20, 0x24, 0x28, 0xff, 0x28, 0x28, 0x20, 0xff, 0x28, 0x24, 0x28, 0xff,
    0x20, 0x24, 0x28, 0xff, 0x28, 0x24, 0x20, 0xff, 0x28, 0x24, 0x28, 0xff,
    0x28, 0x24, 0x28, 0xff, 0x28, 0x24, 0x20, 0xff, 0x28, 0x24, 0x20, 0xff,
    0x20, 0x24, 0x28, 0xff, 0x28, 0x24, 0x20, 0xff, 0x28, 0x24, 0x28, 0xff,
    0x20, 0x24, 0x20, 0xff, 0x28, 0x24, 0x20, 0xff, 0x20, 0x24, 0x28, 0xff,
    0x28, 0x24, 0x20, 0xff, 0x28, 0x24, 0x28, 0xff, 0x28, 0x24, 0x20, 0xff,
    0x20, 0x24, 0x20, 0xff, 0x28, 0x24, 0x28, 0xff, 0x28, 0x24, 0x20, 0xff,
    0x20, 0x24, 0x20, 0xff, 0x28, 0x24, 0x20, 0xff, 0x28, 0x20, 0x20, 0xff,
    0x20, 0x24, 0x28, 0xff, 0x28, 0x24, 0x20, 0xff, 0x28, 0x20, 0x20, 0xff,
    0x20, 0x24, 0x28, 0xff, 0x28, 0x24, 0x20, 0xff, 0x28, 0x24, 0x20, 0xff,
    0x20, 0x24, 0x20, 0xff, 0x28, 0x24, 0x28, 0xff, 0x28, 0x24, 0x28, 0xff,
    0x20, 0x24, 0x20, 0xff, 0x28, 0x24, 0x20, 0xff, 0x20, 0x20, 0x20, 0xff,
    0x28, 0x24, 0x20, 0xff, 0x28, 0x24, 0x20, 0xff, 0x20, 0x20, 0x20, 0xff,
    0x28, 0x24, 0x20, 0xff, 0x28, 0x24, 0x20, 0xff, 0x20, 0x20, 0x20, 0xff,
    0x20, 0x24, 0x20, 0xff, 0x28, 0x20, 0x20, 0xff, 0x20, 0x20, 0x20, 0xff,
    0x28, 0x24, 0x28, 0xff, 0x28, 0x24, 0x20, 0xff, 0x20, 0x20, 0x20, 0xff,
    0x28, 0x24, 0x20, 0xff, 0x28, 0x20, 0x20, 0xff, 0x20, 0x20, 0x20, 0xff,
    0x28, 0x24, 0x20, 0xff, 0x28, 0x20, 0x20, 0xff, 0x20, 0x20, 0x20, 0xff,
    0x20, 0x20, 0x20, 0xff, 0x28, 0x20, 0x20, 0xff, 0x20, 0x24, 0x20, 0xff,
    0x20, 0x20, 0x20, 0xff, 0x28, 0x20, 0x20, 0xff, 0x20, 0x20, 0x20, 0xff,
    0x28, 0x24, 0x20, 0xff, 0x20, 0x20, 0x20, 0xff, 0x20, 0x24, 0x20, 0xff,
    0x28, 0x20, 0x20, 0xff, 0x20, 0x20, 0x20, 0xff, 0x20, 0x20, 0x20, 0xff,
    0x28, 0x20, 0x20, 0xff, 0x20, 0x20, 0x18, 0xff, 0x28, 0x20, 0x20, 0xff,
    0x20, 0x20, 0x20, 0xff, 0x20, 0x20, 0x20, 0xff, 0x20, 0x20, 0x20, 0xff,
    0x20, 0x20, 0x20, 0xff, 0x28, 0x20, 0x20, 0xff, 0x20, 0x20, 0x18, 0xff,
    0x20, 0x20, 0x20, 0xff, 0x20, 0x20, 0x20, 0xff, 0x20, 0x20, 0x20, 0xff,
    0x20, 0x20, 0x18, 0xff, 0x20, 0x20, 0x20, 0xff, 0x28, 0x1c, 0x20, 0xff,
    0x20, 0x20, 0x20, 0xff, 0x20, 0x20, 0x20, 0xff, 0x28, 0x1c, 0x18, 0xff,
    0x20, 0x20, 0x20, 0xff, 0x28, 0x20, 0x20, 0xff, 0x20, 0x20, 0x20, 0xff,
    0x20, 0x1c, 0x20, 0xff, 0x20, 0x20, 0x20, 0xff, 0x28, 0x20, 0x20, 0xff,
    0x20, 0x1c, 0x20, 0xff, 0x20, 0x20, 0x20, 0xff, 0x20, 0x20, 0x20, 0xff,
    0x20, 0x1c, 0x18, 0xff, 0x20, 0x20, 0x20, 0xff, 0x20, 0x1c, 0x20, 0xff,
    0x28, 0x20, 0x18, 0xff, 0x20, 0x20, 0x20, 0xff, 0x20, 0x1c, 0x18, 0xff,
    0x20, 0x1c, 0x20, 0xff, 0x20, 0x20, 0x20, 0xff, 0x20, 0x1c, 0x18, 0xff,
    0x20, 0x1c, 0x20, 0xff, 0x20, 0x20, 0x20, 0xff, 0x20, 0x20, 0x18, 0xff,
    0x20, 0x1c, 0x20, 0xff, 0x20, 0x20, 0x20, 0xff, 0x20, 0x1c, 0x18, 0xff,
    0x20, 0x20, 0x20, 0xff, 0x20, 0x1c, 0x18, 0xff, 0x20, 0x1c, 0x20, 0xff,
    0x20, 0x20, 0x20, 0xff, 0x20, 0x1c, 0x18, 0xff, 0x20, 0x1c, 0x18, 0xff,
    0x20, 0x1c, 0x18, 0xff, 0x20, 0x1c, 0x20, 0xff, 0x20, 0x1c, 0x20, 0xff,
    0x20, 0x1c, 0x18, 0xff, 0x20, 0x1c, 0x20, 0xff, 0x20, 0x1c, 0x18, 0xff,
    0x20, 0x1c, 0x18, 0xff, 0x20, 0x1c, 0x20, 0xff, 0x20, 0x1c, 0x20, 0xff,
    0x20, 0x1c, 0x18, 0xff, 0x20, 0x20, 0x20, 0xff, 0x20, 0x1c, 0x20, 0xff,
    0x18, 0x1c, 0x18, 0xff, 0x20, 0x1c, 0x18, 0xff, 0x20, 0x1c, 0x20, 0xff,
    0x18, 0x1c, 0x18, 0xff, 0x20, 0x1c, 0x18, 0xff, 0x20, 0x1c, 0x20, 0xff,
    0x18, 0x1c, 0x18, 0xff, 0x20, 0x1c, 0x20, 0xff, 0x20, 0x1c, 0x18, 0xff,
    0x20, 0x1c, 0x18, 0xff, 0x20, 0x1c, 0x20, 0xff, 0x20, 0x1c, 0x18, 0xff,
    0x20, 0x1c, 0x18, 0xff, 0x20, 0x1c, 0x18, 0xff, 0x18, 0x1c, 0x20, 0xff,
    0x20, 0x1c, 0x20, 0xff, 0x20, 0x1c, 0x18, 0xff, 0x18, 0x1c, 0x20, 0xff,
    0x20, 0x1c, 0x18, 0xff, 0x20, 0x1c, 0x18, 0xff, 0x20, 0x18, 0x18, 0xff,
    0x20, 0x1c, 0x18, 0xff, 0x18, 0x1c, 0x18, 0xff, 0x20, 0x18, 0x18, 0xff,
    0x20, 0x1c, 0x18, 0xff, 0x20, 0x1c, 0x18, 0xff, 0x20, 0x18, 0x20, 0xff,
    0x20, 0x1c, 0x18, 0xff, 0x20, 0x1c, 0x18, 0xff, 0x18, 0x1c, 0x18, 0xff,
    0x20, 0x1c, 0x18, 0xff, 0x20, 0x18, 0x18, 0xff, 0x20, 0x1c, 0x20, 0xff,
    0x20, 0x1c, 0x18, 0xff, 0x18, 0x18, 0x18, 0xff, 0x20, 0x1c, 0x18, 0xff,
    0x20, 0x1c, 0x18, 0xff, 0x18, 0x18, 0x18, 0xff, 0x20, 0x1c, 0x18, 0xff,
    0x20, 0x18, 0x18, 0xff, 0x18, 0x18, 0x18, 0xff, 0x20, 0x1c, 0x20, 0xff,
    0x20, 0x18, 0x18, 0xff, 0x18, 0x18, 0x18, 0xff, 0x20, 0x1c, 0x18, 0xff,
    0x18, 0x1c, 0x18, 0xff, 0x20, 0x18, 0x20, 0xff, 0x20, 0x1c, 0x18, 0xff,
    0x18, 0x1c, 0x18, 0xff, 0x18, 0x18, 0x18, 0xff, 0x20, 0x18, 0x18, 0xff,
    0x18, 0x18, 0x18, 0xff, 0x20, 0x1c, 0x18, 0xff, 0x20, 0x18, 0x18, 0xff,
    0x20, 0x1c, 0x18, 0xff, 0x18, 0x1c, 0x18, 0xff, 0x20, 0x18, 0x18, 0xff,
    0x20, 0x18, 0x18, 0xff, 0x18, 0x1c, 0x18, 0xff, 0x18, 0x18, 0x18, 0xff,
    0x20, 0x18, 0x18, 0xff, 0x18, 0x18, 0x18, 0xff, 0x20, 0x18, 0x18, 0xff,
    0x20, 0x18, 0x18, 0xff, 0x18, 0x1c, 0x18, 0xff, 0x20, 0x18, 0x18, 0xff,
    0x18, 0x18, 0x18, 0xff, 0x18, 0x1c, 0x18, 0xff, 0x20, 0x1c, 0x18, 0xff,
    0x18, 0x18, 0x18, 0xff, 0x18, 0x1c, 0x18, 0xff, 0x20, 0x18, 0x18, 0xff,
    0x20, 0x18, 0x18, 0xff, 0x18, 0x18, 0x18, 0xff, 0x20, 0x18, 0x18, 0xff,
    0x20, 0x18, 0x18, 0xff, 0x18, 0x1c, 0x18, 0xff, 0x20, 0x18, 0x18, 0xff,
    0x20, 0x1c, 0x18, 0xff, 0x18, 0x1c, 0x18, 0xff, 0x20, 0x18, 0x18, 0xff,
    0x18, 0x1c, 0x18, 0xff, 0x18, 0x18, 0x18, 0xff, 0x20, 0x18, 0x18, 0xff,
    0x18, 0x1c, 0x18, 0xff, 0x20, 0x18, 0x18, 0xff, 0x20, 0x18, 0x18, 0xff,
    0x18, 0x18, 0x18, 0xff, 0x20, 0x18, 0x18, 0xff, 0x18, 0x1c, 0x18, 0xff,
    0x20, 0x18, 0x18, 0xff, 0x18, 0x18, 0x18, 0xff, 0x20, 0x18, 0x18, 0xff,
    0x20, 0x18, 0x18, 0xff, 0x18, 0x18, 0x18, 0xff, 0x18, 0x18, 0x18, 0xff,
    0x20, 0x18, 0x18, 0xff, 0x18, 0x18, 0x18, 0xff, 0x18, 0x18, 0x18, 0xff,
    0x20, 0x18, 0x18, 0xff, 0x18, 0x18, 0x18, 0xff, 0x18, 0x1c, 0x18, 0xff,
    0x20, 0x18, 0x18, 0xff, 0x20, 0x18, 0x18, 0xff, 0x18, 0x18, 0x18, 0xff,
    0x20, 0x18, 0x18, 0xff, 0x20, 0x18, 0x18, 0xff, 0x18, 0x18, 0x18, 0xff,
    0x20, 0x18, 0x18, 0xff, 0x20, 0x18, 0x18, 0xff, 0x18, 0x18, 0x18, 0xff,
    0x20, 0x18, 0x18, 0xff, 0x20, 0x1c, 0x18, 0xff, 0x18, 0x18, 0x18, 0xff,
    0x20, 0x18, 0x18, 0xff, 0x20, 0x1c, 0x18, 0xff, 0x18, 0x18, 0x18, 0xff,
    0x18, 0x1c, 0x18, 0xff, 0x20, 0x18, 0x18, 0xff, 0x18, 0x1c, 0x18, 0xff,
    0x18, 0x18, 0x18, 0xff, 0x20, 0x18, 0x18, 0xff, 0x18, 0x18, 0x18, 0xff,
    0x20, 0x18, 0x18, 0xff, 0x20, 0x1c, 0x18, 0xff, 0x18, 0x18, 0x18, 0xff,
    0x20, 0x18, 0x18, 0xff, 0x18, 0x18, 0x18, 0xff, 0x18, 0x18, 0x18, 0xff,
    0x20, 0x18, 0x18, 0xff, 0x18, 0x1c, 0x18, 0xff, 0x18, 0x18, 0x18, 0xff,
    0x20, 0x18, 0x18, 0xff, 0x18, 0x18, 0x18, 0xff, 0x18, 0x1c, 0x18, 0xff,
    0x20, 0x18, 0x18, 0xff, 0x18, 0x18, 0x18, 0xff, 0x18, 0x18, 0x18, 0xff,
    0x20, 0x1c, 0x18, 0xff, 0x20, 0x18, 0x18, 0xff, 0x18, 0x18, 0x18, 0xff,
    0x18, 0x18, 0x18, 0xff, 0x20, 0x18, 0x18, 0xff, 0x18, 0x1c, 0x18, 0xff,
    0x18, 0x18, 0x18, 0xff, 0x20, 0x18, 0x18, 0xff, 0x20, 0x1c, 0x18, 0xff,
    0x18, 0x1c, 0x18, 0xff, 0x20, 0x18, 0x18, 0xff, 0x18, 0x18, 0x18, 0xff,
    0x18, 0x18, 0x18, 0xff, 0x18, 0x18, 0x18, 0xff, 0x20, 0x18, 0x18, 0xff,
    0x18, 0x1c, 0x18, 0xff, 0x18, 0x18, 0x18, 0xff, 0x20, 0x18, 0x18, 0xff,
    0x20, 0x1c, 0x18, 0xff, 0x18, 0x18, 0x18, 0xff, 0x20, 0x1c, 0x18, 0xff,
    0x18, 0x18, 0x18, 0xff, 0x18, 0x18, 0x18, 0xff, 0x20, 0x18, 0x18, 0xff,
    0x18, 0x1c, 0x18, 0xff, 0x18, 0x18, 0x18, 0xff, 0x20, 0x18, 0x18, 0xff,
    0x20, 0x1c, 0x18, 0xff, 0x18, 0x18, 0x18, 0xff, 0x20, 0x1c, 0x18, 0xff,
    0x20, 0x18, 0x18, 0xff, 0x18, 0x1c, 0x18, 0xff, 0x20, 0x1c, 0x18, 0xff,
    0x20, 0x18, 0x18, 0xff, 0x18, 0x18, 0x18, 0xff, 0x20, 0x1c, 0x18, 0xff,
    0x18, 0x18, 0x18, 0xff, 0x18, 0x18, 0x18, 0xff, 0x20, 0x1c, 0x18, 0xff,
    0x18, 0x18, 0x18, 0xff, 0x20, 0x1c, 0x18, 0xff, 0x20, 0x18, 0x18, 0xff,
    0x70, 0x70, 0x70, 0xa2, 0xf8, 0xfc, 0xf8, 0x00, 0x70, 0x6c, 0x68, 0xcf,
    0x30, 0x30, 0x30, 0xff, 0x30, 0x30, 0x30, 0xff, 0x30, 0x30, 0x30, 0xff,
    0x30, 0x30, 0x30, 0xff, 0x30, 0x30, 0x30, 0xff, 0x38, 0x30, 0x30, 0xff,
    0x30, 0x30, 0x30, 0xff, 0x30, 0x30, 0x30, 0xff, 0x30, 0x30, 0x30, 0xff,
    0x30, 0x30, 0x28, 0xff, 0x30, 0x30, 0x30, 0xff, 0x38, 0x30, 0x30, 0xff,
    0x30, 0x30, 0x30, 0xff, 0x30, 0x30, 0x30, 0xff, 0x30, 0x30, 0x28, 0xff,
    0x30, 0x30, 0x30, 0xff, 0x30, 0x30, 0x30, 0xff, 0x30, 0x30, 0x28, 0xff,
    0x30, 0x30, 0x30, 0xff, 0x30, 0x30, 0x30, 0xff, 0x30, 0x30, 0x28, 0xff,
    0x30, 0x30, 0x30, 0xff, 0x30, 0x2c, 0x30, 0xff, 0x30, 0x30, 0x30, 0xff,
    0x30, 0x30, 0x30, 0xff, 0x30, 0x2c, 0x28, 0xff, 0x30, 0x30, 0x30, 0xff,
    0x30, 0x30, 0x30, 0xff, 0x30, 0x2c, 0x28, 0xff, 0x30, 0x2c, 0x30, 0xff,
    0x30, 0x30, 0x28, 0xff, 0x30, 0x2c, 0x30, 0xff, 0x30, 0x30, 0x28, 0xff,
    0x30, 0x2c, 0x30, 0xff, 0x30, 0x30, 0x30, 0xff, 0x28, 0x30, 0x28, 0xff,
    0x30, 0x2c, 0x30, 0xff, 0x30, 0x2c, 0x30, 0xff, 0x28, 0x30, 0x30, 0xff,
    0x30, 0x30, 0x30, 0xff, 0x30, 0x2c, 0x28, 0xff, 0x30, 0x2c, 0x28, 0xff,
    0x30, 0x30, 0x30, 0xff, 0x30, 0x2c, 0x30, 0xff, 0x28, 0x2c, 0x28, 0xff,
    0x30, 0x2c, 0x30, 0xff, 0x30, 0x30, 0x30, 0xff, 0x28, 0x2c, 0x28, 0xff,
    0x30, 0x2c, 0x28, 0xff, 0x30, 0x2c, 0x30, 0xff, 0x28, 0x2c, 0x28, 0xff,
    0x30, 0x2c, 0x28, 0xff, 0x30, 0x2c, 0x30, 0xff, 0x30, 0x2c, 0x28, 0xff,
    0x30, 0x2c, 0x30, 0xff, 0x30, 0x2c, 0x28, 0xff, 0x28, 0x2c, 0x30, 0xff,
    0x28, 0x2c, 0x30, 0xff, 0x30, 0x2c, 0x28, 0xff, 0x30, 0x2c, 0x28, 0xff,
    0x30, 0x2c, 0x28, 0xff, 0x28, 0x2c, 0x28, 0xff, 0x30, 0x2c, 0x28, 0xff,
    0x30, 0x2c, 0x28, 0xff, 0x28, 0x2c, 0x28, 0xff, 0x30, 0x2c, 0x28, 0xff,
    0x30, 0x2c, 0x30, 0xff, 0x28, 0x2c, 0x28, 0xff, 0x30, 0x2c, 0x28, 0xff,
    0x28, 0x28, 0x30, 0xff, 0x28, 0x2c, 0x28, 0xff, 0x30, 0x2c, 0x28, 0xff,
    0x28, 0x28, 0x30, 0xff, 0x28, 0x2c, 0x28, 0xff, 0x30, 0x2c, 0x28, 0xff,
    0x30, 0x28, 0x28, 0xff, 0x28, 0x28, 0x28, 0xff, 0x30, 0x2c, 0x28, 0xff,
    0x30, 0x2c, 0x28, 0xff, 0x28, 0x28, 0x30, 0xff, 0x28, 0x2c, 0x28, 0xff,
    0x30, 0x2c, 0x28, 0xff, 0x28, 0x28, 0x28, 0xff, 0x28, 0x2c, 0x28, 0xff,
    0x30, 0x2c, 0x28, 0xff, 0x28, 0x28, 0x30, 0xff, 0x30, 0x2c, 0x28, 0xff,
    0x28, 0x28, 0x28, 0xff, 0x30, 0x28, 0x28, 0xff, 0x28, 0x28, 0x28, 0xff,
    0x28, 0x28, 0x28, 0xff, 0x30, 0x28, 0x28, 0xff, 0x28, 0x28, 0x28, 0xff,
    0x28, 0x2c, 0x28, 0xff, 0x30, 0x28, 0x28, 0xff, 0x30, 0x28, 0x28, 0xff,
    0x28, 0x28, 0x28, 0xff, 0x28, 0x2c, 0x28, 0xff, 0x28, 0x28, 0x28, 0xff,
    0x30, 0x28, 0x28, 0xff, 0x28, 0x28, 0x28, 0xff, 0x28, 0x28, 0x28, 0xff,
    0x28, 0x28, 0x28, 0xff, 0x30, 0x28, 0x28, 0xff, 0x28, 0x28, 0x28, 0xff,
    0x28, 0x28, 0x28, 0xff, 0x28, 0x28, 0x28, 0xff, 0x28, 0x28, 0x28, 0xff,
    0x28, 0x28, 0x28, 0xff, 0x28, 0x28, 0x28, 0xff, 0x28, 0x28, 0x28, 0xff,
    0x30, 0x28, 0x28, 0xff, 0x28, 0x28, 0x28, 0xff, 0x28, 0x28, 0x28, 0xff,
    0x28, 0x28, 0x28, 0xff, 0x28, 0x28, 0x20, 0xff, 0x28, 0x28, 0x28, 0xff,
    0x28, 0x28, 0x28, 0xff, 0x28, 0x24, 0x28, 0xff, 0x28, 0x24, 0x20, 0xff,
    0x28, 0x28, 0x28, 0xff, 0x28, 0x24, 0x28, 0xff, 0x28, 0x28, 0x28, 0xff,
    0x28, 0x28, 0x20, 0xff, 0x28, 0x28, 0x28, 0xff, 0x28, 0x24, 0x20, 0xff,
    0x28, 0x28, 0x28, 0xff, 0x28, 0x28, 0x28, 0xff, 0x28, 0x24, 0x20, 0xff,
    0x28, 0x28, 0x28, 0xff, 0x28, 0x28, 0x28, 0xff, 0x28, 0x24, 0x20, 0xff,
    0x28, 0x24, 0x28, 0xff, 0x28, 0x28, 0x28, 0xff, 0x28, 0x24, 0x20, 0xff,
    0x28, 0x24, 0x28, 0xff, 0x28, 0x28, 0x28, 0xff, 0x28, 0x24, 0x20, 0xff,
    0x28, 0x24, 0x28, 0xff, 0x28, 0x24, 0x28, 0xff, 0x28, 0x24, 0x20, 0xff,
    0x28, 0x24, 0x28, 0xff, 0x28, 0x24, 0x20, 0xff, 0x28, 0x24, 0x20, 0xff,
    0x28, 0x24, 0x28, 0xff, 0x28, 0x28, 0x20, 0xff, 0x28, 0x24, 0x20, 0xff,
    0x20, 0x24, 0x28, 0xff, 0x28, 0x28, 0x20, 0xff, 0x28, 0x24, 0x28, 0xff,
    0x28, 0x24, 0x20, 0xff, 0x28, 0x24, 0x20, 0xff, 0x28, 0x24, 0x28, 0xff,
    0x28, 0x24, 0x20, 0xff, 0x28, 0x24, 0x28, 0xff, 0x28, 0x24, 0x20, 0xff,
    0x28, 0x24, 0x20, 0xff, 0x20, 0x24, 0x28, 0xff, 0x28, 0x24, 0x20, 0xff,
    0x28, 0x24, 0x28, 0xff, 0x28, 0x24, 0x20, 0xff, 0x20, 0x24, 0x28, 0xff,
    0x28, 0x24, 0x28, 0xff, 0x28, 0x24, 0x28, 0xff, 0x28, 0x24, 0x20, 0xff,
    0x28, 0x20, 0x20, 0xff, 0x20, 0x24, 0x20, 0xff, 0x28, 0x24, 0x28, 0xff,
    0x20, 0x20, 0x20, 0xff, 0x28, 0x24, 0x20, 0xff, 0x28, 0x20, 0x28, 0xff,
    0x20, 0x24, 0x20, 0xff, 0x20, 0x20, 0x20, 0xff, 0x28, 0x24, 0x20, 0xff,
    0x28, 0x20, 0x20, 0xff, 0x20, 0x24, 0x28, 0xff, 0x28, 0x24, 0x28, 0xff,
    0x28, 0x20, 0x20, 0xff, 0x20, 0x24, 0x20, 0xff, 0x28, 0x20, 0x28, 0xff,
    0x20, 0x24, 0x20, 0xff, 0x28, 0x20, 0x20, 0xff, 0x20, 0x20, 0x20, 0xff,
    0x28, 0x24, 0x28, 0xff, 0x28, 0x24, 0x20, 0xff, 0x20, 0x20, 0x20, 0xff,
    0x20, 0x20, 0x20, 0xff, 0x28, 0x24, 0x20, 0xff, 0x20, 0x20, 0x20, 0xff,
    0x20, 0x24, 0x20, 0xff, 0x28, 0x24, 0x28, 0xff, 0x20, 0x20, 0x20, 0xff,
    0x20, 0x20, 0x20, 0xff, 0x28, 0x24, 0x20, 0xff, 0x28, 0x20, 0x20, 0xff,
    0x20, 0x20, 0x20, 0xff, 0x28, 0x24, 0x20, 0xff, 0x20, 0x20, 0x20, 0xff,
    0x20, 0x20, 0x20, 0xff, 0x28, 0x20, 0x20, 0xff, 0x20, 0x20, 0x20, 0xff,
    0x20, 0x24, 0x20, 0xff, 0x28, 0x20, 0x20, 0xff, 0x20, 0x20, 0x20, 0xff,
    0x28, 0x20, 0x20, 0xff, 0x20, 0x20, 0x20, 0xff, 0x20, 0x20, 0x20, 0xff,
    0x28, 0x20, 0x20, 0xff, 0x20, 0x20, 0x20, 0xff, 0x20, 0x20, 0x20, 0xff,
    0x28, 0x20, 0x20, 0xff, 0x20, 0x20, 0x20, 0xff, 0x28, 0x20, 0x18, 0xff,
    0x20, 0x20, 0x20, 0xff, 0x20, 0x20, 0x20, 0xff, 0x20, 0x20, 0x20, 0xff,
    0x20, 0x20, 0x20, 0xff, 0x28, 0x20, 0x20, 0xff, 0x20, 0x20, 0x20, 0xff,
    0x28, 0x20, 0x20, 0xff, 0x20, 0x20, 0x20, 0xff, 0x20, 0x20, 0x20, 0xff,
    0x20, 0x20, 0x18, 0xff, 0x20, 0x1c, 0x20, 0xff, 0x20, 0x20, 0x20, 0xff,
    0x20, 0x20, 0x18, 0xff, 0x20, 0x1c, 0x20, 0xff, 0x20, 0x20, 0x20, 0xff,
    0x20, 0x20, 0x18, 0xff, 0x20, 0x1c, 0x20, 0xff, 0x20, 0x20, 0x18, 0xff,
    0x20, 0x20, 0x20, 0xff, 0x20, 0x20, 0x18, 0xff, 0x28, 0x20, 0x20, 0xff,
    0x20, 0x20, 0x20, 0xff, 0x20, 0x1c, 0x18, 0xff, 0x28, 0x20, 0x20, 0xff,
    0x20, 0x1c, 0x20, 0xff, 0x20, 0x1c, 0x18, 0xff, 0x20, 0x20, 0x20, 0xff,
    0x20, 0x20, 0x20, 0xff, 0x28, 0x1c, 0x18, 0xff, 0x20, 0x20, 0x20, 0xff,
    0x20, 0x20, 0x18, 0xff, 0x20, 0x1c, 0x20, 0xff, 0x20, 0x1c, 0x18, 0xff,
    0x20, 0x20, 0x20, 0xff, 0x20, 0x1c, 0x20, 0xff, 0x20, 0x20, 0x18, 0xff,
    0x20, 0x20, 0x20, 0xff, 0x20, 0x1c, 0x20, 0xff, 0x20, 0x1c, 0x18, 0xff,
    0x20, 0x1c, 0x18, 0xff, 0x20, 0x20, 0x20, 0xff, 0x20, 0x1c, 0x20, 0xff,
    0x20, 0x1c, 0x18, 0xff, 0x20, 0x20, 0x20, 0xff, 0x20, 0x1c, 0x18, 0xff,
    0x20, 0x20, 0x18, 0xff, 0x20, 0x1c, 0x20, 0xff, 0x20, 0x20, 0x20, 0xff,
    0x20, 0x1c, 0x18, 0xff, 0x20, 0x20, 0x20, 0xff, 0x20, 0x20, 0x18, 0xff,
    0x20, 0x1c, 0x20, 0xff, 0x20, 0x1c, 0x18, 0xff, 0x20, 0x1c, 0x18, 0xff,
    0x20, 0x20, 0x20, 0xff, 0x20, 0x1c, 0x18, 0xff, 0x20, 0x1c, 0x20, 0xff,
    0x20, 0x1c, 0x18, 0xff, 0x20, 0x1c, 0x20, 0xff, 0x20, 0x1c, 0x18, 0xff,
    0x20, 0x1c, 0x20, 0xff, 0x20, 0x1c, 0x18, 0xff, 0x20, 0x1c, 0x18, 0xff,
    0x20, 0x1c, 0x20, 0xff, 0x18, 0x1c, 0x18, 0xff, 0x20, 0x1c, 0x18, 0xff,
    0x20, 0x1c, 0x20, 0xff, 0x20, 0x1c, 0x18, 0xff, 0x20, 0x1c, 0x18, 0xff,
    0x20, 0x1c, 0x18, 0xff, 0x18, 0x1c, 0x18, 0xff, 0x20, 0x1c, 0x20, 0xff,
    0x20, 0x1c, 0x18, 0xff, 0x18, 0x18, 0x18, 0xff, 0x20, 0x1c, 0x20, 0xff,
    0x20, 0x1c, 0x18, 0xff, 0x20, 0x1c, 0x20, 0xff, 0x20, 0x18, 0x18, 0xff,
    0x18, 0x1c, 0x18, 0xff, 0x20, 0x1c, 0x20, 0xff, 0x20, 0x1c, 0x18, 0xff,
    0x18, 0x1c, 0x18, 0xff, 0x20, 0x18, 0x20, 0xff, 0x18, 0x18, 0x18, 0xff,
    0x20, 0x1c, 0x18, 0xff, 0x20, 0x1c, 0x20, 0xff, 0x18, 0x1c, 0x18, 0xff,
    0x20, 0x1c, 0x18, 0xff, 0x20, 0x18, 0x18, 0xff, 0x18, 0x1c, 0x18, 0xff,
    0x20, 0x1c, 0x20, 0xff, 0x20, 0x1c, 0x18, 0xff, 0x18, 0x18, 0x18, 0xff,
    0x18, 0x18, 0x18, 0xff, 0x20, 0x1c, 0x18, 0xff, 0x20, 0x1c, 0x18, 0xff,
    0x18, 0x18, 0x18, 0xff, 0x20, 0x1c, 0x18, 0xff, 0x20, 0x18, 0x20, 0xff,
    0x18, 0x18, 0x18, 0xff, 0x20, 0x1c, 0x18, 0xff, 0x20, 0x18, 0x18, 0xff,
    0x18, 0x18, 0x18, 0xff, 0x20, 0x1c, 0x20, 0xff, 0x20, 0x1c, 0x18, 0xff,
    0x20, 0x18, 0x18, 0xff, 0x18, 0x1c, 0x20, 0xff, 0x20, 0x18, 0x18, 0xff,
    0x20, 0x18, 0x18, 0xff, 0x18, 0x1c, 0x18, 0xff, 0x20, 0x18, 0x18, 0xff,
    0x18, 0x1c, 0x18, 0xff, 0x20, 0x1c, 0x18, 0xff, 0x18, 0x18, 0x18, 0xff,
    0x20, 0x1c, 0x18, 0xff, 0x18, 0x18, 0x18, 0xff, 0x18, 0x18, 0x18, 0xff,
    0x20, 0x18, 0x18, 0xff, 0x18, 0x1c, 0x18, 0xff, 0x20, 0x18, 0x18, 0xff,
    0x20, 0x18, 0x18, 0xff, 0x18, 0x18, 0x18, 0xff, 0x20, 0x18, 0x18, 0xff,
    0x20, 0x18, 0x18, 0xff, 0x18, 0x18, 0x18, 0xff, 0x18, 0x1c, 0x18, 0xff,
    0x20, 0x18, 0x18, 0xff, 0x18, 0x18, 0x18, 0xff, 0x18, 0x1c, 0x18, 0xff,
    0x20, 0x18, 0x18, 0xff, 0x18, 0x18, 0x18, 0xff, 0x18, 0x18, 0x18, 0xff,
    0x20, 0x18, 0x18, 0xff, 0x18, 0x18, 0x18, 0xff, 0x20, 0x18, 0x18, 0xff,
    0x20, 0x18, 0x18, 0xff, 0x18, 0x1c, 0x18, 0xff, 0x20, 0x18, 0x18, 0xff,
    0x18, 0x18, 0x18, 0xff, 0x18, 0x1c, 0x18, 0xff, 0x20, 0x18, 0x18, 0xff,
    0x18, 0x1c, 0x18, 0xff, 0x20, 0x18, 0x18, 0xff, 0x18, 0x18, 0x18, 0xff,
    0x20, 0x18, 0x18, 0xff, 0x18, 0x18, 0x18, 0xff, 0x20, 0x1c, 0x18, 0xff,
    0x18, 0x18, 0x18, 0xff, 0x20, 0x1c, 0x18, 0xff, 0x20, 0x18, 0x18, 0xff,
    0x18, 0x18, 0x18, 0xff, 0x20, 0x1c, 0x18, 0xff, 0x18, 0x18, 0x18, 0xff,
    0x20, 0x18, 0x18, 0xff, 0x20, 0x18, 0x18, 0xff, 0x18, 0x1c, 0x18, 0xff,
    0x18, 0x18, 0x18, 0xff, 0x20, 0x18, 0x18, 0xff, 0x18, 0x1c, 0x18, 0xff,
    0x18, 0x18, 0x18, 0xff, 0x20, 0x1c, 0x18, 0xff, 0x18, 0x18, 0x18, 0xff,
    0x18, 0x1c, 0x18, 0xff, 0x20, 0x18, 0x18, 0xff, 0x18, 0x1c, 0x18, 0xff,
    0x18, 0x18, 0x18, 0xff, 0x20, 0x18, 0x18, 0xff, 0x18, 0x18, 0x18, 0xff,
    0x18, 0x18, 0x18, 0xff, 0x20, 0x18, 0x18, 0xff, 0x20, 0x18, 0x18, 0xff,
    0x18, 0x1c, 0x18, 0xff, 0x20, 0x18, 0x18, 0xff, 0x18, 0x18, 0x18, 0xff,
    0x20, 0x18, 0x18, 0xff, 0x20, 0x1c, 0x18, 0xff, 0x18, 0x18, 0x18, 0xff,
    0x18, 0x18, 0x18, 0xff, 0x20, 0x18, 0x18, 0xff, 0x18, 0x18, 0x18, 0xff,
    0x20, 0x1c, 0x18, 0xff, 0x20, 0x18, 0x18, 0xff, 0x18, 0x18, 0x18, 0xff,
    0x20, 0x1c, 0x18, 0xff, 0x20, 0x18, 0x18, 0xff, 0x18, 0x18, 0x18, 0xff,
    0x20, 0x1c, 0x18, 0xff, 0x20, 0x18, 0x18, 0xff, 0x18, 0x18, 0x18, 0xff,
    0x20, 0x18, 0x18, 0xff, 0x20, 0x1c, 0x18, 0xff, 0x18, 0x18, 0x18, 0xff,
    0x18, 0x18, 0x18, 0xff, 0x20, 0x18, 0x18, 0xff, 0x18, 0x18, 0x18, 0xff,
    0x20, 0x1c, 0x18, 0xff, 0x20, 0x18, 0x18, 0xff, 0x18, 0x18, 0x18, 0xff,
    0x20, 0x18, 0x18, 0xff, 0x18, 0x18, 0x18, 0xff, 0x18, 0x18, 0x18, 0xff,
    0x20, 0x18, 0x18, 0xff, 0x20, 0x18, 0x18, 0xff, 0x18, 0x1c, 0x18, 0xff,
    0x20, 0x18, 0x18, 0xff, 0x20, 0x18, 0x18, 0xff, 0x18, 0x1c, 0x18, 0xff,
    0x20, 0x18, 0x18, 0xff, 0x18, 0x18, 0x18, 0xff, 0x18, 0x18, 0x18, 0xff,
    0x20, 0x18, 0x18, 0xff, 0x18, 0x18, 0x18, 0xff, 0x20, 0x18, 0x18, 0xff,
    0x20, 0x18, 0x18, 0xff, 0x18, 0x1c, 0x18, 0xff, 0x20, 0x18, 0x18, 0xff,
    0x20, 0x18, 0x18, 0xff, 0x18, 0x18, 0x18, 0xff, 0x18, 0x18, 0x18, 0xff,
    0x20, 0x18, 0x18, 0xff, 0x18, 0x18, 0x18, 0xff, 0x18, 0x1c, 0x18, 0xff,
    0x20, 0x18, 0x18, 0xff, 0x18, 0x18, 0x18, 0xff, 0x18, 0x18, 0x18, 0xff,
    0x20, 0x18, 0x18, 0xff, 0x18, 0x1c, 0x18, 0xff, 0x20, 0x18, 0x18, 0xff,
    0x20, 0x18, 0x18, 0xff, 0x18, 0x18, 0x18, 0xff, 0x20, 0x18, 0x18, 0xff,
    0x18, 0x18, 0x18, 0xff, 0x18, 0x1c, 0x18, 0xff, 0x20, 0x18, 0x18, 0xff,
    0x18, 0x18, 0x18, 0xff, 0x70, 0x70, 0x70, 0x9e, 0xf8, 0xfc, 0xf8, 0x00,
    0x70, 0x6c, 0x70, 0xcf, 0x30, 0x30, 0x30, 0xff, 0x30, 0x34, 0x30, 0xff,
    0x30, 0x30, 0x30, 0xff, 0x38, 0x34, 0x30, 0xff, 0x30, 0x30, 0x30, 0xff,
    0x30, 0x30, 0x30, 0xff, 0x30, 0x30, 0x30, 0xff, 0x30, 0x30, 0x30, 0xff,
    0x30, 0x30, 0x30, 0xff, 0x30, 0x30, 0x30, 0xff, 0x30, 0x30, 0x30, 0xff,
    0x30, 0x30, 0x28, 0xff, 0x30, 0x30, 0x30, 0xff, 0x30, 0x30, 0x30, 0xff,
    0x38, 0x30, 0x30, 0xff, 0x30, 0x30, 0x30, 0xff, 0x30, 0x30, 0x30, 0xff,
    0x38, 0x30, 0x30, 0xff, 0x30, 0x2c, 0x30, 0xff, 0x30, 0x30, 0x28, 0xff,
    0x30, 0x30, 0x30, 0xff, 0x30, 0x30, 0x30, 0xff, 0x30, 0x30, 0x28, 0xff,
    0x30, 0x30, 0x30, 0xff, 0x30, 0x30, 0x30, 0xff, 0x30, 0x30, 0x28, 0xff,
    0x30, 0x30, 0x30, 0xff, 0x30, 0x30, 0x30, 0xff, 0x30, 0x2c, 0x28, 0xff,
    0x30, 0x2c, 0x30, 0xff, 0x30, 0x30, 0x30, 0xff, 0x30, 0x2c, 0x28, 0xff,
    0x30, 0x2c, 0x30, 0xff, 0x30, 0x30, 0x30, 0xff, 0x30, 0x2c, 0x28, 0xff,
    0x30, 0x2c, 0x30, 0xff, 0x30, 0x30, 0x28, 0xff, 0x30, 0x2c, 0x30, 0xff,
    0x30, 0x2c, 0x30, 0xff, 0x30, 0x30, 0x28, 0xff, 0x30, 0x2c, 0x30, 0xff,
    0x30, 0x2c, 0x28, 0xff, 0x30, 0x2c, 0x30, 0xff, 0x30, 0x2c, 0x28, 0xff,
    0x30, 0x2c, 0x28, 0xff, 0x30, 0x30, 0x30, 0xff, 0x30, 0x2c, 0x28, 0xff,
    0x28, 0x2c, 0x30, 0xff, 0x30, 0x30, 0x30, 0xff, 0x30, 0x2c, 0x28, 0xff,
    0x30, 0x30, 0x30, 0xff, 0x30, 0x2c, 0x28, 0xff, 0x28, 0x2c, 0x28, 0xff,
    0x30, 0x2c, 0x30, 0xff, 0x30, 0x2c, 0x28, 0xff, 0x30, 0x2c, 0x28, 0xff,
    0x28, 0x2c, 0x28, 0xff, 0x30, 0x2c, 0x30, 0xff, 0x28, 0x2c, 0x28, 0xff,
    0x30, 0x2c, 0x30, 0xff, 0x30, 0x2c, 0x30, 0xff, 0x28, 0x2c, 0x28, 0xff,
    0x30, 0x2c, 0x30, 0xff, 0x28, 0x2c, 0x28, 0xff, 0x28, 0x28, 0x28, 0xff,
    0x30, 0x2c, 0x28, 0xff, 0x28, 0x28, 0x28, 0xff, 0x30, 0x2c, 0x28, 0xff,
    0x30, 0x2c, 0x28, 0xff, 0x28, 0x2c, 0x28, 0xff, 0x30, 0x2c, 0x28, 0xff,
    0x30, 0x2c, 0x28, 0xff, 0x28, 0x2c, 0x30, 0xff, 0x28, 0x2c, 0x28, 0xff,
    0x30, 0x2c, 0x30, 0xff, 0x28, 0x28, 0x28, 0xff, 0x28, 0x28, 0x28, 0xff,
    0x30, 0x2c, 0x28, 0xff, 0x30, 0x28, 0x28, 0xff, 0x28, 0x28, 0x28, 0xff,
    0x30, 0x2c, 0x28, 0xff, 0x30, 0x28, 0x28, 0xff, 0x28, 0x28, 0x28, 0xff,
    0x30, 0x2c, 0x28, 0xff, 0x28, 0x28, 0x28, 0xff, 0x28, 0x2c, 0x28, 0xff,
    0x30, 0x28, 0x28, 0xff, 0x28, 0x28, 0x28, 0xff, 0x28, 0x28, 0x28, 0xff,
    0x30, 0x2c, 0x28, 0xff, 0x28, 0x28, 0x28, 0xff, 0x28, 0x28, 0x28, 0xff,
    0x30, 0x28, 0x28, 0xff, 0x28, 0x28, 0x28, 0xff, 0x28, 0x2c, 0x28, 0xff,
    0x30, 0x28, 0x28, 0xff, 0x28, 0x28, 0x28, 0xff, 0x28, 0x28, 0x28, 0xff,
    0x28, 0x2c, 0x28, 0xff, 0x28, 0x28, 0x28, 0xff, 0x30, 0x28, 0x28, 0xff,
    0x28, 0x28, 0x28, 0xff, 0x28, 0x28, 0x20, 0xff, 0x28, 0x28, 0x28, 0xff,
    0x30, 0x28, 0x28, 0xff, 0x28, 0x28, 0x20, 0xff, 0x28, 0x28, 0x28, 0xff,
    0x30, 0x28, 0x28, 0xff, 0x28, 0x28, 0x28, 0xff, 0x28, 0x28, 0x28, 0xff,
    0x28, 0x28, 0x28, 0xff, 0x28, 0x28, 0x28, 0xff, 0x28, 0x28, 0x20, 0xff,
    0x28, 0x24, 0x28, 0xff, 0x28, 0x28, 0x28, 0xff, 0x28, 0x28, 0x28, 0xff,
    0x30, 0x28, 0x20, 0xff, 0x28, 0x28, 0x28, 0xff, 0x28, 0x28, 0x28, 0xff,
    0x30, 0x28, 0x28, 0xff, 0x28, 0x28, 0x20, 0xff, 0x28, 0x24, 0x28, 0xff,
    0x28, 0x28, 0x28, 0xff, 0x28, 0x28, 0x28, 0xff, 0x28, 0x24, 0x28, 0xff,
    0x28, 0x24, 0x20, 0xff, 0x28, 0x28, 0x28, 0xff, 0x28, 0x24, 0x20, 0xff,
    0x28, 0x28, 0x28, 0xff, 0x28, 0x24, 0x28, 0xff, 0x28, 0x28, 0x20, 0xff,
    0x28, 0x24, 0x28, 0xff, 0x28, 0x28, 0x20, 0xff, 0x28, 0x28, 0x28, 0xff,
    0x28, 0x24, 0x20, 0xff, 0x28, 0x28, 0x28, 0xff, 0x28, 0x28, 0x28, 0xff,
    0x28, 0x24, 0x20, 0xff, 0x28, 0x24, 0x20, 0xff, 0x28, 0x28, 0x28, 0xff,
    0x28, 0x24, 0x20, 0xff, 0x20, 0x28, 0x28, 0xff, 0x28, 0x28, 0x28, 0xff,
    0x28, 0x24, 0x20, 0xff, 0x28, 0x24, 0x28, 0xff, 0x28, 0x28, 0x20, 0xff,
    0x28, 0x24, 0x28, 0xff, 0x28, 0x24, 0x20, 0xff, 0x28, 0x28, 0x28, 0xff,
    0x28, 0x24, 0x28, 0xff, 0x20, 0x24, 0x20, 0xff, 0x28, 0x24, 0x20, 0xff,
    0x28, 0x24, 0x28, 0xff, 0x20, 0x24, 0x20, 0xff, 0x28, 0x24, 0x20, 0xff,
    0x28, 0x24, 0x28, 0xff, 0x28, 0x24, 0x20, 0xff, 0x20, 0x24, 0x20, 0xff,
    0x28, 0x24, 0x28, 0xff, 0x28, 0x24, 0x20, 0xff, 0x28, 0x24, 0x20, 0xff,
    0x28, 0x24, 0x20, 0xff, 0x20, 0x24, 0x20, 0xff, 0x28, 0x24, 0x28, 0xff,
    0x28, 0x24, 0x20, 0xff, 0x28, 0x24, 0x20, 0xff, 0x20, 0x24, 0x20, 0xff,
    0x28, 0x24, 0x20, 0xff, 0x28, 0x24, 0x20, 0xff, 0x20, 0x24, 0x20, 0xff,
    0x28, 0x24, 0x28, 0xff, 0x28, 0x20, 0x20, 0xff, 0x28, 0x24, 0x20, 0xff,
    0x20, 0x24, 0x20, 0xff, 0x28, 0x24, 0x20, 0xff, 0x28, 0x20, 0x20, 0xff,
    0x20, 0x24, 0x20, 0xff, 0x28, 0x20, 0x20, 0xff, 0x28, 0x20, 0x20, 0xff,
    0x20, 0x24, 0x20, 0xff, 0x28, 0x20, 0x20, 0xff, 0x20, 0x24, 0x20, 0xff,
    0x20, 0x20, 0x20, 0xff, 0x28, 0x24, 0x20, 0xff, 0x20, 0x20, 0x20, 0xff,
    0x28, 0x24, 0x20, 0xff, 0x28, 0x24, 0x28, 0xff, 0x20, 0x20, 0x20, 0xff,
    0x28, 0x20, 0x20, 0xff, 0x28, 0x24, 0x20, 0xff, 0x20, 0x20, 0x20, 0xff,
    0x28, 0x20, 0x20, 0xff, 0x20, 0x20, 0x20, 0xff, 0x20, 0x20, 0x20, 0xff,
    0x28, 0x20, 0x20, 0xff, 0x20, 0x20, 0x20, 0xff, 0x20, 0x24, 0x20, 0xff,
    0x28, 0x20, 0x20, 0xff, 0x20, 0x20, 0x20, 0xff, 0x28, 0x24, 0x20, 0xff,
    0x20, 0x20, 0x20, 0xff, 0x20, 0x20, 0x20, 0xff, 0x28, 0x20, 0x20, 0xff,
    0x20, 0x20, 0x20, 0xff, 0x20, 0x20, 0x20, 0xff, 0x28, 0x20, 0x20, 0xff,
    0x20, 0x20, 0x20, 0xff, 0x28, 0x20, 0x18, 0xff, 0x20, 0x20, 0x20, 0xff,
    0x20, 0x20, 0x20, 0xff, 0x28, 0x20, 0x20, 0xff, 0x20, 0x20, 0x20, 0xff,
    0x20, 0x20, 0x20, 0xff, 0x28, 0x20, 0x20, 0xff, 0x20, 0x20, 0x20, 0xff,
    0x20, 0x20, 0x18, 0xff, 0x28, 0x20, 0x20, 0xff, 0x20, 0x20, 0x20, 0xff,
    0x20, 0x20, 0x18, 0xff, 0x20, 0x20, 0x20, 0xff, 0x28, 0x20, 0x20, 0xff,
    0x20, 0x20, 0x18, 0xff, 0x28, 0x20, 0x20, 0xff, 0x20, 0x20, 0x20, 0xff,
    0x28, 0x20, 0x20, 0xff, 0x20, 0x20, 0x20, 0xff, 0x20, 0x20, 0x20, 0xff,
    0x28, 0x20, 0x18, 0xff, 0x20, 0x20, 0x20, 0xff, 0x20, 0x20, 0x20, 0xff,
    0x28, 0x1c, 0x20, 0xff, 0x20, 0x20, 0x20, 0xff, 0x20, 0x20, 0x18, 0xff,
    0x20, 0x1c, 0x20, 0xff, 0x20, 0x20, 0x20, 0xff, 0x20, 0x1c, 0x18, 0xff,
    0x20, 0x20, 0x20, 0xff, 0x20, 0x20, 0x18, 0xff, 0x20, 0x1c, 0x20, 0xff,
    0x20, 0x1c, 0x20, 0xff, 0x20, 0x20, 0x18, 0xff, 0x20, 0x1c, 0x20, 0xff,
    0x20, 0x1c, 0x20, 0xff, 0x20, 0x20, 0x20, 0xff, 0x20, 0x20, 0x18, 0xff,
    0x20, 0x1c, 0x20, 0xff, 0x20, 0x1c, 0x20, 0xff, 0x20, 0x20, 0x18, 0xff,
    0x20, 0x1c, 0x20, 0xff, 0x20, 0x20, 0x20, 0xff, 0x20, 0x20, 0x18, 0xff,
    0x20, 0x1c, 0x20, 0xff, 0x20, 0x1c, 0x18, 0xff, 0x20, 0x1c, 0x18, 0xff,
    0x20, 0x1c, 0x20, 0xff, 0x20, 0x20, 0x20, 0xff, 0x20, 0x1c, 0x18, 0xff,
    0x20, 0x1c, 0x20, 0xff, 0x20, 0x1c, 0x18, 0xff, 0x20, 0x20, 0x20, 0xff,
    0x20, 0x1c, 0x18, 0xff, 0x20, 0x1c, 0x20, 0xff, 0x20, 0x1c, 0x20, 0xff,
    0x20, 0x1c, 0x18, 0xff, 0x18, 0x20, 0x18, 0xff, 0x20, 0x1c, 0x20, 0xff,
    0x20, 0x1c, 0x20, 0xff, 0x18, 0x1c, 0x18, 0xff, 0x20, 0x1c, 0x18, 0xff,
    0x20, 0x1c, 0x18, 0xff, 0x20, 0x1c, 0x20, 0xff, 0x20, 0x1c, 0x18, 0xff,
    0x18, 0x1c, 0x18, 0xff, 0x20, 0x1c, 0x20, 0xff, 0x20, 0x1c, 0x18, 0xff,
    0x20, 0x1c, 0x18, 0xff, 0x20, 0x1c, 0x20, 0xff, 0x20, 0x1c, 0x20, 0xff,
    0x20, 0x1c, 0x18, 0xff, 0x18, 0x1c, 0x20, 0xff, 0x20, 0x1c, 0x20, 0xff,
    0x20, 0x1c, 0x18, 0xff, 0x18, 0x1c, 0x20, 0xff, 0x20, 0x1c, 0x18, 0xff,
    0x20, 0x1c, 0x18, 0xff, 0x20, 0x1c, 0x18, 0xff, 0x20, 0x1c, 0x18, 0xff,
    0x18, 0x18, 0x18, 0xff, 0x20, 0x1c, 0x20, 0xff, 0x20, 0x1c, 0x18, 0xff,
    0x18, 0x1c, 0x18, 0xff, 0x20, 0x1c, 0x20, 0xff, 0x20, 0x18, 0x18, 0xff,
    0x18, 0x1c, 0x18, 0xff, 0x20, 0x1c, 0x18, 0xff, 0x20, 0x1c, 0x18, 0xff,
    0x20, 0x1c, 0x20, 0xff, 0x20, 0x18, 0x18, 0xff, 0x20, 0x1c, 0x18, 0xff,
    0x18, 0x1c, 0x20, 0xff, 0x20, 0x18, 0x18, 0xff, 0x20, 0x1c, 0x18, 0xff,
    0x18, 0x1c, 0x20, 0xff, 0x20, 0x1c, 0x18, 0xff, 0x20, 0x1c, 0x20, 0xff,
    0x18, 0x18, 0x18, 0xff, 0x20, 0x1c, 0x18, 0xff, 0x20, 0x1c, 0x20, 0xff,
    0x18, 0x18, 0x18, 0xff, 0x18, 0x18, 0x18, 0xff, 0x20, 0x1c, 0x18, 0xff,
    0x20, 0x1c, 0x18, 0xff, 0x18, 0x18, 0x18, 0xff, 0x20, 0x1c, 0x18, 0xff,
    0x20, 0x1c, 0x18, 0xff, 0x18, 0x18, 0x18, 0xff, 0x20, 0x18, 0x18, 0xff,
    0x20, 0x1c, 0x18, 0xff, 0x18, 0x1c, 0x18, 0xff, 0x20, 0x18, 0x18, 0xff,
    0x18, 0x1c, 0x18, 0xff, 0x18, 0x1c, 0x18, 0xff, 0x20, 0x18, 0x20, 0xff,
    0x20, 0x18, 0x18, 0xff, 0x20, 0x1c, 0x18, 0xff, 0x18, 0x18, 0x20, 0xff,
    0x20, 0x1c, 0x18, 0xff, 0x20, 0x1c, 0x18, 0xff, 0x18, 0x18, 0x18, 0xff,
    0x20, 0x18, 0x18, 0xff, 0x18, 0x1c, 0x18, 0xff, 0x18, 0x18, 0x18, 0xff,
    0x20, 0x18, 0x18, 0xff, 0x18, 0x1c, 0x18, 0xff, 0x18, 0x18, 0x18, 0xff,
    0x20, 0x18, 0x18, 0xff, 0x18, 0x18, 0x18, 0xff, 0x20, 0x18, 0x18, 0xff,
    0x20, 0x18, 0x18, 0xff, 0x18, 0x1c, 0x18, 0xff, 0x20, 0x18, 0x18, 0xff,
    0x20, 0x18, 0x18, 0xff, 0x18, 0x1c, 0x18, 0xff, 0x20, 0x18, 0x18, 0xff,
    0x18, 0x18, 0x18, 0xff, 0x18, 0x1c, 0x18, 0xff, 0x20, 0x18, 0x18, 0xff,
    0x18, 0x18, 0x18, 0xff, 0x18, 0x18, 0x18, 0xff, 0x20, 0x18, 0x18, 0xff,
    0x20, 0x18, 0x18, 0xff, 0x18, 0x18, 0x18, 0xff, 0x20, 0x18, 0x18, 0xff,
    0x18, 0x18, 0x18, 0xff, 0x20, 0x18, 0x18, 0xff, 0x18, 0x1c, 0x18, 0xff,
    0x20, 0x18, 0x18, 0xff, 0x18, 0x18, 0x18, 0xff, 0x20, 0x1c, 0x18, 0xff,
    0x18, 0x18, 0x18, 0xff, 0x18, 0x18, 0x18, 0xff, 0x20, 0x18, 0x18, 0xff,
    0x18, 0x1c, 0x18, 0xff, 0x20, 0x18, 0x18, 0xff, 0x18, 0x18, 0x18, 0xff,
    0x20, 0x1c, 0x18, 0xff, 0x18, 0x18, 0x18, 0xff, 0x20, 0x18, 0x18, 0xff,
    0x20, 0x18, 0x18, 0xff, 0x18, 0x18, 0x18, 0xff, 0x20, 0x18, 0x18, 0xff,
    0x20, 0x18, 0x18, 0xff, 0x18, 0x18, 0x18, 0xff, 0x20, 0x18, 0x18, 0xff,
    0x20, 0x1c, 0x18, 0xff, 0x18, 0x18, 0x18, 0xff, 0x20, 0x18, 0x18, 0xff,
    0x20, 0x18, 0x18, 0xff, 0x18, 0x1c, 0x18, 0xff, 0x20, 0x18, 0x18, 0xff,
    0x20, 0x1c, 0x18, 0xff, 0x18, 0x18, 0x18, 0xff, 0x18, 0x18, 0x18, 0xff,
    0x18, 0x18, 0x18, 0xff, 0x20, 0x18, 0x18, 0xff, 0x18, 0x18, 0x18, 0xff,
    0x20, 0x18, 0x18, 0xff, 0x18, 0x18, 0x18, 0xff, 0x20, 0x1c, 0x18, 0xff,
    0x20, 0x18, 0x18, 0xff, 0x18, 0x1c, 0x18, 0xff, 0x18, 0x18, 0x18, 0xff,
    0x20, 0x18, 0x18, 0xff, 0x18, 0x18, 0x18, 0xff, 0x18, 0x1c, 0x18, 0xff,
    0x20, 0x18, 0x18, 0xff, 0x18, 0x18, 0x18, 0xff, 0x18, 0x18, 0x18, 0xff,
    0x20, 0x18, 0x18, 0xff, 0x18, 0x18, 0x18, 0xff, 0x18, 0x1c, 0x18, 0xff,
    0x20, 0x18, 0x18, 0xff, 0x18, 0x18, 0x18, 0xff, 0x20, 0x18, 0x18, 0xff,
    0x20, 0x1c, 0x18, 0xff, 0x18, 0x18, 0x18, 0xff, 0x20, 0x18, 0x18, 0xff,
    0x18, 0x1c, 0x18, 0xff, 0x18, 0x18, 0x18, 0xff, 0x20, 0x18, 0x18, 0xff,
    0x18, 0x1c, 0x18, 0xff, 0x20, 0x18, 0x18, 0xff, 0x20, 0x1c, 0x18, 0xff,
    0x18, 0x1c, 0x18, 0xff, 0x18, 0x18, 0x18, 0xff, 0x20, 0x18, 0x18, 0xff,
    0x18, 0x18, 0x18, 0xff, 0x20, 0x1c, 0x18, 0xff, 0x20, 0x18, 0x18, 0xff,
    0x18, 0x18, 0x18, 0xff, 0x20, 0x1c, 0x18, 0xff, 0x20, 0x18, 0x18, 0xff,
    0x18, 0x1c, 0x18, 0xff, 0x20, 0x18, 0x18, 0xff, 0x18, 0x18, 0x18, 0xff,
    0x18, 0x1c, 0x18, 0xff, 0x20, 0x18, 0x18, 0xff, 0x18, 0x18, 0x18, 0xff,
    0x18, 0x1c, 0x18, 0xff, 0x20, 0x18, 0x18, 0xff, 0x20, 0x1c, 0x18, 0xff,
    0x18, 0x18, 0x18, 0xff, 0x20, 0x18, 0x18, 0xff, 0x20, 0x1c, 0x18, 0xff,
    0x18, 0x18, 0x18, 0xff, 0x20, 0x18, 0x18, 0xff, 0x20, 0x18, 0x18, 0xff,
    0x18, 0x18, 0x18, 0xff, 0x20, 0x18, 0x18, 0xff, 0x18, 0x18, 0x18, 0xff,
    0x18, 0x1c, 0x18, 0xff, 0x20, 0x18, 0x18, 0xff, 0x20, 0x1c, 0x18, 0xff,
    0x18, 0x18, 0x18, 0xff, 0x20, 0x18, 0x18, 0xff, 0x20, 0x18, 0x18, 0xff,
    0x18, 0x18, 0x18, 0xff, 0x20, 0x18, 0x18, 0xff, 0x70, 0x70, 0x70, 0xa2,
    0xf8, 0xfc, 0xf8, 0x00, 0x70, 0x6c, 0x68, 0xcf, 0x30, 0x30, 0x30, 0xff,
    0x30, 0x30, 0x30, 0xff, 0x38, 0x34, 0x30, 0xff, 0x30, 0x30, 0x30, 0xff,
    0x30, 0x30, 0x30, 0xff, 0x30, 0x30, 0x30, 0xff, 0x30, 0x30, 0x30, 0xff,
    0x30, 0x30, 0x28, 0xff, 0x38, 0x30, 0x30, 0xff, 0x30, 0x30, 0x30, 0xff,
    0x30, 0x30, 0x30, 0xff, 0x30, 0x30, 0x30, 0xff, 0x30, 0x30, 0x30, 0xff,
    0x30, 0x30, 0x30, 0xff, 0x30, 0x30, 0x30, 0xff, 0x30, 0x30, 0x30, 0xff,
    0x30, 0x30, 0x30, 0xff, 0x30, 0x30, 0x28, 0xff, 0x30, 0x30, 0x30, 0xff,
    0x30, 0x2c, 0x30, 0xff, 0x30, 0x2c, 0x30, 0xff, 0x30, 0x30, 0x30, 0xff,
    0x30, 0x2c, 0x28, 0xff, 0x30, 0x30, 0x30, 0xff, 0x30, 0x2c, 0x30, 0xff,
    0x30, 0x30, 0x30, 0xff, 0x30, 0x30, 0x30, 0xff, 0x30, 0x30, 0x30, 0xff,
    0x30, 0x2c, 0x28, 0xff, 0x30, 0x30, 0x30, 0xff, 0x30, 0x30, 0x30, 0xff,
    0x30, 0x2c, 0x28, 0xff, 0x30, 0x30, 0x30, 0xff, 0x28, 0x30, 0x30, 0xff,
    0x30, 0x2c, 0x28, 0xff, 0x30, 0x30, 0x30, 0xff, 0x30, 0x30, 0x30, 0xff,
    0x30, 0x2c, 0x28, 0xff, 0x30, 0x30, 0x28, 0xff, 0x28, 0x30, 0x30, 0xff,
    0x30, 0x2c, 0x28, 0xff, 0x30, 0x2c, 0x30, 0xff, 0x28, 0x30, 0x28, 0xff,
    0x30, 0x2c, 0x30, 0xff, 0x30, 0x2c, 0x30, 0xff, 0x28, 0x30, 0x28, 0xff,
    0x30, 0x2c, 0x28, 0xff, 0x30, 0x2c, 0x30, 0xff, 0x30, 0x2c, 0x28, 0xff,
    0x28, 0x30, 0x30, 0xff, 0x30, 0x2c, 0x30, 0xff, 0x30, 0x2c, 0x28, 0xff,
    0x28, 0x2c, 0x28, 0xff, 0x30, 0x2c, 0x30, 0xff, 0x30, 0x2c, 0x28, 0xff,
    0x28, 0x2c, 0x28, 0xff, 0x30, 0x2c, 0x30, 0xff, 0x30, 0x2c, 0x28, 0xff,
    0x28, 0x2c, 0x28, 0xff, 0x30, 0x2c, 0x30, 0xff, 0x28, 0x2c, 0x28, 0xff,
    0x30, 0x2c, 0x28, 0xff, 0x30, 0x2c, 0x30, 0xff, 0x30, 0x2c, 0x28, 0xff,
    0x30, 0x2c, 0x30, 0xff, 0x28, 0x28, 0x28, 0xff, 0x30, 0x2c, 0x28, 0xff,
    0x30, 0x2c, 0x30, 0xff, 0x28, 0x28, 0x28, 0xff, 0x28, 0x2c, 0x30, 0xff,
    0x30, 0x28, 0x28, 0xff, 0x30, 0x28, 0x28, 0xff, 0x28, 0x2c, 0x28, 0xff,
    0x30, 0x2c, 0x28, 0xff, 0x30, 0x2c, 0x28, 0xff, 0x28, 0x28, 0x28, 0xff,
    0x30, 0x2c, 0x30, 0xff, 0x28, 0x2c, 0x28, 0xff, 0x28, 0x28, 0x28, 0xff,
    0x30, 0x2c, 0x28, 0xff, 0x28, 0x2c, 0x28, 0xff, 0x28, 0x28, 0x30, 0xff,
    0x30, 0x2c, 0x28, 0xff, 0x28, 0x28, 0x28, 0xff, 0x28, 0x28, 0x30, 0xff,
    0x30, 0x2c, 0x28, 0xff, 0x28, 0x2c, 0x28, 0xff, 0x28, 0x28, 0x28, 0xff,
    0x30, 0x28, 0x28, 0xff, 0x28, 0x2c, 0x28, 0xff, 0x28, 0x28, 0x28, 0xff,
    0x30, 0x28, 0x28, 0xff, 0x28, 0x2c, 0x28, 0xff, 0x28, 0x28, 0x28, 0xff,
    0x30, 0x28, 0x28, 0xff, 0x28, 0x2c, 0x28, 0xff, 0x28, 0x28, 0x28, 0xff,
    0x30, 0x28, 0x28, 0xff, 0x28, 0x28, 0x28, 0xff, 0x28, 0x2c, 0x28, 0xff,
    0x28, 0x28, 0x28, 0xff, 0x30, 0x28, 0x28, 0xff, 0x28, 0x28, 0x28, 0xff,
    0x28, 0x28, 0x28, 0xff, 0x28, 0x28, 0x28, 0xff, 0x30, 0x28, 0x28, 0xff,
    0x28, 0x28, 0x28, 0xff, 0x28, 0x28, 0x28, 0xff, 0x30, 0x28, 0x20, 0xff,
    0x28, 0x28, 0x28, 0xff, 0x28, 0x28, 0x28, 0xff, 0x28, 0x28, 0x28, 0xff,
    0x28, 0x28, 0x20, 0xff, 0x28, 0x28, 0x28, 0xff, 0x28, 0x24, 0x28, 0xff,
    0x28, 0x24, 0x28, 0xff, 0x28, 0x28, 0x28, 0xff, 0x28, 0x24, 0x20, 0xff,
    0x28, 0x28, 0x28, 0xff, 0x28, 0x28, 0x28, 0xff, 0x28, 0x28, 0x28, 0xff,
    0x28, 0x28, 0x20, 0xff, 0x30, 0x28, 0x28, 0xff, 0x28, 0x28, 0x28, 0xff,
    0x28, 0x28, 0x28, 0xff, 0x28, 0x24, 0x28, 0xff, 0x28, 0x28, 0x20, 0xff,
    0x28, 0x24, 0x28, 0xff, 0x28, 0x24, 0x28, 0xff, 0x28, 0x28, 0x20, 0xff,
    0x28, 0x24, 0x28, 0xff, 0x28, 0x28, 0x28, 0xff, 0x28, 0x24, 0x20, 0xff,
    0x28, 0x24, 0x28, 0xff, 0x28, 0x28, 0x28, 0xff, 0x28, 0x24, 0x20, 0xff,
    0x28, 0x28, 0x28, 0xff, 0x28, 0x24, 0x20, 0xff, 0x28, 0x24, 0x28, 0xff,
    0x28, 0x24, 0x20, 0xff, 0x28, 0x24, 0x20, 0xff, 0x28, 0x24, 0x28, 0xff,
    0x28, 0x24, 0x20, 0xff, 0x28, 0x24, 0x28, 0xff, 0x20, 0x24, 0x20, 0xff,
    0x28, 0x24, 0x28, 0xff, 0x28, 0x24, 0x28, 0xff, 0x28, 0x24, 0x20, 0xff,
    0x28, 0x24, 0x20, 0xff, 0x28, 0x28, 0x28, 0xff, 0x28, 0x24, 0x20, 0xff,
    0x20, 0x24, 0x28, 0xff, 0x28, 0x24, 0x20, 0xff, 0x28, 0x24, 0x20, 0xff,
    0x20, 0x24, 0x28, 0xff, 0x28, 0x24, 0x20, 0xff, 0x28, 0x24, 0x28, 0xff,
    0x28, 0x24, 0x20, 0xff, 0x20, 0x24, 0x20, 0xff, 0x28, 0x24, 0x28, 0xff,
    0x28, 0x24, 0x20, 0xff, 0x20, 0x24, 0x20, 0xff, 0x28, 0x24, 0x28, 0xff,
    0x28, 0x24, 0x20, 0xff, 0x20, 0x24, 0x20, 0xff, 0x28, 0x20, 0x28, 0xff,
    0x28, 0x24, 0x28, 0xff, 0x20, 0x20, 0x20, 0xff, 0x28, 0x24, 0x20, 0xff,
    0x20, 0x24, 0x28, 0xff, 0x20, 0x24, 0x20, 0xff, 0x28, 0x24, 0x20, 0xff,
    0x28, 0x24, 0x28, 0xff, 0x20, 0x24, 0x28, 0xff, 0x28, 0x24, 0x20, 0xff,
    0x28, 0x24, 0x20, 0xff, 0x20, 0x24, 0x20, 0xff, 0x28, 0x20, 0x20, 0xff,
    0x28, 0x24, 0x20, 0xff, 0x20, 0x24, 0x20, 0xff, 0x28, 0x20, 0x28, 0xff,
    0x28, 0x24, 0x20, 0xff, 0x20, 0x24, 0x20, 0xff, 0x20, 0x20, 0x20, 0xff,
    0x28, 0x20, 0x20, 0xff, 0x20, 0x24, 0x20, 0xff, 0x20, 0x24, 0x20, 0xff,
    0x28, 0x20, 0x20, 0xff, 0x20, 0x24, 0x20, 0xff, 0x20, 0x20, 0x20, 0xff,
    0x28, 0x24, 0x20, 0xff, 0x28, 0x20, 0x20, 0xff, 0x20, 0x20, 0x20, 0xff,
    0x28, 0x24, 0x20, 0xff, 0x28, 0x20, 0x20, 0xff, 0x20, 0x20, 0x20, 0xff,
    0x20, 0x20, 0x20, 0xff, 0x28, 0x20, 0x20, 0xff, 0x20, 0x24, 0x20, 0xff,
    0x20, 0x20, 0x20, 0xff, 0x28, 0x20, 0x20, 0xff, 0x20, 0x20, 0x20, 0xff,
    0x28, 0x24, 0x20, 0xff, 0x20, 0x24, 0x20, 0xff, 0x20, 0x20, 0x20, 0xff,
    0x28, 0x20, 0x20, 0xff, 0x20, 0x20, 0x20, 0xff, 0x20, 0x20, 0x20, 0xff,
    0x28, 0x20, 0x20, 0xff, 0x20, 0x20, 0x20, 0xff, 0x20, 0x20, 0x18, 0xff,
    0x20, 0x20, 0x20, 0xff, 0x20, 0x20, 0x20, 0xff, 0x20, 0x20, 0x20, 0xff,
    0x28, 0x20, 0x20, 0xff, 0x20, 0x20, 0x20, 0xff, 0x20, 0x20, 0x20, 0xff,
    0x20, 0x20, 0x20, 0xff, 0x20, 0x20, 0x20, 0xff, 0x20, 0x20, 0x20, 0xff,
    0x20, 0x1c, 0x20, 0xff, 0x20, 0x20, 0x20, 0xff, 0x20, 0x1c, 0x18, 0xff,
    0x28, 0x20, 0x20, 0xff, 0x20, 0x1c, 0x18, 0xff, 0x20, 0x1c, 0x20, 0xff,
    0x28, 0x20, 0x20, 0xff, 0x20, 0x1c, 0x20, 0xff, 0x20, 0x20, 0x20, 0xff,
    0x20, 0x20, 0x18, 0xff, 0x20, 0x20, 0x20, 0xff, 0x20, 0x1c, 0x20, 0xff,
    0x20, 0x20, 0x20, 0xff, 0x20, 0x20, 0x20, 0xff, 0x20, 0x20, 0x20, 0xff,
    0x20, 0x1c, 0x18, 0xff, 0x20, 0x1c, 0x20, 0xff, 0x20, 0x20, 0x20, 0xff,
    0x28, 0x20, 0x18, 0xff, 0x20, 0x1c, 0x20, 0xff, 0x20, 0x20, 0x18, 0xff,
    0x20, 0x20, 0x20, 0xff, 0x28, 0x1c, 0x18, 0xff, 0x20, 0x1c, 0x20, 0xff,
    0x20, 0x20, 0x20, 0xff, 0x20, 0x20, 0x18, 0xff, 0x20, 0x1c, 0x20, 0xff,
    0x20, 0x20, 0x18, 0xff, 0x20, 0x1c, 0x20, 0xff, 0x20, 0x1c, 0x18, 0xff,
    0x20, 0x20, 0x20, 0xff, 0x20, 0x1c, 0x20, 0xff, 0x20, 0x1c, 0x18, 0xff,
    0x20, 0x20, 0x20, 0xff, 0x20, 0x1c, 0x18, 0xff, 0x20, 0x1c, 0x18, 0xff,
    0x20, 0x1c, 0x20, 0xff, 0x20, 0x1c, 0x20, 0xff, 0x20, 0x1c, 0x18, 0xff,
    0x20, 0x1c, 0x18, 0xff, 0x20, 0x1c, 0x20, 0xff, 0x20, 0x1c, 0x18, 0xff,
    0x20, 0x1c, 0x18, 0xff, 0x20, 0x1c, 0x20, 0xff, 0x20, 0x1c, 0x20, 0xff,
    0x20, 0x20, 0x18, 0xff, 0x20, 0x1c, 0x20, 0xff, 0x20, 0x1c, 0x20, 0xff,
    0x20, 0x1c, 0x18, 0xff, 0x20, 0x1c, 0x18, 0xff, 0x18, 0x1c, 0x20, 0xff,
    0x20, 0x1c, 0x18, 0xff, 0x20, 0x1c, 0x18, 0xff, 0x20, 0x1c, 0x20, 0xff,
    0x20, 0x1c, 0x18, 0xff, 0x18, 0x1c, 0x18, 0xff, 0x20, 0x1c, 0x20, 0xff,
    0x20, 0x1c, 0x18, 0xff, 0x20, 0x1c, 0x18, 0xff, 0x20, 0x1c, 0x18, 0xff,
    0x20, 0x1c, 0x18, 0xff, 0x18, 0x1c, 0x20, 0xff, 0x20, 0x1c, 0x20, 0xff,
    0x20, 0x1c, 0x18, 0xff, 0x18, 0x1c, 0x20, 0xff, 0x20, 0x1c, 0x18, 0xff,
    0x20, 0x1c, 0x18, 0xff, 0x20, 0x1c, 0x20, 0xff, 0x18, 0x18, 0x18, 0xff,
    0x20, 0x1c, 0x18, 0xff, 0x20, 0x1c, 0x18, 0xff, 0x20, 0x18, 0x18, 0xff,
    0x20, 0x1c, 0x18, 0xff, 0x20, 0x1c, 0x20, 0xff, 0x20, 0x18, 0x18, 0xff,
    0x18, 0x1c, 0x18, 0xff, 0x20, 0x1c, 0x18, 0xff, 0x20, 0x1c, 0x18, 0xff,
    0x18, 0x1c, 0x18, 0xff, 0x20, 0x18, 0x18, 0xff, 0x20, 0x1c, 0x20, 0xff,
    0x20, 0x1c, 0x18, 0xff, 0x18, 0x18, 0x18, 0xff, 0x20, 0x1c, 0x18, 0xff,
    0x20, 0x1c, 0x18, 0xff, 0x18, 0x18, 0x18, 0xff, 0x20, 0x18, 0x18, 0xff,
    0x20, 0x1c, 0x18, 0xff, 0x18, 0x18, 0x18, 0xff, 0x20, 0x1c, 0x18, 0xff,
    0x20, 0x18, 0x18, 0xff, 0x18, 0x1c, 0x18, 0xff, 0x20, 0x18, 0x18, 0xff,
    0x18, 0x18, 0x20, 0xff, 0x20, 0x1c, 0x18, 0xff, 0x18, 0x1c, 0x18, 0xff,
    0x20, 0x18, 0x18, 0xff, 0x18, 0x18, 0x18, 0xff, 0x20, 0x1c, 0x18, 0xff,
    0x20, 0x18, 0x18, 0xff, 0x20, 0x18, 0x18, 0xff, 0x18, 0x1c, 0x18, 0xff,
    0x20, 0x1c, 0x18, 0xff, 0x20, 0x18, 0x18, 0xff, 0x18, 0x1c, 0x18, 0xff,
    0x20, 0x18, 0x18, 0xff, 0x18, 0x18, 0x18, 0xff, 0x18, 0x1c, 0x18, 0xff,
    0x20, 0x18, 0x18, 0xff, 0x20, 0x18, 0x18, 0xff, 0x20, 0x18, 0x18, 0xff,
    0x18, 0x18, 0x18, 0xff, 0x20, 0x18, 0x18, 0xff, 0x20, 0x1c, 0x18, 0xff,
    0x18, 0x18, 0x18, 0xff, 0x20, 0x1c, 0x18, 0xff, 0x18, 0x1c, 0x18, 0xff,
    0x18, 0x18, 0x18, 0xff, 0x20, 0x18, 0x18, 0xff, 0x18, 0x18, 0x18, 0xff,
    0x20, 0x18, 0x18, 0xff, 0x18, 0x18, 0x18, 0xff, 0x20, 0x1c, 0x18, 0xff,
    0x20, 0x18, 0x18, 0xff, 0x18, 0x18, 0x18, 0xff, 0x20, 0x1c, 0x18, 0xff,
    0x20, 0x18, 0x18, 0xff, 0x18, 0x18, 0x18, 0xff, 0x18, 0x1c, 0x18, 0xff,
    0x20, 0x18, 0x18, 0xff, 0x18, 0x1c, 0x18, 0xff, 0x20, 0x18, 0x18, 0xff,
    0x20, 0x18, 0x18, 0xff, 0x18, 0x1c, 0x18, 0xff, 0x18, 0x18, 0x18, 0xff,
    0x20, 0x18, 0x18, 0xff, 0x18, 0x1c, 0x18, 0xff, 0x20, 0x18, 0x18, 0xff,
    0x20, 0x18, 0x18, 0xff, 0x18, 0x18, 0x18, 0xff, 0x20, 0x18, 0x18, 0xff,
    0x18, 0x18, 0x18, 0xff, 0x18, 0x1c, 0x18, 0xff, 0x20, 0x18, 0x18, 0xff,
    0x20, 0x18, 0x18, 0xff, 0x18, 0x1c, 0x18, 0xff, 0x18, 0x18, 0x18, 0xff,
    0x18, 0x18, 0x18, 0xff, 0x20, 0x1c, 0x18, 0xff, 0x18, 0x18, 0x18, 0xff,
    0x18, 0x1c, 0x18, 0xff, 0x20, 0x18, 0x18, 0xff, 0x18, 0x18, 0x18, 0xff,
    0x18, 0x18, 0x18, 0xff, 0x20, 0x18, 0x18, 0xff, 0x18, 0x18, 0x18, 0xff,
    0x18, 0x18, 0x18, 0xff, 0x20, 0x18, 0x18, 0xff, 0x18, 0x18, 0x18, 0xff,
    0x18, 0x1c, 0x18, 0xff, 0x20, 0x18, 0x18, 0xff, 0x20, 0x1c, 0x18, 0xff,
    0x18, 0x18, 0x18, 0xff, 0x20, 0x1c, 0x18, 0xff, 0x20, 0x18, 0x18, 0xff,
    0x18, 0x1c, 0x18, 0xff, 0x18, 0x18, 0x18, 0xff, 0x20, 0x18, 0x18, 0xff,
    0x18, 0x18, 0x18, 0xff, 0x20, 0x18, 0x18, 0xff, 0x20, 0x1c, 0x18, 0xff,
    0x18, 0x18, 0x18, 0xff, 0x20, 0x18, 0x18, 0xff, 0x20, 0x1c, 0x18, 0xff,
    0x18, 0x18, 0x18, 0xff, 0x20, 0x18, 0x18, 0xff, 0x20, 0x1c, 0x18, 0xff,
    0x18, 0x18, 0x18, 0xff, 0x20, 0x18, 0x18, 0xff, 0x20, 0x1c, 0x18, 0xff,
    0x18, 0x18, 0x18, 0xff, 0x20, 0x18, 0x18, 0xff, 0x18, 0x1c, 0x18, 0xff,
    0x18, 0x18, 0x18, 0xff, 0x20, 0x18, 0x18, 0xff, 0x20, 0x18, 0x18, 0xff,
    0x18, 0x1c, 0x18, 0xff, 0x20, 0x18, 0x18, 0xff, 0x20, 0x18, 0x18, 0xff,
    0x18, 0x18, 0x18, 0xff, 0x18, 0x18, 0x18, 0xff, 0x20, 0x18, 0x18, 0xff,
    0x20, 0x18, 0x18, 0xff, 0x18, 0x18, 0x18, 0xff, 0x20, 0x18, 0x18, 0xff,
    0x18, 0x1c, 0x18, 0xff, 0x18, 0x18, 0x18, 0xff, 0x20, 0x18, 0x18, 0xff,
    0x18, 0x18, 0x18, 0xff, 0x18, 0x18, 0x18, 0xff, 0x20, 0x18, 0x18, 0xff,
    0x18, 0x18, 0x18, 0xff, 0x20, 0x18, 0x18, 0xff, 0x20, 0x1c, 0x18, 0xff,
    0x18, 0x18, 0x18, 0xff, 0x20, 0x18, 0x18, 0xff, 0x18, 0x18, 0x18, 0xff,
    0x20, 0x18, 0x18, 0xff, 0x18, 0x18, 0x18, 0xff, 0x18, 0x18, 0x18, 0xff,
    0x20, 0x1c, 0x18, 0xff, 0x18, 0x18, 0x18, 0xff, 0x18, 0x18, 0x18, 0xff,
    0x20, 0x18, 0x18, 0xff, 0x18, 0x18, 0x18, 0xff, 0x18, 0x1c, 0x18, 0xff,
    0x20, 0x1c, 0x18, 0xff, 0x20, 0x18, 0x18, 0xff, 0x18, 0x18, 0x18, 0xff,
    0x20, 0x1c, 0x18, 0xff, 0x18, 0x18, 0x18, 0xff, 0x18, 0x18, 0x18, 0xff,
    0x20, 0x18, 0x18, 0xff, 0x18, 0x1c, 0x18, 0xff, 0x20, 0x18, 0x18, 0xff,
    0x18, 0x18, 0x18, 0xff, 0x18, 0x1c, 0x18, 0xff, 0x20, 0x18, 0x18, 0xff,
    0x70, 0x70, 0x70, 0x9e, 0xf8, 0xfc, 0xf8, 0x00, 0x70, 0x6c, 0x68, 0xcf,
    0x30, 0x30, 0x30, 0xff, 0x30, 0x30, 0x30, 0xff, 0x30, 0x30, 0x30, 0xff,
    0x30, 0x30, 0x30, 0xff, 0x38, 0x34, 0x30, 0xff, 0x38, 0x30, 0x30, 0xff,
    0x30, 0x30, 0x30, 0xff, 0x30, 0x30, 0x30, 0xff, 0x30, 0x30, 0x30, 0xff,
    0x30, 0x30, 0x30, 0xff, 0x30, 0x30, 0x30, 0xff, 0x38, 0x30, 0x30, 0xff,
    0x30, 0x30, 0x30, 0xff, 0x30, 0x30, 0x28, 0xff, 0x30, 0x30, 0x30, 0xff,
    0x30, 0x30, 0x30, 0xff, 0x30, 0x30, 0x30, 0xff, 0x30, 0x30, 0x28, 0xff,
    0x30, 0x30, 0x30, 0xff, 0x30, 0x30, 0x30, 0xff, 0x30, 0x30, 0x28, 0xff,
    0x30, 0x30, 0x30, 0xff, 0x30, 0x30, 0x30, 0xff, 0x30, 0x2c, 0x30, 0xff,
    0x30, 0x30, 0x28, 0xff, 0x30, 0x2c, 0x30, 0xff, 0x30, 0x30, 0x30, 0xff,
    0x30, 0x30, 0x28, 0xff, 0x30, 0x2c, 0x30, 0xff, 0x30, 0x2c, 0x30, 0xff,
    0x30, 0x30, 0x28, 0xff, 0x30, 0x2c, 0x30, 0xff, 0x30, 0x30, 0x28, 0xff,
    0x30, 0x2c, 0x30, 0xff, 0x30, 0x2c, 0x30, 0xff, 0x30, 0x30, 0x28, 0xff,
    0x28, 0x2c, 0x30, 0xff, 0x30, 0x30, 0x30, 0xff, 0x30, 0x2c, 0x30, 0xff,
    0x30, 0x30, 0x30, 0xff, 0x30, 0x2c, 0x28, 0xff, 0x30, 0x2c, 0x30, 0xff,
    0x30, 0x30, 0x28, 0xff, 0x28, 0x2c, 0x28, 0xff, 0x30, 0x2c, 0x30, 0xff,
    0x30, 0x2c, 0x30, 0xff, 0x28, 0x2c, 0x28, 0xff, 0x30, 0x30, 0x30, 0xff,
    0x30, 0x2c, 0x28, 0xff, 0x28, 0x2c, 0x28, 0xff, 0x30, 0x2c, 0x30, 0xff,
    0x30, 0x2c, 0x28, 0xff, 0x30, 0x2c, 0x30, 0xff, 0x28, 0x2c, 0x28, 0xff,
    0x30, 0x2c, 0x30, 0xff, 0x30, 0x2c, 0x28, 0xff, 0x28, 0x2c, 0x30, 0xff,
    0x30, 0x2c, 0x28, 0xff, 0x30, 0x2c, 0x28, 0xff, 0x28, 0x2c, 0x30, 0xff,
    0x30, 0x2c, 0x28, 0xff, 0x28, 0x2c, 0x28, 0xff, 0x30, 0x2c, 0x30, 0xff,
    0x30, 0x2c, 0x28, 0xff, 0x28, 0x2c, 0x28, 0xff, 0x30, 0x2c, 0x30, 0xff,
    0x30, 0x2c, 0x28, 0xff, 0x28, 0x2c, 0x28, 0xff, 0x30, 0x2c, 0x30, 0xff,
    0x30, 0x2c, 0x28, 0xff, 0x28, 0x2c, 0x28, 0xff, 0x28, 0x2c, 0x30, 0xff,
    0x30, 0x28, 0x28, 0xff, 0x28, 0x2c, 0x30, 0xff, 0x30, 0x2c, 0x28, 0xff,
    0x30, 0x28, 0x28, 0xff, 0x28, 0x28, 0x28, 0xff, 0x30, 0x2c, 0x28, 0xff,
    0x28, 0x28, 0x28, 0xff, 0x30, 0x2c, 0x28, 0xff, 0x28, 0x28, 0x28, 0xff,
    0x30, 0x2c, 0x28, 0xff, 0x28, 0x2c, 0x28, 0xff, 0x28, 0x28, 0x28, 0xff,
    0x30, 0x2c, 0x28, 0xff, 0x28, 0x28, 0x28, 0xff, 0x28, 0x2c, 0x28, 0xff,
    0x30, 0x28, 0x28, 0xff, 0x30, 0x28, 0x28, 0xff, 0x28, 0x28, 0x28, 0xff,
    0x28, 0x28, 0x28, 0xff, 0x30, 0x2c, 0x28, 0xff, 0x28, 0x28, 0x28, 0xff,
    0x30, 0x28, 0x28, 0xff, 0x28, 0x28, 0x28, 0xff, 0x28, 0x28, 0x28, 0xff,
    0x28, 0x2c, 0x28, 0xff, 0x30, 0x28, 0x28, 0xff, 0x28, 0x28, 0x28, 0xff,
    0x28, 0x28, 0x28, 0xff, 0x28, 0x28, 0x28, 0xff, 0x28, 0x28, 0x28, 0xff,
    0x30, 0x28, 0x28, 0xff, 0x28, 0x28, 0x28, 0xff, 0x28, 0x28, 0x28, 0xff,
    0x28, 0x28, 0x28, 0xff, 0x28, 0x28, 0x28, 0xff, 0x28, 0x28, 0x28, 0xff,
    0x30, 0x28, 0x28, 0xff, 0x28, 0x28, 0x28, 0xff, 0x28, 0x28, 0x28, 0xff,
    0x30, 0x28, 0x28, 0xff, 0x28, 0x28, 0x28, 0xff, 0x28, 0x28, 0x20, 0xff,
    0x30, 0x28, 0x28, 0xff, 0x28, 0x28, 0x28, 0xff, 0x28, 0x28, 0x20, 0xff,
    0x28, 0x28, 0x28, 0xff, 0x28, 0x24, 0x28, 0xff, 0x28, 0x28, 0x28, 0xff,
    0x28, 0x24, 0x28, 0xff, 0x28, 0x28, 0x20, 0xff, 0x28, 0x24, 0x28, 0xff,
    0x28, 0x28, 0x28, 0xff, 0x28, 0x28, 0x20, 0xff, 0x28, 0x24, 0x28, 0xff,
    0x28, 0x28, 0x28, 0xff, 0x28, 0x28, 0x20, 0xff, 0x28, 0x24, 0x28, 0xff,
    0x28, 0x28, 0x20, 0xff, 0x28, 0x28, 0x28, 0xff, 0x28, 0x24, 0x28, 0xff,
    0x28, 0x28, 0x20, 0xff, 0x28, 0x24, 0x28, 0xff, 0x28, 0x28, 0x28, 0xff,
    0x28, 0x24, 0x20, 0xff, 0x28, 0x24, 0x28, 0xff, 0x28, 0x24, 0x28, 0xff,
    0x28, 0x28, 0x20, 0xff, 0x20, 0x24, 0x28, 0xff, 0x28, 0x24, 0x28, 0xff,
    0x28, 0x28, 0x20, 0xff, 0x28, 0x24, 0x20, 0xff, 0x28, 0x24, 0x28, 0xff,
    0x28, 0x28, 0x20, 0xff, 0x28, 0x24, 0x20, 0xff, 0x20, 0x28, 0x28, 0xff,
    0x28, 0x24, 0x20, 0xff, 0x28, 0x24, 0x28, 0xff, 0x28, 0x24, 0x20, 0xff,
    0x28, 0x24, 0x20, 0xff, 0x28, 0x24, 0x28, 0xff, 0x28, 0x24, 0x20, 0xff,
    0x28, 0x24, 0x28, 0xff, 0x20, 0x24, 0x20, 0xff, 0x28, 0x24, 0x20, 0xff,
    0x28, 0x24, 0x28, 0xff, 0x20, 0x24, 0x20, 0xff, 0x28, 0x24, 0x20, 0xff,
    0x28, 0x24, 0x28, 0xff, 0x20, 0x24, 0x28, 0xff, 0x28, 0x24, 0x20, 0xff,
    0x28, 0x24, 0x28, 0xff, 0x28, 0x24, 0x20, 0xff, 0x20, 0x24, 0x20, 0xff,
    0x28, 0x24, 0x20, 0xff, 0x28, 0x24, 0x20, 0xff, 0x20, 0x20, 0x20, 0xff,
    0x28, 0x24, 0x28, 0xff, 0x28, 0x20, 0x20, 0xff, 0x28, 0x24, 0x20, 0xff,
    0x20, 0x24, 0x20, 0xff, 0x28, 0x20, 0x20, 0xff, 0x20, 0x20, 0x20, 0xff,
    0x28, 0x24, 0x28, 0xff, 0x20, 0x24, 0x20, 0xff, 0x28, 0x24, 0x28, 0xff,
    0x20, 0x20, 0x20, 0xff, 0x28, 0x24, 0x20, 0xff, 0x28, 0x20, 0x20, 0xff,
    0x20, 0x20, 0x20, 0xff, 0x28, 0x24, 0x20, 0xff, 0x28, 0x20, 0x28, 0xff,
    0x20, 0x24, 0x20, 0xff, 0x28, 0x20, 0x20, 0xff, 0x20, 0x20, 0x28, 0xff,
    0x28, 0x24, 0x20, 0xff, 0x28, 0x20, 0x20, 0xff, 0x20, 0x24, 0x20, 0xff,
    0x20, 0x24, 0x28, 0xff, 0x28, 0x20, 0x20, 0xff, 0x20, 0x20, 0x20, 0xff,
    0x28, 0x24, 0x20, 0xff, 0x20, 0x20, 0x20, 0xff, 0x28, 0x20, 0x20, 0xff,
    0x28, 0x24, 0x20, 0xff, 0x20, 0x20, 0x20, 0xff, 0x20, 0x20, 0x20, 0xff,
    0x28, 0x20, 0x20, 0xff, 0x20, 0x20, 0x20, 0xff, 0x20, 0x24, 0x20, 0xff,
    0x28, 0x20, 0x20, 0xff, 0x20, 0x20, 0x20, 0xff, 0x28, 0x20, 0x20, 0xff,
    0x20, 0x20, 0x20, 0xff, 0x20, 0x20, 0x20, 0xff, 0x28, 0x20, 0x20, 0xff,
    0x20, 0x20, 0x20, 0xff, 0x28, 0x20, 0x20, 0xff, 0x28, 0x20, 0x20, 0xff,
    0x20, 0x20, 0x20, 0xff, 0x20, 0x20, 0x20, 0xff, 0x28, 0x20, 0x20, 0xff,
    0x20, 0x20, 0x18, 0xff, 0x20, 0x20, 0x20, 0xff, 0x20, 0x20, 0x20, 0xff,
    0x28, 0x20, 0x20, 0xff, 0x20, 0x20, 0x20, 0xff, 0x28, 0x20, 0x20, 0xff,
    0x28, 0x20, 0x20, 0xff, 0x20, 0x20, 0x18, 0xff, 0x20, 0x20, 0x20, 0xff,
    0x20, 0x20, 0x20, 0xff, 0x20, 0x20, 0x20, 0xff, 0x20, 0x20, 0x20, 0xff,
    0x20, 0x20, 0x18, 0xff, 0x20, 0x20, 0x20, 0xff, 0x28, 0x20, 0x20, 0xff,
    0x20, 0x1c, 0x18, 0xff, 0x20, 0x20, 0x20, 0xff, 0x20, 0x20, 0x20, 0xff,
    0x20, 0x20, 0x18, 0xff, 0x20, 0x1c, 0x20, 0xff, 0x28, 0x20, 0x20, 0xff,
    0x20, 0x20, 0x18, 0xff, 0x20, 0x1c, 0x20, 0xff, 0x28, 0x1c, 0x20, 0xff,
    0x20, 0x20, 0x18, 0xff, 0x20, 0x1c, 0x20, 0xff, 0x20, 0x1c, 0x20, 0xff,
    0x20, 0x20, 0x20, 0xff, 0x20, 0x20, 0x18, 0xff, 0x20, 0x1c, 0x20, 0xff,
    0x20, 0x20, 0x18, 0xff, 0x20, 0x1c, 0x20, 0xff, 0x20, 0x1c, 0x20, 0xff,
    0x20, 0x20, 0x18, 0xff, 0x20, 0x20, 0x20, 0xff, 0x20, 0x1c, 0x20, 0xff,
    0x20, 0x20, 0x18, 0xff, 0x20, 0x1c, 0x20, 0xff, 0x20, 0x1c, 0x18, 0xff,
    0x20, 0x1c, 0x20, 0xff, 0x20, 0x20, 0x20, 0xff, 0x20, 0x1c, 0x18, 0xff,
    0x20, 0x1c, 0x18, 0xff, 0x20, 0x20, 0x20, 0xff, 0x20, 0x20, 0x18, 0xff,
    0x20, 0x1c, 0x20, 0xff, 0x20, 0x1c, 0x20, 0xff, 0x20, 0x20, 0x18, 0xff,
    0x20, 0x20, 0x20, 0xff, 0x20, 0x1c, 0x18, 0xff, 0x20, 0x1c, 0x20, 0xff,
    0x20, 0x1c, 0x18, 0xff, 0x20, 0x1c, 0x18, 0xff, 0x20, 0x20, 0x20, 0xff,
    0x20, 0x1c, 0x18, 0xff, 0x20, 0x1c, 0x18, 0xff, 0x20, 0x1c, 0x20, 0xff,
    0x20, 0x1c, 0x18, 0xff, 0x20, 0x1c, 0x20, 0xff, 0x20, 0x1c, 0x18, 0xff,
    0x20, 0x1c, 0x18, 0xff, 0x20, 0x1c, 0x20, 0xff, 0x20, 0x1c, 0x18, 0xff,
    0x20, 0x1c, 0x18, 0xff, 0x20, 0x1c, 0x20, 0xff, 0x20, 0x1c, 0x18, 0xff,
    0x20, 0x1c, 0x18, 0xff, 0x20, 0x1c, 0x20, 0xff, 0x20, 0x1c, 0x18, 0xff,
    0x20, 0x1c, 0x18, 0xff, 0x20, 0x1c, 0x18, 0xff, 0x20, 0x1c, 0x20, 0xff,
    0x18, 0x1c, 0x18, 0xff, 0x20, 0x18, 0x18, 0xff, 0x20, 0x1c, 0x18, 0xff,
    0x20, 0x1c, 0x18, 0xff, 0x18, 0x1c, 0x20, 0xff, 0x20, 0x18, 0x18, 0xff,
    0x20, 0x1c, 0x18, 0xff, 0x18, 0x1c, 0x20, 0xff, 0x20, 0x1c, 0x18, 0xff,
    0x20, 0x18, 0x18, 0xff, 0x18, 0x1c, 0x20, 0xff, 0x20, 0x1c, 0x18, 0xff,
    0x20, 0x18, 0x20, 0xff, 0x20, 0x1c, 0x18, 0xff, 0x20, 0x1c, 0x18, 0xff,
    0x20, 0x1c, 0x18, 0xff, 0x20, 0x1c, 0x18, 0xff, 0x18, 0x18, 0x20, 0xff,
    0x20, 0x1c, 0x18, 0xff, 0x18, 0x1c, 0x18, 0xff, 0x20, 0x18, 0x18, 0xff,
    0x20, 0x18, 0x18, 0xff, 0x18, 0x1c, 0x18, 0xff, 0x20, 0x1c, 0x18, 0xff,
    0x20, 0x18, 0x20, 0xff, 0x18, 0x1c, 0x18, 0xff, 0x20, 0x18, 0x18, 0xff,
    0x20, 0x1c, 0x18, 0xff, 0x18, 0x18, 0x18, 0xff, 0x20, 0x18, 0x18, 0xff,
    0x20, 0x1c, 0x18, 0xff, 0x18, 0x1c, 0x20, 0xff, 0x20, 0x18, 0x18, 0xff,
    0x18, 0x1c, 0x18, 0xff, 0x20, 0x1c, 0x20, 0xff, 0x20, 0x18, 0x18, 0xff,
    0x18, 0x18, 0x18, 0xff, 0x20, 0x1c, 0x18, 0xff, 0x18, 0x18, 0x20, 0xff,
    0x20, 0x1c, 0x18, 0xff, 0x20, 0x1c, 0x18, 0xff, 0x18, 0x18, 0x18, 0xff,
    0x20, 0x1c, 0x20, 0xff, 0x18, 0x18, 0x18, 0xff, 0x18, 0x18, 0x18, 0xff,
    0x20, 0x1c, 0x18, 0xff, 0x18, 0x18, 0x18, 0xff, 0x18, 0x18, 0x18, 0xff,
    0x20, 0x18, 0x18, 0xff, 0x18, 0x18, 0x18, 0xff, 0x20, 0x18, 0x18, 0xff,
    0x20, 0x18, 0x18, 0xff, 0x18, 0x1c, 0x18, 0xff, 0x20, 0x18, 0x18, 0xff,
    0x18, 0x1c, 0x18, 0xff, 0x18, 0x18, 0x18, 0xff, 0x20, 0x18, 0x18, 0xff,
    0x18, 0x18, 0x18, 0xff, 0x18, 0x18, 0x18, 0xff, 0x20, 0x18, 0x18, 0xff,
    0x18, 0x18, 0x18, 0xff, 0x20, 0x18, 0x18, 0xff, 0x20, 0x1c, 0x18, 0xff,
    0x18, 0x18, 0x18, 0xff, 0x20, 0x18, 0x18, 0xff, 0x18, 0x1c, 0x18, 0xff,
    0x18, 0x18, 0x18, 0xff, 0x20, 0x18, 0x18, 0xff, 0x20, 0x1c, 0x18, 0xff,
    0x18, 0x18, 0x18, 0xff, 0x20, 0x18, 0x18, 0xff, 0x18, 0x18, 0x18, 0xff,
    0x18, 0x18, 0x18, 0xff, 0x20, 0x1c, 0x18, 0xff, 0x18, 0x18, 0x18, 0xff,
    0x20, 0x1c, 0x18, 0xff, 0x20, 0x18, 0x18, 0xff, 0x18, 0x18, 0x18, 0xff,
    0x18, 0x18, 0x18, 0xff, 0x20, 0x18, 0x18, 0xff, 0x20, 0x18, 0x18, 0xff,
    0x18, 0x1c, 0x18, 0xff, 0x20, 0x18, 0x18, 0xff, 0x20, 0x18, 0x18, 0xff,
    0x18, 0x1c, 0x18, 0xff, 0x20, 0x18, 0x18, 0xff, 0x20, 0x1c, 0x18, 0xff,
    0x18, 0x18, 0x18, 0xff, 0x20, 0x1c, 0x18, 0xff, 0x20, 0x18, 0x18, 0xff,
    0x18, 0x1c, 0x18, 0xff, 0x20, 0x1c, 0x18, 0xff, 0x20, 0x18, 0x18, 0xff,
    0x18, 0x18, 0x18, 0xff, 0x18, 0x18, 0x18, 0xff, 0x20, 0x18, 0x18, 0xff,
    0x18, 0x18, 0x18, 0xff, 0x20, 0x18, 0x18, 0xff, 0x20, 0x18, 0x18, 0xff,
    0x18, 0x1c, 0x18, 0xff, 0x20, 0x18, 0x18, 0xff, 0x20, 0x18, 0x18, 0xff,
    0x18, 0x1c, 0x18, 0xff, 0x18, 0x18, 0x18, 0xff, 0x18, 0x18, 0x18, 0xff,
    0x20, 0x18, 0x18, 0xff, 0x18, 0x18, 0x18, 0xff, 0x18, 0x1c, 0x18, 0xff,
    0x20, 0x18, 0x18, 0xff, 0x18, 0x18, 0x18, 0xff, 0x18, 0x18, 0x18, 0xff,
    0x20, 0x1c, 0x18, 0xff, 0x18, 0x18, 0x18, 0xff, 0x18, 0x18, 0x18, 0xff,
    0x20, 0x18, 0x18, 0xff, 0x20, 0x18, 0x18, 0xff, 0x18, 0x18, 0x18, 0xff,
    0x20, 0x18, 0x18, 0xff, 0x18, 0x1c, 0x18, 0xff, 0x18, 0x18, 0x18, 0xff,
    0x20, 0x18, 0x18, 0xff, 0x18, 0x18, 0x18, 0xff, 0x18, 0x18, 0x18, 0xff,
    0x20, 0x1c, 0x18, 0xff, 0x20, 0x18, 0x18, 0xff, 0x18, 0x18, 0x18, 0xff,
    0x18, 0x1c, 0x18, 0xff, 0x20, 0x18, 0x18, 0xff, 0x18, 0x18, 0x18, 0xff,
    0x20, 0x18, 0x18, 0xff, 0x20, 0x18, 0x18, 0xff, 0x18, 0x1c, 0x18, 0xff,
    0x20, 0x18, 0x18, 0xff, 0x18, 0x18, 0x18, 0xff, 0x20, 0x1c, 0x18, 0xff,
    0x18, 0x18, 0x18, 0xff, 0x18, 0x18, 0x18, 0xff, 0x20, 0x18, 0x18, 0xff,
    0x18, 0x1c, 0x18, 0xff, 0x20, 0x18, 0x18, 0xff, 0x18, 0x18, 0x18, 0xff,
    0x20, 0x1c, 0x18, 0xff, 0x20, 0x18, 0x18, 0xff, 0x18, 0x18, 0x18, 0xff,
    0x20, 0x18, 0x18, 0xff, 0x20, 0x18, 0x18, 0xff, 0x18, 0x1c, 0x18, 0xff,
    0x20, 0x18, 0x18, 0xff, 0x20, 0x18, 0x18, 0xff, 0x18, 0x18, 0x18, 0xff,
    0x18, 0x18, 0x18, 0xff, 0x20, 0x18, 0x18, 0xff, 0x18, 0x18, 0x18, 0xff,
    0x18, 0x1c, 0x18, 0xff, 0x20, 0x18, 0x18, 0xff, 0x20, 0x18, 0x18, 0xff,
    0x18, 0x18, 0x18, 0xff, 0x18, 0x18, 0x18, 0xff, 0x20, 0x18, 0x18, 0xff,
    0x18, 0x1c, 0x18, 0xff, 0x20, 0x18, 0x18, 0xff, 0x20, 0x18, 0x18, 0xff,
    0x18, 0x1c, 0x18, 0xff, 0x70, 0x70, 0x70, 0xa2, 0xf8, 0xfc, 0xf8, 0x00,
    0x70, 0x6c, 0x68, 0xcf, 0x30, 0x30, 0x30, 0xff, 0x30, 0x34, 0x30, 0xff,
    0x30, 0x30, 0x30, 0xff, 0x30, 0x30, 0x30, 0xff, 0x30, 0x30, 0x30, 0xff,
    0x30, 0x30, 0x30, 0xff, 0x30, 0x30, 0x30, 0xff, 0x30, 0x30, 0x30, 0xff,
    0x30, 0x30, 0x30, 0xff, 0x30, 0x30, 0x28, 0xff, 0x30, 0x30, 0x30, 0xff,
    0x30, 0x30, 0x30, 0xff, 0x30, 0x30, 0x30, 0xff, 0x38, 0x30, 0x30, 0xff,
    0x30, 0x30, 0x30, 0xff, 0x30, 0x30, 0x30, 0xff, 0x38, 0x30, 0x30, 0xff,
    0x30, 0x30, 0x30, 0xff, 0x30, 0x2c, 0x30, 0xff, 0x30, 0x30, 0x30, 0xff,
    0x30, 0x30, 0x28, 0xff, 0x30, 0x30, 0x30, 0xff, 0x30, 0x30, 0x30, 0xff,
    0x30, 0x30, 0x30, 0xff, 0x30, 0x30, 0x28, 0xff, 0x30, 0x30, 0x30, 0xff,
    0x30, 0x2c, 0x30, 0xff, 0x30, 0x30, 0x30, 0xff, 0x30, 0x2c, 0x28, 0xff,
    0x30, 0x30, 0x30, 0xff, 0x30, 0x2c, 0x30, 0xff, 0x30, 0x30, 0x28, 0xff,
    0x30, 0x2c, 0x30, 0xff, 0x30, 0x30, 0x28, 0xff, 0x30, 0x30, 0x30, 0xff,
    0x30, 0x2c, 0x28, 0xff, 0x30, 0x2c, 0x28, 0xff, 0x30, 0x30, 0x30, 0xff,
    0x30, 0x2c, 0x30, 0xff, 0x30, 0x2c, 0x28, 0xff, 0x30, 0x2c, 0x30, 0xff,
    0x30, 0x2c, 0x30, 0xff, 0x30, 0x2c, 0x28, 0xff, 0x30, 0x2c, 0x28, 0xff,
    0x30, 0x30, 0x30, 0xff, 0x30, 0x2c, 0x28, 0xff, 0x30, 0x2c, 0x30, 0xff,
    0x30, 0x2c, 0x30, 0xff, 0x30, 0x30, 0x28, 0xff, 0x30, 0x2c, 0x30, 0xff,
    0x28, 0x2c, 0x28, 0xff, 0x30, 0x2c, 0x28, 0xff, 0x30, 0x2c, 0x28, 0xff,
    0x30, 0x2c, 0x30, 0xff, 0x30, 0x2c, 0x28, 0xff, 0x30, 0x2c, 0x28, 0xff,
    0x28, 0x2c, 0x30, 0xff, 0x30, 0x2c, 0x28, 0xff, 0x30, 0x2c, 0x28, 0xff,
    0x28, 0x2c, 0x30, 0xff, 0x30, 0x2c, 0x28, 0xff, 0x30, 0x2c, 0x28, 0xff,
    0x28, 0x2c, 0x30, 0xff, 0x28, 0x2c, 0x28, 0xff, 0x30, 0x28, 0x28, 0xff,
    0x30, 0x2c, 0x28, 0xff, 0x28, 0x28, 0x28, 0xff, 0x30, 0x2c, 0x28, 0xff,
    0x30, 0x28, 0x28, 0xff, 0x28, 0x2c, 0x28, 0xff, 0x28, 0x2c, 0x28, 0xff,
    0x30, 0x2c, 0x28, 0xff, 0x28, 0x2c, 0x30, 0xff, 0x28, 0x28, 0x28, 0xff,
    0x30, 0x2c, 0x28, 0xff, 0x28, 0x28, 0x28, 0xff, 0x28, 0x2c, 0x28, 0xff,
    0x30, 0x28, 0x28, 0xff, 0x30, 0x2c, 0x30, 0xff, 0x28, 0x28, 0x28, 0xff,
    0x30, 0x28, 0x28, 0xff, 0x30, 0x2c, 0x28, 0xff, 0x28, 0x28, 0x28, 0xff,
    0x28, 0x2c, 0x28, 0xff, 0x30, 0x28, 0x28, 0xff, 0x28, 0x2c, 0x28, 0xff,
    0x28, 0x28, 0x30, 0xff, 0x30, 0x28, 0x28, 0xff, 0x28, 0x2c, 0x28, 0xff,
    0x28, 0x28, 0x28, 0xff, 0x30, 0x28, 0x28, 0xff, 0x28, 0x28, 0x28, 0xff,
    0x28, 0x28, 0x28, 0xff, 0x30, 0x2c, 0x28, 0xff, 0x30, 0x28, 0x28, 0xff,
    0x28, 0x28, 0x28, 0xff, 0x28, 0x28, 0x28, 0xff, 0x28, 0x2c, 0x28, 0xff,
    0x30, 0x28, 0x28, 0xff, 0x28, 0x28, 0x28, 0xff, 0x28, 0x28, 0x28, 0xff,
    0x30, 0x28, 0x28, 0xff, 0x28, 0x28, 0x20, 0xff, 0x28, 0x28, 0x28, 0xff,
    0x30, 0x28, 0x28, 0xff, 0x28, 0x28, 0x20, 0xff, 0x28, 0x28, 0x28, 0xff,
    0x30, 0x28, 0x28, 0xff, 0x28, 0x28, 0x28, 0xff, 0x28, 0x28, 0x20, 0xff,
    0x28, 0x28, 0x28, 0xff, 0x28, 0x28, 0x28, 0xff, 0x28, 0x28, 0x20, 0xff,
    0x28, 0x24, 0x28, 0xff, 0x28, 0x28, 0x28, 0xff, 0x28, 0x28, 0x20, 0xff,
    0x30, 0x28, 0x28, 0xff, 0x28, 0x28, 0x28, 0xff, 0x28, 0x28, 0x20, 0xff,
    0x30, 0x28, 0x28, 0xff, 0x28, 0x28, 0x28, 0xff, 0x28, 0x24, 0x28, 0xff,
    0x28, 0x28, 0x28, 0xff, 0x28, 0x28, 0x20, 0xff, 0x28, 0x28, 0x28, 0xff,
    0x28, 0x24, 0x20, 0xff, 0x28, 0x24, 0x28, 0xff, 0x28, 0x28, 0x28, 0xff,
    0x28, 0x24, 0x20, 0xff, 0x28, 0x24, 0x28, 0xff, 0x28, 0x28, 0x20, 0xff,
    0x28, 0x24, 0x28, 0xff, 0x28, 0x28, 0x20, 0xff, 0x28, 0x28, 0x28, 0xff,
    0x28, 0x24, 0x20, 0xff, 0x28, 0x28, 0x28, 0xff, 0x28, 0x28, 0x28, 0xff,
    0x28, 0x24, 0x20, 0xff, 0x28, 0x24, 0x20, 0xff, 0x28, 0x28, 0x28, 0xff,
    0x28, 0x24, 0x28, 0xff, 0x20, 0x24, 0x20, 0xff, 0x28, 0x28, 0x28, 0xff,
    0x28, 0x24, 0x28, 0xff, 0x28, 0x24, 0x20, 0xff, 0x28, 0x28, 0x28, 0xff,
    0x28, 0x24, 0x20, 0xff, 0x28, 0x24, 0x28, 0xff, 0x20, 0x28, 0x28, 0xff,
    0x28, 0x24, 0x20, 0xff, 0x28, 0x24, 0x20, 0xff, 0x20, 0x24, 0x28, 0xff,
    0x28, 0x24, 0x20, 0xff, 0x28, 0x24, 0x20, 0xff, 0x28, 0x24, 0x28, 0xff,
    0x28, 0x24, 0x20, 0xff, 0x20, 0x24, 0x20, 0xff, 0x28, 0x24, 0x28, 0xff,
    0x28, 0x24, 0x20, 0xff, 0x28, 0x24, 0x20, 0xff, 0x28, 0x24, 0x20, 0xff,
    0x28, 0x24, 0x28, 0xff, 0x28, 0x24, 0x20, 0xff, 0x28, 0x24, 0x28, 0xff,
    0x28, 0x24, 0x20, 0xff, 0x28, 0x24, 0x20, 0xff, 0x20, 0x24, 0x20, 0xff,
    0x28, 0x24, 0x20, 0xff, 0x28, 0x24, 0x20, 0xff, 0x20, 0x24, 0x20, 0xff,
    0x28, 0x20, 0x28, 0xff, 0x28, 0x24, 0x20, 0xff, 0x20, 0x24, 0x20, 0xff,
    0x28, 0x24, 0x20, 0xff, 0x28, 0x20, 0x20, 0xff, 0x20, 0x24, 0x20, 0xff,
    0x28, 0x24, 0x28, 0xff, 0x28, 0x20, 0x20, 0xff, 0x20, 0x20, 0x20, 0xff,
    0x28, 0x24, 0x20, 0xff, 0x20, 0x24, 0x20, 0xff, 0x20, 0x20, 0x20, 0xff,
    0x28, 0x20, 0x20, 0xff, 0x20, 0x24, 0x20, 0xff, 0x28, 0x24, 0x20, 0xff,
    0x28, 0x20, 0x20, 0xff, 0x20, 0x20, 0x20, 0xff, 0x28, 0x24, 0x20, 0xff,
    0x28, 0x20, 0x20, 0xff, 0x20, 0x24, 0x20, 0xff, 0x28, 0x20, 0x20, 0xff,
    0x20, 0x20, 0x20, 0xff, 0x20, 0x20, 0x20, 0xff, 0x28, 0x20, 0x20, 0xff,
    0x20, 0x20, 0x20, 0xff, 0x28, 0x24, 0x20, 0xff, 0x20, 0x20, 0x20, 0xff,
    0x20, 0x20, 0x20, 0xff, 0x28, 0x24, 0x20, 0xff, 0x20, 0x20, 0x20, 0xff,
    0x20, 0x20, 0x20, 0xff, 0x28, 0x24, 0x20, 0xff, 0x20, 0x20, 0x20, 0xff,
    0x20, 0x20, 0x20, 0xff, 0x28, 0x24, 0x20, 0xff, 0x20, 0x20, 0x20, 0xff,
    0x20, 0x20, 0x20, 0xff, 0x28, 0x20, 0x18, 0xff, 0x20, 0x20, 0x20, 0xff,
    0x20, 0x20, 0x20, 0xff, 0x28, 0x20, 0x20, 0xff, 0x20, 0x20, 0x20, 0xff,
    0x20, 0x20, 0x20, 0xff, 0x28, 0x20, 0x20, 0xff, 0x20, 0x20, 0x20, 0xff,
    0x20, 0x20, 0x20, 0xff, 0x20, 0x20, 0x18, 0xff, 0x20, 0x20, 0x20, 0xff,
    0x20, 0x20, 0x20, 0xff, 0x20, 0x20, 0x20, 0xff, 0x28, 0x20, 0x18, 0xff,
    0x20, 0x20, 0x20, 0xff, 0x28, 0x1c, 0x20, 0xff, 0x20, 0x20, 0x18, 0xff,
    0x28, 0x20, 0x20, 0xff, 0x20, 0x1c, 0x20, 0xff, 0x20, 0x20, 0x18, 0xff,
    0x20, 0x20, 0x20, 0xff, 0x20, 0x20, 0x20, 0xff, 0x20, 0x1c, 0x20, 0xff,
    0x28, 0x20, 0x20, 0xff, 0x20, 0x20, 0x18, 0xff, 0x20, 0x20, 0x20, 0xff,
    0x20, 0x20, 0x20, 0xff, 0x20, 0x20, 0x18, 0xff, 0x20, 0x1c, 0x20, 0xff,
    0x20, 0x20, 0x18, 0xff, 0x20, 0x20, 0x20, 0xff, 0x20, 0x1c, 0x18, 0xff,
    0x20, 0x20, 0x20, 0xff, 0x20, 0x1c, 0x18, 0xff, 0x28, 0x1c, 0x20, 0xff,
    0x20, 0x20, 0x20, 0xff, 0x20, 0x20, 0x18, 0xff, 0x20, 0x1c, 0x20, 0xff,
    0x20, 0x1c, 0x20, 0xff, 0x20, 0x20, 0x18, 0xff, 0x20, 0x1c, 0x20, 0xff,
    0x20, 0x20, 0x20, 0xff, 0x20, 0x20, 0x18, 0xff, 0x20, 0x20, 0x20, 0xff,
    0x20, 0x1c, 0x18, 0xff, 0x20, 0x1c, 0x18, 0xff, 0x20, 0x1c, 0x20, 0xff,
    0x20, 0x1c, 0x20, 0xff, 0x20, 0x1c, 0x18, 0xff, 0x20, 0x1c, 0x20, 0xff,
    0x20, 0x1c, 0x18, 0xff, 0x20, 0x1c, 0x18, 0xff, 0x20, 0x20, 0x20, 0xff,
    0x20, 0x1c, 0x18, 0xff, 0x20, 0x1c, 0x20, 0xff, 0x20, 0x20, 0x20, 0xff,
    0x20, 0x1c, 0x18, 0xff, 0x18, 0x20, 0x20, 0xff, 0x20, 0x1c, 0x20, 0xff,
    0x20, 0x1c, 0x18, 0xff, 0x18, 0x20, 0x20, 0xff, 0x20, 0x1c, 0x18, 0xff,
    0x20, 0x1c, 0x18, 0xff, 0x20, 0x1c, 0x20, 0xff, 0x20, 0x1c, 0x18, 0xff,
    0x20, 0x1c, 0x20, 0xff, 0x18, 0x1c, 0x18, 0xff, 0x20, 0x1c, 0x20, 0xff,
    0x20, 0x1c, 0x18, 0xff, 0x20, 0x1c, 0x18, 0xff, 0x18, 0x1c, 0x20, 0xff,
    0x20, 0x1c, 0x20, 0xff, 0x20, 0x1c, 0x18, 0xff, 0x20, 0x1c, 0x18, 0xff,
    0x18, 0x1c, 0x20, 0xff, 0x20, 0x1c, 0x18, 0xff, 0x20, 0x1c, 0x18, 0xff,
    0x18, 0x1c, 0x20, 0xff, 0x20, 0x1c, 0x18, 0xff, 0x20, 0x1c, 0x18, 0xff,
    0x18, 0x18, 0x20, 0xff, 0x20, 0x1c, 0x18, 0xff, 0x20, 0x1c, 0x18, 0xff,
    0x18, 0x1c, 0x20, 0xff, 0x20, 0x1c, 0x18, 0xff, 0x20, 0x1c, 0x18, 0xff,
    0x18, 0x18, 0x18, 0xff, 0x20, 0x1c, 0x18, 0xff, 0x20, 0x1c, 0x18, 0xff,
    0x20, 0x1c, 0x20, 0xff, 0x18, 0x18, 0x18, 0xff, 0x20, 0x1c, 0x18, 0xff,
    0x18, 0x1c, 0x20, 0xff, 0x20, 0x18, 0x18, 0xff, 0x20, 0x1c, 0x18, 0xff,
    0x18, 0x1c, 0x20, 0xff, 0x20, 0x1c, 0x18, 0xff, 0x20, 0x1c, 0x20, 0xff,
    0x18, 0x18, 0x18, 0xff, 0x20, 0x1c, 0x18, 0xff, 0x18, 0x18, 0x20, 0xff,
    0x20, 0x18, 0x18, 0xff, 0x20, 0x1c, 0x18, 0xff, 0x18, 0x18, 0x18, 0xff,
    0x20, 0x1c, 0x18, 0xff, 0x20, 0x1c, 0x20, 0xff, 0x18, 0x1c, 0x18, 0xff,
    0x20, 0x18, 0x18, 0xff, 0x20, 0x18, 0x18, 0xff, 0x18, 0x1c, 0x18, 0xff,
    0x20, 0x18, 0x18, 0xff, 0x20, 0x18, 0x18, 0xff, 0x18, 0x1c, 0x18, 0xff,
    0x20, 0x1c, 0x18, 0xff, 0x20, 0x18, 0x18, 0xff, 0x18, 0x18, 0x18, 0xff,
    0x20, 0x1c, 0x18, 0xff, 0x20, 0x18, 0x18, 0xff, 0x18, 0x18, 0x18, 0xff,
    0x20, 0x1c, 0x18, 0xff, 0x20, 0x1c, 0x18, 0xff, 0x18, 0x18, 0x18, 0xff,
    0x20, 0x18, 0x18, 0xff, 0x18, 0x1c, 0x18, 0xff, 0x20, 0x18, 0x18, 0xff,
    0x20, 0x18, 0x18, 0xff, 0x18, 0x1c, 0x18, 0xff, 0x18, 0x18, 0x18, 0xff,
    0x20, 0x18, 0x18, 0xff, 0x18, 0x18, 0x18, 0xff, 0x20, 0x18, 0x18, 0xff,
    0x20, 0x18, 0x18, 0xff, 0x18, 0x18, 0x18, 0xff, 0x20, 0x1c, 0x18, 0xff,
    0x20, 0x18, 0x18, 0xff, 0x18, 0x1c, 0x18, 0xff, 0x20, 0x18, 0x18, 0xff,
    0x18, 0x1c, 0x18, 0xff, 0x18, 0x18, 0x18, 0xff, 0x20, 0x18, 0x18, 0xff,
    0x18, 0x18, 0x18, 0xff, 0x20, 0x18, 0x18, 0xff, 0x20, 0x18, 0x18, 0xff,
    0x18, 0x18, 0x18, 0xff, 0x18, 0x18, 0x18, 0xff, 0x20, 0x18, 0x18, 0xff,
    0x18, 0x18, 0x18, 0xff, 0x20, 0x18, 0x18, 0xff, 0x20, 0x1c, 0x18, 0xff,
    0x18, 0x18, 0x18, 0xff, 0x20, 0x18, 0x18, 0xff, 0x18, 0x18, 0x18, 0xff,
    0x18, 0x1c, 0x18, 0xff, 0x20, 0x18, 0x18, 0xff, 0x20, 0x18, 0x18, 0xff,
    0x18, 0x1c, 0x18, 0xff, 0x20, 0x18, 0x18, 0xff, 0x18, 0x18, 0x18, 0xff,
    0x18, 0x18, 0x18, 0xff, 0x20, 0x18, 0x18, 0xff, 0x18, 0x18, 0x18, 0xff,
    0x18, 0x18, 0x18, 0xff, 0x20, 0x18, 0x18, 0xff, 0x18, 0x18, 0x18, 0xff,
    0x18, 0x18, 0x18, 0xff, 0x20, 0x18, 0x18, 0xff, 0x18, 0x18, 0x18, 0xff,
    0x18, 0x18, 0x18, 0xff, 0x20, 0x18, 0x18, 0xff, 0x18, 0x18, 0x18, 0xff,
    0x20, 0x1c, 0x18, 0xff, 0x20, 0x18, 0x18, 0xff, 0x20, 0x18, 0x18, 0xff,
    0x18, 0x1c, 0x18, 0xff, 0x18, 0x18, 0x18, 0xff, 0x20, 0x18, 0x18, 0xff,
    0x18, 0x18, 0x18, 0xff, 0x18, 0x18, 0x18, 0xff, 0x20, 0x18, 0x18, 0xff,
    0x18, 0x18, 0x18, 0xff, 0x20, 0x1c, 0x18, 0xff, 0x20, 0x18, 0x18, 0xff,
    0x18, 0x18, 0x18, 0xff, 0x20, 0x1c, 0x18, 0xff, 0x20, 0x18, 0x18, 0xff,
    0x18, 0x18, 0x18, 0xff, 0x20, 0x18, 0x18, 0xff, 0x20, 0x18, 0x18, 0xff,
    0x18, 0x18, 0x18, 0xff, 0x20, 0x18, 0x18, 0xff, 0x20, 0x1c, 0x18, 0xff,
    0x18, 0x18, 0x18, 0xff, 0x18, 0x18, 0x18, 0xff, 0x20, 0x1c, 0x18, 0xff,
    0x18, 0x18, 0x18, 0xff, 0x20, 0x18, 0x18, 0xff, 0x20, 0x18, 0x18, 0xff,
    0x18, 0x1c, 0x18, 0xff, 0x20, 0x18, 0x18, 0xff, 0x20, 0x18, 0x18, 0xff,
    0x18, 0x1c, 0x18, 0xff, 0x18, 0x18, 0x18, 0xff, 0x20, 0x18, 0x18, 0xff,
    0x20, 0x1c, 0x18, 0xff, 0x18, 0x18, 0x18, 0xff, 0x18, 0x1c, 0x18, 0xff,
    0x20, 0x18, 0x18, 0xff, 0x18, 0x18, 0x18, 0xff, 0x20, 0x1c, 0x18, 0xff,
    0x18, 0x18, 0x18, 0xff, 0x20, 0x18, 0x18, 0xff, 0x20, 0x1c, 0x18, 0xff,
    0x18, 0x18, 0x18, 0xff, 0x20, 0x1c, 0x18, 0xff, 0x20, 0x18, 0x18, 0xff,
    0x18, 0x18, 0x18, 0xff, 0x18, 0x18, 0x18, 0xff, 0x20, 0x18, 0x18, 0xff,
    0x18, 0x1c, 0x18, 0xff, 0x18, 0x18, 0x18, 0xff, 0x20, 0x1c, 0x18, 0xff,
    0x18, 0x1c, 0x18, 0xff, 0x20, 0x18, 0x18, 0xff, 0x18, 0x18, 0x18, 0xff,
    0x18, 0x18, 0x18, 0xff, 0x20, 0x1c, 0x18, 0xff, 0x20, 0x18, 0x18, 0xff,
    0x18, 0x1c, 0x18, 0xff, 0x20, 0x18, 0x18, 0xff, 0x20, 0x18, 0x18, 0xff,
    0x18, 0x18, 0x18, 0xff, 0x20, 0x18, 0x18, 0xff, 0x20, 0x18, 0x18, 0xff,
    0x18, 0x1c, 0x18, 0xff, 0x20, 0x18, 0x18, 0xff, 0x20, 0x18, 0x18, 0xff,
    0x18, 0x1c, 0x18, 0xff, 0x20, 0x18, 0x18, 0xff, 0x18, 0x18, 0x18, 0xff,
    0x20, 0x18, 0x18, 0xff, 0x20, 0x18, 0x18, 0xff, 0x70, 0x70, 0x70, 0x9e,
    0xf8, 0xfc, 0xf8, 0x00, 0x70, 0x6c, 0x70, 0xcf, 0x30, 0x30, 0x30, 0xff,
    0x30, 0x30, 0x30, 0xff, 0x38, 0x34, 0x30, 0xff, 0x30, 0x30, 0x30, 0xff,
    0x30, 0x30, 0x30, 0xff, 0x38, 0x30, 0x30, 0xff, 0x30, 0x30, 0x30, 0xff,
    0x30, 0x30, 0x30, 0xff, 0x38, 0x30, 0x30, 0xff, 0x30, 0x30, 0x30, 0xff,
    0x30, 0x30, 0x30, 0xff, 0x30, 0x30, 0x30, 0xff, 0x30, 0x30, 0x28, 0xff,
    0x30, 0x30, 0x30, 0xff, 0x30, 0x30, 0x30, 0xff, 0x30, 0x30, 0x30, 0xff,
    0x30, 0x30, 0x30, 0xff, 0x30, 0x30, 0x28, 0xff, 0x30, 0x30, 0x30, 0xff,
    0x30, 0x2c, 0x30, 0xff, 0x30, 0x2c, 0x30, 0xff, 0x30, 0x30, 0x28, 0xff,
    0x30, 0x2c, 0x30, 0xff, 0x30, 0x30, 0x30, 0xff, 0x30, 0x30, 0x30, 0xff,
    0x30, 0x30, 0x28, 0xff, 0x30, 0x30, 0x30, 0xff, 0x30, 0x30, 0x30, 0xff,
    0x30, 0x2c, 0x28, 0xff, 0x30, 0x30, 0x30, 0xff, 0x30, 0x30, 0x30, 0xff,
    0x30, 0x2c, 0x28, 0xff, 0x30, 0x2c, 0x30, 0xff, 0x30, 0x30, 0x30, 0xff,
    0x28, 0x30, 0x30, 0xff, 0x30, 0x2c, 0x30, 0xff, 0x30, 0x30, 0x28, 0xff,
    0x30, 0x30, 0x30, 0xff, 0x28, 0x30, 0x28, 0xff, 0x30, 0x30, 0x28, 0xff,
    0x30, 0x2c, 0x30, 0xff, 0x28, 0x2c, 0x28, 0xff, 0x30, 0x30, 0x30, 0xff,
    0x30, 0x2c, 0x30, 0xff, 0x28, 0x2c, 0x28, 0xff, 0x30, 0x30, 0x28, 0xff,
    0x28, 0x2c, 0x30, 0xff, 0x30, 0x2c, 0x28, 0xff, 0x30, 0x2c, 0x30, 0xff,
    0x28, 0x30, 0x30, 0xff, 0x30, 0x2c, 0x30, 0xff, 0x30, 0x2c, 0x28, 0xff,
    0x28, 0x2c, 0x28, 0xff, 0x30, 0x2c, 0x30, 0xff, 0x30, 0x2c, 0x28, 0xff,
    0x28, 0x2c, 0x28, 0xff, 0x30, 0x2c, 0x30, 0xff, 0x30, 0x2c, 0x28, 0xff,
    0x28, 0x2c, 0x28, 0xff, 0x30, 0x2c, 0x30, 0xff, 0x30, 0x2c, 0x28, 0xff,
    0x28, 0x2c, 0x30, 0xff, 0x30, 0x2c, 0x28, 0xff, 0x30, 0x2c, 0x28, 0xff,
    0x28, 0x2c, 0x28, 0xff, 0x30, 0x2c, 0x30, 0xff, 0x28, 0x2c, 0x28, 0xff,
    0x30, 0x28, 0x30, 0xff, 0x30, 0x2c, 0x28, 0xff, 0x28, 0x2c, 0x30, 0xff,
    0x30, 0x28, 0x28, 0xff, 0x30, 0x2c, 0x28, 0xff, 0x28, 0x2c, 0x28, 0xff,
    0x30, 0x2c, 0x28, 0xff, 0x30, 0x2c, 0x30, 0xff, 0x28, 0x28, 0x28, 0xff,
    0x28, 0x2c, 0x28, 0xff, 0x30, 0x2c, 0x28, 0xff, 0x28, 0x28, 0x28, 0xff,
    0x28, 0x2c, 0x28, 0xff, 0x30, 0x2c, 0x30, 0xff, 0x28, 0x28, 0x28, 0xff,
    0x28, 0x28, 0x28, 0xff, 0x30, 0x2c, 0x30, 0xff, 0x28, 0x2c, 0x28, 0xff,
    0x30, 0x28, 0x28, 0xff, 0x28, 0x2c, 0x28, 0xff, 0x28, 0x28, 0x28, 0xff,
    0x30, 0x28, 0x28, 0xff, 0x28, 0x2c, 0x28, 0xff, 0x30, 0x28, 0x28, 0xff,
    0x28, 0x28, 0x28, 0xff, 0x28, 0x2c, 0x28, 0xff, 0x28, 0x28, 0x28, 0xff,
    0x30, 0x28, 0x28, 0xff, 0x28, 0x2c, 0x28, 0xff, 0x28, 0x28, 0x28, 0xff,
    0x28, 0x28, 0x28, 0xff, 0x30, 0x2c, 0x28, 0xff, 0x28, 0x28, 0x28, 0xff,
    0x28, 0x28, 0x28, 0xff, 0x28, 0x28, 0x28, 0xff, 0x28, 0x28, 0x28, 0xff,
    0x28, 0x28, 0x28, 0xff, 0x30, 0x28, 0x28, 0xff, 0x28, 0x28, 0x28, 0xff,
    0x28, 0x28, 0x28, 0xff, 0x28, 0x28, 0x28, 0xff, 0x28, 0x28, 0x28, 0xff,
    0x28, 0x28, 0x28, 0xff, 0x28, 0x28, 0x28, 0xff, 0x28, 0x28, 0x28, 0xff,
    0x28, 0x28, 0x28, 0xff, 0x28, 0x28, 0x28, 0xff, 0x28, 0x24, 0x28, 0xff,
    0x28, 0x24, 0x28, 0xff, 0x28, 0x28, 0x28, 0xff, 0x28, 0x24, 0x28, 0xff,
    0x28, 0x28, 0x20, 0xff, 0x28, 0x28, 0x28, 0xff, 0x28, 0x28, 0x20, 0xff,
    0x28, 0x28, 0x28, 0xff, 0x30, 0x28, 0x28, 0xff, 0x28, 0x24, 0x28, 0xff,
    0x28, 0x28, 0x28, 0xff, 0x28, 0x24, 0x20, 0xff, 0x28, 0x28, 0x28, 0xff,
    0x28, 0x28, 0x28, 0xff, 0x28, 0x24, 0x20, 0xff, 0x28, 0x28, 0x28, 0xff,
    0x28, 0x24, 0x28, 0xff, 0x28, 0x24, 0x20, 0xff, 0x28, 0x28, 0x28, 0xff,
    0x28, 0x24, 0x28, 0xff, 0x28, 0x24, 0x20, 0xff, 0x28, 0x28, 0x28, 0xff,
    0x28, 0x28, 0x28, 0xff, 0x28, 0x24, 0x20, 0xff, 0x28, 0x24, 0x20, 0xff,
    0x28, 0x24, 0x28, 0xff, 0x28, 0x24, 0x20, 0xff, 0x28, 0x24, 0x20, 0xff,
    0x28, 0x24, 0x28, 0xff, 0x28, 0x24, 0x20, 0xff, 0x20, 0x24, 0x28, 0xff,
    0x28, 0x24, 0x28, 0xff, 0x28, 0x24, 0x20, 0xff, 0x28, 0x24, 0x20, 0xff,
    0x28, 0x28, 0x28, 0xff, 0x28, 0x24, 0x28, 0xff, 0x28, 0x24, 0x20, 0xff,
    0x20, 0x24, 0x20, 0xff, 0x28, 0x24, 0x28, 0xff, 0x20, 0x24, 0x20, 0xff,
    0x28, 0x24, 0x28, 0xff, 0x28, 0x24, 0x20, 0xff, 0x28, 0x24, 0x28, 0xff,
    0x28, 0x24, 0x28, 0xff, 0x20, 0x24, 0x20, 0xff, 0x28, 0x24, 0x20, 0xff,
    0x28, 0x24, 0x28, 0xff, 0x20, 0x24, 0x20, 0xff, 0x20, 0x24, 0x20, 0xff,
    0x28, 0x24, 0x28, 0xff, 0x28, 0x20, 0x20, 0xff, 0x20, 0x24, 0x28, 0xff,
    0x28, 0x20, 0x28, 0xff, 0x28, 0x24, 0x20, 0xff, 0x20, 0x24, 0x20, 0xff,
    0x20, 0x24, 0x28, 0xff, 0x28, 0x24, 0x20, 0xff, 0x28, 0x20, 0x20, 0xff,
    0x20, 0x24, 0x28, 0xff, 0x28, 0x24, 0x28, 0xff, 0x28, 0x24, 0x20, 0xff,
    0x20, 0x24, 0x20, 0xff, 0x28, 0x24, 0x20, 0xff, 0x28, 0x20, 0x20, 0xff,
    0x20, 0x24, 0x20, 0xff, 0x28, 0x20, 0x28, 0xff, 0x20, 0x24, 0x20, 0xff,
    0x20, 0x24, 0x20, 0xff, 0x28, 0x20, 0x20, 0xff, 0x20, 0x24, 0x20, 0xff,
    0x20, 0x24, 0x20, 0xff, 0x28, 0x20, 0x20, 0xff, 0x20, 0x24, 0x20, 0xff,
    0x20, 0x24, 0x28, 0xff, 0x28, 0x20, 0x20, 0xff, 0x20, 0x20, 0x20, 0xff,
    0x28, 0x24, 0x20, 0xff, 0x28, 0x20, 0x20, 0xff, 0x20, 0x24, 0x20, 0xff,
    0x28, 0x20, 0x20, 0xff, 0x20, 0x20, 0x20, 0xff, 0x20, 0x20, 0x20, 0xff,
    0x28, 0x24, 0x20, 0xff, 0x20, 0x20, 0x20, 0xff, 0x28, 0x20, 0x20, 0xff,
    0x20, 0x20, 0x20, 0xff, 0x28, 0x20, 0x20, 0xff, 0x20, 0x20, 0x20, 0xff,
    0x20, 0x20, 0x20, 0xff, 0x28, 0x24, 0x20, 0xff, 0x20, 0x20, 0x20, 0xff,
    0x28, 0x20, 0x20, 0xff, 0x20, 0x20, 0x20, 0xff, 0x20, 0x20, 0x20, 0xff,
    0x20, 0x20, 0x20, 0xff, 0x20, 0x20, 0x20, 0xff, 0x28, 0x20, 0x18, 0xff,
    0x20, 0x20, 0x20, 0xff, 0x20, 0x20, 0x20, 0xff, 0x20, 0x20, 0x20, 0xff,
    0x28, 0x20, 0x20, 0xff, 0x20, 0x20, 0x20, 0xff, 0x20, 0x20, 0x20, 0xff,
    0x28, 0x20, 0x20, 0xff, 0x20, 0x20, 0x20, 0xff, 0x20, 0x20, 0x20, 0xff,
    0x20, 0x20, 0x20, 0xff, 0x20, 0x1c, 0x20, 0xff, 0x20, 0x20, 0x20, 0xff,
    0x28, 0x20, 0x18, 0xff, 0x20, 0x1c, 0x20, 0xff, 0x20, 0x20, 0x20, 0xff,
    0x28, 0x20, 0x20, 0xff, 0x20, 0x1c, 0x20, 0xff, 0x20, 0x20, 0x18, 0xff,
    0x20, 0x20, 0x20, 0xff, 0x20, 0x1c, 0x20, 0xff, 0x20, 0x20, 0x20, 0xff,
    0x20, 0x20, 0x20, 0xff, 0x20, 0x1c, 0x20, 0xff, 0x20, 0x20, 0x20, 0xff,
    0x20, 0x1c, 0x18, 0xff, 0x20, 0x20, 0x20, 0xff, 0x20, 0x1c, 0x20, 0xff,
    0x28, 0x20, 0x18, 0xff, 0x20, 0x20, 0x20, 0xff, 0x20, 0x1c, 0x20, 0xff,
    0x20, 0x1c, 0x18, 0xff, 0x20, 0x20, 0x20, 0xff, 0x20, 0x1c, 0x18, 0xff,
    0x20, 0x20, 0x20, 0xff, 0x20, 0x20, 0x18, 0xff, 0x20, 0x1c, 0x20, 0xff,
    0x20, 0x1c, 0x18, 0xff, 0x20, 0x1c, 0x20, 0xff, 0x20, 0x1c, 0x20, 0xff,
    0x20, 0x20, 0x20, 0xff, 0x20, 0x1c, 0x18, 0xff, 0x20, 0x1c, 0x18, 0xff,
    0x20, 0x20, 0x20, 0xff, 0x20, 0x1c, 0x18, 0xff, 0x20, 0x20, 0x20, 0xff,
    0x20, 0x1c, 0x20, 0xff, 0x20, 0x1c, 0x18, 0xff, 0x20, 0x1c, 0x20, 0xff,
    0x20, 0x1c, 0x18, 0xff, 0x20, 0x1c, 0x18, 0xff, 0x20, 0x1c, 0x20, 0xff,
    0x20, 0x1c, 0x18, 0xff, 0x20, 0x1c, 0x18, 0xff, 0x20, 0x1c, 0x20, 0xff,
    0x20, 0x1c, 0x18, 0xff, 0x20, 0x1c, 0x20, 0xff, 0x20, 0x1c, 0x20, 0xff,
    0x20, 0x1c, 0x18, 0xff, 0x20, 0x1c, 0x18, 0xff, 0x18, 0x1c, 0x20, 0xff,
    0x20, 0x1c, 0x18, 0xff, 0x20, 0x1c, 0x18, 0xff, 0x20, 0x1c, 0x20, 0xff,
    0x20, 0x1c, 0x18, 0xff, 0x20, 0x1c, 0x20, 0xff, 0x20, 0x1c, 0x18, 0xff,
    0x20, 0x1c, 0x18, 0xff, 0x20, 0x1c, 0x20, 0xff, 0x20, 0x1c, 0x18, 0xff,
    0x20, 0x1c, 0x18, 0xff, 0x18, 0x1c, 0x20, 0xff, 0x20, 0x1c, 0x18, 0xff,
    0x20, 0x1c, 0x20, 0xff, 0x20, 0x1c, 0x18, 0xff, 0x20, 0x1c, 0x18, 0xff,
    0x20, 0x1c, 0x20, 0xff, 0x20, 0x1c, 0x18, 0xff, 0x20, 0x18, 0x18, 0xff,
    0x20, 0x1c, 0x18, 0xff, 0x20, 0x1c, 0x18, 0xff, 0x20, 0x18, 0x20, 0xff,
    0x20, 0x1c, 0x18, 0xff, 0x20, 0x1c, 0x20, 0xff, 0x18, 0x1c, 0x18, 0xff,
    0x20, 0x1c, 0x18, 0xff, 0x20, 0x18, 0x18, 0xff, 0x20, 0x1c, 0x18, 0xff,
    0x18, 0x1c, 0x18, 0xff, 0x20, 0x1c, 0x20, 0xff, 0x20, 0x18, 0x18, 0xff,
    0x20, 0x1c, 0x18, 0xff, 0x18, 0x1c, 0x18, 0xff, 0x20, 0x18, 0x18, 0xff,
    0x20, 0x1c, 0x18, 0xff, 0x18, 0x18, 0x18, 0xff, 0x20, 0x1c, 0x18, 0xff,
    0x20, 0x1c, 0x18, 0xff, 0x18, 0x18, 0x18, 0xff, 0x20, 0x1c, 0x18, 0xff,
    0x18, 0x18, 0x18, 0xff, 0x20, 0x18, 0x18, 0xff, 0x18, 0x1c, 0x18, 0xff,
    0x20, 0x18, 0x18, 0xff, 0x20, 0x1c, 0x18, 0xff, 0x18, 0x1c, 0x18, 0xff,
    0x20, 0x18, 0x18, 0xff, 0x20, 0x1c, 0x20, 0xff, 0x18, 0x18, 0x18, 0xff,
    0x20, 0x18, 0x18, 0xff, 0x18, 0x1c, 0x20, 0xff, 0x20, 0x1c, 0x18, 0xff,
    0x20, 0x18, 0x18, 0xff, 0x18, 0x1c, 0x18, 0xff, 0x20, 0x1c, 0x20, 0xff,
    0x18, 0x18, 0x18, 0xff, 0x18, 0x18, 0x18, 0xff, 0x20, 0x18, 0x18, 0xff,
    0x18, 0x18, 0x18, 0xff, 0x20, 0x18, 0x18, 0xff, 0x18, 0x18, 0x18, 0xff,
    0x18, 0x18, 0x18, 0xff, 0x20, 0x1c, 0x18, 0xff, 0x20, 0x18, 0x18, 0xff,
    0x18, 0x18, 0x18, 0xff, 0x18, 0x1c, 0x18, 0xff, 0x20, 0x1c, 0x18, 0xff,
    0x18, 0x18, 0x18, 0xff, 0x18, 0x18, 0x18, 0xff, 0x20, 0x18, 0x18, 0xff,
    0x18, 0x18, 0x18, 0xff, 0x18, 0x1c, 0x18, 0xff, 0x20, 0x18, 0x18, 0xff,
    0x20, 0x18, 0x18, 0xff, 0x18, 0x18, 0x18, 0xff, 0x20, 0x1c, 0x18, 0xff,
    0x18, 0x18, 0x18, 0xff, 0x18, 0x1c, 0x18, 0xff, 0x20, 0x18, 0x18, 0xff,
    0x18, 0x1c, 0x18, 0xff, 0x20, 0x18, 0x18, 0xff, 0x20, 0x1c, 0x18, 0xff,
    0x18, 0x18, 0x18, 0xff, 0x18, 0x18, 0x18, 0xff, 0x20, 0x1c, 0x18, 0xff,
    0x18, 0x18, 0x18, 0xff, 0x20, 0x18, 0x18, 0xff, 0x20, 0x1c, 0x18, 0xff,
    0x18, 0x18, 0x18, 0xff, 0x20, 0x18, 0x18, 0xff, 0x18, 0x18, 0x18, 0xff,
    0x18, 0x18, 0x18, 0xff, 0x20, 0x1c, 0x18, 0xff, 0x20, 0x18, 0x18, 0xff,
    0x18, 0x1c, 0x18, 0xff, 0x20, 0x1c, 0x18, 0xff, 0x20, 0x18, 0x18, 0xff,
    0x18, 0x1c, 0x18, 0xff, 0x20, 0x18, 0x18, 0xff, 0x20, 0x18, 0x18, 0xff,
    0x18, 0x1c, 0x18, 0xff, 0x20, 0x18, 0x18, 0xff, 0x20, 0x18, 0x18, 0xff,
    0x18, 0x1c, 0x18, 0xff, 0x20, 0x18, 0x18, 0xff, 0x18, 0x18, 0x18, 0xff,
    0x18, 0x18, 0x18, 0xff, 0x18, 0x18, 0x18, 0xff, 0x20, 0x18, 0x18, 0xff,
    0x18, 0x1c, 0x18, 0xff, 0x20, 0x18, 0x18, 0xff, 0x20, 0x18, 0x18, 0xff,
    0x18, 0x1c, 0x18, 0xff, 0x18, 0x1c, 0x18, 0xff, 0x20, 0x18, 0x18, 0xff,
    0x18, 0x18, 0x18, 0xff, 0x18, 0x1c, 0x18, 0xff, 0x20, 0x18, 0x18, 0xff,
    0x20, 0x18, 0x18, 0xff, 0x18, 0x1c, 0x18, 0xff, 0x18, 0x18, 0x18, 0xff,
    0x20, 0x18, 0x18, 0xff, 0x18, 0x1c, 0x18, 0xff, 0x18, 0x18, 0x18, 0xff,
    0x20, 0x1c, 0x18, 0xff, 0x18, 0x18, 0x18, 0xff, 0x18, 0x18, 0x18, 0xff,
    0x20, 0x18, 0x18, 0xff, 0x20, 0x1c, 0x18, 0xff, 0x18, 0x18, 0x18, 0xff,
    0x18, 0x18, 0x18, 0xff, 0x20, 0x1c, 0x18, 0xff, 0x18, 0x18, 0x18, 0xff,
    0x18, 0x18, 0x18, 0xff, 0x20, 0x18, 0x18, 0xff, 0x18, 0x1c, 0x18, 0xff,
    0x20, 0x18, 0x18, 0xff, 0x20, 0x18, 0x18, 0xff, 0x18, 0x18, 0x18, 0xff,
    0x18, 0x18, 0x18, 0xff, 0x20, 0x18, 0x18, 0xff, 0x20, 0x18, 0x18, 0xff,
    0x18, 0x18, 0x18, 0xff, 0x20, 0x1c, 0x18, 0xff, 0x18, 0x18, 0x18, 0xff,
    0x18, 0x18, 0x18, 0xff, 0x20, 0x18, 0x18, 0xff, 0x18, 0x18, 0x18, 0xff,
    0x18, 0x18, 0x18, 0xff, 0x20, 0x18, 0x18, 0xff, 0x18, 0x18, 0x18, 0xff,
    0x20, 0x1c, 0x18, 0xff, 0x18, 0x18, 0x18, 0xff, 0x20, 0x18, 0x18, 0xff,
    0x20, 0x1c, 0x18, 0xff, 0x18, 0x18, 0x18, 0xff, 0x20, 0x18, 0x18, 0xff,
    0x18, 0x18, 0x18, 0xff, 0x20, 0x18, 0x18, 0xff, 0x18, 0x18, 0x18, 0xff,
    0x20, 0x1c, 0x18, 0xff, 0x18, 0x18, 0x18, 0xff, 0x18, 0x18, 0x18, 0xff,
    0x20, 0x18, 0x18, 0xff, 0x18, 0x1c, 0x18, 0xff, 0x20, 0x18, 0x18, 0xff,
    0x18, 0x1c, 0x18, 0xff, 0x18, 0x1c, 0x18, 0xff, 0x20, 0x18, 0x18, 0xff,
    0x18, 0x18, 0x18, 0xff, 0x18, 0x1c, 0x18, 0xff, 0x20, 0x18, 0x18, 0xff,
    0x18, 0x18, 0x18, 0xff, 0x20, 0x18, 0x18, 0xff, 0x18, 0x18, 0x18, 0xff,
    0x18, 0x1c, 0x18, 0xff, 0x18, 0x18, 0x18, 0xff, 0x20, 0x18, 0x18, 0xff,
    0x70, 0x70, 0x70, 0xa2, 0xf8, 0xfc, 0xf8, 0x00, 0x70, 0x6c, 0x68, 0xcf,
    0x30, 0x30, 0x30, 0xff, 0x30, 0x30, 0x30, 0xff, 0x30, 0x30, 0x30, 0xff,
    0x38, 0x34, 0x30, 0xff, 0x30, 0x30, 0x30, 0xff, 0x30, 0x30, 0x30, 0xff,
    0x30, 0x30, 0x30, 0xff, 0x30, 0x30, 0x28, 0xff, 0x30, 0x30, 0x30, 0xff,
    0x30, 0x30, 0x30, 0xff, 0x30, 0x30, 0x30, 0xff, 0x38, 0x30, 0x30, 0xff,
    0x30, 0x30, 0x30, 0xff, 0x30, 0x30, 0x30, 0xff, 0x30, 0x30, 0x30, 0xff,
    0x30, 0x30, 0x28, 0xff, 0x30, 0x30, 0x30, 0xff, 0x30, 0x30, 0x30, 0xff,
    0x30, 0x30, 0x28, 0xff, 0x30, 0x30, 0x30, 0xff, 0x30, 0x30, 0x30, 0xff,
    0x30, 0x30, 0x30, 0xff, 0x30, 0x30, 0x28, 0xff, 0x30, 0x2c, 0x30, 0xff,
    0x30, 0x30, 0x30, 0xff, 0x30, 0x2c, 0x30, 0xff, 0x30, 0x30, 0x30, 0xff,
    0x30, 0x30, 0x30, 0xff, 0x30, 0x2c, 0x28, 0xff, 0x30, 0x2c, 0x28, 0xff,
    0x30, 0x30, 0x30, 0xff, 0x30, 0x2c, 0x30, 0xff, 0x30, 0x30, 0x28, 0xff,
    0x30, 0x2c, 0x30, 0xff, 0x30, 0x2c, 0x28, 0xff, 0x30, 0x30, 0x30, 0xff,
    0x30, 0x2c, 0x30, 0xff, 0x30, 0x2c, 0x30, 0xff, 0x30, 0x2c, 0x30, 0xff,
    0x30, 0x30, 0x30, 0xff, 0x30, 0x2c, 0x28, 0xff, 0x30, 0x2c, 0x28, 0xff,
    0x30, 0x30, 0x30, 0xff, 0x28, 0x2c, 0x30, 0xff, 0x30, 0x2c, 0x28, 0xff,
    0x30, 0x2c, 0x30, 0xff, 0x28, 0x30, 0x28, 0xff, 0x30, 0x2c, 0x28, 0xff,
    0x30, 0x2c, 0x28, 0xff, 0x30, 0x2c, 0x28, 0xff, 0x30, 0x30, 0x30, 0xff,
    0x30, 0x2c, 0x28, 0xff, 0x28, 0x2c, 0x30, 0xff, 0x30, 0x2c, 0x28, 0xff,
    0x30, 0x2c, 0x28, 0xff, 0x28, 0x2c, 0x30, 0xff, 0x30, 0x2c, 0x28, 0xff,
    0x28, 0x2c, 0x30, 0xff, 0x30, 0x2c, 0x28, 0xff, 0x30, 0x2c, 0x28, 0xff,
    0x28, 0x2c, 0x30, 0xff, 0x30, 0x2c, 0x28, 0xff, 0x30, 0x2c, 0x30, 0xff,
    0x28, 0x2c, 0x28, 0xff, 0x30, 0x28, 0x28, 0xff, 0x30, 0x2c, 0x28, 0xff,
    0x28, 0x2c, 0x30, 0xff, 0x30, 0x2c, 0x28, 0xff, 0x30, 0x2c, 0x28, 0xff,
    0x28, 0x2c, 0x28, 0xff, 0x28, 0x28, 0x30, 0xff, 0x30, 0x2c, 0x28, 0xff,
    0x28, 0x2c, 0x28, 0xff, 0x30, 0x2c, 0x30, 0xff, 0x28, 0x2c, 0x28, 0xff,
    0x30, 0x28, 0x28, 0xff, 0x30, 0x28, 0x28, 0xff, 0x28, 0x2c, 0x30, 0xff,
    0x30, 0x28, 0x28, 0xff, 0x30, 0x28, 0x28, 0xff, 0x28, 0x2c, 0x28, 0xff,
    0x30, 0x28, 0x28, 0xff, 0x28, 0x2c, 0x28, 0xff, 0x28, 0x28, 0x28, 0xff,
    0x30, 0x28, 0x28, 0xff, 0x28, 0x2c, 0x28, 0xff, 0x30, 0x2c, 0x28, 0xff,
    0x28, 0x28, 0x28, 0xff, 0x28, 0x28, 0x28, 0xff, 0x30, 0x28, 0x28, 0xff,
    0x28, 0x28, 0x28, 0xff, 0x30, 0x2c, 0x28, 0xff, 0x28, 0x28, 0x28, 0xff,
    0x28, 0x28, 0x28, 0xff, 0x30, 0x28, 0x28, 0xff, 0x30, 0x28, 0x28, 0xff,
    0x28, 0x28, 0x28, 0xff, 0x28, 0x28, 0x28, 0xff, 0x28, 0x28, 0x28, 0xff,
    0x30, 0x2c, 0x28, 0xff, 0x28, 0x28, 0x28, 0xff, 0x30, 0x28, 0x28, 0xff,
    0x28, 0x28, 0x28, 0xff, 0x28, 0x28, 0x28, 0xff, 0x28, 0x28, 0x28, 0xff,
    0x30, 0x28, 0x28, 0xff, 0x28, 0x28, 0x20, 0xff, 0x28, 0x28, 0x28, 0xff,
    0x30, 0x28, 0x28, 0xff, 0x28, 0x28, 0x28, 0xff, 0x28, 0x28, 0x28, 0xff,
    0x30, 0x28, 0x28, 0xff, 0x28, 0x28, 0x20, 0xff, 0x28, 0x28, 0x28, 0xff,
    0x30, 0x28, 0x20, 0xff, 0x28, 0x28, 0x28, 0xff, 0x28, 0x28, 0x28, 0xff,
    0x28, 0x24, 0x20, 0xff, 0x28, 0x28, 0x28, 0xff, 0x28, 0x24, 0x28, 0xff,
    0x28, 0x24, 0x28, 0xff, 0x28, 0x28, 0x20, 0xff, 0x28, 0x28, 0x28, 0xff,
    0x28, 0x28, 0x28, 0xff, 0x28, 0x28, 0x28, 0xff, 0x28, 0x24, 0x20, 0xff,
    0x28, 0x24, 0x28, 0xff, 0x28, 0x28, 0x20, 0xff, 0x28, 0x24, 0x28, 0xff,
    0x28, 0x28, 0x28, 0xff, 0x28, 0x28, 0x20, 0xff, 0x28, 0x24, 0x28, 0xff,
    0x28, 0x28, 0x28, 0xff, 0x28, 0x24, 0x20, 0xff, 0x28, 0x28, 0x28, 0xff,
    0x28, 0x24, 0x20, 0xff, 0x28, 0x24, 0x28, 0xff, 0x28, 0x24, 0x20, 0xff,
    0x28, 0x24, 0x28, 0xff, 0x20, 0x28, 0x28, 0xff, 0x28, 0x24, 0x20, 0xff,
    0x28, 0x28, 0x28, 0xff, 0x28, 0x24, 0x20, 0xff, 0x28, 0x28, 0x20, 0xff,
    0x28, 0x24, 0x28, 0xff, 0x28, 0x28, 0x20, 0xff, 0x28, 0x24, 0x28, 0xff,
    0x28, 0x24, 0x20, 0xff, 0x28, 0x24, 0x20, 0xff, 0x28, 0x24, 0x28, 0xff,
    0x28, 0x24, 0x20, 0xff, 0x28, 0x24, 0x20, 0xff, 0x28, 0x24, 0x28, 0xff,
    0x28, 0x24, 0x20, 0xff, 0x20, 0x24, 0x20, 0xff, 0x28, 0x24, 0x20, 0xff,
    0x28, 0x24, 0x20, 0xff, 0x20, 0x24, 0x28, 0xff, 0x28, 0x24, 0x20, 0xff,
    0x28, 0x24, 0x28, 0xff, 0x28, 0x24, 0x20, 0xff, 0x28, 0x24, 0x20, 0xff,
    0x28, 0x24, 0x28, 0xff, 0x20, 0x24, 0x20, 0xff, 0x28, 0x24, 0x20, 0xff,
    0x28, 0x24, 0x20, 0xff, 0x20, 0x24, 0x20, 0xff, 0x28, 0x20, 0x20, 0xff,
    0x28, 0x20, 0x28, 0xff, 0x20, 0x24, 0x20, 0xff, 0x28, 0x24, 0x20, 0xff,
    0x28, 0x24, 0x20, 0xff, 0x20, 0x20, 0x20, 0xff, 0x28, 0x24, 0x20, 0xff,
    0x20, 0x24, 0x20, 0xff, 0x28, 0x20, 0x28, 0xff, 0x20, 0x24, 0x20, 0xff,
    0x28, 0x20, 0x20, 0xff, 0x28, 0x24, 0x20, 0xff, 0x28, 0x20, 0x20, 0xff,
    0x20, 0x20, 0x20, 0xff, 0x28, 0x24, 0x20, 0xff, 0x28, 0x20, 0x28, 0xff,
    0x20, 0x20, 0x20, 0xff, 0x28, 0x24, 0x20, 0xff, 0x20, 0x20, 0x28, 0xff,
    0x28, 0x20, 0x20, 0xff, 0x20, 0x24, 0x20, 0xff, 0x20, 0x24, 0x20, 0xff,
    0x28, 0x20, 0x20, 0xff, 0x20, 0x24, 0x28, 0xff, 0x28, 0x20, 0x20, 0xff,
    0x20, 0x20, 0x20, 0xff, 0x28, 0x24, 0x20, 0xff, 0x28, 0x20, 0x20, 0xff,
    0x20, 0x20, 0x20, 0xff, 0x20, 0x20, 0x20, 0xff, 0x28, 0x24, 0x20, 0xff,
    0x20, 0x20, 0x20, 0xff, 0x20, 0x24, 0x20, 0xff, 0x28, 0x20, 0x20, 0xff,
    0x20, 0x20, 0x20, 0xff, 0x28, 0x24, 0x20, 0xff, 0x20, 0x20, 0x20, 0xff,
    0x20, 0x20, 0x20, 0xff, 0x28, 0x20, 0x20, 0xff, 0x28, 0x20, 0x20, 0xff,
    0x20, 0x20, 0x20, 0xff, 0x28, 0x20, 0x20, 0xff, 0x28, 0x20, 0x20, 0xff,
    0x20, 0x20, 0x20, 0xff, 0x20, 0x20, 0x20, 0xff, 0x20, 0x20, 0x18, 0xff,
    0x20, 0x20, 0x20, 0xff, 0x20, 0x20, 0x20, 0xff, 0x28, 0x20, 0x18, 0xff,
    0x20, 0x20, 0x20, 0xff, 0x20, 0x20, 0x20, 0xff, 0x28, 0x20, 0x18, 0xff,
    0x20, 0x20, 0x20, 0xff, 0x20, 0x20, 0x20, 0xff, 0x28, 0x20, 0x18, 0xff,
    0x20, 0x20, 0x20, 0xff, 0x20, 0x20, 0x20, 0xff, 0x20, 0x20, 0x20, 0xff,
    0x20, 0x20, 0x18, 0xff, 0x28, 0x20, 0x20, 0xff, 0x20, 0x1c, 0x20, 0xff,
    0x20, 0x20, 0x18, 0xff, 0x20, 0x20, 0x20, 0xff, 0x20, 0x20, 0x20, 0xff,
    0x20, 0x1c, 0x18, 0xff, 0x28, 0x20, 0x20, 0xff, 0x20, 0x20, 0x20, 0xff,
    0x20, 0x20, 0x20, 0xff, 0x28, 0x1c, 0x18, 0xff, 0x20, 0x1c, 0x20, 0xff,
    0x20, 0x20, 0x20, 0xff, 0x20, 0x1c, 0x18, 0xff, 0x20, 0x1c, 0x20, 0xff,
    0x20, 0x20, 0x20, 0xff, 0x20, 0x20, 0x18, 0xff, 0x20, 0x1c, 0x20, 0xff,
    0x28, 0x1c, 0x20, 0xff, 0x20, 0x20, 0x18, 0xff, 0x20, 0x20, 0x20, 0xff,
    0x20, 0x1c, 0x20, 0xff, 0x20, 0x20, 0x18, 0xff, 0x20, 0x20, 0x18, 0xff,
    0x20, 0x1c, 0x20, 0xff, 0x20, 0x20, 0x20, 0xff, 0x20, 0x1c, 0x18, 0xff,
    0x20, 0x1c, 0x20, 0xff, 0x20, 0x1c, 0x20, 0xff, 0x20, 0x20, 0x18, 0xff,
    0x20, 0x1c, 0x18, 0xff, 0x20, 0x1c, 0x20, 0xff, 0x20, 0x20, 0x18, 0xff,
    0x20, 0x20, 0x20, 0xff, 0x20, 0x1c, 0x20, 0xff, 0x20, 0x1c, 0x18, 0xff,
    0x20, 0x20, 0x20, 0xff, 0x20, 0x1c, 0x20, 0xff, 0x20, 0x1c, 0x18, 0xff,
    0x20, 0x20, 0x18, 0xff, 0x20, 0x1c, 0x20, 0xff, 0x20, 0x20, 0x18, 0xff,
    0x20, 0x1c, 0x18, 0xff, 0x20, 0x1c, 0x20, 0xff, 0x20, 0x1c, 0x18, 0xff,
    0x20, 0x1c, 0x18, 0xff, 0x20, 0x1c, 0x20, 0xff, 0x20, 0x1c, 0x18, 0xff,
    0x20, 0x1c, 0x18, 0xff, 0x20, 0x1c, 0x18, 0xff, 0x18, 0x1c, 0x20, 0xff,
    0x20, 0x1c, 0x18, 0xff, 0x20, 0x1c, 0x18, 0xff, 0x20, 0x1c, 0x20, 0xff,
    0x20, 0x1c, 0x18, 0xff, 0x20, 0x1c, 0x20, 0xff, 0x20, 0x1c, 0x18, 0xff,
    0x18, 0x1c, 0x18, 0xff, 0x20, 0x1c, 0x20, 0xff, 0x18, 0x1c, 0x18, 0xff,
    0x20, 0x1c, 0x18, 0xff, 0x18, 0x18, 0x18, 0xff, 0x20, 0x1c, 0x18, 0xff,
    0x18, 0x1c, 0x20, 0xff, 0x20, 0x1c, 0x18, 0xff, 0x18, 0x18, 0x18, 0xff,
    0x20, 0x1c, 0x18, 0xff, 0x20, 0x1c, 0x18, 0xff, 0x18, 0x18, 0x18, 0xff,
    0x20, 0x1c, 0x20, 0xff, 0x20, 0x1c, 0x18, 0xff, 0x20, 0x1c, 0x20, 0xff,
    0x20, 0x1c, 0x18, 0xff, 0x20, 0x1c, 0x18, 0xff, 0x20, 0x1c, 0x18, 0xff,
    0x18, 0x1c, 0x20, 0xff, 0x20, 0x1c, 0x18, 0xff, 0x18, 0x1c, 0x18, 0xff,
    0x20, 0x1c, 0x20, 0xff, 0x18, 0x1c, 0x18, 0xff, 0x20, 0x18, 0x18, 0xff,
    0x20, 0x18, 0x18, 0xff, 0x18, 0x1c, 0x18, 0xff, 0x20, 0x1c, 0x18, 0xff,
    0x20, 0x18, 0x20, 0xff, 0x18, 0x1c, 0x18, 0xff, 0x20, 0x18, 0x18, 0xff,
    0x20, 0x18, 0x18, 0xff, 0x18, 0x1c, 0x18, 0xff, 0x20, 0x18, 0x20, 0xff,
    0x18, 0x18, 0x18, 0xff, 0x20, 0x1c, 0x18, 0xff, 0x20, 0x1c, 0x18, 0xff,
    0x18, 0x1c, 0x18, 0xff, 0x20, 0x18, 0x18, 0xff, 0x20, 0x18, 0x18, 0xff,
    0x18, 0x1c, 0x18, 0xff, 0x20, 0x18, 0x18, 0xff, 0x20, 0x18, 0x18, 0xff,
    0x18, 0x1c, 0x18, 0xff, 0x20, 0x1c, 0x18, 0xff, 0x20, 0x1c, 0x18, 0xff,
    0x18, 0x18, 0x18, 0xff, 0x20, 0x18, 0x18, 0xff, 0x18, 0x1c, 0x18, 0xff,
    0x20, 0x18, 0x18, 0xff, 0x18, 0x18, 0x18, 0xff, 0x20, 0x18, 0x18, 0xff,
    0x18, 0x18, 0x18, 0xff, 0x20, 0x18, 0x18, 0xff, 0x20, 0x18, 0x18, 0xff,
    0x18, 0x18, 0x18, 0xff, 0x20, 0x1c, 0x18, 0xff, 0x18, 0x18, 0x18, 0xff,
    0x20, 0x18, 0x18, 0xff, 0x20, 0x1c, 0x18, 0xff, 0x18, 0x18, 0x18, 0xff,
    0x18, 0x18, 0x18, 0xff, 0x20, 0x18, 0x18, 0xff, 0x20, 0x18, 0x18, 0xff,
    0x18, 0x18, 0x18, 0xff, 0x20, 0x1c, 0x18, 0xff, 0x20, 0x18, 0x18, 0xff,
    0x18, 0x18, 0x18, 0xff, 0x18, 0x18, 0x18, 0xff, 0x20, 0x18, 0x18, 0xff,
    0x20, 0x1c, 0x18, 0xff, 0x18, 0x18, 0x18, 0xff, 0x20, 0x18, 0x18, 0xff,
    0x18, 0x1c, 0x18, 0xff, 0x18, 0x18, 0x18, 0xff, 0x20, 0x18, 0x18, 0xff,
    0x18, 0x18, 0x18, 0xff, 0x20, 0x1c, 0x18, 0xff, 0x20, 0x18, 0x18, 0xff,
    0x18, 0x18, 0x18, 0xff, 0x18, 0x18, 0x18, 0xff, 0x20, 0x18, 0x18, 0xff,
    0x18, 0x18, 0x18, 0xff, 0x18, 0x18, 0x18, 0xff, 0x20, 0x18, 0x18, 0xff,
    0x18, 0x18, 0x18, 0xff, 0x18, 0x18, 0x18, 0xff, 0x20, 0x1c, 0x18, 0xff,
    0x18, 0x18, 0x18, 0xff, 0x18, 0x18, 0x18, 0xff, 0x20, 0x1c, 0x18, 0xff,
    0x18, 0x18, 0x18, 0xff, 0x20, 0x18, 0x18, 0xff, 0x20, 0x1c, 0x18, 0xff,
    0x20, 0x18, 0x18, 0xff, 0x18, 0x1c, 0x18, 0xff, 0x20, 0x18, 0x18, 0xff,
    0x18, 0x18, 0x18, 0xff, 0x18, 0x18, 0x18, 0xff, 0x20, 0x18, 0x18, 0xff,
    0x20, 0x18, 0x18, 0xff, 0x18, 0x18, 0x18, 0xff, 0x20, 0x18, 0x18, 0xff,
    0x20, 0x18, 0x18, 0xff, 0x18, 0x1c, 0x18, 0xff, 0x20, 0x18, 0x18, 0xff,
    0x18, 0x18, 0x18, 0xff, 0x18, 0x18, 0x18, 0xff, 0x20, 0x18, 0x18, 0xff,
    0x20, 0x18, 0x18, 0xff, 0x18, 0x18, 0x18, 0xff, 0x20, 0x18, 0x18, 0xff,
    0x20, 0x1c, 0x18, 0xff, 0x18, 0x18, 0x18, 0xff, 0x20, 0x18, 0x18, 0xff,
    0x18, 0x1c, 0x18, 0xff, 0x18, 0x18, 0x18, 0xff, 0x20, 0x18, 0x18, 0xff,
    0x20, 0x18, 0x18, 0xff, 0x18, 0x18, 0x18, 0xff, 0x20, 0x1c, 0x18, 0xff,
    0x20, 0x18, 0x18, 0xff, 0x18, 0x18, 0x18, 0xff, 0x20, 0x18, 0x18, 0xff,
    0x18, 0x18, 0x18, 0xff, 0x18, 0x1c, 0x18, 0xff, 0x20, 0x18, 0x18, 0xff,
    0x20, 0x1c, 0x18, 0xff, 0x18, 0x18, 0x18, 0xff, 0x18, 0x18, 0x18, 0xff,
    0x20, 0x1c, 0x18, 0xff, 0x20, 0x18, 0x18, 0xff, 0x18, 0x18, 0x18, 0xff,
    0x20, 0x18, 0x18, 0xff, 0x20, 0x1c, 0x18, 0xff, 0x18, 0x18, 0x18, 0xff,
    0x20, 0x1c, 0x18, 0xff, 0x18, 0x18, 0x18, 0xff, 0x20, 0x18, 0x18, 0xff,
    0x18, 0x18, 0x18, 0xff, 0x18, 0x1c, 0x18, 0xff, 0x20, 0x18, 0x18, 0xff,
    0x18, 0x18, 0x18, 0xff, 0x20, 0x18, 0x18, 0xff, 0x20, 0x18, 0x18, 0xff,
    0x18, 0x18, 0x18, 0xff, 0x20, 0x18, 0x18, 0xff, 0x18, 0x18, 0x18, 0xff,
    0x20, 0x1c, 0x18, 0xff, 0x20, 0x18, 0x18, 0xff, 0x18, 0x18, 0x18, 0xff,
    0x20, 0x18, 0x18, 0xff, 0x18, 0x18, 0x18, 0xff, 0x20, 0x18, 0x18, 0xff,
    0x18, 0x18, 0x18, 0xff, 0x20, 0x18, 0x18, 0xff, 0x20, 0x18, 0x18, 0xff,
    0x18, 0x18, 0x18, 0xff, 0x20, 0x18, 0x18, 0xff, 0x20, 0x18, 0x18, 0xff,
    0x18, 0x1c, 0x18, 0xff, 0x18, 0x18, 0x18, 0xff, 0x20, 0x18, 0x18, 0xff,
    0x20, 0x1c, 0x18, 0xff, 0x18, 0x18, 0x18, 0xff, 0x20, 0x18, 0x18, 0xff,
    0x18, 0x1c, 0x18, 0xff, 0x70, 0x70, 0x70, 0x9e, 0xf8, 0xfc, 0xf8, 0x00,
    0x70, 0x6c, 0x68, 0xcf, 0x30, 0x30, 0x30, 0xff, 0x30, 0x34, 0x30, 0xff,
    0x30, 0x30, 0x30, 0xff, 0x30, 0x30, 0x30, 0xff, 0x38, 0x34, 0x30, 0xff,
    0x30, 0x30, 0x30, 0xff, 0x30, 0x30, 0x30, 0xff, 0x30, 0x30, 0x30, 0xff,
    0x30, 0x30, 0x30, 0xff, 0x30, 0x30, 0x28, 0xff, 0x30, 0x30, 0x30, 0xff,
    0x30, 0x30, 0x30, 0xff, 0x30, 0x30, 0x30, 0xff, 0x30, 0x30, 0x30, 0xff,
    0x38, 0x30, 0x30, 0xff, 0x30, 0x30, 0x30, 0xff, 0x30, 0x30, 0x30, 0xff,
    0x38, 0x30, 0x30, 0xff, 0x30, 0x2c, 0x30, 0xff, 0x30, 0x30, 0x28, 0xff,
    0x30, 0x30, 0x30, 0xff, 0x30, 0x30, 0x30, 0xff, 0x30, 0x30, 0x30, 0xff,
    0x30, 0x30, 0x28, 0xff, 0x30, 0x30, 0x30, 0xff, 0x30, 0x30, 0x30, 0xff,
    0x30, 0x2c, 0x28, 0xff, 0x30, 0x30, 0x30, 0xff, 0x30, 0x30, 0x30, 0xff,
    0x30, 0x2c, 0x28, 0xff, 0x30, 0x30, 0x30, 0xff, 0x30, 0x30, 0x30, 0xff,
    0x30, 0x2c, 0x28, 0xff, 0x30, 0x30, 0x28, 0xff, 0x30, 0x2c, 0x30, 0xff,
    0x30, 0x30, 0x28, 0xff, 0x28, 0x30, 0x28, 0xff, 0x30, 0x2c, 0x30, 0xff,
    0x30, 0x30, 0x28, 0xff, 0x30, 0x2c, 0x30, 0xff, 0x30, 0x2c, 0x28, 0xff,
    0x30, 0x2c, 0x30, 0xff, 0x30, 0x2c, 0x28, 0xff, 0x30, 0x2c, 0x28, 0xff,
    0x30, 0x2c, 0x30, 0xff, 0x30, 0x2c, 0x30, 0xff, 0x30, 0x2c, 0x30, 0xff,
    0x28, 0x30, 0x30, 0xff, 0x30, 0x2c, 0x28, 0xff, 0x30, 0x2c, 0x30, 0xff,
    0x28, 0x2c, 0x28, 0xff, 0x30, 0x2c, 0x28, 0xff, 0x30, 0x2c, 0x30, 0xff,
    0x30, 0x2c, 0x28, 0xff, 0x30, 0x2c, 0x30, 0xff, 0x30, 0x2c, 0x28, 0xff,
    0x28, 0x2c, 0x28, 0xff, 0x30, 0x2c, 0x30, 0xff, 0x28, 0x2c, 0x28, 0xff,
    0x30, 0x2c, 0x28, 0xff, 0x28, 0x2c, 0x30, 0xff, 0x30, 0x2c, 0x28, 0xff,
    0x30, 0x2c, 0x28, 0xff, 0x28, 0x2c, 0x30, 0xff, 0x30, 0x2c, 0x28, 0xff,
    0x30, 0x28, 0x28, 0xff, 0x28, 0x2c, 0x28, 0xff, 0x30, 0x2c, 0x28, 0xff,
    0x30, 0x28, 0x28, 0xff, 0x28, 0x2c, 0x28, 0xff, 0x30, 0x2c, 0x30, 0xff,
    0x28, 0x28, 0x28, 0xff, 0x30, 0x2c, 0x28, 0xff, 0x28, 0x28, 0x28, 0xff,
    0x28, 0x2c, 0x28, 0xff, 0x30, 0x28, 0x28, 0xff, 0x28, 0x2c, 0x28, 0xff,
    0x28, 0x28, 0x28, 0xff, 0x30, 0x2c, 0x28, 0xff, 0x28, 0x2c, 0x28, 0xff,
    0x30, 0x28, 0x28, 0xff, 0x30, 0x2c, 0x28, 0xff, 0x28, 0x2c, 0x28, 0xff,
    0x28, 0x28, 0x28, 0xff, 0x30, 0x28, 0x30, 0xff, 0x28, 0x2c, 0x28, 0xff,
    0x28, 0x28, 0x28, 0xff, 0x30, 0x28, 0x28, 0xff, 0x28, 0x28, 0x28, 0xff,
    0x28, 0x2c, 0x28, 0xff, 0x30, 0x28, 0x28, 0xff, 0x28, 0x28, 0x28, 0xff,
    0x30, 0x28, 0x28, 0xff, 0x28, 0x2c, 0x28, 0xff, 0x28, 0x28, 0x28, 0xff,
    0x30, 0x28, 0x28, 0xff, 0x28, 0x2c, 0x28, 0xff, 0x28, 0x28, 0x28, 0xff,
    0x28, 0x28, 0x28, 0xff, 0x28, 0x28, 0x28, 0xff, 0x28, 0x28, 0x28, 0xff,
    0x28, 0x28, 0x28, 0xff, 0x30, 0x28, 0x20, 0xff, 0x28, 0x28, 0x28, 0xff,
    0x28, 0x28, 0x28, 0xff, 0x28, 0x28, 0x28, 0xff, 0x30, 0x28, 0x28, 0xff,
    0x28, 0x28, 0x28, 0xff, 0x28, 0x28, 0x20, 0xff, 0x28, 0x28, 0x28, 0xff,
    0x28, 0x28, 0x28, 0xff, 0x28, 0x28, 0x28, 0xff, 0x28, 0x28, 0x20, 0xff,
    0x28, 0x24, 0x28, 0xff, 0x28, 0x28, 0x28, 0xff, 0x28, 0x28, 0x20, 0xff,
    0x28, 0x28, 0x28, 0xff, 0x30, 0x28, 0x28, 0xff, 0x28, 0x28, 0x28, 0xff,
    0x28, 0x28, 0x28, 0xff, 0x30, 0x28, 0x28, 0xff, 0x28, 0x28, 0x28, 0xff,
    0x28, 0x24, 0x20, 0xff, 0x28, 0x28, 0x28, 0xff, 0x28, 0x28, 0x28, 0xff,
    0x28, 0x24, 0x20, 0xff, 0x28, 0x28, 0x28, 0xff, 0x28, 0x24, 0x28, 0xff,
    0x28, 0x24, 0x20, 0xff, 0x28, 0x28, 0x28, 0xff, 0x28, 0x24, 0x20, 0xff,
    0x28, 0x28, 0x28, 0xff, 0x28, 0x24, 0x28, 0xff, 0x28, 0x28, 0x20, 0xff,
    0x28, 0x28, 0x28, 0xff, 0x28, 0x24, 0x28, 0xff, 0x28, 0x28, 0x20, 0xff,
    0x28, 0x24, 0x28, 0xff, 0x28, 0x24, 0x20, 0xff, 0x28, 0x24, 0x20, 0xff,
    0x28, 0x28, 0x28, 0xff, 0x28, 0x24, 0x28, 0xff, 0x20, 0x24, 0x20, 0xff,
    0x28, 0x24, 0x28, 0xff, 0x28, 0x28, 0x20, 0xff, 0x28, 0x24, 0x28, 0xff,
    0x20, 0x24, 0x28, 0xff, 0x28, 0x28, 0x20, 0xff, 0x28, 0x24, 0x28, 0xff,
    0x20, 0x24, 0x28, 0xff, 0x28, 0x24, 0x20, 0xff, 0x28, 0x24, 0x28, 0xff,
    0x20, 0x24, 0x20, 0xff, 0x28, 0x24, 0x28, 0xff, 0x28, 0x24, 0x20, 0xff,
    0x20, 0x24, 0x28, 0xff, 0x28, 0x24, 0x20, 0xff, 0x28, 0x24, 0x20, 0xff,
    0x28, 0x24, 0x28, 0xff, 0x20, 0x24, 0x20, 0xff, 0x20, 0x24, 0x20, 0xff,
    0x28, 0x24, 0x28, 0xff, 0x28, 0x24, 0x20, 0xff, 0x28, 0x24, 0x20, 0xff,
    0x28, 0x24, 0x20, 0xff, 0x28, 0x24, 0x20, 0xff, 0x20, 0x24, 0x20, 0xff,
    0x28, 0x24, 0x20, 0xff, 0x28, 0x24, 0x20, 0xff, 0x20, 0x20, 0x20, 0xff,
    0x28, 0x24, 0x28, 0xff, 0x28, 0x24, 0x20, 0xff, 0x20, 0x24, 0x20, 0xff,
    0x28, 0x24, 0x20, 0xff, 0x28, 0x20, 0x28, 0xff, 0x20, 0x24, 0x20, 0xff,
    0x28, 0x24, 0x20, 0xff, 0x20, 0x20, 0x20, 0xff, 0x28, 0x24, 0x28, 0xff,
    0x20, 0x24, 0x20, 0xff, 0x20, 0x20, 0x20, 0xff, 0x28, 0x24, 0x20, 0xff,
    0x20, 0x20, 0x20, 0xff, 0x28, 0x24, 0x20, 0xff, 0x20, 0x24, 0x20, 0xff,
    0x28, 0x20, 0x20, 0xff, 0x28, 0x20, 0x20, 0xff, 0x20, 0x24, 0x20, 0xff,
    0x28, 0x20, 0x20, 0xff, 0x28, 0x24, 0x20, 0xff, 0x20, 0x24, 0x20, 0xff,
    0x20, 0x20, 0x20, 0xff, 0x28, 0x20, 0x20, 0xff, 0x20, 0x20, 0x20, 0xff,
    0x28, 0x24, 0x20, 0xff, 0x28, 0x20, 0x20, 0xff, 0x20, 0x20, 0x20, 0xff,
    0x20, 0x20, 0x20, 0xff, 0x28, 0x20, 0x20, 0xff, 0x20, 0x24, 0x20, 0xff,
    0x20, 0x20, 0x20, 0xff, 0x28, 0x20, 0x20, 0xff, 0x20, 0x20, 0x20, 0xff,
    0x20, 0x20, 0x20, 0xff, 0x28, 0x20, 0x20, 0xff, 0x20, 0x20, 0x20, 0xff,
    0x20, 0x20, 0x20, 0xff, 0x20, 0x20, 0x18, 0xff, 0x28, 0x20, 0x20, 0xff,
    0x20, 0x20, 0x20, 0xff, 0x20, 0x20, 0x20, 0xff, 0x28, 0x20, 0x20, 0xff,
    0x28, 0x20, 0x20, 0xff, 0x20, 0x20, 0x20, 0xff, 0x20, 0x20, 0x20, 0xff,
    0x20, 0x20, 0x20, 0xff, 0x20, 0x20, 0x20, 0xff, 0x20, 0x20, 0x20, 0xff,
    0x20, 0x20, 0x20, 0xff, 0x28, 0x20, 0x20, 0xff, 0x20, 0x20, 0x18, 0xff,
    0x20, 0x1c, 0x20, 0xff, 0x28, 0x20, 0x20, 0xff, 0x20, 0x1c, 0x20, 0xff,
    0x20, 0x20, 0x18, 0xff, 0x20, 0x20, 0x20, 0xff, 0x20, 0x1c, 0x20, 0xff,
    0x20, 0x20, 0x20, 0xff, 0x20, 0x20, 0x20, 0xff, 0x28, 0x20, 0x20, 0xff,
    0x20, 0x20, 0x18, 0xff, 0x20, 0x20, 0x20, 0xff, 0x20, 0x1c, 0x18, 0xff,
    0x20, 0x20, 0x20, 0xff, 0x20, 0x20, 0x20, 0xff, 0x20, 0x1c, 0x18, 0xff,
    0x20, 0x20, 0x20, 0xff, 0x20, 0x20, 0x18, 0xff, 0x20, 0x1c, 0x20, 0xff,
    0x20, 0x20, 0x18, 0xff, 0x28, 0x20, 0x20, 0xff, 0x20, 0x1c, 0x20, 0xff,
    0x20, 0x20, 0x18, 0xff, 0x20, 0x1c, 0x20, 0xff, 0x20, 0x1c, 0x20, 0xff,
    0x20, 0x20, 0x18, 0xff, 0x20, 0x1c, 0x20, 0xff, 0x20, 0x20, 0x20, 0xff,
    0x20, 0x20, 0x18, 0xff, 0x20, 0x1c, 0x20, 0xff, 0x20, 0x20, 0x20, 0xff,
    0x20, 0x1c, 0x18, 0xff, 0x20, 0x1c, 0x18, 0xff, 0x20, 0x1c, 0x20, 0xff,
    0x20, 0x1c, 0x18, 0xff, 0x20, 0x1c, 0x20, 0xff, 0x20, 0x1c, 0x18, 0xff,
    0x20, 0x1c, 0x18, 0xff, 0x20, 0x1c, 0x20, 0xff, 0x20, 0x1c, 0x18, 0xff,
    0x20, 0x20, 0x20, 0xff, 0x20, 0x1c, 0x18, 0xff, 0x20, 0x1c, 0x20, 0xff,
    0x20, 0x20, 0x20, 0xff, 0x18, 0x1c, 0x18, 0xff, 0x20, 0x1c, 0x20, 0xff,
    0x20, 0x1c, 0x18, 0xff, 0x18, 0x20, 0x20, 0xff, 0x20, 0x1c, 0x18, 0xff,
    0x20, 0x1c, 0x20, 0xff, 0x20, 0x1c, 0x18, 0xff, 0x18, 0x1c, 0x20, 0xff,
    0x20, 0x1c, 0x18, 0xff, 0x20, 0x1c, 0x18, 0xff, 0x20, 0x1c, 0x20, 0xff,
    0x20, 0x1c, 0x18, 0xff, 0x20, 0x1c, 0x20, 0xff, 0x18, 0x1c, 0x18, 0xff,
    0x20, 0x1c, 0x18, 0xff, 0x20, 0x1c, 0x20, 0xff, 0x20, 0x1c, 0x18, 0xff,
    0x18, 0x1c, 0x18, 0xff, 0x20, 0x1c, 0x20, 0xff, 0x20, 0x1c, 0x18, 0xff,
    0x20, 0x1c, 0x20, 0xff, 0x18, 0x1c, 0x18, 0xff, 0x20, 0x1c, 0x18, 0xff,
    0x20, 0x18, 0x20, 0xff, 0x20, 0x1c, 0x18, 0xff, 0x18, 0x1c, 0x18, 0xff,
    0x20, 0x1c, 0x20, 0xff, 0x20, 0x1c, 0x18, 0xff, 0x18, 0x1c, 0x18, 0xff,
    0x20, 0x18, 0x18, 0xff, 0x20, 0x1c, 0x18, 0xff, 0x18, 0x1c, 0x18, 0xff,
    0x18, 0x18, 0x20, 0xff, 0x20, 0x18, 0x18, 0xff, 0x20, 0x1c, 0x18, 0xff,
    0x18, 0x18, 0x18, 0xff, 0x20, 0x1c, 0x18, 0xff, 0x20, 0x18, 0x20, 0xff,
    0x20, 0x1c, 0x18, 0xff, 0x18, 0x1c, 0x18, 0xff, 0x20, 0x1c, 0x20, 0xff,
    0x20, 0x18, 0x18, 0xff, 0x18, 0x18, 0x18, 0xff, 0x18, 0x1c, 0x18, 0xff,
    0x20, 0x18, 0x18, 0xff, 0x20, 0x18, 0x18, 0xff, 0x18, 0x1c, 0x18, 0xff,
    0x20, 0x1c, 0x18, 0xff, 0x20, 0x18, 0x20, 0xff, 0x18, 0x1c, 0x18, 0xff,
    0x20, 0x1c, 0x18, 0xff, 0x20, 0x18, 0x18, 0xff, 0x18, 0x18, 0x18, 0xff,
    0x20, 0x1c, 0x18, 0xff, 0x18, 0x18, 0x18, 0xff, 0x20, 0x1c, 0x18, 0xff,
    0x20, 0x1c, 0x18, 0xff, 0x18, 0x18, 0x20, 0xff, 0x20, 0x1c, 0x18, 0xff,
    0x20, 0x18, 0x18, 0xff, 0x18, 0x18, 0x18, 0xff, 0x20, 0x1c, 0x18, 0xff,
    0x18, 0x18, 0x20, 0xff, 0x20, 0x18, 0x18, 0xff, 0x18, 0x18, 0x18, 0xff,
    0x20, 0x1c, 0x18, 0xff, 0x20, 0x18, 0x18, 0xff, 0x18, 0x18, 0x18, 0xff,
    0x18, 0x1c, 0x18, 0xff, 0x20, 0x1c, 0x18, 0xff, 0x18, 0x18, 0x18, 0xff,
    0x20, 0x18, 0x18, 0xff, 0x18, 0x18, 0x18, 0xff, 0x20, 0x18, 0x18, 0xff,
    0x20, 0x1c, 0x18, 0xff, 0x18, 0x18, 0x18, 0xff, 0x20, 0x18, 0x18, 0xff,
    0x20, 0x18, 0x18, 0xff, 0x18, 0x1c, 0x18, 0xff, 0x18, 0x18, 0x18, 0xff,
    0x20, 0x18, 0x18, 0xff, 0x18, 0x1c, 0x18, 0xff, 0x18, 0x18, 0x18, 0xff,
    0x20, 0x18, 0x18, 0xff, 0x20, 0x18, 0x18, 0xff, 0x18, 0x18, 0x18, 0xff,
    0x18, 0x18, 0x18, 0xff, 0x20, 0x18, 0x18, 0xff, 0x18, 0x18, 0x18, 0xff,
    0x20, 0x18, 0x18, 0xff, 0x20, 0x18, 0x18, 0xff, 0x18, 0x18, 0x18, 0xff,
    0x18, 0x18, 0x18, 0xff, 0x20, 0x18, 0x18, 0xff, 0x18, 0x18, 0x18, 0xff,
    0x20, 0x1c, 0x18, 0xff, 0x20, 0x18, 0x18, 0xff, 0x18, 0x1c, 0x18, 0xff,
    0x20, 0x18, 0x18, 0xff, 0x20, 0x18, 0x18, 0xff, 0x18, 0x18, 0x18, 0xff,
    0x20, 0x1c, 0x18, 0xff, 0x20, 0x18, 0x18, 0xff, 0x18, 0x18, 0x18, 0xff,
    0x20, 0x18, 0x18, 0xff, 0x20, 0x18, 0x18, 0xff, 0x18, 0x18, 0x18, 0xff,
    0x18, 0x18, 0x18, 0xff, 0x20, 0x18, 0x18, 0xff, 0x18, 0x18, 0x18, 0xff,
    0x18, 0x18, 0x18, 0xff, 0x20, 0x18, 0x18, 0xff, 0x20, 0x1c, 0x18, 0xff,
    0x18, 0x18, 0x18, 0xff, 0x20, 0x18, 0x18, 0xff, 0x18, 0x1c, 0x18, 0xff,
    0x18, 0x1c, 0x18, 0xff, 0x20, 0x18, 0x18, 0xff, 0x18, 0x18, 0x18, 0xff,
    0x20, 0x18, 0x18, 0xff, 0x18, 0x1c, 0x18, 0xff, 0x20, 0x18, 0x18, 0xff,
    0x20, 0x18, 0x18, 0xff, 0x18, 0x18, 0x18, 0xff, 0x18, 0x1c, 0x18, 0xff,
    0x20, 0x18, 0x18, 0xff, 0x18, 0x1c, 0x18, 0xff, 0x18, 0x18, 0x18, 0xff,
    0x20, 0x18, 0x18, 0xff, 0x18, 0x18, 0x18, 0xff, 0x20, 0x18, 0x18, 0xff,
    0x20, 0x18, 0x18, 0xff, 0x18, 0x1c, 0x18, 0xff, 0x20, 0x18, 0x18, 0xff,
    0x18, 0x18, 0x18, 0xff, 0x18, 0x1c, 0x18, 0xff, 0x20, 0x18, 0x18, 0xff,
    0x18, 0x18, 0x18, 0xff, 0x20, 0x1c, 0x18, 0xff, 0x18, 0x18, 0x18, 0xff,
    0x20, 0x18, 0x18, 0xff, 0x20, 0x1c, 0x18, 0xff, 0x18, 0x18, 0x18, 0xff,
    0x18, 0x18, 0x18, 0xff, 0x20, 0x18, 0x18, 0xff, 0x20, 0x1c, 0x18, 0xff,
    0x18, 0x18, 0x18, 0xff, 0x18, 0x18, 0x18, 0xff, 0x20, 0x1c, 0x18, 0xff,
    0x18, 0x18, 0x18, 0xff, 0x18, 0x18, 0x18, 0xff, 0x20, 0x18, 0x18, 0xff,
    0x18, 0x18, 0x18, 0xff, 0x20, 0x18, 0x18, 0xff, 0x20, 0x1c, 0x18, 0xff,
    0x18, 0x18, 0x18, 0xff, 0x20, 0x18, 0x18, 0xff, 0x20, 0x18, 0x18, 0xff,
    0x18, 0x1c, 0x18, 0xff, 0x18, 0x18, 0x18, 0xff, 0x18, 0x18, 0x18, 0xff,
    0x20, 0x1c, 0x18, 0xff, 0x18, 0x1c, 0x18, 0xff, 0x18, 0x18, 0x18, 0xff,
    0x20, 0x18, 0x18, 0xff, 0x18, 0x18, 0x18, 0xff, 0x18, 0x18, 0x18, 0xff,
    0x20, 0x1c, 0x18, 0xff, 0x20, 0x1c, 0x18, 0xff, 0x18, 0x18, 0x18, 0xff,
    0x18, 0x18, 0x18, 0xff, 0x20, 0x1c, 0x18, 0xff, 0x18, 0x18, 0x18, 0xff,
    0x20, 0x18, 0x18, 0xff, 0x18, 0x1c, 0x18, 0xff, 0x18, 0x18, 0x18, 0xff,
    0x20, 0x18, 0x18, 0xff, 0x20, 0x18, 0x18, 0xff, 0x18, 0x1c, 0x18, 0xff,
    0x20, 0x18, 0x18, 0xff, 0x18, 0x18, 0x18, 0xff, 0x20, 0x18, 0x18, 0xff,
    0x20, 0x18, 0x18, 0xff, 0x18, 0x18, 0x18, 0xff, 0x70, 0x70, 0x70, 0xa2,
    0xf8, 0xfc, 0xf8, 0x00, 0x70, 0x6c, 0x68, 0xcf, 0x30, 0x30, 0x30, 0xff,
    0x30, 0x30, 0x30, 0xff, 0x38, 0x30, 0x30, 0xff, 0x30, 0x30, 0x30, 0xff,
    0x30, 0x30, 0x30, 0xff, 0x38, 0x30, 0x30, 0xff, 0x30, 0x30, 0x30, 0xff,
    0x30, 0x30, 0x30, 0xff, 0x38, 0x30, 0x30, 0xff, 0x30, 0x30, 0x30, 0xff,
    0x30, 0x30, 0x30, 0xff, 0x30, 0x30, 0x30, 0xff, 0x30, 0x30, 0x28, 0xff,
    0x30, 0x30, 0x30, 0xff, 0x30, 0x30, 0x30, 0xff, 0x30, 0x30, 0x30, 0xff,
    0x30, 0x30, 0x30, 0xff, 0x30, 0x30, 0x28, 0xff, 0x30, 0x30, 0x30, 0xff,
    0x30, 0x2c, 0x30, 0xff, 0x30, 0x30, 0x28, 0xff, 0x30, 0x2c, 0x30, 0xff,
    0x30, 0x2c, 0x30, 0xff, 0x30, 0x30, 0x30, 0xff, 0x30, 0x30, 0x28, 0xff,
    0x30, 0x30, 0x30, 0xff, 0x30, 0x30, 0x30, 0xff, 0x30, 0x30, 0x30, 0xff,
    0x30, 0x2c, 0x28, 0xff, 0x30, 0x2c, 0x30, 0xff, 0x30, 0x30, 0x30, 0xff,
    0x30, 0x2c, 0x28, 0xff, 0x30, 0x2c, 0x30, 0xff, 0x28, 0x30, 0x30, 0xff,
    0x30, 0x30, 0x30, 0xff, 0x30, 0x2c, 0x30, 0xff, 0x30, 0x2c, 0x30, 0xff,
    0x30, 0x30, 0x28, 0xff, 0x30, 0x30, 0x30, 0xff, 0x28, 0x30, 0x30, 0xff,
    0x30, 0x2c, 0x28, 0xff, 0x30, 0x2c, 0x30, 0xff, 0x30, 0x30, 0x30, 0xff,
    0x28, 0x30, 0x28, 0xff, 0x30, 0x2c, 0x28, 0xff, 0x30, 0x2c, 0x28, 0xff,
    0x30, 0x30, 0x30, 0xff, 0x28, 0x2c, 0x28, 0xff, 0x30, 0x2c, 0x30, 0xff,
    0x30, 0x30, 0x30, 0xff, 0x28, 0x2c, 0x28, 0xff, 0x30, 0x2c, 0x28, 0xff,
    0x30, 0x2c, 0x30, 0xff, 0x28, 0x2c, 0x28, 0xff, 0x30, 0x2c, 0x28, 0xff,
    0x30, 0x2c, 0x30, 0xff, 0x30, 0x2c, 0x28, 0xff, 0x28, 0x2c, 0x30, 0xff,
    0x30, 0x2c, 0x28, 0xff, 0x30, 0x2c, 0x30, 0xff, 0x28, 0x2c, 0x28, 0xff,
    0x30, 0x2c, 0x28, 0xff, 0x28, 0x2c, 0x30, 0xff, 0x30, 0x2c, 0x28, 0xff,
    0x28, 0x2c, 0x28, 0xff, 0x30, 0x2c, 0x30, 0xff, 0x28, 0x28, 0x28, 0xff,
    0x30, 0x2c, 0x30, 0xff, 0x28, 0x2c, 0x28, 0xff, 0x28, 0x2c, 0x28, 0xff,
    0x30, 0x2c, 0x28, 0xff, 0x30, 0x2c, 0x30, 0xff, 0x28, 0x2c, 0x28, 0xff,
    0x30, 0x2c, 0x28, 0xff, 0x30, 0x2c, 0x30, 0xff, 0x28, 0x28, 0x28, 0xff,
    0x30, 0x2c, 0x28, 0xff, 0x30, 0x28, 0x28, 0xff, 0x28, 0x28, 0x28, 0xff,
    0x28, 0x2c, 0x30, 0xff, 0x30, 0x28, 0x28, 0xff, 0x28, 0x28, 0x28, 0xff,
    0x28, 0x2c, 0x30, 0xff, 0x30, 0x2c, 0x28, 0xff, 0x28, 0x28, 0x28, 0xff,
    0x28, 0x2c, 0x28, 0xff, 0x30, 0x2c, 0x28, 0xff, 0x28, 0x28, 0x28, 0xff,
    0x30, 0x28, 0x28, 0xff, 0x28, 0x28, 0x28, 0xff, 0x28, 0x2c, 0x28, 0xff,
    0x30, 0x28, 0x28, 0xff, 0x28, 0x28, 0x28, 0xff, 0x28, 0x2c, 0x28, 0xff,
    0x30, 0x28, 0x28, 0xff, 0x28, 0x28, 0x28, 0xff, 0x28, 0x2c, 0x28, 0xff,
    0x30, 0x28, 0x28, 0xff, 0x28, 0x28, 0x28, 0xff, 0x28, 0x2c, 0x28, 0xff,
    0x30, 0x28, 0x28, 0xff, 0x28, 0x28, 0x28, 0xff, 0x28, 0x28, 0x28, 0xff,
    0x30, 0x28, 0x28, 0xff, 0x28, 0x28, 0x28, 0xff, 0x28, 0x28, 0x20, 0xff,
    0x28, 0x28, 0x28, 0xff, 0x30, 0x28, 0x28, 0xff, 0x28, 0x28, 0x28, 0xff,
    0x28, 0x28, 0x28, 0xff, 0x28, 0x28, 0x28, 0xff, 0x28, 0x28, 0x28, 0xff,
    0x28, 0x28, 0x28, 0xff, 0x28, 0x28, 0x28, 0xff, 0x28, 0x24, 0x28, 0xff,
    0x28, 0x28, 0x28, 0xff, 0x28, 0x24, 0x20, 0xff, 0x28, 0x28, 0x28, 0xff,
    0x28, 0x28, 0x28, 0xff, 0x28, 0x24, 0x20, 0xff, 0x28, 0x28, 0x28, 0xff,
    0x28, 0x28, 0x28, 0xff, 0x28, 0x24, 0x20, 0xff, 0x28, 0x28, 0x28, 0xff,
    0x28, 0x28, 0x28, 0xff, 0x28, 0x24, 0x20, 0xff, 0x28, 0x28, 0x28, 0xff,
    0x28, 0x28, 0x28, 0xff, 0x28, 0x24, 0x20, 0xff, 0x28, 0x28, 0x28, 0xff,
    0x28, 0x24, 0x28, 0xff, 0x28, 0x24, 0x20, 0xff, 0x28, 0x28, 0x28, 0xff,
    0x28, 0x24, 0x28, 0xff, 0x28, 0x24, 0x20, 0xff, 0x28, 0x28, 0x28, 0xff,
    0x28, 0x28, 0x28, 0xff, 0x28, 0x24, 0x20, 0xff, 0x28, 0x24, 0x28, 0xff,
    0x28, 0x24, 0x20, 0xff, 0x28, 0x24, 0x28, 0xff, 0x28, 0x24, 0x20, 0xff,
    0x28, 0x24, 0x28, 0xff, 0x28, 0x24, 0x20, 0xff, 0x28, 0x24, 0x28, 0xff,
    0x28, 0x24, 0x20, 0xff, 0x28, 0x24, 0x20, 0xff, 0x28, 0x28, 0x28, 0xff,
    0x28, 0x24, 0x20, 0xff, 0x28, 0x28, 0x28, 0xff, 0x28, 0x24, 0x20, 0xff,
    0x20, 0x24, 0x20, 0xff, 0x28, 0x24, 0x28, 0xff, 0x28, 0x24, 0x20, 0xff,
    0x28, 0x24, 0x20, 0xff, 0x28, 0x24, 0x28, 0xff, 0x20, 0x24, 0x20, 0xff,
    0x28, 0x24, 0x20, 0xff, 0x28, 0x24, 0x28, 0xff, 0x28, 0x24, 0x20, 0xff,
    0x28, 0x24, 0x28, 0xff, 0x28, 0x24, 0x20, 0xff, 0x20, 0x24, 0x28, 0xff,
    0x28, 0x24, 0x28, 0xff, 0x28, 0x24, 0x20, 0xff, 0x20, 0x20, 0x28, 0xff,
    0x28, 0x24, 0x28, 0xff, 0x20, 0x24, 0x20, 0xff, 0x28, 0x24, 0x20, 0xff,
    0x28, 0x24, 0x28, 0xff, 0x20, 0x20, 0x20, 0xff, 0x28, 0x24, 0x20, 0xff,
    0x20, 0x24, 0x28, 0xff, 0x28, 0x20, 0x20, 0xff, 0x28, 0x24, 0x20, 0xff,
    0x20, 0x24, 0x28, 0xff, 0x28, 0x24, 0x20, 0xff, 0x28, 0x20, 0x20, 0xff,
    0x20, 0x20, 0x20, 0xff, 0x28, 0x24, 0x20, 0xff, 0x28, 0x20, 0x20, 0xff,
    0x20, 0x24, 0x20, 0xff, 0x28, 0x20, 0x20, 0xff, 0x20, 0x20, 0x20, 0xff,
    0x20, 0x24, 0x20, 0xff, 0x28, 0x24, 0x20, 0xff, 0x20, 0x20, 0x20, 0xff,
    0x20, 0x24, 0x28, 0xff, 0x28, 0x20, 0x20, 0xff, 0x20, 0x20, 0x20, 0xff,
    0x28, 0x24, 0x20, 0xff, 0x28, 0x20, 0x20, 0xff, 0x20, 0x20, 0x20, 0xff,
    0x20, 0x20, 0x20, 0xff, 0x28, 0x20, 0x20, 0xff, 0x20, 0x24, 0x20, 0xff,
    0x20, 0x20, 0x20, 0xff, 0x28, 0x20, 0x20, 0xff, 0x20, 0x20, 0x20, 0xff,
    0x28, 0x20, 0x20, 0xff, 0x20, 0x24, 0x20, 0xff, 0x20, 0x20, 0x20, 0xff,
    0x28, 0x20, 0x20, 0xff, 0x20, 0x24, 0x20, 0xff, 0x20, 0x20, 0x20, 0xff,
    0x28, 0x20, 0x20, 0xff, 0x20, 0x20, 0x20, 0xff, 0x20, 0x20, 0x20, 0xff,
    0x28, 0x20, 0x20, 0xff, 0x20, 0x20, 0x20, 0xff, 0x20, 0x20, 0x18, 0xff,
    0x20, 0x20, 0x20, 0xff, 0x20, 0x20, 0x20, 0xff, 0x28, 0x20, 0x20, 0xff,
    0x20, 0x20, 0x20, 0xff, 0x20, 0x20, 0x20, 0xff, 0x28, 0x20, 0x20, 0xff,
    0x20, 0x20, 0x20, 0xff, 0x20, 0x20, 0x20, 0xff, 0x20, 0x20, 0x20, 0xff,
    0x20, 0x20, 0x20, 0xff, 0x20, 0x20, 0x20, 0xff, 0x20, 0x20, 0x18, 0xff,
    0x28, 0x1c, 0x20, 0xff, 0x20, 0x20, 0x20, 0xff, 0x28, 0x20, 0x20, 0xff,
    0x20, 0x20, 0x18, 0xff, 0x20, 0x20, 0x20, 0xff, 0x20, 0x1c, 0x20, 0xff,
    0x20, 0x20, 0x18, 0xff, 0x20, 0x20, 0x20, 0xff, 0x20, 0x1c, 0x20, 0xff,
    0x20, 0x20, 0x20, 0xff, 0x20, 0x20, 0x18, 0xff, 0x20, 0x20, 0x20, 0xff,
    0x20, 0x1c, 0x20, 0xff, 0x20, 0x20, 0x18, 0xff, 0x28, 0x1c, 0x20, 0xff,
    0x20, 0x1c, 0x20, 0xff, 0x20, 0x20, 0x18, 0xff, 0x20, 0x1c, 0x20, 0xff,
    0x20, 0x1c, 0x18, 0xff, 0x20, 0x20, 0x20, 0xff, 0x20, 0x20, 0x18, 0xff,
    0x20, 0x1c, 0x20, 0xff, 0x20, 0x20, 0x20, 0xff, 0x20, 0x1c, 0x18, 0xff,
    0x20, 0x1c, 0x20, 0xff, 0x20, 0x20, 0x20, 0xff, 0x20, 0x1c, 0x18, 0xff,
    0x20, 0x20, 0x20, 0xff, 0x20, 0x1c, 0x18, 0xff, 0x20, 0x1c, 0x20, 0xff,
    0x20, 0x20, 0x18, 0xff, 0x20, 0x1c, 0x20, 0xff, 0x20, 0x20, 0x20, 0xff,
    0x20, 0x1c, 0x18, 0xff, 0x20, 0x1c, 0x20, 0xff, 0x20, 0x20, 0x18, 0xff,
    0x20, 0x1c, 0x20, 0xff, 0x20, 0x1c, 0x18, 0xff, 0x20, 0x1c, 0x18, 0xff,
    0x20, 0x1c, 0x20, 0xff, 0x20, 0x20, 0x18, 0xff, 0x20, 0x1c, 0x20, 0xff,
    0x20, 0x1c, 0x18, 0xff, 0x20, 0x1c, 0x20, 0xff, 0x20, 0x1c, 0x20, 0xff,
    0x20, 0x1c, 0x18, 0xff, 0x20, 0x1c, 0x18, 0xff, 0x20, 0x1c, 0x20, 0xff,
    0x20, 0x1c, 0x18, 0xff, 0x20, 0x1c, 0x20, 0xff, 0x20, 0x1c, 0x20, 0xff,
    0x18, 0x1c, 0x18, 0xff, 0x20, 0x1c, 0x18, 0xff, 0x20, 0x1c, 0x20, 0xff,
    0x20, 0x1c, 0x18, 0xff, 0x20, 0x1c, 0x18, 0xff, 0x20, 0x1c, 0x20, 0xff,
    0x20, 0x1c, 0x18, 0xff, 0x18, 0x1c, 0x18, 0xff, 0x20, 0x1c, 0x20, 0xff,
    0x20, 0x1c, 0x18, 0xff, 0x20, 0x1c, 0x18, 0xff, 0x20, 0x1c, 0x20, 0xff,
    0x20, 0x1c, 0x18, 0xff, 0x20, 0x1c, 0x18, 0xff, 0x20, 0x18, 0x18, 0xff,
    0x20, 0x1c, 0x18, 0xff, 0x20, 0x18, 0x20, 0xff, 0x20, 0x1c, 0x18, 0xff,
    0x20, 0x1c, 0x20, 0xff, 0x20, 0x1c, 0x20, 0xff, 0x20, 0x1c, 0x18, 0xff,
    0x20, 0x1c, 0x18, 0xff, 0x20, 0x1c, 0x18, 0xff, 0x20, 0x1c, 0x20, 0xff,
    0x18, 0x1c, 0x18, 0xff, 0x20, 0x1c, 0x18, 0xff, 0x20, 0x18, 0x20, 0xff,
    0x20, 0x1c, 0x18, 0xff, 0x18, 0x18, 0x18, 0xff, 0x20, 0x1c, 0x18, 0xff,
    0x20, 0x1c, 0x18, 0xff, 0x18, 0x18, 0x18, 0xff, 0x20, 0x1c, 0x20, 0xff,
    0x20, 0x1c, 0x18, 0xff, 0x18, 0x18, 0x18, 0xff, 0x20, 0x1c, 0x18, 0xff,
    0x20, 0x18, 0x18, 0xff, 0x18, 0x1c, 0x18, 0xff, 0x20, 0x18, 0x18, 0xff,
    0x18, 0x18, 0x18, 0xff, 0x20, 0x1c, 0x18, 0xff, 0x20, 0x1c, 0x18, 0xff,
    0x18, 0x18, 0x20, 0xff, 0x20, 0x18, 0x18, 0xff, 0x20, 0x1c, 0x18, 0xff,
    0x18, 0x18, 0x18, 0xff, 0x20, 0x18, 0x18, 0xff, 0x18, 0x1c, 0x18, 0xff,
    0x20, 0x1c, 0x18, 0xff, 0x18, 0x1c, 0x20, 0xff, 0x20, 0x18, 0x18, 0xff,
    0x20, 0x1c, 0x18, 0xff, 0x18, 0x1c, 0x18, 0xff, 0x18, 0x18, 0x18, 0xff,
    0x20, 0x18, 0x18, 0xff, 0x18, 0x18, 0x18, 0xff, 0x20, 0x18, 0x18, 0xff,
    0x18, 0x18, 0x18, 0xff, 0x20, 0x18, 0x18, 0xff, 0x20, 0x18, 0x18, 0xff,
    0x18, 0x1c, 0x18, 0xff, 0x18, 0x18, 0x18, 0xff, 0x20, 0x18, 0x18, 0xff,
    0x18, 0x1c, 0x18, 0xff, 0x18, 0x18, 0x18, 0xff, 0x18, 0x18, 0x18, 0xff,
    0x18, 0x18, 0x18, 0xff, 0x20, 0x1c, 0x18, 0xff, 0x20, 0x18, 0x18, 0xff,
    0x18, 0x18, 0x18, 0xff, 0x20, 0x1c, 0x18, 0xff, 0x20, 0x18, 0x18, 0xff,
    0x18, 0x18, 0x18, 0xff, 0x18, 0x1c, 0x18, 0xff, 0x20, 0x1c, 0x18, 0xff,
    0x20, 0x18, 0x18, 0xff, 0x18, 0x1c, 0x18, 0xff, 0x18, 0x18, 0x18, 0xff,
    0x20, 0x1c, 0x18, 0xff, 0x18, 0x18, 0x18, 0xff, 0x20, 0x1c, 0x18, 0xff,
    0x20, 0x18, 0x18, 0xff, 0x18, 0x1c, 0x18, 0xff, 0x20, 0x18, 0x18, 0xff,
    0x18, 0x18, 0x18, 0xff, 0x18, 0x18, 0x18, 0xff, 0x20, 0x18, 0x18, 0xff,
    0x18, 0x1c, 0x18, 0xff, 0x18, 0x18, 0x18, 0xff, 0x20, 0x18, 0x18, 0xff,
    0x18, 0x1c, 0x18, 0xff, 0x18, 0x18, 0x18, 0xff, 0x20, 0x18, 0x18, 0xff,
    0x18, 0x1c, 0x18, 0xff, 0x18, 0x18, 0x18, 0xff, 0x20, 0x1c, 0x18, 0xff,
    0x20, 0x18, 0x18, 0xff, 0x18, 0x1c, 0x18, 0xff, 0x20, 0x1c, 0x18, 0xff,
    0x18, 0x18, 0x18, 0xff, 0x18, 0x18, 0x18, 0xff, 0x20, 0x18, 0x18, 0xff,
    0x18, 0x18, 0x18, 0xff, 0x20, 0x1c, 0x18, 0xff, 0x20, 0x18, 0x18, 0xff,
    0x18, 0x18, 0x18, 0xff, 0x20, 0x18, 0x18, 0xff, 0x18, 0x1c, 0x18, 0xff,
    0x20, 0x18, 0x18, 0xff, 0x18, 0x18, 0x18, 0xff, 0x18, 0x1c, 0x18, 0xff,
    0x20, 0x18, 0x18, 0xff, 0x18, 0x18, 0x18, 0xff, 0x20, 0x1c, 0x18, 0xff,
    0x20, 0x18, 0x18, 0xff, 0x18, 0x18, 0x18, 0xff, 0x20, 0x18, 0x18, 0xff,
    0x20, 0x1c, 0x18, 0xff, 0x18, 0x18, 0x18, 0xff, 0x18, 0x18, 0x18, 0xff,
    0x20, 0x1c, 0x18, 0xff, 0x18, 0x18, 0x18, 0xff, 0x20, 0x18, 0x18, 0xff,
    0x20, 0x18, 0x18, 0xff, 0x18, 0x18, 0x18, 0xff, 0x20, 0x1c, 0x18, 0xff,
    0x18, 0x18, 0x18, 0xff, 0x20, 0x18, 0x18, 0xff, 0x18, 0x18, 0x18, 0xff,
    0x18, 0x1c, 0x18, 0xff, 0x20, 0x18, 0x18, 0xff, 0x18, 0x18, 0x18, 0xff,
    0x20, 0x18, 0x18, 0xff, 0x18, 0x18, 0x18, 0xff, 0x18, 0x18, 0x18, 0xff,
    0x20, 0x18, 0x18, 0xff, 0x20, 0x18, 0x18, 0xff, 0x18, 0x18, 0x18, 0xff,
    0x20, 0x18, 0x18, 0xff, 0x20, 0x1c, 0x18, 0xff, 0x18, 0x18, 0x18, 0xff,
    0x20, 0x18, 0x18, 0xff, 0x18, 0x1c, 0x18, 0xff, 0x18, 0x18, 0x18, 0xff,
    0x20, 0x18, 0x18, 0xff, 0x18, 0x1c, 0x18, 0xff, 0x20, 0x18, 0x18, 0xff,
    0x20, 0x18, 0x18, 0xff, 0x18, 0x18, 0x18, 0xff, 0x20, 0x1c, 0x18, 0xff,
    0x20, 0x18, 0x18, 0xff, 0x18, 0x18, 0x18, 0xff, 0x20, 0x18, 0x18, 0xff,
    0x20, 0x1c, 0x18, 0xff, 0x18, 0x18, 0x18, 0xff, 0x20, 0x18, 0x18, 0xff,
    0x18, 0x18, 0x18, 0xff, 0x20, 0x18, 0x18, 0xff, 0x18, 0x18, 0x18, 0xff,
    0x20, 0x18, 0x18, 0xff, 0x20, 0x1c, 0x18, 0xff, 0x18, 0x18, 0x18, 0xff,
    0x18, 0x18, 0x18, 0xff, 0x20, 0x1c, 0x18, 0xff, 0x20, 0x18, 0x18, 0xff,
    0x18, 0x18, 0x18, 0xff, 0x18, 0x1c, 0x18, 0xff, 0x20, 0x18, 0x18, 0xff,
    0x18, 0x18, 0x18, 0xff, 0x18, 0x18, 0x18, 0xff, 0x20, 0x1c, 0x18, 0xff,
    0x18, 0x18, 0x18, 0xff, 0x20, 0x18, 0x18, 0xff, 0x20, 0x1c, 0x18, 0xff,
    0x70, 0x70, 0x70, 0x9e, 0xf8, 0xfc, 0xf8, 0x00, 0x70, 0x6c, 0x70, 0xcf,
    0x30, 0x30, 0x30, 0xff, 0x30, 0x34, 0x30, 0xff, 0x30, 0x30, 0x30, 0xff,
    0x30, 0x30, 0x30, 0xff, 0x30, 0x34, 0x30, 0xff, 0x30, 0x30, 0x30, 0xff,
    0x30, 0x30, 0x30, 0xff, 0x30, 0x30, 0x28, 0xff, 0x30, 0x30, 0x30, 0xff,
    0x30, 0x30, 0x30, 0xff, 0x30, 0x30, 0x30, 0xff, 0x38, 0x30, 0x30, 0xff,
    0x30, 0x30, 0x30, 0xff, 0x30, 0x30, 0x30, 0xff, 0x30, 0x30, 0x28, 0xff,
    0x38, 0x30, 0x30, 0xff, 0x30, 0x30, 0x30, 0xff, 0x30, 0x30, 0x28, 0xff,
    0x30, 0x30, 0x30, 0xff, 0x30, 0x30, 0x30, 0xff, 0x30, 0x30, 0x30, 0xff,
    0x30, 0x30, 0x28, 0xff, 0x30, 0x30, 0x30, 0xff, 0x30, 0x2c, 0x30, 0xff,
    0x30, 0x2c, 0x30, 0xff, 0x30, 0x30, 0x28, 0xff, 0x30, 0x30, 0x30, 0xff,
    0x30, 0x30, 0x30, 0xff, 0x30, 0x2c, 0x28, 0xff, 0x30, 0x30, 0x30, 0xff,
    0x30, 0x2c, 0x30, 0xff, 0x30, 0x30, 0x28, 0xff, 0x30, 0x2c, 0x30, 0xff,
    0x30, 0x2c, 0x30, 0xff, 0x30, 0x30, 0x28, 0xff, 0x30, 0x2c, 0x30, 0xff,
    0x30, 0x2c, 0x30, 0xff, 0x30, 0x30, 0x28, 0xff, 0x30, 0x2c, 0x30, 0xff,
    0x30, 0x2c, 0x30, 0xff, 0x30, 0x2c, 0x28, 0xff, 0x30, 0x2c, 0x28, 0xff,
    0x30, 0x2c, 0x30, 0xff, 0x28, 0x2c, 0x30, 0xff, 0x30, 0x30, 0x28, 0xff,
    0x30, 0x2c, 0x30, 0xff, 0x28, 0x2c, 0x28, 0xff, 0x30, 0x2c, 0x28, 0xff,
    0x30, 0x2c, 0x30, 0xff, 0x30, 0x2c, 0x28, 0xff, 0x30, 0x30, 0x30, 0xff,
    0x30, 0x2c, 0x28, 0xff, 0x28, 0x2c, 0x30, 0xff, 0x30, 0x2c, 0x28, 0xff,
    0x30, 0x2c, 0x28, 0xff, 0x28, 0x2c, 0x30, 0xff, 0x30, 0x2c, 0x28, 0xff,
    0x30, 0x2c, 0x28, 0xff, 0x28, 0x2c, 0x30, 0xff, 0x30, 0x2c, 0x28, 0xff,
    0x30, 0x2c, 0x28, 0xff, 0x28, 0x2c, 0x30, 0xff, 0x30, 0x2c, 0x28, 0xff,
    0x30, 0x2c, 0x28, 0xff, 0x30, 0x2c, 0x28, 0xff, 0x28, 0x28, 0x28, 0xff,
    0x30, 0x2c, 0x30, 0xff, 0x30, 0x2c, 0x28, 0xff, 0x30, 0x28, 0x28, 0xff,
    0x28, 0x2c, 0x30, 0xff, 0x28, 0x28, 0x28, 0xff, 0x30, 0x2c, 0x28, 0xff,
    0x28, 0x2c, 0x30, 0xff, 0x28, 0x28, 0x28, 0xff, 0x30, 0x2c, 0x28, 0xff,
    0x28, 0x28, 0x28, 0xff, 0x30, 0x2c, 0x30, 0xff, 0x30, 0x2c, 0x28, 0xff,
    0x28, 0x28, 0x28, 0xff, 0x30, 0x2c, 0x28, 0xff, 0x30, 0x2c, 0x28, 0xff,
    0x28, 0x28, 0x28, 0xff, 0x28, 0x28, 0x28, 0xff, 0x30, 0x2c, 0x28, 0xff,
    0x28, 0x28, 0x28, 0xff, 0x30, 0x28, 0x28, 0xff, 0x28, 0x2c, 0x28, 0xff,
    0x28, 0x28, 0x28, 0xff, 0x30, 0x28, 0x28, 0xff, 0x28, 0x28, 0x28, 0xff,
    0x28, 0x28, 0x28, 0xff, 0x30, 0x28, 0x28, 0xff, 0x28, 0x28, 0x28, 0xff,
    0x28, 0x28, 0x28, 0xff, 0x30, 0x28, 0x28, 0xff, 0x28, 0x28, 0x28, 0xff,
    0x28, 0x28, 0x28, 0xff, 0x30, 0x2c, 0x28, 0xff, 0x28, 0x28, 0x28, 0xff,
    0x28, 0x28, 0x28, 0xff, 0x30, 0x28, 0x28, 0xff, 0x28, 0x28, 0x28, 0xff,
    0x28, 0x28, 0x28, 0xff, 0x28, 0x28, 0x28, 0xff, 0x30, 0x28, 0x28, 0xff,
    0x28, 0x28, 0x28, 0xff, 0x28, 0x28, 0x28, 0xff, 0x28, 0x28, 0x28, 0xff,
    0x30, 0x28, 0x28, 0xff, 0x28, 0x28, 0x28, 0xff, 0x28, 0x28, 0x20, 0xff,
    0x30, 0x28, 0x28, 0xff, 0x28, 0x28, 0x28, 0xff, 0x28, 0x28, 0x20, 0xff,
    0x30, 0x28, 0x28, 0xff, 0x28, 0x28, 0x28, 0xff, 0x28, 0x28, 0x28, 0xff,
    0x28, 0x24, 0x20, 0xff, 0x28, 0x28, 0x28, 0xff, 0x30, 0x28, 0x28, 0xff,
    0x28, 0x28, 0x20, 0xff, 0x28, 0x28, 0x28, 0xff, 0x28, 0x28, 0x28, 0xff,
    0x28, 0x28, 0x28, 0xff, 0x28, 0x28, 0x28, 0xff, 0x28, 0x24, 0x20, 0xff,
    0x28, 0x24, 0x28, 0xff, 0x28, 0x28, 0x20, 0xff, 0x28, 0x28, 0x28, 0xff,
    0x28, 0x24, 0x28, 0xff, 0x28, 0x28, 0x20, 0xff, 0x28, 0x28, 0x20, 0xff,
    0x28, 0x24, 0x28, 0xff, 0x28, 0x28, 0x28, 0xff, 0x28, 0x24, 0x20, 0xff,
    0x28, 0x28, 0x28, 0xff, 0x28, 0x28, 0x28, 0xff, 0x28, 0x24, 0x20, 0xff,
    0x28, 0x24, 0x28, 0xff, 0x20, 0x28, 0x28, 0xff, 0x28, 0x24, 0x20, 0xff,
    0x28, 0x28, 0x20, 0xff, 0x28, 0x28, 0x28, 0xff, 0x28, 0x24, 0x28, 0xff,
    0x20, 0x24, 0x20, 0xff, 0x28, 0x28, 0x28, 0xff, 0x28, 0x24, 0x20, 0xff,
    0x28, 0x24, 0x28, 0xff, 0x28, 0x24, 0x20, 0xff, 0x28, 0x24, 0x20, 0xff,
    0x28, 0x24, 0x28, 0xff, 0x28, 0x24, 0x20, 0xff, 0x28, 0x24, 0x20, 0xff,
    0x20, 0x24, 0x28, 0xff, 0x28, 0x24, 0x20, 0xff, 0x28, 0x24, 0x20, 0xff,
    0x28, 0x24, 0x28, 0xff, 0x20, 0x24, 0x20, 0xff, 0x28, 0x24, 0x20, 0xff,
    0x28, 0x24, 0x28, 0xff, 0x28, 0x24, 0x20, 0xff, 0x20, 0x24, 0x20, 0xff,
    0x28, 0x24, 0x20, 0xff, 0x28, 0x24, 0x28, 0xff, 0x20, 0x24, 0x20, 0xff,
    0x28, 0x24, 0x20, 0xff, 0x28, 0x20, 0x20, 0xff, 0x20, 0x24, 0x20, 0xff,
    0x28, 0x24, 0x28, 0xff, 0x20, 0x20, 0x20, 0xff, 0x28, 0x24, 0x20, 0xff,
    0x28, 0x24, 0x20, 0xff, 0x20, 0x24, 0x28, 0xff, 0x28, 0x24, 0x20, 0xff,
    0x28, 0x24, 0x20, 0xff, 0x20, 0x24, 0x20, 0xff, 0x28, 0x24, 0x28, 0xff,
    0x28, 0x20, 0x20, 0xff, 0x20, 0x24, 0x20, 0xff, 0x28, 0x20, 0x20, 0xff,
    0x28, 0x24, 0x28, 0xff, 0x20, 0x20, 0x20, 0xff, 0x28, 0x24, 0x20, 0xff,
    0x28, 0x20, 0x28, 0xff, 0x20, 0x24, 0x20, 0xff, 0x28, 0x20, 0x20, 0xff,
    0x28, 0x24, 0x20, 0xff, 0x20, 0x24, 0x20, 0xff, 0x28, 0x20, 0x20, 0xff,
    0x20, 0x24, 0x20, 0xff, 0x20, 0x20, 0x20, 0xff, 0x28, 0x20, 0x20, 0xff,
    0x20, 0x24, 0x20, 0xff, 0x28, 0x20, 0x20, 0xff, 0x28, 0x20, 0x20, 0xff,
    0x20, 0x20, 0x20, 0xff, 0x20, 0x24, 0x20, 0xff, 0x28, 0x20, 0x20, 0xff,
    0x20, 0x20, 0x20, 0xff, 0x20, 0x24, 0x20, 0xff, 0x28, 0x20, 0x20, 0xff,
    0x20, 0x20, 0x20, 0xff, 0x28, 0x24, 0x20, 0xff, 0x20, 0x20, 0x20, 0xff,
    0x20, 0x20, 0x20, 0xff, 0x28, 0x20, 0x20, 0xff, 0x28, 0x20, 0x20, 0xff,
    0x20, 0x20, 0x20, 0xff, 0x20, 0x20, 0x20, 0xff, 0x28, 0x20, 0x20, 0xff,
    0x28, 0x20, 0x20, 0xff, 0x20, 0x20, 0x20, 0xff, 0x20, 0x20, 0x20, 0xff,
    0x20, 0x20, 0x18, 0xff, 0x28, 0x20, 0x20, 0xff, 0x20, 0x20, 0x20, 0xff,
    0x20, 0x20, 0x18, 0xff, 0x28, 0x20, 0x20, 0xff, 0x20, 0x20, 0x20, 0xff,
    0x28, 0x20, 0x20, 0xff, 0x20, 0x20, 0x18, 0xff, 0x20, 0x20, 0x20, 0xff,
    0x28, 0x20, 0x20, 0xff, 0x20, 0x20, 0x18, 0xff, 0x20, 0x1c, 0x20, 0xff,
    0x20, 0x20, 0x20, 0xff, 0x28, 0x20, 0x18, 0xff, 0x20, 0x1c, 0x20, 0xff,
    0x20, 0x20, 0x20, 0xff, 0x20, 0x20, 0x20, 0xff, 0x20, 0x1c, 0x20, 0xff,
    0x28, 0x20, 0x20, 0xff, 0x20, 0x20, 0x20, 0xff, 0x20, 0x20, 0x20, 0xff,
    0x28, 0x20, 0x20, 0xff, 0x20, 0x1c, 0x18, 0xff, 0x20, 0x1c, 0x20, 0xff,
    0x20, 0x20, 0x20, 0xff, 0x20, 0x20, 0x18, 0xff, 0x20, 0x1c, 0x20, 0xff,
    0x20, 0x20, 0x20, 0xff, 0x20, 0x1c, 0x18, 0xff, 0x20, 0x20, 0x20, 0xff,
    0x28, 0x1c, 0x20, 0xff, 0x20, 0x20, 0x18, 0xff, 0x20, 0x20, 0x20, 0xff,
    0x20, 0x1c, 0x18, 0xff, 0x20, 0x20, 0x20, 0xff, 0x20, 0x1c, 0x20, 0xff,
    0x20, 0x20, 0x18, 0xff, 0x20, 0x1c, 0x20, 0xff, 0x20, 0x1c, 0x20, 0xff,
    0x20, 0x20, 0x18, 0xff, 0x20, 0x1c, 0x20, 0xff, 0x20, 0x1c, 0x18, 0xff,
    0x20, 0x1c, 0x18, 0xff, 0x20, 0x20, 0x20, 0xff, 0x20, 0x1c, 0x20, 0xff,
    0x20, 0x1c, 0x18, 0xff, 0x20, 0x20, 0x20, 0xff, 0x20, 0x1c, 0x20, 0xff,
    0x20, 0x1c, 0x18, 0xff, 0x20, 0x20, 0x18, 0xff, 0x20, 0x1c, 0x20, 0xff,
    0x20, 0x1c, 0x18, 0xff, 0x20, 0x20, 0x18, 0xff, 0x20, 0x1c, 0x20, 0xff,
    0x20, 0x1c, 0x18, 0xff, 0x18, 0x1c, 0x18, 0xff, 0x20, 0x1c, 0x20, 0xff,
    0x20, 0x1c, 0x18, 0xff, 0x20, 0x1c, 0x18, 0xff, 0x20, 0x1c, 0x18, 0xff,
    0x20, 0x1c, 0x18, 0xff, 0x20, 0x1c, 0x20, 0xff, 0x20, 0x1c, 0x18, 0xff,
    0x20, 0x1c, 0x18, 0xff, 0x20, 0x1c, 0x20, 0xff, 0x20, 0x1c, 0x18, 0xff,
    0x20, 0x1c, 0x20, 0xff, 0x20, 0x1c, 0x18, 0xff, 0x20, 0x1c, 0x20, 0xff,
    0x20, 0x1c, 0x18, 0xff, 0x18, 0x1c, 0x18, 0xff, 0x20, 0x1c, 0x20, 0xff,
    0x20, 0x1c, 0x18, 0xff, 0x18, 0x18, 0x18, 0xff, 0x18, 0x1c, 0x20, 0xff,
    0x20, 0x1c, 0x18, 0xff, 0x20, 0x1c, 0x18, 0xff, 0x18, 0x1c, 0x18, 0xff,
    0x20, 0x18, 0x18, 0xff, 0x18, 0x1c, 0x18, 0xff, 0x20, 0x18, 0x18, 0xff,
    0x20, 0x18, 0x20, 0xff, 0x18, 0x1c, 0x18, 0xff, 0x20, 0x1c, 0x18, 0xff,
    0x20, 0x18, 0x18, 0xff, 0x20, 0x1c, 0x20, 0xff, 0x20, 0x1c, 0x18, 0xff,
    0x20, 0x1c, 0x18, 0xff, 0x18, 0x1c, 0x18, 0xff, 0x20, 0x1c, 0x20, 0xff,
    0x20, 0x1c, 0x18, 0xff, 0x18, 0x1c, 0x18, 0xff, 0x20, 0x18, 0x18, 0xff,
    0x20, 0x18, 0x18, 0xff, 0x18, 0x1c, 0x18, 0xff, 0x20, 0x1c, 0x20, 0xff,
    0x20, 0x18, 0x18, 0xff, 0x18, 0x1c, 0x18, 0xff, 0x20, 0x18, 0x20, 0xff,
    0x20, 0x1c, 0x18, 0xff, 0x18, 0x18, 0x18, 0xff, 0x20, 0x18, 0x18, 0xff,
    0x18, 0x1c, 0x18, 0xff, 0x20, 0x1c, 0x18, 0xff, 0x20, 0x18, 0x18, 0xff,
    0x18, 0x1c, 0x20, 0xff, 0x20, 0x1c, 0x18, 0xff, 0x20, 0x18, 0x18, 0xff,
    0x18, 0x18, 0x18, 0xff, 0x20, 0x1c, 0x18, 0xff, 0x20, 0x18, 0x18, 0xff,
    0x18, 0x18, 0x18, 0xff, 0x20, 0x1c, 0x18, 0xff, 0x20, 0x1c, 0x18, 0xff,
    0x18, 0x18, 0x18, 0xff, 0x20, 0x18, 0x18, 0xff, 0x18, 0x1c, 0x18, 0xff,
    0x18, 0x18, 0x18, 0xff, 0x20, 0x1c, 0x18, 0xff, 0x18, 0x18, 0x18, 0xff,
    0x20, 0x18, 0x18, 0xff, 0x18, 0x18, 0x18, 0xff, 0x20, 0x1c, 0x18, 0xff,
    0x20, 0x18, 0x18, 0xff, 0x18, 0x18, 0x18, 0xff, 0x20, 0x18, 0x18, 0xff,
    0x20, 0x18, 0x18, 0xff, 0x18, 0x1c, 0x18, 0xff, 0x18, 0x18, 0x18, 0xff,
    0x20, 0x18, 0x18, 0xff, 0x18, 0x18, 0x18, 0xff, 0x18, 0x18, 0x18, 0xff,
    0x20, 0x18, 0x18, 0xff, 0x20, 0x18, 0x18, 0xff, 0x18, 0x18, 0x18, 0xff,
    0x18, 0x18, 0x18, 0xff, 0x20, 0x18, 0x18, 0xff, 0x20, 0x18, 0x18, 0xff,
    0x18, 0x1c, 0x18, 0xff, 0x20, 0x18, 0x18, 0xff, 0x18, 0x18, 0x18, 0xff,
    0x18, 0x18, 0x18, 0xff, 0x20, 0x1c, 0x18, 0xff, 0x18, 0x18, 0x18, 0xff,
    0x20, 0x18, 0x18, 0xff, 0x20, 0x1c, 0x18, 0xff, 0x18, 0x18, 0x18, 0xff,
    0x20, 0x18, 0x18, 0xff, 0x20, 0x18, 0x18, 0xff, 0x18, 0x18, 0x18, 0xff,
    0x20, 0x1c, 0x18, 0xff, 0x20, 0x18, 0x18, 0xff, 0x18, 0x18, 0x18, 0xff,
    0x20, 0x18, 0x18, 0xff, 0x20, 0x18, 0x18, 0xff, 0x18, 0x1c, 0x18, 0xff,
    0x18, 0x18, 0x18, 0xff, 0x20, 0x18, 0x18, 0xff, 0x20, 0x18, 0x18, 0xff,
    0x18, 0x18, 0x18, 0xff, 0x20, 0x1c, 0x18, 0xff, 0x20, 0x18, 0x18, 0xff,
    0x18, 0x1c, 0x18, 0xff, 0x18, 0x18, 0x18, 0xff, 0x20, 0x18, 0x18, 0xff,
    0x18, 0x18, 0x18, 0xff, 0x20, 0x18, 0x18, 0xff, 0x20, 0x18, 0x18, 0xff,
    0x18, 0x18, 0x18, 0xff, 0x20, 0x1c, 0x18, 0xff, 0x20, 0x18, 0x18, 0xff,
    0x18, 0x18, 0x18, 0xff, 0x18, 0x18, 0x18, 0xff, 0x20, 0x18, 0x18, 0xff,
    0x18, 0x18, 0x18, 0xff, 0x20, 0x18, 0x18, 0xff, 0x18, 0x18, 0x18, 0xff,
    0x20, 0x18, 0x18, 0xff, 0x20, 0x1c, 0x18, 0xff, 0x18, 0x18, 0x18, 0xff,
    0x20, 0x18, 0x18, 0xff, 0x18, 0x1c, 0x18, 0xff, 0x18, 0x18, 0x18, 0xff,
    0x20, 0x18, 0x18, 0xff, 0x18, 0x1c, 0x18, 0xff, 0x20, 0x18, 0x18, 0xff,
    0x20, 0x18, 0x18, 0xff, 0x18, 0x18, 0x18, 0xff, 0x20, 0x18, 0x18, 0xff,
    0x20, 0x18, 0x18, 0xff, 0x18, 0x18, 0x18, 0xff, 0x18, 0x1c, 0x18, 0xff,
    0x20, 0x18, 0x18, 0xff, 0x20, 0x1c, 0x18, 0xff, 0x18, 0x18, 0x18, 0xff,
    0x20, 0x1c, 0x18, 0xff, 0x18, 0x18, 0x18, 0xff, 0x18, 0x1c, 0x18, 0xff,
    0x20, 0x18, 0x18, 0xff, 0x18, 0x18, 0x18, 0xff, 0x18, 0x18, 0x18, 0xff,
    0x20, 0x1c, 0x18, 0xff, 0x20, 0x18, 0x18, 0xff, 0x18, 0x18, 0x18, 0xff,
    0x20, 0x18, 0x18, 0xff, 0x18, 0x18, 0x18, 0xff, 0x18, 0x1c, 0x18, 0xff,
    0x18, 0x18, 0x18, 0xff, 0x20, 0x18, 0x18, 0xff, 0x18, 0x18, 0x18, 0xff,
    0x20, 0x18, 0x18, 0xff, 0x18, 0x1c, 0x18, 0xff, 0x18, 0x18, 0x18, 0xff,
    0x20, 0x18, 0x18, 0xff, 0x18, 0x18, 0x18, 0xff, 0x20, 0x1c, 0x18, 0xff,
    0x20, 0x1c, 0x18, 0xff, 0x18, 0x18, 0x18, 0xff, 0x18, 0x18, 0x18, 0xff,
    0x20, 0x18, 0x18, 0xff, 0x18, 0x1c, 0x18, 0xff, 0x20, 0x18, 0x18, 0xff,
    0x20, 0x18, 0x18, 0xff, 0x18, 0x18, 0x18, 0xff, 0x20, 0x18, 0x18, 0xff,
    0x18, 0x18, 0x18, 0xff, 0x20, 0x18, 0x18, 0xff, 0x20, 0x1c, 0x18, 0xff,
    0x18, 0x18, 0x18, 0xff, 0x20, 0x18, 0x18, 0xff, 0x20, 0x1c, 0x18, 0xff,
    0x18, 0x18, 0x18, 0xff, 0x18, 0x18, 0x18, 0xff, 0x20, 0x1c, 0x18, 0xff,
    0x18, 0x18, 0x18, 0xff, 0x70, 0x70, 0x70, 0xa2, 0xf8, 0xfc, 0xf8, 0x00,
    0x70, 0x6c, 0x68, 0xcf, 0x30, 0x30, 0x30, 0xff, 0x30, 0x30, 0x30, 0xff,
    0x38, 0x34, 0x30, 0xff, 0x30, 0x30, 0x30, 0xff, 0x30, 0x30, 0x30, 0xff,
    0x38, 0x30, 0x30, 0xff, 0x30, 0x30, 0x30, 0xff, 0x30, 0x30, 0x30, 0xff,
    0x30, 0x30, 0x30, 0xff, 0x30, 0x30, 0x30, 0xff, 0x30, 0x30, 0x28, 0xff,
    0x30, 0x30, 0x30, 0xff, 0x30, 0x30, 0x30, 0xff, 0x30, 0x30, 0x30, 0xff,
    0x30, 0x30, 0x30, 0xff, 0x30, 0x30, 0x30, 0xff, 0x30, 0x30, 0x30, 0xff,
    0x30, 0x30, 0x30, 0xff, 0x30, 0x2c, 0x30, 0xff, 0x30, 0x30, 0x30, 0xff,
    0x30, 0x30, 0x30, 0xff, 0x30, 0x30, 0x30, 0xff, 0x30, 0x30, 0x28, 0xff,
    0x30, 0x30, 0x30, 0xff, 0x30, 0x30, 0x30, 0xff, 0x30, 0x2c, 0x30, 0xff,
    0x30, 0x30, 0x30, 0xff, 0x30, 0x30, 0x30, 0xff, 0x30, 0x2c, 0x28, 0xff,
    0x30, 0x30, 0x30, 0xff, 0x30, 0x30, 0x28, 0xff, 0x30, 0x2c, 0x30, 0xff,
    0x30, 0x30, 0x28, 0xff, 0x30, 0x30, 0x28, 0xff, 0x30, 0x2c, 0x30, 0xff,
    0x28, 0x30, 0x28, 0xff, 0x30, 0x30, 0x28, 0xff, 0x30, 0x2c, 0x30, 0xff,
    0x28, 0x30, 0x30, 0xff, 0x30, 0x30, 0x28, 0xff, 0x30, 0x2c, 0x28, 0xff,
    0x30, 0x30, 0x30, 0xff, 0x30, 0x2c, 0x28, 0xff, 0x28, 0x2c, 0x28, 0xff,
    0x30, 0x2c, 0x30, 0xff, 0x30, 0x2c, 0x30, 0xff, 0x30, 0x30, 0x28, 0xff,
    0x30, 0x2c, 0x30, 0xff, 0x28, 0x2c, 0x28, 0xff, 0x30, 0x2c, 0x30, 0xff,
    0x30, 0x2c, 0x30, 0xff, 0x28, 0x2c, 0x28, 0xff, 0x30, 0x2c, 0x28, 0xff,
    0x30, 0x2c, 0x30, 0xff, 0x30, 0x2c, 0x28, 0xff, 0x28, 0x2c, 0x28, 0xff,
    0x30, 0x2c, 0x30, 0xff, 0x30, 0x2c, 0x28, 0xff, 0x28, 0x2c, 0x28, 0xff,
    0x30, 0x2c, 0x30, 0xff, 0x30, 0x2c, 0x28, 0xff, 0x28, 0x2c, 0x30, 0xff,
    0x30, 0x2c, 0x30, 0xff, 0x28, 0x2c, 0x28, 0xff, 0x30, 0x28, 0x28, 0xff,
    0x30, 0x2c, 0x28, 0xff, 0x28, 0x2c, 0x28, 0xff, 0x30, 0x2c, 0x28, 0xff,
    0x30, 0x2c, 0x28, 0xff, 0x28, 0x28, 0x30, 0xff, 0x30, 0x2c, 0x28, 0xff,
    0x30, 0x2c, 0x28, 0xff, 0x28, 0x28, 0x28, 0xff, 0x30, 0x2c, 0x30, 0xff,
    0x28, 0x2c, 0x28, 0xff, 0x28, 0x28, 0x28, 0xff, 0x28, 0x28, 0x28, 0xff,
    0x30, 0x2c, 0x28, 0xff, 0x28, 0x28, 0x28, 0xff, 0x28, 0x28, 0x28, 0xff,
    0x30, 0x2c, 0x28, 0xff, 0x30, 0x2c, 0x28, 0xff, 0x28, 0x28, 0x28, 0xff,
    0x28, 0x2c, 0x28, 0xff, 0x30, 0x2c, 0x30, 0xff, 0x28, 0x28, 0x28, 0xff,
    0x28, 0x2c, 0x28, 0xff, 0x30, 0x28, 0x28, 0xff, 0x28, 0x28, 0x28, 0xff,
    0x28, 0x2c, 0x28, 0xff, 0x30, 0x28, 0x28, 0xff, 0x28, 0x2c, 0x28, 0xff,
    0x30, 0x28, 0x28, 0xff, 0x28, 0x2c, 0x28, 0xff, 0x28, 0x2c, 0x28, 0xff,
    0x30, 0x28, 0x28, 0xff, 0x28, 0x28, 0x28, 0xff, 0x28, 0x28, 0x28, 0xff,
    0x28, 0x28, 0x28, 0xff, 0x28, 0x28, 0x28, 0xff, 0x28, 0x28, 0x28, 0xff,
    0x28, 0x28, 0x28, 0xff, 0x28, 0x28, 0x28, 0xff, 0x28, 0x28, 0x20, 0xff,
    0x28, 0x28, 0x28, 0xff, 0x30, 0x28, 0x28, 0xff, 0x28, 0x28, 0x28, 0xff,
    0x28, 0x28, 0x20, 0xff, 0x28, 0x28, 0x28, 0xff, 0x28, 0x28, 0x28, 0xff,
    0x28, 0x28, 0x28, 0xff, 0x28, 0x28, 0x28, 0xff, 0x28, 0x28, 0x20, 0xff,
    0x28, 0x24, 0x28, 0xff, 0x28, 0x28, 0x28, 0xff, 0x28, 0x28, 0x20, 0xff,
    0x30, 0x28, 0x28, 0xff, 0x28, 0x28, 0x28, 0xff, 0x28, 0x24, 0x28, 0xff,
    0x28, 0x28, 0x28, 0xff, 0x28, 0x24, 0x28, 0xff, 0x28, 0x28, 0x20, 0xff,
    0x30, 0x28, 0x28, 0xff, 0x28, 0x24, 0x28, 0xff, 0x28, 0x28, 0x20, 0xff,
    0x28, 0x24, 0x28, 0xff, 0x28, 0x28, 0x28, 0xff, 0x28, 0x24, 0x20, 0xff,
    0x28, 0x24, 0x28, 0xff, 0x28, 0x28, 0x28, 0xff, 0x28, 0x24, 0x20, 0xff,
    0x28, 0x28, 0x28, 0xff, 0x28, 0x28, 0x28, 0xff, 0x28, 0x24, 0x20, 0xff,
    0x28, 0x28, 0x28, 0xff, 0x28, 0x24, 0x20, 0xff, 0x28, 0x24, 0x28, 0xff,
    0x28, 0x24, 0x20, 0xff, 0x28, 0x28, 0x20, 0xff, 0x28, 0x24, 0x28, 0xff,
    0x28, 0x24, 0x20, 0xff, 0x28, 0x24, 0x28, 0xff, 0x20, 0x24, 0x20, 0xff,
    0x28, 0x24, 0x20, 0xff, 0x28, 0x28, 0x28, 0xff, 0x28, 0x24, 0x20, 0xff,
    0x28, 0x24, 0x28, 0xff, 0x20, 0x28, 0x28, 0xff, 0x28, 0x24, 0x20, 0xff,
    0x28, 0x24, 0x28, 0xff, 0x28, 0x24, 0x20, 0xff, 0x20, 0x24, 0x20, 0xff,
    0x28, 0x24, 0x28, 0xff, 0x28, 0x24, 0x20, 0xff, 0x20, 0x24, 0x28, 0xff,
    0x28, 0x24, 0x20, 0xff, 0x28, 0x24, 0x28, 0xff, 0x28, 0x24, 0x20, 0xff,
    0x20, 0x24, 0x20, 0xff, 0x28, 0x24, 0x28, 0xff, 0x28, 0x24, 0x20, 0xff,
    0x20, 0x24, 0x20, 0xff, 0x28, 0x24, 0x28, 0xff, 0x28, 0x24, 0x20, 0xff,
    0x28, 0x24, 0x20, 0xff, 0x28, 0x24, 0x20, 0xff, 0x20, 0x20, 0x20, 0xff,
    0x28, 0x24, 0x20, 0xff, 0x28, 0x24, 0x20, 0xff, 0x20, 0x24, 0x28, 0xff,
    0x28, 0x24, 0x20, 0xff, 0x28, 0x20, 0x20, 0xff, 0x20, 0x24, 0x20, 0xff,
    0x28, 0x20, 0x28, 0xff, 0x20, 0x20, 0x20, 0xff, 0x28, 0x24, 0x20, 0xff,
    0x28, 0x24, 0x20, 0xff, 0x20, 0x20, 0x20, 0xff, 0x28, 0x24, 0x20, 0xff,
    0x28, 0x20, 0x20, 0xff, 0x20, 0x24, 0x20, 0xff, 0x20, 0x24, 0x20, 0xff,
    0x28, 0x20, 0x20, 0xff, 0x20, 0x24, 0x20, 0xff, 0x20, 0x20, 0x20, 0xff,
    0x28, 0x20, 0x28, 0xff, 0x20, 0x24, 0x20, 0xff, 0x28, 0x20, 0x20, 0xff,
    0x28, 0x24, 0x20, 0xff, 0x20, 0x24, 0x28, 0xff, 0x28, 0x20, 0x20, 0xff,
    0x20, 0x20, 0x20, 0xff, 0x28, 0x24, 0x20, 0xff, 0x20, 0x20, 0x20, 0xff,
    0x28, 0x20, 0x20, 0xff, 0x28, 0x24, 0x20, 0xff, 0x20, 0x20, 0x20, 0xff,
    0x20, 0x20, 0x20, 0xff, 0x28, 0x24, 0x20, 0xff, 0x20, 0x20, 0x20, 0xff,
    0x20, 0x20, 0x20, 0xff, 0x28, 0x20, 0x20, 0xff, 0x20, 0x20, 0x20, 0xff,
    0x28, 0x24, 0x20, 0xff, 0x20, 0x20, 0x20, 0xff, 0x20, 0x20, 0x20, 0xff,
    0x28, 0x20, 0x20, 0xff, 0x20, 0x20, 0x20, 0xff, 0x20, 0x20, 0x18, 0xff,
    0x28, 0x20, 0x20, 0xff, 0x20, 0x20, 0x20, 0xff, 0x20, 0x20, 0x20, 0xff,
    0x20, 0x20, 0x20, 0xff, 0x20, 0x20, 0x20, 0xff, 0x20, 0x20, 0x20, 0xff,
    0x20, 0x20, 0x20, 0xff, 0x20, 0x20, 0x20, 0xff, 0x20, 0x20, 0x20, 0xff,
    0x28, 0x20, 0x20, 0xff, 0x20, 0x20, 0x20, 0xff, 0x20, 0x20, 0x18, 0xff,
    0x28, 0x1c, 0x20, 0xff, 0x20, 0x20, 0x20, 0xff, 0x20, 0x20, 0x20, 0xff,
    0x20, 0x1c, 0x20, 0xff, 0x20, 0x20, 0x20, 0xff, 0x20, 0x20, 0x20, 0xff,
    0x20, 0x20, 0x18, 0xff, 0x20, 0x20, 0x20, 0xff, 0x20, 0x20, 0x20, 0xff,
    0x20, 0x20, 0x18, 0xff, 0x20, 0x20, 0x18, 0xff, 0x20, 0x1c, 0x20, 0xff,
    0x20, 0x20, 0x20, 0xff, 0x20, 0x20, 0x18, 0xff, 0x20, 0x1c, 0x20, 0xff,
    0x20, 0x20, 0x20, 0xff, 0x20, 0x20, 0x18, 0xff, 0x20, 0x1c, 0x20, 0xff,
    0x28, 0x1c, 0x20, 0xff, 0x20, 0x20, 0x18, 0xff, 0x20, 0x20, 0x20, 0xff,
    0x20, 0x1c, 0x20, 0xff, 0x20, 0x1c, 0x18, 0xff, 0x20, 0x20, 0x20, 0xff,
    0x20, 0x1c, 0x20, 0xff, 0x20, 0x20, 0x18, 0xff, 0x20, 0x1c, 0x20, 0xff,
    0x20, 0x20, 0x20, 0xff, 0x20, 0x20, 0x18, 0xff, 0x20, 0x1c, 0x20, 0xff,
    0x20, 0x1c, 0x18, 0xff, 0x20, 0x1c, 0x18, 0xff, 0x20, 0x1c, 0x20, 0xff,
    0x20, 0x1c, 0x20, 0xff, 0x20, 0x1c, 0x18, 0xff, 0x20, 0x1c, 0x20, 0xff,
    0x20, 0x1c, 0x18, 0xff, 0x20, 0x1c, 0x18, 0xff, 0x20, 0x1c, 0x20, 0xff,
    0x20, 0x20, 0x20, 0xff, 0x20, 0x1c, 0x18, 0xff, 0x20, 0x1c, 0x20, 0xff,
    0x20, 0x1c, 0x20, 0xff, 0x18, 0x1c, 0x18, 0xff, 0x20, 0x20, 0x20, 0xff,
    0x20, 0x1c, 0x20, 0xff, 0x20, 0x1c, 0x18, 0xff, 0x20, 0x1c, 0x18, 0xff,
    0x20, 0x1c, 0x20, 0xff, 0x18, 0x1c, 0x18, 0xff, 0x20, 0x1c, 0x20, 0xff,
    0x20, 0x1c, 0x18, 0xff, 0x18, 0x1c, 0x18, 0xff, 0x20, 0x1c, 0x20, 0xff,
    0x20, 0x1c, 0x18, 0xff, 0x20, 0x1c, 0x18, 0xff, 0x18, 0x1c, 0x20, 0xff,
    0x20, 0x1c, 0x18, 0xff, 0x20, 0x1c, 0x18, 0xff, 0x18, 0x1c, 0x20, 0xff,
    0x20, 0x1c, 0x18, 0xff, 0x20, 0x1c, 0x18, 0xff, 0x18, 0x1c, 0x20, 0xff,
    0x20, 0x1c, 0x18, 0xff, 0x20, 0x1c, 0x18, 0xff, 0x20, 0x1c, 0x18, 0xff,
    0x20, 0x18, 0x20, 0xff, 0x20, 0x1c, 0x18, 0xff, 0x18, 0x1c, 0x18, 0xff,
    0x20, 0x1c, 0x20, 0xff, 0x20, 0x1c, 0x18, 0xff, 0x18, 0x1c, 0x18, 0xff,
    0x20, 0x1c, 0x18, 0xff, 0x20, 0x1c, 0x18, 0xff, 0x18, 0x1c, 0x20, 0xff,
    0x20, 0x18, 0x18, 0xff, 0x20, 0x1c, 0x18, 0xff, 0x18, 0x1c, 0x18, 0xff,
    0x20, 0x18, 0x20, 0xff, 0x20, 0x1c, 0x18, 0xff, 0x18, 0x1c, 0x18, 0xff,
    0x20, 0x18, 0x20, 0xff, 0x18, 0x1c, 0x18, 0xff, 0x18, 0x1c, 0x20, 0xff,
    0x20, 0x18, 0x18, 0xff, 0x20, 0x18, 0x18, 0xff, 0x18, 0x1c, 0x18, 0xff,
    0x20, 0x18, 0x18, 0xff, 0x18, 0x18, 0x18, 0xff, 0x18, 0x1c, 0x18, 0xff,
    0x20, 0x1c, 0x18, 0xff, 0x20, 0x18, 0x18, 0xff, 0x18, 0x1c, 0x18, 0xff,
    0x20, 0x1c, 0x20, 0xff, 0x20, 0x18, 0x18, 0xff, 0x18, 0x18, 0x18, 0xff,
    0x20, 0x1c, 0x18, 0xff, 0x18, 0x18, 0x18, 0xff, 0x20, 0x1c, 0x18, 0xff,
    0x20, 0x1c, 0x20, 0xff, 0x18, 0x18, 0x18, 0xff, 0x20, 0x1c, 0x18, 0xff,
    0x20, 0x18, 0x18, 0xff, 0x18, 0x18, 0x18, 0xff, 0x20, 0x1c, 0x20, 0xff,
    0x18, 0x18, 0x18, 0xff, 0x20, 0x18, 0x18, 0xff, 0x20, 0x18, 0x18, 0xff,
    0x18, 0x18, 0x18, 0xff, 0x20, 0x1c, 0x18, 0xff, 0x20, 0x18, 0x18, 0xff,
    0x18, 0x18, 0x18, 0xff, 0x18, 0x1c, 0x18, 0xff, 0x20, 0x18, 0x18, 0xff,
    0x18, 0x18, 0x18, 0xff, 0x18, 0x18, 0x18, 0xff, 0x20, 0x1c, 0x18, 0xff,
    0x20, 0x18, 0x18, 0xff, 0x20, 0x18, 0x18, 0xff, 0x18, 0x18, 0x18, 0xff,
    0x20, 0x18, 0x18, 0xff, 0x20, 0x1c, 0x18, 0xff, 0x18, 0x18, 0x18, 0xff,
    0x18, 0x18, 0x18, 0xff, 0x20, 0x1c, 0x18, 0xff, 0x18, 0x18, 0x18, 0xff,
    0x20, 0x18, 0x18, 0xff, 0x18, 0x18, 0x18, 0xff, 0x18, 0x1c, 0x18, 0xff,
    0x20, 0x18, 0x18, 0xff, 0x20, 0x18, 0x18, 0xff, 0x18, 0x18, 0x18, 0xff,
    0x20, 0x18, 0x18, 0xff, 0x18, 0x18, 0x18, 0xff, 0x20, 0x18, 0x18, 0xff,
    0x18, 0x18, 0x18, 0xff, 0x18, 0x18, 0x18, 0xff, 0x20, 0x1c, 0x18, 0xff,
    0x18, 0x18, 0x18, 0xff, 0x18, 0x18, 0x18, 0xff, 0x20, 0x1c, 0x18, 0xff,
    0x18, 0x18, 0x18, 0xff, 0x18, 0x18, 0x18, 0xff, 0x20, 0x18, 0x18, 0xff,
    0x18, 0x1c, 0x18, 0xff, 0x18, 0x18, 0x18, 0xff, 0x20, 0x18, 0x18, 0xff,
    0x20, 0x18, 0x18, 0xff, 0x18, 0x18, 0x18, 0xff, 0x18, 0x18, 0x18, 0xff,
    0x20, 0x18, 0x18, 0xff, 0x18, 0x18, 0x18, 0xff, 0x20, 0x18, 0x18, 0xff,
    0x20, 0x18, 0x18, 0xff, 0x18, 0x18, 0x18, 0xff, 0x20, 0x1c, 0x18, 0xff,
    0x18, 0x18, 0x18, 0xff, 0x18, 0x1c, 0x18, 0xff, 0x20, 0x18, 0x18, 0xff,
    0x18, 0x18, 0x18, 0xff, 0x18, 0x1c, 0x18, 0xff, 0x20, 0x18, 0x18, 0xff,
    0x18, 0x18, 0x18, 0xff, 0x20, 0x18, 0x18, 0xff, 0x20, 0x1c, 0x18, 0xff,
    0x18, 0x18, 0x18, 0xff, 0x20, 0x1c, 0x18, 0xff, 0x18, 0x1c, 0x18, 0xff,
    0x18, 0x18, 0x18, 0xff, 0x18, 0x18, 0x18, 0xff, 0x20, 0x18, 0x18, 0xff,
    0x18, 0x18, 0x18, 0xff, 0x20, 0x18, 0x18, 0xff, 0x20, 0x18, 0x18, 0xff,
    0x18, 0x18, 0x18, 0xff, 0x18, 0x1c, 0x18, 0xff, 0x20, 0x18, 0x18, 0xff,
    0x18, 0x18, 0x18, 0xff, 0x18, 0x1c, 0x18, 0xff, 0x20, 0x18, 0x18, 0xff,
    0x18, 0x1c, 0x18, 0xff, 0x20, 0x18, 0x18, 0xff, 0x20, 0x18, 0x18, 0xff,
    0x18, 0x18, 0x18, 0xff, 0x20, 0x18, 0x18, 0xff, 0x18, 0x18, 0x18, 0xff,
    0x20, 0x1c, 0x18, 0xff, 0x20, 0x18, 0x18, 0xff, 0x18, 0x18, 0x18, 0xff,
    0x20, 0x18, 0x18, 0xff, 0x20, 0x1c, 0x18, 0xff, 0x18, 0x18, 0x18, 0xff,
    0x18, 0x18, 0x18, 0xff, 0x20, 0x18, 0x18, 0xff, 0x18, 0x1c, 0x18, 0xff,
    0x20, 0x18, 0x18, 0xff, 0x20, 0x18, 0x18, 0xff, 0x20, 0x1c, 0x18, 0xff,
    0x18, 0x18, 0x18, 0xff, 0x20, 0x18, 0x18, 0xff, 0x18, 0x1c, 0x18, 0xff,
    0x20, 0x18, 0x18, 0xff, 0x18, 0x18, 0x18, 0xff, 0x20, 0x18, 0x18, 0xff,
    0x20, 0x1c, 0x18, 0xff, 0x18, 0x18, 0x18, 0xff, 0x18, 0x18, 0x18, 0xff,
    0x20, 0x18, 0x18, 0xff, 0x18, 0x18, 0x18, 0xff, 0x20, 0x1c, 0x18, 0xff,
    0x20, 0x18, 0x18, 0xff, 0x18, 0x18, 0x18, 0xff, 0x18, 0x1c, 0x18, 0xff,
    0x20, 0x18, 0x18, 0xff, 0x18, 0x18, 0x18, 0xff, 0x20, 0x1c, 0x18, 0xff,
    0x18, 0x18, 0x18, 0xff, 0x18, 0x18, 0x18, 0xff, 0x20, 0x1c, 0x18, 0xff,
    0x18, 0x18, 0x18, 0xff, 0x18, 0x18, 0x18, 0xff, 0x20, 0x18, 0x18, 0xff,
    0x20, 0x18, 0x18, 0xff, 0x18, 0x18, 0x18, 0xff, 0x20, 0x18, 0x18, 0xff,
    0x18, 0x18, 0x18, 0xff, 0x20, 0x18, 0x18, 0xff, 0x70, 0x70, 0x70, 0x9e,
    0xf8, 0xfc, 0xf8, 0x00, 0x70, 0x6c, 0x68, 0xcf, 0x30, 0x30, 0x30, 0xff,
    0x30, 0x30, 0x30, 0xff, 0x30, 0x30, 0x30, 0xff, 0x38, 0x30, 0x30, 0xff,
    0x30, 0x30, 0x30, 0xff, 0x30, 0x30, 0x30, 0xff, 0x30, 0x30, 0x30, 0xff,
    0x30, 0x30, 0x30, 0xff, 0x38, 0x30, 0x30, 0xff, 0x30, 0x30, 0x30, 0xff,
    0x30, 0x30, 0x30, 0xff, 0x30, 0x30, 0x30, 0xff, 0x38, 0x30, 0x30, 0xff,
    0x30, 0x30, 0x30, 0xff, 0x30, 0x30, 0x30, 0xff, 0x30, 0x30, 0x30, 0xff,
    0x30, 0x30, 0x30, 0xff, 0x38, 0x30, 0x28, 0xff, 0x30, 0x30, 0x30, 0xff,
    0x30, 0x2c, 0x28, 0xff, 0x30, 0x2c, 0x30, 0xff, 0x30, 0x30, 0x30, 0xff,
    0x30, 0x2c, 0x30, 0xff, 0x30, 0x30, 0x28, 0xff, 0x30, 0x30, 0x30, 0xff,
    0x30, 0x30, 0x28, 0xff, 0x30, 0x30, 0x30, 0xff, 0x30, 0x2c, 0x30, 0xff,
    0x30, 0x2c, 0x28, 0xff, 0x30, 0x30, 0x30, 0xff, 0x30, 0x2c, 0x30, 0xff,
    0x30, 0x2c, 0x30, 0xff, 0x30, 0x30, 0x30, 0xff, 0x30, 0x2c, 0x30, 0xff,
    0x30, 0x2c, 0x30, 0xff, 0x30, 0x30, 0x30, 0xff, 0x30, 0x2c, 0x28, 0xff,
    0x30, 0x2c, 0x30, 0xff, 0x30, 0x30, 0x30, 0xff, 0x30, 0x30, 0x30, 0xff,
    0x28, 0x2c, 0x28, 0xff, 0x30, 0x2c, 0x30, 0xff, 0x30, 0x30, 0x30, 0xff,
    0x30, 0x2c, 0x28, 0xff, 0x28, 0x2c, 0x30, 0xff, 0x30, 0x30, 0x28, 0xff,
    0x30, 0x2c, 0x30, 0xff, 0x28, 0x30, 0x28, 0xff, 0x30, 0x2c, 0x30, 0xff,
    0x30, 0x30, 0x28, 0xff, 0x28, 0x2c, 0x28, 0xff, 0x30, 0x2c, 0x28, 0xff,
    0x30, 0x2c, 0x30, 0xff, 0x30, 0x2c, 0x28, 0xff, 0x28, 0x2c, 0x30, 0xff,
    0x30, 0x2c, 0x28, 0xff, 0x30, 0x2c, 0x30, 0xff, 0x28, 0x2c, 0x28, 0xff,
    0x30, 0x2c, 0x28, 0xff, 0x28, 0x2c, 0x30, 0xff, 0x30, 0x2c, 0x28, 0xff,
    0x30, 0x2c, 0x28, 0xff, 0x28, 0x2c, 0x30, 0xff, 0x30, 0x2c, 0x28, 0xff,
    0x28, 0x2c, 0x28, 0xff, 0x30, 0x2c, 0x30, 0xff, 0x28, 0x28, 0x28, 0xff,
    0x28, 0x2c, 0x28, 0xff, 0x30, 0x2c, 0x30, 0xff, 0x28, 0x2c, 0x28, 0xff,
    0x30, 0x2c, 0x28, 0xff, 0x28, 0x2c, 0x28, 0xff, 0x30, 0x2c, 0x28, 0xff,
    0x30, 0x2c, 0x28, 0xff, 0x30, 0x2c, 0x30, 0xff, 0x28, 0x28, 0x28, 0xff,
    0x30, 0x2c, 0x28, 0xff, 0x30, 0x2c, 0x28, 0xff, 0x28, 0x28, 0x30, 0xff,
    0x28, 0x28, 0x28, 0xff, 0x30, 0x2c, 0x28, 0xff, 0x30, 0x28, 0x30, 0xff,
    0x28, 0x28, 0x28, 0xff, 0x28, 0x2c, 0x28, 0xff, 0x30, 0x28, 0x28, 0xff,
    0x28, 0x2c, 0x28, 0xff, 0x30, 0x2c, 0x28, 0xff, 0x28, 0x28, 0x28, 0xff,
    0x28, 0x28, 0x28, 0xff, 0x30, 0x28, 0x28, 0xff, 0x28, 0x2c, 0x28, 0xff,
    0x28, 0x28, 0x28, 0xff, 0x30, 0x28, 0x28, 0xff, 0x28, 0x28, 0x28, 0xff,
    0x28, 0x28, 0x28, 0xff, 0x30, 0x2c, 0x28, 0xff, 0x28, 0x28, 0x28, 0xff,
    0x28, 0x28, 0x28, 0xff, 0x30, 0x2c, 0x28, 0xff, 0x28, 0x28, 0x28, 0xff,
    0x30, 0x28, 0x28, 0xff, 0x30, 0x28, 0x28, 0xff, 0x28, 0x28, 0x28, 0xff,
    0x28, 0x28, 0x28, 0xff, 0x30, 0x28, 0x28, 0xff, 0x28, 0x28, 0x28, 0xff,
    0x28, 0x28, 0x28, 0xff, 0x30, 0x28, 0x28, 0xff, 0x28, 0x28, 0x28, 0xff,
    0x28, 0x28, 0x28, 0xff, 0x28, 0x28, 0x28, 0xff, 0x28, 0x28, 0x28, 0xff,
    0x28, 0x28, 0x28, 0xff, 0x28, 0x28, 0x28, 0xff, 0x28, 0x24, 0x28, 0xff,
    0x28, 0x24, 0x20, 0xff, 0x28, 0x28, 0x28, 0xff, 0x28, 0x28, 0x28, 0xff,
    0x28, 0x28, 0x20, 0xff, 0x28, 0x28, 0x28, 0xff, 0x28, 0x24, 0x28, 0xff,
    0x28, 0x28, 0x28, 0xff, 0x28, 0x28, 0x20, 0xff, 0x28, 0x28, 0x28, 0xff,
    0x28, 0x28, 0x28, 0xff, 0x28, 0x24, 0x20, 0xff, 0x28, 0x28, 0x28, 0xff,
    0x28, 0x28, 0x28, 0xff, 0x28, 0x24, 0x20, 0xff, 0x28, 0x28, 0x28, 0xff,
    0x28, 0x24, 0x28, 0xff, 0x28, 0x24, 0x20, 0xff, 0x28, 0x28, 0x28, 0xff,
    0x28, 0x24, 0x28, 0xff, 0x28, 0x28, 0x20, 0xff, 0x28, 0x28, 0x28, 0xff,
    0x28, 0x24, 0x28, 0xff, 0x28, 0x24, 0x20, 0xff, 0x28, 0x24, 0x28, 0xff,
    0x28, 0x24, 0x20, 0xff, 0x28, 0x28, 0x28, 0xff, 0x28, 0x24, 0x28, 0xff,
    0x28, 0x24, 0x20, 0xff, 0x28, 0x24, 0x28, 0xff, 0x28, 0x24, 0x20, 0xff,
    0x28, 0x24, 0x20, 0xff, 0x28, 0x24, 0x28, 0xff, 0x28, 0x28, 0x20, 0xff,
    0x28, 0x24, 0x28, 0xff, 0x28, 0x24, 0x28, 0xff, 0x28, 0x24, 0x20, 0xff,
    0x20, 0x24, 0x20, 0xff, 0x28, 0x24, 0x28, 0xff, 0x28, 0x24, 0x20, 0xff,
    0x28, 0x24, 0x20, 0xff, 0x20, 0x24, 0x28, 0xff, 0x28, 0x24, 0x20, 0xff,
    0x28, 0x24, 0x28, 0xff, 0x28, 0x24, 0x20, 0xff, 0x20, 0x24, 0x28, 0xff,
    0x28, 0x24, 0x20, 0xff, 0x28, 0x24, 0x28, 0xff, 0x28, 0x24, 0x20, 0xff,
    0x20, 0x24, 0x28, 0xff, 0x28, 0x24, 0x20, 0xff, 0x28, 0x24, 0x28, 0xff,
    0x20, 0x24, 0x28, 0xff, 0x28, 0x20, 0x20, 0xff, 0x28, 0x24, 0x20, 0xff,
    0x20, 0x24, 0x20, 0xff, 0x28, 0x20, 0x28, 0xff, 0x20, 0x24, 0x20, 0xff,
    0x28, 0x24, 0x20, 0xff, 0x28, 0x24, 0x20, 0xff, 0x20, 0x24, 0x28, 0xff,
    0x28, 0x24, 0x20, 0xff, 0x20, 0x24, 0x20, 0xff, 0x28, 0x20, 0x20, 0xff,
    0x28, 0x20, 0x20, 0xff, 0x20, 0x24, 0x20, 0xff, 0x20, 0x20, 0x20, 0xff,
    0x28, 0x20, 0x20, 0xff, 0x20, 0x24, 0x28, 0xff, 0x28, 0x24, 0x20, 0xff,
    0x28, 0x20, 0x20, 0xff, 0x20, 0x24, 0x20, 0xff, 0x20, 0x20, 0x20, 0xff,
    0x28, 0x20, 0x20, 0xff, 0x20, 0x24, 0x20, 0xff, 0x28, 0x20, 0x20, 0xff,
    0x20, 0x24, 0x20, 0xff, 0x28, 0x20, 0x20, 0xff, 0x20, 0x20, 0x20, 0xff,
    0x20, 0x20, 0x20, 0xff, 0x28, 0x20, 0x20, 0xff, 0x20, 0x20, 0x20, 0xff,
    0x20, 0x20, 0x20, 0xff, 0x28, 0x20, 0x20, 0xff, 0x20, 0x20, 0x20, 0xff,
    0x28, 0x20, 0x20, 0xff, 0x20, 0x24, 0x20, 0xff, 0x20, 0x20, 0x20, 0xff,
    0x28, 0x20, 0x20, 0xff, 0x20, 0x20, 0x20, 0xff, 0x20, 0x24, 0x20, 0xff,
    0x28, 0x20, 0x20, 0xff, 0x20, 0x20, 0x20, 0xff, 0x20, 0x20, 0x20, 0xff,
    0x28, 0x20, 0x20, 0xff, 0x20, 0x20, 0x20, 0xff, 0x20, 0x20, 0x20, 0xff,
    0x28, 0x20, 0x18, 0xff, 0x20, 0x20, 0x20, 0xff, 0x28, 0x20, 0x20, 0xff,
    0x20, 0x20, 0x20, 0xff, 0x28, 0x20, 0x20, 0xff, 0x20, 0x20, 0x20, 0xff,
    0x20, 0x20, 0x18, 0xff, 0x20, 0x20, 0x20, 0xff, 0x20, 0x20, 0x20, 0xff,
    0x20, 0x20, 0x20, 0xff, 0x20, 0x1c, 0x20, 0xff, 0x20, 0x20, 0x18, 0xff,
    0x28, 0x20, 0x20, 0xff, 0x20, 0x20, 0x18, 0xff, 0x28, 0x1c, 0x20, 0xff,
    0x20, 0x20, 0x20, 0xff, 0x20, 0x20, 0x20, 0xff, 0x28, 0x1c, 0x18, 0xff,
    0x20, 0x1c, 0x20, 0xff, 0x20, 0x20, 0x20, 0xff, 0x20, 0x20, 0x20, 0xff,
    0x20, 0x1c, 0x20, 0xff, 0x20, 0x20, 0x18, 0xff, 0x20, 0x20, 0x20, 0xff,
    0x28, 0x1c, 0x20, 0xff, 0x20, 0x1c, 0x18, 0xff, 0x20, 0x20, 0x18, 0xff,
    0x20, 0x1c, 0x20, 0xff, 0x20, 0x20, 0x20, 0xff, 0x20, 0x1c, 0x18, 0xff,
    0x20, 0x20, 0x20, 0xff, 0x20, 0x1c, 0x18, 0xff, 0x20, 0x20, 0x20, 0xff,
    0x20, 0x1c, 0x20, 0xff, 0x20, 0x1c, 0x18, 0xff, 0x20, 0x20, 0x20, 0xff,
    0x20, 0x1c, 0x18, 0xff, 0x20, 0x1c, 0x20, 0xff, 0x20, 0x20, 0x20, 0xff,
    0x20, 0x20, 0x18, 0xff, 0x20, 0x1c, 0x20, 0xff, 0x20, 0x1c, 0x18, 0xff,
    0x20, 0x20, 0x20, 0xff, 0x20, 0x20, 0x18, 0xff, 0x20, 0x1c, 0x18, 0xff,
    0x20, 0x20, 0x20, 0xff, 0x20, 0x1c, 0x18, 0xff, 0x20, 0x1c, 0x20, 0xff,
    0x20, 0x20, 0x18, 0xff, 0x20, 0x1c, 0x18, 0xff, 0x20, 0x1c, 0x20, 0xff,
    0x20, 0x1c, 0x18, 0xff, 0x20, 0x20, 0x18, 0xff, 0x20, 0x1c, 0x20, 0xff,
    0x20, 0x1c, 0x18, 0xff, 0x20, 0x20, 0x20, 0xff, 0x18, 0x1c, 0x20, 0xff,
    0x20, 0x1c, 0x18, 0xff, 0x20, 0x1c, 0x18, 0xff, 0x20, 0x1c, 0x20, 0xff,
    0x20, 0x1c, 0x18, 0xff, 0x20, 0x1c, 0x20, 0xff, 0x20, 0x1c, 0x18, 0xff,
    0x20, 0x1c, 0x20, 0xff, 0x20, 0x1c, 0x18, 0xff, 0x20, 0x1c, 0x20, 0xff,
    0x20, 0x1c, 0x18, 0xff, 0x20, 0x1c, 0x18, 0xff, 0x20, 0x1c, 0x20, 0xff,
    0x20, 0x1c, 0x18, 0xff, 0x18, 0x1c, 0x18, 0xff, 0x20, 0x1c, 0x20, 0xff,
    0x20, 0x1c, 0x20, 0xff, 0x20, 0x1c, 0x18, 0xff, 0x18, 0x1c, 0x18, 0xff,
    0x20, 0x1c, 0x18, 0xff, 0x20, 0x1c, 0x18, 0xff, 0x18, 0x18, 0x18, 0xff,
    0x20, 0x1c, 0x20, 0xff, 0x20, 0x18, 0x18, 0xff, 0x20, 0x1c, 0x18, 0xff,
    0x20, 0x1c, 0x20, 0xff, 0x20, 0x18, 0x18, 0xff, 0x20, 0x1c, 0x18, 0xff,
    0x20, 0x1c, 0x18, 0xff, 0x20, 0x1c, 0x20, 0xff, 0x18, 0x1c, 0x18, 0xff,
    0x20, 0x1c, 0x18, 0xff, 0x20, 0x18, 0x18, 0xff, 0x20, 0x1c, 0x18, 0xff,
    0x20, 0x1c, 0x18, 0xff, 0x18, 0x18, 0x18, 0xff, 0x20, 0x1c, 0x18, 0xff,
    0x20, 0x1c, 0x18, 0xff, 0x18, 0x18, 0x18, 0xff, 0x20, 0x1c, 0x18, 0xff,
    0x20, 0x1c, 0x18, 0xff, 0x18, 0x18, 0x18, 0xff, 0x20, 0x18, 0x18, 0xff,
    0x20, 0x1c, 0x18, 0xff, 0x18, 0x18, 0x18, 0xff, 0x20, 0x18, 0x18, 0xff,
    0x20, 0x1c, 0x18, 0xff, 0x18, 0x1c, 0x18, 0xff, 0x20, 0x18, 0x18, 0xff,
    0x20, 0x1c, 0x18, 0xff, 0x18, 0x18, 0x18, 0xff, 0x20, 0x18, 0x18, 0xff,
    0x18, 0x1c, 0x18, 0xff, 0x20, 0x18, 0x18, 0xff, 0x18, 0x18, 0x18, 0xff,
    0x20, 0x1c, 0x18, 0xff, 0x18, 0x1c, 0x18, 0xff, 0x20, 0x18, 0x18, 0xff,
    0x20, 0x1c, 0x18, 0xff, 0x18, 0x1c, 0x18, 0xff, 0x18, 0x18, 0x18, 0xff,
    0x20, 0x18, 0x18, 0xff, 0x18, 0x18, 0x18, 0xff, 0x18, 0x18, 0x18, 0xff,
    0x20, 0x18, 0x18, 0xff, 0x20, 0x18, 0x18, 0xff, 0x18, 0x18, 0x18, 0xff,
    0x20, 0x1c, 0x18, 0xff, 0x20, 0x18, 0x18, 0xff, 0x18, 0x18, 0x18, 0xff,
    0x18, 0x1c, 0x18, 0xff, 0x18, 0x18, 0x18, 0xff, 0x18, 0x1c, 0x18, 0xff,
    0x20, 0x18, 0x18, 0xff, 0x18, 0x18, 0x18, 0xff, 0x20, 0x1c, 0x18, 0xff,
    0x20, 0x18, 0x18, 0xff, 0x18, 0x18, 0x18, 0xff, 0x20, 0x1c, 0x18, 0xff,
    0x18, 0x18, 0x18, 0xff, 0x20, 0x18, 0x18, 0xff, 0x20, 0x1c, 0x18, 0xff,
    0x18, 0x18, 0x18, 0xff, 0x18, 0x18, 0x18, 0xff, 0x20, 0x18, 0x18, 0xff,
    0x18, 0x1c, 0x18, 0xff, 0x20, 0x1c, 0x18, 0xff, 0x20, 0x18, 0x18, 0xff,
    0x18, 0x18, 0x18, 0xff, 0x20, 0x1c, 0x18, 0xff, 0x18, 0x18, 0x18, 0xff,
    0x20, 0x18, 0x18, 0xff, 0x20, 0x18, 0x18, 0xff, 0x18, 0x1c, 0x18, 0xff,
    0x20, 0x18, 0x18, 0xff, 0x20, 0x18, 0x18, 0xff, 0x18, 0x18, 0x18, 0xff,
    0x20, 0x1c, 0x18, 0xff, 0x20, 0x18, 0x18, 0xff, 0x18, 0x18, 0x18, 0xff,
    0x18, 0x1c, 0x18, 0xff, 0x20, 0x18, 0x18, 0xff, 0x20, 0x1c, 0x18, 0xff,
    0x18, 0x1c, 0x18, 0xff, 0x18, 0x18, 0x18, 0xff, 0x20, 0x1c, 0x18, 0xff,
    0x18, 0x18, 0x18, 0xff, 0x18, 0x18, 0x18, 0xff, 0x20, 0x18, 0x18, 0xff,
    0x20, 0x18, 0x18, 0xff, 0x18, 0x18, 0x18, 0xff, 0x20, 0x18, 0x18, 0xff,
    0x18, 0x1c, 0x18, 0xff, 0x20, 0x18, 0x18, 0xff, 0x18, 0x18, 0x18, 0xff,
    0x18, 0x18, 0x18, 0xff, 0x20, 0x18, 0x18, 0xff, 0x18, 0x1c, 0x18, 0xff,
    0x20, 0x18, 0x18, 0xff, 0x18, 0x18, 0x18, 0xff, 0x20, 0x18, 0x18, 0xff,
    0x20, 0x18, 0x18, 0xff, 0x18, 0x1c, 0x18, 0xff, 0x20, 0x18, 0x18, 0xff,
    0x18, 0x1c, 0x18, 0xff, 0x18, 0x18, 0x18, 0xff, 0x20, 0x1c, 0x18, 0xff,
    0x20, 0x18, 0x18, 0xff, 0x18, 0x18, 0x18, 0xff, 0x20, 0x18, 0x18, 0xff,
    0x20, 0x18, 0x18, 0xff, 0x18, 0x18, 0x18, 0xff, 0x20, 0x18, 0x18, 0xff,
    0x18, 0x1c, 0x18, 0xff, 0x18, 0x18, 0x18, 0xff, 0x18, 0x18, 0x18, 0xff,
    0x20, 0x1c, 0x18, 0xff, 0x18, 0x18, 0x18, 0xff, 0x18, 0x18, 0x18, 0xff,
    0x20, 0x18, 0x18, 0xff, 0x18, 0x18, 0x18, 0xff, 0x18, 0x18, 0x18, 0xff,
    0x20, 0x18, 0x18, 0xff, 0x18, 0x18, 0x18, 0xff, 0x20, 0x1c, 0x18, 0xff,
    0x20, 0x18, 0x18, 0xff, 0x18, 0x18, 0x18, 0xff, 0x20, 0x18, 0x18, 0xff,
    0x18, 0x1c, 0x18, 0xff, 0x18, 0x18, 0x18, 0xff, 0x18, 0x18, 0x18, 0xff,
    0x20, 0x18, 0x18, 0xff, 0x20, 0x18, 0x18, 0xff, 0x18, 0x18, 0x18, 0xff,
    0x20, 0x1c, 0x18, 0xff, 0x18, 0x18, 0x18, 0xff, 0x20, 0x18, 0x18, 0xff,
    0x18, 0x18, 0x18, 0xff, 0x20, 0x18, 0x18, 0xff, 0x18, 0x1c, 0x18, 0xff,
    0x20, 0x18, 0x18, 0xff, 0x18, 0x18, 0x18, 0xff, 0x18, 0x18, 0x18, 0xff,
    0x20, 0x18, 0x18, 0xff, 0x20, 0x1c, 0x18, 0xff, 0x18, 0x18, 0x18, 0xff,
    0x20, 0x18, 0x18, 0xff, 0x18, 0x18, 0x18, 0xff, 0x18, 0x18, 0x18, 0xff,
    0x20, 0x1c, 0x18, 0xff, 0x20, 0x18, 0x18, 0xff, 0x18, 0x18, 0x18, 0xff,
    0x20, 0x18, 0x18, 0xff, 0x18, 0x18, 0x18, 0xff, 0x20, 0x1c, 0x18, 0xff,
    0x18, 0x18, 0x18, 0xff, 0x18, 0x18, 0x18, 0xff, 0x20, 0x1c, 0x18, 0xff,
    0x18, 0x18, 0x18, 0xff, 0x20, 0x18, 0x18, 0xff, 0x20, 0x1c, 0x18, 0xff,
    0x70, 0x70, 0x70, 0xa2, 0xf8, 0xfc, 0xf8, 0x00, 0x70, 0x6c, 0x68, 0xcf,
    0x30, 0x30, 0x30, 0xff, 0x30, 0x34, 0x30, 0xff, 0x30, 0x30, 0x30, 0xff,
    0x30, 0x34, 0x30, 0xff, 0x38, 0x30, 0x30, 0xff, 0x30, 0x30, 0x30, 0xff,
    0x30, 0x30, 0x30, 0xff, 0x30, 0x30, 0x28, 0xff, 0x30, 0x30, 0x30, 0xff,
    0x30, 0x30, 0x30, 0xff, 0x30, 0x30, 0x30, 0xff, 0x30, 0x30, 0x30, 0xff,
    0x30, 0x30, 0x28, 0xff, 0x30, 0x30, 0x30, 0xff, 0x38, 0x30, 0x30, 0xff,
    0x30, 0x30, 0x30, 0xff, 0x30, 0x30, 0x30, 0xff, 0x30, 0x30, 0x28, 0xff,
    0x30, 0x30, 0x30, 0xff, 0x30, 0x30, 0x30, 0xff, 0x30, 0x30, 0x28, 0xff,
    0x30, 0x30, 0x30, 0xff, 0x30, 0x30, 0x30, 0xff, 0x30, 0x2c, 0x30, 0xff,
    0x30, 0x30, 0x30, 0xff, 0x30, 0x30, 0x28, 0xff, 0x30, 0x30, 0x30, 0xff,
    0x30, 0x30, 0x30, 0xff, 0x30, 0x2c, 0x28, 0xff, 0x30, 0x30, 0x30, 0xff,
    0x30, 0x2c, 0x28, 0xff, 0x30, 0x30, 0x28, 0xff, 0x30, 0x30, 0x30, 0xff,
    0x30, 0x2c, 0x28, 0xff, 0x28, 0x30, 0x30, 0xff, 0x30, 0x30, 0x30, 0xff,
    0x30, 0x2c, 0x28, 0xff, 0x30, 0x30, 0x30, 0xff, 0x30, 0x2c, 0x28, 0xff,
    0x30, 0x2c, 0x30, 0xff, 0x30, 0x2c, 0x28, 0xff, 0x30, 0x2c, 0x28, 0xff,
    0x30, 0x2c, 0x30, 0xff, 0x30, 0x2c, 0x28, 0xff, 0x30, 0x30, 0x28, 0xff,
    0x28, 0x2c, 0x30, 0xff, 0x30, 0x2c, 0x28, 0xff, 0x30, 0x2c, 0x30, 0xff,
    0x30, 0x2c, 0x28, 0xff, 0x30, 0x2c, 0x30, 0xff, 0x30, 0x30, 0x30, 0xff,
    0x30, 0x2c, 0x28, 0xff, 0x30, 0x2c, 0x28, 0xff, 0x28, 0x2c, 0x30, 0xff,
    0x30, 0x2c, 0x28, 0xff, 0x30, 0x2c, 0x28, 0xff, 0x28, 0x2c, 0x30, 0xff,
    0x30, 0x2c, 0x28, 0xff, 0x30, 0x2c, 0x30, 0xff, 0x28, 0x2c, 0x28, 0xff,
    0x30, 0x2c, 0x28, 0xff, 0x30, 0x2c, 0x28, 0xff, 0x28, 0x2c, 0x30, 0xff,
    0x30, 0x2c, 0x28, 0xff, 0x30, 0x2c, 0x28, 0xff, 0x30, 0x28, 0x30, 0xff,
    0x30, 0x2c, 0x28, 0xff, 0x30, 0x2c, 0x28, 0xff, 0x30, 0x28, 0x28, 0xff,
    0x28, 0x2c, 0x28, 0xff, 0x28, 0x28, 0x30, 0xff, 0x30, 0x2c, 0x28, 0xff,
    0x28, 0x2c, 0x28, 0xff, 0x28, 0x28, 0x30, 0xff, 0x30, 0x2c, 0x28, 0xff,
    0x28, 0x28, 0x28, 0xff, 0x30, 0x2c, 0x28, 0xff, 0x28, 0x28, 0x28, 0xff,
    0x30, 0x2c, 0x28, 0xff, 0x30, 0x2c, 0x28, 0xff, 0x28, 0x28, 0x28, 0xff,
    0x28, 0x2c, 0x28, 0xff, 0x28, 0x2c, 0x28, 0xff, 0x30, 0x28, 0x28, 0xff,
    0x28, 0x28, 0x28, 0xff, 0x28, 0x2c, 0x28, 0xff, 0x30, 0x28, 0x30, 0xff,
    0x28, 0x28, 0x28, 0xff, 0x30, 0x28, 0x28, 0xff, 0x30, 0x28, 0x28, 0xff,
    0x28, 0x28, 0x28, 0xff, 0x28, 0x28, 0x28, 0xff, 0x30, 0x28, 0x28, 0xff,
    0x28, 0x28, 0x28, 0xff, 0x30, 0x28, 0x28, 0xff, 0x28, 0x28, 0x28, 0xff,
    0x28, 0x2c, 0x28, 0xff, 0x30, 0x28, 0x28, 0xff, 0x28, 0x28, 0x28, 0xff,
    0x28, 0x2c, 0x28, 0xff, 0x28, 0x28, 0x28, 0xff, 0x28, 0x28, 0x28, 0xff,
    0x28, 0x28, 0x28, 0xff, 0x30, 0x28, 0x28, 0xff, 0x28, 0x28, 0x28, 0xff,
    0x28, 0x28, 0x20, 0xff, 0x28, 0x28, 0x28, 0xff, 0x30, 0x28, 0x28, 0xff,
    0x28, 0x28, 0x28, 0xff, 0x28, 0x28, 0x20, 0xff, 0x30, 0x28, 0x28, 0xff,
    0x28, 0x28, 0x28, 0xff, 0x28, 0x28, 0x20, 0xff, 0x30, 0x28, 0x28, 0xff,
    0x28, 0x28, 0x28, 0xff, 0x28, 0x28, 0x28, 0xff, 0x28, 0x24, 0x28, 0xff,
    0x28, 0x28, 0x20, 0xff, 0x30, 0x28, 0x28, 0xff, 0x28, 0x28, 0x28, 0xff,
    0x28, 0x28, 0x20, 0xff, 0x28, 0x24, 0x28, 0xff, 0x28, 0x28, 0x28, 0xff,
    0x28, 0x28, 0x28, 0xff, 0x28, 0x28, 0x28, 0xff, 0x28, 0x24, 0x20, 0xff,
    0x28, 0x24, 0x28, 0xff, 0x28, 0x28, 0x20, 0xff, 0x28, 0x24, 0x20, 0xff,
    0x28, 0x28, 0x28, 0xff, 0x28, 0x28, 0x28, 0xff, 0x28, 0x24, 0x20, 0xff,
    0x28, 0x24, 0x28, 0xff, 0x28, 0x28, 0x28, 0xff, 0x28, 0x24, 0x20, 0xff,
    0x28, 0x28, 0x28, 0xff, 0x28, 0x28, 0x28, 0xff, 0x28, 0x24, 0x20, 0xff,
    0x20, 0x24, 0x28, 0xff, 0x28, 0x28, 0x20, 0xff, 0x28, 0x24, 0x20, 0xff,
    0x28, 0x24, 0x28, 0xff, 0x28, 0x28, 0x20, 0xff, 0x28, 0x28, 0x28, 0xff,
    0x20, 0x24, 0x28, 0xff, 0x28, 0x24, 0x20, 0xff, 0x28, 0x28, 0x28, 0xff,
    0x28, 0x24, 0x20, 0xff, 0x20, 0x24, 0x20, 0xff, 0x28, 0x28, 0x28, 0xff,
    0x28, 0x24, 0x20, 0xff, 0x28, 0x24, 0x28, 0xff, 0x28, 0x24, 0x20, 0xff,
    0x28, 0x24, 0x20, 0xff, 0x28, 0x24, 0x28, 0xff, 0x28, 0x24, 0x20, 0xff,
    0x20, 0x24, 0x20, 0xff, 0x28, 0x24, 0x20, 0xff, 0x28, 0x24, 0x28, 0xff,
    0x28, 0x24, 0x20, 0xff, 0x28, 0x24, 0x20, 0xff, 0x28, 0x24, 0x20, 0xff,
    0x20, 0x24, 0x28, 0xff, 0x28, 0x24, 0x20, 0xff, 0x28, 0x24, 0x20, 0xff,
    0x28, 0x20, 0x20, 0xff, 0x20, 0x24, 0x20, 0xff, 0x28, 0x24, 0x28, 0xff,
    0x20, 0x20, 0x20, 0xff, 0x28, 0x24, 0x20, 0xff, 0x28, 0x24, 0x20, 0xff,
    0x20, 0x24, 0x28, 0xff, 0x28, 0x24, 0x20, 0xff, 0x28, 0x20, 0x20, 0xff,
    0x20, 0x24, 0x20, 0xff, 0x28, 0x24, 0x28, 0xff, 0x28, 0x24, 0x20, 0xff,
    0x20, 0x20, 0x20, 0xff, 0x28, 0x24, 0x28, 0xff, 0x28, 0x24, 0x20, 0xff,
    0x20, 0x20, 0x20, 0xff, 0x28, 0x20, 0x20, 0xff, 0x20, 0x24, 0x20, 0xff,
    0x28, 0x20, 0x20, 0xff, 0x28, 0x24, 0x20, 0xff, 0x20, 0x24, 0x20, 0xff,
    0x28, 0x20, 0x20, 0xff, 0x20, 0x24, 0x28, 0xff, 0x20, 0x20, 0x20, 0xff,
    0x28, 0x24, 0x20, 0xff, 0x28, 0x24, 0x20, 0xff, 0x20, 0x20, 0x20, 0xff,
    0x28, 0x20, 0x20, 0xff, 0x28, 0x24, 0x20, 0xff, 0x20, 0x20, 0x20, 0xff,
    0x28, 0x24, 0x20, 0xff, 0x20, 0x20, 0x20, 0xff, 0x20, 0x24, 0x20, 0xff,
    0x28, 0x20, 0x20, 0xff, 0x20, 0x20, 0x20, 0xff, 0x28, 0x24, 0x20, 0xff,
    0x20, 0x20, 0x20, 0xff, 0x20, 0x20, 0x20, 0xff, 0x28, 0x20, 0x20, 0xff,
    0x20, 0x20, 0x20, 0xff, 0x28, 0x20, 0x20, 0xff, 0x20, 0x20, 0x20, 0xff,
    0x20, 0x20, 0x20, 0xff, 0x28, 0x20, 0x20, 0xff, 0x20, 0x20, 0x20, 0xff,
    0x28, 0x20, 0x20, 0xff, 0x20, 0x20, 0x20, 0xff, 0x20, 0x20, 0x20, 0xff,
    0x20, 0x20, 0x20, 0xff, 0x28, 0x20, 0x18, 0xff, 0x20, 0x20, 0x20, 0xff,
    0x20, 0x20, 0x20, 0xff, 0x28, 0x20, 0x20, 0xff, 0x20, 0x20, 0x20, 0xff,
    0x28, 0x20, 0x20, 0xff, 0x20, 0x20, 0x18, 0xff, 0x20, 0x20, 0x20, 0xff,
    0x28, 0x20, 0x20, 0xff, 0x20, 0x20, 0x20, 0xff, 0x20, 0x20, 0x20, 0xff,
    0x20, 0x20, 0x18, 0xff, 0x28, 0x1c, 0x20, 0xff, 0x20, 0x20, 0x20, 0xff,
    0x20, 0x20, 0x20, 0xff, 0x20, 0x20, 0x18, 0xff, 0x28, 0x20, 0x20, 0xff,
    0x20, 0x20, 0x20, 0xff, 0x20, 0x20, 0x20, 0xff, 0x28, 0x20, 0x20, 0xff,
    0x20, 0x20, 0x20, 0xff, 0x20, 0x1c, 0x18, 0xff, 0x20, 0x20, 0x20, 0xff,
    0x20, 0x1c, 0x20, 0xff, 0x28, 0x20, 0x18, 0xff, 0x20, 0x1c, 0x20, 0xff,
    0x20, 0x20, 0x20, 0xff, 0x28, 0x1c, 0x18, 0xff, 0x20, 0x20, 0x20, 0xff,
    0x20, 0x20, 0x20, 0xff, 0x20, 0x1c, 0x18, 0xff, 0x20, 0x20, 0x20, 0xff,
    0x20, 0x20, 0x20, 0xff, 0x20, 0x1c, 0x18, 0xff, 0x20, 0x1c, 0x20, 0xff,
    0x20, 0x20, 0x20, 0xff, 0x20, 0x20, 0x18, 0xff, 0x20, 0x1c, 0x20, 0xff,
    0x20, 0x1c, 0x20, 0xff, 0x20, 0x1c, 0x18, 0xff, 0x20, 0x1c, 0x20, 0xff,
    0x20, 0x1c, 0x20, 0xff, 0x20, 0x20, 0x18, 0xff, 0x20, 0x1c, 0x20, 0xff,
    0x20, 0x1c, 0x20, 0xff, 0x20, 0x1c, 0x18, 0xff, 0x20, 0x1c, 0x20, 0xff,
    0x20, 0x20, 0x20, 0xff, 0x20, 0x1c, 0x18, 0xff, 0x20, 0x1c, 0x20, 0xff,
    0x20, 0x1c, 0x18, 0xff, 0x20, 0x1c, 0x18, 0xff, 0x20, 0x1c, 0x20, 0xff,
    0x20, 0x20, 0x18, 0xff, 0x20, 0x1c, 0x18, 0xff, 0x20, 0x1c, 0x20, 0xff,
    0x20, 0x1c, 0x18, 0xff, 0x20, 0x1c, 0x18, 0xff, 0x20, 0x1c, 0x18, 0xff,
    0x20, 0x1c, 0x20, 0xff, 0x20, 0x1c, 0x18, 0xff, 0x18, 0x1c, 0x18, 0xff,
    0x20, 0x1c, 0x20, 0xff, 0x20, 0x1c, 0x18, 0xff, 0x20, 0x1c, 0x20, 0xff,
    0x20, 0x1c, 0x18, 0xff, 0x20, 0x1c, 0x18, 0xff, 0x20, 0x1c, 0x20, 0xff,
    0x20, 0x1c, 0x18, 0xff, 0x20, 0x1c, 0x18, 0xff, 0x18, 0x1c, 0x20, 0xff,
    0x20, 0x1c, 0x18, 0xff, 0x20, 0x1c, 0x20, 0xff, 0x18, 0x1c, 0x18, 0xff,
    0x20, 0x1c, 0x18, 0xff, 0x20, 0x1c, 0x18, 0xff, 0x18, 0x18, 0x18, 0xff,
    0x20, 0x1c, 0x20, 0xff, 0x20, 0x1c, 0x18, 0xff, 0x18, 0x18, 0x18, 0xff,
    0x18, 0x1c, 0x20, 0xff, 0x20, 0x1c, 0x18, 0xff, 0x20, 0x18, 0x18, 0xff,
    0x20, 0x1c, 0x20, 0xff, 0x18, 0x1c, 0x18, 0xff, 0x20, 0x1c, 0x18, 0xff,
    0x20, 0x1c, 0x20, 0xff, 0x20, 0x1c, 0x18, 0xff, 0x18, 0x1c, 0x18, 0xff,
    0x20, 0x1c, 0x20, 0xff, 0x20, 0x1c, 0x18, 0xff, 0x18, 0x18, 0x18, 0xff,
    0x20, 0x18, 0x20, 0xff, 0x20, 0x1c, 0x18, 0xff, 0x18, 0x1c, 0x18, 0xff,
    0x20, 0x18, 0x20, 0xff, 0x20, 0x1c, 0x18, 0xff, 0x18, 0x1c, 0x18, 0xff,
    0x20, 0x18, 0x20, 0xff, 0x20, 0x18, 0x18, 0xff, 0x18, 0x1c, 0x18, 0xff,
    0x20, 0x18, 0x18, 0xff, 0x20, 0x1c, 0x20, 0xff, 0x18, 0x1c, 0x18, 0xff,
    0x20, 0x18, 0x18, 0xff, 0x20, 0x1c, 0x18, 0xff, 0x18, 0x18, 0x18, 0xff,
    0x20, 0x1c, 0x20, 0xff, 0x20, 0x18, 0x18, 0xff, 0x18, 0x1c, 0x18, 0xff,
    0x20, 0x18, 0x20, 0xff, 0x20, 0x18, 0x18, 0xff, 0x18, 0x1c, 0x18, 0xff,
    0x18, 0x18, 0x18, 0xff, 0x20, 0x18, 0x18, 0xff, 0x20, 0x1c, 0x18, 0xff,
    0x18, 0x18, 0x18, 0xff, 0x18, 0x1c, 0x18, 0xff, 0x20, 0x18, 0x18, 0xff,
    0x18, 0x18, 0x18, 0xff, 0x18, 0x18, 0x18, 0xff, 0x20, 0x18, 0x18, 0xff,
    0x20, 0x18, 0x18, 0xff, 0x20, 0x18, 0x18, 0xff, 0x18, 0x18, 0x18, 0xff,
    0x20, 0x18, 0x18, 0xff, 0x18, 0x1c, 0x18, 0xff, 0x18, 0x18, 0x18, 0xff,
    0x20, 0x18, 0x18, 0xff, 0x18, 0x18, 0x18, 0xff, 0x20, 0x18, 0x18, 0xff,
    0x18, 0x18, 0x18, 0xff, 0x20, 0x1c, 0x18, 0xff, 0x18, 0x18, 0x18, 0xff,
    0x20, 0x18, 0x18, 0xff, 0x20, 0x18, 0x18, 0xff, 0x18, 0x1c, 0x18, 0xff,
    0x18, 0x18, 0x18, 0xff, 0x20, 0x18, 0x18, 0xff, 0x18, 0x18, 0x18, 0xff,
    0x18, 0x18, 0x18, 0xff, 0x20, 0x1c, 0x18, 0xff, 0x20, 0x18, 0x18, 0xff,
    0x18, 0x18, 0x18, 0xff, 0x18, 0x18, 0x18, 0xff, 0x20, 0x1c, 0x18, 0xff,
    0x18, 0x18, 0x18, 0xff, 0x18, 0x18, 0x18, 0xff, 0x20, 0x18, 0x18, 0xff,
    0x18, 0x1c, 0x18, 0xff, 0x18, 0x18, 0x18, 0xff, 0x20, 0x18, 0x18, 0xff,
    0x20, 0x18, 0x18, 0xff, 0x18, 0x18, 0x18, 0xff, 0x18, 0x18, 0x18, 0xff,
    0x20, 0x18, 0x18, 0xff, 0x20, 0x18, 0x18, 0xff, 0x18, 0x18, 0x18, 0xff,
    0x20, 0x18, 0x18, 0xff, 0x18, 0x1c, 0x18, 0xff, 0x18, 0x1c, 0x18, 0xff,
    0x20, 0x18, 0x18, 0xff, 0x18, 0x18, 0x18, 0xff, 0x20, 0x1c, 0x18, 0xff,
    0x18, 0x18, 0x18, 0xff, 0x20, 0x18, 0x18, 0xff, 0x20, 0x1c, 0x18, 0xff,
    0x20, 0x18, 0x18, 0xff, 0x18, 0x18, 0x18, 0xff, 0x20, 0x1c, 0x18, 0xff,
    0x18, 0x18, 0x18, 0xff, 0x18, 0x18, 0x18, 0xff, 0x20, 0x18, 0x18, 0xff,
    0x18, 0x18, 0x18, 0xff, 0x20, 0x18, 0x18, 0xff, 0x20, 0x18, 0x18, 0xff,
    0x18, 0x18, 0x18, 0xff, 0x20, 0x18, 0x18, 0xff, 0x18, 0x1c, 0x18, 0xff,
    0x18, 0x18, 0x18, 0xff, 0x20, 0x18, 0x18, 0xff, 0x18, 0x1c, 0x18, 0xff,
    0x18, 0x18, 0x18, 0xff, 0x20, 0x1c, 0x18, 0xff, 0x18, 0x18, 0x18, 0xff,
    0x20, 0x18, 0x18, 0xff, 0x20, 0x18, 0x18, 0xff, 0x18, 0x18, 0x18, 0xff,
    0x20, 0x18, 0x18, 0xff, 0x20, 0x1c, 0x18, 0xff, 0x18, 0x18, 0x18, 0xff,
    0x20, 0x1c, 0x18, 0xff, 0x20, 0x1c, 0x18, 0xff, 0x18, 0x18, 0x18, 0xff,
    0x20, 0x1c, 0x18, 0xff, 0x18, 0x18, 0x18, 0xff, 0x18, 0x18, 0x18, 0xff,
    0x20, 0x18, 0x18, 0xff, 0x18, 0x1c, 0x18, 0xff, 0x20, 0x18, 0x18, 0xff,
    0x20, 0x18, 0x18, 0xff, 0x18, 0x18, 0x18, 0xff, 0x20, 0x1c, 0x18, 0xff,
    0x18, 0x18, 0x18, 0xff, 0x18, 0x18, 0x18, 0xff, 0x20, 0x1c, 0x18, 0xff,
    0x18, 0x18, 0x18, 0xff, 0x18, 0x18, 0x18, 0xff, 0x20, 0x1c, 0x18, 0xff,
    0x18, 0x18, 0x18, 0xff, 0x20, 0x18, 0x18, 0xff, 0x18, 0x1c, 0x18, 0xff,
    0x20, 0x18, 0x18, 0xff, 0x20, 0x18, 0x18, 0xff, 0x18, 0x1c, 0x18, 0xff,
    0x20, 0x18, 0x18, 0xff, 0x18, 0x18, 0x18, 0xff, 0x18, 0x18, 0x18, 0xff,
    0x20, 0x18, 0x18, 0xff, 0x20, 0x1c, 0x18, 0xff, 0x18, 0x18, 0x18, 0xff,
    0x20, 0x18, 0x18, 0xff, 0x18, 0x18, 0x18, 0xff, 0x18, 0x1c, 0x18, 0xff,
    0x20, 0x18, 0x18, 0xff, 0x18, 0x18, 0x18, 0xff, 0x20, 0x1c, 0x18, 0xff,
    0x20, 0x18, 0x18, 0xff, 0x18, 0x18, 0x18, 0xff, 0x20, 0x1c, 0x18, 0xff,
    0x20, 0x18, 0x18, 0xff, 0x18, 0x18, 0x18, 0xff, 0x18, 0x1c, 0x18, 0xff,
    0x20, 0x18, 0x18, 0xff, 0x70, 0x70, 0x70, 0x9e, 0xf8, 0xfc, 0xf8, 0x00,
    0x70, 0x6c, 0x70, 0xcf, 0x30, 0x30, 0x30, 0xff, 0x30, 0x30, 0x30, 0xff,
    0x30, 0x34, 0x30, 0xff, 0x30, 0x30, 0x30, 0xff, 0x38, 0x30, 0x30, 0xff,
    0x30, 0x30, 0x30, 0xff, 0x30, 0x30, 0x30, 0xff, 0x30, 0x30, 0x30, 0xff,
    0x30, 0x30, 0x30, 0xff, 0x38, 0x30, 0x30, 0xff, 0x30, 0x30, 0x28, 0xff,
    0x30, 0x30, 0x30, 0xff, 0x30, 0x30, 0x30, 0xff, 0x30, 0x30, 0x30, 0xff,
    0x30, 0x30, 0x28, 0xff, 0x30, 0x30, 0x30, 0xff, 0x30, 0x30, 0x30, 0xff,
    0x30, 0x30, 0x30, 0xff, 0x30, 0x2c, 0x30, 0xff, 0x30, 0x30, 0x30, 0xff,
    0x30, 0x30, 0x30, 0xff, 0x30, 0x30, 0x28, 0xff, 0x30, 0x30, 0x30, 0xff,
    0x30, 0x30, 0x30, 0xff, 0x30, 0x2c, 0x30, 0xff, 0x30, 0x30, 0x30, 0xff,
    0x30, 0x30, 0x30, 0xff, 0x30, 0x30, 0x30, 0xff, 0x30, 0x2c, 0x28, 0xff,
    0x30, 0x2c, 0x30, 0xff, 0x30, 0x30, 0x30, 0xff, 0x30, 0x2c, 0x28, 0xff,
    0x30, 0x30, 0x30, 0xff, 0x30, 0x2c, 0x28, 0xff, 0x30, 0x30, 0x28, 0xff,
    0x30, 0x2c, 0x30, 0xff, 0x30, 0x30, 0x30, 0xff, 0x28, 0x30, 0x28, 0xff,
    0x30, 0x2c, 0x30, 0xff, 0x30, 0x30, 0x30, 0xff, 0x30, 0x2c, 0x28, 0xff,
    0x30, 0x2c, 0x30, 0xff, 0x30, 0x30, 0x30, 0xff, 0x28, 0x2c, 0x28, 0xff,
    0x30, 0x2c, 0x30, 0xff, 0x30, 0x2c, 0x30, 0xff, 0x30, 0x2c, 0x28, 0xff,
    0x28, 0x30, 0x28, 0xff, 0x30, 0x2c, 0x30, 0xff, 0x28, 0x2c, 0x30, 0xff,
    0x30, 0x2c, 0x28, 0xff, 0x30, 0x2c, 0x28, 0xff, 0x28, 0x2c, 0x30, 0xff,
    0x30, 0x2c, 0x28, 0xff, 0x30, 0x2c, 0x28, 0xff, 0x30, 0x2c, 0x30, 0xff,
    0x28, 0x2c, 0x28, 0xff, 0x30, 0x2c, 0x28, 0xff, 0x30, 0x2c, 0x30, 0xff,
    0x28, 0x2c, 0x30, 0xff, 0x30, 0x2c, 0x28, 0xff, 0x28, 0x2c, 0x30, 0xff,
    0x30, 0x2c, 0x28, 0xff, 0x28, 0x2c, 0x28, 0xff, 0x30, 0x2c, 0x28, 0xff,
    0x28, 0x2c, 0x28, 0xff, 0x28, 0x2c, 0x30, 0xff, 0x30, 0x2c, 0x28, 0xff,
    0x30, 0x2c, 0x28, 0xff, 0x28, 0x28, 0x30, 0xff, 0x30, 0x2c, 0x28, 0xff,
    0x30, 0x2c, 0x28, 0xff, 0x28, 0x28, 0x30, 0xff, 0x28, 0x2c, 0x28, 0xff,
    0x30, 0x2c, 0x28, 0xff, 0x28, 0x28, 0x28, 0xff, 0x28, 0x28, 0x28, 0xff,
    0x30, 0x2c, 0x28, 0xff, 0x28, 0x28, 0x28, 0xff, 0x30, 0x2c, 0x28, 0xff,
    0x28, 0x28, 0x28, 0xff, 0x30, 0x28, 0x28, 0xff, 0x28, 0x2c, 0x28, 0xff,
    0x30, 0x2c, 0x30, 0xff, 0x28, 0x28, 0x28, 0xff, 0x28, 0x2c, 0x28, 0xff,
    0x30, 0x2c, 0x28, 0xff, 0x28, 0x28, 0x28, 0xff, 0x28, 0x2c, 0x28, 0xff,
    0x28, 0x28, 0x28, 0xff, 0x30, 0x2c, 0x28, 0xff, 0x28, 0x2c, 0x28, 0xff,
    0x28, 0x28, 0x28, 0xff, 0x30, 0x2c, 0x28, 0xff, 0x28, 0x28, 0x28, 0xff,
    0x28, 0x28, 0x28, 0xff, 0x28, 0x28, 0x28, 0xff, 0x28, 0x28, 0x28, 0xff,
    0x28, 0x28, 0x28, 0xff, 0x28, 0x28, 0x28, 0xff, 0x30, 0x28, 0x28, 0xff,
    0x28, 0x28, 0x28, 0xff, 0x28, 0x28, 0x20, 0xff, 0x28, 0x28, 0x28, 0xff,
    0x28, 0x28, 0x28, 0xff, 0x28, 0x28, 0x28, 0xff, 0x30, 0x28, 0x28, 0xff,
    0x28, 0x28, 0x28, 0xff, 0x28, 0x28, 0x28, 0xff, 0x28, 0x28, 0x28, 0xff,
    0x28, 0x28, 0x28, 0xff, 0x28, 0x28, 0x28, 0xff, 0x28, 0x28, 0x20, 0xff,
    0x28, 0x24, 0x28, 0xff, 0x28, 0x28, 0x28, 0xff, 0x30, 0x28, 0x20, 0xff,
    0x28, 0x28, 0x28, 0xff, 0x28, 0x24, 0x28, 0xff, 0x28, 0x28, 0x28, 0xff,
    0x28, 0x28, 0x28, 0xff, 0x30, 0x24, 0x20, 0xff, 0x28, 0x28, 0x28, 0xff,
    0x28, 0x28, 0x28, 0xff, 0x28, 0x24, 0x20, 0xff, 0x28, 0x28, 0x28, 0xff,
    0x28, 0x24, 0x28, 0xff, 0x28, 0x28, 0x28, 0xff, 0x28, 0x24, 0x28, 0xff,
    0x28, 0x24, 0x20, 0xff, 0x28, 0x28, 0x28, 0xff, 0x28, 0x24, 0x28, 0xff,
    0x28, 0x28, 0x20, 0xff, 0x28, 0x28, 0x28, 0xff, 0x28, 0x24, 0x20, 0xff,
    0x28, 0x24, 0x28, 0xff, 0x28, 0x24, 0x20, 0xff, 0x28, 0x28, 0x28, 0xff,
    0x28, 0x24, 0x20, 0xff, 0x28, 0x24, 0x28, 0xff, 0x28, 0x24, 0x28, 0xff,
    0x28, 0x24, 0x20, 0xff, 0x20, 0x24, 0x20, 0xff, 0x28, 0x24, 0x28, 0xff,
    0x28, 0x24, 0x20, 0xff, 0x28, 0x24, 0x28, 0xff, 0x28, 0x28, 0x28, 0xff,
    0x28, 0x24, 0x20, 0xff, 0x28, 0x24, 0x28, 0xff, 0x28, 0x24, 0x20, 0xff,
    0x28, 0x24, 0x28, 0xff, 0x28, 0x24, 0x20, 0xff, 0x20, 0x24, 0x20, 0xff,
    0x28, 0x24, 0x28, 0xff, 0x20, 0x24, 0x20, 0xff, 0x28, 0x24, 0x28, 0xff,
    0x28, 0x24, 0x20, 0xff, 0x28, 0x24, 0x20, 0xff, 0x20, 0x24, 0x28, 0xff,
    0x28, 0x24, 0x20, 0xff, 0x28, 0x24, 0x28, 0xff, 0x20, 0x24, 0x20, 0xff,
    0x28, 0x24, 0x28, 0xff, 0x28, 0x24, 0x20, 0xff, 0x28, 0x24, 0x20, 0xff,
    0x28, 0x24, 0x20, 0xff, 0x20, 0x24, 0x20, 0xff, 0x28, 0x24, 0x20, 0xff,
    0x28, 0x24, 0x20, 0xff, 0x20, 0x24, 0x28, 0xff, 0x28, 0x20, 0x20, 0xff,
    0x28, 0x24, 0x20, 0xff, 0x20, 0x24, 0x20, 0xff, 0x28, 0x20, 0x28, 0xff,
    0x20, 0x24, 0x20, 0xff, 0x28, 0x24, 0x20, 0xff, 0x28, 0x20, 0x20, 0xff,
    0x20, 0x24, 0x28, 0xff, 0x20, 0x20, 0x20, 0xff, 0x28, 0x20, 0x20, 0xff,
    0x28, 0x24, 0x20, 0xff, 0x20, 0x24, 0x28, 0xff, 0x28, 0x20, 0x20, 0xff,
    0x20, 0x24, 0x20, 0xff, 0x20, 0x20, 0x20, 0xff, 0x20, 0x20, 0x28, 0xff,
    0x28, 0x24, 0x20, 0xff, 0x28, 0x20, 0x20, 0xff, 0x20, 0x24, 0x20, 0xff,
    0x28, 0x20, 0x20, 0xff, 0x20, 0x20, 0x20, 0xff, 0x20, 0x24, 0x28, 0xff,
    0x28, 0x20, 0x20, 0xff, 0x20, 0x20, 0x20, 0xff, 0x28, 0x20, 0x20, 0xff,
    0x20, 0x24, 0x20, 0xff, 0x20, 0x20, 0x20, 0xff, 0x28, 0x20, 0x20, 0xff,
    0x20, 0x20, 0x20, 0xff, 0x20, 0x24, 0x20, 0xff, 0x28, 0x20, 0x20, 0xff,
    0x20, 0x20, 0x20, 0xff, 0x20, 0x24, 0x20, 0xff, 0x28, 0x20, 0x20, 0xff,
    0x20, 0x24, 0x20, 0xff, 0x20, 0x20, 0x20, 0xff, 0x28, 0x20, 0x20, 0xff,
    0x20, 0x20, 0x20, 0xff, 0x20, 0x20, 0x18, 0xff, 0x28, 0x20, 0x20, 0xff,
    0x20, 0x20, 0x20, 0xff, 0x20, 0x20, 0x18, 0xff, 0x20, 0x20, 0x20, 0xff,
    0x20, 0x20, 0x20, 0xff, 0x20, 0x20, 0x20, 0xff, 0x20, 0x20, 0x20, 0xff,
    0x20, 0x20, 0x20, 0xff, 0x20, 0x20, 0x20, 0xff, 0x20, 0x20, 0x20, 0xff,
    0x28, 0x20, 0x20, 0xff, 0x20, 0x20, 0x20, 0xff, 0x20, 0x20, 0x18, 0xff,
    0x28, 0x1c, 0x20, 0xff, 0x20, 0x20, 0x20, 0xff, 0x20, 0x1c, 0x18, 0xff,
    0x20, 0x20, 0x20, 0xff, 0x20, 0x20, 0x20, 0xff, 0x20, 0x20, 0x18, 0xff,
    0x20, 0x1c, 0x20, 0xff, 0x20, 0x20, 0x20, 0xff, 0x20, 0x20, 0x20, 0xff,
    0x20, 0x1c, 0x18, 0xff, 0x20, 0x20, 0x20, 0xff, 0x20, 0x1c, 0x18, 0xff,
    0x20, 0x20, 0x20, 0xff, 0x20, 0x20, 0x20, 0xff, 0x20, 0x1c, 0x18, 0xff,
    0x20, 0x20, 0x20, 0xff, 0x20, 0x1c, 0x20, 0xff, 0x20, 0x1c, 0x18, 0xff,
    0x20, 0x20, 0x20, 0xff, 0x20, 0x1c, 0x20, 0xff, 0x20, 0x1c, 0x18, 0xff,
    0x20, 0x20, 0x20, 0xff, 0x20, 0x1c, 0x18, 0xff, 0x20, 0x1c, 0x20, 0xff,
    0x20, 0x20, 0x20, 0xff, 0x20, 0x20, 0x18, 0xff, 0x20, 0x1c, 0x20, 0xff,
    0x20, 0x20, 0x18, 0xff, 0x20, 0x1c, 0x20, 0xff, 0x20, 0x1c, 0x20, 0xff,
    0x20, 0x1c, 0x18, 0xff, 0x20, 0x20, 0x18, 0xff, 0x20, 0x1c, 0x20, 0xff,
    0x20, 0x1c, 0x18, 0xff, 0x20, 0x1c, 0x18, 0xff, 0x20, 0x1c, 0x20, 0xff,
    0x20, 0x20, 0x18, 0xff, 0x20, 0x1c, 0x18, 0xff, 0x20, 0x1c, 0x20, 0xff,
    0x20, 0x20, 0x18, 0xff, 0x20, 0x1c, 0x18, 0xff, 0x20, 0x1c, 0x20, 0xff,
    0x20, 0x20, 0x20, 0xff, 0x18, 0x1c, 0x18, 0xff, 0x20, 0x1c, 0x20, 0xff,
    0x20, 0x1c, 0x20, 0xff, 0x20, 0x1c, 0x18, 0xff, 0x20, 0x1c, 0x18, 0xff,
    0x18, 0x1c, 0x20, 0xff, 0x20, 0x1c, 0x18, 0xff, 0x20, 0x1c, 0x20, 0xff,
    0x18, 0x1c, 0x18, 0xff, 0x20, 0x1c, 0x18, 0xff, 0x20, 0x1c, 0x20, 0xff,
    0x20, 0x1c, 0x18, 0xff, 0x20, 0x1c, 0x18, 0xff, 0x20, 0x1c, 0x20, 0xff,
    0x18, 0x1c, 0x18, 0xff, 0x20, 0x1c, 0x18, 0xff, 0x20, 0x1c, 0x20, 0xff,
    0x18, 0x1c, 0x18, 0xff, 0x20, 0x1c, 0x18, 0xff, 0x20, 0x1c, 0x20, 0xff,
    0x18, 0x1c, 0x18, 0xff, 0x20, 0x18, 0x18, 0xff, 0x20, 0x1c, 0x20, 0xff,
    0x20, 0x18, 0x18, 0xff, 0x20, 0x1c, 0x18, 0xff, 0x20, 0x1c, 0x20, 0xff,
    0x20, 0x1c, 0x18, 0xff, 0x18, 0x1c, 0x18, 0xff, 0x20, 0x1c, 0x18, 0xff,
    0x20, 0x1c, 0x18, 0xff, 0x20, 0x1c, 0x20, 0xff, 0x18, 0x18, 0x18, 0xff,
    0x20, 0x1c, 0x18, 0xff, 0x20, 0x1c, 0x18, 0xff, 0x20, 0x18, 0x18, 0xff,
    0x18, 0x1c, 0x20, 0xff, 0x20, 0x18, 0x18, 0xff, 0x20, 0x1c, 0x18, 0xff,
    0x18, 0x18, 0x20, 0xff, 0x20, 0x1c, 0x18, 0xff, 0x20, 0x1c, 0x18, 0xff,
    0x18, 0x18, 0x18, 0xff, 0x20, 0x18, 0x18, 0xff, 0x20, 0x1c, 0x18, 0xff,
    0x18, 0x18, 0x18, 0xff, 0x20, 0x1c, 0x18, 0xff, 0x20, 0x18, 0x18, 0xff,
    0x18, 0x1c, 0x18, 0xff, 0x20, 0x1c, 0x18, 0xff, 0x18, 0x18, 0x18, 0xff,
    0x20, 0x18, 0x18, 0xff, 0x18, 0x1c, 0x18, 0xff, 0x20, 0x18, 0x18, 0xff,
    0x20, 0x18, 0x18, 0xff, 0x18, 0x1c, 0x18, 0xff, 0x20, 0x18, 0x20, 0xff,
    0x20, 0x1c, 0x18, 0xff, 0x18, 0x1c, 0x18, 0xff, 0x20, 0x18, 0x18, 0xff,
    0x20, 0x1c, 0x18, 0xff, 0x18, 0x1c, 0x18, 0xff, 0x20, 0x18, 0x18, 0xff,
    0x18, 0x1c, 0x18, 0xff, 0x20, 0x18, 0x18, 0xff, 0x20, 0x18, 0x18, 0xff,
    0x18, 0x18, 0x18, 0xff, 0x20, 0x1c, 0x18, 0xff, 0x20, 0x18, 0x18, 0xff,
    0x18, 0x18, 0x18, 0xff, 0x20, 0x1c, 0x18, 0xff, 0x18, 0x18, 0x18, 0xff,
    0x18, 0x1c, 0x18, 0xff, 0x20, 0x18, 0x18, 0xff, 0x18, 0x18, 0x18, 0xff,
    0x20, 0x1c, 0x18, 0xff, 0x20, 0x18, 0x18, 0xff, 0x18, 0x18, 0x18, 0xff,
    0x20, 0x18, 0x18, 0xff, 0x18, 0x1c, 0x18, 0xff, 0x18, 0x18, 0x18, 0xff,
    0x20, 0x18, 0x18, 0xff, 0x20, 0x1c, 0x18, 0xff, 0x18, 0x18, 0x18, 0xff,
    0x18, 0x18, 0x18, 0xff, 0x20, 0x18, 0x18, 0xff, 0x18, 0x1c, 0x18, 0xff,
    0x20, 0x18, 0x18, 0xff, 0x20, 0x18, 0x18, 0xff, 0x18, 0x18, 0x18, 0xff,
    0x20, 0x18, 0x18, 0xff, 0x18, 0x1c, 0x18, 0xff, 0x18, 0x18, 0x18, 0xff,
    0x20, 0x18, 0x18, 0xff, 0x18, 0x1c, 0x18, 0xff, 0x20, 0x18, 0x18, 0xff,
    0x20, 0x18, 0x18, 0xff, 0x18, 0x18, 0x18, 0xff, 0x20, 0x1c, 0x18, 0xff,
    0x20, 0x18, 0x18, 0xff, 0x18, 0x18, 0x18, 0xff, 0x18, 0x18, 0x18, 0xff,
    0x20, 0x1c, 0x18, 0xff, 0x20, 0x18, 0x18, 0xff, 0x18, 0x18, 0x18, 0xff,
    0x20, 0x1c, 0x18, 0xff, 0x18, 0x18, 0x18, 0xff, 0x18, 0x18, 0x18, 0xff,
    0x20, 0x18, 0x18, 0xff, 0x20, 0x18, 0x18, 0xff, 0x20, 0x18, 0x18, 0xff,
    0x18, 0x18, 0x18, 0xff, 0x20, 0x18, 0x18, 0xff, 0x18, 0x1c, 0x18, 0xff,
    0x18, 0x18, 0x18, 0xff, 0x20, 0x18, 0x18, 0xff, 0x18, 0x18, 0x18, 0xff,
    0x18, 0x18, 0x18, 0xff, 0x20, 0x1c, 0x18, 0xff, 0x20, 0x18, 0x18, 0xff,
    0x18, 0x18, 0x18, 0xff, 0x20, 0x18, 0x18, 0xff, 0x20, 0x1c, 0x18, 0xff,
    0x18, 0x1c, 0x18, 0xff, 0x18, 0x18, 0x18, 0xff, 0x18, 0x1c, 0x18, 0xff,
    0x20, 0x18, 0x18, 0xff, 0x18, 0x18, 0x18, 0xff, 0x20, 0x18, 0x18, 0xff,
    0x20, 0x18, 0x18, 0xff, 0x18, 0x18, 0x18, 0xff, 0x20, 0x18, 0x18, 0xff,
    0x20, 0x18, 0x18, 0xff, 0x18, 0x1c, 0x18, 0xff, 0x18, 0x18, 0x18, 0xff,
    0x20, 0x18, 0x18, 0xff, 0x18, 0x1c, 0x18, 0xff, 0x20, 0x18, 0x18, 0xff,
    0x18, 0x18, 0x18, 0xff, 0x20, 0x1c, 0x18, 0xff, 0x18, 0x18, 0x18, 0xff,
    0x18, 0x18, 0x18, 0xff, 0x20, 0x18, 0x18, 0xff, 0x18, 0x18, 0x18, 0xff,
    0x20, 0x18, 0x18, 0xff, 0x20, 0x18, 0x18, 0xff, 0x18, 0x1c, 0x18, 0xff,
    0x20, 0x18, 0x18, 0xff, 0x18, 0x18, 0x18, 0xff, 0x18, 0x18, 0x18, 0xff,
    0x20, 0x1c, 0x18, 0xff, 0x18, 0x18, 0x18, 0xff, 0x20, 0x18, 0x18, 0xff,
    0x20, 0x18, 0x18, 0xff, 0x20, 0x1c, 0x18, 0xff, 0x18, 0x18, 0x18, 0xff,
    0x20, 0x18, 0x18, 0xff, 0x20, 0x18, 0x18, 0xff, 0x18, 0x18, 0x18, 0xff,
    0x20, 0x1c, 0x18, 0xff, 0x20, 0x18, 0x18, 0xff, 0x18, 0x18, 0x18, 0xff,
    0x18, 0x18, 0x18, 0xff, 0x20, 0x18, 0x18, 0xff, 0x18, 0x18, 0x18, 0xff,
    0x20, 0x1c, 0x18, 0xff, 0x20, 0x18, 0x18, 0xff, 0x18, 0x18, 0x18, 0xff,
    0x18, 0x1c, 0x18, 0xff, 0x20, 0x18, 0x18, 0xff, 0x18, 0x18, 0x18, 0xff,
    0x20, 0x1c, 0x18, 0xff, 0x20, 0x18, 0x18, 0xff, 0x18, 0x18, 0x18, 0xff,
    0x20, 0x18, 0x18, 0xff, 0x20, 0x1c, 0x18, 0xff, 0x18, 0x18, 0x18, 0xff,
    0x18, 0x18, 0x18, 0xff, 0x20, 0x18, 0x18, 0xff, 0x18, 0x18, 0x18, 0xff,
    0x18, 0x1c, 0x18, 0xff, 0x20, 0x18, 0x18, 0xff, 0x18, 0x18, 0x18, 0xff,
    0x20, 0x18, 0x18, 0xff, 0x18, 0x18, 0x18, 0xff, 0x70, 0x70, 0x70, 0xa2,
    0xf8, 0xfc, 0xf8, 0x00, 0x80, 0x80, 0x80, 0xa2, 0x30, 0x30, 0x30, 0xff,
    0x30, 0x30, 0x30, 0xff, 0x38, 0x30, 0x30, 0xff, 0x30, 0x30, 0x30, 0xff,
    0x30, 0x34, 0x30, 0xff, 0x38, 0x30, 0x30, 0xff, 0x30, 0x30, 0x30, 0xff,
    0x30, 0x30, 0x30, 0xff, 0x30, 0x30, 0x30, 0xff, 0x30, 0x30, 0x30, 0xff,
    0x30, 0x30, 0x30, 0xff, 0x38, 0x30, 0x30, 0xff, 0x30, 0x30, 0x30, 0xff,
    0x30, 0x30, 0x30, 0xff, 0x30, 0x30, 0x30, 0xff, 0x30, 0x30, 0x30, 0xff,
    0x38, 0x30, 0x30, 0xff, 0x30, 0x30, 0x28, 0xff, 0x30, 0x30, 0x30, 0xff,
    0x30, 0x2c, 0x30, 0xff, 0x30, 0x2c, 0x28, 0xff, 0x30, 0x30, 0x30, 0xff,
    0x30, 0x2c, 0x30, 0xff, 0x30, 0x30, 0x28, 0xff, 0x30, 0x30, 0x28, 0xff,
    0x30, 0x2c, 0x30, 0xff, 0x30, 0x30, 0x30, 0xff, 0x30, 0x30, 0x28, 0xff,
    0x30, 0x2c, 0x30, 0xff, 0x30, 0x30, 0x30, 0xff, 0x30, 0x30, 0x30, 0xff,
    0x30, 0x2c, 0x30, 0xff, 0x30, 0x2c, 0x30, 0xff, 0x30, 0x30, 0x30, 0xff,
    0x30, 0x2c, 0x28, 0xff, 0x30, 0x2c, 0x30, 0xff, 0x30, 0x30, 0x30, 0xff,
    0x30, 0x2c, 0x28, 0xff, 0x30, 0x30, 0x30, 0xff, 0x30, 0x30, 0x30, 0xff,
    0x28, 0x2c, 0x28, 0xff, 0x30, 0x2c, 0x30, 0xff, 0x30, 0x30, 0x28, 0xff,
    0x28, 0x2c, 0x28, 0xff, 0x30, 0x2c, 0x30, 0xff, 0x30, 0x30, 0x28, 0xff,
    0x28, 0x2c, 0x30, 0xff, 0x30, 0x2c, 0x28, 0xff, 0x30, 0x30, 0x30, 0xff,
    0x30, 0x2c, 0x28, 0xff, 0x28, 0x2c, 0x30, 0xff, 0x30, 0x2c, 0x28, 0xff,
    0x30, 0x2c, 0x30, 0xff, 0x30, 0x2c, 0x28, 0xff, 0x30, 0x2c, 0x28, 0xff,
    0x30, 0x2c, 0x30, 0xff, 0x28, 0x2c, 0x28, 0xff, 0x30, 0x2c, 0x28, 0xff,
    0x28, 0x2c, 0x28, 0xff, 0x30, 0x2c, 0x28, 0xff, 0x30, 0x2c, 0x30, 0xff,
    0x28, 0x2c, 0x28, 0xff, 0x30, 0x2c, 0x28, 0xff, 0x30, 0x2c, 0x30, 0xff,
    0x28, 0x28, 0x28, 0xff, 0x30, 0x2c, 0x28, 0xff, 0x28, 0x28, 0x28, 0xff,
    0x30, 0x2c, 0x30, 0xff, 0x28, 0x2c, 0x28, 0xff, 0x28, 0x2c, 0x28, 0xff,
    0x30, 0x2c, 0x28, 0xff, 0x28, 0x2c, 0x28, 0xff, 0x30, 0x2c, 0x28, 0xff,
    0x30, 0x2c, 0x28, 0xff, 0x28, 0x2c, 0x30, 0xff, 0x30, 0x28, 0x28, 0xff,
    0x30, 0x2c, 0x28, 0xff, 0x28, 0x2c, 0x30, 0xff, 0x28, 0x28, 0x28, 0xff,
    0x30, 0x28, 0x28, 0xff, 0x30, 0x2c, 0x30, 0xff, 0x28, 0x28, 0x28, 0xff,
    0x30, 0x2c, 0x28, 0xff, 0x28, 0x28, 0x28, 0xff, 0x28, 0x28, 0x28, 0xff,
    0x30, 0x2c, 0x28, 0xff, 0x28, 0x28, 0x28, 0xff, 0x28, 0x28, 0x28, 0xff,
    0x30, 0x28, 0x28, 0xff, 0x28, 0x28, 0x28, 0xff, 0x28, 0x28, 0x28, 0xff,
    0x30, 0x28, 0x28, 0xff, 0x28, 0x28, 0x28, 0xff, 0x30, 0x28, 0x28, 0xff,
    0x28, 0x2c, 0x28, 0xff, 0x28, 0x28, 0x28, 0xff, 0x30, 0x2c, 0x28, 0xff,
    0x28, 0x28, 0x28, 0xff, 0x28, 0x2c, 0x28, 0xff, 0x30, 0x28, 0x28, 0xff,
    0x28, 0x28, 0x28, 0xff, 0x28, 0x28, 0x28, 0xff, 0x30, 0x28, 0x28, 0xff,
    0x28, 0x28, 0x28, 0xff, 0x28, 0x28, 0x28, 0xff, 0x30, 0x28, 0x28, 0xff,
    0x28, 0x28, 0x28, 0xff, 0x28, 0x28, 0x20, 0xff, 0x30, 0x28, 0x28, 0xff,
    0x28, 0x28, 0x28, 0xff, 0x28, 0x28, 0x28, 0xff, 0x28, 0x28, 0x28, 0xff,
    0x28, 0x28, 0x28, 0xff, 0x28, 0x28, 0x28, 0xff, 0x28, 0x24, 0x20, 0xff,
    0x28, 0x28, 0x28, 0xff, 0x28, 0x28, 0x28, 0xff, 0x28, 0x28, 0x20, 0xff,
    0x28, 0x24, 0x28, 0xff, 0x28, 0x28, 0x28, 0xff, 0x28, 0x28, 0x28, 0xff,
    0x28, 0x28, 0x28, 0xff, 0x28, 0x28, 0x28, 0xff, 0x28, 0x28, 0x20, 0xff,
    0x28, 0x28, 0x28, 0xff, 0x28, 0x24, 0x20, 0xff, 0x28, 0x28, 0x20, 0xff,
    0x28, 0x28, 0x28, 0xff, 0x28, 0x24, 0x28, 0xff, 0x28, 0x28, 0x20, 0xff,
    0x28, 0x24, 0x28, 0xff, 0x28, 0x24, 0x28, 0xff, 0x28, 0x28, 0x20, 0xff,
    0x28, 0x28, 0x28, 0xff, 0x28, 0x24, 0x28, 0xff, 0x28, 0x28, 0x20, 0xff,
    0x28, 0x28, 0x28, 0xff, 0x28, 0x24, 0x20, 0xff, 0x28, 0x24, 0x20, 0xff,
    0x28, 0x28, 0x28, 0xff, 0x28, 0x24, 0x28, 0xff, 0x28, 0x28, 0x20, 0xff,
    0x28, 0x24, 0x28, 0xff, 0x28, 0x24, 0x20, 0xff, 0x28, 0x24, 0x20, 0xff,
    0x28, 0x24, 0x28, 0xff, 0x20, 0x24, 0x20, 0xff, 0x28, 0x28, 0x28, 0xff,
    0x28, 0x24, 0x28, 0xff, 0x28, 0x24, 0x20, 0xff, 0x28, 0x24, 0x20, 0xff,
    0x28, 0x24, 0x28, 0xff, 0x20, 0x24, 0x20, 0xff, 0x28, 0x24, 0x20, 0xff,
    0x28, 0x24, 0x28, 0xff, 0x20, 0x24, 0x20, 0xff, 0x28, 0x24, 0x28, 0xff,
    0x28, 0x24, 0x20, 0xff, 0x20, 0x24, 0x20, 0xff, 0x28, 0x24, 0x28, 0xff,
    0x28, 0x24, 0x20, 0xff, 0x20, 0x24, 0x20, 0xff, 0x28, 0x24, 0x28, 0xff,
    0x28, 0x24, 0x28, 0xff, 0x20, 0x24, 0x20, 0xff, 0x28, 0x20, 0x28, 0xff,
    0x28, 0x24, 0x20, 0xff, 0x20, 0x24, 0x20, 0xff, 0x28, 0x24, 0x20, 0xff,
    0x28, 0x24, 0x28, 0xff, 0x20, 0x20, 0x20, 0xff, 0x28, 0x24, 0x20, 0xff,
    0x28, 0x24, 0x20, 0xff, 0x20, 0x24, 0x28, 0xff, 0x28, 0x24, 0x20, 0xff,
    0x28, 0x24, 0x20, 0xff, 0x20, 0x24, 0x20, 0xff, 0x28, 0x20, 0x20, 0xff,
    0x28, 0x20, 0x20, 0xff, 0x20, 0x24, 0x20, 0xff, 0x20, 0x20, 0x20, 0xff,
    0x28, 0x24, 0x20, 0xff, 0x28, 0x24, 0x20, 0xff, 0x20, 0x20, 0x20, 0xff,
    0x28, 0x24, 0x20, 0xff, 0x20, 0x20, 0x20, 0xff, 0x20, 0x24, 0x20, 0xff,
    0x28, 0x24, 0x20, 0xff, 0x28, 0x20, 0x20, 0xff, 0x20, 0x24, 0x20, 0xff,
    0x28, 0x20, 0x20, 0xff, 0x20, 0x20, 0x20, 0xff, 0x28, 0x20, 0x20, 0xff,
    0x20, 0x20, 0x20, 0xff, 0x28, 0x20, 0x20, 0xff, 0x20, 0x20, 0x20, 0xff,
    0x28, 0x20, 0x20, 0xff, 0x20, 0x20, 0x20, 0xff, 0x20, 0x20, 0x20, 0xff,
    0x28, 0x20, 0x20, 0xff, 0x20, 0x20, 0x20, 0xff, 0x20, 0x20, 0x20, 0xff,
    0x28, 0x20, 0x20, 0xff, 0x20, 0x20, 0x20, 0xff, 0x20, 0x24, 0x20, 0xff,
    0x28, 0x20, 0x20, 0xff, 0x20, 0x20, 0x20, 0xff, 0x28, 0x20, 0x20, 0xff,
    0x20, 0x20, 0x20, 0xff, 0x28, 0x20, 0x20, 0xff, 0x28, 0x20, 0x20, 0xff,
    0x20, 0x20, 0x20, 0xff, 0x28, 0x20, 0x20, 0xff, 0x20, 0x20, 0x20, 0xff,
    0x28, 0x20, 0x20, 0xff, 0x20, 0x20, 0x18, 0xff, 0x20, 0x20, 0x20, 0xff,
    0x28, 0x20, 0x20, 0xff, 0x20, 0x20, 0x20, 0xff, 0x20, 0x20, 0x20, 0xff,
    0x20, 0x20, 0x20, 0xff, 0x20, 0x20, 0x20, 0xff, 0x20, 0x1c, 0x20, 0xff,
    0x28, 0x20, 0x18, 0xff, 0x28, 0x20, 0x20, 0xff, 0x20, 0x1c, 0x20, 0xff,
    0x20, 0x20, 0x20, 0xff, 0x20, 0x20, 0x18, 0xff, 0x20, 0x20, 0x20, 0xff,
    0x20, 0x1c, 0x20, 0xff, 0x20, 0x20, 0x20, 0xff, 0x20, 0x20, 0x20, 0xff,
    0x20, 0x20, 0x18, 0xff, 0x20, 0x1c, 0x20, 0xff, 0x20, 0x20, 0x20, 0xff,
    0x28, 0x1c, 0x18, 0xff, 0x20, 0x20, 0x20, 0xff, 0x20, 0x20, 0x20, 0xff,
    0x20, 0x1c, 0x18, 0xff, 0x20, 0x20, 0x20, 0xff, 0x20, 0x20, 0x18, 0xff,
    0x20, 0x1c, 0x20, 0xff, 0x28, 0x20, 0x20, 0xff, 0x20, 0x20, 0x18, 0xff,
    0x20, 0x1c, 0x20, 0xff, 0x20, 0x1c, 0x18, 0xff, 0x20, 0x20, 0x20, 0xff,
    0x20, 0x1c, 0x20, 0xff, 0x20, 0x20, 0x18, 0xff, 0x20, 0x20, 0x20, 0xff,
    0x20, 0x1c, 0x20, 0xff, 0x20, 0x1c, 0x18, 0xff, 0x20, 0x1c, 0x18, 0xff,
    0x20, 0x20, 0x20, 0xff, 0x20, 0x1c, 0x20, 0xff, 0x20, 0x1c, 0x18, 0xff,
    0x20, 0x20, 0x20, 0xff, 0x20, 0x1c, 0x18, 0xff, 0x20, 0x1c, 0x20, 0xff,
    0x20, 0x20, 0x20, 0xff, 0x20, 0x1c, 0x18, 0xff, 0x20, 0x1c, 0x18, 0xff,
    0x20, 0x1c, 0x20, 0xff, 0x20, 0x20, 0x18, 0xff, 0x20, 0x1c, 0x20, 0xff,
    0x20, 0x20, 0x18, 0xff, 0x20, 0x1c, 0x20, 0xff, 0x18, 0x1c, 0x20, 0xff,
    0x20, 0x1c, 0x18, 0xff, 0x20, 0x1c, 0x18, 0xff, 0x20, 0x1c, 0x20, 0xff,
    0x20, 0x1c, 0x18, 0xff, 0x20, 0x1c, 0x20, 0xff, 0x20, 0x1c, 0x18, 0xff,
    0x20, 0x1c, 0x20, 0xff, 0x20, 0x1c, 0x18, 0xff, 0x20, 0x1c, 0x18, 0xff,
    0x20, 0x1c, 0x20, 0xff, 0x20, 0x1c, 0x18, 0xff, 0x20, 0x1c, 0x20, 0xff,
    0x20, 0x1c, 0x20, 0xff, 0x18, 0x1c, 0x18, 0xff, 0x20, 0x1c, 0x18, 0xff,
    0x20, 0x1c, 0x20, 0xff, 0x20, 0x1c, 0x18, 0xff, 0x20, 0x1c, 0x18, 0xff,
    0x18, 0x1c, 0x18, 0xff, 0x20, 0x18, 0x18, 0xff, 0x20, 0x1c, 0x20, 0xff,
    0x18, 0x1c, 0x18, 0xff, 0x20, 0x18, 0x18, 0xff, 0x20, 0x18, 0x20, 0xff,
    0x20, 0x1c, 0x18, 0xff, 0x20, 0x1c, 0x18, 0xff, 0x20, 0x18, 0x18, 0xff,
    0x20, 0x1c, 0x18, 0xff, 0x18, 0x1c, 0x20, 0xff, 0x20, 0x1c, 0x18, 0xff,
    0x20, 0x18, 0x18, 0xff, 0x18, 0x1c, 0x18, 0xff, 0x20, 0x1c, 0x18, 0xff,
    0x20, 0x1c, 0x20, 0xff, 0x18, 0x1c, 0x18, 0xff, 0x20, 0x18, 0x18, 0xff,
    0x20, 0x1c, 0x20, 0xff, 0x18, 0x1c, 0x18, 0xff, 0x20, 0x1c, 0x18, 0xff,
    0x18, 0x18, 0x18, 0xff, 0x20, 0x1c, 0x18, 0xff, 0x20, 0x18, 0x18, 0xff,
    0x18, 0x18, 0x18, 0xff, 0x20, 0x1c, 0x18, 0xff, 0x20, 0x18, 0x18, 0xff,
    0x18, 0x1c, 0x20, 0xff, 0x20, 0x1c, 0x18, 0xff, 0x20, 0x18, 0x18, 0xff,
    0x18, 0x1c, 0x18, 0xff, 0x20, 0x1c, 0x18, 0xff, 0x18, 0x18, 0x18, 0xff,
    0x20, 0x18, 0x18, 0xff, 0x20, 0x1c, 0x18, 0xff, 0x18, 0x18, 0x18, 0xff,
    0x20, 0x18, 0x18, 0xff, 0x20, 0x1c, 0x18, 0xff, 0x18, 0x18, 0x18, 0xff,
    0x20, 0x1c, 0x18, 0xff, 0x18, 0x1c, 0x18, 0xff, 0x18, 0x18, 0x18, 0xff,
    0x20, 0x18, 0x18, 0xff, 0x18, 0x18, 0x18, 0xff, 0x18, 0x18, 0x18, 0xff,
    0x20, 0x18, 0x18, 0xff, 0x18, 0x18, 0x18, 0xff, 0x20, 0x18, 0x18, 0xff,
    0x20, 0x1c, 0x18, 0xff, 0x18, 0x18, 0x18, 0xff, 0x18, 0x18, 0x18, 0xff,
    0x20, 0x1c, 0x18, 0xff, 0x18, 0x18, 0x18, 0xff, 0x18, 0x18, 0x18, 0xff,
    0x20, 0x18, 0x18, 0xff, 0x20, 0x1c, 0x18, 0xff, 0x18, 0x18, 0x18, 0xff,
    0x20, 0x18, 0x18, 0xff, 0x18, 0x1c, 0x18, 0xff, 0x20, 0x18, 0x18, 0xff,
    0x18, 0x18, 0x18, 0xff, 0x20, 0x18, 0x18, 0xff, 0x18, 0x1c, 0x18, 0xff,
    0x18, 0x18, 0x18, 0xff, 0x20, 0x18, 0x18, 0xff, 0x18, 0x1c, 0x18, 0xff,
    0x20, 0x18, 0x18, 0xff, 0x20, 0x18, 0x18, 0xff, 0x18, 0x1c, 0x18, 0xff,
    0x20, 0x18, 0x18, 0xff, 0x20, 0x18, 0x18, 0xff, 0x18, 0x18, 0x18, 0xff,
    0x18, 0x1c, 0x18, 0xff, 0x20, 0x18, 0x18, 0xff, 0x18, 0x18, 0x18, 0xff,
    0x18, 0x18, 0x18, 0xff, 0x20, 0x1c, 0x18, 0xff, 0x20, 0x18, 0x18, 0xff,
    0x18, 0x18, 0x18, 0xff, 0x18, 0x1c, 0x18, 0xff, 0x20, 0x18, 0x18, 0xff,
    0x18, 0x18, 0x18, 0xff, 0x20, 0x1c, 0x18, 0xff, 0x20, 0x18, 0x18, 0xff,
    0x18, 0x1c, 0x18, 0xff, 0x18, 0x1c, 0x18, 0xff, 0x20, 0x18, 0x18, 0xff,
    0x18, 0x18, 0x18, 0xff, 0x20, 0x18, 0x18, 0xff, 0x20, 0x1c, 0x18, 0xff,
    0x18, 0x18, 0x18, 0xff, 0x20, 0x18, 0x18, 0xff, 0x20, 0x1c, 0x18, 0xff,
    0x18, 0x18, 0x18, 0xff, 0x18, 0x18, 0x18, 0xff, 0x20, 0x18, 0x18, 0xff,
    0x18, 0x1c, 0x18, 0xff, 0x18, 0x18, 0x18, 0xff, 0x20, 0x18, 0x18, 0xff,
    0x20, 0x18, 0x18, 0xff, 0x18, 0x18, 0x18, 0xff, 0x20, 0x18, 0x18, 0xff,
    0x20, 0x18, 0x18, 0xff, 0x18, 0x1c, 0x18, 0xff, 0x18, 0x1c, 0x18, 0xff,
    0x20, 0x18, 0x18, 0xff, 0x20, 0x18, 0x18, 0xff, 0x18, 0x1c, 0x18, 0xff,
    0x18, 0x18, 0x18, 0xff, 0x20, 0x18, 0x18, 0xff, 0x20, 0x18, 0x18, 0xff,
    0x18, 0x18, 0x18, 0xff, 0x20, 0x18, 0x18, 0xff, 0x18, 0x1c, 0x18, 0xff,
    0x18, 0x18, 0x18, 0xff, 0x20, 0x18, 0x18, 0xff, 0x18, 0x18, 0x18, 0xff,
    0x20, 0x18, 0x18, 0xff, 0x20, 0x18, 0x18, 0xff, 0x18, 0x18, 0x18, 0xff,
    0x18, 0x18, 0x18, 0xff, 0x20, 0x18, 0x18, 0xff, 0x18, 0x18, 0x18, 0xff,
    0x20, 0x1c, 0x18, 0xff, 0x20, 0x18, 0x18, 0xff, 0x18, 0x18, 0x18, 0xff,
    0x20, 0x1c, 0x18, 0xff, 0x18, 0x18, 0x18, 0xff, 0x18, 0x18, 0x18, 0xff,
    0x18, 0x1c, 0x18, 0xff, 0x20, 0x18, 0x18, 0xff, 0x18, 0x18, 0x18, 0xff,
    0x18, 0x1c, 0x18, 0xff, 0x20, 0x18, 0x18, 0xff, 0x18, 0x18, 0x18, 0xff,
    0x18, 0x1c, 0x18, 0xff, 0x20, 0x18, 0x18, 0xff, 0x18, 0x18, 0x18, 0xff,
    0x20, 0x1c, 0x18, 0xff, 0x20, 0x18, 0x18, 0xff, 0x18, 0x18, 0x18, 0xff,
    0x18, 0x1c, 0x18, 0xff, 0x20, 0x18, 0x18, 0xff, 0x18, 0x18, 0x18, 0xff,
    0x20, 0x18, 0x18, 0xff, 0x20, 0x1c, 0x18, 0xff, 0x18, 0x18, 0x18, 0xff,
    0x18, 0x18, 0x18, 0xff, 0x20, 0x18, 0x18, 0xff, 0x18, 0x1c, 0x18, 0xff,
    0x18, 0x18, 0x18, 0xff, 0x20, 0x18, 0x18, 0xff, 0x18, 0x18, 0x18, 0xff,
    0x20, 0x1c, 0x18, 0xff, 0x20, 0x18, 0x18, 0xff, 0x18, 0x18, 0x18, 0xff,
    0x20, 0x1c, 0x18, 0xff, 0x18, 0x18, 0x18, 0xff, 0x20, 0x18, 0x18, 0xff,
    0x20, 0x1c, 0x18, 0xff, 0x18, 0x18, 0x18, 0xff, 0x20, 0x18, 0x18, 0xff,
    0x70, 0x70, 0x70, 0x9e, 0xf8, 0xfc, 0xf8, 0x00, 0x88, 0x8c, 0x88, 0x8a,
    0x30, 0x30, 0x30, 0xff, 0x30, 0x30, 0x30, 0xff, 0x38, 0x30, 0x30, 0xff,
    0x30, 0x34, 0x30, 0xff, 0x30, 0x30, 0x30, 0xff, 0x30, 0x30, 0x30, 0xff,
    0x30, 0x30, 0x30, 0xff, 0x30, 0x30, 0x28, 0xff, 0x30, 0x30, 0x30, 0xff,
    0x30, 0x30, 0x30, 0xff, 0x30, 0x30, 0x30, 0xff, 0x30, 0x30, 0x30, 0xff,
    0x30, 0x30, 0x30, 0xff, 0x30, 0x30, 0x30, 0xff, 0x38, 0x30, 0x30, 0xff,
    0x30, 0x30, 0x30, 0xff, 0x30, 0x30, 0x30, 0xff, 0x30, 0x30, 0x28, 0xff,
    0x30, 0x30, 0x30, 0xff, 0x30, 0x30, 0x30, 0xff, 0x30, 0x30, 0x30, 0xff,
    0x30, 0x30, 0x30, 0xff, 0x30, 0x30, 0x30, 0xff, 0x30, 0x30, 0x30, 0xff,
    0x30, 0x30, 0x30, 0xff, 0x30, 0x2c, 0x30, 0xff, 0x30, 0x30, 0x28, 0xff,
    0x30, 0x30, 0x30, 0xff, 0x30, 0x2c, 0x28, 0xff, 0x30, 0x2c, 0x28, 0xff,
    0x30, 0x30, 0x28, 0xff, 0x30, 0x30, 0x30, 0xff, 0x30, 0x2c, 0x28, 0xff,
    0x28, 0x30, 0x30, 0xff, 0x30, 0x30, 0x30, 0xff, 0x30, 0x2c, 0x28, 0xff,
    0x28, 0x2c, 0x30, 0xff, 0x30, 0x30, 0x28, 0xff, 0x30, 0x2c, 0x30, 0xff,
    0x30, 0x30, 0x28, 0xff, 0x30, 0x2c, 0x28, 0xff, 0x30, 0x2c, 0x30, 0xff,
    0x30, 0x2c, 0x30, 0xff, 0x30, 0x2c, 0x28, 0xff, 0x30, 0x2c, 0x30, 0xff,
    0x30, 0x30, 0x28, 0xff, 0x30, 0x2c, 0x30, 0xff, 0x30, 0x2c, 0x30, 0xff,
    0x30, 0x2c, 0x28, 0xff, 0x30, 0x30, 0x28, 0xff, 0x28, 0x2c, 0x30, 0xff,
    0x30, 0x2c, 0x28, 0xff, 0x30, 0x2c, 0x28, 0xff, 0x28, 0x2c, 0x30, 0xff,
    0x30, 0x2c, 0x28, 0xff, 0x30, 0x2c, 0x30, 0xff, 0x28, 0x2c, 0x30, 0xff,
    0x30, 0x2c, 0x28, 0xff, 0x30, 0x2c, 0x30, 0xff, 0x28, 0x2c, 0x28, 0xff,
    0x30, 0x2c, 0x28, 0xff, 0x30, 0x2c, 0x30, 0xff, 0x28, 0x2c, 0x28, 0xff,
    0x30, 0x2c, 0x28, 0xff, 0x30, 0x2c, 0x30, 0xff, 0x30, 0x28, 0x28, 0xff,
    0x30, 0x2c, 0x28, 0xff, 0x30, 0x2c, 0x28, 0xff, 0x30, 0x28, 0x30, 0xff,
    0x28, 0x2c, 0x28, 0xff, 0x28, 0x28, 0x30, 0xff, 0x30, 0x2c, 0x28, 0xff,
    0x28, 0x2c, 0x28, 0xff, 0x30, 0x28, 0x30, 0xff, 0x28, 0x2c, 0x28, 0xff,
    0x30, 0x28, 0x28, 0xff, 0x30, 0x2c, 0x28, 0xff, 0x28, 0x28, 0x28, 0xff,
    0x30, 0x2c, 0x28, 0xff, 0x28, 0x2c, 0x28, 0xff, 0x28, 0x28, 0x28, 0xff,
    0x30, 0x2c, 0x28, 0xff, 0x28, 0x2c, 0x28, 0xff, 0x28, 0x28, 0x28, 0xff,
    0x30, 0x2c, 0x28, 0xff, 0x30, 0x28, 0x30, 0xff, 0x28, 0x2c, 0x28, 0xff,
    0x28, 0x28, 0x28, 0xff, 0x30, 0x28, 0x28, 0xff, 0x30, 0x2c, 0x28, 0xff,
    0x28, 0x28, 0x28, 0xff, 0x28, 0x28, 0x28, 0xff, 0x30, 0x28, 0x28, 0xff,
    0x28, 0x2c, 0x28, 0xff, 0x30, 0x28, 0x28, 0xff, 0x28, 0x28, 0x28, 0xff,
    0x28, 0x28, 0x28, 0xff, 0x30, 0x2c, 0x28, 0xff, 0x28, 0x28, 0x28, 0xff,
    0x28, 0x28, 0x28, 0xff, 0x28, 0x28, 0x28, 0xff, 0x28, 0x28, 0x28, 0xff,
    0x30, 0x28, 0x28, 0xff, 0x28, 0x28, 0x28, 0xff, 0x28, 0x28, 0x20, 0xff,
    0x30, 0x28, 0x28, 0xff, 0x28, 0x28, 0x28, 0xff, 0x28, 0x28, 0x28, 0xff,
    0x28, 0x28, 0x28, 0xff, 0x28, 0x28, 0x28, 0xff, 0x28, 0x28, 0x20, 0xff,
    0x30, 0x28, 0x28, 0xff, 0x28, 0x28, 0x28, 0xff, 0x28, 0x28, 0x20, 0xff,
    0x30, 0x28, 0x28, 0xff, 0x28, 0x24, 0x28, 0xff, 0x28, 0x28, 0x28, 0xff,
    0x28, 0x28, 0x20, 0xff, 0x30, 0x28, 0x28, 0xff, 0x28, 0x24, 0x28, 0xff,
    0x28, 0x28, 0x20, 0xff, 0x28, 0x24, 0x28, 0xff, 0x30, 0x28, 0x28, 0xff,
    0x28, 0x28, 0x28, 0xff, 0x28, 0x28, 0x28, 0xff, 0x28, 0x24, 0x28, 0xff,
    0x28, 0x24, 0x20, 0xff, 0x28, 0x28, 0x28, 0xff, 0x28, 0x28, 0x28, 0xff,
    0x28, 0x24, 0x20, 0xff, 0x28, 0x28, 0x28, 0xff, 0x28, 0x24, 0x28, 0xff,
    0x28, 0x24, 0x20, 0xff, 0x28, 0x28, 0x28, 0xff, 0x28, 0x28, 0x28, 0xff,
    0x28, 0x24, 0x28, 0xff, 0x28, 0x28, 0x28, 0xff, 0x28, 0x24, 0x20, 0xff,
    0x28, 0x24, 0x20, 0xff, 0x20, 0x24, 0x28, 0xff, 0x28, 0x28, 0x20, 0xff,
    0x28, 0x24, 0x28, 0xff, 0x28, 0x24, 0x28, 0xff, 0x20, 0x28, 0x20, 0xff,
    0x28, 0x28, 0x28, 0xff, 0x28, 0x24, 0x20, 0xff, 0x28, 0x24, 0x20, 0xff,
    0x28, 0x28, 0x28, 0xff, 0x28, 0x24, 0x20, 0xff, 0x20, 0x24, 0x28, 0xff,
    0x28, 0x24, 0x20, 0xff, 0x28, 0x24, 0x28, 0xff, 0x28, 0x24, 0x20, 0xff,
    0x28, 0x24, 0x20, 0xff, 0x28, 0x24, 0x28, 0xff, 0x20, 0x24, 0x20, 0xff,
    0x28, 0x24, 0x20, 0xff, 0x28, 0x24, 0x28, 0xff, 0x28, 0x24, 0x20, 0xff,
    0x28, 0x24, 0x20, 0xff, 0x28, 0x24, 0x28, 0xff, 0x20, 0x24, 0x20, 0xff,
    0x28, 0x24, 0x20, 0xff, 0x28, 0x24, 0x28, 0xff, 0x28, 0x24, 0x20, 0xff,
    0x28, 0x20, 0x20, 0xff, 0x20, 0x24, 0x28, 0xff, 0x28, 0x20, 0x20, 0xff,
    0x20, 0x24, 0x20, 0xff, 0x28, 0x24, 0x20, 0xff, 0x20, 0x24, 0x28, 0xff,
    0x28, 0x20, 0x20, 0xff, 0x28, 0x24, 0x20, 0xff, 0x20, 0x20, 0x20, 0xff,
    0x28, 0x24, 0x28, 0xff, 0x28, 0x24, 0x20, 0xff, 0x20, 0x24, 0x20, 0xff,
    0x28, 0x20, 0x20, 0xff, 0x28, 0x24, 0x20, 0xff, 0x28, 0x20, 0x20, 0xff,
    0x20, 0x20, 0x20, 0xff, 0x28, 0x24, 0x20, 0xff, 0x20, 0x20, 0x28, 0xff,
    0x28, 0x24, 0x20, 0xff, 0x28, 0x20, 0x20, 0xff, 0x20, 0x20, 0x20, 0xff,
    0x20, 0x24, 0x28, 0xff, 0x28, 0x20, 0x20, 0xff, 0x20, 0x24, 0x20, 0xff,
    0x28, 0x24, 0x20, 0xff, 0x28, 0x24, 0x20, 0xff, 0x20, 0x20, 0x20, 0xff,
    0x20, 0x24, 0x20, 0xff, 0x28, 0x20, 0x20, 0xff, 0x28, 0x20, 0x20, 0xff,
    0x20, 0x24, 0x20, 0xff, 0x20, 0x24, 0x20, 0xff, 0x28, 0x20, 0x20, 0xff,
    0x20, 0x24, 0x20, 0xff, 0x28, 0x20, 0x20, 0xff, 0x20, 0x24, 0x20, 0xff,
    0x28, 0x20, 0x20, 0xff, 0x20, 0x20, 0x20, 0xff, 0x28, 0x20, 0x20, 0xff,
    0x20, 0x20, 0x20, 0xff, 0x20, 0x20, 0x20, 0xff, 0x28, 0x20, 0x20, 0xff,
    0x20, 0x20, 0x20, 0xff, 0x20, 0x20, 0x20, 0xff, 0x20, 0x20, 0x20, 0xff,
    0x20, 0x20, 0x20, 0xff, 0x20, 0x20, 0x20, 0xff, 0x20, 0x20, 0x18, 0xff,
    0x28, 0x20, 0x20, 0xff, 0x20, 0x20, 0x20, 0xff, 0x20, 0x20, 0x20, 0xff,
    0x28, 0x20, 0x20, 0xff, 0x20, 0x20, 0x18, 0xff, 0x20, 0x20, 0x20, 0xff,
    0x20, 0x20, 0x20, 0xff, 0x28, 0x20, 0x18, 0xff, 0x20, 0x20, 0x20, 0xff,
    0x20, 0x20, 0x20, 0xff, 0x20, 0x20, 0x20, 0xff, 0x20, 0x20, 0x20, 0xff,
    0x28, 0x1c, 0x20, 0xff, 0x28, 0x20, 0x20, 0xff, 0x20, 0x20, 0x20, 0xff,
    0x20, 0x20, 0x18, 0xff, 0x28, 0x20, 0x20, 0xff, 0x20, 0x20, 0x20, 0xff,
    0x20, 0x20, 0x20, 0xff, 0x28, 0x20, 0x20, 0xff, 0x20, 0x20, 0x20, 0xff,
    0x20, 0x20, 0x20, 0xff, 0x20, 0x1c, 0x18, 0xff, 0x20, 0x1c, 0x20, 0xff,
    0x20, 0x20, 0x18, 0xff, 0x28, 0x1c, 0x20, 0xff, 0x20, 0x20, 0x20, 0xff,
    0x20, 0x1c, 0x18, 0xff, 0x20, 0x20, 0x20, 0xff, 0x20, 0x1c, 0x20, 0xff,
    0x20, 0x20, 0x18, 0xff, 0x20, 0x20, 0x20, 0xff, 0x20, 0x1c, 0x20, 0xff,
    0x20, 0x20, 0x18, 0xff, 0x20, 0x1c, 0x20, 0xff, 0x20, 0x1c, 0x20, 0xff,
    0x20, 0x20, 0x18, 0xff, 0x20, 0x20, 0x20, 0xff, 0x20, 0x1c, 0x18, 0xff,
    0x20, 0x1c, 0x20, 0xff, 0x20, 0x1c, 0x20, 0xff, 0x20, 0x20, 0x18, 0xff,
    0x20, 0x1c, 0x20, 0xff, 0x20, 0x1c, 0x18, 0xff, 0x20, 0x1c, 0x20, 0xff,
    0x20, 0x1c, 0x18, 0xff, 0x20, 0x1c, 0x20, 0xff, 0x20, 0x1c, 0x20, 0xff,
    0x20, 0x1c, 0x18, 0xff, 0x20, 0x20, 0x20, 0xff, 0x20, 0x1c, 0x18, 0xff,
    0x20, 0x1c, 0x18, 0xff, 0x20, 0x1c, 0x20, 0xff, 0x20, 0x20, 0x18, 0xff,
    0x20, 0x1c, 0x20, 0xff, 0x20, 0x1c, 0x18, 0xff, 0x20, 0x1c, 0x18, 0xff,
    0x20, 0x1c, 0x20, 0xff, 0x20, 0x1c, 0x18, 0xff, 0x20, 0x1c, 0x18, 0xff,
    0x20, 0x1c, 0x20, 0xff, 0x18, 0x1c, 0x18, 0xff, 0x20, 0x1c, 0x18, 0xff,
    0x20, 0x1c, 0x20, 0xff, 0x18, 0x1c, 0x18, 0xff, 0x20, 0x1c, 0x18, 0xff,
    0x20, 0x1c, 0x18, 0xff, 0x20, 0x1c, 0x18, 0xff, 0x20, 0x1c, 0x20, 0xff,
    0x20, 0x1c, 0x18, 0xff, 0x18, 0x1c, 0x18, 0xff, 0x20, 0x1c, 0x20, 0xff,
    0x20, 0x1c, 0x18, 0xff, 0x18, 0x1c, 0x18, 0xff, 0x20, 0x1c, 0x20, 0xff,
    0x20, 0x1c, 0x18, 0xff, 0x18, 0x1c, 0x18, 0xff, 0x20, 0x1c, 0x18, 0xff,
    0x20, 0x1c, 0x20, 0xff, 0x18, 0x1c, 0x18, 0xff, 0x18, 0x18, 0x18, 0xff,
    0x20, 0x1c, 0x20, 0xff, 0x20, 0x1c, 0x18, 0xff, 0x20, 0x1c, 0x18, 0xff,
    0x20, 0x18, 0x20, 0xff, 0x20, 0x1c, 0x18, 0xff, 0x20, 0x1c, 0x18, 0xff,
    0x20, 0x1c, 0x20, 0xff, 0x20, 0x18, 0x18, 0xff, 0x18, 0x1c, 0x18, 0xff,
    0x20, 0x1c, 0x18, 0xff, 0x18, 0x1c, 0x20, 0xff, 0x20, 0x18, 0x18, 0xff,
    0x20, 0x18, 0x18, 0xff, 0x18, 0x1c, 0x20, 0xff, 0x20, 0x1c, 0x18, 0xff,
    0x18, 0x18, 0x18, 0xff, 0x18, 0x1c, 0x20, 0xff, 0x20, 0x18, 0x18, 0xff,
    0x20, 0x18, 0x18, 0xff, 0x18, 0x1c, 0x18, 0xff, 0x20, 0x18, 0x18, 0xff,
    0x20, 0x18, 0x18, 0xff, 0x18, 0x1c, 0x20, 0xff, 0x20, 0x1c, 0x18, 0xff,
    0x20, 0x18, 0x18, 0xff, 0x18, 0x1c, 0x18, 0xff, 0x20, 0x1c, 0x18, 0xff,
    0x18, 0x18, 0x20, 0xff, 0x20, 0x1c, 0x18, 0xff, 0x18, 0x18, 0x18, 0xff,
    0x20, 0x18, 0x20, 0xff, 0x20, 0x1c, 0x18, 0xff, 0x18, 0x18, 0x18, 0xff,
    0x20, 0x18, 0x18, 0xff, 0x20, 0x1c, 0x18, 0xff, 0x18, 0x18, 0x18, 0xff,
    0x20, 0x1c, 0x18, 0xff, 0x18, 0x18, 0x18, 0xff, 0x18, 0x18, 0x18, 0xff,
    0x20, 0x1c, 0x18, 0xff, 0x20, 0x18, 0x18, 0xff, 0x18, 0x18, 0x18, 0xff,
    0x20, 0x18, 0x18, 0xff, 0x20, 0x18, 0x18, 0xff, 0x18, 0x18, 0x18, 0xff,
    0x20, 0x1c, 0x18, 0xff, 0x18, 0x18, 0x18, 0xff, 0x18, 0x18, 0x18, 0xff,
    0x20, 0x18, 0x18, 0xff, 0x20, 0x18, 0x18, 0xff, 0x18, 0x18, 0x18, 0xff,
    0x18, 0x18, 0x18, 0xff, 0x20, 0x1c, 0x18, 0xff, 0x20, 0x18, 0x18, 0xff,
    0x18, 0x18, 0x18, 0xff, 0x20, 0x18, 0x18, 0xff, 0x18, 0x18, 0x18, 0xff,
    0x18, 0x1c, 0x18, 0xff, 0x20, 0x18, 0x18, 0xff, 0x18, 0x18, 0x18, 0xff,
    0x18, 0x18, 0x18, 0xff, 0x20, 0x18, 0x18, 0xff, 0x18, 0x18, 0x18, 0xff,
    0x20, 0x18, 0x18, 0xff, 0x20, 0x18, 0x18, 0xff, 0x18, 0x1c, 0x18, 0xff,
    0x20, 0x18, 0x18, 0xff, 0x18, 0x18, 0x18, 0xff, 0x18, 0x18, 0x18, 0xff,
    0x20, 0x18, 0x18, 0xff, 0x20, 0x18, 0x18, 0xff, 0x18, 0x18, 0x18, 0xff,
    0x18, 0x18, 0x18, 0xff, 0x20, 0x18, 0x18, 0xff, 0x18, 0x18, 0x18, 0xff,
    0x20, 0x18, 0x18, 0xff, 0x20, 0x18, 0x18, 0xff, 0x18, 0x18, 0x18, 0xff,
    0x18, 0x1c, 0x18, 0xff, 0x20, 0x18, 0x18, 0xff, 0x18, 0x18, 0x18, 0xff,
    0x18, 0x1c, 0x18, 0xff, 0x20, 0x18, 0x18, 0xff, 0x18, 0x18, 0x18, 0xff,
    0x20, 0x18, 0x18, 0xff, 0x20, 0x1c, 0x18, 0xff, 0x18, 0x18, 0x18, 0xff,
    0x20, 0x18, 0x18, 0xff, 0x18, 0x18, 0x18, 0xff, 0x18, 0x1c, 0x18, 0xff,
    0x20, 0x18, 0x18, 0xff, 0x18, 0x18, 0x18, 0xff, 0x18, 0x1c, 0x18, 0xff,
    0x20, 0x18, 0x18, 0xff, 0x20, 0x18, 0x18, 0xff, 0x18, 0x18, 0x18, 0xff,
    0x20, 0x18, 0x18, 0xff, 0x18, 0x18, 0x18, 0xff, 0x18, 0x1c, 0x18, 0xff,
    0x20, 0x18, 0x18, 0xff, 0x18, 0x1c, 0x18, 0xff, 0x18, 0x18, 0x18, 0xff,
    0x20, 0x18, 0x18, 0xff, 0x20, 0x1c, 0x18, 0xff, 0x18, 0x18, 0x18, 0xff,
    0x20, 0x18, 0x18, 0xff, 0x20, 0x1c, 0x18, 0xff, 0x18, 0x18, 0x18, 0xff,
    0x20, 0x18, 0x18, 0xff, 0x18, 0x1c, 0x18, 0xff, 0x20, 0x1c, 0x18, 0xff,
    0x18, 0x18, 0x18, 0xff, 0x20, 0x1c, 0x18, 0xff, 0x18, 0x1c, 0x18, 0xff,
    0x18, 0x18, 0x18, 0xff, 0x20, 0x18, 0x18, 0xff, 0x18, 0x18, 0x18, 0xff,
    0x20, 0x18, 0x18, 0xff, 0x20, 0x1c, 0x18, 0xff, 0x20, 0x18, 0x18, 0xff,
    0x18, 0x18, 0x18, 0xff, 0x20, 0x18, 0x18, 0xff, 0x18, 0x18, 0x18, 0xff,
    0x20, 0x18, 0x18, 0xff, 0x20, 0x18, 0x18, 0xff, 0x18, 0x1c, 0x18, 0xff,
    0x20, 0x18, 0x18, 0xff, 0x20, 0x18, 0x18, 0xff, 0x18, 0x18, 0x18, 0xff,
    0x18, 0x18, 0x18, 0xff, 0x20, 0x1c, 0x18, 0xff, 0x18, 0x18, 0x18, 0xff,
    0x20, 0x18, 0x18, 0xff, 0x20, 0x18, 0x18, 0xff, 0x18, 0x18, 0x18, 0xff,
    0x18, 0x18, 0x18, 0xff, 0x20, 0x1c, 0x18, 0xff, 0x20, 0x18, 0x18, 0xff,
    0x18, 0x18, 0x18, 0xff, 0x20, 0x18, 0x18, 0xff, 0x20, 0x18, 0x18, 0xff,
    0x18, 0x18, 0x18, 0xff, 0x20, 0x1c, 0x18, 0xff, 0x18, 0x18, 0x18, 0xff,
    0x18, 0x18, 0x18, 0xff, 0x20, 0x18, 0x18, 0xff, 0x18, 0x1c, 0x18, 0xff,
    0x20, 0x18, 0x18, 0xff, 0x18, 0x18, 0x18, 0xff, 0x20, 0x18, 0x18, 0xff,
    0x18, 0x18, 0x18, 0xff, 0x18, 0x18, 0x18, 0xff, 0x20, 0x1c, 0x18, 0xff,
    0x18, 0x18, 0x18, 0xff, 0x80, 0x80, 0x80, 0x8a, 0xf8, 0xfc, 0xf8, 0x00,
    0x98, 0x98, 0x98, 0x3c, 0x48, 0x48, 0x48, 0xff, 0x30, 0x34, 0x30, 0xff,
    0x30, 0x30, 0x30, 0xff, 0x30, 0x30, 0x30, 0xff, 0x38, 0x30, 0x30, 0xff,
    0x30, 0x30, 0x30, 0xff, 0x30, 0x30, 0x30, 0xff, 0x38, 0x30, 0x30, 0xff,
    0x30, 0x30, 0x30, 0xff, 0x30, 0x30, 0x30, 0xff, 0x38, 0x30, 0x28, 0xff,
    0x30, 0x30, 0x30, 0xff, 0x30, 0x30, 0x30, 0xff, 0x30, 0x30, 0x28, 0xff,
    0x30, 0x30, 0x30, 0xff, 0x30, 0x30, 0x30, 0xff, 0x30, 0x30, 0x30, 0xff,
    0x30, 0x30, 0x30, 0xff, 0x30, 0x2c, 0x28, 0xff, 0x30, 0x30, 0x30, 0xff,
    0x30, 0x30, 0x28, 0xff, 0x30, 0x2c, 0x30, 0xff, 0x30, 0x30, 0x28, 0xff,
    0x30, 0x30, 0x30, 0xff, 0x30, 0x2c, 0x30, 0xff, 0x30, 0x30, 0x30, 0xff,
    0x30, 0x30, 0x30, 0xff, 0x30, 0x30, 0x30, 0xff, 0x30, 0x2c, 0x30, 0xff,
    0x30, 0x2c, 0x30, 0xff, 0x30, 0x30, 0x30, 0xff, 0x30, 0x2c, 0x28, 0xff,
    0x30, 0x2c, 0x30, 0xff, 0x30, 0x30, 0x28, 0xff, 0x30, 0x30, 0x30, 0xff,
    0x30, 0x2c, 0x30, 0xff, 0x30, 0x30, 0x28, 0xff, 0x30, 0x2c, 0x30, 0xff,
    0x30, 0x2c, 0x30, 0xff, 0x30, 0x30, 0x30, 0xff, 0x30, 0x2c, 0x28, 0xff,
    0x30, 0x2c, 0x30, 0xff, 0x30, 0x30, 0x28, 0xff, 0x28, 0x2c, 0x30, 0xff,
    0x30, 0x2c, 0x28, 0xff, 0x28, 0x2c, 0x30, 0xff, 0x30, 0x2c, 0x28, 0xff,
    0x28, 0x2c, 0x30, 0xff, 0x30, 0x2c, 0x28, 0xff, 0x30, 0x2c, 0x30, 0xff,
    0x30, 0x30, 0x30, 0xff, 0x30, 0x2c, 0x28, 0xff, 0x28, 0x2c, 0x28, 0xff,
    0x30, 0x2c, 0x30, 0xff, 0x30, 0x2c, 0x28, 0xff, 0x28, 0x2c, 0x28, 0xff,
    0x30, 0x2c, 0x28, 0xff, 0x30, 0x2c, 0x30, 0xff, 0x28, 0x2c, 0x28, 0xff,
    0x28, 0x2c, 0x30, 0xff, 0x30, 0x2c, 0x28, 0xff, 0x30, 0x2c, 0x30, 0xff,
    0x28, 0x2c, 0x28, 0xff, 0x28, 0x2c, 0x28, 0xff, 0x30, 0x2c, 0x28, 0xff,
    0x28, 0x2c, 0x30, 0xff, 0x28, 0x2c, 0x28, 0xff, 0x30, 0x2c, 0x28, 0xff,
    0x30, 0x2c, 0x28, 0xff, 0x28, 0x28, 0x28, 0xff, 0x30, 0x2c, 0x28, 0xff,
    0x30, 0x2c, 0x30, 0xff, 0x28, 0x28, 0x28, 0xff, 0x28, 0x2c, 0x28, 0xff,
    0x30, 0x2c, 0x28, 0xff, 0x28, 0x28, 0x28, 0xff, 0x28, 0x28, 0x28, 0xff,
    0x30, 0x2c, 0x28, 0xff, 0x30, 0x28, 0x28, 0xff, 0x28, 0x2c, 0x28, 0xff,
    0x30, 0x28, 0x28, 0xff, 0x30, 0x28, 0x30, 0xff, 0x28, 0x2c, 0x28, 0xff,
    0x28, 0x28, 0x28, 0xff, 0x30, 0x2c, 0x28, 0xff, 0x28, 0x2c, 0x28, 0xff,
    0x28, 0x28, 0x28, 0xff, 0x30, 0x28, 0x28, 0xff, 0x28, 0x2c, 0x28, 0xff,
    0x28, 0x28, 0x28, 0xff, 0x30, 0x28, 0x28, 0xff, 0x28, 0x2c, 0x28, 0xff,
    0x28, 0x28, 0x28, 0xff, 0x30, 0x28, 0x28, 0xff, 0x28, 0x28, 0x28, 0xff,
    0x28, 0x28, 0x28, 0xff, 0x28, 0x28, 0x28, 0xff, 0x28, 0x28, 0x28, 0xff,
    0x30, 0x28, 0x28, 0xff, 0x28, 0x2c, 0x28, 0xff, 0x28, 0x28, 0x28, 0xff,
    0x30, 0x28, 0x28, 0xff, 0x28, 0x28, 0x28, 0xff, 0x28, 0x28, 0x28, 0xff,
    0x28, 0x28, 0x28, 0xff, 0x28, 0x28, 0x28, 0xff, 0x28, 0x28, 0x28, 0xff,
    0x30, 0x28, 0x28, 0xff, 0x28, 0x28, 0x28, 0xff, 0x28, 0x28, 0x28, 0xff,
    0x28, 0x28, 0x28, 0xff, 0x28, 0x28, 0x28, 0xff, 0x28, 0x28, 0x28, 0xff,
    0x28, 0x24, 0x28, 0xff, 0x28, 0x28, 0x28, 0xff, 0x28, 0x28, 0x28, 0xff,
    0x28, 0x24, 0x20, 0xff, 0x28, 0x28, 0x28, 0xff, 0x28, 0x28, 0x28, 0xff,
    0x28, 0x28, 0x20, 0xff, 0x28, 0x28, 0x28, 0xff, 0x28, 0x28, 0x28, 0xff,
    0x28, 0x24, 0x20, 0xff, 0x28, 0x28, 0x28, 0xff, 0x28, 0x28, 0x28, 0xff,
    0x28, 0x24, 0x20, 0xff, 0x28, 0x24, 0x28, 0xff, 0x28, 0x28, 0x28, 0xff,
    0x28, 0x24, 0x20, 0xff, 0x28, 0x24, 0x28, 0xff, 0x28, 0x28, 0x20, 0xff,
    0x28, 0x28, 0x28, 0xff, 0x28, 0x24, 0x20, 0xff, 0x28, 0x24, 0x20, 0xff,
    0x28, 0x28, 0x28, 0xff, 0x28, 0x24, 0x20, 0xff, 0x28, 0x24, 0x28, 0xff,
    0x28, 0x24, 0x28, 0xff, 0x28, 0x24, 0x20, 0xff, 0x28, 0x24, 0x28, 0xff,
    0x28, 0x24, 0x20, 0xff, 0x28, 0x24, 0x20, 0xff, 0x28, 0x24, 0x28, 0xff,
    0x28, 0x24, 0x20, 0xff, 0x28, 0x24, 0x28, 0xff, 0x28, 0x24, 0x28, 0xff,
    0x28, 0x24, 0x20, 0xff, 0x28, 0x24, 0x20, 0xff, 0x28, 0x28, 0x28, 0xff,
    0x28, 0x24, 0x20, 0xff, 0x28, 0x24, 0x20, 0xff, 0x20, 0x24, 0x28, 0xff,
    0x28, 0x24, 0x20, 0xff, 0x28, 0x24, 0x28, 0xff, 0x20, 0x24, 0x20, 0xff,
    0x28, 0x24, 0x20, 0xff, 0x28, 0x24, 0x28, 0xff, 0x28, 0x24, 0x28, 0xff,
    0x20, 0x24, 0x20, 0xff, 0x28, 0x24, 0x20, 0xff, 0x28, 0x24, 0x28, 0xff,
    0x28, 0x24, 0x20, 0xff, 0x20, 0x24, 0x20, 0xff, 0x28, 0x24, 0x28, 0xff,
    0x28, 0x24, 0x20, 0xff, 0x20, 0x24, 0x20, 0xff, 0x28, 0x24, 0x20, 0xff,
    0x28, 0x24, 0x28, 0xff, 0x20, 0x20, 0x20, 0xff, 0x28, 0x24, 0x20, 0xff,
    0x28, 0x24, 0x20, 0xff, 0x20, 0x24, 0x28, 0xff, 0x28, 0x24, 0x20, 0xff,
    0x20, 0x20, 0x20, 0xff, 0x28, 0x24, 0x20, 0xff, 0x20, 0x24, 0x28, 0xff,
    0x28, 0x20, 0x28, 0xff, 0x20, 0x24, 0x20, 0xff, 0x28, 0x24, 0x20, 0xff,
    0x28, 0x20, 0x28, 0xff, 0x20, 0x24, 0x20, 0xff, 0x20, 0x20, 0x20, 0xff,
    0x28, 0x20, 0x20, 0xff, 0x20, 0x24, 0x20, 0xff, 0x28, 0x24, 0x20, 0xff,
    0x28, 0x20, 0x20, 0xff, 0x28, 0x20, 0x20, 0xff, 0x20, 0x24, 0x20, 0xff,
    0x20, 0x20, 0x20, 0xff, 0x28, 0x20, 0x28, 0xff, 0x20, 0x20, 0x20, 0xff,
    0x28, 0x20, 0x20, 0xff, 0x20, 0x20, 0x20, 0xff, 0x28, 0x24, 0x20, 0xff,
    0x20, 0x20, 0x20, 0xff, 0x20, 0x20, 0x20, 0xff, 0x28, 0x20, 0x20, 0xff,
    0x20, 0x20, 0x20, 0xff, 0x20, 0x20, 0x20, 0xff, 0x20, 0x24, 0x20, 0xff,
    0x28, 0x20, 0x20, 0xff, 0x20, 0x20, 0x20, 0xff, 0x20, 0x24, 0x20, 0xff,
    0x28, 0x24, 0x20, 0xff, 0x20, 0x20, 0x20, 0xff, 0x20, 0x20, 0x20, 0xff,
    0x28, 0x20, 0x20, 0xff, 0x20, 0x20, 0x18, 0xff, 0x28, 0x20, 0x20, 0xff,
    0x28, 0x20, 0x20, 0xff, 0x20, 0x20, 0x18, 0xff, 0x20, 0x20, 0x20, 0xff,
    0x20, 0x20, 0x20, 0xff, 0x20, 0x20, 0x20, 0xff, 0x20, 0x20, 0x20, 0xff,
    0x20, 0x20, 0x20, 0xff, 0x20, 0x20, 0x20, 0xff, 0x20, 0x20, 0x20, 0xff,
    0x20, 0x20, 0x20, 0xff, 0x28, 0x20, 0x20, 0xff, 0x20, 0x20, 0x18, 0xff,
    0x20, 0x1c, 0x20, 0xff, 0x28, 0x20, 0x20, 0xff, 0x20, 0x20, 0x18, 0xff,
    0x20, 0x1c, 0x18, 0xff, 0x20, 0x20, 0x20, 0xff, 0x20, 0x20, 0x20, 0xff,
    0x20, 0x1c, 0x18, 0xff, 0x20, 0x1c, 0x20, 0xff, 0x20, 0x20, 0x20, 0xff,
    0x20, 0x1c, 0x18, 0xff, 0x20, 0x1c, 0x18, 0xff, 0x20, 0x20, 0x20, 0xff,
    0x20, 0x20, 0x20, 0xff, 0x20, 0x20, 0x18, 0xff, 0x20, 0x1c, 0x20, 0xff,
    0x20, 0x20, 0x20, 0xff, 0x20, 0x1c, 0x18, 0xff, 0x20, 0x20, 0x20, 0xff,
    0x20, 0x1c, 0x20, 0xff, 0x20, 0x20, 0x18, 0xff, 0x28, 0x1c, 0x20, 0xff,
    0x20, 0x1c, 0x18, 0xff, 0x20, 0x1c, 0x20, 0xff, 0x20, 0x20, 0x20, 0xff,
    0x20, 0x1c, 0x18, 0xff, 0x20, 0x20, 0x20, 0xff, 0x20, 0x20, 0x18, 0xff,
    0x20, 0x1c, 0x20, 0xff, 0x20, 0x20, 0x20, 0xff, 0x20, 0x20, 0x18, 0xff,
    0x20, 0x1c, 0x20, 0xff, 0x20, 0x1c, 0x18, 0xff, 0x20, 0x1c, 0x18, 0xff,
    0x20, 0x1c, 0x20, 0xff, 0x20, 0x20, 0x18, 0xff, 0x20, 0x1c, 0x20, 0xff,
    0x20, 0x1c, 0x18, 0xff, 0x20, 0x20, 0x18, 0xff, 0x20, 0x1c, 0x20, 0xff,
    0x20, 0x1c, 0x18, 0xff, 0x20, 0x20, 0x20, 0xff, 0x20, 0x1c, 0x20, 0xff,
    0x20, 0x1c, 0x18, 0xff, 0x18, 0x1c, 0x20, 0xff, 0x20, 0x1c, 0x18, 0xff,
    0x20, 0x1c, 0x18, 0xff, 0x20, 0x20, 0x20, 0xff, 0x20, 0x1c, 0x18, 0xff,
    0x20, 0x1c, 0x18, 0xff, 0x18, 0x1c, 0x20, 0xff, 0x20, 0x1c, 0x18, 0xff,
    0x20, 0x1c, 0x18, 0xff, 0x20, 0x1c, 0x20, 0xff, 0x20, 0x1c, 0x18, 0xff,
    0x20, 0x1c, 0x20, 0xff, 0x20, 0x1c, 0x18, 0xff, 0x20, 0x1c, 0x20, 0xff,
    0x20, 0x1c, 0x20, 0xff, 0x20, 0x1c, 0x18, 0xff, 0x20, 0x1c, 0x18, 0xff,
    0x18, 0x1c, 0x20, 0xff, 0x20, 0x1c, 0x18, 0xff, 0x20, 0x1c, 0x20, 0xff,
    0x18, 0x1c, 0x20, 0xff, 0x20, 0x1c, 0x18, 0xff, 0x20, 0x18, 0x18, 0xff,
    0x20, 0x1c, 0x18, 0xff, 0x20, 0x18, 0x18, 0xff, 0x20, 0x1c, 0x18, 0xff,
    0x20, 0x1c, 0x20, 0xff, 0x20, 0x18, 0x18, 0xff, 0x20, 0x1c, 0x18, 0xff,
    0x20, 0x1c, 0x18, 0xff, 0x18, 0x1c, 0x20, 0xff, 0x20, 0x1c, 0x18, 0xff,
    0x20, 0x18, 0x18, 0xff, 0x18, 0x1c, 0x18, 0xff, 0x18, 0x1c, 0x20, 0xff,
    0x20, 0x1c, 0x18, 0xff, 0x20, 0x18, 0x18, 0xff, 0x18, 0x1c, 0x18, 0xff,
    0x20, 0x1c, 0x18, 0xff, 0x20, 0x1c, 0x18, 0xff, 0x18, 0x1c, 0x18, 0xff,
    0x20, 0x18, 0x18, 0xff, 0x20, 0x18, 0x18, 0xff, 0x18, 0x1c, 0x18, 0xff,
    0x20, 0x18, 0x18, 0xff, 0x20, 0x1c, 0x18, 0xff, 0x20, 0x1c, 0x18, 0xff,
    0x18, 0x18, 0x18, 0xff, 0x20, 0x1c, 0x18, 0xff, 0x20, 0x1c, 0x18, 0xff,
    0x18, 0x18, 0x18, 0xff, 0x20, 0x1c, 0x18, 0xff, 0x18, 0x18, 0x18, 0xff,
    0x20, 0x18, 0x18, 0xff, 0x20, 0x1c, 0x20, 0xff, 0x18, 0x18, 0x18, 0xff,
    0x20, 0x18, 0x18, 0xff, 0x20, 0x1c, 0x18, 0xff, 0x18, 0x1c, 0x18, 0xff,
    0x20, 0x18, 0x18, 0xff, 0x20, 0x1c, 0x18, 0xff, 0x18, 0x18, 0x18, 0xff,
    0x20, 0x1c, 0x20, 0xff, 0x18, 0x18, 0x18, 0xff, 0x18, 0x18, 0x18, 0xff,
    0x20, 0x18, 0x18, 0xff, 0x20, 0x1c, 0x18, 0xff, 0x18, 0x18, 0x18, 0xff,
    0x20, 0x18, 0x18, 0xff, 0x18, 0x18, 0x18, 0xff, 0x18, 0x18, 0x18, 0xff,
    0x20, 0x1c, 0x18, 0xff, 0x18, 0x18, 0x18, 0xff, 0x18, 0x18, 0x18, 0xff,
    0x20, 0x1c, 0x18, 0xff, 0x20, 0x18, 0x18, 0xff, 0x18, 0x18, 0x18, 0xff,
    0x20, 0x1c, 0x18, 0xff, 0x18, 0x18, 0x18, 0xff, 0x20, 0x1c, 0x18, 0xff,
    0x18, 0x18, 0x18, 0xff, 0x20, 0x18, 0x18, 0xff, 0x18, 0x1c, 0x18, 0xff,
    0x18, 0x18, 0x18, 0xff, 0x20, 0x18, 0x18, 0xff, 0x20, 0x1c, 0x18, 0xff,
    0x20, 0x18, 0x18, 0xff, 0x18, 0x18, 0x18, 0xff, 0x20, 0x18, 0x18, 0xff,
    0x20, 0x1c, 0x18, 0xff, 0x18, 0x18, 0x18, 0xff, 0x20, 0x1c, 0x18, 0xff,
    0x18, 0x1c, 0x18, 0xff, 0x18, 0x18, 0x18, 0xff, 0x20, 0x18, 0x18, 0xff,
    0x18, 0x18, 0x18, 0xff, 0x20, 0x1c, 0x18, 0xff, 0x20, 0x18, 0x18, 0xff,
    0x18, 0x1c, 0x18, 0xff, 0x20, 0x18, 0x18, 0xff, 0x20, 0x1c, 0x18, 0xff,
    0x18, 0x18, 0x18, 0xff, 0x20, 0x1c, 0x18, 0xff, 0x20, 0x1c, 0x18, 0xff,
    0x18, 0x18, 0x18, 0xff, 0x18, 0x18, 0x18, 0xff, 0x20, 0x18, 0x18, 0xff,
    0x20, 0x18, 0x18, 0xff, 0x18, 0x18, 0x18, 0xff, 0x20, 0x1c, 0x18, 0xff,
    0x18, 0x18, 0x18, 0xff, 0x20, 0x18, 0x18, 0xff, 0x18, 0x18, 0x18, 0xff,
    0x18, 0x18, 0x18, 0xff, 0x20, 0x18, 0x18, 0xff, 0x18, 0x18, 0x18, 0xff,
    0x20, 0x1c, 0x18, 0xff, 0x20, 0x18, 0x18, 0xff, 0x18, 0x18, 0x18, 0xff,
    0x20, 0x18, 0x18, 0xff, 0x20, 0x18, 0x18, 0xff, 0x18, 0x1c, 0x18, 0xff,
    0x20, 0x18, 0x18, 0xff, 0x18, 0x18, 0x18, 0xff, 0x18, 0x1c, 0x18, 0xff,
    0x20, 0x18, 0x18, 0xff, 0x20, 0x18, 0x18, 0xff, 0x18, 0x18, 0x18, 0xff,
    0x20, 0x18, 0x18, 0xff, 0x20, 0x18, 0x18, 0xff, 0x18, 0x18, 0x18, 0xff,
    0x20, 0x1c, 0x18, 0xff, 0x18, 0x18, 0x18, 0xff, 0x18, 0x18, 0x18, 0xff,
    0x20, 0x18, 0x18, 0xff, 0x18, 0x18, 0x18, 0xff, 0x20, 0x18, 0x18, 0xff,
    0x18, 0x1c, 0x18, 0xff, 0x18, 0x18, 0x18, 0xff, 0x20, 0x18, 0x18, 0xff,
    0x18, 0x18, 0x18, 0xff, 0x20, 0x18, 0x18, 0xff, 0x20, 0x18, 0x18, 0xff,
    0x18, 0x18, 0x18, 0xff, 0x20, 0x18, 0x18, 0xff, 0x18, 0x1c, 0x18, 0xff,
    0x18, 0x18, 0x18, 0xff, 0x18, 0x18, 0x18, 0xff, 0x20, 0x18, 0x18, 0xff,
    0x18, 0x18, 0x18, 0xff, 0x20, 0x1c, 0x18, 0xff, 0x20, 0x18, 0x18, 0xff,
    0x18, 0x1c, 0x18, 0xff, 0x18, 0x18, 0x18, 0xff, 0x20, 0x18, 0x18, 0xff,
    0x18, 0x18, 0x18, 0xff, 0x18, 0x18, 0x18, 0xff, 0x20, 0x1c, 0x18, 0xff,
    0x20, 0x18, 0x18, 0xff, 0x18, 0x18, 0x18, 0xff, 0x18, 0x18, 0x18, 0xff,
    0x20, 0x1c, 0x18, 0xff, 0x18, 0x18, 0x18, 0xff, 0x20, 0x18, 0x18, 0xff,
    0x18, 0x1c, 0x18, 0xff, 0x20, 0x18, 0x18, 0xff, 0x18, 0x18, 0x18, 0xff,
    0x18, 0x18, 0x18, 0xff, 0x20, 0x1c, 0x18, 0xff, 0x18, 0x1c, 0x18, 0xff,
    0x18, 0x18, 0x18, 0xff, 0x20, 0x18, 0x18, 0xff, 0x20, 0x18, 0x18, 0xff,
    0x18, 0x1c, 0x18, 0xff, 0x20, 0x18, 0x18, 0xff, 0x18, 0x18, 0x18, 0xff,
    0x20, 0x18, 0x18, 0xff, 0x18, 0x18, 0x18, 0xff, 0x20, 0x1c, 0x18, 0xff,
    0x18, 0x18, 0x18, 0xff, 0x20, 0x18, 0x18, 0xff, 0x20, 0x18, 0x18, 0xff,
    0x18, 0x18, 0x18, 0xff, 0x48, 0x44, 0x40, 0xff, 0x88, 0x88, 0x88, 0x20,
    0xf8, 0xfc, 0xf8, 0x00, 0xf8, 0xfc, 0xf8, 0x00, 0x78, 0x74, 0x70, 0xb6,
    0x38, 0x30, 0x30, 0xff, 0x30, 0x30, 0x30, 0xff, 0x30, 0x30, 0x30, 0xff,
    0x38, 0x34, 0x30, 0xff, 0x30, 0x30, 0x30, 0xff, 0x30, 0x30, 0x30, 0xff,
    0x30, 0x30, 0x30, 0xff, 0x30, 0x30, 0x30, 0xff, 0x30, 0x30, 0x30, 0xff,
    0x30, 0x30, 0x30, 0xff, 0x30, 0x30, 0x30, 0xff, 0x30, 0x30, 0x30, 0xff,
    0x30, 0x30, 0x30, 0xff, 0x30, 0x30, 0x30, 0xff, 0x30, 0x30, 0x30, 0xff,
    0x30, 0x30, 0x30, 0xff, 0x30, 0x30, 0x30, 0xff, 0x30, 0x30, 0x30, 0xff,
    0x30, 0x2c, 0x30, 0xff, 0x30, 0x30, 0x30, 0xff, 0x30, 0x30, 0x28, 0xff,
    0x30, 0x2c, 0x30, 0xff, 0x30, 0x30, 0x30, 0xff, 0x30, 0x30, 0x28, 0xff,
    0x30, 0x30, 0x28, 0xff, 0x30, 0x30, 0x30, 0xff, 0x30, 0x30, 0x30, 0xff,
    0x30, 0x2c, 0x28, 0xff, 0x30, 0x30, 0x30, 0xff, 0x30, 0x30, 0x30, 0xff,
    0x30, 0x2c, 0x28, 0xff, 0x30, 0x2c, 0x30, 0xff, 0x30, 0x30, 0x30, 0xff,
    0x30, 0x2c, 0x28, 0xff, 0x30, 0x30, 0x30, 0xff, 0x30, 0x30, 0x30, 0xff,
    0x30, 0x2c, 0x28, 0xff, 0x28, 0x30, 0x30, 0xff, 0x30, 0x30, 0x30, 0xff,
    0x30, 0x2c, 0x28, 0xff, 0x28, 0x2c, 0x28, 0xff, 0x30, 0x2c, 0x30, 0xff,
    0x30, 0x30, 0x28, 0xff, 0x30, 0x2c, 0x30, 0xff, 0x30, 0x2c, 0x28, 0xff,
    0x28, 0x30, 0x28, 0xff, 0x30, 0x30, 0x30, 0xff, 0x30, 0x2c, 0x28, 0xff,
    0x28, 0x2c, 0x28, 0xff, 0x30, 0x2c, 0x30, 0xff, 0x30, 0x2c, 0x28, 0xff,
    0x30, 0x2c, 0x30, 0xff, 0x30, 0x2c, 0x28, 0xff, 0x30, 0x2c, 0x28, 0xff,
    0x28, 0x2c, 0x30, 0xff, 0x30, 0x2c, 0x28, 0xff, 0x30, 0x2c, 0x28, 0xff,
    0x28, 0x2c, 0x30, 0xff, 0x30, 0x2c, 0x28, 0xff, 0x30, 0x2c, 0x28, 0xff,
    0x28, 0x2c, 0x30, 0xff, 0x30, 0x2c, 0x30, 0xff, 0x30, 0x2c, 0x28, 0xff,
    0x30, 0x28, 0x28, 0xff, 0x28, 0x2c, 0x28, 0xff, 0x30, 0x28, 0x30, 0xff,
    0x30, 0x2c, 0x28, 0xff, 0x28, 0x2c, 0x28, 0xff, 0x28, 0x2c, 0x30, 0xff,
    0x30, 0x2c, 0x28, 0xff, 0x28, 0x2c, 0x28, 0xff, 0x30, 0x2c, 0x28, 0xff,
    0x30, 0x2c, 0x30, 0xff, 0x28, 0x2c, 0x28, 0xff, 0x28, 0x28, 0x28, 0xff,
    0x30, 0x2c, 0x30, 0xff, 0x28, 0x2c, 0x28, 0xff, 0x28, 0x28, 0x28, 0xff,
    0x30, 0x28, 0x30, 0xff, 0x28, 0x2c, 0x28, 0xff, 0x30, 0x2c, 0x28, 0xff,
    0x28, 0x28, 0x28, 0xff, 0x28, 0x28, 0x28, 0xff, 0x30, 0x2c, 0x30, 0xff,
    0x28, 0x28, 0x28, 0xff, 0x28, 0x2c, 0x28, 0xff, 0x30, 0x28, 0x28, 0xff,
    0x28, 0x28, 0x28, 0xff, 0x28, 0x28, 0x28, 0xff, 0x30, 0x28, 0x28, 0xff,
    0x28, 0x2c, 0x28, 0xff, 0x28, 0x28, 0x28, 0xff, 0x30, 0x28, 0x28, 0xff,
    0x28, 0x2c, 0x28, 0xff, 0x28, 0x2c, 0x28, 0xff, 0x30, 0x28, 0x28, 0xff,
    0x28, 0x28, 0x28, 0xff, 0x28, 0x2c, 0x28, 0xff, 0x30, 0x28, 0x28, 0xff,
    0x28, 0x28, 0x28, 0xff, 0x28, 0x28, 0x28, 0xff, 0x28, 0x28, 0x20, 0xff,
    0x30, 0x28, 0x28, 0xff, 0x28, 0x28, 0x28, 0xff, 0x28, 0x28, 0x28, 0xff,
    0x30, 0x28, 0x20, 0xff, 0x28, 0x28, 0x28, 0xff, 0x28, 0x28, 0x28, 0xff,
    0x28, 0x28, 0x28, 0xff, 0x28, 0x28, 0x28, 0xff, 0x28, 0x28, 0x28, 0xff,
    0x28, 0x28, 0x20, 0xff, 0x28, 0x28, 0x28, 0xff, 0x28, 0x28, 0x28, 0xff,
    0x28, 0x28, 0x20, 0xff, 0x30, 0x28, 0x28, 0xff, 0x28, 0x24, 0x28, 0xff,
    0x28, 0x28, 0x28, 0xff, 0x28, 0x28, 0x28, 0xff, 0x30, 0x24, 0x28, 0xff,
    0x28, 0x28, 0x28, 0xff, 0x28, 0x28, 0x20, 0xff, 0x28, 0x24, 0x28, 0xff,
    0x28, 0x28, 0x28, 0xff, 0x28, 0x28, 0x20, 0xff, 0x28, 0x24, 0x28, 0xff,
    0x28, 0x28, 0x20, 0xff, 0x28, 0x24, 0x28, 0xff, 0x28, 0x28, 0x28, 0xff,
    0x28, 0x28, 0x20, 0xff, 0x28, 0x24, 0x28, 0xff, 0x28, 0x28, 0x28, 0xff,
    0x28, 0x28, 0x28, 0xff, 0x28, 0x24, 0x20, 0xff, 0x28, 0x28, 0x28, 0xff,
    0x28, 0x28, 0x20, 0xff, 0x28, 0x24, 0x20, 0xff, 0x28, 0x28, 0x28, 0xff,
    0x28, 0x24, 0x28, 0xff, 0x20, 0x28, 0x20, 0xff, 0x28, 0x24, 0x28, 0xff,
    0x28, 0x28, 0x20, 0xff, 0x28, 0x24, 0x20, 0xff, 0x28, 0x24, 0x28, 0xff,
    0x20, 0x28, 0x28, 0xff, 0x28, 0x24, 0x20, 0xff, 0x28, 0x24, 0x28, 0xff,
    0x28, 0x28, 0x28, 0xff, 0x28, 0x24, 0x20, 0xff, 0x28, 0x24, 0x20, 0xff,
    0x20, 0x24, 0x28, 0xff, 0x28, 0x24, 0x20, 0xff, 0x28, 0x24, 0x20, 0xff,
    0x28, 0x24, 0x28, 0xff, 0x28, 0x24, 0x20, 0xff, 0x28, 0x24, 0x20, 0xff,
    0x20, 0x24, 0x20, 0xff, 0x28, 0x24, 0x28, 0xff, 0x28, 0x24, 0x20, 0xff,
    0x20, 0x24, 0x28, 0xff, 0x28, 0x24, 0x20, 0xff, 0x28, 0x24, 0x20, 0xff,
    0x28, 0x24, 0x28, 0xff, 0x20, 0x24, 0x20, 0xff, 0x28, 0x24, 0x20, 0xff,
    0x28, 0x20, 0x20, 0xff, 0x20, 0x24, 0x20, 0xff, 0x28, 0x24, 0x28, 0xff,
    0x28, 0x20, 0x20, 0xff, 0x20, 0x24, 0x20, 0xff, 0x28, 0x24, 0x20, 0xff,
    0x28, 0x24, 0x28, 0xff, 0x20, 0x24, 0x20, 0xff, 0x28, 0x24, 0x20, 0xff,
    0x28, 0x20, 0x20, 0xff, 0x20, 0x24, 0x20, 0xff, 0x28, 0x20, 0x20, 0xff,
    0x20, 0x20, 0x20, 0xff, 0x28, 0x24, 0x20, 0xff, 0x20, 0x24, 0x20, 0xff,
    0x28, 0x20, 0x20, 0xff, 0x28, 0x24, 0x20, 0xff, 0x20, 0x20, 0x20, 0xff,
    0x20, 0x24, 0x28, 0xff, 0x20, 0x24, 0x20, 0xff, 0x28, 0x20, 0x20, 0xff,
    0x28, 0x24, 0x20, 0xff, 0x20, 0x24, 0x20, 0xff, 0x20, 0x20, 0x20, 0xff,
    0x28, 0x24, 0x20, 0xff, 0x20, 0x20, 0x20, 0xff, 0x28, 0x20, 0x20, 0xff,
    0x20, 0x20, 0x20, 0xff, 0x28, 0x20, 0x20, 0xff, 0x20, 0x20, 0x20, 0xff,
    0x28, 0x24, 0x20, 0xff, 0x20, 0x20, 0x20, 0xff, 0x28, 0x20, 0x20, 0xff,
    0x20, 0x20, 0x20, 0xff, 0x20, 0x20, 0x20, 0xff, 0x28, 0x20, 0x20, 0xff,
    0x20, 0x20, 0x20, 0xff, 0x20, 0x20, 0x20, 0xff, 0x28, 0x20, 0x20, 0xff,
    0x20, 0x20, 0x20, 0xff, 0x20, 0x20, 0x20, 0xff, 0x28, 0x20, 0x20, 0xff,
    0x20, 0x20, 0x20, 0xff, 0x20, 0x20, 0x20, 0xff, 0x28, 0x20, 0x20, 0xff,
    0x28, 0x20, 0x20, 0xff, 0x20, 0x20, 0x20, 0xff, 0x20, 0x20, 0x20, 0xff,
    0x28, 0x20, 0x18, 0xff, 0x20, 0x20, 0x20, 0xff, 0x28, 0x20, 0x20, 0xff,
    0x20, 0x20, 0x20, 0xff, 0x20, 0x20, 0x20, 0xff, 0x28, 0x20, 0x20, 0xff,
    0x20, 0x20, 0x20, 0xff, 0x20, 0x20, 0x20, 0xff, 0x28, 0x1c, 0x20, 0xff,
    0x20, 0x20, 0x20, 0xff, 0x20, 0x20, 0x20, 0xff, 0x20, 0x20, 0x18, 0xff,
    0x20, 0x20, 0x20, 0xff, 0x20, 0x20, 0x20, 0xff, 0x20, 0x20, 0x20, 0xff,
    0x20, 0x20, 0x20, 0xff, 0x20, 0x20, 0x20, 0xff, 0x20, 0x20, 0x20, 0xff,
    0x20, 0x1c, 0x20, 0xff, 0x28, 0x20, 0x18, 0xff, 0x20, 0x20, 0x20, 0xff,
    0x20, 0x1c, 0x20, 0xff, 0x28, 0x20, 0x18, 0xff, 0x20, 0x20, 0x20, 0xff,
    0x20, 0x1c, 0x18, 0xff, 0x20, 0x20, 0x20, 0xff, 0x20, 0x1c, 0x20, 0xff,
    0x20, 0x20, 0x18, 0xff, 0x20, 0x20, 0x20, 0xff, 0x20, 0x1c, 0x20, 0xff,
    0x20, 0x20, 0x18, 0xff, 0x20, 0x1c, 0x20, 0xff, 0x20, 0x1c, 0x20, 0xff,
    0x20, 0x20, 0x18, 0xff, 0x20, 0x1c, 0x20, 0xff, 0x20, 0x1c, 0x20, 0xff,
    0x20, 0x20, 0x18, 0xff, 0x20, 0x1c, 0x20, 0xff, 0x20, 0x1c, 0x18, 0xff,
    0x20, 0x20, 0x20, 0xff, 0x20, 0x1c, 0x18, 0xff, 0x20, 0x1c, 0x20, 0xff,
    0x20, 0x20, 0x20, 0xff, 0x20, 0x1c, 0x18, 0xff, 0x20, 0x1c, 0x20, 0xff,
    0x20, 0x20, 0x18, 0xff, 0x20, 0x1c, 0x18, 0xff, 0x20, 0x1c, 0x20, 0xff,
    0x20, 0x1c, 0x18, 0xff, 0x20, 0x20, 0x20, 0xff, 0x20, 0x1c, 0x20, 0xff,
    0x20, 0x1c, 0x18, 0xff, 0x20, 0x20, 0x20, 0xff, 0x18, 0x1c, 0x20, 0xff,
    0x20, 0x1c, 0x18, 0xff, 0x20, 0x1c, 0x20, 0xff, 0x20, 0x1c, 0x18, 0xff,
    0x20, 0x1c, 0x18, 0xff, 0x20, 0x1c, 0x20, 0xff, 0x18, 0x1c, 0x18, 0xff,
    0x20, 0x1c, 0x18, 0xff, 0x20, 0x1c, 0x20, 0xff, 0x20, 0x1c, 0x18, 0xff,
    0x20, 0x1c, 0x18, 0xff, 0x20, 0x1c, 0x20, 0xff, 0x20, 0x1c, 0x18, 0xff,
    0x20, 0x1c, 0x20, 0xff, 0x18, 0x1c, 0x18, 0xff, 0x20, 0x1c, 0x18, 0xff,
    0x20, 0x1c, 0x18, 0xff, 0x20, 0x1c, 0x18, 0xff, 0x20, 0x1c, 0x18, 0xff,
    0x18, 0x1c, 0x20, 0xff, 0x20, 0x1c, 0x18, 0xff, 0x18, 0x18, 0x18, 0xff,
    0x20, 0x1c, 0x20, 0xff, 0x18, 0x1c, 0x18, 0xff, 0x20, 0x18, 0x18, 0xff,
    0x20, 0x1c, 0x18, 0xff, 0x20, 0x1c, 0x20, 0xff, 0x20, 0x18, 0x18, 0xff,
    0x18, 0x1c, 0x18, 0xff, 0x20, 0x1c, 0x18, 0xff, 0x20, 0x1c, 0x18, 0xff,
    0x20, 0x1c, 0x18, 0xff, 0x20, 0x18, 0x20, 0xff, 0x18, 0x1c, 0x18, 0xff,
    0x20, 0x1c, 0x20, 0xff, 0x20, 0x18, 0x20, 0xff, 0x18, 0x1c, 0x18, 0xff,
    0x20, 0x18, 0x18, 0xff, 0x18, 0x1c, 0x18, 0xff, 0x20, 0x1c, 0x18, 0xff,
    0x20, 0x18, 0x18, 0xff, 0x18, 0x18, 0x18, 0xff, 0x20, 0x1c, 0x18, 0xff,
    0x20, 0x18, 0x18, 0xff, 0x18, 0x18, 0x20, 0xff, 0x20, 0x1c, 0x18, 0xff,
    0x18, 0x18, 0x18, 0xff, 0x20, 0x1c, 0x20, 0xff, 0x20, 0x1c, 0x18, 0xff,
    0x18, 0x18, 0x18, 0xff, 0x20, 0x1c, 0x18, 0xff, 0x18, 0x1c, 0x18, 0xff,
    0x20, 0x18, 0x18, 0xff, 0x20, 0x18, 0x18, 0xff, 0x18, 0x1c, 0x18, 0xff,
    0x20, 0x18, 0x18, 0xff, 0x20, 0x1c, 0x18, 0xff, 0x18, 0x18, 0x18, 0xff,
    0x20, 0x1c, 0x18, 0xff, 0x18, 0x1c, 0x18, 0xff, 0x20, 0x18, 0x18, 0xff,
    0x18, 0x18, 0x18, 0xff, 0x20, 0x18, 0x18, 0xff, 0x18, 0x18, 0x18, 0xff,
    0x20, 0x1c, 0x18, 0xff, 0x20, 0x18, 0x18, 0xff, 0x18, 0x18, 0x18, 0xff,
    0x20, 0x1c, 0x18, 0xff, 0x20, 0x18, 0x18, 0xff, 0x18, 0x18, 0x18, 0xff,
    0x20, 0x1c, 0x18, 0xff, 0x18, 0x18, 0x18, 0xff, 0x18, 0x18, 0x18, 0xff,
    0x20, 0x18, 0x18, 0xff, 0x20, 0x18, 0x18, 0xff, 0x18, 0x1c, 0x18, 0xff,
    0x18, 0x18, 0x18, 0xff, 0x20, 0x18, 0x18, 0xff, 0x20, 0x18, 0x18, 0xff,
    0x18, 0x18, 0x18, 0xff, 0x20, 0x18, 0x18, 0xff, 0x18, 0x1c, 0x18, 0xff,
    0x18, 0x18, 0x18, 0xff, 0x20, 0x18, 0x18, 0xff, 0x18, 0x18, 0x18, 0xff,
    0x18, 0x1c, 0x18, 0xff, 0x20, 0x18, 0x18, 0xff, 0x20, 0x18, 0x18, 0xff,
    0x18, 0x18, 0x18, 0xff, 0x20, 0x18, 0x18, 0xff, 0x20, 0x1c, 0x18, 0xff,
    0x18, 0x18, 0x18, 0xff, 0x18, 0x18, 0x18, 0xff, 0x20, 0x18, 0x18, 0xff,
    0x18, 0x18, 0x18, 0xff, 0x18, 0x18, 0x18, 0xff, 0x20, 0x1c, 0x18, 0xff,
    0x18, 0x18, 0x18, 0xff, 0x18, 0x18, 0x18, 0xff, 0x20, 0x18, 0x18, 0xff,
    0x18, 0x18, 0x18, 0xff, 0x20, 0x1c, 0x18, 0xff, 0x18, 0x18, 0x18, 0xff,
    0x18, 0x1c, 0x18, 0xff, 0x20, 0x18, 0x18, 0xff, 0x18, 0x18, 0x18, 0xff,
    0x20, 0x18, 0x18, 0xff, 0x20, 0x1c, 0x18, 0xff, 0x18, 0x18, 0x18, 0xff,
    0x20, 0x18, 0x18, 0xff, 0x20, 0x1c, 0x18, 0xff, 0x18, 0x18, 0x18, 0xff,
    0x18, 0x18, 0x18, 0xff, 0x20, 0x18, 0x18, 0xff, 0x18, 0x1c, 0x18, 0xff,
    0x18, 0x18, 0x18, 0xff, 0x20, 0x18, 0x18, 0xff, 0x18, 0x1c, 0x18, 0xff,
    0x20, 0x18, 0x18, 0xff, 0x20, 0x18, 0x18, 0xff, 0x18, 0x18, 0x18, 0xff,
    0x18, 0x18, 0x18, 0xff, 0x20, 0x1c, 0x18, 0xff, 0x18, 0x18, 0x18, 0xff,
    0x18, 0x1c, 0x18, 0xff, 0x20, 0x18, 0x18, 0xff, 0x18, 0x18, 0x18, 0xff,
    0x20, 0x18, 0x18, 0xff, 0x20, 0x18, 0x18, 0xff, 0x18, 0x1c, 0x18, 0xff,
    0x20, 0x18, 0x18, 0xff, 0x18, 0x1c, 0x18, 0xff, 0x20, 0x18, 0x18, 0xff,
    0x18, 0x18, 0x18, 0xff, 0x20, 0x18, 0x18, 0xff, 0x20, 0x18, 0x18, 0xff,
    0x18, 0x18, 0x18, 0xff, 0x18, 0x1c, 0x18, 0xff, 0x20, 0x18, 0x18, 0xff,
    0x18, 0x18, 0x18, 0xff, 0x20, 0x18, 0x18, 0xff, 0x20, 0x1c, 0x18, 0xff,
    0x20, 0x18, 0x18, 0xff, 0x18, 0x18, 0x18, 0xff, 0x20, 0x1c, 0x18, 0xff,
    0x18, 0x18, 0x18, 0xff, 0x18, 0x18, 0x18, 0xff, 0x20, 0x18, 0x18, 0xff,
    0x18, 0x18, 0x18, 0xff, 0x20, 0x18, 0x18, 0xff, 0x18, 0x1c, 0x18, 0xff,
    0x20, 0x18, 0x18, 0xff, 0x20, 0x18, 0x18, 0xff, 0x18, 0x1c, 0x18, 0xff,
    0x18, 0x18, 0x18, 0xff, 0x20, 0x18, 0x18, 0xff, 0x20, 0x18, 0x18, 0xff,
    0x18, 0x18, 0x18, 0xff, 0x20, 0x1c, 0x18, 0xff, 0x18, 0x18, 0x18, 0xff,
    0x18, 0x18, 0x18, 0xff, 0x20, 0x1c, 0x18, 0xff, 0x20, 0x18, 0x18, 0xff,
    0x18, 0x18, 0x18, 0xff, 0x20, 0x18, 0x18, 0xff, 0x20, 0x18, 0x18, 0xff,
    0x18, 0x18, 0x18, 0xff, 0x18, 0x1c, 0x18, 0xff, 0x20, 0x18, 0x18, 0xff,
    0x18, 0x18, 0x18, 0xff, 0x20, 0x18, 0x18, 0xff, 0x20, 0x1c, 0x18, 0xff,
    0x18, 0x18, 0x18, 0xff, 0x18, 0x18, 0x18, 0xff, 0x20, 0x1c, 0x18, 0xff,
    0x18, 0x18, 0x18, 0xff, 0x20, 0x18, 0x18, 0xff, 0x18, 0x1c, 0x18, 0xff,
    0x18, 0x18, 0x18, 0xff, 0x20, 0x18, 0x18, 0xff, 0x68, 0x64, 0x68, 0xb6,
    0xf8, 0xfc, 0xf8, 0x00, 0xf8, 0xfc, 0xf8, 0x00, 0xf8, 0xfc, 0xf8, 0x00,
    0x98, 0x94, 0x98, 0x20, 0x58, 0x58, 0x58, 0xf3, 0x30, 0x30, 0x30, 0xff,
    0x30, 0x34, 0x30, 0xff, 0x30, 0x30, 0x30, 0xff, 0x30, 0x30, 0x30, 0xff,
    0x30, 0x30, 0x30, 0xff, 0x30, 0x30, 0x28, 0xff, 0x30, 0x30, 0x30, 0xff,
    0x30, 0x30, 0x30, 0xff, 0x30, 0x30, 0x30, 0xff, 0x30, 0x30, 0x30, 0xff,
    0x38, 0x30, 0x30, 0xff, 0x30, 0x30, 0x30, 0xff, 0x30, 0x30, 0x28, 0xff,
    0x38, 0x30, 0x30, 0xff, 0x30, 0x30, 0x30, 0xff, 0x30, 0x30, 0x28, 0xff,
    0x30, 0x30, 0x30, 0xff, 0x30, 0x30, 0x30, 0xff, 0x30, 0x30, 0x30, 0xff,
    0x30, 0x30, 0x30, 0xff, 0x30, 0x30, 0x30, 0xff, 0x30, 0x2c, 0x30, 0xff,
    0x30, 0x30, 0x30, 0xff, 0x30, 0x2c, 0x30, 0xff, 0x30, 0x30, 0x30, 0xff,
    0x30, 0x30, 0x28, 0xff, 0x30, 0x2c, 0x28, 0xff, 0x30, 0x2c, 0x30, 0xff,
    0x30, 0x30, 0x28, 0xff, 0x30, 0x30, 0x30, 0xff, 0x30, 0x2c, 0x30, 0xff,
    0x30, 0x30, 0x28, 0xff, 0x28, 0x2c, 0x30, 0xff, 0x30, 0x2c, 0x28, 0xff,
    0x30, 0x30, 0x30, 0xff, 0x30, 0x2c, 0x28, 0xff, 0x30, 0x30, 0x30, 0xff,
    0x30, 0x2c, 0x30, 0xff, 0x30, 0x2c, 0x28, 0xff, 0x30, 0x2c, 0x30, 0xff,
    0x30, 0x2c, 0x28, 0xff, 0x28, 0x30, 0x30, 0xff, 0x30, 0x2c, 0x30, 0xff,
    0x30, 0x2c, 0x28, 0xff, 0x30, 0x2c, 0x30, 0xff, 0x30, 0x2c, 0x30, 0xff,
    0x30, 0x30, 0x28, 0xff, 0x28, 0x2c, 0x30, 0xff, 0x30, 0x2c, 0x28, 0xff,
    0x28, 0x2c, 0x28, 0xff, 0x30, 0x2c, 0x30, 0xff, 0x30, 0x2c, 0x28, 0xff,
    0x28, 0x2c, 0x30, 0xff, 0x30, 0x2c, 0x28, 0xff, 0x30, 0x2c, 0x30, 0xff,
    0x28, 0x2c, 0x28, 0xff, 0x30, 0x2c, 0x28, 0xff, 0x30, 0x2c, 0x30, 0xff,
    0x28, 0x2c, 0x28, 0xff, 0x30, 0x2c, 0x28, 0xff, 0x30, 0x2c, 0x28, 0xff,
    0x28, 0x2c, 0x28, 0xff, 0x30, 0x2c, 0x28, 0xff, 0x30, 0x2c, 0x28, 0xff,
    0x28, 0x28, 0x30, 0xff, 0x30, 0x2c, 0x28, 0xff, 0x30, 0x2c, 0x28, 0xff,
    0x28, 0x28, 0x30, 0xff, 0x30, 0x2c, 0x28, 0xff, 0x28, 0x28, 0x28, 0xff,
    0x28, 0x2c, 0x30, 0xff, 0x30, 0x2c, 0x28, 0xff, 0x30, 0x2c, 0x28, 0xff,
    0x28, 0x28, 0x28, 0xff, 0x30, 0x28, 0x28, 0xff, 0x30, 0x2c, 0x28, 0xff,
    0x28, 0x2c, 0x28, 0xff, 0x30, 0x28, 0x28, 0xff, 0x28, 0x2c, 0x28, 0xff,
    0x28, 0x2c, 0x28, 0xff, 0x30, 0x28, 0x28, 0xff, 0x28, 0x2c, 0x28, 0xff,
    0x28, 0x28, 0x28, 0xff, 0x30, 0x2c, 0x28, 0xff, 0x28, 0x2c, 0x28, 0xff,
    0x28, 0x28, 0x28, 0xff, 0x30, 0x28, 0x28, 0xff, 0x28, 0x2c, 0x28, 0xff,
    0x28, 0x28, 0x28, 0xff, 0x30, 0x28, 0x28, 0xff, 0x28, 0x28, 0x28, 0xff,
    0x30, 0x28, 0x28, 0xff, 0x28, 0x28, 0x28, 0xff, 0x28, 0x28, 0x28, 0xff,
    0x30, 0x28, 0x28, 0xff, 0x28, 0x2c, 0x28, 0xff, 0x28, 0x28, 0x28, 0xff,
    0x28, 0x28, 0x28, 0xff, 0x28, 0x28, 0x28, 0xff, 0x28, 0x28, 0x28, 0xff,
    0x30, 0x28, 0x28, 0xff, 0x28, 0x28, 0x28, 0xff, 0x28, 0x28, 0x28, 0xff,
    0x30, 0x28, 0x28, 0xff, 0x28, 0x28, 0x28, 0xff, 0x28, 0x28, 0x28, 0xff,
    0x30, 0x28, 0x20, 0xff, 0x28, 0x28, 0x28, 0xff, 0x28, 0x28, 0x28, 0xff,
    0x30, 0x28, 0x28, 0xff, 0x28, 0x28, 0x20, 0xff, 0x28, 0x24, 0x28, 0xff,
    0x30, 0x28, 0x28, 0xff, 0x28, 0x28, 0x28, 0xff, 0x28, 0x28, 0x28, 0xff,
    0x28, 0x28, 0x20, 0xff, 0x28, 0x24, 0x28, 0xff, 0x28, 0x28, 0x28, 0xff,
    0x28, 0x28, 0x20, 0xff, 0x28, 0x28, 0x28, 0xff, 0x28, 0x28, 0x28, 0xff,
    0x28, 0x28, 0x28, 0xff, 0x28, 0x28, 0x28, 0xff, 0x28, 0x24, 0x20, 0xff,
    0x28, 0x28, 0x28, 0xff, 0x28, 0x24, 0x28, 0xff, 0x28, 0x28, 0x20, 0xff,
    0x28, 0x24, 0x28, 0xff, 0x28, 0x24, 0x28, 0xff, 0x28, 0x28, 0x20, 0xff,
    0x28, 0x24, 0x28, 0xff, 0x28, 0x24, 0x28, 0xff, 0x28, 0x28, 0x20, 0xff,
    0x28, 0x24, 0x28, 0xff, 0x28, 0x28, 0x28, 0xff, 0x28, 0x24, 0x20, 0xff,
    0x28, 0x24, 0x28, 0xff, 0x28, 0x24, 0x20, 0xff, 0x28, 0x24, 0x28, 0xff,
    0x28, 0x28, 0x28, 0xff, 0x20, 0x24, 0x20, 0xff, 0x28, 0x24, 0x28, 0xff,
    0x28, 0x28, 0x20, 0xff, 0x28, 0x24, 0x20, 0xff, 0x28, 0x24, 0x28, 0xff,
    0x20, 0x24, 0x20, 0xff, 0x28, 0x24, 0x28, 0xff, 0x28, 0x28, 0x28, 0xff,
    0x28, 0x24, 0x20, 0xff, 0x28, 0x24, 0x20, 0xff, 0x28, 0x24, 0x28, 0xff,
    0x20, 0x24, 0x20, 0xff, 0x28, 0x24, 0x28, 0xff, 0x28, 0x24, 0x20, 0xff,
    0x20, 0x24, 0x20, 0xff, 0x28, 0x24, 0x28, 0xff, 0x28, 0x24, 0x20, 0xff,
    0x28, 0x24, 0x20, 0xff, 0x20, 0x24, 0x28, 0xff, 0x28, 0x24, 0x20, 0xff,
    0x28, 0x24, 0x28, 0xff, 0x28, 0x24, 0x20, 0xff, 0x28, 0x24, 0x20, 0xff,
    0x28, 0x20, 0x28, 0xff, 0x20, 0x24, 0x20, 0xff, 0x28, 0x24, 0x20, 0xff,
    0x28, 0x24, 0x20, 0xff, 0x20, 0x24, 0x28, 0xff, 0x20, 0x20, 0x20, 0xff,
    0x28, 0x24, 0x20, 0xff, 0x28, 0x20, 0x20, 0xff, 0x20, 0x24, 0x28, 0xff,
    0x28, 0x24, 0x20, 0xff, 0x28, 0x24, 0x20, 0xff, 0x20, 0x24, 0x20, 0xff,
    0x28, 0x20, 0x20, 0xff, 0x28, 0x24, 0x20, 0xff, 0x20, 0x20, 0x20, 0xff,
    0x28, 0x20, 0x20, 0xff, 0x20, 0x24, 0x28, 0xff, 0x20, 0x24, 0x20, 0xff,
    0x28, 0x20, 0x20, 0xff, 0x28, 0x20, 0x20, 0xff, 0x20, 0x24, 0x20, 0xff,
    0x20, 0x20, 0x20, 0xff, 0x28, 0x20, 0x28, 0xff, 0x28, 0x24, 0x20, 0xff,
    0x20, 0x24, 0x20, 0xff, 0x28, 0x24, 0x20, 0xff, 0x28, 0x20, 0x20, 0xff,
    0x20, 0x20, 0x20, 0xff, 0x28, 0x24, 0x20, 0xff, 0x20, 0x20, 0x20, 0xff,
    0x20, 0x20, 0x20, 0xff, 0x20, 0x24, 0x20, 0xff, 0x28, 0x20, 0x20, 0xff,
    0x20, 0x20, 0x20, 0xff, 0x28, 0x24, 0x20, 0xff, 0x20, 0x20, 0x20, 0xff,
    0x28, 0x24, 0x20, 0xff, 0x20, 0x20, 0x20, 0xff, 0x28, 0x20, 0x20, 0xff,
    0x28, 0x24, 0x20, 0xff, 0x20, 0x20, 0x20, 0xff, 0x20, 0x20, 0x20, 0xff,
    0x28, 0x20, 0x20, 0xff, 0x20, 0x20, 0x20, 0xff, 0x20, 0x20, 0x20, 0xff,
    0x28, 0x20, 0x20, 0xff, 0x20, 0x20, 0x20, 0xff, 0x20, 0x20, 0x20, 0xff,
    0x28, 0x20, 0x20, 0xff, 0x20, 0x20, 0x20, 0xff, 0x20, 0x20, 0x20, 0xff,
    0x28, 0x20, 0x20, 0xff, 0x20, 0x20, 0x18, 0xff, 0x20, 0x20, 0x20, 0xff,
    0x20, 0x20, 0x20, 0xff, 0x20, 0x20, 0x18, 0xff, 0x20, 0x20, 0x20, 0xff,
    0x20, 0x20, 0x18, 0xff, 0x28, 0x1c, 0x20, 0xff, 0x20, 0x20, 0x20, 0xff,
    0x28, 0x20, 0x20, 0xff, 0x28, 0x1c, 0x20, 0xff, 0x20, 0x20, 0x18, 0xff,
    0x20, 0x20, 0x20, 0xff, 0x28, 0x20, 0x18, 0xff, 0x20, 0x20, 0x20, 0xff,
    0x20, 0x20, 0x20, 0xff, 0x20, 0x20, 0x20, 0xff, 0x20, 0x1c, 0x20, 0xff,
    0x20, 0x20, 0x20, 0xff, 0x20, 0x1c, 0x18, 0xff, 0x20, 0x1c, 0x20, 0xff,
    0x20, 0x20, 0x20, 0xff, 0x28, 0x1c, 0x18, 0xff, 0x20, 0x1c, 0x20, 0xff,
    0x20, 0x20, 0x20, 0xff, 0x20, 0x1c, 0x18, 0xff, 0x20, 0x20, 0x20, 0xff,
    0x28, 0x20, 0x18, 0xff, 0x20, 0x1c, 0x18, 0xff, 0x20, 0x20, 0x20, 0xff,
    0x20, 0x20, 0x20, 0xff, 0x20, 0x1c, 0x18, 0xff, 0x20, 0x20, 0x20, 0xff,
    0x20, 0x1c, 0x18, 0xff, 0x20, 0x20, 0x20, 0xff, 0x20, 0x1c, 0x18, 0xff,
    0x20, 0x1c, 0x20, 0xff, 0x20, 0x20, 0x18, 0xff, 0x20, 0x1c, 0x18, 0xff,
    0x20, 0x1c, 0x20, 0xff, 0x20, 0x1c, 0x18, 0xff, 0x20, 0x1c, 0x20, 0xff,
    0x20, 0x1c, 0x20, 0xff, 0x20, 0x1c, 0x18, 0xff, 0x20, 0x20, 0x20, 0xff,
    0x20, 0x1c, 0x18, 0xff, 0x20, 0x1c, 0x18, 0xff, 0x20, 0x20, 0x20, 0xff,
    0x20, 0x1c, 0x18, 0xff, 0x20, 0x1c, 0x20, 0xff, 0x20, 0x1c, 0x18, 0xff,
    0x20, 0x1c, 0x18, 0xff, 0x20, 0x1c, 0x20, 0xff, 0x20, 0x1c, 0x18, 0xff,
    0x20, 0x1c, 0x18, 0xff, 0x20, 0x1c, 0x20, 0xff, 0x20, 0x1c, 0x20, 0xff,
    0x20, 0x1c, 0x18, 0xff, 0x20, 0x1c, 0x18, 0xff, 0x20, 0x1c, 0x20, 0xff,
    0x18, 0x1c, 0x18, 0xff, 0x20, 0x1c, 0x18, 0xff, 0x20, 0x1c, 0x18, 0xff,
    0x20, 0x1c, 0x20, 0xff, 0x20, 0x1c, 0x18, 0xff, 0x20, 0x1c, 0x20, 0xff,
    0x20, 0x1c, 0x18, 0xff, 0x18, 0x1c, 0x20, 0xff, 0x20, 0x1c, 0x18, 0xff,
    0x20, 0x1c, 0x18, 0xff, 0x20, 0x1c, 0x20, 0xff, 0x20, 0x1c, 0x18, 0xff,
    0x20, 0x1c, 0x18, 0xff, 0x18, 0x1c, 0x18, 0xff, 0x20, 0x1c, 0x18, 0xff,
    0x20, 0x1c, 0x18, 0xff, 0x18, 0x1c, 0x20, 0xff, 0x20, 0x18, 0x18, 0xff,
    0x20, 0x1c, 0x18, 0xff, 0x20, 0x1c, 0x20, 0xff, 0x20, 0x18, 0x18, 0xff,
    0x20, 0x1c, 0x18, 0xff, 0x20, 0x1c, 0x20, 0xff, 0x18, 0x1c, 0x18, 0xff,
    0x20, 0x1c, 0x18, 0xff, 0x20, 0x1c, 0x18, 0xff, 0x18, 0x1c, 0x18, 0xff,
    0x20, 0x18, 0x20, 0xff, 0x20, 0x18, 0x18, 0xff, 0x18, 0x1c, 0x18, 0xff,
    0x20, 0x18, 0x20, 0xff, 0x20, 0x1c, 0x18, 0xff, 0x18, 0x18, 0x18, 0xff,
    0x18, 0x1c, 0x20, 0xff, 0x20, 0x18, 0x18, 0xff, 0x20, 0x1c, 0x18, 0xff,
    0x18, 0x18, 0x18, 0xff, 0x20, 0x18, 0x18, 0xff, 0x20, 0x1c, 0x18, 0xff,
    0x18, 0x18, 0x18, 0xff, 0x20, 0x18, 0x18, 0xff, 0x20, 0x1c, 0x18, 0xff,
    0x18, 0x18, 0x18, 0xff, 0x20, 0x1c, 0x18, 0xff, 0x18, 0x1c, 0x20, 0xff,
    0x20, 0x18, 0x18, 0xff, 0x20, 0x1c, 0x18, 0xff, 0x18, 0x18, 0x20, 0xff,
    0x20, 0x18, 0x18, 0xff, 0x20, 0x1c, 0x18, 0xff, 0x18, 0x18, 0x18, 0xff,
    0x20, 0x18, 0x18, 0xff, 0x20, 0x1c, 0x18, 0xff, 0x18, 0x18, 0x18, 0xff,
    0x18, 0x18, 0x18, 0xff, 0x20, 0x18, 0x18, 0xff, 0x18, 0x1c, 0x18, 0xff,
    0x18, 0x18, 0x18, 0xff, 0x20, 0x18, 0x18, 0xff, 0x18, 0x18, 0x18, 0xff,
    0x20, 0x18, 0x18, 0xff, 0x20, 0x18, 0x18, 0xff, 0x18, 0x18, 0x18, 0xff,
    0x18, 0x1c, 0x18, 0xff, 0x20, 0x18, 0x18, 0xff, 0x18, 0x18, 0x18, 0xff,
    0x20, 0x18, 0x18, 0xff, 0x18, 0x18, 0x18, 0xff, 0x20, 0x1c, 0x18, 0xff,
    0x18, 0x18, 0x18, 0xff, 0x20, 0x18, 0x18, 0xff, 0x20, 0x1c, 0x18, 0xff,
    0x18, 0x18, 0x18, 0xff, 0x18, 0x18, 0x18, 0xff, 0x20, 0x18, 0x18, 0xff,
    0x20, 0x1c, 0x18, 0xff, 0x18, 0x18, 0x18, 0xff, 0x18, 0x18, 0x18, 0xff,
    0x20, 0x18, 0x18, 0xff, 0x18, 0x18, 0x18, 0xff, 0x18, 0x18, 0x18, 0xff,
    0x20, 0x18, 0x18, 0xff, 0x20, 0x1c, 0x18, 0xff, 0x18, 0x18, 0x18, 0xff,
    0x20, 0x18, 0x18, 0xff, 0x20, 0x1c, 0x18, 0xff, 0x18, 0x18, 0x18, 0xff,
    0x20, 0x18, 0x18, 0xff, 0x18, 0x18, 0x18, 0xff, 0x20, 0x18, 0x18, 0xff,
    0x18, 0x18, 0x18, 0xff, 0x20, 0x18, 0x18, 0xff, 0x20, 0x18, 0x18, 0xff,
    0x18, 0x18, 0x18, 0xff, 0x20, 0x1c, 0x18, 0xff, 0x18, 0x18, 0x18, 0xff,
    0x18, 0x18, 0x18, 0xff, 0x20, 0x18, 0x18, 0xff, 0x18, 0x18, 0x18, 0xff,
    0x18, 0x1c, 0x18, 0xff, 0x20, 0x18, 0x18, 0xff, 0x20, 0x18, 0x18, 0xff,
    0x18, 0x1c, 0x18, 0xff, 0x20, 0x18, 0x18, 0xff, 0x18, 0x18, 0x18, 0xff,
    0x20, 0x18, 0x18, 0xff, 0x20, 0x1c, 0x18, 0xff, 0x18, 0x18, 0x18, 0xff,
    0x18, 0x18, 0x18, 0xff, 0x20, 0x18, 0x18, 0xff, 0x18, 0x1c, 0x18, 0xff,
    0x20, 0x18, 0x18, 0xff, 0x20, 0x18, 0x18, 0xff, 0x18, 0x18, 0x18, 0xff,
    0x20, 0x18, 0x18, 0xff, 0x20, 0x1c, 0x18, 0xff, 0x18, 0x18, 0x18, 0xff,
    0x18, 0x1c, 0x18, 0xff, 0x20, 0x18, 0x18, 0xff, 0x18, 0x18, 0x18, 0xff,
    0x20, 0x18, 0x18, 0xff, 0x18, 0x18, 0x18, 0xff, 0x20, 0x1c, 0x18, 0xff,
    0x18, 0x18, 0x18, 0xff, 0x20, 0x18, 0x18, 0xff, 0x18, 0x1c, 0x18, 0xff,
    0x20, 0x18, 0x18, 0xff, 0x20, 0x18, 0x18, 0xff, 0x18, 0x1c, 0x18, 0xff,
    0x20, 0x18, 0x18, 0xff, 0x18, 0x18, 0x18, 0xff, 0x18, 0x1c, 0x18, 0xff,
    0x18, 0x18, 0x18, 0xff, 0x20, 0x18, 0x18, 0xff, 0x20, 0x18, 0x18, 0xff,
    0x18, 0x1c, 0x18, 0xff, 0x20, 0x18, 0x18, 0xff, 0x20, 0x18, 0x18, 0xff,
    0x18, 0x1c, 0x18, 0xff, 0x18, 0x18, 0x18, 0xff, 0x20, 0x18, 0x18, 0xff,
    0x20, 0x1c, 0x18, 0xff, 0x18, 0x18, 0x18, 0xff, 0x20, 0x18, 0x18, 0xff,
    0x18, 0x18, 0x18, 0xff, 0x20, 0x18, 0x18, 0xff, 0x18, 0x1c, 0x18, 0xff,
    0x18, 0x18, 0x18, 0xff, 0x20, 0x18, 0x18, 0xff, 0x20, 0x18, 0x18, 0xff,
    0x18, 0x18, 0x18, 0xff, 0x20, 0x18, 0x18, 0xff, 0x18, 0x18, 0x18, 0xff,
    0x18, 0x1c, 0x18, 0xff, 0x20, 0x18, 0x18, 0xff, 0x18, 0x1c, 0x18, 0xff,
    0x20, 0x18, 0x18, 0xff, 0x20, 0x18, 0x18, 0xff, 0x18, 0x18, 0x18, 0xff,
    0x20, 0x1c, 0x18, 0xff, 0x18, 0x18, 0x18, 0xff, 0x18, 0x18, 0x18, 0xff,
    0x20, 0x18, 0x18, 0xff, 0x20, 0x1c, 0x18, 0xff, 0x18, 0x18, 0x18, 0xff,
    0x20, 0x18, 0x18, 0xff, 0x20, 0x18, 0x18, 0xff, 0x18, 0x18, 0x18, 0xff,
    0x20, 0x1c, 0x18, 0xff, 0x18, 0x18, 0x18, 0xff, 0x48, 0x44, 0x40, 0xf3,
    0x88, 0x88, 0x88, 0x20, 0xf8, 0xfc, 0xf8, 0x00, 0xf8, 0xfc, 0xf8, 0x00,
    0xf8, 0xfc, 0xf8, 0x00, 0xf8, 0xfc, 0xf8, 0x00, 0x88, 0x84, 0x80, 0x49,
    0x50, 0x4c, 0x48, 0xf3, 0x30, 0x30, 0x30, 0xff, 0x30, 0x30, 0x30, 0xff,
    0x38, 0x30, 0x30, 0xff, 0x30, 0x30, 0x30, 0xff, 0x30, 0x30, 0x30, 0xff,
    0x38, 0x30, 0x30, 0xff, 0x30, 0x30, 0x30, 0xff, 0x30, 0x30, 0x28, 0xff,
    0x30, 0x30, 0x30, 0xff, 0x30, 0x30, 0x30, 0xff, 0x30, 0x30, 0x30, 0xff,
    0x30, 0x30, 0x30, 0xff, 0x30, 0x30, 0x30, 0xff, 0x30, 0x30, 0x30, 0xff,
    0x30, 0x30, 0x28, 0xff, 0x30, 0x2c, 0x30, 0xff, 0x30, 0x30, 0x28, 0xff,
    0x30, 0x2c, 0x28, 0xff, 0x30, 0x30, 0x30, 0xff, 0x30, 0x30, 0x28, 0xff,
    0x30, 0x30, 0x30, 0xff, 0x30, 0x30, 0x30, 0xff, 0x30, 0x30, 0x30, 0xff,
    0x30, 0x2c, 0x30, 0xff, 0x30, 0x30, 0x30, 0xff, 0x30, 0x2c, 0x30, 0xff,
    0x30, 0x30, 0x30, 0xff, 0x30, 0x2c, 0x28, 0xff, 0x30, 0x2c, 0x30, 0xff,
    0x30, 0x30, 0x28, 0xff, 0x30, 0x30, 0x30, 0xff, 0x30, 0x2c, 0x30, 0xff,
    0x30, 0x30, 0x28, 0xff, 0x30, 0x2c, 0x30, 0xff, 0x28, 0x30, 0x30, 0xff,
    0x30, 0x2c, 0x28, 0xff, 0x30, 0x30, 0x30, 0xff, 0x30, 0x2c, 0x28, 0xff,
    0x30, 0x2c, 0x30, 0xff, 0x30, 0x30, 0x28, 0xff, 0x30, 0x2c, 0x28, 0xff,
    0x28, 0x2c, 0x30, 0xff, 0x30, 0x30, 0x28, 0xff, 0x30, 0x2c, 0x28, 0xff,
    0x28, 0x2c, 0x30, 0xff, 0x30, 0x2c, 0x30, 0xff, 0x30, 0x30, 0x28, 0xff,
    0x30, 0x2c, 0x30, 0xff, 0x30, 0x2c, 0x28, 0xff, 0x28, 0x2c, 0x28, 0xff,
    0x30, 0x2c, 0x30, 0xff, 0x30, 0x2c, 0x28, 0xff, 0x30, 0x2c, 0x28, 0xff,
    0x28, 0x2c, 0x30, 0xff, 0x30, 0x2c, 0x28, 0xff, 0x30, 0x2c, 0x28, 0xff,
    0x28, 0x2c, 0x30, 0xff, 0x30, 0x2c, 0x28, 0xff, 0x30, 0x2c, 0x28, 0xff,
    0x28, 0x2c, 0x30, 0xff, 0x28, 0x2c, 0x28, 0xff, 0x30, 0x2c, 0x30, 0xff,
    0x30, 0x2c, 0x28, 0xff, 0x28, 0x2c, 0x28, 0xff, 0x30, 0x2c, 0x28, 0xff,
    0x30, 0x28, 0x28, 0xff, 0x28, 0x2c, 0x28, 0xff, 0x30, 0x2c, 0x28, 0xff,
    0x30, 0x2c, 0x28, 0xff, 0x28, 0x28, 0x28, 0xff, 0x28, 0x2c, 0x30, 0xff,
    0x30, 0x2c, 0x28, 0xff, 0x28, 0x28, 0x28, 0xff, 0x28, 0x28, 0x28, 0xff,
    0x30, 0x2c, 0x28, 0xff, 0x30, 0x28, 0x28, 0xff, 0x28, 0x28, 0x28, 0xff,
    0x30, 0x2c, 0x28, 0xff, 0x30, 0x28, 0x30, 0xff, 0x28, 0x28, 0x28, 0xff,
    0x28, 0x2c, 0x28, 0xff, 0x30, 0x28, 0x28, 0xff, 0x28, 0x28, 0x28, 0xff,
    0x30, 0x2c, 0x30, 0xff, 0x28, 0x28, 0x28, 0xff, 0x30, 0x28, 0x28, 0xff,
    0x28, 0x28, 0x28, 0xff, 0x30, 0x2c, 0x28, 0xff, 0x28, 0x28, 0x28, 0xff,
    0x28, 0x2c, 0x28, 0xff, 0x30, 0x28, 0x28, 0xff, 0x28, 0x28, 0x28, 0xff,
    0x28, 0x2c, 0x28, 0xff, 0x28, 0x28, 0x28, 0xff, 0x28, 0x28, 0x28, 0xff,
    0x30, 0x28, 0x28, 0xff, 0x28, 0x28, 0x28, 0xff, 0x28, 0x28, 0x28, 0xff,
    0x30, 0x28, 0x28, 0xff, 0x28, 0x28, 0x28, 0xff, 0x28, 0x28, 0x28, 0xff,
    0x28, 0x28, 0x20, 0xff, 0x28, 0x28, 0x28, 0xff, 0x28, 0x28, 0x28, 0xff,
    0x28, 0x28, 0x28, 0xff, 0x30, 0x28, 0x28, 0xff, 0x28, 0x28, 0x28, 0xff,
    0x28, 0x28, 0x28, 0xff, 0x28, 0x28, 0x28, 0xff, 0x28, 0x28, 0x28, 0xff,
    0x28, 0x28, 0x20, 0xff, 0x28, 0x24, 0x28, 0xff, 0x28, 0x24, 0x28, 0xff,
    0x28, 0x28, 0x20, 0xff, 0x28, 0x28, 0x28, 0xff, 0x28, 0x28, 0x28, 0xff,
    0x30, 0x24, 0x20, 0xff, 0x28, 0x28, 0x28, 0xff, 0x28, 0x24, 0x28, 0xff,
    0x28, 0x28, 0x20, 0xff, 0x28, 0x28, 0x28, 0xff, 0x28, 0x24, 0x28, 0xff,
    0x28, 0x24, 0x20, 0xff, 0x28, 0x28, 0x28, 0xff, 0x28, 0x24, 0x28, 0xff,
    0x28, 0x28, 0x20, 0xff, 0x28, 0x28, 0x28, 0xff, 0x28, 0x24, 0x28, 0xff,
    0x28, 0x28, 0x20, 0xff, 0x28, 0x24, 0x20, 0xff, 0x28, 0x28, 0x28, 0xff,
    0x28, 0x24, 0x28, 0xff, 0x28, 0x28, 0x20, 0xff, 0x28, 0x24, 0x28, 0xff,
    0x28, 0x24, 0x28, 0xff, 0x20, 0x24, 0x20, 0xff, 0x28, 0x28, 0x20, 0xff,
    0x28, 0x24, 0x28, 0xff, 0x28, 0x24, 0x20, 0xff, 0x28, 0x24, 0x28, 0xff,
    0x28, 0x24, 0x28, 0xff, 0x28, 0x24, 0x20, 0xff, 0x28, 0x28, 0x28, 0xff,
    0x28, 0x24, 0x20, 0xff, 0x28, 0x24, 0x20, 0xff, 0x28, 0x24, 0x28, 0xff,
    0x28, 0x24, 0x28, 0xff, 0x28, 0x24, 0x20, 0xff, 0x20, 0x24, 0x20, 0xff,
    0x28, 0x24, 0x28, 0xff, 0x28, 0x24, 0x20, 0xff, 0x20, 0x24, 0x20, 0xff,
    0x28, 0x24, 0x28, 0xff, 0x28, 0x24, 0x28, 0xff, 0x28, 0x24, 0x20, 0xff,
    0x20, 0x24, 0x20, 0xff, 0x28, 0x24, 0x28, 0xff, 0x28, 0x24, 0x20, 0xff,
    0x28, 0x24, 0x20, 0xff, 0x20, 0x24, 0x28, 0xff, 0x20, 0x24, 0x20, 0xff,
    0x28, 0x24, 0x20, 0xff, 0x28, 0x24, 0x20, 0xff, 0x20, 0x24, 0x28, 0xff,
    0x28, 0x20, 0x20, 0xff, 0x28, 0x24, 0x20, 0xff, 0x20, 0x24, 0x20, 0xff,
    0x28, 0x24, 0x28, 0xff, 0x28, 0x24, 0x20, 0xff, 0x20, 0x20, 0x20, 0xff,
    0x28, 0x24, 0x20, 0xff, 0x28, 0x24, 0x28, 0xff, 0x20, 0x20, 0x20, 0xff,
    0x28, 0x24, 0x28, 0xff, 0x28, 0x24, 0x20, 0xff, 0x20, 0x20, 0x20, 0xff,
    0x28, 0x24, 0x28, 0xff, 0x28, 0x20, 0x20, 0xff, 0x20, 0x24, 0x20, 0xff,
    0x20, 0x20, 0x20, 0xff, 0x28, 0x24, 0x20, 0xff, 0x28, 0x20, 0x20, 0xff,
    0x20, 0x24, 0x20, 0xff, 0x20, 0x24, 0x20, 0xff, 0x28, 0x20, 0x20, 0xff,
    0x20, 0x20, 0x20, 0xff, 0x20, 0x20, 0x20, 0xff, 0x28, 0x24, 0x28, 0xff,
    0x20, 0x20, 0x20, 0xff, 0x20, 0x20, 0x20, 0xff, 0x28, 0x24, 0x20, 0xff,
    0x28, 0x20, 0x20, 0xff, 0x20, 0x20, 0x20, 0xff, 0x28, 0x20, 0x20, 0xff,
    0x20, 0x20, 0x20, 0xff, 0x20, 0x24, 0x20, 0xff, 0x28, 0x20, 0x20, 0xff,
    0x20, 0x20, 0x20, 0xff, 0x20, 0x20, 0x20, 0xff, 0x20, 0x24, 0x20, 0xff,
    0x20, 0x20, 0x20, 0xff, 0x28, 0x20, 0x20, 0xff, 0x20, 0x20, 0x20, 0xff,
    0x20, 0x20, 0x20, 0xff, 0x28, 0x20, 0x20, 0xff, 0x20, 0x20, 0x18, 0xff,
    0x20, 0x20, 0x20, 0xff, 0x28, 0x20, 0x20, 0xff, 0x20, 0x20, 0x18, 0xff,
    0x20, 0x20, 0x20, 0xff, 0x20, 0x20, 0x20, 0xff, 0x20, 0x20, 0x20, 0xff,
    0x20, 0x20, 0x20, 0xff, 0x20, 0x20, 0x20, 0xff, 0x28, 0x20, 0x20, 0xff,
    0x20, 0x20, 0x20, 0xff, 0x20, 0x20, 0x20, 0xff, 0x28, 0x20, 0x20, 0xff,
    0x20, 0x1c, 0x18, 0xff, 0x20, 0x20, 0x20, 0xff, 0x20, 0x20, 0x20, 0xff,
    0x20, 0x20, 0x18, 0xff, 0x20, 0x1c, 0x20, 0xff, 0x20, 0x20, 0x20, 0xff,
    0x20, 0x20, 0x20, 0xff, 0x20, 0x1c, 0x18, 0xff, 0x20, 0x1c, 0x20, 0xff,
    0x20, 0x20, 0x20, 0xff, 0x28, 0x20, 0x18, 0xff, 0x20, 0x1c, 0x18, 0xff,
    0x20, 0x20, 0x20, 0xff, 0x20, 0x20, 0x20, 0xff, 0x20, 0x1c, 0x18, 0xff,
    0x20, 0x20, 0x20, 0xff, 0x20, 0x1c, 0x20, 0xff, 0x20, 0x20, 0x18, 0xff,
    0x20, 0x20, 0x20, 0xff, 0x20, 0x1c, 0x18, 0xff, 0x28, 0x1c, 0x20, 0xff,
    0x20, 0x20, 0x20, 0xff, 0x20, 0x1c, 0x20, 0xff, 0x20, 0x1c, 0x20, 0xff,
    0x20, 0x20, 0x18, 0xff, 0x20, 0x1c, 0x20, 0xff, 0x20, 0x20, 0x20, 0xff,
    0x20, 0x1c, 0x18, 0xff, 0x20, 0x20, 0x20, 0xff, 0x20, 0x20, 0x20, 0xff,
    0x20, 0x1c, 0x18, 0xff, 0x20, 0x1c, 0x20, 0xff, 0x20, 0x1c, 0x20, 0xff,
    0x20, 0x1c, 0x18, 0xff, 0x20, 0x20, 0x18, 0xff, 0x20, 0x1c, 0x20, 0xff,
    0x20, 0x20, 0x18, 0xff, 0x20, 0x1c, 0x18, 0xff, 0x20, 0x1c, 0x20, 0xff,
    0x20, 0x1c, 0x20, 0xff, 0x20, 0x1c, 0x18, 0xff, 0x20, 0x1c, 0x20, 0xff,
    0x20, 0x1c, 0x18, 0xff, 0x20, 0x20, 0x18, 0xff, 0x18, 0x1c, 0x20, 0xff,
    0x20, 0x1c, 0x20, 0xff, 0x20, 0x20, 0x18, 0xff, 0x20, 0x1c, 0x18, 0xff,
    0x18, 0x1c, 0x20, 0xff, 0x20, 0x1c, 0x18, 0xff, 0x20, 0x1c, 0x18, 0xff,
    0x18, 0x1c, 0x18, 0xff, 0x20, 0x1c, 0x20, 0xff, 0x20, 0x1c, 0x18, 0xff,
    0x20, 0x1c, 0x18, 0xff, 0x20, 0x1c, 0x20, 0xff, 0x20, 0x1c, 0x18, 0xff,
    0x18, 0x1c, 0x20, 0xff, 0x20, 0x1c, 0x18, 0xff, 0x20, 0x1c, 0x18, 0xff,
    0x18, 0x1c, 0x18, 0xff, 0x20, 0x1c, 0x20, 0xff, 0x20, 0x1c, 0x20, 0xff,
    0x18, 0x1c, 0x18, 0xff, 0x20, 0x1c, 0x18, 0xff, 0x20, 0x18, 0x18, 0xff,
    0x18, 0x18, 0x20, 0xff, 0x20, 0x1c, 0x18, 0xff, 0x20, 0x18, 0x20, 0xff,
    0x20, 0x1c, 0x18, 0xff, 0x20, 0x1c, 0x18, 0xff, 0x18, 0x18, 0x18, 0xff,
    0x20, 0x1c, 0x18, 0xff, 0x20, 0x1c, 0x18, 0xff, 0x18, 0x1c, 0x20, 0xff,
    0x18, 0x18, 0x18, 0xff, 0x20, 0x1c, 0x18, 0xff, 0x20, 0x1c, 0x18, 0xff,
    0x20, 0x18, 0x18, 0xff, 0x20, 0x18, 0x18, 0xff, 0x20, 0x1c, 0x18, 0xff,
    0x18, 0x1c, 0x18, 0xff, 0x20, 0x1c, 0x18, 0xff, 0x20, 0x18, 0x18, 0xff,
    0x18, 0x18, 0x18, 0xff, 0x18, 0x1c, 0x18, 0xff, 0x20, 0x18, 0x18, 0xff,
    0x20, 0x1c, 0x18, 0xff, 0x18, 0x18, 0x18, 0xff, 0x20, 0x1c, 0x18, 0xff,
    0x20, 0x1c, 0x18, 0xff, 0x18, 0x18, 0x18, 0xff, 0x20, 0x1c, 0x18, 0xff,
    0x18, 0x1c, 0x18, 0xff, 0x20, 0x18, 0x20, 0xff, 0x20, 0x1c, 0x18, 0xff,
    0x18, 0x18, 0x18, 0xff, 0x20, 0x18, 0x20, 0xff, 0x20, 0x1c, 0x18, 0xff,
    0x18, 0x18, 0x18, 0xff, 0x20, 0x1c, 0x18, 0xff, 0x18, 0x1c, 0x18, 0xff,
    0x20, 0x18, 0x18, 0xff, 0x20, 0x1c, 0x18, 0xff, 0x18, 0x1c, 0x18, 0xff,
    0x18, 0x18, 0x20, 0xff, 0x20, 0x18, 0x18, 0xff, 0x18, 0x18, 0x18, 0xff,
    0x18, 0x1c, 0x18, 0xff, 0x20, 0x18, 0x18, 0xff, 0x20, 0x18, 0x18, 0xff,
    0x18, 0x18, 0x18, 0xff, 0x20, 0x1c, 0x18, 0xff, 0x18, 0x18, 0x18, 0xff,
    0x18, 0x1c, 0x18, 0xff, 0x20, 0x18, 0x18, 0xff, 0x18, 0x18, 0x18, 0xff,
    0x20, 0x1c, 0x18, 0xff, 0x20, 0x18, 0x18, 0xff, 0x18, 0x18, 0x18, 0xff,
    0x20, 0x1c, 0x18, 0xff, 0x18, 0x18, 0x18, 0xff, 0x20, 0x18, 0x18, 0xff,
    0x18, 0x1c, 0x18, 0xff, 0x18, 0x18, 0x18, 0xff, 0x20, 0x18, 0x18, 0xff,
    0x18, 0x18, 0x18, 0xff, 0x20, 0x18, 0x18, 0xff, 0x20, 0x1c, 0x18, 0xff,
    0x18, 0x18, 0x18, 0xff, 0x20, 0x18, 0x18, 0xff, 0x20, 0x18, 0x18, 0xff,
    0x18, 0x1c, 0x18, 0xff, 0x20, 0x1c, 0x18, 0xff, 0x20, 0x18, 0x18, 0xff,
    0x18, 0x18, 0x18, 0xff, 0x18, 0x18, 0x18, 0xff, 0x20, 0x1c, 0x18, 0xff,
    0x18, 0x18, 0x18, 0xff, 0x18, 0x18, 0x18, 0xff, 0x20, 0x1c, 0x18, 0xff,
    0x20, 0x18, 0x18, 0xff, 0x18, 0x18, 0x18, 0xff, 0x20, 0x1c, 0x18, 0xff,
    0x18, 0x1c, 0x18, 0xff, 0x20, 0x18, 0x18, 0xff, 0x18, 0x1c, 0x18, 0xff,
    0x18, 0x18, 0x18, 0xff, 0x20, 0x18, 0x18, 0xff, 0x20, 0x18, 0x18, 0xff,
    0x18, 0x1c, 0x18, 0xff, 0x20, 0x18, 0x18, 0xff, 0x20, 0x1c, 0x18, 0xff,
    0x18, 0x18, 0x18, 0xff, 0x18, 0x18, 0x18, 0xff, 0x20, 0x18, 0x18, 0xff,
    0x18, 0x18, 0x18, 0xff, 0x18, 0x1c, 0x18, 0xff, 0x20, 0x18, 0x18, 0xff,
    0x18, 0x18, 0x18, 0xff, 0x20, 0x1c, 0x18, 0xff, 0x20, 0x18, 0x18, 0xff,
    0x18, 0x18, 0x18, 0xff, 0x20, 0x18, 0x18, 0xff, 0x18, 0x1c, 0x18, 0xff,
    0x18, 0x18, 0x18, 0xff, 0x20, 0x18, 0x18, 0xff, 0x18, 0x1c, 0x18, 0xff,
    0x18, 0x18, 0x18, 0xff, 0x20, 0x18, 0x18, 0xff, 0x20, 0x18, 0x18, 0xff,
    0x18, 0x18, 0x18, 0xff, 0x20, 0x18, 0x18, 0xff, 0x18, 0x1c, 0x18, 0xff,
    0x18, 0x18, 0x18, 0xff, 0x20, 0x18, 0x18, 0xff, 0x20, 0x18, 0x18, 0xff,
    0x18, 0x18, 0x18, 0xff, 0x20, 0x18, 0x18, 0xff, 0x18, 0x1c, 0x18, 0xff,
    0x18, 0x18, 0x18, 0xff, 0x20, 0x18, 0x18, 0xff, 0x18, 0x1c, 0x18, 0xff,
    0x20, 0x18, 0x18, 0xff, 0x20, 0x18, 0x18, 0xff, 0x18, 0x18, 0x18, 0xff,
    0x20, 0x18, 0x18, 0xff, 0x18, 0x18, 0x18, 0xff, 0x18, 0x18, 0x18, 0xff,
    0x20, 0x1c, 0x18, 0xff, 0x18, 0x18, 0x18, 0xff, 0x18, 0x18, 0x18, 0xff,
    0x20, 0x1c, 0x18, 0xff, 0x18, 0x18, 0x18, 0xff, 0x20, 0x18, 0x18, 0xff,
    0x18, 0x18, 0x18, 0xff, 0x18, 0x18, 0x18, 0xff, 0x20, 0x1c, 0x18, 0xff,
    0x18, 0x18, 0x18, 0xff, 0x20, 0x18, 0x18, 0xff, 0x20, 0x1c, 0x18, 0xff,
    0x18, 0x18, 0x18, 0xff, 0x18, 0x1c, 0x18, 0xff, 0x20, 0x18, 0x18, 0xff,
    0x18, 0x1c, 0x18, 0xff, 0x20, 0x18, 0x18, 0xff, 0x20, 0x18, 0x18, 0xff,
    0x18, 0x1c, 0x18, 0xff, 0x20, 0x18, 0x18, 0xff, 0x18, 0x18, 0x18, 0xff,
    0x18, 0x18, 0x18, 0xff, 0x18, 0x1c, 0x18, 0xff, 0x20, 0x18, 0x18, 0xff,
    0x18, 0x18, 0x18, 0xff, 0x20, 0x18, 0x18, 0xff, 0x20, 0x1c, 0x18, 0xff,
    0x18, 0x18, 0x18, 0xff, 0x18, 0x18, 0x18, 0xff, 0x20, 0x18, 0x18, 0xff,
    0x18, 0x1c, 0x18, 0xff, 0x18, 0x18, 0x18, 0xff, 0x20, 0x18, 0x18, 0xff,
    0x18, 0x1c, 0x18, 0xff, 0x20, 0x18, 0x18, 0xff, 0x38, 0x38, 0x38, 0xf3,
    0x78, 0x78, 0x78, 0x49, 0xf8, 0xfc, 0xf8, 0x00, 0xf8, 0xfc, 0xf8, 0x00,
    0xf8, 0xfc, 0xf8, 0x00, 0xf8, 0xfc, 0xf8, 0x00, 0xf8, 0xfc, 0xf8, 0x00,
    0xf8, 0xfc, 0xf8, 0x00, 0x88, 0x84, 0x80, 0x49, 0x58, 0x58, 0x58, 0xf3,
    0x30, 0x30, 0x30, 0xff, 0x38, 0x30, 0x30, 0xff, 0x30, 0x30, 0x30, 0xff,
    0x30, 0x30, 0x30, 0xff, 0x30, 0x30, 0x30, 0xff, 0x30, 0x30, 0x30, 0xff,
    0x30, 0x30, 0x30, 0xff, 0x38, 0x30, 0x30, 0xff, 0x30, 0x30, 0x28, 0xff,
    0x30, 0x30, 0x30, 0xff, 0x30, 0x30, 0x30, 0xff, 0x30, 0x30, 0x30, 0xff,
    0x38, 0x30, 0x30, 0xff, 0x30, 0x30, 0x30, 0xff, 0x30, 0x30, 0x30, 0xff,
    0x30, 0x30, 0x30, 0xff, 0x30, 0x2c, 0x30, 0xff, 0x30, 0x30, 0x30, 0xff,
    0x30, 0x30, 0x30, 0xff, 0x30, 0x2c, 0x28, 0xff, 0x30, 0x30, 0x28, 0xff,
    0x30, 0x30, 0x30, 0xff, 0x30, 0x30, 0x28, 0xff, 0x30, 0x30, 0x30, 0xff,
    0x30, 0x2c, 0x30, 0xff, 0x30, 0x30, 0x28, 0xff, 0x30, 0x30, 0x30, 0xff,
    0x30, 0x2c, 0x30, 0xff, 0x30, 0x30, 0x28, 0xff, 0x30, 0x2c, 0x30, 0xff,
    0x30, 0x30, 0x30, 0xff, 0x30, 0x2c, 0x28, 0xff, 0x30, 0x30, 0x30, 0xff,
    0x30, 0x2c, 0x30, 0xff, 0x30, 0x30, 0x28, 0xff, 0x30, 0x30, 0x30, 0xff,
    0x28, 0x2c, 0x28, 0xff, 0x30, 0x2c, 0x30, 0xff, 0x30, 0x2c, 0x30, 0xff,
    0x30, 0x2c, 0x28, 0xff, 0x30, 0x2c, 0x30, 0xff, 0x28, 0x30, 0x30, 0xff,
    0x30, 0x2c, 0x28, 0xff, 0x30, 0x2c, 0x28, 0xff, 0x28, 0x2c, 0x30, 0xff,
    0x30, 0x2c, 0x28, 0xff, 0x30, 0x30, 0x30, 0xff, 0x30, 0x2c, 0x28, 0xff,
    0x30, 0x2c, 0x28, 0xff, 0x28, 0x2c, 0x30, 0xff, 0x30, 0x2c, 0x28, 0xff,
    0x30, 0x2c, 0x28, 0xff, 0x28, 0x2c, 0x30, 0xff, 0x30, 0x2c, 0x28, 0xff,
    0x28, 0x2c, 0x30, 0xff, 0x30, 0x2c, 0x28, 0xff, 0x28, 0x2c, 0x30, 0xff,
    0x30, 0x2c, 0x30, 0xff, 0x30, 0x2c, 0x28, 0xff, 0x30, 0x28, 0x28, 0xff,
    0x28, 0x2c, 0x28, 0xff, 0x30, 0x28, 0x30, 0xff, 0x28, 0x2c, 0x28, 0xff,
    0x30, 0x2c, 0x28, 0xff, 0x28, 0x2c, 0x30, 0xff, 0x28, 0x2c, 0x28, 0xff,
    0x30, 0x2c, 0x30, 0xff, 0x28, 0x28, 0x28, 0xff, 0x30, 0x2c, 0x28, 0xff,
    0x30, 0x2c, 0x28, 0xff, 0x28, 0x2c, 0x30, 0xff, 0x30, 0x28, 0x28, 0xff,
    0x28, 0x2c, 0x28, 0xff, 0x28, 0x2c, 0x30, 0xff, 0x30, 0x28, 0x28, 0xff,
    0x28, 0x2c, 0x28, 0xff, 0x28, 0x28, 0x28, 0xff, 0x30, 0x2c, 0x28, 0xff,
    0x28, 0x2c, 0x28, 0xff, 0x30, 0x28, 0x28, 0xff, 0x28, 0x2c, 0x30, 0xff,
    0x28, 0x28, 0x28, 0xff, 0x30, 0x2c, 0x28, 0xff, 0x28, 0x28, 0x28, 0xff,
    0x28, 0x28, 0x28, 0xff, 0x30, 0x28, 0x28, 0xff, 0x28, 0x28, 0x28, 0xff,
    0x28, 0x28, 0x28, 0xff, 0x30, 0x28, 0x28, 0xff, 0x28, 0x2c, 0x28, 0xff,
    0x30, 0x28, 0x28, 0xff, 0x28, 0x28, 0x28, 0xff, 0x28, 0x2c, 0x28, 0xff,
    0x30, 0x28, 0x28, 0xff, 0x28, 0x28, 0x28, 0xff, 0x28, 0x2c, 0x28, 0xff,
    0x30, 0x28, 0x28, 0xff, 0x28, 0x28, 0x28, 0xff, 0x28, 0x28, 0x28, 0xff,
    0x30, 0x28, 0x28, 0xff, 0x28, 0x28, 0x28, 0xff, 0x28, 0x28, 0x28, 0xff,
    0x30, 0x28, 0x28, 0xff, 0x28, 0x28, 0x28, 0xff, 0x28, 0x28, 0x28, 0xff,
    0x28, 0x28, 0x20, 0xff, 0x28, 0x28, 0x28, 0xff, 0x28, 0x28, 0x28, 0xff,
    0x28, 0x28, 0x20, 0xff, 0x28, 0x28, 0x28, 0xff, 0x28, 0x28, 0x28, 0xff,
    0x28, 0x28, 0x20, 0xff, 0x30, 0x24, 0x28, 0xff, 0x28, 0x28, 0x28, 0xff,
    0x28, 0x28, 0x28, 0xff, 0x28, 0x28, 0x28, 0xff, 0x28, 0x28, 0x28, 0xff,
    0x28, 0x24, 0x28, 0xff, 0x30, 0x28, 0x20, 0xff, 0x28, 0x28, 0x28, 0xff,
    0x28, 0x28, 0x28, 0xff, 0x28, 0x24, 0x20, 0xff, 0x28, 0x28, 0x28, 0xff,
    0x28, 0x24, 0x20, 0xff, 0x28, 0x24, 0x28, 0xff, 0x28, 0x28, 0x20, 0xff,
    0x28, 0x24, 0x28, 0xff, 0x28, 0x28, 0x28, 0xff, 0x28, 0x28, 0x20, 0xff,
    0x28, 0x24, 0x28, 0xff, 0x28, 0x28, 0x28, 0xff, 0x28, 0x28, 0x20, 0xff,
    0x28, 0x28, 0x28, 0xff, 0x28, 0x24, 0x20, 0xff, 0x28, 0x24, 0x20, 0xff,
    0x28, 0x24, 0x28, 0xff, 0x28, 0x28, 0x20, 0xff, 0x28, 0x24, 0x20, 0xff,
    0x28, 0x24, 0x28, 0xff, 0x28, 0x28, 0x20, 0xff, 0x20, 0x24, 0x28, 0xff,
    0x28, 0x24, 0x28, 0xff, 0x28, 0x28, 0x20, 0xff, 0x28, 0x24, 0x28, 0xff,
    0x28, 0x28, 0x20, 0xff, 0x28, 0x24, 0x20, 0xff, 0x28, 0x24, 0x20, 0xff,
    0x20, 0x24, 0x28, 0xff, 0x28, 0x24, 0x20, 0xff, 0x28, 0x24, 0x20, 0xff,
    0x28, 0x24, 0x28, 0xff, 0x20, 0x24, 0x20, 0xff, 0x28, 0x24, 0x20, 0xff,
    0x28, 0x24, 0x28, 0xff, 0x28, 0x24, 0x20, 0xff, 0x20, 0x24, 0x28, 0xff,
    0x28, 0x24, 0x20, 0xff, 0x28, 0x24, 0x20, 0xff, 0x28, 0x24, 0x28, 0xff,
    0x28, 0x24, 0x28, 0xff, 0x28, 0x24, 0x20, 0xff, 0x28, 0x24, 0x20, 0xff,
    0x20, 0x20, 0x20, 0xff, 0x28, 0x24, 0x28, 0xff, 0x20, 0x24, 0x20, 0xff,
    0x28, 0x20, 0x20, 0xff, 0x28, 0x24, 0x20, 0xff, 0x20, 0x24, 0x28, 0xff,
    0x28, 0x24, 0x20, 0xff, 0x28, 0x24, 0x20, 0xff, 0x20, 0x20, 0x20, 0xff,
    0x28, 0x24, 0x20, 0xff, 0x28, 0x24, 0x28, 0xff, 0x20, 0x20, 0x20, 0xff,
    0x28, 0x24, 0x20, 0xff, 0x28, 0x24, 0x20, 0xff, 0x20, 0x20, 0x20, 0xff,
    0x28, 0x20, 0x20, 0xff, 0x28, 0x24, 0x20, 0xff, 0x20, 0x20, 0x28, 0xff,
    0x20, 0x24, 0x20, 0xff, 0x28, 0x20, 0x20, 0xff, 0x28, 0x24, 0x28, 0xff,
    0x20, 0x24, 0x20, 0xff, 0x28, 0x20, 0x20, 0xff, 0x28, 0x24, 0x20, 0xff,
    0x20, 0x20, 0x20, 0xff, 0x28, 0x20, 0x20, 0xff, 0x20, 0x20, 0x20, 0xff,
    0x28, 0x20, 0x20, 0xff, 0x28, 0x24, 0x20, 0xff, 0x20, 0x20, 0x20, 0xff,
    0x20, 0x20, 0x20, 0xff, 0x28, 0x24, 0x20, 0xff, 0x20, 0x20, 0x20, 0xff,
    0x20, 0x20, 0x20, 0xff, 0x28, 0x20, 0x20, 0xff, 0x28, 0x20, 0x20, 0xff,
    0x20, 0x20, 0x20, 0xff, 0x20, 0x20, 0x20, 0xff, 0x28, 0x20, 0x20, 0xff,
    0x20, 0x20, 0x20, 0xff, 0x20, 0x20, 0x20, 0xff, 0x28, 0x20, 0x20, 0xff,
    0x20, 0x20, 0x20, 0xff, 0x20, 0x20, 0x20, 0xff, 0x28, 0x20, 0x20, 0xff,
    0x20, 0x20, 0x20, 0xff, 0x20, 0x20, 0x20, 0xff, 0x28, 0x20, 0x18, 0xff,
    0x20, 0x20, 0x20, 0xff, 0x20, 0x20, 0x20, 0xff, 0x20, 0x20, 0x18, 0xff,
    0x20, 0x20, 0x20, 0xff, 0x28, 0x20, 0x20, 0xff, 0x20, 0x20, 0x20, 0xff,
    0x20, 0x20, 0x20, 0xff, 0x28, 0x20, 0x20, 0xff, 0x20, 0x1c, 0x20, 0xff,
    0x20, 0x20, 0x20, 0xff, 0x28, 0x20, 0x18, 0xff, 0x20, 0x20, 0x20, 0xff,
    0x20, 0x20, 0x20, 0xff, 0x20, 0x20, 0x20, 0xff, 0x20, 0x20, 0x20, 0xff,
    0x20, 0x20, 0x20, 0xff, 0x20, 0x1c, 0x20, 0xff, 0x20, 0x20, 0x20, 0xff,
    0x20, 0x20, 0x20, 0xff, 0x20, 0x20, 0x20, 0xff, 0x28, 0x20, 0x20, 0xff,
    0x20, 0x1c, 0x18, 0xff, 0x20, 0x20, 0x20, 0xff, 0x20, 0x1c, 0x18, 0xff,
    0x20, 0x1c, 0x20, 0xff, 0x20, 0x20, 0x20, 0xff, 0x20, 0x20, 0x18, 0xff,
    0x20, 0x1c, 0x18, 0xff, 0x20, 0x20, 0x20, 0xff, 0x20, 0x1c, 0x20, 0xff,
    0x20, 0x20, 0x18, 0xff, 0x20, 0x1c, 0x20, 0xff, 0x20, 0x1c, 0x18, 0xff,
    0x20, 0x20, 0x20, 0xff, 0x20, 0x1c, 0x20, 0xff, 0x20, 0x1c, 0x18, 0xff,
    0x20, 0x20, 0x20, 0xff, 0x20, 0x1c, 0x18, 0xff, 0x20, 0x1c, 0x18, 0xff,
    0x20, 0x1c, 0x20, 0xff, 0x20, 0x1c, 0x20, 0xff, 0x20, 0x1c, 0x18, 0xff,
    0x20, 0x1c, 0x20, 0xff, 0x20, 0x20, 0x18, 0xff, 0x20, 0x1c, 0x18, 0xff,
    0x20, 0x1c, 0x20, 0xff, 0x20, 0x20, 0x18, 0xff, 0x20, 0x20, 0x20, 0xff,
    0x20, 0x1c, 0x20, 0xff, 0x20, 0x1c, 0x18, 0xff, 0x20, 0x1c, 0x20, 0xff,
    0x20, 0x20, 0x18, 0xff, 0x20, 0x1c, 0x20, 0xff, 0x20, 0x1c, 0x20, 0xff,
    0x20, 0x1c, 0x18, 0xff, 0x20, 0x1c, 0x20, 0xff, 0x20, 0x1c, 0x18, 0xff,
    0x20, 0x1c, 0x18, 0xff, 0x20, 0x1c, 0x20, 0xff, 0x20, 0x1c, 0x18, 0xff,
    0x20, 0x1c, 0x18, 0xff, 0x20, 0x1c, 0x20, 0xff, 0x20, 0x1c, 0x18, 0xff,
    0x20, 0x1c, 0x18, 0xff, 0x20, 0x1c, 0x20, 0xff, 0x20, 0x1c, 0x18, 0xff,
    0x20, 0x1c, 0x18, 0xff, 0x18, 0x1c, 0x20, 0xff, 0x20, 0x1c, 0x18, 0xff,
    0x20, 0x1c, 0x18, 0xff, 0x20, 0x1c, 0x20, 0xff, 0x18, 0x1c, 0x18, 0xff,
    0x20, 0x1c, 0x18, 0xff, 0x20, 0x1c, 0x18, 0xff, 0x18, 0x1c, 0x18, 0xff,
    0x20, 0x1c, 0x20, 0xff, 0x20, 0x18, 0x18, 0xff, 0x18, 0x1c, 0x18, 0xff,
    0x20, 0x1c, 0x20, 0xff, 0x20, 0x1c, 0x18, 0xff, 0x20, 0x1c, 0x18, 0xff,
    0x20, 0x18, 0x18, 0xff, 0x20, 0x1c, 0x20, 0xff, 0x18, 0x1c, 0x18, 0xff,
    0x20, 0x1c, 0x18, 0xff, 0x18, 0x1c, 0x20, 0xff, 0x20, 0x1c, 0x20, 0xff,
    0x20, 0x18, 0x18, 0xff, 0x18, 0x1c, 0x20, 0xff, 0x20, 0x1c, 0x18, 0xff,
    0x20, 0x1c, 0x18, 0xff, 0x18, 0x18, 0x18, 0xff, 0x20, 0x1c, 0x18, 0xff,
    0x20, 0x1c, 0x18, 0xff, 0x20, 0x18, 0x18, 0xff, 0x18, 0x18, 0x18, 0xff,
    0x20, 0x1c, 0x18, 0xff, 0x20, 0x18, 0x20, 0xff, 0x18, 0x1c, 0x18, 0xff,
    0x20, 0x18, 0x18, 0xff, 0x20, 0x18, 0x18, 0xff, 0x18, 0x1c, 0x18, 0xff,
    0x20, 0x1c, 0x18, 0xff, 0x18, 0x18, 0x18, 0xff, 0x20, 0x1c, 0x18, 0xff,
    0x20, 0x18, 0x18, 0xff, 0x18, 0x18, 0x18, 0xff, 0x20, 0x1c, 0x18, 0xff,
    0x20, 0x18, 0x18, 0xff, 0x18, 0x18, 0x18, 0xff, 0x20, 0x1c, 0x18, 0xff,
    0x20, 0x18, 0x18, 0xff, 0x18, 0x1c, 0x18, 0xff, 0x20, 0x18, 0x18, 0xff,
    0x20, 0x18, 0x18, 0xff, 0x18, 0x18, 0x18, 0xff, 0x20, 0x1c, 0x18, 0xff,
    0x18, 0x18, 0x18, 0xff, 0x20, 0x18, 0x18, 0xff, 0x20, 0x18, 0x18, 0xff,
    0x18, 0x18, 0x18, 0xff, 0x20, 0x18, 0x18, 0xff, 0x18, 0x1c, 0x18, 0xff,
    0x18, 0x18, 0x18, 0xff, 0x20, 0x18, 0x18, 0xff, 0x18, 0x18, 0x18, 0xff,
    0x20, 0x18, 0x18, 0xff, 0x18, 0x1c, 0x18, 0xff, 0x20, 0x18, 0x18, 0xff,
    0x20, 0x18, 0x18, 0xff, 0x18, 0x18, 0x18, 0xff, 0x20, 0x1c, 0x18, 0xff,
    0x18, 0x18, 0x18, 0xff, 0x18, 0x18, 0x18, 0xff, 0x20, 0x1c, 0x18, 0xff,
    0x18, 0x18, 0x18, 0xff, 0x18, 0x18, 0x18, 0xff, 0x20, 0x18, 0x18, 0xff,
    0x18, 0x18, 0x18, 0xff, 0x18, 0x18, 0x18, 0xff, 0x20, 0x18, 0x18, 0xff,
    0x18, 0x1c, 0x18, 0xff, 0x20, 0x18, 0x18, 0xff, 0x20, 0x18, 0x18, 0xff,
    0x18, 0x18, 0x18, 0xff, 0x20, 0x18, 0x18, 0xff, 0x18, 0x18, 0x18, 0xff,
    0x18, 0x18, 0x18, 0xff, 0x20, 0x18, 0x18, 0xff, 0x18, 0x18, 0x18, 0xff,
    0x18, 0x18, 0x18, 0xff, 0x20, 0x18, 0x18, 0xff, 0x20, 0x18, 0x18, 0xff,
    0x18, 0x18, 0x18, 0xff, 0x18, 0x1c, 0x18, 0xff, 0x20, 0x18, 0x18, 0xff,
    0x18, 0x18, 0x18, 0xff, 0x20, 0x18, 0x18, 0xff, 0x18, 0x18, 0x18, 0xff,
    0x20, 0x18, 0x18, 0xff, 0x20, 0x1c, 0x18, 0xff, 0x18, 0x18, 0x18, 0xff,
    0x20, 0x18, 0x18, 0xff, 0x20, 0x1c, 0x18, 0xff, 0x18, 0x18, 0x18, 0xff,
    0x20, 0x18, 0x18, 0xff, 0x18, 0x18, 0x18, 0xff, 0x18, 0x18, 0x18, 0xff,
    0x18, 0x18, 0x18, 0xff, 0x20, 0x18, 0x18, 0xff, 0x20, 0x1c, 0x18, 0xff,
    0x18, 0x18, 0x18, 0xff, 0x20, 0x18, 0x18, 0xff, 0x20, 0x18, 0x18, 0xff,
    0x18, 0x1c, 0x18, 0xff, 0x20, 0x18, 0x18, 0xff, 0x18, 0x18, 0x18, 0xff,
    0x18, 0x1c, 0x18, 0xff, 0x20, 0x18, 0x18, 0xff, 0x20, 0x18, 0x18, 0xff,
    0x18, 0x1c, 0x18, 0xff, 0x20, 0x18, 0x18, 0xff, 0x18, 0x1c, 0x18, 0xff,
    0x18, 0x1c, 0x18, 0xff, 0x20, 0x18, 0x18, 0xff, 0x20, 0x18, 0x18, 0xff,
    0x18, 0x18, 0x18, 0xff, 0x20, 0x18, 0x18, 0xff, 0x18, 0x18, 0x18, 0xff,
    0x18, 0x18, 0x18, 0xff, 0x20, 0x1c, 0x18, 0xff, 0x18, 0x18, 0x18, 0xff,
    0x20, 0x1c, 0x18, 0xff, 0x20, 0x18, 0x18, 0xff, 0x20, 0x18, 0x18, 0xff,
    0x18, 0x1c, 0x18, 0xff, 0x20, 0x18, 0x18, 0xff, 0x20, 0x18, 0x18, 0xff,
    0x18, 0x18, 0x18, 0xff, 0x20, 0x18, 0x18, 0xff, 0x20, 0x18, 0x18, 0xff,
    0x18, 0x1c, 0x18, 0xff, 0x20, 0x18, 0x18, 0xff, 0x18, 0x18, 0x18, 0xff,
    0x20, 0x18, 0x18, 0xff, 0x18, 0x1c, 0x18, 0xff, 0x18, 0x18, 0x18, 0xff,
    0x20, 0x18, 0x18, 0xff, 0x20, 0x18, 0x18, 0xff, 0x20, 0x18, 0x18, 0xff,
    0x18, 0x18, 0x18, 0xff, 0x18, 0x1c, 0x18, 0xff, 0x20, 0x18, 0x18, 0xff,
    0x18, 0x18, 0x18, 0xff, 0x20, 0x18, 0x18, 0xff, 0x20, 0x18, 0x18, 0xff,
    0x20, 0x18, 0x18, 0xff, 0x18, 0x18, 0x18, 0xff, 0x20, 0x18, 0x18, 0xff,
    0x18, 0x1c, 0x18, 0xff, 0x18, 0x18, 0x18, 0xff, 0x20, 0x18, 0x18, 0xff,
    0x20, 0x18, 0x18, 0xff, 0x18, 0x1c, 0x18, 0xff, 0x20, 0x18, 0x18, 0xff,
    0x20, 0x18, 0x18, 0xff, 0x18, 0x18, 0x18, 0xff, 0x20, 0x1c, 0x18, 0xff,
    0x18, 0x18, 0x18, 0xff, 0x20, 0x18, 0x18, 0xff, 0x48, 0x44, 0x40, 0xf3,
    0x78, 0x78, 0x78, 0x49, 0xf8, 0xfc, 0xf8, 0x00, 0xf8, 0xfc, 0xf8, 0x00,
    0xf8, 0xfc, 0xf8, 0x00, 0xf8, 0xfc, 0xf8, 0x00, 0xf8, 0xfc, 0xf8, 0x00,
    0xf8, 0xfc, 0xf8, 0x00, 0xf8, 0xfc, 0xf8, 0x00, 0xf8, 0xfc, 0xf8, 0x00,
    0x98, 0x94, 0x90, 0x20, 0x78, 0x74, 0x70, 0xba, 0x48, 0x48, 0x48, 0xff,
    0x30, 0x30, 0x30, 0xff, 0x30, 0x30, 0x28, 0xff, 0x30, 0x30, 0x30, 0xff,
    0x30, 0x30, 0x30, 0xff, 0x30, 0x30, 0x30, 0xff, 0x30, 0x30, 0x30, 0xff,
    0x30, 0x30, 0x30, 0xff, 0x30, 0x30, 0x30, 0xff, 0x38, 0x30, 0x30, 0xff,
    0x30, 0x30, 0x28, 0xff, 0x30, 0x30, 0x30, 0xff, 0x30, 0x30, 0x30, 0xff,
    0x30, 0x30, 0x28, 0xff, 0x30, 0x30, 0x30, 0xff, 0x30, 0x30, 0x30, 0xff,
    0x30, 0x30, 0x30, 0xff, 0x30, 0x2c, 0x30, 0xff, 0x30, 0x30, 0x30, 0xff,
    0x30, 0x30, 0x30, 0xff, 0x30, 0x2c, 0x30, 0xff, 0x30, 0x30, 0x28, 0xff,
    0x30, 0x30, 0x30, 0xff, 0x30, 0x2c, 0x28, 0xff, 0x30, 0x2c, 0x28, 0xff,
    0x30, 0x30, 0x30, 0xff, 0x30, 0x2c, 0x30, 0xff, 0x30, 0x2c, 0x28, 0xff,
    0x28, 0x30, 0x30, 0xff, 0x30, 0x2c, 0x28, 0xff, 0x30, 0x30, 0x30, 0xff,
    0x28, 0x2c, 0x28, 0xff, 0x30, 0x2c, 0x30, 0xff, 0x30, 0x30, 0x30, 0xff,
    0x30, 0x2c, 0x28, 0xff, 0x30, 0x2c, 0x28, 0xff, 0x30, 0x30, 0x30, 0xff,
    0x30, 0x2c, 0x28, 0xff, 0x28, 0x2c, 0x28, 0xff, 0x30, 0x30, 0x30, 0xff,
    0x30, 0x2c, 0x30, 0xff, 0x30, 0x2c, 0x28, 0xff, 0x30, 0x30, 0x30, 0xff,
    0x30, 0x2c, 0x28, 0xff, 0x28, 0x2c, 0x30, 0xff, 0x30, 0x2c, 0x30, 0xff,
    0x30, 0x2c, 0x28, 0xff, 0x28, 0x2c, 0x30, 0xff, 0x30, 0x2c, 0x28, 0xff,
    0x30, 0x2c, 0x28, 0xff, 0x30, 0x2c, 0x30, 0xff, 0x28, 0x2c, 0x28, 0xff,
    0x30, 0x2c, 0x28, 0xff, 0x30, 0x2c, 0x30, 0xff, 0x28, 0x2c, 0x28, 0xff,
    0x30, 0x2c, 0x28, 0xff, 0x28, 0x2c, 0x30, 0xff, 0x30, 0x2c, 0x28, 0xff,
    0x30, 0x2c, 0x28, 0xff, 0x28, 0x2c, 0x28, 0xff, 0x30, 0x2c, 0x28, 0xff,
    0x30, 0x28, 0x30, 0xff, 0x30, 0x2c, 0x28, 0xff, 0x30, 0x28, 0x28, 0xff,
    0x28, 0x2c, 0x30, 0xff, 0x28, 0x2c, 0x28, 0xff, 0x30, 0x28, 0x28, 0xff,
    0x28, 0x2c, 0x30, 0xff, 0x28, 0x2c, 0x28, 0xff, 0x30, 0x2c, 0x28, 0xff,
    0x30, 0x28, 0x28, 0xff, 0x30, 0x28, 0x28, 0xff, 0x28, 0x2c, 0x28, 0xff,
    0x30, 0x2c, 0x28, 0xff, 0x30, 0x28, 0x28, 0xff, 0x28, 0x28, 0x30, 0xff,
    0x30, 0x2c, 0x28, 0xff, 0x28, 0x28, 0x28, 0xff, 0x28, 0x2c, 0x28, 0xff,
    0x30, 0x2c, 0x28, 0xff, 0x28, 0x28, 0x28, 0xff, 0x28, 0x2c, 0x28, 0xff,
    0x30, 0x28, 0x28, 0xff, 0x28, 0x28, 0x28, 0xff, 0x28, 0x2c, 0x28, 0xff,
    0x30, 0x28, 0x28, 0xff, 0x28, 0x28, 0x28, 0xff, 0x28, 0x28, 0x28, 0xff,
    0x30, 0x28, 0x28, 0xff, 0x28, 0x28, 0x28, 0xff, 0x28, 0x28, 0x28, 0xff,
    0x30, 0x28, 0x28, 0xff, 0x28, 0x2c, 0x28, 0xff, 0x28, 0x28, 0x28, 0xff,
    0x28, 0x28, 0x28, 0xff, 0x28, 0x28, 0x28, 0xff, 0x28, 0x28, 0x28, 0xff,
    0x28, 0x28, 0x28, 0xff, 0x30, 0x28, 0x20, 0xff, 0x28, 0x28, 0x28, 0xff,
    0x28, 0x28, 0x28, 0xff, 0x30, 0x28, 0x20, 0xff, 0x28, 0x28, 0x28, 0xff,
    0x28, 0x28, 0x28, 0xff, 0x28, 0x28, 0x28, 0xff, 0x28, 0x28, 0x28, 0xff,
    0x30, 0x28, 0x28, 0xff, 0x28, 0x28, 0x28, 0xff, 0x28, 0x24, 0x28, 0xff,
    0x30, 0x28, 0x28, 0xff, 0x28, 0x28, 0x28, 0xff, 0x28, 0x28, 0x28, 0xff,
    0x28, 0x24, 0x20, 0xff, 0x28, 0x28, 0x28, 0xff, 0x28, 0x28, 0x20, 0xff,
    0x28, 0x28, 0x28, 0xff, 0x28, 0x28, 0x28, 0xff, 0x28, 0x24, 0x28, 0xff,
    0x28, 0x28, 0x28, 0xff, 0x28, 0x28, 0x28, 0xff, 0x28, 0x24, 0x20, 0xff,
    0x28, 0x28, 0x28, 0xff, 0x28, 0x28, 0x28, 0xff, 0x28, 0x24, 0x20, 0xff,
    0x28, 0x24, 0x28, 0xff, 0x28, 0x28, 0x28, 0xff, 0x28, 0x24, 0x20, 0xff,
    0x28, 0x24, 0x28, 0xff, 0x28, 0x28, 0x28, 0xff, 0x28, 0x24, 0x20, 0xff,
    0x28, 0x24, 0x28, 0xff, 0x28, 0x28, 0x28, 0xff, 0x28, 0x24, 0x20, 0xff,
    0x28, 0x24, 0x28, 0xff, 0x28, 0x24, 0x28, 0xff, 0x20, 0x24, 0x20, 0xff,
    0x28, 0x24, 0x28, 0xff, 0x28, 0x28, 0x20, 0xff, 0x28, 0x24, 0x20, 0xff,
    0x28, 0x24, 0x28, 0xff, 0x28, 0x24, 0x20, 0xff, 0x28, 0x24, 0x28, 0xff,
    0x20, 0x24, 0x28, 0xff, 0x28, 0x24, 0x20, 0xff, 0x28, 0x28, 0x28, 0xff,
    0x28, 0x24, 0x28, 0xff, 0x28, 0x24, 0x20, 0xff, 0x20, 0x24, 0x20, 0xff,
    0x28, 0x24, 0x28, 0xff, 0x28, 0x24, 0x20, 0xff, 0x28, 0x24, 0x20, 0xff,
    0x20, 0x24, 0x28, 0xff, 0x28, 0x24, 0x20, 0xff, 0x28, 0x24, 0x20, 0xff,
    0x28, 0x24, 0x28, 0xff, 0x20, 0x24, 0x20, 0xff, 0x28, 0x24, 0x20, 0xff,
    0x28, 0x24, 0x20, 0xff, 0x20, 0x24, 0x20, 0xff, 0x28, 0x24, 0x20, 0xff,
    0x28, 0x20, 0x20, 0xff, 0x20, 0x24, 0x20, 0xff, 0x28, 0x24, 0x20, 0xff,
    0x28, 0x24, 0x28, 0xff, 0x20, 0x20, 0x20, 0xff, 0x28, 0x24, 0x20, 0xff,
    0x20, 0x24, 0x20, 0xff, 0x28, 0x20, 0x28, 0xff, 0x20, 0x24, 0x20, 0xff,
    0x20, 0x24, 0x20, 0xff, 0x28, 0x24, 0x20, 0xff, 0x20, 0x24, 0x20, 0xff,
    0x28, 0x20, 0x20, 0xff, 0x28, 0x20, 0x20, 0xff, 0x20, 0x24, 0x20, 0xff,
    0x20, 0x24, 0x20, 0xff, 0x28, 0x20, 0x20, 0xff, 0x20, 0x24, 0x20, 0xff,
    0x28, 0x24, 0x20, 0xff, 0x20, 0x20, 0x20, 0xff, 0x28, 0x20, 0x20, 0xff,
    0x20, 0x24, 0x20, 0xff, 0x20, 0x20, 0x20, 0xff, 0x28, 0x24, 0x20, 0xff,
    0x20, 0x24, 0x20, 0xff, 0x28, 0x24, 0x20, 0xff, 0x28, 0x20, 0x20, 0xff,
    0x20, 0x20, 0x20, 0xff, 0x20, 0x20, 0x20, 0xff, 0x28, 0x20, 0x20, 0xff,
    0x20, 0x24, 0x20, 0xff, 0x20, 0x20, 0x20, 0xff, 0x28, 0x20, 0x20, 0xff,
    0x20, 0x20, 0x20, 0xff, 0x20, 0x24, 0x20, 0xff, 0x28, 0x24, 0x20, 0xff,
    0x20, 0x20, 0x20, 0xff, 0x20, 0x20, 0x20, 0xff, 0x28, 0x24, 0x20, 0xff,
    0x20, 0x24, 0x20, 0xff, 0x28, 0x20, 0x20, 0xff, 0x20, 0x20, 0x20, 0xff,
    0x28, 0x20, 0x20, 0xff, 0x20, 0x20, 0x20, 0xff, 0x28, 0x20, 0x20, 0xff,
    0x20, 0x20, 0x20, 0xff, 0x20, 0x20, 0x20, 0xff, 0x20, 0x20, 0x20, 0xff,
    0x28, 0x20, 0x20, 0xff, 0x20, 0x20, 0x20, 0xff, 0x28, 0x20, 0x20, 0xff,
    0x20, 0x20, 0x20, 0xff, 0x20, 0x20, 0x20, 0xff, 0x20, 0x20, 0x20, 0xff,
    0x20, 0x20, 0x18, 0xff, 0x20, 0x20, 0x20, 0xff, 0x28, 0x20, 0x18, 0xff,
    0x20, 0x20, 0x20, 0xff, 0x20, 0x1c, 0x20, 0xff, 0x28, 0x20, 0x20, 0xff,
    0x20, 0x20, 0x18, 0xff, 0x28, 0x1c, 0x20, 0xff, 0x20, 0x20, 0x18, 0xff,
    0x20, 0x20, 0x20, 0xff, 0x28, 0x20, 0x18, 0xff, 0x20, 0x20, 0x20, 0xff,
    0x20, 0x1c, 0x20, 0xff, 0x20, 0x20, 0x18, 0xff, 0x20, 0x20, 0x20, 0xff,
    0x20, 0x20, 0x20, 0xff, 0x20, 0x1c, 0x18, 0xff, 0x28, 0x20, 0x20, 0xff,
    0x20, 0x20, 0x20, 0xff, 0x20, 0x1c, 0x18, 0xff, 0x28, 0x1c, 0x20, 0xff,
    0x20, 0x20, 0x20, 0xff, 0x20, 0x20, 0x18, 0xff, 0x20, 0x1c, 0x20, 0xff,
    0x20, 0x20, 0x18, 0xff, 0x20, 0x20, 0x20, 0xff, 0x20, 0x1c, 0x20, 0xff,
    0x20, 0x20, 0x18, 0xff, 0x20, 0x20, 0x20, 0xff, 0x20, 0x1c, 0x20, 0xff,
    0x20, 0x20, 0x18, 0xff, 0x20, 0x1c, 0x20, 0xff, 0x20, 0x1c, 0x20, 0xff,
    0x20, 0x20, 0x18, 0xff, 0x20, 0x20, 0x18, 0xff, 0x20, 0x1c, 0x20, 0xff,
    0x20, 0x1c, 0x20, 0xff, 0x20, 0x1c, 0x18, 0xff, 0x20, 0x1c, 0x20, 0xff,
    0x20, 0x1c, 0x20, 0xff, 0x20, 0x1c, 0x18, 0xff, 0x20, 0x1c, 0x18, 0xff,
    0x20, 0x1c, 0x20, 0xff, 0x20, 0x20, 0x18, 0xff, 0x20, 0x1c, 0x20, 0xff,
    0x20, 0x1c, 0x18, 0xff, 0x20, 0x1c, 0x18, 0xff, 0x18, 0x1c, 0x20, 0xff,
    0x20, 0x1c, 0x18, 0xff, 0x20, 0x1c, 0x18, 0xff, 0x20, 0x1c, 0x20, 0xff,
    0x20, 0x1c, 0x18, 0xff, 0x20, 0x1c, 0x20, 0xff, 0x20, 0x1c, 0x20, 0xff,
    0x20, 0x1c, 0x18, 0xff, 0x18, 0x1c, 0x20, 0xff, 0x20, 0x1c, 0x18, 0xff,
    0x20, 0x1c, 0x18, 0xff, 0x18, 0x1c, 0x20, 0xff, 0x20, 0x1c, 0x18, 0xff,
    0x20, 0x1c, 0x20, 0xff, 0x20, 0x1c, 0x18, 0xff, 0x20, 0x1c, 0x20, 0xff,
    0x20, 0x1c, 0x18, 0xff, 0x20, 0x1c, 0x18, 0xff, 0x20, 0x1c, 0x20, 0xff,
    0x20, 0x1c, 0x18, 0xff, 0x20, 0x1c, 0x18, 0xff, 0x20, 0x1c, 0x20, 0xff,
    0x20, 0x18, 0x18, 0xff, 0x20, 0x1c, 0x18, 0xff, 0x20, 0x1c, 0x18, 0xff,
    0x20, 0x18, 0x20, 0xff, 0x18, 0x1c, 0x18, 0xff, 0x20, 0x1c, 0x18, 0xff,
    0x18, 0x18, 0x20, 0xff, 0x20, 0x1c, 0x18, 0xff, 0x20, 0x1c, 0x18, 0xff,
    0x20, 0x18, 0x20, 0xff, 0x20, 0x1c, 0x18, 0xff, 0x18, 0x1c, 0x18, 0xff,
    0x20, 0x1c, 0x18, 0xff, 0x20, 0x1c, 0x18, 0xff, 0x18, 0x1c, 0x18, 0xff,
    0x20, 0x1c, 0x20, 0xff, 0x20, 0x18, 0x18, 0xff, 0x18, 0x18, 0x18, 0xff,
    0x20, 0x1c, 0x20, 0xff, 0x20, 0x18, 0x18, 0xff, 0x18, 0x1c, 0x18, 0xff,
    0x20, 0x1c, 0x20, 0xff, 0x18, 0x18, 0x18, 0xff, 0x20, 0x1c, 0x18, 0xff,
    0x20, 0x18, 0x18, 0xff, 0x18, 0x1c, 0x18, 0xff, 0x20, 0x18, 0x20, 0xff,
    0x20, 0x1c, 0x18, 0xff, 0x18, 0x18, 0x18, 0xff, 0x20, 0x1c, 0x18, 0xff,
    0x18, 0x1c, 0x18, 0xff, 0x20, 0x18, 0x18, 0xff, 0x20, 0x1c, 0x20, 0xff,
    0x18, 0x1c, 0x18, 0xff, 0x20, 0x18, 0x18, 0xff, 0x18, 0x1c, 0x20, 0xff,
    0x20, 0x18, 0x18, 0xff, 0x20, 0x1c, 0x18, 0xff, 0x18, 0x1c, 0x18, 0xff,
    0x18, 0x18, 0x18, 0xff, 0x20, 0x18, 0x18, 0xff, 0x18, 0x18, 0x18, 0xff,
    0x18, 0x18, 0x18, 0xff, 0x20, 0x1c, 0x18, 0xff, 0x18, 0x18, 0x18, 0xff,
    0x18, 0x18, 0x18, 0xff, 0x20, 0x1c, 0x18, 0xff, 0x20, 0x18, 0x18, 0xff,
    0x18, 0x18, 0x18, 0xff, 0x20, 0x18, 0x18, 0xff, 0x18, 0x1c, 0x18, 0xff,
    0x20, 0x18, 0x18, 0xff, 0x18, 0x18, 0x18, 0xff, 0x18, 0x18, 0x18, 0xff,
    0x20, 0x1c, 0x18, 0xff, 0x18, 0x18, 0x18, 0xff, 0x20, 0x18, 0x18, 0xff,
    0x20, 0x18, 0x18, 0xff, 0x18, 0x1c, 0x18, 0xff, 0x20, 0x18, 0x18, 0xff,
    0x20, 0x18, 0x18, 0xff, 0x18, 0x18, 0x18, 0xff, 0x20, 0x1c, 0x18, 0xff,
    0x18, 0x1c, 0x18, 0xff, 0x20, 0x18, 0x18, 0xff, 0x20, 0x18, 0x18, 0xff,
    0x18, 0x18, 0x18, 0xff, 0x18, 0x18, 0x18, 0xff, 0x20, 0x1c, 0x18, 0xff,
    0x18, 0x18, 0x18, 0xff, 0x20, 0x1c, 0x18, 0xff, 0x20, 0x18, 0x18, 0xff,
    0x18, 0x1c, 0x18, 0xff, 0x20, 0x18, 0x18, 0xff, 0x20, 0x1c, 0x18, 0xff,
    0x18, 0x18, 0x18, 0xff, 0x20, 0x18, 0x18, 0xff, 0x18, 0x1c, 0x18, 0xff,
    0x20, 0x18, 0x18, 0xff, 0x20, 0x18, 0x18, 0xff, 0x18, 0x18, 0x18, 0xff,
    0x20, 0x1c, 0x18, 0xff, 0x18, 0x18, 0x18, 0xff, 0x18, 0x18, 0x18, 0xff,
    0x20, 0x1c, 0x18, 0xff, 0x18, 0x18, 0x18, 0xff, 0x18, 0x18, 0x18, 0xff,
    0x20, 0x18, 0x18, 0xff, 0x18, 0x1c, 0x18, 0xff, 0x18, 0x18, 0x18, 0xff,
    0x20, 0x18, 0x18, 0xff, 0x20, 0x1c, 0x18, 0xff, 0x20, 0x18, 0x18, 0xff,
    0x18, 0x1c, 0x18, 0xff, 0x20, 0x18, 0x18, 0xff, 0x18, 0x18, 0x18, 0xff,
    0x18, 0x18, 0x18, 0xff, 0x20, 0x18, 0x18, 0xff, 0x18, 0x18, 0x18, 0xff,
    0x18, 0x1c, 0x18, 0xff, 0x20, 0x18, 0x18, 0xff, 0x20, 0x18, 0x18, 0xff,
    0x18, 0x18, 0x18, 0xff, 0x18, 0x1c, 0x18, 0xff, 0x20, 0x18, 0x18, 0xff,
    0x18, 0x18, 0x18, 0xff, 0x20, 0x18, 0x18, 0xff, 0x20, 0x18, 0x18, 0xff,
    0x18, 0x18, 0x18, 0xff, 0x18, 0x18, 0x18, 0xff, 0x20, 0x1c, 0x18, 0xff,
    0x18, 0x18, 0x18, 0xff, 0x20, 0x1c, 0x18, 0xff, 0x20, 0x18, 0x18, 0xff,
    0x18, 0x18, 0x18, 0xff, 0x20, 0x1c, 0x18, 0xff, 0x18, 0x18, 0x18, 0xff,
    0x18, 0x18, 0x18, 0xff, 0x18, 0x18, 0x18, 0xff, 0x20, 0x1c, 0x18, 0xff,
    0x18, 0x18, 0x18, 0xff, 0x18, 0x18, 0x18, 0xff, 0x20, 0x18, 0x18, 0xff,
    0x18, 0x1c, 0x18, 0xff, 0x18, 0x18, 0x18, 0xff, 0x20, 0x18, 0x18, 0xff,
    0x18, 0x1c, 0x18, 0xff, 0x18, 0x18, 0x18, 0xff, 0x20, 0x18, 0x18, 0xff,
    0x20, 0x1c, 0x18, 0xff, 0x18, 0x18, 0x18, 0xff, 0x20, 0x18, 0x18, 0xff,
    0x18, 0x18, 0x18, 0xff, 0x18, 0x18, 0x18, 0xff, 0x20, 0x1c, 0x18, 0xff,
    0x18, 0x18, 0x18, 0xff, 0x20, 0x18, 0x18, 0xff, 0x20, 0x18, 0x18, 0xff,
    0x18, 0x1c, 0x18, 0xff, 0x18, 0x18, 0x18, 0xff, 0x18, 0x1c, 0x18, 0xff,
    0x20, 0x18, 0x18, 0xff, 0x18, 0x1c, 0x18, 0xff, 0x20, 0x18, 0x18, 0xff,
    0x20, 0x18, 0x18, 0xff, 0x18, 0x18, 0x18, 0xff, 0x20, 0x1c, 0x18, 0xff,
    0x18, 0x18, 0x18, 0xff, 0x18, 0x18, 0x18, 0xff, 0x20, 0x18, 0x18, 0xff,
    0x18, 0x1c, 0x18, 0xff, 0x18, 0x18, 0x18, 0xff, 0x20, 0x18, 0x18, 0xff,
    0x20, 0x18, 0x18, 0xff, 0x38, 0x34, 0x38, 0xff, 0x68, 0x64, 0x68, 0xba,
    0x88, 0x88, 0x88, 0x20, 0xf8, 0xfc, 0xf8, 0x00, 0xf8, 0xfc, 0xf8, 0x00,
    0xf8, 0xfc, 0xf8, 0x00, 0xf8, 0xfc, 0xf8, 0x00, 0xf8, 0xfc, 0xf8, 0x00,
    0xf8, 0xfc, 0xf8, 0x00, 0xf8, 0xfc, 0xf8, 0x00, 0xf8, 0xfc, 0xf8, 0x00,
    0xf8, 0xfc, 0xf8, 0x00, 0xf8, 0xfc, 0xf8, 0x00, 0xf8, 0xfc, 0xf8, 0x00,
    0x98, 0x98, 0x98, 0x3c, 0x78, 0x74, 0x70, 0xba, 0x68, 0x64, 0x60, 0xe7,
    0x48, 0x48, 0x48, 0xff, 0x30, 0x30, 0x30, 0xff, 0x38, 0x30, 0x28, 0xff,
    0x30, 0x30, 0x30, 0xff, 0x30, 0x30, 0x30, 0xff, 0x30, 0x30, 0x30, 0xff,
    0x30, 0x30, 0x30, 0xff, 0x30, 0x30, 0x30, 0xff, 0x30, 0x30, 0x30, 0xff,
    0x30, 0x30, 0x28, 0xff, 0x30, 0x2c, 0x30, 0xff, 0x30, 0x2c, 0x30, 0xff,
    0x30, 0x30, 0x28, 0xff, 0x30, 0x30, 0x28, 0xff, 0x30, 0x30, 0x30, 0xff,
    0x30, 0x30, 0x30, 0xff, 0x30, 0x30, 0x30, 0xff, 0x30, 0x2c, 0x30, 0xff,
    0x30, 0x30, 0x30, 0xff, 0x30, 0x30, 0x30, 0xff, 0x30, 0x2c, 0x30, 0xff,
    0x30, 0x30, 0x30, 0xff, 0x30, 0x30, 0x28, 0xff, 0x30, 0x2c, 0x30, 0xff,
    0x30, 0x30, 0x30, 0xff, 0x30, 0x30, 0x28, 0xff, 0x30, 0x2c, 0x30, 0xff,
    0x30, 0x30, 0x30, 0xff, 0x30, 0x30, 0x28, 0xff, 0x30, 0x2c, 0x30, 0xff,
    0x30, 0x30, 0x30, 0xff, 0x30, 0x30, 0x30, 0xff, 0x30, 0x2c, 0x28, 0xff,
    0x30, 0x2c, 0x30, 0xff, 0x30, 0x2c, 0x30, 0xff, 0x28, 0x30, 0x28, 0xff,
    0x30, 0x2c, 0x28, 0xff, 0x30, 0x2c, 0x28, 0xff, 0x28, 0x2c, 0x30, 0xff,
    0x30, 0x30, 0x28, 0xff, 0x30, 0x2c, 0x30, 0xff, 0x28, 0x2c, 0x28, 0xff,
    0x30, 0x30, 0x28, 0xff, 0x30, 0x2c, 0x30, 0xff, 0x30, 0x2c, 0x28, 0xff,
    0x30, 0x2c, 0x28, 0xff, 0x30, 0x2c, 0x30, 0xff, 0x28, 0x2c, 0x30, 0xff,
    0x30, 0x2c, 0x28, 0xff, 0x30, 0x2c, 0x28, 0xff, 0x28, 0x2c, 0x30, 0xff,
    0x30, 0x2c, 0x28, 0xff, 0x30, 0x2c, 0x28, 0xff, 0x28, 0x2c, 0x28, 0xff,
    0x30, 0x2c, 0x30, 0xff, 0x28, 0x2c, 0x28, 0xff, 0x30, 0x2c, 0x30, 0xff,
    0x28, 0x2c, 0x28, 0xff, 0x30, 0x2c, 0x28, 0xff, 0x28, 0x28, 0x28, 0xff,
    0x30, 0x2c, 0x28, 0xff, 0x30, 0x2c, 0x28, 0xff, 0x28, 0x2c, 0x28, 0xff,
    0x30, 0x2c, 0x28, 0xff, 0x30, 0x28, 0x30, 0xff, 0x28, 0x2c, 0x28, 0xff,
    0x28, 0x2c, 0x28, 0xff, 0x30, 0x28, 0x28, 0xff, 0x28, 0x28, 0x28, 0xff,
    0x28, 0x2c, 0x28, 0xff, 0x30, 0x28, 0x28, 0xff, 0x28, 0x2c, 0x28, 0xff,
    0x30, 0x2c, 0x28, 0xff, 0x30, 0x28, 0x28, 0xff, 0x28, 0x28, 0x28, 0xff,
    0x28, 0x2c, 0x28, 0xff, 0x30, 0x28, 0x28, 0xff, 0x28, 0x28, 0x28, 0xff,
    0x28, 0x2c, 0x28, 0xff, 0x30, 0x28, 0x28, 0xff, 0x28, 0x28, 0x28, 0xff,
    0x28, 0x2c, 0x28, 0xff, 0x30, 0x28, 0x28, 0xff, 0x28, 0x2c, 0x28, 0xff,
    0x28, 0x2c, 0x28, 0xff, 0x30, 0x28, 0x28, 0xff, 0x28, 0x2c, 0x28, 0xff,
    0x28, 0x28, 0x28, 0xff, 0x28, 0x28, 0x28, 0xff, 0x28, 0x28, 0x28, 0xff,
    0x30, 0x28, 0x28, 0xff, 0x28, 0x28, 0x28, 0xff, 0x28, 0x28, 0x28, 0xff,
    0x30, 0x28, 0x28, 0xff, 0x28, 0x28, 0x28, 0xff, 0x28, 0x28, 0x28, 0xff,
    0x28, 0x28, 0x28, 0xff, 0x28, 0x28, 0x28, 0xff, 0x28, 0x28, 0x28, 0xff,
    0x30, 0x28, 0x28, 0xff, 0x28, 0x28, 0x28, 0xff, 0x28, 0x28, 0x28, 0xff,
    0x28, 0x28, 0x28, 0xff, 0x28, 0x28, 0x28, 0xff, 0x28, 0x28, 0x20, 0xff,
    0x28, 0x28, 0x28, 0xff, 0x28, 0x24, 0x20, 0xff, 0x28, 0x28, 0x28, 0xff,
    0x28, 0x28, 0x28, 0xff, 0x28, 0x28, 0x28, 0xff, 0x28, 0x24, 0x20, 0xff,
    0x30, 0x28, 0x28, 0xff, 0x28, 0x28, 0x28, 0xff, 0x28, 0x28, 0x20, 0xff,
    0x28, 0x28, 0x28, 0xff, 0x28, 0x28, 0x28, 0xff, 0x28, 0x28, 0x20, 0xff,
    0x28, 0x24, 0x28, 0xff, 0x28, 0x24, 0x28, 0xff, 0x28, 0x28, 0x20, 0xff,
    0x28, 0x28, 0x28, 0xff, 0x28, 0x24, 0x28, 0xff, 0x28, 0x28, 0x20, 0xff,
    0x28, 0x28, 0x28, 0xff, 0x28, 0x24, 0x28, 0xff, 0x28, 0x28, 0x20, 0xff,
    0x28, 0x24, 0x28, 0xff, 0x28, 0x24, 0x28, 0xff, 0x28, 0x28, 0x20, 0xff,
    0x28, 0x24, 0x28, 0xff, 0x28, 0x24, 0x20, 0xff, 0x28, 0x28, 0x28, 0xff,
    0x28, 0x24, 0x28, 0xff, 0x28, 0x24, 0x20, 0xff, 0x28, 0x24, 0x28, 0xff,
    0x20, 0x24, 0x28, 0xff, 0x28, 0x28, 0x20, 0xff, 0x28, 0x24, 0x20, 0xff,
    0x28, 0x24, 0x28, 0xff, 0x28, 0x28, 0x20, 0xff, 0x28, 0x24, 0x20, 0xff,
    0x20, 0x24, 0x28, 0xff, 0x28, 0x24, 0x20, 0xff, 0x28, 0x24, 0x20, 0xff,
    0x28, 0x24, 0x28, 0xff, 0x20, 0x24, 0x28, 0xff, 0x28, 0x24, 0x20, 0xff,
    0x28, 0x24, 0x20, 0xff, 0x28, 0x24, 0x28, 0xff, 0x20, 0x24, 0x20, 0xff,
    0x28, 0x24, 0x20, 0xff, 0x28, 0x24, 0x28, 0xff, 0x28, 0x24, 0x28, 0xff,
    0x28, 0x24, 0x20, 0xff, 0x20, 0x24, 0x28, 0xff, 0x28, 0x24, 0x20, 0xff,
    0x28, 0x24, 0x28, 0xff, 0x28, 0x24, 0x28, 0xff, 0x20, 0x24, 0x20, 0xff,
    0x28, 0x24, 0x20, 0xff, 0x28, 0x20, 0x20, 0xff, 0x20, 0x24, 0x28, 0xff,
    0x28, 0x24, 0x20, 0xff, 0x28, 0x20, 0x20, 0xff, 0x28, 0x24, 0x20, 0xff,
    0x28, 0x24, 0x28, 0xff, 0x28, 0x20, 0x20, 0xff, 0x20, 0x24, 0x28, 0xff,
    0x28, 0x24, 0x20, 0xff, 0x28, 0x20, 0x20, 0xff, 0x20, 0x20, 0x20, 0xff,
    0x28, 0x24, 0x28, 0xff, 0x20, 0x20, 0x20, 0xff, 0x20, 0x20, 0x20, 0xff,
    0x28, 0x24, 0x20, 0xff, 0x20, 0x20, 0x20, 0xff, 0x28, 0x24, 0x20, 0xff,
    0x28, 0x24, 0x20, 0xff, 0x20, 0x20, 0x20, 0xff, 0x28, 0x20, 0x20, 0xff,
    0x20, 0x20, 0x28, 0xff, 0x20, 0x24, 0x20, 0xff, 0x28, 0x20, 0x20, 0xff,
    0x20, 0x20, 0x20, 0xff, 0x28, 0x24, 0x20, 0xff, 0x20, 0x20, 0x20, 0xff,
    0x28, 0x20, 0x20, 0xff, 0x20, 0x20, 0x20, 0xff, 0x20, 0x24, 0x20, 0xff,
    0x28, 0x20, 0x20, 0xff, 0x20, 0x20, 0x20, 0xff, 0x20, 0x20, 0x20, 0xff,
    0x28, 0x20, 0x20, 0xff, 0x20, 0x20, 0x20, 0xff, 0x20, 0x24, 0x20, 0xff,
    0x28, 0x20, 0x20, 0xff, 0x20, 0x20, 0x20, 0xff, 0x20, 0x20, 0x20, 0xff,
    0x28, 0x20, 0x20, 0xff, 0x20, 0x20, 0x18, 0xff, 0x20, 0x20, 0x20, 0xff,
    0x28, 0x20, 0x20, 0xff, 0x20, 0x20, 0x18, 0xff, 0x20, 0x20, 0x20, 0xff,
    0x20, 0x20, 0x20, 0xff, 0x20, 0x20, 0x20, 0xff, 0x20, 0x20, 0x20, 0xff,
    0x20, 0x20, 0x20, 0xff, 0x28, 0x20, 0x20, 0xff, 0x20, 0x20, 0x20, 0xff,
    0x28, 0x20, 0x20, 0xff, 0x20, 0x20, 0x20, 0xff, 0x20, 0x20, 0x20, 0xff,
    0x20, 0x20, 0x20, 0xff, 0x20, 0x20, 0x18, 0xff, 0x20, 0x20, 0x20, 0xff,
    0x20, 0x1c, 0x20, 0xff, 0x20, 0x20, 0x20, 0xff, 0x20, 0x20, 0x20, 0xff,
    0x20, 0x1c, 0x20, 0xff, 0x20, 0x1c, 0x18, 0xff, 0x20, 0x20, 0x20, 0xff,
    0x20, 0x20, 0x20, 0xff, 0x20, 0x20, 0x18, 0xff, 0x28, 0x1c, 0x20, 0xff,
    0x20, 0x20, 0x20, 0xff, 0x20, 0x20, 0x20, 0xff, 0x20, 0x1c, 0x18, 0xff,
    0x20, 0x1c, 0x20, 0xff, 0x20, 0x20, 0x20, 0xff, 0x20, 0x20, 0x18, 0xff,
    0x20, 0x1c, 0x20, 0xff, 0x20, 0x1c, 0x20, 0xff, 0x20, 0x20, 0x20, 0xff,
    0x28, 0x1c, 0x18, 0xff, 0x20, 0x1c, 0x20, 0xff, 0x20, 0x20, 0x20, 0xff,
    0x20, 0x1c, 0x18, 0xff, 0x20, 0x20, 0x20, 0xff, 0x20, 0x1c, 0x18, 0xff,
    0x20, 0x20, 0x20, 0xff, 0x20, 0x20, 0x20, 0xff, 0x20, 0x1c, 0x18, 0xff,
    0x20, 0x1c, 0x20, 0xff, 0x20, 0x1c, 0x20, 0xff, 0x20, 0x1c, 0x18, 0xff,
    0x20, 0x20, 0x18, 0xff, 0x20, 0x1c, 0x20, 0xff, 0x20, 0x20, 0x18, 0xff,
    0x20, 0x1c, 0x20, 0xff, 0x20, 0x20, 0x20, 0xff, 0x20, 0x20, 0x18, 0xff,
    0x20, 0x1c, 0x20, 0xff, 0x20, 0x1c, 0x18, 0xff, 0x20, 0x1c, 0x20, 0xff,
    0x20, 0x20, 0x20, 0xff, 0x20, 0x1c, 0x18, 0xff, 0x20, 0x1c, 0x20, 0xff,
    0x20, 0x20, 0x20, 0xff, 0x20, 0x20, 0x18, 0xff, 0x18, 0x1c, 0x18, 0xff,
    0x20, 0x1c, 0x18, 0xff, 0x20, 0x1c, 0x20, 0xff, 0x18, 0x1c, 0x18, 0xff,
    0x20, 0x1c, 0x18, 0xff, 0x20, 0x1c, 0x18, 0xff, 0x20, 0x1c, 0x20, 0xff,
    0x20, 0x1c, 0x18, 0xff, 0x20, 0x1c, 0x20, 0xff, 0x20, 0x1c, 0x18, 0xff,
    0x20, 0x1c, 0x18, 0xff, 0x20, 0x1c, 0x20, 0xff, 0x20, 0x1c, 0x18, 0xff,
    0x18, 0x1c, 0x18, 0xff, 0x20, 0x1c, 0x20, 0xff, 0x18, 0x1c, 0x18, 0xff,
    0x18, 0x1c, 0x18, 0xff, 0x20, 0x1c, 0x18, 0xff, 0x18, 0x18, 0x20, 0xff,
    0x20, 0x1c, 0x18, 0xff, 0x18, 0x1c, 0x18, 0xff, 0x20, 0x1c, 0x18, 0xff,
    0x20, 0x1c, 0x20, 0xff, 0x18, 0x1c, 0x18, 0xff, 0x20, 0x18, 0x18, 0xff,
    0x20, 0x1c, 0x18, 0xff, 0x20, 0x1c, 0x20, 0xff, 0x18, 0x1c, 0x18, 0xff,
    0x20, 0x1c, 0x18, 0xff, 0x20, 0x18, 0x18, 0xff, 0x20, 0x1c, 0x18, 0xff,
    0x20, 0x18, 0x18, 0xff, 0x20, 0x18, 0x20, 0xff, 0x20, 0x1c, 0x18, 0xff,
    0x18, 0x1c, 0x18, 0xff, 0x20, 0x1c, 0x18, 0xff, 0x18, 0x18, 0x18, 0xff,
    0x20, 0x1c, 0x18, 0xff, 0x18, 0x18, 0x18, 0xff, 0x18, 0x18, 0x18, 0xff,
    0x20, 0x1c, 0x18, 0xff, 0x20, 0x18, 0x18, 0xff, 0x18, 0x18, 0x18, 0xff,
    0x20, 0x1c, 0x18, 0xff, 0x20, 0x1c, 0x18, 0xff, 0x18, 0x18, 0x18, 0xff,
    0x20, 0x1c, 0x18, 0xff, 0x20, 0x18, 0x18, 0xff, 0x18, 0x18, 0x18, 0xff,
    0x20, 0x1c, 0x20, 0xff, 0x20, 0x18, 0x18, 0xff, 0x18, 0x18, 0x18, 0xff,
    0x20, 0x1c, 0x18, 0xff, 0x20, 0x18, 0x18, 0xff, 0x18, 0x1c, 0x18, 0xff,
    0x20, 0x18, 0x18, 0xff, 0x18, 0x1c, 0x18, 0xff, 0x20, 0x18, 0x18, 0xff,
    0x18, 0x18, 0x20, 0xff, 0x20, 0x18, 0x18, 0xff, 0x20, 0x1c, 0x18, 0xff,
    0x18, 0x18, 0x18, 0xff, 0x20, 0x18, 0x18, 0xff, 0x20, 0x18, 0x18, 0xff,
    0x18, 0x1c, 0x18, 0xff, 0x18, 0x18, 0x18, 0xff, 0x20, 0x18, 0x18, 0xff,
    0x18, 0x1c, 0x18, 0xff, 0x20, 0x18, 0x18, 0xff, 0x20, 0x18, 0x18, 0xff,
    0x18, 0x1c, 0x18, 0xff, 0x20, 0x18, 0x18, 0xff, 0x20, 0x18, 0x18, 0xff,
    0x18, 0x18, 0x18, 0xff, 0x20, 0x18, 0x18, 0xff, 0x18, 0x1c, 0x18, 0xff,
    0x18, 0x18, 0x18, 0xff, 0x20, 0x18, 0x18, 0xff, 0x18, 0x18, 0x18, 0xff,
    0x20, 0x18, 0x18, 0xff, 0x18, 0x18, 0x18, 0xff, 0x20, 0x18, 0x18, 0xff,
    0x18, 0x18, 0x18, 0xff, 0x20, 0x18, 0x18, 0xff, 0x18, 0x1c, 0x18, 0xff,
    0x20, 0x18, 0x18, 0xff, 0x18, 0x18, 0x18, 0xff, 0x20, 0x1c, 0x18, 0xff,
    0x18, 0x18, 0x18, 0xff, 0x18, 0x18, 0x18, 0xff, 0x20, 0x18, 0x18, 0xff,
    0x18, 0x1c, 0x18, 0xff, 0x18, 0x18, 0x18, 0xff, 0x20, 0x18, 0x18, 0xff,
    0x18, 0x18, 0x18, 0xff, 0x20, 0x1c, 0x18, 0xff, 0x18, 0x18, 0x18, 0xff,
    0x18, 0x18, 0x18, 0xff, 0x20, 0x1c, 0x18, 0xff, 0x18, 0x18, 0x18, 0xff,
    0x20, 0x18, 0x18, 0xff, 0x20, 0x18, 0x18, 0xff, 0x18, 0x1c, 0x18, 0xff,
    0x20, 0x18, 0x18, 0xff, 0x20, 0x18, 0x18, 0xff, 0x18, 0x1c, 0x18, 0xff,
    0x20, 0x18, 0x18, 0xff, 0x20, 0x18, 0x18, 0xff, 0x18, 0x18, 0x18, 0xff,
    0x18, 0x18, 0x18, 0xff, 0x20, 0x18, 0x18, 0xff, 0x18, 0x18, 0x18, 0xff,
    0x18, 0x1c, 0x18, 0xff, 0x20, 0x18, 0x18, 0xff, 0x20, 0x18, 0x18, 0xff,
    0x18, 0x1c, 0x18, 0xff, 0x20, 0x18, 0x18, 0xff, 0x20, 0x18, 0x18, 0xff,
    0x18, 0x1c, 0x18, 0xff, 0x18, 0x18, 0x18, 0xff, 0x20, 0x18, 0x18, 0xff,
    0x18, 0x18, 0x18, 0xff, 0x20, 0x1c, 0x18, 0xff, 0x20, 0x18, 0x18, 0xff,
    0x18, 0x18, 0x18, 0xff, 0x18, 0x1c, 0x18, 0xff, 0x20, 0x18, 0x18, 0xff,
    0x18, 0x18, 0x18, 0xff, 0x20, 0x18, 0x18, 0xff, 0x20, 0x18, 0x18, 0xff,
    0x18, 0x18, 0x18, 0xff, 0x18, 0x18, 0x18, 0xff, 0x20, 0x1c, 0x18, 0xff,
    0x18, 0x18, 0x18, 0xff, 0x20, 0x18, 0x18, 0xff, 0x20, 0x18, 0x18, 0xff,
    0x20, 0x18, 0x18, 0xff, 0x18, 0x18, 0x18, 0xff, 0x20, 0x18, 0x18, 0xff,
    0x18, 0x18, 0x18, 0xff, 0x20, 0x1c, 0x18, 0xff, 0x20, 0x18, 0x18, 0xff,
    0x18, 0x18, 0x18, 0xff, 0x20, 0x1c, 0x18, 0xff, 0x20, 0x18, 0x18, 0xff,
    0x18, 0x18, 0x18, 0xff, 0x20, 0x1c, 0x18, 0xff, 0x18, 0x18, 0x18, 0xff,
    0x20, 0x18, 0x18, 0xff, 0x18, 0x18, 0x18, 0xff, 0x18, 0x1c, 0x18, 0xff,
    0x20, 0x18, 0x18, 0xff, 0x20, 0x18, 0x18, 0xff, 0x18, 0x1c, 0x18, 0xff,
    0x18, 0x18, 0x18, 0xff, 0x20, 0x18, 0x18, 0xff, 0x18, 0x1c, 0x18, 0xff,
    0x20, 0x18, 0x18, 0xff, 0x20, 0x18, 0x18, 0xff, 0x18, 0x18, 0x18, 0xff,
    0x20, 0x18, 0x18, 0xff, 0x18, 0x1c, 0x18, 0xff, 0x18, 0x18, 0x18, 0xff,
    0x20, 0x18, 0x18, 0xff, 0x18, 0x1c, 0x18, 0xff, 0x20, 0x18, 0x18, 0xff,
    0x20, 0x18, 0x18, 0xff, 0x18, 0x1c, 0x18, 0xff, 0x20, 0x18, 0x18, 0xff,
    0x20, 0x18, 0x18, 0xff, 0x18, 0x18, 0x18, 0xff, 0x38, 0x34, 0x38, 0xff,
    0x58, 0x58, 0x58, 0xe7, 0x68, 0x6c, 0x68, 0xae, 0x90, 0x8c, 0x88, 0x3c,
    0xf8, 0xfc, 0xf8, 0x00, 0xf8, 0xfc, 0xf8, 0x00, 0xf8, 0xfc, 0xf8, 0x00,
    0xf8, 0xfc, 0xf8, 0x00, 0xf8, 0xfc, 0xf8, 0x00, 0xf8, 0xfc, 0xf8, 0x00,
    0xf8, 0xfc, 0xf8, 0x00, 0xf8, 0xfc, 0xf8, 0x00, 0xf8, 0xfc, 0xf8, 0x00,
    0xf8, 0xfc, 0xf8, 0x00, 0xf8, 0xfc, 0xf8, 0x00, 0xf8, 0xfc, 0xf8, 0x00,
    0xf8, 0xfc, 0xf8, 0x00, 0xf8, 0xfc, 0xf8, 0x00, 0xf8, 0xfc, 0xf8, 0x00,
    0xf8, 0xfc, 0xf8, 0x00, 0x98, 0x98, 0x98, 0x3c, 0xa0, 0xa0, 0xa0, 0x71,
    0x80, 0x80, 0x78, 0xa2, 0x80, 0x80, 0x78, 0xa2, 0x80, 0x80, 0x78, 0xa2,
    0x80, 0x7c, 0x78, 0xa2, 0x80, 0x80, 0x78, 0xa2, 0x80, 0x7c, 0x80, 0xa2,
    0x80, 0x7c, 0x78, 0xa2, 0x80, 0x7c, 0x78, 0xa2, 0x80, 0x7c, 0x80, 0xa2,
    0x80, 0x7c, 0x78, 0xa2, 0x80, 0x7c, 0x78, 0xa2, 0x80, 0x7c, 0x78, 0x9e,
    0x80, 0x7c, 0x78, 0xa2, 0x80, 0x7c, 0x78, 0xa2, 0x80, 0x7c, 0x78, 0x9e,
    0x80, 0x7c, 0x78, 0xa2, 0x80, 0x7c, 0x78, 0xa2, 0x80, 0x7c, 0x78, 0x9e,
    0x80, 0x7c, 0x78, 0xa2, 0x80, 0x7c, 0x78, 0xa2, 0x80, 0x7c, 0x78, 0x9e,
    0x78, 0x7c, 0x78, 0xa2, 0x78, 0x7c, 0x78, 0xa2, 0x80, 0x7c, 0x78, 0x9e,
    0x78, 0x7c, 0x78, 0xa2, 0x78, 0x7c, 0x78, 0xa2, 0x80, 0x7c, 0x78, 0x9e,
    0x78, 0x7c, 0x78, 0xa2, 0x78, 0x7c, 0x78, 0xa2, 0x78, 0x7c, 0x78, 0x9e,
    0x78, 0x7c, 0x78, 0xa2, 0x78, 0x7c, 0x78, 0xa2, 0x80, 0x7c, 0x80, 0x9e,
    0x78, 0x7c, 0x78, 0xa2, 0x78, 0x7c, 0x78, 0xa2, 0x78, 0x7c, 0x80, 0x9e,
    0x78, 0x7c, 0x78, 0xa2, 0x78, 0x7c, 0x78, 0xa2, 0x78, 0x7c, 0x78, 0x9e,
    0x80, 0x7c, 0x80, 0xa2, 0x78, 0x7c, 0x78, 0xa2, 0x78, 0x7c, 0x78, 0x9e,
    0x78, 0x7c, 0x78, 0xa2, 0x78, 0x7c, 0x78, 0xa2, 0x78, 0x7c, 0x78, 0x9e,
    0x78, 0x7c, 0x78, 0xa2, 0x80, 0x7c, 0x78, 0xa2, 0x78, 0x7c, 0x78, 0x9e,
    0x78, 0x7c, 0x78, 0xa2, 0x80, 0x7c, 0x78, 0xa2, 0x78, 0x7c, 0x78, 0x9e,
    0x78, 0x7c, 0x80, 0xa2, 0x80, 0x7c, 0x78, 0xa2, 0x78, 0x78, 0x78, 0x9e,
    0x78, 0x7c, 0x78, 0xa2, 0x80, 0x7c, 0x80, 0xa2, 0x78, 0x78, 0x78, 0x9e,
    0x78, 0x7c, 0x80, 0xa2, 0x78, 0x7c, 0x78, 0xa2, 0x78, 0x78, 0x78, 0x9e,
    0x78, 0x7c, 0x80, 0xa2, 0x78, 0x7c, 0x78, 0xa2, 0x80, 0x7c, 0x78, 0x9e,
    0x78, 0x7c, 0x78, 0xa2, 0x78, 0x7c, 0x80, 0xa2, 0x78, 0x78, 0x78, 0x9e,
    0x78, 0x7c, 0x78, 0xa2, 0x80, 0x78, 0x80, 0xa2, 0x78, 0x78, 0x78, 0x9e,
    0x78, 0x7c, 0x78, 0xa2, 0x78, 0x7c, 0x78, 0xa2, 0x78, 0x78, 0x78, 0x9e,
    0x80, 0x7c, 0x80, 0xa2, 0x78, 0x7c, 0x78, 0xa2, 0x80, 0x78, 0x78, 0x9e,
    0x78, 0x7c, 0x80, 0xa2, 0x80, 0x7c, 0x78, 0xa2, 0x78, 0x78, 0x78, 0x9e,
    0x80, 0x78, 0x78, 0xa2, 0x78, 0x78, 0x78, 0xa2, 0x80, 0x78, 0x78, 0x9e,
    0x80, 0x78, 0x78, 0xa2, 0x78, 0x78, 0x78, 0xa2, 0x80, 0x78, 0x78, 0x9e,
    0x80, 0x78, 0x78, 0xa2, 0x78, 0x7c, 0x78, 0xa2, 0x78, 0x78, 0x78, 0x9e,
    0x80, 0x7c, 0x78, 0xa2, 0x78, 0x78, 0x78, 0xa2, 0x78, 0x7c, 0x78, 0x9e,
    0x80, 0x78, 0x78, 0xa2, 0x78, 0x78, 0x78, 0xa2, 0x78, 0x7c, 0x78, 0x9e,
    0x80, 0x78, 0x78, 0xa2, 0x78, 0x78, 0x78, 0xa2, 0x78, 0x78, 0x78, 0x9e,
    0x78, 0x78, 0x78, 0xa2, 0x78, 0x78, 0x78, 0xa2, 0x80, 0x78, 0x78, 0x9e,
    0x78, 0x78, 0x78, 0xa2, 0x78, 0x78, 0x78, 0xa2, 0x78, 0x78, 0x78, 0x9e,
    0x78, 0x78, 0x78, 0xa2, 0x78, 0x78, 0x78, 0xa2, 0x78, 0x78, 0x78, 0x9e,
    0x78, 0x78, 0x78, 0xa2, 0x80, 0x78, 0x78, 0xa2, 0x78, 0x78, 0x78, 0x9e,
    0x78, 0x78, 0x78, 0xa2, 0x78, 0x78, 0x78, 0xa2, 0x78, 0x78, 0x78, 0x9e,
    0x78, 0x78, 0x78, 0xa2, 0x78, 0x78, 0x78, 0xa2, 0x78, 0x78, 0x78, 0x9e,
    0x78, 0x78, 0x78, 0xa2, 0x78, 0x78, 0x78, 0xa2, 0x78, 0x78, 0x78, 0x9e,
    0x78, 0x78, 0x78, 0xa2, 0x78, 0x78, 0x78, 0xa2, 0x78, 0x78, 0x78, 0x9e,
    0x78, 0x78, 0x78, 0xa2, 0x78, 0x78, 0x78, 0xa2, 0x78, 0x78, 0x78, 0x9e,
    0x78, 0x78, 0x78, 0xa2, 0x78, 0x78, 0x78, 0xa2, 0x78, 0x78, 0x78, 0x9e,
    0x78, 0x78, 0x78, 0xa2, 0x78, 0x78, 0x78, 0xa2, 0x78, 0x78, 0x78, 0x9e,
    0x78, 0x78, 0x78, 0xa2, 0x78, 0x78, 0x78, 0xa2, 0x78, 0x78, 0x78, 0x9e,
    0x78, 0x78, 0x78, 0xa2, 0x78, 0x78, 0x78, 0xa2, 0x78, 0x78, 0x78, 0x9e,
    0x78, 0x78, 0x78, 0xa2, 0x78, 0x78, 0x78, 0xa2, 0x78, 0x78, 0x78, 0x9e,
    0x78, 0x78, 0x78, 0xa2, 0x78, 0x78, 0x78, 0xa2, 0x78, 0x78, 0x78, 0x9e,
    0x78, 0x78, 0x78, 0xa2, 0x78, 0x78, 0x78, 0xa2, 0x78, 0x78, 0x78, 0x9e,
    0x78, 0x78, 0x78, 0xa2, 0x78, 0x78, 0x78, 0xa2, 0x78, 0x78, 0x78, 0x9e,
    0x78, 0x78, 0x78, 0xa2, 0x78, 0x78, 0x78, 0xa2, 0x78, 0x74, 0x78, 0x9e,
    0x78, 0x78, 0x78, 0xa2, 0x78, 0x78, 0x78, 0xa2, 0x78, 0x74, 0x78, 0x9e,
    0x78, 0x74, 0x78, 0xa2, 0x78, 0x74, 0x78, 0xa2, 0x78, 0x74, 0x78, 0x9e,
    0x78, 0x74, 0x78, 0xa2, 0x78, 0x74, 0x78, 0xa2, 0x78, 0x74, 0x78, 0x9e,
    0x78, 0x78, 0x78, 0xa2, 0x78, 0x74, 0x78, 0xa2, 0x78, 0x74, 0x78, 0x9e,
    0x78, 0x78, 0x78, 0xa2, 0x78, 0x74, 0x78, 0xa2, 0x78, 0x74, 0x78, 0x9e,
    0x78, 0x74, 0x78, 0xa2, 0x78, 0x78, 0x78, 0xa2, 0x78, 0x74, 0x78, 0x9e,
    0x78, 0x74, 0x78, 0xa2, 0x78, 0x74, 0x78, 0xa2, 0x78, 0x74, 0x78, 0x9e,
    0x78, 0x74, 0x78, 0xa2, 0x78, 0x74, 0x78, 0xa2, 0x78, 0x74, 0x78, 0x9e,
    0x78, 0x74, 0x78, 0xa2, 0x78, 0x74, 0x78, 0xa2, 0x78, 0x74, 0x78, 0x9e,
    0x78, 0x74, 0x78, 0xa2, 0x78, 0x74, 0x78, 0xa2, 0x78, 0x74, 0x78, 0x9e,
    0x78, 0x74, 0x78, 0xa2, 0x78, 0x74, 0x78, 0xa2, 0x78, 0x78, 0x78, 0x9e,
    0x78, 0x74, 0x78, 0xa2, 0x78, 0x74, 0x78, 0xa2, 0x78, 0x74, 0x78, 0x9e,
    0x78, 0x74, 0x78, 0xa2, 0x78, 0x78, 0x78, 0xa2, 0x78, 0x74, 0x78, 0x9e,
    0x78, 0x74, 0x78, 0xa2, 0x78, 0x74, 0x78, 0xa2, 0x78, 0x74, 0x78, 0x9e,
    0x78, 0x74, 0x70, 0xa2, 0x78, 0x74, 0x78, 0xa2, 0x78, 0x74, 0x70, 0x9e,
    0x78, 0x74, 0x70, 0xa2, 0x78, 0x74, 0x70, 0xa2, 0x78, 0x74, 0x70, 0x9e,
    0x78, 0x74, 0x70, 0xa2, 0x78, 0x74, 0x70, 0xa2, 0x78, 0x74, 0x70, 0x9e,
    0x78, 0x74, 0x70, 0xa2, 0x78, 0x74, 0x70, 0xa2, 0x78, 0x74, 0x70, 0x9e,
    0x78, 0x74, 0x70, 0xa2, 0x78, 0x74, 0x70, 0xa2, 0x78, 0x74, 0x70, 0x9e,
    0x78, 0x74, 0x70, 0xa2, 0x78, 0x74, 0x70, 0xa2, 0x78, 0x74, 0x70, 0x9e,
    0x78, 0x70, 0x70, 0xa2, 0x78, 0x74, 0x70, 0xa2, 0x78, 0x70, 0x70, 0x9e,
    0x78, 0x74, 0x70, 0xa2, 0x78, 0x74, 0x70, 0xa2, 0x78, 0x74, 0x70, 0x9e,
    0x78, 0x74, 0x70, 0xa2, 0x78, 0x74, 0x70, 0xa2, 0x78, 0x74, 0x70, 0x9e,
    0x78, 0x70, 0x70, 0xa2, 0x78, 0x74, 0x70, 0xa2, 0x78, 0x74, 0x70, 0x9e,
    0x78, 0x74, 0x70, 0xa2, 0x78, 0x74, 0x70, 0xa2, 0x78, 0x74, 0x70, 0x9e,
    0x78, 0x74, 0x70, 0xa2, 0x78, 0x74, 0x70, 0xa2, 0x78, 0x74, 0x70, 0x9e,
    0x78, 0x74, 0x70, 0xa2, 0x78, 0x74, 0x70, 0xa2, 0x78, 0x74, 0x70, 0x9e,
    0x78, 0x74, 0x70, 0xa2, 0x78, 0x74, 0x70, 0xa2, 0x78, 0x74, 0x70, 0x9e,
    0x78, 0x74, 0x70, 0xa2, 0x78, 0x74, 0x70, 0xa2, 0x78, 0x74, 0x70, 0x9e,
    0x78, 0x74, 0x70, 0xa2, 0x78, 0x74, 0x70, 0xa2, 0x78, 0x74, 0x70, 0x9e,
    0x78, 0x74, 0x70, 0xa2, 0x78, 0x74, 0x70, 0xa2, 0x78, 0x74, 0x70, 0x9e,
    0x78, 0x70, 0x70, 0xa2, 0x78, 0x74, 0x70, 0xa2, 0x78, 0x74, 0x70, 0x9e,
    0x78, 0x74, 0x70, 0xa2, 0x78, 0x70, 0x70, 0xa2, 0x78, 0x74, 0x70, 0x9e,
    0x70, 0x74, 0x70, 0xa2, 0x78, 0x74, 0x70, 0xa2, 0x70, 0x74, 0x70, 0x9e,
    0x70, 0x70, 0x70, 0xa2, 0x70, 0x74, 0x70, 0xa2, 0x70, 0x74, 0x70, 0x9e,
    0x70, 0x74, 0x70, 0xa2, 0x70, 0x70, 0x70, 0xa2, 0x70, 0x74, 0x70, 0x9e,
    0x70, 0x74, 0x70, 0xa2, 0x70, 0x70, 0x70, 0xa2, 0x70, 0x74, 0x70, 0x9e,
    0x70, 0x74, 0x70, 0xa2, 0x70, 0x74, 0x70, 0xa2, 0x70, 0x74, 0x70, 0x9e,
    0x70, 0x74, 0x70, 0xa2, 0x70, 0x74, 0x70, 0xa2, 0x70, 0x74, 0x70, 0x9e,
    0x70, 0x74, 0x70, 0xa2, 0x70, 0x74, 0x70, 0xa2, 0x70, 0x74, 0x70, 0x9e,
    0x70, 0x70, 0x70, 0xa2, 0x70, 0x74, 0x70, 0xa2, 0x70, 0x74, 0x70, 0x9e,
    0x70, 0x70, 0x70, 0xa2, 0x70, 0x70, 0x70, 0xa2, 0x70, 0x70, 0x70, 0x9e,
    0x70, 0x70, 0x70, 0xa2, 0x70, 0x70, 0x70, 0xa2, 0x70, 0x70, 0x70, 0x9e,
    0x70, 0x70, 0x70, 0xa2, 0x70, 0x70, 0x70, 0xa2, 0x70, 0x70, 0x70, 0x9e,
    0x70, 0x70, 0x70, 0xa2, 0x70, 0x70, 0x70, 0xa2, 0x70, 0x70, 0x70, 0x9e,
    0x70, 0x70, 0x70, 0xa2, 0x70, 0x70, 0x70, 0xa2, 0x70, 0x70, 0x70, 0x9e,
    0x70, 0x70, 0x70, 0xa2, 0x70, 0x70, 0x70, 0xa2, 0x70, 0x70, 0x70, 0x9e,
    0x70, 0x70, 0x70, 0xa2, 0x70, 0x70, 0x70, 0xa2, 0x70, 0x70, 0x70, 0x9e,
    0x70, 0x70, 0x70, 0xa2, 0x70, 0x70, 0x70, 0xa2, 0x70, 0x70, 0x70, 0x9e,
    0x70, 0x70, 0x70, 0xa2, 0x70, 0x70, 0x70, 0xa2, 0x70, 0x70, 0x70, 0x9e,
    0x70, 0x70, 0x70, 0xa2, 0x70, 0x70, 0x70, 0xa2, 0x70, 0x70, 0x70, 0x9e,
    0x70, 0x70, 0x70, 0xa2, 0x70, 0x70, 0x70, 0xa2, 0x70, 0x70, 0x70, 0x9e,
    0x70, 0x70, 0x70, 0xa2, 0x70, 0x70, 0x70, 0xa2, 0x70, 0x70, 0x70, 0x9e,
    0x70, 0x70, 0x70, 0xa2, 0x70, 0x70, 0x70, 0xa2, 0x70, 0x70, 0x70, 0x9e,
    0x70, 0x70, 0x70, 0xa2, 0x70, 0x70, 0x70, 0xa2, 0x70, 0x70, 0x70, 0x9e,
    0x70, 0x70, 0x70, 0xa2, 0x70, 0x70, 0x70, 0xa2, 0x70, 0x70, 0x70, 0x9e,
    0x70, 0x70, 0x70, 0xa2, 0x70, 0x70, 0x70, 0xa2, 0x70, 0x70, 0x70, 0x9e,
    0x70, 0x70, 0x70, 0xa2, 0x70, 0x70, 0x70, 0xa2, 0x70, 0x70, 0x70, 0x9e,
    0x70, 0x70, 0x70, 0xa2, 0x70, 0x70, 0x70, 0xa2, 0x70, 0x70, 0x70, 0x9e,
    0x70, 0x70, 0x70, 0xa2, 0x70, 0x70, 0x70, 0xa2, 0x70, 0x70, 0x70, 0x9e,
    0x70, 0x70, 0x70, 0xa2, 0x70, 0x70, 0x70, 0xa2, 0x70, 0x70, 0x70, 0x9e,
    0x70, 0x70, 0x70, 0xa2, 0x70, 0x70, 0x70, 0xa2, 0x70, 0x70, 0x70, 0x9e,
    0x70, 0x70, 0x70, 0xa2, 0x70, 0x70, 0x70, 0xa2, 0x70, 0x70, 0x70, 0x9e,
    0x70, 0x70, 0x70, 0xa2, 0x70, 0x70, 0x70, 0xa2, 0x70, 0x70, 0x70, 0x9e,
    0x70, 0x70, 0x70, 0xa2, 0x70, 0x70, 0x70, 0xa2, 0x70, 0x70, 0x70, 0x9e,
    0x70, 0x70, 0x70, 0xa2, 0x70, 0x70, 0x70, 0xa2, 0x70, 0x70, 0x70, 0x9e,
    0x70, 0x70, 0x70, 0xa2, 0x70, 0x70, 0x70, 0xa2, 0x70, 0x70, 0x70, 0x9e,
    0x70, 0x70, 0x70, 0xa2, 0x70, 0x70, 0x70, 0xa2, 0x70, 0x70, 0x70, 0x9e,
    0x70, 0x70, 0x70, 0xa2, 0x70, 0x70, 0x70, 0xa2, 0x70, 0x70, 0x70, 0x9e,
    0x70, 0x70, 0x70, 0xa2, 0x70, 0x70, 0x70, 0xa2, 0x70, 0x70, 0x70, 0x9e,
    0x70, 0x70, 0x70, 0xa2, 0x70, 0x70, 0x70, 0xa2, 0x70, 0x70, 0x70, 0x9e,
    0x70, 0x70, 0x70, 0xa2, 0x70, 0x70, 0x70, 0xa2, 0x70, 0x70, 0x70, 0x9e,
    0x70, 0x70, 0x70, 0xa2, 0x70, 0x70, 0x70, 0xa2, 0x70, 0x70, 0x70, 0x9e,
    0x70, 0x70, 0x70, 0xa2, 0x70, 0x70, 0x70, 0xa2, 0x70, 0x70, 0x70, 0x9e,
    0x70, 0x70, 0x70, 0xa2, 0x70, 0x70, 0x70, 0xa2, 0x70, 0x70, 0x70, 0x9e,
    0x70, 0x70, 0x70, 0xa2, 0x70, 0x70, 0x70, 0xa2, 0x70, 0x70, 0x70, 0x9e,
    0x70, 0x70, 0x70, 0xa2, 0x70, 0x70, 0x70, 0xa2, 0x70, 0x70, 0x70, 0x9e,
    0x70, 0x70, 0x70, 0xa2, 0x70, 0x70, 0x70, 0xa2, 0x70, 0x70, 0x70, 0x9e,
    0x70, 0x70, 0x70, 0xa2, 0x70, 0x70, 0x70, 0xa2, 0x70, 0x70, 0x70, 0x9e,
    0x70, 0x70, 0x70, 0xa2, 0x70, 0x70, 0x70, 0xa2, 0x70, 0x70, 0x70, 0x9e,
    0x70, 0x70, 0x70, 0xa2, 0x70, 0x70, 0x70, 0xa2, 0x70, 0x70, 0x70, 0x9e,
    0x70, 0x70, 0x70, 0xa2, 0x70, 0x70, 0x70, 0xa2, 0x70, 0x70, 0x70, 0x9e,
    0x70, 0x70, 0x70, 0xa2, 0x70, 0x70, 0x70, 0xa2, 0x70, 0x70, 0x70, 0x9e,
    0x70, 0x70, 0x70, 0xa2, 0x70, 0x70, 0x70, 0xa2, 0x70, 0x70, 0x70, 0x9e,
    0x70, 0x70, 0x70, 0xa2, 0x70, 0x70, 0x70, 0xa2, 0x70, 0x70, 0x70, 0x9e,
    0x70, 0x70, 0x70, 0xa2, 0x70, 0x70, 0x70, 0xa2, 0x70, 0x70, 0x70, 0x9e,
    0x70, 0x70, 0x70, 0xa2, 0x70, 0x70, 0x70, 0xa2, 0x70, 0x70, 0x70, 0x9e,
    0x70, 0x70, 0x70, 0xa2, 0x70, 0x70, 0x70, 0xa2, 0x70, 0x70, 0x70, 0x9e,
    0x70, 0x70, 0x70, 0xa2, 0x70, 0x70, 0x70, 0xa2, 0x70, 0x70, 0x70, 0x9e,
    0x70, 0x70, 0x70, 0xa2, 0x70, 0x70, 0x70, 0xa2, 0x70, 0x70, 0x70, 0x9e,
    0x70, 0x70, 0x70, 0xa2, 0x70, 0x70, 0x70, 0xa2, 0x70, 0x70, 0x70, 0x9e,
    0x70, 0x70, 0x70, 0xa2, 0x70, 0x70, 0x70, 0xa2, 0x70, 0x70, 0x70, 0x9e,
    0x70, 0x70, 0x70, 0xa2, 0x70, 0x70, 0x70, 0xa2, 0x98, 0x94, 0x98, 0x71,
    0x90, 0x8c, 0x88, 0x3c, 0xf8, 0xfc, 0xf8, 0x00, 0xf8, 0xfc, 0xf8, 0x00,
    0xf8, 0xfc, 0xf8, 0x00, 0xf8, 0xfc, 0xf8, 0x00, 0xf8, 0xfc, 0xf8, 0x00,
    0xf8, 0xfc, 0xf8, 0x00, 0xf8, 0xfc, 0xf8, 0x00, 0xf8, 0xfc, 0xf8, 0x00,
    0xf8, 0xfc, 0xf8, 0x00
};
