// 4.26.1 0xd1b45954 D2 AY R0 FARGB8888 U565 N0 SExtFlashSection
// Generated by imageconverter. Please, do not edit!

#include <touchgfx/hal/Config.hpp>

LOCATION_PRAGMA_32("ExtFlashSection")
KEEP extern const unsigned char image_fan_button_black_2[] LOCATION_ATTRIBUTE_32("ExtFlashSection") = { // 143x111 ARGB8888 pixels.
    0xf8, 0xfc, 0xf8, 0x00, 0xf8, 0xfc, 0xf8, 0x00, 0xf8, 0xfc, 0xf8, 0x00,
    0xf8, 0xfc, 0xf8, 0x00, 0xf8, 0xfc, 0xf8, 0x00, 0xf8, 0xfc, 0xf8, 0x00,
    0xf8, 0xfc, 0xf8, 0x00, 0xf8, 0xfc, 0xf8, 0x00, 0xf8, 0xfc, 0xf8, 0x00,
    0xf8, 0xfc, 0xf8, 0x00, 0xf8, 0xfc, 0xf8, 0x00, 0xf8, 0xfc, 0xf8, 0x00,
    0xf8, 0xfc, 0xf8, 0x00, 0xf8, 0xfc, 0xf8, 0x00, 0xf8, 0xfc, 0xf8, 0x00,
    0xf8, 0xfc, 0xf8, 0x00, 0xf8, 0xfc, 0xf8, 0x00, 0xf8, 0xfc, 0xf8, 0x00,
    0xf8, 0xfc, 0xf8, 0x00, 0xf8, 0xfc, 0xf8, 0x00, 0xf8, 0xfc, 0xf8, 0x00,
    0xf8, 0xfc, 0xf8, 0x00, 0xf8, 0xfc, 0xf8, 0x00, 0xf8, 0xfc, 0xf8, 0x00,
    0xf8, 0xfc, 0xf8, 0x00, 0xf8, 0xfc, 0xf8, 0x00, 0xf8, 0xfc, 0xf8, 0x00,
    0xf8, 0xfc, 0xf8, 0x00, 0xf8, 0xfc, 0xf8, 0x00, 0xf8, 0xfc, 0xf8, 0x00,
    0xf8, 0xfc, 0xf8, 0x00, 0xf8, 0xfc, 0xf8, 0x00, 0xf8, 0xfc, 0xf8, 0x00,
    0xf8, 0xfc, 0xf8, 0x00, 0xf8, 0xfc, 0xf8, 0x00, 0xf8, 0xfc, 0xf8, 0x00,
    0xf8, 0xfc, 0xf8, 0x00, 0xf8, 0xfc, 0xf8, 0x00, 0xf8, 0xfc, 0xf8, 0x00,
    0xf8, 0xfc, 0xf8, 0x00, 0xf8, 0xfc, 0xf8, 0x00, 0xf8, 0xfc, 0xf8, 0x00,
    0xf8, 0xfc, 0xf8, 0x00, 0xf8, 0xfc, 0xf8, 0x00, 0xf8, 0xfc, 0xf8, 0x00,
    0xf8, 0xfc, 0xf8, 0x00, 0xf8, 0xfc, 0xf8, 0x00, 0xf8, 0xfc, 0xf8, 0x00,
    0xf8, 0xfc, 0xf8, 0x00, 0xf8, 0xfc, 0xf8, 0x00, 0xf8, 0xfc, 0xf8, 0x00,
    0xf8, 0xfc, 0xf8, 0x00, 0xf8, 0xfc, 0xf8, 0x00, 0xf8, 0xfc, 0xf8, 0x00,
    0xf8, 0xfc, 0xf8, 0x00, 0xf8, 0xfc, 0xf8, 0x00, 0xf8, 0xfc, 0xf8, 0x00,
    0xf8, 0xfc, 0xf8, 0x00, 0xf8, 0xfc, 0xf8, 0x00, 0xf8, 0xfc, 0xf8, 0x00,
    0xf8, 0xfc, 0xf8, 0x00, 0xf8, 0xfc, 0xf8, 0x00, 0xf8, 0xfc, 0xf8, 0x00,
    0xf8, 0xfc, 0xf8, 0x00, 0xf8, 0xfc, 0xf8, 0x00, 0xf8, 0xfc, 0xf8, 0x00,
    0xf8, 0xfc, 0xf8, 0x00, 0xf8, 0xfc, 0xf8, 0x00, 0xf8, 0xfc, 0xf8, 0x00,
    0xf8, 0xfc, 0xf8, 0x00, 0xf8, 0xfc, 0xf8, 0x00, 0xf8, 0xfc, 0xf8, 0x00,
    0xf8, 0xfc, 0xf8, 0x00, 0xf8, 0xfc, 0xf8, 0x00, 0xf8, 0xfc, 0xf8, 0x00,
    0xf8, 0xfc, 0xf8, 0x00, 0xf8, 0xfc, 0xf8, 0x00, 0xf8, 0xfc, 0xf8, 0x00,
    0xf8, 0xfc, 0xf8, 0x00, 0xf8, 0xfc, 0xf8, 0x00, 0xf8, 0xfc, 0xf8, 0x00,
    0xf8, 0xfc, 0xf8, 0x00, 0xf8, 0xfc, 0xf8, 0x00, 0xf8, 0xfc, 0xf8, 0x00,
    0xf8, 0xfc, 0xf8, 0x00, 0xf8, 0xfc, 0xf8, 0x00, 0xf8, 0xfc, 0xf8, 0x00,
    0xf8, 0xfc, 0xf8, 0x00, 0xf8, 0xfc, 0xf8, 0x00, 0xf8, 0xfc, 0xf8, 0x00,
    0xf8, 0xfc, 0xf8, 0x00, 0xf8, 0xfc, 0xf8, 0x00, 0xf8, 0xfc, 0xf8, 0x00,
    0xf8, 0xfc, 0xf8, 0x00, 0xf8, 0xfc, 0xf8, 0x00, 0xf8, 0xfc, 0xf8, 0x00,
    0xf8, 0xfc, 0xf8, 0x00, 0xf8, 0xfc, 0xf8, 0x00, 0xf8, 0xfc, 0xf8, 0x00,
    0xf8, 0xfc, 0xf8, 0x00, 0xf8, 0xfc, 0xf8, 0x00, 0xf8, 0xfc, 0xf8, 0x00,
    0xf8, 0xfc, 0xf8, 0x00, 0xf8, 0xfc, 0xf8, 0x00, 0xf8, 0xfc, 0xf8, 0x00,
    0xf8, 0xfc, 0xf8, 0x00, 0xf8, 0xfc, 0xf8, 0x00, 0xf8, 0xfc, 0xf8, 0x00,
    0xf8, 0xfc, 0xf8, 0x00, 0xf8, 0xfc, 0xf8, 0x00, 0xf8, 0xfc, 0xf8, 0x00,
    0xf8, 0xfc, 0xf8, 0x00, 0xf8, 0xfc, 0xf8, 0x00, 0xf8, 0xfc, 0xf8, 0x00,
    0xf8, 0xfc, 0xf8, 0x00, 0xf8, 0xfc, 0xf8, 0x00, 0xf8, 0xfc, 0xf8, 0x00,
    0xf8, 0xfc, 0xf8, 0x00, 0xf8, 0xfc, 0xf8, 0x00, 0xf8, 0xfc, 0xf8, 0x00,
    0xf8, 0xfc, 0xf8, 0x00, 0xf8, 0xfc, 0xf8, 0x00, 0xf8, 0xfc, 0xf8, 0x00,
    0xf8, 0xfc, 0xf8, 0x00, 0xf8, 0xfc, 0xf8, 0x00, 0xf8, 0xfc, 0xf8, 0x00,
    0xf8, 0xfc, 0xf8, 0x00, 0xf8, 0xfc, 0xf8, 0x00, 0xf8, 0xfc, 0xf8, 0x00,
    0xf8, 0xfc, 0xf8, 0x00, 0xf8, 0xfc, 0xf8, 0x00, 0xf8, 0xfc, 0xf8, 0x00,
    0xf8, 0xfc, 0xf8, 0x00, 0xf8, 0xfc, 0xf8, 0x00, 0xf8, 0xfc, 0xf8, 0x00,
    0xf8, 0xfc, 0xf8, 0x00, 0xf8, 0xfc, 0xf8, 0x00, 0xf8, 0xfc, 0xf8, 0x00,
    0xf8, 0xfc, 0xf8, 0x00, 0xf8, 0xfc, 0xf8, 0x00, 0xf8, 0xfc, 0xf8, 0x00,
    0xf8, 0xfc, 0xf8, 0x00, 0xf8, 0xfc, 0xf8, 0x00, 0xf8, 0xfc, 0xf8, 0x00,
    0xf8, 0xfc, 0xf8, 0x00, 0xf8, 0xfc, 0xf8, 0x00, 0xf8, 0xfc, 0xf8, 0x00,
    0xf8, 0xfc, 0xf8, 0x00, 0xf8, 0xfc, 0xf8, 0x00, 0xf8, 0xfc, 0xf8, 0x00,
    0xf8, 0xfc, 0xf8, 0x00, 0xf8, 0xfc, 0xf8, 0x00, 0xf8, 0xfc, 0xf8, 0x00,
    0xf8, 0xfc, 0xf8, 0x00, 0xf8, 0xfc, 0xf8, 0x00, 0xf8, 0xfc, 0xf8, 0x00,
    0xf8, 0xfc, 0xf8, 0x00, 0xf8, 0xfc, 0xf8, 0x00, 0xf8, 0xfc, 0xf8, 0x00,
    0xf8, 0xfc, 0xf8, 0x00, 0xf8, 0xfc, 0xf8, 0x00, 0xf8, 0xfc, 0xf8, 0x00,
    0xf8, 0xfc, 0xf8, 0x00, 0xf8, 0xfc, 0xf8, 0x00, 0xf8, 0xfc, 0xf8, 0x00,
    0xf8, 0xfc, 0xf8, 0x00, 0xf8, 0xfc, 0xf8, 0x00, 0xf8, 0xfc, 0xf8, 0x00,
    0xf8, 0xfc, 0xf8, 0x00, 0xf8, 0xfc, 0xf8, 0x00, 0xf8, 0xfc, 0xf8, 0x00,
    0xf8, 0xfc, 0xf8, 0x00, 0xf8, 0xfc, 0xf8, 0x00, 0xf8, 0xfc, 0xf8, 0x00,
    0xf8, 0xfc, 0xf8, 0x00, 0xf8, 0xfc, 0xf8, 0x00, 0xf8, 0xfc, 0xf8, 0x00,
    0xf8, 0xfc, 0xf8, 0x00, 0xf8, 0xfc, 0xf8, 0x00, 0xf8, 0xfc, 0xf8, 0x00,
    0xf8, 0xfc, 0xf8, 0x00, 0xf8, 0xfc, 0xf8, 0x00, 0xf8, 0xfc, 0xf8, 0x00,
    0xf8, 0xfc, 0xf8, 0x00, 0xf8, 0xfc, 0xf8, 0x00, 0xf8, 0xfc, 0xf8, 0x00,
    0xf8, 0xfc, 0xf8, 0x00, 0xf8, 0xfc, 0xf8, 0x00, 0xf8, 0xfc, 0xf8, 0x00,
    0xf8, 0xfc, 0xf8, 0x00, 0xf8, 0xfc, 0xf8, 0x00, 0xf8, 0xfc, 0xf8, 0x00,
    0xf8, 0xfc, 0xf8, 0x00, 0xf8, 0xfc, 0xf8, 0x00, 0xf8, 0xfc, 0xf8, 0x00,
    0xf8, 0xfc, 0xf8, 0x00, 0xf8, 0xfc, 0xf8, 0x00, 0xf8, 0xfc, 0xf8, 0x00,
    0xf8, 0xfc, 0xf8, 0x00, 0xf8, 0xfc, 0xf8, 0x00, 0xf8, 0xfc, 0xf8, 0x00,
    0xf8, 0xfc, 0xf8, 0x00, 0xf8, 0xfc, 0xf8, 0x00, 0xf8, 0xfc, 0xf8, 0x00,
    0xf8, 0xfc, 0xf8, 0x00, 0xf8, 0xfc, 0xf8, 0x00, 0xf8, 0xfc, 0xf8, 0x00,
    0xf8, 0xfc, 0xf8, 0x00, 0xf8, 0xfc, 0xf8, 0x00, 0xf8, 0xfc, 0xf8, 0x00,
    0xf8, 0xfc, 0xf8, 0x00, 0xf8, 0xfc, 0xf8, 0x00, 0xf8, 0xfc, 0xf8, 0x00,
    0xf8, 0xfc, 0xf8, 0x00, 0xf8, 0xfc, 0xf8, 0x00, 0xf8, 0xfc, 0xf8, 0x00,
    0xf8, 0xfc, 0xf8, 0x00, 0xf8, 0xfc, 0xf8, 0x00, 0xf8, 0xfc, 0xf8, 0x00,
    0xf8, 0xfc, 0xf8, 0x00, 0xf8, 0xfc, 0xf8, 0x00, 0xf8, 0xfc, 0xf8, 0x00,
    0xf8, 0xfc, 0xf8, 0x00, 0xf8, 0xfc, 0xf8, 0x00, 0xf8, 0xfc, 0xf8, 0x00,
    0xf8, 0xfc, 0xf8, 0x00, 0xf8, 0xfc, 0xf8, 0x00, 0xf8, 0xfc, 0xf8, 0x00,
    0xf8, 0xfc, 0xf8, 0x00, 0xf8, 0xfc, 0xf8, 0x00, 0xf8, 0xfc, 0xf8, 0x00,
    0xf8, 0xfc, 0xf8, 0x00, 0xf8, 0xfc, 0xf8, 0x00, 0xf8, 0xfc, 0xf8, 0x00,
    0xf8, 0xfc, 0xf8, 0x00, 0xf8, 0xfc, 0xf8, 0x00, 0xf8, 0xfc, 0xf8, 0x00,
    0xf8, 0xfc, 0xf8, 0x00, 0xf8, 0xfc, 0xf8, 0x00, 0xf8, 0xfc, 0xf8, 0x00,
    0xf8, 0xfc, 0xf8, 0x00, 0xf8, 0xfc, 0xf8, 0x00, 0xf8, 0xfc, 0xf8, 0x00,
    0xf8, 0xfc, 0xf8, 0x00, 0xf8, 0xfc, 0xf8, 0x00, 0xf8, 0xfc, 0xf8, 0x00,
    0xf8, 0xfc, 0xf8, 0x00, 0xf8, 0xfc, 0xf8, 0x00, 0xf8, 0xfc, 0xf8, 0x00,
    0xf8, 0xfc, 0xf8, 0x00, 0xf8, 0xfc, 0xf8, 0x00, 0xf8, 0xfc, 0xf8, 0x00,
    0xf8, 0xfc, 0xf8, 0x00, 0xf8, 0xfc, 0xf8, 0x00, 0xf8, 0xfc, 0xf8, 0x00,
    0xf8, 0xfc, 0xf8, 0x00, 0xf8, 0xfc, 0xf8, 0x00, 0xf8, 0xfc, 0xf8, 0x00,
    0xf8, 0xfc, 0xf8, 0x00, 0xf8, 0xfc, 0xf8, 0x00, 0xf8, 0xfc, 0xf8, 0x00,
    0xf8, 0xfc, 0xf8, 0x00, 0xf8, 0xfc, 0xf8, 0x00, 0xf8, 0xfc, 0xf8, 0x00,
    0xf8, 0xfc, 0xf8, 0x00, 0xf8, 0xfc, 0xf8, 0x00, 0xf8, 0xfc, 0xf8, 0x00,
    0xf8, 0xfc, 0xf8, 0x00, 0xf8, 0xfc, 0xf8, 0x00, 0xf8, 0xfc, 0xf8, 0x00,
    0xf8, 0xfc, 0xf8, 0x00, 0xf8, 0xfc, 0xf8, 0x00, 0xf8, 0xfc, 0xf8, 0x00,
    0xf8, 0xfc, 0xf8, 0x00, 0xf8, 0xfc, 0xf8, 0x00, 0xf8, 0xfc, 0xf8, 0x00,
    0xf8, 0xfc, 0xf8, 0x00, 0xf8, 0xfc, 0xf8, 0x00, 0xf8, 0xfc, 0xf8, 0x00,
    0xf8, 0xfc, 0xf8, 0x00, 0xf8, 0xfc, 0xf8, 0x00, 0xf8, 0xfc, 0xf8, 0x00,
    0xf8, 0xfc, 0xf8, 0x00, 0xf8, 0xfc, 0xf8, 0x00, 0xf8, 0xfc, 0xf8, 0x00,
    0xf8, 0xfc, 0xf8, 0x00, 0xf8, 0xfc, 0xf8, 0x00, 0xf8, 0xfc, 0xf8, 0x00,
    0xf8, 0xfc, 0xf8, 0x00, 0xf8, 0xfc, 0xf8, 0x00, 0xf8, 0xfc, 0xf8, 0x00,
    0xf8, 0xfc, 0xf8, 0x00, 0xf8, 0xfc, 0xf8, 0x00, 0xf8, 0xfc, 0xf8, 0x00,
    0xf8, 0xfc, 0xf8, 0x00, 0xf8, 0xfc, 0xf8, 0x00, 0xf8, 0xfc, 0xf8, 0x00,
    0xf8, 0xfc, 0xf8, 0x00, 0xf8, 0xfc, 0xf8, 0x00, 0xf8, 0xfc, 0xf8, 0x00,
    0xf8, 0xfc, 0xf8, 0x00, 0xf8, 0xfc, 0xf8, 0x00, 0xf8, 0xfc, 0xf8, 0x00,
    0xf8, 0xfc, 0xf8, 0x00, 0xf8, 0xfc, 0xf8, 0x00, 0xf8, 0xfc, 0xf8, 0x00,
    0xf8, 0xfc, 0xf8, 0x00, 0xf8, 0xfc, 0xf8, 0x00, 0xf8, 0xfc, 0xf8, 0x00,
    0xf8, 0xfc, 0xf8, 0x00, 0xf8, 0xfc, 0xf8, 0x00, 0xf8, 0xfc, 0xf8, 0x00,
    0xf8, 0xfc, 0xf8, 0x00, 0xf8, 0xfc, 0xf8, 0x00, 0xf8, 0xfc, 0xf8, 0x00,
    0xf8, 0xfc, 0xf8, 0x00, 0xf8, 0xfc, 0xf8, 0x00, 0xf8, 0xfc, 0xf8, 0x00,
    0xf8, 0xfc, 0xf8, 0x00, 0xf8, 0xfc, 0xf8, 0x00, 0xf8, 0xfc, 0xf8, 0x00,
    0xf8, 0xfc, 0xf8, 0x00, 0xf8, 0xfc, 0xf8, 0x00, 0xf8, 0xfc, 0xf8, 0x00,
    0xf8, 0xfc, 0xf8, 0x00, 0xf8, 0xfc, 0xf8, 0x00, 0xf8, 0xfc, 0xf8, 0x00,
    0xf8, 0xfc, 0xf8, 0x00, 0xf8, 0xfc, 0xf8, 0x00, 0xf8, 0xfc, 0xf8, 0x00,
    0xf8, 0xfc, 0xf8, 0x00, 0xf8, 0xfc, 0xf8, 0x00, 0xf8, 0xfc, 0xf8, 0x00,
    0xf8, 0xfc, 0xf8, 0x00, 0xf8, 0xfc, 0xf8, 0x00, 0xf8, 0xfc, 0xf8, 0x00,
    0xf8, 0xfc, 0xf8, 0x00, 0xf8, 0xfc, 0xf8, 0x00, 0xf8, 0xfc, 0xf8, 0x00,
    0xf8, 0xfc, 0xf8, 0x00, 0xf8, 0xfc, 0xf8, 0x00, 0xf8, 0xfc, 0xf8, 0x00,
    0xf8, 0xfc, 0xf8, 0x00, 0xf8, 0xfc, 0xf8, 0x00, 0xf8, 0xfc, 0xf8, 0x00,
    0xf8, 0xfc, 0xf8, 0x00, 0xf8, 0xfc, 0xf8, 0x00, 0xf8, 0xfc, 0xf8, 0x00,
    0xf8, 0xfc, 0xf8, 0x00, 0xf8, 0xfc, 0xf8, 0x00, 0xf8, 0xfc, 0xf8, 0x00,
    0xf8, 0xfc, 0xf8, 0x00, 0xf8, 0xfc, 0xf8, 0x00, 0xf8, 0xfc, 0xf8, 0x00,
    0xf8, 0xfc, 0xf8, 0x00, 0xf8, 0xfc, 0xf8, 0x00, 0xf8, 0xfc, 0xf8, 0x00,
    0xf8, 0xfc, 0xf8, 0x00, 0xf8, 0xfc, 0xf8, 0x00, 0xf8, 0xfc, 0xf8, 0x00,
    0xf8, 0xfc, 0xf8, 0x00, 0xf8, 0xfc, 0xf8, 0x00, 0xf8, 0xfc, 0xf8, 0x00,
    0xf8, 0xfc, 0xf8, 0x00, 0xf8, 0xfc, 0xf8, 0x00, 0xf8, 0xfc, 0xf8, 0x00,
    0xf8, 0xfc, 0xf8, 0x00, 0xf8, 0xfc, 0xf8, 0x00, 0xf8, 0xfc, 0xf8, 0x00,
    0xf8, 0xfc, 0xf8, 0x00, 0xf8, 0xfc, 0xf8, 0x00, 0xf8, 0xfc, 0xf8, 0x00,
    0xf8, 0xfc, 0xf8, 0x00, 0xf8, 0xfc, 0xf8, 0x00, 0xf8, 0xfc, 0xf8, 0x00,
    0xf8, 0xfc, 0xf8, 0x00, 0xf8, 0xfc, 0xf8, 0x00, 0xf8, 0xfc, 0xf8, 0x00,
    0xf8, 0xfc, 0xf8, 0x00, 0xf8, 0xfc, 0xf8, 0x00, 0xf8, 0xfc, 0xf8, 0x00,
    0xf8, 0xfc, 0xf8, 0x00, 0xf8, 0xfc, 0xf8, 0x00, 0xf8, 0xfc, 0xf8, 0x00,
    0xf8, 0xfc, 0xf8, 0x00, 0xf8, 0xfc, 0xf8, 0x00, 0xf8, 0xfc, 0xf8, 0x00,
    0xf8, 0xfc, 0xf8, 0x00, 0xf8, 0xfc, 0xf8, 0x00, 0xf8, 0xfc, 0xf8, 0x00,
    0xf8, 0xfc, 0xf8, 0x00, 0xf8, 0xfc, 0xf8, 0x00, 0xf8, 0xfc, 0xf8, 0x00,
    0xf8, 0xfc, 0xf8, 0x00, 0xf8, 0xfc, 0xf8, 0x00, 0xf8, 0xfc, 0xf8, 0x00,
    0xf8, 0xfc, 0xf8, 0x00, 0xf8, 0xfc, 0xf8, 0x00, 0xf8, 0xfc, 0xf8, 0x00,
    0xf8, 0xfc, 0xf8, 0x00, 0xf8, 0xfc, 0xf8, 0x00, 0xf8, 0xfc, 0xf8, 0x00,
    0xf8, 0xfc, 0xf8, 0x00, 0xf8, 0xfc, 0xf8, 0x00, 0xf8, 0xfc, 0xf8, 0x00,
    0xf8, 0xfc, 0xf8, 0x00, 0xf8, 0xfc, 0xf8, 0x00, 0xf8, 0xfc, 0xf8, 0x00,
    0xf8, 0xfc, 0xf8, 0x00, 0xf8, 0xfc, 0xf8, 0x00, 0xf8, 0xfc, 0xf8, 0x00,
    0xf8, 0xfc, 0xf8, 0x00, 0xf8, 0xfc, 0xf8, 0x00, 0xf8, 0xfc, 0xf8, 0x00,
    0xf8, 0xfc, 0xf8, 0x00, 0xf8, 0xfc, 0xf8, 0x00, 0xf8, 0xfc, 0xf8, 0x00,
    0xf8, 0xfc, 0xf8, 0x00, 0xf8, 0xfc, 0xf8, 0x00, 0xf8, 0xfc, 0xf8, 0x00,
    0xf8, 0xfc, 0xf8, 0x00, 0xf8, 0xfc, 0xf8, 0x00, 0xf8, 0xfc, 0xf8, 0x00,
    0xf8, 0xfc, 0xf8, 0x00, 0xf8, 0xfc, 0xf8, 0x00, 0xf8, 0xfc, 0xf8, 0x00,
    0xf8, 0xfc, 0xf8, 0x00, 0xf8, 0xfc, 0xf8, 0x00, 0xf8, 0xfc, 0xf8, 0x00,
    0xf8, 0xfc, 0xf8, 0x00, 0xf8, 0xfc, 0xf8, 0x00, 0xc0, 0xc0, 0xc0, 0xeb,
    0x60, 0x5c, 0x60, 0xff, 0x60, 0x5c, 0x58, 0xff, 0x60, 0x60, 0x60, 0xff,
    0x60, 0x5c, 0x60, 0xff, 0x60, 0x5c, 0x58, 0xff, 0x60, 0x5c, 0x60, 0xff,
    0x60, 0x5c, 0x60, 0xff, 0x60, 0x60, 0x58, 0xff, 0x60, 0x5c, 0x60, 0xff,
    0x60, 0x5c, 0x60, 0xff, 0x60, 0x60, 0x58, 0xff, 0x60, 0x5c, 0x60, 0xff,
    0x60, 0x5c, 0x58, 0xff, 0x60, 0x5c, 0x60, 0xff, 0x60, 0x5c, 0x58, 0xff,
    0x60, 0x5c, 0x58, 0xff, 0x60, 0x5c, 0x60, 0xff, 0x60, 0x5c, 0x58, 0xff,
    0x60, 0x5c, 0x58, 0xff, 0x60, 0x5c, 0x60, 0xff, 0x60, 0x5c, 0x58, 0xff,
    0x60, 0x5c, 0x58, 0xff, 0x60, 0x5c, 0x60, 0xff, 0x60, 0x5c, 0x58, 0xff,
    0x60, 0x5c, 0x58, 0xff, 0x60, 0x5c, 0x60, 0xff, 0x60, 0x5c, 0x58, 0xff,
    0x60, 0x5c, 0x58, 0xff, 0x60, 0x5c, 0x60, 0xff, 0x60, 0x5c, 0x58, 0xff,
    0x60, 0x5c, 0x58, 0xff, 0x60, 0x5c, 0x60, 0xff, 0x60, 0x5c, 0x58, 0xff,
    0x60, 0x5c, 0x58, 0xff, 0x60, 0x5c, 0x58, 0xff, 0x60, 0x5c, 0x58, 0xff,
    0x60, 0x5c, 0x60, 0xff, 0x58, 0x5c, 0x58, 0xff, 0x60, 0x5c, 0x58, 0xff,
    0x60, 0x5c, 0x58, 0xff, 0x60, 0x5c, 0x58, 0xff, 0x60, 0x5c, 0x58, 0xff,
    0x60, 0x5c, 0x58, 0xff, 0x60, 0x5c, 0x58, 0xff, 0x60, 0x5c, 0x58, 0xff,
    0x60, 0x5c, 0x58, 0xff, 0x60, 0x5c, 0x58, 0xff, 0x58, 0x5c, 0x58, 0xff,
    0x60, 0x5c, 0x58, 0xff, 0x60, 0x5c, 0x58, 0xff, 0x58, 0x5c, 0x58, 0xff,
    0x60, 0x5c, 0x58, 0xff, 0x60, 0x5c, 0x58, 0xff, 0x58, 0x5c, 0x58, 0xff,
    0x60, 0x5c, 0x58, 0xff, 0x60, 0x5c, 0x58, 0xff, 0x58, 0x5c, 0x58, 0xff,
    0x60, 0x5c, 0x58, 0xff, 0x60, 0x5c, 0x58, 0xff, 0x58, 0x5c, 0x58, 0xff,
    0x60, 0x5c, 0x58, 0xff, 0x60, 0x5c, 0x58, 0xff, 0x58, 0x5c, 0x58, 0xff,
    0x60, 0x5c, 0x58, 0xff, 0x58, 0x5c, 0x58, 0xff, 0x60, 0x5c, 0x58, 0xff,
    0x58, 0x5c, 0x58, 0xff, 0x58, 0x5c, 0x58, 0xff, 0x60, 0x5c, 0x58, 0xff,
    0x60, 0x5c, 0x58, 0xff, 0x58, 0x5c, 0x58, 0xff, 0x58, 0x5c, 0x58, 0xff,
    0x60, 0x5c, 0x58, 0xff, 0x58, 0x5c, 0x58, 0xff, 0x58, 0x5c, 0x58, 0xff,
    0x60, 0x5c, 0x58, 0xff, 0x58, 0x5c, 0x58, 0xff, 0x58, 0x5c, 0x58, 0xff,
    0x60, 0x5c, 0x58, 0xff, 0x58, 0x5c, 0x58, 0xff, 0x58, 0x5c, 0x58, 0xff,
    0x60, 0x5c, 0x58, 0xff, 0x58, 0x5c, 0x58, 0xff, 0x58, 0x5c, 0x58, 0xff,
    0x60, 0x5c, 0x58, 0xff, 0x58, 0x5c, 0x58, 0xff, 0x58, 0x5c, 0x58, 0xff,
    0x60, 0x5c, 0x58, 0xff, 0x58, 0x5c, 0x58, 0xff, 0x58, 0x5c, 0x58, 0xff,
    0x60, 0x5c, 0x58, 0xff, 0x58, 0x5c, 0x58, 0xff, 0x58, 0x5c, 0x58, 0xff,
    0x60, 0x5c, 0x58, 0xff, 0x58, 0x58, 0x58, 0xff, 0x58, 0x58, 0x58, 0xff,
    0x58, 0x5c, 0x58, 0xff, 0x58, 0x58, 0x58, 0xff, 0x60, 0x5c, 0x58, 0xff,
    0x58, 0x58, 0x58, 0xff, 0x58, 0x5c, 0x58, 0xff, 0x60, 0x5c, 0x58, 0xff,
    0x58, 0x58, 0x58, 0xff, 0x58, 0x58, 0x58, 0xff, 0x58, 0x5c, 0x58, 0xff,
    0x58, 0x5c, 0x58, 0xff, 0x58, 0x58, 0x58, 0xff, 0x58, 0x58, 0x58, 0xff,
    0x58, 0x58, 0x58, 0xff, 0x58, 0x5c, 0x58, 0xff, 0x58, 0x58, 0x58, 0xff,
    0x58, 0x58, 0x58, 0xff, 0x58, 0x5c, 0x58, 0xff, 0x58, 0x58, 0x58, 0xff,
    0x58, 0x58, 0x58, 0xff, 0x58, 0x58, 0x58, 0xff, 0x58, 0x58, 0x58, 0xff,
    0x58, 0x58, 0x58, 0xff, 0x58, 0x58, 0x58, 0xff, 0x58, 0x58, 0x58, 0xff,
    0x58, 0x58, 0x58, 0xff, 0x58, 0x58, 0x58, 0xff, 0x58, 0x58, 0x58, 0xff,
    0x58, 0x58, 0x58, 0xff, 0x58, 0x58, 0x58, 0xff, 0x58, 0x58, 0x58, 0xff,
    0x58, 0x58, 0x58, 0xff, 0x58, 0x58, 0x58, 0xff, 0x58, 0x58, 0x58, 0xff,
    0x58, 0x58, 0x58, 0xff, 0x58, 0x58, 0x58, 0xff, 0x58, 0x58, 0x58, 0xff,
    0x58, 0x58, 0x58, 0xff, 0x58, 0x58, 0x58, 0xff, 0x58, 0x58, 0x58, 0xff,
    0x58, 0x58, 0x58, 0xff, 0x58, 0x58, 0x58, 0xff, 0xa0, 0x9c, 0x98, 0xff,
    0xf0, 0xf0, 0xf0, 0x41, 0xf8, 0xfc, 0xf8, 0x00, 0xf8, 0xfc, 0xf8, 0x00,
    0xf8, 0xfc, 0xf8, 0x00, 0xb8, 0xb4, 0xb0, 0xe7, 0x30, 0x2c, 0x28, 0xff,
    0x30, 0x2c, 0x28, 0xff, 0x30, 0x2c, 0x28, 0xff, 0x28, 0x2c, 0x28, 0xff,
    0x28, 0x2c, 0x28, 0xff, 0x30, 0x2c, 0x28, 0xff, 0x28, 0x2c, 0x28, 0xff,
    0x28, 0x2c, 0x28, 0xff, 0x30, 0x2c, 0x28, 0xff, 0x28, 0x2c, 0x28, 0xff,
    0x28, 0x2c, 0x28, 0xff, 0x30, 0x2c, 0x28, 0xff, 0x28, 0x2c, 0x28, 0xff,
    0x28, 0x2c, 0x28, 0xff, 0x30, 0x2c, 0x30, 0xff, 0x28, 0x2c, 0x28, 0xff,
    0x28, 0x2c, 0x28, 0xff, 0x30, 0x2c, 0x30, 0xff, 0x28, 0x2c, 0x28, 0xff,
    0x28, 0x2c, 0x28, 0xff, 0x28, 0x2c, 0x28, 0xff, 0x28, 0x2c, 0x28, 0xff,
    0x28, 0x2c, 0x28, 0xff, 0x28, 0x2c, 0x28, 0xff, 0x28, 0x2c, 0x28, 0xff,
    0x30, 0x2c, 0x28, 0xff, 0x28, 0x2c, 0x28, 0xff, 0x28, 0x2c, 0x28, 0xff,
    0x28, 0x2c, 0x28, 0xff, 0x30, 0x2c, 0x28, 0xff, 0x28, 0x2c, 0x28, 0xff,
    0x28, 0x2c, 0x28, 0xff, 0x28, 0x28, 0x28, 0xff, 0x28, 0x2c, 0x28, 0xff,
    0x28, 0x2c, 0x28, 0xff, 0x28, 0x2c, 0x28, 0xff, 0x28, 0x28, 0x28, 0xff,
    0x30, 0x2c, 0x28, 0xff, 0x28, 0x28, 0x28, 0xff, 0x28, 0x28, 0x28, 0xff,
    0x28, 0x2c, 0x28, 0xff, 0x28, 0x2c, 0x30, 0xff, 0x28, 0x28, 0x28, 0xff,
    0x28, 0x28, 0x28, 0xff, 0x28, 0x28, 0x28, 0xff, 0x28, 0x2c, 0x28, 0xff,
    0x28, 0x28, 0x28, 0xff, 0x30, 0x28, 0x28, 0xff, 0x28, 0x28, 0x28, 0xff,
    0x28, 0x28, 0x28, 0xff, 0x30, 0x28, 0x28, 0xff, 0x28, 0x28, 0x28, 0xff,
    0x28, 0x28, 0x28, 0xff, 0x28, 0x28, 0x28, 0xff, 0x28, 0x28, 0x28, 0xff,
    0x28, 0x28, 0x28, 0xff, 0x28, 0x28, 0x28, 0xff, 0x28, 0x28, 0x28, 0xff,
    0x28, 0x28, 0x28, 0xff, 0x28, 0x28, 0x28, 0xff, 0x28, 0x28, 0x28, 0xff,
    0x28, 0x28, 0x28, 0xff, 0x28, 0x28, 0x28, 0xff, 0x28, 0x28, 0x28, 0xff,
    0x30, 0x28, 0x28, 0xff, 0x28, 0x28, 0x28, 0xff, 0x28, 0x28, 0x28, 0xff,
    0x28, 0x28, 0x28, 0xff, 0x28, 0x28, 0x28, 0xff, 0x28, 0x28, 0x28, 0xff,
    0x28, 0x28, 0x28, 0xff, 0x28, 0x28, 0x28, 0xff, 0x28, 0x28, 0x28, 0xff,
    0x30, 0x28, 0x28, 0xff, 0x28, 0x28, 0x28, 0xff, 0x28, 0x28, 0x28, 0xff,
    0x28, 0x28, 0x28, 0xff, 0x28, 0x28, 0x28, 0xff, 0x28, 0x28, 0x28, 0xff,
    0x28, 0x28, 0x28, 0xff, 0x28, 0x28, 0x28, 0xff, 0x28, 0x28, 0x28, 0xff,
    0x28, 0x28, 0x28, 0xff, 0x28, 0x28, 0x28, 0xff, 0x28, 0x28, 0x28, 0xff,
    0x28, 0x28, 0x28, 0xff, 0x28, 0x28, 0x28, 0xff, 0x28, 0x28, 0x28, 0xff,
    0x28, 0x28, 0x28, 0xff, 0x28, 0x24, 0x28, 0xff, 0x28, 0x28, 0x28, 0xff,
    0x28, 0x28, 0x28, 0xff, 0x28, 0x28, 0x28, 0xff, 0x28, 0x28, 0x28, 0xff,
    0x28, 0x28, 0x28, 0xff, 0x28, 0x28, 0x28, 0xff, 0x28, 0x28, 0x28, 0xff,
    0x28, 0x28, 0x28, 0xff, 0x28, 0x28, 0x28, 0xff, 0x28, 0x28, 0x28, 0xff,
    0x28, 0x28, 0x28, 0xff, 0x28, 0x28, 0x28, 0xff, 0x28, 0x28, 0x28, 0xff,
    0x28, 0x28, 0x28, 0xff, 0x28, 0x28, 0x28, 0xff, 0x28, 0x28, 0x28, 0xff,
    0x28, 0x28, 0x28, 0xff, 0x28, 0x28, 0x28, 0xff, 0x28, 0x28, 0x28, 0xff,
    0x28, 0x28, 0x28, 0xff, 0x28, 0x24, 0x28, 0xff, 0x28, 0x28, 0x28, 0xff,
    0x28, 0x28, 0x28, 0xff, 0x28, 0x28, 0x28, 0xff, 0x28, 0x24, 0x28, 0xff,
    0x28, 0x28, 0x28, 0xff, 0x28, 0x28, 0x28, 0xff, 0x28, 0x28, 0x28, 0xff,
    0x28, 0x28, 0x28, 0xff, 0x28, 0x28, 0x20, 0xff, 0x28, 0x24, 0x28, 0xff,
    0x28, 0x28, 0x28, 0xff, 0x28, 0x28, 0x28, 0xff, 0x28, 0x28, 0x20, 0xff,
    0x28, 0x28, 0x28, 0xff, 0x28, 0x24, 0x28, 0xff, 0x28, 0x28, 0x28, 0xff,
    0x28, 0x28, 0x20, 0xff, 0x28, 0x24, 0x28, 0xff, 0x28, 0x28, 0x28, 0xff,
    0x28, 0x28, 0x20, 0xff, 0x28, 0x24, 0x28, 0xff, 0x28, 0x28, 0x28, 0xff,
    0x28, 0x28, 0x20, 0xff, 0x28, 0x24, 0x28, 0xff, 0x28, 0x28, 0x28, 0xff,
    0x28, 0x24, 0x28, 0xff, 0x80, 0x80, 0x80, 0xff, 0xf0, 0xf4, 0xf0, 0x41,
    0xf8, 0xfc, 0xf8, 0x00, 0xf8, 0xfc, 0xf8, 0x00, 0xf8, 0xfc, 0xf8, 0x00,
    0xb0, 0xb4, 0xb8, 0xe7, 0x28, 0x2c, 0x28, 0xff, 0x30, 0x2c, 0x30, 0xff,
    0x28, 0x2c, 0x28, 0xff, 0x30, 0x2c, 0x30, 0xff, 0x30, 0x2c, 0x30, 0xff,
    0x30, 0x2c, 0x28, 0xff, 0x28, 0x2c, 0x30, 0xff, 0x30, 0x2c, 0x28, 0xff,
    0x30, 0x2c, 0x28, 0xff, 0x28, 0x2c, 0x28, 0xff, 0x30, 0x2c, 0x30, 0xff,
    0x30, 0x2c, 0x30, 0xff, 0x28, 0x2c, 0x28, 0xff, 0x30, 0x2c, 0x28, 0xff,
    0x28, 0x2c, 0x28, 0xff, 0x30, 0x2c, 0x30, 0xff, 0x30, 0x2c, 0x28, 0xff,
    0x28, 0x2c, 0x28, 0xff, 0x30, 0x2c, 0x28, 0xff, 0x30, 0x2c, 0x30, 0xff,
    0x28, 0x2c, 0x28, 0xff, 0x30, 0x2c, 0x28, 0xff, 0x30, 0x2c, 0x30, 0xff,
    0x30, 0x2c, 0x28, 0xff, 0x28, 0x2c, 0x30, 0xff, 0x30, 0x2c, 0x28, 0xff,
    0x28, 0x28, 0x28, 0xff, 0x28, 0x28, 0x28, 0xff, 0x30, 0x2c, 0x30, 0xff,
    0x28, 0x2c, 0x28, 0xff, 0x28, 0x2c, 0x30, 0xff, 0x30, 0x2c, 0x28, 0xff,
    0x30, 0x28, 0x28, 0xff, 0x28, 0x2c, 0x30, 0xff, 0x30, 0x2c, 0x30, 0xff,
    0x28, 0x28, 0x28, 0xff, 0x28, 0x2c, 0x28, 0xff, 0x30, 0x2c, 0x28, 0xff,
    0x30, 0x28, 0x28, 0xff, 0x28, 0x2c, 0x28, 0xff, 0x30, 0x28, 0x28, 0xff,
    0x28, 0x28, 0x28, 0xff, 0x30, 0x2c, 0x28, 0xff, 0x28, 0x2c, 0x28, 0xff,
    0x28, 0x28, 0x28, 0xff, 0x30, 0x2c, 0x30, 0xff, 0x28, 0x28, 0x28, 0xff,
    0x30, 0x2c, 0x28, 0xff, 0x28, 0x2c, 0x28, 0xff, 0x28, 0x28, 0x28, 0xff,
    0x30, 0x2c, 0x30, 0xff, 0x28, 0x2c, 0x28, 0xff, 0x28, 0x28, 0x28, 0xff,
    0x30, 0x28, 0x28, 0xff, 0x30, 0x2c, 0x28, 0xff, 0x28, 0x28, 0x28, 0xff,
    0x30, 0x28, 0x28, 0xff, 0x30, 0x28, 0x28, 0xff, 0x28, 0x28, 0x28, 0xff,
    0x30, 0x28, 0x28, 0xff, 0x28, 0x28, 0x28, 0xff, 0x30, 0x28, 0x28, 0xff,
    0x28, 0x28, 0x28, 0xff, 0x28, 0x28, 0x28, 0xff, 0x28, 0x28, 0x28, 0xff,
    0x30, 0x28, 0x28, 0xff, 0x30, 0x28, 0x28, 0xff, 0x28, 0x28, 0x28, 0xff,
    0x30, 0x28, 0x28, 0xff, 0x30, 0x28, 0x28, 0xff, 0x28, 0x28, 0x28, 0xff,
    0x28, 0x28, 0x28, 0xff, 0x30, 0x28, 0x28, 0xff, 0x28, 0x28, 0x28, 0xff,
    0x28, 0x28, 0x28, 0xff, 0x30, 0x28, 0x28, 0xff, 0x28, 0x28, 0x28, 0xff,
    0x30, 0x28, 0x28, 0xff, 0x28, 0x28, 0x28, 0xff, 0x30, 0x28, 0x28, 0xff,
    0x28, 0x28, 0x28, 0xff, 0x28, 0x28, 0x28, 0xff, 0x30, 0x28, 0x28, 0xff,
    0x28, 0x28, 0x28, 0xff, 0x28, 0x28, 0x28, 0xff, 0x30, 0x28, 0x28, 0xff,
    0x28, 0x28, 0x28, 0xff, 0x28, 0x28, 0x28, 0xff, 0x28, 0x24, 0x28, 0xff,
    0x30, 0x28, 0x28, 0xff, 0x28, 0x28, 0x28, 0xff, 0x28, 0x28, 0x28, 0xff,
    0x28, 0x28, 0x28, 0xff, 0x30, 0x28, 0x28, 0xff, 0x28, 0x28, 0x28, 0xff,
    0x28, 0x28, 0x28, 0xff, 0x28, 0x28, 0x28, 0xff, 0x30, 0x28, 0x28, 0xff,
    0x28, 0x28, 0x28, 0xff, 0x28, 0x28, 0x28, 0xff, 0x28, 0x24, 0x28, 0xff,
    0x28, 0x28, 0x28, 0xff, 0x28, 0x28, 0x28, 0xff, 0x28, 0x28, 0x28, 0xff,
    0x30, 0x24, 0x28, 0xff, 0x28, 0x28, 0x28, 0xff, 0x28, 0x28, 0x28, 0xff,
    0x30, 0x28, 0x28, 0xff, 0x28, 0x28, 0x28, 0xff, 0x28, 0x28, 0x28, 0xff,
    0x30, 0x28, 0x28, 0xff, 0x28, 0x24, 0x20, 0xff, 0x28, 0x28, 0x28, 0xff,
    0x28, 0x28, 0x28, 0xff, 0x30, 0x28, 0x20, 0xff, 0x28, 0x28, 0x28, 0xff,
    0x28, 0x24, 0x20, 0xff, 0x28, 0x28, 0x28, 0xff, 0x28, 0x28, 0x28, 0xff,
    0x28, 0x24, 0x20, 0xff, 0x28, 0x28, 0x28, 0xff, 0x28, 0x24, 0x28, 0xff,
    0x28, 0x24, 0x20, 0xff, 0x28, 0x28, 0x28, 0xff, 0x28, 0x24, 0x28, 0xff,
    0x28, 0x28, 0x28, 0xff, 0x28, 0x28, 0x20, 0xff, 0x28, 0x24, 0x28, 0xff,
    0x28, 0x28, 0x28, 0xff, 0x28, 0x28, 0x20, 0xff, 0x28, 0x24, 0x28, 0xff,
    0x28, 0x28, 0x28, 0xff, 0x28, 0x24, 0x20, 0xff, 0x28, 0x28, 0x28, 0xff,
    0x28, 0x24, 0x20, 0xff, 0x28, 0x28, 0x20, 0xff, 0x28, 0x28, 0x28, 0xff,
    0x80, 0x80, 0x80, 0xff, 0xf0, 0xf0, 0xf0, 0x41, 0xf8, 0xfc, 0xf8, 0x00,
    0xf8, 0xfc, 0xf8, 0x00, 0xf8, 0xfc, 0xf8, 0x00, 0xb8, 0xb4, 0xb8, 0xe7,
    0x30, 0x2c, 0x28, 0xff, 0x28, 0x2c, 0x28, 0xff, 0x30, 0x2c, 0x30, 0xff,
    0x30, 0x2c, 0x28, 0xff, 0x28, 0x2c, 0x28, 0xff, 0x30, 0x2c, 0x30, 0xff,
    0x30, 0x2c, 0x28, 0xff, 0x30, 0x2c, 0x30, 0xff, 0x28, 0x2c, 0x30, 0xff,
    0x30, 0x2c, 0x28, 0xff, 0x30, 0x2c, 0x28, 0xff, 0x28, 0x2c, 0x30, 0xff,
    0x30, 0x2c, 0x28, 0xff, 0x28, 0x2c, 0x28, 0xff, 0x30, 0x2c, 0x30, 0xff,
    0x30, 0x2c, 0x28, 0xff, 0x28, 0x2c, 0x28, 0xff, 0x28, 0x2c, 0x28, 0xff,
    0x30, 0x2c, 0x30, 0xff, 0x30, 0x28, 0x28, 0xff, 0x28, 0x2c, 0x28, 0xff,
    0x30, 0x28, 0x30, 0xff, 0x30, 0x28, 0x28, 0xff, 0x28, 0x2c, 0x28, 0xff,
    0x30, 0x28, 0x28, 0xff, 0x30, 0x2c, 0x30, 0xff, 0x30, 0x28, 0x28, 0xff,
    0x30, 0x28, 0x28, 0xff, 0x28, 0x2c, 0x28, 0xff, 0x30, 0x28, 0x28, 0xff,
    0x30, 0x2c, 0x28, 0xff, 0x28, 0x28, 0x28, 0xff, 0x30, 0x28, 0x28, 0xff,
    0x30, 0x2c, 0x28, 0xff, 0x30, 0x28, 0x28, 0xff, 0x28, 0x28, 0x28, 0xff,
    0x28, 0x2c, 0x28, 0xff, 0x30, 0x28, 0x30, 0xff, 0x28, 0x2c, 0x28, 0xff,
    0x30, 0x2c, 0x28, 0xff, 0x30, 0x28, 0x28, 0xff, 0x28, 0x28, 0x28, 0xff,
    0x30, 0x2c, 0x28, 0xff, 0x30, 0x28, 0x28, 0xff, 0x30, 0x2c, 0x28, 0xff,
    0x28, 0x28, 0x28, 0xff, 0x30, 0x28, 0x28, 0xff, 0x28, 0x28, 0x28, 0xff,
    0x28, 0x28, 0x28, 0xff, 0x30, 0x2c, 0x28, 0xff, 0x28, 0x28, 0x28, 0xff,
    0x30, 0x2c, 0x28, 0xff, 0x28, 0x2c, 0x28, 0xff, 0x30, 0x28, 0x28, 0xff,
    0x28, 0x28, 0x28, 0xff, 0x28, 0x2c, 0x28, 0xff, 0x30, 0x28, 0x28, 0xff,
    0x28, 0x2c, 0x28, 0xff, 0x28, 0x2c, 0x28, 0xff, 0x30, 0x2c, 0x28, 0xff,
    0x28, 0x2c, 0x28, 0xff, 0x30, 0x28, 0x28, 0xff, 0x30, 0x28, 0x28, 0xff,
    0x28, 0x28, 0x28, 0xff, 0x28, 0x28, 0x28, 0xff, 0x30, 0x28, 0x28, 0xff,
    0x28, 0x28, 0x28, 0xff, 0x28, 0x28, 0x28, 0xff, 0x28, 0x28, 0x28, 0xff,
    0x30, 0x28, 0x28, 0xff, 0x28, 0x28, 0x28, 0xff, 0x30, 0x28, 0x28, 0xff,
    0x28, 0x28, 0x28, 0xff, 0x28, 0x28, 0x28, 0xff, 0x28, 0x28, 0x28, 0xff,
    0x28, 0x28, 0x28, 0xff, 0x28, 0x28, 0x28, 0xff, 0x28, 0x28, 0x28, 0xff,
    0x28, 0x28, 0x28, 0xff, 0x30, 0x28, 0x28, 0xff, 0x28, 0x28, 0x28, 0xff,
    0x28, 0x28, 0x28, 0xff, 0x28, 0x28, 0x28, 0xff, 0x30, 0x28, 0x28, 0xff,
    0x28, 0x28, 0x28, 0xff, 0x28, 0x28, 0x28, 0xff, 0x30, 0x28, 0x28, 0xff,
    0x28, 0x28, 0x28, 0xff, 0x28, 0x28, 0x28, 0xff, 0x28, 0x28, 0x28, 0xff,
    0x30, 0x28, 0x28, 0xff, 0x28, 0x28, 0x28, 0xff, 0x28, 0x28, 0x28, 0xff,
    0x28, 0x28, 0x28, 0xff, 0x28, 0x28, 0x28, 0xff, 0x28, 0x28, 0x28, 0xff,
    0x28, 0x28, 0x28, 0xff, 0x28, 0x28, 0x28, 0xff, 0x28, 0x28, 0x28, 0xff,
    0x30, 0x28, 0x28, 0xff, 0x28, 0x28, 0x20, 0xff, 0x28, 0x28, 0x28, 0xff,
    0x28, 0x28, 0x28, 0xff, 0x28, 0x24, 0x20, 0xff, 0x28, 0x28, 0x20, 0xff,
    0x28, 0x28, 0x28, 0xff, 0x28, 0x24, 0x20, 0xff, 0x28, 0x24, 0x20, 0xff,
    0x28, 0x28, 0x28, 0xff, 0x28, 0x28, 0x20, 0xff, 0x28, 0x28, 0x28, 0xff,
    0x28, 0x28, 0x28, 0xff, 0x28, 0x28, 0x20, 0xff, 0x28, 0x24, 0x20, 0xff,
    0x28, 0x28, 0x28, 0xff, 0x28, 0x24, 0x28, 0xff, 0x28, 0x28, 0x28, 0xff,
    0x28, 0x24, 0x20, 0xff, 0x30, 0x28, 0x28, 0xff, 0x28, 0x28, 0x28, 0xff,
    0x28, 0x28, 0x28, 0xff, 0x28, 0x24, 0x20, 0xff, 0x28, 0x28, 0x20, 0xff,
    0x28, 0x24, 0x28, 0xff, 0x28, 0x24, 0x20, 0xff, 0x28, 0x28, 0x20, 0xff,
    0x28, 0x24, 0x28, 0xff, 0x28, 0x24, 0x28, 0xff, 0x28, 0x28, 0x20, 0xff,
    0x28, 0x24, 0x28, 0xff, 0x28, 0x24, 0x28, 0xff, 0x28, 0x28, 0x20, 0xff,
    0x28, 0x24, 0x28, 0xff, 0x28, 0x24, 0x28, 0xff, 0x28, 0x24, 0x20, 0xff,
    0x28, 0x24, 0x28, 0xff, 0x28, 0x24, 0x20, 0xff, 0x80, 0x80, 0x80, 0xff,
    0xf0, 0xf0, 0xf0, 0x41, 0xf8, 0xfc, 0xf8, 0x00, 0xf8, 0xfc, 0xf8, 0x00,
    0xf8, 0xfc, 0xf8, 0x00, 0xb8, 0xb4, 0xb0, 0xe7, 0x30, 0x2c, 0x28, 0xff,
    0x28, 0x2c, 0x30, 0xff, 0x30, 0x2c, 0x28, 0xff, 0x30, 0x2c, 0x28, 0xff,
    0x28, 0x2c, 0x28, 0xff, 0x28, 0x2c, 0x28, 0xff, 0x30, 0x2c, 0x28, 0xff,
    0x28, 0x2c, 0x28, 0xff, 0x30, 0x2c, 0x28, 0xff, 0x30, 0x2c, 0x30, 0xff,
    0x28, 0x2c, 0x28, 0xff, 0x28, 0x2c, 0x28, 0xff, 0x30, 0x2c, 0x28, 0xff,
    0x30, 0x2c, 0x30, 0xff, 0x28, 0x2c, 0x30, 0xff, 0x28, 0x2c, 0x28, 0xff,
    0x30, 0x2c, 0x28, 0xff, 0x28, 0x2c, 0x30, 0xff, 0x30, 0x28, 0x28, 0xff,
    0x28, 0x2c, 0x28, 0xff, 0x30, 0x2c, 0x28, 0xff, 0x28, 0x2c, 0x28, 0xff,
    0x28, 0x2c, 0x28, 0xff, 0x28, 0x2c, 0x28, 0xff, 0x28, 0x2c, 0x28, 0xff,
    0x28, 0x28, 0x28, 0xff, 0x30, 0x2c, 0x30, 0xff, 0x28, 0x2c, 0x28, 0xff,
    0x28, 0x28, 0x28, 0xff, 0x30, 0x2c, 0x30, 0xff, 0x28, 0x2c, 0x28, 0xff,
    0x28, 0x2c, 0x30, 0xff, 0x28, 0x2c, 0x28, 0xff, 0x30, 0x2c, 0x28, 0xff,
    0x28, 0x2c, 0x28, 0xff, 0x30, 0x28, 0x28, 0xff, 0x30, 0x2c, 0x30, 0xff,
    0x28, 0x28, 0x28, 0xff, 0x28, 0x28, 0x28, 0xff, 0x28, 0x2c, 0x28, 0xff,
    0x28, 0x2c, 0x30, 0xff, 0x28, 0x28, 0x28, 0xff, 0x28, 0x2c, 0x28, 0xff,
    0x28, 0x28, 0x30, 0xff, 0x28, 0x2c, 0x28, 0xff, 0x28, 0x2c, 0x28, 0xff,
    0x30, 0x28, 0x28, 0xff, 0x28, 0x2c, 0x28, 0xff, 0x28, 0x2c, 0x30, 0xff,
    0x30, 0x28, 0x28, 0xff, 0x28, 0x28, 0x28, 0xff, 0x28, 0x28, 0x28, 0xff,
    0x30, 0x28, 0x28, 0xff, 0x28, 0x28, 0x28, 0xff, 0x28, 0x2c, 0x28, 0xff,
    0x28, 0x2c, 0x28, 0xff, 0x28, 0x28, 0x28, 0xff, 0x28, 0x28, 0x28, 0xff,
    0x30, 0x28, 0x28, 0xff, 0x28, 0x28, 0x28, 0xff, 0x28, 0x28, 0x28, 0xff,
    0x28, 0x28, 0x28, 0xff, 0x30, 0x2c, 0x28, 0xff, 0x28, 0x28, 0x28, 0xff,
    0x28, 0x28, 0x28, 0xff, 0x28, 0x2c, 0x28, 0xff, 0x28, 0x28, 0x28, 0xff,
    0x28, 0x28, 0x28, 0xff, 0x28, 0x28, 0x28, 0xff, 0x28, 0x2c, 0x28, 0xff,
    0x28, 0x28, 0x28, 0xff, 0x28, 0x28, 0x28, 0xff, 0x30, 0x28, 0x28, 0xff,
    0x28, 0x28, 0x28, 0xff, 0x28, 0x28, 0x28, 0xff, 0x30, 0x28, 0x28, 0xff,
    0x28, 0x28, 0x28, 0xff, 0x28, 0x28, 0x28, 0xff, 0x28, 0x28, 0x28, 0xff,
    0x28, 0x28, 0x28, 0xff, 0x30, 0x28, 0x28, 0xff, 0x28, 0x28, 0x28, 0xff,
    0x28, 0x28, 0x28, 0xff, 0x28, 0x28, 0x28, 0xff, 0x28, 0x28, 0x28, 0xff,
    0x28, 0x28, 0x28, 0xff, 0x28, 0x28, 0x28, 0xff, 0x28, 0x24, 0x20, 0xff,
    0x28, 0x28, 0x28, 0xff, 0x28, 0x28, 0x28, 0xff, 0x28, 0x28, 0x28, 0xff,
    0x28, 0x28, 0x28, 0xff, 0x28, 0x28, 0x20, 0xff, 0x28, 0x28, 0x28, 0xff,
    0x28, 0x24, 0x28, 0xff, 0x28, 0x28, 0x28, 0xff, 0x28, 0x28, 0x20, 0xff,
    0x28, 0x24, 0x20, 0xff, 0x28, 0x28, 0x28, 0xff, 0x28, 0x28, 0x28, 0xff,
    0x28, 0x28, 0x20, 0xff, 0x28, 0x28, 0x28, 0xff, 0x30, 0x24, 0x28, 0xff,
    0x28, 0x28, 0x28, 0xff, 0x28, 0x28, 0x28, 0xff, 0x28, 0x28, 0x28, 0xff,
    0x28, 0x28, 0x28, 0xff, 0x28, 0x28, 0x28, 0xff, 0x28, 0x24, 0x28, 0xff,
    0x28, 0x28, 0x28, 0xff, 0x28, 0x24, 0x20, 0xff, 0x28, 0x28, 0x28, 0xff,
    0x28, 0x28, 0x28, 0xff, 0x28, 0x28, 0x28, 0xff, 0x28, 0x28, 0x28, 0xff,
    0x28, 0x24, 0x20, 0xff, 0x28, 0x28, 0x28, 0xff, 0x28, 0x28, 0x28, 0xff,
    0x28, 0x24, 0x20, 0xff, 0x28, 0x24, 0x28, 0xff, 0x28, 0x28, 0x20, 0xff,
    0x28, 0x28, 0x28, 0xff, 0x28, 0x24, 0x28, 0xff, 0x28, 0x28, 0x28, 0xff,
    0x28, 0x28, 0x28, 0xff, 0x28, 0x28, 0x20, 0xff, 0x28, 0x24, 0x28, 0xff,
    0x28, 0x28, 0x28, 0xff, 0x28, 0x28, 0x20, 0xff, 0x28, 0x24, 0x28, 0xff,
    0x28, 0x28, 0x20, 0xff, 0x28, 0x28, 0x28, 0xff, 0x28, 0x28, 0x28, 0xff,
    0x28, 0x28, 0x20, 0xff, 0x28, 0x28, 0x28, 0xff, 0x28, 0x24, 0x28, 0xff,
    0x28, 0x28, 0x28, 0xff, 0x80, 0x80, 0x80, 0xff, 0xf0, 0xf0, 0xf0, 0x41,
    0xf8, 0xfc, 0xf8, 0x00, 0xf8, 0xfc, 0xf8, 0x00, 0xf8, 0xfc, 0xf8, 0x00,
    0xb0, 0xb4, 0xb8, 0xe7, 0x30, 0x2c, 0x28, 0xff, 0x28, 0x2c, 0x28, 0xff,
    0x30, 0x2c, 0x28, 0xff, 0x30, 0x2c, 0x30, 0xff, 0x30, 0x2c, 0x28, 0xff,
    0x30, 0x2c, 0x30, 0xff, 0x28, 0x2c, 0x30, 0xff, 0x30, 0x2c, 0x28, 0xff,
    0x30, 0x2c, 0x28, 0xff, 0x28, 0x2c, 0x28, 0xff, 0x30, 0x28, 0x30, 0xff,
    0x30, 0x2c, 0x28, 0xff, 0x28, 0x28, 0x28, 0xff, 0x30, 0x2c, 0x28, 0xff,
    0x30, 0x2c, 0x28, 0xff, 0x28, 0x28, 0x28, 0xff, 0x30, 0x2c, 0x28, 0xff,
    0x30, 0x2c, 0x28, 0xff, 0x28, 0x2c, 0x28, 0xff, 0x28, 0x2c, 0x30, 0xff,
    0x30, 0x2c, 0x28, 0xff, 0x30, 0x28, 0x28, 0xff, 0x28, 0x2c, 0x30, 0xff,
    0x30, 0x28, 0x28, 0xff, 0x30, 0x2c, 0x28, 0xff, 0x30, 0x2c, 0x28, 0xff,
    0x28, 0x28, 0x28, 0xff, 0x30, 0x2c, 0x28, 0xff, 0x30, 0x2c, 0x30, 0xff,
    0x28, 0x28, 0x28, 0xff, 0x30, 0x28, 0x28, 0xff, 0x30, 0x2c, 0x28, 0xff,
    0x28, 0x2c, 0x30, 0xff, 0x28, 0x28, 0x28, 0xff, 0x28, 0x2c, 0x28, 0xff,
    0x30, 0x2c, 0x28, 0xff, 0x30, 0x2c, 0x28, 0xff, 0x28, 0x28, 0x28, 0xff,
    0x30, 0x2c, 0x28, 0xff, 0x30, 0x28, 0x28, 0xff, 0x30, 0x28, 0x28, 0xff,
    0x28, 0x2c, 0x28, 0xff, 0x30, 0x28, 0x28, 0xff, 0x28, 0x28, 0x28, 0xff,
    0x28, 0x28, 0x28, 0xff, 0x30, 0x2c, 0x28, 0xff, 0x28, 0x28, 0x28, 0xff,
    0x30, 0x28, 0x28, 0xff, 0x28, 0x2c, 0x28, 0xff, 0x28, 0x2c, 0x28, 0xff,
    0x30, 0x28, 0x28, 0xff, 0x28, 0x2c, 0x28, 0xff, 0x28, 0x28, 0x28, 0xff,
    0x30, 0x2c, 0x30, 0xff, 0x30, 0x28, 0x28, 0xff, 0x30, 0x28, 0x28, 0xff,
    0x28, 0x28, 0x28, 0xff, 0x30, 0x28, 0x28, 0xff, 0x28, 0x28, 0x28, 0xff,
    0x28, 0x28, 0x28, 0xff, 0x28, 0x28, 0x28, 0xff, 0x28, 0x28, 0x28, 0xff,
    0x28, 0x28, 0x28, 0xff, 0x30, 0x2c, 0x28, 0xff, 0x28, 0x28, 0x28, 0xff,
    0x30, 0x28, 0x28, 0xff, 0x30, 0x2c, 0x28, 0xff, 0x30, 0x28, 0x28, 0xff,
    0x28, 0x28, 0x28, 0xff, 0x30, 0x2c, 0x28, 0xff, 0x28, 0x28, 0x28, 0xff,
    0x28, 0x28, 0x28, 0xff, 0x28, 0x2c, 0x28, 0xff, 0x30, 0x28, 0x28, 0xff,
    0x28, 0x28, 0x28, 0xff, 0x28, 0x28, 0x28, 0xff, 0x30, 0x28, 0x28, 0xff,
    0x30, 0x28, 0x28, 0xff, 0x28, 0x28, 0x28, 0xff, 0x28, 0x28, 0x28, 0xff,
    0x28, 0x28, 0x28, 0xff, 0x28, 0x28, 0x28, 0xff, 0x30, 0x28, 0x28, 0xff,
    0x28, 0x28, 0x28, 0xff, 0x28, 0x24, 0x20, 0xff, 0x30, 0x28, 0x28, 0xff,
    0x28, 0x28, 0x28, 0xff, 0x30, 0x28, 0x28, 0xff, 0x30, 0x28, 0x28, 0xff,
    0x28, 0x28, 0x28, 0xff, 0x28, 0x28, 0x28, 0xff, 0x28, 0x28, 0x20, 0xff,
    0x30, 0x28, 0x28, 0xff, 0x28, 0x24, 0x28, 0xff, 0x28, 0x28, 0x20, 0xff,
    0x30, 0x28, 0x28, 0xff, 0x28, 0x28, 0x28, 0xff, 0x28, 0x28, 0x28, 0xff,
    0x30, 0x28, 0x28, 0xff, 0x28, 0x24, 0x28, 0xff, 0x28, 0x28, 0x28, 0xff,
    0x28, 0x28, 0x28, 0xff, 0x28, 0x28, 0x20, 0xff, 0x28, 0x28, 0x28, 0xff,
    0x28, 0x24, 0x28, 0xff, 0x30, 0x28, 0x28, 0xff, 0x28, 0x28, 0x28, 0xff,
    0x28, 0x28, 0x20, 0xff, 0x30, 0x28, 0x28, 0xff, 0x28, 0x28, 0x28, 0xff,
    0x28, 0x28, 0x28, 0xff, 0x28, 0x24, 0x20, 0xff, 0x28, 0x24, 0x28, 0xff,
    0x28, 0x24, 0x28, 0xff, 0x28, 0x24, 0x20, 0xff, 0x28, 0x28, 0x20, 0xff,
    0x28, 0x24, 0x28, 0xff, 0x28, 0x28, 0x28, 0xff, 0x28, 0x24, 0x20, 0xff,
    0x28, 0x28, 0x28, 0xff, 0x28, 0x24, 0x28, 0xff, 0x28, 0x24, 0x20, 0xff,
    0x28, 0x28, 0x28, 0xff, 0x28, 0x24, 0x28, 0xff, 0x28, 0x28, 0x20, 0xff,
    0x28, 0x28, 0x28, 0xff, 0x28, 0x24, 0x28, 0xff, 0x28, 0x24, 0x20, 0xff,
    0x28, 0x28, 0x28, 0xff, 0x28, 0x24, 0x28, 0xff, 0x28, 0x24, 0x20, 0xff,
    0x28, 0x24, 0x28, 0xff, 0x28, 0x24, 0x20, 0xff, 0x28, 0x28, 0x28, 0xff,
    0x28, 0x24, 0x20, 0xff, 0x28, 0x28, 0x20, 0xff, 0x28, 0x24, 0x28, 0xff,
    0x80, 0x80, 0x80, 0xff, 0xf0, 0xf4, 0xf0, 0x41, 0xf8, 0xfc, 0xf8, 0x00,
    0xf8, 0xfc, 0xf8, 0x00, 0xf8, 0xfc, 0xf8, 0x00, 0xb8, 0xb4, 0xb8, 0xe7,
    0x28, 0x2c, 0x28, 0xff, 0x30, 0x2c, 0x30, 0xff, 0x28, 0x2c, 0x28, 0xff,
    0x28, 0x2c, 0x28, 0xff, 0x30, 0x2c, 0x30, 0xff, 0x30, 0x2c, 0x28, 0xff,
    0x28, 0x2c, 0x28, 0xff, 0x30, 0x2c, 0x30, 0xff, 0x30, 0x2c, 0x30, 0xff,
    0x28, 0x2c, 0x28, 0xff, 0x30, 0x2c, 0x28, 0xff, 0x30, 0x2c, 0x30, 0xff,
    0x28, 0x2c, 0x28, 0xff, 0x30, 0x2c, 0x30, 0xff, 0x30, 0x2c, 0x28, 0xff,
    0x28, 0x28, 0x28, 0xff, 0x30, 0x2c, 0x30, 0xff, 0x30, 0x28, 0x28, 0xff,
    0x28, 0x2c, 0x28, 0xff, 0x30, 0x2c, 0x30, 0xff, 0x30, 0x28, 0x28, 0xff,
    0x28, 0x2c, 0x28, 0xff, 0x30, 0x2c, 0x30, 0xff, 0x30, 0x28, 0x28, 0xff,
    0x28, 0x28, 0x28, 0xff, 0x28, 0x2c, 0x28, 0xff, 0x30, 0x2c, 0x30, 0xff,
    0x28, 0x2c, 0x28, 0xff, 0x30, 0x2c, 0x28, 0xff, 0x28, 0x2c, 0x28, 0xff,
    0x30, 0x28, 0x28, 0xff, 0x28, 0x28, 0x28, 0xff, 0x30, 0x2c, 0x28, 0xff,
    0x28, 0x28, 0x28, 0xff, 0x30, 0x28, 0x28, 0xff, 0x28, 0x2c, 0x28, 0xff,
    0x28, 0x28, 0x28, 0xff, 0x30, 0x2c, 0x28, 0xff, 0x28, 0x2c, 0x28, 0xff,
    0x30, 0x28, 0x28, 0xff, 0x28, 0x28, 0x28, 0xff, 0x28, 0x2c, 0x28, 0xff,
    0x30, 0x2c, 0x28, 0xff, 0x30, 0x28, 0x28, 0xff, 0x30, 0x2c, 0x28, 0xff,
    0x28, 0x28, 0x28, 0xff, 0x28, 0x2c, 0x30, 0xff, 0x30, 0x28, 0x28, 0xff,
    0x28, 0x28, 0x28, 0xff, 0x28, 0x28, 0x28, 0xff, 0x30, 0x2c, 0x28, 0xff,
    0x28, 0x28, 0x28, 0xff, 0x28, 0x28, 0x28, 0xff, 0x28, 0x28, 0x28, 0xff,
    0x28, 0x28, 0x28, 0xff, 0x28, 0x2c, 0x28, 0xff, 0x30, 0x2c, 0x28, 0xff,
    0x28, 0x28, 0x28, 0xff, 0x30, 0x28, 0x28, 0xff, 0x28, 0x2c, 0x28, 0xff,
    0x30, 0x28, 0x28, 0xff, 0x28, 0x28, 0x28, 0xff, 0x30, 0x28, 0x28, 0xff,
    0x28, 0x28, 0x28, 0xff, 0x28, 0x28, 0x28, 0xff, 0x28, 0x28, 0x28, 0xff,
    0x28, 0x28, 0x28, 0xff, 0x28, 0x28, 0x28, 0xff, 0x28, 0x28, 0x28, 0xff,
    0x30, 0x28, 0x28, 0xff, 0x28, 0x28, 0x28, 0xff, 0x28, 0x28, 0x28, 0xff,
    0x28, 0x28, 0x28, 0xff, 0x28, 0x28, 0x28, 0xff, 0x30, 0x28, 0x28, 0xff,
    0x28, 0x28, 0x28, 0xff, 0x28, 0x28, 0x28, 0xff, 0x28, 0x28, 0x28, 0xff,
    0x28, 0x28, 0x28, 0xff, 0x30, 0x28, 0x28, 0xff, 0x28, 0x28, 0x28, 0xff,
    0x28, 0x28, 0x28, 0xff, 0x28, 0x28, 0x28, 0xff, 0x30, 0x28, 0x28, 0xff,
    0x28, 0x28, 0x28, 0xff, 0x28, 0x28, 0x28, 0xff, 0x28, 0x28, 0x28, 0xff,
    0x28, 0x28, 0x28, 0xff, 0x28, 0x28, 0x20, 0xff, 0x28, 0x28, 0x28, 0xff,
    0x28, 0x28, 0x28, 0xff, 0x28, 0x28, 0x28, 0xff, 0x30, 0x28, 0x28, 0xff,
    0x28, 0x28, 0x28, 0xff, 0x28, 0x28, 0x28, 0xff, 0x28, 0x28, 0x20, 0xff,
    0x28, 0x28, 0x28, 0xff, 0x28, 0x24, 0x28, 0xff, 0x28, 0x28, 0x28, 0xff,
    0x28, 0x28, 0x20, 0xff, 0x28, 0x28, 0x28, 0xff, 0x28, 0x24, 0x28, 0xff,
    0x28, 0x28, 0x28, 0xff, 0x28, 0x28, 0x20, 0xff, 0x28, 0x24, 0x28, 0xff,
    0x28, 0x28, 0x20, 0xff, 0x28, 0x28, 0x28, 0xff, 0x28, 0x24, 0x28, 0xff,
    0x28, 0x28, 0x20, 0xff, 0x28, 0x24, 0x28, 0xff, 0x28, 0x28, 0x28, 0xff,
    0x28, 0x28, 0x28, 0xff, 0x30, 0x28, 0x28, 0xff, 0x28, 0x28, 0x28, 0xff,
    0x28, 0x28, 0x28, 0xff, 0x28, 0x24, 0x28, 0xff, 0x28, 0x28, 0x28, 0xff,
    0x28, 0x28, 0x20, 0xff, 0x28, 0x28, 0x28, 0xff, 0x28, 0x28, 0x28, 0xff,
    0x28, 0x24, 0x20, 0xff, 0x28, 0x28, 0x28, 0xff, 0x28, 0x24, 0x20, 0xff,
    0x28, 0x24, 0x20, 0xff, 0x28, 0x28, 0x28, 0xff, 0x28, 0x24, 0x28, 0xff,
    0x28, 0x28, 0x20, 0xff, 0x28, 0x24, 0x28, 0xff, 0x28, 0x24, 0x20, 0xff,
    0x28, 0x28, 0x28, 0xff, 0x28, 0x24, 0x20, 0xff, 0x28, 0x28, 0x28, 0xff,
    0x28, 0x24, 0x28, 0xff, 0x28, 0x24, 0x28, 0xff, 0x28, 0x28, 0x28, 0xff,
    0x28, 0x24, 0x20, 0xff, 0x28, 0x24, 0x20, 0xff, 0x80, 0x80, 0x80, 0xff,
    0xf0, 0xf0, 0xf0, 0x41, 0xf8, 0xfc, 0xf8, 0x00, 0xf8, 0xfc, 0xf8, 0x00,
    0xf8, 0xfc, 0xf8, 0x00, 0xb8, 0xb4, 0xb0, 0xe7, 0x30, 0x2c, 0x28, 0xff,
    0x30, 0x2c, 0x30, 0xff, 0x30, 0x2c, 0x30, 0xff, 0x28, 0x2c, 0x28, 0xff,
    0x30, 0x2c, 0x28, 0xff, 0x28, 0x2c, 0x28, 0xff, 0x28, 0x2c, 0x28, 0xff,
    0x30, 0x28, 0x28, 0xff, 0x30, 0x2c, 0x28, 0xff, 0x28, 0x2c, 0x28, 0xff,
    0x30, 0x2c, 0x28, 0xff, 0x28, 0x28, 0x28, 0xff, 0x30, 0x2c, 0x28, 0xff,
    0x30, 0x2c, 0x28, 0xff, 0x28, 0x2c, 0x30, 0xff, 0x28, 0x2c, 0x28, 0xff,
    0x30, 0x2c, 0x28, 0xff, 0x28, 0x2c, 0x30, 0xff, 0x28, 0x28, 0x28, 0xff,
    0x30, 0x2c, 0x28, 0xff, 0x28, 0x2c, 0x28, 0xff, 0x28, 0x2c, 0x28, 0xff,
    0x30, 0x2c, 0x28, 0xff, 0x28, 0x2c, 0x30, 0xff, 0x28, 0x28, 0x28, 0xff,
    0x30, 0x28, 0x28, 0xff, 0x30, 0x2c, 0x28, 0xff, 0x28, 0x28, 0x28, 0xff,
    0x28, 0x28, 0x28, 0xff, 0x30, 0x2c, 0x28, 0xff, 0x28, 0x2c, 0x28, 0xff,
    0x30, 0x2c, 0x28, 0xff, 0x30, 0x2c, 0x30, 0xff, 0x28, 0x28, 0x28, 0xff,
    0x30, 0x2c, 0x28, 0xff, 0x28, 0x28, 0x30, 0xff, 0x28, 0x28, 0x28, 0xff,
    0x30, 0x2c, 0x28, 0xff, 0x28, 0x28, 0x30, 0xff, 0x28, 0x2c, 0x28, 0xff,
    0x28, 0x28, 0x28, 0xff, 0x30, 0x2c, 0x30, 0xff, 0x28, 0x28, 0x28, 0xff,
    0x28, 0x2c, 0x28, 0xff, 0x30, 0x28, 0x28, 0xff, 0x28, 0x2c, 0x28, 0xff,
    0x28, 0x28, 0x28, 0xff, 0x30, 0x2c, 0x28, 0xff, 0x30, 0x28, 0x28, 0xff,
    0x28, 0x28, 0x28, 0xff, 0x30, 0x28, 0x28, 0xff, 0x30, 0x28, 0x28, 0xff,
    0x28, 0x28, 0x28, 0xff, 0x30, 0x2c, 0x28, 0xff, 0x28, 0x2c, 0x28, 0xff,
    0x28, 0x28, 0x28, 0xff, 0x28, 0x28, 0x28, 0xff, 0x28, 0x28, 0x28, 0xff,
    0x28, 0x28, 0x28, 0xff, 0x30, 0x2c, 0x28, 0xff, 0x28, 0x28, 0x28, 0xff,
    0x28, 0x2c, 0x28, 0xff, 0x30, 0x2c, 0x28, 0xff, 0x28, 0x28, 0x28, 0xff,
    0x30, 0x28, 0x28, 0xff, 0x28, 0x2c, 0x28, 0xff, 0x28, 0x28, 0x28, 0xff,
    0x28, 0x28, 0x28, 0xff, 0x30, 0x2c, 0x28, 0xff, 0x28, 0x28, 0x28, 0xff,
    0x28, 0x28, 0x28, 0xff, 0x30, 0x28, 0x28, 0xff, 0x28, 0x2c, 0x28, 0xff,
    0x28, 0x28, 0x28, 0xff, 0x28, 0x28, 0x28, 0xff, 0x28, 0x28, 0x28, 0xff,
    0x28, 0x28, 0x28, 0xff, 0x28, 0x28, 0x28, 0xff, 0x28, 0x28, 0x28, 0xff,
    0x28, 0x28, 0x20, 0xff, 0x28, 0x28, 0x28, 0xff, 0x28, 0x28, 0x28, 0xff,
    0x28, 0x28, 0x20, 0xff, 0x28, 0x28, 0x28, 0xff, 0x28, 0x28, 0x28, 0xff,
    0x28, 0x28, 0x28, 0xff, 0x28, 0x28, 0x28, 0xff, 0x28, 0x28, 0x28, 0xff,
    0x28, 0x28, 0x28, 0xff, 0x28, 0x28, 0x20, 0xff, 0x30, 0x28, 0x28, 0xff,
    0x28, 0x24, 0x28, 0xff, 0x28, 0x28, 0x28, 0xff, 0x28, 0x28, 0x28, 0xff,
    0x28, 0x28, 0x28, 0xff, 0x28, 0x24, 0x28, 0xff, 0x28, 0x28, 0x20, 0xff,
    0x28, 0x28, 0x28, 0xff, 0x28, 0x28, 0x28, 0xff, 0x28, 0x28, 0x20, 0xff,
    0x30, 0x24, 0x28, 0xff, 0x28, 0x28, 0x28, 0xff, 0x28, 0x28, 0x28, 0xff,
    0x28, 0x28, 0x28, 0xff, 0x28, 0x28, 0x20, 0xff, 0x28, 0x28, 0x28, 0xff,
    0x28, 0x24, 0x28, 0xff, 0x28, 0x28, 0x28, 0xff, 0x28, 0x28, 0x28, 0xff,
    0x28, 0x24, 0x20, 0xff, 0x28, 0x28, 0x28, 0xff, 0x28, 0x24, 0x20, 0xff,
    0x28, 0x28, 0x20, 0xff, 0x28, 0x24, 0x20, 0xff, 0x28, 0x28, 0x28, 0xff,
    0x28, 0x24, 0x20, 0xff, 0x28, 0x28, 0x28, 0xff, 0x28, 0x24, 0x28, 0xff,
    0x28, 0x28, 0x28, 0xff, 0x28, 0x24, 0x20, 0xff, 0x28, 0x28, 0x28, 0xff,
    0x28, 0x28, 0x28, 0xff, 0x28, 0x28, 0x28, 0xff, 0x28, 0x24, 0x28, 0xff,
    0x28, 0x24, 0x20, 0xff, 0x28, 0x28, 0x28, 0xff, 0x28, 0x28, 0x28, 0xff,
    0x28, 0x24, 0x20, 0xff, 0x28, 0x24, 0x20, 0xff, 0x28, 0x28, 0x28, 0xff,
    0x28, 0x28, 0x28, 0xff, 0x28, 0x24, 0x20, 0xff, 0x28, 0x28, 0x20, 0xff,
    0x28, 0x28, 0x28, 0xff, 0x28, 0x24, 0x28, 0xff, 0x28, 0x28, 0x28, 0xff,
    0x28, 0x24, 0x20, 0xff, 0x80, 0x80, 0x80, 0xff, 0xf8, 0xf4, 0xf0, 0x41,
    0xf8, 0xfc, 0xf8, 0x00, 0xf8, 0xfc, 0xf8, 0x00, 0xf8, 0xfc, 0xf8, 0x00,
    0xb0, 0xb4, 0xb8, 0xe7, 0x30, 0x2c, 0x28, 0xff, 0x28, 0x2c, 0x28, 0xff,
    0x30, 0x2c, 0x28, 0xff, 0x30, 0x2c, 0x28, 0xff, 0x30, 0x2c, 0x30, 0xff,
    0x30, 0x2c, 0x28, 0xff, 0x28, 0x28, 0x28, 0xff, 0x30, 0x2c, 0x30, 0xff,
    0x28, 0x2c, 0x28, 0xff, 0x30, 0x2c, 0x28, 0xff, 0x30, 0x2c, 0x30, 0xff,
    0x28, 0x2c, 0x28, 0xff, 0x30, 0x2c, 0x30, 0xff, 0x30, 0x28, 0x28, 0xff,
    0x28, 0x2c, 0x28, 0xff, 0x30, 0x28, 0x28, 0xff, 0x30, 0x2c, 0x28, 0xff,
    0x28, 0x2c, 0x28, 0xff, 0x30, 0x2c, 0x30, 0xff, 0x30, 0x28, 0x28, 0xff,
    0x28, 0x2c, 0x30, 0xff, 0x30, 0x28, 0x28, 0xff, 0x28, 0x2c, 0x28, 0xff,
    0x30, 0x2c, 0x28, 0xff, 0x30, 0x2c, 0x30, 0xff, 0x28, 0x28, 0x28, 0xff,
    0x30, 0x2c, 0x28, 0xff, 0x28, 0x2c, 0x30, 0xff, 0x28, 0x28, 0x28, 0xff,
    0x30, 0x2c, 0x30, 0xff, 0x28, 0x28, 0x28, 0xff, 0x28, 0x28, 0x28, 0xff,
    0x30, 0x2c, 0x28, 0xff, 0x28, 0x2c, 0x28, 0xff, 0x30, 0x2c, 0x30, 0xff,
    0x28, 0x28, 0x28, 0xff, 0x30, 0x2c, 0x28, 0xff, 0x28, 0x28, 0x28, 0xff,
    0x30, 0x2c, 0x28, 0xff, 0x30, 0x28, 0x28, 0xff, 0x30, 0x2c, 0x28, 0xff,
    0x28, 0x28, 0x28, 0xff, 0x30, 0x28, 0x28, 0xff, 0x28, 0x2c, 0x30, 0xff,
    0x28, 0x28, 0x28, 0xff, 0x30, 0x28, 0x28, 0xff, 0x28, 0x2c, 0x28, 0xff,
    0x28, 0x28, 0x28, 0xff, 0x28, 0x28, 0x28, 0xff, 0x28, 0x2c, 0x28, 0xff,
    0x28, 0x28, 0x28, 0xff, 0x28, 0x28, 0x28, 0xff, 0x30, 0x2c, 0x28, 0xff,
    0x28, 0x2c, 0x28, 0xff, 0x30, 0x28, 0x28, 0xff, 0x28, 0x28, 0x28, 0xff,
    0x30, 0x28, 0x28, 0xff, 0x30, 0x28, 0x28, 0xff, 0x28, 0x2c, 0x28, 0xff,
    0x28, 0x28, 0x28, 0xff, 0x28, 0x28, 0x28, 0xff, 0x28, 0x28, 0x28, 0xff,
    0x28, 0x28, 0x28, 0xff, 0x30, 0x28, 0x28, 0xff, 0x28, 0x28, 0x28, 0xff,
    0x30, 0x2c, 0x28, 0xff, 0x30, 0x28, 0x28, 0xff, 0x28, 0x28, 0x28, 0xff,
    0x28, 0x28, 0x28, 0xff, 0x30, 0x28, 0x28, 0xff, 0x28, 0x28, 0x28, 0xff,
    0x28, 0x28, 0x28, 0xff, 0x30, 0x28, 0x28, 0xff, 0x28, 0x28, 0x28, 0xff,
    0x30, 0x28, 0x28, 0xff, 0x28, 0x28, 0x28, 0xff, 0x30, 0x28, 0x28, 0xff,
    0x30, 0x28, 0x28, 0xff, 0x28, 0x28, 0x28, 0xff, 0x28, 0x28, 0x28, 0xff,
    0x30, 0x28, 0x28, 0xff, 0x28, 0x28, 0x28, 0xff, 0x28, 0x28, 0x20, 0xff,
    0x30, 0x28, 0x28, 0xff, 0x28, 0x28, 0x28, 0xff, 0x30, 0x28, 0x28, 0xff,
    0x30, 0x28, 0x28, 0xff, 0x28, 0x28, 0x28, 0xff, 0x28, 0x28, 0x28, 0xff,
    0x28, 0x28, 0x28, 0xff, 0x30, 0x28, 0x28, 0xff, 0x28, 0x28, 0x20, 0xff,
    0x28, 0x28, 0x28, 0xff, 0x28, 0x28, 0x28, 0xff, 0x28, 0x28, 0x20, 0xff,
    0x30, 0x28, 0x28, 0xff, 0x28, 0x28, 0x28, 0xff, 0x28, 0x28, 0x28, 0xff,
    0x30, 0x24, 0x28, 0xff, 0x28, 0x28, 0x28, 0xff, 0x28, 0x28, 0x20, 0xff,
    0x28, 0x28, 0x28, 0xff, 0x28, 0x24, 0x28, 0xff, 0x30, 0x28, 0x20, 0xff,
    0x28, 0x28, 0x28, 0xff, 0x28, 0x24, 0x28, 0xff, 0x30, 0x28, 0x20, 0xff,
    0x28, 0x28, 0x28, 0xff, 0x28, 0x28, 0x28, 0xff, 0x30, 0x28, 0x28, 0xff,
    0x28, 0x28, 0x28, 0xff, 0x28, 0x24, 0x28, 0xff, 0x28, 0x24, 0x20, 0xff,
    0x28, 0x28, 0x28, 0xff, 0x28, 0x24, 0x28, 0xff, 0x28, 0x28, 0x28, 0xff,
    0x28, 0x24, 0x20, 0xff, 0x28, 0x28, 0x28, 0xff, 0x28, 0x28, 0x28, 0xff,
    0x28, 0x24, 0x20, 0xff, 0x28, 0x24, 0x28, 0xff, 0x28, 0x28, 0x28, 0xff,
    0x28, 0x28, 0x20, 0xff, 0x28, 0x24, 0x28, 0xff, 0x28, 0x28, 0x28, 0xff,
    0x28, 0x24, 0x20, 0xff, 0x28, 0x28, 0x28, 0xff, 0x28, 0x28, 0x28, 0xff,
    0x28, 0x24, 0x20, 0xff, 0x28, 0x24, 0x28, 0xff, 0x28, 0x28, 0x28, 0xff,
    0x28, 0x24, 0x20, 0xff, 0x28, 0x24, 0x28, 0xff, 0x28, 0x24, 0x20, 0xff,
    0x28, 0x28, 0x20, 0xff, 0x28, 0x28, 0x28, 0xff, 0x28, 0x24, 0x28, 0xff,
    0x80, 0x80, 0x80, 0xff, 0xf0, 0xf0, 0xf0, 0x41, 0xf8, 0xfc, 0xf8, 0x00,
    0xf8, 0xfc, 0xf8, 0x00, 0xf8, 0xfc, 0xf8, 0x00, 0xb8, 0xb4, 0xb8, 0xe7,
    0x28, 0x2c, 0x28, 0xff, 0x30, 0x2c, 0x28, 0xff, 0x28, 0x2c, 0x28, 0xff,
    0x28, 0x2c, 0x30, 0xff, 0x30, 0x2c, 0x30, 0xff, 0x30, 0x2c, 0x28, 0xff,
    0x30, 0x2c, 0x28, 0xff, 0x28, 0x2c, 0x30, 0xff, 0x30, 0x28, 0x28, 0xff,
    0x30, 0x2c, 0x28, 0xff, 0x28, 0x28, 0x30, 0xff, 0x28, 0x2c, 0x30, 0xff,
    0x28, 0x2c, 0x28, 0xff, 0x30, 0x2c, 0x28, 0xff, 0x30, 0x2c, 0x28, 0xff,
    0x28, 0x28, 0x30, 0xff, 0x28, 0x2c, 0x28, 0xff, 0x30, 0x2c, 0x28, 0xff,
    0x30, 0x28, 0x28, 0xff, 0x28, 0x2c, 0x28, 0xff, 0x30, 0x2c, 0x28, 0xff,
    0x28, 0x2c, 0x30, 0xff, 0x30, 0x28, 0x28, 0xff, 0x28, 0x28, 0x28, 0xff,
    0x28, 0x2c, 0x28, 0xff, 0x30, 0x2c, 0x28, 0xff, 0x28, 0x28, 0x28, 0xff,
    0x30, 0x2c, 0x28, 0xff, 0x30, 0x2c, 0x28, 0xff, 0x30, 0x28, 0x28, 0xff,
    0x28, 0x2c, 0x28, 0xff, 0x30, 0x28, 0x28, 0xff, 0x28, 0x28, 0x28, 0xff,
    0x30, 0x2c, 0x28, 0xff, 0x28, 0x2c, 0x28, 0xff, 0x28, 0x28, 0x28, 0xff,
    0x30, 0x2c, 0x28, 0xff, 0x30, 0x2c, 0x28, 0xff, 0x28, 0x28, 0x28, 0xff,
    0x28, 0x2c, 0x28, 0xff, 0x28, 0x28, 0x28, 0xff, 0x30, 0x2c, 0x28, 0xff,
    0x28, 0x2c, 0x28, 0xff, 0x28, 0x28, 0x28, 0xff, 0x30, 0x2c, 0x28, 0xff,
    0x28, 0x28, 0x28, 0xff, 0x30, 0x2c, 0x28, 0xff, 0x30, 0x2c, 0x30, 0xff,
    0x28, 0x2c, 0x28, 0xff, 0x30, 0x2c, 0x28, 0xff, 0x28, 0x28, 0x28, 0xff,
    0x28, 0x28, 0x28, 0xff, 0x30, 0x28, 0x28, 0xff, 0x28, 0x28, 0x28, 0xff,
    0x28, 0x28, 0x28, 0xff, 0x30, 0x28, 0x28, 0xff, 0x28, 0x2c, 0x28, 0xff,
    0x28, 0x28, 0x28, 0xff, 0x28, 0x28, 0x28, 0xff, 0x28, 0x28, 0x28, 0xff,
    0x30, 0x28, 0x28, 0xff, 0x30, 0x28, 0x28, 0xff, 0x28, 0x2c, 0x28, 0xff,
    0x28, 0x28, 0x28, 0xff, 0x28, 0x28, 0x28, 0xff, 0x28, 0x28, 0x28, 0xff,
    0x28, 0x28, 0x28, 0xff, 0x28, 0x28, 0x28, 0xff, 0x28, 0x28, 0x28, 0xff,
    0x28, 0x2c, 0x28, 0xff, 0x28, 0x28, 0x28, 0xff, 0x28, 0x28, 0x28, 0xff,
    0x28, 0x28, 0x28, 0xff, 0x28, 0x28, 0x28, 0xff, 0x28, 0x28, 0x28, 0xff,
    0x28, 0x28, 0x28, 0xff, 0x28, 0x28, 0x20, 0xff, 0x28, 0x28, 0x28, 0xff,
    0x28, 0x28, 0x28, 0xff, 0x30, 0x28, 0x28, 0xff, 0x28, 0x28, 0x28, 0xff,
    0x28, 0x28, 0x28, 0xff, 0x30, 0x28, 0x28, 0xff, 0x28, 0x28, 0x28, 0xff,
    0x28, 0x28, 0x28, 0xff, 0x28, 0x28, 0x20, 0xff, 0x28, 0x28, 0x20, 0xff,
    0x28, 0x28, 0x28, 0xff, 0x28, 0x28, 0x28, 0xff, 0x28, 0x28, 0x28, 0xff,
    0x28, 0x28, 0x28, 0xff, 0x28, 0x28, 0x28, 0xff, 0x30, 0x28, 0x28, 0xff,
    0x28, 0x28, 0x28, 0xff, 0x28, 0x28, 0x28, 0xff, 0x28, 0x24, 0x28, 0xff,
    0x28, 0x28, 0x28, 0xff, 0x28, 0x28, 0x28, 0xff, 0x28, 0x28, 0x20, 0xff,
    0x28, 0x24, 0x28, 0xff, 0x28, 0x28, 0x28, 0xff, 0x28, 0x28, 0x20, 0xff,
    0x28, 0x24, 0x28, 0xff, 0x28, 0x28, 0x28, 0xff, 0x28, 0x28, 0x28, 0xff,
    0x28, 0x28, 0x28, 0xff, 0x28, 0x28, 0x28, 0xff, 0x28, 0x24, 0x20, 0xff,
    0x28, 0x28, 0x28, 0xff, 0x28, 0x28, 0x20, 0xff, 0x28, 0x24, 0x20, 0xff,
    0x28, 0x28, 0x28, 0xff, 0x28, 0x28, 0x28, 0xff, 0x28, 0x28, 0x28, 0xff,
    0x28, 0x28, 0x28, 0xff, 0x28, 0x28, 0x28, 0xff, 0x28, 0x24, 0x20, 0xff,
    0x30, 0x28, 0x28, 0xff, 0x28, 0x28, 0x20, 0xff, 0x28, 0x24, 0x28, 0xff,
    0x28, 0x24, 0x20, 0xff, 0x28, 0x28, 0x28, 0xff, 0x28, 0x24, 0x20, 0xff,
    0x28, 0x28, 0x20, 0xff, 0x28, 0x24, 0x28, 0xff, 0x28, 0x24, 0x20, 0xff,
    0x28, 0x24, 0x20, 0xff, 0x28, 0x28, 0x28, 0xff, 0x28, 0x24, 0x28, 0xff,
    0x28, 0x24, 0x20, 0xff, 0x28, 0x28, 0x28, 0xff, 0x28, 0x28, 0x28, 0xff,
    0x28, 0x24, 0x20, 0xff, 0x28, 0x24, 0x28, 0xff, 0x28, 0x24, 0x20, 0xff,
    0x28, 0x24, 0x20, 0xff, 0x28, 0x24, 0x20, 0xff, 0x80, 0x80, 0x80, 0xff,
    0xf0, 0xf0, 0xf0, 0x41, 0xf8, 0xfc, 0xf8, 0x00, 0xf8, 0xfc, 0xf8, 0x00,
    0xf8, 0xfc, 0xf8, 0x00, 0xb8, 0xb4, 0xb0, 0xe7, 0x30, 0x2c, 0x30, 0xff,
    0x30, 0x2c, 0x28, 0xff, 0x30, 0x2c, 0x30, 0xff, 0x28, 0x2c, 0x28, 0xff,
    0x28, 0x28, 0x28, 0xff, 0x30, 0x2c, 0x28, 0xff, 0x28, 0x2c, 0x28, 0xff,
    0x30, 0x28, 0x28, 0xff, 0x30, 0x2c, 0x30, 0xff, 0x28, 0x2c, 0x28, 0xff,
    0x30, 0x2c, 0x28, 0xff, 0x30, 0x2c, 0x28, 0xff, 0x28, 0x28, 0x28, 0xff,
    0x30, 0x2c, 0x28, 0xff, 0x28, 0x2c, 0x30, 0xff, 0x28, 0x2c, 0x28, 0xff,
    0x30, 0x2c, 0x28, 0xff, 0x28, 0x28, 0x30, 0xff, 0x28, 0x28, 0x28, 0xff,
    0x30, 0x28, 0x28, 0xff, 0x28, 0x2c, 0x28, 0xff, 0x30, 0x2c, 0x28, 0xff,
    0x30, 0x28, 0x28, 0xff, 0x28, 0x28, 0x28, 0xff, 0x30, 0x2c, 0x30, 0xff,
    0x28, 0x28, 0x28, 0xff, 0x30, 0x2c, 0x28, 0xff, 0x28, 0x28, 0x28, 0xff,
    0x28, 0x28, 0x28, 0xff, 0x30, 0x2c, 0x28, 0xff, 0x30, 0x2c, 0x30, 0xff,
    0x28, 0x2c, 0x30, 0xff, 0x30, 0x2c, 0x28, 0xff, 0x28, 0x28, 0x28, 0xff,
    0x30, 0x28, 0x28, 0xff, 0x28, 0x2c, 0x28, 0xff, 0x28, 0x28, 0x30, 0xff,
    0x30, 0x28, 0x28, 0xff, 0x28, 0x2c, 0x28, 0xff, 0x30, 0x28, 0x30, 0xff,
    0x30, 0x28, 0x28, 0xff, 0x28, 0x2c, 0x28, 0xff, 0x28, 0x28, 0x28, 0xff,
    0x30, 0x28, 0x28, 0xff, 0x28, 0x2c, 0x28, 0xff, 0x28, 0x28, 0x28, 0xff,
    0x28, 0x28, 0x28, 0xff, 0x30, 0x28, 0x28, 0xff, 0x28, 0x28, 0x28, 0xff,
    0x30, 0x28, 0x28, 0xff, 0x30, 0x28, 0x28, 0xff, 0x28, 0x2c, 0x28, 0xff,
    0x28, 0x28, 0x28, 0xff, 0x28, 0x28, 0x28, 0xff, 0x30, 0x28, 0x28, 0xff,
    0x28, 0x2c, 0x28, 0xff, 0x28, 0x28, 0x28, 0xff, 0x30, 0x28, 0x28, 0xff,
    0x30, 0x28, 0x28, 0xff, 0x28, 0x2c, 0x28, 0xff, 0x30, 0x28, 0x28, 0xff,
    0x28, 0x28, 0x28, 0xff, 0x28, 0x2c, 0x28, 0xff, 0x30, 0x28, 0x28, 0xff,
    0x28, 0x28, 0x28, 0xff, 0x28, 0x28, 0x28, 0xff, 0x28, 0x2c, 0x28, 0xff,
    0x30, 0x28, 0x28, 0xff, 0x28, 0x28, 0x28, 0xff, 0x30, 0x28, 0x28, 0xff,
    0x28, 0x28, 0x28, 0xff, 0x30, 0x28, 0x28, 0xff, 0x28, 0x28, 0x28, 0xff,
    0x28, 0x28, 0x28, 0xff, 0x28, 0x28, 0x28, 0xff, 0x30, 0x28, 0x28, 0xff,
    0x28, 0x28, 0x28, 0xff, 0x28, 0x28, 0x28, 0xff, 0x28, 0x28, 0x28, 0xff,
    0x28, 0x28, 0x20, 0xff, 0x28, 0x28, 0x28, 0xff, 0x28, 0x28, 0x28, 0xff,
    0x28, 0x28, 0x28, 0xff, 0x28, 0x28, 0x20, 0xff, 0x28, 0x28, 0x28, 0xff,
    0x28, 0x28, 0x28, 0xff, 0x28, 0x28, 0x28, 0xff, 0x28, 0x28, 0x28, 0xff,
    0x28, 0x24, 0x20, 0xff, 0x28, 0x28, 0x28, 0xff, 0x28, 0x28, 0x28, 0xff,
    0x28, 0x24, 0x20, 0xff, 0x28, 0x28, 0x28, 0xff, 0x28, 0x28, 0x20, 0xff,
    0x28, 0x28, 0x28, 0xff, 0x28, 0x28, 0x28, 0xff, 0x28, 0x28, 0x28, 0xff,
    0x28, 0x28, 0x20, 0xff, 0x28, 0x28, 0x28, 0xff, 0x28, 0x28, 0x28, 0xff,
    0x28, 0x28, 0x28, 0xff, 0x30, 0x28, 0x28, 0xff, 0x28, 0x28, 0x20, 0xff,
    0x28, 0x24, 0x28, 0xff, 0x28, 0x28, 0x28, 0xff, 0x28, 0x28, 0x20, 0xff,
    0x28, 0x24, 0x28, 0xff, 0x28, 0x28, 0x28, 0xff, 0x28, 0x28, 0x28, 0xff,
    0x28, 0x24, 0x20, 0xff, 0x28, 0x24, 0x28, 0xff, 0x28, 0x28, 0x28, 0xff,
    0x28, 0x24, 0x20, 0xff, 0x28, 0x28, 0x28, 0xff, 0x28, 0x24, 0x20, 0xff,
    0x28, 0x28, 0x28, 0xff, 0x28, 0x28, 0x28, 0xff, 0x28, 0x24, 0x20, 0xff,
    0x28, 0x24, 0x28, 0xff, 0x28, 0x28, 0x28, 0xff, 0x28, 0x28, 0x28, 0xff,
    0x28, 0x24, 0x20, 0xff, 0x28, 0x24, 0x28, 0xff, 0x28, 0x28, 0x28, 0xff,
    0x28, 0x28, 0x28, 0xff, 0x28, 0x24, 0x28, 0xff, 0x28, 0x28, 0x28, 0xff,
    0x28, 0x24, 0x20, 0xff, 0x28, 0x24, 0x20, 0xff, 0x28, 0x28, 0x28, 0xff,
    0x28, 0x24, 0x20, 0xff, 0x28, 0x24, 0x20, 0xff, 0x28, 0x28, 0x28, 0xff,
    0x28, 0x28, 0x28, 0xff, 0x28, 0x24, 0x28, 0xff, 0x28, 0x28, 0x28, 0xff,
    0x28, 0x24, 0x20, 0xff, 0x80, 0x80, 0x80, 0xff, 0xf0, 0xf4, 0xf0, 0x41,
    0xf8, 0xfc, 0xf8, 0x00, 0xf8, 0xfc, 0xf8, 0x00, 0xf8, 0xfc, 0xf8, 0x00,
    0xb0, 0xb4, 0xb0, 0xe7, 0x28, 0x2c, 0x28, 0xff, 0x30, 0x2c, 0x28, 0xff,
    0x30, 0x2c, 0x30, 0xff, 0x30, 0x2c, 0x28, 0xff, 0x28, 0x2c, 0x28, 0xff,
    0x30, 0x2c, 0x30, 0xff, 0x30, 0x2c, 0x28, 0xff, 0x28, 0x2c, 0x30, 0xff,
    0x28, 0x2c, 0x28, 0xff, 0x30, 0x2c, 0x28, 0xff, 0x28, 0x2c, 0x28, 0xff,
    0x30, 0x2c, 0x28, 0xff, 0x30, 0x2c, 0x30, 0xff, 0x30, 0x28, 0x28, 0xff,
    0x30, 0x2c, 0x28, 0xff, 0x30, 0x2c, 0x28, 0xff, 0x30, 0x28, 0x28, 0xff,
    0x30, 0x2c, 0x30, 0xff, 0x28, 0x2c, 0x28, 0xff, 0x30, 0x2c, 0x28, 0xff,
    0x28, 0x2c, 0x30, 0xff, 0x28, 0x2c, 0x28, 0xff, 0x30, 0x2c, 0x28, 0xff,
    0x28, 0x2c, 0x28, 0xff, 0x28, 0x28, 0x28, 0xff, 0x30, 0x2c, 0x30, 0xff,
    0x30, 0x2c, 0x28, 0xff, 0x28, 0x2c, 0x28, 0xff, 0x28, 0x28, 0x28, 0xff,
    0x28, 0x28, 0x28, 0xff, 0x30, 0x2c, 0x28, 0xff, 0x28, 0x2c, 0x28, 0xff,
    0x28, 0x2c, 0x28, 0xff, 0x30, 0x28, 0x28, 0xff, 0x28, 0x2c, 0x28, 0xff,
    0x28, 0x2c, 0x28, 0xff, 0x30, 0x28, 0x28, 0xff, 0x28, 0x2c, 0x28, 0xff,
    0x28, 0x2c, 0x28, 0xff, 0x30, 0x28, 0x28, 0xff, 0x28, 0x2c, 0x28, 0xff,
    0x30, 0x2c, 0x30, 0xff, 0x28, 0x28, 0x28, 0xff, 0x30, 0x28, 0x28, 0xff,
    0x28, 0x28, 0x28, 0xff, 0x28, 0x28, 0x28, 0xff, 0x30, 0x28, 0x28, 0xff,
    0x28, 0x2c, 0x28, 0xff, 0x28, 0x2c, 0x28, 0xff, 0x28, 0x28, 0x28, 0xff,
    0x28, 0x28, 0x28, 0xff, 0x30, 0x28, 0x28, 0xff, 0x28, 0x2c, 0x28, 0xff,
    0x28, 0x28, 0x28, 0xff, 0x30, 0x28, 0x28, 0xff, 0x28, 0x28, 0x28, 0xff,
    0x28, 0x28, 0x28, 0xff, 0x30, 0x2c, 0x28, 0xff, 0x28, 0x28, 0x28, 0xff,
    0x28, 0x28, 0x28, 0xff, 0x28, 0x28, 0x28, 0xff, 0x28, 0x28, 0x28, 0xff,
    0x30, 0x28, 0x28, 0xff, 0x28, 0x28, 0x28, 0xff, 0x30, 0x28, 0x28, 0xff,
    0x28, 0x28, 0x28, 0xff, 0x28, 0x28, 0x28, 0xff, 0x30, 0x28, 0x28, 0xff,
    0x28, 0x2c, 0x28, 0xff, 0x28, 0x28, 0x28, 0xff, 0x28, 0x28, 0x28, 0xff,
    0x30, 0x28, 0x28, 0xff, 0x28, 0x28, 0x28, 0xff, 0x30, 0x2c, 0x28, 0xff,
    0x28, 0x28, 0x28, 0xff, 0x28, 0x28, 0x28, 0xff, 0x30, 0x28, 0x28, 0xff,
    0x28, 0x28, 0x28, 0xff, 0x28, 0x28, 0x28, 0xff, 0x28, 0x28, 0x28, 0xff,
    0x30, 0x28, 0x28, 0xff, 0x28, 0x28, 0x20, 0xff, 0x28, 0x28, 0x28, 0xff,
    0x30, 0x28, 0x28, 0xff, 0x28, 0x28, 0x28, 0xff, 0x28, 0x28, 0x28, 0xff,
    0x30, 0x28, 0x28, 0xff, 0x28, 0x28, 0x28, 0xff, 0x28, 0x28, 0x28, 0xff,
    0x30, 0x28, 0x28, 0xff, 0x28, 0x28, 0x28, 0xff, 0x28, 0x28, 0x28, 0xff,
    0x28, 0x24, 0x28, 0xff, 0x28, 0x28, 0x28, 0xff, 0x30, 0x28, 0x20, 0xff,
    0x28, 0x28, 0x28, 0xff, 0x28, 0x28, 0x28, 0xff, 0x30, 0x24, 0x28, 0xff,
    0x28, 0x28, 0x28, 0xff, 0x28, 0x28, 0x20, 0xff, 0x28, 0x24, 0x28, 0xff,
    0x28, 0x28, 0x28, 0xff, 0x28, 0x28, 0x28, 0xff, 0x28, 0x24, 0x28, 0xff,
    0x28, 0x28, 0x20, 0xff, 0x28, 0x28, 0x28, 0xff, 0x28, 0x24, 0x20, 0xff,
    0x28, 0x28, 0x28, 0xff, 0x28, 0x28, 0x28, 0xff, 0x28, 0x24, 0x28, 0xff,
    0x28, 0x28, 0x28, 0xff, 0x28, 0x24, 0x20, 0xff, 0x30, 0x28, 0x28, 0xff,
    0x28, 0x24, 0x28, 0xff, 0x28, 0x28, 0x28, 0xff, 0x28, 0x24, 0x20, 0xff,
    0x28, 0x28, 0x28, 0xff, 0x28, 0x28, 0x28, 0xff, 0x28, 0x24, 0x20, 0xff,
    0x28, 0x28, 0x28, 0xff, 0x28, 0x28, 0x28, 0xff, 0x28, 0x24, 0x20, 0xff,
    0x28, 0x28, 0x28, 0xff, 0x28, 0x24, 0x20, 0xff, 0x28, 0x24, 0x20, 0xff,
    0x28, 0x28, 0x28, 0xff, 0x28, 0x28, 0x28, 0xff, 0x28, 0x24, 0x28, 0xff,
    0x28, 0x28, 0x28, 0xff, 0x28, 0x28, 0x28, 0xff, 0x28, 0x24, 0x28, 0xff,
    0x28, 0x24, 0x20, 0xff, 0x28, 0x24, 0x20, 0xff, 0x28, 0x24, 0x28, 0xff,
    0x28, 0x24, 0x20, 0xff, 0x28, 0x28, 0x28, 0xff, 0x28, 0x24, 0x28, 0xff,
    0x80, 0x80, 0x80, 0xff, 0xf0, 0xf0, 0xf0, 0x41, 0xf8, 0xfc, 0xf8, 0x00,
    0xf8, 0xfc, 0xf8, 0x00, 0xf8, 0xfc, 0xf8, 0x00, 0xb8, 0xb4, 0xb8, 0xe7,
    0x28, 0x2c, 0x28, 0xff, 0x28, 0x2c, 0x30, 0xff, 0x30, 0x2c, 0x28, 0xff,
    0x28, 0x2c, 0x28, 0xff, 0x30, 0x2c, 0x30, 0xff, 0x30, 0x28, 0x28, 0xff,
    0x28, 0x2c, 0x28, 0xff, 0x30, 0x2c, 0x30, 0xff, 0x30, 0x2c, 0x28, 0xff,
    0x28, 0x28, 0x28, 0xff, 0x30, 0x2c, 0x30, 0xff, 0x28, 0x2c, 0x28, 0xff,
    0x28, 0x2c, 0x28, 0xff, 0x28, 0x28, 0x30, 0xff, 0x30, 0x2c, 0x28, 0xff,
    0x28, 0x2c, 0x28, 0xff, 0x28, 0x2c, 0x30, 0xff, 0x30, 0x2c, 0x28, 0xff,
    0x30, 0x2c, 0x28, 0xff, 0x28, 0x2c, 0x28, 0xff, 0x30, 0x28, 0x30, 0xff,
    0x30, 0x28, 0x28, 0xff, 0x28, 0x2c, 0x28, 0xff, 0x30, 0x2c, 0x30, 0xff,
    0x28, 0x28, 0x28, 0xff, 0x28, 0x2c, 0x28, 0xff, 0x30, 0x2c, 0x30, 0xff,
    0x30, 0x2c, 0x28, 0xff, 0x28, 0x2c, 0x30, 0xff, 0x30, 0x28, 0x28, 0xff,
    0x28, 0x28, 0x28, 0xff, 0x28, 0x2c, 0x28, 0xff, 0x30, 0x28, 0x28, 0xff,
    0x28, 0x28, 0x30, 0xff, 0x28, 0x2c, 0x28, 0xff, 0x30, 0x28, 0x28, 0xff,
    0x30, 0x28, 0x28, 0xff, 0x28, 0x2c, 0x28, 0xff, 0x28, 0x28, 0x28, 0xff,
    0x30, 0x28, 0x28, 0xff, 0x28, 0x28, 0x28, 0xff, 0x28, 0x28, 0x28, 0xff,
    0x30, 0x2c, 0x28, 0xff, 0x28, 0x28, 0x28, 0xff, 0x30, 0x28, 0x28, 0xff,
    0x30, 0x2c, 0x28, 0xff, 0x28, 0x2c, 0x30, 0xff, 0x28, 0x28, 0x28, 0xff,
    0x30, 0x28, 0x28, 0xff, 0x28, 0x28, 0x28, 0xff, 0x28, 0x2c, 0x28, 0xff,
    0x30, 0x28, 0x28, 0xff, 0x28, 0x28, 0x28, 0xff, 0x30, 0x2c, 0x28, 0xff,
    0x28, 0x28, 0x28, 0xff, 0x28, 0x28, 0x28, 0xff, 0x28, 0x28, 0x28, 0xff,
    0x28, 0x28, 0x28, 0xff, 0x28, 0x2c, 0x28, 0xff, 0x30, 0x28, 0x28, 0xff,
    0x28, 0x2c, 0x28, 0xff, 0x28, 0x28, 0x28, 0xff, 0x28, 0x28, 0x28, 0xff,
    0x30, 0x2c, 0x28, 0xff, 0x28, 0x28, 0x28, 0xff, 0x28, 0x28, 0x28, 0xff,
    0x30, 0x28, 0x28, 0xff, 0x28, 0x28, 0x28, 0xff, 0x28, 0x28, 0x28, 0xff,
    0x28, 0x28, 0x28, 0xff, 0x28, 0x28, 0x28, 0xff, 0x28, 0x28, 0x28, 0xff,
    0x28, 0x28, 0x28, 0xff, 0x28, 0x28, 0x20, 0xff, 0x28, 0x28, 0x28, 0xff,
    0x28, 0x28, 0x28, 0xff, 0x28, 0x28, 0x20, 0xff, 0x28, 0x28, 0x28, 0xff,
    0x28, 0x28, 0x28, 0xff, 0x30, 0x28, 0x28, 0xff, 0x28, 0x28, 0x28, 0xff,
    0x28, 0x28, 0x28, 0xff, 0x28, 0x28, 0x28, 0xff, 0x28, 0x28, 0x28, 0xff,
    0x28, 0x28, 0x28, 0xff, 0x28, 0x28, 0x28, 0xff, 0x28, 0x28, 0x28, 0xff,
    0x28, 0x28, 0x20, 0xff, 0x28, 0x28, 0x28, 0xff, 0x28, 0x24, 0x20, 0xff,
    0x28, 0x28, 0x28, 0xff, 0x28, 0x28, 0x28, 0xff, 0x28, 0x28, 0x20, 0xff,
    0x28, 0x24, 0x28, 0xff, 0x28, 0x28, 0x28, 0xff, 0x28, 0x28, 0x20, 0xff,
    0x28, 0x24, 0x28, 0xff, 0x28, 0x28, 0x28, 0xff, 0x28, 0x28, 0x20, 0xff,
    0x28, 0x24, 0x28, 0xff, 0x28, 0x28, 0x28, 0xff, 0x28, 0x28, 0x20, 0xff,
    0x28, 0x28, 0x28, 0xff, 0x28, 0x28, 0x28, 0xff, 0x28, 0x24, 0x20, 0xff,
    0x28, 0x24, 0x28, 0xff, 0x28, 0x28, 0x28, 0xff, 0x28, 0x28, 0x20, 0xff,
    0x28, 0x24, 0x20, 0xff, 0x28, 0x28, 0x28, 0xff, 0x28, 0x28, 0x28, 0xff,
    0x28, 0x28, 0x20, 0xff, 0x28, 0x24, 0x28, 0xff, 0x28, 0x28, 0x28, 0xff,
    0x28, 0x28, 0x20, 0xff, 0x28, 0x24, 0x28, 0xff, 0x28, 0x24, 0x20, 0xff,
    0x28, 0x28, 0x28, 0xff, 0x28, 0x24, 0x20, 0xff, 0x28, 0x24, 0x28, 0xff,
    0x28, 0x28, 0x20, 0xff, 0x28, 0x24, 0x28, 0xff, 0x28, 0x28, 0x28, 0xff,
    0x28, 0x24, 0x28, 0xff, 0x28, 0x24, 0x20, 0xff, 0x28, 0x28, 0x20, 0xff,
    0x28, 0x24, 0x20, 0xff, 0x28, 0x24, 0x28, 0xff, 0x28, 0x28, 0x20, 0xff,
    0x28, 0x24, 0x20, 0xff, 0x28, 0x24, 0x28, 0xff, 0x28, 0x28, 0x28, 0xff,
    0x28, 0x24, 0x20, 0xff, 0x28, 0x28, 0x28, 0xff, 0x28, 0x24, 0x20, 0xff,
    0x28, 0x24, 0x20, 0xff, 0x28, 0x24, 0x20, 0xff, 0x80, 0x80, 0x80, 0xff,
    0xf0, 0xf0, 0xf0, 0x41, 0xf8, 0xfc, 0xf8, 0x00, 0xf8, 0xfc, 0xf8, 0x00,
    0xf8, 0xfc, 0xf8, 0x00, 0xb8, 0xb4, 0xb8, 0xe7, 0x30, 0x2c, 0x28, 0xff,
    0x30, 0x2c, 0x28, 0xff, 0x28, 0x2c, 0x28, 0xff, 0x30, 0x2c, 0x28, 0xff,
    0x30, 0x2c, 0x28, 0xff, 0x28, 0x2c, 0x30, 0xff, 0x30, 0x28, 0x28, 0xff,
    0x30, 0x2c, 0x28, 0xff, 0x28, 0x2c, 0x28, 0xff, 0x30, 0x2c, 0x28, 0xff,
    0x30, 0x28, 0x30, 0xff, 0x28, 0x2c, 0x28, 0xff, 0x28, 0x2c, 0x28, 0xff,
    0x30, 0x2c, 0x28, 0xff, 0x30, 0x28, 0x30, 0xff, 0x28, 0x28, 0x28, 0xff,
    0x28, 0x2c, 0x28, 0xff, 0x30, 0x28, 0x28, 0xff, 0x28, 0x28, 0x28, 0xff,
    0x28, 0x2c, 0x28, 0xff, 0x30, 0x2c, 0x28, 0xff, 0x28, 0x28, 0x28, 0xff,
    0x30, 0x28, 0x28, 0xff, 0x30, 0x2c, 0x28, 0xff, 0x28, 0x2c, 0x28, 0xff,
    0x30, 0x28, 0x28, 0xff, 0x28, 0x28, 0x28, 0xff, 0x28, 0x28, 0x28, 0xff,
    0x30, 0x2c, 0x28, 0xff, 0x30, 0x2c, 0x28, 0xff, 0x28, 0x28, 0x28, 0xff,
    0x30, 0x2c, 0x28, 0xff, 0x28, 0x28, 0x28, 0xff, 0x30, 0x2c, 0x28, 0xff,
    0x30, 0x2c, 0x28, 0xff, 0x28, 0x28, 0x30, 0xff, 0x28, 0x28, 0x28, 0xff,
    0x30, 0x2c, 0x28, 0xff, 0x30, 0x2c, 0x30, 0xff, 0x28, 0x2c, 0x28, 0xff,
    0x28, 0x28, 0x28, 0xff, 0x30, 0x2c, 0x28, 0xff, 0x28, 0x28, 0x28, 0xff,
    0x28, 0x2c, 0x28, 0xff, 0x28, 0x2c, 0x28, 0xff, 0x30, 0x28, 0x28, 0xff,
    0x28, 0x28, 0x28, 0xff, 0x28, 0x28, 0x28, 0xff, 0x30, 0x28, 0x28, 0xff,
    0x30, 0x28, 0x28, 0xff, 0x28, 0x28, 0x28, 0xff, 0x28, 0x2c, 0x30, 0xff,
    0x30, 0x28, 0x28, 0xff, 0x28, 0x28, 0x28, 0xff, 0x30, 0x2c, 0x28, 0xff,
    0x28, 0x28, 0x28, 0xff, 0x30, 0x28, 0x28, 0xff, 0x30, 0x2c, 0x28, 0xff,
    0x28, 0x28, 0x28, 0xff, 0x30, 0x28, 0x28, 0xff, 0x28, 0x28, 0x28, 0xff,
    0x28, 0x2c, 0x28, 0xff, 0x28, 0x28, 0x28, 0xff, 0x28, 0x28, 0x28, 0xff,
    0x28, 0x28, 0x28, 0xff, 0x28, 0x2c, 0x28, 0xff, 0x28, 0x28, 0x28, 0xff,
    0x28, 0x28, 0x28, 0xff, 0x30, 0x28, 0x28, 0xff, 0x30, 0x28, 0x28, 0xff,
    0x28, 0x2c, 0x28, 0xff, 0x28, 0x28, 0x28, 0xff, 0x30, 0x28, 0x28, 0xff,
    0x28, 0x28, 0x28, 0xff, 0x30, 0x28, 0x28, 0xff, 0x30, 0x28, 0x28, 0xff,
    0x28, 0x28, 0x28, 0xff, 0x28, 0x28, 0x28, 0xff, 0x30, 0x28, 0x28, 0xff,
    0x28, 0x28, 0x20, 0xff, 0x28, 0x28, 0x28, 0xff, 0x30, 0x28, 0x28, 0xff,
    0x28, 0x28, 0x20, 0xff, 0x28, 0x28, 0x28, 0xff, 0x30, 0x28, 0x28, 0xff,
    0x28, 0x28, 0x20, 0xff, 0x28, 0x24, 0x28, 0xff, 0x30, 0x28, 0x28, 0xff,
    0x28, 0x28, 0x28, 0xff, 0x30, 0x28, 0x28, 0xff, 0x28, 0x28, 0x20, 0xff,
    0x28, 0x28, 0x28, 0xff, 0x30, 0x28, 0x28, 0xff, 0x28, 0x28, 0x28, 0xff,
    0x28, 0x24, 0x28, 0xff, 0x28, 0x28, 0x28, 0xff, 0x28, 0x28, 0x28, 0xff,
    0x28, 0x28, 0x20, 0xff, 0x28, 0x28, 0x28, 0xff, 0x28, 0x28, 0x28, 0xff,
    0x28, 0x24, 0x28, 0xff, 0x28, 0x28, 0x20, 0xff, 0x28, 0x28, 0x28, 0xff,
    0x28, 0x24, 0x20, 0xff, 0x30, 0x28, 0x28, 0xff, 0x28, 0x28, 0x28, 0xff,
    0x28, 0x28, 0x28, 0xff, 0x28, 0x28, 0x28, 0xff, 0x28, 0x24, 0x28, 0xff,
    0x28, 0x24, 0x20, 0xff, 0x28, 0x28, 0x28, 0xff, 0x28, 0x24, 0x28, 0xff,
    0x28, 0x28, 0x28, 0xff, 0x28, 0x28, 0x20, 0xff, 0x28, 0x24, 0x28, 0xff,
    0x28, 0x28, 0x28, 0xff, 0x28, 0x28, 0x28, 0xff, 0x28, 0x24, 0x20, 0xff,
    0x28, 0x28, 0x28, 0xff, 0x28, 0x28, 0x28, 0xff, 0x28, 0x24, 0x20, 0xff,
    0x28, 0x28, 0x28, 0xff, 0x28, 0x24, 0x28, 0xff, 0x28, 0x28, 0x20, 0xff,
    0x28, 0x28, 0x28, 0xff, 0x28, 0x24, 0x28, 0xff, 0x28, 0x24, 0x20, 0xff,
    0x28, 0x24, 0x20, 0xff, 0x28, 0x28, 0x28, 0xff, 0x28, 0x24, 0x28, 0xff,
    0x28, 0x28, 0x20, 0xff, 0x28, 0x24, 0x20, 0xff, 0x28, 0x24, 0x28, 0xff,
    0x28, 0x28, 0x28, 0xff, 0x28, 0x24, 0x20, 0xff, 0x28, 0x24, 0x28, 0xff,
    0x28, 0x28, 0x28, 0xff, 0x80, 0x80, 0x80, 0xff, 0xf0, 0xf4, 0xf0, 0x41,
    0xf8, 0xfc, 0xf8, 0x00, 0xf8, 0xfc, 0xf8, 0x00, 0xf8, 0xfc, 0xf8, 0x00,
    0xb0, 0xb4, 0xb0, 0xe7, 0x30, 0x2c, 0x28, 0xff, 0x30, 0x2c, 0x28, 0xff,
    0x28, 0x28, 0x30, 0xff, 0x28, 0x2c, 0x28, 0xff, 0x30, 0x2c, 0x28, 0xff,
    0x28, 0x2c, 0x28, 0xff, 0x30, 0x2c, 0x28, 0xff, 0x30, 0x28, 0x28, 0xff,
    0x28, 0x2c, 0x30, 0xff, 0x28, 0x2c, 0x28, 0xff, 0x30, 0x2c, 0x28, 0xff,
    0x30, 0x28, 0x30, 0xff, 0x30, 0x2c, 0x28, 0xff, 0x28, 0x28, 0x28, 0xff,
    0x30, 0x2c, 0x28, 0xff, 0x28, 0x2c, 0x28, 0xff, 0x30, 0x28, 0x28, 0xff,
    0x30, 0x28, 0x28, 0xff, 0x28, 0x2c, 0x28, 0xff, 0x30, 0x2c, 0x30, 0xff,
    0x28, 0x28, 0x28, 0xff, 0x28, 0x2c, 0x28, 0xff, 0x30, 0x2c, 0x30, 0xff,
    0x28, 0x2c, 0x28, 0xff, 0x28, 0x28, 0x28, 0xff, 0x30, 0x2c, 0x28, 0xff,
    0x30, 0x28, 0x28, 0xff, 0x28, 0x2c, 0x28, 0xff, 0x30, 0x28, 0x28, 0xff,
    0x28, 0x2c, 0x28, 0xff, 0x28, 0x2c, 0x30, 0xff, 0x30, 0x28, 0x28, 0xff,
    0x28, 0x2c, 0x28, 0xff, 0x30, 0x28, 0x28, 0xff, 0x30, 0x2c, 0x28, 0xff,
    0x28, 0x2c, 0x28, 0xff, 0x30, 0x28, 0x28, 0xff, 0x28, 0x28, 0x28, 0xff,
    0x28, 0x28, 0x28, 0xff, 0x30, 0x28, 0x28, 0xff, 0x30, 0x2c, 0x28, 0xff,
    0x28, 0x2c, 0x28, 0xff, 0x28, 0x28, 0x28, 0xff, 0x30, 0x28, 0x30, 0xff,
    0x28, 0x28, 0x28, 0xff, 0x28, 0x2c, 0x28, 0xff, 0x30, 0x28, 0x28, 0xff,
    0x28, 0x28, 0x28, 0xff, 0x28, 0x2c, 0x28, 0xff, 0x28, 0x2c, 0x28, 0xff,
    0x28, 0x28, 0x28, 0xff, 0x30, 0x28, 0x28, 0xff, 0x28, 0x28, 0x28, 0xff,
    0x28, 0x28, 0x28, 0xff, 0x28, 0x28, 0x28, 0xff, 0x28, 0x2c, 0x28, 0xff,
    0x30, 0x28, 0x28, 0xff, 0x28, 0x28, 0x28, 0xff, 0x28, 0x28, 0x28, 0xff,
    0x28, 0x28, 0x28, 0xff, 0x28, 0x28, 0x28, 0xff, 0x30, 0x28, 0x28, 0xff,
    0x28, 0x28, 0x28, 0xff, 0x28, 0x28, 0x28, 0xff, 0x30, 0x28, 0x28, 0xff,
    0x28, 0x28, 0x28, 0xff, 0x28, 0x28, 0x28, 0xff, 0x28, 0x28, 0x28, 0xff,
    0x28, 0x28, 0x28, 0xff, 0x28, 0x28, 0x28, 0xff, 0x28, 0x28, 0x28, 0xff,
    0x30, 0x28, 0x28, 0xff, 0x28, 0x28, 0x28, 0xff, 0x28, 0x28, 0x28, 0xff,
    0x28, 0x28, 0x28, 0xff, 0x28, 0x28, 0x28, 0xff, 0x28, 0x28, 0x28, 0xff,
    0x28, 0x28, 0x28, 0xff, 0x28, 0x28, 0x28, 0xff, 0x28, 0x28, 0x28, 0xff,
    0x28, 0x28, 0x28, 0xff, 0x28, 0x28, 0x28, 0xff, 0x28, 0x28, 0x28, 0xff,
    0x28, 0x28, 0x28, 0xff, 0x30, 0x28, 0x28, 0xff, 0x28, 0x28, 0x28, 0xff,
    0x28, 0x28, 0x28, 0xff, 0x28, 0x28, 0x28, 0xff, 0x28, 0x28, 0x28, 0xff,
    0x28, 0x28, 0x28, 0xff, 0x28, 0x24, 0x28, 0xff, 0x28, 0x28, 0x28, 0xff,
    0x28, 0x28, 0x20, 0xff, 0x28, 0x28, 0x28, 0xff, 0x28, 0x28, 0x28, 0xff,
    0x30, 0x28, 0x20, 0xff, 0x28, 0x28, 0x28, 0xff, 0x28, 0x24, 0x28, 0xff,
    0x28, 0x24, 0x20, 0xff, 0x28, 0x28, 0x28, 0xff, 0x28, 0x24, 0x20, 0xff,
    0x30, 0x28, 0x28, 0xff, 0x28, 0x28, 0x28, 0xff, 0x28, 0x24, 0x28, 0xff,
    0x28, 0x28, 0x28, 0xff, 0x28, 0x24, 0x20, 0xff, 0x28, 0x28, 0x28, 0xff,
    0x28, 0x24, 0x28, 0xff, 0x28, 0x28, 0x28, 0xff, 0x30, 0x28, 0x28, 0xff,
    0x28, 0x28, 0x20, 0xff, 0x28, 0x24, 0x28, 0xff, 0x28, 0x28, 0x28, 0xff,
    0x28, 0x28, 0x20, 0xff, 0x28, 0x28, 0x28, 0xff, 0x28, 0x24, 0x28, 0xff,
    0x28, 0x28, 0x28, 0xff, 0x28, 0x24, 0x20, 0xff, 0x28, 0x28, 0x28, 0xff,
    0x28, 0x24, 0x28, 0xff, 0x28, 0x24, 0x20, 0xff, 0x28, 0x28, 0x28, 0xff,
    0x28, 0x24, 0x20, 0xff, 0x28, 0x28, 0x28, 0xff, 0x28, 0x24, 0x28, 0xff,
    0x28, 0x24, 0x28, 0xff, 0x28, 0x24, 0x20, 0xff, 0x28, 0x28, 0x28, 0xff,
    0x28, 0x24, 0x28, 0xff, 0x28, 0x28, 0x28, 0xff, 0x28, 0x24, 0x20, 0xff,
    0x28, 0x28, 0x28, 0xff, 0x28, 0x24, 0x20, 0xff, 0x28, 0x24, 0x28, 0xff,
    0x28, 0x24, 0x20, 0xff, 0x28, 0x24, 0x20, 0xff, 0x28, 0x24, 0x28, 0xff,
    0x80, 0x80, 0x80, 0xff, 0xf0, 0xf0, 0xf0, 0x41, 0xf8, 0xfc, 0xf8, 0x00,
    0xf8, 0xfc, 0xf8, 0x00, 0xf8, 0xfc, 0xf8, 0x00, 0xb8, 0xb4, 0xb8, 0xe7,
    0x28, 0x2c, 0x28, 0xff, 0x30, 0x2c, 0x30, 0xff, 0x30, 0x2c, 0x30, 0xff,
    0x30, 0x28, 0x28, 0xff, 0x30, 0x2c, 0x30, 0xff, 0x28, 0x2c, 0x28, 0xff,
    0x28, 0x2c, 0x28, 0xff, 0x30, 0x2c, 0x30, 0xff, 0x28, 0x28, 0x28, 0xff,
    0x30, 0x2c, 0x28, 0xff, 0x30, 0x2c, 0x28, 0xff, 0x28, 0x2c, 0x28, 0xff,
    0x28, 0x2c, 0x28, 0xff, 0x30, 0x2c, 0x30, 0xff, 0x28, 0x2c, 0x28, 0xff,
    0x28, 0x2c, 0x28, 0xff, 0x30, 0x28, 0x30, 0xff, 0x28, 0x2c, 0x28, 0xff,
    0x30, 0x2c, 0x28, 0xff, 0x30, 0x2c, 0x30, 0xff, 0x28, 0x28, 0x28, 0xff,
    0x28, 0x28, 0x28, 0xff, 0x30, 0x2c, 0x28, 0xff, 0x28, 0x2c, 0x30, 0xff,
    0x28, 0x28, 0x28, 0xff, 0x30, 0x2c, 0x28, 0xff, 0x28, 0x2c, 0x28, 0xff,
    0x28, 0x28, 0x28, 0xff, 0x30, 0x28, 0x28, 0xff, 0x28, 0x28, 0x28, 0xff,
    0x28, 0x2c, 0x28, 0xff, 0x30, 0x28, 0x28, 0xff, 0x28, 0x28, 0x28, 0xff,
    0x28, 0x2c, 0x30, 0xff, 0x28, 0x28, 0x28, 0xff, 0x30, 0x28, 0x28, 0xff,
    0x28, 0x28, 0x28, 0xff, 0x28, 0x2c, 0x28, 0xff, 0x30, 0x2c, 0x28, 0xff,
    0x28, 0x28, 0x28, 0xff, 0x30, 0x28, 0x28, 0xff, 0x28, 0x28, 0x28, 0xff,
    0x28, 0x2c, 0x28, 0xff, 0x30, 0x28, 0x28, 0xff, 0x28, 0x28, 0x28, 0xff,
    0x28, 0x2c, 0x28, 0xff, 0x30, 0x28, 0x28, 0xff, 0x28, 0x2c, 0x28, 0xff,
    0x30, 0x2c, 0x28, 0xff, 0x28, 0x28, 0x28, 0xff, 0x28, 0x28, 0x28, 0xff,
    0x28, 0x2c, 0x28, 0xff, 0x30, 0x28, 0x28, 0xff, 0x28, 0x28, 0x28, 0xff,
    0x30, 0x2c, 0x28, 0xff, 0x28, 0x28, 0x28, 0xff, 0x28, 0x28, 0x28, 0xff,
    0x28, 0x28, 0x28, 0xff, 0x30, 0x2c, 0x28, 0xff, 0x28, 0x28, 0x28, 0xff,
    0x30, 0x28, 0x28, 0xff, 0x28, 0x28, 0x28, 0xff, 0x28, 0x28, 0x28, 0xff,
    0x30, 0x28, 0x28, 0xff, 0x28, 0x2c, 0x28, 0xff, 0x30, 0x28, 0x28, 0xff,
    0x30, 0x28, 0x28, 0xff, 0x28, 0x2c, 0x28, 0xff, 0x28, 0x28, 0x28, 0xff,
    0x28, 0x28, 0x28, 0xff, 0x30, 0x28, 0x28, 0xff, 0x28, 0x28, 0x28, 0xff,
    0x28, 0x28, 0x20, 0xff, 0x28, 0x28, 0x28, 0xff, 0x28, 0x28, 0x28, 0xff,
    0x28, 0x28, 0x20, 0xff, 0x30, 0x28, 0x28, 0xff, 0x28, 0x28, 0x28, 0xff,
    0x28, 0x28, 0x20, 0xff, 0x30, 0x28, 0x28, 0xff, 0x28, 0x28, 0x28, 0xff,
    0x28, 0x28, 0x28, 0xff, 0x28, 0x28, 0x28, 0xff, 0x28, 0x28, 0x20, 0xff,
    0x28, 0x28, 0x28, 0xff, 0x28, 0x28, 0x28, 0xff, 0x28, 0x24, 0x20, 0xff,
    0x28, 0x28, 0x20, 0xff, 0x28, 0x28, 0x28, 0xff, 0x28, 0x24, 0x28, 0xff,
    0x28, 0x28, 0x28, 0xff, 0x28, 0x28, 0x20, 0xff, 0x28, 0x24, 0x28, 0xff,
    0x28, 0x24, 0x28, 0xff, 0x28, 0x28, 0x20, 0xff, 0x28, 0x28, 0x28, 0xff,
    0x28, 0x28, 0x28, 0xff, 0x28, 0x28, 0x28, 0xff, 0x28, 0x24, 0x20, 0xff,
    0x28, 0x24, 0x28, 0xff, 0x28, 0x28, 0x28, 0xff, 0x28, 0x28, 0x28, 0xff,
    0x28, 0x28, 0x28, 0xff, 0x28, 0x28, 0x28, 0xff, 0x28, 0x28, 0x28, 0xff,
    0x28, 0x28, 0x20, 0xff, 0x28, 0x24, 0x20, 0xff, 0x28, 0x24, 0x28, 0xff,
    0x28, 0x28, 0x20, 0xff, 0x28, 0x28, 0x28, 0xff, 0x28, 0x24, 0x20, 0xff,
    0x28, 0x28, 0x28, 0xff, 0x28, 0x24, 0x20, 0xff, 0x28, 0x24, 0x28, 0xff,
    0x28, 0x28, 0x28, 0xff, 0x28, 0x24, 0x20, 0xff, 0x28, 0x28, 0x20, 0xff,
    0x28, 0x28, 0x28, 0xff, 0x28, 0x24, 0x28, 0xff, 0x28, 0x28, 0x20, 0xff,
    0x28, 0x24, 0x20, 0xff, 0x28, 0x28, 0x28, 0xff, 0x28, 0x24, 0x28, 0xff,
    0x28, 0x24, 0x20, 0xff, 0x28, 0x28, 0x28, 0xff, 0x28, 0x28, 0x20, 0xff,
    0x28, 0x24, 0x20, 0xff, 0x28, 0x28, 0x28, 0xff, 0x28, 0x24, 0x20, 0xff,
    0x28, 0x24, 0x28, 0xff, 0x28, 0x24, 0x20, 0xff, 0x28, 0x24, 0x28, 0xff,
    0x28, 0x24, 0x28, 0xff, 0x28, 0x24, 0x20, 0xff, 0x28, 0x28, 0x28, 0xff,
    0x28, 0x24, 0x20, 0xff, 0x28, 0x24, 0x20, 0xff, 0x80, 0x80, 0x80, 0xff,
    0xf0, 0xf0, 0xf0, 0x41, 0xf8, 0xfc, 0xf8, 0x00, 0xf8, 0xfc, 0xf8, 0x00,
    0xf8, 0xfc, 0xf8, 0x00, 0xb8, 0xb4, 0xb0, 0xe7, 0x28, 0x2c, 0x28, 0xff,
    0x28, 0x2c, 0x28, 0xff, 0x30, 0x2c, 0x28, 0xff, 0x28, 0x2c, 0x28, 0xff,
    0x30, 0x2c, 0x30, 0xff, 0x30, 0x28, 0x28, 0xff, 0x28, 0x2c, 0x28, 0xff,
    0x28, 0x2c, 0x28, 0xff, 0x30, 0x2c, 0x28, 0xff, 0x28, 0x28, 0x30, 0xff,
    0x30, 0x2c, 0x28, 0xff, 0x28, 0x2c, 0x28, 0xff, 0x28, 0x28, 0x28, 0xff,
    0x30, 0x28, 0x28, 0xff, 0x30, 0x2c, 0x30, 0xff, 0x30, 0x2c, 0x28, 0xff,
    0x28, 0x2c, 0x28, 0xff, 0x28, 0x28, 0x28, 0xff, 0x30, 0x28, 0x28, 0xff,
    0x28, 0x2c, 0x28, 0xff, 0x28, 0x2c, 0x28, 0xff, 0x30, 0x2c, 0x28, 0xff,
    0x30, 0x2c, 0x28, 0xff, 0x30, 0x28, 0x28, 0xff, 0x28, 0x28, 0x28, 0xff,
    0x30, 0x2c, 0x28, 0xff, 0x28, 0x28, 0x30, 0xff, 0x30, 0x2c, 0x30, 0xff,
    0x28, 0x2c, 0x28, 0xff, 0x30, 0x28, 0x28, 0xff, 0x30, 0x2c, 0x28, 0xff,
    0x28, 0x2c, 0x28, 0xff, 0x30, 0x28, 0x28, 0xff, 0x28, 0x28, 0x28, 0xff,
    0x28, 0x2c, 0x28, 0xff, 0x30, 0x28, 0x28, 0xff, 0x28, 0x2c, 0x28, 0xff,
    0x28, 0x28, 0x28, 0xff, 0x30, 0x28, 0x28, 0xff, 0x28, 0x2c, 0x28, 0xff,
    0x28, 0x28, 0x30, 0xff, 0x30, 0x28, 0x28, 0xff, 0x28, 0x28, 0x28, 0xff,
    0x30, 0x2c, 0x28, 0xff, 0x28, 0x28, 0x28, 0xff, 0x28, 0x28, 0x28, 0xff,
    0x30, 0x28, 0x28, 0xff, 0x28, 0x28, 0x28, 0xff, 0x30, 0x28, 0x28, 0xff,
    0x30, 0x28, 0x28, 0xff, 0x28, 0x2c, 0x28, 0xff, 0x30, 0x28, 0x28, 0xff,
    0x28, 0x28, 0x28, 0xff, 0x28, 0x28, 0x28, 0xff, 0x30, 0x28, 0x28, 0xff,
    0x28, 0x28, 0x28, 0xff, 0x28, 0x28, 0x28, 0xff, 0x28, 0x28, 0x28, 0xff,
    0x28, 0x28, 0x28, 0xff, 0x30, 0x28, 0x28, 0xff, 0x28, 0x2c, 0x28, 0xff,
    0x28, 0x28, 0x28, 0xff, 0x28, 0x28, 0x28, 0xff, 0x28, 0x28, 0x28, 0xff,
    0x28, 0x28, 0x28, 0xff, 0x28, 0x28, 0x28, 0xff, 0x28, 0x28, 0x28, 0xff,
    0x30, 0x28, 0x28, 0xff, 0x28, 0x28, 0x28, 0xff, 0x28, 0x28, 0x20, 0xff,
    0x28, 0x28, 0x28, 0xff, 0x28, 0x28, 0x28, 0xff, 0x30, 0x28, 0x28, 0xff,
    0x28, 0x28, 0x28, 0xff, 0x28, 0x28, 0x28, 0xff, 0x28, 0x28, 0x28, 0xff,
    0x28, 0x28, 0x20, 0xff, 0x30, 0x28, 0x28, 0xff, 0x28, 0x28, 0x28, 0xff,
    0x28, 0x28, 0x28, 0xff, 0x30, 0x28, 0x28, 0xff, 0x28, 0x28, 0x20, 0xff,
    0x28, 0x28, 0x28, 0xff, 0x30, 0x28, 0x28, 0xff, 0x28, 0x28, 0x28, 0xff,
    0x28, 0x28, 0x28, 0xff, 0x28, 0x28, 0x28, 0xff, 0x28, 0x28, 0x28, 0xff,
    0x30, 0x28, 0x28, 0xff, 0x28, 0x28, 0x20, 0xff, 0x28, 0x28, 0x28, 0xff,
    0x30, 0x28, 0x28, 0xff, 0x28, 0x28, 0x28, 0xff, 0x28, 0x28, 0x28, 0xff,
    0x28, 0x24, 0x28, 0xff, 0x28, 0x28, 0x28, 0xff, 0x30, 0x28, 0x28, 0xff,
    0x28, 0x28, 0x28, 0xff, 0x28, 0x24, 0x20, 0xff, 0x30, 0x28, 0x28, 0xff,
    0x28, 0x28, 0x28, 0xff, 0x28, 0x28, 0x20, 0xff, 0x28, 0x24, 0x28, 0xff,
    0x28, 0x28, 0x20, 0xff, 0x30, 0x28, 0x28, 0xff, 0x28, 0x24, 0x28, 0xff,
    0x28, 0x24, 0x28, 0xff, 0x28, 0x28, 0x20, 0xff, 0x28, 0x24, 0x28, 0xff,
    0x28, 0x24, 0x28, 0xff, 0x28, 0x28, 0x28, 0xff, 0x28, 0x28, 0x20, 0xff,
    0x28, 0x28, 0x28, 0xff, 0x28, 0x24, 0x28, 0xff, 0x28, 0x28, 0x20, 0xff,
    0x28, 0x24, 0x28, 0xff, 0x28, 0x24, 0x28, 0xff, 0x28, 0x28, 0x20, 0xff,
    0x28, 0x24, 0x28, 0xff, 0x28, 0x28, 0x28, 0xff, 0x28, 0x28, 0x28, 0xff,
    0x28, 0x24, 0x20, 0xff, 0x28, 0x28, 0x28, 0xff, 0x28, 0x24, 0x20, 0xff,
    0x28, 0x28, 0x28, 0xff, 0x28, 0x24, 0x28, 0xff, 0x28, 0x24, 0x20, 0xff,
    0x28, 0x24, 0x28, 0xff, 0x28, 0x28, 0x28, 0xff, 0x28, 0x28, 0x20, 0xff,
    0x28, 0x28, 0x28, 0xff, 0x28, 0x28, 0x28, 0xff, 0x28, 0x24, 0x20, 0xff,
    0x28, 0x24, 0x20, 0xff, 0x20, 0x28, 0x28, 0xff, 0x28, 0x28, 0x28, 0xff,
    0x28, 0x24, 0x20, 0xff, 0x80, 0x80, 0x80, 0xff, 0xf0, 0xf4, 0xf0, 0x41,
    0xf8, 0xfc, 0xf8, 0x00, 0xf8, 0xfc, 0xf8, 0x00, 0xf8, 0xfc, 0xf8, 0x00,
    0xb8, 0xb4, 0xb8, 0xe7, 0x28, 0x2c, 0x28, 0xff, 0x30, 0x2c, 0x30, 0xff,
    0x30, 0x2c, 0x28, 0xff, 0x28, 0x2c, 0x28, 0xff, 0x30, 0x2c, 0x30, 0xff,
    0x28, 0x2c, 0x28, 0xff, 0x30, 0x28, 0x28, 0xff, 0x30, 0x2c, 0x30, 0xff,
    0x30, 0x2c, 0x28, 0xff, 0x28, 0x2c, 0x28, 0xff, 0x30, 0x28, 0x30, 0xff,
    0x30, 0x2c, 0x28, 0xff, 0x28, 0x28, 0x28, 0xff, 0x30, 0x2c, 0x28, 0xff,
    0x28, 0x2c, 0x28, 0xff, 0x30, 0x28, 0x28, 0xff, 0x30, 0x28, 0x28, 0xff,
    0x28, 0x2c, 0x28, 0xff, 0x30, 0x2c, 0x30, 0xff, 0x30, 0x28, 0x28, 0xff,
    0x28, 0x28, 0x28, 0xff, 0x30, 0x2c, 0x30, 0xff, 0x28, 0x28, 0x28, 0xff,
    0x28, 0x2c, 0x28, 0xff, 0x30, 0x2c, 0x30, 0xff, 0x30, 0x28, 0x28, 0xff,
    0x28, 0x2c, 0x28, 0xff, 0x30, 0x2c, 0x28, 0xff, 0x28, 0x28, 0x28, 0xff,
    0x28, 0x2c, 0x28, 0xff, 0x28, 0x28, 0x30, 0xff, 0x30, 0x2c, 0x28, 0xff,
    0x28, 0x28, 0x28, 0xff, 0x30, 0x2c, 0x28, 0xff, 0x30, 0x28, 0x28, 0xff,
    0x28, 0x2c, 0x28, 0xff, 0x28, 0x28, 0x28, 0xff, 0x30, 0x28, 0x28, 0xff,
    0x28, 0x2c, 0x28, 0xff, 0x28, 0x28, 0x28, 0xff, 0x30, 0x28, 0x28, 0xff,
    0x28, 0x28, 0x28, 0xff, 0x28, 0x28, 0x28, 0xff, 0x30, 0x28, 0x28, 0xff,
    0x28, 0x28, 0x28, 0xff, 0x30, 0x28, 0x28, 0xff, 0x28, 0x28, 0x28, 0xff,
    0x28, 0x28, 0x28, 0xff, 0x28, 0x28, 0x28, 0xff, 0x28, 0x28, 0x28, 0xff,
    0x30, 0x28, 0x28, 0xff, 0x28, 0x28, 0x28, 0xff, 0x28, 0x28, 0x28, 0xff,
    0x28, 0x28, 0x28, 0xff, 0x28, 0x28, 0x28, 0xff, 0x30, 0x28, 0x28, 0xff,
    0x28, 0x28, 0x28, 0xff, 0x30, 0x2c, 0x28, 0xff, 0x28, 0x28, 0x28, 0xff,
    0x28, 0x28, 0x28, 0xff, 0x28, 0x28, 0x28, 0xff, 0x30, 0x28, 0x28, 0xff,
    0x28, 0x28, 0x28, 0xff, 0x28, 0x28, 0x28, 0xff, 0x30, 0x28, 0x28, 0xff,
    0x28, 0x28, 0x28, 0xff, 0x28, 0x28, 0x28, 0xff, 0x28, 0x28, 0x28, 0xff,
    0x28, 0x28, 0x28, 0xff, 0x28, 0x28, 0x28, 0xff, 0x30, 0x28, 0x28, 0xff,
    0x28, 0x28, 0x28, 0xff, 0x28, 0x28, 0x28, 0xff, 0x28, 0x28, 0x28, 0xff,
    0x28, 0x28, 0x28, 0xff, 0x28, 0x28, 0x28, 0xff, 0x28, 0x28, 0x28, 0xff,
    0x28, 0x28, 0x28, 0xff, 0x28, 0x28, 0x28, 0xff, 0x28, 0x28, 0x28, 0xff,
    0x28, 0x28, 0x28, 0xff, 0x28, 0x28, 0x28, 0xff, 0x28, 0x28, 0x28, 0xff,
    0x28, 0x24, 0x28, 0xff, 0x28, 0x28, 0x20, 0xff, 0x30, 0x28, 0x28, 0xff,
    0x28, 0x28, 0x28, 0xff, 0x28, 0x24, 0x28, 0xff, 0x28, 0x28, 0x28, 0xff,
    0x28, 0x28, 0x20, 0xff, 0x28, 0x24, 0x28, 0xff, 0x28, 0x28, 0x28, 0xff,
    0x28, 0x28, 0x20, 0xff, 0x28, 0x28, 0x28, 0xff, 0x30, 0x28, 0x20, 0xff,
    0x28, 0x24, 0x20, 0xff, 0x28, 0x28, 0x28, 0xff, 0x28, 0x28, 0x28, 0xff,
    0x28, 0x28, 0x28, 0xff, 0x28, 0x28, 0x28, 0xff, 0x28, 0x28, 0x28, 0xff,
    0x28, 0x24, 0x28, 0xff, 0x28, 0x28, 0x20, 0xff, 0x28, 0x28, 0x28, 0xff,
    0x28, 0x24, 0x20, 0xff, 0x28, 0x28, 0x28, 0xff, 0x28, 0x28, 0x28, 0xff,
    0x28, 0x28, 0x20, 0xff, 0x28, 0x24, 0x28, 0xff, 0x28, 0x28, 0x28, 0xff,
    0x28, 0x28, 0x28, 0xff, 0x28, 0x28, 0x28, 0xff, 0x28, 0x24, 0x20, 0xff,
    0x28, 0x28, 0x28, 0xff, 0x28, 0x28, 0x20, 0xff, 0x28, 0x24, 0x28, 0xff,
    0x28, 0x28, 0x28, 0xff, 0x28, 0x24, 0x20, 0xff, 0x28, 0x24, 0x20, 0xff,
    0x28, 0x24, 0x28, 0xff, 0x28, 0x24, 0x20, 0xff, 0x28, 0x28, 0x28, 0xff,
    0x28, 0x24, 0x28, 0xff, 0x28, 0x28, 0x20, 0xff, 0x28, 0x28, 0x28, 0xff,
    0x28, 0x24, 0x28, 0xff, 0x28, 0x28, 0x28, 0xff, 0x28, 0x28, 0x20, 0xff,
    0x28, 0x24, 0x20, 0xff, 0x28, 0x24, 0x28, 0xff, 0x28, 0x24, 0x20, 0xff,
    0x28, 0x28, 0x28, 0xff, 0x28, 0x24, 0x20, 0xff, 0x28, 0x24, 0x28, 0xff,
    0x28, 0x24, 0x28, 0xff, 0x28, 0x24, 0x20, 0xff, 0x28, 0x24, 0x28, 0xff,
    0x80, 0x80, 0x80, 0xff, 0xf0, 0xf0, 0xf0, 0x41, 0xf8, 0xfc, 0xf8, 0x00,
    0xf8, 0xfc, 0xf8, 0x00, 0xf8, 0xfc, 0xf8, 0x00, 0xb8, 0xb4, 0xb0, 0xe7,
    0x30, 0x2c, 0x30, 0xff, 0x28, 0x2c, 0x28, 0xff, 0x28, 0x2c, 0x28, 0xff,
    0x30, 0x28, 0x28, 0xff, 0x30, 0x2c, 0x28, 0xff, 0x28, 0x2c, 0x28, 0xff,
    0x28, 0x2c, 0x30, 0xff, 0x30, 0x28, 0x28, 0xff, 0x30, 0x2c, 0x28, 0xff,
    0x28, 0x2c, 0x28, 0xff, 0x28, 0x2c, 0x30, 0xff, 0x30, 0x28, 0x28, 0xff,
    0x30, 0x2c, 0x28, 0xff, 0x28, 0x28, 0x28, 0xff, 0x28, 0x28, 0x28, 0xff,
    0x30, 0x2c, 0x30, 0xff, 0x28, 0x28, 0x28, 0xff, 0x28, 0x2c, 0x28, 0xff,
    0x30, 0x2c, 0x28, 0xff, 0x28, 0x28, 0x28, 0xff, 0x28, 0x28, 0x28, 0xff,
    0x30, 0x2c, 0x28, 0xff, 0x28, 0x28, 0x28, 0xff, 0x28, 0x2c, 0x28, 0xff,
    0x30, 0x2c, 0x28, 0xff, 0x28, 0x28, 0x28, 0xff, 0x28, 0x28, 0x28, 0xff,
    0x30, 0x2c, 0x28, 0xff, 0x30, 0x28, 0x28, 0xff, 0x28, 0x28, 0x28, 0xff,
    0x30, 0x2c, 0x28, 0xff, 0x28, 0x28, 0x28, 0xff, 0x28, 0x2c, 0x28, 0xff,
    0x28, 0x28, 0x30, 0xff, 0x30, 0x28, 0x28, 0xff, 0x28, 0x2c, 0x28, 0xff,
    0x30, 0x28, 0x28, 0xff, 0x28, 0x28, 0x28, 0xff, 0x30, 0x2c, 0x28, 0xff,
    0x28, 0x28, 0x28, 0xff, 0x30, 0x28, 0x28, 0xff, 0x28, 0x2c, 0x28, 0xff,
    0x28, 0x2c, 0x28, 0xff, 0x30, 0x28, 0x28, 0xff, 0x28, 0x2c, 0x28, 0xff,
    0x28, 0x2c, 0x28, 0xff, 0x28, 0x28, 0x28, 0xff, 0x30, 0x2c, 0x28, 0xff,
    0x28, 0x28, 0x28, 0xff, 0x28, 0x2c, 0x28, 0xff, 0x28, 0x28, 0x28, 0xff,
    0x30, 0x28, 0x28, 0xff, 0x28, 0x2c, 0x28, 0xff, 0x30, 0x28, 0x28, 0xff,
    0x28, 0x28, 0x28, 0xff, 0x28, 0x2c, 0x28, 0xff, 0x30, 0x28, 0x28, 0xff,
    0x28, 0x28, 0x28, 0xff, 0x28, 0x28, 0x28, 0xff, 0x28, 0x28, 0x28, 0xff,
    0x28, 0x28, 0x28, 0xff, 0x30, 0x2c, 0x28, 0xff, 0x28, 0x28, 0x28, 0xff,
    0x28, 0x28, 0x28, 0xff, 0x30, 0x28, 0x28, 0xff, 0x28, 0x28, 0x28, 0xff,
    0x28, 0x28, 0x28, 0xff, 0x30, 0x28, 0x28, 0xff, 0x28, 0x28, 0x28, 0xff,
    0x28, 0x28, 0x28, 0xff, 0x30, 0x28, 0x28, 0xff, 0x28, 0x28, 0x28, 0xff,
    0x28, 0x28, 0x20, 0xff, 0x28, 0x28, 0x28, 0xff, 0x30, 0x28, 0x28, 0xff,
    0x30, 0x28, 0x28, 0xff, 0x28, 0x28, 0x20, 0xff, 0x28, 0x28, 0x28, 0xff,
    0x30, 0x28, 0x28, 0xff, 0x28, 0x28, 0x20, 0xff, 0x28, 0x28, 0x28, 0xff,
    0x28, 0x28, 0x28, 0xff, 0x28, 0x28, 0x20, 0xff, 0x28, 0x28, 0x28, 0xff,
    0x28, 0x24, 0x28, 0xff, 0x28, 0x28, 0x20, 0xff, 0x28, 0x28, 0x28, 0xff,
    0x28, 0x24, 0x28, 0xff, 0x28, 0x28, 0x20, 0xff, 0x28, 0x28, 0x28, 0xff,
    0x28, 0x28, 0x28, 0xff, 0x28, 0x24, 0x28, 0xff, 0x28, 0x28, 0x20, 0xff,
    0x28, 0x28, 0x28, 0xff, 0x28, 0x24, 0x28, 0xff, 0x28, 0x28, 0x28, 0xff,
    0x28, 0x28, 0x20, 0xff, 0x28, 0x24, 0x28, 0xff, 0x28, 0x28, 0x28, 0xff,
    0x28, 0x28, 0x20, 0xff, 0x28, 0x24, 0x20, 0xff, 0x28, 0x28, 0x28, 0xff,
    0x28, 0x24, 0x28, 0xff, 0x28, 0x28, 0x28, 0xff, 0x28, 0x28, 0x28, 0xff,
    0x28, 0x28, 0x28, 0xff, 0x28, 0x28, 0x28, 0xff, 0x28, 0x24, 0x20, 0xff,
    0x28, 0x24, 0x20, 0xff, 0x28, 0x28, 0x28, 0xff, 0x28, 0x28, 0x28, 0xff,
    0x28, 0x24, 0x20, 0xff, 0x28, 0x28, 0x28, 0xff, 0x28, 0x24, 0x28, 0xff,
    0x28, 0x24, 0x20, 0xff, 0x28, 0x28, 0x28, 0xff, 0x28, 0x28, 0x28, 0xff,
    0x28, 0x28, 0x28, 0xff, 0x28, 0x28, 0x28, 0xff, 0x28, 0x24, 0x20, 0xff,
    0x28, 0x28, 0x28, 0xff, 0x28, 0x24, 0x20, 0xff, 0x28, 0x24, 0x28, 0xff,
    0x28, 0x24, 0x20, 0xff, 0x28, 0x28, 0x20, 0xff, 0x28, 0x24, 0x28, 0xff,
    0x28, 0x24, 0x28, 0xff, 0x28, 0x24, 0x20, 0xff, 0x28, 0x28, 0x28, 0xff,
    0x28, 0x24, 0x28, 0xff, 0x28, 0x24, 0x28, 0xff, 0x28, 0x24, 0x20, 0xff,
    0x28, 0x24, 0x20, 0xff, 0x28, 0x24, 0x28, 0xff, 0x28, 0x24, 0x20, 0xff,
    0x28, 0x24, 0x20, 0xff, 0x28, 0x24, 0x28, 0xff, 0x80, 0x80, 0x80, 0xff,
    0xf0, 0xf4, 0xf0, 0x41, 0xf8, 0xfc, 0xf8, 0x00, 0xf8, 0xfc, 0xf8, 0x00,
    0xf8, 0xfc, 0xf8, 0x00, 0xb0, 0xb4, 0xb0, 0xe7, 0x30, 0x2c, 0x28, 0xff,
    0x28, 0x2c, 0x28, 0xff, 0x28, 0x2c, 0x30, 0xff, 0x30, 0x2c, 0x28, 0xff,
    0x30, 0x28, 0x28, 0xff, 0x28, 0x2c, 0x30, 0xff, 0x28, 0x2c, 0x28, 0xff,
    0x30, 0x2c, 0x28, 0xff, 0x28, 0x28, 0x28, 0xff, 0x28, 0x2c, 0x30, 0xff,
    0x30, 0x2c, 0x28, 0xff, 0x28, 0x2c, 0x28, 0xff, 0x30, 0x2c, 0x30, 0xff,
    0x28, 0x28, 0x28, 0xff, 0x30, 0x2c, 0x30, 0xff, 0x30, 0x2c, 0x28, 0xff,
    0x28, 0x2c, 0x28, 0xff, 0x30, 0x28, 0x28, 0xff, 0x30, 0x2c, 0x30, 0xff,
    0x28, 0x2c, 0x28, 0xff, 0x30, 0x2c, 0x28, 0xff, 0x30, 0x28, 0x28, 0xff,
    0x30, 0x2c, 0x28, 0xff, 0x28, 0x28, 0x28, 0xff, 0x28, 0x28, 0x28, 0xff,
    0x30, 0x2c, 0x28, 0xff, 0x28, 0x28, 0x28, 0xff, 0x30, 0x2c, 0x28, 0xff,
    0x28, 0x2c, 0x28, 0xff, 0x28, 0x28, 0x28, 0xff, 0x30, 0x2c, 0x28, 0xff,
    0x30, 0x28, 0x28, 0xff, 0x28, 0x2c, 0x28, 0xff, 0x28, 0x2c, 0x28, 0xff,
    0x28, 0x28, 0x28, 0xff, 0x30, 0x28, 0x28, 0xff, 0x30, 0x2c, 0x30, 0xff,
    0x28, 0x28, 0x28, 0xff, 0x28, 0x2c, 0x28, 0xff, 0x30, 0x28, 0x28, 0xff,
    0x28, 0x28, 0x28, 0xff, 0x30, 0x28, 0x28, 0xff, 0x28, 0x28, 0x28, 0xff,
    0x28, 0x28, 0x28, 0xff, 0x28, 0x28, 0x28, 0xff, 0x30, 0x28, 0x28, 0xff,
    0x30, 0x28, 0x28, 0xff, 0x28, 0x28, 0x28, 0xff, 0x30, 0x28, 0x28, 0xff,
    0x28, 0x28, 0x28, 0xff, 0x28, 0x28, 0x28, 0xff, 0x28, 0x28, 0x28, 0xff,
    0x30, 0x2c, 0x28, 0xff, 0x28, 0x28, 0x28, 0xff, 0x28, 0x28, 0x28, 0xff,
    0x28, 0x28, 0x28, 0xff, 0x28, 0x28, 0x28, 0xff, 0x28, 0x28, 0x28, 0xff,
    0x30, 0x28, 0x28, 0xff, 0x30, 0x28, 0x28, 0xff, 0x28, 0x28, 0x28, 0xff,
    0x28, 0x28, 0x28, 0xff, 0x28, 0x28, 0x28, 0xff, 0x28, 0x28, 0x28, 0xff,
    0x28, 0x28, 0x28, 0xff, 0x28, 0x28, 0x28, 0xff, 0x28, 0x2c, 0x28, 0xff,
    0x28, 0x28, 0x20, 0xff, 0x28, 0x28, 0x28, 0xff, 0x28, 0x28, 0x28, 0xff,
    0x28, 0x28, 0x28, 0xff, 0x28, 0x28, 0x28, 0xff, 0x28, 0x28, 0x28, 0xff,
    0x28, 0x28, 0x28, 0xff, 0x28, 0x28, 0x28, 0xff, 0x28, 0x28, 0x20, 0xff,
    0x28, 0x28, 0x28, 0xff, 0x28, 0x28, 0x28, 0xff, 0x30, 0x28, 0x28, 0xff,
    0x28, 0x28, 0x20, 0xff, 0x28, 0x28, 0x28, 0xff, 0x30, 0x28, 0x28, 0xff,
    0x28, 0x28, 0x20, 0xff, 0x30, 0x28, 0x28, 0xff, 0x28, 0x28, 0x28, 0xff,
    0x28, 0x28, 0x28, 0xff, 0x28, 0x28, 0x28, 0xff, 0x28, 0x28, 0x20, 0xff,
    0x30, 0x28, 0x28, 0xff, 0x28, 0x28, 0x28, 0xff, 0x28, 0x28, 0x28, 0xff,
    0x30, 0x28, 0x28, 0xff, 0x28, 0x24, 0x28, 0xff, 0x28, 0x28, 0x28, 0xff,
    0x28, 0x24, 0x20, 0xff, 0x28, 0x28, 0x28, 0xff, 0x28, 0x28, 0x28, 0xff,
    0x28, 0x24, 0x20, 0xff, 0x28, 0x24, 0x28, 0xff, 0x28, 0x28, 0x28, 0xff,
    0x28, 0x28, 0x28, 0xff, 0x28, 0x24, 0x20, 0xff, 0x30, 0x28, 0x28, 0xff,
    0x28, 0x24, 0x20, 0xff, 0x28, 0x24, 0x20, 0xff, 0x28, 0x28, 0x28, 0xff,
    0x28, 0x24, 0x28, 0xff, 0x28, 0x24, 0x28, 0xff, 0x28, 0x28, 0x28, 0xff,
    0x28, 0x28, 0x20, 0xff, 0x28, 0x24, 0x20, 0xff, 0x28, 0x24, 0x28, 0xff,
    0x28, 0x28, 0x28, 0xff, 0x28, 0x24, 0x20, 0xff, 0x28, 0x24, 0x28, 0xff,
    0x28, 0x28, 0x20, 0xff, 0x28, 0x24, 0x20, 0xff, 0x28, 0x24, 0x28, 0xff,
    0x28, 0x28, 0x28, 0xff, 0x28, 0x28, 0x28, 0xff, 0x28, 0x24, 0x20, 0xff,
    0x28, 0x28, 0x28, 0xff, 0x28, 0x28, 0x28, 0xff, 0x28, 0x24, 0x20, 0xff,
    0x28, 0x24, 0x20, 0xff, 0x28, 0x28, 0x28, 0xff, 0x28, 0x28, 0x28, 0xff,
    0x28, 0x24, 0x20, 0xff, 0x28, 0x24, 0x20, 0xff, 0x28, 0x24, 0x28, 0xff,
    0x28, 0x24, 0x20, 0xff, 0x20, 0x28, 0x20, 0xff, 0x28, 0x28, 0x28, 0xff,
    0x28, 0x24, 0x28, 0xff, 0x20, 0x28, 0x20, 0xff, 0x28, 0x28, 0x20, 0xff,
    0x28, 0x24, 0x28, 0xff, 0x80, 0x80, 0x80, 0xff, 0xf0, 0xf0, 0xf0, 0x41,
    0xf8, 0xfc, 0xf8, 0x00, 0xf8, 0xfc, 0xf8, 0x00, 0xf8, 0xfc, 0xf8, 0x00,
    0xb8, 0xb4, 0xb8, 0xe7, 0x30, 0x2c, 0x28, 0xff, 0x28, 0x2c, 0x28, 0xff,
    0x30, 0x2c, 0x30, 0xff, 0x28, 0x2c, 0x28, 0xff, 0x30, 0x2c, 0x28, 0xff,
    0x30, 0x28, 0x28, 0xff, 0x30, 0x2c, 0x28, 0xff, 0x28, 0x2c, 0x30, 0xff,
    0x30, 0x2c, 0x28, 0xff, 0x30, 0x28, 0x28, 0xff, 0x28, 0x28, 0x28, 0xff,
    0x30, 0x28, 0x28, 0xff, 0x28, 0x2c, 0x28, 0xff, 0x28, 0x2c, 0x28, 0xff,
    0x30, 0x28, 0x28, 0xff, 0x28, 0x2c, 0x28, 0xff, 0x28, 0x28, 0x28, 0xff,
    0x30, 0x2c, 0x30, 0xff, 0x28, 0x28, 0x28, 0xff, 0x28, 0x2c, 0x28, 0xff,
    0x30, 0x2c, 0x30, 0xff, 0x28, 0x28, 0x28, 0xff, 0x30, 0x2c, 0x28, 0xff,
    0x30, 0x2c, 0x30, 0xff, 0x28, 0x28, 0x28, 0xff, 0x28, 0x2c, 0x28, 0xff,
    0x30, 0x28, 0x30, 0xff, 0x28, 0x28, 0x28, 0xff, 0x30, 0x2c, 0x28, 0xff,
    0x28, 0x2c, 0x30, 0xff, 0x28, 0x28, 0x28, 0xff, 0x30, 0x28, 0x28, 0xff,
    0x30, 0x28, 0x28, 0xff, 0x30, 0x2c, 0x28, 0xff, 0x28, 0x28, 0x28, 0xff,
    0x28, 0x28, 0x28, 0xff, 0x28, 0x28, 0x28, 0xff, 0x28, 0x28, 0x28, 0xff,
    0x30, 0x28, 0x28, 0xff, 0x28, 0x28, 0x28, 0xff, 0x28, 0x2c, 0x28, 0xff,
    0x28, 0x28, 0x28, 0xff, 0x30, 0x28, 0x28, 0xff, 0x30, 0x2c, 0x28, 0xff,
    0x28, 0x28, 0x28, 0xff, 0x28, 0x28, 0x28, 0xff, 0x28, 0x2c, 0x28, 0xff,
    0x28, 0x28, 0x28, 0xff, 0x30, 0x2c, 0x28, 0xff, 0x30, 0x28, 0x28, 0xff,
    0x28, 0x28, 0x28, 0xff, 0x28, 0x28, 0x28, 0xff, 0x28, 0x28, 0x28, 0xff,
    0x30, 0x28, 0x28, 0xff, 0x28, 0x28, 0x28, 0xff, 0x30, 0x28, 0x28, 0xff,
    0x28, 0x28, 0x28, 0xff, 0x28, 0x28, 0x28, 0xff, 0x30, 0x2c, 0x28, 0xff,
    0x28, 0x28, 0x28, 0xff, 0x28, 0x28, 0x28, 0xff, 0x30, 0x28, 0x28, 0xff,
    0x28, 0x2c, 0x28, 0xff, 0x30, 0x28, 0x28, 0xff, 0x28, 0x28, 0x28, 0xff,
    0x30, 0x28, 0x28, 0xff, 0x28, 0x28, 0x28, 0xff, 0x28, 0x28, 0x28, 0xff,
    0x30, 0x28, 0x28, 0xff, 0x28, 0x28, 0x20, 0xff, 0x28, 0x28, 0x28, 0xff,
    0x30, 0x28, 0x28, 0xff, 0x28, 0x28, 0x20, 0xff, 0x28, 0x28, 0x28, 0xff,
    0x30, 0x28, 0x28, 0xff, 0x28, 0x28, 0x28, 0xff, 0x28, 0x28, 0x28, 0xff,
    0x28, 0x28, 0x28, 0xff, 0x28, 0x28, 0x28, 0xff, 0x28, 0x28, 0x28, 0xff,
    0x28, 0x28, 0x28, 0xff, 0x28, 0x24, 0x28, 0xff, 0x28, 0x28, 0x28, 0xff,
    0x28, 0x24, 0x28, 0xff, 0x28, 0x28, 0x28, 0xff, 0x28, 0x28, 0x28, 0xff,
    0x28, 0x24, 0x20, 0xff, 0x28, 0x28, 0x28, 0xff, 0x28, 0x24, 0x28, 0xff,
    0x28, 0x24, 0x20, 0xff, 0x28, 0x28, 0x28, 0xff, 0x28, 0x28, 0x20, 0xff,
    0x28, 0x28, 0x28, 0xff, 0x28, 0x24, 0x20, 0xff, 0x28, 0x28, 0x28, 0xff,
    0x28, 0x28, 0x28, 0xff, 0x30, 0x28, 0x28, 0xff, 0x28, 0x28, 0x28, 0xff,
    0x28, 0x28, 0x20, 0xff, 0x28, 0x24, 0x28, 0xff, 0x28, 0x28, 0x28, 0xff,
    0x28, 0x28, 0x28, 0xff, 0x28, 0x28, 0x28, 0xff, 0x28, 0x28, 0x28, 0xff,
    0x28, 0x24, 0x20, 0xff, 0x28, 0x28, 0x28, 0xff, 0x28, 0x28, 0x20, 0xff,
    0x28, 0x24, 0x28, 0xff, 0x28, 0x28, 0x28, 0xff, 0x28, 0x28, 0x28, 0xff,
    0x28, 0x24, 0x20, 0xff, 0x28, 0x28, 0x28, 0xff, 0x28, 0x28, 0x28, 0xff,
    0x28, 0x28, 0x20, 0xff, 0x28, 0x24, 0x28, 0xff, 0x28, 0x24, 0x28, 0xff,
    0x28, 0x28, 0x20, 0xff, 0x28, 0x24, 0x20, 0xff, 0x28, 0x24, 0x20, 0xff,
    0x28, 0x24, 0x20, 0xff, 0x28, 0x24, 0x28, 0xff, 0x28, 0x28, 0x28, 0xff,
    0x28, 0x24, 0x28, 0xff, 0x28, 0x24, 0x20, 0xff, 0x28, 0x24, 0x28, 0xff,
    0x28, 0x24, 0x20, 0xff, 0x28, 0x24, 0x20, 0xff, 0x28, 0x24, 0x28, 0xff,
    0x28, 0x24, 0x20, 0xff, 0x28, 0x28, 0x28, 0xff, 0x28, 0x24, 0x20, 0xff,
    0x28, 0x24, 0x28, 0xff, 0x28, 0x24, 0x28, 0xff, 0x28, 0x24, 0x20, 0xff,
    0x28, 0x24, 0x28, 0xff, 0x28, 0x24, 0x28, 0xff, 0x28, 0x24, 0x20, 0xff,
    0x80, 0x80, 0x80, 0xff, 0xf0, 0xf4, 0xf0, 0x41, 0xf8, 0xfc, 0xf8, 0x00,
    0xf8, 0xfc, 0xf8, 0x00, 0xf8, 0xfc, 0xf8, 0x00, 0xb8, 0xb4, 0xb0, 0xe7,
    0x28, 0x2c, 0x30, 0xff, 0x30, 0x28, 0x28, 0xff, 0x30, 0x2c, 0x28, 0xff,
    0x28, 0x28, 0x28, 0xff, 0x30, 0x2c, 0x30, 0xff, 0x28, 0x2c, 0x28, 0xff,
    0x30, 0x28, 0x28, 0xff, 0x28, 0x28, 0x28, 0xff, 0x30, 0x2c, 0x30, 0xff,
    0x28, 0x2c, 0x28, 0xff, 0x30, 0x2c, 0x28, 0xff, 0x30, 0x2c, 0x30, 0xff,
    0x28, 0x2c, 0x28, 0xff, 0x30, 0x2c, 0x28, 0xff, 0x30, 0x2c, 0x30, 0xff,
    0x28, 0x2c, 0x28, 0xff, 0x30, 0x28, 0x28, 0xff, 0x28, 0x2c, 0x28, 0xff,
    0x30, 0x28, 0x28, 0xff, 0x28, 0x28, 0x28, 0xff, 0x28, 0x2c, 0x28, 0xff,
    0x28, 0x28, 0x28, 0xff, 0x28, 0x28, 0x28, 0xff, 0x30, 0x2c, 0x30, 0xff,
    0x30, 0x2c, 0x28, 0xff, 0x28, 0x28, 0x28, 0xff, 0x28, 0x2c, 0x28, 0xff,
    0x30, 0x28, 0x28, 0xff, 0x28, 0x28, 0x28, 0xff, 0x30, 0x2c, 0x28, 0xff,
    0x28, 0x2c, 0x28, 0xff, 0x28, 0x28, 0x28, 0xff, 0x30, 0x2c, 0x30, 0xff,
    0x28, 0x28, 0x28, 0xff, 0x28, 0x2c, 0x28, 0xff, 0x30, 0x2c, 0x28, 0xff,
    0x28, 0x28, 0x28, 0xff, 0x30, 0x28, 0x28, 0xff, 0x28, 0x28, 0x28, 0xff,
    0x28, 0x2c, 0x28, 0xff, 0x30, 0x2c, 0x28, 0xff, 0x28, 0x28, 0x28, 0xff,
    0x28, 0x2c, 0x28, 0xff, 0x30, 0x2c, 0x28, 0xff, 0x28, 0x28, 0x28, 0xff,
    0x28, 0x28, 0x28, 0xff, 0x30, 0x2c, 0x28, 0xff, 0x28, 0x28, 0x28, 0xff,
    0x28, 0x28, 0x28, 0xff, 0x28, 0x2c, 0x28, 0xff, 0x28, 0x28, 0x28, 0xff,
    0x30, 0x28, 0x28, 0xff, 0x28, 0x2c, 0x28, 0xff, 0x28, 0x28, 0x28, 0xff,
    0x28, 0x28, 0x28, 0xff, 0x28, 0x2c, 0x28, 0xff, 0x30, 0x28, 0x28, 0xff,
    0x28, 0x28, 0x28, 0xff, 0x28, 0x28, 0x28, 0xff, 0x28, 0x28, 0x28, 0xff,
    0x28, 0x28, 0x28, 0xff, 0x28, 0x28, 0x28, 0xff, 0x30, 0x28, 0x28, 0xff,
    0x28, 0x28, 0x28, 0xff, 0x28, 0x28, 0x28, 0xff, 0x28, 0x28, 0x28, 0xff,
    0x30, 0x28, 0x28, 0xff, 0x28, 0x28, 0x28, 0xff, 0x28, 0x28, 0x28, 0xff,
    0x28, 0x28, 0x28, 0xff, 0x28, 0x28, 0x28, 0xff, 0x28, 0x28, 0x28, 0xff,
    0x28, 0x28, 0x28, 0xff, 0x28, 0x28, 0x28, 0xff, 0x28, 0x28, 0x28, 0xff,
    0x28, 0x28, 0x28, 0xff, 0x28, 0x28, 0x28, 0xff, 0x28, 0x28, 0x20, 0xff,
    0x30, 0x28, 0x28, 0xff, 0x28, 0x28, 0x28, 0xff, 0x28, 0x28, 0x20, 0xff,
    0x28, 0x28, 0x28, 0xff, 0x28, 0x28, 0x28, 0xff, 0x28, 0x28, 0x20, 0xff,
    0x28, 0x28, 0x28, 0xff, 0x30, 0x28, 0x28, 0xff, 0x28, 0x28, 0x28, 0xff,
    0x28, 0x28, 0x28, 0xff, 0x28, 0x28, 0x28, 0xff, 0x28, 0x28, 0x28, 0xff,
    0x28, 0x24, 0x28, 0xff, 0x28, 0x28, 0x28, 0xff, 0x28, 0x28, 0x28, 0xff,
    0x28, 0x24, 0x20, 0xff, 0x28, 0x24, 0x28, 0xff, 0x28, 0x28, 0x28, 0xff,
    0x28, 0x24, 0x20, 0xff, 0x28, 0x28, 0x28, 0xff, 0x28, 0x24, 0x20, 0xff,
    0x28, 0x24, 0x20, 0xff, 0x28, 0x24, 0x28, 0xff, 0x28, 0x24, 0x20, 0xff,
    0x28, 0x28, 0x28, 0xff, 0x28, 0x24, 0x28, 0xff, 0x28, 0x24, 0x28, 0xff,
    0x28, 0x28, 0x20, 0xff, 0x28, 0x24, 0x28, 0xff, 0x28, 0x28, 0x20, 0xff,
    0x28, 0x24, 0x20, 0xff, 0x28, 0x24, 0x28, 0xff, 0x28, 0x28, 0x28, 0xff,
    0x28, 0x24, 0x20, 0xff, 0x28, 0x24, 0x20, 0xff, 0x28, 0x28, 0x28, 0xff,
    0x28, 0x24, 0x28, 0xff, 0x28, 0x24, 0x20, 0xff, 0x28, 0x24, 0x28, 0xff,
    0x28, 0x28, 0x28, 0xff, 0x28, 0x28, 0x28, 0xff, 0x28, 0x24, 0x28, 0xff,
    0x28, 0x28, 0x20, 0xff, 0x28, 0x24, 0x20, 0xff, 0x28, 0x24, 0x20, 0xff,
    0x28, 0x24, 0x28, 0xff, 0x28, 0x24, 0x28, 0xff, 0x28, 0x28, 0x28, 0xff,
    0x28, 0x24, 0x20, 0xff, 0x28, 0x24, 0x28, 0xff, 0x28, 0x28, 0x28, 0xff,
    0x20, 0x24, 0x20, 0xff, 0x28, 0x24, 0x28, 0xff, 0x28, 0x24, 0x20, 0xff,
    0x28, 0x28, 0x20, 0xff, 0x28, 0x24, 0x28, 0xff, 0x28, 0x24, 0x20, 0xff,
    0x28, 0x24, 0x20, 0xff, 0x28, 0x24, 0x28, 0xff, 0x80, 0x80, 0x80, 0xff,
    0xf0, 0xf0, 0xf0, 0x41, 0xf8, 0xfc, 0xf8, 0x00, 0xf8, 0xfc, 0xf8, 0x00,
    0xf8, 0xfc, 0xf8, 0x00, 0xb0, 0xb4, 0xb0, 0xe7, 0x28, 0x2c, 0x28, 0xff,
    0x30, 0x2c, 0x30, 0xff, 0x30, 0x2c, 0x28, 0xff, 0x28, 0x2c, 0x28, 0xff,
    0x28, 0x2c, 0x30, 0xff, 0x30, 0x2c, 0x28, 0xff, 0x28, 0x28, 0x28, 0xff,
    0x30, 0x28, 0x28, 0xff, 0x28, 0x2c, 0x28, 0xff, 0x28, 0x2c, 0x28, 0xff,
    0x30, 0x2c, 0x28, 0xff, 0x28, 0x2c, 0x30, 0xff, 0x28, 0x28, 0x28, 0xff,
    0x30, 0x28, 0x28, 0xff, 0x28, 0x28, 0x28, 0xff, 0x30, 0x28, 0x28, 0xff,
    0x28, 0x2c, 0x28, 0xff, 0x30, 0x2c, 0x28, 0xff, 0x28, 0x28, 0x28, 0xff,
    0x30, 0x2c, 0x28, 0xff, 0x30, 0x2c, 0x28, 0xff, 0x30, 0x28, 0x28, 0xff,
    0x28, 0x28, 0x28, 0xff, 0x28, 0x2c, 0x28, 0xff, 0x28, 0x28, 0x28, 0xff,
    0x30, 0x2c, 0x28, 0xff, 0x28, 0x2c, 0x28, 0xff, 0x28, 0x28, 0x28, 0xff,
    0x30, 0x28, 0x28, 0xff, 0x28, 0x28, 0x28, 0xff, 0x30, 0x2c, 0x28, 0xff,
    0x28, 0x28, 0x28, 0xff, 0x28, 0x28, 0x28, 0xff, 0x28, 0x28, 0x28, 0xff,
    0x30, 0x28, 0x28, 0xff, 0x28, 0x2c, 0x28, 0xff, 0x30, 0x28, 0x28, 0xff,
    0x28, 0x2c, 0x28, 0xff, 0x28, 0x28, 0x28, 0xff, 0x30, 0x28, 0x28, 0xff,
    0x30, 0x2c, 0x30, 0xff, 0x28, 0x28, 0x28, 0xff, 0x28, 0x28, 0x28, 0xff,
    0x28, 0x28, 0x28, 0xff, 0x30, 0x28, 0x28, 0xff, 0x28, 0x28, 0x28, 0xff,
    0x28, 0x28, 0x28, 0xff, 0x30, 0x28, 0x28, 0xff, 0x28, 0x28, 0x28, 0xff,
    0x30, 0x28, 0x28, 0xff, 0x28, 0x28, 0x28, 0xff, 0x28, 0x28, 0x28, 0xff,
    0x30, 0x2c, 0x28, 0xff, 0x28, 0x28, 0x28, 0xff, 0x28, 0x28, 0x28, 0xff,
    0x28, 0x28, 0x28, 0xff, 0x28, 0x28, 0x28, 0xff, 0x28, 0x28, 0x28, 0xff,
    0x28, 0x28, 0x28, 0xff, 0x30, 0x28, 0x28, 0xff, 0x28, 0x28, 0x28, 0xff,
    0x28, 0x28, 0x28, 0xff, 0x28, 0x28, 0x28, 0xff, 0x28, 0x28, 0x28, 0xff,
    0x28, 0x28, 0x20, 0xff, 0x28, 0x28, 0x28, 0xff, 0x28, 0x28, 0x28, 0xff,
    0x28, 0x28, 0x20, 0xff, 0x30, 0x28, 0x28, 0xff, 0x28, 0x28, 0x28, 0xff,
    0x30, 0x28, 0x28, 0xff, 0x28, 0x28, 0x28, 0xff, 0x28, 0x28, 0x20, 0xff,
    0x28, 0x28, 0x28, 0xff, 0x30, 0x28, 0x28, 0xff, 0x28, 0x28, 0x28, 0xff,
    0x28, 0x28, 0x20, 0xff, 0x28, 0x28, 0x28, 0xff, 0x28, 0x28, 0x28, 0xff,
    0x28, 0x24, 0x28, 0xff, 0x28, 0x28, 0x28, 0xff, 0x30, 0x28, 0x28, 0xff,
    0x28, 0x24, 0x20, 0xff, 0x28, 0x28, 0x28, 0xff, 0x28, 0x28, 0x28, 0xff,
    0x28, 0x24, 0x20, 0xff, 0x28, 0x28, 0x28, 0xff, 0x28, 0x28, 0x20, 0xff,
    0x30, 0x28, 0x28, 0xff, 0x28, 0x28, 0x28, 0xff, 0x28, 0x28, 0x20, 0xff,
    0x28, 0x24, 0x20, 0xff, 0x28, 0x28, 0x28, 0xff, 0x28, 0x28, 0x28, 0xff,
    0x28, 0x24, 0x20, 0xff, 0x28, 0x24, 0x20, 0xff, 0x28, 0x24, 0x28, 0xff,
    0x28, 0x28, 0x28, 0xff, 0x28, 0x28, 0x28, 0xff, 0x28, 0x24, 0x28, 0xff,
    0x28, 0x28, 0x20, 0xff, 0x28, 0x28, 0x28, 0xff, 0x28, 0x24, 0x20, 0xff,
    0x28, 0x28, 0x20, 0xff, 0x28, 0x28, 0x28, 0xff, 0x28, 0x24, 0x28, 0xff,
    0x28, 0x28, 0x28, 0xff, 0x28, 0x24, 0x28, 0xff, 0x28, 0x28, 0x20, 0xff,
    0x28, 0x28, 0x28, 0xff, 0x28, 0x24, 0x28, 0xff, 0x28, 0x24, 0x20, 0xff,
    0x28, 0x28, 0x28, 0xff, 0x28, 0x24, 0x28, 0xff, 0x28, 0x28, 0x20, 0xff,
    0x28, 0x24, 0x20, 0xff, 0x28, 0x24, 0x28, 0xff, 0x28, 0x28, 0x28, 0xff,
    0x28, 0x24, 0x28, 0xff, 0x28, 0x24, 0x20, 0xff, 0x28, 0x24, 0x28, 0xff,
    0x28, 0x24, 0x28, 0xff, 0x28, 0x28, 0x28, 0xff, 0x28, 0x28, 0x20, 0xff,
    0x28, 0x28, 0x28, 0xff, 0x28, 0x24, 0x20, 0xff, 0x28, 0x28, 0x28, 0xff,
    0x28, 0x24, 0x20, 0xff, 0x28, 0x28, 0x28, 0xff, 0x28, 0x28, 0x28, 0xff,
    0x28, 0x24, 0x20, 0xff, 0x28, 0x24, 0x28, 0xff, 0x20, 0x28, 0x20, 0xff,
    0x28, 0x24, 0x28, 0xff, 0x28, 0x28, 0x28, 0xff, 0x20, 0x28, 0x20, 0xff,
    0x28, 0x24, 0x20, 0xff, 0x80, 0x80, 0x80, 0xff, 0xf0, 0xf4, 0xf0, 0x41,
    0xf8, 0xfc, 0xf8, 0x00, 0xf8, 0xfc, 0xf8, 0x00, 0xf8, 0xfc, 0xf8, 0x00,
    0xb8, 0xb4, 0xb0, 0xe7, 0x30, 0x2c, 0x28, 0xff, 0x28, 0x2c, 0x28, 0xff,
    0x28, 0x28, 0x28, 0xff, 0x30, 0x2c, 0x28, 0xff, 0x30, 0x2c, 0x28, 0xff,
    0x30, 0x2c, 0x30, 0xff, 0x28, 0x2c, 0x28, 0xff, 0x30, 0x2c, 0x28, 0xff,
    0x30, 0x28, 0x28, 0xff, 0x28, 0x2c, 0x30, 0xff, 0x30, 0x28, 0x28, 0xff,
    0x28, 0x2c, 0x28, 0xff, 0x30, 0x2c, 0x28, 0xff, 0x28, 0x2c, 0x28, 0xff,
    0x30, 0x28, 0x28, 0xff, 0x28, 0x2c, 0x28, 0xff, 0x30, 0x2c, 0x30, 0xff,
    0x28, 0x28, 0x28, 0xff, 0x30, 0x2c, 0x30, 0xff, 0x28, 0x28, 0x28, 0xff,
    0x28, 0x2c, 0x28, 0xff, 0x30, 0x2c, 0x28, 0xff, 0x30, 0x28, 0x28, 0xff,
    0x28, 0x2c, 0x28, 0xff, 0x28, 0x28, 0x28, 0xff, 0x30, 0x28, 0x28, 0xff,
    0x30, 0x2c, 0x28, 0xff, 0x28, 0x28, 0x28, 0xff, 0x30, 0x2c, 0x30, 0xff,
    0x28, 0x2c, 0x28, 0xff, 0x28, 0x28, 0x28, 0xff, 0x30, 0x28, 0x28, 0xff,
    0x28, 0x2c, 0x28, 0xff, 0x30, 0x2c, 0x28, 0xff, 0x28, 0x28, 0x28, 0xff,
    0x28, 0x28, 0x28, 0xff, 0x30, 0x28, 0x28, 0xff, 0x28, 0x28, 0x28, 0xff,
    0x28, 0x2c, 0x28, 0xff, 0x30, 0x28, 0x28, 0xff, 0x28, 0x2c, 0x28, 0xff,
    0x28, 0x28, 0x28, 0xff, 0x30, 0x28, 0x28, 0xff, 0x28, 0x28, 0x28, 0xff,
    0x28, 0x2c, 0x28, 0xff, 0x28, 0x28, 0x28, 0xff, 0x30, 0x28, 0x28, 0xff,
    0x28, 0x2c, 0x28, 0xff, 0x28, 0x28, 0x28, 0xff, 0x28, 0x28, 0x28, 0xff,
    0x28, 0x28, 0x28, 0xff, 0x28, 0x28, 0x28, 0xff, 0x28, 0x28, 0x28, 0xff,
    0x30, 0x28, 0x28, 0xff, 0x30, 0x28, 0x28, 0xff, 0x28, 0x28, 0x28, 0xff,
    0x28, 0x28, 0x28, 0xff, 0x30, 0x28, 0x28, 0xff, 0x28, 0x28, 0x28, 0xff,
    0x28, 0x28, 0x28, 0xff, 0x30, 0x28, 0x28, 0xff, 0x28, 0x28, 0x28, 0xff,
    0x28, 0x28, 0x28, 0xff, 0x30, 0x28, 0x28, 0xff, 0x28, 0x28, 0x28, 0xff,
    0x28, 0x28, 0x28, 0xff, 0x28, 0x28, 0x28, 0xff, 0x30, 0x28, 0x28, 0xff,
    0x28, 0x28, 0x28, 0xff, 0x28, 0x28, 0x28, 0xff, 0x28, 0x28, 0x28, 0xff,
    0x30, 0x28, 0x28, 0xff, 0x28, 0x28, 0x28, 0xff, 0x28, 0x28, 0x28, 0xff,
    0x30, 0x28, 0x28, 0xff, 0x28, 0x28, 0x20, 0xff, 0x28, 0x28, 0x28, 0xff,
    0x28, 0x28, 0x28, 0xff, 0x30, 0x28, 0x28, 0xff, 0x28, 0x28, 0x28, 0xff,
    0x28, 0x28, 0x20, 0xff, 0x28, 0x28, 0x28, 0xff, 0x28, 0x24, 0x28, 0xff,
    0x28, 0x28, 0x28, 0xff, 0x28, 0x28, 0x28, 0xff, 0x28, 0x24, 0x20, 0xff,
    0x28, 0x28, 0x28, 0xff, 0x28, 0x24, 0x28, 0xff, 0x28, 0x24, 0x20, 0xff,
    0x28, 0x28, 0x28, 0xff, 0x28, 0x28, 0x28, 0xff, 0x28, 0x28, 0x28, 0xff,
    0x30, 0x28, 0x28, 0xff, 0x28, 0x28, 0x28, 0xff, 0x28, 0x28, 0x28, 0xff,
    0x28, 0x28, 0x28, 0xff, 0x28, 0x28, 0x28, 0xff, 0x28, 0x24, 0x20, 0xff,
    0x28, 0x28, 0x28, 0xff, 0x28, 0x28, 0x28, 0xff, 0x28, 0x24, 0x28, 0xff,
    0x28, 0x28, 0x28, 0xff, 0x28, 0x24, 0x20, 0xff, 0x28, 0x24, 0x28, 0xff,
    0x28, 0x28, 0x28, 0xff, 0x28, 0x24, 0x20, 0xff, 0x28, 0x28, 0x20, 0xff,
    0x28, 0x24, 0x28, 0xff, 0x28, 0x24, 0x28, 0xff, 0x28, 0x28, 0x20, 0xff,
    0x28, 0x28, 0x28, 0xff, 0x28, 0x24, 0x28, 0xff, 0x28, 0x28, 0x28, 0xff,
    0x28, 0x24, 0x20, 0xff, 0x28, 0x28, 0x28, 0xff, 0x28, 0x28, 0x28, 0xff,
    0x28, 0x24, 0x20, 0xff, 0x28, 0x28, 0x20, 0xff, 0x28, 0x28, 0x28, 0xff,
    0x28, 0x28, 0x20, 0xff, 0x28, 0x24, 0x20, 0xff, 0x28, 0x24, 0x28, 0xff,
    0x28, 0x24, 0x20, 0xff, 0x28, 0x28, 0x28, 0xff, 0x28, 0x24, 0x20, 0xff,
    0x28, 0x28, 0x28, 0xff, 0x28, 0x24, 0x28, 0xff, 0x28, 0x24, 0x20, 0xff,
    0x28, 0x24, 0x20, 0xff, 0x28, 0x24, 0x28, 0xff, 0x28, 0x24, 0x20, 0xff,
    0x28, 0x24, 0x28, 0xff, 0x28, 0x24, 0x20, 0xff, 0x28, 0x24, 0x20, 0xff,
    0x28, 0x24, 0x28, 0xff, 0x28, 0x24, 0x28, 0xff, 0x28, 0x24, 0x20, 0xff,
    0x80, 0x80, 0x80, 0xff, 0xf0, 0xf0, 0xf0, 0x41, 0xf8, 0xfc, 0xf8, 0x00,
    0xf8, 0xfc, 0xf8, 0x00, 0xf8, 0xfc, 0xf8, 0x00, 0xb8, 0xb4, 0xb8, 0xe7,
    0x30, 0x2c, 0x28, 0xff, 0x28, 0x28, 0x30, 0xff, 0x28, 0x2c, 0x28, 0xff,
    0x30, 0x28, 0x28, 0xff, 0x28, 0x28, 0x28, 0xff, 0x28, 0x28, 0x28, 0xff,
    0x30, 0x2c, 0x30, 0xff, 0x28, 0x2c, 0x28, 0xff, 0x28, 0x2c, 0x28, 0xff,
    0x30, 0x2c, 0x30, 0xff, 0x28, 0x28, 0x28, 0xff, 0x30, 0x28, 0x28, 0xff,
    0x30, 0x2c, 0x30, 0xff, 0x28, 0x28, 0x28, 0xff, 0x28, 0x2c, 0x28, 0xff,
    0x30, 0x28, 0x28, 0xff, 0x28, 0x28, 0x28, 0xff, 0x30, 0x2c, 0x28, 0xff,
    0x28, 0x28, 0x28, 0xff, 0x28, 0x28, 0x28, 0xff, 0x30, 0x2c, 0x28, 0xff,
    0x28, 0x28, 0x30, 0xff, 0x28, 0x2c, 0x28, 0xff, 0x30, 0x2c, 0x28, 0xff,
    0x28, 0x28, 0x28, 0xff, 0x28, 0x28, 0x30, 0xff, 0x28, 0x2c, 0x28, 0xff,
    0x30, 0x28, 0x28, 0xff, 0x28, 0x28, 0x28, 0xff, 0x28, 0x28, 0x28, 0xff,
    0x30, 0x2c, 0x28, 0xff, 0x28, 0x28, 0x28, 0xff, 0x30, 0x28, 0x28, 0xff,
    0x28, 0x28, 0x28, 0xff, 0x28, 0x28, 0x28, 0xff, 0x30, 0x2c, 0x28, 0xff,
    0x28, 0x28, 0x28, 0xff, 0x30, 0x28, 0x28, 0xff, 0x28, 0x28, 0x28, 0xff,
    0x28, 0x28, 0x28, 0xff, 0x28, 0x28, 0x28, 0xff, 0x30, 0x2c, 0x28, 0xff,
    0x28, 0x28, 0x28, 0xff, 0x30, 0x28, 0x28, 0xff, 0x28, 0x2c, 0x28, 0xff,
    0x30, 0x28, 0x28, 0xff, 0x28, 0x28, 0x28, 0xff, 0x28, 0x28, 0x28, 0xff,
    0x30, 0x2c, 0x28, 0xff, 0x28, 0x28, 0x28, 0xff, 0x30, 0x28, 0x28, 0xff,
    0x30, 0x2c, 0x28, 0xff, 0x28, 0x28, 0x28, 0xff, 0x28, 0x28, 0x28, 0xff,
    0x28, 0x28, 0x28, 0xff, 0x28, 0x2c, 0x28, 0xff, 0x30, 0x28, 0x28, 0xff,
    0x28, 0x28, 0x28, 0xff, 0x28, 0x28, 0x28, 0xff, 0x28, 0x28, 0x28, 0xff,
    0x28, 0x28, 0x20, 0xff, 0x30, 0x28, 0x28, 0xff, 0x28, 0x28, 0x28, 0xff,
    0x28, 0x28, 0x28, 0xff, 0x30, 0x28, 0x28, 0xff, 0x28, 0x28, 0x28, 0xff,
    0x28, 0x28, 0x20, 0xff, 0x28, 0x28, 0x28, 0xff, 0x28, 0x28, 0x28, 0xff,
    0x28, 0x28, 0x20, 0xff, 0x28, 0x28, 0x28, 0xff, 0x28, 0x28, 0x28, 0xff,
    0x28, 0x28, 0x28, 0xff, 0x28, 0x28, 0x28, 0xff, 0x28, 0x28, 0x20, 0xff,
    0x28, 0x28, 0x28, 0xff, 0x28, 0x28, 0x28, 0xff, 0x28, 0x28, 0x28, 0xff,
    0x28, 0x24, 0x20, 0xff, 0x28, 0x28, 0x28, 0xff, 0x28, 0x28, 0x28, 0xff,
    0x28, 0x28, 0x20, 0xff, 0x28, 0x28, 0x28, 0xff, 0x30, 0x28, 0x28, 0xff,
    0x28, 0x28, 0x28, 0xff, 0x28, 0x28, 0x28, 0xff, 0x30, 0x28, 0x28, 0xff,
    0x28, 0x28, 0x28, 0xff, 0x28, 0x28, 0x28, 0xff, 0x28, 0x24, 0x28, 0xff,
    0x28, 0x24, 0x20, 0xff, 0x28, 0x28, 0x28, 0xff, 0x28, 0x24, 0x20, 0xff,
    0x28, 0x28, 0x28, 0xff, 0x28, 0x24, 0x20, 0xff, 0x28, 0x28, 0x28, 0xff,
    0x30, 0x28, 0x28, 0xff, 0x28, 0x24, 0x20, 0xff, 0x28, 0x24, 0x20, 0xff,
    0x28, 0x28, 0x28, 0xff, 0x28, 0x28, 0x28, 0xff, 0x28, 0x28, 0x28, 0xff,
    0x28, 0x24, 0x20, 0xff, 0x28, 0x28, 0x28, 0xff, 0x28, 0x24, 0x28, 0xff,
    0x28, 0x28, 0x20, 0xff, 0x28, 0x24, 0x28, 0xff, 0x28, 0x28, 0x28, 0xff,
    0x28, 0x24, 0x20, 0xff, 0x28, 0x28, 0x28, 0xff, 0x28, 0x24, 0x20, 0xff,
    0x28, 0x28, 0x28, 0xff, 0x28, 0x24, 0x20, 0xff, 0x28, 0x24, 0x20, 0xff,
    0x28, 0x28, 0x28, 0xff, 0x28, 0x24, 0x28, 0xff, 0x28, 0x24, 0x20, 0xff,
    0x28, 0x24, 0x28, 0xff, 0x28, 0x28, 0x28, 0xff, 0x28, 0x24, 0x28, 0xff,
    0x28, 0x24, 0x20, 0xff, 0x28, 0x24, 0x20, 0xff, 0x28, 0x24, 0x28, 0xff,
    0x28, 0x24, 0x20, 0xff, 0x28, 0x24, 0x20, 0xff, 0x28, 0x24, 0x28, 0xff,
    0x20, 0x24, 0x20, 0xff, 0x28, 0x24, 0x28, 0xff, 0x28, 0x24, 0x20, 0xff,
    0x20, 0x28, 0x20, 0xff, 0x28, 0x24, 0x28, 0xff, 0x28, 0x24, 0x28, 0xff,
    0x28, 0x28, 0x20, 0xff, 0x28, 0x24, 0x20, 0xff, 0x20, 0x24, 0x28, 0xff,
    0x28, 0x24, 0x20, 0xff, 0x28, 0x24, 0x20, 0xff, 0x80, 0x80, 0x80, 0xff,
    0xf0, 0xf0, 0xf0, 0x41, 0xf8, 0xfc, 0xf8, 0x00, 0xf8, 0xfc, 0xf8, 0x00,
    0xf8, 0xfc, 0xf8, 0x00, 0xb0, 0xb4, 0xb0, 0xe7, 0x30, 0x2c, 0x28, 0xff,
    0x30, 0x2c, 0x30, 0xff, 0x28, 0x2c, 0x28, 0xff, 0x30, 0x2c, 0x30, 0xff,
    0x30, 0x2c, 0x28, 0xff, 0x28, 0x2c, 0x28, 0xff, 0x30, 0x2c, 0x28, 0xff,
    0x28, 0x2c, 0x30, 0xff, 0x30, 0x2c, 0x28, 0xff, 0x30, 0x2c, 0x28, 0xff,
    0x28, 0x2c, 0x28, 0xff, 0x28, 0x2c, 0x28, 0xff, 0x30, 0x2c, 0x28, 0xff,
    0x30, 0x28, 0x28, 0xff, 0x28, 0x2c, 0x28, 0xff, 0x30, 0x2c, 0x28, 0xff,
    0x28, 0x2c, 0x30, 0xff, 0x30, 0x2c, 0x28, 0xff, 0x30, 0x2c, 0x28, 0xff,
    0x28, 0x28, 0x28, 0xff, 0x28, 0x2c, 0x28, 0xff, 0x28, 0x28, 0x28, 0xff,
    0x30, 0x28, 0x28, 0xff, 0x28, 0x2c, 0x28, 0xff, 0x30, 0x2c, 0x28, 0xff,
    0x28, 0x28, 0x28, 0xff, 0x28, 0x28, 0x28, 0xff, 0x30, 0x2c, 0x28, 0xff,
    0x28, 0x2c, 0x28, 0xff, 0x30, 0x28, 0x28, 0xff, 0x28, 0x2c, 0x28, 0xff,
    0x28, 0x28, 0x28, 0xff, 0x30, 0x28, 0x28, 0xff, 0x28, 0x2c, 0x30, 0xff,
    0x30, 0x28, 0x28, 0xff, 0x28, 0x28, 0x28, 0xff, 0x28, 0x2c, 0x28, 0xff,
    0x30, 0x28, 0x28, 0xff, 0x28, 0x28, 0x28, 0xff, 0x28, 0x28, 0x28, 0xff,
    0x30, 0x28, 0x28, 0xff, 0x28, 0x28, 0x28, 0xff, 0x28, 0x28, 0x28, 0xff,
    0x30, 0x28, 0x28, 0xff, 0x28, 0x28, 0x28, 0xff, 0x28, 0x28, 0x28, 0xff,
    0x28, 0x28, 0x28, 0xff, 0x28, 0x28, 0x28, 0xff, 0x30, 0x28, 0x28, 0xff,
    0x28, 0x28, 0x28, 0xff, 0x28, 0x28, 0x28, 0xff, 0x28, 0x28, 0x28, 0xff,
    0x28, 0x28, 0x28, 0xff, 0x28, 0x28, 0x28, 0xff, 0x28, 0x28, 0x28, 0xff,
    0x30, 0x28, 0x28, 0xff, 0x28, 0x28, 0x28, 0xff, 0x28, 0x28, 0x28, 0xff,
    0x30, 0x28, 0x28, 0xff, 0x28, 0x28, 0x28, 0xff, 0x28, 0x28, 0x28, 0xff,
    0x28, 0x28, 0x28, 0xff, 0x28, 0x28, 0x28, 0xff, 0x28, 0x28, 0x20, 0xff,
    0x30, 0x28, 0x28, 0xff, 0x28, 0x28, 0x28, 0xff, 0x28, 0x28, 0x28, 0xff,
    0x30, 0x28, 0x28, 0xff, 0x28, 0x28, 0x20, 0xff, 0x30, 0x28, 0x28, 0xff,
    0x28, 0x28, 0x28, 0xff, 0x28, 0x28, 0x20, 0xff, 0x28, 0x28, 0x20, 0xff,
    0x30, 0x28, 0x28, 0xff, 0x28, 0x28, 0x28, 0xff, 0x28, 0x28, 0x28, 0xff,
    0x28, 0x24, 0x28, 0xff, 0x28, 0x28, 0x20, 0xff, 0x28, 0x28, 0x28, 0xff,
    0x28, 0x28, 0x28, 0xff, 0x30, 0x24, 0x28, 0xff, 0x28, 0x28, 0x28, 0xff,
    0x28, 0x28, 0x28, 0xff, 0x28, 0x28, 0x28, 0xff, 0x28, 0x24, 0x20, 0xff,
    0x28, 0x28, 0x28, 0xff, 0x28, 0x28, 0x20, 0xff, 0x28, 0x28, 0x28, 0xff,
    0x28, 0x28, 0x28, 0xff, 0x30, 0x28, 0x20, 0xff, 0x28, 0x28, 0x28, 0xff,
    0x28, 0x28, 0x28, 0xff, 0x28, 0x28, 0x28, 0xff, 0x28, 0x24, 0x20, 0xff,
    0x28, 0x28, 0x28, 0xff, 0x28, 0x28, 0x28, 0xff, 0x28, 0x28, 0x28, 0xff,
    0x28, 0x24, 0x28, 0xff, 0x28, 0x28, 0x28, 0xff, 0x28, 0x24, 0x20, 0xff,
    0x30, 0x28, 0x28, 0xff, 0x28, 0x28, 0x28, 0xff, 0x28, 0x28, 0x28, 0xff,
    0x28, 0x28, 0x28, 0xff, 0x28, 0x24, 0x20, 0xff, 0x28, 0x28, 0x28, 0xff,
    0x28, 0x28, 0x28, 0xff, 0x28, 0x24, 0x20, 0xff, 0x28, 0x28, 0x28, 0xff,
    0x28, 0x24, 0x28, 0xff, 0x28, 0x24, 0x20, 0xff, 0x28, 0x28, 0x28, 0xff,
    0x28, 0x28, 0x28, 0xff, 0x28, 0x24, 0x28, 0xff, 0x28, 0x24, 0x20, 0xff,
    0x28, 0x28, 0x28, 0xff, 0x28, 0x24, 0x28, 0xff, 0x28, 0x24, 0x20, 0xff,
    0x28, 0x28, 0x28, 0xff, 0x28, 0x24, 0x20, 0xff, 0x28, 0x28, 0x28, 0xff,
    0x28, 0x24, 0x28, 0xff, 0x28, 0x28, 0x28, 0xff, 0x28, 0x28, 0x28, 0xff,
    0x28, 0x24, 0x20, 0xff, 0x28, 0x24, 0x28, 0xff, 0x28, 0x28, 0x20, 0xff,
    0x28, 0x24, 0x28, 0xff, 0x28, 0x24, 0x28, 0xff, 0x28, 0x28, 0x20, 0xff,
    0x28, 0x24, 0x28, 0xff, 0x28, 0x24, 0x20, 0xff, 0x20, 0x28, 0x28, 0xff,
    0x28, 0x24, 0x28, 0xff, 0x28, 0x24, 0x20, 0xff, 0x20, 0x24, 0x20, 0xff,
    0x28, 0x28, 0x28, 0xff, 0x80, 0x80, 0x80, 0xff, 0xf0, 0xf4, 0xf0, 0x41,
    0xf8, 0xfc, 0xf8, 0x00, 0xf8, 0xfc, 0xf8, 0x00, 0xf8, 0xfc, 0xf8, 0x00,
    0xb8, 0xb4, 0xb0, 0xe7, 0x28, 0x2c, 0x28, 0xff, 0x28, 0x28, 0x28, 0xff,
    0x30, 0x2c, 0x28, 0xff, 0x28, 0x2c, 0x28, 0xff, 0x30, 0x28, 0x28, 0xff,
    0x28, 0x28, 0x28, 0xff, 0x30, 0x2c, 0x28, 0xff, 0x28, 0x28, 0x28, 0xff,
    0x28, 0x28, 0x28, 0xff, 0x30, 0x2c, 0x28, 0xff, 0x30, 0x28, 0x28, 0xff,
    0x28, 0x28, 0x28, 0xff, 0x28, 0x2c, 0x28, 0xff, 0x30, 0x2c, 0x30, 0xff,
    0x28, 0x28, 0x28, 0xff, 0x28, 0x28, 0x28, 0xff, 0x30, 0x28, 0x28, 0xff,
    0x28, 0x2c, 0x28, 0xff, 0x28, 0x28, 0x28, 0xff, 0x30, 0x2c, 0x30, 0xff,
    0x30, 0x2c, 0x28, 0xff, 0x28, 0x28, 0x28, 0xff, 0x30, 0x28, 0x28, 0xff,
    0x30, 0x2c, 0x30, 0xff, 0x30, 0x28, 0x28, 0xff, 0x28, 0x28, 0x28, 0xff,
    0x30, 0x2c, 0x28, 0xff, 0x28, 0x28, 0x28, 0xff, 0x30, 0x2c, 0x28, 0xff,
    0x30, 0x2c, 0x30, 0xff, 0x28, 0x28, 0x28, 0xff, 0x28, 0x2c, 0x28, 0xff,
    0x30, 0x2c, 0x28, 0xff, 0x28, 0x2c, 0x28, 0xff, 0x28, 0x2c, 0x28, 0xff,
    0x30, 0x28, 0x28, 0xff, 0x28, 0x28, 0x28, 0xff, 0x28, 0x2c, 0x28, 0xff,
    0x28, 0x2c, 0x28, 0xff, 0x30, 0x28, 0x28, 0xff, 0x28, 0x2c, 0x28, 0xff,
    0x28, 0x28, 0x28, 0xff, 0x28, 0x2c, 0x28, 0xff, 0x30, 0x2c, 0x28, 0xff,
    0x28, 0x28, 0x28, 0xff, 0x30, 0x28, 0x28, 0xff, 0x30, 0x2c, 0x28, 0xff,
    0x28, 0x28, 0x28, 0xff, 0x28, 0x28, 0x28, 0xff, 0x28, 0x28, 0x28, 0xff,
    0x28, 0x2c, 0x28, 0xff, 0x30, 0x28, 0x28, 0xff, 0x28, 0x28, 0x28, 0xff,
    0x28, 0x28, 0x28, 0xff, 0x30, 0x28, 0x28, 0xff, 0x28, 0x28, 0x28, 0xff,
    0x28, 0x28, 0x28, 0xff, 0x28, 0x2c, 0x28, 0xff, 0x28, 0x28, 0x28, 0xff,
    0x30, 0x28, 0x28, 0xff, 0x28, 0x28, 0x28, 0xff, 0x28, 0x28, 0x28, 0xff,
    0x30, 0x28, 0x28, 0xff, 0x28, 0x28, 0x28, 0xff, 0x28, 0x28, 0x28, 0xff,
    0x28, 0x28, 0x28, 0xff, 0x28, 0x28, 0x28, 0xff, 0x28, 0x28, 0x28, 0xff,
    0x28, 0x28, 0x28, 0xff, 0x28, 0x28, 0x28, 0xff, 0x30, 0x28, 0x28, 0xff,
    0x28, 0x28, 0x28, 0xff, 0x28, 0x28, 0x28, 0xff, 0x28, 0x28, 0x28, 0xff,
    0x30, 0x28, 0x28, 0xff, 0x28, 0x28, 0x28, 0xff, 0x28, 0x28, 0x20, 0xff,
    0x30, 0x28, 0x28, 0xff, 0x28, 0x28, 0x28, 0xff, 0x28, 0x28, 0x28, 0xff,
    0x28, 0x28, 0x20, 0xff, 0x28, 0x24, 0x28, 0xff, 0x28, 0x28, 0x28, 0xff,
    0x28, 0x28, 0x20, 0xff, 0x28, 0x28, 0x28, 0xff, 0x28, 0x24, 0x28, 0xff,
    0x28, 0x28, 0x28, 0xff, 0x28, 0x24, 0x20, 0xff, 0x28, 0x24, 0x28, 0xff,
    0x28, 0x24, 0x20, 0xff, 0x28, 0x28, 0x28, 0xff, 0x28, 0x24, 0x28, 0xff,
    0x28, 0x24, 0x20, 0xff, 0x28, 0x24, 0x28, 0xff, 0x28, 0x28, 0x28, 0xff,
    0x28, 0x24, 0x20, 0xff, 0x28, 0x24, 0x20, 0xff, 0x28, 0x28, 0x28, 0xff,
    0x28, 0x28, 0x28, 0xff, 0x28, 0x28, 0x28, 0xff, 0x28, 0x28, 0x20, 0xff,
    0x28, 0x24, 0x20, 0xff, 0x28, 0x24, 0x28, 0xff, 0x28, 0x24, 0x20, 0xff,
    0x28, 0x28, 0x28, 0xff, 0x28, 0x24, 0x20, 0xff, 0x28, 0x24, 0x28, 0xff,
    0x28, 0x28, 0x20, 0xff, 0x28, 0x28, 0x28, 0xff, 0x28, 0x24, 0x28, 0xff,
    0x28, 0x28, 0x20, 0xff, 0x28, 0x24, 0x28, 0xff, 0x28, 0x28, 0x28, 0xff,
    0x28, 0x24, 0x20, 0xff, 0x28, 0x28, 0x28, 0xff, 0x28, 0x28, 0x20, 0xff,
    0x28, 0x24, 0x28, 0xff, 0x28, 0x24, 0x20, 0xff, 0x28, 0x24, 0x20, 0xff,
    0x28, 0x24, 0x28, 0xff, 0x28, 0x24, 0x20, 0xff, 0x28, 0x24, 0x20, 0xff,
    0x28, 0x24, 0x20, 0xff, 0x20, 0x24, 0x28, 0xff, 0x28, 0x24, 0x28, 0xff,
    0x28, 0x28, 0x20, 0xff, 0x28, 0x24, 0x20, 0xff, 0x28, 0x24, 0x28, 0xff,
    0x28, 0x24, 0x20, 0xff, 0x28, 0x24, 0x28, 0xff, 0x28, 0x24, 0x20, 0xff,
    0x28, 0x24, 0x20, 0xff, 0x28, 0x24, 0x28, 0xff, 0x28, 0x28, 0x28, 0xff,
    0x28, 0x24, 0x20, 0xff, 0x28, 0x24, 0x20, 0xff, 0x28, 0x24, 0x28, 0xff,
    0x80, 0x80, 0x80, 0xff, 0xf0, 0xf0, 0xf0, 0x41, 0xf8, 0xfc, 0xf8, 0x00,
    0xf8, 0xfc, 0xf8, 0x00, 0xf8, 0xfc, 0xf8, 0x00, 0xb8, 0xb4, 0xb8, 0xe7,
    0x28, 0x2c, 0x28, 0xff, 0x30, 0x28, 0x28, 0xff, 0x30, 0x2c, 0x30, 0xff,
    0x30, 0x2c, 0x28, 0xff, 0x28, 0x28, 0x28, 0xff, 0x30, 0x28, 0x30, 0xff,
    0x28, 0x2c, 0x28, 0xff, 0x30, 0x2c, 0x28, 0xff, 0x28, 0x28, 0x28, 0xff,
    0x28, 0x2c, 0x30, 0xff, 0x30, 0x28, 0x28, 0xff, 0x30, 0x2c, 0x30, 0xff,
    0x28, 0x28, 0x28, 0xff, 0x28, 0x28, 0x28, 0xff, 0x30, 0x2c, 0x28, 0xff,
    0x30, 0x28, 0x28, 0xff, 0x28, 0x2c, 0x28, 0xff, 0x28, 0x28, 0x28, 0xff,
    0x30, 0x28, 0x28, 0xff, 0x30, 0x2c, 0x28, 0xff, 0x28, 0x28, 0x28, 0xff,
    0x28, 0x28, 0x28, 0xff, 0x28, 0x2c, 0x28, 0xff, 0x28, 0x28, 0x28, 0xff,
    0x28, 0x2c, 0x28, 0xff, 0x28, 0x28, 0x28, 0xff, 0x30, 0x2c, 0x28, 0xff,
    0x28, 0x28, 0x28, 0xff, 0x28, 0x28, 0x28, 0xff, 0x30, 0x28, 0x28, 0xff,
    0x28, 0x2c, 0x28, 0xff, 0x30, 0x28, 0x28, 0xff, 0x28, 0x28, 0x28, 0xff,
    0x28, 0x28, 0x28, 0xff, 0x30, 0x28, 0x28, 0xff, 0x28, 0x2c, 0x28, 0xff,
    0x30, 0x28, 0x28, 0xff, 0x28, 0x28, 0x28, 0xff, 0x28, 0x28, 0x28, 0xff,
    0x30, 0x28, 0x28, 0xff, 0x28, 0x28, 0x28, 0xff, 0x28, 0x28, 0x28, 0xff,
    0x28, 0x28, 0x28, 0xff, 0x30, 0x28, 0x28, 0xff, 0x28, 0x28, 0x28, 0xff,
    0x28, 0x2c, 0x28, 0xff, 0x28, 0x28, 0x28, 0xff, 0x30, 0x28, 0x28, 0xff,
    0x28, 0x2c, 0x28, 0xff, 0x28, 0x28, 0x28, 0xff, 0x30, 0x28, 0x28, 0xff,
    0x30, 0x28, 0x28, 0xff, 0x28, 0x2c, 0x28, 0xff, 0x30, 0x28, 0x28, 0xff,
    0x28, 0x28, 0x28, 0xff, 0x28, 0x28, 0x28, 0xff, 0x30, 0x28, 0x28, 0xff,
    0x28, 0x28, 0x28, 0xff, 0x28, 0x28, 0x20, 0xff, 0x28, 0x28, 0x28, 0xff,
    0x30, 0x28, 0x28, 0xff, 0x28, 0x28, 0x20, 0xff, 0x28, 0x28, 0x28, 0xff,
    0x28, 0x28, 0x20, 0xff, 0x28, 0x28, 0x28, 0xff, 0x30, 0x28, 0x28, 0xff,
    0x28, 0x28, 0x28, 0xff, 0x28, 0x28, 0x20, 0xff, 0x28, 0x28, 0x28, 0xff,
    0x28, 0x28, 0x28, 0xff, 0x28, 0x28, 0x28, 0xff, 0x28, 0x28, 0x28, 0xff,
    0x28, 0x28, 0x28, 0xff, 0x28, 0x28, 0x20, 0xff, 0x28, 0x24, 0x28, 0xff,
    0x28, 0x28, 0x28, 0xff, 0x28, 0x28, 0x28, 0xff, 0x30, 0x28, 0x28, 0xff,
    0x28, 0x24, 0x28, 0xff, 0x28, 0x28, 0x20, 0xff, 0x28, 0x28, 0x28, 0xff,
    0x28, 0x28, 0x28, 0xff, 0x30, 0x24, 0x20, 0xff, 0x28, 0x28, 0x28, 0xff,
    0x28, 0x28, 0x28, 0xff, 0x28, 0x28, 0x28, 0xff, 0x28, 0x28, 0x28, 0xff,
    0x28, 0x28, 0x28, 0xff, 0x28, 0x28, 0x28, 0xff, 0x28, 0x28, 0x28, 0xff,
    0x28, 0x28, 0x28, 0xff, 0x28, 0x28, 0x28, 0xff, 0x28, 0x24, 0x20, 0xff,
    0x28, 0x28, 0x28, 0xff, 0x28, 0x28, 0x28, 0xff, 0x28, 0x24, 0x20, 0xff,
    0x28, 0x28, 0x28, 0xff, 0x28, 0x28, 0x20, 0xff, 0x28, 0x24, 0x28, 0xff,
    0x28, 0x28, 0x28, 0xff, 0x28, 0x28, 0x28, 0xff, 0x28, 0x24, 0x20, 0xff,
    0x28, 0x28, 0x28, 0xff, 0x28, 0x28, 0x28, 0xff, 0x28, 0x24, 0x20, 0xff,
    0x28, 0x28, 0x28, 0xff, 0x28, 0x24, 0x28, 0xff, 0x28, 0x24, 0x20, 0xff,
    0x28, 0x28, 0x28, 0xff, 0x28, 0x28, 0x28, 0xff, 0x28, 0x24, 0x20, 0xff,
    0x28, 0x24, 0x20, 0xff, 0x28, 0x28, 0x28, 0xff, 0x28, 0x24, 0x20, 0xff,
    0x28, 0x24, 0x20, 0xff, 0x28, 0x28, 0x28, 0xff, 0x28, 0x28, 0x28, 0xff,
    0x28, 0x24, 0x20, 0xff, 0x28, 0x28, 0x28, 0xff, 0x28, 0x24, 0x28, 0xff,
    0x28, 0x28, 0x28, 0xff, 0x28, 0x24, 0x20, 0xff, 0x28, 0x28, 0x20, 0xff,
    0x28, 0x24, 0x28, 0xff, 0x28, 0x24, 0x20, 0xff, 0x28, 0x24, 0x28, 0xff,
    0x20, 0x28, 0x28, 0xff, 0x28, 0x24, 0x20, 0xff, 0x28, 0x28, 0x20, 0xff,
    0x20, 0x24, 0x28, 0xff, 0x28, 0x28, 0x28, 0xff, 0x20, 0x24, 0x20, 0xff,
    0x28, 0x24, 0x20, 0xff, 0x28, 0x24, 0x28, 0xff, 0x28, 0x24, 0x28, 0xff,
    0x28, 0x24, 0x20, 0xff, 0x20, 0x24, 0x20, 0xff, 0x80, 0x80, 0x80, 0xff,
    0xf0, 0xf0, 0xf0, 0x41, 0xf8, 0xfc, 0xf8, 0x00, 0xf8, 0xfc, 0xf8, 0x00,
    0xf8, 0xfc, 0xf8, 0x00, 0xb8, 0xb4, 0xb0, 0xe7, 0x28, 0x2c, 0x28, 0xff,
    0x30, 0x2c, 0x30, 0xff, 0x28, 0x2c, 0x28, 0xff, 0x28, 0x28, 0x28, 0xff,
    0x30, 0x2c, 0x30, 0xff, 0x28, 0x2c, 0x28, 0xff, 0x30, 0x28, 0x28, 0xff,
    0x30, 0x2c, 0x30, 0xff, 0x30, 0x2c, 0x28, 0xff, 0x28, 0x28, 0x28, 0xff,
    0x28, 0x2c, 0x28, 0xff, 0x28, 0x2c, 0x28, 0xff, 0x30, 0x28, 0x28, 0xff,
    0x30, 0x2c, 0x28, 0xff, 0x28, 0x2c, 0x28, 0xff, 0x30, 0x2c, 0x30, 0xff,
    0x28, 0x28, 0x28, 0xff, 0x30, 0x2c, 0x28, 0xff, 0x28, 0x2c, 0x28, 0xff,
    0x28, 0x28, 0x28, 0xff, 0x30, 0x2c, 0x28, 0xff, 0x30, 0x2c, 0x28, 0xff,
    0x30, 0x28, 0x28, 0xff, 0x28, 0x2c, 0x28, 0xff, 0x28, 0x28, 0x28, 0xff,
    0x30, 0x2c, 0x28, 0xff, 0x28, 0x28, 0x30, 0xff, 0x30, 0x2c, 0x28, 0xff,
    0x28, 0x28, 0x28, 0xff, 0x28, 0x2c, 0x28, 0xff, 0x30, 0x28, 0x28, 0xff,
    0x28, 0x28, 0x30, 0xff, 0x28, 0x2c, 0x28, 0xff, 0x30, 0x28, 0x28, 0xff,
    0x28, 0x28, 0x28, 0xff, 0x28, 0x28, 0x28, 0xff, 0x30, 0x28, 0x28, 0xff,
    0x30, 0x28, 0x28, 0xff, 0x28, 0x28, 0x28, 0xff, 0x28, 0x2c, 0x28, 0xff,
    0x30, 0x28, 0x28, 0xff, 0x28, 0x28, 0x28, 0xff, 0x28, 0x28, 0x28, 0xff,
    0x30, 0x28, 0x28, 0xff, 0x28, 0x28, 0x28, 0xff, 0x28, 0x28, 0x28, 0xff,
    0x28, 0x28, 0x28, 0xff, 0x28, 0x28, 0x28, 0xff, 0x30, 0x28, 0x28, 0xff,
    0x28, 0x28, 0x28, 0xff, 0x28, 0x28, 0x28, 0xff, 0x28, 0x28, 0x28, 0xff,
    0x28, 0x28, 0x28, 0xff, 0x28, 0x2c, 0x28, 0xff, 0x28, 0x28, 0x28, 0xff,
    0x28, 0x28, 0x28, 0xff, 0x28, 0x28, 0x28, 0xff, 0x30, 0x28, 0x28, 0xff,
    0x28, 0x28, 0x28, 0xff, 0x28, 0x28, 0x28, 0xff, 0x28, 0x28, 0x28, 0xff,
    0x30, 0x28, 0x28, 0xff, 0x28, 0x28, 0x28, 0xff, 0x28, 0x28, 0x28, 0xff,
    0x30, 0x28, 0x28, 0xff, 0x28, 0x28, 0x28, 0xff, 0x28, 0x28, 0x28, 0xff,
    0x30, 0x28, 0x28, 0xff, 0x30, 0x28, 0x28, 0xff, 0x28, 0x28, 0x28, 0xff,
    0x28, 0x28, 0x20, 0xff, 0x30, 0x28, 0x28, 0xff, 0x28, 0x28, 0x28, 0xff,
    0x28, 0x28, 0x20, 0xff, 0x28, 0x28, 0x28, 0xff, 0x28, 0x24, 0x28, 0xff,
    0x28, 0x28, 0x20, 0xff, 0x28, 0x28, 0x28, 0xff, 0x28, 0x28, 0x28, 0xff,
    0x28, 0x24, 0x28, 0xff, 0x28, 0x28, 0x28, 0xff, 0x28, 0x28, 0x28, 0xff,
    0x28, 0x28, 0x28, 0xff, 0x28, 0x24, 0x28, 0xff, 0x28, 0x28, 0x20, 0xff,
    0x30, 0x28, 0x20, 0xff, 0x28, 0x24, 0x28, 0xff, 0x28, 0x24, 0x20, 0xff,
    0x28, 0x28, 0x28, 0xff, 0x28, 0x28, 0x28, 0xff, 0x28, 0x24, 0x20, 0xff,
    0x28, 0x28, 0x28, 0xff, 0x28, 0x28, 0x20, 0xff, 0x28, 0x28, 0x28, 0xff,
    0x30, 0x28, 0x28, 0xff, 0x28, 0x24, 0x28, 0xff, 0x28, 0x28, 0x28, 0xff,
    0x28, 0x24, 0x20, 0xff, 0x28, 0x24, 0x20, 0xff, 0x28, 0x28, 0x28, 0xff,
    0x28, 0x28, 0x28, 0xff, 0x28, 0x28, 0x28, 0xff, 0x28, 0x24, 0x20, 0xff,
    0x28, 0x28, 0x28, 0xff, 0x28, 0x24, 0x28, 0xff, 0x28, 0x28, 0x20, 0xff,
    0x28, 0x28, 0x28, 0xff, 0x28, 0x24, 0x28, 0xff, 0x28, 0x24, 0x20, 0xff,
    0x28, 0x28, 0x28, 0xff, 0x28, 0x24, 0x28, 0xff, 0x28, 0x28, 0x28, 0xff,
    0x28, 0x24, 0x28, 0xff, 0x28, 0x28, 0x28, 0xff, 0x28, 0x24, 0x28, 0xff,
    0x28, 0x24, 0x28, 0xff, 0x28, 0x24, 0x20, 0xff, 0x28, 0x28, 0x28, 0xff,
    0x28, 0x28, 0x28, 0xff, 0x28, 0x24, 0x20, 0xff, 0x28, 0x28, 0x28, 0xff,
    0x20, 0x24, 0x28, 0xff, 0x28, 0x24, 0x28, 0xff, 0x28, 0x28, 0x20, 0xff,
    0x28, 0x24, 0x20, 0xff, 0x28, 0x24, 0x28, 0xff, 0x28, 0x24, 0x28, 0xff,
    0x28, 0x24, 0x20, 0xff, 0x28, 0x24, 0x28, 0xff, 0x28, 0x28, 0x20, 0xff,
    0x28, 0x24, 0x28, 0xff, 0x28, 0x24, 0x28, 0xff, 0x28, 0x28, 0x20, 0xff,
    0x20, 0x24, 0x20, 0xff, 0x28, 0x24, 0x28, 0xff, 0x28, 0x24, 0x20, 0xff,
    0x28, 0x24, 0x28, 0xff, 0x80, 0x80, 0x80, 0xff, 0xf0, 0xf4, 0xf0, 0x41,
    0xf8, 0xfc, 0xf8, 0x00, 0xf8, 0xfc, 0xf8, 0x00, 0xf8, 0xfc, 0xf8, 0x00,
    0xb8, 0xb4, 0xb0, 0xeb, 0x28, 0x2c, 0x28, 0xff, 0x28, 0x28, 0x28, 0xff,
    0x30, 0x2c, 0x28, 0xff, 0x30, 0x2c, 0x28, 0xff, 0x28, 0x28, 0x28, 0xff,
    0x28, 0x2c, 0x28, 0xff, 0x30, 0x2c, 0x28, 0xff, 0x28, 0x28, 0x28, 0xff,
    0x28, 0x2c, 0x30, 0xff, 0x30, 0x2c, 0x28, 0xff, 0x30, 0x28, 0x28, 0xff,
    0x28, 0x28, 0x28, 0xff, 0x28, 0x2c, 0x28, 0xff, 0x30, 0x28, 0x28, 0xff,
    0x28, 0x28, 0x28, 0xff, 0x28, 0x2c, 0x28, 0xff, 0x30, 0x28, 0x28, 0xff,
    0x28, 0x28, 0x30, 0xff, 0x28, 0x28, 0x28, 0xff, 0x30, 0x2c, 0x28, 0xff,
    0x28, 0x28, 0x30, 0xff, 0x28, 0x28, 0x28, 0xff, 0x28, 0x28, 0x28, 0xff,
    0x30, 0x2c, 0x30, 0xff, 0x30, 0x28, 0x28, 0xff, 0x28, 0x28, 0x28, 0xff,
    0x28, 0x28, 0x28, 0xff, 0x30, 0x2c, 0x28, 0xff, 0x28, 0x2c, 0x28, 0xff,
    0x28, 0x28, 0x28, 0xff, 0x30, 0x28, 0x28, 0xff, 0x28, 0x2c, 0x28, 0xff,
    0x28, 0x28, 0x28, 0xff, 0x30, 0x28, 0x28, 0xff, 0x28, 0x2c, 0x28, 0xff,
    0x28, 0x28, 0x28, 0xff, 0x28, 0x2c, 0x28, 0xff, 0x28, 0x28, 0x28, 0xff,
    0x28, 0x28, 0x28, 0xff, 0x30, 0x2c, 0x28, 0xff, 0x28, 0x28, 0x28, 0xff,
    0x30, 0x2c, 0x28, 0xff, 0x28, 0x2c, 0x28, 0xff, 0x28, 0x28, 0x28, 0xff,
    0x28, 0x28, 0x28, 0xff, 0x30, 0x2c, 0x28, 0xff, 0x28, 0x28, 0x28, 0xff,
    0x28, 0x28, 0x28, 0xff, 0x28, 0x28, 0x28, 0xff, 0x28, 0x28, 0x28, 0xff,
    0x28, 0x28, 0x28, 0xff, 0x28, 0x28, 0x28, 0xff, 0x30, 0x28, 0x28, 0xff,
    0x28, 0x28, 0x28, 0xff, 0x28, 0x28, 0x28, 0xff, 0x30, 0x28, 0x28, 0xff,
    0x28, 0x28, 0x20, 0xff, 0x28, 0x28, 0x28, 0xff, 0x28, 0x28, 0x28, 0xff,
    0x28, 0x28, 0x28, 0xff, 0x28, 0x28, 0x28, 0xff, 0x28, 0x28, 0x28, 0xff,
    0x30, 0x28, 0x28, 0xff, 0x28, 0x28, 0x28, 0xff, 0x28, 0x28, 0x28, 0xff,
    0x28, 0x28, 0x20, 0xff, 0x28, 0x28, 0x28, 0xff, 0x28, 0x28, 0x28, 0xff,
    0x28, 0x28, 0x28, 0xff, 0x28, 0x28, 0x20, 0xff, 0x28, 0x28, 0x28, 0xff,
    0x28, 0x24, 0x28, 0xff, 0x28, 0x28, 0x28, 0xff, 0x28, 0x28, 0x28, 0xff,
    0x28, 0x28, 0x28, 0xff, 0x28, 0x28, 0x20, 0xff, 0x28, 0x24, 0x28, 0xff,
    0x28, 0x28, 0x28, 0xff, 0x28, 0x28, 0x20, 0xff, 0x30, 0x28, 0x28, 0xff,
    0x28, 0x24, 0x20, 0xff, 0x28, 0x28, 0x28, 0xff, 0x28, 0x28, 0x28, 0xff,
    0x28, 0x28, 0x28, 0xff, 0x28, 0x24, 0x28, 0xff, 0x28, 0x28, 0x28, 0xff,
    0x28, 0x24, 0x20, 0xff, 0x28, 0x28, 0x28, 0xff, 0x28, 0x28, 0x28, 0xff,
    0x28, 0x24, 0x20, 0xff, 0x28, 0x24, 0x20, 0xff, 0x30, 0x28, 0x28, 0xff,
    0x28, 0x28, 0x28, 0xff, 0x28, 0x24, 0x20, 0xff, 0x28, 0x24, 0x28, 0xff,
    0x28, 0x28, 0x28, 0xff, 0x28, 0x28, 0x20, 0xff, 0x28, 0x24, 0x28, 0xff,
    0x28, 0x28, 0x28, 0xff, 0x28, 0x24, 0x20, 0xff, 0x28, 0x24, 0x28, 0xff,
    0x28, 0x24, 0x28, 0xff, 0x28, 0x28, 0x20, 0xff, 0x28, 0x24, 0x28, 0xff,
    0x28, 0x24, 0x28, 0xff, 0x28, 0x28, 0x20, 0xff, 0x28, 0x28, 0x28, 0xff,
    0x28, 0x24, 0x28, 0xff, 0x28, 0x24, 0x20, 0xff, 0x28, 0x28, 0x20, 0xff,
    0x28, 0x24, 0x28, 0xff, 0x28, 0x28, 0x20, 0xff, 0x28, 0x28, 0x20, 0xff,
    0x28, 0x24, 0x20, 0xff, 0x28, 0x28, 0x28, 0xff, 0x28, 0x24, 0x20, 0xff,
    0x28, 0x24, 0x28, 0xff, 0x28, 0x28, 0x28, 0xff, 0x28, 0x24, 0x20, 0xff,
    0x28, 0x24, 0x20, 0xff, 0x28, 0x24, 0x20, 0xff, 0x28, 0x24, 0x28, 0xff,
    0x28, 0x24, 0x20, 0xff, 0x28, 0x28, 0x28, 0xff, 0x20, 0x24, 0x20, 0xff,
    0x28, 0x24, 0x20, 0xff, 0x28, 0x28, 0x20, 0xff, 0x28, 0x24, 0x28, 0xff,
    0x28, 0x24, 0x20, 0xff, 0x28, 0x24, 0x20, 0xff, 0x28, 0x24, 0x28, 0xff,
    0x28, 0x24, 0x20, 0xff, 0x28, 0x24, 0x28, 0xff, 0x28, 0x28, 0x20, 0xff,
    0x28, 0x24, 0x20, 0xff, 0x28, 0x24, 0x28, 0xff, 0x28, 0x24, 0x20, 0xff,
    0x80, 0x80, 0x80, 0xff, 0xf0, 0xf0, 0xf0, 0x41, 0xf8, 0xfc, 0xf8, 0x00,
    0xf8, 0xfc, 0xf8, 0x00, 0xf8, 0xfc, 0xf8, 0x00, 0xb8, 0xb4, 0xb8, 0xe7,
    0x28, 0x2c, 0x28, 0xff, 0x30, 0x28, 0x30, 0xff, 0x30, 0x28, 0x28, 0xff,
    0x30, 0x2c, 0x28, 0xff, 0x28, 0x28, 0x28, 0xff, 0x30, 0x2c, 0x28, 0xff,
    0x28, 0x2c, 0x30, 0xff, 0x30, 0x28, 0x28, 0xff, 0x28, 0x2c, 0x28, 0xff,
    0x28, 0x2c, 0x28, 0xff, 0x30, 0x28, 0x28, 0xff, 0x30, 0x2c, 0x30, 0xff,
    0x28, 0x2c, 0x28, 0xff, 0x30, 0x28, 0x28, 0xff, 0x28, 0x28, 0x28, 0xff,
    0x30, 0x2c, 0x28, 0xff, 0x30, 0x2c, 0x28, 0xff, 0x28, 0x28, 0x28, 0xff,
    0x30, 0x2c, 0x28, 0xff, 0x28, 0x28, 0x28, 0xff, 0x28, 0x2c, 0x28, 0xff,
    0x30, 0x28, 0x28, 0xff, 0x28, 0x28, 0x28, 0xff, 0x28, 0x28, 0x28, 0xff,
    0x30, 0x2c, 0x28, 0xff, 0x28, 0x28, 0x28, 0xff, 0x28, 0x2c, 0x28, 0xff,
    0x30, 0x28, 0x28, 0xff, 0x28, 0x28, 0x28, 0xff, 0x28, 0x2c, 0x28, 0xff,
    0x30, 0x28, 0x28, 0xff, 0x28, 0x28, 0x28, 0xff, 0x28, 0x28, 0x28, 0xff,
    0x30, 0x28, 0x28, 0xff, 0x30, 0x28, 0x28, 0xff, 0x28, 0x28, 0x28, 0xff,
    0x28, 0x2c, 0x28, 0xff, 0x30, 0x28, 0x28, 0xff, 0x28, 0x28, 0x28, 0xff,
    0x28, 0x28, 0x28, 0xff, 0x30, 0x28, 0x28, 0xff, 0x28, 0x28, 0x28, 0xff,
    0x28, 0x28, 0x28, 0xff, 0x30, 0x28, 0x28, 0xff, 0x28, 0x28, 0x28, 0xff,
    0x28, 0x28, 0x28, 0xff, 0x30, 0x28, 0x28, 0xff, 0x28, 0x28, 0x28, 0xff,
    0x30, 0x2c, 0x28, 0xff, 0x28, 0x28, 0x28, 0xff, 0x30, 0x28, 0x28, 0xff,
    0x28, 0x2c, 0x28, 0xff, 0x28, 0x28, 0x28, 0xff, 0x30, 0x28, 0x28, 0xff,
    0x28, 0x28, 0x28, 0xff, 0x28, 0x28, 0x28, 0xff, 0x28, 0x28, 0x28, 0xff,
    0x28, 0x28, 0x28, 0xff, 0x28, 0x28, 0x28, 0xff, 0x30, 0x28, 0x20, 0xff,
    0x28, 0x28, 0x28, 0xff, 0x28, 0x28, 0x28, 0xff, 0x28, 0x28, 0x20, 0xff,
    0x28, 0x28, 0x28, 0xff, 0x28, 0x28, 0x28, 0xff, 0x28, 0x28, 0x20, 0xff,
    0x28, 0x28, 0x28, 0xff, 0x28, 0x28, 0x28, 0xff, 0x30, 0x28, 0x28, 0xff,
    0x28, 0x28, 0x28, 0xff, 0x28, 0x28, 0x28, 0xff, 0x28, 0x28, 0x28, 0xff,
    0x28, 0x24, 0x20, 0xff, 0x30, 0x28, 0x28, 0xff, 0x28, 0x28, 0x28, 0xff,
    0x28, 0x28, 0x28, 0xff, 0x30, 0x28, 0x28, 0xff, 0x28, 0x28, 0x28, 0xff,
    0x28, 0x28, 0x28, 0xff, 0x28, 0x28, 0x28, 0xff, 0x28, 0x28, 0x20, 0xff,
    0x28, 0x24, 0x28, 0xff, 0x30, 0x28, 0x20, 0xff, 0x28, 0x28, 0x20, 0xff,
    0x28, 0x28, 0x28, 0xff, 0x28, 0x28, 0x28, 0xff, 0x28, 0x24, 0x20, 0xff,
    0x28, 0x28, 0x28, 0xff, 0x30, 0x28, 0x28, 0xff, 0x28, 0x24, 0x20, 0xff,
    0x28, 0x28, 0x28, 0xff, 0x28, 0x28, 0x28, 0xff, 0x28, 0x28, 0x28, 0xff,
    0x28, 0x24, 0x20, 0xff, 0x28, 0x24, 0x28, 0xff, 0x28, 0x28, 0x20, 0xff,
    0x28, 0x28, 0x28, 0xff, 0x28, 0x24, 0x28, 0xff, 0x28, 0x28, 0x28, 0xff,
    0x28, 0x28, 0x20, 0xff, 0x28, 0x28, 0x28, 0xff, 0x28, 0x24, 0x20, 0xff,
    0x28, 0x28, 0x28, 0xff, 0x28, 0x28, 0x20, 0xff, 0x28, 0x24, 0x28, 0xff,
    0x28, 0x24, 0x20, 0xff, 0x28, 0x28, 0x28, 0xff, 0x28, 0x24, 0x28, 0xff,
    0x28, 0x28, 0x20, 0xff, 0x28, 0x24, 0x20, 0xff, 0x28, 0x24, 0x28, 0xff,
    0x28, 0x24, 0x28, 0xff, 0x28, 0x24, 0x28, 0xff, 0x28, 0x28, 0x20, 0xff,
    0x28, 0x28, 0x28, 0xff, 0x28, 0x24, 0x20, 0xff, 0x28, 0x28, 0x28, 0xff,
    0x28, 0x24, 0x20, 0xff, 0x28, 0x24, 0x20, 0xff, 0x28, 0x24, 0x28, 0xff,
    0x28, 0x28, 0x28, 0xff, 0x28, 0x24, 0x20, 0xff, 0x28, 0x24, 0x20, 0xff,
    0x28, 0x24, 0x28, 0xff, 0x28, 0x28, 0x28, 0xff, 0x28, 0x24, 0x28, 0xff,
    0x28, 0x24, 0x20, 0xff, 0x20, 0x28, 0x28, 0xff, 0x28, 0x24, 0x28, 0xff,
    0x28, 0x24, 0x20, 0xff, 0x20, 0x28, 0x20, 0xff, 0x28, 0x24, 0x28, 0xff,
    0x28, 0x24, 0x28, 0xff, 0x28, 0x24, 0x20, 0xff, 0x20, 0x24, 0x20, 0xff,
    0x28, 0x28, 0x28, 0xff, 0x28, 0x24, 0x20, 0xff, 0x80, 0x80, 0x80, 0xff,
    0xf0, 0xf0, 0xf0, 0x41, 0xf8, 0xfc, 0xf8, 0x00, 0xf8, 0xfc, 0xf8, 0x00,
    0xf8, 0xfc, 0xf8, 0x00, 0xb8, 0xb4, 0xb0, 0xe7, 0x28, 0x2c, 0x28, 0xff,
    0x28, 0x2c, 0x28, 0xff, 0x30, 0x2c, 0x30, 0xff, 0x28, 0x2c, 0x28, 0xff,
    0x30, 0x2c, 0x30, 0xff, 0x28, 0x2c, 0x28, 0xff, 0x30, 0x28, 0x28, 0xff,
    0x30, 0x2c, 0x28, 0xff, 0x28, 0x28, 0x28, 0xff, 0x30, 0x2c, 0x30, 0xff,
    0x28, 0x28, 0x28, 0xff, 0x28, 0x2c, 0x28, 0xff, 0x28, 0x28, 0x28, 0xff,
    0x30, 0x2c, 0x28, 0xff, 0x28, 0x2c, 0x30, 0xff, 0x28, 0x28, 0x28, 0xff,
    0x30, 0x2c, 0x28, 0xff, 0x28, 0x2c, 0x28, 0xff, 0x28, 0x28, 0x28, 0xff,
    0x30, 0x2c, 0x28, 0xff, 0x28, 0x2c, 0x28, 0xff, 0x30, 0x2c, 0x28, 0xff,
    0x28, 0x28, 0x28, 0xff, 0x28, 0x2c, 0x28, 0xff, 0x30, 0x28, 0x28, 0xff,
    0x28, 0x2c, 0x28, 0xff, 0x30, 0x28, 0x28, 0xff, 0x28, 0x28, 0x28, 0xff,
    0x30, 0x28, 0x28, 0xff, 0x28, 0x2c, 0x30, 0xff, 0x30, 0x2c, 0x28, 0xff,
    0x28, 0x28, 0x28, 0xff, 0x28, 0x2c, 0x28, 0xff, 0x30, 0x28, 0x28, 0xff,
    0x28, 0x28, 0x28, 0xff, 0x28, 0x28, 0x28, 0xff, 0x30, 0x28, 0x28, 0xff,
    0x28, 0x2c, 0x28, 0xff, 0x30, 0x28, 0x28, 0xff, 0x28, 0x28, 0x28, 0xff,
    0x28, 0x28, 0x28, 0xff, 0x28, 0x28, 0x28, 0xff, 0x28, 0x28, 0x28, 0xff,
    0x28, 0x28, 0x28, 0xff, 0x28, 0x28, 0x28, 0xff, 0x28, 0x28, 0x28, 0xff,
    0x28, 0x28, 0x28, 0xff, 0x28, 0x28, 0x28, 0xff, 0x28, 0x28, 0x28, 0xff,
    0x30, 0x28, 0x28, 0xff, 0x28, 0x28, 0x28, 0xff, 0x28, 0x28, 0x28, 0xff,
    0x28, 0x28, 0x28, 0xff, 0x28, 0x28, 0x28, 0xff, 0x30, 0x28, 0x28, 0xff,
    0x28, 0x28, 0x28, 0xff, 0x30, 0x28, 0x28, 0xff, 0x28, 0x28, 0x28, 0xff,
    0x28, 0x28, 0x28, 0xff, 0x28, 0x28, 0x28, 0xff, 0x28, 0x28, 0x28, 0xff,
    0x30, 0x28, 0x28, 0xff, 0x28, 0x28, 0x28, 0xff, 0x28, 0x28, 0x28, 0xff,
    0x30, 0x28, 0x28, 0xff, 0x30, 0x28, 0x28, 0xff, 0x28, 0x28, 0x28, 0xff,
    0x28, 0x28, 0x20, 0xff, 0x28, 0x28, 0x28, 0xff, 0x28, 0x28, 0x28, 0xff,
    0x28, 0x28, 0x20, 0xff, 0x28, 0x28, 0x28, 0xff, 0x28, 0x28, 0x28, 0xff,
    0x28, 0x24, 0x20, 0xff, 0x28, 0x28, 0x28, 0xff, 0x28, 0x24, 0x28, 0xff,
    0x28, 0x28, 0x20, 0xff, 0x28, 0x28, 0x28, 0xff, 0x28, 0x24, 0x28, 0xff,
    0x28, 0x28, 0x28, 0xff, 0x28, 0x28, 0x28, 0xff, 0x28, 0x28, 0x28, 0xff,
    0x28, 0x24, 0x28, 0xff, 0x28, 0x28, 0x28, 0xff, 0x28, 0x24, 0x20, 0xff,
    0x28, 0x24, 0x28, 0xff, 0x28, 0x28, 0x28, 0xff, 0x28, 0x24, 0x20, 0xff,
    0x28, 0x28, 0x28, 0xff, 0x28, 0x24, 0x28, 0xff, 0x28, 0x24, 0x28, 0xff,
    0x28, 0x24, 0x20, 0xff, 0x28, 0x28, 0x28, 0xff, 0x28, 0x28, 0x28, 0xff,
    0x28, 0x28, 0x28, 0xff, 0x28, 0x24, 0x20, 0xff, 0x28, 0x24, 0x28, 0xff,
    0x28, 0x28, 0x28, 0xff, 0x28, 0x24, 0x20, 0xff, 0x28, 0x28, 0x28, 0xff,
    0x28, 0x28, 0x28, 0xff, 0x28, 0x24, 0x28, 0xff, 0x28, 0x24, 0x20, 0xff,
    0x28, 0x28, 0x28, 0xff, 0x28, 0x28, 0x28, 0xff, 0x28, 0x24, 0x20, 0xff,
    0x28, 0x28, 0x28, 0xff, 0x28, 0x28, 0x28, 0xff, 0x28, 0x24, 0x20, 0xff,
    0x28, 0x28, 0x28, 0xff, 0x28, 0x28, 0x28, 0xff, 0x28, 0x24, 0x28, 0xff,
    0x28, 0x28, 0x20, 0xff, 0x28, 0x24, 0x28, 0xff, 0x28, 0x24, 0x28, 0xff,
    0x28, 0x28, 0x28, 0xff, 0x28, 0x24, 0x20, 0xff, 0x28, 0x28, 0x28, 0xff,
    0x28, 0x24, 0x28, 0xff, 0x20, 0x24, 0x20, 0xff, 0x28, 0x28, 0x28, 0xff,
    0x28, 0x24, 0x28, 0xff, 0x20, 0x24, 0x20, 0xff, 0x28, 0x28, 0x20, 0xff,
    0x28, 0x24, 0x28, 0xff, 0x28, 0x24, 0x20, 0xff, 0x20, 0x24, 0x20, 0xff,
    0x28, 0x24, 0x20, 0xff, 0x28, 0x24, 0x28, 0xff, 0x28, 0x28, 0x28, 0xff,
    0x28, 0x24, 0x20, 0xff, 0x20, 0x24, 0x20, 0xff, 0x28, 0x28, 0x28, 0xff,
    0x28, 0x24, 0x28, 0xff, 0x28, 0x24, 0x28, 0xff, 0x28, 0x24, 0x20, 0xff,
    0x20, 0x24, 0x20, 0xff, 0x80, 0x80, 0x80, 0xff, 0xf0, 0xf4, 0xf0, 0x41,
    0xf8, 0xfc, 0xf8, 0x00, 0xf8, 0xfc, 0xf8, 0x00, 0xf8, 0xfc, 0xf8, 0x00,
    0xb8, 0xb4, 0xb8, 0xe7, 0x28, 0x28, 0x28, 0xff, 0x28, 0x2c, 0x28, 0xff,
    0x30, 0x28, 0x28, 0xff, 0x28, 0x2c, 0x28, 0xff, 0x28, 0x2c, 0x28, 0xff,
    0x30, 0x2c, 0x30, 0xff, 0x28, 0x28, 0x28, 0xff, 0x28, 0x28, 0x28, 0xff,
    0x30, 0x2c, 0x28, 0xff, 0x30, 0x28, 0x28, 0xff, 0x28, 0x2c, 0x28, 0xff,
    0x28, 0x28, 0x28, 0xff, 0x30, 0x28, 0x28, 0xff, 0x30, 0x2c, 0x28, 0xff,
    0x28, 0x28, 0x28, 0xff, 0x28, 0x28, 0x28, 0xff, 0x30, 0x28, 0x28, 0xff,
    0x28, 0x2c, 0x30, 0xff, 0x28, 0x28, 0x28, 0xff, 0x30, 0x28, 0x28, 0xff,
    0x28, 0x28, 0x30, 0xff, 0x28, 0x2c, 0x28, 0xff, 0x30, 0x28, 0x28, 0xff,
    0x28, 0x2c, 0x28, 0xff, 0x28, 0x28, 0x28, 0xff, 0x30, 0x28, 0x28, 0xff,
    0x28, 0x28, 0x28, 0xff, 0x28, 0x28, 0x28, 0xff, 0x28, 0x28, 0x28, 0xff,
    0x30, 0x2c, 0x28, 0xff, 0x28, 0x28, 0x28, 0xff, 0x30, 0x28, 0x28, 0xff,
    0x28, 0x2c, 0x28, 0xff, 0x28, 0x28, 0x28, 0xff, 0x28, 0x2c, 0x28, 0xff,
    0x28, 0x2c, 0x28, 0xff, 0x30, 0x28, 0x28, 0xff, 0x28, 0x28, 0x28, 0xff,
    0x28, 0x2c, 0x28, 0xff, 0x28, 0x28, 0x28, 0xff, 0x28, 0x2c, 0x28, 0xff,
    0x30, 0x28, 0x28, 0xff, 0x28, 0x28, 0x28, 0xff, 0x30, 0x28, 0x28, 0xff,
    0x28, 0x28, 0x28, 0xff, 0x30, 0x2c, 0x28, 0xff, 0x28, 0x28, 0x28, 0xff,
    0x28, 0x28, 0x28, 0xff, 0x30, 0x28, 0x28, 0xff, 0x28, 0x28, 0x28, 0xff,
    0x28, 0x28, 0x28, 0xff, 0x30, 0x28, 0x28, 0xff, 0x28, 0x2c, 0x28, 0xff,
    0x28, 0x28, 0x28, 0xff, 0x28, 0x28, 0x28, 0xff, 0x28, 0x28, 0x20, 0xff,
    0x28, 0x28, 0x28, 0xff, 0x30, 0x28, 0x28, 0xff, 0x28, 0x28, 0x28, 0xff,
    0x28, 0x28, 0x28, 0xff, 0x30, 0x28, 0x28, 0xff, 0x28, 0x28, 0x28, 0xff,
    0x28, 0x28, 0x20, 0xff, 0x28, 0x28, 0x28, 0xff, 0x28, 0x28, 0x28, 0xff,
    0x28, 0x28, 0x28, 0xff, 0x28, 0x28, 0x28, 0xff, 0x28, 0x28, 0x28, 0xff,
    0x28, 0x24, 0x20, 0xff, 0x28, 0x28, 0x28, 0xff, 0x30, 0x24, 0x28, 0xff,
    0x28, 0x28, 0x28, 0xff, 0x28, 0x28, 0x28, 0xff, 0x28, 0x28, 0x28, 0xff,
    0x28, 0x28, 0x20, 0xff, 0x28, 0x28, 0x28, 0xff, 0x28, 0x24, 0x28, 0xff,
    0x28, 0x28, 0x20, 0xff, 0x30, 0x28, 0x28, 0xff, 0x28, 0x24, 0x20, 0xff,
    0x28, 0x28, 0x28, 0xff, 0x28, 0x28, 0x28, 0xff, 0x28, 0x28, 0x28, 0xff,
    0x28, 0x28, 0x28, 0xff, 0x28, 0x24, 0x20, 0xff, 0x28, 0x28, 0x28, 0xff,
    0x28, 0x28, 0x28, 0xff, 0x28, 0x24, 0x20, 0xff, 0x28, 0x28, 0x28, 0xff,
    0x28, 0x28, 0x28, 0xff, 0x28, 0x28, 0x20, 0xff, 0x28, 0x28, 0x28, 0xff,
    0x28, 0x24, 0x20, 0xff, 0x28, 0x28, 0x28, 0xff, 0x28, 0x28, 0x28, 0xff,
    0x28, 0x28, 0x28, 0xff, 0x28, 0x28, 0x28, 0xff, 0x28, 0x24, 0x20, 0xff,
    0x28, 0x28, 0x28, 0xff, 0x28, 0x24, 0x28, 0xff, 0x28, 0x24, 0x20, 0xff,
    0x28, 0x28, 0x28, 0xff, 0x28, 0x24, 0x28, 0xff, 0x28, 0x24, 0x20, 0xff,
    0x28, 0x28, 0x28, 0xff, 0x28, 0x24, 0x28, 0xff, 0x28, 0x24, 0x20, 0xff,
    0x28, 0x24, 0x28, 0xff, 0x28, 0x24, 0x20, 0xff, 0x28, 0x24, 0x20, 0xff,
    0x28, 0x28, 0x28, 0xff, 0x28, 0x28, 0x20, 0xff, 0x28, 0x24, 0x20, 0xff,
    0x28, 0x24, 0x28, 0xff, 0x28, 0x24, 0x20, 0xff, 0x28, 0x24, 0x20, 0xff,
    0x28, 0x28, 0x28, 0xff, 0x28, 0x24, 0x20, 0xff, 0x28, 0x24, 0x28, 0xff,
    0x28, 0x24, 0x20, 0xff, 0x28, 0x24, 0x20, 0xff, 0x28, 0x24, 0x28, 0xff,
    0x28, 0x28, 0x28, 0xff, 0x28, 0x24, 0x20, 0xff, 0x28, 0x24, 0x28, 0xff,
    0x28, 0x24, 0x28, 0xff, 0x28, 0x28, 0x20, 0xff, 0x28, 0x24, 0x28, 0xff,
    0x28, 0x24, 0x20, 0xff, 0x28, 0x24, 0x28, 0xff, 0x28, 0x24, 0x28, 0xff,
    0x28, 0x24, 0x20, 0xff, 0x28, 0x24, 0x20, 0xff, 0x28, 0x28, 0x28, 0xff,
    0x28, 0x24, 0x20, 0xff, 0x28, 0x24, 0x20, 0xff, 0x28, 0x24, 0x28, 0xff,
    0x80, 0x80, 0x80, 0xff, 0xf0, 0xf0, 0xf0, 0x41, 0xf8, 0xfc, 0xf8, 0x00,
    0xf8, 0xfc, 0xf8, 0x00, 0xf8, 0xfc, 0xf8, 0x00, 0xb8, 0xb4, 0xb0, 0xe7,
    0x28, 0x28, 0x28, 0xff, 0x30, 0x28, 0x28, 0xff, 0x30, 0x2c, 0x30, 0xff,
    0x28, 0x28, 0x28, 0xff, 0x30, 0x28, 0x28, 0xff, 0x30, 0x28, 0x28, 0xff,
    0x28, 0x2c, 0x28, 0xff, 0x28, 0x2c, 0x28, 0xff, 0x28, 0x28, 0x28, 0xff,
    0x30, 0x2c, 0x28, 0xff, 0x30, 0x2c, 0x30, 0xff, 0x28, 0x28, 0x28, 0xff,
    0x30, 0x2c, 0x28, 0xff, 0x28, 0x2c, 0x28, 0xff, 0x28, 0x28, 0x28, 0xff,
    0x30, 0x2c, 0x28, 0xff, 0x28, 0x2c, 0x28, 0xff, 0x28, 0x28, 0x28, 0xff,
    0x30, 0x28, 0x28, 0xff, 0x30, 0x2c, 0x28, 0xff, 0x28, 0x28, 0x28, 0xff,
    0x28, 0x28, 0x28, 0xff, 0x30, 0x2c, 0x28, 0xff, 0x28, 0x28, 0x28, 0xff,
    0x28, 0x2c, 0x28, 0xff, 0x30, 0x28, 0x28, 0xff, 0x28, 0x28, 0x28, 0xff,
    0x30, 0x2c, 0x28, 0xff, 0x28, 0x2c, 0x28, 0xff, 0x28, 0x28, 0x28, 0xff,
    0x28, 0x28, 0x28, 0xff, 0x30, 0x2c, 0x28, 0xff, 0x28, 0x28, 0x28, 0xff,
    0x30, 0x28, 0x28, 0xff, 0x28, 0x28, 0x28, 0xff, 0x30, 0x28, 0x28, 0xff,
    0x28, 0x28, 0x28, 0xff, 0x28, 0x28, 0x28, 0xff, 0x28, 0x28, 0x28, 0xff,
    0x30, 0x28, 0x28, 0xff, 0x30, 0x28, 0x28, 0xff, 0x28, 0x28, 0x28, 0xff,
    0x30, 0x28, 0x28, 0xff, 0x28, 0x2c, 0x28, 0xff, 0x28, 0x28, 0x28, 0xff,
    0x30, 0x28, 0x28, 0xff, 0x28, 0x28, 0x28, 0xff, 0x28, 0x2c, 0x28, 0xff,
    0x30, 0x28, 0x28, 0xff, 0x28, 0x28, 0x28, 0xff, 0x28, 0x28, 0x28, 0xff,
    0x28, 0x28, 0x28, 0xff, 0x28, 0x28, 0x28, 0xff, 0x30, 0x28, 0x28, 0xff,
    0x28, 0x28, 0x28, 0xff, 0x28, 0x28, 0x28, 0xff, 0x28, 0x28, 0x28, 0xff,
    0x30, 0x28, 0x20, 0xff, 0x28, 0x28, 0x28, 0xff, 0x28, 0x28, 0x20, 0xff,
    0x28, 0x28, 0x28, 0xff, 0x28, 0x28, 0x28, 0xff, 0x28, 0x28, 0x28, 0xff,
    0x28, 0x28, 0x28, 0xff, 0x28, 0x28, 0x20, 0xff, 0x28, 0x28, 0x28, 0xff,
    0x28, 0x28, 0x28, 0xff, 0x30, 0x28, 0x28, 0xff, 0x28, 0x28, 0x28, 0xff,
    0x28, 0x28, 0x28, 0xff, 0x28, 0x28, 0x20, 0xff, 0x28, 0x24, 0x28, 0xff,
    0x28, 0x28, 0x28, 0xff, 0x30, 0x28, 0x28, 0xff, 0x28, 0x28, 0x28, 0xff,
    0x28, 0x28, 0x28, 0xff, 0x28, 0x28, 0x28, 0xff, 0x28, 0x28, 0x28, 0xff,
    0x28, 0x28, 0x20, 0xff, 0x28, 0x24, 0x28, 0xff, 0x28, 0x28, 0x28, 0xff,
    0x28, 0x28, 0x20, 0xff, 0x28, 0x24, 0x28, 0xff, 0x30, 0x28, 0x28, 0xff,
    0x28, 0x28, 0x28, 0xff, 0x28, 0x28, 0x28, 0xff, 0x28, 0x24, 0x20, 0xff,
    0x28, 0x28, 0x28, 0xff, 0x28, 0x24, 0x28, 0xff, 0x28, 0x28, 0x20, 0xff,
    0x28, 0x28, 0x28, 0xff, 0x28, 0x28, 0x28, 0xff, 0x28, 0x28, 0x28, 0xff,
    0x28, 0x28, 0x28, 0xff, 0x28, 0x24, 0x20, 0xff, 0x28, 0x24, 0x20, 0xff,
    0x28, 0x28, 0x28, 0xff, 0x28, 0x28, 0x20, 0xff, 0x28, 0x24, 0x28, 0xff,
    0x28, 0x28, 0x20, 0xff, 0x28, 0x28, 0x20, 0xff, 0x28, 0x28, 0x28, 0xff,
    0x28, 0x24, 0x28, 0xff, 0x28, 0x28, 0x20, 0xff, 0x28, 0x28, 0x28, 0xff,
    0x28, 0x24, 0x20, 0xff, 0x28, 0x28, 0x28, 0xff, 0x28, 0x24, 0x20, 0xff,
    0x28, 0x28, 0x28, 0xff, 0x28, 0x24, 0x28, 0xff, 0x28, 0x24, 0x28, 0xff,
    0x28, 0x24, 0x20, 0xff, 0x28, 0x24, 0x28, 0xff, 0x28, 0x28, 0x28, 0xff,
    0x28, 0x24, 0x20, 0xff, 0x28, 0x24, 0x28, 0xff, 0x28, 0x24, 0x20, 0xff,
    0x28, 0x24, 0x28, 0xff, 0x28, 0x28, 0x20, 0xff, 0x28, 0x24, 0x28, 0xff,
    0x28, 0x24, 0x20, 0xff, 0x28, 0x28, 0x20, 0xff, 0x28, 0x24, 0x28, 0xff,
    0x28, 0x24, 0x20, 0xff, 0x28, 0x24, 0x20, 0xff, 0x28, 0x28, 0x28, 0xff,
    0x20, 0x24, 0x20, 0xff, 0x28, 0x24, 0x28, 0xff, 0x28, 0x28, 0x20, 0xff,
    0x28, 0x24, 0x20, 0xff, 0x28, 0x24, 0x28, 0xff, 0x28, 0x24, 0x20, 0xff,
    0x28, 0x24, 0x28, 0xff, 0x20, 0x24, 0x20, 0xff, 0x20, 0x24, 0x20, 0xff,
    0x28, 0x24, 0x28, 0xff, 0x28, 0x24, 0x20, 0xff, 0x80, 0x80, 0x80, 0xff,
    0xf0, 0xf0, 0xf0, 0x41, 0xf8, 0xfc, 0xf8, 0x00, 0xf8, 0xfc, 0xf8, 0x00,
    0xf8, 0xfc, 0xf8, 0x00, 0xb8, 0xb4, 0xb0, 0xe7, 0x28, 0x2c, 0x28, 0xff,
    0x30, 0x2c, 0x28, 0xff, 0x28, 0x2c, 0x28, 0xff, 0x28, 0x28, 0x28, 0xff,
    0x30, 0x2c, 0x28, 0xff, 0x28, 0x28, 0x28, 0xff, 0x30, 0x2c, 0x28, 0xff,
    0x30, 0x28, 0x28, 0xff, 0x28, 0x28, 0x28, 0xff, 0x28, 0x2c, 0x28, 0xff,
    0x30, 0x28, 0x28, 0xff, 0x28, 0x2c, 0x28, 0xff, 0x28, 0x28, 0x28, 0xff,
    0x30, 0x28, 0x30, 0xff, 0x28, 0x2c, 0x28, 0xff, 0x28, 0x2c, 0x28, 0xff,
    0x30, 0x28, 0x30, 0xff, 0x28, 0x2c, 0x28, 0xff, 0x28, 0x2c, 0x28, 0xff,
    0x28, 0x2c, 0x28, 0xff, 0x30, 0x28, 0x28, 0xff, 0x28, 0x28, 0x28, 0xff,
    0x30, 0x28, 0x28, 0xff, 0x28, 0x28, 0x28, 0xff, 0x30, 0x28, 0x28, 0xff,
    0x28, 0x2c, 0x30, 0xff, 0x28, 0x28, 0x28, 0xff, 0x30, 0x2c, 0x28, 0xff,
    0x30, 0x28, 0x28, 0xff, 0x28, 0x28, 0x28, 0xff, 0x28, 0x28, 0x28, 0xff,
    0x28, 0x28, 0x28, 0xff, 0x30, 0x28, 0x28, 0xff, 0x28, 0x28, 0x28, 0xff,
    0x30, 0x2c, 0x28, 0xff, 0x28, 0x28, 0x28, 0xff, 0x30, 0x28, 0x28, 0xff,
    0x28, 0x28, 0x28, 0xff, 0x30, 0x28, 0x28, 0xff, 0x28, 0x28, 0x28, 0xff,
    0x28, 0x2c, 0x28, 0xff, 0x28, 0x28, 0x28, 0xff, 0x28, 0x28, 0x28, 0xff,
    0x28, 0x28, 0x28, 0xff, 0x28, 0x28, 0x28, 0xff, 0x28, 0x28, 0x28, 0xff,
    0x28, 0x28, 0x28, 0xff, 0x28, 0x28, 0x28, 0xff, 0x28, 0x28, 0x28, 0xff,
    0x28, 0x28, 0x28, 0xff, 0x28, 0x28, 0x28, 0xff, 0x30, 0x28, 0x28, 0xff,
    0x28, 0x28, 0x20, 0xff, 0x28, 0x28, 0x28, 0xff, 0x30, 0x28, 0x28, 0xff,
    0x28, 0x28, 0x28, 0xff, 0x28, 0x28, 0x28, 0xff, 0x28, 0x28, 0x28, 0xff,
    0x28, 0x28, 0x28, 0xff, 0x28, 0x28, 0x28, 0xff, 0x28, 0x28, 0x20, 0xff,
    0x28, 0x28, 0x28, 0xff, 0x30, 0x28, 0x28, 0xff, 0x28, 0x28, 0x28, 0xff,
    0x28, 0x28, 0x20, 0xff, 0x28, 0x28, 0x28, 0xff, 0x28, 0x24, 0x20, 0xff,
    0x30, 0x28, 0x28, 0xff, 0x28, 0x28, 0x28, 0xff, 0x28, 0x28, 0x28, 0xff,
    0x28, 0x28, 0x20, 0xff, 0x28, 0x28, 0x28, 0xff, 0x28, 0x28, 0x28, 0xff,
    0x28, 0x24, 0x20, 0xff, 0x28, 0x28, 0x28, 0xff, 0x30, 0x24, 0x20, 0xff,
    0x28, 0x28, 0x28, 0xff, 0x28, 0x28, 0x28, 0xff, 0x28, 0x24, 0x28, 0xff,
    0x28, 0x28, 0x28, 0xff, 0x28, 0x28, 0x28, 0xff, 0x28, 0x28, 0x20, 0xff,
    0x28, 0x24, 0x28, 0xff, 0x28, 0x28, 0x28, 0xff, 0x28, 0x28, 0x20, 0xff,
    0x28, 0x28, 0x28, 0xff, 0x28, 0x28, 0x28, 0xff, 0x28, 0x28, 0x28, 0xff,
    0x28, 0x28, 0x28, 0xff, 0x28, 0x24, 0x20, 0xff, 0x28, 0x28, 0x28, 0xff,
    0x28, 0x24, 0x28, 0xff, 0x28, 0x24, 0x20, 0xff, 0x28, 0x28, 0x28, 0xff,
    0x28, 0x24, 0x28, 0xff, 0x28, 0x24, 0x20, 0xff, 0x28, 0x28, 0x28, 0xff,
    0x28, 0x24, 0x28, 0xff, 0x28, 0x24, 0x28, 0xff, 0x28, 0x28, 0x28, 0xff,
    0x28, 0x24, 0x20, 0xff, 0x28, 0x24, 0x28, 0xff, 0x28, 0x28, 0x20, 0xff,
    0x28, 0x24, 0x28, 0xff, 0x28, 0x24, 0x20, 0xff, 0x28, 0x28, 0x28, 0xff,
    0x28, 0x24, 0x20, 0xff, 0x28, 0x28, 0x28, 0xff, 0x28, 0x28, 0x28, 0xff,
    0x28, 0x24, 0x20, 0xff, 0x28, 0x24, 0x20, 0xff, 0x28, 0x28, 0x28, 0xff,
    0x28, 0x24, 0x20, 0xff, 0x28, 0x28, 0x28, 0xff, 0x28, 0x28, 0x28, 0xff,
    0x28, 0x28, 0x28, 0xff, 0x28, 0x24, 0x20, 0xff, 0x20, 0x24, 0x20, 0xff,
    0x28, 0x28, 0x28, 0xff, 0x28, 0x28, 0x28, 0xff, 0x20, 0x24, 0x28, 0xff,
    0x28, 0x24, 0x20, 0xff, 0x28, 0x24, 0x28, 0xff, 0x20, 0x24, 0x28, 0xff,
    0x28, 0x28, 0x20, 0xff, 0x28, 0x24, 0x28, 0xff, 0x28, 0x24, 0x28, 0xff,
    0x28, 0x24, 0x20, 0xff, 0x28, 0x24, 0x28, 0xff, 0x20, 0x28, 0x20, 0xff,
    0x20, 0x24, 0x20, 0xff, 0x28, 0x24, 0x28, 0xff, 0x28, 0x24, 0x20, 0xff,
    0x28, 0x24, 0x28, 0xff, 0x28, 0x24, 0x20, 0xff, 0x28, 0x24, 0x28, 0xff,
    0x28, 0x24, 0x20, 0xff, 0x80, 0x80, 0x80, 0xff, 0xf0, 0xf4, 0xf0, 0x41,
    0xf8, 0xfc, 0xf8, 0x00, 0xf8, 0xfc, 0xf8, 0x00, 0xf8, 0xfc, 0xf8, 0x00,
    0xb0, 0xb4, 0xb8, 0xe7, 0x30, 0x28, 0x28, 0xff, 0x28, 0x28, 0x28, 0xff,
    0x30, 0x2c, 0x30, 0xff, 0x30, 0x2c, 0x28, 0xff, 0x28, 0x28, 0x28, 0xff,
    0x28, 0x2c, 0x30, 0xff, 0x28, 0x2c, 0x28, 0xff, 0x30, 0x28, 0x28, 0xff,
    0x30, 0x2c, 0x30, 0xff, 0x28, 0x2c, 0x28, 0xff, 0x30, 0x28, 0x28, 0xff,
    0x28, 0x2c, 0x28, 0xff, 0x28, 0x2c, 0x28, 0xff, 0x30, 0x28, 0x28, 0xff,
    0x30, 0x28, 0x28, 0xff, 0x28, 0x28, 0x28, 0xff, 0x30, 0x2c, 0x28, 0xff,
    0x30, 0x28, 0x28, 0xff, 0x28, 0x28, 0x28, 0xff, 0x28, 0x28, 0x28, 0xff,
    0x30, 0x28, 0x28, 0xff, 0x28, 0x28, 0x28, 0xff, 0x30, 0x2c, 0x28, 0xff,
    0x28, 0x28, 0x28, 0xff, 0x28, 0x28, 0x28, 0xff, 0x30, 0x28, 0x28, 0xff,
    0x28, 0x2c, 0x28, 0xff, 0x28, 0x28, 0x28, 0xff, 0x28, 0x28, 0x28, 0xff,
    0x28, 0x28, 0x28, 0xff, 0x30, 0x2c, 0x28, 0xff, 0x28, 0x28, 0x28, 0xff,
    0x28, 0x28, 0x28, 0xff, 0x28, 0x2c, 0x28, 0xff, 0x28, 0x28, 0x28, 0xff,
    0x28, 0x28, 0x28, 0xff, 0x28, 0x28, 0x28, 0xff, 0x28, 0x2c, 0x28, 0xff,
    0x28, 0x28, 0x28, 0xff, 0x28, 0x28, 0x28, 0xff, 0x28, 0x28, 0x28, 0xff,
    0x30, 0x28, 0x28, 0xff, 0x28, 0x28, 0x28, 0xff, 0x30, 0x28, 0x28, 0xff,
    0x30, 0x28, 0x28, 0xff, 0x28, 0x28, 0x28, 0xff, 0x30, 0x28, 0x28, 0xff,
    0x28, 0x28, 0x28, 0xff, 0x28, 0x28, 0x28, 0xff, 0x30, 0x28, 0x28, 0xff,
    0x28, 0x28, 0x28, 0xff, 0x28, 0x28, 0x28, 0xff, 0x28, 0x28, 0x28, 0xff,
    0x28, 0x28, 0x28, 0xff, 0x28, 0x28, 0x28, 0xff, 0x28, 0x28, 0x20, 0xff,
    0x28, 0x28, 0x28, 0xff, 0x30, 0x28, 0x28, 0xff, 0x28, 0x28, 0x28, 0xff,
    0x28, 0x28, 0x28, 0xff, 0x28, 0x28, 0x28, 0xff, 0x28, 0x28, 0x20, 0xff,
    0x28, 0x28, 0x28, 0xff, 0x30, 0x28, 0x28, 0xff, 0x28, 0x28, 0x28, 0xff,
    0x28, 0x28, 0x28, 0xff, 0x28, 0x28, 0x28, 0xff, 0x28, 0x28, 0x28, 0xff,
    0x28, 0x28, 0x20, 0xff, 0x28, 0x28, 0x28, 0xff, 0x30, 0x24, 0x28, 0xff,
    0x28, 0x28, 0x28, 0xff, 0x28, 0x28, 0x20, 0xff, 0x28, 0x28, 0x28, 0xff,
    0x28, 0x28, 0x28, 0xff, 0x28, 0x24, 0x28, 0xff, 0x28, 0x28, 0x20, 0xff,
    0x28, 0x28, 0x28, 0xff, 0x30, 0x24, 0x28, 0xff, 0x28, 0x28, 0x20, 0xff,
    0x28, 0x28, 0x28, 0xff, 0x30, 0x28, 0x28, 0xff, 0x28, 0x28, 0x20, 0xff,
    0x28, 0x28, 0x28, 0xff, 0x28, 0x24, 0x28, 0xff, 0x28, 0x24, 0x20, 0xff,
    0x28, 0x24, 0x20, 0xff, 0x28, 0x24, 0x28, 0xff, 0x28, 0x28, 0x28, 0xff,
    0x28, 0x28, 0x28, 0xff, 0x28, 0x28, 0x28, 0xff, 0x28, 0x24, 0x20, 0xff,
    0x28, 0x24, 0x28, 0xff, 0x28, 0x28, 0x28, 0xff, 0x28, 0x28, 0x28, 0xff,
    0x28, 0x28, 0x28, 0xff, 0x28, 0x28, 0x20, 0xff, 0x28, 0x24, 0x28, 0xff,
    0x28, 0x28, 0x20, 0xff, 0x28, 0x28, 0x28, 0xff, 0x28, 0x24, 0x28, 0xff,
    0x28, 0x24, 0x20, 0xff, 0x28, 0x28, 0x28, 0xff, 0x28, 0x28, 0x28, 0xff,
    0x28, 0x24, 0x28, 0xff, 0x28, 0x24, 0x20, 0xff, 0x28, 0x28, 0x28, 0xff,
    0x28, 0x24, 0x20, 0xff, 0x28, 0x24, 0x20, 0xff, 0x28, 0x24, 0x28, 0xff,
    0x28, 0x28, 0x28, 0xff, 0x28, 0x24, 0x20, 0xff, 0x28, 0x24, 0x20, 0xff,
    0x28, 0x24, 0x20, 0xff, 0x28, 0x24, 0x28, 0xff, 0x28, 0x24, 0x20, 0xff,
    0x28, 0x24, 0x28, 0xff, 0x28, 0x24, 0x28, 0xff, 0x28, 0x28, 0x20, 0xff,
    0x28, 0x24, 0x20, 0xff, 0x28, 0x24, 0x28, 0xff, 0x28, 0x28, 0x20, 0xff,
    0x28, 0x24, 0x20, 0xff, 0x28, 0x24, 0x28, 0xff, 0x28, 0x24, 0x20, 0xff,
    0x28, 0x24, 0x20, 0xff, 0x28, 0x24, 0x28, 0xff, 0x20, 0x24, 0x20, 0xff,
    0x28, 0x24, 0x28, 0xff, 0x28, 0x24, 0x28, 0xff, 0x28, 0x28, 0x20, 0xff,
    0x28, 0x24, 0x28, 0xff, 0x28, 0x28, 0x20, 0xff, 0x28, 0x24, 0x28, 0xff,
    0x28, 0x24, 0x20, 0xff, 0x28, 0x28, 0x28, 0xff, 0x20, 0x24, 0x20, 0xff,
    0x80, 0x80, 0x80, 0xff, 0xf0, 0xf0, 0xf0, 0x41, 0xf8, 0xfc, 0xf8, 0x00,
    0xf8, 0xfc, 0xf8, 0x00, 0xf8, 0xfc, 0xf8, 0x00, 0xb8, 0xb4, 0xb0, 0xe7,
    0x28, 0x28, 0x28, 0xff, 0x28, 0x2c, 0x28, 0xff, 0x28, 0x28, 0x28, 0xff,
    0x30, 0x2c, 0x28, 0xff, 0x28, 0x28, 0x28, 0xff, 0x30, 0x2c, 0x30, 0xff,
    0x28, 0x2c, 0x28, 0xff, 0x28, 0x28, 0x28, 0xff, 0x28, 0x28, 0x28, 0xff,
    0x30, 0x2c, 0x28, 0xff, 0x30, 0x28, 0x28, 0xff, 0x28, 0x28, 0x30, 0xff,
    0x28, 0x2c, 0x28, 0xff, 0x30, 0x2c, 0x28, 0xff, 0x28, 0x28, 0x28, 0xff,
    0x28, 0x2c, 0x28, 0xff, 0x28, 0x2c, 0x28, 0xff, 0x30, 0x28, 0x28, 0xff,
    0x28, 0x28, 0x28, 0xff, 0x30, 0x2c, 0x28, 0xff, 0x28, 0x28, 0x28, 0xff,
    0x28, 0x2c, 0x28, 0xff, 0x28, 0x28, 0x28, 0xff, 0x30, 0x28, 0x28, 0xff,
    0x28, 0x28, 0x28, 0xff, 0x28, 0x28, 0x28, 0xff, 0x30, 0x28, 0x28, 0xff,
    0x28, 0x28, 0x28, 0xff, 0x28, 0x28, 0x28, 0xff, 0x30, 0x2c, 0x28, 0xff,
    0x30, 0x28, 0x28, 0xff, 0x28, 0x28, 0x28, 0xff, 0x28, 0x2c, 0x28, 0xff,
    0x30, 0x28, 0x28, 0xff, 0x28, 0x28, 0x28, 0xff, 0x28, 0x28, 0x28, 0xff,
    0x28, 0x2c, 0x28, 0xff, 0x30, 0x28, 0x28, 0xff, 0x28, 0x28, 0x28, 0xff,
    0x28, 0x28, 0x28, 0xff, 0x30, 0x2c, 0x28, 0xff, 0x28, 0x28, 0x28, 0xff,
    0x28, 0x28, 0x28, 0xff, 0x28, 0x28, 0x28, 0xff, 0x30, 0x2c, 0x28, 0xff,
    0x28, 0x28, 0x28, 0xff, 0x28, 0x28, 0x28, 0xff, 0x30, 0x28, 0x28, 0xff,
    0x28, 0x2c, 0x28, 0xff, 0x28, 0x28, 0x20, 0xff, 0x30, 0x28, 0x28, 0xff,
    0x28, 0x28, 0x28, 0xff, 0x28, 0x28, 0x28, 0xff, 0x30, 0x28, 0x28, 0xff,
    0x28, 0x28, 0x28, 0xff, 0x28, 0x28, 0x28, 0xff, 0x28, 0x28, 0x28, 0xff,
    0x28, 0x28, 0x20, 0xff, 0x28, 0x28, 0x28, 0xff, 0x30, 0x28, 0x28, 0xff,
    0x28, 0x28, 0x28, 0xff, 0x28, 0x28, 0x28, 0xff, 0x28, 0x28, 0x28, 0xff,
    0x28, 0x28, 0x28, 0xff, 0x28, 0x28, 0x28, 0xff, 0x30, 0x28, 0x28, 0xff,
    0x28, 0x28, 0x28, 0xff, 0x28, 0x28, 0x28, 0xff, 0x28, 0x24, 0x28, 0xff,
    0x28, 0x28, 0x20, 0xff, 0x28, 0x28, 0x28, 0xff, 0x28, 0x24, 0x28, 0xff,
    0x28, 0x28, 0x28, 0xff, 0x30, 0x28, 0x28, 0xff, 0x28, 0x28, 0x28, 0xff,
    0x28, 0x28, 0x28, 0xff, 0x28, 0x28, 0x20, 0xff, 0x28, 0x28, 0x28, 0xff,
    0x28, 0x28, 0x28, 0xff, 0x28, 0x24, 0x20, 0xff, 0x28, 0x28, 0x28, 0xff,
    0x28, 0x24, 0x28, 0xff, 0x28, 0x28, 0x28, 0xff, 0x28, 0x28, 0x28, 0xff,
    0x28, 0x24, 0x20, 0xff, 0x28, 0x28, 0x28, 0xff, 0x30, 0x28, 0x28, 0xff,
    0x28, 0x28, 0x28, 0xff, 0x28, 0x28, 0x20, 0xff, 0x28, 0x28, 0x28, 0xff,
    0x28, 0x24, 0x20, 0xff, 0x28, 0x28, 0x28, 0xff, 0x28, 0x28, 0x20, 0xff,
    0x28, 0x24, 0x20, 0xff, 0x28, 0x28, 0x28, 0xff, 0x28, 0x24, 0x28, 0xff,
    0x28, 0x28, 0x20, 0xff, 0x28, 0x24, 0x28, 0xff, 0x28, 0x28, 0x20, 0xff,
    0x28, 0x24, 0x28, 0xff, 0x28, 0x28, 0x28, 0xff, 0x28, 0x28, 0x20, 0xff,
    0x28, 0x24, 0x20, 0xff, 0x28, 0x24, 0x28, 0xff, 0x28, 0x24, 0x20, 0xff,
    0x28, 0x28, 0x28, 0xff, 0x28, 0x24, 0x20, 0xff, 0x28, 0x24, 0x28, 0xff,
    0x28, 0x24, 0x20, 0xff, 0x28, 0x24, 0x28, 0xff, 0x28, 0x24, 0x28, 0xff,
    0x28, 0x24, 0x20, 0xff, 0x28, 0x24, 0x28, 0xff, 0x28, 0x28, 0x28, 0xff,
    0x28, 0x24, 0x20, 0xff, 0x28, 0x24, 0x20, 0xff, 0x28, 0x28, 0x28, 0xff,
    0x28, 0x24, 0x28, 0xff, 0x28, 0x24, 0x20, 0xff, 0x28, 0x24, 0x28, 0xff,
    0x28, 0x24, 0x28, 0xff, 0x28, 0x24, 0x20, 0xff, 0x28, 0x28, 0x28, 0xff,
    0x28, 0x24, 0x28, 0xff, 0x20, 0x28, 0x20, 0xff, 0x28, 0x24, 0x28, 0xff,
    0x28, 0x28, 0x20, 0xff, 0x28, 0x28, 0x20, 0xff, 0x28, 0x24, 0x28, 0xff,
    0x28, 0x24, 0x20, 0xff, 0x28, 0x24, 0x28, 0xff, 0x28, 0x24, 0x20, 0xff,
    0x20, 0x24, 0x28, 0xff, 0x28, 0x24, 0x20, 0xff, 0x28, 0x24, 0x28, 0xff,
    0x28, 0x24, 0x20, 0xff, 0x28, 0x24, 0x28, 0xff, 0x80, 0x80, 0x80, 0xff,
    0xf0, 0xf4, 0xf0, 0x41, 0xf8, 0xfc, 0xf8, 0x00, 0xf8, 0xfc, 0xf8, 0x00,
    0xf8, 0xfc, 0xf8, 0x00, 0xb8, 0xb4, 0xb0, 0xe7, 0x30, 0x2c, 0x30, 0xff,
    0x28, 0x2c, 0x28, 0xff, 0x30, 0x28, 0x28, 0xff, 0x28, 0x2c, 0x28, 0xff,
    0x30, 0x2c, 0x28, 0xff, 0x28, 0x28, 0x28, 0xff, 0x30, 0x2c, 0x28, 0xff,
    0x30, 0x2c, 0x28, 0xff, 0x28, 0x28, 0x28, 0xff, 0x28, 0x2c, 0x28, 0xff,
    0x30, 0x2c, 0x28, 0xff, 0x30, 0x28, 0x28, 0xff, 0x28, 0x28, 0x28, 0xff,
    0x28, 0x2c, 0x28, 0xff, 0x30, 0x2c, 0x30, 0xff, 0x30, 0x28, 0x28, 0xff,
    0x28, 0x28, 0x28, 0xff, 0x28, 0x2c, 0x30, 0xff, 0x30, 0x28, 0x28, 0xff,
    0x30, 0x2c, 0x28, 0xff, 0x28, 0x28, 0x28, 0xff, 0x28, 0x2c, 0x30, 0xff,
    0x30, 0x2c, 0x28, 0xff, 0x28, 0x28, 0x28, 0xff, 0x30, 0x2c, 0x28, 0xff,
    0x28, 0x2c, 0x28, 0xff, 0x30, 0x28, 0x28, 0xff, 0x30, 0x28, 0x28, 0xff,
    0x28, 0x2c, 0x28, 0xff, 0x28, 0x28, 0x28, 0xff, 0x28, 0x28, 0x28, 0xff,
    0x28, 0x28, 0x28, 0xff, 0x30, 0x28, 0x28, 0xff, 0x30, 0x28, 0x28, 0xff,
    0x28, 0x28, 0x28, 0xff, 0x28, 0x2c, 0x28, 0xff, 0x30, 0x28, 0x28, 0xff,
    0x30, 0x28, 0x28, 0xff, 0x28, 0x28, 0x28, 0xff, 0x30, 0x2c, 0x28, 0xff,
    0x28, 0x28, 0x28, 0xff, 0x30, 0x28, 0x28, 0xff, 0x28, 0x28, 0x28, 0xff,
    0x28, 0x2c, 0x28, 0xff, 0x28, 0x28, 0x28, 0xff, 0x28, 0x28, 0x28, 0xff,
    0x28, 0x28, 0x28, 0xff, 0x28, 0x28, 0x28, 0xff, 0x28, 0x28, 0x28, 0xff,
    0x28, 0x28, 0x28, 0xff, 0x28, 0x28, 0x28, 0xff, 0x30, 0x28, 0x28, 0xff,
    0x28, 0x28, 0x20, 0xff, 0x28, 0x28, 0x28, 0xff, 0x30, 0x28, 0x28, 0xff,
    0x28, 0x28, 0x28, 0xff, 0x28, 0x28, 0x28, 0xff, 0x30, 0x28, 0x28, 0xff,
    0x28, 0x28, 0x20, 0xff, 0x28, 0x28, 0x28, 0xff, 0x28, 0x28, 0x28, 0xff,
    0x30, 0x28, 0x28, 0xff, 0x28, 0x28, 0x20, 0xff, 0x28, 0x28, 0x28, 0xff,
    0x28, 0x28, 0x28, 0xff, 0x28, 0x24, 0x20, 0xff, 0x28, 0x28, 0x20, 0xff,
    0x28, 0x28, 0x28, 0xff, 0x30, 0x24, 0x28, 0xff, 0x28, 0x28, 0x28, 0xff,
    0x28, 0x28, 0x20, 0xff, 0x28, 0x28, 0x28, 0xff, 0x28, 0x24, 0x28, 0xff,
    0x28, 0x28, 0x20, 0xff, 0x28, 0x24, 0x28, 0xff, 0x28, 0x28, 0x28, 0xff,
    0x30, 0x24, 0x28, 0xff, 0x28, 0x28, 0x28, 0xff, 0x28, 0x28, 0x28, 0xff,
    0x28, 0x28, 0x28, 0xff, 0x28, 0x24, 0x20, 0xff, 0x28, 0x28, 0x28, 0xff,
    0x28, 0x28, 0x28, 0xff, 0x28, 0x28, 0x20, 0xff, 0x28, 0x24, 0x28, 0xff,
    0x28, 0x28, 0x28, 0xff, 0x28, 0x28, 0x20, 0xff, 0x28, 0x28, 0x28, 0xff,
    0x28, 0x24, 0x28, 0xff, 0x28, 0x28, 0x28, 0xff, 0x28, 0x24, 0x20, 0xff,
    0x28, 0x24, 0x28, 0xff, 0x28, 0x28, 0x28, 0xff, 0x28, 0x24, 0x20, 0xff,
    0x28, 0x24, 0x28, 0xff, 0x28, 0x28, 0x20, 0xff, 0x28, 0x24, 0x28, 0xff,
    0x28, 0x28, 0x28, 0xff, 0x28, 0x24, 0x28, 0xff, 0x28, 0x24, 0x20, 0xff,
    0x28, 0x28, 0x28, 0xff, 0x28, 0x24, 0x20, 0xff, 0x28, 0x24, 0x28, 0xff,
    0x28, 0x28, 0x28, 0xff, 0x28, 0x28, 0x20, 0xff, 0x28, 0x24, 0x20, 0xff,
    0x28, 0x24, 0x28, 0xff, 0x28, 0x24, 0x28, 0xff, 0x28, 0x28, 0x28, 0xff,
    0x28, 0x28, 0x20, 0xff, 0x28, 0x28, 0x28, 0xff, 0x28, 0x24, 0x20, 0xff,
    0x28, 0x24, 0x28, 0xff, 0x28, 0x28, 0x28, 0xff, 0x20, 0x24, 0x20, 0xff,
    0x28, 0x28, 0x28, 0xff, 0x28, 0x24, 0x20, 0xff, 0x20, 0x24, 0x20, 0xff,
    0x28, 0x24, 0x28, 0xff, 0x28, 0x28, 0x20, 0xff, 0x20, 0x24, 0x20, 0xff,
    0x28, 0x24, 0x28, 0xff, 0x20, 0x24, 0x20, 0xff, 0x28, 0x24, 0x20, 0xff,
    0x28, 0x24, 0x28, 0xff, 0x20, 0x24, 0x20, 0xff, 0x28, 0x24, 0x20, 0xff,
    0x28, 0x24, 0x28, 0xff, 0x28, 0x24, 0x20, 0xff, 0x28, 0x28, 0x28, 0xff,
    0x28, 0x24, 0x20, 0xff, 0x28, 0x24, 0x28, 0xff, 0x20, 0x24, 0x20, 0xff,
    0x28, 0x28, 0x28, 0xff, 0x28, 0x24, 0x20, 0xff, 0x20, 0x24, 0x20, 0xff,
    0x28, 0x24, 0x28, 0xff, 0x80, 0x80, 0x80, 0xff, 0xf0, 0xf0, 0xf0, 0x41,
    0xf8, 0xfc, 0xf8, 0x00, 0xf8, 0xfc, 0xf8, 0x00, 0xf8, 0xfc, 0xf8, 0x00,
    0xb0, 0xb4, 0xb8, 0xe7, 0x30, 0x28, 0x28, 0xff, 0x28, 0x2c, 0x28, 0xff,
    0x30, 0x28, 0x28, 0xff, 0x30, 0x28, 0x28, 0xff, 0x28, 0x2c, 0x30, 0xff,
    0x28, 0x28, 0x28, 0xff, 0x30, 0x28, 0x28, 0xff, 0x28, 0x2c, 0x28, 0xff,
    0x30, 0x28, 0x30, 0xff, 0x28, 0x28, 0x28, 0xff, 0x28, 0x2c, 0x28, 0xff,
    0x28, 0x2c, 0x28, 0xff, 0x30, 0x28, 0x28, 0xff, 0x28, 0x28, 0x28, 0xff,
    0x28, 0x28, 0x28, 0xff, 0x30, 0x28, 0x28, 0xff, 0x30, 0x2c, 0x28, 0xff,
    0x28, 0x28, 0x28, 0xff, 0x28, 0x2c, 0x28, 0xff, 0x28, 0x28, 0x28, 0xff,
    0x30, 0x28, 0x28, 0xff, 0x30, 0x28, 0x28, 0xff, 0x28, 0x2c, 0x28, 0xff,
    0x28, 0x28, 0x28, 0xff, 0x28, 0x28, 0x28, 0xff, 0x30, 0x28, 0x28, 0xff,
    0x28, 0x28, 0x28, 0xff, 0x28, 0x2c, 0x28, 0xff, 0x28, 0x28, 0x28, 0xff,
    0x28, 0x28, 0x28, 0xff, 0x30, 0x2c, 0x28, 0xff, 0x28, 0x28, 0x28, 0xff,
    0x28, 0x28, 0x28, 0xff, 0x30, 0x2c, 0x28, 0xff, 0x28, 0x28, 0x28, 0xff,
    0x28, 0x28, 0x28, 0xff, 0x28, 0x28, 0x28, 0xff, 0x28, 0x28, 0x28, 0xff,
    0x28, 0x28, 0x28, 0xff, 0x30, 0x28, 0x28, 0xff, 0x28, 0x28, 0x28, 0xff,
    0x28, 0x28, 0x28, 0xff, 0x30, 0x28, 0x28, 0xff, 0x28, 0x28, 0x28, 0xff,
    0x28, 0x28, 0x28, 0xff, 0x30, 0x28, 0x28, 0xff, 0x28, 0x28, 0x28, 0xff,
    0x28, 0x28, 0x20, 0xff, 0x30, 0x28, 0x28, 0xff, 0x28, 0x28, 0x28, 0xff,
    0x28, 0x28, 0x28, 0xff, 0x28, 0x28, 0x28, 0xff, 0x28, 0x28, 0x28, 0xff,
    0x28, 0x28, 0x28, 0xff, 0x28, 0x28, 0x28, 0xff, 0x28, 0x28, 0x20, 0xff,
    0x28, 0x28, 0x28, 0xff, 0x28, 0x28, 0x28, 0xff, 0x28, 0x28, 0x28, 0xff,
    0x28, 0x28, 0x28, 0xff, 0x28, 0x28, 0x20, 0xff, 0x30, 0x28, 0x28, 0xff,
    0x28, 0x28, 0x28, 0xff, 0x28, 0x28, 0x28, 0xff, 0x28, 0x28, 0x28, 0xff,
    0x28, 0x28, 0x28, 0xff, 0x28, 0x28, 0x28, 0xff, 0x28, 0x28, 0x28, 0xff,
    0x28, 0x28, 0x28, 0xff, 0x28, 0x28, 0x28, 0xff, 0x28, 0x28, 0x28, 0xff,
    0x30, 0x28, 0x28, 0xff, 0x28, 0x28, 0x20, 0xff, 0x28, 0x28, 0x28, 0xff,
    0x28, 0x28, 0x20, 0xff, 0x28, 0x24, 0x28, 0xff, 0x28, 0x28, 0x20, 0xff,
    0x28, 0x28, 0x20, 0xff, 0x28, 0x24, 0x28, 0xff, 0x28, 0x28, 0x28, 0xff,
    0x30, 0x28, 0x20, 0xff, 0x28, 0x24, 0x28, 0xff, 0x28, 0x24, 0x20, 0xff,
    0x28, 0x28, 0x28, 0xff, 0x28, 0x28, 0x28, 0xff, 0x28, 0x24, 0x20, 0xff,
    0x28, 0x24, 0x28, 0xff, 0x28, 0x24, 0x20, 0xff, 0x28, 0x24, 0x28, 0xff,
    0x28, 0x28, 0x28, 0xff, 0x28, 0x28, 0x20, 0xff, 0x28, 0x24, 0x28, 0xff,
    0x28, 0x28, 0x28, 0xff, 0x28, 0x28, 0x28, 0xff, 0x28, 0x24, 0x20, 0xff,
    0x28, 0x28, 0x28, 0xff, 0x28, 0x28, 0x28, 0xff, 0x28, 0x24, 0x20, 0xff,
    0x28, 0x28, 0x28, 0xff, 0x28, 0x28, 0x28, 0xff, 0x28, 0x24, 0x20, 0xff,
    0x28, 0x24, 0x28, 0xff, 0x28, 0x28, 0x28, 0xff, 0x28, 0x28, 0x28, 0xff,
    0x28, 0x24, 0x20, 0xff, 0x28, 0x24, 0x28, 0xff, 0x28, 0x28, 0x28, 0xff,
    0x28, 0x28, 0x20, 0xff, 0x28, 0x24, 0x28, 0xff, 0x28, 0x28, 0x28, 0xff,
    0x28, 0x28, 0x20, 0xff, 0x28, 0x24, 0x20, 0xff, 0x28, 0x28, 0x28, 0xff,
    0x28, 0x24, 0x20, 0xff, 0x28, 0x28, 0x28, 0xff, 0x28, 0x24, 0x28, 0xff,
    0x28, 0x24, 0x20, 0xff, 0x28, 0x24, 0x28, 0xff, 0x20, 0x28, 0x28, 0xff,
    0x28, 0x24, 0x20, 0xff, 0x28, 0x24, 0x28, 0xff, 0x28, 0x28, 0x28, 0xff,
    0x28, 0x24, 0x20, 0xff, 0x28, 0x24, 0x28, 0xff, 0x28, 0x24, 0x28, 0xff,
    0x28, 0x24, 0x20, 0xff, 0x28, 0x24, 0x28, 0xff, 0x20, 0x24, 0x20, 0xff,
    0x20, 0x24, 0x20, 0xff, 0x28, 0x24, 0x20, 0xff, 0x28, 0x28, 0x28, 0xff,
    0x28, 0x24, 0x20, 0xff, 0x28, 0x24, 0x20, 0xff, 0x28, 0x24, 0x20, 0xff,
    0x28, 0x24, 0x20, 0xff, 0x28, 0x24, 0x28, 0xff, 0x28, 0x28, 0x20, 0xff,
    0x80, 0x80, 0x80, 0xff, 0xf0, 0xf0, 0xf0, 0x41, 0xf8, 0xfc, 0xf8, 0x00,
    0xf8, 0xfc, 0xf8, 0x00, 0xf8, 0xfc, 0xf8, 0x00, 0xb8, 0xb4, 0xb0, 0xe7,
    0x28, 0x28, 0x28, 0xff, 0x28, 0x2c, 0x28, 0xff, 0x28, 0x2c, 0x28, 0xff,
    0x30, 0x28, 0x28, 0xff, 0x28, 0x2c, 0x28, 0xff, 0x30, 0x2c, 0x28, 0xff,
    0x28, 0x28, 0x28, 0xff, 0x28, 0x2c, 0x28, 0xff, 0x30, 0x2c, 0x28, 0xff,
    0x28, 0x28, 0x28, 0xff, 0x28, 0x28, 0x28, 0xff, 0x30, 0x28, 0x28, 0xff,
    0x28, 0x28, 0x28, 0xff, 0x30, 0x2c, 0x28, 0xff, 0x28, 0x2c, 0x28, 0xff,
    0x28, 0x2c, 0x28, 0xff, 0x28, 0x28, 0x28, 0xff, 0x30, 0x28, 0x28, 0xff,
    0x28, 0x2c, 0x28, 0xff, 0x28, 0x28, 0x28, 0xff, 0x28, 0x28, 0x28, 0xff,
    0x28, 0x28, 0x28, 0xff, 0x30, 0x28, 0x28, 0xff, 0x28, 0x28, 0x28, 0xff,
    0x28, 0x28, 0x28, 0xff, 0x30, 0x28, 0x28, 0xff, 0x28, 0x2c, 0x28, 0xff,
    0x28, 0x2c, 0x28, 0xff, 0x30, 0x28, 0x28, 0xff, 0x30, 0x28, 0x28, 0xff,
    0x28, 0x28, 0x28, 0xff, 0x28, 0x2c, 0x28, 0xff, 0x28, 0x28, 0x28, 0xff,
    0x30, 0x28, 0x28, 0xff, 0x28, 0x2c, 0x28, 0xff, 0x30, 0x28, 0x28, 0xff,
    0x28, 0x28, 0x28, 0xff, 0x28, 0x28, 0x28, 0xff, 0x28, 0x28, 0x28, 0xff,
    0x28, 0x28, 0x28, 0xff, 0x28, 0x2c, 0x28, 0xff, 0x28, 0x28, 0x28, 0xff,
    0x28, 0x28, 0x28, 0xff, 0x28, 0x2c, 0x28, 0xff, 0x30, 0x28, 0x28, 0xff,
    0x28, 0x28, 0x28, 0xff, 0x28, 0x28, 0x28, 0xff, 0x30, 0x28, 0x28, 0xff,
    0x28, 0x28, 0x28, 0xff, 0x28, 0x28, 0x28, 0xff, 0x30, 0x28, 0x20, 0xff,
    0x28, 0x28, 0x28, 0xff, 0x28, 0x28, 0x28, 0xff, 0x30, 0x28, 0x28, 0xff,
    0x28, 0x28, 0x28, 0xff, 0x30, 0x28, 0x28, 0xff, 0x28, 0x28, 0x20, 0xff,
    0x28, 0x28, 0x28, 0xff, 0x28, 0x28, 0x28, 0xff, 0x30, 0x28, 0x28, 0xff,
    0x28, 0x28, 0x28, 0xff, 0x28, 0x28, 0x28, 0xff, 0x28, 0x28, 0x28, 0xff,
    0x28, 0x28, 0x28, 0xff, 0x30, 0x28, 0x20, 0xff, 0x28, 0x28, 0x28, 0xff,
    0x28, 0x28, 0x28, 0xff, 0x30, 0x24, 0x20, 0xff, 0x28, 0x28, 0x28, 0xff,
    0x28, 0x28, 0x20, 0xff, 0x28, 0x24, 0x28, 0xff, 0x28, 0x28, 0x28, 0xff,
    0x28, 0x28, 0x28, 0xff, 0x28, 0x24, 0x20, 0xff, 0x28, 0x28, 0x28, 0xff,
    0x28, 0x28, 0x28, 0xff, 0x28, 0x24, 0x20, 0xff, 0x28, 0x28, 0x28, 0xff,
    0x28, 0x28, 0x28, 0xff, 0x28, 0x24, 0x20, 0xff, 0x28, 0x24, 0x28, 0xff,
    0x28, 0x28, 0x28, 0xff, 0x28, 0x28, 0x28, 0xff, 0x28, 0x28, 0x28, 0xff,
    0x28, 0x24, 0x20, 0xff, 0x28, 0x28, 0x28, 0xff, 0x28, 0x28, 0x28, 0xff,
    0x28, 0x24, 0x20, 0xff, 0x28, 0x28, 0x28, 0xff, 0x28, 0x24, 0x20, 0xff,
    0x28, 0x28, 0x28, 0xff, 0x28, 0x24, 0x20, 0xff, 0x28, 0x24, 0x28, 0xff,
    0x28, 0x28, 0x28, 0xff, 0x28, 0x24, 0x20, 0xff, 0x28, 0x24, 0x28, 0xff,
    0x28, 0x28, 0x20, 0xff, 0x28, 0x24, 0x20, 0xff, 0x28, 0x24, 0x28, 0xff,
    0x28, 0x24, 0x20, 0xff, 0x28, 0x28, 0x28, 0xff, 0x28, 0x24, 0x20, 0xff,
    0x28, 0x28, 0x28, 0xff, 0x28, 0x24, 0x20, 0xff, 0x28, 0x24, 0x20, 0xff,
    0x28, 0x28, 0x28, 0xff, 0x28, 0x24, 0x20, 0xff, 0x28, 0x24, 0x20, 0xff,
    0x28, 0x24, 0x20, 0xff, 0x28, 0x24, 0x28, 0xff, 0x28, 0x24, 0x20, 0xff,
    0x20, 0x24, 0x28, 0xff, 0x28, 0x24, 0x20, 0xff, 0x28, 0x24, 0x20, 0xff,
    0x28, 0x24, 0x28, 0xff, 0x28, 0x24, 0x20, 0xff, 0x28, 0x24, 0x20, 0xff,
    0x28, 0x28, 0x28, 0xff, 0x28, 0x24, 0x20, 0xff, 0x28, 0x24, 0x20, 0xff,
    0x28, 0x24, 0x28, 0xff, 0x20, 0x24, 0x20, 0xff, 0x28, 0x28, 0x20, 0xff,
    0x28, 0x24, 0x28, 0xff, 0x28, 0x28, 0x20, 0xff, 0x28, 0x24, 0x28, 0xff,
    0x28, 0x24, 0x28, 0xff, 0x28, 0x28, 0x28, 0xff, 0x28, 0x24, 0x20, 0xff,
    0x28, 0x24, 0x28, 0xff, 0x20, 0x24, 0x20, 0xff, 0x28, 0x24, 0x20, 0xff,
    0x28, 0x24, 0x28, 0xff, 0x28, 0x24, 0x28, 0xff, 0x20, 0x24, 0x20, 0xff,
    0x28, 0x24, 0x28, 0xff, 0x28, 0x24, 0x20, 0xff, 0x80, 0x80, 0x80, 0xff,
    0xf0, 0xf4, 0xf0, 0x41, 0xf8, 0xfc, 0xf8, 0x00, 0xf8, 0xfc, 0xf8, 0x00,
    0xf8, 0xfc, 0xf8, 0x00, 0xb8, 0xb4, 0xb0, 0xe7, 0x30, 0x2c, 0x28, 0xff,
    0x28, 0x28, 0x28, 0xff, 0x30, 0x2c, 0x28, 0xff, 0x28, 0x28, 0x28, 0xff,
    0x30, 0x2c, 0x28, 0xff, 0x30, 0x28, 0x28, 0xff, 0x28, 0x28, 0x30, 0xff,
    0x28, 0x2c, 0x28, 0xff, 0x30, 0x28, 0x28, 0xff, 0x28, 0x2c, 0x28, 0xff,
    0x30, 0x2c, 0x30, 0xff, 0x28, 0x28, 0x28, 0xff, 0x28, 0x2c, 0x28, 0xff,
    0x30, 0x2c, 0x30, 0xff, 0x30, 0x28, 0x28, 0xff, 0x28, 0x28, 0x28, 0xff,
    0x28, 0x28, 0x28, 0xff, 0x30, 0x28, 0x28, 0xff, 0x30, 0x2c, 0x30, 0xff,
    0x28, 0x28, 0x28, 0xff, 0x28, 0x28, 0x28, 0xff, 0x30, 0x2c, 0x28, 0xff,
    0x28, 0x2c, 0x28, 0xff, 0x30, 0x28, 0x28, 0xff, 0x28, 0x28, 0x28, 0xff,
    0x28, 0x2c, 0x28, 0xff, 0x30, 0x28, 0x28, 0xff, 0x28, 0x28, 0x28, 0xff,
    0x28, 0x28, 0x28, 0xff, 0x30, 0x28, 0x28, 0xff, 0x28, 0x28, 0x28, 0xff,
    0x28, 0x28, 0x28, 0xff, 0x28, 0x28, 0x28, 0xff, 0x28, 0x28, 0x28, 0xff,
    0x30, 0x28, 0x28, 0xff, 0x28, 0x28, 0x28, 0xff, 0x28, 0x28, 0x28, 0xff,
    0x30, 0x28, 0x28, 0xff, 0x30, 0x28, 0x28, 0xff, 0x28, 0x28, 0x28, 0xff,
    0x28, 0x28, 0x28, 0xff, 0x30, 0x28, 0x28, 0xff, 0x28, 0x28, 0x28, 0xff,
    0x28, 0x28, 0x28, 0xff, 0x28, 0x28, 0x28, 0xff, 0x28, 0x28, 0x28, 0xff,
    0x28, 0x28, 0x28, 0xff, 0x28, 0x28, 0x28, 0xff, 0x28, 0x28, 0x28, 0xff,
    0x28, 0x28, 0x28, 0xff, 0x28, 0x28, 0x28, 0xff, 0x28, 0x28, 0x28, 0xff,
    0x30, 0x28, 0x28, 0xff, 0x28, 0x28, 0x20, 0xff, 0x28, 0x28, 0x28, 0xff,
    0x28, 0x28, 0x28, 0xff, 0x28, 0x28, 0x28, 0xff, 0x28, 0x28, 0x28, 0xff,
    0x28, 0x28, 0x20, 0xff, 0x28, 0x28, 0x28, 0xff, 0x28, 0x24, 0x28, 0xff,
    0x28, 0x28, 0x20, 0xff, 0x28, 0x28, 0x28, 0xff, 0x28, 0x24, 0x28, 0xff,
    0x28, 0x28, 0x28, 0xff, 0x28, 0x28, 0x28, 0xff, 0x28, 0x24, 0x28, 0xff,
    0x28, 0x28, 0x28, 0xff, 0x28, 0x28, 0x20, 0xff, 0x28, 0x24, 0x28, 0xff,
    0x28, 0x28, 0x28, 0xff, 0x28, 0x28, 0x28, 0xff, 0x28, 0x24, 0x28, 0xff,
    0x28, 0x28, 0x28, 0xff, 0x30, 0x28, 0x28, 0xff, 0x28, 0x28, 0x28, 0xff,
    0x28, 0x24, 0x28, 0xff, 0x28, 0x28, 0x28, 0xff, 0x28, 0x28, 0x28, 0xff,
    0x28, 0x28, 0x28, 0xff, 0x28, 0x24, 0x20, 0xff, 0x28, 0x28, 0x28, 0xff,
    0x28, 0x28, 0x28, 0xff, 0x28, 0x24, 0x20, 0xff, 0x28, 0x28, 0x28, 0xff,
    0x28, 0x24, 0x28, 0xff, 0x28, 0x28, 0x20, 0xff, 0x28, 0x28, 0x28, 0xff,
    0x28, 0x28, 0x28, 0xff, 0x28, 0x24, 0x28, 0xff, 0x28, 0x28, 0x20, 0xff,
    0x28, 0x28, 0x28, 0xff, 0x28, 0x24, 0x20, 0xff, 0x28, 0x28, 0x28, 0xff,
    0x28, 0x28, 0x28, 0xff, 0x28, 0x24, 0x28, 0xff, 0x28, 0x28, 0x28, 0xff,
    0x28, 0x28, 0x28, 0xff, 0x28, 0x24, 0x20, 0xff, 0x28, 0x28, 0x28, 0xff,
    0x28, 0x28, 0x28, 0xff, 0x28, 0x24, 0x20, 0xff, 0x28, 0x24, 0x20, 0xff,
    0x28, 0x24, 0x28, 0xff, 0x28, 0x28, 0x28, 0xff, 0x28, 0x24, 0x20, 0xff,
    0x28, 0x24, 0x28, 0xff, 0x28, 0x28, 0x28, 0xff, 0x28, 0x24, 0x28, 0xff,
    0x28, 0x28, 0x28, 0xff, 0x28, 0x24, 0x20, 0xff, 0x28, 0x24, 0x28, 0xff,
    0x28, 0x24, 0x28, 0xff, 0x28, 0x28, 0x20, 0xff, 0x20, 0x28, 0x28, 0xff,
    0x28, 0x24, 0x28, 0xff, 0x28, 0x24, 0x20, 0xff, 0x28, 0x24, 0x28, 0xff,
    0x28, 0x24, 0x20, 0xff, 0x28, 0x28, 0x28, 0xff, 0x28, 0x24, 0x20, 0xff,
    0x28, 0x24, 0x20, 0xff, 0x28, 0x24, 0x28, 0xff, 0x20, 0x24, 0x20, 0xff,
    0x28, 0x28, 0x20, 0xff, 0x28, 0x24, 0x20, 0xff, 0x28, 0x24, 0x28, 0xff,
    0x28, 0x24, 0x20, 0xff, 0x28, 0x24, 0x28, 0xff, 0x28, 0x24, 0x28, 0xff,
    0x28, 0x24, 0x28, 0xff, 0x20, 0x24, 0x20, 0xff, 0x28, 0x28, 0x28, 0xff,
    0x28, 0x24, 0x28, 0xff, 0x20, 0x24, 0x20, 0xff, 0x28, 0x28, 0x28, 0xff,
    0x28, 0x24, 0x20, 0xff, 0x80, 0x80, 0x80, 0xff, 0xf0, 0xf0, 0xf0, 0x41,
    0xf8, 0xfc, 0xf8, 0x00, 0xf8, 0xfc, 0xf8, 0x00, 0xf8, 0xfc, 0xf8, 0x00,
    0xb0, 0xb4, 0xb8, 0xe7, 0x30, 0x2c, 0x28, 0xff, 0x30, 0x2c, 0x30, 0xff,
    0x28, 0x28, 0x28, 0xff, 0x28, 0x2c, 0x28, 0xff, 0x30, 0x2c, 0x30, 0xff,
    0x28, 0x28, 0x28, 0xff, 0x28, 0x2c, 0x28, 0xff, 0x30, 0x28, 0x28, 0xff,
    0x30, 0x28, 0x28, 0xff, 0x28, 0x2c, 0x28, 0xff, 0x28, 0x28, 0x28, 0xff,
    0x30, 0x28, 0x28, 0xff, 0x30, 0x2c, 0x28, 0xff, 0x28, 0x28, 0x28, 0xff,
    0x28, 0x28, 0x28, 0xff, 0x30, 0x2c, 0x28, 0xff, 0x28, 0x28, 0x28, 0xff,
    0x28, 0x28, 0x28, 0xff, 0x30, 0x28, 0x28, 0xff, 0x28, 0x2c, 0x28, 0xff,
    0x30, 0x28, 0x28, 0xff, 0x28, 0x28, 0x28, 0xff, 0x28, 0x28, 0x28, 0xff,
    0x30, 0x2c, 0x28, 0xff, 0x28, 0x2c, 0x28, 0xff, 0x28, 0x28, 0x28, 0xff,
    0x30, 0x28, 0x28, 0xff, 0x28, 0x28, 0x28, 0xff, 0x28, 0x2c, 0x28, 0xff,
    0x28, 0x28, 0x28, 0xff, 0x30, 0x2c, 0x28, 0xff, 0x30, 0x28, 0x28, 0xff,
    0x28, 0x28, 0x28, 0xff, 0x28, 0x2c, 0x28, 0xff, 0x28, 0x28, 0x28, 0xff,
    0x28, 0x28, 0x28, 0xff, 0x30, 0x28, 0x28, 0xff, 0x28, 0x2c, 0x28, 0xff,
    0x28, 0x28, 0x28, 0xff, 0x28, 0x28, 0x28, 0xff, 0x30, 0x28, 0x28, 0xff,
    0x28, 0x28, 0x28, 0xff, 0x28, 0x28, 0x28, 0xff, 0x30, 0x28, 0x28, 0xff,
    0x28, 0x28, 0x28, 0xff, 0x28, 0x28, 0x28, 0xff, 0x30, 0x28, 0x20, 0xff,
    0x28, 0x28, 0x28, 0xff, 0x28, 0x28, 0x28, 0xff, 0x30, 0x28, 0x28, 0xff,
    0x28, 0x28, 0x28, 0xff, 0x28, 0x28, 0x28, 0xff, 0x28, 0x28, 0x28, 0xff,
    0x28, 0x28, 0x28, 0xff, 0x28, 0x28, 0x20, 0xff, 0x28, 0x28, 0x28, 0xff,
    0x28, 0x28, 0x28, 0xff, 0x30, 0x28, 0x28, 0xff, 0x28, 0x28, 0x28, 0xff,
    0x28, 0x28, 0x28, 0xff, 0x28, 0x28, 0x28, 0xff, 0x28, 0x28, 0x20, 0xff,
    0x30, 0x28, 0x28, 0xff, 0x28, 0x28, 0x28, 0xff, 0x28, 0x28, 0x28, 0xff,
    0x28, 0x28, 0x20, 0xff, 0x28, 0x28, 0x28, 0xff, 0x28, 0x28, 0x28, 0xff,
    0x28, 0x28, 0x28, 0xff, 0x30, 0x28, 0x28, 0xff, 0x28, 0x28, 0x20, 0xff,
    0x28, 0x28, 0x20, 0xff, 0x28, 0x28, 0x28, 0xff, 0x28, 0x24, 0x28, 0xff,
    0x28, 0x24, 0x20, 0xff, 0x28, 0x28, 0x28, 0xff, 0x28, 0x28, 0x28, 0xff,
    0x30, 0x28, 0x20, 0xff, 0x28, 0x28, 0x28, 0xff, 0x28, 0x24, 0x20, 0xff,
    0x28, 0x28, 0x28, 0xff, 0x28, 0x28, 0x28, 0xff, 0x28, 0x24, 0x20, 0xff,
    0x28, 0x24, 0x28, 0xff, 0x28, 0x28, 0x28, 0xff, 0x28, 0x24, 0x20, 0xff,
    0x28, 0x24, 0x28, 0xff, 0x28, 0x28, 0x28, 0xff, 0x28, 0x28, 0x28, 0xff,
    0x28, 0x24, 0x20, 0xff, 0x28, 0x24, 0x28, 0xff, 0x28, 0x28, 0x28, 0xff,
    0x28, 0x24, 0x20, 0xff, 0x28, 0x24, 0x20, 0xff, 0x28, 0x28, 0x28, 0xff,
    0x28, 0x24, 0x20, 0xff, 0x28, 0x24, 0x28, 0xff, 0x28, 0x28, 0x28, 0xff,
    0x28, 0x24, 0x20, 0xff, 0x28, 0x28, 0x28, 0xff, 0x28, 0x24, 0x20, 0xff,
    0x28, 0x28, 0x28, 0xff, 0x28, 0x24, 0x28, 0xff, 0x28, 0x28, 0x28, 0xff,
    0x28, 0x24, 0x20, 0xff, 0x28, 0x24, 0x28, 0xff, 0x28, 0x24, 0x20, 0xff,
    0x28, 0x24, 0x20, 0xff, 0x28, 0x28, 0x28, 0xff, 0x28, 0x24, 0x20, 0xff,
    0x28, 0x24, 0x20, 0xff, 0x28, 0x28, 0x28, 0xff, 0x28, 0x24, 0x28, 0xff,
    0x28, 0x24, 0x20, 0xff, 0x28, 0x24, 0x20, 0xff, 0x28, 0x24, 0x28, 0xff,
    0x28, 0x28, 0x28, 0xff, 0x20, 0x24, 0x20, 0xff, 0x28, 0x24, 0x28, 0xff,
    0x28, 0x24, 0x28, 0xff, 0x28, 0x28, 0x20, 0xff, 0x28, 0x24, 0x28, 0xff,
    0x28, 0x24, 0x28, 0xff, 0x28, 0x24, 0x20, 0xff, 0x20, 0x24, 0x20, 0xff,
    0x28, 0x24, 0x28, 0xff, 0x20, 0x24, 0x20, 0xff, 0x20, 0x24, 0x20, 0xff,
    0x28, 0x24, 0x20, 0xff, 0x28, 0x24, 0x20, 0xff, 0x28, 0x24, 0x28, 0xff,
    0x28, 0x24, 0x20, 0xff, 0x28, 0x24, 0x20, 0xff, 0x28, 0x24, 0x28, 0xff,
    0x28, 0x24, 0x20, 0xff, 0x28, 0x24, 0x20, 0xff, 0x28, 0x24, 0x28, 0xff,
    0x80, 0x80, 0x80, 0xff, 0xf0, 0xf0, 0xf0, 0x41, 0xf8, 0xfc, 0xf8, 0x00,
    0xf8, 0xfc, 0xf8, 0x00, 0xf8, 0xfc, 0xf8, 0x00, 0xb8, 0xb4, 0xb0, 0xe7,
    0x28, 0x28, 0x28, 0xff, 0x28, 0x28, 0x28, 0xff, 0x28, 0x2c, 0x28, 0xff,
    0x30, 0x28, 0x28, 0xff, 0x28, 0x28, 0x28, 0xff, 0x30, 0x2c, 0x28, 0xff,
    0x30, 0x2c, 0x28, 0xff, 0x28, 0x28, 0x28, 0xff, 0x28, 0x2c, 0x28, 0xff,
    0x30, 0x28, 0x28, 0xff, 0x28, 0x2c, 0x28, 0xff, 0x28, 0x28, 0x28, 0xff,
    0x30, 0x28, 0x28, 0xff, 0x28, 0x2c, 0x28, 0xff, 0x28, 0x2c, 0x28, 0xff,
    0x30, 0x28, 0x28, 0xff, 0x28, 0x28, 0x28, 0xff, 0x28, 0x2c, 0x28, 0xff,
    0x28, 0x2c, 0x28, 0xff, 0x30, 0x2c, 0x28, 0xff, 0x28, 0x28, 0x28, 0xff,
    0x28, 0x28, 0x28, 0xff, 0x30, 0x28, 0x28, 0xff, 0x28, 0x28, 0x28, 0xff,
    0x28, 0x28, 0x28, 0xff, 0x30, 0x28, 0x28, 0xff, 0x28, 0x28, 0x28, 0xff,
    0x30, 0x28, 0x28, 0xff, 0x28, 0x28, 0x28, 0xff, 0x28, 0x2c, 0x28, 0xff,
    0x28, 0x28, 0x28, 0xff, 0x30, 0x28, 0x28, 0xff, 0x28, 0x28, 0x28, 0xff,
    0x28, 0x28, 0x28, 0xff, 0x28, 0x28, 0x28, 0xff, 0x28, 0x28, 0x28, 0xff,
    0x30, 0x28, 0x28, 0xff, 0x28, 0x28, 0x28, 0xff, 0x28, 0x2c, 0x28, 0xff,
    0x28, 0x28, 0x28, 0xff, 0x28, 0x28, 0x28, 0xff, 0x28, 0x28, 0x28, 0xff,
    0x28, 0x28, 0x28, 0xff, 0x30, 0x28, 0x28, 0xff, 0x28, 0x28, 0x28, 0xff,
    0x28, 0x28, 0x28, 0xff, 0x30, 0x28, 0x28, 0xff, 0x28, 0x28, 0x28, 0xff,
    0x28, 0x28, 0x20, 0xff, 0x30, 0x28, 0x28, 0xff, 0x28, 0x28, 0x28, 0xff,
    0x28, 0x28, 0x20, 0xff, 0x28, 0x28, 0x28, 0xff, 0x28, 0x28, 0x28, 0xff,
    0x28, 0x28, 0x28, 0xff, 0x30, 0x28, 0x28, 0xff, 0x28, 0x28, 0x28, 0xff,
    0x28, 0x28, 0x28, 0xff, 0x28, 0x24, 0x20, 0xff, 0x30, 0x28, 0x28, 0xff,
    0x28, 0x28, 0x28, 0xff, 0x28, 0x24, 0x28, 0xff, 0x28, 0x28, 0x28, 0xff,
    0x28, 0x28, 0x20, 0xff, 0x30, 0x28, 0x28, 0xff, 0x28, 0x24, 0x28, 0xff,
    0x28, 0x28, 0x20, 0xff, 0x30, 0x28, 0x28, 0xff, 0x28, 0x24, 0x28, 0xff,
    0x28, 0x28, 0x28, 0xff, 0x28, 0x24, 0x28, 0xff, 0x28, 0x28, 0x28, 0xff,
    0x30, 0x28, 0x20, 0xff, 0x28, 0x28, 0x28, 0xff, 0x28, 0x24, 0x20, 0xff,
    0x28, 0x28, 0x28, 0xff, 0x28, 0x28, 0x28, 0xff, 0x28, 0x24, 0x28, 0xff,
    0x28, 0x24, 0x20, 0xff, 0x28, 0x24, 0x28, 0xff, 0x28, 0x28, 0x28, 0xff,
    0x28, 0x28, 0x28, 0xff, 0x28, 0x24, 0x20, 0xff, 0x28, 0x28, 0x28, 0xff,
    0x28, 0x28, 0x20, 0xff, 0x28, 0x24, 0x28, 0xff, 0x28, 0x28, 0x28, 0xff,
    0x28, 0x24, 0x20, 0xff, 0x28, 0x24, 0x20, 0xff, 0x28, 0x28, 0x28, 0xff,
    0x28, 0x28, 0x28, 0xff, 0x28, 0x24, 0x28, 0xff, 0x28, 0x28, 0x28, 0xff,
    0x28, 0x28, 0x28, 0xff, 0x28, 0x24, 0x20, 0xff, 0x28, 0x28, 0x20, 0xff,
    0x28, 0x28, 0x28, 0xff, 0x28, 0x24, 0x20, 0xff, 0x28, 0x24, 0x20, 0xff,
    0x28, 0x24, 0x28, 0xff, 0x28, 0x28, 0x28, 0xff, 0x28, 0x24, 0x20, 0xff,
    0x28, 0x24, 0x20, 0xff, 0x28, 0x24, 0x28, 0xff, 0x28, 0x28, 0x28, 0xff,
    0x28, 0x24, 0x20, 0xff, 0x28, 0x24, 0x28, 0xff, 0x28, 0x28, 0x28, 0xff,
    0x28, 0x28, 0x28, 0xff, 0x20, 0x24, 0x20, 0xff, 0x28, 0x28, 0x28, 0xff,
    0x28, 0x24, 0x20, 0xff, 0x20, 0x24, 0x20, 0xff, 0x28, 0x24, 0x28, 0xff,
    0x28, 0x24, 0x20, 0xff, 0x28, 0x28, 0x20, 0xff, 0x28, 0x24, 0x28, 0xff,
    0x20, 0x24, 0x20, 0xff, 0x28, 0x24, 0x20, 0xff, 0x28, 0x24, 0x28, 0xff,
    0x20, 0x24, 0x20, 0xff, 0x28, 0x24, 0x28, 0xff, 0x28, 0x24, 0x20, 0xff,
    0x28, 0x28, 0x28, 0xff, 0x28, 0x24, 0x28, 0xff, 0x28, 0x24, 0x28, 0xff,
    0x28, 0x28, 0x20, 0xff, 0x28, 0x24, 0x28, 0xff, 0x28, 0x28, 0x28, 0xff,
    0x20, 0x24, 0x20, 0xff, 0x28, 0x24, 0x20, 0xff, 0x28, 0x24, 0x20, 0xff,
    0x20, 0x24, 0x20, 0xff, 0x28, 0x24, 0x28, 0xff, 0x28, 0x24, 0x20, 0xff,
    0x20, 0x24, 0x20, 0xff, 0x28, 0x24, 0x20, 0xff, 0x80, 0x80, 0x80, 0xff,
    0xf0, 0xf4, 0xf0, 0x41, 0xf8, 0xfc, 0xf8, 0x00, 0xf8, 0xfc, 0xf8, 0x00,
    0xf8, 0xfc, 0xf8, 0x00, 0xb8, 0xb4, 0xb0, 0xe7, 0x28, 0x2c, 0x28, 0xff,
    0x28, 0x28, 0x28, 0xff, 0x30, 0x2c, 0x28, 0xff, 0x28, 0x2c, 0x28, 0xff,
    0x30, 0x28, 0x28, 0xff, 0x28, 0x2c, 0x28, 0xff, 0x30, 0x28, 0x30, 0xff,
    0x28, 0x2c, 0x28, 0xff, 0x30, 0x2c, 0x28, 0xff, 0x28, 0x28, 0x28, 0xff,
    0x28, 0x28, 0x28, 0xff, 0x30, 0x2c, 0x30, 0xff, 0x28, 0x28, 0x28, 0xff,
    0x28, 0x2c, 0x28, 0xff, 0x30, 0x28, 0x28, 0xff, 0x28, 0x2c, 0x30, 0xff,
    0x30, 0x2c, 0x28, 0xff, 0x30, 0x28, 0x28, 0xff, 0x28, 0x28, 0x28, 0xff,
    0x28, 0x2c, 0x28, 0xff, 0x30, 0x28, 0x28, 0xff, 0x28, 0x28, 0x28, 0xff,
    0x28, 0x2c, 0x28, 0xff, 0x30, 0x2c, 0x28, 0xff, 0x28, 0x28, 0x28, 0xff,
    0x28, 0x28, 0x28, 0xff, 0x30, 0x2c, 0x28, 0xff, 0x28, 0x28, 0x28, 0xff,
    0x30, 0x28, 0x28, 0xff, 0x28, 0x28, 0x28, 0xff, 0x28, 0x28, 0x28, 0xff,
    0x28, 0x28, 0x28, 0xff, 0x28, 0x2c, 0x28, 0xff, 0x30, 0x28, 0x28, 0xff,
    0x28, 0x28, 0x28, 0xff, 0x28, 0x28, 0x28, 0xff, 0x28, 0x28, 0x28, 0xff,
    0x28, 0x28, 0x28, 0xff, 0x30, 0x28, 0x28, 0xff, 0x28, 0x28, 0x28, 0xff,
    0x30, 0x28, 0x28, 0xff, 0x28, 0x28, 0x28, 0xff, 0x28, 0x28, 0x28, 0xff,
    0x28, 0x28, 0x28, 0xff, 0x28, 0x28, 0x20, 0xff, 0x28, 0x28, 0x28, 0xff,
    0x28, 0x28, 0x28, 0xff, 0x28, 0x28, 0x28, 0xff, 0x28, 0x28, 0x28, 0xff,
    0x28, 0x28, 0x28, 0xff, 0x30, 0x28, 0x28, 0xff, 0x28, 0x28, 0x28, 0xff,
    0x30, 0x28, 0x28, 0xff, 0x28, 0x28, 0x20, 0xff, 0x28, 0x28, 0x28, 0xff,
    0x28, 0x24, 0x20, 0xff, 0x28, 0x28, 0x28, 0xff, 0x28, 0x28, 0x28, 0xff,
    0x30, 0x28, 0x28, 0xff, 0x28, 0x28, 0x28, 0xff, 0x28, 0x28, 0x20, 0xff,
    0x28, 0x28, 0x28, 0xff, 0x28, 0x28, 0x28, 0xff, 0x28, 0x28, 0x28, 0xff,
    0x28, 0x24, 0x28, 0xff, 0x28, 0x28, 0x28, 0xff, 0x28, 0x28, 0x20, 0xff,
    0x28, 0x24, 0x28, 0xff, 0x28, 0x28, 0x20, 0xff, 0x28, 0x28, 0x28, 0xff,
    0x28, 0x28, 0x28, 0xff, 0x28, 0x24, 0x28, 0xff, 0x28, 0x28, 0x28, 0xff,
    0x28, 0x28, 0x28, 0xff, 0x28, 0x28, 0x28, 0xff, 0x28, 0x28, 0x20, 0xff,
    0x28, 0x24, 0x20, 0xff, 0x28, 0x28, 0x28, 0xff, 0x28, 0x28, 0x28, 0xff,
    0x28, 0x28, 0x28, 0xff, 0x28, 0x28, 0x28, 0xff, 0x30, 0x28, 0x20, 0xff,
    0x28, 0x24, 0x28, 0xff, 0x28, 0x24, 0x28, 0xff, 0x28, 0x28, 0x28, 0xff,
    0x28, 0x28, 0x20, 0xff, 0x28, 0x24, 0x28, 0xff, 0x28, 0x28, 0x28, 0xff,
    0x28, 0x24, 0x20, 0xff, 0x28, 0x28, 0x28, 0xff, 0x28, 0x24, 0x20, 0xff,
    0x28, 0x24, 0x20, 0xff, 0x28, 0x28, 0x28, 0xff, 0x28, 0x24, 0x28, 0xff,
    0x28, 0x24, 0x28, 0xff, 0x28, 0x28, 0x28, 0xff, 0x28, 0x28, 0x28, 0xff,
    0x28, 0x24, 0x28, 0xff, 0x28, 0x28, 0x28, 0xff, 0x28, 0x24, 0x20, 0xff,
    0x28, 0x24, 0x28, 0xff, 0x28, 0x28, 0x28, 0xff, 0x28, 0x28, 0x20, 0xff,
    0x28, 0x24, 0x20, 0xff, 0x28, 0x28, 0x28, 0xff, 0x28, 0x28, 0x28, 0xff,
    0x28, 0x24, 0x20, 0xff, 0x28, 0x28, 0x28, 0xff, 0x28, 0x24, 0x20, 0xff,
    0x28, 0x24, 0x28, 0xff, 0x28, 0x24, 0x28, 0xff, 0x28, 0x28, 0x28, 0xff,
    0x28, 0x24, 0x20, 0xff, 0x28, 0x28, 0x28, 0xff, 0x20, 0x24, 0x28, 0xff,
    0x28, 0x24, 0x20, 0xff, 0x28, 0x24, 0x28, 0xff, 0x28, 0x28, 0x20, 0xff,
    0x28, 0x28, 0x28, 0xff, 0x28, 0x24, 0x20, 0xff, 0x28, 0x24, 0x20, 0xff,
    0x28, 0x24, 0x28, 0xff, 0x20, 0x24, 0x20, 0xff, 0x28, 0x24, 0x20, 0xff,
    0x28, 0x24, 0x28, 0xff, 0x28, 0x24, 0x20, 0xff, 0x28, 0x24, 0x20, 0xff,
    0x28, 0x24, 0x20, 0xff, 0x28, 0x24, 0x28, 0xff, 0x28, 0x24, 0x28, 0xff,
    0x20, 0x24, 0x20, 0xff, 0x28, 0x24, 0x28, 0xff, 0x28, 0x28, 0x28, 0xff,
    0x28, 0x24, 0x20, 0xff, 0x28, 0x24, 0x28, 0xff, 0x28, 0x28, 0x28, 0xff,
    0x28, 0x24, 0x20, 0xff, 0x80, 0x80, 0x80, 0xff, 0xf0, 0xf0, 0xf0, 0x41,
    0xf8, 0xfc, 0xf8, 0x00, 0xf8, 0xfc, 0xf8, 0x00, 0xf8, 0xfc, 0xf8, 0x00,
    0xb0, 0xb4, 0xb8, 0xe7, 0x30, 0x2c, 0x28, 0xff, 0x30, 0x28, 0x28, 0xff,
    0x28, 0x28, 0x30, 0xff, 0x30, 0x2c, 0x28, 0xff, 0x28, 0x28, 0x28, 0xff,
    0x28, 0x28, 0x28, 0xff, 0x28, 0x2c, 0x28, 0xff, 0x30, 0x28, 0x28, 0xff,
    0x28, 0x28, 0x30, 0xff, 0x28, 0x28, 0x28, 0xff, 0x30, 0x2c, 0x28, 0xff,
    0x28, 0x2c, 0x28, 0xff, 0x28, 0x28, 0x28, 0xff, 0x30, 0x28, 0x28, 0xff,
    0x28, 0x28, 0x28, 0xff, 0x28, 0x28, 0x28, 0xff, 0x28, 0x28, 0x28, 0xff,
    0x30, 0x28, 0x28, 0xff, 0x28, 0x28, 0x28, 0xff, 0x28, 0x28, 0x28, 0xff,
    0x30, 0x28, 0x28, 0xff, 0x28, 0x28, 0x28, 0xff, 0x30, 0x28, 0x28, 0xff,
    0x28, 0x28, 0x28, 0xff, 0x30, 0x28, 0x28, 0xff, 0x28, 0x2c, 0x28, 0xff,
    0x28, 0x28, 0x28, 0xff, 0x28, 0x28, 0x28, 0xff, 0x30, 0x2c, 0x28, 0xff,
    0x28, 0x28, 0x28, 0xff, 0x28, 0x28, 0x28, 0xff, 0x28, 0x28, 0x28, 0xff,
    0x30, 0x28, 0x28, 0xff, 0x28, 0x28, 0x28, 0xff, 0x30, 0x28, 0x28, 0xff,
    0x28, 0x28, 0x28, 0xff, 0x28, 0x2c, 0x28, 0xff, 0x30, 0x28, 0x28, 0xff,
    0x28, 0x28, 0x28, 0xff, 0x28, 0x28, 0x28, 0xff, 0x28, 0x28, 0x28, 0xff,
    0x30, 0x28, 0x28, 0xff, 0x28, 0x28, 0x28, 0xff, 0x28, 0x28, 0x28, 0xff,
    0x30, 0x28, 0x28, 0xff, 0x28, 0x28, 0x28, 0xff, 0x28, 0x28, 0x28, 0xff,
    0x28, 0x28, 0x20, 0xff, 0x30, 0x28, 0x28, 0xff, 0x28, 0x28, 0x28, 0xff,
    0x28, 0x28, 0x28, 0xff, 0x28, 0x28, 0x28, 0xff, 0x28, 0x28, 0x20, 0xff,
    0x30, 0x28, 0x28, 0xff, 0x28, 0x28, 0x28, 0xff, 0x28, 0x28, 0x28, 0xff,
    0x28, 0x28, 0x20, 0xff, 0x30, 0x28, 0x28, 0xff, 0x28, 0x28, 0x28, 0xff,
    0x28, 0x28, 0x28, 0xff, 0x30, 0x28, 0x28, 0xff, 0x28, 0x28, 0x20, 0xff,
    0x28, 0x24, 0x28, 0xff, 0x28, 0x28, 0x28, 0xff, 0x28, 0x28, 0x20, 0xff,
    0x28, 0x28, 0x28, 0xff, 0x28, 0x28, 0x28, 0xff, 0x28, 0x28, 0x28, 0xff,
    0x28, 0x28, 0x28, 0xff, 0x28, 0x28, 0x20, 0xff, 0x28, 0x28, 0x20, 0xff,
    0x28, 0x28, 0x28, 0xff, 0x28, 0x24, 0x28, 0xff, 0x28, 0x28, 0x20, 0xff,
    0x28, 0x24, 0x28, 0xff, 0x28, 0x28, 0x28, 0xff, 0x28, 0x24, 0x20, 0xff,
    0x28, 0x28, 0x28, 0xff, 0x28, 0x24, 0x20, 0xff, 0x28, 0x24, 0x20, 0xff,
    0x28, 0x28, 0x28, 0xff, 0x28, 0x28, 0x28, 0xff, 0x28, 0x28, 0x28, 0xff,
    0x28, 0x28, 0x28, 0xff, 0x28, 0x24, 0x20, 0xff, 0x28, 0x24, 0x20, 0xff,
    0x28, 0x28, 0x28, 0xff, 0x28, 0x28, 0x28, 0xff, 0x28, 0x28, 0x28, 0xff,
    0x28, 0x24, 0x20, 0xff, 0x28, 0x28, 0x28, 0xff, 0x28, 0x28, 0x28, 0xff,
    0x28, 0x24, 0x20, 0xff, 0x28, 0x28, 0x20, 0xff, 0x28, 0x24, 0x28, 0xff,
    0x28, 0x24, 0x20, 0xff, 0x28, 0x24, 0x20, 0xff, 0x28, 0x24, 0x20, 0xff,
    0x28, 0x24, 0x28, 0xff, 0x28, 0x24, 0x20, 0xff, 0x28, 0x28, 0x28, 0xff,
    0x28, 0x28, 0x28, 0xff, 0x28, 0x24, 0x20, 0xff, 0x28, 0x24, 0x28, 0xff,
    0x28, 0x24, 0x20, 0xff, 0x28, 0x24, 0x20, 0xff, 0x20, 0x24, 0x28, 0xff,
    0x28, 0x24, 0x20, 0xff, 0x28, 0x24, 0x20, 0xff, 0x28, 0x24, 0x20, 0xff,
    0x28, 0x24, 0x28, 0xff, 0x20, 0x24, 0x20, 0xff, 0x28, 0x24, 0x20, 0xff,
    0x28, 0x24, 0x28, 0xff, 0x28, 0x28, 0x28, 0xff, 0x28, 0x24, 0x20, 0xff,
    0x28, 0x24, 0x28, 0xff, 0x20, 0x24, 0x20, 0xff, 0x28, 0x24, 0x28, 0xff,
    0x28, 0x24, 0x28, 0xff, 0x28, 0x28, 0x20, 0xff, 0x20, 0x24, 0x20, 0xff,
    0x28, 0x24, 0x28, 0xff, 0x28, 0x24, 0x20, 0xff, 0x20, 0x24, 0x20, 0xff,
    0x28, 0x24, 0x20, 0xff, 0x20, 0x24, 0x28, 0xff, 0x28, 0x24, 0x20, 0xff,
    0x28, 0x24, 0x20, 0xff, 0x28, 0x24, 0x20, 0xff, 0x28, 0x28, 0x28, 0xff,
    0x28, 0x24, 0x20, 0xff, 0x28, 0x24, 0x28, 0xff, 0x20, 0x24, 0x20, 0xff,
    0x28, 0x24, 0x20, 0xff, 0x28, 0x24, 0x28, 0xff, 0x20, 0x24, 0x20, 0xff,
    0x80, 0x80, 0x80, 0xff, 0xf0, 0xf0, 0xf0, 0x41, 0xf8, 0xfc, 0xf8, 0x00,
    0xf8, 0xfc, 0xf8, 0x00, 0xf8, 0xfc, 0xf8, 0x00, 0xb8, 0xb4, 0xb0, 0xe7,
    0x28, 0x28, 0x28, 0xff, 0x28, 0x2c, 0x28, 0xff, 0x28, 0x2c, 0x28, 0xff,
    0x30, 0x28, 0x28, 0xff, 0x28, 0x2c, 0x30, 0xff, 0x30, 0x2c, 0x28, 0xff,
    0x30, 0x28, 0x28, 0xff, 0x28, 0x28, 0x28, 0xff, 0x30, 0x2c, 0x28, 0xff,
    0x28, 0x28, 0x28, 0xff, 0x30, 0x28, 0x28, 0xff, 0x28, 0x28, 0x28, 0xff,
    0x30, 0x28, 0x28, 0xff, 0x30, 0x2c, 0x28, 0xff, 0x28, 0x28, 0x28, 0xff,
    0x28, 0x28, 0x28, 0xff, 0x30, 0x28, 0x28, 0xff, 0x28, 0x28, 0x28, 0xff,
    0x28, 0x2c, 0x28, 0xff, 0x28, 0x28, 0x28, 0xff, 0x28, 0x28, 0x28, 0xff,
    0x30, 0x2c, 0x28, 0xff, 0x28, 0x28, 0x28, 0xff, 0x28, 0x28, 0x28, 0xff,
    0x30, 0x28, 0x28, 0xff, 0x28, 0x28, 0x28, 0xff, 0x28, 0x28, 0x28, 0xff,
    0x28, 0x28, 0x28, 0xff, 0x30, 0x28, 0x28, 0xff, 0x28, 0x28, 0x28, 0xff,
    0x28, 0x28, 0x28, 0xff, 0x30, 0x28, 0x28, 0xff, 0x28, 0x28, 0x28, 0xff,
    0x28, 0x28, 0x28, 0xff, 0x28, 0x28, 0x28, 0xff, 0x30, 0x28, 0x28, 0xff,
    0x30, 0x28, 0x28, 0xff, 0x28, 0x28, 0x28, 0xff, 0x28, 0x28, 0x28, 0xff,
    0x28, 0x28, 0x28, 0xff, 0x28, 0x28, 0x28, 0xff, 0x28, 0x28, 0x20, 0xff,
    0x30, 0x28, 0x28, 0xff, 0x28, 0x28, 0x28, 0xff, 0x28, 0x28, 0x28, 0xff,
    0x30, 0x28, 0x28, 0xff, 0x28, 0x28, 0x28, 0xff, 0x28, 0x28, 0x28, 0xff,
    0x28, 0x28, 0x28, 0xff, 0x28, 0x28, 0x28, 0xff, 0x28, 0x28, 0x20, 0xff,
    0x28, 0x28, 0x28, 0xff, 0x28, 0x28, 0x28, 0xff, 0x28, 0x28, 0x28, 0xff,
    0x28, 0x24, 0x28, 0xff, 0x28, 0x28, 0x28, 0xff, 0x28, 0x28, 0x28, 0xff,
    0x28, 0x28, 0x20, 0xff, 0x28, 0x24, 0x28, 0xff, 0x28, 0x28, 0x28, 0xff,
    0x28, 0x28, 0x28, 0xff, 0x28, 0x24, 0x28, 0xff, 0x28, 0x28, 0x20, 0xff,
    0x30, 0x28, 0x28, 0xff, 0x28, 0x28, 0x28, 0xff, 0x28, 0x24, 0x28, 0xff,
    0x28, 0x28, 0x28, 0xff, 0x28, 0x24, 0x20, 0xff, 0x30, 0x24, 0x28, 0xff,
    0x28, 0x28, 0x28, 0xff, 0x28, 0x24, 0x20, 0xff, 0x28, 0x28, 0x28, 0xff,
    0x28, 0x28, 0x28, 0xff, 0x28, 0x28, 0x20, 0xff, 0x28, 0x24, 0x28, 0xff,
    0x30, 0x28, 0x28, 0xff, 0x28, 0x24, 0x28, 0xff, 0x28, 0x28, 0x28, 0xff,
    0x28, 0x28, 0x28, 0xff, 0x28, 0x24, 0x20, 0xff, 0x28, 0x24, 0x28, 0xff,
    0x28, 0x24, 0x20, 0xff, 0x28, 0x28, 0x20, 0xff, 0x28, 0x24, 0x28, 0xff,
    0x28, 0x28, 0x28, 0xff, 0x28, 0x28, 0x28, 0xff, 0x28, 0x24, 0x20, 0xff,
    0x28, 0x28, 0x28, 0xff, 0x28, 0x24, 0x28, 0xff, 0x28, 0x24, 0x20, 0xff,
    0x28, 0x28, 0x28, 0xff, 0x28, 0x24, 0x28, 0xff, 0x28, 0x28, 0x20, 0xff,
    0x28, 0x24, 0x20, 0xff, 0x28, 0x28, 0x28, 0xff, 0x28, 0x24, 0x20, 0xff,
    0x28, 0x28, 0x28, 0xff, 0x28, 0x28, 0x28, 0xff, 0x28, 0x24, 0x20, 0xff,
    0x28, 0x24, 0x20, 0xff, 0x28, 0x28, 0x28, 0xff, 0x28, 0x24, 0x28, 0xff,
    0x28, 0x24, 0x28, 0xff, 0x28, 0x28, 0x28, 0xff, 0x28, 0x24, 0x20, 0xff,
    0x28, 0x24, 0x28, 0xff, 0x28, 0x24, 0x28, 0xff, 0x28, 0x24, 0x20, 0xff,
    0x20, 0x28, 0x28, 0xff, 0x28, 0x24, 0x28, 0xff, 0x28, 0x24, 0x20, 0xff,
    0x28, 0x28, 0x28, 0xff, 0x28, 0x24, 0x20, 0xff, 0x28, 0x24, 0x20, 0xff,
    0x28, 0x24, 0x28, 0xff, 0x28, 0x28, 0x20, 0xff, 0x28, 0x24, 0x20, 0xff,
    0x28, 0x24, 0x28, 0xff, 0x28, 0x24, 0x20, 0xff, 0x28, 0x24, 0x28, 0xff,
    0x20, 0x24, 0x20, 0xff, 0x28, 0x24, 0x20, 0xff, 0x28, 0x24, 0x28, 0xff,
    0x28, 0x28, 0x28, 0xff, 0x28, 0x24, 0x28, 0xff, 0x28, 0x24, 0x20, 0xff,
    0x28, 0x28, 0x28, 0xff, 0x28, 0x24, 0x28, 0xff, 0x28, 0x24, 0x20, 0xff,
    0x28, 0x28, 0x28, 0xff, 0x20, 0x24, 0x20, 0xff, 0x28, 0x24, 0x20, 0xff,
    0x28, 0x24, 0x28, 0xff, 0x28, 0x24, 0x20, 0xff, 0x28, 0x24, 0x20, 0xff,
    0x28, 0x24, 0x20, 0xff, 0x28, 0x24, 0x28, 0xff, 0x80, 0x80, 0x80, 0xff,
    0xf0, 0xf4, 0xf0, 0x41, 0xf8, 0xfc, 0xf8, 0x00, 0xf8, 0xfc, 0xf8, 0x00,
    0xf8, 0xfc, 0xf8, 0x00, 0xb8, 0xb4, 0xb8, 0xe7, 0x28, 0x28, 0x28, 0xff,
    0x30, 0x2c, 0x28, 0xff, 0x30, 0x28, 0x28, 0xff, 0x28, 0x28, 0x28, 0xff,
    0x30, 0x2c, 0x28, 0xff, 0x28, 0x2c, 0x28, 0xff, 0x28, 0x28, 0x28, 0xff,
    0x28, 0x2c, 0x28, 0xff, 0x28, 0x28, 0x28, 0xff, 0x30, 0x2c, 0x28, 0xff,
    0x28, 0x28, 0x28, 0xff, 0x28, 0x28, 0x28, 0xff, 0x28, 0x2c, 0x28, 0xff,
    0x30, 0x2c, 0x28, 0xff, 0x28, 0x28, 0x28, 0xff, 0x30, 0x2c, 0x28, 0xff,
    0x28, 0x2c, 0x28, 0xff, 0x30, 0x28, 0x28, 0xff, 0x30, 0x2c, 0x30, 0xff,
    0x28, 0x28, 0x28, 0xff, 0x30, 0x28, 0x28, 0xff, 0x28, 0x2c, 0x28, 0xff,
    0x28, 0x28, 0x28, 0xff, 0x28, 0x28, 0x28, 0xff, 0x30, 0x2c, 0x28, 0xff,
    0x28, 0x28, 0x28, 0xff, 0x28, 0x2c, 0x28, 0xff, 0x30, 0x28, 0x28, 0xff,
    0x28, 0x28, 0x28, 0xff, 0x28, 0x2c, 0x28, 0xff, 0x28, 0x28, 0x28, 0xff,
    0x30, 0x28, 0x28, 0xff, 0x28, 0x28, 0x28, 0xff, 0x30, 0x2c, 0x28, 0xff,
    0x28, 0x28, 0x28, 0xff, 0x28, 0x28, 0x28, 0xff, 0x28, 0x28, 0x28, 0xff,
    0x28, 0x28, 0x28, 0xff, 0x30, 0x28, 0x28, 0xff, 0x28, 0x28, 0x28, 0xff,
    0x28, 0x28, 0x28, 0xff, 0x28, 0x28, 0x28, 0xff, 0x28, 0x28, 0x28, 0xff,
    0x28, 0x28, 0x20, 0xff, 0x28, 0x28, 0x28, 0xff, 0x28, 0x28, 0x28, 0xff,
    0x30, 0x28, 0x20, 0xff, 0x28, 0x28, 0x28, 0xff, 0x28, 0x28, 0x28, 0xff,
    0x28, 0x28, 0x20, 0xff, 0x28, 0x28, 0x28, 0xff, 0x28, 0x28, 0x28, 0xff,
    0x30, 0x28, 0x28, 0xff, 0x28, 0x28, 0x20, 0xff, 0x28, 0x28, 0x28, 0xff,
    0x28, 0x28, 0x28, 0xff, 0x28, 0x28, 0x28, 0xff, 0x28, 0x24, 0x28, 0xff,
    0x28, 0x28, 0x20, 0xff, 0x30, 0x28, 0x28, 0xff, 0x28, 0x28, 0x28, 0xff,
    0x28, 0x28, 0x20, 0xff, 0x28, 0x28, 0x28, 0xff, 0x28, 0x28, 0x28, 0xff,
    0x28, 0x24, 0x20, 0xff, 0x30, 0x28, 0x28, 0xff, 0x28, 0x28, 0x28, 0xff,
    0x28, 0x28, 0x20, 0xff, 0x28, 0x28, 0x28, 0xff, 0x28, 0x24, 0x28, 0xff,
    0x28, 0x28, 0x28, 0xff, 0x28, 0x28, 0x28, 0xff, 0x30, 0x28, 0x28, 0xff,
    0x28, 0x24, 0x20, 0xff, 0x28, 0x28, 0x28, 0xff, 0x28, 0x28, 0x28, 0xff,
    0x28, 0x28, 0x20, 0xff, 0x28, 0x24, 0x28, 0xff, 0x28, 0x28, 0x28, 0xff,
    0x28, 0x28, 0x28, 0xff, 0x28, 0x28, 0x28, 0xff, 0x28, 0x24, 0x20, 0xff,
    0x28, 0x24, 0x28, 0xff, 0x28, 0x28, 0x28, 0xff, 0x28, 0x28, 0x20, 0xff,
    0x28, 0x24, 0x28, 0xff, 0x28, 0x28, 0x28, 0xff, 0x28, 0x24, 0x20, 0xff,
    0x28, 0x28, 0x28, 0xff, 0x28, 0x28, 0x28, 0xff, 0x28, 0x24, 0x20, 0xff,
    0x28, 0x24, 0x28, 0xff, 0x28, 0x28, 0x28, 0xff, 0x28, 0x24, 0x28, 0xff,
    0x28, 0x28, 0x28, 0xff, 0x28, 0x24, 0x20, 0xff, 0x28, 0x24, 0x28, 0xff,
    0x28, 0x24, 0x28, 0xff, 0x28, 0x24, 0x20, 0xff, 0x28, 0x28, 0x28, 0xff,
    0x28, 0x28, 0x28, 0xff, 0x28, 0x24, 0x20, 0xff, 0x28, 0x24, 0x20, 0xff,
    0x28, 0x24, 0x20, 0xff, 0x28, 0x28, 0x28, 0xff, 0x28, 0x28, 0x28, 0xff,
    0x28, 0x24, 0x20, 0xff, 0x28, 0x24, 0x20, 0xff, 0x28, 0x28, 0x28, 0xff,
    0x28, 0x24, 0x20, 0xff, 0x28, 0x24, 0x28, 0xff, 0x28, 0x28, 0x28, 0xff,
    0x28, 0x24, 0x20, 0xff, 0x20, 0x24, 0x28, 0xff, 0x20, 0x24, 0x20, 0xff,
    0x28, 0x24, 0x28, 0xff, 0x28, 0x24, 0x20, 0xff, 0x28, 0x28, 0x28, 0xff,
    0x20, 0x24, 0x20, 0xff, 0x28, 0x24, 0x20, 0xff, 0x28, 0x28, 0x28, 0xff,
    0x28, 0x24, 0x28, 0xff, 0x28, 0x24, 0x20, 0xff, 0x20, 0x24, 0x20, 0xff,
    0x28, 0x24, 0x28, 0xff, 0x28, 0x24, 0x20, 0xff, 0x20, 0x24, 0x20, 0xff,
    0x28, 0x24, 0x28, 0xff, 0x28, 0x24, 0x20, 0xff, 0x20, 0x24, 0x20, 0xff,
    0x28, 0x24, 0x28, 0xff, 0x28, 0x24, 0x20, 0xff, 0x20, 0x24, 0x20, 0xff,
    0x28, 0x24, 0x28, 0xff, 0x28, 0x28, 0x28, 0xff, 0x28, 0x24, 0x20, 0xff,
    0x28, 0x24, 0x20, 0xff, 0x80, 0x80, 0x80, 0xff, 0xf0, 0xf0, 0xf0, 0x41,
    0xf8, 0xfc, 0xf8, 0x00, 0xf8, 0xfc, 0xf8, 0x00, 0xf8, 0xfc, 0xf8, 0x00,
    0xb8, 0xb4, 0xb0, 0xe7, 0x28, 0x28, 0x28, 0xff, 0x28, 0x2c, 0x28, 0xff,
    0x30, 0x28, 0x28, 0xff, 0x28, 0x2c, 0x28, 0xff, 0x28, 0x28, 0x28, 0xff,
    0x30, 0x28, 0x28, 0xff, 0x28, 0x2c, 0x28, 0xff, 0x30, 0x28, 0x28, 0xff,
    0x28, 0x2c, 0x28, 0xff, 0x30, 0x28, 0x28, 0xff, 0x28, 0x2c, 0x28, 0xff,
    0x28, 0x28, 0x28, 0xff, 0x30, 0x28, 0x28, 0xff, 0x28, 0x28, 0x28, 0xff,
    0x28, 0x28, 0x28, 0xff, 0x28, 0x28, 0x28, 0xff, 0x28, 0x2c, 0x28, 0xff,
    0x28, 0x28, 0x28, 0xff, 0x28, 0x28, 0x28, 0xff, 0x30, 0x28, 0x28, 0xff,
    0x28, 0x28, 0x28, 0xff, 0x28, 0x28, 0x28, 0xff, 0x28, 0x28, 0x28, 0xff,
    0x30, 0x2c, 0x28, 0xff, 0x28, 0x28, 0x28, 0xff, 0x28, 0x28, 0x28, 0xff,
    0x30, 0x28, 0x28, 0xff, 0x28, 0x28, 0x28, 0xff, 0x28, 0x28, 0x28, 0xff,
    0x28, 0x28, 0x28, 0xff, 0x30, 0x28, 0x28, 0xff, 0x28, 0x28, 0x28, 0xff,
    0x28, 0x28, 0x28, 0xff, 0x30, 0x28, 0x28, 0xff, 0x28, 0x28, 0x28, 0xff,
    0x28, 0x28, 0x28, 0xff, 0x28, 0x28, 0x28, 0xff, 0x28, 0x28, 0x28, 0xff,
    0x30, 0x28, 0x28, 0xff, 0x28, 0x28, 0x28, 0xff, 0x30, 0x2c, 0x28, 0xff,
    0x30, 0x28, 0x28, 0xff, 0x28, 0x28, 0x28, 0xff, 0x28, 0x28, 0x28, 0xff,
    0x28, 0x28, 0x28, 0xff, 0x28, 0x28, 0x28, 0xff, 0x28, 0x28, 0x28, 0xff,
    0x30, 0x28, 0x28, 0xff, 0x28, 0x28, 0x28, 0xff, 0x28, 0x28, 0x28, 0xff,
    0x28, 0x28, 0x28, 0xff, 0x28, 0x28, 0x28, 0xff, 0x28, 0x28, 0x28, 0xff,
    0x28, 0x24, 0x20, 0xff, 0x28, 0x28, 0x28, 0xff, 0x30, 0x28, 0x20, 0xff,
    0x28, 0x28, 0x28, 0xff, 0x28, 0x28, 0x28, 0xff, 0x28, 0x28, 0x28, 0xff,
    0x28, 0x24, 0x20, 0xff, 0x28, 0x28, 0x28, 0xff, 0x28, 0x28, 0x28, 0xff,
    0x28, 0x24, 0x28, 0xff, 0x28, 0x28, 0x28, 0xff, 0x28, 0x28, 0x20, 0xff,
    0x28, 0x28, 0x28, 0xff, 0x28, 0x24, 0x28, 0xff, 0x28, 0x28, 0x28, 0xff,
    0x28, 0x28, 0x28, 0xff, 0x28, 0x28, 0x28, 0xff, 0x28, 0x28, 0x20, 0xff,
    0x28, 0x24, 0x28, 0xff, 0x28, 0x28, 0x28, 0xff, 0x28, 0x28, 0x28, 0xff,
    0x28, 0x28, 0x28, 0xff, 0x28, 0x28, 0x28, 0xff, 0x28, 0x28, 0x20, 0xff,
    0x28, 0x28, 0x28, 0xff, 0x28, 0x24, 0x20, 0xff, 0x28, 0x28, 0x28, 0xff,
    0x28, 0x28, 0x28, 0xff, 0x28, 0x28, 0x28, 0xff, 0x28, 0x28, 0x28, 0xff,
    0x28, 0x24, 0x20, 0xff, 0x28, 0x28, 0x28, 0xff, 0x28, 0x24, 0x28, 0xff,
    0x28, 0x28, 0x20, 0xff, 0x28, 0x24, 0x28, 0xff, 0x28, 0x24, 0x20, 0xff,
    0x28, 0x28, 0x28, 0xff, 0x28, 0x28, 0x20, 0xff, 0x28, 0x24, 0x28, 0xff,
    0x28, 0x28, 0x28, 0xff, 0x28, 0x24, 0x20, 0xff, 0x28, 0x28, 0x28, 0xff,
    0x28, 0x24, 0x20, 0xff, 0x28, 0x28, 0x28, 0xff, 0x28, 0x24, 0x20, 0xff,
    0x28, 0x24, 0x20, 0xff, 0x28, 0x28, 0x28, 0xff, 0x28, 0x24, 0x20, 0xff,
    0x28, 0x28, 0x28, 0xff, 0x28, 0x24, 0x20, 0xff, 0x28, 0x24, 0x28, 0xff,
    0x20, 0x24, 0x20, 0xff, 0x28, 0x24, 0x20, 0xff, 0x28, 0x24, 0x28, 0xff,
    0x28, 0x24, 0x28, 0xff, 0x28, 0x24, 0x20, 0xff, 0x28, 0x24, 0x20, 0xff,
    0x20, 0x24, 0x28, 0xff, 0x28, 0x24, 0x20, 0xff, 0x28, 0x28, 0x28, 0xff,
    0x28, 0x24, 0x20, 0xff, 0x28, 0x24, 0x28, 0xff, 0x28, 0x24, 0x20, 0xff,
    0x28, 0x24, 0x28, 0xff, 0x28, 0x24, 0x28, 0xff, 0x28, 0x24, 0x20, 0xff,
    0x28, 0x28, 0x28, 0xff, 0x28, 0x24, 0x28, 0xff, 0x28, 0x24, 0x20, 0xff,
    0x28, 0x24, 0x20, 0xff, 0x28, 0x24, 0x20, 0xff, 0x28, 0x28, 0x28, 0xff,
    0x28, 0x24, 0x20, 0xff, 0x28, 0x24, 0x28, 0xff, 0x20, 0x24, 0x20, 0xff,
    0x28, 0x24, 0x28, 0xff, 0x28, 0x24, 0x28, 0xff, 0x28, 0x24, 0x28, 0xff,
    0x28, 0x24, 0x28, 0xff, 0x28, 0x24, 0x20, 0xff, 0x28, 0x24, 0x28, 0xff,
    0x20, 0x24, 0x20, 0xff, 0x20, 0x24, 0x20, 0xff, 0x28, 0x24, 0x28, 0xff,
    0x80, 0x80, 0x80, 0xff, 0xf0, 0xf0, 0xf0, 0x41, 0xf8, 0xfc, 0xf8, 0x00,
    0xf8, 0xfc, 0xf8, 0x00, 0xf8, 0xfc, 0xf8, 0x00, 0xb0, 0xb4, 0xb0, 0xeb,
    0x30, 0x2c, 0x28, 0xff, 0x28, 0x28, 0x28, 0xff, 0x28, 0x2c, 0x30, 0xff,
    0x28, 0x2c, 0x28, 0xff, 0x30, 0x28, 0x28, 0xff, 0x28, 0x28, 0x28, 0xff,
    0x30, 0x2c, 0x30, 0xff, 0x28, 0x28, 0x28, 0xff, 0x30, 0x28, 0x28, 0xff,
    0x28, 0x28, 0x28, 0xff, 0x30, 0x2c, 0x30, 0xff, 0x28, 0x28, 0x28, 0xff,
    0x30, 0x28, 0x28, 0xff, 0x28, 0x2c, 0x28, 0xff, 0x30, 0x28, 0x28, 0xff,
    0x30, 0x28, 0x28, 0xff, 0x28, 0x28, 0x28, 0xff, 0x30, 0x2c, 0x28, 0xff,
    0x28, 0x28, 0x28, 0xff, 0x28, 0x2c, 0x28, 0xff, 0x28, 0x2c, 0x28, 0xff,
    0x30, 0x28, 0x28, 0xff, 0x30, 0x28, 0x28, 0xff, 0x28, 0x28, 0x28, 0xff,
    0x28, 0x28, 0x28, 0xff, 0x28, 0x28, 0x28, 0xff, 0x28, 0x28, 0x28, 0xff,
    0x30, 0x2c, 0x28, 0xff, 0x28, 0x28, 0x28, 0xff, 0x30, 0x28, 0x28, 0xff,
    0x28, 0x2c, 0x28, 0xff, 0x28, 0x28, 0x28, 0xff, 0x28, 0x2c, 0x28, 0xff,
    0x28, 0x28, 0x28, 0xff, 0x28, 0x28, 0x28, 0xff, 0x30, 0x28, 0x28, 0xff,
    0x28, 0x28, 0x28, 0xff, 0x28, 0x28, 0x28, 0xff, 0x28, 0x28, 0x20, 0xff,
    0x28, 0x28, 0x28, 0xff, 0x28, 0x28, 0x28, 0xff, 0x28, 0x28, 0x20, 0xff,
    0x30, 0x28, 0x28, 0xff, 0x28, 0x28, 0x28, 0xff, 0x28, 0x28, 0x28, 0xff,
    0x28, 0x28, 0x28, 0xff, 0x28, 0x28, 0x28, 0xff, 0x28, 0x28, 0x28, 0xff,
    0x30, 0x28, 0x28, 0xff, 0x30, 0x28, 0x28, 0xff, 0x28, 0x28, 0x20, 0xff,
    0x28, 0x28, 0x28, 0xff, 0x30, 0x28, 0x28, 0xff, 0x28, 0x28, 0x28, 0xff,
    0x28, 0x28, 0x28, 0xff, 0x28, 0x24, 0x28, 0xff, 0x28, 0x28, 0x28, 0xff,
    0x28, 0x28, 0x20, 0xff, 0x28, 0x28, 0x28, 0xff, 0x28, 0x24, 0x28, 0xff,
    0x28, 0x28, 0x28, 0xff, 0x28, 0x28, 0x20, 0xff, 0x28, 0x24, 0x28, 0xff,
    0x30, 0x28, 0x28, 0xff, 0x28, 0x28, 0x28, 0xff, 0x28, 0x24, 0x28, 0xff,
    0x28, 0x28, 0x20, 0xff, 0x28, 0x28, 0x28, 0xff, 0x28, 0x24, 0x28, 0xff,
    0x30, 0x28, 0x20, 0xff, 0x28, 0x28, 0x28, 0xff, 0x28, 0x24, 0x28, 0xff,
    0x28, 0x24, 0x20, 0xff, 0x28, 0x28, 0x28, 0xff, 0x28, 0x24, 0x20, 0xff,
    0x28, 0x24, 0x20, 0xff, 0x28, 0x24, 0x28, 0xff, 0x28, 0x24, 0x28, 0xff,
    0x28, 0x28, 0x28, 0xff, 0x28, 0x28, 0x20, 0xff, 0x28, 0x24, 0x20, 0xff,
    0x28, 0x24, 0x28, 0xff, 0x28, 0x28, 0x20, 0xff, 0x28, 0x28, 0x28, 0xff,
    0x28, 0x24, 0x28, 0xff, 0x28, 0x28, 0x20, 0xff, 0x28, 0x24, 0x28, 0xff,
    0x28, 0x28, 0x28, 0xff, 0x28, 0x24, 0x20, 0xff, 0x28, 0x24, 0x28, 0xff,
    0x28, 0x24, 0x20, 0xff, 0x28, 0x28, 0x28, 0xff, 0x28, 0x24, 0x20, 0xff,
    0x28, 0x24, 0x20, 0xff, 0x28, 0x24, 0x28, 0xff, 0x28, 0x24, 0x20, 0xff,
    0x28, 0x24, 0x20, 0xff, 0x28, 0x28, 0x28, 0xff, 0x28, 0x24, 0x28, 0xff,
    0x28, 0x24, 0x20, 0xff, 0x28, 0x24, 0x28, 0xff, 0x28, 0x24, 0x20, 0xff,
    0x28, 0x24, 0x28, 0xff, 0x28, 0x24, 0x28, 0xff, 0x28, 0x28, 0x20, 0xff,
    0x28, 0x24, 0x28, 0xff, 0x28, 0x24, 0x20, 0xff, 0x20, 0x28, 0x28, 0xff,
    0x28, 0x24, 0x20, 0xff, 0x28, 0x28, 0x28, 0xff, 0x28, 0x24, 0x20, 0xff,
    0x28, 0x24, 0x20, 0xff, 0x28, 0x24, 0x28, 0xff, 0x28, 0x24, 0x20, 0xff,
    0x28, 0x24, 0x20, 0xff, 0x28, 0x28, 0x28, 0xff, 0x20, 0x24, 0x20, 0xff,
    0x28, 0x24, 0x20, 0xff, 0x28, 0x24, 0x28, 0xff, 0x20, 0x24, 0x20, 0xff,
    0x28, 0x24, 0x20, 0xff, 0x28, 0x24, 0x20, 0xff, 0x20, 0x24, 0x28, 0xff,
    0x28, 0x24, 0x28, 0xff, 0x28, 0x24, 0x20, 0xff, 0x20, 0x24, 0x20, 0xff,
    0x28, 0x24, 0x28, 0xff, 0x28, 0x24, 0x20, 0xff, 0x28, 0x24, 0x20, 0xff,
    0x28, 0x28, 0x20, 0xff, 0x28, 0x24, 0x20, 0xff, 0x28, 0x24, 0x28, 0xff,
    0x28, 0x28, 0x20, 0xff, 0x28, 0x24, 0x28, 0xff, 0x28, 0x24, 0x28, 0xff,
    0x28, 0x24, 0x20, 0xff, 0x28, 0x24, 0x28, 0xff, 0x80, 0x80, 0x80, 0xff,
    0xf0, 0xf4, 0xf0, 0x41, 0xf8, 0xfc, 0xf8, 0x00, 0xf8, 0xfc, 0xf8, 0x00,
    0xf8, 0xfc, 0xf8, 0x00, 0xb0, 0xb4, 0xb8, 0xe7, 0x30, 0x28, 0x28, 0xff,
    0x30, 0x28, 0x28, 0xff, 0x30, 0x2c, 0x28, 0xff, 0x30, 0x28, 0x28, 0xff,
    0x28, 0x28, 0x28, 0xff, 0x30, 0x2c, 0x28, 0xff, 0x28, 0x2c, 0x28, 0xff,
    0x28, 0x28, 0x28, 0xff, 0x28, 0x2c, 0x28, 0xff, 0x30, 0x2c, 0x28, 0xff,
    0x28, 0x28, 0x28, 0xff, 0x28, 0x2c, 0x28, 0xff, 0x28, 0x28, 0x28, 0xff,
    0x30, 0x28, 0x28, 0xff, 0x28, 0x2c, 0x28, 0xff, 0x28, 0x2c, 0x30, 0xff,
    0x28, 0x28, 0x28, 0xff, 0x28, 0x28, 0x28, 0xff, 0x30, 0x28, 0x28, 0xff,
    0x28, 0x28, 0x28, 0xff, 0x30, 0x28, 0x28, 0xff, 0x28, 0x2c, 0x28, 0xff,
    0x28, 0x28, 0x28, 0xff, 0x30, 0x28, 0x28, 0xff, 0x30, 0x2c, 0x28, 0xff,
    0x28, 0x28, 0x28, 0xff, 0x28, 0x28, 0x28, 0xff, 0x30, 0x28, 0x28, 0xff,
    0x28, 0x28, 0x28, 0xff, 0x28, 0x28, 0x28, 0xff, 0x28, 0x28, 0x28, 0xff,
    0x30, 0x28, 0x28, 0xff, 0x28, 0x28, 0x28, 0xff, 0x28, 0x28, 0x28, 0xff,
    0x30, 0x28, 0x28, 0xff, 0x28, 0x28, 0x28, 0xff, 0x28, 0x28, 0x28, 0xff,
    0x30, 0x28, 0x28, 0xff, 0x28, 0x28, 0x28, 0xff, 0x28, 0x28, 0x28, 0xff,
    0x28, 0x28, 0x28, 0xff, 0x28, 0x28, 0x28, 0xff, 0x28, 0x28, 0x28, 0xff,
    0x28, 0x28, 0x28, 0xff, 0x30, 0x28, 0x20, 0xff, 0x28, 0x28, 0x28, 0xff,
    0x28, 0x28, 0x20, 0xff, 0x28, 0x28, 0x28, 0xff, 0x28, 0x28, 0x28, 0xff,
    0x28, 0x28, 0x28, 0xff, 0x28, 0x28, 0x20, 0xff, 0x28, 0x28, 0x28, 0xff,
    0x28, 0x28, 0x28, 0xff, 0x28, 0x28, 0x28, 0xff, 0x28, 0x28, 0x20, 0xff,
    0x28, 0x28, 0x28, 0xff, 0x30, 0x24, 0x28, 0xff, 0x28, 0x28, 0x28, 0xff,
    0x28, 0x28, 0x20, 0xff, 0x30, 0x28, 0x28, 0xff, 0x28, 0x28, 0x28, 0xff,
    0x28, 0x28, 0x28, 0xff, 0x28, 0x28, 0x20, 0xff, 0x28, 0x28, 0x28, 0xff,
    0x28, 0x28, 0x28, 0xff, 0x28, 0x28, 0x20, 0xff, 0x30, 0x28, 0x28, 0xff,
    0x28, 0x28, 0x28, 0xff, 0x28, 0x24, 0x20, 0xff, 0x28, 0x28, 0x28, 0xff,
    0x28, 0x28, 0x28, 0xff, 0x28, 0x28, 0x28, 0xff, 0x28, 0x28, 0x28, 0xff,
    0x28, 0x28, 0x28, 0xff, 0x28, 0x28, 0x28, 0xff, 0x28, 0x28, 0x28, 0xff,
    0x28, 0x24, 0x20, 0xff, 0x28, 0x28, 0x28, 0xff, 0x28, 0x28, 0x28, 0xff,
    0x28, 0x28, 0x28, 0xff, 0x28, 0x24, 0x28, 0xff, 0x28, 0x24, 0x20, 0xff,
    0x28, 0x28, 0x28, 0xff, 0x28, 0x24, 0x28, 0xff, 0x28, 0x24, 0x20, 0xff,
    0x28, 0x28, 0x20, 0xff, 0x28, 0x28, 0x28, 0xff, 0x28, 0x24, 0x28, 0xff,
    0x28, 0x28, 0x28, 0xff, 0x28, 0x28, 0x20, 0xff, 0x28, 0x24, 0x28, 0xff,
    0x28, 0x28, 0x28, 0xff, 0x28, 0x28, 0x28, 0xff, 0x28, 0x28, 0x28, 0xff,
    0x28, 0x24, 0x20, 0xff, 0x28, 0x28, 0x28, 0xff, 0x28, 0x24, 0x28, 0xff,
    0x28, 0x28, 0x28, 0xff, 0x28, 0x24, 0x20, 0xff, 0x28, 0x24, 0x28, 0xff,
    0x28, 0x28, 0x28, 0xff, 0x28, 0x24, 0x20, 0xff, 0x28, 0x24, 0x20, 0xff,
    0x20, 0x28, 0x28, 0xff, 0x28, 0x24, 0x28, 0xff, 0x28, 0x24, 0x20, 0xff,
    0x28, 0x28, 0x28, 0xff, 0x28, 0x24, 0x20, 0xff, 0x28, 0x24, 0x28, 0xff,
    0x28, 0x28, 0x28, 0xff, 0x28, 0x24, 0x20, 0xff, 0x28, 0x24, 0x28, 0xff,
    0x20, 0x28, 0x28, 0xff, 0x28, 0x24, 0x20, 0xff, 0x28, 0x24, 0x28, 0xff,
    0x28, 0x28, 0x28, 0xff, 0x20, 0x24, 0x20, 0xff, 0x28, 0x24, 0x20, 0xff,
    0x28, 0x28, 0x28, 0xff, 0x28, 0x24, 0x28, 0xff, 0x28, 0x24, 0x20, 0xff,
    0x28, 0x28, 0x28, 0xff, 0x20, 0x24, 0x20, 0xff, 0x28, 0x24, 0x20, 0xff,
    0x28, 0x24, 0x20, 0xff, 0x28, 0x24, 0x28, 0xff, 0x28, 0x28, 0x28, 0xff,
    0x28, 0x24, 0x20, 0xff, 0x20, 0x24, 0x20, 0xff, 0x28, 0x24, 0x28, 0xff,
    0x28, 0x28, 0x28, 0xff, 0x28, 0x24, 0x20, 0xff, 0x20, 0x24, 0x20, 0xff,
    0x28, 0x28, 0x28, 0xff, 0x28, 0x24, 0x20, 0xff, 0x28, 0x24, 0x20, 0xff,
    0x28, 0x24, 0x20, 0xff, 0x80, 0x80, 0x80, 0xff, 0xf0, 0xf0, 0xf0, 0x41,
    0xf8, 0xfc, 0xf8, 0x00, 0xf8, 0xfc, 0xf8, 0x00, 0xf8, 0xfc, 0xf8, 0x00,
    0xb0, 0xb4, 0xb0, 0xe7, 0x28, 0x28, 0x28, 0xff, 0x28, 0x2c, 0x28, 0xff,
    0x28, 0x28, 0x28, 0xff, 0x28, 0x28, 0x28, 0xff, 0x28, 0x2c, 0x30, 0xff,
    0x30, 0x28, 0x28, 0xff, 0x30, 0x28, 0x28, 0xff, 0x28, 0x28, 0x28, 0xff,
    0x28, 0x28, 0x28, 0xff, 0x30, 0x28, 0x28, 0xff, 0x28, 0x2c, 0x28, 0xff,
    0x30, 0x2c, 0x28, 0xff, 0x28, 0x28, 0x28, 0xff, 0x28, 0x28, 0x28, 0xff,
    0x30, 0x28, 0x28, 0xff, 0x28, 0x28, 0x28, 0xff, 0x30, 0x28, 0x28, 0xff,
    0x28, 0x28, 0x28, 0xff, 0x30, 0x2c, 0x28, 0xff, 0x28, 0x28, 0x28, 0xff,
    0x28, 0x28, 0x28, 0xff, 0x28, 0x28, 0x28, 0xff, 0x28, 0x28, 0x28, 0xff,
    0x28, 0x2c, 0x28, 0xff, 0x28, 0x28, 0x28, 0xff, 0x28, 0x28, 0x28, 0xff,
    0x30, 0x2c, 0x28, 0xff, 0x28, 0x28, 0x28, 0xff, 0x28, 0x28, 0x28, 0xff,
    0x28, 0x28, 0x28, 0xff, 0x30, 0x28, 0x28, 0xff, 0x28, 0x28, 0x28, 0xff,
    0x28, 0x28, 0x28, 0xff, 0x28, 0x28, 0x28, 0xff, 0x28, 0x28, 0x28, 0xff,
    0x28, 0x28, 0x28, 0xff, 0x28, 0x2c, 0x28, 0xff, 0x30, 0x28, 0x28, 0xff,
    0x28, 0x28, 0x28, 0xff, 0x28, 0x28, 0x28, 0xff, 0x30, 0x28, 0x28, 0xff,
    0x28, 0x28, 0x28, 0xff, 0x28, 0x28, 0x28, 0xff, 0x30, 0x28, 0x28, 0xff,
    0x28, 0x28, 0x28, 0xff, 0x28, 0x28, 0x28, 0xff, 0x28, 0x28, 0x28, 0xff,
    0x28, 0x28, 0x28, 0xff, 0x28, 0x28, 0x20, 0xff, 0x28, 0x28, 0x28, 0xff,
    0x28, 0x24, 0x28, 0xff, 0x28, 0x28, 0x28, 0xff, 0x28, 0x24, 0x28, 0xff,
    0x30, 0x28, 0x28, 0xff, 0x28, 0x28, 0x28, 0xff, 0x28, 0x28, 0x20, 0xff,
    0x28, 0x28, 0x28, 0xff, 0x28, 0x24, 0x28, 0xff, 0x28, 0x28, 0x28, 0xff,
    0x28, 0x28, 0x20, 0xff, 0x28, 0x24, 0x28, 0xff, 0x28, 0x28, 0x28, 0xff,
    0x28, 0x24, 0x28, 0xff, 0x28, 0x28, 0x20, 0xff, 0x28, 0x24, 0x28, 0xff,
    0x28, 0x28, 0x28, 0xff, 0x28, 0x28, 0x28, 0xff, 0x28, 0x24, 0x28, 0xff,
    0x28, 0x28, 0x28, 0xff, 0x28, 0x24, 0x20, 0xff, 0x28, 0x28, 0x28, 0xff,
    0x28, 0x24, 0x20, 0xff, 0x28, 0x24, 0x20, 0xff, 0x28, 0x28, 0x28, 0xff,
    0x30, 0x28, 0x28, 0xff, 0x28, 0x28, 0x28, 0xff, 0x28, 0x28, 0x28, 0xff,
    0x28, 0x24, 0x20, 0xff, 0x28, 0x24, 0x20, 0xff, 0x28, 0x28, 0x28, 0xff,
    0x28, 0x28, 0x28, 0xff, 0x28, 0x28, 0x28, 0xff, 0x28, 0x24, 0x20, 0xff,
    0x28, 0x28, 0x28, 0xff, 0x28, 0x24, 0x28, 0xff, 0x28, 0x28, 0x28, 0xff,
    0x28, 0x24, 0x20, 0xff, 0x28, 0x24, 0x20, 0xff, 0x28, 0x24, 0x20, 0xff,
    0x28, 0x24, 0x28, 0xff, 0x28, 0x28, 0x20, 0xff, 0x28, 0x24, 0x20, 0xff,
    0x28, 0x24, 0x28, 0xff, 0x28, 0x28, 0x28, 0xff, 0x28, 0x24, 0x20, 0xff,
    0x28, 0x28, 0x28, 0xff, 0x28, 0x24, 0x20, 0xff, 0x28, 0x24, 0x20, 0xff,
    0x28, 0x28, 0x28, 0xff, 0x28, 0x28, 0x28, 0xff, 0x28, 0x24, 0x20, 0xff,
    0x28, 0x24, 0x28, 0xff, 0x28, 0x28, 0x20, 0xff, 0x28, 0x24, 0x20, 0xff,
    0x28, 0x24, 0x28, 0xff, 0x28, 0x24, 0x20, 0xff, 0x28, 0x24, 0x20, 0xff,
    0x28, 0x24, 0x28, 0xff, 0x20, 0x24, 0x20, 0xff, 0x28, 0x24, 0x20, 0xff,
    0x20, 0x24, 0x20, 0xff, 0x28, 0x24, 0x20, 0xff, 0x28, 0x28, 0x28, 0xff,
    0x28, 0x24, 0x20, 0xff, 0x28, 0x24, 0x20, 0xff, 0x20, 0x24, 0x20, 0xff,
    0x28, 0x24, 0x28, 0xff, 0x28, 0x24, 0x28, 0xff, 0x28, 0x24, 0x20, 0xff,
    0x20, 0x24, 0x20, 0xff, 0x28, 0x24, 0x20, 0xff, 0x28, 0x24, 0x28, 0xff,
    0x28, 0x24, 0x28, 0xff, 0x28, 0x24, 0x20, 0xff, 0x28, 0x24, 0x28, 0xff,
    0x28, 0x24, 0x28, 0xff, 0x28, 0x24, 0x20, 0xff, 0x28, 0x28, 0x28, 0xff,
    0x20, 0x24, 0x20, 0xff, 0x28, 0x24, 0x20, 0xff, 0x28, 0x24, 0x28, 0xff,
    0x20, 0x24, 0x20, 0xff, 0x28, 0x24, 0x20, 0xff, 0x28, 0x24, 0x20, 0xff,
    0x28, 0x24, 0x28, 0xff, 0x20, 0x24, 0x20, 0xff, 0x28, 0x24, 0x28, 0xff,
    0x80, 0x80, 0x80, 0xff, 0xf0, 0xf4, 0xf0, 0x41, 0xf8, 0xfc, 0xf8, 0x00,
    0xf8, 0xfc, 0xf8, 0x00, 0xf8, 0xfc, 0xf8, 0x00, 0xb8, 0xb4, 0xb0, 0xe7,
    0x28, 0x2c, 0x28, 0xff, 0x28, 0x2c, 0x28, 0xff, 0x30, 0x28, 0x28, 0xff,
    0x28, 0x2c, 0x28, 0xff, 0x28, 0x2c, 0x28, 0xff, 0x30, 0x2c, 0x28, 0xff,
    0x28, 0x2c, 0x28, 0xff, 0x28, 0x28, 0x28, 0xff, 0x30, 0x2c, 0x30, 0xff,
    0x28, 0x28, 0x28, 0xff, 0x28, 0x2c, 0x28, 0xff, 0x28, 0x28, 0x28, 0xff,
    0x30, 0x28, 0x28, 0xff, 0x28, 0x28, 0x28, 0xff, 0x28, 0x28, 0x28, 0xff,
    0x30, 0x2c, 0x28, 0xff, 0x28, 0x28, 0x28, 0xff, 0x28, 0x28, 0x28, 0xff,
    0x30, 0x2c, 0x28, 0xff, 0x28, 0x28, 0x28, 0xff, 0x28, 0x28, 0x28, 0xff,
    0x30, 0x28, 0x28, 0xff, 0x28, 0x28, 0x28, 0xff, 0x30, 0x2c, 0x28, 0xff,
    0x28, 0x28, 0x28, 0xff, 0x28, 0x28, 0x28, 0xff, 0x28, 0x2c, 0x28, 0xff,
    0x28, 0x28, 0x28, 0xff, 0x30, 0x28, 0x28, 0xff, 0x28, 0x28, 0x28, 0xff,
    0x28, 0x28, 0x28, 0xff, 0x28, 0x28, 0x28, 0xff, 0x30, 0x28, 0x28, 0xff,
    0x28, 0x28, 0x28, 0xff, 0x28, 0x28, 0x28, 0xff, 0x28, 0x28, 0x20, 0xff,
    0x28, 0x28, 0x28, 0xff, 0x28, 0x28, 0x28, 0xff, 0x28, 0x28, 0x20, 0xff,
    0x30, 0x28, 0x28, 0xff, 0x28, 0x28, 0x28, 0xff, 0x28, 0x28, 0x20, 0xff,
    0x28, 0x28, 0x20, 0xff, 0x28, 0x28, 0x28, 0xff, 0x28, 0x28, 0x28, 0xff,
    0x30, 0x28, 0x28, 0xff, 0x28, 0x28, 0x28, 0xff, 0x30, 0x28, 0x28, 0xff,
    0x28, 0x28, 0x28, 0xff, 0x28, 0x28, 0x20, 0xff, 0x30, 0x28, 0x28, 0xff,
    0x28, 0x28, 0x28, 0xff, 0x28, 0x28, 0x20, 0xff, 0x30, 0x28, 0x28, 0xff,
    0x28, 0x24, 0x28, 0xff, 0x28, 0x28, 0x28, 0xff, 0x28, 0x28, 0x20, 0xff,
    0x28, 0x28, 0x28, 0xff, 0x28, 0x24, 0x28, 0xff, 0x28, 0x28, 0x28, 0xff,
    0x28, 0x28, 0x20, 0xff, 0x28, 0x28, 0x28, 0xff, 0x30, 0x28, 0x28, 0xff,
    0x28, 0x24, 0x28, 0xff, 0x28, 0x28, 0x28, 0xff, 0x28, 0x28, 0x20, 0xff,
    0x28, 0x24, 0x28, 0xff, 0x28, 0x28, 0x28, 0xff, 0x28, 0x28, 0x20, 0xff,
    0x28, 0x28, 0x28, 0xff, 0x28, 0x24, 0x28, 0xff, 0x28, 0x28, 0x28, 0xff,
    0x28, 0x28, 0x28, 0xff, 0x28, 0x24, 0x20, 0xff, 0x28, 0x28, 0x28, 0xff,
    0x28, 0x24, 0x20, 0xff, 0x28, 0x28, 0x28, 0xff, 0x28, 0x28, 0x28, 0xff,
    0x28, 0x24, 0x20, 0xff, 0x28, 0x24, 0x28, 0xff, 0x28, 0x28, 0x20, 0xff,
    0x28, 0x24, 0x20, 0xff, 0x28, 0x28, 0x28, 0xff, 0x28, 0x28, 0x20, 0xff,
    0x28, 0x24, 0x28, 0xff, 0x28, 0x28, 0x28, 0xff, 0x28, 0x28, 0x28, 0xff,
    0x28, 0x28, 0x28, 0xff, 0x28, 0x24, 0x28, 0xff, 0x28, 0x28, 0x28, 0xff,
    0x28, 0x24, 0x28, 0xff, 0x28, 0x24, 0x20, 0xff, 0x28, 0x28, 0x28, 0xff,
    0x28, 0x24, 0x20, 0xff, 0x28, 0x24, 0x20, 0xff, 0x28, 0x24, 0x28, 0xff,
    0x28, 0x24, 0x28, 0xff, 0x28, 0x28, 0x20, 0xff, 0x28, 0x24, 0x20, 0xff,
    0x28, 0x24, 0x20, 0xff, 0x28, 0x28, 0x28, 0xff, 0x28, 0x28, 0x28, 0xff,
    0x20, 0x24, 0x20, 0xff, 0x28, 0x28, 0x28, 0xff, 0x28, 0x28, 0x28, 0xff,
    0x28, 0x24, 0x20, 0xff, 0x20, 0x24, 0x20, 0xff, 0x28, 0x28, 0x28, 0xff,
    0x28, 0x24, 0x28, 0xff, 0x28, 0x24, 0x28, 0xff, 0x28, 0x28, 0x28, 0xff,
    0x28, 0x24, 0x20, 0xff, 0x28, 0x24, 0x28, 0xff, 0x20, 0x24, 0x20, 0xff,
    0x28, 0x24, 0x20, 0xff, 0x28, 0x24, 0x28, 0xff, 0x28, 0x24, 0x20, 0xff,
    0x28, 0x28, 0x28, 0xff, 0x28, 0x24, 0x20, 0xff, 0x28, 0x24, 0x20, 0xff,
    0x28, 0x24, 0x28, 0xff, 0x28, 0x24, 0x20, 0xff, 0x20, 0x24, 0x20, 0xff,
    0x28, 0x28, 0x28, 0xff, 0x28, 0x24, 0x20, 0xff, 0x20, 0x24, 0x20, 0xff,
    0x28, 0x24, 0x20, 0xff, 0x28, 0x24, 0x28, 0xff, 0x28, 0x24, 0x20, 0xff,
    0x28, 0x24, 0x20, 0xff, 0x28, 0x24, 0x28, 0xff, 0x28, 0x24, 0x20, 0xff,
    0x28, 0x24, 0x28, 0xff, 0x20, 0x24, 0x20, 0xff, 0x28, 0x24, 0x28, 0xff,
    0x28, 0x24, 0x20, 0xff, 0x28, 0x24, 0x20, 0xff, 0x80, 0x80, 0x80, 0xff,
    0xf0, 0xf0, 0xf0, 0x41, 0xf8, 0xfc, 0xf8, 0x00, 0xf8, 0xfc, 0xf8, 0x00,
    0xf8, 0xfc, 0xf8, 0x00, 0xb8, 0xb4, 0xb8, 0xe7, 0x28, 0x28, 0x28, 0xff,
    0x30, 0x28, 0x28, 0xff, 0x30, 0x2c, 0x28, 0xff, 0x28, 0x28, 0x28, 0xff,
    0x28, 0x28, 0x28, 0xff, 0x30, 0x28, 0x28, 0xff, 0x28, 0x2c, 0x28, 0xff,
    0x28, 0x2c, 0x28, 0xff, 0x30, 0x28, 0x28, 0xff, 0x30, 0x2c, 0x28, 0xff,
    0x28, 0x28, 0x28, 0xff, 0x30, 0x28, 0x28, 0xff, 0x28, 0x28, 0x28, 0xff,
    0x30, 0x2c, 0x28, 0xff, 0x28, 0x28, 0x28, 0xff, 0x28, 0x28, 0x28, 0xff,
    0x28, 0x2c, 0x28, 0xff, 0x28, 0x28, 0x28, 0xff, 0x30, 0x28, 0x28, 0xff,
    0x28, 0x28, 0x28, 0xff, 0x28, 0x2c, 0x28, 0xff, 0x28, 0x28, 0x28, 0xff,
    0x28, 0x28, 0x28, 0xff, 0x28, 0x28, 0x28, 0xff, 0x30, 0x28, 0x28, 0xff,
    0x28, 0x28, 0x28, 0xff, 0x28, 0x28, 0x28, 0xff, 0x30, 0x28, 0x28, 0xff,
    0x28, 0x28, 0x28, 0xff, 0x28, 0x28, 0x28, 0xff, 0x28, 0x2c, 0x28, 0xff,
    0x30, 0x28, 0x28, 0xff, 0x28, 0x28, 0x28, 0xff, 0x28, 0x28, 0x28, 0xff,
    0x30, 0x2c, 0x28, 0xff, 0x30, 0x28, 0x28, 0xff, 0x28, 0x28, 0x28, 0xff,
    0x28, 0x28, 0x28, 0xff, 0x28, 0x28, 0x28, 0xff, 0x28, 0x28, 0x28, 0xff,
    0x28, 0x28, 0x28, 0xff, 0x28, 0x28, 0x28, 0xff, 0x30, 0x28, 0x28, 0xff,
    0x28, 0x28, 0x28, 0xff, 0x28, 0x28, 0x28, 0xff, 0x28, 0x28, 0x20, 0xff,
    0x28, 0x28, 0x20, 0xff, 0x28, 0x28, 0x28, 0xff, 0x28, 0x28, 0x28, 0xff,
    0x30, 0x28, 0x28, 0xff, 0x28, 0x28, 0x28, 0xff, 0x28, 0x28, 0x28, 0xff,
    0x28, 0x28, 0x20, 0xff, 0x28, 0x28, 0x28, 0xff, 0x28, 0x28, 0x28, 0xff,
    0x28, 0x24, 0x28, 0xff, 0x30, 0x28, 0x28, 0xff, 0x28, 0x28, 0x20, 0xff,
    0x28, 0x28, 0x28, 0xff, 0x30, 0x24, 0x28, 0xff, 0x28, 0x28, 0x28, 0xff,
    0x28, 0x28, 0x20, 0xff, 0x28, 0x28, 0x28, 0xff, 0x28, 0x28, 0x28, 0xff,
    0x28, 0x28, 0x20, 0xff, 0x30, 0x28, 0x28, 0xff, 0x28, 0x28, 0x28, 0xff,
    0x28, 0x24, 0x20, 0xff, 0x28, 0x28, 0x28, 0xff, 0x28, 0x28, 0x28, 0xff,
    0x28, 0x24, 0x20, 0xff, 0x28, 0x28, 0x28, 0xff, 0x28, 0x28, 0x28, 0xff,
    0x28, 0x24, 0x20, 0xff, 0x28, 0x28, 0x28, 0xff, 0x28, 0x28, 0x28, 0xff,
    0x28, 0x24, 0x20, 0xff, 0x28, 0x28, 0x28, 0xff, 0x28, 0x28, 0x28, 0xff,
    0x28, 0x24, 0x28, 0xff, 0x28, 0x24, 0x28, 0xff, 0x28, 0x28, 0x28, 0xff,
    0x28, 0x24, 0x28, 0xff, 0x28, 0x24, 0x20, 0xff, 0x28, 0x28, 0x20, 0xff,
    0x28, 0x24, 0x28, 0xff, 0x28, 0x24, 0x20, 0xff, 0x28, 0x24, 0x20, 0xff,
    0x28, 0x28, 0x28, 0xff, 0x28, 0x28, 0x20, 0xff, 0x28, 0x24, 0x28, 0xff,
    0x28, 0x24, 0x20, 0xff, 0x28, 0x28, 0x28, 0xff, 0x28, 0x24, 0x28, 0xff,
    0x28, 0x24, 0x20, 0xff, 0x28, 0x28, 0x28, 0xff, 0x28, 0x28, 0x28, 0xff,
    0x28, 0x24, 0x28, 0xff, 0x28, 0x24, 0x28, 0xff, 0x20, 0x24, 0x20, 0xff,
    0x28, 0x24, 0x28, 0xff, 0x28, 0x28, 0x28, 0xff, 0x28, 0x24, 0x20, 0xff,
    0x28, 0x24, 0x28, 0xff, 0x28, 0x24, 0x28, 0xff, 0x28, 0x24, 0x20, 0xff,
    0x28, 0x28, 0x28, 0xff, 0x28, 0x24, 0x20, 0xff, 0x28, 0x24, 0x20, 0xff,
    0x28, 0x28, 0x28, 0xff, 0x28, 0x24, 0x20, 0xff, 0x28, 0x24, 0x28, 0xff,
    0x28, 0x24, 0x28, 0xff, 0x20, 0x24, 0x20, 0xff, 0x28, 0x24, 0x28, 0xff,
    0x28, 0x24, 0x28, 0xff, 0x20, 0x24, 0x20, 0xff, 0x28, 0x24, 0x20, 0xff,
    0x28, 0x24, 0x28, 0xff, 0x20, 0x24, 0x20, 0xff, 0x28, 0x24, 0x28, 0xff,
    0x28, 0x24, 0x20, 0xff, 0x28, 0x24, 0x28, 0xff, 0x20, 0x24, 0x20, 0xff,
    0x28, 0x24, 0x20, 0xff, 0x28, 0x24, 0x20, 0xff, 0x20, 0x24, 0x28, 0xff,
    0x28, 0x24, 0x20, 0xff, 0x20, 0x24, 0x28, 0xff, 0x28, 0x24, 0x28, 0xff,
    0x20, 0x24, 0x20, 0xff, 0x28, 0x24, 0x20, 0xff, 0x28, 0x24, 0x28, 0xff,
    0x28, 0x24, 0x28, 0xff, 0x28, 0x28, 0x20, 0xff, 0x28, 0x24, 0x28, 0xff,
    0x20, 0x24, 0x20, 0xff, 0x80, 0x80, 0x80, 0xff, 0xf0, 0xf0, 0xf0, 0x41,
    0xf8, 0xfc, 0xf8, 0x00, 0xf8, 0xfc, 0xf8, 0x00, 0xf8, 0xfc, 0xf8, 0x00,
    0xb8, 0xb4, 0xb0, 0xe7, 0x28, 0x28, 0x28, 0xff, 0x28, 0x2c, 0x28, 0xff,
    0x30, 0x28, 0x30, 0xff, 0x28, 0x2c, 0x28, 0xff, 0x28, 0x28, 0x28, 0xff,
    0x30, 0x28, 0x30, 0xff, 0x30, 0x28, 0x28, 0xff, 0x28, 0x28, 0x28, 0xff,
    0x28, 0x28, 0x28, 0xff, 0x28, 0x28, 0x28, 0xff, 0x30, 0x2c, 0x30, 0xff,
    0x28, 0x28, 0x28, 0xff, 0x28, 0x28, 0x28, 0xff, 0x30, 0x2c, 0x28, 0xff,
    0x28, 0x28, 0x28, 0xff, 0x28, 0x28, 0x28, 0xff, 0x30, 0x28, 0x28, 0xff,
    0x30, 0x28, 0x28, 0xff, 0x28, 0x28, 0x28, 0xff, 0x28, 0x28, 0x28, 0xff,
    0x30, 0x28, 0x28, 0xff, 0x28, 0x2c, 0x28, 0xff, 0x28, 0x28, 0x28, 0xff,
    0x30, 0x28, 0x28, 0xff, 0x30, 0x28, 0x28, 0xff, 0x28, 0x28, 0x28, 0xff,
    0x28, 0x28, 0x28, 0xff, 0x28, 0x28, 0x28, 0xff, 0x28, 0x28, 0x28, 0xff,
    0x30, 0x28, 0x28, 0xff, 0x28, 0x28, 0x28, 0xff, 0x28, 0x28, 0x28, 0xff,
    0x28, 0x28, 0x28, 0xff, 0x28, 0x28, 0x28, 0xff, 0x28, 0x28, 0x28, 0xff,
    0x28, 0x28, 0x28, 0xff, 0x30, 0x28, 0x28, 0xff, 0x28, 0x28, 0x28, 0xff,
    0x30, 0x28, 0x28, 0xff, 0x28, 0x28, 0x28, 0xff, 0x28, 0x28, 0x28, 0xff,
    0x28, 0x28, 0x28, 0xff, 0x28, 0x28, 0x20, 0xff, 0x30, 0x28, 0x28, 0xff,
    0x28, 0x28, 0x28, 0xff, 0x28, 0x28, 0x28, 0xff, 0x28, 0x28, 0x28, 0xff,
    0x28, 0x28, 0x28, 0xff, 0x28, 0x24, 0x20, 0xff, 0x28, 0x28, 0x28, 0xff,
    0x28, 0x24, 0x28, 0xff, 0x28, 0x28, 0x28, 0xff, 0x28, 0x24, 0x28, 0xff,
    0x28, 0x28, 0x28, 0xff, 0x28, 0x28, 0x20, 0xff, 0x28, 0x28, 0x28, 0xff,
    0x28, 0x28, 0x28, 0xff, 0x28, 0x28, 0x28, 0xff, 0x28, 0x28, 0x20, 0xff,
    0x28, 0x28, 0x28, 0xff, 0x28, 0x24, 0x28, 0xff, 0x28, 0x28, 0x28, 0xff,
    0x28, 0x24, 0x20, 0xff, 0x28, 0x24, 0x28, 0xff, 0x28, 0x28, 0x28, 0xff,
    0x28, 0x28, 0x28, 0xff, 0x28, 0x24, 0x28, 0xff, 0x28, 0x24, 0x20, 0xff,
    0x28, 0x28, 0x28, 0xff, 0x28, 0x28, 0x28, 0xff, 0x28, 0x24, 0x20, 0xff,
    0x28, 0x24, 0x20, 0xff, 0x28, 0x28, 0x28, 0xff, 0x28, 0x24, 0x28, 0xff,
    0x28, 0x24, 0x20, 0xff, 0x28, 0x28, 0x28, 0xff, 0x28, 0x24, 0x28, 0xff,
    0x28, 0x24, 0x20, 0xff, 0x28, 0x28, 0x28, 0xff, 0x28, 0x28, 0x20, 0xff,
    0x28, 0x24, 0x20, 0xff, 0x28, 0x28, 0x28, 0xff, 0x28, 0x24, 0x28, 0xff,
    0x28, 0x28, 0x28, 0xff, 0x28, 0x28, 0x28, 0xff, 0x28, 0x24, 0x20, 0xff,
    0x28, 0x28, 0x28, 0xff, 0x28, 0x24, 0x28, 0xff, 0x28, 0x28, 0x20, 0xff,
    0x28, 0x24, 0x28, 0xff, 0x28, 0x24, 0x20, 0xff, 0x28, 0x28, 0x28, 0xff,
    0x28, 0x24, 0x20, 0xff, 0x28, 0x24, 0x28, 0xff, 0x28, 0x28, 0x28, 0xff,
    0x28, 0x28, 0x20, 0xff, 0x28, 0x24, 0x20, 0xff, 0x28, 0x28, 0x28, 0xff,
    0x28, 0x28, 0x28, 0xff, 0x28, 0x24, 0x28, 0xff, 0x28, 0x24, 0x20, 0xff,
    0x28, 0x24, 0x20, 0xff, 0x28, 0x24, 0x20, 0xff, 0x28, 0x24, 0x28, 0xff,
    0x28, 0x24, 0x20, 0xff, 0x20, 0x24, 0x28, 0xff, 0x28, 0x24, 0x20, 0xff,
    0x28, 0x24, 0x28, 0xff, 0x28, 0x24, 0x20, 0xff, 0x28, 0x24, 0x20, 0xff,
    0x20, 0x24, 0x28, 0xff, 0x28, 0x28, 0x20, 0xff, 0x28, 0x24, 0x20, 0xff,
    0x28, 0x24, 0x20, 0xff, 0x28, 0x28, 0x28, 0xff, 0x28, 0x24, 0x20, 0xff,
    0x28, 0x24, 0x20, 0xff, 0x28, 0x24, 0x28, 0xff, 0x28, 0x24, 0x28, 0xff,
    0x28, 0x28, 0x20, 0xff, 0x28, 0x24, 0x28, 0xff, 0x20, 0x24, 0x20, 0xff,
    0x28, 0x24, 0x20, 0xff, 0x28, 0x24, 0x28, 0xff, 0x28, 0x24, 0x28, 0xff,
    0x28, 0x24, 0x28, 0xff, 0x28, 0x24, 0x20, 0xff, 0x28, 0x24, 0x20, 0xff,
    0x28, 0x24, 0x20, 0xff, 0x28, 0x24, 0x28, 0xff, 0x28, 0x24, 0x28, 0xff,
    0x20, 0x24, 0x20, 0xff, 0x28, 0x28, 0x20, 0xff, 0x28, 0x24, 0x20, 0xff,
    0x20, 0x24, 0x20, 0xff, 0x28, 0x24, 0x28, 0xff, 0x28, 0x24, 0x28, 0xff,
    0x80, 0x80, 0x80, 0xff, 0xf0, 0xf4, 0xf0, 0x41, 0xf8, 0xfc, 0xf8, 0x00,
    0xf8, 0xfc, 0xf8, 0x00, 0xf8, 0xfc, 0xf8, 0x00, 0xb0, 0xb4, 0xb0, 0xe7,
    0x28, 0x2c, 0x28, 0xff, 0x30, 0x28, 0x28, 0xff, 0x28, 0x28, 0x28, 0xff,
    0x30, 0x2c, 0x28, 0xff, 0x28, 0x2c, 0x28, 0xff, 0x28, 0x2c, 0x28, 0xff,
    0x30, 0x28, 0x28, 0xff, 0x28, 0x2c, 0x28, 0xff, 0x28, 0x28, 0x28, 0xff,
    0x30, 0x28, 0x28, 0xff, 0x28, 0x28, 0x28, 0xff, 0x28, 0x28, 0x28, 0xff,
    0x28, 0x28, 0x28, 0xff, 0x30, 0x28, 0x28, 0xff, 0x28, 0x2c, 0x28, 0xff,
    0x30, 0x28, 0x28, 0xff, 0x28, 0x28, 0x28, 0xff, 0x28, 0x28, 0x28, 0xff,
    0x28, 0x2c, 0x28, 0xff, 0x28, 0x28, 0x28, 0xff, 0x30, 0x28, 0x28, 0xff,
    0x28, 0x28, 0x28, 0xff, 0x28, 0x28, 0x28, 0xff, 0x28, 0x28, 0x28, 0xff,
    0x28, 0x2c, 0x28, 0xff, 0x30, 0x28, 0x28, 0xff, 0x28, 0x28, 0x28, 0xff,
    0x28, 0x28, 0x28, 0xff, 0x30, 0x28, 0x28, 0xff, 0x28, 0x28, 0x28, 0xff,
    0x28, 0x28, 0x28, 0xff, 0x30, 0x28, 0x28, 0xff, 0x28, 0x28, 0x20, 0xff,
    0x28, 0x28, 0x28, 0xff, 0x30, 0x28, 0x28, 0xff, 0x28, 0x28, 0x20, 0xff,
    0x28, 0x28, 0x28, 0xff, 0x28, 0x28, 0x28, 0xff, 0x28, 0x28, 0x20, 0xff,
    0x30, 0x28, 0x28, 0xff, 0x28, 0x28, 0x28, 0xff, 0x28, 0x28, 0x28, 0xff,
    0x30, 0x28, 0x28, 0xff, 0x28, 0x28, 0x20, 0xff, 0x28, 0x28, 0x28, 0xff,
    0x30, 0x28, 0x28, 0xff, 0x28, 0x28, 0x28, 0xff, 0x30, 0x28, 0x28, 0xff,
    0x28, 0x28, 0x28, 0xff, 0x28, 0x28, 0x20, 0xff, 0x28, 0x28, 0x28, 0xff,
    0x28, 0x28, 0x20, 0xff, 0x28, 0x28, 0x28, 0xff, 0x30, 0x28, 0x28, 0xff,
    0x28, 0x28, 0x28, 0xff, 0x28, 0x24, 0x20, 0xff, 0x28, 0x28, 0x28, 0xff,
    0x28, 0x24, 0x28, 0xff, 0x28, 0x28, 0x28, 0xff, 0x28, 0x28, 0x20, 0xff,
    0x28, 0x28, 0x28, 0xff, 0x28, 0x28, 0x28, 0xff, 0x30, 0x28, 0x28, 0xff,
    0x28, 0x28, 0x20, 0xff, 0x28, 0x24, 0x28, 0xff, 0x28, 0x28, 0x28, 0xff,
    0x28, 0x28, 0x20, 0xff, 0x28, 0x28, 0x28, 0xff, 0x28, 0x24, 0x28, 0xff,
    0x28, 0x28, 0x28, 0xff, 0x28, 0x28, 0x28, 0xff, 0x28, 0x24, 0x20, 0xff,
    0x28, 0x28, 0x28, 0xff, 0x28, 0x28, 0x28, 0xff, 0x28, 0x24, 0x20, 0xff,
    0x28, 0x28, 0x28, 0xff, 0x28, 0x28, 0x28, 0xff, 0x28, 0x24, 0x20, 0xff,
    0x28, 0x24, 0x28, 0xff, 0x28, 0x28, 0x28, 0xff, 0x28, 0x28, 0x20, 0xff,
    0x28, 0x24, 0x20, 0xff, 0x28, 0x28, 0x28, 0xff, 0x28, 0x24, 0x20, 0xff,
    0x28, 0x24, 0x28, 0xff, 0x28, 0x28, 0x28, 0xff, 0x28, 0x24, 0x20, 0xff,
    0x28, 0x28, 0x28, 0xff, 0x28, 0x24, 0x28, 0xff, 0x28, 0x28, 0x28, 0xff,
    0x28, 0x28, 0x28, 0xff, 0x28, 0x24, 0x20, 0xff, 0x28, 0x28, 0x28, 0xff,
    0x28, 0x28, 0x20, 0xff, 0x28, 0x24, 0x20, 0xff, 0x28, 0x24, 0x28, 0xff,
    0x28, 0x24, 0x20, 0xff, 0x28, 0x24, 0x20, 0xff, 0x28, 0x24, 0x20, 0xff,
    0x28, 0x24, 0x20, 0xff, 0x28, 0x24, 0x28, 0xff, 0x28, 0x28, 0x28, 0xff,
    0x20, 0x24, 0x20, 0xff, 0x28, 0x24, 0x20, 0xff, 0x28, 0x28, 0x28, 0xff,
    0x28, 0x24, 0x20, 0xff, 0x20, 0x24, 0x28, 0xff, 0x28, 0x28, 0x28, 0xff,
    0x28, 0x24, 0x28, 0xff, 0x28, 0x24, 0x20, 0xff, 0x28, 0x28, 0x28, 0xff,
    0x28, 0x24, 0x28, 0xff, 0x20, 0x24, 0x20, 0xff, 0x28, 0x24, 0x28, 0xff,
    0x28, 0x24, 0x28, 0xff, 0x20, 0x24, 0x20, 0xff, 0x28, 0x24, 0x20, 0xff,
    0x28, 0x28, 0x28, 0xff, 0x20, 0x24, 0x20, 0xff, 0x28, 0x24, 0x20, 0xff,
    0x28, 0x24, 0x20, 0xff, 0x28, 0x24, 0x28, 0xff, 0x28, 0x24, 0x20, 0xff,
    0x28, 0x28, 0x28, 0xff, 0x28, 0x24, 0x20, 0xff, 0x28, 0x28, 0x28, 0xff,
    0x20, 0x24, 0x20, 0xff, 0x28, 0x24, 0x28, 0xff, 0x28, 0x24, 0x20, 0xff,
    0x28, 0x24, 0x20, 0xff, 0x28, 0x24, 0x20, 0xff, 0x28, 0x24, 0x28, 0xff,
    0x28, 0x24, 0x28, 0xff, 0x28, 0x24, 0x28, 0xff, 0x28, 0x24, 0x20, 0xff,
    0x28, 0x24, 0x20, 0xff, 0x28, 0x24, 0x28, 0xff, 0x80, 0x80, 0x80, 0xff,
    0xf0, 0xf4, 0xf0, 0x41, 0xf8, 0xfc, 0xf8, 0x00, 0xf8, 0xfc, 0xf8, 0x00,
    0xf8, 0xfc, 0xf8, 0x00, 0xb8, 0xb4, 0xb0, 0xe7, 0x28, 0x28, 0x28, 0xff,
    0x28, 0x28, 0x28, 0xff, 0x30, 0x2c, 0x28, 0xff, 0x28, 0x28, 0x28, 0xff,
    0x28, 0x28, 0x28, 0xff, 0x30, 0x28, 0x28, 0xff, 0x28, 0x2c, 0x28, 0xff,
    0x28, 0x2c, 0x28, 0xff, 0x30, 0x28, 0x28, 0xff, 0x28, 0x28, 0x28, 0xff,
    0x30, 0x2c, 0x28, 0xff, 0x28, 0x2c, 0x28, 0xff, 0x28, 0x28, 0x28, 0xff,
    0x30, 0x28, 0x28, 0xff, 0x28, 0x28, 0x28, 0xff, 0x28, 0x2c, 0x28, 0xff,
    0x28, 0x28, 0x28, 0xff, 0x30, 0x28, 0x28, 0xff, 0x28, 0x28, 0x28, 0xff,
    0x30, 0x28, 0x28, 0xff, 0x28, 0x28, 0x28, 0xff, 0x30, 0x28, 0x28, 0xff,
    0x28, 0x28, 0x28, 0xff, 0x28, 0x28, 0x28, 0xff, 0x30, 0x28, 0x28, 0xff,
    0x28, 0x28, 0x28, 0xff, 0x28, 0x2c, 0x28, 0xff, 0x28, 0x28, 0x28, 0xff,
    0x30, 0x28, 0x28, 0xff, 0x28, 0x28, 0x28, 0xff, 0x28, 0x28, 0x28, 0xff,
    0x28, 0x28, 0x28, 0xff, 0x30, 0x28, 0x28, 0xff, 0x28, 0x28, 0x28, 0xff,
    0x28, 0x28, 0x28, 0xff, 0x28, 0x28, 0x28, 0xff, 0x28, 0x28, 0x28, 0xff,
    0x28, 0x28, 0x28, 0xff, 0x28, 0x28, 0x28, 0xff, 0x28, 0x28, 0x20, 0xff,
    0x28, 0x28, 0x28, 0xff, 0x28, 0x28, 0x28, 0xff, 0x28, 0x28, 0x28, 0xff,
    0x28, 0x28, 0x28, 0xff, 0x28, 0x28, 0x28, 0xff, 0x28, 0x28, 0x28, 0xff,
    0x28, 0x28, 0x28, 0xff, 0x28, 0x28, 0x28, 0xff, 0x28, 0x28, 0x28, 0xff,
    0x30, 0x28, 0x28, 0xff, 0x28, 0x28, 0x28, 0xff, 0x28, 0x28, 0x28, 0xff,
    0x28, 0x28, 0x28, 0xff, 0x28, 0x28, 0x20, 0xff, 0x28, 0x28, 0x28, 0xff,
    0x28, 0x28, 0x28, 0xff, 0x28, 0x28, 0x28, 0xff, 0x30, 0x28, 0x28, 0xff,
    0x28, 0x24, 0x28, 0xff, 0x28, 0x28, 0x28, 0xff, 0x28, 0x24, 0x20, 0xff,
    0x28, 0x28, 0x28, 0xff, 0x28, 0x24, 0x20, 0xff, 0x28, 0x28, 0x28, 0xff,
    0x28, 0x28, 0x28, 0xff, 0x28, 0x24, 0x20, 0xff, 0x28, 0x24, 0x20, 0xff,
    0x28, 0x28, 0x28, 0xff, 0x28, 0x28, 0x28, 0xff, 0x30, 0x28, 0x20, 0xff,
    0x28, 0x24, 0x28, 0xff, 0x28, 0x28, 0x28, 0xff, 0x28, 0x24, 0x20, 0xff,
    0x28, 0x28, 0x28, 0xff, 0x28, 0x28, 0x28, 0xff, 0x28, 0x24, 0x20, 0xff,
    0x28, 0x28, 0x28, 0xff, 0x28, 0x28, 0x28, 0xff, 0x28, 0x24, 0x20, 0xff,
    0x28, 0x24, 0x28, 0xff, 0x28, 0x28, 0x28, 0xff, 0x28, 0x24, 0x28, 0xff,
    0x28, 0x28, 0x20, 0xff, 0x28, 0x24, 0x28, 0xff, 0x28, 0x28, 0x20, 0xff,
    0x28, 0x24, 0x28, 0xff, 0x28, 0x28, 0x20, 0xff, 0x28, 0x24, 0x20, 0xff,
    0x28, 0x24, 0x20, 0xff, 0x28, 0x28, 0x28, 0xff, 0x28, 0x24, 0x20, 0xff,
    0x28, 0x24, 0x20, 0xff, 0x28, 0x24, 0x28, 0xff, 0x28, 0x24, 0x28, 0xff,
    0x28, 0x24, 0x20, 0xff, 0x28, 0x24, 0x28, 0xff, 0x28, 0x24, 0x28, 0xff,
    0x20, 0x24, 0x28, 0xff, 0x28, 0x28, 0x28, 0xff, 0x28, 0x24, 0x20, 0xff,
    0x28, 0x24, 0x28, 0xff, 0x28, 0x28, 0x28, 0xff, 0x28, 0x24, 0x20, 0xff,
    0x28, 0x24, 0x28, 0xff, 0x28, 0x28, 0x28, 0xff, 0x28, 0x24, 0x20, 0xff,
    0x28, 0x24, 0x20, 0xff, 0x28, 0x28, 0x20, 0xff, 0x28, 0x24, 0x28, 0xff,
    0x20, 0x24, 0x20, 0xff, 0x28, 0x24, 0x20, 0xff, 0x28, 0x24, 0x28, 0xff,
    0x28, 0x24, 0x20, 0xff, 0x28, 0x24, 0x20, 0xff, 0x28, 0x24, 0x28, 0xff,
    0x28, 0x24, 0x20, 0xff, 0x28, 0x24, 0x28, 0xff, 0x28, 0x24, 0x20, 0xff,
    0x28, 0x24, 0x28, 0xff, 0x20, 0x24, 0x20, 0xff, 0x28, 0x24, 0x28, 0xff,
    0x28, 0x24, 0x28, 0xff, 0x20, 0x24, 0x20, 0xff, 0x20, 0x24, 0x20, 0xff,
    0x28, 0x24, 0x28, 0xff, 0x28, 0x24, 0x20, 0xff, 0x20, 0x24, 0x20, 0xff,
    0x28, 0x24, 0x28, 0xff, 0x28, 0x28, 0x28, 0xff, 0x20, 0x24, 0x20, 0xff,
    0x28, 0x24, 0x20, 0xff, 0x28, 0x24, 0x28, 0xff, 0x28, 0x24, 0x20, 0xff,
    0x20, 0x24, 0x20, 0xff, 0x28, 0x28, 0x28, 0xff, 0x28, 0x24, 0x20, 0xff,
    0x28, 0x24, 0x20, 0xff, 0x80, 0x80, 0x80, 0xff, 0xf0, 0xf0, 0xf0, 0x41,
    0xf8, 0xfc, 0xf8, 0x00, 0xf8, 0xfc, 0xf8, 0x00, 0xf8, 0xfc, 0xf8, 0x00,
    0xb8, 0xb4, 0xb8, 0xe7, 0x30, 0x28, 0x28, 0xff, 0x28, 0x28, 0x28, 0xff,
    0x28, 0x28, 0x28, 0xff, 0x30, 0x28, 0x28, 0xff, 0x28, 0x2c, 0x28, 0xff,
    0x30, 0x28, 0x28, 0xff, 0x28, 0x28, 0x28, 0xff, 0x28, 0x2c, 0x30, 0xff,
    0x30, 0x28, 0x28, 0xff, 0x28, 0x28, 0x28, 0xff, 0x28, 0x28, 0x28, 0xff,
    0x30, 0x28, 0x28, 0xff, 0x28, 0x2c, 0x28, 0xff, 0x28, 0x28, 0x28, 0xff,
    0x30, 0x28, 0x28, 0xff, 0x28, 0x28, 0x28, 0xff, 0x28, 0x2c, 0x28, 0xff,
    0x28, 0x28, 0x28, 0xff, 0x30, 0x28, 0x28, 0xff, 0x28, 0x2c, 0x28, 0xff,
    0x28, 0x28, 0x28, 0xff, 0x28, 0x28, 0x28, 0xff, 0x28, 0x28, 0x28, 0xff,
    0x28, 0x2c, 0x28, 0xff, 0x28, 0x28, 0x28, 0xff, 0x28, 0x28, 0x28, 0xff,
    0x28, 0x28, 0x28, 0xff, 0x30, 0x28, 0x28, 0xff, 0x28, 0x28, 0x28, 0xff,
    0x28, 0x2c, 0x28, 0xff, 0x28, 0x28, 0x28, 0xff, 0x28, 0x28, 0x28, 0xff,
    0x28, 0x28, 0x28, 0xff, 0x30, 0x28, 0x28, 0xff, 0x28, 0x28, 0x28, 0xff,
    0x28, 0x28, 0x28, 0xff, 0x30, 0x28, 0x28, 0xff, 0x30, 0x28, 0x28, 0xff,
    0x28, 0x28, 0x20, 0xff, 0x28, 0x28, 0x28, 0xff, 0x30, 0x28, 0x28, 0xff,
    0x28, 0x28, 0x20, 0xff, 0x28, 0x28, 0x28, 0xff, 0x30, 0x28, 0x28, 0xff,
    0x28, 0x28, 0x28, 0xff, 0x28, 0x28, 0x28, 0xff, 0x28, 0x28, 0x20, 0xff,
    0x28, 0x24, 0x20, 0xff, 0x28, 0x28, 0x28, 0xff, 0x28, 0x24, 0x28, 0xff,
    0x28, 0x28, 0x28, 0xff, 0x28, 0x28, 0x28, 0xff, 0x30, 0x24, 0x28, 0xff,
    0x28, 0x28, 0x28, 0xff, 0x28, 0x24, 0x20, 0xff, 0x28, 0x28, 0x28, 0xff,
    0x28, 0x28, 0x20, 0xff, 0x28, 0x28, 0x20, 0xff, 0x28, 0x28, 0x28, 0xff,
    0x28, 0x28, 0x28, 0xff, 0x28, 0x24, 0x20, 0xff, 0x28, 0x28, 0x28, 0xff,
    0x28, 0x28, 0x28, 0xff, 0x28, 0x28, 0x28, 0xff, 0x28, 0x28, 0x28, 0xff,
    0x30, 0x28, 0x28, 0xff, 0x28, 0x24, 0x28, 0xff, 0x28, 0x24, 0x20, 0xff,
    0x28, 0x28, 0x28, 0xff, 0x28, 0x24, 0x20, 0xff, 0x28, 0x28, 0x28, 0xff,
    0x28, 0x28, 0x28, 0xff, 0x28, 0x28, 0x28, 0xff, 0x28, 0x24, 0x20, 0xff,
    0x28, 0x24, 0x28, 0xff, 0x28, 0x28, 0x20, 0xff, 0x28, 0x24, 0x28, 0xff,
    0x28, 0x28, 0x28, 0xff, 0x28, 0x28, 0x20, 0xff, 0x28, 0x24, 0x28, 0xff,
    0x28, 0x24, 0x28, 0xff, 0x28, 0x24, 0x20, 0xff, 0x28, 0x28, 0x28, 0xff,
    0x28, 0x28, 0x28, 0xff, 0x28, 0x24, 0x20, 0xff, 0x28, 0x24, 0x28, 0xff,
    0x28, 0x28, 0x28, 0xff, 0x28, 0x24, 0x28, 0xff, 0x28, 0x24, 0x28, 0xff,
    0x28, 0x28, 0x20, 0xff, 0x28, 0x24, 0x28, 0xff, 0x28, 0x24, 0x20, 0xff,
    0x28, 0x24, 0x28, 0xff, 0x28, 0x24, 0x20, 0xff, 0x28, 0x28, 0x28, 0xff,
    0x28, 0x24, 0x20, 0xff, 0x28, 0x28, 0x28, 0xff, 0x28, 0x24, 0x20, 0xff,
    0x28, 0x24, 0x20, 0xff, 0x28, 0x28, 0x28, 0xff, 0x20, 0x24, 0x20, 0xff,
    0x28, 0x24, 0x20, 0xff, 0x28, 0x24, 0x28, 0xff, 0x20, 0x24, 0x20, 0xff,
    0x28, 0x24, 0x20, 0xff, 0x28, 0x24, 0x28, 0xff, 0x28, 0x24, 0x20, 0xff,
    0x20, 0x24, 0x20, 0xff, 0x28, 0x24, 0x28, 0xff, 0x28, 0x24, 0x20, 0xff,
    0x20, 0x24, 0x20, 0xff, 0x28, 0x24, 0x20, 0xff, 0x28, 0x24, 0x20, 0xff,
    0x28, 0x28, 0x28, 0xff, 0x28, 0x24, 0x20, 0xff, 0x20, 0x24, 0x20, 0xff,
    0x28, 0x24, 0x20, 0xff, 0x28, 0x24, 0x28, 0xff, 0x28, 0x24, 0x20, 0xff,
    0x28, 0x28, 0x28, 0xff, 0x28, 0x24, 0x20, 0xff, 0x28, 0x24, 0x20, 0xff,
    0x28, 0x24, 0x20, 0xff, 0x28, 0x24, 0x28, 0xff, 0x28, 0x24, 0x20, 0xff,
    0x28, 0x24, 0x28, 0xff, 0x28, 0x24, 0x20, 0xff, 0x28, 0x24, 0x20, 0xff,
    0x28, 0x24, 0x28, 0xff, 0x28, 0x24, 0x28, 0xff, 0x28, 0x28, 0x20, 0xff,
    0x20, 0x24, 0x20, 0xff, 0x28, 0x24, 0x28, 0xff, 0x28, 0x24, 0x20, 0xff,
    0x28, 0x24, 0x28, 0xff, 0x20, 0x24, 0x20, 0xff, 0x28, 0x24, 0x20, 0xff,
    0x80, 0x80, 0x80, 0xff, 0xf0, 0xf0, 0xf0, 0x41, 0xf8, 0xfc, 0xf8, 0x00,
    0xf8, 0xfc, 0xf8, 0x00, 0xf8, 0xfc, 0xf8, 0x00, 0xb8, 0xb4, 0xb0, 0xe7,
    0x28, 0x2c, 0x28, 0xff, 0x28, 0x28, 0x28, 0xff, 0x30, 0x2c, 0x28, 0xff,
    0x28, 0x28, 0x28, 0xff, 0x28, 0x28, 0x28, 0xff, 0x30, 0x28, 0x28, 0xff,
    0x28, 0x28, 0x28, 0xff, 0x28, 0x28, 0x28, 0xff, 0x30, 0x28, 0x28, 0xff,
    0x28, 0x2c, 0x28, 0xff, 0x28, 0x28, 0x28, 0xff, 0x30, 0x28, 0x28, 0xff,
    0x28, 0x28, 0x28, 0xff, 0x28, 0x2c, 0x28, 0xff, 0x28, 0x28, 0x28, 0xff,
    0x30, 0x28, 0x28, 0xff, 0x28, 0x28, 0x28, 0xff, 0x30, 0x28, 0x28, 0xff,
    0x28, 0x2c, 0x28, 0xff, 0x28, 0x28, 0x28, 0xff, 0x28, 0x28, 0x28, 0xff,
    0x30, 0x28, 0x28, 0xff, 0x28, 0x28, 0x28, 0xff, 0x30, 0x28, 0x28, 0xff,
    0x28, 0x28, 0x28, 0xff, 0x28, 0x28, 0x28, 0xff, 0x30, 0x28, 0x28, 0xff,
    0x28, 0x28, 0x28, 0xff, 0x28, 0x28, 0x28, 0xff, 0x30, 0x28, 0x28, 0xff,
    0x28, 0x28, 0x28, 0xff, 0x28, 0x28, 0x20, 0xff, 0x28, 0x28, 0x28, 0xff,
    0x28, 0x28, 0x28, 0xff, 0x28, 0x28, 0x20, 0xff, 0x28, 0x28, 0x28, 0xff,
    0x28, 0x28, 0x28, 0xff, 0x28, 0x28, 0x28, 0xff, 0x28, 0x28, 0x28, 0xff,
    0x28, 0x28, 0x28, 0xff, 0x28, 0x28, 0x28, 0xff, 0x30, 0x28, 0x28, 0xff,
    0x28, 0x28, 0x20, 0xff, 0x28, 0x28, 0x28, 0xff, 0x28, 0x24, 0x28, 0xff,
    0x28, 0x28, 0x20, 0xff, 0x28, 0x28, 0x28, 0xff, 0x30, 0x28, 0x28, 0xff,
    0x28, 0x28, 0x28, 0xff, 0x28, 0x28, 0x28, 0xff, 0x28, 0x28, 0x20, 0xff,
    0x28, 0x28, 0x20, 0xff, 0x28, 0x28, 0x28, 0xff, 0x28, 0x28, 0x28, 0xff,
    0x28, 0x28, 0x28, 0xff, 0x28, 0x24, 0x28, 0xff, 0x28, 0x28, 0x28, 0xff,
    0x28, 0x24, 0x28, 0xff, 0x28, 0x28, 0x28, 0xff, 0x30, 0x28, 0x28, 0xff,
    0x28, 0x24, 0x20, 0xff, 0x28, 0x28, 0x28, 0xff, 0x28, 0x28, 0x28, 0xff,
    0x28, 0x24, 0x20, 0xff, 0x28, 0x28, 0x28, 0xff, 0x28, 0x28, 0x28, 0xff,
    0x28, 0x24, 0x20, 0xff, 0x28, 0x28, 0x28, 0xff, 0x28, 0x28, 0x28, 0xff,
    0x28, 0x24, 0x28, 0xff, 0x28, 0x28, 0x20, 0xff, 0x28, 0x28, 0x28, 0xff,
    0x28, 0x24, 0x28, 0xff, 0x28, 0x28, 0x28, 0xff, 0x28, 0x28, 0x20, 0xff,
    0x28, 0x24, 0x28, 0xff, 0x28, 0x24, 0x28, 0xff, 0x28, 0x24, 0x20, 0xff,
    0x28, 0x28, 0x28, 0xff, 0x28, 0x28, 0x20, 0xff, 0x28, 0x24, 0x20, 0xff,
    0x28, 0x28, 0x28, 0xff, 0x28, 0x24, 0x28, 0xff, 0x28, 0x24, 0x20, 0xff,
    0x28, 0x28, 0x28, 0xff, 0x28, 0x24, 0x20, 0xff, 0x28, 0x24, 0x20, 0xff,
    0x28, 0x28, 0x28, 0xff, 0x28, 0x28, 0x28, 0xff, 0x28, 0x24, 0x20, 0xff,
    0x28, 0x24, 0x28, 0xff, 0x28, 0x28, 0x28, 0xff, 0x28, 0x24, 0x20, 0xff,
    0x28, 0x24, 0x28, 0xff, 0x28, 0x24, 0x20, 0xff, 0x20, 0x24, 0x20, 0xff,
    0x28, 0x24, 0x28, 0xff, 0x28, 0x28, 0x20, 0xff, 0x28, 0x24, 0x28, 0xff,
    0x28, 0x24, 0x28, 0xff, 0x28, 0x24, 0x20, 0xff, 0x28, 0x24, 0x28, 0xff,
    0x20, 0x28, 0x28, 0xff, 0x28, 0x24, 0x20, 0xff, 0x28, 0x24, 0x28, 0xff,
    0x28, 0x24, 0x28, 0xff, 0x28, 0x28, 0x28, 0xff, 0x20, 0x24, 0x20, 0xff,
    0x28, 0x24, 0x28, 0xff, 0x28, 0x24, 0x28, 0xff, 0x28, 0x28, 0x28, 0xff,
    0x28, 0x24, 0x28, 0xff, 0x20, 0x24, 0x20, 0xff, 0x20, 0x24, 0x28, 0xff,
    0x28, 0x24, 0x28, 0xff, 0x28, 0x28, 0x20, 0xff, 0x28, 0x24, 0x28, 0xff,
    0x28, 0x24, 0x28, 0xff, 0x20, 0x24, 0x20, 0xff, 0x28, 0x24, 0x20, 0xff,
    0x28, 0x24, 0x28, 0xff, 0x20, 0x24, 0x20, 0xff, 0x28, 0x28, 0x28, 0xff,
    0x28, 0x24, 0x20, 0xff, 0x28, 0x24, 0x28, 0xff, 0x20, 0x24, 0x20, 0xff,
    0x28, 0x24, 0x20, 0xff, 0x28, 0x24, 0x20, 0xff, 0x28, 0x24, 0x28, 0xff,
    0x20, 0x24, 0x20, 0xff, 0x28, 0x24, 0x20, 0xff, 0x28, 0x24, 0x28, 0xff,
    0x28, 0x28, 0x28, 0xff, 0x28, 0x24, 0x28, 0xff, 0x28, 0x24, 0x20, 0xff,
    0x28, 0x24, 0x28, 0xff, 0x28, 0x24, 0x28, 0xff, 0x80, 0x80, 0x80, 0xff,
    0xf0, 0xf4, 0xf0, 0x41, 0xf8, 0xfc, 0xf8, 0x00, 0xf8, 0xfc, 0xf8, 0x00,
    0xf8, 0xfc, 0xf8, 0x00, 0xb0, 0xb4, 0xb8, 0xe7, 0x28, 0x28, 0x28, 0xff,
    0x30, 0x2c, 0x28, 0xff, 0x28, 0x2c, 0x30, 0xff, 0x28, 0x2c, 0x28, 0xff,
    0x30, 0x28, 0x28, 0xff, 0x28, 0x28, 0x28, 0xff, 0x30, 0x28, 0x28, 0xff,
    0x28, 0x28, 0x28, 0xff, 0x28, 0x28, 0x28, 0xff, 0x28, 0x28, 0x28, 0xff,
    0x30, 0x2c, 0x28, 0xff, 0x28, 0x28, 0x28, 0xff, 0x28, 0x28, 0x28, 0xff,
    0x30, 0x28, 0x28, 0xff, 0x28, 0x28, 0x28, 0xff, 0x28, 0x28, 0x28, 0xff,
    0x28, 0x28, 0x28, 0xff, 0x30, 0x28, 0x28, 0xff, 0x28, 0x28, 0x28, 0xff,
    0x28, 0x28, 0x28, 0xff, 0x30, 0x28, 0x28, 0xff, 0x28, 0x28, 0x28, 0xff,
    0x28, 0x28, 0x28, 0xff, 0x28, 0x28, 0x28, 0xff, 0x30, 0x28, 0x28, 0xff,
    0x28, 0x28, 0x28, 0xff, 0x28, 0x28, 0x28, 0xff, 0x28, 0x28, 0x28, 0xff,
    0x28, 0x28, 0x28, 0xff, 0x30, 0x28, 0x28, 0xff, 0x28, 0x28, 0x28, 0xff,
    0x28, 0x28, 0x28, 0xff, 0x28, 0x28, 0x28, 0xff, 0x28, 0x28, 0x28, 0xff,
    0x30, 0x28, 0x28, 0xff, 0x28, 0x28, 0x28, 0xff, 0x28, 0x28, 0x20, 0xff,
    0x28, 0x28, 0x28, 0xff, 0x30, 0x28, 0x28, 0xff, 0x28, 0x28, 0x28, 0xff,
    0x28, 0x28, 0x28, 0xff, 0x28, 0x28, 0x28, 0xff, 0x28, 0x28, 0x28, 0xff,
    0x28, 0x28, 0x28, 0xff, 0x28, 0x28, 0x28, 0xff, 0x28, 0x28, 0x28, 0xff,
    0x28, 0x28, 0x28, 0xff, 0x28, 0x28, 0x28, 0xff, 0x28, 0x28, 0x28, 0xff,
    0x28, 0x28, 0x28, 0xff, 0x30, 0x24, 0x28, 0xff, 0x28, 0x28, 0x28, 0xff,
    0x28, 0x24, 0x20, 0xff, 0x28, 0x28, 0x28, 0xff, 0x28, 0x28, 0x28, 0xff,
    0x28, 0x28, 0x20, 0xff, 0x28, 0x24, 0x28, 0xff, 0x30, 0x28, 0x28, 0xff,
    0x28, 0x28, 0x20, 0xff, 0x28, 0x24, 0x28, 0xff, 0x28, 0x24, 0x28, 0xff,
    0x28, 0x28, 0x28, 0xff, 0x30, 0x28, 0x28, 0xff, 0x28, 0x24, 0x20, 0xff,
    0x28, 0x24, 0x20, 0xff, 0x28, 0x24, 0x28, 0xff, 0x28, 0x28, 0x28, 0xff,
    0x28, 0x28, 0x20, 0xff, 0x28, 0x24, 0x28, 0xff, 0x28, 0x24, 0x20, 0xff,
    0x28, 0x24, 0x28, 0xff, 0x28, 0x24, 0x20, 0xff, 0x28, 0x28, 0x20, 0xff,
    0x28, 0x28, 0x28, 0xff, 0x28, 0x24, 0x28, 0xff, 0x28, 0x28, 0x20, 0xff,
    0x28, 0x28, 0x28, 0xff, 0x28, 0x24, 0x28, 0xff, 0x28, 0x24, 0x20, 0xff,
    0x28, 0x28, 0x28, 0xff, 0x28, 0x24, 0x20, 0xff, 0x28, 0x28, 0x28, 0xff,
    0x28, 0x28, 0x28, 0xff, 0x28, 0x24, 0x20, 0xff, 0x28, 0x24, 0x28, 0xff,
    0x28, 0x28, 0x28, 0xff, 0x28, 0x28, 0x20, 0xff, 0x28, 0x24, 0x20, 0xff,
    0x28, 0x24, 0x20, 0xff, 0x28, 0x28, 0x28, 0xff, 0x28, 0x24, 0x20, 0xff,
    0x28, 0x24, 0x20, 0xff, 0x28, 0x28, 0x28, 0xff, 0x28, 0x28, 0x28, 0xff,
    0x28, 0x28, 0x28, 0xff, 0x28, 0x24, 0x20, 0xff, 0x28, 0x28, 0x28, 0xff,
    0x28, 0x24, 0x28, 0xff, 0x20, 0x24, 0x20, 0xff, 0x28, 0x28, 0x20, 0xff,
    0x28, 0x24, 0x28, 0xff, 0x28, 0x24, 0x20, 0xff, 0x28, 0x28, 0x20, 0xff,
    0x28, 0x24, 0x20, 0xff, 0x28, 0x24, 0x20, 0xff, 0x20, 0x24, 0x20, 0xff,
    0x28, 0x24, 0x28, 0xff, 0x28, 0x24, 0x20, 0xff, 0x28, 0x24, 0x20, 0xff,
    0x28, 0x28, 0x20, 0xff, 0x28, 0x24, 0x20, 0xff, 0x28, 0x24, 0x28, 0xff,
    0x28, 0x24, 0x20, 0xff, 0x28, 0x24, 0x20, 0xff, 0x28, 0x24, 0x20, 0xff,
    0x28, 0x24, 0x28, 0xff, 0x20, 0x24, 0x20, 0xff, 0x28, 0x24, 0x20, 0xff,
    0x28, 0x28, 0x28, 0xff, 0x20, 0x24, 0x20, 0xff, 0x28, 0x24, 0x20, 0xff,
    0x28, 0x24, 0x28, 0xff, 0x20, 0x24, 0x20, 0xff, 0x28, 0x24, 0x20, 0xff,
    0x28, 0x28, 0x28, 0xff, 0x28, 0x24, 0x20, 0xff, 0x20, 0x24, 0x28, 0xff,
    0x28, 0x24, 0x28, 0xff, 0x20, 0x24, 0x20, 0xff, 0x28, 0x24, 0x20, 0xff,
    0x28, 0x24, 0x28, 0xff, 0x28, 0x24, 0x20, 0xff, 0x20, 0x24, 0x20, 0xff,
    0x28, 0x28, 0x20, 0xff, 0x28, 0x24, 0x20, 0xff, 0x20, 0x24, 0x20, 0xff,
    0x28, 0x24, 0x20, 0xff, 0x80, 0x80, 0x80, 0xff, 0xf0, 0xf4, 0xf0, 0x41,
    0xf8, 0xfc, 0xf8, 0x00, 0xf8, 0xfc, 0xf8, 0x00, 0xf8, 0xfc, 0xf8, 0x00,
    0xb8, 0xb4, 0xb0, 0xe7, 0x28, 0x28, 0x28, 0xff, 0x28, 0x28, 0x28, 0xff,
    0x30, 0x28, 0x28, 0xff, 0x28, 0x28, 0x28, 0xff, 0x28, 0x28, 0x28, 0xff,
    0x28, 0x2c, 0x28, 0xff, 0x30, 0x2c, 0x28, 0xff, 0x28, 0x28, 0x28, 0xff,
    0x28, 0x28, 0x28, 0xff, 0x30, 0x2c, 0x28, 0xff, 0x28, 0x28, 0x28, 0xff,
    0x28, 0x28, 0x28, 0xff, 0x28, 0x2c, 0x28, 0xff, 0x30, 0x28, 0x28, 0xff,
    0x28, 0x28, 0x28, 0xff, 0x30, 0x2c, 0x28, 0xff, 0x28, 0x28, 0x28, 0xff,
    0x28, 0x28, 0x28, 0xff, 0x28, 0x2c, 0x28, 0xff, 0x28, 0x28, 0x28, 0xff,
    0x28, 0x28, 0x28, 0xff, 0x30, 0x28, 0x28, 0xff, 0x28, 0x28, 0x28, 0xff,
    0x28, 0x28, 0x28, 0xff, 0x28, 0x28, 0x28, 0xff, 0x30, 0x2c, 0x28, 0xff,
    0x28, 0x28, 0x28, 0xff, 0x28, 0x28, 0x28, 0xff, 0x28, 0x28, 0x20, 0xff,
    0x28, 0x28, 0x28, 0xff, 0x30, 0x28, 0x28, 0xff, 0x28, 0x28, 0x28, 0xff,
    0x30, 0x28, 0x28, 0xff, 0x28, 0x28, 0x20, 0xff, 0x28, 0x28, 0x28, 0xff,
    0x30, 0x28, 0x28, 0xff, 0x28, 0x28, 0x20, 0xff, 0x28, 0x28, 0x28, 0xff,
    0x28, 0x28, 0x28, 0xff, 0x28, 0x28, 0x20, 0xff, 0x30, 0x28, 0x28, 0xff,
    0x28, 0x28, 0x28, 0xff, 0x28, 0x24, 0x20, 0xff, 0x30, 0x28, 0x28, 0xff,
    0x28, 0x28, 0x28, 0xff, 0x30, 0x28, 0x28, 0xff, 0x28, 0x28, 0x28, 0xff,
    0x28, 0x24, 0x20, 0xff, 0x28, 0x28, 0x20, 0xff, 0x28, 0x28, 0x28, 0xff,
    0x28, 0x28, 0x28, 0xff, 0x28, 0x28, 0x28, 0xff, 0x28, 0x24, 0x28, 0xff,
    0x28, 0x28, 0x20, 0xff, 0x28, 0x28, 0x28, 0xff, 0x30, 0x24, 0x28, 0xff,
    0x28, 0x28, 0x20, 0xff, 0x28, 0x28, 0x28, 0xff, 0x28, 0x28, 0x28, 0xff,
    0x28, 0x28, 0x20, 0xff, 0x28, 0x28, 0x28, 0xff, 0x28, 0x28, 0x28, 0xff,
    0x28, 0x28, 0x28, 0xff, 0x28, 0x28, 0x28, 0xff, 0x28, 0x24, 0x20, 0xff,
    0x28, 0x28, 0x28, 0xff, 0x28, 0x28, 0x28, 0xff, 0x28, 0x24, 0x20, 0xff,
    0x28, 0x28, 0x28, 0xff, 0x28, 0x28, 0x28, 0xff, 0x28, 0x28, 0x28, 0xff,
    0x28, 0x24, 0x28, 0xff, 0x28, 0x28, 0x20, 0xff, 0x28, 0x28, 0x28, 0xff,
    0x28, 0x24, 0x28, 0xff, 0x28, 0x24, 0x20, 0xff, 0x28, 0x28, 0x28, 0xff,
    0x28, 0x28, 0x28, 0xff, 0x28, 0x24, 0x20, 0xff, 0x28, 0x24, 0x28, 0xff,
    0x28, 0x28, 0x28, 0xff, 0x28, 0x24, 0x20, 0xff, 0x28, 0x24, 0x20, 0xff,
    0x28, 0x28, 0x28, 0xff, 0x28, 0x24, 0x20, 0xff, 0x28, 0x24, 0x28, 0xff,
    0x28, 0x28, 0x28, 0xff, 0x28, 0x24, 0x28, 0xff, 0x28, 0x24, 0x28, 0xff,
    0x28, 0x24, 0x20, 0xff, 0x28, 0x24, 0x28, 0xff, 0x28, 0x24, 0x20, 0xff,
    0x28, 0x24, 0x20, 0xff, 0x20, 0x24, 0x28, 0xff, 0x28, 0x24, 0x20, 0xff,
    0x28, 0x24, 0x28, 0xff, 0x28, 0x24, 0x20, 0xff, 0x28, 0x24, 0x20, 0xff,
    0x28, 0x24, 0x28, 0xff, 0x28, 0x28, 0x20, 0xff, 0x28, 0x24, 0x28, 0xff,
    0x28, 0x24, 0x28, 0xff, 0x28, 0x24, 0x20, 0xff, 0x28, 0x24, 0x28, 0xff,
    0x28, 0x28, 0x28, 0xff, 0x28, 0x24, 0x20, 0xff, 0x28, 0x24, 0x28, 0xff,
    0x28, 0x28, 0x28, 0xff, 0x20, 0x24, 0x20, 0xff, 0x28, 0x24, 0x28, 0xff,
    0x28, 0x24, 0x20, 0xff, 0x28, 0x24, 0x28, 0xff, 0x28, 0x24, 0x20, 0xff,
    0x28, 0x24, 0x20, 0xff, 0x28, 0x24, 0x28, 0xff, 0x20, 0x24, 0x20, 0xff,
    0x28, 0x24, 0x28, 0xff, 0x28, 0x24, 0x20, 0xff, 0x28, 0x24, 0x28, 0xff,
    0x28, 0x24, 0x20, 0xff, 0x28, 0x24, 0x28, 0xff, 0x28, 0x24, 0x28, 0xff,
    0x28, 0x24, 0x20, 0xff, 0x28, 0x24, 0x28, 0xff, 0x28, 0x24, 0x28, 0xff,
    0x28, 0x24, 0x20, 0xff, 0x28, 0x28, 0x28, 0xff, 0x28, 0x24, 0x20, 0xff,
    0x28, 0x24, 0x20, 0xff, 0x28, 0x28, 0x28, 0xff, 0x28, 0x24, 0x20, 0xff,
    0x28, 0x24, 0x28, 0xff, 0x28, 0x24, 0x28, 0xff, 0x28, 0x24, 0x20, 0xff,
    0x28, 0x24, 0x28, 0xff, 0x20, 0x24, 0x20, 0xff, 0x28, 0x24, 0x28, 0xff,
    0x80, 0x80, 0x80, 0xff, 0xf0, 0xf0, 0xf0, 0x41, 0xf8, 0xfc, 0xf8, 0x00,
    0xf8, 0xfc, 0xf8, 0x00, 0xf8, 0xfc, 0xf8, 0x00, 0xb8, 0xb4, 0xb0, 0xe7,
    0x28, 0x2c, 0x28, 0xff, 0x28, 0x28, 0x28, 0xff, 0x30, 0x28, 0x28, 0xff,
    0x30, 0x2c, 0x28, 0xff, 0x28, 0x28, 0x28, 0xff, 0x30, 0x2c, 0x28, 0xff,
    0x28, 0x28, 0x28, 0xff, 0x30, 0x2c, 0x28, 0xff, 0x28, 0x28, 0x28, 0xff,
    0x30, 0x28, 0x28, 0xff, 0x28, 0x28, 0x28, 0xff, 0x30, 0x28, 0x28, 0xff,
    0x30, 0x2c, 0x28, 0xff, 0x28, 0x28, 0x28, 0xff, 0x28, 0x28, 0x28, 0xff,
    0x28, 0x28, 0x28, 0xff, 0x30, 0x28, 0x28, 0xff, 0x28, 0x28, 0x28, 0xff,
    0x28, 0x28, 0x28, 0xff, 0x30, 0x28, 0x28, 0xff, 0x28, 0x28, 0x28, 0xff,
    0x28, 0x28, 0x28, 0xff, 0x30, 0x28, 0x28, 0xff, 0x28, 0x28, 0x28, 0xff,
    0x28, 0x28, 0x28, 0xff, 0x28, 0x28, 0x28, 0xff, 0x30, 0x28, 0x28, 0xff,
    0x28, 0x28, 0x28, 0xff, 0x28, 0x28, 0x28, 0xff, 0x28, 0x28, 0x28, 0xff,
    0x28, 0x28, 0x28, 0xff, 0x28, 0x28, 0x20, 0xff, 0x28, 0x28, 0x28, 0xff,
    0x28, 0x28, 0x28, 0xff, 0x28, 0x28, 0x28, 0xff, 0x28, 0x28, 0x28, 0xff,
    0x28, 0x28, 0x28, 0xff, 0x30, 0x28, 0x28, 0xff, 0x28, 0x28, 0x28, 0xff,
    0x28, 0x28, 0x28, 0xff, 0x28, 0x28, 0x28, 0xff, 0x28, 0x28, 0x28, 0xff,
    0x28, 0x28, 0x28, 0xff, 0x28, 0x28, 0x28, 0xff, 0x28, 0x28, 0x20, 0xff,
    0x28, 0x28, 0x28, 0xff, 0x28, 0x24, 0x28, 0xff, 0x28, 0x28, 0x28, 0xff,
    0x30, 0x28, 0x28, 0xff, 0x28, 0x24, 0x20, 0xff, 0x28, 0x28, 0x28, 0xff,
    0x28, 0x28, 0x28, 0xff, 0x28, 0x28, 0x20, 0xff, 0x28, 0x28, 0x28, 0xff,
    0x28, 0x24, 0x28, 0xff, 0x28, 0x28, 0x28, 0xff, 0x28, 0x28, 0x28, 0xff,
    0x28, 0x24, 0x28, 0xff, 0x28, 0x28, 0x28, 0xff, 0x28, 0x28, 0x28, 0xff,
    0x28, 0x24, 0x20, 0xff, 0x28, 0x24, 0x20, 0xff, 0x28, 0x28, 0x28, 0xff,
    0x28, 0x24, 0x28, 0xff, 0x28, 0x28, 0x28, 0xff, 0x28, 0x28, 0x20, 0xff,
    0x28, 0x24, 0x28, 0xff, 0x28, 0x28, 0x28, 0xff, 0x28, 0x28, 0x28, 0xff,
    0x28, 0x24, 0x20, 0xff, 0x28, 0x28, 0x28, 0xff, 0x28, 0x24, 0x28, 0xff,
    0x28, 0x24, 0x20, 0xff, 0x28, 0x28, 0x28, 0xff, 0x28, 0x24, 0x28, 0xff,
    0x28, 0x28, 0x20, 0xff, 0x28, 0x24, 0x28, 0xff, 0x28, 0x28, 0x20, 0xff,
    0x28, 0x28, 0x28, 0xff, 0x28, 0x24, 0x28, 0xff, 0x28, 0x28, 0x28, 0xff,
    0x28, 0x24, 0x20, 0xff, 0x28, 0x28, 0x28, 0xff, 0x28, 0x28, 0x28, 0xff,
    0x28, 0x24, 0x20, 0xff, 0x28, 0x24, 0x28, 0xff, 0x28, 0x24, 0x20, 0xff,
    0x28, 0x24, 0x20, 0xff, 0x28, 0x24, 0x28, 0xff, 0x28, 0x28, 0x28, 0xff,
    0x28, 0x24, 0x20, 0xff, 0x28, 0x24, 0x28, 0xff, 0x28, 0x28, 0x28, 0xff,
    0x28, 0x24, 0x20, 0xff, 0x28, 0x28, 0x28, 0xff, 0x28, 0x24, 0x20, 0xff,
    0x28, 0x24, 0x28, 0xff, 0x28, 0x28, 0x28, 0xff, 0x28, 0x24, 0x20, 0xff,
    0x28, 0x24, 0x28, 0xff, 0x20, 0x24, 0x20, 0xff, 0x28, 0x24, 0x20, 0xff,
    0x28, 0x24, 0x28, 0xff, 0x20, 0x24, 0x28, 0xff, 0x28, 0x24, 0x20, 0xff,
    0x28, 0x24, 0x20, 0xff, 0x20, 0x24, 0x20, 0xff, 0x28, 0x24, 0x20, 0xff,
    0x28, 0x24, 0x28, 0xff, 0x28, 0x24, 0x28, 0xff, 0x20, 0x24, 0x20, 0xff,
    0x20, 0x24, 0x20, 0xff, 0x28, 0x28, 0x28, 0xff, 0x20, 0x24, 0x28, 0xff,
    0x28, 0x24, 0x28, 0xff, 0x28, 0x24, 0x20, 0xff, 0x28, 0x24, 0x20, 0xff,
    0x28, 0x28, 0x28, 0xff, 0x20, 0x24, 0x20, 0xff, 0x28, 0x24, 0x20, 0xff,
    0x28, 0x24, 0x20, 0xff, 0x20, 0x24, 0x20, 0xff, 0x28, 0x24, 0x20, 0xff,
    0x28, 0x24, 0x20, 0xff, 0x28, 0x24, 0x28, 0xff, 0x20, 0x24, 0x20, 0xff,
    0x28, 0x24, 0x20, 0xff, 0x28, 0x24, 0x28, 0xff, 0x20, 0x24, 0x20, 0xff,
    0x28, 0x24, 0x20, 0xff, 0x20, 0x24, 0x28, 0xff, 0x28, 0x24, 0x28, 0xff,
    0x28, 0x24, 0x20, 0xff, 0x28, 0x24, 0x28, 0xff, 0x28, 0x24, 0x28, 0xff,
    0x28, 0x24, 0x20, 0xff, 0x28, 0x24, 0x20, 0xff, 0x80, 0x80, 0x80, 0xff,
    0xf0, 0xf0, 0xf0, 0x41, 0xf8, 0xfc, 0xf8, 0x00, 0xf8, 0xfc, 0xf8, 0x00,
    0xf8, 0xfc, 0xf8, 0x00, 0xb0, 0xb4, 0xb8, 0xe7, 0x28, 0x28, 0x28, 0xff,
    0x30, 0x28, 0x28, 0xff, 0x28, 0x28, 0x28, 0xff, 0x28, 0x28, 0x28, 0xff,
    0x30, 0x28, 0x28, 0xff, 0x28, 0x28, 0x28, 0xff, 0x28, 0x28, 0x28, 0xff,
    0x28, 0x28, 0x28, 0xff, 0x30, 0x28, 0x28, 0xff, 0x28, 0x28, 0x28, 0xff,
    0x28, 0x2c, 0x28, 0xff, 0x28, 0x28, 0x28, 0xff, 0x30, 0x28, 0x28, 0xff,
    0x28, 0x28, 0x28, 0xff, 0x28, 0x28, 0x28, 0xff, 0x28, 0x28, 0x28, 0xff,
    0x28, 0x28, 0x28, 0xff, 0x30, 0x28, 0x28, 0xff, 0x28, 0x2c, 0x28, 0xff,
    0x28, 0x28, 0x28, 0xff, 0x28, 0x28, 0x28, 0xff, 0x28, 0x2c, 0x28, 0xff,
    0x28, 0x28, 0x28, 0xff, 0x30, 0x28, 0x28, 0xff, 0x28, 0x28, 0x20, 0xff,
    0x28, 0x28, 0x28, 0xff, 0x28, 0x28, 0x28, 0xff, 0x30, 0x28, 0x28, 0xff,
    0x30, 0x28, 0x28, 0xff, 0x28, 0x28, 0x28, 0xff, 0x28, 0x28, 0x28, 0xff,
    0x30, 0x28, 0x28, 0xff, 0x28, 0x28, 0x28, 0xff, 0x28, 0x28, 0x28, 0xff,
    0x28, 0x28, 0x28, 0xff, 0x28, 0x28, 0x20, 0xff, 0x30, 0x28, 0x28, 0xff,
    0x28, 0x28, 0x28, 0xff, 0x28, 0x28, 0x20, 0xff, 0x28, 0x28, 0x28, 0xff,
    0x28, 0x28, 0x28, 0xff, 0x30, 0x28, 0x28, 0xff, 0x28, 0x28, 0x20, 0xff,
    0x28, 0x28, 0x28, 0xff, 0x28, 0x24, 0x28, 0xff, 0x28, 0x28, 0x20, 0xff,
    0x28, 0x28, 0x28, 0xff, 0x28, 0x28, 0x28, 0xff, 0x28, 0x28, 0x28, 0xff,
    0x28, 0x28, 0x28, 0xff, 0x28, 0x24, 0x20, 0xff, 0x30, 0x28, 0x28, 0xff,
    0x28, 0x28, 0x28, 0xff, 0x28, 0x24, 0x20, 0xff, 0x28, 0x28, 0x28, 0xff,
    0x28, 0x28, 0x20, 0xff, 0x28, 0x24, 0x20, 0xff, 0x28, 0x24, 0x20, 0xff,
    0x28, 0x24, 0x28, 0xff, 0x28, 0x24, 0x28, 0xff, 0x28, 0x28, 0x20, 0xff,
    0x28, 0x24, 0x28, 0xff, 0x28, 0x24, 0x20, 0xff, 0x28, 0x28, 0x20, 0xff,
    0x28, 0x24, 0x28, 0xff, 0x28, 0x28, 0x28, 0xff, 0x28, 0x24, 0x20, 0xff,
    0x28, 0x28, 0x28, 0xff, 0x28, 0x24, 0x20, 0xff, 0x28, 0x24, 0x20, 0xff,
    0x28, 0x28, 0x28, 0xff, 0x28, 0x28, 0x20, 0xff, 0x28, 0x28, 0x28, 0xff,
    0x28, 0x24, 0x28, 0xff, 0x28, 0x28, 0x20, 0xff, 0x28, 0x24, 0x28, 0xff,
    0x28, 0x24, 0x28, 0xff, 0x28, 0x24, 0x20, 0xff, 0x28, 0x24, 0x20, 0xff,
    0x28, 0x24, 0x20, 0xff, 0x28, 0x28, 0x28, 0xff, 0x28, 0x24, 0x20, 0xff,
    0x28, 0x24, 0x28, 0xff, 0x28, 0x28, 0x28, 0xff, 0x28, 0x28, 0x20, 0xff,
    0x28, 0x24, 0x28, 0xff, 0x28, 0x28, 0x28, 0xff, 0x28, 0x24, 0x20, 0xff,
    0x28, 0x24, 0x20, 0xff, 0x28, 0x28, 0x28, 0xff, 0x28, 0x28, 0x28, 0xff,
    0x28, 0x24, 0x20, 0xff, 0x28, 0x24, 0x28, 0xff, 0x28, 0x28, 0x20, 0xff,
    0x28, 0x24, 0x28, 0xff, 0x20, 0x24, 0x20, 0xff, 0x28, 0x28, 0x20, 0xff,
    0x20, 0x24, 0x28, 0xff, 0x28, 0x24, 0x20, 0xff, 0x28, 0x24, 0x28, 0xff,
    0x28, 0x28, 0x20, 0xff, 0x28, 0x24, 0x20, 0xff, 0x28, 0x28, 0x28, 0xff,
    0x20, 0x24, 0x20, 0xff, 0x28, 0x24, 0x28, 0xff, 0x28, 0x28, 0x28, 0xff,
    0x28, 0x24, 0x20, 0xff, 0x28, 0x24, 0x20, 0xff, 0x28, 0x24, 0x20, 0xff,
    0x28, 0x24, 0x20, 0xff, 0x28, 0x24, 0x28, 0xff, 0x28, 0x24, 0x20, 0xff,
    0x28, 0x24, 0x28, 0xff, 0x28, 0x24, 0x20, 0xff, 0x28, 0x28, 0x20, 0xff,
    0x28, 0x24, 0x28, 0xff, 0x28, 0x24, 0x28, 0xff, 0x20, 0x24, 0x20, 0xff,
    0x28, 0x24, 0x28, 0xff, 0x28, 0x24, 0x28, 0xff, 0x28, 0x24, 0x20, 0xff,
    0x20, 0x24, 0x28, 0xff, 0x28, 0x24, 0x20, 0xff, 0x28, 0x28, 0x28, 0xff,
    0x28, 0x24, 0x28, 0xff, 0x20, 0x24, 0x20, 0xff, 0x28, 0x24, 0x28, 0xff,
    0x28, 0x24, 0x28, 0xff, 0x28, 0x24, 0x20, 0xff, 0x28, 0x24, 0x28, 0xff,
    0x28, 0x24, 0x20, 0xff, 0x20, 0x24, 0x20, 0xff, 0x28, 0x28, 0x20, 0xff,
    0x20, 0x24, 0x20, 0xff, 0x28, 0x28, 0x28, 0xff, 0x28, 0x24, 0x20, 0xff,
    0x28, 0x24, 0x28, 0xff, 0x80, 0x80, 0x80, 0xff, 0xf0, 0xf4, 0xf0, 0x41,
    0xf8, 0xfc, 0xf8, 0x00, 0xf8, 0xfc, 0xf8, 0x00, 0xf8, 0xfc, 0xf8, 0x00,
    0xb8, 0xb4, 0xb0, 0xe7, 0x28, 0x2c, 0x28, 0xff, 0x28, 0x28, 0x28, 0xff,
    0x28, 0x28, 0x28, 0xff, 0x28, 0x2c, 0x28, 0xff, 0x30, 0x2c, 0x28, 0xff,
    0x28, 0x28, 0x28, 0xff, 0x28, 0x28, 0x28, 0xff, 0x30, 0x2c, 0x28, 0xff,
    0x28, 0x28, 0x28, 0xff, 0x28, 0x28, 0x28, 0xff, 0x28, 0x28, 0x28, 0xff,
    0x28, 0x28, 0x28, 0xff, 0x28, 0x28, 0x28, 0xff, 0x30, 0x28, 0x28, 0xff,
    0x28, 0x28, 0x28, 0xff, 0x30, 0x2c, 0x28, 0xff, 0x30, 0x28, 0x28, 0xff,
    0x28, 0x28, 0x28, 0xff, 0x28, 0x28, 0x28, 0xff, 0x30, 0x28, 0x28, 0xff,
    0x28, 0x28, 0x28, 0xff, 0x30, 0x28, 0x28, 0xff, 0x28, 0x28, 0x28, 0xff,
    0x28, 0x28, 0x28, 0xff, 0x30, 0x28, 0x28, 0xff, 0x28, 0x28, 0x28, 0xff,
    0x28, 0x28, 0x28, 0xff, 0x28, 0x28, 0x20, 0xff, 0x28, 0x28, 0x28, 0xff,
    0x28, 0x28, 0x28, 0xff, 0x28, 0x28, 0x20, 0xff, 0x30, 0x28, 0x28, 0xff,
    0x28, 0x28, 0x28, 0xff, 0x28, 0x28, 0x20, 0xff, 0x30, 0x28, 0x28, 0xff,
    0x28, 0x28, 0x28, 0xff, 0x28, 0x28, 0x28, 0xff, 0x28, 0x28, 0x28, 0xff,
    0x28, 0x28, 0x28, 0xff, 0x28, 0x28, 0x28, 0xff, 0x28, 0x24, 0x20, 0xff,
    0x28, 0x28, 0x28, 0xff, 0x28, 0x28, 0x28, 0xff, 0x30, 0x28, 0x28, 0xff,
    0x28, 0x28, 0x28, 0xff, 0x28, 0x28, 0x28, 0xff, 0x30, 0x28, 0x20, 0xff,
    0x28, 0x24, 0x28, 0xff, 0x28, 0x28, 0x28, 0xff, 0x28, 0x28, 0x20, 0xff,
    0x28, 0x28, 0x28, 0xff, 0x28, 0x24, 0x28, 0xff, 0x28, 0x28, 0x28, 0xff,
    0x28, 0x28, 0x28, 0xff, 0x28, 0x28, 0x28, 0xff, 0x28, 0x24, 0x28, 0xff,
    0x28, 0x28, 0x28, 0xff, 0x28, 0x28, 0x28, 0xff, 0x28, 0x28, 0x20, 0xff,
    0x28, 0x28, 0x28, 0xff, 0x28, 0x28, 0x28, 0xff, 0x28, 0x28, 0x28, 0xff,
    0x28, 0x24, 0x28, 0xff, 0x28, 0x28, 0x20, 0xff, 0x28, 0x24, 0x28, 0xff,
    0x28, 0x24, 0x28, 0xff, 0x28, 0x28, 0x20, 0xff, 0x28, 0x28, 0x28, 0xff,
    0x28, 0x24, 0x28, 0xff, 0x28, 0x28, 0x28, 0xff, 0x28, 0x24, 0x28, 0xff,
    0x28, 0x24, 0x20, 0xff, 0x28, 0x28, 0x28, 0xff, 0x28, 0x24, 0x28, 0xff,
    0x28, 0x28, 0x20, 0xff, 0x28, 0x28, 0x28, 0xff, 0x28, 0x28, 0x28, 0xff,
    0x28, 0x28, 0x28, 0xff, 0x28, 0x24, 0x28, 0xff, 0x28, 0x28, 0x28, 0xff,
    0x28, 0x28, 0x20, 0xff, 0x28, 0x24, 0x28, 0xff, 0x28, 0x24, 0x28, 0xff,
    0x28, 0x24, 0x20, 0xff, 0x28, 0x28, 0x28, 0xff, 0x28, 0x28, 0x28, 0xff,
    0x28, 0x24, 0x20, 0xff, 0x28, 0x24, 0x28, 0xff, 0x28, 0x24, 0x20, 0xff,
    0x28, 0x24, 0x20, 0xff, 0x20, 0x24, 0x28, 0xff, 0x28, 0x24, 0x20, 0xff,
    0x28, 0x24, 0x20, 0xff, 0x28, 0x24, 0x28, 0xff, 0x28, 0x24, 0x28, 0xff,
    0x28, 0x24, 0x20, 0xff, 0x28, 0x24, 0x28, 0xff, 0x28, 0x28, 0x20, 0xff,
    0x28, 0x24, 0x28, 0xff, 0x20, 0x24, 0x20, 0xff, 0x28, 0x24, 0x28, 0xff,
    0x28, 0x24, 0x28, 0xff, 0x28, 0x24, 0x20, 0xff, 0x28, 0x24, 0x20, 0xff,
    0x28, 0x24, 0x20, 0xff, 0x28, 0x24, 0x28, 0xff, 0x20, 0x24, 0x28, 0xff,
    0x28, 0x24, 0x28, 0xff, 0x20, 0x24, 0x20, 0xff, 0x28, 0x28, 0x28, 0xff,
    0x28, 0x24, 0x28, 0xff, 0x28, 0x24, 0x20, 0xff, 0x28, 0x24, 0x20, 0xff,
    0x28, 0x24, 0x28, 0xff, 0x28, 0x28, 0x20, 0xff, 0x20, 0x24, 0x20, 0xff,
    0x28, 0x24, 0x28, 0xff, 0x28, 0x24, 0x20, 0xff, 0x28, 0x28, 0x28, 0xff,
    0x28, 0x24, 0x28, 0xff, 0x28, 0x24, 0x20, 0xff, 0x28, 0x24, 0x28, 0xff,
    0x20, 0x24, 0x20, 0xff, 0x28, 0x24, 0x28, 0xff, 0x28, 0x24, 0x20, 0xff,
    0x28, 0x28, 0x20, 0xff, 0x28, 0x24, 0x28, 0xff, 0x28, 0x24, 0x20, 0xff,
    0x20, 0x24, 0x20, 0xff, 0x28, 0x24, 0x28, 0xff, 0x28, 0x24, 0x20, 0xff,
    0x28, 0x24, 0x20, 0xff, 0x28, 0x24, 0x28, 0xff, 0x28, 0x24, 0x20, 0xff,
    0x20, 0x24, 0x20, 0xff, 0x28, 0x24, 0x28, 0xff, 0x28, 0x24, 0x20, 0xff,
    0x80, 0x80, 0x80, 0xff, 0xf0, 0xf4, 0xf0, 0x41, 0xf8, 0xfc, 0xf8, 0x00,
    0xf8, 0xfc, 0xf8, 0x00, 0xf8, 0xfc, 0xf8, 0x00, 0xb8, 0xb4, 0xb0, 0xe7,
    0x28, 0x28, 0x28, 0xff, 0x30, 0x2c, 0x28, 0xff, 0x30, 0x2c, 0x28, 0xff,
    0x28, 0x28, 0x28, 0xff, 0x28, 0x2c, 0x28, 0xff, 0x30, 0x28, 0x28, 0xff,
    0x28, 0x28, 0x28, 0xff, 0x30, 0x2c, 0x28, 0xff, 0x28, 0x28, 0x28, 0xff,
    0x28, 0x28, 0x28, 0xff, 0x30, 0x2c, 0x28, 0xff, 0x30, 0x28, 0x28, 0xff,
    0x28, 0x28, 0x28, 0xff, 0x28, 0x2c, 0x28, 0xff, 0x30, 0x28, 0x28, 0xff,
    0x28, 0x28, 0x28, 0xff, 0x28, 0x28, 0x28, 0xff, 0x28, 0x28, 0x28, 0xff,
    0x28, 0x28, 0x28, 0xff, 0x28, 0x28, 0x28, 0xff, 0x28, 0x28, 0x28, 0xff,
    0x28, 0x28, 0x28, 0xff, 0x28, 0x28, 0x28, 0xff, 0x28, 0x28, 0x28, 0xff,
    0x28, 0x28, 0x28, 0xff, 0x30, 0x28, 0x28, 0xff, 0x28, 0x28, 0x28, 0xff,
    0x28, 0x28, 0x28, 0xff, 0x30, 0x28, 0x28, 0xff, 0x28, 0x28, 0x20, 0xff,
    0x28, 0x28, 0x28, 0xff, 0x28, 0x28, 0x28, 0xff, 0x28, 0x28, 0x28, 0xff,
    0x28, 0x28, 0x28, 0xff, 0x28, 0x28, 0x28, 0xff, 0x30, 0x28, 0x28, 0xff,
    0x28, 0x28, 0x28, 0xff, 0x28, 0x28, 0x28, 0xff, 0x30, 0x28, 0x28, 0xff,
    0x28, 0x28, 0x28, 0xff, 0x28, 0x28, 0x28, 0xff, 0x28, 0x24, 0x28, 0xff,
    0x28, 0x28, 0x20, 0xff, 0x28, 0x24, 0x28, 0xff, 0x28, 0x28, 0x28, 0xff,
    0x28, 0x28, 0x28, 0xff, 0x28, 0x24, 0x28, 0xff, 0x28, 0x28, 0x20, 0xff,
    0x28, 0x28, 0x28, 0xff, 0x30, 0x24, 0x28, 0xff, 0x28, 0x28, 0x28, 0xff,
    0x28, 0x28, 0x20, 0xff, 0x28, 0x24, 0x28, 0xff, 0x28, 0x28, 0x28, 0xff,
    0x28, 0x28, 0x20, 0xff, 0x28, 0x28, 0x28, 0xff, 0x28, 0x24, 0x28, 0xff,
    0x28, 0x28, 0x28, 0xff, 0x28, 0x28, 0x28, 0xff, 0x28, 0x28, 0x20, 0xff,
    0x28, 0x28, 0x28, 0xff, 0x28, 0x24, 0x28, 0xff, 0x28, 0x28, 0x28, 0xff,
    0x28, 0x28, 0x20, 0xff, 0x28, 0x28, 0x28, 0xff, 0x28, 0x24, 0x28, 0xff,
    0x28, 0x28, 0x20, 0xff, 0x28, 0x24, 0x28, 0xff, 0x28, 0x28, 0x28, 0xff,
    0x28, 0x28, 0x20, 0xff, 0x28, 0x24, 0x28, 0xff, 0x28, 0x28, 0x28, 0xff,
    0x28, 0x24, 0x20, 0xff, 0x28, 0x24, 0x28, 0xff, 0x28, 0x28, 0x20, 0xff,
    0x28, 0x24, 0x20, 0xff, 0x28, 0x24, 0x28, 0xff, 0x28, 0x24, 0x20, 0xff,
    0x28, 0x28, 0x28, 0xff, 0x28, 0x24, 0x28, 0xff, 0x28, 0x24, 0x20, 0xff,
    0x28, 0x28, 0x28, 0xff, 0x28, 0x28, 0x20, 0xff, 0x28, 0x24, 0x28, 0xff,
    0x28, 0x24, 0x28, 0xff, 0x28, 0x28, 0x20, 0xff, 0x28, 0x28, 0x28, 0xff,
    0x28, 0x24, 0x28, 0xff, 0x28, 0x24, 0x20, 0xff, 0x28, 0x28, 0x28, 0xff,
    0x28, 0x24, 0x28, 0xff, 0x28, 0x28, 0x20, 0xff, 0x20, 0x24, 0x28, 0xff,
    0x28, 0x28, 0x20, 0xff, 0x28, 0x24, 0x20, 0xff, 0x28, 0x24, 0x28, 0xff,
    0x28, 0x28, 0x28, 0xff, 0x28, 0x24, 0x20, 0xff, 0x20, 0x24, 0x20, 0xff,
    0x28, 0x24, 0x20, 0xff, 0x28, 0x24, 0x28, 0xff, 0x28, 0x28, 0x28, 0xff,
    0x28, 0x24, 0x20, 0xff, 0x28, 0x24, 0x28, 0xff, 0x20, 0x24, 0x20, 0xff,
    0x28, 0x24, 0x20, 0xff, 0x28, 0x24, 0x20, 0xff, 0x28, 0x24, 0x28, 0xff,
    0x28, 0x24, 0x20, 0xff, 0x20, 0x24, 0x20, 0xff, 0x28, 0x24, 0x28, 0xff,
    0x28, 0x28, 0x20, 0xff, 0x28, 0x24, 0x28, 0xff, 0x28, 0x24, 0x28, 0xff,
    0x28, 0x24, 0x20, 0xff, 0x28, 0x28, 0x28, 0xff, 0x28, 0x24, 0x20, 0xff,
    0x28, 0x24, 0x20, 0xff, 0x28, 0x28, 0x20, 0xff, 0x20, 0x24, 0x20, 0xff,
    0x28, 0x24, 0x20, 0xff, 0x28, 0x24, 0x20, 0xff, 0x28, 0x28, 0x28, 0xff,
    0x28, 0x24, 0x20, 0xff, 0x28, 0x24, 0x20, 0xff, 0x28, 0x24, 0x28, 0xff,
    0x28, 0x24, 0x20, 0xff, 0x20, 0x24, 0x20, 0xff, 0x28, 0x24, 0x20, 0xff,
    0x28, 0x28, 0x28, 0xff, 0x28, 0x24, 0x28, 0xff, 0x20, 0x24, 0x20, 0xff,
    0x28, 0x24, 0x28, 0xff, 0x28, 0x24, 0x20, 0xff, 0x28, 0x24, 0x20, 0xff,
    0x20, 0x24, 0x28, 0xff, 0x28, 0x24, 0x20, 0xff, 0x80, 0x80, 0x80, 0xff,
    0xf0, 0xf0, 0xf0, 0x41, 0xf8, 0xfc, 0xf8, 0x00, 0xf8, 0xfc, 0xf8, 0x00,
    0xf8, 0xfc, 0xf8, 0x00, 0xb0, 0xb4, 0xb0, 0xe7, 0x28, 0x28, 0x28, 0xff,
    0x30, 0x28, 0x28, 0xff, 0x28, 0x28, 0x28, 0xff, 0x28, 0x28, 0x28, 0xff,
    0x30, 0x28, 0x28, 0xff, 0x28, 0x28, 0x28, 0xff, 0x28, 0x28, 0x28, 0xff,
    0x28, 0x28, 0x28, 0xff, 0x28, 0x28, 0x28, 0xff, 0x28, 0x28, 0x28, 0xff,
    0x30, 0x2c, 0x28, 0xff, 0x28, 0x28, 0x28, 0xff, 0x28, 0x28, 0x28, 0xff,
    0x28, 0x2c, 0x28, 0xff, 0x28, 0x28, 0x28, 0xff, 0x28, 0x28, 0x28, 0xff,
    0x28, 0x28, 0x28, 0xff, 0x30, 0x2c, 0x28, 0xff, 0x28, 0x28, 0x28, 0xff,
    0x28, 0x28, 0x28, 0xff, 0x30, 0x28, 0x28, 0xff, 0x28, 0x28, 0x28, 0xff,
    0x30, 0x28, 0x20, 0xff, 0x28, 0x28, 0x28, 0xff, 0x28, 0x28, 0x28, 0xff,
    0x28, 0x28, 0x28, 0xff, 0x28, 0x28, 0x20, 0xff, 0x28, 0x28, 0x28, 0xff,
    0x28, 0x28, 0x28, 0xff, 0x30, 0x28, 0x28, 0xff, 0x28, 0x28, 0x28, 0xff,
    0x28, 0x28, 0x28, 0xff, 0x28, 0x28, 0x20, 0xff, 0x28, 0x28, 0x28, 0xff,
    0x28, 0x28, 0x28, 0xff, 0x28, 0x28, 0x28, 0xff, 0x28, 0x28, 0x20, 0xff,
    0x28, 0x28, 0x20, 0xff, 0x28, 0x24, 0x28, 0xff, 0x28, 0x28, 0x28, 0xff,
    0x28, 0x28, 0x28, 0xff, 0x28, 0x28, 0x20, 0xff, 0x28, 0x28, 0x28, 0xff,
    0x28, 0x28, 0x28, 0xff, 0x28, 0x24, 0x20, 0xff, 0x28, 0x28, 0x28, 0xff,
    0x28, 0x28, 0x28, 0xff, 0x28, 0x28, 0x28, 0xff, 0x28, 0x28, 0x20, 0xff,
    0x28, 0x28, 0x28, 0xff, 0x28, 0x28, 0x28, 0xff, 0x28, 0x28, 0x20, 0xff,
    0x28, 0x28, 0x28, 0xff, 0x28, 0x24, 0x28, 0xff, 0x28, 0x28, 0x20, 0xff,
    0x30, 0x28, 0x28, 0xff, 0x28, 0x28, 0x20, 0xff, 0x28, 0x24, 0x28, 0xff,
    0x30, 0x28, 0x28, 0xff, 0x28, 0x28, 0x28, 0xff, 0x28, 0x24, 0x20, 0xff,
    0x28, 0x24, 0x20, 0xff, 0x28, 0x28, 0x28, 0xff, 0x28, 0x28, 0x28, 0xff,
    0x28, 0x24, 0x20, 0xff, 0x28, 0x28, 0x28, 0xff, 0x28, 0x28, 0x28, 0xff,
    0x28, 0x24, 0x20, 0xff, 0x28, 0x24, 0x28, 0xff, 0x28, 0x28, 0x20, 0xff,
    0x28, 0x28, 0x28, 0xff, 0x28, 0x24, 0x20, 0xff, 0x28, 0x28, 0x28, 0xff,
    0x28, 0x28, 0x28, 0xff, 0x28, 0x24, 0x28, 0xff, 0x28, 0x28, 0x20, 0xff,
    0x28, 0x24, 0x28, 0xff, 0x28, 0x28, 0x20, 0xff, 0x28, 0x24, 0x20, 0xff,
    0x28, 0x24, 0x20, 0xff, 0x28, 0x24, 0x28, 0xff, 0x28, 0x28, 0x28, 0xff,
    0x28, 0x28, 0x20, 0xff, 0x28, 0x24, 0x20, 0xff, 0x28, 0x24, 0x20, 0xff,
    0x28, 0x24, 0x20, 0xff, 0x28, 0x28, 0x28, 0xff, 0x28, 0x24, 0x20, 0xff,
    0x28, 0x24, 0x20, 0xff, 0x28, 0x24, 0x28, 0xff, 0x28, 0x28, 0x20, 0xff,
    0x28, 0x24, 0x28, 0xff, 0x28, 0x24, 0x28, 0xff, 0x28, 0x24, 0x20, 0xff,
    0x28, 0x28, 0x20, 0xff, 0x20, 0x24, 0x28, 0xff, 0x28, 0x24, 0x20, 0xff,
    0x28, 0x24, 0x28, 0xff, 0x28, 0x24, 0x28, 0xff, 0x28, 0x28, 0x20, 0xff,
    0x28, 0x24, 0x20, 0xff, 0x20, 0x24, 0x28, 0xff, 0x28, 0x28, 0x20, 0xff,
    0x28, 0x24, 0x20, 0xff, 0x28, 0x24, 0x28, 0xff, 0x28, 0x28, 0x28, 0xff,
    0x28, 0x24, 0x20, 0xff, 0x28, 0x24, 0x20, 0xff, 0x28, 0x24, 0x20, 0xff,
    0x28, 0x24, 0x28, 0xff, 0x28, 0x24, 0x20, 0xff, 0x20, 0x24, 0x20, 0xff,
    0x20, 0x24, 0x20, 0xff, 0x28, 0x24, 0x28, 0xff, 0x28, 0x24, 0x28, 0xff,
    0x28, 0x24, 0x20, 0xff, 0x28, 0x24, 0x28, 0xff, 0x28, 0x24, 0x28, 0xff,
    0x20, 0x24, 0x20, 0xff, 0x28, 0x24, 0x28, 0xff, 0x28, 0x24, 0x28, 0xff,
    0x28, 0x24, 0x20, 0xff, 0x20, 0x24, 0x20, 0xff, 0x28, 0x24, 0x28, 0xff,
    0x28, 0x24, 0x28, 0xff, 0x20, 0x24, 0x20, 0xff, 0x28, 0x28, 0x28, 0xff,
    0x28, 0x24, 0x28, 0xff, 0x28, 0x24, 0x20, 0xff, 0x28, 0x24, 0x28, 0xff,
    0x20, 0x24, 0x20, 0xff, 0x28, 0x24, 0x20, 0xff, 0x28, 0x24, 0x28, 0xff,
    0x28, 0x24, 0x20, 0xff, 0x28, 0x28, 0x28, 0xff, 0x28, 0x24, 0x20, 0xff,
    0x28, 0x24, 0x28, 0xff, 0x80, 0x80, 0x80, 0xff, 0xf0, 0xf0, 0xf0, 0x41,
    0xf8, 0xfc, 0xf8, 0x00, 0xf8, 0xfc, 0xf8, 0x00, 0xf8, 0xfc, 0xf8, 0x00,
    0xb8, 0xb4, 0xb0, 0xe7, 0x28, 0x28, 0x28, 0xff, 0x28, 0x28, 0x28, 0xff,
    0x28, 0x28, 0x28, 0xff, 0x30, 0x28, 0x28, 0xff, 0x28, 0x2c, 0x28, 0xff,
    0x28, 0x28, 0x28, 0xff, 0x30, 0x28, 0x28, 0xff, 0x28, 0x2c, 0x28, 0xff,
    0x28, 0x28, 0x28, 0xff, 0x30, 0x28, 0x28, 0xff, 0x28, 0x28, 0x28, 0xff,
    0x28, 0x28, 0x28, 0xff, 0x30, 0x28, 0x28, 0xff, 0x30, 0x28, 0x28, 0xff,
    0x28, 0x28, 0x28, 0xff, 0x28, 0x28, 0x28, 0xff, 0x30, 0x28, 0x28, 0xff,
    0x28, 0x28, 0x28, 0xff, 0x28, 0x28, 0x28, 0xff, 0x30, 0x28, 0x28, 0xff,
    0x28, 0x28, 0x28, 0xff, 0x28, 0x28, 0x28, 0xff, 0x28, 0x28, 0x28, 0xff,
    0x30, 0x28, 0x28, 0xff, 0x28, 0x28, 0x28, 0xff, 0x28, 0x28, 0x28, 0xff,
    0x30, 0x28, 0x28, 0xff, 0x28, 0x28, 0x28, 0xff, 0x28, 0x28, 0x28, 0xff,
    0x28, 0x28, 0x28, 0xff, 0x28, 0x28, 0x28, 0xff, 0x30, 0x28, 0x28, 0xff,
    0x30, 0x28, 0x28, 0xff, 0x28, 0x28, 0x28, 0xff, 0x28, 0x28, 0x28, 0xff,
    0x30, 0x28, 0x28, 0xff, 0x28, 0x28, 0x28, 0xff, 0x28, 0x28, 0x28, 0xff,
    0x28, 0x28, 0x28, 0xff, 0x28, 0x28, 0x28, 0xff, 0x30, 0x28, 0x20, 0xff,
    0x28, 0x28, 0x28, 0xff, 0x28, 0x28, 0x28, 0xff, 0x30, 0x28, 0x28, 0xff,
    0x28, 0x28, 0x20, 0xff, 0x28, 0x28, 0x28, 0xff, 0x30, 0x28, 0x28, 0xff,
    0x28, 0x24, 0x28, 0xff, 0x28, 0x28, 0x28, 0xff, 0x28, 0x24, 0x28, 0xff,
    0x28, 0x28, 0x28, 0xff, 0x28, 0x24, 0x20, 0xff, 0x28, 0x24, 0x28, 0xff,
    0x28, 0x28, 0x28, 0xff, 0x28, 0x28, 0x28, 0xff, 0x28, 0x24, 0x28, 0xff,
    0x28, 0x24, 0x20, 0xff, 0x28, 0x28, 0x28, 0xff, 0x28, 0x28, 0x28, 0xff,
    0x28, 0x28, 0x28, 0xff, 0x28, 0x28, 0x28, 0xff, 0x30, 0x28, 0x28, 0xff,
    0x28, 0x24, 0x20, 0xff, 0x28, 0x24, 0x28, 0xff, 0x28, 0x24, 0x28, 0xff,
    0x28, 0x28, 0x20, 0xff, 0x28, 0x24, 0x28, 0xff, 0x28, 0x28, 0x28, 0xff,
    0x28, 0x24, 0x20, 0xff, 0x28, 0x24, 0x28, 0xff, 0x28, 0x28, 0x28, 0xff,
    0x28, 0x24, 0x20, 0xff, 0x28, 0x24, 0x28, 0xff, 0x28, 0x24, 0x20, 0xff,
    0x28, 0x28, 0x28, 0xff, 0x28, 0x24, 0x28, 0xff, 0x28, 0x28, 0x28, 0xff,
    0x28, 0x24, 0x20, 0xff, 0x28, 0x28, 0x28, 0xff, 0x28, 0x24, 0x20, 0xff,
    0x28, 0x28, 0x28, 0xff, 0x28, 0x24, 0x28, 0xff, 0x28, 0x24, 0x20, 0xff,
    0x28, 0x24, 0x28, 0xff, 0x28, 0x24, 0x28, 0xff, 0x28, 0x24, 0x20, 0xff,
    0x28, 0x24, 0x28, 0xff, 0x28, 0x24, 0x28, 0xff, 0x20, 0x24, 0x20, 0xff,
    0x28, 0x24, 0x28, 0xff, 0x28, 0x24, 0x20, 0xff, 0x28, 0x24, 0x20, 0xff,
    0x28, 0x24, 0x28, 0xff, 0x28, 0x24, 0x28, 0xff, 0x20, 0x24, 0x20, 0xff,
    0x28, 0x24, 0x28, 0xff, 0x28, 0x28, 0x20, 0xff, 0x28, 0x24, 0x20, 0xff,
    0x28, 0x24, 0x28, 0xff, 0x28, 0x24, 0x28, 0xff, 0x28, 0x24, 0x20, 0xff,
    0x20, 0x24, 0x20, 0xff, 0x28, 0x24, 0x28, 0xff, 0x28, 0x24, 0x20, 0xff,
    0x28, 0x24, 0x28, 0xff, 0x28, 0x24, 0x28, 0xff, 0x20, 0x28, 0x28, 0xff,
    0x28, 0x24, 0x28, 0xff, 0x28, 0x28, 0x28, 0xff, 0x28, 0x24, 0x28, 0xff,
    0x28, 0x24, 0x20, 0xff, 0x28, 0x28, 0x28, 0xff, 0x28, 0x24, 0x28, 0xff,
    0x28, 0x24, 0x20, 0xff, 0x28, 0x28, 0x20, 0xff, 0x20, 0x24, 0x28, 0xff,
    0x28, 0x24, 0x20, 0xff, 0x28, 0x28, 0x28, 0xff, 0x28, 0x24, 0x28, 0xff,
    0x28, 0x24, 0x20, 0xff, 0x28, 0x24, 0x28, 0xff, 0x28, 0x28, 0x28, 0xff,
    0x28, 0x24, 0x20, 0xff, 0x20, 0x24, 0x20, 0xff, 0x28, 0x24, 0x28, 0xff,
    0x28, 0x28, 0x20, 0xff, 0x28, 0x24, 0x20, 0xff, 0x28, 0x24, 0x28, 0xff,
    0x28, 0x24, 0x28, 0xff, 0x28, 0x28, 0x20, 0xff, 0x28, 0x24, 0x20, 0xff,
    0x28, 0x24, 0x28, 0xff, 0x28, 0x24, 0x28, 0xff, 0x20, 0x24, 0x20, 0xff,
    0x28, 0x24, 0x20, 0xff, 0x28, 0x24, 0x20, 0xff, 0x28, 0x24, 0x20, 0xff,
    0x80, 0x80, 0x80, 0xff, 0xf0, 0xf4, 0xf0, 0x41, 0xf8, 0xfc, 0xf8, 0x00,
    0xf8, 0xfc, 0xf8, 0x00, 0xf8, 0xfc, 0xf8, 0x00, 0xb8, 0xb4, 0xb0, 0xe7,
    0x28, 0x28, 0x28, 0xff, 0x28, 0x28, 0x28, 0xff, 0x30, 0x2c, 0x28, 0xff,
    0x28, 0x28, 0x28, 0xff, 0x28, 0x28, 0x28, 0xff, 0x30, 0x2c, 0x28, 0xff,
    0x30, 0x28, 0x28, 0xff, 0x28, 0x28, 0x28, 0xff, 0x30, 0x2c, 0x28, 0xff,
    0x28, 0x28, 0x28, 0xff, 0x28, 0x28, 0x28, 0xff, 0x30, 0x2c, 0x28, 0xff,
    0x28, 0x28, 0x28, 0xff, 0x28, 0x28, 0x28, 0xff, 0x28, 0x28, 0x28, 0xff,
    0x28, 0x28, 0x28, 0xff, 0x28, 0x2c, 0x28, 0xff, 0x28, 0x28, 0x28, 0xff,
    0x28, 0x28, 0x28, 0xff, 0x28, 0x28, 0x28, 0xff, 0x28, 0x28, 0x20, 0xff,
    0x28, 0x28, 0x28, 0xff, 0x28, 0x28, 0x28, 0xff, 0x28, 0x28, 0x28, 0xff,
    0x30, 0x28, 0x20, 0xff, 0x28, 0x28, 0x28, 0xff, 0x28, 0x28, 0x28, 0xff,
    0x28, 0x28, 0x20, 0xff, 0x30, 0x28, 0x28, 0xff, 0x28, 0x28, 0x28, 0xff,
    0x28, 0x28, 0x28, 0xff, 0x28, 0x28, 0x20, 0xff, 0x28, 0x28, 0x28, 0xff,
    0x28, 0x28, 0x28, 0xff, 0x28, 0x28, 0x20, 0xff, 0x28, 0x28, 0x28, 0xff,
    0x28, 0x24, 0x28, 0xff, 0x28, 0x28, 0x28, 0xff, 0x28, 0x28, 0x20, 0xff,
    0x28, 0x28, 0x28, 0xff, 0x28, 0x24, 0x28, 0xff, 0x28, 0x24, 0x28, 0xff,
    0x28, 0x28, 0x28, 0xff, 0x28, 0x24, 0x20, 0xff, 0x28, 0x28, 0x28, 0xff,
    0x28, 0x28, 0x28, 0xff, 0x28, 0x24, 0x20, 0xff, 0x28, 0x28, 0x20, 0xff,
    0x28, 0x28, 0x28, 0xff, 0x30, 0x28, 0x28, 0xff, 0x28, 0x28, 0x20, 0xff,
    0x28, 0x28, 0x28, 0xff, 0x30, 0x28, 0x28, 0xff, 0x28, 0x28, 0x20, 0xff,
    0x28, 0x28, 0x28, 0xff, 0x28, 0x28, 0x28, 0xff, 0x28, 0x28, 0x28, 0xff,
    0x28, 0x24, 0x20, 0xff, 0x28, 0x24, 0x20, 0xff, 0x28, 0x24, 0x20, 0xff,
    0x28, 0x24, 0x28, 0xff, 0x28, 0x28, 0x28, 0xff, 0x28, 0x28, 0x20, 0xff,
    0x28, 0x28, 0x28, 0xff, 0x28, 0x28, 0x28, 0xff, 0x28, 0x24, 0x20, 0xff,
    0x28, 0x28, 0x28, 0xff, 0x28, 0x28, 0x28, 0xff, 0x28, 0x24, 0x20, 0xff,
    0x28, 0x28, 0x28, 0xff, 0x28, 0x24, 0x20, 0xff, 0x28, 0x28, 0x28, 0xff,
    0x28, 0x28, 0x28, 0xff, 0x28, 0x24, 0x20, 0xff, 0x28, 0x24, 0x20, 0xff,
    0x28, 0x28, 0x28, 0xff, 0x28, 0x24, 0x28, 0xff, 0x28, 0x28, 0x28, 0xff,
    0x28, 0x24, 0x28, 0xff, 0x28, 0x28, 0x28, 0xff, 0x28, 0x24, 0x20, 0xff,
    0x28, 0x24, 0x20, 0xff, 0x28, 0x28, 0x28, 0xff, 0x28, 0x24, 0x28, 0xff,
    0x28, 0x24, 0x20, 0xff, 0x28, 0x28, 0x28, 0xff, 0x28, 0x24, 0x20, 0xff,
    0x28, 0x28, 0x28, 0xff, 0x28, 0x28, 0x28, 0xff, 0x28, 0x24, 0x20, 0xff,
    0x20, 0x24, 0x28, 0xff, 0x20, 0x28, 0x20, 0xff, 0x28, 0x28, 0x20, 0xff,
    0x28, 0x24, 0x28, 0xff, 0x28, 0x24, 0x20, 0xff, 0x28, 0x24, 0x28, 0xff,
    0x28, 0x24, 0x28, 0xff, 0x28, 0x28, 0x20, 0xff, 0x20, 0x24, 0x20, 0xff,
    0x28, 0x24, 0x28, 0xff, 0x28, 0x28, 0x28, 0xff, 0x28, 0x24, 0x20, 0xff,
    0x28, 0x24, 0x20, 0xff, 0x28, 0x24, 0x28, 0xff, 0x20, 0x24, 0x20, 0xff,
    0x28, 0x24, 0x20, 0xff, 0x28, 0x24, 0x20, 0xff, 0x28, 0x24, 0x20, 0xff,
    0x28, 0x24, 0x20, 0xff, 0x20, 0x24, 0x20, 0xff, 0x28, 0x24, 0x20, 0xff,
    0x28, 0x24, 0x20, 0xff, 0x28, 0x24, 0x28, 0xff, 0x28, 0x24, 0x20, 0xff,
    0x20, 0x24, 0x20, 0xff, 0x28, 0x28, 0x28, 0xff, 0x28, 0x24, 0x20, 0xff,
    0x28, 0x24, 0x20, 0xff, 0x28, 0x24, 0x20, 0xff, 0x28, 0x24, 0x20, 0xff,
    0x20, 0x24, 0x20, 0xff, 0x28, 0x24, 0x28, 0xff, 0x28, 0x24, 0x20, 0xff,
    0x28, 0x24, 0x20, 0xff, 0x28, 0x24, 0x28, 0xff, 0x28, 0x24, 0x28, 0xff,
    0x20, 0x24, 0x20, 0xff, 0x28, 0x24, 0x20, 0xff, 0x20, 0x24, 0x20, 0xff,
    0x28, 0x24, 0x28, 0xff, 0x28, 0x24, 0x20, 0xff, 0x20, 0x24, 0x20, 0xff,
    0x28, 0x24, 0x20, 0xff, 0x28, 0x24, 0x28, 0xff, 0x20, 0x24, 0x28, 0xff,
    0x28, 0x24, 0x20, 0xff, 0x20, 0x24, 0x20, 0xff, 0x80, 0x80, 0x80, 0xff,
    0xf0, 0xf0, 0xf0, 0x41, 0xf8, 0xfc, 0xf8, 0x00, 0xf8, 0xfc, 0xf8, 0x00,
    0xf8, 0xfc, 0xf8, 0x00, 0xb0, 0xb4, 0xb0, 0xeb, 0x28, 0x28, 0x28, 0xff,
    0x28, 0x28, 0x28, 0xff, 0x30, 0x28, 0x28, 0xff, 0x28, 0x28, 0x28, 0xff,
    0x28, 0x28, 0x28, 0xff, 0x28, 0x28, 0x28, 0xff, 0x28, 0x28, 0x28, 0xff,
    0x28, 0x28, 0x28, 0xff, 0x30, 0x28, 0x28, 0xff, 0x28, 0x2c, 0x28, 0xff,
    0x28, 0x28, 0x28, 0xff, 0x28, 0x28, 0x28, 0xff, 0x30, 0x28, 0x28, 0xff,
    0x28, 0x28, 0x28, 0xff, 0x28, 0x28, 0x28, 0xff, 0x30, 0x28, 0x28, 0xff,
    0x28, 0x28, 0x28, 0xff, 0x30, 0x28, 0x28, 0xff, 0x30, 0x28, 0x28, 0xff,
    0x28, 0x2c, 0x28, 0xff, 0x30, 0x28, 0x28, 0xff, 0x30, 0x28, 0x28, 0xff,
    0x28, 0x28, 0x28, 0xff, 0x28, 0x28, 0x28, 0xff, 0x28, 0x28, 0x28, 0xff,
    0x28, 0x28, 0x20, 0xff, 0x28, 0x28, 0x28, 0xff, 0x28, 0x28, 0x28, 0xff,
    0x30, 0x28, 0x28, 0xff, 0x28, 0x28, 0x28, 0xff, 0x28, 0x28, 0x20, 0xff,
    0x28, 0x28, 0x28, 0xff, 0x28, 0x28, 0x28, 0xff, 0x28, 0x28, 0x28, 0xff,
    0x28, 0x28, 0x28, 0xff, 0x28, 0x28, 0x28, 0xff, 0x28, 0x28, 0x20, 0xff,
    0x30, 0x28, 0x28, 0xff, 0x28, 0x28, 0x28, 0xff, 0x28, 0x28, 0x28, 0xff,
    0x28, 0x28, 0x28, 0xff, 0x28, 0x28, 0x20, 0xff, 0x28, 0x28, 0x28, 0xff,
    0x28, 0x28, 0x28, 0xff, 0x28, 0x28, 0x28, 0xff, 0x28, 0x24, 0x28, 0xff,
    0x28, 0x28, 0x28, 0xff, 0x28, 0x28, 0x28, 0xff, 0x28, 0x24, 0x28, 0xff,
    0x28, 0x28, 0x20, 0xff, 0x28, 0x28, 0x28, 0xff, 0x28, 0x24, 0x28, 0xff,
    0x28, 0x28, 0x28, 0xff, 0x28, 0x28, 0x28, 0xff, 0x28, 0x24, 0x20, 0xff,
    0x30, 0x28, 0x28, 0xff, 0x28, 0x24, 0x28, 0xff, 0x28, 0x28, 0x28, 0xff,
    0x28, 0x28, 0x20, 0xff, 0x28, 0x24, 0x28, 0xff, 0x28, 0x24, 0x28, 0xff,
    0x28, 0x28, 0x20, 0xff, 0x28, 0x24, 0x28, 0xff, 0x28, 0x24, 0x28, 0xff,
    0x28, 0x28, 0x20, 0xff, 0x28, 0x24, 0x28, 0xff, 0x28, 0x24, 0x20, 0xff,
    0x28, 0x28, 0x28, 0xff, 0x28, 0x28, 0x28, 0xff, 0x28, 0x24, 0x20, 0xff,
    0x28, 0x24, 0x28, 0xff, 0x28, 0x28, 0x28, 0xff, 0x28, 0x28, 0x20, 0xff,
    0x28, 0x24, 0x28, 0xff, 0x28, 0x28, 0x28, 0xff, 0x28, 0x24, 0x20, 0xff,
    0x28, 0x28, 0x20, 0xff, 0x28, 0x24, 0x28, 0xff, 0x28, 0x28, 0x20, 0xff,
    0x28, 0x24, 0x28, 0xff, 0x28, 0x28, 0x28, 0xff, 0x28, 0x28, 0x28, 0xff,
    0x28, 0x24, 0x20, 0xff, 0x28, 0x28, 0x28, 0xff, 0x28, 0x24, 0x20, 0xff,
    0x28, 0x24, 0x20, 0xff, 0x20, 0x24, 0x28, 0xff, 0x28, 0x28, 0x28, 0xff,
    0x28, 0x24, 0x20, 0xff, 0x28, 0x24, 0x20, 0xff, 0x28, 0x24, 0x28, 0xff,
    0x28, 0x24, 0x28, 0xff, 0x28, 0x24, 0x20, 0xff, 0x28, 0x28, 0x20, 0xff,
    0x28, 0x24, 0x28, 0xff, 0x28, 0x24, 0x20, 0xff, 0x28, 0x24, 0x28, 0xff,
    0x28, 0x24, 0x20, 0xff, 0x28, 0x24, 0x28, 0xff, 0x20, 0x24, 0x20, 0xff,
    0x28, 0x24, 0x28, 0xff, 0x28, 0x24, 0x28, 0xff, 0x28, 0x28, 0x20, 0xff,
    0x20, 0x24, 0x20, 0xff, 0x28, 0x24, 0x20, 0xff, 0x28, 0x24, 0x20, 0xff,
    0x28, 0x24, 0x28, 0xff, 0x20, 0x24, 0x20, 0xff, 0x28, 0x24, 0x28, 0xff,
    0x28, 0x28, 0x28, 0xff, 0x28, 0x24, 0x28, 0xff, 0x20, 0x24, 0x20, 0xff,
    0x28, 0x24, 0x28, 0xff, 0x28, 0x24, 0x20, 0xff, 0x28, 0x24, 0x28, 0xff,
    0x28, 0x24, 0x28, 0xff, 0x28, 0x24, 0x20, 0xff, 0x20, 0x24, 0x20, 0xff,
    0x28, 0x24, 0x28, 0xff, 0x28, 0x28, 0x28, 0xff, 0x20, 0x24, 0x20, 0xff,
    0x28, 0x24, 0x28, 0xff, 0x28, 0x24, 0x28, 0xff, 0x28, 0x28, 0x20, 0xff,
    0x28, 0x24, 0x28, 0xff, 0x28, 0x24, 0x20, 0xff, 0x28, 0x24, 0x20, 0xff,
    0x28, 0x24, 0x28, 0xff, 0x28, 0x24, 0x28, 0xff, 0x28, 0x24, 0x20, 0xff,
    0x28, 0x28, 0x28, 0xff, 0x28, 0x24, 0x28, 0xff, 0x28, 0x24, 0x20, 0xff,
    0x28, 0x28, 0x28, 0xff, 0x28, 0x24, 0x20, 0xff, 0x28, 0x24, 0x28, 0xff,
    0x28, 0x24, 0x28, 0xff, 0x80, 0x80, 0x80, 0xff, 0xf0, 0xf0, 0xf0, 0x41,
    0xf8, 0xfc, 0xf8, 0x00, 0xf8, 0xfc, 0xf8, 0x00, 0xf8, 0xfc, 0xf8, 0x00,
    0xb8, 0xb4, 0xb8, 0xe7, 0x28, 0x28, 0x28, 0xff, 0x30, 0x28, 0x28, 0xff,
    0x28, 0x2c, 0x28, 0xff, 0x30, 0x28, 0x28, 0xff, 0x28, 0x2c, 0x28, 0xff,
    0x28, 0x28, 0x28, 0xff, 0x28, 0x28, 0x28, 0xff, 0x30, 0x28, 0x28, 0xff,
    0x28, 0x28, 0x28, 0xff, 0x28, 0x28, 0x28, 0xff, 0x28, 0x28, 0x28, 0xff,
    0x28, 0x28, 0x28, 0xff, 0x28, 0x28, 0x28, 0xff, 0x28, 0x28, 0x28, 0xff,
    0x30, 0x2c, 0x28, 0xff, 0x28, 0x28, 0x28, 0xff, 0x28, 0x28, 0x28, 0xff,
    0x28, 0x28, 0x28, 0xff, 0x28, 0x28, 0x28, 0xff, 0x28, 0x28, 0x28, 0xff,
    0x28, 0x28, 0x28, 0xff, 0x28, 0x28, 0x28, 0xff, 0x30, 0x28, 0x20, 0xff,
    0x28, 0x28, 0x28, 0xff, 0x28, 0x28, 0x28, 0xff, 0x30, 0x28, 0x28, 0xff,
    0x28, 0x28, 0x28, 0xff, 0x28, 0x28, 0x28, 0xff, 0x28, 0x28, 0x28, 0xff,
    0x28, 0x28, 0x28, 0xff, 0x30, 0x28, 0x28, 0xff, 0x28, 0x28, 0x28, 0xff,
    0x30, 0x28, 0x28, 0xff, 0x28, 0x28, 0x20, 0xff, 0x28, 0x24, 0x28, 0xff,
    0x28, 0x28, 0x28, 0xff, 0x28, 0x28, 0x28, 0xff, 0x30, 0x28, 0x28, 0xff,
    0x28, 0x24, 0x28, 0xff, 0x28, 0x28, 0x20, 0xff, 0x30, 0x28, 0x28, 0xff,
    0x28, 0x28, 0x28, 0xff, 0x28, 0x28, 0x28, 0xff, 0x30, 0x28, 0x28, 0xff,
    0x28, 0x28, 0x20, 0xff, 0x28, 0x28, 0x28, 0xff, 0x30, 0x28, 0x28, 0xff,
    0x28, 0x28, 0x28, 0xff, 0x28, 0x24, 0x20, 0xff, 0x28, 0x24, 0x28, 0xff,
    0x28, 0x24, 0x28, 0xff, 0x28, 0x24, 0x20, 0xff, 0x28, 0x24, 0x20, 0xff,
    0x28, 0x24, 0x28, 0xff, 0x28, 0x28, 0x28, 0xff, 0xd8, 0xd4, 0xd0, 0xff,
    0xd8, 0xd4, 0xd0, 0xff, 0xd8, 0xd4, 0xd0, 0xff, 0xd8, 0xd4, 0xd0, 0xff,
    0xd8, 0xd4, 0xd0, 0xff, 0xd8, 0xd4, 0xd0, 0xff, 0xd8, 0xd4, 0xd0, 0xff,
    0xd8, 0xd4, 0xd0, 0xff, 0x60, 0x60, 0x60, 0xff, 0x28, 0x28, 0x28, 0xff,
    0x28, 0x24, 0x20, 0xff, 0x28, 0x24, 0x28, 0xff, 0x28, 0x28, 0x20, 0xff,
    0x28, 0x24, 0x28, 0xff, 0x28, 0x28, 0x28, 0xff, 0x28, 0x24, 0x20, 0xff,
    0x28, 0x24, 0x20, 0xff, 0x28, 0x24, 0x28, 0xff, 0x28, 0x24, 0x20, 0xff,
    0x28, 0x28, 0x28, 0xff, 0x28, 0x24, 0x20, 0xff, 0x28, 0x24, 0x28, 0xff,
    0x28, 0x24, 0x20, 0xff, 0x28, 0x28, 0x28, 0xff, 0x28, 0x24, 0x20, 0xff,
    0x28, 0x24, 0x28, 0xff, 0x28, 0x28, 0x28, 0xff, 0x28, 0x24, 0x20, 0xff,
    0x28, 0x24, 0x20, 0xff, 0x28, 0x28, 0x28, 0xff, 0x28, 0x24, 0x28, 0xff,
    0x28, 0x28, 0x28, 0xff, 0x28, 0x24, 0x20, 0xff, 0x28, 0x24, 0x20, 0xff,
    0x28, 0x28, 0x28, 0xff, 0x28, 0x24, 0x20, 0xff, 0x28, 0x24, 0x20, 0xff,
    0x28, 0x24, 0x28, 0xff, 0x28, 0x24, 0x28, 0xff, 0x20, 0x28, 0x20, 0xff,
    0x28, 0x24, 0x20, 0xff, 0x28, 0x28, 0x28, 0xff, 0x20, 0x24, 0x20, 0xff,
    0x28, 0x24, 0x20, 0xff, 0x28, 0x28, 0x28, 0xff, 0x28, 0x24, 0x20, 0xff,
    0x28, 0x24, 0x20, 0xff, 0x20, 0x24, 0x28, 0xff, 0x28, 0x24, 0x28, 0xff,
    0x28, 0x24, 0x20, 0xff, 0x20, 0x24, 0x28, 0xff, 0x28, 0x28, 0x28, 0xff,
    0x28, 0x24, 0x20, 0xff, 0x28, 0x24, 0x28, 0xff, 0x28, 0x24, 0x20, 0xff,
    0x20, 0x24, 0x20, 0xff, 0x28, 0x24, 0x28, 0xff, 0x28, 0x24, 0x20, 0xff,
    0x28, 0x28, 0x20, 0xff, 0x28, 0x24, 0x28, 0xff, 0x28, 0x24, 0x20, 0xff,
    0x28, 0x28, 0x28, 0xff, 0x28, 0x24, 0x28, 0xff, 0x28, 0x24, 0x28, 0xff,
    0x28, 0x24, 0x20, 0xff, 0x28, 0x24, 0x20, 0xff, 0x28, 0x24, 0x20, 0xff,
    0x20, 0x24, 0x20, 0xff, 0x28, 0x24, 0x28, 0xff, 0x28, 0x28, 0x20, 0xff,
    0x28, 0x24, 0x28, 0xff, 0x20, 0x24, 0x20, 0xff, 0x28, 0x28, 0x28, 0xff,
    0x28, 0x24, 0x20, 0xff, 0x20, 0x24, 0x20, 0xff, 0x28, 0x24, 0x20, 0xff,
    0x28, 0x24, 0x28, 0xff, 0x20, 0x24, 0x20, 0xff, 0x28, 0x24, 0x20, 0xff,
    0x28, 0x24, 0x20, 0xff, 0x20, 0x24, 0x20, 0xff, 0x28, 0x24, 0x28, 0xff,
    0x80, 0x80, 0x80, 0xff, 0xf0, 0xf4, 0xf0, 0x41, 0xf8, 0xfc, 0xf8, 0x00,
    0xf8, 0xfc, 0xf8, 0x00, 0xf8, 0xfc, 0xf8, 0x00, 0xb8, 0xb4, 0xb0, 0xe7,
    0x28, 0x28, 0x28, 0xff, 0x28, 0x28, 0x28, 0xff, 0x28, 0x28, 0x28, 0xff,
    0x28, 0x28, 0x28, 0xff, 0x30, 0x28, 0x28, 0xff, 0x28, 0x28, 0x28, 0xff,
    0x28, 0x28, 0x28, 0xff, 0x28, 0x28, 0x28, 0xff, 0x28, 0x2c, 0x28, 0xff,
    0x30, 0x28, 0x28, 0xff, 0x30, 0x28, 0x28, 0xff, 0x30, 0x2c, 0x28, 0xff,
    0x28, 0x28, 0x28, 0xff, 0x28, 0x28, 0x28, 0xff, 0x28, 0x28, 0x28, 0xff,
    0x28, 0x28, 0x28, 0xff, 0x28, 0x28, 0x28, 0xff, 0x28, 0x28, 0x28, 0xff,
    0x28, 0x28, 0x20, 0xff, 0x30, 0x28, 0x28, 0xff, 0x28, 0x28, 0x28, 0xff,
    0x28, 0x28, 0x28, 0xff, 0x28, 0x28, 0x28, 0xff, 0x28, 0x28, 0x28, 0xff,
    0x28, 0x28, 0x28, 0xff, 0x28, 0x28, 0x28, 0xff, 0x30, 0x28, 0x28, 0xff,
    0x28, 0x28, 0x28, 0xff, 0x28, 0x28, 0x28, 0xff, 0x28, 0x28, 0x28, 0xff,
    0x28, 0x28, 0x20, 0xff, 0x28, 0x28, 0x28, 0xff, 0x28, 0x28, 0x28, 0xff,
    0x28, 0x28, 0x28, 0xff, 0x28, 0x28, 0x28, 0xff, 0x30, 0x28, 0x28, 0xff,
    0x28, 0x28, 0x20, 0xff, 0x28, 0x28, 0x28, 0xff, 0x28, 0x28, 0x28, 0xff,
    0x28, 0x24, 0x20, 0xff, 0x28, 0x28, 0x28, 0xff, 0x28, 0x24, 0x28, 0xff,
    0x28, 0x24, 0x20, 0xff, 0x28, 0x28, 0x28, 0xff, 0x28, 0x24, 0x28, 0xff,
    0x28, 0x28, 0x20, 0xff, 0x28, 0x28, 0x28, 0xff, 0x28, 0x28, 0x28, 0xff,
    0x28, 0x28, 0x20, 0xff, 0x28, 0x28, 0x28, 0xff, 0x28, 0x28, 0x28, 0xff,
    0x28, 0x28, 0x28, 0xff, 0x28, 0x28, 0x28, 0xff, 0x28, 0x28, 0x28, 0xff,
    0x38, 0x34, 0x30, 0xff, 0xf8, 0xfc, 0xf8, 0xff, 0xf0, 0xf0, 0xf0, 0xff,
    0xd0, 0xd4, 0xd0, 0xff, 0xd0, 0xd4, 0xd8, 0xff, 0xd0, 0xd4, 0xd8, 0xff,
    0xd0, 0xd4, 0xd0, 0xff, 0xd0, 0xd4, 0xd8, 0xff, 0xd8, 0xd4, 0xd0, 0xff,
    0x60, 0x60, 0x60, 0xff, 0x28, 0x28, 0x28, 0xff, 0x28, 0x28, 0x28, 0xff,
    0x28, 0x24, 0x20, 0xff, 0x28, 0x28, 0x28, 0xff, 0x28, 0x24, 0x28, 0xff,
    0x28, 0x28, 0x20, 0xff, 0x28, 0x28, 0x28, 0xff, 0x28, 0x24, 0x20, 0xff,
    0x28, 0x28, 0x28, 0xff, 0x28, 0x28, 0x28, 0xff, 0x28, 0x24, 0x20, 0xff,
    0x28, 0x24, 0x28, 0xff, 0x28, 0x28, 0x28, 0xff, 0x28, 0x28, 0x28, 0xff,
    0x28, 0x24, 0x20, 0xff, 0x28, 0x24, 0x20, 0xff, 0x28, 0x28, 0x28, 0xff,
    0x28, 0x24, 0x20, 0xff, 0x28, 0x24, 0x28, 0xff, 0x28, 0x24, 0x28, 0xff,
    0x28, 0x24, 0x20, 0xff, 0x28, 0x24, 0x20, 0xff, 0x28, 0x24, 0x20, 0xff,
    0x28, 0x24, 0x28, 0xff, 0x28, 0x24, 0x28, 0xff, 0x28, 0x28, 0x20, 0xff,
    0x20, 0x24, 0x28, 0xff, 0x28, 0x24, 0x28, 0xff, 0x28, 0x28, 0x20, 0xff,
    0x20, 0x24, 0x20, 0xff, 0x28, 0x24, 0x28, 0xff, 0x28, 0x24, 0x28, 0xff,
    0x28, 0x24, 0x20, 0xff, 0x28, 0x28, 0x28, 0xff, 0x28, 0x24, 0x28, 0xff,
    0x28, 0x24, 0x20, 0xff, 0x28, 0x24, 0x20, 0xff, 0x28, 0x24, 0x28, 0xff,
    0x28, 0x24, 0x28, 0xff, 0x28, 0x24, 0x20, 0xff, 0x28, 0x24, 0x28, 0xff,
    0x28, 0x24, 0x20, 0xff, 0x28, 0x24, 0x20, 0xff, 0x20, 0x24, 0x20, 0xff,
    0x28, 0x24, 0x20, 0xff, 0x28, 0x24, 0x20, 0xff, 0x28, 0x24, 0x28, 0xff,
    0x28, 0x24, 0x28, 0xff, 0x28, 0x28, 0x20, 0xff, 0x20, 0x24, 0x28, 0xff,
    0x20, 0x24, 0x20, 0xff, 0x28, 0x24, 0x20, 0xff, 0x28, 0x24, 0x28, 0xff,
    0x28, 0x28, 0x20, 0xff, 0x28, 0x24, 0x20, 0xff, 0x20, 0x24, 0x20, 0xff,
    0x28, 0x24, 0x28, 0xff, 0x28, 0x28, 0x28, 0xff, 0x28, 0x24, 0x20, 0xff,
    0x20, 0x24, 0x20, 0xff, 0x28, 0x24, 0x28, 0xff, 0x28, 0x24, 0x20, 0xff,
    0x28, 0x24, 0x28, 0xff, 0x28, 0x24, 0x20, 0xff, 0x28, 0x24, 0x28, 0xff,
    0x28, 0x24, 0x28, 0xff, 0x20, 0x24, 0x20, 0xff, 0x28, 0x24, 0x20, 0xff,
    0x28, 0x24, 0x28, 0xff, 0x28, 0x24, 0x28, 0xff, 0x28, 0x24, 0x28, 0xff,
    0x28, 0x24, 0x20, 0xff, 0x28, 0x24, 0x20, 0xff, 0x80, 0x80, 0x80, 0xff,
    0xf0, 0xf0, 0xf0, 0x41, 0xf8, 0xfc, 0xf8, 0x00, 0xf8, 0xfc, 0xf8, 0x00,
    0xf8, 0xfc, 0xf8, 0x00, 0xb0, 0xb4, 0xb0, 0xe7, 0x28, 0x28, 0x28, 0xff,
    0x28, 0x28, 0x28, 0xff, 0x28, 0x28, 0x28, 0xff, 0x28, 0x2c, 0x28, 0xff,
    0x30, 0x28, 0x28, 0xff, 0x28, 0x28, 0x28, 0xff, 0x28, 0x28, 0x28, 0xff,
    0x30, 0x28, 0x28, 0xff, 0x28, 0x28, 0x28, 0xff, 0x28, 0x28, 0x28, 0xff,
    0x28, 0x28, 0x28, 0xff, 0x28, 0x28, 0x28, 0xff, 0x28, 0x28, 0x28, 0xff,
    0x30, 0x28, 0x28, 0xff, 0x28, 0x28, 0x28, 0xff, 0x30, 0x28, 0x28, 0xff,
    0x30, 0x2c, 0x28, 0xff, 0x28, 0x28, 0x28, 0xff, 0x28, 0x28, 0x28, 0xff,
    0x30, 0x28, 0x28, 0xff, 0x28, 0x28, 0x28, 0xff, 0x28, 0x28, 0x20, 0xff,
    0x28, 0x28, 0x28, 0xff, 0x28, 0x28, 0x28, 0xff, 0x30, 0x28, 0x28, 0xff,
    0x28, 0x28, 0x28, 0xff, 0x28, 0x28, 0x20, 0xff, 0x28, 0x28, 0x20, 0xff,
    0x28, 0x28, 0x28, 0xff, 0x28, 0x28, 0x28, 0xff, 0x28, 0x28, 0x28, 0xff,
    0x30, 0x28, 0x28, 0xff, 0x28, 0x28, 0x20, 0xff, 0x28, 0x28, 0x28, 0xff,
    0x28, 0x28, 0x28, 0xff, 0x28, 0x28, 0x28, 0xff, 0x28, 0x24, 0x20, 0xff,
    0x28, 0x28, 0x28, 0xff, 0x28, 0x28, 0x28, 0xff, 0x28, 0x28, 0x28, 0xff,
    0x28, 0x28, 0x28, 0xff, 0x28, 0x28, 0x20, 0xff, 0x28, 0x28, 0x28, 0xff,
    0x28, 0x28, 0x28, 0xff, 0x28, 0x24, 0x28, 0xff, 0x28, 0x28, 0x20, 0xff,
    0x28, 0x24, 0x28, 0xff, 0x28, 0x28, 0x28, 0xff, 0x30, 0x28, 0x28, 0xff,
    0x28, 0x28, 0x28, 0xff, 0x28, 0x28, 0x20, 0xff, 0x28, 0x28, 0x28, 0xff,
    0x28, 0x24, 0x20, 0xff, 0x28, 0x28, 0x28, 0xff, 0x38, 0x34, 0x30, 0xff,
    0xf8, 0xfc, 0xf8, 0xff, 0xd0, 0xd4, 0xd8, 0xff, 0x28, 0x28, 0x28, 0xff,
    0x28, 0x24, 0x28, 0xff, 0x28, 0x28, 0x28, 0xff, 0x28, 0x28, 0x28, 0xff,
    0x28, 0x24, 0x28, 0xff, 0x28, 0x24, 0x28, 0xff, 0x28, 0x28, 0x20, 0xff,
    0x28, 0x24, 0x28, 0xff, 0x28, 0x24, 0x28, 0xff, 0x28, 0x28, 0x20, 0xff,
    0x28, 0x24, 0x28, 0xff, 0x28, 0x28, 0x28, 0xff, 0x28, 0x24, 0x20, 0xff,
    0x28, 0x24, 0x28, 0xff, 0x28, 0x28, 0x28, 0xff, 0x28, 0x24, 0x28, 0xff,
    0x28, 0x24, 0x20, 0xff, 0x28, 0x28, 0x28, 0xff, 0x28, 0x24, 0x20, 0xff,
    0x28, 0x24, 0x20, 0xff, 0x28, 0x28, 0x28, 0xff, 0x28, 0x28, 0x28, 0xff,
    0x28, 0x24, 0x20, 0xff, 0x28, 0x24, 0x20, 0xff, 0x28, 0x24, 0x28, 0xff,
    0x28, 0x28, 0x20, 0xff, 0x20, 0x24, 0x28, 0xff, 0x28, 0x24, 0x28, 0xff,
    0x28, 0x28, 0x20, 0xff, 0x20, 0x24, 0x28, 0xff, 0x28, 0x24, 0x20, 0xff,
    0x28, 0x28, 0x28, 0xff, 0x20, 0x24, 0x20, 0xff, 0x28, 0x24, 0x28, 0xff,
    0x28, 0x24, 0x28, 0xff, 0x28, 0x24, 0x20, 0xff, 0x28, 0x24, 0x20, 0xff,
    0x28, 0x24, 0x28, 0xff, 0x28, 0x24, 0x20, 0xff, 0x20, 0x24, 0x20, 0xff,
    0x28, 0x24, 0x28, 0xff, 0x28, 0x24, 0x20, 0xff, 0x20, 0x24, 0x20, 0xff,
    0x28, 0x24, 0x28, 0xff, 0x28, 0x28, 0x20, 0xff, 0x28, 0x24, 0x20, 0xff,
    0x20, 0x24, 0x20, 0xff, 0x28, 0x24, 0x20, 0xff, 0x28, 0x28, 0x28, 0xff,
    0x28, 0x24, 0x20, 0xff, 0x28, 0x24, 0x28, 0xff, 0x28, 0x24, 0x28, 0xff,
    0x28, 0x28, 0x20, 0xff, 0x20, 0x24, 0x20, 0xff, 0x28, 0x24, 0x20, 0xff,
    0x28, 0x24, 0x20, 0xff, 0x28, 0x24, 0x28, 0xff, 0x28, 0x24, 0x28, 0xff,
    0x28, 0x28, 0x20, 0xff, 0x20, 0x24, 0x20, 0xff, 0x28, 0x24, 0x28, 0xff,
    0x28, 0x24, 0x20, 0xff, 0x20, 0x24, 0x28, 0xff, 0x28, 0x24, 0x20, 0xff,
    0x28, 0x24, 0x20, 0xff, 0x28, 0x24, 0x28, 0xff, 0x28, 0x24, 0x20, 0xff,
    0x20, 0x24, 0x20, 0xff, 0x28, 0x24, 0x28, 0xff, 0x28, 0x24, 0x20, 0xff,
    0x28, 0x28, 0x20, 0xff, 0x28, 0x24, 0x28, 0xff, 0x28, 0x24, 0x28, 0xff,
    0x28, 0x28, 0x20, 0xff, 0x28, 0x24, 0x28, 0xff, 0x28, 0x24, 0x20, 0xff,
    0x20, 0x24, 0x20, 0xff, 0x28, 0x28, 0x28, 0xff, 0x28, 0x24, 0x28, 0xff,
    0x28, 0x24, 0x20, 0xff, 0x80, 0x80, 0x80, 0xff, 0xf0, 0xf4, 0xf0, 0x41,
    0xf8, 0xfc, 0xf8, 0x00, 0xf8, 0xfc, 0xf8, 0x00, 0xf8, 0xfc, 0xf8, 0x00,
    0xb8, 0xb4, 0xb0, 0xe7, 0x28, 0x28, 0x28, 0xff, 0x30, 0x28, 0x28, 0xff,
    0x30, 0x2c, 0x28, 0xff, 0x28, 0x28, 0x28, 0xff, 0x30, 0x28, 0x28, 0xff,
    0x28, 0x2c, 0x28, 0xff, 0x28, 0x28, 0x28, 0xff, 0x30, 0x28, 0x28, 0xff,
    0x28, 0x2c, 0x28, 0xff, 0x28, 0x28, 0x28, 0xff, 0x30, 0x28, 0x28, 0xff,
    0x28, 0x28, 0x28, 0xff, 0x28, 0x28, 0x28, 0xff, 0x28, 0x28, 0x28, 0xff,
    0x28, 0x28, 0x28, 0xff, 0x28, 0x28, 0x28, 0xff, 0x28, 0x28, 0x28, 0xff,
    0x28, 0x28, 0x28, 0xff, 0x28, 0x28, 0x28, 0xff, 0x28, 0x28, 0x28, 0xff,
    0x30, 0x28, 0x28, 0xff, 0x28, 0x28, 0x20, 0xff, 0x28, 0x28, 0x28, 0xff,
    0x30, 0x28, 0x28, 0xff, 0x28, 0x28, 0x28, 0xff, 0x28, 0x28, 0x28, 0xff,
    0x30, 0x28, 0x28, 0xff, 0x28, 0x28, 0x28, 0xff, 0x30, 0x28, 0x28, 0xff,
    0x28, 0x28, 0x20, 0xff, 0x28, 0x28, 0x28, 0xff, 0x30, 0x28, 0x28, 0xff,
    0x28, 0x24, 0x28, 0xff, 0x28, 0x28, 0x28, 0xff, 0x28, 0x28, 0x28, 0xff,
    0x28, 0x28, 0x20, 0xff, 0x28, 0x28, 0x28, 0xff, 0x30, 0x24, 0x28, 0xff,
    0x28, 0x28, 0x28, 0xff, 0x28, 0x28, 0x28, 0xff, 0x30, 0x28, 0x28, 0xff,
    0x28, 0x24, 0x28, 0xff, 0x28, 0x28, 0x20, 0xff, 0x28, 0x24, 0x28, 0xff,
    0x30, 0x28, 0x28, 0xff, 0x28, 0x28, 0x28, 0xff, 0x28, 0x28, 0x20, 0xff,
    0x28, 0x24, 0x28, 0xff, 0x28, 0x28, 0x28, 0xff, 0x28, 0x24, 0x20, 0xff,
    0x28, 0x28, 0x28, 0xff, 0x28, 0x24, 0x20, 0xff, 0x28, 0x28, 0x28, 0xff,
    0x28, 0x28, 0x28, 0xff, 0x38, 0x34, 0x30, 0xff, 0xf8, 0xfc, 0xf8, 0xff,
    0xd8, 0xd4, 0xd0, 0xff, 0x28, 0x28, 0x28, 0xff, 0x28, 0x24, 0x20, 0xff,
    0x28, 0x24, 0x20, 0xff, 0x28, 0x28, 0x28, 0xff, 0x28, 0x28, 0x28, 0xff,
    0x28, 0x24, 0x20, 0xff, 0x28, 0x28, 0x28, 0xff, 0x28, 0x24, 0x20, 0xff,
    0x28, 0x28, 0x28, 0xff, 0x28, 0x28, 0x20, 0xff, 0x60, 0x60, 0x60, 0xff,
    0xa0, 0x98, 0x98, 0xff, 0xa0, 0x9c, 0x98, 0xff, 0x90, 0x8c, 0x88, 0xff,
    0x38, 0x34, 0x30, 0xff, 0x28, 0x24, 0x28, 0xff, 0x28, 0x28, 0x28, 0xff,
    0x28, 0x24, 0x20, 0xff, 0x28, 0x24, 0x28, 0xff, 0x60, 0x60, 0x60, 0xff,
    0x60, 0x60, 0x60, 0xff, 0x28, 0x24, 0x20, 0xff, 0x60, 0x60, 0x60, 0xff,
    0x98, 0x98, 0x98, 0xff, 0x98, 0x98, 0x98, 0xff, 0x60, 0x60, 0x60, 0xff,
    0x28, 0x24, 0x20, 0xff, 0x28, 0x28, 0x28, 0xff, 0x28, 0x24, 0x28, 0xff,
    0x28, 0x24, 0x20, 0xff, 0x28, 0x28, 0x28, 0xff, 0x28, 0x24, 0x20, 0xff,
    0x28, 0x24, 0x20, 0xff, 0x28, 0x24, 0x20, 0xff, 0x28, 0x28, 0x28, 0xff,
    0x28, 0x24, 0x20, 0xff, 0x28, 0x24, 0x28, 0xff, 0x28, 0x28, 0x28, 0xff,
    0x28, 0x24, 0x20, 0xff, 0x28, 0x24, 0x28, 0xff, 0x28, 0x24, 0x20, 0xff,
    0x20, 0x24, 0x20, 0xff, 0x28, 0x24, 0x28, 0xff, 0x28, 0x24, 0x28, 0xff,
    0x20, 0x24, 0x20, 0xff, 0x28, 0x24, 0x20, 0xff, 0x28, 0x24, 0x28, 0xff,
    0x28, 0x24, 0x28, 0xff, 0x28, 0x24, 0x28, 0xff, 0x28, 0x24, 0x20, 0xff,
    0x20, 0x24, 0x20, 0xff, 0x28, 0x24, 0x28, 0xff, 0x28, 0x24, 0x28, 0xff,
    0x28, 0x24, 0x28, 0xff, 0x20, 0x24, 0x20, 0xff, 0x28, 0x24, 0x28, 0xff,
    0x28, 0x24, 0x20, 0xff, 0x28, 0x28, 0x28, 0xff, 0x28, 0x24, 0x28, 0xff,
    0x28, 0x24, 0x20, 0xff, 0x28, 0x24, 0x28, 0xff, 0x28, 0x24, 0x28, 0xff,
    0x28, 0x24, 0x20, 0xff, 0x28, 0x28, 0x28, 0xff, 0x20, 0x24, 0x20, 0xff,
    0x28, 0x24, 0x28, 0xff, 0x28, 0x24, 0x20, 0xff, 0x28, 0x24, 0x28, 0xff,
    0x28, 0x28, 0x28, 0xff, 0x20, 0x24, 0x20, 0xff, 0x28, 0x24, 0x28, 0xff,
    0x20, 0x24, 0x20, 0xff, 0x28, 0x24, 0x20, 0xff, 0x28, 0x24, 0x28, 0xff,
    0x28, 0x28, 0x28, 0xff, 0x28, 0x24, 0x20, 0xff, 0x28, 0x24, 0x20, 0xff,
    0x20, 0x24, 0x20, 0xff, 0x28, 0x24, 0x20, 0xff, 0x28, 0x24, 0x20, 0xff,
    0x80, 0x80, 0x80, 0xff, 0xf0, 0xf0, 0xf0, 0x41, 0xf8, 0xfc, 0xf8, 0x00,
    0xf8, 0xfc, 0xf8, 0x00, 0xf8, 0xfc, 0xf8, 0x00, 0xb8, 0xb4, 0xb0, 0xe7,
    0x28, 0x28, 0x28, 0xff, 0x28, 0x28, 0x28, 0xff, 0x28, 0x28, 0x28, 0xff,
    0x28, 0x28, 0x28, 0xff, 0x30, 0x28, 0x28, 0xff, 0x28, 0x28, 0x28, 0xff,
    0x28, 0x28, 0x28, 0xff, 0x28, 0x28, 0x28, 0xff, 0x28, 0x28, 0x28, 0xff,
    0x28, 0x28, 0x28, 0xff, 0x30, 0x28, 0x28, 0xff, 0x28, 0x28, 0x28, 0xff,
    0x28, 0x2c, 0x28, 0xff, 0x30, 0x28, 0x28, 0xff, 0x28, 0x28, 0x28, 0xff,
    0x28, 0x28, 0x28, 0xff, 0x30, 0x28, 0x20, 0xff, 0x28, 0x28, 0x28, 0xff,
    0x28, 0x28, 0x28, 0xff, 0x30, 0x28, 0x28, 0xff, 0x28, 0x28, 0x28, 0xff,
    0x28, 0x28, 0x28, 0xff, 0x28, 0x28, 0x28, 0xff, 0x28, 0x28, 0x28, 0xff,
    0x28, 0x28, 0x20, 0xff, 0x28, 0x28, 0x28, 0xff, 0x28, 0x28, 0x28, 0xff,
    0x28, 0x28, 0x28, 0xff, 0x28, 0x28, 0x28, 0xff, 0x30, 0x28, 0x28, 0xff,
    0x28, 0x28, 0x28, 0xff, 0x28, 0x28, 0x28, 0xff, 0x28, 0x28, 0x28, 0xff,
    0x28, 0x28, 0x20, 0xff, 0x30, 0x28, 0x28, 0xff, 0x28, 0x28, 0x28, 0xff,
    0x28, 0x28, 0x28, 0xff, 0x28, 0x28, 0x28, 0xff, 0x28, 0x28, 0x20, 0xff,
    0x28, 0x28, 0x20, 0xff, 0x28, 0x24, 0x28, 0xff, 0x28, 0x28, 0x28, 0xff,
    0x28, 0x28, 0x28, 0xff, 0x28, 0x28, 0x20, 0xff, 0x28, 0x28, 0x28, 0xff,
    0x28, 0x28, 0x28, 0xff, 0x28, 0x24, 0x20, 0xff, 0x28, 0x28, 0x28, 0xff,
    0x28, 0x28, 0x28, 0xff, 0x28, 0x28, 0x28, 0xff, 0x28, 0x24, 0x28, 0xff,
    0x28, 0x24, 0x28, 0xff, 0x28, 0x28, 0x28, 0xff, 0x28, 0x24, 0x28, 0xff,
    0x38, 0x34, 0x30, 0xff, 0xf8, 0xfc, 0xf8, 0xff, 0xd8, 0xd4, 0xd0, 0xff,
    0x28, 0x24, 0x28, 0xff, 0x28, 0x28, 0x28, 0xff, 0x28, 0x28, 0x28, 0xff,
    0x28, 0x24, 0x20, 0xff, 0x28, 0x28, 0x20, 0xff, 0x28, 0x28, 0x28, 0xff,
    0x28, 0x24, 0x28, 0xff, 0x28, 0x28, 0x28, 0xff, 0x38, 0x34, 0x30, 0xff,
    0xc8, 0xc4, 0xc8, 0xff, 0xf8, 0xfc, 0xf8, 0xff, 0xf8, 0xfc, 0xf8, 0xff,
    0xf8, 0xfc, 0xf8, 0xff, 0xf8, 0xfc, 0xf8, 0xff, 0xf0, 0xf0, 0xf0, 0xff,
    0x80, 0x7c, 0x78, 0xff, 0x28, 0x24, 0x20, 0xff, 0x28, 0x28, 0x28, 0xff,
    0x28, 0x28, 0x28, 0xff, 0xd0, 0xd4, 0xd0, 0xff, 0xd0, 0xd4, 0xd0, 0xff,
    0x90, 0x8c, 0x88, 0xff, 0xf8, 0xfc, 0xf8, 0xff, 0xf8, 0xfc, 0xf8, 0xff,
    0xf8, 0xfc, 0xf8, 0xff, 0xf8, 0xfc, 0xf8, 0xff, 0xa8, 0xa8, 0xa8, 0xff,
    0x28, 0x24, 0x20, 0xff, 0x28, 0x24, 0x20, 0xff, 0x28, 0x24, 0x28, 0xff,
    0x28, 0x24, 0x20, 0xff, 0x28, 0x24, 0x28, 0xff, 0x28, 0x24, 0x28, 0xff,
    0x28, 0x28, 0x20, 0xff, 0x20, 0x24, 0x20, 0xff, 0x28, 0x24, 0x28, 0xff,
    0x28, 0x24, 0x20, 0xff, 0x20, 0x24, 0x20, 0xff, 0x28, 0x28, 0x28, 0xff,
    0x28, 0x24, 0x20, 0xff, 0x28, 0x24, 0x28, 0xff, 0x28, 0x24, 0x20, 0xff,
    0x28, 0x24, 0x20, 0xff, 0x28, 0x24, 0x20, 0xff, 0x28, 0x24, 0x28, 0xff,
    0x20, 0x24, 0x20, 0xff, 0x28, 0x24, 0x20, 0xff, 0x28, 0x28, 0x28, 0xff,
    0x28, 0x24, 0x20, 0xff, 0x28, 0x24, 0x28, 0xff, 0x28, 0x28, 0x20, 0xff,
    0x20, 0x24, 0x20, 0xff, 0x28, 0x24, 0x28, 0xff, 0x28, 0x24, 0x20, 0xff,
    0x28, 0x24, 0x20, 0xff, 0x28, 0x28, 0x28, 0xff, 0x28, 0x24, 0x20, 0xff,
    0x28, 0x24, 0x20, 0xff, 0x28, 0x24, 0x28, 0xff, 0x20, 0x24, 0x20, 0xff,
    0x28, 0x24, 0x20, 0xff, 0x28, 0x24, 0x28, 0xff, 0x28, 0x24, 0x20, 0xff,
    0x28, 0x24, 0x28, 0xff, 0x28, 0x24, 0x28, 0xff, 0x28, 0x24, 0x20, 0xff,
    0x28, 0x28, 0x28, 0xff, 0x28, 0x24, 0x20, 0xff, 0x20, 0x24, 0x20, 0xff,
    0x28, 0x24, 0x20, 0xff, 0x28, 0x24, 0x20, 0xff, 0x28, 0x24, 0x20, 0xff,
    0x20, 0x24, 0x20, 0xff, 0x28, 0x24, 0x28, 0xff, 0x28, 0x24, 0x20, 0xff,
    0x28, 0x28, 0x28, 0xff, 0x28, 0x24, 0x28, 0xff, 0x28, 0x24, 0x28, 0xff,
    0x28, 0x24, 0x20, 0xff, 0x28, 0x24, 0x28, 0xff, 0x80, 0x80, 0x80, 0xff,
    0xf0, 0xf4, 0xf0, 0x41, 0xf8, 0xfc, 0xf8, 0x00, 0xf8, 0xfc, 0xf8, 0x00,
    0xf8, 0xfc, 0xf8, 0x00, 0xb0, 0xb4, 0xb0, 0xe7, 0x28, 0x28, 0x28, 0xff,
    0x28, 0x28, 0x28, 0xff, 0x28, 0x28, 0x28, 0xff, 0x30, 0x2c, 0x28, 0xff,
    0x28, 0x28, 0x28, 0xff, 0x28, 0x28, 0x28, 0xff, 0x30, 0x2c, 0x28, 0xff,
    0x28, 0x28, 0x28, 0xff, 0x28, 0x28, 0x28, 0xff, 0x30, 0x28, 0x28, 0xff,
    0x28, 0x2c, 0x28, 0xff, 0x28, 0x28, 0x28, 0xff, 0x28, 0x28, 0x28, 0xff,
    0x30, 0x28, 0x28, 0xff, 0x28, 0x28, 0x28, 0xff, 0x28, 0x28, 0x28, 0xff,
    0x30, 0x28, 0x28, 0xff, 0x28, 0x28, 0x28, 0xff, 0x28, 0x28, 0x20, 0xff,
    0x28, 0x28, 0x28, 0xff, 0x28, 0x28, 0x28, 0xff, 0x28, 0x28, 0x28, 0xff,
    0x28, 0x28, 0x28, 0xff, 0x28, 0x28, 0x28, 0xff, 0x28, 0x28, 0x28, 0xff,
    0x28, 0x28, 0x20, 0xff, 0x28, 0x28, 0x28, 0xff, 0x28, 0x28, 0x28, 0xff,
    0x28, 0x28, 0x20, 0xff, 0x28, 0x28, 0x28, 0xff, 0x28, 0x28, 0x28, 0xff,
    0x28, 0x28, 0x20, 0xff, 0x28, 0x28, 0x28, 0xff, 0x28, 0x24, 0x28, 0xff,
    0x28, 0x28, 0x28, 0xff, 0x28, 0x28, 0x28, 0xff, 0x28, 0x28, 0x28, 0xff,
    0x28, 0x28, 0x28, 0xff, 0x28, 0x28, 0x28, 0xff, 0x28, 0x28, 0x28, 0xff,
    0x28, 0x28, 0x20, 0xff, 0x28, 0x28, 0x28, 0xff, 0x28, 0x28, 0x28, 0xff,
    0x28, 0x24, 0x28, 0xff, 0x28, 0x28, 0x20, 0xff, 0x28, 0x28, 0x28, 0xff,
    0x28, 0x24, 0x28, 0xff, 0x28, 0x28, 0x28, 0xff, 0x30, 0x28, 0x20, 0xff,
    0x28, 0x28, 0x28, 0xff, 0x28, 0x24, 0x20, 0xff, 0x28, 0x28, 0x20, 0xff,
    0x28, 0x28, 0x28, 0xff, 0x28, 0x24, 0x28, 0xff, 0x38, 0x34, 0x30, 0xff,
    0xf8, 0xfc, 0xf8, 0xff, 0xd0, 0xd4, 0xd8, 0xff, 0x28, 0x28, 0x28, 0xff,
    0x28, 0x24, 0x20, 0xff, 0x28, 0x28, 0x28, 0xff, 0x28, 0x24, 0x28, 0xff,
    0x28, 0x24, 0x28, 0xff, 0x28, 0x28, 0x20, 0xff, 0x28, 0x24, 0x28, 0xff,
    0x28, 0x24, 0x20, 0xff, 0xb8, 0xb8, 0xb8, 0xff, 0xf8, 0xfc, 0xf8, 0xff,
    0xa8, 0xa8, 0xa8, 0xff, 0x48, 0x44, 0x40, 0xff, 0x38, 0x34, 0x38, 0xff,
    0x60, 0x60, 0x60, 0xff, 0xf0, 0xf0, 0xf0, 0xff, 0xf0, 0xf0, 0xf0, 0xff,
    0x28, 0x24, 0x20, 0xff, 0x28, 0x24, 0x28, 0xff, 0x28, 0x24, 0x20, 0xff,
    0xd0, 0xd4, 0xd0, 0xff, 0xe0, 0xe0, 0xe0, 0xff, 0xd8, 0xd4, 0xd8, 0xff,
    0x60, 0x60, 0x60, 0xff, 0x38, 0x34, 0x38, 0xff, 0x70, 0x70, 0x70, 0xff,
    0xd0, 0xd4, 0xd0, 0xff, 0xf8, 0xfc, 0xf8, 0xff, 0x60, 0x60, 0x60, 0xff,
    0x28, 0x28, 0x28, 0xff, 0x28, 0x24, 0x20, 0xff, 0x20, 0x24, 0x20, 0xff,
    0x28, 0x28, 0x28, 0xff, 0x28, 0x24, 0x28, 0xff, 0x28, 0x24, 0x20, 0xff,
    0x28, 0x24, 0x28, 0xff, 0x28, 0x28, 0x28, 0xff, 0x20, 0x24, 0x20, 0xff,
    0x28, 0x24, 0x20, 0xff, 0x28, 0x24, 0x28, 0xff, 0x20, 0x24, 0x20, 0xff,
    0x28, 0x24, 0x20, 0xff, 0x28, 0x24, 0x28, 0xff, 0x20, 0x24, 0x20, 0xff,
    0x28, 0x28, 0x28, 0xff, 0x28, 0x24, 0x28, 0xff, 0x28, 0x24, 0x28, 0xff,
    0x20, 0x24, 0x20, 0xff, 0x28, 0x24, 0x20, 0xff, 0x20, 0x24, 0x20, 0xff,
    0x28, 0x24, 0x28, 0xff, 0x28, 0x24, 0x28, 0xff, 0x28, 0x24, 0x20, 0xff,
    0x28, 0x28, 0x28, 0xff, 0x28, 0x24, 0x20, 0xff, 0x20, 0x24, 0x20, 0xff,
    0x28, 0x24, 0x28, 0xff, 0x28, 0x24, 0x20, 0xff, 0x28, 0x24, 0x28, 0xff,
    0x28, 0x28, 0x20, 0xff, 0x28, 0x24, 0x28, 0xff, 0x28, 0x24, 0x20, 0xff,
    0x20, 0x24, 0x20, 0xff, 0x28, 0x28, 0x28, 0xff, 0x28, 0x24, 0x20, 0xff,
    0x28, 0x24, 0x20, 0xff, 0x28, 0x24, 0x28, 0xff, 0x28, 0x24, 0x28, 0xff,
    0x20, 0x24, 0x20, 0xff, 0x28, 0x24, 0x20, 0xff, 0x28, 0x24, 0x28, 0xff,
    0x28, 0x24, 0x28, 0xff, 0x28, 0x28, 0x28, 0xff, 0x28, 0x24, 0x20, 0xff,
    0x20, 0x24, 0x20, 0xff, 0x28, 0x24, 0x20, 0xff, 0x20, 0x24, 0x20, 0xff,
    0x28, 0x24, 0x28, 0xff, 0x28, 0x24, 0x20, 0xff, 0x20, 0x24, 0x20, 0xff,
    0x28, 0x24, 0x28, 0xff, 0x80, 0x80, 0x80, 0xff, 0xf0, 0xf4, 0xf0, 0x41,
    0xf8, 0xfc, 0xf8, 0x00, 0xf8, 0xfc, 0xf8, 0x00, 0xf8, 0xfc, 0xf8, 0x00,
    0xb8, 0xb4, 0xb0, 0xe7, 0x30, 0x28, 0x28, 0xff, 0x28, 0x28, 0x28, 0xff,
    0x28, 0x28, 0x28, 0xff, 0x28, 0x28, 0x28, 0xff, 0x28, 0x28, 0x28, 0xff,
    0x28, 0x28, 0x28, 0xff, 0x30, 0x28, 0x28, 0xff, 0x28, 0x2c, 0x28, 0xff,
    0x28, 0x28, 0x28, 0xff, 0x28, 0x28, 0x28, 0xff, 0x28, 0x28, 0x28, 0xff,
    0x28, 0x28, 0x28, 0xff, 0x30, 0x28, 0x28, 0xff, 0x28, 0x28, 0x28, 0xff,
    0x28, 0x28, 0x28, 0xff, 0x28, 0x28, 0x20, 0xff, 0x28, 0x28, 0x28, 0xff,
    0x30, 0x28, 0x28, 0xff, 0x28, 0x28, 0x28, 0xff, 0x28, 0x28, 0x28, 0xff,
    0x30, 0x28, 0x28, 0xff, 0x28, 0x28, 0x20, 0xff, 0x30, 0x28, 0x28, 0xff,
    0x28, 0x28, 0x28, 0xff, 0x28, 0x28, 0x28, 0xff, 0x30, 0x28, 0x28, 0xff,
    0x28, 0x28, 0x28, 0xff, 0x28, 0x28, 0x28, 0xff, 0x30, 0x28, 0x28, 0xff,
    0x28, 0x24, 0x28, 0xff, 0x28, 0x28, 0x28, 0xff, 0x28, 0x28, 0x28, 0xff,
    0x28, 0x28, 0x20, 0xff, 0x28, 0x28, 0x28, 0xff, 0x28, 0x24, 0x28, 0xff,
    0x28, 0x28, 0x28, 0xff, 0x30, 0x28, 0x20, 0xff, 0x28, 0x24, 0x28, 0xff,
    0x28, 0x24, 0x28, 0xff, 0x30, 0x28, 0x28, 0xff, 0x28, 0x24, 0x28, 0xff,
    0x28, 0x28, 0x20, 0xff, 0x28, 0x28, 0x28, 0xff, 0x30, 0x24, 0x28, 0xff,
    0x28, 0x28, 0x28, 0xff, 0x28, 0x24, 0x20, 0xff, 0x28, 0x28, 0x28, 0xff,
    0x28, 0x24, 0x20, 0xff, 0x28, 0x28, 0x28, 0xff, 0x28, 0x24, 0x28, 0xff,
    0x28, 0x24, 0x20, 0xff, 0x28, 0x28, 0x28, 0xff, 0x28, 0x28, 0x28, 0xff,
    0x28, 0x24, 0x20, 0xff, 0x38, 0x34, 0x38, 0xff, 0xf8, 0xfc, 0xf8, 0xff,
    0xe0, 0xe4, 0xe0, 0xff, 0x98, 0x98, 0x98, 0xff, 0xa0, 0x9c, 0x98, 0xff,
    0x98, 0x98, 0x98, 0xff, 0x98, 0x9c, 0x98, 0xff, 0xa0, 0x9c, 0x98, 0xff,
    0x90, 0x8c, 0x88, 0xff, 0x28, 0x24, 0x28, 0xff, 0x28, 0x28, 0x28, 0xff,
    0x38, 0x34, 0x30, 0xff, 0x80, 0x7c, 0x78, 0xff, 0x28, 0x24, 0x28, 0xff,
    0x28, 0x24, 0x28, 0xff, 0x28, 0x28, 0x20, 0xff, 0x28, 0x24, 0x20, 0xff,
    0x98, 0x98, 0x98, 0xff, 0xf8, 0xfc, 0xf8, 0xff, 0x60, 0x60, 0x60, 0xff,
    0x28, 0x28, 0x28, 0xff, 0x28, 0x24, 0x28, 0xff, 0xd8, 0xd4, 0xd0, 0xff,
    0xf8, 0xfc, 0xf8, 0xff, 0x50, 0x50, 0x50, 0xff, 0x28, 0x24, 0x20, 0xff,
    0x28, 0x24, 0x20, 0xff, 0x28, 0x24, 0x28, 0xff, 0x80, 0x7c, 0x78, 0xff,
    0xf8, 0xfc, 0xf8, 0xff, 0x98, 0x98, 0x98, 0xff, 0x28, 0x24, 0x28, 0xff,
    0x28, 0x28, 0x20, 0xff, 0x20, 0x24, 0x20, 0xff, 0x28, 0x24, 0x28, 0xff,
    0x28, 0x24, 0x20, 0xff, 0x28, 0x24, 0x20, 0xff, 0x28, 0x24, 0x28, 0xff,
    0x28, 0x24, 0x20, 0xff, 0x28, 0x24, 0x28, 0xff, 0x28, 0x24, 0x20, 0xff,
    0x28, 0x24, 0x28, 0xff, 0x20, 0x24, 0x20, 0xff, 0x28, 0x28, 0x28, 0xff,
    0x28, 0x24, 0x28, 0xff, 0x28, 0x24, 0x20, 0xff, 0x28, 0x24, 0x20, 0xff,
    0x28, 0x24, 0x20, 0xff, 0x28, 0x28, 0x28, 0xff, 0x28, 0x24, 0x20, 0xff,
    0x28, 0x24, 0x20, 0xff, 0x28, 0x24, 0x28, 0xff, 0x28, 0x28, 0x20, 0xff,
    0x28, 0x24, 0x28, 0xff, 0x20, 0x24, 0x20, 0xff, 0x28, 0x24, 0x20, 0xff,
    0x28, 0x24, 0x28, 0xff, 0x20, 0x24, 0x20, 0xff, 0x28, 0x24, 0x20, 0xff,
    0x20, 0x24, 0x28, 0xff, 0x20, 0x24, 0x20, 0xff, 0x28, 0x24, 0x20, 0xff,
    0x28, 0x24, 0x28, 0xff, 0x28, 0x28, 0x28, 0xff, 0x28, 0x24, 0x20, 0xff,
    0x20, 0x24, 0x20, 0xff, 0x28, 0x28, 0x28, 0xff, 0x28, 0x24, 0x20, 0xff,
    0x28, 0x28, 0x20, 0xff, 0x20, 0x24, 0x20, 0xff, 0x28, 0x24, 0x28, 0xff,
    0x28, 0x24, 0x28, 0xff, 0x28, 0x24, 0x20, 0xff, 0x28, 0x24, 0x28, 0xff,
    0x20, 0x24, 0x20, 0xff, 0x28, 0x24, 0x28, 0xff, 0x28, 0x24, 0x20, 0xff,
    0x28, 0x24, 0x28, 0xff, 0x28, 0x24, 0x28, 0xff, 0x28, 0x28, 0x20, 0xff,
    0x28, 0x24, 0x20, 0xff, 0x20, 0x24, 0x20, 0xff, 0x28, 0x24, 0x28, 0xff,
    0x80, 0x80, 0x80, 0xff, 0xf0, 0xf0, 0xf0, 0x41, 0xf8, 0xfc, 0xf8, 0x00,
    0xf8, 0xfc, 0xf8, 0x00, 0xf8, 0xfc, 0xf8, 0x00, 0xb0, 0xb4, 0xb0, 0xe7,
    0x28, 0x28, 0x28, 0xff, 0x28, 0x28, 0x28, 0xff, 0x30, 0x28, 0x28, 0xff,
    0x30, 0x28, 0x28, 0xff, 0x28, 0x28, 0x28, 0xff, 0x28, 0x28, 0x28, 0xff,
    0x28, 0x28, 0x28, 0xff, 0x30, 0x28, 0x28, 0xff, 0x28, 0x28, 0x28, 0xff,
    0x30, 0x28, 0x28, 0xff, 0x28, 0x28, 0x28, 0xff, 0x28, 0x28, 0x28, 0xff,
    0x28, 0x28, 0x28, 0xff, 0x28, 0x28, 0x28, 0xff, 0x30, 0x28, 0x28, 0xff,
    0x28, 0x28, 0x28, 0xff, 0x28, 0x28, 0x28, 0xff, 0x28, 0x28, 0x28, 0xff,
    0x28, 0x28, 0x28, 0xff, 0x28, 0x28, 0x20, 0xff, 0x28, 0x28, 0x28, 0xff,
    0x28, 0x28, 0x28, 0xff, 0x28, 0x28, 0x28, 0xff, 0x28, 0x28, 0x20, 0xff,
    0x30, 0x28, 0x28, 0xff, 0x28, 0x28, 0x28, 0xff, 0x28, 0x28, 0x28, 0xff,
    0x28, 0x28, 0x28, 0xff, 0x28, 0x28, 0x28, 0xff, 0x28, 0x28, 0x20, 0xff,
    0x28, 0x28, 0x28, 0xff, 0x30, 0x24, 0x28, 0xff, 0x28, 0x28, 0x28, 0xff,
    0x28, 0x28, 0x20, 0xff, 0x30, 0x28, 0x28, 0xff, 0x28, 0x28, 0x20, 0xff,
    0x28, 0x28, 0x28, 0xff, 0x28, 0x28, 0x28, 0xff, 0x28, 0x28, 0x20, 0xff,
    0x28, 0x28, 0x28, 0xff, 0x28, 0x24, 0x20, 0xff, 0x28, 0x28, 0x28, 0xff,
    0x28, 0x28, 0x28, 0xff, 0x28, 0x24, 0x20, 0xff, 0x28, 0x24, 0x28, 0xff,
    0x28, 0x28, 0x28, 0xff, 0x28, 0x24, 0x20, 0xff, 0x28, 0x28, 0x28, 0xff,
    0x28, 0x24, 0x28, 0xff, 0x28, 0x28, 0x20, 0xff, 0x28, 0x24, 0x28, 0xff,
    0x28, 0x24, 0x28, 0xff, 0x28, 0x28, 0x20, 0xff, 0x28, 0x28, 0x28, 0xff,
    0x38, 0x34, 0x30, 0xff, 0xf8, 0xfc, 0xf8, 0xff, 0xf8, 0xfc, 0xf8, 0xff,
    0xf8, 0xfc, 0xf8, 0xff, 0xf8, 0xfc, 0xf8, 0xff, 0xf8, 0xfc, 0xf8, 0xff,
    0xf8, 0xfc, 0xf8, 0xff, 0xf8, 0xfc, 0xf8, 0xff, 0xd0, 0xd4, 0xd0, 0xff,
    0x28, 0x24, 0x28, 0xff, 0x28, 0x28, 0x28, 0xff, 0x28, 0x24, 0x20, 0xff,
    0x28, 0x28, 0x28, 0xff, 0x28, 0x28, 0x28, 0xff, 0x30, 0x34, 0x30, 0xff,
    0x40, 0x40, 0x40, 0xff, 0x70, 0x70, 0x70, 0xff, 0xb8, 0xb8, 0xb8, 0xff,
    0xf8, 0xfc, 0xf8, 0xff, 0x70, 0x70, 0x70, 0xff, 0x28, 0x24, 0x20, 0xff,
    0x28, 0x28, 0x28, 0xff, 0xd0, 0xd4, 0xd0, 0xff, 0xf8, 0xfc, 0xf8, 0xff,
    0x38, 0x34, 0x38, 0xff, 0x28, 0x24, 0x20, 0xff, 0x28, 0x24, 0x28, 0xff,
    0x28, 0x24, 0x28, 0xff, 0x70, 0x70, 0x70, 0xff, 0xf8, 0xfc, 0xf8, 0xff,
    0x98, 0x98, 0x98, 0xff, 0x28, 0x24, 0x28, 0xff, 0x28, 0x24, 0x28, 0xff,
    0x28, 0x24, 0x20, 0xff, 0x28, 0x28, 0x28, 0xff, 0x28, 0x24, 0x28, 0xff,
    0x20, 0x28, 0x20, 0xff, 0x28, 0x28, 0x28, 0xff, 0x28, 0x24, 0x20, 0xff,
    0x20, 0x24, 0x20, 0xff, 0x28, 0x24, 0x28, 0xff, 0x28, 0x24, 0x20, 0xff,
    0x28, 0x24, 0x20, 0xff, 0x28, 0x24, 0x20, 0xff, 0x20, 0x24, 0x20, 0xff,
    0x28, 0x24, 0x28, 0xff, 0x28, 0x28, 0x28, 0xff, 0x28, 0x24, 0x20, 0xff,
    0x28, 0x24, 0x28, 0xff, 0x28, 0x24, 0x28, 0xff, 0x20, 0x24, 0x20, 0xff,
    0x28, 0x24, 0x28, 0xff, 0x28, 0x24, 0x20, 0xff, 0x20, 0x24, 0x20, 0xff,
    0x28, 0x24, 0x20, 0xff, 0x28, 0x24, 0x28, 0xff, 0x28, 0x24, 0x28, 0xff,
    0x28, 0x28, 0x28, 0xff, 0x28, 0x24, 0x20, 0xff, 0x28, 0x24, 0x20, 0xff,
    0x28, 0x24, 0x28, 0xff, 0x28, 0x24, 0x28, 0xff, 0x20, 0x24, 0x20, 0xff,
    0x28, 0x24, 0x20, 0xff, 0x28, 0x24, 0x28, 0xff, 0x28, 0x24, 0x20, 0xff,
    0x28, 0x24, 0x28, 0xff, 0x20, 0x24, 0x28, 0xff, 0x28, 0x24, 0x20, 0xff,
    0x28, 0x24, 0x28, 0xff, 0x28, 0x24, 0x20, 0xff, 0x28, 0x28, 0x28, 0xff,
    0x20, 0x24, 0x20, 0xff, 0x28, 0x24, 0x20, 0xff, 0x28, 0x24, 0x28, 0xff,
    0x28, 0x24, 0x20, 0xff, 0x28, 0x24, 0x20, 0xff, 0x20, 0x24, 0x28, 0xff,
    0x28, 0x24, 0x20, 0xff, 0x28, 0x24, 0x28, 0xff, 0x28, 0x24, 0x20, 0xff,
    0x28, 0x24, 0x28, 0xff, 0x28, 0x24, 0x20, 0xff, 0x80, 0x80, 0x80, 0xff,
    0xf0, 0xf0, 0xf0, 0x41, 0xf8, 0xfc, 0xf8, 0x00, 0xf8, 0xfc, 0xf8, 0x00,
    0xf8, 0xfc, 0xf8, 0x00, 0xb8, 0xb4, 0xb0, 0xe7, 0x28, 0x28, 0x28, 0xff,
    0x28, 0x28, 0x28, 0xff, 0x30, 0x2c, 0x28, 0xff, 0x28, 0x28, 0x28, 0xff,
    0x28, 0x28, 0x28, 0xff, 0x30, 0x28, 0x28, 0xff, 0x28, 0x28, 0x28, 0xff,
    0x28, 0x28, 0x28, 0xff, 0x28, 0x28, 0x28, 0xff, 0x30, 0x28, 0x28, 0xff,
    0x28, 0x28, 0x28, 0xff, 0x28, 0x28, 0x28, 0xff, 0x30, 0x28, 0x28, 0xff,
    0x28, 0x28, 0x20, 0xff, 0x28, 0x28, 0x28, 0xff, 0x30, 0x28, 0x28, 0xff,
    0x28, 0x28, 0x28, 0xff, 0x28, 0x28, 0x28, 0xff, 0x28, 0x28, 0x20, 0xff,
    0x30, 0x28, 0x28, 0xff, 0x28, 0x28, 0x28, 0xff, 0x28, 0x28, 0x28, 0xff,
    0x28, 0x28, 0x28, 0xff, 0x28, 0x28, 0x28, 0xff, 0x28, 0x28, 0x20, 0xff,
    0x28, 0x28, 0x28, 0xff, 0x28, 0x28, 0x20, 0xff, 0x30, 0x28, 0x28, 0xff,
    0x28, 0x28, 0x28, 0xff, 0x28, 0x28, 0x20, 0xff, 0x28, 0x28, 0x28, 0xff,
    0x30, 0x28, 0x28, 0xff, 0x28, 0x28, 0x28, 0xff, 0x28, 0x24, 0x28, 0xff,
    0x28, 0x28, 0x28, 0xff, 0x28, 0x28, 0x28, 0xff, 0x28, 0x24, 0x28, 0xff,
    0x28, 0x28, 0x20, 0xff, 0x28, 0x28, 0x28, 0xff, 0x28, 0x28, 0x28, 0xff,
    0x28, 0x28, 0x28, 0xff, 0x28, 0x24, 0x20, 0xff, 0x28, 0x28, 0x28, 0xff,
    0x28, 0x28, 0x28, 0xff, 0x28, 0x28, 0x28, 0xff, 0x28, 0x28, 0x28, 0xff,
    0x28, 0x28, 0x20, 0xff, 0x28, 0x28, 0x28, 0xff, 0x28, 0x28, 0x28, 0xff,
    0x28, 0x28, 0x20, 0xff, 0x28, 0x24, 0x28, 0xff, 0x28, 0x28, 0x28, 0xff,
    0x28, 0x24, 0x20, 0xff, 0x28, 0x24, 0x28, 0xff, 0x38, 0x34, 0x38, 0xff,
    0xf8, 0xfc, 0xf8, 0xff, 0xd8, 0xd4, 0xd0, 0xff, 0x38, 0x34, 0x38, 0xff,
    0x38, 0x34, 0x30, 0xff, 0x38, 0x34, 0x38, 0xff, 0x38, 0x34, 0x38, 0xff,
    0x38, 0x34, 0x30, 0xff, 0x28, 0x24, 0x28, 0xff, 0x28, 0x28, 0x28, 0xff,
    0x28, 0x24, 0x20, 0xff, 0x28, 0x24, 0x28, 0xff, 0x88, 0x8c, 0x88, 0xff,
    0xd0, 0xd4, 0xd0, 0xff, 0xf8, 0xfc, 0xf8, 0xff, 0xf8, 0xfc, 0xf8, 0xff,
    0xf8, 0xfc, 0xf8, 0xff, 0xf8, 0xfc, 0xf8, 0xff, 0xf8, 0xfc, 0xf8, 0xff,
    0x70, 0x6c, 0x70, 0xff, 0x28, 0x24, 0x20, 0xff, 0x28, 0x24, 0x20, 0xff,
    0xd0, 0xd4, 0xd8, 0xff, 0xf8, 0xfc, 0xf8, 0xff, 0x38, 0x34, 0x30, 0xff,
    0x28, 0x24, 0x28, 0xff, 0x28, 0x28, 0x28, 0xff, 0x28, 0x24, 0x20, 0xff,
    0x70, 0x70, 0x70, 0xff, 0xf8, 0xfc, 0xf8, 0xff, 0x98, 0x98, 0x98, 0xff,
    0x28, 0x24, 0x20, 0xff, 0x28, 0x24, 0x28, 0xff, 0x28, 0x28, 0x20, 0xff,
    0x28, 0x24, 0x20, 0xff, 0x28, 0x24, 0x28, 0xff, 0x28, 0x24, 0x28, 0xff,
    0x28, 0x24, 0x20, 0xff, 0x28, 0x24, 0x28, 0xff, 0x28, 0x28, 0x28, 0xff,
    0x28, 0x24, 0x20, 0xff, 0x20, 0x24, 0x28, 0xff, 0x28, 0x24, 0x28, 0xff,
    0x28, 0x24, 0x20, 0xff, 0x28, 0x24, 0x28, 0xff, 0x28, 0x28, 0x28, 0xff,
    0x20, 0x24, 0x20, 0xff, 0x20, 0x24, 0x20, 0xff, 0x28, 0x24, 0x20, 0xff,
    0x28, 0x24, 0x20, 0xff, 0x20, 0x24, 0x28, 0xff, 0x28, 0x24, 0x28, 0xff,
    0x28, 0x24, 0x20, 0xff, 0x28, 0x24, 0x20, 0xff, 0x28, 0x24, 0x28, 0xff,
    0x28, 0x24, 0x20, 0xff, 0x20, 0x24, 0x20, 0xff, 0x28, 0x24, 0x28, 0xff,
    0x28, 0x24, 0x28, 0xff, 0x28, 0x24, 0x20, 0xff, 0x28, 0x24, 0x20, 0xff,
    0x28, 0x28, 0x28, 0xff, 0x28, 0x24, 0x20, 0xff, 0x20, 0x24, 0x20, 0xff,
    0x28, 0x24, 0x28, 0xff, 0x28, 0x24, 0x20, 0xff, 0x28, 0x24, 0x20, 0xff,
    0x28, 0x24, 0x28, 0xff, 0x28, 0x24, 0x20, 0xff, 0x28, 0x24, 0x20, 0xff,
    0x28, 0x24, 0x28, 0xff, 0x28, 0x24, 0x20, 0xff, 0x28, 0x24, 0x20, 0xff,
    0x28, 0x28, 0x28, 0xff, 0x28, 0x24, 0x28, 0xff, 0x20, 0x24, 0x20, 0xff,
    0x28, 0x24, 0x28, 0xff, 0x28, 0x24, 0x20, 0xff, 0x28, 0x24, 0x20, 0xff,
    0x28, 0x24, 0x28, 0xff, 0x20, 0x24, 0x20, 0xff, 0x28, 0x24, 0x20, 0xff,
    0x28, 0x24, 0x20, 0xff, 0x80, 0x80, 0x80, 0xff, 0xf0, 0xf4, 0xf0, 0x41,
    0xf8, 0xfc, 0xf8, 0x00, 0xf8, 0xfc, 0xf8, 0x00, 0xf8, 0xfc, 0xf8, 0x00,
    0xb8, 0xb4, 0xb0, 0xe7, 0x28, 0x28, 0x28, 0xff, 0x28, 0x28, 0x28, 0xff,
    0x28, 0x28, 0x28, 0xff, 0x28, 0x28, 0x28, 0xff, 0x28, 0x28, 0x28, 0xff,
    0x28, 0x28, 0x28, 0xff, 0x30, 0x28, 0x28, 0xff, 0x28, 0x28, 0x28, 0xff,
    0x28, 0x28, 0x28, 0xff, 0x28, 0x2c, 0x28, 0xff, 0x28, 0x28, 0x28, 0xff,
    0x30, 0x28, 0x28, 0xff, 0x28, 0x28, 0x28, 0xff, 0x28, 0x28, 0x28, 0xff,
    0x28, 0x28, 0x28, 0xff, 0x28, 0x28, 0x28, 0xff, 0x30, 0x28, 0x28, 0xff,
    0x28, 0x28, 0x20, 0xff, 0x28, 0x28, 0x28, 0xff, 0x28, 0x28, 0x28, 0xff,
    0x30, 0x28, 0x28, 0xff, 0x28, 0x28, 0x20, 0xff, 0x30, 0x28, 0x28, 0xff,
    0x28, 0x28, 0x28, 0xff, 0x28, 0x28, 0x28, 0xff, 0x28, 0x24, 0x28, 0xff,
    0x28, 0x28, 0x28, 0xff, 0x28, 0x28, 0x20, 0xff, 0x28, 0x28, 0x28, 0xff,
    0x30, 0x28, 0x28, 0xff, 0x28, 0x24, 0x28, 0xff, 0x28, 0x28, 0x20, 0xff,
    0x28, 0x28, 0x28, 0xff, 0x28, 0x28, 0x28, 0xff, 0x28, 0x24, 0x20, 0xff,
    0x28, 0x28, 0x28, 0xff, 0x28, 0x28, 0x28, 0xff, 0x30, 0x24, 0x28, 0xff,
    0x28, 0x28, 0x28, 0xff, 0x28, 0x24, 0x28, 0xff, 0x30, 0x28, 0x28, 0xff,
    0x28, 0x28, 0x28, 0xff, 0x28, 0x28, 0x20, 0xff, 0x28, 0x24, 0x20, 0xff,
    0x30, 0x28, 0x28, 0xff, 0x28, 0x24, 0x20, 0xff, 0x28, 0x28, 0x28, 0xff,
    0x28, 0x24, 0x28, 0xff, 0x30, 0x28, 0x28, 0xff, 0x28, 0x28, 0x28, 0xff,
    0x28, 0x28, 0x28, 0xff, 0x28, 0x24, 0x20, 0xff, 0x28, 0x28, 0x28, 0xff,
    0x28, 0x28, 0x28, 0xff, 0x38, 0x34, 0x30, 0xff, 0xf8, 0xfc, 0xf8, 0xff,
    0xd0, 0xd4, 0xd0, 0xff, 0x28, 0x24, 0x28, 0xff, 0x28, 0x28, 0x28, 0xff,
    0x28, 0x24, 0x20, 0xff, 0x28, 0x24, 0x28, 0xff, 0x28, 0x28, 0x28, 0xff,
    0x28, 0x28, 0x20, 0xff, 0x28, 0x24, 0x28, 0xff, 0x28, 0x24, 0x20, 0xff,
    0xc8, 0xc4, 0xc8, 0xff, 0xf8, 0xfc, 0xf8, 0xff, 0xc8, 0xc4, 0xc8, 0xff,
    0x98, 0x98, 0x98, 0xff, 0x70, 0x70, 0x70, 0xff, 0x60, 0x60, 0x60, 0xff,
    0x98, 0x98, 0x98, 0xff, 0xf8, 0xfc, 0xf8, 0xff, 0x70, 0x70, 0x70, 0xff,
    0x28, 0x24, 0x20, 0xff, 0x28, 0x24, 0x28, 0xff, 0xd0, 0xd4, 0xd0, 0xff,
    0xf8, 0xfc, 0xf8, 0xff, 0x38, 0x34, 0x30, 0xff, 0x28, 0x24, 0x20, 0xff,
    0x20, 0x24, 0x20, 0xff, 0x28, 0x24, 0x20, 0xff, 0x70, 0x70, 0x70, 0xff,
    0xf8, 0xfc, 0xf8, 0xff, 0x98, 0x98, 0x98, 0xff, 0x28, 0x24, 0x20, 0xff,
    0x20, 0x24, 0x20, 0xff, 0x28, 0x24, 0x28, 0xff, 0x20, 0x24, 0x20, 0xff,
    0x28, 0x24, 0x20, 0xff, 0x28, 0x24, 0x20, 0xff, 0x20, 0x24, 0x20, 0xff,
    0x28, 0x24, 0x28, 0xff, 0x28, 0x24, 0x20, 0xff, 0x28, 0x28, 0x20, 0xff,
    0x28, 0x24, 0x20, 0xff, 0x20, 0x24, 0x28, 0xff, 0x28, 0x24, 0x20, 0xff,
    0x28, 0x24, 0x20, 0xff, 0x28, 0x24, 0x28, 0xff, 0x28, 0x24, 0x20, 0xff,
    0x28, 0x24, 0x28, 0xff, 0x28, 0x24, 0x20, 0xff, 0x28, 0x28, 0x28, 0xff,
    0x28, 0x24, 0x20, 0xff, 0x28, 0x24, 0x20, 0xff, 0x20, 0x24, 0x28, 0xff,
    0x28, 0x28, 0x28, 0xff, 0x28, 0x24, 0x20, 0xff, 0x28, 0x24, 0x28, 0xff,
    0x28, 0x28, 0x20, 0xff, 0x28, 0x24, 0x20, 0xff, 0x28, 0x24, 0x20, 0xff,
    0x28, 0x28, 0x28, 0xff, 0x20, 0x24, 0x20, 0xff, 0x28, 0x24, 0x20, 0xff,
    0x28, 0x24, 0x28, 0xff, 0x28, 0x24, 0x28, 0xff, 0x28, 0x28, 0x20, 0xff,
    0x28, 0x24, 0x28, 0xff, 0x28, 0x28, 0x28, 0xff, 0x28, 0x24, 0x20, 0xff,
    0x28, 0x28, 0x28, 0xff, 0x20, 0x24, 0x20, 0xff, 0x28, 0x24, 0x28, 0xff,
    0x28, 0x24, 0x28, 0xff, 0x28, 0x28, 0x20, 0xff, 0x28, 0x24, 0x28, 0xff,
    0x28, 0x24, 0x20, 0xff, 0x28, 0x28, 0x28, 0xff, 0x28, 0x24, 0x20, 0xff,
    0x20, 0x24, 0x20, 0xff, 0x28, 0x28, 0x28, 0xff, 0x28, 0x24, 0x20, 0xff,
    0x20, 0x24, 0x28, 0xff, 0x28, 0x28, 0x28, 0xff, 0x28, 0x24, 0x20, 0xff,
    0x80, 0x80, 0x80, 0xff, 0xf0, 0xf0, 0xf0, 0x41, 0xf8, 0xfc, 0xf8, 0x00,
    0xf8, 0xfc, 0xf8, 0x00, 0xf8, 0xfc, 0xf8, 0x00, 0xb0, 0xb4, 0xb0, 0xe7,
    0x28, 0x28, 0x28, 0xff, 0x28, 0x28, 0x28, 0xff, 0x30, 0x28, 0x28, 0xff,
    0x28, 0x28, 0x28, 0xff, 0x28, 0x28, 0x28, 0xff, 0x28, 0x28, 0x28, 0xff,
    0x28, 0x28, 0x28, 0xff, 0x30, 0x28, 0x28, 0xff, 0x28, 0x28, 0x28, 0xff,
    0x28, 0x28, 0x28, 0xff, 0x30, 0x28, 0x20, 0xff, 0x28, 0x28, 0x28, 0xff,
    0x28, 0x28, 0x28, 0xff, 0x28, 0x28, 0x28, 0xff, 0x30, 0x28, 0x28, 0xff,
    0x28, 0x28, 0x28, 0xff, 0x28, 0x28, 0x28, 0xff, 0x28, 0x28, 0x28, 0xff,
    0x30, 0x28, 0x28, 0xff, 0x28, 0x28, 0x28, 0xff, 0x28, 0x28, 0x28, 0xff,
    0x28, 0x28, 0x28, 0xff, 0x28, 0x28, 0x28, 0xff, 0x28, 0x28, 0x28, 0xff,
    0x28, 0x28, 0x20, 0xff, 0x28, 0x28, 0x28, 0xff, 0x28, 0x28, 0x28, 0xff,
    0x28, 0x24, 0x28, 0xff, 0x28, 0x28, 0x28, 0xff, 0x28, 0x28, 0x28, 0xff,
    0x28, 0x28, 0x28, 0xff, 0x28, 0x28, 0x28, 0xff, 0x28, 0x28, 0x20, 0xff,
    0x28, 0x28, 0x28, 0xff, 0x30, 0x28, 0x28, 0xff, 0x28, 0x28, 0x20, 0xff,
    0x28, 0x28, 0x28, 0xff, 0x28, 0x28, 0x20, 0xff, 0x28, 0x28, 0x28, 0xff,
    0x28, 0x24, 0x20, 0xff, 0x28, 0x28, 0x28, 0xff, 0x28, 0x28, 0x28, 0xff,
    0x28, 0x24, 0x28, 0xff, 0x28, 0x28, 0x28, 0xff, 0x28, 0x28, 0x28, 0xff,
    0x28, 0x24, 0x20, 0xff, 0x28, 0x24, 0x28, 0xff, 0x28, 0x28, 0x28, 0xff,
    0x28, 0x24, 0x20, 0xff, 0x28, 0x24, 0x20, 0xff, 0x28, 0x28, 0x28, 0xff,
    0x28, 0x24, 0x20, 0xff, 0x28, 0x24, 0x28, 0xff, 0x28, 0x28, 0x20, 0xff,
    0x38, 0x34, 0x30, 0xff, 0xf8, 0xfc, 0xf8, 0xff, 0xd8, 0xd4, 0xd0, 0xff,
    0x28, 0x28, 0x28, 0xff, 0x28, 0x24, 0x28, 0xff, 0x28, 0x28, 0x20, 0xff,
    0x28, 0x28, 0x28, 0xff, 0x28, 0x24, 0x20, 0xff, 0x28, 0x28, 0x28, 0xff,
    0x28, 0x28, 0x28, 0xff, 0x50, 0x50, 0x50, 0xff, 0xf8, 0xfc, 0xf8, 0xff,
    0xb8, 0xb8, 0xb8, 0xff, 0x28, 0x24, 0x20, 0xff, 0x28, 0x24, 0x20, 0xff,
    0x28, 0x24, 0x28, 0xff, 0x28, 0x24, 0x20, 0xff, 0x98, 0x98, 0x98, 0xff,
    0xf8, 0xfc, 0xf8, 0xff, 0x70, 0x70, 0x70, 0xff, 0x28, 0x24, 0x28, 0xff,
    0x28, 0x28, 0x28, 0xff, 0xd0, 0xd4, 0xd0, 0xff, 0xf8, 0xfc, 0xf8, 0xff,
    0x38, 0x34, 0x38, 0xff, 0x28, 0x24, 0x28, 0xff, 0x28, 0x24, 0x28, 0xff,
    0x20, 0x24, 0x20, 0xff, 0x70, 0x70, 0x70, 0xff, 0xf8, 0xfc, 0xf8, 0xff,
    0x98, 0x98, 0x98, 0xff, 0x28, 0x28, 0x28, 0xff, 0x28, 0x24, 0x20, 0xff,
    0x28, 0x24, 0x28, 0xff, 0x28, 0x28, 0x28, 0xff, 0x28, 0x24, 0x20, 0xff,
    0x20, 0x24, 0x20, 0xff, 0x28, 0x28, 0x28, 0xff, 0x28, 0x24, 0x20, 0xff,
    0x20, 0x24, 0x20, 0xff, 0x28, 0x24, 0x28, 0xff, 0x28, 0x24, 0x20, 0xff,
    0x28, 0x24, 0x28, 0xff, 0x28, 0x28, 0x28, 0xff, 0x20, 0x24, 0x20, 0xff,
    0x28, 0x24, 0x20, 0xff, 0x28, 0x24, 0x28, 0xff, 0x28, 0x24, 0x20, 0xff,
    0x20, 0x24, 0x28, 0xff, 0x28, 0x24, 0x20, 0xff, 0x28, 0x24, 0x28, 0xff,
    0x28, 0x24, 0x20, 0xff, 0x28, 0x24, 0x28, 0xff, 0x28, 0x24, 0x20, 0xff,
    0x28, 0x24, 0x28, 0xff, 0x20, 0x24, 0x20, 0xff, 0x28, 0x24, 0x28, 0xff,
    0x28, 0x24, 0x20, 0xff, 0x28, 0x24, 0x28, 0xff, 0x28, 0x24, 0x28, 0xff,
    0x20, 0x24, 0x20, 0xff, 0x28, 0x24, 0x28, 0xff, 0x28, 0x24, 0x20, 0xff,
    0x20, 0x24, 0x20, 0xff, 0x28, 0x24, 0x28, 0xff, 0x20, 0x24, 0x20, 0xff,
    0x20, 0x24, 0x20, 0xff, 0x28, 0x24, 0x20, 0xff, 0x28, 0x24, 0x28, 0xff,
    0x28, 0x28, 0x28, 0xff, 0x28, 0x24, 0x20, 0xff, 0x20, 0x24, 0x20, 0xff,
    0x20, 0x24, 0x20, 0xff, 0x28, 0x24, 0x28, 0xff, 0x28, 0x24, 0x20, 0xff,
    0x28, 0x24, 0x20, 0xff, 0x28, 0x24, 0x28, 0xff, 0x28, 0x24, 0x20, 0xff,
    0x28, 0x24, 0x20, 0xff, 0x28, 0x24, 0x28, 0xff, 0x28, 0x24, 0x20, 0xff,
    0x28, 0x24, 0x28, 0xff, 0x28, 0x24, 0x28, 0xff, 0x80, 0x80, 0x80, 0xff,
    0xf0, 0xf4, 0xf0, 0x41, 0xf8, 0xfc, 0xf8, 0x00, 0xf8, 0xfc, 0xf8, 0x00,
    0xf8, 0xfc, 0xf8, 0x00, 0xb8, 0xb4, 0xb0, 0xe7, 0x28, 0x28, 0x28, 0xff,
    0x28, 0x28, 0x28, 0xff, 0x30, 0x2c, 0x28, 0xff, 0x30, 0x28, 0x28, 0xff,
    0x28, 0x2c, 0x28, 0xff, 0x30, 0x28, 0x28, 0xff, 0x28, 0x28, 0x28, 0xff,
    0x28, 0x2c, 0x28, 0xff, 0x28, 0x28, 0x28, 0xff, 0x28, 0x28, 0x28, 0xff,
    0x28, 0x28, 0x28, 0xff, 0x28, 0x28, 0x28, 0xff, 0x28, 0x28, 0x20, 0xff,
    0x28, 0x28, 0x20, 0xff, 0x28, 0x28, 0x28, 0xff, 0x30, 0x28, 0x28, 0xff,
    0x28, 0x28, 0x20, 0xff, 0x28, 0x28, 0x28, 0xff, 0x28, 0x28, 0x28, 0xff,
    0x28, 0x28, 0x28, 0xff, 0x28, 0x28, 0x28, 0xff, 0x28, 0x28, 0x20, 0xff,
    0x28, 0x28, 0x28, 0xff, 0x28, 0x28, 0x28, 0xff, 0x28, 0x24, 0x28, 0xff,
    0x30, 0x28, 0x28, 0xff, 0x28, 0x28, 0x20, 0xff, 0x28, 0x28, 0x28, 0xff,
    0x30, 0x28, 0x28, 0xff, 0x28, 0x24, 0x20, 0xff, 0x28, 0x28, 0x28, 0xff,
    0x28, 0x28, 0x28, 0xff, 0x28, 0x24, 0x28, 0xff, 0x28, 0x24, 0x28, 0xff,
    0x28, 0x28, 0x28, 0xff, 0x28, 0x24, 0x28, 0xff, 0x28, 0x24, 0x28, 0xff,
    0x28, 0x28, 0x28, 0xff, 0x28, 0x28, 0x20, 0xff, 0x28, 0x28, 0x28, 0xff,
    0x28, 0x24, 0x20, 0xff, 0x28, 0x24, 0x20, 0xff, 0x28, 0x24, 0x28, 0xff,
    0x28, 0x28, 0x28, 0xff, 0x28, 0x24, 0x20, 0xff, 0x28, 0x28, 0x28, 0xff,
    0x28, 0x28, 0x28, 0xff, 0x28, 0x28, 0x28, 0xff, 0x28, 0x24, 0x20, 0xff,
    0x28, 0x28, 0x28, 0xff, 0x28, 0x28, 0x28, 0xff, 0x28, 0x24, 0x28, 0xff,
    0x28, 0x28, 0x20, 0xff, 0x28, 0x24, 0x28, 0xff, 0x38, 0x34, 0x38, 0xff,
    0xf8, 0xfc, 0xf8, 0xff, 0xd0, 0xd4, 0xd0, 0xff, 0x28, 0x28, 0x28, 0xff,
    0x28, 0x24, 0x28, 0xff, 0x28, 0x24, 0x20, 0xff, 0x28, 0x24, 0x20, 0xff,
    0x28, 0x24, 0x28, 0xff, 0x28, 0x24, 0x28, 0xff, 0x28, 0x28, 0x20, 0xff,
    0x50, 0x50, 0x50, 0xff, 0xf8, 0xfc, 0xf8, 0xff, 0xa8, 0xa8, 0xa8, 0xff,
    0x28, 0x24, 0x20, 0xff, 0x28, 0x28, 0x28, 0xff, 0x28, 0x24, 0x28, 0xff,
    0x28, 0x24, 0x20, 0xff, 0xe0, 0xe4, 0xe0, 0xff, 0xf8, 0xfc, 0xf8, 0xff,
    0x70, 0x6c, 0x70, 0xff, 0x28, 0x24, 0x20, 0xff, 0x28, 0x24, 0x20, 0xff,
    0xd0, 0xd4, 0xd0, 0xff, 0xf8, 0xfc, 0xf8, 0xff, 0x38, 0x34, 0x30, 0xff,
    0x28, 0x24, 0x28, 0xff, 0x28, 0x24, 0x20, 0xff, 0x28, 0x24, 0x20, 0xff,
    0x70, 0x70, 0x70, 0xff, 0xf8, 0xfc, 0xf8, 0xff, 0x98, 0x98, 0x98, 0xff,
    0x28, 0x24, 0x28, 0xff, 0x28, 0x24, 0x20, 0xff, 0x28, 0x24, 0x20, 0xff,
    0x28, 0x24, 0x28, 0xff, 0x28, 0x24, 0x20, 0xff, 0x28, 0x24, 0x28, 0xff,
    0x28, 0x24, 0x28, 0xff, 0x28, 0x24, 0x28, 0xff, 0x28, 0x24, 0x28, 0xff,
    0x28, 0x24, 0x20, 0xff, 0x20, 0x24, 0x20, 0xff, 0x28, 0x24, 0x20, 0xff,
    0x28, 0x24, 0x28, 0xff, 0x28, 0x24, 0x20, 0xff, 0x28, 0x28, 0x28, 0xff,
    0x28, 0x24, 0x28, 0xff, 0x28, 0x24, 0x20, 0xff, 0x28, 0x24, 0x20, 0xff,
    0x28, 0x24, 0x28, 0xff, 0x28, 0x28, 0x20, 0xff, 0x20, 0x24, 0x20, 0xff,
    0x28, 0x24, 0x28, 0xff, 0x28, 0x24, 0x20, 0xff, 0x28, 0x28, 0x20, 0xff,
    0x20, 0x24, 0x28, 0xff, 0x28, 0x24, 0x20, 0xff, 0x20, 0x24, 0x20, 0xff,
    0x28, 0x24, 0x28, 0xff, 0x28, 0x24, 0x20, 0xff, 0x28, 0x24, 0x20, 0xff,
    0x28, 0x24, 0x28, 0xff, 0x28, 0x28, 0x28, 0xff, 0x28, 0x24, 0x20, 0xff,
    0x28, 0x24, 0x28, 0xff, 0x28, 0x24, 0x28, 0xff, 0x28, 0x24, 0x20, 0xff,
    0x28, 0x24, 0x20, 0xff, 0x20, 0x24, 0x20, 0xff, 0x28, 0x24, 0x28, 0xff,
    0x28, 0x24, 0x20, 0xff, 0x28, 0x24, 0x28, 0xff, 0x28, 0x28, 0x28, 0xff,
    0x28, 0x24, 0x20, 0xff, 0x28, 0x24, 0x28, 0xff, 0x20, 0x24, 0x20, 0xff,
    0x20, 0x24, 0x28, 0xff, 0x28, 0x24, 0x20, 0xff, 0x28, 0x24, 0x28, 0xff,
    0x28, 0x24, 0x28, 0xff, 0x20, 0x24, 0x20, 0xff, 0x28, 0x24, 0x20, 0xff,
    0x28, 0x24, 0x20, 0xff, 0x80, 0x80, 0x80, 0xff, 0xf0, 0xf0, 0xf0, 0x41,
    0xf8, 0xfc, 0xf8, 0x00, 0xf8, 0xfc, 0xf8, 0x00, 0xf8, 0xfc, 0xf8, 0x00,
    0xb8, 0xb4, 0xb0, 0xe7, 0x28, 0x28, 0x28, 0xff, 0x28, 0x28, 0x28, 0xff,
    0x28, 0x28, 0x28, 0xff, 0x28, 0x28, 0x28, 0xff, 0x28, 0x28, 0x28, 0xff,
    0x28, 0x28, 0x28, 0xff, 0x30, 0x28, 0x28, 0xff, 0x28, 0x28, 0x28, 0xff,
    0x28, 0x28, 0x28, 0xff, 0x30, 0x28, 0x28, 0xff, 0x28, 0x28, 0x28, 0xff,
    0x28, 0x28, 0x28, 0xff, 0x30, 0x28, 0x28, 0xff, 0x28, 0x28, 0x28, 0xff,
    0x28, 0x28, 0x28, 0xff, 0x28, 0x28, 0x28, 0xff, 0x28, 0x28, 0x28, 0xff,
    0x30, 0x28, 0x28, 0xff, 0x28, 0x28, 0x20, 0xff, 0x28, 0x28, 0x28, 0xff,
    0x28, 0x28, 0x28, 0xff, 0x30, 0x28, 0x28, 0xff, 0x30, 0x28, 0x28, 0xff,
    0x28, 0x28, 0x28, 0xff, 0x28, 0x28, 0x28, 0xff, 0x28, 0x24, 0x20, 0xff,
    0x28, 0x28, 0x28, 0xff, 0x28, 0x28, 0x28, 0xff, 0x28, 0x28, 0x28, 0xff,
    0x28, 0x28, 0x20, 0xff, 0x28, 0x24, 0x28, 0xff, 0x28, 0x28, 0x28, 0xff,
    0x28, 0x28, 0x20, 0xff, 0x28, 0x28, 0x28, 0xff, 0x28, 0x28, 0x20, 0xff,
    0x28, 0x28, 0x28, 0xff, 0x30, 0x28, 0x28, 0xff, 0x28, 0x28, 0x28, 0xff,
    0x28, 0x24, 0x28, 0xff, 0x28, 0x24, 0x28, 0xff, 0x28, 0x28, 0x28, 0xff,
    0x28, 0x28, 0x28, 0xff, 0x28, 0x28, 0x28, 0xff, 0x28, 0x28, 0x20, 0xff,
    0x28, 0x28, 0x28, 0xff, 0x28, 0x24, 0x20, 0xff, 0x28, 0x28, 0x28, 0xff,
    0x28, 0x24, 0x20, 0xff, 0x28, 0x28, 0x28, 0xff, 0x28, 0x28, 0x28, 0xff,
    0x28, 0x24, 0x20, 0xff, 0x28, 0x28, 0x28, 0xff, 0x28, 0x28, 0x28, 0xff,
    0x28, 0x24, 0x28, 0xff, 0x38, 0x34, 0x30, 0xff, 0xf8, 0xfc, 0xf8, 0xff,
    0xd0, 0xd4, 0xd0, 0xff, 0x28, 0x24, 0x28, 0xff, 0x28, 0x24, 0x20, 0xff,
    0x28, 0x28, 0x28, 0xff, 0x28, 0x24, 0x20, 0xff, 0x28, 0x28, 0x28, 0xff,
    0x28, 0x28, 0x28, 0xff, 0x28, 0x24, 0x20, 0xff, 0x28, 0x28, 0x28, 0xff,
    0xe0, 0xe4, 0xe0, 0xff, 0xf0, 0xf0, 0xf0, 0xff, 0x98, 0x98, 0x98, 0xff,
    0x70, 0x70, 0x70, 0xff, 0x80, 0x7c, 0x80, 0xff, 0xc8, 0xc4, 0xc8, 0xff,
    0xf0, 0xf0, 0xf0, 0xff, 0xf8, 0xfc, 0xf8, 0xff, 0x70, 0x70, 0x70, 0xff,
    0x28, 0x24, 0x20, 0xff, 0x28, 0x24, 0x28, 0xff, 0xd0, 0xd4, 0xd8, 0xff,
    0xf8, 0xfc, 0xf8, 0xff, 0x38, 0x34, 0x30, 0xff, 0x28, 0x24, 0x28, 0xff,
    0x28, 0x28, 0x20, 0xff, 0x28, 0x24, 0x28, 0xff, 0x70, 0x6c, 0x68, 0xff,
    0xf8, 0xfc, 0xf8, 0xff, 0x98, 0x98, 0x98, 0xff, 0x28, 0x24, 0x20, 0xff,
    0x20, 0x24, 0x20, 0xff, 0x28, 0x24, 0x28, 0xff, 0x28, 0x24, 0x20, 0xff,
    0x20, 0x24, 0x20, 0xff, 0x28, 0x24, 0x28, 0xff, 0x28, 0x24, 0x20, 0xff,
    0x28, 0x28, 0x20, 0xff, 0x28, 0x24, 0x20, 0xff, 0x28, 0x24, 0x28, 0xff,
    0x28, 0x28, 0x28, 0xff, 0x28, 0x24, 0x20, 0xff, 0x28, 0x24, 0x20, 0xff,
    0x28, 0x24, 0x28, 0xff, 0x20, 0x24, 0x20, 0xff, 0x28, 0x24, 0x20, 0xff,
    0x28, 0x28, 0x28, 0xff, 0x28, 0x24, 0x28, 0xff, 0x20, 0x24, 0x20, 0xff,
    0x28, 0x24, 0x28, 0xff, 0x28, 0x24, 0x20, 0xff, 0x20, 0x24, 0x20, 0xff,
    0x28, 0x24, 0x28, 0xff, 0x28, 0x24, 0x28, 0xff, 0x28, 0x24, 0x20, 0xff,
    0x28, 0x24, 0x20, 0xff, 0x28, 0x24, 0x28, 0xff, 0x28, 0x28, 0x28, 0xff,
    0x20, 0x24, 0x20, 0xff, 0x28, 0x24, 0x20, 0xff, 0x28, 0x24, 0x28, 0xff,
    0x20, 0x24, 0x20, 0xff, 0x28, 0x24, 0x20, 0xff, 0x28, 0x24, 0x20, 0xff,
    0x28, 0x28, 0x28, 0xff, 0x28, 0x24, 0x20, 0xff, 0x28, 0x24, 0x28, 0xff,
    0x28, 0x24, 0x28, 0xff, 0x20, 0x24, 0x20, 0xff, 0x28, 0x24, 0x20, 0xff,
    0x28, 0x24, 0x28, 0xff, 0x28, 0x24, 0x20, 0xff, 0x28, 0x24, 0x20, 0xff,
    0x28, 0x24, 0x20, 0xff, 0x28, 0x28, 0x28, 0xff, 0x28, 0x24, 0x20, 0xff,
    0x20, 0x24, 0x20, 0xff, 0x28, 0x24, 0x20, 0xff, 0x28, 0x24, 0x28, 0xff,
    0x20, 0x24, 0x20, 0xff, 0x28, 0x28, 0x20, 0xff, 0x28, 0x24, 0x28, 0xff,
    0x80, 0x80, 0x80, 0xff, 0xf0, 0xf0, 0xf0, 0x41, 0xf8, 0xfc, 0xf8, 0x00,
    0xf8, 0xfc, 0xf8, 0x00, 0xf8, 0xfc, 0xf8, 0x00, 0xb0, 0xb4, 0xb0, 0xe7,
    0x28, 0x28, 0x28, 0xff, 0x28, 0x28, 0x28, 0xff, 0x30, 0x28, 0x28, 0xff,
    0x28, 0x28, 0x28, 0xff, 0x28, 0x28, 0x28, 0xff, 0x28, 0x28, 0x28, 0xff,
    0x28, 0x28, 0x28, 0xff, 0x30, 0x28, 0x20, 0xff, 0x28, 0x28, 0x28, 0xff,
    0x28, 0x28, 0x28, 0xff, 0x28, 0x28, 0x20, 0xff, 0x30, 0x28, 0x28, 0xff,
    0x28, 0x28, 0x28, 0xff, 0x28, 0x28, 0x28, 0xff, 0x30, 0x28, 0x28, 0xff,
    0x28, 0x28, 0x28, 0xff, 0x28, 0x28, 0x28, 0xff, 0x28, 0x28, 0x28, 0xff,
    0x28, 0x28, 0x28, 0xff, 0x28, 0x28, 0x20, 0xff, 0x28, 0x28, 0x28, 0xff,
    0x28, 0x28, 0x28, 0xff, 0x28, 0x28, 0x28, 0xff, 0x28, 0x28, 0x20, 0xff,
    0x28, 0x28, 0x28, 0xff, 0x28, 0x28, 0x28, 0xff, 0x28, 0x28, 0x28, 0xff,
    0x28, 0x24, 0x28, 0xff, 0x28, 0x28, 0x28, 0xff, 0x28, 0x28, 0x28, 0xff,
    0x28, 0x28, 0x28, 0xff, 0x30, 0x28, 0x20, 0xff, 0x28, 0x28, 0x28, 0xff,
    0x28, 0x24, 0x28, 0xff, 0x28, 0x28, 0x20, 0xff, 0x28, 0x28, 0x28, 0xff,
    0x28, 0x28, 0x20, 0xff, 0x28, 0x28, 0x20, 0xff, 0x28, 0x28, 0x28, 0xff,
    0x28, 0x28, 0x28, 0xff, 0x30, 0x28, 0x28, 0xff, 0x28, 0x24, 0x20, 0xff,
    0x28, 0x28, 0x28, 0xff, 0x28, 0x24, 0x28, 0xff, 0x28, 0x24, 0x20, 0xff,
    0x28, 0x28, 0x28, 0xff, 0x28, 0x28, 0x28, 0xff, 0x28, 0x24, 0x20, 0xff,
    0x28, 0x28, 0x28, 0xff, 0x28, 0x24, 0x28, 0xff, 0x28, 0x24, 0x20, 0xff,
    0x28, 0x28, 0x28, 0xff, 0x28, 0x24, 0x28, 0xff, 0x28, 0x28, 0x20, 0xff,
    0x38, 0x34, 0x30, 0xff, 0xf8, 0xfc, 0xf8, 0xff, 0xd8, 0xd4, 0xd8, 0xff,
    0x28, 0x28, 0x28, 0xff, 0x28, 0x24, 0x20, 0xff, 0x28, 0x28, 0x28, 0xff,
    0x28, 0x28, 0x28, 0xff, 0x28, 0x24, 0x20, 0xff, 0x28, 0x24, 0x20, 0xff,
    0x28, 0x28, 0x28, 0xff, 0x28, 0x24, 0x28, 0xff, 0x50, 0x50, 0x50, 0xff,
    0xd8, 0xd4, 0xd0, 0xff, 0xf8, 0xfc, 0xf8, 0xff, 0xf8, 0xfc, 0xf8, 0xff,
    0xf8, 0xfc, 0xf8, 0xff, 0xa8, 0xa8, 0xa8, 0xff, 0x98, 0x98, 0x98, 0xff,
    0xf8, 0xfc, 0xf8, 0xff, 0x70, 0x70, 0x70, 0xff, 0x28, 0x24, 0x20, 0xff,
    0x28, 0x24, 0x28, 0xff, 0xd0, 0xd4, 0xd0, 0xff, 0xf8, 0xfc, 0xf8, 0xff,
    0x30, 0x34, 0x30, 0xff, 0x28, 0x24, 0x28, 0xff, 0x28, 0x24, 0x28, 0xff,
    0x20, 0x24, 0x20, 0xff, 0x70, 0x6c, 0x70, 0xff, 0xf8, 0xfc, 0xf8, 0xff,
    0x98, 0x9c, 0x98, 0xff, 0x28, 0x24, 0x20, 0xff, 0x28, 0x24, 0x28, 0xff,
    0x28, 0x24, 0x20, 0xff, 0x20, 0x24, 0x20, 0xff, 0x28, 0x24, 0x28, 0xff,
    0x28, 0x24, 0x20, 0xff, 0x20, 0x24, 0x20, 0xff, 0x20, 0x24, 0x20, 0xff,
    0x28, 0x24, 0x28, 0xff, 0x28, 0x24, 0x28, 0xff, 0x20, 0x24, 0x20, 0xff,
    0x28, 0x24, 0x20, 0xff, 0x28, 0x24, 0x28, 0xff, 0x20, 0x24, 0x20, 0xff,
    0x28, 0x24, 0x20, 0xff, 0x28, 0x24, 0x20, 0xff, 0x20, 0x24, 0x20, 0xff,
    0x28, 0x24, 0x20, 0xff, 0x28, 0x24, 0x20, 0xff, 0x28, 0x24, 0x28, 0xff,
    0x28, 0x24, 0x28, 0xff, 0x28, 0x24, 0x20, 0xff, 0x20, 0x24, 0x20, 0xff,
    0x28, 0x24, 0x28, 0xff, 0x28, 0x24, 0x20, 0xff, 0x20, 0x24, 0x20, 0xff,
    0x28, 0x24, 0x28, 0xff, 0x28, 0x24, 0x20, 0xff, 0x28, 0x24, 0x20, 0xff,
    0x28, 0x24, 0x28, 0xff, 0x28, 0x24, 0x20, 0xff, 0x28, 0x28, 0x28, 0xff,
    0x20, 0x24, 0x20, 0xff, 0x28, 0x24, 0x28, 0xff, 0x28, 0x24, 0x20, 0xff,
    0x28, 0x24, 0x28, 0xff, 0x28, 0x24, 0x20, 0xff, 0x28, 0x28, 0x28, 0xff,
    0x28, 0x24, 0x20, 0xff, 0x28, 0x28, 0x28, 0xff, 0x20, 0x24, 0x20, 0xff,
    0x28, 0x24, 0x28, 0xff, 0x20, 0x24, 0x20, 0xff, 0x28, 0x24, 0x28, 0xff,
    0x28, 0x24, 0x28, 0xff, 0x28, 0x24, 0x20, 0xff, 0x28, 0x24, 0x20, 0xff,
    0x28, 0x28, 0x28, 0xff, 0x28, 0x24, 0x28, 0xff, 0x28, 0x24, 0x20, 0xff,
    0x28, 0x24, 0x28, 0xff, 0x28, 0x24, 0x20, 0xff, 0x80, 0x80, 0x80, 0xff,
    0xf0, 0xf4, 0xf0, 0x41, 0xf8, 0xfc, 0xf8, 0x00, 0xf8, 0xfc, 0xf8, 0x00,
    0xf8, 0xfc, 0xf8, 0x00, 0xb8, 0xb4, 0xb0, 0xe7, 0x28, 0x28, 0x28, 0xff,
    0x28, 0x28, 0x28, 0xff, 0x30, 0x28, 0x28, 0xff, 0x28, 0x28, 0x28, 0xff,
    0x28, 0x28, 0x28, 0xff, 0x30, 0x28, 0x28, 0xff, 0x28, 0x28, 0x28, 0xff,
    0x28, 0x28, 0x28, 0xff, 0x28, 0x28, 0x28, 0xff, 0x28, 0x28, 0x28, 0xff,
    0x28, 0x28, 0x28, 0xff, 0x28, 0x28, 0x28, 0xff, 0x28, 0x28, 0x20, 0xff,
    0x28, 0x28, 0x28, 0xff, 0x28, 0x28, 0x28, 0xff, 0x30, 0x28, 0x20, 0xff,
    0x28, 0x28, 0x28, 0xff, 0x28, 0x28, 0x28, 0xff, 0x30, 0x28, 0x28, 0xff,
    0x28, 0x28, 0x28, 0xff, 0x28, 0x28, 0x28, 0xff, 0x28, 0x24, 0x20, 0xff,
    0x28, 0x28, 0x28, 0xff, 0x28, 0x28, 0x28, 0xff, 0x28, 0x28, 0x28, 0xff,
    0x30, 0x28, 0x28, 0xff, 0x28, 0x28, 0x20, 0xff, 0x28, 0x28, 0x28, 0xff,
    0x30, 0x24, 0x20, 0xff, 0x28, 0x28, 0x28, 0xff, 0x28, 0x28, 0x28, 0xff,
    0x28, 0x24, 0x28, 0xff, 0x28, 0x28, 0x28, 0xff, 0x28, 0x28, 0x28, 0xff,
    0x28, 0x24, 0x28, 0xff, 0x28, 0x28, 0x28, 0xff, 0x28, 0x24, 0x28, 0xff,
    0x28, 0x28, 0x28, 0xff, 0x28, 0x28, 0x20, 0xff, 0x28, 0x28, 0x28, 0xff,
    0x28, 0x28, 0x28, 0xff, 0x28, 0x24, 0x20, 0xff, 0x28, 0x28, 0x28, 0xff,
    0x28, 0x28, 0x28, 0xff, 0x28, 0x24, 0x20, 0xff, 0x28, 0x28, 0x28, 0xff,
    0x28, 0x24, 0x28, 0xff, 0x28, 0x28, 0x28, 0xff, 0x28, 0x28, 0x28, 0xff,
    0x28, 0x28, 0x20, 0xff, 0x28, 0x28, 0x28, 0xff, 0x28, 0x24, 0x20, 0xff,
    0x28, 0x28, 0x28, 0xff, 0x28, 0x24, 0x28, 0xff, 0x28, 0x28, 0x28, 0xff,
    0x38, 0x34, 0x30, 0xff, 0x28, 0x24, 0x28, 0xff, 0x28, 0x28, 0x28, 0xff,
    0x28, 0x24, 0x20, 0xff, 0x28, 0x24, 0x28, 0xff, 0x28, 0x28, 0x28, 0xff,
    0x28, 0x24, 0x28, 0xff, 0x28, 0x24, 0x20, 0xff, 0x28, 0x24, 0x20, 0xff,
    0x28, 0x28, 0x28, 0xff, 0x28, 0x24, 0x28, 0xff, 0x28, 0x24, 0x20, 0xff,
    0x60, 0x60, 0x60, 0xff, 0x70, 0x70, 0x70, 0xff, 0x50, 0x50, 0x50, 0xff,
    0x28, 0x24, 0x20, 0xff, 0x28, 0x24, 0x20, 0xff, 0x38, 0x34, 0x30, 0xff,
    0x28, 0x24, 0x28, 0xff, 0x28, 0x24, 0x20, 0xff, 0x28, 0x24, 0x20, 0xff,
    0x28, 0x24, 0x28, 0xff, 0x38, 0x34, 0x30, 0xff, 0x28, 0x24, 0x28, 0xff,
    0x28, 0x28, 0x20, 0xff, 0x28, 0x24, 0x20, 0xff, 0x28, 0x24, 0x28, 0xff,
    0x28, 0x28, 0x20, 0xff, 0x30, 0x34, 0x30, 0xff, 0x28, 0x24, 0x28, 0xff,
    0x28, 0x24, 0x28, 0xff, 0x28, 0x28, 0x28, 0xff, 0x28, 0x24, 0x20, 0xff,
    0x28, 0x24, 0x28, 0xff, 0x28, 0x28, 0x28, 0xff, 0x28, 0x24, 0x28, 0xff,
    0x28, 0x24, 0x20, 0xff, 0x28, 0x24, 0x28, 0xff, 0x28, 0x24, 0x20, 0xff,
    0x28, 0x24, 0x20, 0xff, 0x28, 0x24, 0x28, 0xff, 0x20, 0x24, 0x20, 0xff,
    0x28, 0x28, 0x28, 0xff, 0x28, 0x24, 0x28, 0xff, 0x28, 0x24, 0x20, 0xff,
    0x28, 0x24, 0x28, 0xff, 0x28, 0x24, 0x28, 0xff, 0x20, 0x24, 0x20, 0xff,
    0x28, 0x24, 0x20, 0xff, 0x28, 0x24, 0x20, 0xff, 0x20, 0x24, 0x20, 0xff,
    0x28, 0x28, 0x28, 0xff, 0x28, 0x24, 0x20, 0xff, 0x28, 0x24, 0x20, 0xff,
    0x28, 0x24, 0x28, 0xff, 0x28, 0x28, 0x28, 0xff, 0x28, 0x24, 0x20, 0xff,
    0x20, 0x24, 0x20, 0xff, 0x28, 0x24, 0x28, 0xff, 0x28, 0x24, 0x28, 0xff,
    0x20, 0x24, 0x20, 0xff, 0x28, 0x24, 0x28, 0xff, 0x28, 0x24, 0x28, 0xff,
    0x28, 0x24, 0x20, 0xff, 0x28, 0x24, 0x28, 0xff, 0x20, 0x24, 0x20, 0xff,
    0x28, 0x24, 0x20, 0xff, 0x20, 0x24, 0x20, 0xff, 0x28, 0x24, 0x28, 0xff,
    0x28, 0x24, 0x28, 0xff, 0x28, 0x24, 0x20, 0xff, 0x28, 0x24, 0x20, 0xff,
    0x28, 0x24, 0x28, 0xff, 0x20, 0x24, 0x20, 0xff, 0x28, 0x24, 0x20, 0xff,
    0x28, 0x24, 0x28, 0xff, 0x28, 0x24, 0x28, 0xff, 0x28, 0x24, 0x20, 0xff,
    0x28, 0x24, 0x20, 0xff, 0x28, 0x24, 0x28, 0xff, 0x20, 0x24, 0x20, 0xff,
    0x28, 0x24, 0x20, 0xff, 0x80, 0x80, 0x80, 0xff, 0xf0, 0xf0, 0xf0, 0x41,
    0xf8, 0xfc, 0xf8, 0x00, 0xf8, 0xfc, 0xf8, 0x00, 0xf8, 0xfc, 0xf8, 0x00,
    0xb8, 0xb4, 0xb0, 0xe7, 0x28, 0x28, 0x28, 0xff, 0x28, 0x28, 0x28, 0xff,
    0x28, 0x28, 0x28, 0xff, 0x28, 0x28, 0x28, 0xff, 0x30, 0x2c, 0x28, 0xff,
    0x28, 0x28, 0x28, 0xff, 0x28, 0x28, 0x28, 0xff, 0x30, 0x28, 0x28, 0xff,
    0x28, 0x28, 0x28, 0xff, 0x30, 0x28, 0x28, 0xff, 0x28, 0x28, 0x28, 0xff,
    0x28, 0x28, 0x28, 0xff, 0x30, 0x28, 0x28, 0xff, 0x28, 0x28, 0x28, 0xff,
    0x28, 0x28, 0x28, 0xff, 0x28, 0x28, 0x28, 0xff, 0x28, 0x28, 0x20, 0xff,
    0x28, 0x28, 0x28, 0xff, 0x28, 0x28, 0x28, 0xff, 0x28, 0x28, 0x28, 0xff,
    0x28, 0x28, 0x28, 0xff, 0x30, 0x28, 0x28, 0xff, 0x28, 0x28, 0x28, 0xff,
    0x28, 0x28, 0x28, 0xff, 0x28, 0x24, 0x20, 0xff, 0x28, 0x28, 0x28, 0xff,
    0x28, 0x28, 0x28, 0xff, 0x28, 0x28, 0x28, 0xff, 0x28, 0x28, 0x28, 0xff,
    0x28, 0x28, 0x20, 0xff, 0x28, 0x24, 0x28, 0xff, 0x28, 0x28, 0x20, 0xff,
    0x28, 0x28, 0x28, 0xff, 0x30, 0x28, 0x20, 0xff, 0x28, 0x28, 0x28, 0xff,
    0x28, 0x28, 0x28, 0xff, 0x30, 0x24, 0x28, 0xff, 0x28, 0x24, 0x20, 0xff,
    0x28, 0x28, 0x28, 0xff, 0x28, 0x24, 0x28, 0xff, 0x28, 0x24, 0x20, 0xff,
    0x28, 0x28, 0x28, 0xff, 0x28, 0x24, 0x20, 0xff, 0x30, 0x28, 0x28, 0xff,
    0x28, 0x28, 0x28, 0xff, 0x28, 0x28, 0x28, 0xff, 0x28, 0x24, 0x20, 0xff,
    0x30, 0x28, 0x28, 0xff, 0x28, 0x24, 0x20, 0xff, 0x28, 0x24, 0x28, 0xff,
    0x28, 0x28, 0x28, 0xff, 0x28, 0x24, 0x20, 0xff, 0x28, 0x28, 0x28, 0xff,
    0x28, 0x24, 0x28, 0xff, 0x28, 0x24, 0x20, 0xff, 0x28, 0x28, 0x28, 0xff,
    0x28, 0x24, 0x20, 0xff, 0x28, 0x28, 0x28, 0xff, 0x28, 0x24, 0x20, 0xff,
    0x28, 0x24, 0x20, 0xff, 0x28, 0x28, 0x28, 0xff, 0x28, 0x28, 0x28, 0xff,
    0x28, 0x24, 0x20, 0xff, 0x28, 0x28, 0x28, 0xff, 0x28, 0x24, 0x20, 0xff,
    0x28, 0x24, 0x28, 0xff, 0x28, 0x24, 0x20, 0xff, 0x28, 0x24, 0x28, 0xff,
    0x28, 0x24, 0x20, 0xff, 0x28, 0x24, 0x20, 0xff, 0x28, 0x24, 0x28, 0xff,
    0x28, 0x28, 0x28, 0xff, 0x28, 0x24, 0x20, 0xff, 0x28, 0x24, 0x28, 0xff,
    0x28, 0x28, 0x28, 0xff, 0x28, 0x24, 0x20, 0xff, 0x28, 0x24, 0x28, 0xff,
    0x28, 0x24, 0x28, 0xff, 0x28, 0x24, 0x20, 0xff, 0x28, 0x24, 0x28, 0xff,
    0x28, 0x28, 0x20, 0xff, 0x28, 0x24, 0x28, 0xff, 0x28, 0x24, 0x20, 0xff,
    0x28, 0x24, 0x28, 0xff, 0x28, 0x24, 0x20, 0xff, 0x28, 0x24, 0x20, 0xff,
    0x28, 0x24, 0x28, 0xff, 0x20, 0x24, 0x20, 0xff, 0x28, 0x24, 0x20, 0xff,
    0x28, 0x24, 0x28, 0xff, 0x28, 0x24, 0x20, 0xff, 0x28, 0x24, 0x20, 0xff,
    0x28, 0x28, 0x28, 0xff, 0x28, 0x24, 0x28, 0xff, 0x20, 0x24, 0x20, 0xff,
    0x28, 0x28, 0x28, 0xff, 0x28, 0x24, 0x28, 0xff, 0x28, 0x24, 0x20, 0xff,
    0x28, 0x24, 0x28, 0xff, 0x28, 0x28, 0x28, 0xff, 0x20, 0x24, 0x20, 0xff,
    0x28, 0x24, 0x28, 0xff, 0x28, 0x28, 0x28, 0xff, 0x28, 0x24, 0x28, 0xff,
    0x28, 0x24, 0x28, 0xff, 0x28, 0x24, 0x20, 0xff, 0x28, 0x24, 0x20, 0xff,
    0x28, 0x24, 0x28, 0xff, 0x28, 0x24, 0x28, 0xff, 0x20, 0x24, 0x20, 0xff,
    0x28, 0x24, 0x28, 0xff, 0x28, 0x24, 0x20, 0xff, 0x28, 0x24, 0x28, 0xff,
    0x28, 0x28, 0x20, 0xff, 0x28, 0x24, 0x20, 0xff, 0x28, 0x24, 0x28, 0xff,
    0x28, 0x28, 0x20, 0xff, 0x28, 0x24, 0x20, 0xff, 0x28, 0x24, 0x20, 0xff,
    0x28, 0x28, 0x28, 0xff, 0x28, 0x24, 0x28, 0xff, 0x28, 0x24, 0x20, 0xff,
    0x28, 0x28, 0x28, 0xff, 0x28, 0x24, 0x20, 0xff, 0x28, 0x24, 0x28, 0xff,
    0x28, 0x28, 0x20, 0xff, 0x28, 0x24, 0x28, 0xff, 0x28, 0x24, 0x20, 0xff,
    0x28, 0x28, 0x28, 0xff, 0x28, 0x24, 0x20, 0xff, 0x28, 0x24, 0x28, 0xff,
    0x20, 0x24, 0x20, 0xff, 0x28, 0x28, 0x28, 0xff, 0x28, 0x24, 0x28, 0xff,
    0x20, 0x24, 0x20, 0xff, 0x28, 0x24, 0x20, 0xff, 0x28, 0x24, 0x28, 0xff,
    0x80, 0x80, 0x80, 0xff, 0xf0, 0xf0, 0xf0, 0x41, 0xf8, 0xfc, 0xf8, 0x00,
    0xf8, 0xfc, 0xf8, 0x00, 0xf8, 0xfc, 0xf8, 0x00, 0xb0, 0xb4, 0xb0, 0xe7,
    0x28, 0x28, 0x28, 0xff, 0x30, 0x28, 0x28, 0xff, 0x28, 0x28, 0x28, 0xff,
    0x28, 0x28, 0x28, 0xff, 0x28, 0x28, 0x28, 0xff, 0x28, 0x28, 0x28, 0xff,
    0x28, 0x28, 0x20, 0xff, 0x28, 0x28, 0x28, 0xff, 0x28, 0x28, 0x28, 0xff,
    0x28, 0x28, 0x20, 0xff, 0x30, 0x28, 0x28, 0xff, 0x28, 0x28, 0x28, 0xff,
    0x28, 0x28, 0x28, 0xff, 0x28, 0x28, 0x20, 0xff, 0x30, 0x28, 0x28, 0xff,
    0x28, 0x28, 0x28, 0xff, 0x28, 0x28, 0x28, 0xff, 0x28, 0x28, 0x28, 0xff,
    0x28, 0x28, 0x20, 0xff, 0x28, 0x24, 0x28, 0xff, 0x28, 0x28, 0x28, 0xff,
    0x28, 0x28, 0x20, 0xff, 0x28, 0x28, 0x28, 0xff, 0x28, 0x28, 0x28, 0xff,
    0x30, 0x28, 0x28, 0xff, 0x28, 0x24, 0x28, 0xff, 0x28, 0x28, 0x28, 0xff,
    0x28, 0x28, 0x28, 0xff, 0x28, 0x28, 0x28, 0xff, 0x28, 0x24, 0x28, 0xff,
    0x30, 0x28, 0x28, 0xff, 0x28, 0x28, 0x28, 0xff, 0x28, 0x24, 0x20, 0xff,
    0x28, 0x28, 0x28, 0xff, 0x28, 0x28, 0x28, 0xff, 0x28, 0x28, 0x20, 0xff,
    0x28, 0x24, 0x20, 0xff, 0x28, 0x28, 0x28, 0xff, 0x28, 0x28, 0x28, 0xff,
    0x28, 0x24, 0x20, 0xff, 0x28, 0x28, 0x28, 0xff, 0x28, 0x28, 0x28, 0xff,
    0x28, 0x24, 0x20, 0xff, 0x28, 0x28, 0x28, 0xff, 0x28, 0x24, 0x28, 0xff,
    0x28, 0x28, 0x28, 0xff, 0x28, 0x28, 0x20, 0xff, 0x28, 0x24, 0x28, 0xff,
    0x28, 0x24, 0x28, 0xff, 0x28, 0x28, 0x20, 0xff, 0x28, 0x24, 0x28, 0xff,
    0x28, 0x28, 0x28, 0xff, 0x28, 0x24, 0x20, 0xff, 0x28, 0x28, 0x20, 0xff,
    0x28, 0x24, 0x28, 0xff, 0x28, 0x28, 0x28, 0xff, 0x28, 0x24, 0x28, 0xff,
    0x28, 0x28, 0x20, 0xff, 0x28, 0x24, 0x28, 0xff, 0x28, 0x28, 0x28, 0xff,
    0x28, 0x24, 0x20, 0xff, 0x28, 0x24, 0x20, 0xff, 0x28, 0x28, 0x28, 0xff,
    0x28, 0x28, 0x28, 0xff, 0x28, 0x24, 0x20, 0xff, 0x28, 0x28, 0x28, 0xff,
    0x28, 0x24, 0x28, 0xff, 0x28, 0x24, 0x20, 0xff, 0x28, 0x28, 0x28, 0xff,
    0x28, 0x24, 0x20, 0xff, 0x28, 0x24, 0x28, 0xff, 0x28, 0x28, 0x20, 0xff,
    0x28, 0x24, 0x20, 0xff, 0x20, 0x24, 0x28, 0xff, 0x28, 0x28, 0x20, 0xff,
    0x28, 0x24, 0x20, 0xff, 0x28, 0x28, 0x28, 0xff, 0x28, 0x24, 0x20, 0xff,
    0x28, 0x24, 0x20, 0xff, 0x20, 0x24, 0x20, 0xff, 0x28, 0x24, 0x28, 0xff,
    0x28, 0x24, 0x28, 0xff, 0x20, 0x24, 0x20, 0xff, 0x28, 0x24, 0x28, 0xff,
    0x28, 0x24, 0x20, 0xff, 0x28, 0x24, 0x20, 0xff, 0x28, 0x24, 0x28, 0xff,
    0x28, 0x28, 0x28, 0xff, 0x20, 0x24, 0x20, 0xff, 0x28, 0x24, 0x20, 0xff,
    0x20, 0x24, 0x20, 0xff, 0x28, 0x24, 0x28, 0xff, 0x28, 0x24, 0x20, 0xff,
    0x28, 0x24, 0x28, 0xff, 0x28, 0x28, 0x20, 0xff, 0x28, 0x24, 0x20, 0xff,
    0x28, 0x24, 0x28, 0xff, 0x28, 0x24, 0x20, 0xff, 0x28, 0x24, 0x20, 0xff,
    0x28, 0x24, 0x20, 0xff, 0x28, 0x24, 0x20, 0xff, 0x28, 0x24, 0x28, 0xff,
    0x28, 0x24, 0x20, 0xff, 0x28, 0x28, 0x20, 0xff, 0x28, 0x24, 0x28, 0xff,
    0x20, 0x24, 0x20, 0xff, 0x28, 0x24, 0x20, 0xff, 0x28, 0x28, 0x28, 0xff,
    0x28, 0x24, 0x20, 0xff, 0x28, 0x24, 0x20, 0xff, 0x28, 0x28, 0x28, 0xff,
    0x20, 0x24, 0x20, 0xff, 0x28, 0x24, 0x20, 0xff, 0x28, 0x24, 0x20, 0xff,
    0x20, 0x24, 0x20, 0xff, 0x28, 0x24, 0x28, 0xff, 0x28, 0x24, 0x28, 0xff,
    0x20, 0x24, 0x20, 0xff, 0x20, 0x24, 0x20, 0xff, 0x28, 0x24, 0x20, 0xff,
    0x28, 0x24, 0x20, 0xff, 0x28, 0x24, 0x28, 0xff, 0x28, 0x28, 0x28, 0xff,
    0x20, 0x24, 0x20, 0xff, 0x28, 0x24, 0x20, 0xff, 0x20, 0x24, 0x28, 0xff,
    0x28, 0x24, 0x20, 0xff, 0x28, 0x24, 0x28, 0xff, 0x20, 0x24, 0x20, 0xff,
    0x28, 0x28, 0x28, 0xff, 0x28, 0x24, 0x20, 0xff, 0x28, 0x24, 0x20, 0xff,
    0x20, 0x24, 0x20, 0xff, 0x28, 0x28, 0x28, 0xff, 0x28, 0x24, 0x20, 0xff,
    0x28, 0x24, 0x28, 0xff, 0x28, 0x24, 0x20, 0xff, 0x80, 0x80, 0x80, 0xff,
    0xf0, 0xf4, 0xf0, 0x41, 0xf8, 0xfc, 0xf8, 0x00, 0xf8, 0xfc, 0xf8, 0x00,
    0xf8, 0xfc, 0xf8, 0x00, 0xb8, 0xb4, 0xb0, 0xe7, 0x28, 0x28, 0x28, 0xff,
    0x28, 0x28, 0x28, 0xff, 0x30, 0x28, 0x28, 0xff, 0x28, 0x28, 0x28, 0xff,
    0x28, 0x28, 0x28, 0xff, 0x30, 0x28, 0x28, 0xff, 0x28, 0x28, 0x28, 0xff,
    0x28, 0x28, 0x28, 0xff, 0x28, 0x28, 0x28, 0xff, 0x28, 0x28, 0x28, 0xff,
    0x28, 0x28, 0x28, 0xff, 0x28, 0x28, 0x20, 0xff, 0x28, 0x28, 0x28, 0xff,
    0x28, 0x28, 0x28, 0xff, 0x28, 0x28, 0x28, 0xff, 0x28, 0x28, 0x28, 0xff,
    0x30, 0x28, 0x28, 0xff, 0x28, 0x28, 0x28, 0xff, 0x28, 0x28, 0x20, 0xff,
    0x30, 0x28, 0x28, 0xff, 0x28, 0x28, 0x28, 0xff, 0x28, 0x24, 0x20, 0xff,
    0x28, 0x28, 0x28, 0xff, 0x28, 0x28, 0x28, 0xff, 0x28, 0x28, 0x20, 0xff,
    0x28, 0x28, 0x28, 0xff, 0x28, 0x28, 0x28, 0xff, 0x30, 0x28, 0x20, 0xff,
    0x28, 0x24, 0x20, 0xff, 0x28, 0x28, 0x28, 0xff, 0x28, 0x28, 0x28, 0xff,
    0x28, 0x28, 0x28, 0xff, 0x28, 0x24, 0x28, 0xff, 0x28, 0x28, 0x28, 0xff,
    0x28, 0x28, 0x28, 0xff, 0x28, 0x24, 0x28, 0xff, 0x28, 0x24, 0x20, 0xff,
    0x28, 0x28, 0x28, 0xff, 0x28, 0x28, 0x28, 0xff, 0x28, 0x24, 0x20, 0xff,
    0x30, 0x28, 0x28, 0xff, 0x28, 0x28, 0x28, 0xff, 0x28, 0x28, 0x28, 0xff,
    0x28, 0x24, 0x20, 0xff, 0x28, 0x28, 0x28, 0xff, 0x28, 0x24, 0x20, 0xff,
    0x28, 0x28, 0x28, 0xff, 0x28, 0x28, 0x28, 0xff, 0x28, 0x28, 0x20, 0xff,
    0x28, 0x24, 0x28, 0xff, 0x28, 0x28, 0x20, 0xff, 0x28, 0x24, 0x28, 0xff,
    0x28, 0x28, 0x28, 0xff, 0x28, 0x24, 0x20, 0xff, 0x28, 0x24, 0x20, 0xff,
    0x28, 0x28, 0x28, 0xff, 0x28, 0x24, 0x20, 0xff, 0x28, 0x24, 0x28, 0xff,
    0x28, 0x28, 0x28, 0xff, 0x28, 0x24, 0x28, 0xff, 0x28, 0x24, 0x20, 0xff,
    0x28, 0x24, 0x28, 0xff, 0x28, 0x24, 0x28, 0xff, 0x28, 0x24, 0x20, 0xff,
    0x28, 0x24, 0x20, 0xff, 0x28, 0x28, 0x28, 0xff, 0x28, 0x24, 0x20, 0xff,
    0x28, 0x24, 0x28, 0xff, 0x28, 0x28, 0x28, 0xff, 0x28, 0x24, 0x20, 0xff,
    0x20, 0x24, 0x28, 0xff, 0x28, 0x24, 0x28, 0xff, 0x28, 0x24, 0x20, 0xff,
    0x28, 0x24, 0x28, 0xff, 0x28, 0x24, 0x28, 0xff, 0x28, 0x24, 0x20, 0xff,
    0x20, 0x24, 0x28, 0xff, 0x28, 0x24, 0x20, 0xff, 0x28, 0x28, 0x28, 0xff,
    0x28, 0x24, 0x28, 0xff, 0x28, 0x24, 0x20, 0xff, 0x20, 0x24, 0x20, 0xff,
    0x28, 0x28, 0x28, 0xff, 0x28, 0x24, 0x20, 0xff, 0x20, 0x24, 0x20, 0xff,
    0x20, 0x24, 0x28, 0xff, 0x28, 0x28, 0x20, 0xff, 0x28, 0x24, 0x28, 0xff,
    0x28, 0x24, 0x28, 0xff, 0x28, 0x24, 0x20, 0xff, 0x28, 0x24, 0x28, 0xff,
    0x20, 0x24, 0x20, 0xff, 0x28, 0x24, 0x20, 0xff, 0x28, 0x24, 0x28, 0xff,
    0x28, 0x24, 0x20, 0xff, 0x28, 0x24, 0x28, 0xff, 0x28, 0x28, 0x20, 0xff,
    0x20, 0x24, 0x20, 0xff, 0x28, 0x24, 0x28, 0xff, 0x28, 0x28, 0x28, 0xff,
    0x28, 0x24, 0x20, 0xff, 0x20, 0x24, 0x20, 0xff, 0x28, 0x24, 0x28, 0xff,
    0x28, 0x24, 0x20, 0xff, 0x20, 0x24, 0x20, 0xff, 0x28, 0x24, 0x28, 0xff,
    0x28, 0x24, 0x28, 0xff, 0x20, 0x24, 0x20, 0xff, 0x28, 0x24, 0x20, 0xff,
    0x28, 0x24, 0x28, 0xff, 0x28, 0x24, 0x20, 0xff, 0x20, 0x24, 0x28, 0xff,
    0x28, 0x24, 0x28, 0xff, 0x28, 0x24, 0x28, 0xff, 0x28, 0x24, 0x28, 0xff,
    0x28, 0x24, 0x20, 0xff, 0x28, 0x24, 0x20, 0xff, 0x28, 0x24, 0x28, 0xff,
    0x28, 0x24, 0x28, 0xff, 0x28, 0x24, 0x20, 0xff, 0x20, 0x24, 0x20, 0xff,
    0x28, 0x24, 0x28, 0xff, 0x28, 0x24, 0x20, 0xff, 0x28, 0x24, 0x28, 0xff,
    0x28, 0x24, 0x20, 0xff, 0x28, 0x28, 0x28, 0xff, 0x28, 0x24, 0x20, 0xff,
    0x28, 0x24, 0x20, 0xff, 0x20, 0x24, 0x20, 0xff, 0x28, 0x24, 0x28, 0xff,
    0x28, 0x24, 0x28, 0xff, 0x28, 0x24, 0x20, 0xff, 0x28, 0x24, 0x20, 0xff,
    0x28, 0x24, 0x28, 0xff, 0x28, 0x24, 0x28, 0xff, 0x28, 0x24, 0x20, 0xff,
    0x20, 0x24, 0x20, 0xff, 0x80, 0x80, 0x80, 0xff, 0xf0, 0xf0, 0xf0, 0x41,
    0xf8, 0xfc, 0xf8, 0x00, 0xf8, 0xfc, 0xf8, 0x00, 0xf8, 0xfc, 0xf8, 0x00,
    0xb8, 0xb4, 0xb0, 0xeb, 0x28, 0x28, 0x28, 0xff, 0x28, 0x28, 0x28, 0xff,
    0x28, 0x28, 0x28, 0xff, 0x28, 0x28, 0x28, 0xff, 0x30, 0x28, 0x28, 0xff,
    0x28, 0x28, 0x28, 0xff, 0x28, 0x28, 0x28, 0xff, 0x28, 0x28, 0x20, 0xff,
    0x30, 0x28, 0x28, 0xff, 0x28, 0x28, 0x28, 0xff, 0x28, 0x28, 0x28, 0xff,
    0x30, 0x28, 0x28, 0xff, 0x28, 0x28, 0x28, 0xff, 0x28, 0x28, 0x28, 0xff,
    0x28, 0x28, 0x28, 0xff, 0x28, 0x28, 0x28, 0xff, 0x28, 0x28, 0x28, 0xff,
    0x28, 0x28, 0x28, 0xff, 0x28, 0x28, 0x28, 0xff, 0x28, 0x28, 0x28, 0xff,
    0x28, 0x28, 0x28, 0xff, 0x30, 0x28, 0x28, 0xff, 0x28, 0x24, 0x28, 0xff,
    0x28, 0x28, 0x20, 0xff, 0x28, 0x28, 0x28, 0xff, 0x28, 0x28, 0x28, 0xff,
    0x28, 0x28, 0x28, 0xff, 0x28, 0x24, 0x28, 0xff, 0x28, 0x28, 0x28, 0xff,
    0x28, 0x28, 0x20, 0xff, 0x28, 0x28, 0x28, 0xff, 0x28, 0x28, 0x20, 0xff,
    0x28, 0x28, 0x28, 0xff, 0x28, 0x24, 0x20, 0xff, 0x28, 0x24, 0x20, 0xff,
    0x28, 0x28, 0x28, 0xff, 0x28, 0x28, 0x28, 0xff, 0x28, 0x28, 0x28, 0xff,
    0x28, 0x24, 0x28, 0xff, 0x28, 0x28, 0x28, 0xff, 0x28, 0x28, 0x28, 0xff,
    0x28, 0x24, 0x20, 0xff, 0x28, 0x24, 0x28, 0xff, 0x28, 0x28, 0x28, 0xff,
    0x28, 0x28, 0x20, 0xff, 0x28, 0x24, 0x28, 0xff, 0x28, 0x24, 0x28, 0xff,
    0x28, 0x28, 0x28, 0xff, 0x28, 0x24, 0x20, 0xff, 0x28, 0x28, 0x28, 0xff,
    0x28, 0x24, 0x28, 0xff, 0x28, 0x28, 0x20, 0xff, 0x28, 0x24, 0x28, 0xff,
    0x28, 0x28, 0x28, 0xff, 0x28, 0x28, 0x28, 0xff, 0x28, 0x24, 0x20, 0xff,
    0x28, 0x24, 0x20, 0xff, 0x28, 0x28, 0x28, 0xff, 0x28, 0x28, 0x20, 0xff,
    0x28, 0x24, 0x20, 0xff, 0x28, 0x24, 0x28, 0xff, 0x28, 0x28, 0x28, 0xff,
    0x20, 0x24, 0x20, 0xff, 0x28, 0x28, 0x28, 0xff, 0x28, 0x24, 0x28, 0xff,
    0x28, 0x24, 0x20, 0xff, 0x20, 0x24, 0x20, 0xff, 0x28, 0x28, 0x28, 0xff,
    0x28, 0x24, 0x20, 0xff, 0x28, 0x24, 0x20, 0xff, 0x28, 0x28, 0x28, 0xff,
    0x28, 0x24, 0x20, 0xff, 0x28, 0x28, 0x20, 0xff, 0x28, 0x24, 0x28, 0xff,
    0x20, 0x24, 0x20, 0xff, 0x28, 0x28, 0x28, 0xff, 0x28, 0x24, 0x20, 0xff,
    0x28, 0x24, 0x28, 0xff, 0x28, 0x24, 0x20, 0xff, 0x28, 0x28, 0x28, 0xff,
    0x20, 0x24, 0x20, 0xff, 0x28, 0x24, 0x28, 0xff, 0x28, 0x28, 0x28, 0xff,
    0x28, 0x24, 0x20, 0xff, 0x28, 0x24, 0x28, 0xff, 0x28, 0x24, 0x20, 0xff,
    0x28, 0x24, 0x20, 0xff, 0x28, 0x24, 0x20, 0xff, 0x28, 0x24, 0x28, 0xff,
    0x28, 0x24, 0x20, 0xff, 0x28, 0x24, 0x20, 0xff, 0x20, 0x24, 0x28, 0xff,
    0x28, 0x28, 0x28, 0xff, 0x28, 0x24, 0x20, 0xff, 0x20, 0x24, 0x20, 0xff,
    0x28, 0x24, 0x28, 0xff, 0x28, 0x24, 0x28, 0xff, 0x20, 0x24, 0x20, 0xff,
    0x28, 0x24, 0x20, 0xff, 0x28, 0x24, 0x28, 0xff, 0x20, 0x24, 0x20, 0xff,
    0x28, 0x24, 0x28, 0xff, 0x28, 0x24, 0x20, 0xff, 0x28, 0x24, 0x28, 0xff,
    0x28, 0x24, 0x20, 0xff, 0x28, 0x24, 0x20, 0xff, 0x28, 0x24, 0x28, 0xff,
    0x20, 0x24, 0x20, 0xff, 0x28, 0x28, 0x28, 0xff, 0x28, 0x24, 0x28, 0xff,
    0x28, 0x24, 0x20, 0xff, 0x28, 0x24, 0x20, 0xff, 0x28, 0x24, 0x20, 0xff,
    0x20, 0x24, 0x20, 0xff, 0x28, 0x24, 0x20, 0xff, 0x28, 0x28, 0x28, 0xff,
    0x20, 0x24, 0x20, 0xff, 0x28, 0x24, 0x20, 0xff, 0x28, 0x24, 0x28, 0xff,
    0x28, 0x24, 0x20, 0xff, 0x28, 0x28, 0x28, 0xff, 0x20, 0x24, 0x20, 0xff,
    0x28, 0x24, 0x20, 0xff, 0x28, 0x24, 0x28, 0xff, 0x28, 0x24, 0x20, 0xff,
    0x20, 0x24, 0x20, 0xff, 0x28, 0x24, 0x28, 0xff, 0x28, 0x24, 0x28, 0xff,
    0x28, 0x24, 0x20, 0xff, 0x28, 0x24, 0x20, 0xff, 0x28, 0x24, 0x28, 0xff,
    0x20, 0x24, 0x20, 0xff, 0x28, 0x28, 0x28, 0xff, 0x28, 0x24, 0x20, 0xff,
    0x28, 0x24, 0x28, 0xff, 0x28, 0x28, 0x20, 0xff, 0x28, 0x24, 0x28, 0xff,
    0x80, 0x80, 0x80, 0xff, 0xf0, 0xf4, 0xf0, 0x41, 0xf8, 0xfc, 0xf8, 0x00,
    0xf8, 0xfc, 0xf8, 0x00, 0xf8, 0xfc, 0xf8, 0x00, 0xb0, 0xb4, 0xb0, 0xe7,
    0x28, 0x28, 0x28, 0xff, 0x28, 0x28, 0x28, 0xff, 0x30, 0x28, 0x28, 0xff,
    0x28, 0x28, 0x28, 0xff, 0x28, 0x28, 0x28, 0xff, 0x30, 0x28, 0x28, 0xff,
    0x28, 0x28, 0x28, 0xff, 0x28, 0x28, 0x28, 0xff, 0x30, 0x28, 0x28, 0xff,
    0x28, 0x28, 0x28, 0xff, 0x28, 0x28, 0x28, 0xff, 0x30, 0x28, 0x28, 0xff,
    0x28, 0x28, 0x20, 0xff, 0x28, 0x28, 0x28, 0xff, 0x30, 0x28, 0x28, 0xff,
    0x28, 0x28, 0x20, 0xff, 0x28, 0x28, 0x20, 0xff, 0x28, 0x28, 0x28, 0xff,
    0x28, 0x24, 0x28, 0xff, 0x30, 0x28, 0x28, 0xff, 0x28, 0x28, 0x20, 0xff,
    0x28, 0x28, 0x28, 0xff, 0x28, 0x28, 0x28, 0xff, 0x28, 0x24, 0x28, 0xff,
    0x30, 0x28, 0x28, 0xff, 0x28, 0x28, 0x20, 0xff, 0x28, 0x24, 0x28, 0xff,
    0x28, 0x28, 0x28, 0xff, 0x28, 0x28, 0x28, 0xff, 0x28, 0x24, 0x28, 0xff,
    0x28, 0x28, 0x28, 0xff, 0x28, 0x28, 0x28, 0xff, 0x28, 0x28, 0x28, 0xff,
    0x28, 0x24, 0x20, 0xff, 0x28, 0x28, 0x28, 0xff, 0x28, 0x28, 0x28, 0xff,
    0x28, 0x28, 0x28, 0xff, 0x28, 0x28, 0x20, 0xff, 0x28, 0x24, 0x20, 0xff,
    0x28, 0x24, 0x28, 0xff, 0x28, 0x28, 0x20, 0xff, 0x28, 0x24, 0x28, 0xff,
    0x28, 0x28, 0x28, 0xff, 0x28, 0x28, 0x20, 0xff, 0x28, 0x24, 0x28, 0xff,
    0x28, 0x28, 0x20, 0xff, 0x28, 0x28, 0x28, 0xff, 0x28, 0x24, 0x20, 0xff,
    0x28, 0x28, 0x28, 0xff, 0x28, 0x24, 0x28, 0xff, 0x28, 0x28, 0x20, 0xff,
    0x28, 0x24, 0x28, 0xff, 0x28, 0x24, 0x20, 0xff, 0x28, 0x28, 0x28, 0xff,
    0x28, 0x24, 0x28, 0xff, 0x28, 0x28, 0x28, 0xff, 0x28, 0x24, 0x20, 0xff,
    0x28, 0x24, 0x28, 0xff, 0x28, 0x28, 0x28, 0xff, 0x28, 0x28, 0x20, 0xff,
    0x28, 0x28, 0x28, 0xff, 0x28, 0x24, 0x20, 0xff, 0x28, 0x24, 0x20, 0xff,
    0x28, 0x28, 0x28, 0xff, 0x28, 0x24, 0x28, 0xff, 0x28, 0x24, 0x20, 0xff,
    0x28, 0x28, 0x28, 0xff, 0x28, 0x24, 0x28, 0xff, 0x28, 0x24, 0x20, 0xff,
    0x28, 0x28, 0x28, 0xff, 0x28, 0x24, 0x28, 0xff, 0x20, 0x24, 0x20, 0xff,
    0x28, 0x24, 0x28, 0xff, 0x28, 0x28, 0x20, 0xff, 0x28, 0x24, 0x20, 0xff,
    0x28, 0x24, 0x28, 0xff, 0x28, 0x24, 0x20, 0xff, 0x20, 0x24, 0x20, 0xff,
    0x28, 0x24, 0x28, 0xff, 0x28, 0x24, 0x20, 0xff, 0x28, 0x24, 0x20, 0xff,
    0x28, 0x24, 0x20, 0xff, 0x28, 0x24, 0x28, 0xff, 0x28, 0x24, 0x20, 0xff,
    0x28, 0x24, 0x20, 0xff, 0x28, 0x24, 0x28, 0xff, 0x28, 0x24, 0x28, 0xff,
    0x20, 0x24, 0x20, 0xff, 0x28, 0x28, 0x28, 0xff, 0x20, 0x24, 0x20, 0xff,
    0x28, 0x24, 0x20, 0xff, 0x28, 0x24, 0x28, 0xff, 0x28, 0x24, 0x20, 0xff,
    0x28, 0x24, 0x20, 0xff, 0x28, 0x28, 0x28, 0xff, 0x28, 0x24, 0x20, 0xff,
    0x28, 0x24, 0x20, 0xff, 0x28, 0x24, 0x28, 0xff, 0x28, 0x24, 0x20, 0xff,
    0x28, 0x24, 0x28, 0xff, 0x28, 0x28, 0x28, 0xff, 0x28, 0x24, 0x20, 0xff,
    0x20, 0x24, 0x20, 0xff, 0x28, 0x28, 0x28, 0xff, 0x28, 0x24, 0x28, 0xff,
    0x28, 0x24, 0x20, 0xff, 0x28, 0x28, 0x28, 0xff, 0x28, 0x24, 0x28, 0xff,
    0x28, 0x24, 0x20, 0xff, 0x28, 0x24, 0x20, 0xff, 0x28, 0x28, 0x28, 0xff,
    0x28, 0x24, 0x28, 0xff, 0x28, 0x24, 0x20, 0xff, 0x28, 0x24, 0x20, 0xff,
    0x28, 0x28, 0x28, 0xff, 0x20, 0x24, 0x20, 0xff, 0x28, 0x24, 0x20, 0xff,
    0x28, 0x24, 0x20, 0xff, 0x20, 0x24, 0x20, 0xff, 0x28, 0x24, 0x28, 0xff,
    0x28, 0x24, 0x20, 0xff, 0x28, 0x24, 0x20, 0xff, 0x28, 0x24, 0x28, 0xff,
    0x20, 0x24, 0x20, 0xff, 0x28, 0x24, 0x20, 0xff, 0x28, 0x24, 0x20, 0xff,
    0x28, 0x24, 0x28, 0xff, 0x20, 0x24, 0x20, 0xff, 0x28, 0x24, 0x20, 0xff,
    0x28, 0x28, 0x28, 0xff, 0x28, 0x24, 0x20, 0xff, 0x28, 0x24, 0x28, 0xff,
    0x28, 0x28, 0x28, 0xff, 0x20, 0x24, 0x20, 0xff, 0x28, 0x24, 0x20, 0xff,
    0x28, 0x24, 0x20, 0xff, 0x28, 0x24, 0x20, 0xff, 0x80, 0x80, 0x80, 0xff,
    0xf0, 0xf0, 0xf0, 0x41, 0xf8, 0xfc, 0xf8, 0x00, 0xf8, 0xfc, 0xf8, 0x00,
    0xf8, 0xfc, 0xf8, 0x00, 0xb8, 0xb4, 0xb0, 0xe7, 0x28, 0x28, 0x28, 0xff,
    0x28, 0x28, 0x28, 0xff, 0x28, 0x28, 0x28, 0xff, 0x28, 0x28, 0x28, 0xff,
    0x28, 0x28, 0x20, 0xff, 0x28, 0x28, 0x28, 0xff, 0x28, 0x28, 0x28, 0xff,
    0x28, 0x28, 0x28, 0xff, 0x28, 0x28, 0x28, 0xff, 0x28, 0x28, 0x20, 0xff,
    0x28, 0x28, 0x28, 0xff, 0x28, 0x28, 0x28, 0xff, 0x28, 0x28, 0x28, 0xff,
    0x28, 0x28, 0x28, 0xff, 0x30, 0x28, 0x28, 0xff, 0x28, 0x28, 0x28, 0xff,
    0x28, 0x28, 0x28, 0xff, 0x28, 0x28, 0x28, 0xff, 0x28, 0x28, 0x20, 0xff,
    0x28, 0x28, 0x28, 0xff, 0x28, 0x24, 0x28, 0xff, 0x28, 0x28, 0x28, 0xff,
    0x28, 0x28, 0x20, 0xff, 0x28, 0x28, 0x28, 0xff, 0x28, 0x24, 0x28, 0xff,
    0x28, 0x28, 0x20, 0xff, 0x28, 0x28, 0x28, 0xff, 0x30, 0x28, 0x20, 0xff,
    0x28, 0x24, 0x20, 0xff, 0x28, 0x28, 0x28, 0xff, 0x28, 0x24, 0x20, 0xff,
    0x28, 0x28, 0x28, 0xff, 0x30, 0x28, 0x28, 0xff, 0x28, 0x28, 0x28, 0xff,
    0x28, 0x28, 0x28, 0xff, 0x28, 0x24, 0x20, 0xff, 0x30, 0x28, 0x28, 0xff,
    0x28, 0x24, 0x28, 0xff, 0x28, 0x28, 0x28, 0xff, 0x28, 0x28, 0x28, 0xff,
    0x28, 0x28, 0x28, 0xff, 0x28, 0x24, 0x20, 0xff, 0x28, 0x28, 0x28, 0xff,
    0x28, 0x28, 0x28, 0xff, 0x28, 0x28, 0x28, 0xff, 0x28, 0x24, 0x28, 0xff,
    0x28, 0x28, 0x28, 0xff, 0x28, 0x24, 0x20, 0xff, 0x28, 0x28, 0x28, 0xff,
    0x28, 0x24, 0x20, 0xff, 0x28, 0x28, 0x28, 0xff, 0x28, 0x28, 0x28, 0xff,
    0x28, 0x24, 0x20, 0xff, 0x28, 0x28, 0x20, 0xff, 0x28, 0x24, 0x20, 0xff,
    0x28, 0x24, 0x28, 0xff, 0x28, 0x24, 0x20, 0xff, 0x28, 0x28, 0x28, 0xff,
    0x28, 0x24, 0x20, 0xff, 0x28, 0x24, 0x28, 0xff, 0x28, 0x24, 0x20, 0xff,
    0x28, 0x28, 0x28, 0xff, 0x28, 0x24, 0x20, 0xff, 0x28, 0x24, 0x20, 0xff,
    0x28, 0x24, 0x28, 0xff, 0x28, 0x24, 0x20, 0xff, 0x28, 0x28, 0x28, 0xff,
    0x28, 0x24, 0x20, 0xff, 0x20, 0x24, 0x20, 0xff, 0x28, 0x24, 0x28, 0xff,
    0x20, 0x24, 0x20, 0xff, 0x28, 0x24, 0x28, 0xff, 0x28, 0x24, 0x28, 0xff,
    0x28, 0x24, 0x20, 0xff, 0x20, 0x24, 0x28, 0xff, 0x28, 0x28, 0x28, 0xff,
    0x28, 0x24, 0x20, 0xff, 0x28, 0x28, 0x28, 0xff, 0x20, 0x24, 0x20, 0xff,
    0x28, 0x24, 0x28, 0xff, 0x28, 0x28, 0x28, 0xff, 0x20, 0x24, 0x20, 0xff,
    0x28, 0x24, 0x20, 0xff, 0x28, 0x24, 0x28, 0xff, 0x20, 0x28, 0x20, 0xff,
    0x28, 0x24, 0x28, 0xff, 0x28, 0x24, 0x20, 0xff, 0x28, 0x24, 0x20, 0xff,
    0x20, 0x24, 0x20, 0xff, 0x28, 0x24, 0x28, 0xff, 0x28, 0x24, 0x28, 0xff,
    0x28, 0x24, 0x20, 0xff, 0x28, 0x24, 0x28, 0xff, 0x20, 0x24, 0x20, 0xff,
    0x28, 0x24, 0x20, 0xff, 0x28, 0x24, 0x28, 0xff, 0x20, 0x24, 0x20, 0xff,
    0x28, 0x28, 0x28, 0xff, 0x28, 0x24, 0x28, 0xff, 0x28, 0x24, 0x20, 0xff,
    0x28, 0x24, 0x20, 0xff, 0x28, 0x24, 0x20, 0xff, 0x28, 0x24, 0x28, 0xff,
    0x20, 0x24, 0x20, 0xff, 0x28, 0x24, 0x20, 0xff, 0x20, 0x24, 0x20, 0xff,
    0x28, 0x24, 0x28, 0xff, 0x28, 0x24, 0x20, 0xff, 0x28, 0x24, 0x20, 0xff,
    0x20, 0x24, 0x28, 0xff, 0x28, 0x24, 0x28, 0xff, 0x28, 0x28, 0x20, 0xff,
    0x20, 0x24, 0x28, 0xff, 0x28, 0x24, 0x28, 0xff, 0x28, 0x24, 0x20, 0xff,
    0x28, 0x24, 0x28, 0xff, 0x28, 0x24, 0x28, 0xff, 0x28, 0x24, 0x28, 0xff,
    0x20, 0x24, 0x20, 0xff, 0x28, 0x24, 0x28, 0xff, 0x28, 0x24, 0x28, 0xff,
    0x28, 0x24, 0x28, 0xff, 0x28, 0x28, 0x28, 0xff, 0x28, 0x24, 0x20, 0xff,
    0x28, 0x24, 0x28, 0xff, 0x28, 0x28, 0x28, 0xff, 0x28, 0x24, 0x20, 0xff,
    0x28, 0x24, 0x28, 0xff, 0x20, 0x24, 0x20, 0xff, 0x28, 0x24, 0x20, 0xff,
    0x20, 0x24, 0x20, 0xff, 0x28, 0x24, 0x20, 0xff, 0x28, 0x24, 0x20, 0xff,
    0x28, 0x24, 0x28, 0xff, 0x20, 0x24, 0x20, 0xff, 0x28, 0x24, 0x28, 0xff,
    0x28, 0x24, 0x28, 0xff, 0x80, 0x80, 0x80, 0xff, 0xf0, 0xf0, 0xf0, 0x41,
    0xf8, 0xfc, 0xf8, 0x00, 0xf8, 0xfc, 0xf8, 0x00, 0xf8, 0xfc, 0xf8, 0x00,
    0xb8, 0xb4, 0xb0, 0xe7, 0x28, 0x28, 0x28, 0xff, 0x28, 0x28, 0x28, 0xff,
    0x28, 0x28, 0x28, 0xff, 0x30, 0x28, 0x28, 0xff, 0x28, 0x28, 0x28, 0xff,
    0x28, 0x28, 0x28, 0xff, 0x30, 0x28, 0x28, 0xff, 0x28, 0x28, 0x20, 0xff,
    0x28, 0x28, 0x28, 0xff, 0x30, 0x28, 0x28, 0xff, 0x28, 0x28, 0x28, 0xff,
    0x28, 0x28, 0x28, 0xff, 0x28, 0x28, 0x28, 0xff, 0x28, 0x28, 0x20, 0xff,
    0x28, 0x28, 0x28, 0xff, 0x28, 0x28, 0x28, 0xff, 0x28, 0x24, 0x28, 0xff,
    0x30, 0x28, 0x28, 0xff, 0x28, 0x28, 0x28, 0xff, 0x28, 0x28, 0x20, 0xff,
    0x28, 0x28, 0x28, 0xff, 0x28, 0x24, 0x28, 0xff, 0x30, 0x28, 0x28, 0xff,
    0x28, 0x28, 0x20, 0xff, 0x28, 0x28, 0x28, 0xff, 0x28, 0x24, 0x28, 0xff,
    0x28, 0x28, 0x28, 0xff, 0x28, 0x28, 0x28, 0xff, 0x28, 0x24, 0x20, 0xff,
    0x28, 0x24, 0x28, 0xff, 0x28, 0x28, 0x28, 0xff, 0x28, 0x28, 0x20, 0xff,
    0x28, 0x24, 0x28, 0xff, 0x28, 0x28, 0x28, 0xff, 0x28, 0x28, 0x28, 0xff,
    0x28, 0x28, 0x28, 0xff, 0x28, 0x24, 0x20, 0xff, 0x28, 0x24, 0x28, 0xff,
    0x28, 0x28, 0x20, 0xff, 0x28, 0x28, 0x28, 0xff, 0x28, 0x24, 0x28, 0xff,
    0x28, 0x28, 0x28, 0xff, 0x28, 0x24, 0x20, 0xff, 0x28, 0x24, 0x28, 0xff,
    0x28, 0x28, 0x28, 0xff, 0x28, 0x24, 0x20, 0xff, 0x28, 0x24, 0x20, 0xff,
    0x28, 0x28, 0x28, 0xff, 0x28, 0x24, 0x28, 0xff, 0x28, 0x28, 0x20, 0xff,
    0x28, 0x24, 0x20, 0xff, 0x28, 0x24, 0x28, 0xff, 0x28, 0x28, 0x28, 0xff,
    0x28, 0x24, 0x28, 0xff, 0x28, 0x28, 0x28, 0xff, 0x28, 0x28, 0x28, 0xff,
    0x28, 0x24, 0x20, 0xff, 0x28, 0x24, 0x28, 0xff, 0x28, 0x24, 0x20, 0xff,
    0x28, 0x28, 0x28, 0xff, 0x28, 0x24, 0x28, 0xff, 0x20, 0x24, 0x20, 0xff,
    0x28, 0x24, 0x28, 0xff, 0x28, 0x24, 0x28, 0xff, 0x28, 0x28, 0x28, 0xff,
    0x20, 0x24, 0x20, 0xff, 0x28, 0x24, 0x20, 0xff, 0x28, 0x24, 0x28, 0xff,
    0x28, 0x28, 0x28, 0xff, 0x28, 0x24, 0x20, 0xff, 0x28, 0x28, 0x20, 0xff,
    0x28, 0x28, 0x28, 0xff, 0x28, 0x24, 0x20, 0xff, 0x28, 0x24, 0x20, 0xff,
    0x28, 0x24, 0x20, 0xff, 0x28, 0x24, 0x28, 0xff, 0x28, 0x24, 0x20, 0xff,
    0x28, 0x24, 0x28, 0xff, 0x28, 0x24, 0x20, 0xff, 0x28, 0x24, 0x20, 0xff,
    0x28, 0x24, 0x28, 0xff, 0x28, 0x24, 0x28, 0xff, 0x28, 0x24, 0x20, 0xff,
    0x28, 0x28, 0x28, 0xff, 0x20, 0x24, 0x20, 0xff, 0x28, 0x24, 0x28, 0xff,
    0x28, 0x24, 0x28, 0xff, 0x28, 0x28, 0x20, 0xff, 0x28, 0x24, 0x20, 0xff,
    0x28, 0x24, 0x20, 0xff, 0x28, 0x24, 0x28, 0xff, 0x20, 0x24, 0x20, 0xff,
    0x28, 0x28, 0x28, 0xff, 0x28, 0x24, 0x20, 0xff, 0x20, 0x24, 0x28, 0xff,
    0x28, 0x24, 0x20, 0xff, 0x28, 0x24, 0x28, 0xff, 0x20, 0x24, 0x20, 0xff,
    0x28, 0x24, 0x20, 0xff, 0x20, 0x24, 0x20, 0xff, 0x20, 0x24, 0x28, 0xff,
    0x28, 0x24, 0x28, 0xff, 0x28, 0x24, 0x28, 0xff, 0x28, 0x24, 0x20, 0xff,
    0x28, 0x28, 0x28, 0xff, 0x28, 0x24, 0x20, 0xff, 0x28, 0x24, 0x28, 0xff,
    0x20, 0x24, 0x20, 0xff, 0x28, 0x24, 0x20, 0xff, 0x28, 0x24, 0x20, 0xff,
    0x28, 0x24, 0x28, 0xff, 0x20, 0x24, 0x20, 0xff, 0x28, 0x24, 0x20, 0xff,
    0x28, 0x24, 0x28, 0xff, 0x28, 0x24, 0x20, 0xff, 0x20, 0x24, 0x20, 0xff,
    0x28, 0x24, 0x20, 0xff, 0x28, 0x24, 0x28, 0xff, 0x28, 0x28, 0x20, 0xff,
    0x28, 0x24, 0x20, 0xff, 0x28, 0x24, 0x20, 0xff, 0x20, 0x24, 0x20, 0xff,
    0x28, 0x24, 0x28, 0xff, 0x28, 0x24, 0x20, 0xff, 0x28, 0x24, 0x28, 0xff,
    0x20, 0x24, 0x20, 0xff, 0x28, 0x24, 0x28, 0xff, 0x28, 0x28, 0x28, 0xff,
    0x28, 0x24, 0x28, 0xff, 0x28, 0x24, 0x20, 0xff, 0x28, 0x24, 0x28, 0xff,
    0x28, 0x24, 0x28, 0xff, 0x28, 0x24, 0x20, 0xff, 0x28, 0x24, 0x20, 0xff,
    0x20, 0x24, 0x28, 0xff, 0x28, 0x24, 0x20, 0xff, 0x28, 0x24, 0x20, 0xff,
    0x80, 0x80, 0x80, 0xff, 0xf0, 0xf4, 0xf0, 0x41, 0xf8, 0xfc, 0xf8, 0x00,
    0xf8, 0xfc, 0xf8, 0x00, 0xf8, 0xfc, 0xf8, 0x00, 0xb0, 0xb4, 0xb0, 0xe7,
    0x28, 0x28, 0x28, 0xff, 0x30, 0x28, 0x28, 0xff, 0x28, 0x28, 0x28, 0xff,
    0x28, 0x28, 0x28, 0xff, 0x28, 0x28, 0x28, 0xff, 0x28, 0x28, 0x28, 0xff,
    0x28, 0x28, 0x20, 0xff, 0x30, 0x28, 0x28, 0xff, 0x28, 0x28, 0x28, 0xff,
    0x28, 0x28, 0x28, 0xff, 0x30, 0x28, 0x28, 0xff, 0x28, 0x28, 0x20, 0xff,
    0x28, 0x28, 0x28, 0xff, 0x30, 0x28, 0x28, 0xff, 0x28, 0x28, 0x28, 0xff,
    0x28, 0x28, 0x28, 0xff, 0x28, 0x28, 0x20, 0xff, 0x28, 0x28, 0x28, 0xff,
    0x28, 0x24, 0x28, 0xff, 0x28, 0x28, 0x28, 0xff, 0x28, 0x28, 0x28, 0xff,
    0x28, 0x28, 0x28, 0xff, 0x28, 0x28, 0x28, 0xff, 0x28, 0x28, 0x28, 0xff,
    0x28, 0x28, 0x28, 0xff, 0x30, 0x28, 0x28, 0xff, 0x28, 0x28, 0x28, 0xff,
    0x28, 0x28, 0x28, 0xff, 0x28, 0x24, 0x20, 0xff, 0x28, 0x28, 0x28, 0xff,
    0x28, 0x28, 0x28, 0xff, 0x28, 0x28, 0x28, 0xff, 0x28, 0x24, 0x20, 0xff,
    0x28, 0x28, 0x28, 0xff, 0x30, 0x28, 0x28, 0xff, 0x28, 0x24, 0x20, 0xff,
    0x28, 0x24, 0x28, 0xff, 0x28, 0x28, 0x20, 0xff, 0x28, 0x24, 0x28, 0xff,
    0x28, 0x24, 0x20, 0xff, 0x28, 0x28, 0x20, 0xff, 0x28, 0x28, 0x28, 0xff,
    0x28, 0x28, 0x28, 0xff, 0x28, 0x24, 0x20, 0xff, 0x28, 0x28, 0x28, 0xff,
    0x28, 0x28, 0x20, 0xff, 0x28, 0x28, 0x28, 0xff, 0x28, 0x24, 0x20, 0xff,
    0x28, 0x28, 0x28, 0xff, 0x28, 0x24, 0x28, 0xff, 0x28, 0x28, 0x28, 0xff,
    0x28, 0x24, 0x20, 0xff, 0x28, 0x24, 0x28, 0xff, 0x28, 0x28, 0x28, 0xff,
    0x28, 0x24, 0x20, 0xff, 0x28, 0x28, 0x28, 0xff, 0x28, 0x24, 0x20, 0xff,
    0x28, 0x24, 0x28, 0xff, 0x28, 0x28, 0x28, 0xff, 0x28, 0x28, 0x20, 0xff,
    0x28, 0x24, 0x28, 0xff, 0x28, 0x28, 0x28, 0xff, 0x28, 0x24, 0x20, 0xff,
    0x28, 0x24, 0x20, 0xff, 0x28, 0x28, 0x28, 0xff, 0x28, 0x28, 0x28, 0xff,
    0x28, 0x24, 0x20, 0xff, 0x28, 0x24, 0x28, 0xff, 0x28, 0x24, 0x28, 0xff,
    0x28, 0x24, 0x20, 0xff, 0x28, 0x24, 0x28, 0xff, 0x28, 0x24, 0x20, 0xff,
    0x28, 0x28, 0x28, 0xff, 0x28, 0x24, 0x28, 0xff, 0x28, 0x24, 0x20, 0xff,
    0x28, 0x28, 0x28, 0xff, 0x20, 0x24, 0x20, 0xff, 0x28, 0x24, 0x28, 0xff,
    0x28, 0x28, 0x28, 0xff, 0x28, 0x24, 0x20, 0xff, 0x20, 0x24, 0x20, 0xff,
    0x28, 0x24, 0x20, 0xff, 0x28, 0x24, 0x28, 0xff, 0x28, 0x24, 0x20, 0xff,
    0x28, 0x24, 0x28, 0xff, 0x28, 0x24, 0x20, 0xff, 0x28, 0x24, 0x28, 0xff,
    0x28, 0x24, 0x28, 0xff, 0x20, 0x24, 0x20, 0xff, 0x28, 0x24, 0x28, 0xff,
    0x28, 0x28, 0x20, 0xff, 0x28, 0x24, 0x20, 0xff, 0x28, 0x24, 0x28, 0xff,
    0x28, 0x24, 0x20, 0xff, 0x28, 0x24, 0x28, 0xff, 0x28, 0x24, 0x28, 0xff,
    0x28, 0x28, 0x20, 0xff, 0x28, 0x24, 0x20, 0xff, 0x28, 0x24, 0x28, 0xff,
    0x28, 0x24, 0x20, 0xff, 0x28, 0x24, 0x20, 0xff, 0x28, 0x24, 0x20, 0xff,
    0x20, 0x24, 0x20, 0xff, 0x28, 0x24, 0x28, 0xff, 0x28, 0x24, 0x20, 0xff,
    0x28, 0x24, 0x20, 0xff, 0x20, 0x24, 0x28, 0xff, 0x28, 0x24, 0x28, 0xff,
    0x28, 0x28, 0x20, 0xff, 0x28, 0x24, 0x20, 0xff, 0x28, 0x24, 0x28, 0xff,
    0x28, 0x24, 0x20, 0xff, 0x28, 0x24, 0x20, 0xff, 0x28, 0x24, 0x28, 0xff,
    0x28, 0x28, 0x28, 0xff, 0x20, 0x24, 0x20, 0xff, 0x28, 0x24, 0x20, 0xff,
    0x28, 0x24, 0x28, 0xff, 0x20, 0x24, 0x20, 0xff, 0x28, 0x24, 0x28, 0xff,
    0x28, 0x24, 0x20, 0xff, 0x28, 0x28, 0x20, 0xff, 0x28, 0x24, 0x28, 0xff,
    0x20, 0x24, 0x20, 0xff, 0x28, 0x28, 0x20, 0xff, 0x28, 0x24, 0x20, 0xff,
    0x20, 0x24, 0x20, 0xff, 0x28, 0x24, 0x28, 0xff, 0x28, 0x24, 0x20, 0xff,
    0x28, 0x24, 0x20, 0xff, 0x28, 0x28, 0x28, 0xff, 0x20, 0x24, 0x28, 0xff,
    0x28, 0x24, 0x20, 0xff, 0x28, 0x24, 0x20, 0xff, 0x28, 0x24, 0x28, 0xff,
    0x28, 0x24, 0x20, 0xff, 0x28, 0x24, 0x20, 0xff, 0x80, 0x80, 0x80, 0xff,
    0xf0, 0xf0, 0xf0, 0x41, 0xf8, 0xfc, 0xf8, 0x00, 0xf8, 0xfc, 0xf8, 0x00,
    0xf8, 0xfc, 0xf8, 0x00, 0xb0, 0xb4, 0xb0, 0xe7, 0x28, 0x28, 0x28, 0xff,
    0x28, 0x28, 0x28, 0xff, 0x30, 0x28, 0x28, 0xff, 0x28, 0x28, 0x28, 0xff,
    0x28, 0x28, 0x28, 0xff, 0x28, 0x28, 0x28, 0xff, 0x28, 0x28, 0x28, 0xff,
    0x28, 0x28, 0x28, 0xff, 0x28, 0x28, 0x28, 0xff, 0x28, 0x28, 0x28, 0xff,
    0x28, 0x28, 0x28, 0xff, 0x28, 0x28, 0x28, 0xff, 0x28, 0x28, 0x28, 0xff,
    0x28, 0x28, 0x28, 0xff, 0x28, 0x24, 0x20, 0xff, 0x30, 0x28, 0x28, 0xff,
    0x28, 0x28, 0x28, 0xff, 0x28, 0x28, 0x20, 0xff, 0x28, 0x28, 0x28, 0xff,
    0x30, 0x24, 0x28, 0xff, 0x28, 0x28, 0x20, 0xff, 0x28, 0x28, 0x20, 0xff,
    0x28, 0x24, 0x28, 0xff, 0x28, 0x24, 0x20, 0xff, 0x28, 0x28, 0x20, 0xff,
    0x28, 0x24, 0x28, 0xff, 0x28, 0x28, 0x20, 0xff, 0x28, 0x28, 0x28, 0xff,
    0x28, 0x28, 0x28, 0xff, 0x28, 0x28, 0x28, 0xff, 0x28, 0x28, 0x28, 0xff,
    0x30, 0x28, 0x28, 0xff, 0x28, 0x24, 0x20, 0xff, 0x28, 0x28, 0x28, 0xff,
    0x28, 0x24, 0x20, 0xff, 0x28, 0x24, 0x28, 0xff, 0x28, 0x28, 0x28, 0xff,
    0x28, 0x28, 0x28, 0xff, 0x28, 0x24, 0x28, 0xff, 0x28, 0x28, 0x28, 0xff,
    0x28, 0x28, 0x28, 0xff, 0x28, 0x28, 0x28, 0xff, 0x28, 0x24, 0x20, 0xff,
    0x28, 0x28, 0x28, 0xff, 0x28, 0x24, 0x28, 0xff, 0x28, 0x24, 0x28, 0xff,
    0x28, 0x28, 0x28, 0xff, 0x28, 0x24, 0x20, 0xff, 0x28, 0x24, 0x28, 0xff,
    0x28, 0x28, 0x28, 0xff, 0x28, 0x24, 0x20, 0xff, 0x28, 0x28, 0x28, 0xff,
    0x28, 0x28, 0x20, 0xff, 0x28, 0x24, 0x20, 0xff, 0x28, 0x24, 0x28, 0xff,
    0x28, 0x24, 0x20, 0xff, 0x28, 0x28, 0x28, 0xff, 0x28, 0x28, 0x28, 0xff,
    0x28, 0x24, 0x20, 0xff, 0x28, 0x24, 0x28, 0xff, 0x28, 0x24, 0x20, 0xff,
    0x28, 0x28, 0x28, 0xff, 0x28, 0x24, 0x20, 0xff, 0x20, 0x24, 0x20, 0xff,
    0x28, 0x24, 0x28, 0xff, 0x28, 0x24, 0x20, 0xff, 0x28, 0x24, 0x20, 0xff,
    0x20, 0x28, 0x28, 0xff, 0x28, 0x24, 0x20, 0xff, 0x28, 0x24, 0x20, 0xff,
    0x28, 0x24, 0x28, 0xff, 0x20, 0x24, 0x20, 0xff, 0x28, 0x24, 0x28, 0xff,
    0x20, 0x24, 0x20, 0xff, 0x20, 0x24, 0x20, 0xff, 0x28, 0x24, 0x20, 0xff,
    0x28, 0x24, 0x28, 0xff, 0x28, 0x24, 0x20, 0xff, 0x20, 0x24, 0x20, 0xff,
    0x28, 0x24, 0x28, 0xff, 0x28, 0x24, 0x20, 0xff, 0x28, 0x28, 0x28, 0xff,
    0x20, 0x24, 0x20, 0xff, 0x28, 0x24, 0x28, 0xff, 0x28, 0x24, 0x20, 0xff,
    0x20, 0x24, 0x20, 0xff, 0x28, 0x28, 0x20, 0xff, 0x28, 0x24, 0x20, 0xff,
    0x28, 0x24, 0x28, 0xff, 0x28, 0x24, 0x28, 0xff, 0x20, 0x24, 0x20, 0xff,
    0x28, 0x24, 0x20, 0xff, 0x28, 0x24, 0x28, 0xff, 0x20, 0x24, 0x20, 0xff,
    0x28, 0x24, 0x20, 0xff, 0x28, 0x24, 0x20, 0xff, 0x28, 0x24, 0x28, 0xff,
    0x28, 0x24, 0x28, 0xff, 0x28, 0x28, 0x28, 0xff, 0x28, 0x24, 0x20, 0xff,
    0x28, 0x24, 0x28, 0xff, 0x28, 0x24, 0x20, 0xff, 0x28, 0x28, 0x28, 0xff,
    0x28, 0x24, 0x28, 0xff, 0x20, 0x24, 0x20, 0xff, 0x28, 0x24, 0x20, 0xff,
    0x28, 0x24, 0x28, 0xff, 0x28, 0x24, 0x28, 0xff, 0x28, 0x28, 0x20, 0xff,
    0x20, 0x24, 0x28, 0xff, 0x28, 0x24, 0x28, 0xff, 0x28, 0x24, 0x20, 0xff,
    0x28, 0x28, 0x28, 0xff, 0x28, 0x24, 0x20, 0xff, 0x20, 0x24, 0x20, 0xff,
    0x28, 0x24, 0x28, 0xff, 0x28, 0x24, 0x20, 0xff, 0x28, 0x24, 0x20, 0xff,
    0x28, 0x24, 0x28, 0xff, 0x28, 0x24, 0x28, 0xff, 0x20, 0x24, 0x20, 0xff,
    0x28, 0x24, 0x28, 0xff, 0x28, 0x24, 0x28, 0xff, 0x28, 0x24, 0x20, 0xff,
    0x28, 0x24, 0x28, 0xff, 0x28, 0x24, 0x20, 0xff, 0x28, 0x24, 0x28, 0xff,
    0x28, 0x24, 0x20, 0xff, 0x28, 0x24, 0x20, 0xff, 0x28, 0x24, 0x28, 0xff,
    0x28, 0x24, 0x20, 0xff, 0x20, 0x24, 0x20, 0xff, 0x28, 0x24, 0x28, 0xff,
    0x28, 0x24, 0x20, 0xff, 0x20, 0x24, 0x28, 0xff, 0x28, 0x24, 0x28, 0xff,
    0x28, 0x24, 0x20, 0xff, 0x80, 0x80, 0x80, 0xff, 0xf0, 0xf4, 0xf0, 0x41,
    0xf8, 0xfc, 0xf8, 0x00, 0xf8, 0xfc, 0xf8, 0x00, 0xf8, 0xfc, 0xf8, 0x00,
    0xb8, 0xb4, 0xb0, 0xe7, 0x28, 0x28, 0x28, 0xff, 0x28, 0x28, 0x28, 0xff,
    0x28, 0x28, 0x28, 0xff, 0x28, 0x28, 0x28, 0xff, 0x30, 0x28, 0x20, 0xff,
    0x30, 0x28, 0x28, 0xff, 0x28, 0x28, 0x28, 0xff, 0x28, 0x28, 0x28, 0xff,
    0x30, 0x28, 0x28, 0xff, 0x28, 0x28, 0x20, 0xff, 0x28, 0x28, 0x28, 0xff,
    0x28, 0x28, 0x28, 0xff, 0x28, 0x28, 0x20, 0xff, 0x28, 0x28, 0x28, 0xff,
    0x28, 0x28, 0x28, 0xff, 0x28, 0x24, 0x28, 0xff, 0x28, 0x28, 0x28, 0xff,
    0x28, 0x28, 0x28, 0xff, 0x28, 0x28, 0x20, 0xff, 0x28, 0x28, 0x28, 0xff,
    0x28, 0x28, 0x28, 0xff, 0x28, 0x28, 0x28, 0xff, 0x30, 0x28, 0x28, 0xff,
    0x28, 0x28, 0x28, 0xff, 0x28, 0x24, 0x20, 0xff, 0x28, 0x28, 0x28, 0xff,
    0x28, 0x28, 0x28, 0xff, 0x28, 0x24, 0x28, 0xff, 0x30, 0x28, 0x28, 0xff,
    0x28, 0x24, 0x20, 0xff, 0x28, 0x24, 0x20, 0xff, 0x28, 0x28, 0x28, 0xff,
    0x28, 0x24, 0x28, 0xff, 0x28, 0x28, 0x28, 0xff, 0x28, 0x28, 0x28, 0xff,
    0x28, 0x28, 0x20, 0xff, 0x28, 0x28, 0x28, 0xff, 0x28, 0x24, 0x20, 0xff,
    0x28, 0x28, 0x20, 0xff, 0x28, 0x28, 0x28, 0xff, 0x28, 0x28, 0x28, 0xff,
    0x28, 0x24, 0x20, 0xff, 0x28, 0x28, 0x28, 0xff, 0x28, 0x28, 0x20, 0xff,
    0x28, 0x24, 0x20, 0xff, 0x28, 0x24, 0x28, 0xff, 0x28, 0x28, 0x20, 0xff,
    0x28, 0x28, 0x28, 0xff, 0x28, 0x24, 0x20, 0xff, 0x28, 0x28, 0x28, 0xff,
    0x28, 0x24, 0x20, 0xff, 0x28, 0x24, 0x20, 0xff, 0x28, 0x28, 0x28, 0xff,
    0x28, 0x24, 0x28, 0xff, 0x28, 0x28, 0x28, 0xff, 0x28, 0x28, 0x20, 0xff,
    0x28, 0x24, 0x28, 0xff, 0x28, 0x24, 0x20, 0xff, 0x28, 0x28, 0x28, 0xff,
    0x20, 0x24, 0x20, 0xff, 0x28, 0x24, 0x28, 0xff, 0x28, 0x24, 0x20, 0xff,
    0x28, 0x28, 0x28, 0xff, 0x28, 0x24, 0x28, 0xff, 0x28, 0x24, 0x20, 0xff,
    0x28, 0x24, 0x28, 0xff, 0x28, 0x28, 0x28, 0xff, 0x28, 0x24, 0x20, 0xff,
    0x28, 0x24, 0x28, 0xff, 0x28, 0x28, 0x28, 0xff, 0x28, 0x28, 0x20, 0xff,
    0x28, 0x24, 0x28, 0xff, 0x28, 0x24, 0x20, 0xff, 0x28, 0x28, 0x28, 0xff,
    0x28, 0x24, 0x20, 0xff, 0x28, 0x24, 0x28, 0xff, 0x28, 0x24, 0x28, 0xff,
    0x28, 0x28, 0x20, 0xff, 0x28, 0x24, 0x28, 0xff, 0x28, 0x24, 0x28, 0xff,
    0x28, 0x24, 0x20, 0xff, 0x28, 0x24, 0x28, 0xff, 0x28, 0x24, 0x20, 0xff,
    0x28, 0x28, 0x28, 0xff, 0x28, 0x24, 0x28, 0xff, 0x28, 0x24, 0x20, 0xff,
    0x28, 0x24, 0x28, 0xff, 0x28, 0x28, 0x28, 0xff, 0x20, 0x24, 0x20, 0xff,
    0x28, 0x24, 0x20, 0xff, 0x28, 0x24, 0x28, 0xff, 0x28, 0x24, 0x20, 0xff,
    0x28, 0x24, 0x28, 0xff, 0x28, 0x28, 0x28, 0xff, 0x20, 0x24, 0x20, 0xff,
    0x28, 0x24, 0x28, 0xff, 0x28, 0x24, 0x20, 0xff, 0x20, 0x24, 0x20, 0xff,
    0x28, 0x24, 0x28, 0xff, 0x28, 0x28, 0x28, 0xff, 0x28, 0x24, 0x20, 0xff,
    0x28, 0x24, 0x28, 0xff, 0x28, 0x24, 0x20, 0xff, 0x28, 0x28, 0x28, 0xff,
    0x28, 0x24, 0x20, 0xff, 0x28, 0x24, 0x20, 0xff, 0x28, 0x24, 0x20, 0xff,
    0x20, 0x24, 0x20, 0xff, 0x28, 0x24, 0x20, 0xff, 0x28, 0x24, 0x28, 0xff,
    0x28, 0x24, 0x20, 0xff, 0x20, 0x24, 0x20, 0xff, 0x28, 0x24, 0x28, 0xff,
    0x28, 0x24, 0x20, 0xff, 0x28, 0x24, 0x28, 0xff, 0x28, 0x24, 0x20, 0xff,
    0x28, 0x24, 0x28, 0xff, 0x20, 0x24, 0x20, 0xff, 0x28, 0x28, 0x28, 0xff,
    0x28, 0x24, 0x20, 0xff, 0x20, 0x24, 0x20, 0xff, 0x28, 0x24, 0x28, 0xff,
    0x28, 0x24, 0x20, 0xff, 0x20, 0x24, 0x20, 0xff, 0x28, 0x24, 0x28, 0xff,
    0x28, 0x24, 0x28, 0xff, 0x28, 0x28, 0x20, 0xff, 0x20, 0x24, 0x20, 0xff,
    0x28, 0x28, 0x28, 0xff, 0x28, 0x24, 0x28, 0xff, 0x20, 0x24, 0x20, 0xff,
    0x28, 0x24, 0x28, 0xff, 0x28, 0x24, 0x20, 0xff, 0x28, 0x28, 0x28, 0xff,
    0x20, 0x24, 0x20, 0xff, 0x28, 0x24, 0x20, 0xff, 0x28, 0x24, 0x20, 0xff,
    0x80, 0x80, 0x80, 0xff, 0xf0, 0xf0, 0xf0, 0x41, 0xf8, 0xfc, 0xf8, 0x00,
    0xf8, 0xfc, 0xf8, 0x00, 0xf8, 0xfc, 0xf8, 0x00, 0xb8, 0xb0, 0xb0, 0xe7,
    0x28, 0x28, 0x28, 0xff, 0x28, 0x28, 0x28, 0xff, 0x28, 0x28, 0x28, 0xff,
    0x28, 0x28, 0x28, 0xff, 0x28, 0x28, 0x28, 0xff, 0x28, 0x28, 0x20, 0xff,
    0x28, 0x28, 0x28, 0xff, 0x28, 0x28, 0x28, 0xff, 0x30, 0x28, 0x28, 0xff,
    0x28, 0x28, 0x20, 0xff, 0x28, 0x28, 0x28, 0xff, 0x30, 0x24, 0x28, 0xff,
    0x28, 0x28, 0x20, 0xff, 0x30, 0x28, 0x28, 0xff, 0x28, 0x28, 0x28, 0xff,
    0x28, 0x28, 0x20, 0xff, 0x28, 0x24, 0x28, 0xff, 0x28, 0x28, 0x28, 0xff,
    0x28, 0x24, 0x28, 0xff, 0x28, 0x28, 0x28, 0xff, 0x28, 0x24, 0x28, 0xff,
    0x28, 0x28, 0x28, 0xff, 0x28, 0x28, 0x28, 0xff, 0x28, 0x28, 0x28, 0xff,
    0x28, 0x24, 0x28, 0xff, 0x28, 0x28, 0x28, 0xff, 0x28, 0x28, 0x28, 0xff,
    0x28, 0x24, 0x20, 0xff, 0x28, 0x24, 0x20, 0xff, 0x28, 0x28, 0x28, 0xff,
    0x28, 0x28, 0x28, 0xff, 0x28, 0x24, 0x20, 0xff, 0x28, 0x28, 0x28, 0xff,
    0x28, 0x24, 0x20, 0xff, 0x28, 0x24, 0x28, 0xff, 0x28, 0x28, 0x28, 0xff,
    0x28, 0x24, 0x20, 0xff, 0x28, 0x24, 0x28, 0xff, 0x28, 0x28, 0x28, 0xff,
    0x28, 0x24, 0x20, 0xff, 0x28, 0x24, 0x28, 0xff, 0x28, 0x24, 0x28, 0xff,
    0x28, 0x28, 0x28, 0xff, 0x28, 0x24, 0x28, 0xff, 0x28, 0x28, 0x20, 0xff,
    0x28, 0x28, 0x28, 0xff, 0x28, 0x24, 0x28, 0xff, 0x28, 0x24, 0x20, 0xff,
    0x28, 0x28, 0x28, 0xff, 0x28, 0x24, 0x28, 0xff, 0x28, 0x28, 0x28, 0xff,
    0x28, 0x24, 0x28, 0xff, 0x28, 0x24, 0x28, 0xff, 0x28, 0x24, 0x20, 0xff,
    0x28, 0x24, 0x20, 0xff, 0x28, 0x28, 0x28, 0xff, 0x28, 0x24, 0x28, 0xff,
    0x28, 0x24, 0x20, 0xff, 0x28, 0x24, 0x20, 0xff, 0x28, 0x24, 0x28, 0xff,
    0x28, 0x24, 0x20, 0xff, 0x28, 0x24, 0x28, 0xff, 0x28, 0x28, 0x28, 0xff,
    0x28, 0x24, 0x20, 0xff, 0x28, 0x24, 0x20, 0xff, 0x20, 0x28, 0x28, 0xff,
    0x28, 0x24, 0x20, 0xff, 0x28, 0x24, 0x20, 0xff, 0x28, 0x24, 0x28, 0xff,
    0x20, 0x24, 0x20, 0xff, 0x28, 0x24, 0x28, 0xff, 0x28, 0x28, 0x20, 0xff,
    0x28, 0x24, 0x28, 0xff, 0x28, 0x24, 0x20, 0xff, 0x28, 0x24, 0x28, 0xff,
    0x28, 0x24, 0x20, 0xff, 0x28, 0x28, 0x20, 0xff, 0x28, 0x24, 0x28, 0xff,
    0x28, 0x24, 0x20, 0xff, 0x28, 0x28, 0x20, 0xff, 0x20, 0x24, 0x28, 0xff,
    0x28, 0x24, 0x20, 0xff, 0x28, 0x24, 0x20, 0xff, 0x20, 0x24, 0x20, 0xff,
    0x28, 0x24, 0x28, 0xff, 0x28, 0x24, 0x20, 0xff, 0x28, 0x24, 0x28, 0xff,
    0x28, 0x24, 0x20, 0xff, 0x28, 0x24, 0x20, 0xff, 0x28, 0x24, 0x28, 0xff,
    0x28, 0x28, 0x28, 0xff, 0x20, 0x24, 0x20, 0xff, 0x28, 0x24, 0x20, 0xff,
    0x28, 0x24, 0x20, 0xff, 0x28, 0x24, 0x28, 0xff, 0x28, 0x28, 0x28, 0xff,
    0x28, 0x28, 0x20, 0xff, 0x20, 0x24, 0x20, 0xff, 0x28, 0x24, 0x20, 0xff,
    0x20, 0x24, 0x20, 0xff, 0x28, 0x24, 0x28, 0xff, 0x28, 0x24, 0x20, 0xff,
    0x20, 0x24, 0x20, 0xff, 0x20, 0x24, 0x20, 0xff, 0x28, 0x24, 0x28, 0xff,
    0x28, 0x24, 0x28, 0xff, 0x28, 0x24, 0x28, 0xff, 0x28, 0x24, 0x20, 0xff,
    0x28, 0x24, 0x28, 0xff, 0x28, 0x24, 0x20, 0xff, 0x20, 0x24, 0x20, 0xff,
    0x28, 0x28, 0x28, 0xff, 0x28, 0x24, 0x20, 0xff, 0x20, 0x24, 0x20, 0xff,
    0x28, 0x24, 0x28, 0xff, 0x28, 0x24, 0x20, 0xff, 0x28, 0x24, 0x28, 0xff,
    0x28, 0x24, 0x28, 0xff, 0x28, 0x24, 0x20, 0xff, 0x28, 0x24, 0x20, 0xff,
    0x28, 0x24, 0x28, 0xff, 0x28, 0x24, 0x20, 0xff, 0x28, 0x28, 0x28, 0xff,
    0x20, 0x24, 0x20, 0xff, 0x28, 0x24, 0x20, 0xff, 0x28, 0x24, 0x20, 0xff,
    0x20, 0x24, 0x28, 0xff, 0x28, 0x24, 0x20, 0xff, 0x28, 0x24, 0x20, 0xff,
    0x28, 0x24, 0x20, 0xff, 0x28, 0x24, 0x28, 0xff, 0x28, 0x24, 0x20, 0xff,
    0x28, 0x24, 0x20, 0xff, 0x28, 0x24, 0x20, 0xff, 0x28, 0x24, 0x28, 0xff,
    0x28, 0x24, 0x28, 0xff, 0x28, 0x24, 0x28, 0xff, 0x80, 0x80, 0x80, 0xff,
    0xf0, 0xf4, 0xf0, 0x41, 0xf8, 0xfc, 0xf8, 0x00, 0xf8, 0xfc, 0xf8, 0x00,
    0xf8, 0xfc, 0xf8, 0x00, 0xb0, 0xb4, 0xb0, 0xe7, 0x28, 0x28, 0x28, 0xff,
    0x30, 0x28, 0x28, 0xff, 0x28, 0x28, 0x28, 0xff, 0x28, 0x28, 0x28, 0xff,
    0x28, 0x28, 0x28, 0xff, 0x28, 0x28, 0x28, 0xff, 0x28, 0x28, 0x28, 0xff,
    0x28, 0x28, 0x20, 0xff, 0x28, 0x28, 0x28, 0xff, 0x28, 0x28, 0x28, 0xff,
    0x28, 0x28, 0x28, 0xff, 0x28, 0x28, 0x28, 0xff, 0x28, 0x24, 0x28, 0xff,
    0x28, 0x28, 0x28, 0xff, 0x28, 0x28, 0x28, 0xff, 0x28, 0x28, 0x28, 0xff,
    0x28, 0x28, 0x20, 0xff, 0x30, 0x28, 0x28, 0xff, 0x28, 0x28, 0x28, 0xff,
    0x28, 0x28, 0x20, 0xff, 0x30, 0x24, 0x20, 0xff, 0x28, 0x28, 0x28, 0xff,
    0x28, 0x28, 0x20, 0xff, 0x28, 0x24, 0x20, 0xff, 0x28, 0x28, 0x28, 0xff,
    0x30, 0x28, 0x28, 0xff, 0x28, 0x28, 0x20, 0xff, 0x28, 0x28, 0x28, 0xff,
    0x28, 0x28, 0x28, 0xff, 0x28, 0x24, 0x28, 0xff, 0x28, 0x28, 0x28, 0xff,
    0x28, 0x28, 0x28, 0xff, 0x28, 0x28, 0x28, 0xff, 0x28, 0x28, 0x28, 0xff,
    0x28, 0x28, 0x20, 0xff, 0x28, 0x28, 0x28, 0xff, 0x28, 0x24, 0x28, 0xff,
    0x28, 0x28, 0x28, 0xff, 0x28, 0x28, 0x20, 0xff, 0x28, 0x28, 0x28, 0xff,
    0x28, 0x24, 0x20, 0xff, 0x28, 0x28, 0x28, 0xff, 0x28, 0x28, 0x20, 0xff,
    0x28, 0x24, 0x28, 0xff, 0x28, 0x24, 0x20, 0xff, 0x28, 0x24, 0x20, 0xff,
    0x28, 0x28, 0x28, 0xff, 0x28, 0x28, 0x28, 0xff, 0x28, 0x24, 0x20, 0xff,
    0x28, 0x24, 0x20, 0xff, 0x28, 0x28, 0x28, 0xff, 0x28, 0x28, 0x20, 0xff,
    0x28, 0x28, 0x28, 0xff, 0x28, 0x24, 0x20, 0xff, 0x28, 0x24, 0x20, 0xff,
    0x28, 0x24, 0x28, 0xff, 0x28, 0x24, 0x20, 0xff, 0x28, 0x24, 0x28, 0xff,
    0x28, 0x28, 0x28, 0xff, 0x28, 0x24, 0x20, 0xff, 0x28, 0x28, 0x20, 0xff,
    0x20, 0x24, 0x28, 0xff, 0x28, 0x24, 0x20, 0xff, 0x28, 0x28, 0x20, 0xff,
    0x28, 0x24, 0x28, 0xff, 0x28, 0x24, 0x28, 0xff, 0x28, 0x24, 0x20, 0xff,
    0x28, 0x28, 0x28, 0xff, 0x20, 0x24, 0x20, 0xff, 0x28, 0x24, 0x20, 0xff,
    0x28, 0x24, 0x28, 0xff, 0x28, 0x24, 0x20, 0xff, 0x28, 0x24, 0x28, 0xff,
    0x20, 0x24, 0x20, 0xff, 0x28, 0x24, 0x28, 0xff, 0x20, 0x24, 0x20, 0xff,
    0x20, 0x24, 0x20, 0xff, 0x28, 0x24, 0x28, 0xff, 0x20, 0x24, 0x20, 0xff,
    0x28, 0x24, 0x20, 0xff, 0x28, 0x24, 0x28, 0xff, 0x28, 0x24, 0x28, 0xff,
    0x20, 0x24, 0x20, 0xff, 0x28, 0x24, 0x28, 0xff, 0x28, 0x28, 0x20, 0xff,
    0x28, 0x24, 0x20, 0xff, 0x20, 0x28, 0x28, 0xff, 0x28, 0x24, 0x28, 0xff,
    0x28, 0x24, 0x20, 0xff, 0x20, 0x24, 0x20, 0xff, 0x28, 0x24, 0x28, 0xff,
    0x28, 0x24, 0x20, 0xff, 0x20, 0x24, 0x20, 0xff, 0x28, 0x24, 0x20, 0xff,
    0x28, 0x24, 0x20, 0xff, 0x28, 0x24, 0x20, 0xff, 0x28, 0x24, 0x28, 0xff,
    0x28, 0x24, 0x28, 0xff, 0x28, 0x24, 0x20, 0xff, 0x28, 0x24, 0x28, 0xff,
    0x28, 0x28, 0x28, 0xff, 0x28, 0x24, 0x20, 0xff, 0x28, 0x24, 0x28, 0xff,
    0x28, 0x24, 0x28, 0xff, 0x20, 0x24, 0x20, 0xff, 0x28, 0x24, 0x20, 0xff,
    0x20, 0x24, 0x20, 0xff, 0x28, 0x24, 0x28, 0xff, 0x28, 0x24, 0x20, 0xff,
    0x28, 0x28, 0x28, 0xff, 0x28, 0x24, 0x28, 0xff, 0x28, 0x24, 0x28, 0xff,
    0x28, 0x24, 0x20, 0xff, 0x28, 0x24, 0x20, 0xff, 0x28, 0x28, 0x28, 0xff,
    0x28, 0x24, 0x20, 0xff, 0x20, 0x24, 0x20, 0xff, 0x28, 0x28, 0x28, 0xff,
    0x28, 0x24, 0x20, 0xff, 0x20, 0x24, 0x20, 0xff, 0x28, 0x28, 0x28, 0xff,
    0x28, 0x24, 0x28, 0xff, 0x28, 0x24, 0x20, 0xff, 0x28, 0x24, 0x20, 0xff,
    0x28, 0x24, 0x28, 0xff, 0x28, 0x28, 0x28, 0xff, 0x28, 0x24, 0x28, 0xff,
    0x28, 0x24, 0x28, 0xff, 0x28, 0x24, 0x20, 0xff, 0x28, 0x24, 0x28, 0xff,
    0x20, 0x24, 0x20, 0xff, 0x28, 0x28, 0x28, 0xff, 0x20, 0x24, 0x20, 0xff,
    0x28, 0x24, 0x28, 0xff, 0x28, 0x24, 0x20, 0xff, 0x20, 0x24, 0x20, 0xff,
    0x28, 0x24, 0x28, 0xff, 0x80, 0x80, 0x80, 0xff, 0xf0, 0xf0, 0xf0, 0x41,
    0xf8, 0xfc, 0xf8, 0x00, 0xf8, 0xfc, 0xf8, 0x00, 0xf8, 0xfc, 0xf8, 0x00,
    0xb8, 0xb4, 0xb0, 0xe7, 0x28, 0x28, 0x28, 0xff, 0x28, 0x28, 0x28, 0xff,
    0x28, 0x28, 0x28, 0xff, 0x28, 0x28, 0x28, 0xff, 0x30, 0x28, 0x28, 0xff,
    0x28, 0x28, 0x28, 0xff, 0x28, 0x28, 0x28, 0xff, 0x28, 0x28, 0x28, 0xff,
    0x30, 0x28, 0x28, 0xff, 0x28, 0x28, 0x28, 0xff, 0x28, 0x28, 0x20, 0xff,
    0x28, 0x28, 0x28, 0xff, 0x28, 0x28, 0x28, 0xff, 0x28, 0x24, 0x20, 0xff,
    0x28, 0x28, 0x28, 0xff, 0x28, 0x28, 0x28, 0xff, 0x28, 0x24, 0x28, 0xff,
    0x28, 0x28, 0x20, 0xff, 0x28, 0x28, 0x28, 0xff, 0x28, 0x28, 0x28, 0xff,
    0x28, 0x28, 0x28, 0xff, 0x28, 0x24, 0x28, 0xff, 0x28, 0x28, 0x28, 0xff,
    0x28, 0x24, 0x20, 0xff, 0x28, 0x24, 0x28, 0xff, 0x28, 0x28, 0x28, 0xff,
    0x28, 0x24, 0x20, 0xff, 0x28, 0x28, 0x28, 0xff, 0x28, 0x24, 0x28, 0xff,
    0x28, 0x28, 0x20, 0xff, 0x28, 0x24, 0x20, 0xff, 0x28, 0x24, 0x28, 0xff,
    0x28, 0x28, 0x20, 0xff, 0x28, 0x24, 0x28, 0xff, 0x28, 0x24, 0x20, 0xff,
    0x28, 0x28, 0x20, 0xff, 0x28, 0x28, 0x28, 0xff, 0x28, 0x24, 0x20, 0xff,
    0x28, 0x24, 0x28, 0xff, 0x28, 0x28, 0x28, 0xff, 0x28, 0x28, 0x28, 0xff,
    0x28, 0x24, 0x20, 0xff, 0x28, 0x24, 0x20, 0xff, 0x28, 0x28, 0x28, 0xff,
    0x28, 0x24, 0x28, 0xff, 0x28, 0x24, 0x20, 0xff, 0x28, 0x24, 0x28, 0xff,
    0x28, 0x28, 0x28, 0xff, 0x28, 0x24, 0x20, 0xff, 0x28, 0x24, 0x28, 0xff,
    0x28, 0x28, 0x28, 0xff, 0x28, 0x24, 0x20, 0xff, 0x28, 0x24, 0x20, 0xff,
    0x28, 0x24, 0x28, 0xff, 0x28, 0x24, 0x28, 0xff, 0x28, 0x28, 0x28, 0xff,
    0x28, 0x24, 0x20, 0xff, 0x20, 0x24, 0x20, 0xff, 0x28, 0x24, 0x28, 0xff,
    0x28, 0x28, 0x28, 0xff, 0x28, 0x24, 0x20, 0xff, 0x28, 0x24, 0x28, 0xff,
    0x28, 0x24, 0x28, 0xff, 0x20, 0x24, 0x20, 0xff, 0x28, 0x28, 0x28, 0xff,
    0x28, 0x24, 0x20, 0xff, 0x28, 0x24, 0x28, 0xff, 0x28, 0x24, 0x28, 0xff,
    0x28, 0x28, 0x20, 0xff, 0x28, 0x24, 0x20, 0xff, 0x28, 0x24, 0x28, 0xff,
    0x20, 0x24, 0x20, 0xff, 0x28, 0x28, 0x20, 0xff, 0x28, 0x24, 0x28, 0xff,
    0x28, 0x24, 0x20, 0xff, 0x28, 0x24, 0x20, 0xff, 0x28, 0x24, 0x28, 0xff,
    0x28, 0x24, 0x20, 0xff, 0x28, 0x24, 0x28, 0xff, 0x28, 0x24, 0x28, 0xff,
    0x28, 0x24, 0x20, 0xff, 0x28, 0x28, 0x20, 0xff, 0x28, 0x24, 0x28, 0xff,
    0x28, 0x24, 0x20, 0xff, 0x28, 0x24, 0x20, 0xff, 0x20, 0x24, 0x20, 0xff,
    0x28, 0x24, 0x20, 0xff, 0x28, 0x24, 0x28, 0xff, 0x28, 0x24, 0x20, 0xff,
    0x28, 0x24, 0x20, 0xff, 0x28, 0x24, 0x28, 0xff, 0x28, 0x24, 0x28, 0xff,
    0x28, 0x24, 0x28, 0xff, 0x20, 0x24, 0x28, 0xff, 0x28, 0x24, 0x28, 0xff,
    0x28, 0x24, 0x20, 0xff, 0x20, 0x24, 0x20, 0xff, 0x28, 0x24, 0x28, 0xff,
    0x28, 0x24, 0x20, 0xff, 0x20, 0x24, 0x20, 0xff, 0x28, 0x24, 0x28, 0xff,
    0x28, 0x24, 0x20, 0xff, 0x28, 0x28, 0x20, 0xff, 0x28, 0x24, 0x28, 0xff,
    0x28, 0x24, 0x20, 0xff, 0x28, 0x28, 0x28, 0xff, 0x28, 0x24, 0x20, 0xff,
    0x20, 0x24, 0x20, 0xff, 0x28, 0x24, 0x20, 0xff, 0x28, 0x24, 0x28, 0xff,
    0x28, 0x24, 0x20, 0xff, 0x28, 0x24, 0x20, 0xff, 0x20, 0x24, 0x28, 0xff,
    0x28, 0x24, 0x28, 0xff, 0x28, 0x24, 0x20, 0xff, 0x20, 0x24, 0x20, 0xff,
    0x28, 0x24, 0x28, 0xff, 0x28, 0x24, 0x20, 0xff, 0x28, 0x24, 0x28, 0xff,
    0x28, 0x24, 0x20, 0xff, 0x28, 0x24, 0x28, 0xff, 0x28, 0x24, 0x20, 0xff,
    0x28, 0x24, 0x28, 0xff, 0x20, 0x24, 0x20, 0xff, 0x28, 0x24, 0x28, 0xff,
    0x28, 0x24, 0x20, 0xff, 0x28, 0x24, 0x20, 0xff, 0x28, 0x28, 0x28, 0xff,
    0x20, 0x24, 0x20, 0xff, 0x28, 0x24, 0x20, 0xff, 0x28, 0x24, 0x28, 0xff,
    0x28, 0x24, 0x28, 0xff, 0x28, 0x24, 0x20, 0xff, 0x20, 0x24, 0x20, 0xff,
    0x28, 0x24, 0x20, 0xff, 0x28, 0x28, 0x28, 0xff, 0x20, 0x24, 0x20, 0xff,
    0x80, 0x80, 0x80, 0xff, 0xf0, 0xf4, 0xf0, 0x41, 0xf8, 0xfc, 0xf8, 0x00,
    0xf8, 0xfc, 0xf8, 0x00, 0xf8, 0xfc, 0xf8, 0x00, 0xb8, 0xb4, 0xb0, 0xe7,
    0x28, 0x28, 0x28, 0xff, 0x28, 0x28, 0x28, 0xff, 0x28, 0x28, 0x20, 0xff,
    0x28, 0x28, 0x28, 0xff, 0x30, 0x28, 0x28, 0xff, 0x28, 0x28, 0x20, 0xff,
    0x28, 0x28, 0x28, 0xff, 0x28, 0x28, 0x28, 0xff, 0x28, 0x24, 0x20, 0xff,
    0x28, 0x28, 0x28, 0xff, 0x28, 0x24, 0x28, 0xff, 0x30, 0x28, 0x28, 0xff,
    0x28, 0x28, 0x20, 0xff, 0x28, 0x28, 0x28, 0xff, 0x30, 0x28, 0x28, 0xff,
    0x28, 0x24, 0x20, 0xff, 0x28, 0x28, 0x28, 0xff, 0x28, 0x28, 0x28, 0xff,
    0x28, 0x24, 0x28, 0xff, 0x28, 0x28, 0x28, 0xff, 0x28, 0x28, 0x20, 0xff,
    0x28, 0x24, 0x28, 0xff, 0x28, 0x28, 0x28, 0xff, 0x28, 0x28, 0x28, 0xff,
    0x28, 0x24, 0x20, 0xff, 0x28, 0x24, 0x28, 0xff, 0x28, 0x28, 0x28, 0xff,
    0x28, 0x24, 0x20, 0xff, 0x28, 0x24, 0x28, 0xff, 0x28, 0x28, 0x28, 0xff,
    0x28, 0x28, 0x20, 0xff, 0x28, 0x24, 0x28, 0xff, 0x28, 0x28, 0x28, 0xff,
    0x28, 0x24, 0x20, 0xff, 0x28, 0x24, 0x28, 0xff, 0x28, 0x28, 0x28, 0xff,
    0x28, 0x24, 0x28, 0xff, 0x28, 0x24, 0x20, 0xff, 0x28, 0x28, 0x28, 0xff,
    0x28, 0x24, 0x28, 0xff, 0x28, 0x28, 0x20, 0xff, 0x28, 0x24, 0x28, 0xff,
    0x28, 0x28, 0x28, 0xff, 0x28, 0x28, 0x28, 0xff, 0x28, 0x28, 0x28, 0xff,
    0x28, 0x24, 0x20, 0xff, 0x28, 0x24, 0x20, 0xff, 0x28, 0x28, 0x28, 0xff,
    0x28, 0x28, 0x28, 0xff, 0x28, 0x24, 0x20, 0xff, 0x28, 0x24, 0x20, 0xff,
    0x28, 0x24, 0x28, 0xff, 0x28, 0x28, 0x28, 0xff, 0x28, 0x28, 0x28, 0xff,
    0x28, 0x24, 0x20, 0xff, 0x28, 0x24, 0x20, 0xff, 0x28, 0x28, 0x28, 0xff,
    0x28, 0x24, 0x20, 0xff, 0x28, 0x28, 0x28, 0xff, 0x28, 0x28, 0x28, 0xff,
    0x20, 0x24, 0x20, 0xff, 0x28, 0x24, 0x20, 0xff, 0x28, 0x28, 0x28, 0xff,
    0x28, 0x24, 0x20, 0xff, 0x28, 0x24, 0x20, 0xff, 0x28, 0x28, 0x28, 0xff,
    0x20, 0x24, 0x20, 0xff, 0x20, 0x24, 0x20, 0xff, 0x28, 0x24, 0x28, 0xff,
    0x28, 0x24, 0x28, 0xff, 0x28, 0x28, 0x28, 0xff, 0x28, 0x24, 0x20, 0xff,
    0x20, 0x24, 0x20, 0xff, 0x28, 0x24, 0x28, 0xff, 0x28, 0x24, 0x20, 0xff,
    0x28, 0x24, 0x28, 0xff, 0x28, 0x28, 0x28, 0xff, 0x20, 0x24, 0x20, 0xff,
    0x28, 0x24, 0x20, 0xff, 0x28, 0x28, 0x28, 0xff, 0x28, 0x24, 0x20, 0xff,
    0x28, 0x24, 0x28, 0xff, 0x28, 0x24, 0x28, 0xff, 0x20, 0x24, 0x20, 0xff,
    0x28, 0x24, 0x28, 0xff, 0x28, 0x24, 0x28, 0xff, 0x28, 0x24, 0x28, 0xff,
    0x28, 0x24, 0x20, 0xff, 0x20, 0x24, 0x20, 0xff, 0x28, 0x28, 0x28, 0xff,
    0x28, 0x24, 0x20, 0xff, 0x28, 0x24, 0x20, 0xff, 0x28, 0x28, 0x20, 0xff,
    0x28, 0x24, 0x20, 0xff, 0x28, 0x24, 0x28, 0xff, 0x20, 0x24, 0x20, 0xff,
    0x28, 0x24, 0x28, 0xff, 0x28, 0x24, 0x20, 0xff, 0x28, 0x24, 0x20, 0xff,
    0x28, 0x28, 0x28, 0xff, 0x20, 0x24, 0x20, 0xff, 0x28, 0x24, 0x28, 0xff,
    0x28, 0x24, 0x20, 0xff, 0x20, 0x24, 0x20, 0xff, 0x28, 0x24, 0x28, 0xff,
    0x28, 0x24, 0x20, 0xff, 0x28, 0x24, 0x28, 0xff, 0x28, 0x24, 0x20, 0xff,
    0x28, 0x28, 0x28, 0xff, 0x20, 0x24, 0x20, 0xff, 0x28, 0x24, 0x20, 0xff,
    0x28, 0x28, 0x28, 0xff, 0x28, 0x24, 0x28, 0xff, 0x28, 0x24, 0x20, 0xff,
    0x20, 0x24, 0x20, 0xff, 0x28, 0x24, 0x28, 0xff, 0x28, 0x24, 0x28, 0xff,
    0x28, 0x28, 0x20, 0xff, 0x28, 0x24, 0x28, 0xff, 0x20, 0x24, 0x20, 0xff,
    0x28, 0x28, 0x20, 0xff, 0x28, 0x24, 0x20, 0xff, 0x20, 0x24, 0x20, 0xff,
    0x28, 0x28, 0x28, 0xff, 0x28, 0x24, 0x20, 0xff, 0x28, 0x24, 0x20, 0xff,
    0x28, 0x24, 0x28, 0xff, 0x28, 0x24, 0x20, 0xff, 0x20, 0x24, 0x20, 0xff,
    0x28, 0x28, 0x28, 0xff, 0x28, 0x24, 0x20, 0xff, 0x28, 0x24, 0x20, 0xff,
    0x28, 0x24, 0x28, 0xff, 0x28, 0x24, 0x28, 0xff, 0x28, 0x24, 0x28, 0xff,
    0x28, 0x24, 0x20, 0xff, 0x28, 0x24, 0x20, 0xff, 0x80, 0x80, 0x80, 0xff,
    0xf0, 0xf0, 0xf0, 0x41, 0xf8, 0xfc, 0xf8, 0x00, 0xf8, 0xfc, 0xf8, 0x00,
    0xf8, 0xfc, 0xf8, 0x00, 0xb0, 0xb4, 0xb0, 0xe7, 0x28, 0x28, 0x28, 0xff,
    0x28, 0x28, 0x28, 0xff, 0x28, 0x28, 0x28, 0xff, 0x28, 0x28, 0x28, 0xff,
    0x28, 0x28, 0x28, 0xff, 0x28, 0x28, 0x20, 0xff, 0x28, 0x24, 0x28, 0xff,
    0x28, 0x28, 0x28, 0xff, 0x30, 0x28, 0x28, 0xff, 0x28, 0x28, 0x28, 0xff,
    0x28, 0x28, 0x28, 0xff, 0x28, 0x28, 0x28, 0xff, 0x28, 0x24, 0x28, 0xff,
    0x28, 0x28, 0x28, 0xff, 0x28, 0x28, 0x28, 0xff, 0x28, 0x28, 0x20, 0xff,
    0x30, 0x28, 0x28, 0xff, 0x28, 0x24, 0x28, 0xff, 0x28, 0x28, 0x20, 0xff,
    0x30, 0x28, 0x28, 0xff, 0x28, 0x28, 0x28, 0xff, 0x28, 0x28, 0x20, 0xff,
    0x28, 0x28, 0x28, 0xff, 0x28, 0x28, 0x28, 0xff, 0x28, 0x28, 0x28, 0xff,
    0x28, 0x28, 0x28, 0xff, 0x28, 0x28, 0x28, 0xff, 0x28, 0x24, 0x20, 0xff,
    0x28, 0x28, 0x28, 0xff, 0x28, 0x28, 0x28, 0xff, 0x28, 0x24, 0x20, 0xff,
    0x28, 0x28, 0x28, 0xff, 0x28, 0x28, 0x28, 0xff, 0x28, 0x24, 0x20, 0xff,
    0x28, 0x28, 0x28, 0xff, 0x28, 0x28, 0x28, 0xff, 0x28, 0x24, 0x20, 0xff,
    0x28, 0x28, 0x28, 0xff, 0x28, 0x28, 0x20, 0xff, 0x28, 0x24, 0x20, 0xff,
    0x28, 0x24, 0x28, 0xff, 0x28, 0x28, 0x28, 0xff, 0x28, 0x24, 0x20, 0xff,
    0x28, 0x24, 0x20, 0xff, 0x28, 0x28, 0x28, 0xff, 0x28, 0x24, 0x28, 0xff,
    0x28, 0x28, 0x20, 0xff, 0x28, 0x24, 0x28, 0xff, 0x28, 0x24, 0x28, 0xff,
    0x28, 0x28, 0x20, 0xff, 0x28, 0x24, 0x28, 0xff, 0x28, 0x24, 0x20, 0xff,
    0x28, 0x24, 0x20, 0xff, 0x28, 0x28, 0x28, 0xff, 0x28, 0x24, 0x20, 0xff,
    0x28, 0x28, 0x28, 0xff, 0x28, 0x28, 0x28, 0xff, 0x28, 0x24, 0x20, 0xff,
    0x28, 0x24, 0x20, 0xff, 0x28, 0x24, 0x28, 0xff, 0x28, 0x24, 0x20, 0xff,
    0x28, 0x24, 0x28, 0xff, 0x28, 0x28, 0x28, 0xff, 0x28, 0x24, 0x20, 0xff,
    0x28, 0x24, 0x28, 0xff, 0x28, 0x24, 0x28, 0xff, 0x28, 0x24, 0x20, 0xff,
    0x28, 0x24, 0x20, 0xff, 0x28, 0x24, 0x20, 0xff, 0x20, 0x24, 0x20, 0xff,
    0x28, 0x24, 0x28, 0xff, 0x28, 0x24, 0x28, 0xff, 0x28, 0x24, 0x20, 0xff,
    0x28, 0x24, 0x20, 0xff, 0x20, 0x24, 0x28, 0xff, 0x28, 0x24, 0x20, 0xff,
    0x28, 0x24, 0x28, 0xff, 0x28, 0x24, 0x20, 0xff, 0x28, 0x24, 0x20, 0xff,
    0x28, 0x24, 0x28, 0xff, 0x20, 0x24, 0x20, 0xff, 0x28, 0x24, 0x20, 0xff,
    0x28, 0x24, 0x20, 0xff, 0x28, 0x28, 0x28, 0xff, 0x20, 0x24, 0x20, 0xff,
    0x28, 0x24, 0x20, 0xff, 0x28, 0x24, 0x20, 0xff, 0x28, 0x28, 0x28, 0xff,
    0x20, 0x24, 0x20, 0xff, 0x28, 0x24, 0x28, 0xff, 0x28, 0x24, 0x20, 0xff,
    0x20, 0x24, 0x28, 0xff, 0x28, 0x24, 0x28, 0xff, 0x28, 0x24, 0x20, 0xff,
    0x28, 0x24, 0x20, 0xff, 0x28, 0x24, 0x28, 0xff, 0x28, 0x28, 0x28, 0xff,
    0x28, 0x24, 0x20, 0xff, 0x28, 0x24, 0x20, 0xff, 0x28, 0x24, 0x28, 0xff,
    0x28, 0x24, 0x28, 0xff, 0x28, 0x24, 0x20, 0xff, 0x28, 0x24, 0x28, 0xff,
    0x28, 0x28, 0x28, 0xff, 0x28, 0x24, 0x20, 0xff, 0x20, 0x24, 0x20, 0xff,
    0x28, 0x24, 0x28, 0xff, 0x28, 0x24, 0x28, 0xff, 0x20, 0x24, 0x20, 0xff,
    0x28, 0x24, 0x20, 0xff, 0x28, 0x24, 0x28, 0xff, 0x28, 0x24, 0x28, 0xff,
    0x20, 0x24, 0x20, 0xff, 0x28, 0x28, 0x20, 0xff, 0x28, 0x24, 0x20, 0xff,
    0x28, 0x24, 0x28, 0xff, 0x28, 0x28, 0x20, 0xff, 0x28, 0x24, 0x28, 0xff,
    0x28, 0x24, 0x28, 0xff, 0x28, 0x24, 0x28, 0xff, 0x20, 0x24, 0x20, 0xff,
    0x28, 0x24, 0x28, 0xff, 0x28, 0x24, 0x28, 0xff, 0x28, 0x24, 0x20, 0xff,
    0x28, 0x24, 0x20, 0xff, 0x20, 0x28, 0x28, 0xff, 0x28, 0x24, 0x28, 0xff,
    0x28, 0x24, 0x20, 0xff, 0x28, 0x24, 0x20, 0xff, 0x28, 0x24, 0x28, 0xff,
    0x28, 0x24, 0x28, 0xff, 0x28, 0x28, 0x20, 0xff, 0x28, 0x24, 0x28, 0xff,
    0x28, 0x28, 0x20, 0xff, 0x20, 0x24, 0x20, 0xff, 0x28, 0x24, 0x20, 0xff,
    0x28, 0x24, 0x20, 0xff, 0x80, 0x80, 0x80, 0xff, 0xf0, 0xf0, 0xf0, 0x41,
    0xf8, 0xfc, 0xf8, 0x00, 0xf8, 0xfc, 0xf8, 0x00, 0xf8, 0xfc, 0xf8, 0x00,
    0xb8, 0xb0, 0xb0, 0xe7, 0x28, 0x28, 0x28, 0xff, 0x28, 0x28, 0x28, 0xff,
    0x28, 0x28, 0x28, 0xff, 0x30, 0x28, 0x28, 0xff, 0x28, 0x28, 0x28, 0xff,
    0x28, 0x28, 0x28, 0xff, 0x30, 0x28, 0x28, 0xff, 0x28, 0x28, 0x28, 0xff,
    0x28, 0x28, 0x20, 0xff, 0x28, 0x28, 0x28, 0xff, 0x28, 0x28, 0x28, 0xff,
    0x28, 0x28, 0x20, 0xff, 0x28, 0x28, 0x28, 0xff, 0x28, 0x24, 0x28, 0xff,
    0x28, 0x28, 0x28, 0xff, 0x28, 0x28, 0x28, 0xff, 0x28, 0x28, 0x28, 0xff,
    0x28, 0x28, 0x20, 0xff, 0x28, 0x24, 0x28, 0xff, 0x28, 0x28, 0x28, 0xff,
    0x28, 0x24, 0x20, 0xff, 0x28, 0x24, 0x28, 0xff, 0x28, 0x24, 0x20, 0xff,
    0x30, 0x28, 0x28, 0xff, 0x28, 0x24, 0x20, 0xff, 0x28, 0x28, 0x28, 0xff,
    0x28, 0x28, 0x28, 0xff, 0x28, 0x24, 0x20, 0xff, 0x28, 0x28, 0x28, 0xff,
    0x28, 0x24, 0x20, 0xff, 0x28, 0x28, 0x28, 0xff, 0x28, 0x28, 0x28, 0xff,
    0x28, 0x24, 0x20, 0xff, 0x28, 0x24, 0x28, 0xff, 0x28, 0x28, 0x28, 0xff,
    0x28, 0x24, 0x20, 0xff, 0x28, 0x28, 0x28, 0xff, 0x28, 0x24, 0x28, 0xff,
    0x28, 0x28, 0x28, 0xff, 0x28, 0x24, 0x20, 0xff, 0x28, 0x28, 0x28, 0xff,
    0x28, 0x24, 0x28, 0xff, 0x28, 0x24, 0x20, 0xff, 0x28, 0x24, 0x20, 0xff,
    0x28, 0x24, 0x28, 0xff, 0x28, 0x24, 0x20, 0xff, 0x28, 0x24, 0x20, 0xff,
    0x28, 0x28, 0x28, 0xff, 0x28, 0x24, 0x28, 0xff, 0x28, 0x28, 0x28, 0xff,
    0x28, 0x24, 0x20, 0xff, 0x28, 0x24, 0x28, 0xff, 0x28, 0x24, 0x20, 0xff,
    0x28, 0x24, 0x28, 0xff, 0x28, 0x24, 0x28, 0xff, 0x20, 0x24, 0x20, 0xff,
    0x28, 0x24, 0x28, 0xff, 0x28, 0x24, 0x28, 0xff, 0x20, 0x24, 0x20, 0xff,
    0x28, 0x24, 0x28, 0xff, 0x28, 0x24, 0x20, 0xff, 0x28, 0x24, 0x20, 0xff,
    0x28, 0x24, 0x28, 0xff, 0x20, 0x24, 0x20, 0xff, 0x28, 0x24, 0x28, 0xff,
    0x28, 0x24, 0x20, 0xff, 0x28, 0x24, 0x28, 0xff, 0x28, 0x28, 0x28, 0xff,
    0x28, 0x24, 0x20, 0xff, 0x28, 0x24, 0x20, 0xff, 0x28, 0x24, 0x28, 0xff,
    0x28, 0x28, 0x20, 0xff, 0x28, 0x24, 0x28, 0xff, 0x28, 0x24, 0x20, 0xff,
    0x28, 0x28, 0x28, 0xff, 0x28, 0x24, 0x20, 0xff, 0x20, 0x24, 0x20, 0xff,
    0x28, 0x24, 0x28, 0xff, 0x28, 0x24, 0x20, 0xff, 0x20, 0x24, 0x20, 0xff,
    0x28, 0x28, 0x28, 0xff, 0x28, 0x24, 0x28, 0xff, 0x28, 0x24, 0x20, 0xff,
    0x28, 0x24, 0x28, 0xff, 0x28, 0x24, 0x28, 0xff, 0x20, 0x24, 0x20, 0xff,
    0x28, 0x24, 0x20, 0xff, 0x28, 0x24, 0x28, 0xff, 0x28, 0x24, 0x20, 0xff,
    0x28, 0x24, 0x28, 0xff, 0x28, 0x24, 0x20, 0xff, 0x28, 0x24, 0x28, 0xff,
    0x20, 0x24, 0x20, 0xff, 0x28, 0x24, 0x20, 0xff, 0x28, 0x24, 0x28, 0xff,
    0x28, 0x28, 0x20, 0xff, 0x20, 0x24, 0x20, 0xff, 0x28, 0x24, 0x28, 0xff,
    0x20, 0x24, 0x20, 0xff, 0x28, 0x24, 0x20, 0xff, 0x28, 0x24, 0x20, 0xff,
    0x28, 0x24, 0x28, 0xff, 0x20, 0x24, 0x20, 0xff, 0x28, 0x24, 0x28, 0xff,
    0x28, 0x24, 0x20, 0xff, 0x28, 0x24, 0x20, 0xff, 0x28, 0x24, 0x20, 0xff,
    0x20, 0x24, 0x28, 0xff, 0x28, 0x24, 0x20, 0xff, 0x28, 0x24, 0x20, 0xff,
    0x28, 0x24, 0x28, 0xff, 0x28, 0x24, 0x20, 0xff, 0x28, 0x24, 0x20, 0xff,
    0x28, 0x24, 0x28, 0xff, 0x28, 0x24, 0x28, 0xff, 0x28, 0x24, 0x20, 0xff,
    0x28, 0x24, 0x20, 0xff, 0x20, 0x24, 0x20, 0xff, 0x28, 0x24, 0x20, 0xff,
    0x28, 0x28, 0x28, 0xff, 0x28, 0x24, 0x20, 0xff, 0x28, 0x24, 0x28, 0xff,
    0x28, 0x24, 0x20, 0xff, 0x28, 0x24, 0x20, 0xff, 0x28, 0x24, 0x28, 0xff,
    0x20, 0x24, 0x20, 0xff, 0x28, 0x24, 0x20, 0xff, 0x28, 0x24, 0x28, 0xff,
    0x20, 0x24, 0x20, 0xff, 0x28, 0x24, 0x28, 0xff, 0x28, 0x24, 0x20, 0xff,
    0x20, 0x24, 0x28, 0xff, 0x28, 0x24, 0x20, 0xff, 0x28, 0x24, 0x28, 0xff,
    0x28, 0x24, 0x28, 0xff, 0x28, 0x24, 0x28, 0xff, 0x28, 0x24, 0x20, 0xff,
    0x80, 0x80, 0x80, 0xff, 0xf0, 0xf4, 0xf0, 0x41, 0xf8, 0xfc, 0xf8, 0x00,
    0xf8, 0xfc, 0xf8, 0x00, 0xf8, 0xfc, 0xf8, 0x00, 0xb8, 0xb4, 0xb0, 0xe7,
    0x28, 0x28, 0x28, 0xff, 0x28, 0x28, 0x28, 0xff, 0x28, 0x24, 0x28, 0xff,
    0x30, 0x28, 0x28, 0xff, 0x28, 0x28, 0x20, 0xff, 0x28, 0x28, 0x28, 0xff,
    0x28, 0x24, 0x28, 0xff, 0x28, 0x28, 0x20, 0xff, 0x28, 0x28, 0x28, 0xff,
    0x28, 0x24, 0x28, 0xff, 0x28, 0x28, 0x20, 0xff, 0x30, 0x28, 0x28, 0xff,
    0x28, 0x28, 0x20, 0xff, 0x28, 0x28, 0x28, 0xff, 0x30, 0x24, 0x20, 0xff,
    0x28, 0x28, 0x28, 0xff, 0x28, 0x28, 0x28, 0xff, 0x28, 0x24, 0x28, 0xff,
    0x28, 0x28, 0x28, 0xff, 0x28, 0x28, 0x28, 0xff, 0x28, 0x28, 0x28, 0xff,
    0x28, 0x28, 0x28, 0xff, 0x28, 0x28, 0x28, 0xff, 0x28, 0x24, 0x20, 0xff,
    0x28, 0x28, 0x28, 0xff, 0x28, 0x28, 0x28, 0xff, 0x28, 0x28, 0x20, 0xff,
    0x28, 0x24, 0x28, 0xff, 0x30, 0x28, 0x28, 0xff, 0x28, 0x24, 0x20, 0xff,
    0x28, 0x28, 0x28, 0xff, 0x28, 0x28, 0x28, 0xff, 0x28, 0x28, 0x28, 0xff,
    0x28, 0x28, 0x28, 0xff, 0x28, 0x24, 0x20, 0xff, 0x28, 0x28, 0x28, 0xff,
    0x28, 0x24, 0x20, 0xff, 0x28, 0x24, 0x28, 0xff, 0x28, 0x28, 0x28, 0xff,
    0x28, 0x28, 0x20, 0xff, 0x28, 0x24, 0x28, 0xff, 0x28, 0x28, 0x28, 0xff,
    0x28, 0x28, 0x28, 0xff, 0x28, 0x28, 0x28, 0xff, 0x28, 0x28, 0x28, 0xff,
    0x28, 0x28, 0x28, 0xff, 0x28, 0x28, 0x28, 0xff, 0x28, 0x24, 0x20, 0xff,
    0x28, 0x28, 0x20, 0xff, 0x28, 0x24, 0x20, 0xff, 0x28, 0x28, 0x28, 0xff,
    0x28, 0x24, 0x28, 0xff, 0x28, 0x24, 0x20, 0xff, 0x28, 0x28, 0x28, 0xff,
    0x28, 0x24, 0x20, 0xff, 0x28, 0x24, 0x20, 0xff, 0x28, 0x28, 0x28, 0xff,
    0x28, 0x24, 0x20, 0xff, 0x28, 0x28, 0x28, 0xff, 0x28, 0x28, 0x28, 0xff,
    0x28, 0x24, 0x20, 0xff, 0x28, 0x28, 0x28, 0xff, 0x28, 0x24, 0x20, 0xff,
    0x28, 0x28, 0x28, 0xff, 0x28, 0x28, 0x20, 0xff, 0x20, 0x24, 0x20, 0xff,
    0x28, 0x24, 0x28, 0xff, 0x20, 0x24, 0x20, 0xff, 0x28, 0x24, 0x28, 0xff,
    0x28, 0x24, 0x28, 0xff, 0x20, 0x24, 0x20, 0xff, 0x28, 0x28, 0x20, 0xff,
    0x20, 0x24, 0x20, 0xff, 0x28, 0x24, 0x28, 0xff, 0x28, 0x24, 0x20, 0xff,
    0x20, 0x24, 0x20, 0xff, 0x28, 0x24, 0x28, 0xff, 0x28, 0x24, 0x20, 0xff,
    0x28, 0x24, 0x28, 0xff, 0x28, 0x28, 0x28, 0xff, 0x28, 0x24, 0x20, 0xff,
    0x20, 0x24, 0x20, 0xff, 0x28, 0x28, 0x28, 0xff, 0x28, 0x24, 0x20, 0xff,
    0x28, 0x24, 0x20, 0xff, 0x28, 0x24, 0x28, 0xff, 0x28, 0x24, 0x20, 0xff,
    0x20, 0x24, 0x20, 0xff, 0x28, 0x24, 0x28, 0xff, 0x28, 0x28, 0x20, 0xff,
    0x20, 0x24, 0x20, 0xff, 0x28, 0x24, 0x20, 0xff, 0x28, 0x24, 0x20, 0xff,
    0x28, 0x28, 0x28, 0xff, 0x20, 0x24, 0x20, 0xff, 0x28, 0x24, 0x20, 0xff,
    0x28, 0x24, 0x28, 0xff, 0x28, 0x24, 0x28, 0xff, 0x28, 0x24, 0x28, 0xff,
    0x20, 0x24, 0x20, 0xff, 0x28, 0x28, 0x28, 0xff, 0x28, 0x24, 0x20, 0xff,
    0x28, 0x24, 0x20, 0xff, 0x28, 0x28, 0x28, 0xff, 0x20, 0x24, 0x20, 0xff,
    0x28, 0x24, 0x28, 0xff, 0x28, 0x24, 0x20, 0xff, 0x28, 0x24, 0x28, 0xff,
    0x28, 0x28, 0x28, 0xff, 0x28, 0x24, 0x20, 0xff, 0x20, 0x24, 0x20, 0xff,
    0x28, 0x24, 0x28, 0xff, 0x28, 0x28, 0x28, 0xff, 0x28, 0x24, 0x20, 0xff,
    0x28, 0x24, 0x28, 0xff, 0x28, 0x28, 0x28, 0xff, 0x28, 0x24, 0x28, 0xff,
    0x28, 0x24, 0x20, 0xff, 0x20, 0x24, 0x20, 0xff, 0x28, 0x24, 0x28, 0xff,
    0x28, 0x24, 0x20, 0xff, 0x28, 0x28, 0x20, 0xff, 0x28, 0x24, 0x28, 0xff,
    0x28, 0x24, 0x28, 0xff, 0x20, 0x24, 0x20, 0xff, 0x28, 0x24, 0x28, 0xff,
    0x28, 0x24, 0x20, 0xff, 0x28, 0x24, 0x28, 0xff, 0x28, 0x28, 0x28, 0xff,
    0x20, 0x24, 0x20, 0xff, 0x28, 0x24, 0x20, 0xff, 0x28, 0x24, 0x20, 0xff,
    0x20, 0x24, 0x20, 0xff, 0x28, 0x24, 0x28, 0xff, 0x28, 0x24, 0x20, 0xff,
    0x20, 0x24, 0x20, 0xff, 0x28, 0x24, 0x28, 0xff, 0x80, 0x80, 0x80, 0xff,
    0xf0, 0xf0, 0xf0, 0x41, 0xf8, 0xfc, 0xf8, 0x00, 0xf8, 0xfc, 0xf8, 0x00,
    0xf8, 0xfc, 0xf8, 0x00, 0xb0, 0xb4, 0xb0, 0xe7, 0x28, 0x28, 0x28, 0xff,
    0x28, 0x28, 0x28, 0xff, 0x28, 0x28, 0x20, 0xff, 0x28, 0x28, 0x28, 0xff,
    0x28, 0x28, 0x28, 0xff, 0x28, 0x24, 0x28, 0xff, 0x28, 0x28, 0x28, 0xff,
    0x28, 0x28, 0x28, 0xff, 0x28, 0x28, 0x28, 0xff, 0x28, 0x28, 0x28, 0xff,
    0x28, 0x24, 0x28, 0xff, 0x28, 0x28, 0x28, 0xff, 0x28, 0x28, 0x28, 0xff,
    0x28, 0x28, 0x28, 0xff, 0x28, 0x28, 0x28, 0xff, 0x28, 0x28, 0x20, 0xff,
    0x28, 0x24, 0x28, 0xff, 0x28, 0x24, 0x20, 0xff, 0x28, 0x28, 0x28, 0xff,
    0x28, 0x24, 0x20, 0xff, 0x30, 0x28, 0x28, 0xff, 0x28, 0x24, 0x20, 0xff,
    0x28, 0x24, 0x28, 0xff, 0x28, 0x28, 0x28, 0xff, 0x28, 0x28, 0x28, 0xff,
    0x28, 0x24, 0x20, 0xff, 0x28, 0x24, 0x28, 0xff, 0x28, 0x28, 0x28, 0xff,
    0x28, 0x28, 0x28, 0xff, 0x28, 0x28, 0x28, 0xff, 0x28, 0x28, 0x28, 0xff,
    0x28, 0x24, 0x20, 0xff, 0x28, 0x24, 0x20, 0xff, 0x28, 0x28, 0x28, 0xff,
    0x28, 0x24, 0x28, 0xff, 0x28, 0x28, 0x20, 0xff, 0x28, 0x28, 0x28, 0xff,
    0x28, 0x24, 0x20, 0xff, 0x28, 0x24, 0x28, 0xff, 0x28, 0x28, 0x28, 0xff,
    0x28, 0x24, 0x20, 0xff, 0x28, 0x24, 0x20, 0xff, 0x28, 0x28, 0x28, 0xff,
    0x28, 0x24, 0x20, 0xff, 0x28, 0x24, 0x20, 0xff, 0x28, 0x28, 0x28, 0xff,
    0x28, 0x24, 0x28, 0xff, 0x28, 0x24, 0x20, 0xff, 0x28, 0x24, 0x28, 0xff,
    0x28, 0x24, 0x28, 0xff, 0x28, 0x24, 0x20, 0xff, 0x28, 0x24, 0x20, 0xff,
    0x28, 0x28, 0x28, 0xff, 0x20, 0x24, 0x20, 0xff, 0x28, 0x24, 0x28, 0xff,
    0x28, 0x28, 0x20, 0xff, 0x28, 0x24, 0x20, 0xff, 0x28, 0x24, 0x28, 0xff,
    0x28, 0x24, 0x20, 0xff, 0x28, 0x24, 0x20, 0xff, 0x20, 0x24, 0x28, 0xff,
    0x28, 0x24, 0x28, 0xff, 0x28, 0x24, 0x20, 0xff, 0x28, 0x24, 0x28, 0xff,
    0x20, 0x24, 0x20, 0xff, 0x28, 0x24, 0x20, 0xff, 0x28, 0x24, 0x20, 0xff,
    0x28, 0x24, 0x28, 0xff, 0x28, 0x24, 0x20, 0xff, 0x28, 0x24, 0x20, 0xff,
    0x28, 0x24, 0x28, 0xff, 0x28, 0x24, 0x28, 0xff, 0x28, 0x24, 0x28, 0xff,
    0x28, 0x24, 0x20, 0xff, 0x28, 0x24, 0x28, 0xff, 0x28, 0x24, 0x20, 0xff,
    0x28, 0x24, 0x20, 0xff, 0x28, 0x28, 0x28, 0xff, 0x28, 0x24, 0x20, 0xff,
    0x20, 0x24, 0x20, 0xff, 0x28, 0x24, 0x28, 0xff, 0x28, 0x24, 0x28, 0xff,
    0x20, 0x24, 0x20, 0xff, 0x28, 0x24, 0x20, 0xff, 0x28, 0x28, 0x28, 0xff,
    0x28, 0x24, 0x20, 0xff, 0x28, 0x24, 0x28, 0xff, 0x28, 0x24, 0x20, 0xff,
    0x28, 0x24, 0x28, 0xff, 0x28, 0x24, 0x28, 0xff, 0x28, 0x24, 0x28, 0xff,
    0x28, 0x24, 0x28, 0xff, 0x28, 0x28, 0x28, 0xff, 0x28, 0x24, 0x20, 0xff,
    0x28, 0x24, 0x28, 0xff, 0x20, 0x24, 0x20, 0xff, 0x28, 0x24, 0x20, 0xff,
    0x28, 0x24, 0x20, 0xff, 0x28, 0x24, 0x20, 0xff, 0x28, 0x24, 0x28, 0xff,
    0x20, 0x24, 0x20, 0xff, 0x28, 0x24, 0x28, 0xff, 0x28, 0x24, 0x28, 0xff,
    0x28, 0x28, 0x20, 0xff, 0x28, 0x24, 0x28, 0xff, 0x28, 0x24, 0x28, 0xff,
    0x20, 0x24, 0x20, 0xff, 0x28, 0x24, 0x20, 0xff, 0x28, 0x24, 0x28, 0xff,
    0x20, 0x24, 0x20, 0xff, 0x28, 0x24, 0x20, 0xff, 0x28, 0x24, 0x28, 0xff,
    0x28, 0x24, 0x20, 0xff, 0x20, 0x24, 0x20, 0xff, 0x28, 0x28, 0x20, 0xff,
    0x20, 0x24, 0x20, 0xff, 0x28, 0x24, 0x28, 0xff, 0x28, 0x28, 0x28, 0xff,
    0x28, 0x24, 0x28, 0xff, 0x28, 0x24, 0x20, 0xff, 0x28, 0x24, 0x28, 0xff,
    0x20, 0x24, 0x20, 0xff, 0x28, 0x24, 0x28, 0xff, 0x28, 0x28, 0x20, 0xff,
    0x28, 0x24, 0x20, 0xff, 0x28, 0x24, 0x28, 0xff, 0x20, 0x24, 0x20, 0xff,
    0x28, 0x24, 0x20, 0xff, 0x28, 0x24, 0x20, 0xff, 0x28, 0x24, 0x28, 0xff,
    0x28, 0x28, 0x28, 0xff, 0x28, 0x24, 0x28, 0xff, 0x28, 0x28, 0x20, 0xff,
    0x28, 0x24, 0x28, 0xff, 0x28, 0x28, 0x20, 0xff, 0x28, 0x24, 0x20, 0xff,
    0x28, 0x24, 0x28, 0xff, 0x80, 0x80, 0x80, 0xff, 0xf0, 0xf4, 0xf0, 0x41,
    0xf8, 0xfc, 0xf8, 0x00, 0xf8, 0xfc, 0xf8, 0x00, 0xf8, 0xfc, 0xf8, 0x00,
    0xb0, 0xb4, 0xb0, 0xe7, 0x28, 0x24, 0x28, 0xff, 0x30, 0x28, 0x28, 0xff,
    0x28, 0x28, 0x28, 0xff, 0x28, 0x28, 0x28, 0xff, 0x28, 0x28, 0x20, 0xff,
    0x28, 0x28, 0x28, 0xff, 0x30, 0x28, 0x20, 0xff, 0x30, 0x28, 0x28, 0xff,
    0x28, 0x24, 0x28, 0xff, 0x28, 0x28, 0x20, 0xff, 0x30, 0x28, 0x28, 0xff,
    0x28, 0x24, 0x28, 0xff, 0x28, 0x28, 0x20, 0xff, 0x28, 0x24, 0x28, 0xff,
    0x28, 0x28, 0x28, 0xff, 0x28, 0x28, 0x28, 0xff, 0x28, 0x28, 0x28, 0xff,
    0x28, 0x28, 0x28, 0xff, 0x28, 0x28, 0x20, 0xff, 0x28, 0x28, 0x28, 0xff,
    0x28, 0x28, 0x28, 0xff, 0x28, 0x28, 0x28, 0xff, 0x28, 0x24, 0x20, 0xff,
    0x28, 0x28, 0x28, 0xff, 0x28, 0x28, 0x28, 0xff, 0x28, 0x24, 0x20, 0xff,
    0x28, 0x28, 0x28, 0xff, 0x28, 0x28, 0x20, 0xff, 0x28, 0x24, 0x20, 0xff,
    0x28, 0x28, 0x28, 0xff, 0x28, 0x28, 0x28, 0xff, 0x28, 0x24, 0x20, 0xff,
    0x28, 0x24, 0x28, 0xff, 0x28, 0x28, 0x28, 0xff, 0x28, 0x24, 0x20, 0xff,
    0x28, 0x24, 0x28, 0xff, 0x28, 0x28, 0x28, 0xff, 0x28, 0x28, 0x20, 0xff,
    0x28, 0x24, 0x28, 0xff, 0x28, 0x28, 0x28, 0xff, 0x28, 0x24, 0x20, 0xff,
    0x28, 0x28, 0x28, 0xff, 0x28, 0x24, 0x28, 0xff, 0x28, 0x24, 0x20, 0xff,
    0x28, 0x24, 0x20, 0xff, 0x28, 0x28, 0x28, 0xff, 0x28, 0x24, 0x28, 0xff,
    0x28, 0x24, 0x20, 0xff, 0x28, 0x28, 0x28, 0xff, 0x28, 0x24, 0x28, 0xff,
    0x28, 0x28, 0x28, 0xff, 0x28, 0x24, 0x20, 0xff, 0x28, 0x24, 0x28, 0xff,
    0x28, 0x24, 0x28, 0xff, 0x28, 0x24, 0x20, 0xff, 0x28, 0x24, 0x28, 0xff,
    0x20, 0x24, 0x28, 0xff, 0x28, 0x24, 0x20, 0xff, 0x28, 0x24, 0x28, 0xff,
    0x28, 0x28, 0x20, 0xff, 0x28, 0x24, 0x20, 0xff, 0x20, 0x24, 0x20, 0xff,
    0x28, 0x28, 0x28, 0xff, 0x28, 0x24, 0x20, 0xff, 0x28, 0x24, 0x28, 0xff,
    0x28, 0x24, 0x28, 0xff, 0x28, 0x24, 0x20, 0xff, 0x28, 0x28, 0x28, 0xff,
    0x28, 0x24, 0x20, 0xff, 0x28, 0x28, 0x20, 0xff, 0x20, 0x24, 0x20, 0xff,
    0x28, 0x24, 0x20, 0xff, 0x28, 0x24, 0x20, 0xff, 0x28, 0x24, 0x28, 0xff,
    0x28, 0x28, 0x28, 0xff, 0x28, 0x24, 0x28, 0xff, 0x28, 0x24, 0x20, 0xff,
    0x28, 0x24, 0x28, 0xff, 0x28, 0x24, 0x28, 0xff, 0x20, 0x24, 0x20, 0xff,
    0x28, 0x24, 0x28, 0xff, 0x28, 0x24, 0x20, 0xff, 0x28, 0x24, 0x28, 0xff,
    0x28, 0x24, 0x20, 0xff, 0x28, 0x24, 0x28, 0xff, 0x20, 0x24, 0x20, 0xff,
    0x20, 0x24, 0x20, 0xff, 0x28, 0x24, 0x28, 0xff, 0x28, 0x28, 0x20, 0xff,
    0x20, 0x24, 0x20, 0xff, 0x28, 0x24, 0x20, 0xff, 0x28, 0x24, 0x28, 0xff,
    0x28, 0x24, 0x20, 0xff, 0x28, 0x24, 0x28, 0xff, 0x28, 0x24, 0x28, 0xff,
    0x28, 0x24, 0x20, 0xff, 0x28, 0x24, 0x28, 0xff, 0x20, 0x24, 0x20, 0xff,
    0x28, 0x24, 0x20, 0xff, 0x28, 0x24, 0x20, 0xff, 0x28, 0x24, 0x20, 0xff,
    0x20, 0x24, 0x20, 0xff, 0x28, 0x24, 0x28, 0xff, 0x28, 0x24, 0x20, 0xff,
    0x28, 0x24, 0x20, 0xff, 0x28, 0x24, 0x20, 0xff, 0x28, 0x24, 0x20, 0xff,
    0x28, 0x24, 0x20, 0xff, 0x28, 0x24, 0x28, 0xff, 0x28, 0x28, 0x28, 0xff,
    0x28, 0x24, 0x20, 0xff, 0x28, 0x24, 0x28, 0xff, 0x20, 0x24, 0x20, 0xff,
    0x28, 0x24, 0x28, 0xff, 0x28, 0x24, 0x28, 0xff, 0x28, 0x24, 0x20, 0xff,
    0x20, 0x24, 0x20, 0xff, 0x28, 0x24, 0x20, 0xff, 0x28, 0x24, 0x20, 0xff,
    0x20, 0x24, 0x20, 0xff, 0x28, 0x28, 0x28, 0xff, 0x28, 0x24, 0x28, 0xff,
    0x28, 0x24, 0x20, 0xff, 0x28, 0x24, 0x28, 0xff, 0x28, 0x28, 0x28, 0xff,
    0x28, 0x24, 0x20, 0xff, 0x28, 0x24, 0x20, 0xff, 0x20, 0x24, 0x28, 0xff,
    0x28, 0x24, 0x28, 0xff, 0x28, 0x24, 0x20, 0xff, 0x28, 0x24, 0x28, 0xff,
    0x20, 0x24, 0x20, 0xff, 0x28, 0x24, 0x20, 0xff, 0x28, 0x24, 0x28, 0xff,
    0x28, 0x24, 0x28, 0xff, 0x28, 0x24, 0x20, 0xff, 0x28, 0x24, 0x20, 0xff,
    0x80, 0x80, 0x80, 0xff, 0xf0, 0xf4, 0xf0, 0x41, 0xf8, 0xfc, 0xf8, 0x00,
    0xf8, 0xfc, 0xf8, 0x00, 0xf8, 0xfc, 0xf8, 0x00, 0xb8, 0xb4, 0xb0, 0xe7,
    0x28, 0x28, 0x28, 0xff, 0x28, 0x28, 0x28, 0xff, 0x28, 0x24, 0x28, 0xff,
    0x28, 0x28, 0x28, 0xff, 0x28, 0x28, 0x28, 0xff, 0x28, 0x24, 0x28, 0xff,
    0x28, 0x28, 0x28, 0xff, 0x28, 0x28, 0x20, 0xff, 0x28, 0x28, 0x28, 0xff,
    0x28, 0x28, 0x28, 0xff, 0x28, 0x28, 0x20, 0xff, 0x28, 0x28, 0x28, 0xff,
    0x28, 0x28, 0x28, 0xff, 0x28, 0x28, 0x20, 0xff, 0x28, 0x24, 0x28, 0xff,
    0x28, 0x28, 0x28, 0xff, 0x28, 0x28, 0x20, 0xff, 0x28, 0x24, 0x28, 0xff,
    0x30, 0x28, 0x28, 0xff, 0x28, 0x28, 0x28, 0xff, 0x28, 0x24, 0x20, 0xff,
    0x28, 0x28, 0x28, 0xff, 0x28, 0x24, 0x20, 0xff, 0x28, 0x28, 0x28, 0xff,
    0x28, 0x28, 0x28, 0xff, 0x28, 0x24, 0x20, 0xff, 0x28, 0x28, 0x28, 0xff,
    0x28, 0x24, 0x28, 0xff, 0x28, 0x24, 0x20, 0xff, 0x28, 0x28, 0x28, 0xff,
    0x30, 0x28, 0x28, 0xff, 0x28, 0x28, 0x28, 0xff, 0x28, 0x28, 0x28, 0xff,
    0x28, 0x24, 0x20, 0xff, 0x28, 0x28, 0x28, 0xff, 0x28, 0x24, 0x28, 0xff,
    0x28, 0x28, 0x20, 0xff, 0x28, 0x24, 0x28, 0xff, 0x28, 0x28, 0x20, 0xff,
    0x28, 0x24, 0x20, 0xff, 0x28, 0x28, 0x28, 0xff, 0x28, 0x24, 0x28, 0xff,
    0x28, 0x28, 0x28, 0xff, 0x28, 0x28, 0x28, 0xff, 0x28, 0x28, 0x28, 0xff,
    0x28, 0x24, 0x20, 0xff, 0x28, 0x24, 0x20, 0xff, 0x28, 0x28, 0x28, 0xff,
    0x28, 0x28, 0x20, 0xff, 0x28, 0x24, 0x20, 0xff, 0x28, 0x28, 0x28, 0xff,
    0x20, 0x24, 0x20, 0xff, 0x28, 0x24, 0x20, 0xff, 0x28, 0x28, 0x28, 0xff,
    0x28, 0x28, 0x20, 0xff, 0x28, 0x24, 0x28, 0xff, 0x28, 0x28, 0x20, 0xff,
    0x28, 0x24, 0x28, 0xff, 0x28, 0x24, 0x28, 0xff, 0x28, 0x28, 0x28, 0xff,
    0x28, 0x24, 0x20, 0xff, 0x28, 0x24, 0x28, 0xff, 0x28, 0x24, 0x28, 0xff,
    0x20, 0x24, 0x20, 0xff, 0x28, 0x28, 0x20, 0xff, 0x28, 0x24, 0x20, 0xff,
    0x20, 0x24, 0x28, 0xff, 0x28, 0x24, 0x28, 0xff, 0x28, 0x24, 0x28, 0xff,
    0x28, 0x24, 0x28, 0xff, 0x28, 0x24, 0x28, 0xff, 0x28, 0x24, 0x20, 0xff,
    0x28, 0x28, 0x28, 0xff, 0x20, 0x24, 0x20, 0xff, 0x28, 0x24, 0x20, 0xff,
    0x20, 0x24, 0x20, 0xff, 0x20, 0x24, 0x20, 0xff, 0x28, 0x24, 0x20, 0xff,
    0x28, 0x28, 0x28, 0xff, 0x28, 0x24, 0x20, 0xff, 0x28, 0x28, 0x20, 0xff,
    0x28, 0x24, 0x28, 0xff, 0x28, 0x24, 0x20, 0xff, 0x28, 0x28, 0x28, 0xff,
    0x28, 0x24, 0x28, 0xff, 0x28, 0x24, 0x20, 0xff, 0x28, 0x24, 0x28, 0xff,
    0x28, 0x24, 0x28, 0xff, 0x28, 0x24, 0x20, 0xff, 0x20, 0x24, 0x20, 0xff,
    0x28, 0x24, 0x28, 0xff, 0x28, 0x28, 0x20, 0xff, 0x20, 0x24, 0x20, 0xff,
    0x20, 0x24, 0x20, 0xff, 0x28, 0x24, 0x20, 0xff, 0x28, 0x24, 0x28, 0xff,
    0x28, 0x24, 0x20, 0xff, 0x20, 0x24, 0x28, 0xff, 0x28, 0x24, 0x28, 0xff,
    0x28, 0x24, 0x20, 0xff, 0x28, 0x28, 0x28, 0xff, 0x28, 0x24, 0x28, 0xff,
    0x28, 0x24, 0x20, 0xff, 0x28, 0x28, 0x28, 0xff, 0x28, 0x24, 0x28, 0xff,
    0x20, 0x24, 0x20, 0xff, 0x28, 0x24, 0x28, 0xff, 0x28, 0x28, 0x28, 0xff,
    0x20, 0x24, 0x20, 0xff, 0x28, 0x24, 0x20, 0xff, 0x28, 0x24, 0x20, 0xff,
    0x20, 0x24, 0x20, 0xff, 0x28, 0x24, 0x28, 0xff, 0x28, 0x24, 0x20, 0xff,
    0x28, 0x24, 0x28, 0xff, 0x28, 0x24, 0x28, 0xff, 0x28, 0x28, 0x20, 0xff,
    0x28, 0x24, 0x28, 0xff, 0x28, 0x24, 0x20, 0xff, 0x28, 0x24, 0x28, 0xff,
    0x28, 0x24, 0x20, 0xff, 0x28, 0x24, 0x20, 0xff, 0x20, 0x24, 0x20, 0xff,
    0x20, 0x24, 0x20, 0xff, 0x28, 0x24, 0x28, 0xff, 0x28, 0x24, 0x28, 0xff,
    0x28, 0x24, 0x20, 0xff, 0x28, 0x24, 0x20, 0xff, 0x28, 0x28, 0x28, 0xff,
    0x28, 0x24, 0x20, 0xff, 0x28, 0x24, 0x20, 0xff, 0x28, 0x24, 0x20, 0xff,
    0x28, 0x24, 0x28, 0xff, 0x28, 0x24, 0x20, 0xff, 0x20, 0x28, 0x28, 0xff,
    0x28, 0x24, 0x28, 0xff, 0x28, 0x24, 0x20, 0xff, 0x80, 0x80, 0x80, 0xff,
    0xf0, 0xf0, 0xf0, 0x41, 0xf8, 0xfc, 0xf8, 0x00, 0xf8, 0xfc, 0xf8, 0x00,
    0xf8, 0xfc, 0xf8, 0x00, 0xb0, 0xb4, 0xb0, 0xe7, 0x28, 0x28, 0x28, 0xff,
    0x28, 0x24, 0x28, 0xff, 0x28, 0x28, 0x28, 0xff, 0x30, 0x28, 0x20, 0xff,
    0x28, 0x28, 0x28, 0xff, 0x28, 0x24, 0x28, 0xff, 0x28, 0x28, 0x28, 0xff,
    0x28, 0x28, 0x28, 0xff, 0x28, 0x28, 0x28, 0xff, 0x28, 0x24, 0x28, 0xff,
    0x28, 0x28, 0x28, 0xff, 0x28, 0x28, 0x28, 0xff, 0x28, 0x24, 0x28, 0xff,
    0x30, 0x28, 0x20, 0xff, 0x28, 0x28, 0x28, 0xff, 0x28, 0x28, 0x28, 0xff,
    0x28, 0x24, 0x20, 0xff, 0x28, 0x28, 0x28, 0xff, 0x28, 0x28, 0x28, 0xff,
    0x28, 0x24, 0x20, 0xff, 0x28, 0x24, 0x28, 0xff, 0x28, 0x28, 0x28, 0xff,
    0x28, 0x28, 0x28, 0xff, 0x28, 0x24, 0x20, 0xff, 0x28, 0x24, 0x28, 0xff,
    0x28, 0x28, 0x28, 0xff, 0x28, 0x24, 0x20, 0xff, 0x28, 0x28, 0x28, 0xff,
    0x28, 0x28, 0x28, 0xff, 0x28, 0x24, 0x20, 0xff, 0x28, 0x24, 0x28, 0xff,
    0x28, 0x28, 0x20, 0xff, 0x28, 0x24, 0x20, 0xff, 0x28, 0x28, 0x28, 0xff,
    0x28, 0x28, 0x28, 0xff, 0x28, 0x24, 0x20, 0xff, 0x28, 0x24, 0x28, 0xff,
    0x28, 0x28, 0x28, 0xff, 0x28, 0x24, 0x20, 0xff, 0x28, 0x24, 0x28, 0xff,
    0x28, 0x28, 0x28, 0xff, 0x28, 0x24, 0x20, 0xff, 0x28, 0x24, 0x20, 0xff,
    0x28, 0x24, 0x20, 0xff, 0x28, 0x28, 0x28, 0xff, 0x28, 0x24, 0x20, 0xff,
    0x28, 0x28, 0x28, 0xff, 0x28, 0x24, 0x28, 0xff, 0x28, 0x24, 0x20, 0xff,
    0x28, 0x28, 0x28, 0xff, 0x28, 0x24, 0x28, 0xff, 0x28, 0x24, 0x20, 0xff,
    0x28, 0x24, 0x28, 0xff, 0x28, 0x28, 0x28, 0xff, 0x20, 0x24, 0x20, 0xff,
    0x28, 0x24, 0x20, 0xff, 0x28, 0x24, 0x28, 0xff, 0x28, 0x28, 0x20, 0xff,
    0x20, 0x24, 0x20, 0xff, 0x28, 0x24, 0x28, 0xff, 0x28, 0x24, 0x20, 0xff,
    0x28, 0x28, 0x28, 0xff, 0x28, 0x24, 0x20, 0xff, 0x28, 0x24, 0x28, 0xff,
    0x28, 0x24, 0x28, 0xff, 0x28, 0x24, 0x20, 0xff, 0x20, 0x24, 0x20, 0xff,
    0x28, 0x24, 0x20, 0xff, 0x28, 0x28, 0x20, 0xff, 0x20, 0x24, 0x28, 0xff,
    0x28, 0x24, 0x20, 0xff, 0x28, 0x24, 0x28, 0xff, 0x20, 0x24, 0x20, 0xff,
    0x28, 0x24, 0x20, 0xff, 0x28, 0x24, 0x28, 0xff, 0x28, 0x24, 0x28, 0xff,
    0x28, 0x24, 0x20, 0xff, 0x28, 0x24, 0x28, 0xff, 0x20, 0x24, 0x20, 0xff,
    0x28, 0x24, 0x28, 0xff, 0x28, 0x24, 0x28, 0xff, 0x20, 0x24, 0x20, 0xff,
    0x28, 0x24, 0x20, 0xff, 0x28, 0x24, 0x28, 0xff, 0x28, 0x24, 0x20, 0xff,
    0x20, 0x24, 0x20, 0xff, 0x28, 0x24, 0x20, 0xff, 0x28, 0x24, 0x20, 0xff,
    0x28, 0x24, 0x28, 0xff, 0x28, 0x24, 0x28, 0xff, 0x28, 0x24, 0x20, 0xff,
    0x28, 0x24, 0x28, 0xff, 0x28, 0x24, 0x28, 0xff, 0x28, 0x28, 0x20, 0xff,
    0x28, 0x24, 0x28, 0xff, 0x28, 0x24, 0x20, 0xff, 0x28, 0x28, 0x28, 0xff,
    0x28, 0x24, 0x28, 0xff, 0x20, 0x24, 0x20, 0xff, 0x28, 0x24, 0x28, 0xff,
    0x28, 0x24, 0x28, 0xff, 0x28, 0x24, 0x20, 0xff, 0x20, 0x24, 0x20, 0xff,
    0x28, 0x24, 0x20, 0xff, 0x20, 0x24, 0x28, 0xff, 0x28, 0x24, 0x20, 0xff,
    0x28, 0x24, 0x28, 0xff, 0x28, 0x24, 0x28, 0xff, 0x28, 0x24, 0x20, 0xff,
    0x28, 0x24, 0x28, 0xff, 0x28, 0x24, 0x28, 0xff, 0x28, 0x24, 0x20, 0xff,
    0x28, 0x28, 0x28, 0xff, 0x20, 0x24, 0x20, 0xff, 0x28, 0x24, 0x20, 0xff,
    0x28, 0x28, 0x28, 0xff, 0x28, 0x24, 0x28, 0xff, 0x20, 0x24, 0x20, 0xff,
    0x28, 0x24, 0x28, 0xff, 0x28, 0x24, 0x20, 0xff, 0x20, 0x24, 0x20, 0xff,
    0x28, 0x24, 0x28, 0xff, 0x28, 0x28, 0x28, 0xff, 0x28, 0x24, 0x20, 0xff,
    0x28, 0x24, 0x20, 0xff, 0x20, 0x24, 0x20, 0xff, 0x28, 0x24, 0x28, 0xff,
    0x28, 0x28, 0x28, 0xff, 0x20, 0x24, 0x20, 0xff, 0x28, 0x24, 0x28, 0xff,
    0x28, 0x24, 0x20, 0xff, 0x20, 0x24, 0x28, 0xff, 0x28, 0x28, 0x28, 0xff,
    0x28, 0x24, 0x20, 0xff, 0x20, 0x24, 0x20, 0xff, 0x28, 0x24, 0x20, 0xff,
    0x28, 0x24, 0x20, 0xff, 0x80, 0x80, 0x80, 0xff, 0xf0, 0xf0, 0xf0, 0x41,
    0xf8, 0xfc, 0xf8, 0x00, 0xf8, 0xfc, 0xf8, 0x00, 0xf8, 0xfc, 0xf8, 0x00,
    0xb0, 0xb0, 0xb0, 0xe7, 0x28, 0x28, 0x28, 0xff, 0x28, 0x28, 0x28, 0xff,
    0x28, 0x28, 0x20, 0xff, 0x28, 0x28, 0x28, 0xff, 0x28, 0x28, 0x20, 0xff,
    0x28, 0x28, 0x28, 0xff, 0x30, 0x28, 0x28, 0xff, 0x28, 0x28, 0x20, 0xff,
    0x28, 0x24, 0x28, 0xff, 0x30, 0x28, 0x20, 0xff, 0x28, 0x28, 0x28, 0xff,
    0x28, 0x24, 0x28, 0xff, 0x28, 0x28, 0x20, 0xff, 0x28, 0x28, 0x28, 0xff,
    0x28, 0x28, 0x28, 0xff, 0x28, 0x24, 0x28, 0xff, 0x28, 0x24, 0x20, 0xff,
    0x28, 0x28, 0x28, 0xff, 0x28, 0x28, 0x28, 0xff, 0x28, 0x24, 0x20, 0xff,
    0x28, 0x28, 0x20, 0xff, 0x28, 0x28, 0x28, 0xff, 0x28, 0x28, 0x28, 0xff,
    0x28, 0x24, 0x20, 0xff, 0x28, 0x28, 0x28, 0xff, 0x28, 0x28, 0x28, 0xff,
    0x30, 0x28, 0x28, 0xff, 0x28, 0x24, 0x20, 0xff, 0x28, 0x28, 0x28, 0xff,
    0x28, 0x24, 0x28, 0xff, 0x28, 0x28, 0x20, 0xff, 0x28, 0x24, 0x28, 0xff,
    0x28, 0x24, 0x28, 0xff, 0x28, 0x28, 0x20, 0xff, 0x28, 0x24, 0x28, 0xff,
    0x28, 0x28, 0x20, 0xff, 0x28, 0x28, 0x28, 0xff, 0x28, 0x24, 0x28, 0xff,
    0x28, 0x28, 0x20, 0xff, 0x28, 0x24, 0x20, 0xff, 0x28, 0x28, 0x28, 0xff,
    0x28, 0x24, 0x20, 0xff, 0x28, 0x28, 0x28, 0xff, 0x28, 0x24, 0x28, 0xff,
    0x28, 0x24, 0x28, 0xff, 0x28, 0x24, 0x20, 0xff, 0x28, 0x28, 0x28, 0xff,
    0x28, 0x24, 0x28, 0xff, 0x28, 0x24, 0x20, 0xff, 0x28, 0x24, 0x28, 0xff,
    0x28, 0x24, 0x20, 0xff, 0x28, 0x24, 0x20, 0xff, 0x28, 0x28, 0x28, 0xff,
    0x28, 0x24, 0x20, 0xff, 0x28, 0x24, 0x28, 0xff, 0x28, 0x24, 0x28, 0xff,
    0x28, 0x24, 0x20, 0xff, 0x28, 0x24, 0x20, 0xff, 0x28, 0x28, 0x28, 0xff,
    0x28, 0x24, 0x20, 0xff, 0x28, 0x24, 0x28, 0xff, 0x20, 0x24, 0x20, 0xff,
    0x28, 0x28, 0x20, 0xff, 0x28, 0x24, 0x28, 0xff, 0x28, 0x24, 0x20, 0xff,
    0x28, 0x28, 0x28, 0xff, 0x28, 0x24, 0x20, 0xff, 0x28, 0x24, 0x28, 0xff,
    0x28, 0x24, 0x20, 0xff, 0x20, 0x24, 0x20, 0xff, 0x28, 0x24, 0x20, 0xff,
    0x28, 0x24, 0x20, 0xff, 0x20, 0x24, 0x28, 0xff, 0x28, 0x24, 0x28, 0xff,
    0x28, 0x28, 0x20, 0xff, 0x28, 0x24, 0x20, 0xff, 0x28, 0x24, 0x28, 0xff,
    0x28, 0x24, 0x20, 0xff, 0x28, 0x24, 0x20, 0xff, 0x28, 0x24, 0x20, 0xff,
    0x28, 0x24, 0x28, 0xff, 0x28, 0x24, 0x20, 0xff, 0x28, 0x28, 0x20, 0xff,
    0x20, 0x24, 0x20, 0xff, 0x28, 0x24, 0x28, 0xff, 0x28, 0x24, 0x20, 0xff,
    0x28, 0x28, 0x28, 0xff, 0x28, 0x28, 0x28, 0xff, 0x28, 0x24, 0x20, 0xff,
    0x28, 0x28, 0x20, 0xff, 0x20, 0x24, 0x20, 0xff, 0x28, 0x24, 0x28, 0xff,
    0x28, 0x24, 0x28, 0xff, 0x28, 0x24, 0x20, 0xff, 0x28, 0x24, 0x28, 0xff,
    0x28, 0x24, 0x20, 0xff, 0x20, 0x24, 0x20, 0xff, 0x28, 0x24, 0x20, 0xff,
    0x28, 0x24, 0x20, 0xff, 0x28, 0x28, 0x28, 0xff, 0x28, 0x24, 0x20, 0xff,
    0x28, 0x24, 0x20, 0xff, 0x28, 0x24, 0x28, 0xff, 0x28, 0x24, 0x28, 0xff,
    0x28, 0x24, 0x20, 0xff, 0x28, 0x28, 0x20, 0xff, 0x28, 0x24, 0x20, 0xff,
    0x20, 0x24, 0x20, 0xff, 0x28, 0x28, 0x28, 0xff, 0x28, 0x24, 0x28, 0xff,
    0x20, 0x24, 0x20, 0xff, 0x28, 0x24, 0x20, 0xff, 0x28, 0x24, 0x20, 0xff,
    0x28, 0x24, 0x20, 0xff, 0x20, 0x24, 0x20, 0xff, 0x28, 0x24, 0x20, 0xff,
    0x28, 0x24, 0x28, 0xff, 0x28, 0x24, 0x20, 0xff, 0x28, 0x24, 0x28, 0xff,
    0x28, 0x28, 0x28, 0xff, 0x28, 0x24, 0x20, 0xff, 0x28, 0x24, 0x28, 0xff,
    0x28, 0x24, 0x28, 0xff, 0x28, 0x24, 0x20, 0xff, 0x28, 0x24, 0x28, 0xff,
    0x28, 0x28, 0x20, 0xff, 0x28, 0x24, 0x28, 0xff, 0x28, 0x24, 0x20, 0xff,
    0x28, 0x24, 0x20, 0xff, 0x28, 0x24, 0x28, 0xff, 0x20, 0x24, 0x20, 0xff,
    0x28, 0x24, 0x20, 0xff, 0x28, 0x24, 0x28, 0xff, 0x28, 0x24, 0x20, 0xff,
    0x28, 0x24, 0x28, 0xff, 0x28, 0x24, 0x28, 0xff, 0x28, 0x24, 0x20, 0xff,
    0x80, 0x80, 0x80, 0xff, 0xf0, 0xf4, 0xf0, 0x41, 0xf8, 0xfc, 0xf8, 0x00,
    0xf8, 0xfc, 0xf8, 0x00, 0xf8, 0xfc, 0xf8, 0x00, 0xc0, 0xbc, 0xc0, 0xef,
    0x60, 0x58, 0x58, 0xff, 0x60, 0x5c, 0x58, 0xff, 0x60, 0x58, 0x58, 0xff,
    0x60, 0x58, 0x58, 0xff, 0x58, 0x58, 0x58, 0xff, 0x60, 0x58, 0x58, 0xff,
    0x60, 0x58, 0x58, 0xff, 0x58, 0x58, 0x58, 0xff, 0x60, 0x58, 0x58, 0xff,
    0x58, 0x5c, 0x58, 0xff, 0x60, 0x58, 0x58, 0xff, 0x60, 0x58, 0x58, 0xff,
    0x60, 0x58, 0x58, 0xff, 0x58, 0x58, 0x58, 0xff, 0x60, 0x58, 0x58, 0xff,
    0x60, 0x58, 0x58, 0xff, 0x60, 0x5c, 0x58, 0xff, 0x60, 0x58, 0x58, 0xff,
    0x60, 0x58, 0x58, 0xff, 0x58, 0x58, 0x58, 0xff, 0x60, 0x58, 0x58, 0xff,
    0x60, 0x58, 0x58, 0xff, 0x60, 0x58, 0x58, 0xff, 0x60, 0x58, 0x58, 0xff,
    0x60, 0x5c, 0x58, 0xff, 0x58, 0x58, 0x58, 0xff, 0x60, 0x58, 0x58, 0xff,
    0x60, 0x58, 0x58, 0xff, 0x58, 0x58, 0x58, 0xff, 0x60, 0x5c, 0x58, 0xff,
    0x60, 0x58, 0x58, 0xff, 0x58, 0x58, 0x58, 0xff, 0x60, 0x58, 0x58, 0xff,
    0x60, 0x58, 0x58, 0xff, 0x58, 0x58, 0x58, 0xff, 0x58, 0x58, 0x58, 0xff,
    0x60, 0x58, 0x58, 0xff, 0x60, 0x58, 0x58, 0xff, 0x58, 0x58, 0x58, 0xff,
    0x58, 0x58, 0x58, 0xff, 0x60, 0x58, 0x58, 0xff, 0x58, 0x58, 0x58, 0xff,
    0x58, 0x58, 0x58, 0xff, 0x60, 0x5c, 0x58, 0xff, 0x58, 0x58, 0x58, 0xff,
    0x58, 0x58, 0x58, 0xff, 0x58, 0x58, 0x58, 0xff, 0x58, 0x58, 0x58, 0xff,
    0x58, 0x58, 0x58, 0xff, 0x58, 0x58, 0x58, 0xff, 0x58, 0x58, 0x58, 0xff,
    0x58, 0x58, 0x58, 0xff, 0x58, 0x58, 0x58, 0xff, 0x58, 0x58, 0x58, 0xff,
    0x58, 0x58, 0x58, 0xff, 0x58, 0x58, 0x58, 0xff, 0x58, 0x58, 0x58, 0xff,
    0x58, 0x58, 0x58, 0xff, 0x58, 0x58, 0x58, 0xff, 0x58, 0x58, 0x58, 0xff,
    0x58, 0x58, 0x58, 0xff, 0x58, 0x58, 0x58, 0xff, 0x58, 0x58, 0x58, 0xff,
    0x58, 0x58, 0x58, 0xff, 0x58, 0x58, 0x58, 0xff, 0x58, 0x58, 0x58, 0xff,
    0x58, 0x58, 0x58, 0xff, 0x58, 0x58, 0x58, 0xff, 0x58, 0x58, 0x58, 0xff,
    0x58, 0x58, 0x58, 0xff, 0x58, 0x58, 0x58, 0xff, 0x58, 0x58, 0x58, 0xff,
    0x58, 0x58, 0x58, 0xff, 0x58, 0x58, 0x58, 0xff, 0x58, 0x58, 0x58, 0xff,
    0x58, 0x58, 0x58, 0xff, 0x58, 0x58, 0x58, 0xff, 0x58, 0x58, 0x58, 0xff,
    0x58, 0x58, 0x58, 0xff, 0x58, 0x58, 0x58, 0xff, 0x58, 0x58, 0x58, 0xff,
    0x58, 0x58, 0x58, 0xff, 0x58, 0x58, 0x58, 0xff, 0x58, 0x58, 0x58, 0xff,
    0x58, 0x58, 0x58, 0xff, 0x58, 0x58, 0x58, 0xff, 0x58, 0x58, 0x58, 0xff,
    0x58, 0x58, 0x58, 0xff, 0x58, 0x58, 0x58, 0xff, 0x58, 0x58, 0x58, 0xff,
    0x58, 0x58, 0x58, 0xff, 0x58, 0x58, 0x58, 0xff, 0x58, 0x58, 0x58, 0xff,
    0x58, 0x58, 0x58, 0xff, 0x58, 0x58, 0x58, 0xff, 0x58, 0x58, 0x58, 0xff,
    0x58, 0x58, 0x58, 0xff, 0x58, 0x58, 0x58, 0xff, 0x58, 0x58, 0x58, 0xff,
    0x58, 0x58, 0x58, 0xff, 0x58, 0x58, 0x58, 0xff, 0x58, 0x58, 0x58, 0xff,
    0x58, 0x58, 0x58, 0xff, 0x58, 0x58, 0x58, 0xff, 0x58, 0x58, 0x58, 0xff,
    0x58, 0x58, 0x58, 0xff, 0x58, 0x58, 0x58, 0xff, 0x58, 0x58, 0x58, 0xff,
    0x58, 0x58, 0x58, 0xff, 0x58, 0x58, 0x58, 0xff, 0x58, 0x58, 0x58, 0xff,
    0x58, 0x58, 0x58, 0xff, 0x58, 0x58, 0x58, 0xff, 0x58, 0x58, 0x58, 0xff,
    0x58, 0x58, 0x58, 0xff, 0x58, 0x58, 0x58, 0xff, 0x58, 0x58, 0x58, 0xff,
    0x58, 0x58, 0x58, 0xff, 0x58, 0x58, 0x58, 0xff, 0x58, 0x58, 0x58, 0xff,
    0x58, 0x58, 0x58, 0xff, 0x58, 0x58, 0x58, 0xff, 0x58, 0x58, 0x58, 0xff,
    0x58, 0x58, 0x58, 0xff, 0x58, 0x58, 0x58, 0xff, 0x58, 0x58, 0x58, 0xff,
    0x58, 0x58, 0x58, 0xff, 0x58, 0x58, 0x58, 0xff, 0x58, 0x58, 0x58, 0xff,
    0x58, 0x58, 0x58, 0xff, 0x58, 0x58, 0x58, 0xff, 0x58, 0x58, 0x58, 0xff,
    0x58, 0x58, 0x58, 0xff, 0x58, 0x58, 0x58, 0xff, 0x58, 0x58, 0x58, 0xff,
    0x58, 0x58, 0x58, 0xff, 0x58, 0x58, 0x58, 0xff, 0x98, 0x9c, 0x98, 0xff,
    0xf0, 0xf0, 0xf0, 0x41, 0xf8, 0xfc, 0xf8, 0x00, 0xf8, 0xfc, 0xf8, 0x00,
    0xf8, 0xfc, 0xf8, 0x00, 0xf8, 0xfc, 0xf8, 0x00, 0xf8, 0xfc, 0xf8, 0x00,
    0xf8, 0xfc, 0xf8, 0x00, 0xf8, 0xfc, 0xf8, 0x00, 0xf8, 0xfc, 0xf8, 0x00,
    0xf8, 0xfc, 0xf8, 0x00, 0xf8, 0xfc, 0xf8, 0x00, 0xf8, 0xfc, 0xf8, 0x00,
    0xf8, 0xfc, 0xf8, 0x00, 0xf8, 0xfc, 0xf8, 0x00, 0xf8, 0xfc, 0xf8, 0x00,
    0xf8, 0xfc, 0xf8, 0x00, 0xf8, 0xfc, 0xf8, 0x00, 0xf8, 0xfc, 0xf8, 0x00,
    0xf8, 0xfc, 0xf8, 0x00, 0xf8, 0xfc, 0xf8, 0x00, 0xf8, 0xfc, 0xf8, 0x00,
    0xf8, 0xfc, 0xf8, 0x00, 0xf8, 0xfc, 0xf8, 0x00, 0xf8, 0xfc, 0xf8, 0x00,
    0xf8, 0xfc, 0xf8, 0x00, 0xf8, 0xfc, 0xf8, 0x00, 0xf8, 0xfc, 0xf8, 0x00,
    0xf8, 0xfc, 0xf8, 0x00, 0xf8, 0xfc, 0xf8, 0x00, 0xf8, 0xfc, 0xf8, 0x00,
    0xf8, 0xfc, 0xf8, 0x00, 0xf8, 0xfc, 0xf8, 0x00, 0xf8, 0xfc, 0xf8, 0x00,
    0xf8, 0xfc, 0xf8, 0x00, 0xf8, 0xfc, 0xf8, 0x00, 0xf8, 0xfc, 0xf8, 0x00,
    0xf8, 0xfc, 0xf8, 0x00, 0xf8, 0xfc, 0xf8, 0x00, 0xf8, 0xfc, 0xf8, 0x00,
    0xf8, 0xfc, 0xf8, 0x00, 0xf8, 0xfc, 0xf8, 0x00, 0xf8, 0xfc, 0xf8, 0x00,
    0xf8, 0xfc, 0xf8, 0x00, 0xf8, 0xfc, 0xf8, 0x00, 0xf8, 0xfc, 0xf8, 0x00,
    0xf8, 0xfc, 0xf8, 0x00, 0xf8, 0xfc, 0xf8, 0x00, 0xf8, 0xfc, 0xf8, 0x00,
    0xf8, 0xfc, 0xf8, 0x00, 0xf8, 0xfc, 0xf8, 0x00, 0xf8, 0xfc, 0xf8, 0x00,
    0xf8, 0xfc, 0xf8, 0x00, 0xf8, 0xfc, 0xf8, 0x00, 0xf8, 0xfc, 0xf8, 0x00,
    0xf8, 0xfc, 0xf8, 0x00, 0xf8, 0xfc, 0xf8, 0x00, 0xf8, 0xfc, 0xf8, 0x00,
    0xf8, 0xfc, 0xf8, 0x00, 0xf8, 0xfc, 0xf8, 0x00, 0xf8, 0xfc, 0xf8, 0x00,
    0xf8, 0xfc, 0xf8, 0x00, 0xf8, 0xfc, 0xf8, 0x00, 0xf8, 0xfc, 0xf8, 0x00,
    0xf8, 0xfc, 0xf8, 0x00, 0xf8, 0xfc, 0xf8, 0x00, 0xf8, 0xfc, 0xf8, 0x00,
    0xf8, 0xfc, 0xf8, 0x00, 0xf8, 0xfc, 0xf8, 0x00, 0xf8, 0xfc, 0xf8, 0x00,
    0xf8, 0xfc, 0xf8, 0x00, 0xf8, 0xfc, 0xf8, 0x00, 0xf8, 0xfc, 0xf8, 0x00,
    0xf8, 0xfc, 0xf8, 0x00, 0xf8, 0xfc, 0xf8, 0x00, 0xf8, 0xfc, 0xf8, 0x00,
    0xf8, 0xfc, 0xf8, 0x00, 0xf8, 0xfc, 0xf8, 0x00, 0xf8, 0xfc, 0xf8, 0x00,
    0xf8, 0xfc, 0xf8, 0x00, 0xf8, 0xfc, 0xf8, 0x00, 0xf8, 0xfc, 0xf8, 0x00,
    0xf8, 0xfc, 0xf8, 0x00, 0xf8, 0xfc, 0xf8, 0x00, 0xf8, 0xfc, 0xf8, 0x00,
    0xf8, 0xfc, 0xf8, 0x00, 0xf8, 0xfc, 0xf8, 0x00, 0xf8, 0xfc, 0xf8, 0x00,
    0xf8, 0xfc, 0xf8, 0x00, 0xf8, 0xfc, 0xf8, 0x00, 0xf8, 0xfc, 0xf8, 0x00,
    0xf8, 0xfc, 0xf8, 0x00, 0xf8, 0xfc, 0xf8, 0x00, 0xf8, 0xfc, 0xf8, 0x00,
    0xf8, 0xfc, 0xf8, 0x00, 0xf8, 0xfc, 0xf8, 0x00, 0xf8, 0xfc, 0xf8, 0x00,
    0xf8, 0xfc, 0xf8, 0x00, 0xf8, 0xfc, 0xf8, 0x00, 0xf8, 0xfc, 0xf8, 0x00,
    0xf8, 0xfc, 0xf8, 0x00, 0xf8, 0xfc, 0xf8, 0x00, 0xf8, 0xfc, 0xf8, 0x00,
    0xf8, 0xfc, 0xf8, 0x00, 0xf8, 0xfc, 0xf8, 0x00, 0xf8, 0xfc, 0xf8, 0x00,
    0xf8, 0xfc, 0xf8, 0x00, 0xf8, 0xfc, 0xf8, 0x00, 0xf8, 0xfc, 0xf8, 0x00,
    0xf8, 0xfc, 0xf8, 0x00, 0xf8, 0xfc, 0xf8, 0x00, 0xf8, 0xfc, 0xf8, 0x00,
    0xf8, 0xfc, 0xf8, 0x00, 0xf8, 0xfc, 0xf8, 0x00, 0xf8, 0xfc, 0xf8, 0x00,
    0xf8, 0xfc, 0xf8, 0x00, 0xf8, 0xfc, 0xf8, 0x00, 0xf8, 0xfc, 0xf8, 0x00,
    0xf8, 0xfc, 0xf8, 0x00, 0xf8, 0xfc, 0xf8, 0x00, 0xf8, 0xfc, 0xf8, 0x00,
    0xf8, 0xfc, 0xf8, 0x00, 0xf8, 0xfc, 0xf8, 0x00, 0xf8, 0xfc, 0xf8, 0x00,
    0xf8, 0xfc, 0xf8, 0x00, 0xf8, 0xfc, 0xf8, 0x00, 0xf8, 0xfc, 0xf8, 0x00,
    0xf8, 0xfc, 0xf8, 0x00, 0xf8, 0xfc, 0xf8, 0x00, 0xf8, 0xfc, 0xf8, 0x00,
    0xf8, 0xfc, 0xf8, 0x00, 0xf8, 0xfc, 0xf8, 0x00, 0xf8, 0xfc, 0xf8, 0x00,
    0xf8, 0xfc, 0xf8, 0x00, 0xf8, 0xfc, 0xf8, 0x00, 0xf8, 0xfc, 0xf8, 0x00,
    0xf8, 0xfc, 0xf8, 0x00, 0xf8, 0xfc, 0xf8, 0x00, 0xf8, 0xfc, 0xf8, 0x00,
    0xf8, 0xfc, 0xf8, 0x00, 0xf8, 0xfc, 0xf8, 0x00, 0xf8, 0xfc, 0xf8, 0x00,
    0xf8, 0xfc, 0xf8, 0x00, 0xf8, 0xfc, 0xf8, 0x00, 0xf8, 0xfc, 0xf8, 0x00,
    0xf8, 0xfc, 0xf8, 0x00, 0xf8, 0xfc, 0xf8, 0x00, 0xf8, 0xfc, 0xf8, 0x00,
    0xf8, 0xfc, 0xf8, 0x00, 0xf8, 0xfc, 0xf8, 0x00, 0xf8, 0xfc, 0xf8, 0x00,
    0xf8, 0xfc, 0xf8, 0x00, 0xf8, 0xfc, 0xf8, 0x00, 0xf8, 0xfc, 0xf8, 0x00,
    0xf8, 0xfc, 0xf8, 0x00, 0xf8, 0xfc, 0xf8, 0x00, 0xf8, 0xfc, 0xf8, 0x00,
    0xf8, 0xfc, 0xf8, 0x00, 0xf8, 0xfc, 0xf8, 0x00, 0xf8, 0xfc, 0xf8, 0x00,
    0xf8, 0xfc, 0xf8, 0x00, 0xf8, 0xfc, 0xf8, 0x00, 0xf8, 0xfc, 0xf8, 0x00,
    0xf8, 0xfc, 0xf8, 0x00, 0xf8, 0xfc, 0xf8, 0x00, 0xf8, 0xfc, 0xf8, 0x00,
    0xf8, 0xfc, 0xf8, 0x00, 0xf8, 0xfc, 0xf8, 0x00, 0xf8, 0xfc, 0xf8, 0x00,
    0xf8, 0xfc, 0xf8, 0x00, 0xf8, 0xfc, 0xf8, 0x00, 0xf8, 0xfc, 0xf8, 0x00,
    0xf8, 0xfc, 0xf8, 0x00, 0xf8, 0xfc, 0xf8, 0x00, 0xf8, 0xfc, 0xf8, 0x00,
    0xf8, 0xfc, 0xf8, 0x00, 0xf8, 0xfc, 0xf8, 0x00, 0xf8, 0xfc, 0xf8, 0x00,
    0xf8, 0xfc, 0xf8, 0x00, 0xf8, 0xfc, 0xf8, 0x00, 0xf8, 0xfc, 0xf8, 0x00,
    0xf8, 0xfc, 0xf8, 0x00, 0xf8, 0xfc, 0xf8, 0x00, 0xf8, 0xfc, 0xf8, 0x00,
    0xf8, 0xfc, 0xf8, 0x00, 0xf8, 0xfc, 0xf8, 0x00, 0xf8, 0xfc, 0xf8, 0x00,
    0xf8, 0xfc, 0xf8, 0x00, 0xf8, 0xfc, 0xf8, 0x00, 0xf8, 0xfc, 0xf8, 0x00,
    0xf8, 0xfc, 0xf8, 0x00, 0xf8, 0xfc, 0xf8, 0x00, 0xf8, 0xfc, 0xf8, 0x00,
    0xf8, 0xfc, 0xf8, 0x00, 0xf8, 0xfc, 0xf8, 0x00, 0xf8, 0xfc, 0xf8, 0x00,
    0xf8, 0xfc, 0xf8, 0x00, 0xf8, 0xfc, 0xf8, 0x00, 0xf8, 0xfc, 0xf8, 0x00,
    0xf8, 0xfc, 0xf8, 0x00, 0xf8, 0xfc, 0xf8, 0x00, 0xf8, 0xfc, 0xf8, 0x00,
    0xf8, 0xfc, 0xf8, 0x00, 0xf8, 0xfc, 0xf8, 0x00, 0xf8, 0xfc, 0xf8, 0x00,
    0xf8, 0xfc, 0xf8, 0x00, 0xf8, 0xfc, 0xf8, 0x00, 0xf8, 0xfc, 0xf8, 0x00,
    0xf8, 0xfc, 0xf8, 0x00, 0xf8, 0xfc, 0xf8, 0x00, 0xf8, 0xfc, 0xf8, 0x00,
    0xf8, 0xfc, 0xf8, 0x00, 0xf8, 0xfc, 0xf8, 0x00, 0xf8, 0xfc, 0xf8, 0x00,
    0xf8, 0xfc, 0xf8, 0x00, 0xf8, 0xfc, 0xf8, 0x00, 0xf8, 0xfc, 0xf8, 0x00,
    0xf8, 0xfc, 0xf8, 0x00, 0xf8, 0xfc, 0xf8, 0x00, 0xf8, 0xfc, 0xf8, 0x00,
    0xf8, 0xfc, 0xf8, 0x00, 0xf8, 0xfc, 0xf8, 0x00, 0xf8, 0xfc, 0xf8, 0x00,
    0xf8, 0xfc, 0xf8, 0x00, 0xf8, 0xfc, 0xf8, 0x00, 0xf8, 0xfc, 0xf8, 0x00,
    0xf8, 0xfc, 0xf8, 0x00, 0xf8, 0xfc, 0xf8, 0x00, 0xf8, 0xfc, 0xf8, 0x00,
    0xf8, 0xfc, 0xf8, 0x00, 0xf8, 0xfc, 0xf8, 0x00, 0xf8, 0xfc, 0xf8, 0x00,
    0xf8, 0xfc, 0xf8, 0x00, 0xf8, 0xfc, 0xf8, 0x00, 0xf8, 0xfc, 0xf8, 0x00,
    0xf8, 0xfc, 0xf8, 0x00, 0xf8, 0xfc, 0xf8, 0x00, 0xf8, 0xfc, 0xf8, 0x00,
    0xf8, 0xfc, 0xf8, 0x00, 0xf8, 0xfc, 0xf8, 0x00, 0xf8, 0xfc, 0xf8, 0x00,
    0xf8, 0xfc, 0xf8, 0x00, 0xf8, 0xfc, 0xf8, 0x00, 0xf8, 0xfc, 0xf8, 0x00,
    0xf8, 0xfc, 0xf8, 0x00, 0xf8, 0xfc, 0xf8, 0x00, 0xf8, 0xfc, 0xf8, 0x00,
    0xf8, 0xfc, 0xf8, 0x00, 0xf8, 0xfc, 0xf8, 0x00, 0xf8, 0xfc, 0xf8, 0x00,
    0xf8, 0xfc, 0xf8, 0x00, 0xf8, 0xfc, 0xf8, 0x00, 0xf8, 0xfc, 0xf8, 0x00,
    0xf8, 0xfc, 0xf8, 0x00, 0xf8, 0xfc, 0xf8, 0x00, 0xf8, 0xfc, 0xf8, 0x00,
    0xf8, 0xfc, 0xf8, 0x00, 0xf8, 0xfc, 0xf8, 0x00, 0xf8, 0xfc, 0xf8, 0x00,
    0xf8, 0xfc, 0xf8, 0x00, 0xf8, 0xfc, 0xf8, 0x00, 0xf8, 0xfc, 0xf8, 0x00,
    0xf8, 0xfc, 0xf8, 0x00, 0xf8, 0xfc, 0xf8, 0x00, 0xf8, 0xfc, 0xf8, 0x00,
    0xf8, 0xfc, 0xf8, 0x00, 0xf8, 0xfc, 0xf8, 0x00, 0xf8, 0xfc, 0xf8, 0x00,
    0xf8, 0xfc, 0xf8, 0x00, 0xf8, 0xfc, 0xf8, 0x00, 0xf8, 0xfc, 0xf8, 0x00,
    0xf8, 0xfc, 0xf8, 0x00, 0xf8, 0xfc, 0xf8, 0x00, 0xf8, 0xfc, 0xf8, 0x00,
    0xf8, 0xfc, 0xf8, 0x00, 0xf8, 0xfc, 0xf8, 0x00, 0xf8, 0xfc, 0xf8, 0x00,
    0xf8, 0xfc, 0xf8, 0x00, 0xf8, 0xfc, 0xf8, 0x00, 0xf8, 0xfc, 0xf8, 0x00,
    0xf8, 0xfc, 0xf8, 0x00, 0xf8, 0xfc, 0xf8, 0x00, 0xf8, 0xfc, 0xf8, 0x00,
    0xf8, 0xfc, 0xf8, 0x00, 0xf8, 0xfc, 0xf8, 0x00, 0xf8, 0xfc, 0xf8, 0x00,
    0xf8, 0xfc, 0xf8, 0x00, 0xf8, 0xfc, 0xf8, 0x00, 0xf8, 0xfc, 0xf8, 0x00
};
