// 4.26.1 0x72f96ab9 D2 AY R0 FARGB8888 U565 N0 SExtFlashSection
// Generated by imageconverter. Please, do not edit!

#include <touchgfx/hal/Config.hpp>

LOCATION_PRAGMA_32("ExtFlashSection")
KEEP extern const unsigned char image_bedroom_music_on[] LOCATION_ATTRIBUTE_32("ExtFlashSection") = { // 148x84 ARGB8888 pixels.
    0xf8, 0xfc, 0xf8, 0x00, 0xf8, 0xfc, 0xf8, 0x00, 0xf8, 0xfc, 0xf8, 0x00,
    0xf8, 0xfc, 0xf8, 0x00, 0xf8, 0xfc, 0xf8, 0x00, 0xf8, 0xfc, 0xf8, 0x00,
    0xf8, 0xfc, 0xf8, 0x00, 0xf8, 0xfc, 0xf8, 0x00, 0xf8, 0xfc, 0xf8, 0x00,
    0xf8, 0xfc, 0xf8, 0x00, 0x88, 0x90, 0xb0, 0x3c, 0x80, 0x8c, 0xa8, 0x7d,
    0x68, 0x70, 0x98, 0x9e, 0x68, 0x74, 0x98, 0x9e, 0x68, 0x70, 0x90, 0xa2,
    0x68, 0x70, 0x98, 0x9e, 0x68, 0x70, 0x98, 0x9e, 0x68, 0x70, 0x90, 0xa2,
    0x68, 0x70, 0x90, 0x9e, 0x68, 0x70, 0x98, 0x9e, 0x68, 0x70, 0x90, 0xa2,
    0x68, 0x70, 0x90, 0x9e, 0x68, 0x70, 0x90, 0x9e, 0x68, 0x70, 0x90, 0xa2,
    0x68, 0x70, 0x90, 0x9e, 0x68, 0x70, 0x90, 0x9e, 0x68, 0x70, 0x90, 0xa2,
    0x68, 0x70, 0x90, 0x9e, 0x68, 0x70, 0x90, 0x9e, 0x68, 0x70, 0x90, 0xa2,
    0x68, 0x70, 0x90, 0x9e, 0x68, 0x70, 0x90, 0x9e, 0x68, 0x70, 0x90, 0xa2,
    0x68, 0x70, 0x90, 0x9e, 0x68, 0x70, 0x90, 0x9e, 0x68, 0x70, 0x90, 0xa2,
    0x68, 0x70, 0x90, 0x9e, 0x68, 0x70, 0x90, 0x9e, 0x68, 0x70, 0x90, 0xa2,
    0x68, 0x70, 0x90, 0x9e, 0x68, 0x70, 0x90, 0x9e, 0x68, 0x70, 0x90, 0xa2,
    0x68, 0x70, 0x90, 0x9e, 0x68, 0x70, 0x88, 0x9e, 0x68, 0x70, 0x90, 0xa2,
    0x68, 0x70, 0x88, 0x9e, 0x68, 0x6c, 0x88, 0x9e, 0x68, 0x6c, 0x90, 0xa2,
    0x68, 0x6c, 0x88, 0x9e, 0x68, 0x70, 0x88, 0x9e, 0x68, 0x6c, 0x88, 0xa2,
    0x68, 0x6c, 0x88, 0x9e, 0x68, 0x70, 0x88, 0x9e, 0x68, 0x6c, 0x88, 0xa2,
    0x68, 0x6c, 0x88, 0x9e, 0x68, 0x70, 0x88, 0x9e, 0x68, 0x6c, 0x88, 0xa2,
    0x68, 0x6c, 0x88, 0x9e, 0x68, 0x70, 0x88, 0x9e, 0x68, 0x6c, 0x88, 0xa2,
    0x68, 0x6c, 0x88, 0x9e, 0x68, 0x6c, 0x88, 0x9e, 0x68, 0x6c, 0x88, 0xa2,
    0x68, 0x6c, 0x88, 0x9e, 0x68, 0x6c, 0x88, 0x9e, 0x68, 0x6c, 0x88, 0xa2,
    0x68, 0x6c, 0x88, 0x9e, 0x68, 0x6c, 0x88, 0x9e, 0x68, 0x6c, 0x88, 0xa2,
    0x68, 0x6c, 0x88, 0x9e, 0x68, 0x6c, 0x88, 0x9e, 0x68, 0x6c, 0x88, 0xa2,
    0x68, 0x6c, 0x88, 0x9e, 0x68, 0x6c, 0x88, 0x9e, 0x68, 0x6c, 0x80, 0xa2,
    0x68, 0x6c, 0x88, 0x9e, 0x68, 0x6c, 0x88, 0x9e, 0x68, 0x6c, 0x80, 0xa2,
    0x68, 0x6c, 0x88, 0x9e, 0x68, 0x6c, 0x80, 0x9e, 0x68, 0x6c, 0x80, 0xa2,
    0x68, 0x6c, 0x88, 0x9e, 0x68, 0x6c, 0x80, 0x9e, 0x68, 0x6c, 0x80, 0xa2,
    0x68, 0x6c, 0x80, 0x9e, 0x68, 0x6c, 0x80, 0x9e, 0x68, 0x6c, 0x80, 0xa2,
    0x68, 0x6c, 0x80, 0x9e, 0x68, 0x6c, 0x80, 0x9e, 0x68, 0x6c, 0x80, 0xa2,
    0x68, 0x6c, 0x80, 0x9e, 0x68, 0x6c, 0x80, 0x9e, 0x68, 0x6c, 0x80, 0xa2,
    0x68, 0x6c, 0x80, 0x9e, 0x68, 0x6c, 0x80, 0x9e, 0x68, 0x68, 0x80, 0xa2,
    0x68, 0x68, 0x80, 0x9e, 0x68, 0x68, 0x80, 0x9e, 0x68, 0x6c, 0x80, 0xa2,
    0x68, 0x68, 0x80, 0x9e, 0x68, 0x68, 0x80, 0x9e, 0x68, 0x6c, 0x80, 0xa2,
    0x68, 0x68, 0x80, 0x9e, 0x68, 0x68, 0x80, 0x9e, 0x68, 0x6c, 0x80, 0xa2,
    0x68, 0x68, 0x80, 0x9e, 0x68, 0x68, 0x80, 0x9e, 0x68, 0x6c, 0x80, 0xa2,
    0x68, 0x68, 0x80, 0x9e, 0x68, 0x68, 0x80, 0x9e, 0x68, 0x6c, 0x80, 0xa2,
    0x68, 0x68, 0x78, 0x9e, 0x68, 0x68, 0x80, 0x9e, 0x68, 0x68, 0x80, 0xa2,
    0x68, 0x68, 0x78, 0x9e, 0x68, 0x68, 0x80, 0x9e, 0x68, 0x68, 0x80, 0xa2,
    0x68, 0x68, 0x78, 0x9e, 0x68, 0x68, 0x78, 0x9e, 0x68, 0x68, 0x80, 0xa2,
    0x68, 0x68, 0x78, 0x9e, 0x68, 0x68, 0x78, 0x9e, 0x68, 0x68, 0x80, 0xa2,
    0x68, 0x68, 0x78, 0x9e, 0x68, 0x68, 0x78, 0x9e, 0x68, 0x68, 0x78, 0xa2,
    0x68, 0x68, 0x78, 0x9e, 0x68, 0x68, 0x78, 0x9e, 0x68, 0x68, 0x78, 0xa2,
    0x68, 0x68, 0x78, 0x9e, 0x68, 0x68, 0x78, 0x9e, 0x68, 0x68, 0x78, 0xa2,
    0x68, 0x68, 0x78, 0x9e, 0x68, 0x68, 0x78, 0x9e, 0x68, 0x68, 0x78, 0xa2,
    0x68, 0x68, 0x78, 0x9e, 0x80, 0x84, 0x90, 0x7d, 0x88, 0x88, 0x98, 0x3c,
    0xf8, 0xfc, 0xf8, 0x00, 0xf8, 0xfc, 0xf8, 0x00, 0xf8, 0xfc, 0xf8, 0x00,
    0xf8, 0xfc, 0xf8, 0x00, 0xf8, 0xfc, 0xf8, 0x00, 0xf8, 0xfc, 0xf8, 0x00,
    0xf8, 0xfc, 0xf8, 0x00, 0xf8, 0xfc, 0xf8, 0x00, 0xf8, 0xfc, 0xf8, 0x00,
    0xf8, 0xfc, 0xf8, 0x00, 0xf8, 0xfc, 0xf8, 0x00, 0xf8, 0xfc, 0xf8, 0x00,
    0xf8, 0xfc, 0xf8, 0x00, 0xf8, 0xfc, 0xf8, 0x00, 0xf8, 0xfc, 0xf8, 0x00,
    0xf8, 0xfc, 0xf8, 0x00, 0xf8, 0xfc, 0xf8, 0x00, 0xf8, 0xfc, 0xf8, 0x00,
    0x78, 0x84, 0xa0, 0x86, 0x48, 0x58, 0x80, 0xdb, 0x20, 0x30, 0x68, 0xff,
    0x00, 0x14, 0x50, 0xff, 0x00, 0x14, 0x50, 0xff, 0x00, 0x14, 0x50, 0xff,
    0x00, 0x14, 0x50, 0xff, 0x00, 0x14, 0x50, 0xff, 0x00, 0x14, 0x50, 0xff,
    0x00, 0x14, 0x48, 0xff, 0x00, 0x14, 0x50, 0xff, 0x00, 0x14, 0x50, 0xff,
    0x00, 0x14, 0x48, 0xff, 0x00, 0x14, 0x48, 0xff, 0x00, 0x10, 0x50, 0xff,
    0x00, 0x14, 0x48, 0xff, 0x00, 0x14, 0x48, 0xff, 0x00, 0x10, 0x48, 0xff,
    0x00, 0x14, 0x48, 0xff, 0x00, 0x10, 0x48, 0xff, 0x00, 0x10, 0x48, 0xff,
    0x00, 0x10, 0x48, 0xff, 0x00, 0x10, 0x48, 0xff, 0x00, 0x10, 0x48, 0xff,
    0x00, 0x10, 0x48, 0xff, 0x00, 0x10, 0x48, 0xff, 0x00, 0x10, 0x40, 0xff,
    0x00, 0x10, 0x40, 0xff, 0x00, 0x10, 0x40, 0xff, 0x00, 0x10, 0x40, 0xff,
    0x00, 0x10, 0x40, 0xff, 0x00, 0x10, 0x40, 0xff, 0x00, 0x0c, 0x40, 0xff,
    0x00, 0x10, 0x40, 0xff, 0x00, 0x0c, 0x40, 0xff, 0x00, 0x10, 0x40, 0xff,
    0x00, 0x10, 0x40, 0xff, 0x00, 0x0c, 0x40, 0xff, 0x00, 0x0c, 0x40, 0xff,
    0x00, 0x10, 0x40, 0xff, 0x00, 0x10, 0x40, 0xff, 0x00, 0x0c, 0x40, 0xff,
    0x00, 0x10, 0x40, 0xff, 0x00, 0x0c, 0x40, 0xff, 0x00, 0x0c, 0x40, 0xff,
    0x00, 0x0c, 0x40, 0xff, 0x00, 0x0c, 0x40, 0xff, 0x00, 0x0c, 0x40, 0xff,
    0x00, 0x0c, 0x38, 0xff, 0x00, 0x0c, 0x38, 0xff, 0x00, 0x0c, 0x38, 0xff,
    0x00, 0x0c, 0x38, 0xff, 0x00, 0x0c, 0x38, 0xff, 0x00, 0x0c, 0x38, 0xff,
    0x00, 0x0c, 0x38, 0xff, 0x00, 0x0c, 0x38, 0xff, 0x00, 0x0c, 0x38, 0xff,
    0x00, 0x0c, 0x38, 0xff, 0x00, 0x0c, 0x38, 0xff, 0x00, 0x0c, 0x38, 0xff,
    0x00, 0x0c, 0x38, 0xff, 0x00, 0x0c, 0x30, 0xff, 0x00, 0x0c, 0x30, 0xff,
    0x00, 0x08, 0x38, 0xff, 0x00, 0x0c, 0x30, 0xff, 0x00, 0x08, 0x30, 0xff,
    0x00, 0x08, 0x38, 0xff, 0x00, 0x0c, 0x30, 0xff, 0x00, 0x08, 0x30, 0xff,
    0x00, 0x08, 0x30, 0xff, 0x00, 0x08, 0x30, 0xff, 0x00, 0x08, 0x30, 0xff,
    0x00, 0x08, 0x30, 0xff, 0x00, 0x08, 0x30, 0xff, 0x00, 0x08, 0x30, 0xff,
    0x00, 0x08, 0x30, 0xff, 0x00, 0x08, 0x30, 0xff, 0x00, 0x08, 0x30, 0xff,
    0x00, 0x08, 0x30, 0xff, 0x00, 0x08, 0x30, 0xff, 0x00, 0x08, 0x30, 0xff,
    0x00, 0x08, 0x30, 0xff, 0x00, 0x08, 0x30, 0xff, 0x00, 0x08, 0x30, 0xff,
    0x00, 0x08, 0x30, 0xff, 0x00, 0x08, 0x30, 0xff, 0x00, 0x08, 0x28, 0xff,
    0x00, 0x08, 0x30, 0xff, 0x00, 0x08, 0x28, 0xff, 0x00, 0x08, 0x28, 0xff,
    0x00, 0x08, 0x28, 0xff, 0x00, 0x08, 0x28, 0xff, 0x00, 0x08, 0x28, 0xff,
    0x00, 0x08, 0x28, 0xff, 0x00, 0x04, 0x28, 0xff, 0x00, 0x08, 0x28, 0xff,
    0x00, 0x08, 0x28, 0xff, 0x00, 0x04, 0x28, 0xff, 0x00, 0x08, 0x28, 0xff,
    0x00, 0x04, 0x28, 0xff, 0x00, 0x08, 0x28, 0xff, 0x00, 0x04, 0x28, 0xff,
    0x00, 0x08, 0x28, 0xff, 0x00, 0x04, 0x28, 0xff, 0x00, 0x04, 0x28, 0xff,
    0x00, 0x04, 0x28, 0xff, 0x00, 0x04, 0x28, 0xff, 0x00, 0x04, 0x28, 0xff,
    0x00, 0x04, 0x20, 0xff, 0x00, 0x04, 0x28, 0xff, 0x00, 0x04, 0x28, 0xff,
    0x00, 0x04, 0x28, 0xff, 0x00, 0x04, 0x20, 0xff, 0x00, 0x04, 0x28, 0xff,
    0x00, 0x04, 0x28, 0xff, 0x00, 0x04, 0x20, 0xff, 0x00, 0x04, 0x28, 0xff,
    0x00, 0x04, 0x28, 0xff, 0x00, 0x04, 0x20, 0xff, 0x00, 0x04, 0x20, 0xff,
    0x00, 0x04, 0x20, 0xff, 0x00, 0x04, 0x20, 0xff, 0x00, 0x04, 0x20, 0xff,
    0x00, 0x04, 0x20, 0xff, 0x00, 0x04, 0x20, 0xff, 0x00, 0x04, 0x20, 0xff,
    0x00, 0x04, 0x20, 0xff, 0x00, 0x04, 0x20, 0xff, 0x00, 0x04, 0x20, 0xff,
    0x20, 0x24, 0x40, 0xff, 0x48, 0x4c, 0x60, 0xdb, 0x70, 0x70, 0x80, 0x92,
    0x80, 0x84, 0x90, 0x20, 0xf8, 0xfc, 0xf8, 0x00, 0xf8, 0xfc, 0xf8, 0x00,
    0xf8, 0xfc, 0xf8, 0x00, 0xf8, 0xfc, 0xf8, 0x00, 0xf8, 0xfc, 0xf8, 0x00,
    0xf8, 0xfc, 0xf8, 0x00, 0xf8, 0xfc, 0xf8, 0x00, 0xf8, 0xfc, 0xf8, 0x00,
    0xf8, 0xfc, 0xf8, 0x00, 0xf8, 0xfc, 0xf8, 0x00, 0xf8, 0xfc, 0xf8, 0x00,
    0xf8, 0xfc, 0xf8, 0x00, 0xf8, 0xfc, 0xf8, 0x00, 0x78, 0x84, 0xa8, 0x65,
    0x48, 0x54, 0x80, 0xe7, 0x00, 0x14, 0x50, 0xff, 0x00, 0x14, 0x50, 0xff,
    0x00, 0x14, 0x50, 0xff, 0x00, 0x14, 0x50, 0xff, 0x00, 0x14, 0x50, 0xff,
    0x00, 0x14, 0x50, 0xff, 0x00, 0x14, 0x48, 0xff, 0x00, 0x14, 0x48, 0xff,
    0x00, 0x14, 0x50, 0xff, 0x00, 0x14, 0x48, 0xff, 0x00, 0x14, 0x48, 0xff,
    0x00, 0x14, 0x50, 0xff, 0x00, 0x10, 0x48, 0xff, 0x00, 0x10, 0x48, 0xff,
    0x00, 0x14, 0x50, 0xff, 0x00, 0x10, 0x48, 0xff, 0x00, 0x14, 0x48, 0xff,
    0x00, 0x14, 0x48, 0xff, 0x00, 0x10, 0x48, 0xff, 0x00, 0x10, 0x48, 0xff,
    0x00, 0x10, 0x48, 0xff, 0x00, 0x10, 0x48, 0xff, 0x00, 0x10, 0x48, 0xff,
    0x00, 0x10, 0x48, 0xff, 0x00, 0x10, 0x40, 0xff, 0x00, 0x10, 0x48, 0xff,
    0x00, 0x10, 0x48, 0xff, 0x00, 0x10, 0x40, 0xff, 0x00, 0x10, 0x48, 0xff,
    0x00, 0x10, 0x40, 0xff, 0x00, 0x10, 0x40, 0xff, 0x00, 0x10, 0x40, 0xff,
    0x00, 0x10, 0x40, 0xff, 0x00, 0x10, 0x40, 0xff, 0x00, 0x0c, 0x40, 0xff,
    0x00, 0x10, 0x40, 0xff, 0x00, 0x0c, 0x40, 0xff, 0x00, 0x0c, 0x40, 0xff,
    0x00, 0x10, 0x40, 0xff, 0x00, 0x10, 0x40, 0xff, 0x00, 0x0c, 0x40, 0xff,
    0x00, 0x10, 0x40, 0xff, 0x00, 0x0c, 0x40, 0xff, 0x00, 0x0c, 0x40, 0xff,
    0x00, 0x0c, 0x38, 0xff, 0x00, 0x10, 0x38, 0xff, 0x00, 0x0c, 0x40, 0xff,
    0x00, 0x0c, 0x38, 0xff, 0x00, 0x10, 0x38, 0xff, 0x00, 0x0c, 0x40, 0xff,
    0x00, 0x0c, 0x38, 0xff, 0x00, 0x0c, 0x38, 0xff, 0x00, 0x0c, 0x38, 0xff,
    0x00, 0x0c, 0x38, 0xff, 0x00, 0x0c, 0x38, 0xff, 0x00, 0x0c, 0x38, 0xff,
    0x00, 0x0c, 0x38, 0xff, 0x00, 0x0c, 0x38, 0xff, 0x00, 0x0c, 0x38, 0xff,
    0x00, 0x0c, 0x38, 0xff, 0x00, 0x0c, 0x38, 0xff, 0x00, 0x0c, 0x30, 0xff,
    0x00, 0x08, 0x38, 0xff, 0x00, 0x0c, 0x38, 0xff, 0x00, 0x0c, 0x30, 0xff,
    0x00, 0x08, 0x38, 0xff, 0x00, 0x0c, 0x30, 0xff, 0x00, 0x0c, 0x30, 0xff,
    0x00, 0x08, 0x38, 0xff, 0x00, 0x0c, 0x30, 0xff, 0x00, 0x08, 0x30, 0xff,
    0x00, 0x08, 0x38, 0xff, 0x00, 0x08, 0x30, 0xff, 0x00, 0x08, 0x30, 0xff,
    0x00, 0x08, 0x30, 0xff, 0x00, 0x08, 0x30, 0xff, 0x00, 0x08, 0x30, 0xff,
    0x00, 0x08, 0x30, 0xff, 0x00, 0x08, 0x30, 0xff, 0x00, 0x08, 0x30, 0xff,
    0x00, 0x08, 0x30, 0xff, 0x00, 0x08, 0x30, 0xff, 0x00, 0x08, 0x30, 0xff,
    0x00, 0x08, 0x30, 0xff, 0x00, 0x08, 0x28, 0xff, 0x00, 0x04, 0x28, 0xff,
    0x00, 0x08, 0x30, 0xff, 0x00, 0x08, 0x30, 0xff, 0x00, 0x08, 0x30, 0xff,
    0x00, 0x08, 0x28, 0xff, 0x00, 0x08, 0x30, 0xff, 0x00, 0x08, 0x28, 0xff,
    0x00, 0x08, 0x28, 0xff, 0x00, 0x04, 0x28, 0xff, 0x00, 0x04, 0x28, 0xff,
    0x00, 0x08, 0x28, 0xff, 0x00, 0x04, 0x28, 0xff, 0x00, 0x08, 0x28, 0xff,
    0x00, 0x04, 0x28, 0xff, 0x00, 0x08, 0x28, 0xff, 0x00, 0x04, 0x28, 0xff,
    0x00, 0x08, 0x28, 0xff, 0x00, 0x04, 0x28, 0xff, 0x00, 0x04, 0x28, 0xff,
    0x00, 0x04, 0x20, 0xff, 0x00, 0x08, 0x28, 0xff, 0x00, 0x04, 0x28, 0xff,
    0x00, 0x08, 0x20, 0xff, 0x00, 0x04, 0x28, 0xff, 0x00, 0x08, 0x28, 0xff,
    0x00, 0x04, 0x20, 0xff, 0x00, 0x04, 0x20, 0xff, 0x00, 0x04, 0x28, 0xff,
    0x00, 0x04, 0x20, 0xff, 0x00, 0x04, 0x20, 0xff, 0x00, 0x04, 0x20, 0xff,
    0x00, 0x04, 0x20, 0xff, 0x00, 0x04, 0x28, 0xff, 0x00, 0x04, 0x20, 0xff,
    0x00, 0x04, 0x28, 0xff, 0x00, 0x04, 0x28, 0xff, 0x00, 0x04, 0x20, 0xff,
    0x00, 0x00, 0x20, 0xff, 0x00, 0x04, 0x20, 0xff, 0x00, 0x00, 0x20, 0xff,
    0x00, 0x04, 0x20, 0xff, 0x00, 0x04, 0x20, 0xff, 0x00, 0x00, 0x20, 0xff,
    0x00, 0x04, 0x20, 0xff, 0x00, 0x04, 0x20, 0xff, 0x00, 0x04, 0x20, 0xff,
    0x00, 0x04, 0x20, 0xff, 0x38, 0x38, 0x50, 0xe7, 0x68, 0x6c, 0x80, 0x71,
    0xf8, 0xfc, 0xf8, 0x00, 0xf8, 0xfc, 0xf8, 0x00, 0xf8, 0xfc, 0xf8, 0x00,
    0xf8, 0xfc, 0xf8, 0x00, 0xf8, 0xfc, 0xf8, 0x00, 0xf8, 0xfc, 0xf8, 0x00,
    0xf8, 0xfc, 0xf8, 0x00, 0xf8, 0xfc, 0xf8, 0x00, 0xf8, 0xfc, 0xf8, 0x00,
    0xf8, 0xfc, 0xf8, 0x00, 0xf8, 0xfc, 0xf8, 0x00, 0x68, 0x74, 0x98, 0x9e,
    0x10, 0x24, 0x58, 0xff, 0x00, 0x14, 0x50, 0xff, 0x00, 0x14, 0x50, 0xff,
    0x00, 0x14, 0x50, 0xff, 0x00, 0x14, 0x50, 0xff, 0x00, 0x14, 0x50, 0xff,
    0x00, 0x14, 0x50, 0xff, 0x00, 0x14, 0x50, 0xff, 0x00, 0x14, 0x48, 0xff,
    0x00, 0x14, 0x50, 0xff, 0x00, 0x10, 0x50, 0xff, 0x00, 0x14, 0x48, 0xff,
    0x00, 0x14, 0x48, 0xff, 0x00, 0x10, 0x50, 0xff, 0x00, 0x10, 0x48, 0xff,
    0x00, 0x14, 0x48, 0xff, 0x00, 0x14, 0x48, 0xff, 0x00, 0x10, 0x48, 0xff,
    0x00, 0x10, 0x48, 0xff, 0x00, 0x10, 0x48, 0xff, 0x00, 0x10, 0x48, 0xff,
    0x00, 0x10, 0x48, 0xff, 0x00, 0x14, 0x48, 0xff, 0x00, 0x10, 0x48, 0xff,
    0x00, 0x14, 0x48, 0xff, 0x00, 0x10, 0x40, 0xff, 0x00, 0x10, 0x40, 0xff,
    0x00, 0x10, 0x48, 0xff, 0x00, 0x10, 0x40, 0xff, 0x00, 0x10, 0x40, 0xff,
    0x00, 0x10, 0x48, 0xff, 0x00, 0x10, 0x40, 0xff, 0x00, 0x0c, 0x40, 0xff,
    0x00, 0x10, 0x48, 0xff, 0x00, 0x10, 0x40, 0xff, 0x00, 0x10, 0x40, 0xff,
    0x00, 0x10, 0x40, 0xff, 0x00, 0x0c, 0x40, 0xff, 0x00, 0x10, 0x40, 0xff,
    0x00, 0x0c, 0x40, 0xff, 0x00, 0x10, 0x40, 0xff, 0x00, 0x0c, 0x40, 0xff,
    0x00, 0x0c, 0x40, 0xff, 0x00, 0x0c, 0x38, 0xff, 0x00, 0x0c, 0x38, 0xff,
    0x00, 0x0c, 0x38, 0xff, 0x00, 0x10, 0x40, 0xff, 0x00, 0x0c, 0x38, 0xff,
    0x00, 0x0c, 0x38, 0xff, 0x00, 0x0c, 0x38, 0xff, 0x00, 0x0c, 0x38, 0xff,
    0x00, 0x0c, 0x40, 0xff, 0x00, 0x0c, 0x38, 0xff, 0x00, 0x0c, 0x38, 0xff,
    0x00, 0x0c, 0x38, 0xff, 0x00, 0x0c, 0x38, 0xff, 0x00, 0x0c, 0x38, 0xff,
    0x00, 0x0c, 0x38, 0xff, 0x00, 0x0c, 0x38, 0xff, 0x00, 0x0c, 0x38, 0xff,
    0x00, 0x08, 0x30, 0xff, 0x00, 0x0c, 0x38, 0xff, 0x00, 0x0c, 0x30, 0xff,
    0x00, 0x08, 0x38, 0xff, 0x00, 0x08, 0x38, 0xff, 0x00, 0x0c, 0x30, 0xff,
    0x00, 0x08, 0x38, 0xff, 0x00, 0x08, 0x30, 0xff, 0x00, 0x0c, 0x30, 0xff,
    0x00, 0x08, 0x38, 0xff, 0x00, 0x0c, 0x30, 0xff, 0x00, 0x08, 0x30, 0xff,
    0x00, 0x08, 0x38, 0xff, 0x00, 0x0c, 0x30, 0xff, 0x00, 0x08, 0x30, 0xff,
    0x00, 0x08, 0x30, 0xff, 0x00, 0x08, 0x30, 0xff, 0x00, 0x08, 0x30, 0xff,
    0x00, 0x08, 0x30, 0xff, 0x00, 0x08, 0x30, 0xff, 0x00, 0x08, 0x30, 0xff,
    0x00, 0x08, 0x30, 0xff, 0x00, 0x08, 0x30, 0xff, 0x00, 0x08, 0x30, 0xff,
    0x00, 0x08, 0x28, 0xff, 0x00, 0x08, 0x30, 0xff, 0x00, 0x04, 0x28, 0xff,
    0x00, 0x08, 0x28, 0xff, 0x00, 0x08, 0x30, 0xff, 0x00, 0x04, 0x28, 0xff,
    0x00, 0x04, 0x28, 0xff, 0x00, 0x08, 0x30, 0xff, 0x00, 0x04, 0x28, 0xff,
    0x00, 0x08, 0x28, 0xff, 0x00, 0x04, 0x30, 0xff, 0x00, 0x04, 0x28, 0xff,
    0x00, 0x08, 0x28, 0xff, 0x00, 0x04, 0x28, 0xff, 0x00, 0x04, 0x28, 0xff,
    0x00, 0x08, 0x28, 0xff, 0x00, 0x04, 0x28, 0xff, 0x00, 0x08, 0x28, 0xff,
    0x00, 0x04, 0x28, 0xff, 0x00, 0x04, 0x28, 0xff, 0x00, 0x04, 0x28, 0xff,
    0x00, 0x04, 0x20, 0xff, 0x00, 0x08, 0x28, 0xff, 0x00, 0x04, 0x28, 0xff,
    0x00, 0x04, 0x20, 0xff, 0x00, 0x04, 0x20, 0xff, 0x00, 0x04, 0x28, 0xff,
    0x00, 0x04, 0x28, 0xff, 0x00, 0x04, 0x20, 0xff, 0x00, 0x04, 0x28, 0xff,
    0x00, 0x04, 0x28, 0xff, 0x00, 0x04, 0x20, 0xff, 0x00, 0x04, 0x20, 0xff,
    0x00, 0x04, 0x28, 0xff, 0x00, 0x04, 0x20, 0xff, 0x00, 0x04, 0x20, 0xff,
    0x00, 0x04, 0x20, 0xff, 0x00, 0x04, 0x20, 0xff, 0x00, 0x04, 0x20, 0xff,
    0x00, 0x04, 0x20, 0xff, 0x00, 0x04, 0x20, 0xff, 0x00, 0x04, 0x28, 0xff,
    0x00, 0x00, 0x20, 0xff, 0x00, 0x04, 0x20, 0xff, 0x00, 0x04, 0x20, 0xff,
    0x00, 0x00, 0x20, 0xff, 0x00, 0x04, 0x20, 0xff, 0x00, 0x04, 0x20, 0xff,
    0x00, 0x00, 0x20, 0xff, 0x00, 0x00, 0x20, 0xff, 0x00, 0x00, 0x20, 0xff,
    0x10, 0x14, 0x28, 0xff, 0x58, 0x58, 0x70, 0xb6, 0xf8, 0xfc, 0xf8, 0x00,
    0xf8, 0xfc, 0xf8, 0x00, 0xf8, 0xfc, 0xf8, 0x00, 0xf8, 0xfc, 0xf8, 0x00,
    0xf8, 0xfc, 0xf8, 0x00, 0xf8, 0xfc, 0xf8, 0x00, 0xf8, 0xfc, 0xf8, 0x00,
    0xf8, 0xfc, 0xf8, 0x00, 0xf8, 0xfc, 0xf8, 0x00, 0x58, 0x68, 0x90, 0xb6,
    0x00, 0x14, 0x50, 0xff, 0x00, 0x14, 0x50, 0xff, 0x00, 0x14, 0x50, 0xff,
    0x00, 0x14, 0x50, 0xff, 0x00, 0x14, 0x50, 0xff, 0x00, 0x14, 0x50, 0xff,
    0x00, 0x14, 0x50, 0xff, 0x00, 0x14, 0x48, 0xff, 0x00, 0x14, 0x50, 0xff,
    0x00, 0x14, 0x50, 0xff, 0x00, 0x10, 0x48, 0xff, 0x00, 0x14, 0x50, 0xff,
    0x00, 0x14, 0x48, 0xff, 0x00, 0x10, 0x48, 0xff, 0x00, 0x10, 0x48, 0xff,
    0x00, 0x14, 0x48, 0xff, 0x00, 0x14, 0x48, 0xff, 0x00, 0x10, 0x48, 0xff,
    0x00, 0x14, 0x48, 0xff, 0x00, 0x10, 0x48, 0xff, 0x00, 0x10, 0x48, 0xff,
    0x00, 0x10, 0x48, 0xff, 0x00, 0x14, 0x48, 0xff, 0x00, 0x10, 0x48, 0xff,
    0x00, 0x10, 0x48, 0xff, 0x00, 0x10, 0x40, 0xff, 0x00, 0x10, 0x48, 0xff,
    0x00, 0x10, 0x48, 0xff, 0x00, 0x10, 0x40, 0xff, 0x00, 0x10, 0x40, 0xff,
    0x00, 0x10, 0x48, 0xff, 0x00, 0x10, 0x40, 0xff, 0x00, 0x10, 0x40, 0xff,
    0x00, 0x10, 0x40, 0xff, 0x00, 0x0c, 0x40, 0xff, 0x00, 0x10, 0x40, 0xff,
    0x00, 0x10, 0x40, 0xff, 0x00, 0x0c, 0x40, 0xff, 0x00, 0x0c, 0x40, 0xff,
    0x00, 0x10, 0x40, 0xff, 0x00, 0x10, 0x40, 0xff, 0x00, 0x0c, 0x40, 0xff,
    0x00, 0x10, 0x40, 0xff, 0x00, 0x10, 0x38, 0xff, 0x00, 0x0c, 0x40, 0xff,
    0x00, 0x0c, 0x40, 0xff, 0x00, 0x0c, 0x38, 0xff, 0x00, 0x0c, 0x40, 0xff,
    0x00, 0x0c, 0x40, 0xff, 0x00, 0x10, 0x38, 0xff, 0x00, 0x0c, 0x38, 0xff,
    0x00, 0x0c, 0x40, 0xff, 0x00, 0x0c, 0x38, 0xff, 0x00, 0x0c, 0x38, 0xff,
    0x00, 0x0c, 0x38, 0xff, 0x00, 0x0c, 0x38, 0xff, 0x00, 0x0c, 0x38, 0xff,
    0x00, 0x0c, 0x38, 0xff, 0x00, 0x0c, 0x38, 0xff, 0x00, 0x0c, 0x38, 0xff,
    0x00, 0x08, 0x38, 0xff, 0x00, 0x0c, 0x38, 0xff, 0x00, 0x0c, 0x30, 0xff,
    0x00, 0x0c, 0x38, 0xff, 0x00, 0x08, 0x38, 0xff, 0x00, 0x0c, 0x30, 0xff,
    0x00, 0x08, 0x30, 0xff, 0x00, 0x0c, 0x30, 0xff, 0x00, 0x0c, 0x38, 0xff,
    0x00, 0x08, 0x30, 0xff, 0x00, 0x08, 0x30, 0xff, 0x00, 0x08, 0x30, 0xff,
    0x00, 0x08, 0x30, 0xff, 0x00, 0x08, 0x30, 0xff, 0x00, 0x0c, 0x30, 0xff,
    0x00, 0x08, 0x30, 0xff, 0x00, 0x08, 0x30, 0xff, 0x00, 0x0c, 0x30, 0xff,
    0x00, 0x08, 0x30, 0xff, 0x00, 0x08, 0x30, 0xff, 0x00, 0x08, 0x30, 0xff,
    0x00, 0x08, 0x30, 0xff, 0x00, 0x08, 0x30, 0xff, 0x00, 0x08, 0x30, 0xff,
    0x00, 0x08, 0x28, 0xff, 0x00, 0x08, 0x30, 0xff, 0x00, 0x08, 0x30, 0xff,
    0x00, 0x08, 0x28, 0xff, 0x00, 0x08, 0x30, 0xff, 0x00, 0x08, 0x30, 0xff,
    0x00, 0x08, 0x28, 0xff, 0x00, 0x08, 0x28, 0xff, 0x00, 0x08, 0x28, 0xff,
    0x00, 0x08, 0x28, 0xff, 0x00, 0x04, 0x28, 0xff, 0x00, 0x04, 0x28, 0xff,
    0x00, 0x08, 0x28, 0xff, 0x00, 0x08, 0x28, 0xff, 0x00, 0x08, 0x28, 0xff,
    0x00, 0x04, 0x28, 0xff, 0x00, 0x08, 0x28, 0xff, 0x00, 0x08, 0x28, 0xff,
    0x00, 0x04, 0x28, 0xff, 0x00, 0x04, 0x28, 0xff, 0x00, 0x04, 0x28, 0xff,
    0x00, 0x08, 0x20, 0xff, 0x00, 0x04, 0x28, 0xff, 0x00, 0x04, 0x28, 0xff,
    0x00, 0x04, 0x28, 0xff, 0x00, 0x08, 0x20, 0xff, 0x00, 0x04, 0x28, 0xff,
    0x00, 0x04, 0x28, 0xff, 0x00, 0x04, 0x20, 0xff, 0x00, 0x04, 0x20, 0xff,
    0x00, 0x04, 0x28, 0xff, 0x00, 0x04, 0x20, 0xff, 0x00, 0x04, 0x20, 0xff,
    0x00, 0x04, 0x28, 0xff, 0x00, 0x04, 0x28, 0xff, 0x00, 0x04, 0x20, 0xff,
    0x00, 0x04, 0x20, 0xff, 0x00, 0x04, 0x20, 0xff, 0x00, 0x04, 0x20, 0xff,
    0x00, 0x00, 0x20, 0xff, 0x00, 0x04, 0x20, 0xff, 0x00, 0x04, 0x20, 0xff,
    0x00, 0x04, 0x20, 0xff, 0x00, 0x04, 0x20, 0xff, 0x00, 0x04, 0x20, 0xff,
    0x00, 0x04, 0x20, 0xff, 0x00, 0x04, 0x20, 0xff, 0x00, 0x00, 0x20, 0xff,
    0x00, 0x04, 0x20, 0xff, 0x00, 0x00, 0x20, 0xff, 0x00, 0x00, 0x20, 0xff,
    0x00, 0x04, 0x18, 0xff, 0x00, 0x04, 0x20, 0xff, 0x00, 0x00, 0x20, 0xff,
    0x58, 0x58, 0x68, 0xb6, 0xf8, 0xfc, 0xf8, 0x00, 0xf8, 0xfc, 0xf8, 0x00,
    0xf8, 0xfc, 0xf8, 0x00, 0xf8, 0xfc, 0xf8, 0x00, 0xf8, 0xfc, 0xf8, 0x00,
    0xf8, 0xfc, 0xf8, 0x00, 0xf8, 0xfc, 0xf8, 0x00, 0x60, 0x6c, 0x90, 0x7d,
    0x10, 0x24, 0x58, 0xff, 0x00, 0x14, 0x50, 0xff, 0x00, 0x14, 0x50, 0xff,
    0x00, 0x14, 0x50, 0xff, 0x00, 0x14, 0x50, 0xff, 0x00, 0x14, 0x50, 0xff,
    0x00, 0x14, 0x50, 0xff, 0x00, 0x14, 0x50, 0xff, 0x00, 0x14, 0x48, 0xff,
    0x00, 0x14, 0x50, 0xff, 0x00, 0x10, 0x48, 0xff, 0x00, 0x14, 0x48, 0xff,
    0x00, 0x14, 0x48, 0xff, 0x00, 0x10, 0x50, 0xff, 0x00, 0x10, 0x48, 0xff,
    0x00, 0x14, 0x48, 0xff, 0x00, 0x10, 0x48, 0xff, 0x00, 0x10, 0x48, 0xff,
    0x00, 0x14, 0x48, 0xff, 0x00, 0x10, 0x48, 0xff, 0x00, 0x10, 0x48, 0xff,
    0x00, 0x10, 0x48, 0xff, 0x00, 0x14, 0x48, 0xff, 0x00, 0x10, 0x48, 0xff,
    0x00, 0x10, 0x48, 0xff, 0x00, 0x10, 0x40, 0xff, 0x00, 0x10, 0x48, 0xff,
    0x00, 0x10, 0x40, 0xff, 0x00, 0x10, 0x48, 0xff, 0x00, 0x10, 0x40, 0xff,
    0x00, 0x10, 0x40, 0xff, 0x00, 0x10, 0x40, 0xff, 0x00, 0x10, 0x40, 0xff,
    0x00, 0x10, 0x48, 0xff, 0x00, 0x10, 0x40, 0xff, 0x00, 0x0c, 0x40, 0xff,
    0x00, 0x10, 0x40, 0xff, 0x00, 0x0c, 0x40, 0xff, 0x00, 0x0c, 0x40, 0xff,
    0x00, 0x10, 0x40, 0xff, 0x00, 0x0c, 0x40, 0xff, 0x00, 0x0c, 0x40, 0xff,
    0x00, 0x10, 0x38, 0xff, 0x00, 0x0c, 0x38, 0xff, 0x00, 0x0c, 0x40, 0xff,
    0x00, 0x10, 0x38, 0xff, 0x00, 0x0c, 0x40, 0xff, 0x00, 0x10, 0x38, 0xff,
    0x00, 0x0c, 0x38, 0xff, 0x00, 0x0c, 0x40, 0xff, 0x00, 0x0c, 0x38, 0xff,
    0x00, 0x0c, 0x38, 0xff, 0x00, 0x0c, 0x38, 0xff, 0x00, 0x0c, 0x38, 0xff,
    0x00, 0x0c, 0x38, 0xff, 0x00, 0x0c, 0x38, 0xff, 0x00, 0x0c, 0x38, 0xff,
    0x00, 0x0c, 0x38, 0xff, 0x00, 0x0c, 0x38, 0xff, 0x00, 0x0c, 0x38, 0xff,
    0x00, 0x08, 0x38, 0xff, 0x00, 0x0c, 0x38, 0xff, 0x00, 0x0c, 0x30, 0xff,
    0x00, 0x0c, 0x38, 0xff, 0x00, 0x08, 0x38, 0xff, 0x00, 0x08, 0x30, 0xff,
    0x00, 0x0c, 0x30, 0xff, 0x00, 0x08, 0x38, 0xff, 0x00, 0x08, 0x30, 0xff,
    0x00, 0x0c, 0x38, 0xff, 0x00, 0x0c, 0x30, 0xff, 0x00, 0x08, 0x30, 0xff,
    0x00, 0x08, 0x38, 0xff, 0x00, 0x0c, 0x30, 0xff, 0x00, 0x08, 0x30, 0xff,
    0x00, 0x08, 0x30, 0xff, 0x00, 0x08, 0x30, 0xff, 0x00, 0x0c, 0x30, 0xff,
    0x00, 0x08, 0x30, 0xff, 0x00, 0x08, 0x30, 0xff, 0x00, 0x08, 0x30, 0xff,
    0x00, 0x08, 0x30, 0xff, 0x00, 0x08, 0x30, 0xff, 0x00, 0x08, 0x28, 0xff,
    0x00, 0x08, 0x28, 0xff, 0x00, 0x08, 0x30, 0xff, 0x00, 0x04, 0x30, 0xff,
    0x00, 0x08, 0x28, 0xff, 0x00, 0x08, 0x28, 0xff, 0x00, 0x04, 0x30, 0xff,
    0x00, 0x08, 0x28, 0xff, 0x00, 0x08, 0x28, 0xff, 0x00, 0x04, 0x30, 0xff,
    0x00, 0x08, 0x28, 0xff, 0x00, 0x04, 0x30, 0xff, 0x00, 0x08, 0x28, 0xff,
    0x00, 0x08, 0x28, 0xff, 0x00, 0x04, 0x28, 0xff, 0x00, 0x04, 0x28, 0xff,
    0x00, 0x08, 0x28, 0xff, 0x00, 0x04, 0x28, 0xff, 0x00, 0x04, 0x28, 0xff,
    0x00, 0x08, 0x28, 0xff, 0x00, 0x04, 0x28, 0xff, 0x00, 0x04, 0x28, 0xff,
    0x00, 0x08, 0x28, 0xff, 0x00, 0x04, 0x28, 0xff, 0x00, 0x04, 0x28, 0xff,
    0x00, 0x04, 0x20, 0xff, 0x00, 0x08, 0x28, 0xff, 0x00, 0x04, 0x28, 0xff,
    0x00, 0x04, 0x20, 0xff, 0x00, 0x04, 0x20, 0xff, 0x00, 0x04, 0x28, 0xff,
    0x00, 0x04, 0x28, 0xff, 0x00, 0x04, 0x20, 0xff, 0x00, 0x04, 0x20, 0xff,
    0x00, 0x04, 0x20, 0xff, 0x00, 0x04, 0x28, 0xff, 0x00, 0x04, 0x20, 0xff,
    0x00, 0x04, 0x20, 0xff, 0x00, 0x04, 0x28, 0xff, 0x00, 0x04, 0x20, 0xff,
    0x00, 0x04, 0x20, 0xff, 0x00, 0x04, 0x20, 0xff, 0x00, 0x00, 0x20, 0xff,
    0x00, 0x04, 0x20, 0xff, 0x00, 0x00, 0x20, 0xff, 0x00, 0x04, 0x20, 0xff,
    0x00, 0x00, 0x20, 0xff, 0x00, 0x04, 0x20, 0xff, 0x00, 0x04, 0x20, 0xff,
    0x00, 0x04, 0x20, 0xff, 0x00, 0x00, 0x20, 0xff, 0x00, 0x04, 0x20, 0xff,
    0x00, 0x04, 0x20, 0xff, 0x00, 0x00, 0x20, 0xff, 0x00, 0x04, 0x20, 0xff,
    0x00, 0x04, 0x20, 0xff, 0x00, 0x00, 0x18, 0xff, 0x60, 0x60, 0x70, 0xae,
    0xf8, 0xfc, 0xf8, 0x00, 0xf8, 0xfc, 0xf8, 0x00, 0xf8, 0xfc, 0xf8, 0x00,
    0xf8, 0xfc, 0xf8, 0x00, 0xf8, 0xfc, 0xf8, 0x00, 0x88, 0x90, 0xb0, 0x3c,
    0x20, 0x34, 0x68, 0xf3, 0x00, 0x14, 0x50, 0xff, 0x00, 0x14, 0x50, 0xff,
    0x00, 0x14, 0x50, 0xff, 0x00, 0x14, 0x50, 0xff, 0x00, 0x14, 0x50, 0xff,
    0x00, 0x14, 0x50, 0xff, 0x00, 0x14, 0x50, 0xff, 0x00, 0x14, 0x48, 0xff,
    0x00, 0x10, 0x50, 0xff, 0x00, 0x14, 0x48, 0xff, 0x00, 0x14, 0x50, 0xff,
    0x00, 0x14, 0x48, 0xff, 0x00, 0x10, 0x50, 0xff, 0x00, 0x14, 0x48, 0xff,
    0x00, 0x14, 0x48, 0xff, 0x00, 0x14, 0x50, 0xff, 0x00, 0x10, 0x48, 0xff,
    0x00, 0x14, 0x48, 0xff, 0x00, 0x10, 0x48, 0xff, 0x00, 0x10, 0x48, 0xff,
    0x00, 0x10, 0x48, 0xff, 0x00, 0x14, 0x48, 0xff, 0x00, 0x10, 0x48, 0xff,
    0x00, 0x10, 0x48, 0xff, 0x00, 0x10, 0x40, 0xff, 0x00, 0x10, 0x48, 0xff,
    0x00, 0x10, 0x40, 0xff, 0x00, 0x10, 0x40, 0xff, 0x00, 0x10, 0x40, 0xff,
    0x00, 0x10, 0x48, 0xff, 0x00, 0x10, 0x48, 0xff, 0x00, 0x10, 0x40, 0xff,
    0x00, 0x0c, 0x40, 0xff, 0x00, 0x10, 0x40, 0xff, 0x00, 0x10, 0x40, 0xff,
    0x00, 0x10, 0x40, 0xff, 0x00, 0x0c, 0x40, 0xff, 0x00, 0x10, 0x40, 0xff,
    0x00, 0x10, 0x40, 0xff, 0x00, 0x0c, 0x40, 0xff, 0x00, 0x10, 0x40, 0xff,
    0x00, 0x10, 0x40, 0xff, 0x00, 0x0c, 0x38, 0xff, 0x00, 0x0c, 0x40, 0xff,
    0x00, 0x0c, 0x40, 0xff, 0x00, 0x0c, 0x38, 0xff, 0x00, 0x0c, 0x38, 0xff,
    0x00, 0x0c, 0x40, 0xff, 0x00, 0x10, 0x38, 0xff, 0x00, 0x0c, 0x38, 0xff,
    0x00, 0x0c, 0x38, 0xff, 0x00, 0x0c, 0x38, 0xff, 0x00, 0x0c, 0x38, 0xff,
    0x00, 0x0c, 0x38, 0xff, 0x00, 0x0c, 0x38, 0xff, 0x00, 0x0c, 0x38, 0xff,
    0x00, 0x0c, 0x38, 0xff, 0x00, 0x0c, 0x38, 0xff, 0x00, 0x0c, 0x38, 0xff,
    0x00, 0x08, 0x38, 0xff, 0x00, 0x0c, 0x38, 0xff, 0x00, 0x0c, 0x30, 0xff,
    0x00, 0x0c, 0x30, 0xff, 0x00, 0x08, 0x38, 0xff, 0x00, 0x08, 0x30, 0xff,
    0x00, 0x0c, 0x30, 0xff, 0x00, 0x0c, 0x38, 0xff, 0x00, 0x08, 0x30, 0xff,
    0x00, 0x0c, 0x30, 0xff, 0x00, 0x08, 0x30, 0xff, 0x00, 0x08, 0x30, 0xff,
    0x00, 0x08, 0x30, 0xff, 0x00, 0x08, 0x30, 0xff, 0x00, 0x0c, 0x30, 0xff,
    0x00, 0x08, 0x30, 0xff, 0x00, 0x08, 0x30, 0xff, 0x00, 0x08, 0x30, 0xff,
    0x00, 0x08, 0x30, 0xff, 0x00, 0x08, 0x30, 0xff, 0x00, 0x08, 0x30, 0xff,
    0x00, 0x08, 0x30, 0xff, 0x00, 0x08, 0x30, 0xff, 0x00, 0x08, 0x30, 0xff,
    0x00, 0x08, 0x28, 0xff, 0x00, 0x08, 0x30, 0xff, 0x00, 0x08, 0x30, 0xff,
    0x00, 0x08, 0x28, 0xff, 0x00, 0x04, 0x28, 0xff, 0x00, 0x08, 0x30, 0xff,
    0x00, 0x08, 0x28, 0xff, 0x00, 0x04, 0x28, 0xff, 0x00, 0x08, 0x30, 0xff,
    0x00, 0x08, 0x28, 0xff, 0x00, 0x04, 0x28, 0xff, 0x00, 0x04, 0x28, 0xff,
    0x00, 0x08, 0x28, 0xff, 0x00, 0x04, 0x30, 0xff, 0x00, 0x04, 0x28, 0xff,
    0x00, 0x08, 0x28, 0xff, 0x00, 0x08, 0x28, 0xff, 0x00, 0x04, 0x28, 0xff,
    0x00, 0x08, 0x28, 0xff, 0x00, 0x04, 0x28, 0xff, 0x00, 0x04, 0x28, 0xff,
    0x00, 0x04, 0x20, 0xff, 0x00, 0x04, 0x28, 0xff, 0x00, 0x04, 0x28, 0xff,
    0x00, 0x08, 0x20, 0xff, 0x00, 0x04, 0x20, 0xff, 0x00, 0x04, 0x28, 0xff,
    0x00, 0x04, 0x28, 0xff, 0x00, 0x04, 0x20, 0xff, 0x00, 0x04, 0x28, 0xff,
    0x00, 0x04, 0x20, 0xff, 0x00, 0x04, 0x20, 0xff, 0x00, 0x04, 0x28, 0xff,
    0x00, 0x04, 0x20, 0xff, 0x00, 0x04, 0x28, 0xff, 0x00, 0x04, 0x20, 0xff,
    0x00, 0x04, 0x20, 0xff, 0x00, 0x04, 0x20, 0xff, 0x00, 0x04, 0x20, 0xff,
    0x00, 0x04, 0x20, 0xff, 0x00, 0x00, 0x20, 0xff, 0x00, 0x04, 0x28, 0xff,
    0x00, 0x04, 0x20, 0xff, 0x00, 0x04, 0x20, 0xff, 0x00, 0x04, 0x20, 0xff,
    0x00, 0x00, 0x20, 0xff, 0x00, 0x04, 0x20, 0xff, 0x00, 0x04, 0x20, 0xff,
    0x00, 0x00, 0x20, 0xff, 0x00, 0x00, 0x20, 0xff, 0x00, 0x04, 0x20, 0xff,
    0x00, 0x00, 0x18, 0xff, 0x00, 0x04, 0x20, 0xff, 0x00, 0x00, 0x20, 0xff,
    0x00, 0x00, 0x18, 0xff, 0x00, 0x04, 0x20, 0xff, 0x00, 0x04, 0x20, 0xff,
    0x10, 0x10, 0x28, 0xff, 0x78, 0x7c, 0x88, 0x65, 0xf8, 0xfc, 0xf8, 0x00,
    0xf8, 0xfc, 0xf8, 0x00, 0xf8, 0xfc, 0xf8, 0x00, 0xf8, 0xfc, 0xf8, 0x00,
    0x50, 0x5c, 0x88, 0xcf, 0x00, 0x14, 0x50, 0xff, 0x00, 0x14, 0x50, 0xff,
    0x00, 0x14, 0x50, 0xff, 0x00, 0x14, 0x50, 0xff, 0x00, 0x14, 0x50, 0xff,
    0x00, 0x14, 0x50, 0xff, 0x00, 0x14, 0x50, 0xff, 0x00, 0x14, 0x48, 0xff,
    0x00, 0x14, 0x50, 0xff, 0x00, 0x14, 0x48, 0xff, 0x00, 0x10, 0x50, 0xff,
    0x00, 0x14, 0x48, 0xff, 0x00, 0x10, 0x48, 0xff, 0x00, 0x10, 0x48, 0xff,
    0x00, 0x10, 0x48, 0xff, 0x00, 0x14, 0x48, 0xff, 0x00, 0x10, 0x48, 0xff,
    0x00, 0x14, 0x48, 0xff, 0x00, 0x10, 0x48, 0xff, 0x00, 0x10, 0x48, 0xff,
    0x00, 0x10, 0x48, 0xff, 0x00, 0x10, 0x48, 0xff, 0x00, 0x10, 0x48, 0xff,
    0x00, 0x10, 0x48, 0xff, 0x00, 0x10, 0x40, 0xff, 0x00, 0x10, 0x48, 0xff,
    0x00, 0x10, 0x48, 0xff, 0x00, 0x10, 0x40, 0xff, 0x00, 0x10, 0x48, 0xff,
    0x00, 0x10, 0x40, 0xff, 0x00, 0x10, 0x40, 0xff, 0x00, 0x10, 0x40, 0xff,
    0x00, 0x10, 0x48, 0xff, 0x00, 0x0c, 0x40, 0xff, 0x00, 0x10, 0x40, 0xff,
    0x00, 0x10, 0x40, 0xff, 0x00, 0x0c, 0x40, 0xff, 0x00, 0x0c, 0x40, 0xff,
    0x00, 0x10, 0x40, 0xff, 0x00, 0x0c, 0x40, 0xff, 0x00, 0x0c, 0x40, 0xff,
    0x00, 0x10, 0x40, 0xff, 0x00, 0x0c, 0x38, 0xff, 0x00, 0x0c, 0x40, 0xff,
    0x00, 0x0c, 0x38, 0xff, 0x00, 0x10, 0x40, 0xff, 0x00, 0x0c, 0x38, 0xff,
    0x00, 0x0c, 0x38, 0xff, 0x00, 0x0c, 0x40, 0xff, 0x00, 0x0c, 0x38, 0xff,
    0x00, 0x0c, 0x38, 0xff, 0x00, 0x0c, 0x38, 0xff, 0x00, 0x0c, 0x40, 0xff,
    0x00, 0x0c, 0x38, 0xff, 0x00, 0x0c, 0x38, 0xff, 0x00, 0x0c, 0x38, 0xff,
    0x00, 0x0c, 0x38, 0xff, 0x00, 0x0c, 0x38, 0xff, 0x00, 0x0c, 0x38, 0xff,
    0x00, 0x08, 0x38, 0xff, 0x00, 0x0c, 0x38, 0xff, 0x00, 0x0c, 0x30, 0xff,
    0x00, 0x08, 0x38, 0xff, 0x00, 0x08, 0x38, 0xff, 0x00, 0x08, 0x30, 0xff,
    0x00, 0x0c, 0x38, 0xff, 0x00, 0x0c, 0x30, 0xff, 0x00, 0x08, 0x38, 0xff,
    0x00, 0x0c, 0x30, 0xff, 0x00, 0x0c, 0x30, 0xff, 0x00, 0x08, 0x38, 0xff,
    0x00, 0x08, 0x30, 0xff, 0x00, 0x08, 0x30, 0xff, 0x00, 0x08, 0x30, 0xff,
    0x00, 0x08, 0x30, 0xff, 0x00, 0x0c, 0x30, 0xff, 0x00, 0x08, 0x30, 0xff,
    0x00, 0x08, 0x30, 0xff, 0x00, 0x08, 0x30, 0xff, 0x00, 0x08, 0x30, 0xff,
    0x00, 0x08, 0x30, 0xff, 0x00, 0x08, 0x30, 0xff, 0x00, 0x08, 0x28, 0xff,
    0x00, 0x08, 0x30, 0xff, 0x00, 0x08, 0x30, 0xff, 0x00, 0x08, 0x28, 0xff,
    0x00, 0x08, 0x28, 0xff, 0x00, 0x08, 0x30, 0xff, 0x00, 0x08, 0x30, 0xff,
    0x00, 0x08, 0x28, 0xff, 0x00, 0x08, 0x28, 0xff, 0x00, 0x04, 0x28, 0xff,
    0x00, 0x08, 0x28, 0xff, 0x00, 0x04, 0x28, 0xff, 0x00, 0x08, 0x28, 0xff,
    0x00, 0x08, 0x28, 0xff, 0x00, 0x04, 0x28, 0xff, 0x00, 0x08, 0x28, 0xff,
    0x00, 0x08, 0x28, 0xff, 0x00, 0x04, 0x28, 0xff, 0x00, 0x04, 0x28, 0xff,
    0x00, 0x08, 0x28, 0xff, 0x00, 0x04, 0x28, 0xff, 0x00, 0x04, 0x28, 0xff,
    0x00, 0x04, 0x28, 0xff, 0x00, 0x08, 0x28, 0xff, 0x00, 0x04, 0x20, 0xff,
    0x00, 0x04, 0x28, 0xff, 0x00, 0x08, 0x28, 0xff, 0x00, 0x04, 0x20, 0xff,
    0x00, 0x04, 0x20, 0xff, 0x00, 0x04, 0x28, 0xff, 0x00, 0x04, 0x20, 0xff,
    0x00, 0x04, 0x28, 0xff, 0x00, 0x04, 0x20, 0xff, 0x00, 0x04, 0x20, 0xff,
    0x00, 0x04, 0x28, 0xff, 0x00, 0x04, 0x20, 0xff, 0x00, 0x04, 0x20, 0xff,
    0x00, 0x04, 0x20, 0xff, 0x00, 0x04, 0x20, 0xff, 0x00, 0x04, 0x20, 0xff,
    0x00, 0x04, 0x20, 0xff, 0x00, 0x04, 0x20, 0xff, 0x00, 0x00, 0x20, 0xff,
    0x00, 0x04, 0x20, 0xff, 0x00, 0x04, 0x20, 0xff, 0x00, 0x00, 0x20, 0xff,
    0x00, 0x04, 0x20, 0xff, 0x00, 0x04, 0x20, 0xff, 0x00, 0x04, 0x20, 0xff,
    0x00, 0x00, 0x20, 0xff, 0x00, 0x00, 0x20, 0xff, 0x00, 0x04, 0x20, 0xff,
    0x00, 0x00, 0x20, 0xff, 0x00, 0x04, 0x18, 0xff, 0x00, 0x00, 0x20, 0xff,
    0x00, 0x04, 0x20, 0xff, 0x00, 0x00, 0x18, 0xff, 0x00, 0x00, 0x20, 0xff,
    0x00, 0x04, 0x20, 0xff, 0x00, 0x04, 0x20, 0xff, 0x48, 0x4c, 0x60, 0xdb,
    0xf8, 0xfc, 0xf8, 0x00, 0xf8, 0xfc, 0xf8, 0x00, 0xf8, 0xfc, 0xf8, 0x00,
    0x88, 0x94, 0xb0, 0x3c, 0x20, 0x30, 0x68, 0xff, 0x00, 0x14, 0x50, 0xff,
    0x00, 0x14, 0x50, 0xff, 0x00, 0x14, 0x50, 0xff, 0x00, 0x14, 0x50, 0xff,
    0x00, 0x14, 0x50, 0xff, 0x00, 0x14, 0x50, 0xff, 0x00, 0x14, 0x48, 0xff,
    0x00, 0x10, 0x50, 0xff, 0x00, 0x14, 0x48, 0xff, 0x00, 0x14, 0x50, 0xff,
    0x00, 0x14, 0x48, 0xff, 0x00, 0x10, 0x48, 0xff, 0x00, 0x14, 0x50, 0xff,
    0x00, 0x14, 0x48, 0xff, 0x00, 0x10, 0x48, 0xff, 0x00, 0x10, 0x48, 0xff,
    0x00, 0x14, 0x48, 0xff, 0x00, 0x10, 0x48, 0xff, 0x00, 0x10, 0x48, 0xff,
    0x00, 0x10, 0x48, 0xff, 0x00, 0x14, 0x48, 0xff, 0x00, 0x10, 0x48, 0xff,
    0x00, 0x10, 0x48, 0xff, 0x00, 0x10, 0x40, 0xff, 0x00, 0x10, 0x48, 0xff,
    0x00, 0x10, 0x40, 0xff, 0x00, 0x10, 0x40, 0xff, 0x00, 0x10, 0x48, 0xff,
    0x00, 0x10, 0x40, 0xff, 0x00, 0x10, 0x40, 0xff, 0x00, 0x10, 0x40, 0xff,
    0x00, 0x10, 0x40, 0xff, 0x00, 0x10, 0x40, 0xff, 0x00, 0x10, 0x40, 0xff,
    0x00, 0x0c, 0x40, 0xff, 0x00, 0x0c, 0x40, 0xff, 0x00, 0x10, 0x40, 0xff,
    0x00, 0x0c, 0x40, 0xff, 0x00, 0x10, 0x40, 0xff, 0x00, 0x0c, 0x40, 0xff,
    0x00, 0x10, 0x40, 0xff, 0x00, 0x0c, 0x38, 0xff, 0x00, 0x0c, 0x40, 0xff,
    0x00, 0x0c, 0x38, 0xff, 0x00, 0x10, 0x40, 0xff, 0x00, 0x0c, 0x38, 0xff,
    0x00, 0x0c, 0x38, 0xff, 0x00, 0x10, 0x40, 0xff, 0x00, 0x0c, 0x38, 0xff,
    0x00, 0x0c, 0x38, 0xff, 0x00, 0x0c, 0x38, 0xff, 0x00, 0x0c, 0x38, 0xff,
    0x00, 0x0c, 0x38, 0xff, 0x00, 0x0c, 0x38, 0xff, 0x00, 0x0c, 0x38, 0xff,
    0x00, 0x0c, 0x38, 0xff, 0x00, 0x0c, 0x38, 0xff, 0x00, 0x0c, 0x38, 0xff,
    0x00, 0x08, 0x38, 0xff, 0x00, 0x0c, 0x38, 0xff, 0x00, 0x0c, 0x30, 0xff,
    0x00, 0x08, 0x38, 0xff, 0x00, 0x08, 0x38, 0xff, 0x00, 0x0c, 0x30, 0xff,
    0x00, 0x0c, 0x38, 0xff, 0x00, 0x08, 0x30, 0xff, 0x00, 0x08, 0x30, 0xff,
    0x00, 0x08, 0x38, 0xff, 0x00, 0x0c, 0x30, 0xff, 0x00, 0x08, 0x30, 0xff,
    0x00, 0x08, 0x38, 0xff, 0x00, 0x0c, 0x30, 0xff, 0x00, 0x08, 0x30, 0xff,
    0x00, 0x08, 0x30, 0xff, 0x00, 0x0c, 0x30, 0xff, 0x00, 0x08, 0x30, 0xff,
    0x00, 0x08, 0x30, 0xff, 0x00, 0x08, 0x30, 0xff, 0x00, 0x08, 0x30, 0xff,
    0x00, 0x08, 0x30, 0xff, 0x00, 0x08, 0x30, 0xff, 0x00, 0x08, 0x30, 0xff,
    0x00, 0x08, 0x28, 0xff, 0x00, 0x08, 0x28, 0xff, 0x00, 0x08, 0x30, 0xff,
    0x00, 0x04, 0x28, 0xff, 0x00, 0x08, 0x28, 0xff, 0x00, 0x04, 0x30, 0xff,
    0x00, 0x08, 0x28, 0xff, 0x00, 0x08, 0x28, 0xff, 0x00, 0x04, 0x30, 0xff,
    0x00, 0x08, 0x30, 0xff, 0x00, 0x04, 0x28, 0xff, 0x00, 0x04, 0x28, 0xff,
    0x00, 0x08, 0x30, 0xff, 0x00, 0x04, 0x28, 0xff, 0x00, 0x04, 0x28, 0xff,
    0x00, 0x08, 0x28, 0xff, 0x00, 0x04, 0x28, 0xff, 0x00, 0x08, 0x28, 0xff,
    0x00, 0x04, 0x28, 0xff, 0x00, 0x04, 0x28, 0xff, 0x00, 0x04, 0x28, 0xff,
    0x00, 0x04, 0x28, 0xff, 0x00, 0x08, 0x28, 0xff, 0x00, 0x04, 0x28, 0xff,
    0x00, 0x04, 0x20, 0xff, 0x00, 0x04, 0x28, 0xff, 0x00, 0x04, 0x28, 0xff,
    0x00, 0x08, 0x28, 0xff, 0x00, 0x04, 0x20, 0xff, 0x00, 0x04, 0x28, 0xff,
    0x00, 0x04, 0x20, 0xff, 0x00, 0x04, 0x20, 0xff, 0x00, 0x04, 0x28, 0xff,
    0x00, 0x04, 0x20, 0xff, 0x00, 0x04, 0x20, 0xff, 0x00, 0x04, 0x20, 0xff,
    0x00, 0x04, 0x20, 0xff, 0x00, 0x04, 0x28, 0xff, 0x00, 0x04, 0x20, 0xff,
    0x00, 0x04, 0x20, 0xff, 0x00, 0x04, 0x28, 0xff, 0x00, 0x00, 0x20, 0xff,
    0x00, 0x04, 0x20, 0xff, 0x00, 0x04, 0x20, 0xff, 0x00, 0x04, 0x20, 0xff,
    0x00, 0x00, 0x20, 0xff, 0x00, 0x04, 0x20, 0xff, 0x00, 0x04, 0x20, 0xff,
    0x00, 0x04, 0x20, 0xff, 0x00, 0x00, 0x20, 0xff, 0x00, 0x04, 0x20, 0xff,
    0x00, 0x04, 0x18, 0xff, 0x00, 0x00, 0x20, 0xff, 0x00, 0x00, 0x20, 0xff,
    0x00, 0x04, 0x20, 0xff, 0x00, 0x04, 0x18, 0xff, 0x00, 0x00, 0x20, 0xff,
    0x00, 0x04, 0x18, 0xff, 0x00, 0x00, 0x18, 0xff, 0x00, 0x00, 0x18, 0xff,
    0x10, 0x10, 0x28, 0xff, 0x78, 0x7c, 0x88, 0x65, 0xf8, 0xfc, 0xf8, 0x00,
    0xf8, 0xfc, 0xf8, 0x00, 0x60, 0x6c, 0x90, 0xaa, 0x00, 0x14, 0x50, 0xff,
    0x00, 0x14, 0x50, 0xff, 0x00, 0x14, 0x50, 0xff, 0x00, 0x14, 0x50, 0xff,
    0x00, 0x14, 0x50, 0xff, 0x00, 0x14, 0x50, 0xff, 0x00, 0x14, 0x48, 0xff,
    0x00, 0x14, 0x50, 0xff, 0x00, 0x10, 0x48, 0xff, 0x00, 0x14, 0x48, 0xff,
    0x00, 0x14, 0x48, 0xff, 0x00, 0x10, 0x50, 0xff, 0x00, 0x10, 0x48, 0xff,
    0x00, 0x14, 0x48, 0xff, 0x00, 0x14, 0x48, 0xff, 0x00, 0x10, 0x48, 0xff,
    0x00, 0x14, 0x48, 0xff, 0x00, 0x10, 0x48, 0xff, 0x00, 0x10, 0x48, 0xff,
    0x00, 0x10, 0x48, 0xff, 0x00, 0x14, 0x48, 0xff, 0x00, 0x10, 0x48, 0xff,
    0x00, 0x14, 0x48, 0xff, 0x00, 0x10, 0x40, 0xff, 0x00, 0x10, 0x48, 0xff,
    0x00, 0x10, 0x48, 0xff, 0x00, 0x10, 0x40, 0xff, 0x00, 0x10, 0x40, 0xff,
    0x00, 0x10, 0x48, 0xff, 0x00, 0x10, 0x40, 0xff, 0x00, 0x10, 0x40, 0xff,
    0x00, 0x10, 0x48, 0xff, 0x00, 0x0c, 0x40, 0xff, 0x00, 0x10, 0x40, 0xff,
    0x00, 0x10, 0x40, 0xff, 0x00, 0x0c, 0x40, 0xff, 0x00, 0x10, 0x40, 0xff,
    0x00, 0x0c, 0x40, 0xff, 0x00, 0x10, 0x40, 0xff, 0x00, 0x0c, 0x40, 0xff,
    0x00, 0x10, 0x40, 0xff, 0x00, 0x0c, 0x38, 0xff, 0x00, 0x0c, 0x40, 0xff,
    0x00, 0x0c, 0x38, 0xff, 0x00, 0x0c, 0x40, 0xff, 0x00, 0x0c, 0x40, 0xff,
    0x00, 0x0c, 0x38, 0xff, 0x00, 0x0c, 0x38, 0xff, 0x00, 0x0c, 0x38, 0xff,
    0x00, 0x0c, 0x38, 0xff, 0x00, 0x0c, 0x38, 0xff, 0x00, 0x0c, 0x40, 0xff,
    0x00, 0x0c, 0x38, 0xff, 0x00, 0x0c, 0x38, 0xff, 0x00, 0x0c, 0x38, 0xff,
    0x00, 0x0c, 0x38, 0xff, 0x00, 0x0c, 0x38, 0xff, 0x00, 0x0c, 0x38, 0xff,
    0x00, 0x08, 0x38, 0xff, 0x00, 0x0c, 0x38, 0xff, 0x00, 0x0c, 0x30, 0xff,
    0x00, 0x08, 0x38, 0xff, 0x00, 0x0c, 0x30, 0xff, 0x00, 0x0c, 0x30, 0xff,
    0x00, 0x08, 0x38, 0xff, 0x00, 0x0c, 0x30, 0xff, 0x00, 0x0c, 0x30, 0xff,
    0x00, 0x08, 0x38, 0xff, 0x00, 0x0c, 0x30, 0xff, 0x00, 0x08, 0x30, 0xff,
    0x00, 0x08, 0x30, 0xff, 0x00, 0x08, 0x30, 0xff, 0x00, 0x08, 0x30, 0xff,
    0x00, 0x0c, 0x30, 0xff, 0x00, 0x08, 0x30, 0xff, 0x00, 0x08, 0x30, 0xff,
    0x00, 0x08, 0x30, 0xff, 0x00, 0x08, 0x30, 0xff, 0x00, 0x08, 0x30, 0xff,
    0x00, 0x08, 0x30, 0xff, 0x00, 0x08, 0x30, 0xff, 0x00, 0x08, 0x28, 0xff,
    0x00, 0x08, 0x30, 0xff, 0x00, 0x08, 0x30, 0xff, 0x00, 0x08, 0x28, 0xff,
    0x00, 0x08, 0x30, 0xff, 0x00, 0x08, 0x30, 0xff, 0x00, 0x08, 0x28, 0xff,
    0x00, 0x04, 0x28, 0xff, 0x00, 0x08, 0x30, 0xff, 0x00, 0x08, 0x28, 0xff,
    0x00, 0x08, 0x28, 0xff, 0x00, 0x04, 0x28, 0xff, 0x00, 0x08, 0x28, 0xff,
    0x00, 0x08, 0x28, 0xff, 0x00, 0x04, 0x28, 0xff, 0x00, 0x08, 0x28, 0xff,
    0x00, 0x08, 0x28, 0xff, 0x00, 0x04, 0x28, 0xff, 0x00, 0x08, 0x28, 0xff,
    0x00, 0x08, 0x28, 0xff, 0x00, 0x04, 0x28, 0xff, 0x00, 0x04, 0x28, 0xff,
    0x00, 0x08, 0x28, 0xff, 0x00, 0x04, 0x28, 0xff, 0x00, 0x04, 0x20, 0xff,
    0x00, 0x08, 0x20, 0xff, 0x00, 0x04, 0x28, 0xff, 0x00, 0x04, 0x20, 0xff,
    0x00, 0x04, 0x28, 0xff, 0x00, 0x04, 0x20, 0xff, 0x00, 0x04, 0x28, 0xff,
    0x00, 0x04, 0x28, 0xff, 0x00, 0x04, 0x20, 0xff, 0x00, 0x04, 0x20, 0xff,
    0x00, 0x04, 0x28, 0xff, 0x00, 0x04, 0x28, 0xff, 0x00, 0x04, 0x20, 0xff,
    0x00, 0x04, 0x20, 0xff, 0x00, 0x04, 0x28, 0xff, 0x00, 0x04, 0x20, 0xff,
    0x00, 0x04, 0x20, 0xff, 0x00, 0x04, 0x20, 0xff, 0x00, 0x00, 0x20, 0xff,
    0x00, 0x04, 0x20, 0xff, 0x00, 0x04, 0x20, 0xff, 0x00, 0x04, 0x20, 0xff,
    0x00, 0x04, 0x20, 0xff, 0x00, 0x04, 0x20, 0xff, 0x00, 0x04, 0x20, 0xff,
    0x00, 0x00, 0x20, 0xff, 0x00, 0x00, 0x20, 0xff, 0x00, 0x04, 0x20, 0xff,
    0x00, 0x00, 0x20, 0xff, 0x00, 0x04, 0x20, 0xff, 0x00, 0x04, 0x18, 0xff,
    0x00, 0x00, 0x20, 0xff, 0x00, 0x04, 0x18, 0xff, 0x00, 0x00, 0x20, 0xff,
    0x00, 0x04, 0x20, 0xff, 0x00, 0x04, 0x20, 0xff, 0x00, 0x00, 0x18, 0xff,
    0x00, 0x04, 0x20, 0xff, 0x00, 0x00, 0x20, 0xff, 0x58, 0x58, 0x68, 0xb6,
    0xf8, 0xfc, 0xf8, 0x00, 0xf8, 0xfc, 0xf8, 0x00, 0x48, 0x58, 0x80, 0xdb,
    0x00, 0x14, 0x50, 0xff, 0x00, 0x14, 0x50, 0xff, 0x00, 0x14, 0x50, 0xff,
    0x00, 0x14, 0x50, 0xff, 0x00, 0x14, 0x50, 0xff, 0x00, 0x14, 0x48, 0xff,
    0x00, 0x14, 0x50, 0xff, 0x00, 0x14, 0x48, 0xff, 0x00, 0x14, 0x50, 0xff,
    0x00, 0x14, 0x48, 0xff, 0x00, 0x10, 0x50, 0xff, 0x00, 0x10, 0x48, 0xff,
    0x00, 0x14, 0x48, 0xff, 0x00, 0x10, 0x48, 0xff, 0x00, 0x10, 0x48, 0xff,
    0x00, 0x14, 0x48, 0xff, 0x00, 0x10, 0x48, 0xff, 0x00, 0x10, 0x48, 0xff,
    0x00, 0x10, 0x48, 0xff, 0x00, 0x10, 0x48, 0xff, 0x00, 0x10, 0x48, 0xff,
    0x00, 0x10, 0x48, 0xff, 0x00, 0x10, 0x40, 0xff, 0x00, 0x10, 0x48, 0xff,
    0x00, 0x10, 0x40, 0xff, 0x00, 0x10, 0x48, 0xff, 0x00, 0x10, 0x40, 0xff,
    0x00, 0x10, 0x40, 0xff, 0x00, 0x10, 0x40, 0xff, 0x00, 0x10, 0x40, 0xff,
    0x00, 0x10, 0x48, 0xff, 0x00, 0x0c, 0x40, 0xff, 0x00, 0x10, 0x40, 0xff,
    0x00, 0x10, 0x40, 0xff, 0x00, 0x0c, 0x40, 0xff, 0x00, 0x0c, 0x40, 0xff,
    0x00, 0x10, 0x40, 0xff, 0x00, 0x10, 0x40, 0xff, 0x00, 0x0c, 0x40, 0xff,
    0x00, 0x10, 0x40, 0xff, 0x00, 0x0c, 0x38, 0xff, 0x00, 0x0c, 0x40, 0xff,
    0x00, 0x0c, 0x38, 0xff, 0x00, 0x10, 0x38, 0xff, 0x00, 0x0c, 0x40, 0xff,
    0x00, 0x10, 0x38, 0xff, 0x00, 0x0c, 0x38, 0xff, 0x00, 0x0c, 0x40, 0xff,
    0x00, 0x0c, 0x38, 0xff, 0x00, 0x0c, 0x38, 0xff, 0x00, 0x0c, 0x38, 0xff,
    0x00, 0x0c, 0x38, 0xff, 0x00, 0x0c, 0x38, 0xff, 0x00, 0x0c, 0x38, 0xff,
    0x00, 0x0c, 0x38, 0xff, 0x00, 0x0c, 0x38, 0xff, 0x00, 0x0c, 0x38, 0xff,
    0x00, 0x0c, 0x38, 0xff, 0x00, 0x0c, 0x38, 0xff, 0x00, 0x0c, 0x30, 0xff,
    0x00, 0x0c, 0x38, 0xff, 0x00, 0x08, 0x38, 0xff, 0x00, 0x08, 0x30, 0xff,
    0x00, 0x0c, 0x38, 0xff, 0x00, 0x08, 0x30, 0xff, 0x00, 0x08, 0x30, 0xff,
    0x00, 0x0c, 0x38, 0xff, 0x00, 0x0c, 0x30, 0xff, 0x00, 0x08, 0x30, 0xff,
    0x00, 0x08, 0x30, 0xff, 0x00, 0x08, 0x30, 0xff, 0x00, 0x08, 0x30, 0xff,
    0x00, 0x08, 0x30, 0xff, 0x00, 0x08, 0x30, 0xff, 0x00, 0x0c, 0x30, 0xff,
    0x00, 0x08, 0x30, 0xff, 0x00, 0x08, 0x30, 0xff, 0x00, 0x08, 0x30, 0xff,
    0x00, 0x08, 0x30, 0xff, 0x00, 0x08, 0x30, 0xff, 0x00, 0x08, 0x30, 0xff,
    0x00, 0x08, 0x28, 0xff, 0x00, 0x08, 0x30, 0xff, 0x00, 0x08, 0x28, 0xff,
    0x00, 0x08, 0x28, 0xff, 0x00, 0x08, 0x30, 0xff, 0x00, 0x08, 0x30, 0xff,
    0x00, 0x08, 0x28, 0xff, 0x00, 0x08, 0x28, 0xff, 0x00, 0x04, 0x30, 0xff,
    0x00, 0x08, 0x28, 0xff, 0x00, 0x04, 0x28, 0xff, 0x00, 0x04, 0x28, 0xff,
    0x00, 0x08, 0x28, 0xff, 0x00, 0x04, 0x28, 0xff, 0x00, 0x04, 0x28, 0xff,
    0x00, 0x08, 0x28, 0xff, 0x00, 0x04, 0x28, 0xff, 0x00, 0x04, 0x28, 0xff,
    0x00, 0x08, 0x28, 0xff, 0x00, 0x04, 0x28, 0xff, 0x00, 0x04, 0x28, 0xff,
    0x00, 0x04, 0x28, 0xff, 0x00, 0x04, 0x28, 0xff, 0x00, 0x04, 0x28, 0xff,
    0x00, 0x04, 0x20, 0xff, 0x00, 0x04, 0x28, 0xff, 0x00, 0x08, 0x28, 0xff,
    0x00, 0x04, 0x28, 0xff, 0x00, 0x04, 0x20, 0xff, 0x00, 0x04, 0x20, 0xff,
    0x00, 0x04, 0x20, 0xff, 0x00, 0x04, 0x20, 0xff, 0x00, 0x04, 0x28, 0xff,
    0x00, 0x04, 0x20, 0xff, 0x00, 0x04, 0x20, 0xff, 0x00, 0x04, 0x20, 0xff,
    0x00, 0x04, 0x20, 0xff, 0x00, 0x04, 0x20, 0xff, 0x00, 0x04, 0x20, 0xff,
    0x00, 0x04, 0x20, 0xff, 0x00, 0x04, 0x20, 0xff, 0x00, 0x04, 0x20, 0xff,
    0x00, 0x04, 0x20, 0xff, 0x00, 0x04, 0x20, 0xff, 0x00, 0x00, 0x20, 0xff,
    0x00, 0x04, 0x20, 0xff, 0x00, 0x00, 0x20, 0xff, 0x00, 0x04, 0x20, 0xff,
    0x00, 0x04, 0x20, 0xff, 0x00, 0x00, 0x20, 0xff, 0x00, 0x04, 0x20, 0xff,
    0x00, 0x00, 0x18, 0xff, 0x00, 0x00, 0x20, 0xff, 0x00, 0x04, 0x20, 0xff,
    0x00, 0x00, 0x20, 0xff, 0x00, 0x04, 0x18, 0xff, 0x00, 0x00, 0x20, 0xff,
    0x00, 0x00, 0x18, 0xff, 0x00, 0x04, 0x20, 0xff, 0x00, 0x00, 0x18, 0xff,
    0x00, 0x04, 0x20, 0xff, 0x00, 0x00, 0x20, 0xff, 0x00, 0x00, 0x18, 0xff,
    0x48, 0x44, 0x58, 0xf3, 0xf8, 0xfc, 0xf8, 0x00, 0xf8, 0xfc, 0xf8, 0x00,
    0x40, 0x50, 0x80, 0xff, 0x00, 0x14, 0x50, 0xff, 0x00, 0x14, 0x50, 0xff,
    0x00, 0x14, 0x50, 0xff, 0x00, 0x14, 0x48, 0xff, 0x00, 0x14, 0x48, 0xff,
    0x00, 0x10, 0x50, 0xff, 0x00, 0x14, 0x48, 0xff, 0x00, 0x10, 0x50, 0xff,
    0x00, 0x14, 0x48, 0xff, 0x00, 0x10, 0x48, 0xff, 0x00, 0x10, 0x48, 0xff,
    0x00, 0x14, 0x48, 0xff, 0x00, 0x14, 0x48, 0xff, 0x00, 0x10, 0x50, 0xff,
    0x00, 0x14, 0x48, 0xff, 0x00, 0x10, 0x48, 0xff, 0x00, 0x10, 0x48, 0xff,
    0x00, 0x10, 0x48, 0xff, 0x00, 0x14, 0x48, 0xff, 0x00, 0x10, 0x48, 0xff,
    0x00, 0x10, 0x48, 0xff, 0x00, 0x10, 0x48, 0xff, 0x00, 0x10, 0x48, 0xff,
    0x00, 0x10, 0x40, 0xff, 0x00, 0x10, 0x48, 0xff, 0x00, 0x10, 0x40, 0xff,
    0x00, 0x10, 0x48, 0xff, 0x00, 0x10, 0x40, 0xff, 0x00, 0x10, 0x40, 0xff,
    0x00, 0x10, 0x48, 0xff, 0x00, 0x10, 0x40, 0xff, 0x00, 0x10, 0x40, 0xff,
    0x00, 0x10, 0x40, 0xff, 0x00, 0x0c, 0x40, 0xff, 0x00, 0x0c, 0x40, 0xff,
    0x00, 0x10, 0x40, 0xff, 0x00, 0x0c, 0x40, 0xff, 0x00, 0x0c, 0x40, 0xff,
    0x00, 0x10, 0x40, 0xff, 0x00, 0x0c, 0x38, 0xff, 0x00, 0x0c, 0x40, 0xff,
    0x00, 0x0c, 0x38, 0xff, 0x00, 0x10, 0x40, 0xff, 0x00, 0x0c, 0x40, 0xff,
    0x00, 0x0c, 0x38, 0xff, 0x00, 0x10, 0x38, 0xff, 0x00, 0x0c, 0x38, 0xff,
    0x00, 0x0c, 0x40, 0xff, 0x00, 0x0c, 0x38, 0xff, 0x00, 0x0c, 0x38, 0xff,
    0x00, 0x0c, 0x38, 0xff, 0x00, 0x0c, 0x38, 0xff, 0x00, 0x0c, 0x38, 0xff,
    0x00, 0x0c, 0x38, 0xff, 0x00, 0x0c, 0x38, 0xff, 0x00, 0x0c, 0x38, 0xff,
    0x00, 0x08, 0x38, 0xff, 0x00, 0x08, 0x38, 0xff, 0x00, 0x0c, 0x30, 0xff,
    0x00, 0x0c, 0x38, 0xff, 0x00, 0x08, 0x38, 0xff, 0x00, 0x08, 0x30, 0xff,
    0x00, 0x0c, 0x38, 0xff, 0x00, 0x0c, 0x30, 0xff, 0x00, 0x08, 0x30, 0xff,
    0x00, 0x08, 0x38, 0xff, 0x00, 0x0c, 0x30, 0xff, 0x00, 0x08, 0x30, 0xff,
    0x00, 0x08, 0x38, 0xff, 0x00, 0x08, 0x30, 0xff, 0x00, 0x0c, 0x30, 0xff,
    0x00, 0x08, 0x30, 0xff, 0x00, 0x08, 0x30, 0xff, 0x00, 0x08, 0x30, 0xff,
    0x00, 0x08, 0x30, 0xff, 0x00, 0x08, 0x30, 0xff, 0x00, 0x08, 0x30, 0xff,
    0x00, 0x08, 0x30, 0xff, 0x00, 0x08, 0x30, 0xff, 0x00, 0x08, 0x28, 0xff,
    0x00, 0x08, 0x28, 0xff, 0x00, 0x08, 0x30, 0xff, 0x00, 0x08, 0x30, 0xff,
    0x00, 0x08, 0x28, 0xff, 0x00, 0x04, 0x28, 0xff, 0x00, 0x04, 0x30, 0xff,
    0x00, 0x08, 0x28, 0xff, 0x00, 0x08, 0x28, 0xff, 0x00, 0x04, 0x30, 0xff,
    0x00, 0x08, 0x28, 0xff, 0x00, 0x04, 0x28, 0xff, 0x00, 0x08, 0x28, 0xff,
    0x00, 0x08, 0x30, 0xff, 0x00, 0x04, 0x28, 0xff, 0x00, 0x08, 0x28, 0xff,
    0x00, 0x08, 0x28, 0xff, 0x00, 0x04, 0x28, 0xff, 0x00, 0x08, 0x28, 0xff,
    0x00, 0x04, 0x28, 0xff, 0x00, 0x04, 0x28, 0xff, 0x00, 0x04, 0x28, 0xff,
    0x00, 0x04, 0x28, 0xff, 0x00, 0x08, 0x28, 0xff, 0x00, 0x04, 0x20, 0xff,
    0x00, 0x08, 0x28, 0xff, 0x00, 0x04, 0x28, 0xff, 0x00, 0x04, 0x20, 0xff,
    0x00, 0x08, 0x28, 0xff, 0x00, 0x04, 0x20, 0xff, 0x00, 0x04, 0x28, 0xff,
    0x00, 0x04, 0x28, 0xff, 0x00, 0x04, 0x20, 0xff, 0x00, 0x04, 0x20, 0xff,
    0x00, 0x04, 0x28, 0xff, 0x00, 0x04, 0x20, 0xff, 0x00, 0x04, 0x20, 0xff,
    0x00, 0x04, 0x28, 0xff, 0x00, 0x04, 0x20, 0xff, 0x00, 0x04, 0x20, 0xff,
    0x00, 0x04, 0x20, 0xff, 0x00, 0x04, 0x20, 0xff, 0x00, 0x00, 0x20, 0xff,
    0x00, 0x04, 0x20, 0xff, 0x00, 0x04, 0x20, 0xff, 0x00, 0x00, 0x20, 0xff,
    0x00, 0x04, 0x20, 0xff, 0x00, 0x04, 0x20, 0xff, 0x00, 0x04, 0x20, 0xff,
    0x00, 0x00, 0x20, 0xff, 0x00, 0x00, 0x20, 0xff, 0x00, 0x04, 0x20, 0xff,
    0x00, 0x04, 0x20, 0xff, 0x00, 0x00, 0x20, 0xff, 0x00, 0x04, 0x18, 0xff,
    0x00, 0x00, 0x20, 0xff, 0x00, 0x00, 0x20, 0xff, 0x00, 0x04, 0x20, 0xff,
    0x00, 0x04, 0x18, 0xff, 0x00, 0x00, 0x20, 0xff, 0x00, 0x00, 0x18, 0xff,
    0x00, 0x04, 0x18, 0xff, 0x00, 0x00, 0x18, 0xff, 0x00, 0x00, 0x20, 0xff,
    0x00, 0x00, 0x18, 0xff, 0x20, 0x20, 0x38, 0xff, 0xf8, 0xfc, 0xf8, 0x20,
    0x80, 0x8c, 0xa8, 0x20, 0x30, 0x40, 0x70, 0xff, 0x00, 0x14, 0x50, 0xff,
    0x00, 0x14, 0x50, 0xff, 0x00, 0x14, 0x50, 0xff, 0x00, 0x14, 0x48, 0xff,
    0x00, 0x14, 0x50, 0xff, 0x00, 0x14, 0x50, 0xff, 0x00, 0x10, 0x48, 0xff,
    0x00, 0x14, 0x48, 0xff, 0x00, 0x10, 0x50, 0xff, 0x00, 0x14, 0x48, 0xff,
    0x00, 0x10, 0x48, 0xff, 0x00, 0x14, 0x48, 0xff, 0x00, 0x10, 0x48, 0xff,
    0x00, 0x14, 0x48, 0xff, 0x00, 0x10, 0x48, 0xff, 0x00, 0x10, 0x48, 0xff,
    0x00, 0x10, 0x48, 0xff, 0x00, 0x14, 0x48, 0xff, 0x00, 0x10, 0x48, 0xff,
    0x00, 0x14, 0x48, 0xff, 0x00, 0x10, 0x40, 0xff, 0x00, 0x10, 0x40, 0xff,
    0x00, 0x10, 0x40, 0xff, 0x00, 0x10, 0x48, 0xff, 0x00, 0x10, 0x40, 0xff,
    0x00, 0x10, 0x40, 0xff, 0x00, 0x10, 0x40, 0xff, 0x00, 0x10, 0x40, 0xff,
    0x00, 0x10, 0x48, 0xff, 0x00, 0x0c, 0x40, 0xff, 0x00, 0x10, 0x40, 0xff,
    0x00, 0x10, 0x40, 0xff, 0x00, 0x0c, 0x40, 0xff, 0x00, 0x0c, 0x40, 0xff,
    0x00, 0x10, 0x40, 0xff, 0x00, 0x10, 0x40, 0xff, 0x00, 0x0c, 0x40, 0xff,
    0x00, 0x10, 0x40, 0xff, 0x00, 0x10, 0x38, 0xff, 0x00, 0x0c, 0x40, 0xff,
    0x00, 0x0c, 0x38, 0xff, 0x00, 0x0c, 0x40, 0xff, 0x00, 0x0c, 0x38, 0xff,
    0x00, 0x0c, 0x38, 0xff, 0x00, 0x0c, 0x40, 0xff, 0x00, 0x0c, 0x38, 0xff,
    0x00, 0x0c, 0x38, 0xff, 0x00, 0x0c, 0x38, 0xff, 0x00, 0x0c, 0x38, 0xff,
    0x00, 0x0c, 0x38, 0xff, 0x00, 0x0c, 0x38, 0xff, 0x00, 0x0c, 0x38, 0xff,
    0x00, 0x0c, 0x38, 0xff, 0x00, 0x0c, 0x38, 0xff, 0x00, 0x0c, 0x38, 0xff,
    0x00, 0x0c, 0x38, 0xff, 0x00, 0x0c, 0x38, 0xff, 0x00, 0x0c, 0x30, 0xff,
    0x00, 0x0c, 0x38, 0xff, 0x00, 0x08, 0x30, 0xff, 0x00, 0x08, 0x30, 0xff,
    0x00, 0x0c, 0x38, 0xff, 0x00, 0x0c, 0x30, 0xff, 0x00, 0x08, 0x30, 0xff,
    0x00, 0x0c, 0x38, 0xff, 0x00, 0x0c, 0x30, 0xff, 0x00, 0x08, 0x30, 0xff,
    0x00, 0x08, 0x30, 0xff, 0x00, 0x08, 0x30, 0xff, 0x00, 0x08, 0x30, 0xff,
    0x00, 0x0c, 0x30, 0xff, 0x00, 0x08, 0x30, 0xff, 0x00, 0x0c, 0x30, 0xff,
    0x00, 0x08, 0x30, 0xff, 0x00, 0x08, 0x30, 0xff, 0x00, 0x08, 0x30, 0xff,
    0x00, 0x08, 0x30, 0xff, 0x00, 0x08, 0x30, 0xff, 0x00, 0x08, 0x30, 0xff,
    0x00, 0x08, 0x28, 0xff, 0x00, 0x08, 0x30, 0xff, 0x00, 0x08, 0x30, 0xff,
    0x00, 0x08, 0x28, 0xff, 0x00, 0x08, 0x30, 0xff, 0x00, 0x08, 0x30, 0xff,
    0x00, 0x08, 0x28, 0xff, 0x00, 0x08, 0x28, 0xff, 0x00, 0x04, 0x30, 0xff,
    0x00, 0x08, 0x28, 0xff, 0x00, 0x04, 0x28, 0xff, 0x00, 0x08, 0x28, 0xff,
    0x00, 0x04, 0x28, 0xff, 0x00, 0x04, 0x28, 0xff, 0x00, 0x08, 0x28, 0xff,
    0x00, 0x04, 0x28, 0xff, 0x00, 0x08, 0x28, 0xff, 0x00, 0x04, 0x28, 0xff,
    0x00, 0x08, 0x28, 0xff, 0x00, 0x04, 0x28, 0xff, 0x00, 0x04, 0x28, 0xff,
    0x00, 0x04, 0x28, 0xff, 0x00, 0x08, 0x28, 0xff, 0x00, 0x04, 0x28, 0xff,
    0x00, 0x04, 0x20, 0xff, 0x00, 0x08, 0x28, 0xff, 0x00, 0x04, 0x28, 0xff,
    0x00, 0x04, 0x20, 0xff, 0x00, 0x04, 0x20, 0xff, 0x00, 0x04, 0x28, 0xff,
    0x00, 0x04, 0x20, 0xff, 0x00, 0x04, 0x20, 0xff, 0x00, 0x04, 0x28, 0xff,
    0x00, 0x04, 0x20, 0xff, 0x00, 0x04, 0x28, 0xff, 0x00, 0x04, 0x20, 0xff,
    0x00, 0x04, 0x20, 0xff, 0x00, 0x04, 0x28, 0xff, 0x00, 0x04, 0x20, 0xff,
    0x00, 0x04, 0x20, 0xff, 0x00, 0x04, 0x28, 0xff, 0x00, 0x04, 0x20, 0xff,
    0x00, 0x00, 0x20, 0xff, 0x00, 0x04, 0x20, 0xff, 0x00, 0x04, 0x20, 0xff,
    0x00, 0x00, 0x20, 0xff, 0x00, 0x04, 0x20, 0xff, 0x00, 0x04, 0x20, 0xff,
    0x00, 0x04, 0x20, 0xff, 0x00, 0x00, 0x20, 0xff, 0x00, 0x00, 0x20, 0xff,
    0x00, 0x04, 0x20, 0xff, 0x00, 0x00, 0x20, 0xff, 0x00, 0x04, 0x20, 0xff,
    0x00, 0x04, 0x20, 0xff, 0x00, 0x00, 0x18, 0xff, 0x00, 0x04, 0x18, 0xff,
    0x00, 0x00, 0x20, 0xff, 0x00, 0x04, 0x20, 0xff, 0x00, 0x04, 0x20, 0xff,
    0x00, 0x00, 0x20, 0xff, 0x00, 0x00, 0x18, 0xff, 0x00, 0x00, 0x20, 0xff,
    0x00, 0x00, 0x18, 0xff, 0x00, 0x04, 0x20, 0xff, 0x00, 0x00, 0x18, 0xff,
    0x90, 0x94, 0xa0, 0x71, 0x90, 0x9c, 0xb0, 0x71, 0x00, 0x14, 0x50, 0xff,
    0x00, 0x14, 0x50, 0xff, 0x00, 0x14, 0x48, 0xff, 0x00, 0x14, 0x50, 0xff,
    0x00, 0x10, 0x50, 0xff, 0x00, 0x14, 0x48, 0xff, 0x00, 0x14, 0x50, 0xff,
    0x00, 0x14, 0x48, 0xff, 0x00, 0x10, 0x48, 0xff, 0x00, 0x14, 0x48, 0xff,
    0x00, 0x10, 0x50, 0xff, 0x00, 0x14, 0x48, 0xff, 0x00, 0x10, 0x48, 0xff,
    0x00, 0x10, 0x48, 0xff, 0x00, 0x10, 0x48, 0xff, 0x00, 0x10, 0x48, 0xff,
    0x00, 0x10, 0x48, 0xff, 0x00, 0x14, 0x48, 0xff, 0x00, 0x10, 0x48, 0xff,
    0x00, 0x10, 0x48, 0xff, 0x00, 0x10, 0x48, 0xff, 0x00, 0x10, 0x48, 0xff,
    0x00, 0x10, 0x40, 0xff, 0x00, 0x10, 0x48, 0xff, 0x00, 0x10, 0x40, 0xff,
    0x00, 0x10, 0x40, 0xff, 0x00, 0x10, 0x48, 0xff, 0x00, 0x10, 0x40, 0xff,
    0x00, 0x10, 0x40, 0xff, 0x00, 0x10, 0x40, 0xff, 0x00, 0x0c, 0x40, 0xff,
    0x00, 0x10, 0x40, 0xff, 0x00, 0x0c, 0x40, 0xff, 0x00, 0x0c, 0x40, 0xff,
    0x00, 0x10, 0x40, 0xff, 0x00, 0x10, 0x40, 0xff, 0x00, 0x0c, 0x40, 0xff,
    0x00, 0x0c, 0x40, 0xff, 0x00, 0x10, 0x38, 0xff, 0x00, 0x0c, 0x40, 0xff,
    0x00, 0x0c, 0x38, 0xff, 0x00, 0x10, 0x40, 0xff, 0x00, 0x0c, 0x38, 0xff,
    0x00, 0x10, 0x38, 0xff, 0x00, 0x0c, 0x38, 0xff, 0x00, 0x0c, 0x38, 0xff,
    0x00, 0x0c, 0x40, 0xff, 0x00, 0x0c, 0x38, 0xff, 0x00, 0x0c, 0x38, 0xff,
    0x00, 0x0c, 0x38, 0xff, 0x00, 0x0c, 0x38, 0xff, 0x00, 0x0c, 0x38, 0xff,
    0x00, 0x0c, 0x38, 0xff, 0x00, 0x0c, 0x38, 0xff, 0x00, 0x0c, 0x38, 0xff,
    0x00, 0x08, 0x38, 0xff, 0x00, 0x0c, 0x38, 0xff, 0x00, 0x0c, 0x30, 0xff,
    0x00, 0x08, 0x38, 0xff, 0x00, 0x08, 0x38, 0xff, 0x00, 0x0c, 0x30, 0xff,
    0x00, 0x08, 0x38, 0xff, 0x00, 0x0c, 0x30, 0xff, 0x00, 0x08, 0x30, 0xff,
    0x00, 0x08, 0x38, 0xff, 0x00, 0x0c, 0x30, 0xff, 0x00, 0x08, 0x30, 0xff,
    0x00, 0x08, 0x30, 0xff, 0x00, 0x08, 0x30, 0xff, 0x00, 0x08, 0x30, 0xff,
    0x00, 0x08, 0x30, 0xff, 0x00, 0x08, 0x30, 0xff, 0x00, 0x08, 0x30, 0xff,
    0x00, 0x08, 0x30, 0xff, 0x00, 0x08, 0x30, 0xff, 0x00, 0x08, 0x30, 0xff,
    0x00, 0x08, 0x30, 0xff, 0x00, 0x08, 0x30, 0xff, 0x00, 0x08, 0x30, 0xff,
    0x00, 0x08, 0x28, 0xff, 0x00, 0x08, 0x30, 0xff, 0x00, 0x08, 0x30, 0xff,
    0x00, 0x08, 0x28, 0xff, 0x00, 0x08, 0x28, 0xff, 0x00, 0x04, 0x30, 0xff,
    0x00, 0x08, 0x28, 0xff, 0x00, 0x08, 0x28, 0xff, 0x00, 0x08, 0x30, 0xff,
    0x00, 0x08, 0x28, 0xff, 0x00, 0x04, 0x28, 0xff, 0x00, 0x08, 0x28, 0xff,
    0x00, 0x08, 0x28, 0xff, 0x00, 0x04, 0x28, 0xff, 0x00, 0x08, 0x28, 0xff,
    0x00, 0x04, 0x28, 0xff, 0x00, 0x08, 0x28, 0xff, 0x00, 0x04, 0x28, 0xff,
    0x00, 0x08, 0x28, 0xff, 0x00, 0x04, 0x28, 0xff, 0x00, 0x04, 0x28, 0xff,
    0x00, 0x04, 0x28, 0xff, 0x00, 0x08, 0x28, 0xff, 0x00, 0x04, 0x20, 0xff,
    0x00, 0x04, 0x20, 0xff, 0x00, 0x04, 0x28, 0xff, 0x00, 0x04, 0x20, 0xff,
    0x00, 0x04, 0x28, 0xff, 0x00, 0x04, 0x20, 0xff, 0x00, 0x04, 0x28, 0xff,
    0x00, 0x04, 0x28, 0xff, 0x00, 0x04, 0x20, 0xff, 0x00, 0x04, 0x20, 0xff,
    0x00, 0x04, 0x28, 0xff, 0x00, 0x04, 0x20, 0xff, 0x00, 0x04, 0x20, 0xff,
    0x00, 0x04, 0x20, 0xff, 0x00, 0x04, 0x20, 0xff, 0x00, 0x04, 0x20, 0xff,
    0x00, 0x04, 0x20, 0xff, 0x00, 0x04, 0x20, 0xff, 0x00, 0x04, 0x20, 0xff,
    0x00, 0x04, 0x20, 0xff, 0x00, 0x04, 0x20, 0xff, 0x00, 0x04, 0x20, 0xff,
    0x00, 0x04, 0x20, 0xff, 0x00, 0x04, 0x20, 0xff, 0x00, 0x00, 0x20, 0xff,
    0x00, 0x04, 0x20, 0xff, 0x00, 0x00, 0x20, 0xff, 0x00, 0x04, 0x20, 0xff,
    0x00, 0x04, 0x20, 0xff, 0x00, 0x00, 0x18, 0xff, 0x00, 0x00, 0x18, 0xff,
    0x00, 0x04, 0x20, 0xff, 0x00, 0x00, 0x20, 0xff, 0x00, 0x04, 0x18, 0xff,
    0x00, 0x00, 0x20, 0xff, 0x00, 0x00, 0x18, 0xff, 0x00, 0x04, 0x18, 0xff,
    0x00, 0x00, 0x18, 0xff, 0x00, 0x00, 0x20, 0xff, 0x00, 0x04, 0x20, 0xff,
    0x00, 0x00, 0x18, 0xff, 0x00, 0x00, 0x20, 0xff, 0x00, 0x00, 0x18, 0xff,
    0x00, 0x00, 0x18, 0xff, 0x90, 0x94, 0xa0, 0x71, 0x90, 0x9c, 0xb8, 0x71,
    0x00, 0x14, 0x50, 0xff, 0x00, 0x14, 0x50, 0xff, 0x00, 0x14, 0x48, 0xff,
    0x00, 0x10, 0x50, 0xff, 0x00, 0x14, 0x48, 0xff, 0x00, 0x14, 0x48, 0xff,
    0x00, 0x14, 0x48, 0xff, 0x00, 0x10, 0x50, 0xff, 0x00, 0x10, 0x48, 0xff,
    0x00, 0x14, 0x48, 0xff, 0x00, 0x14, 0x48, 0xff, 0x00, 0x10, 0x48, 0xff,
    0x00, 0x14, 0x48, 0xff, 0x00, 0x10, 0x48, 0xff, 0x00, 0x10, 0x48, 0xff,
    0x00, 0x14, 0x48, 0xff, 0x00, 0x10, 0x48, 0xff, 0x00, 0x10, 0x48, 0xff,
    0x00, 0x10, 0x48, 0xff, 0x00, 0x10, 0x40, 0xff, 0x00, 0x10, 0x48, 0xff,
    0x00, 0x10, 0x40, 0xff, 0x00, 0x10, 0x48, 0xff, 0x00, 0x10, 0x40, 0xff,
    0x00, 0x10, 0x40, 0xff, 0x00, 0x10, 0x48, 0xff, 0x00, 0x10, 0x40, 0xff,
    0x00, 0x10, 0x40, 0xff, 0x00, 0x10, 0x40, 0xff, 0x00, 0x10, 0x40, 0xff,
    0x00, 0x10, 0x40, 0xff, 0x00, 0x0c, 0x40, 0xff, 0x00, 0x10, 0x40, 0xff,
    0x00, 0x0c, 0x40, 0xff, 0x00, 0x10, 0x40, 0xff, 0x00, 0x0c, 0x40, 0xff,
    0x00, 0x0c, 0x40, 0xff, 0x00, 0x10, 0x38, 0xff, 0x00, 0x0c, 0x40, 0xff,
    0x00, 0x0c, 0x38, 0xff, 0x00, 0x0c, 0x40, 0xff, 0x00, 0x0c, 0x40, 0xff,
    0x00, 0x0c, 0x38, 0xff, 0x00, 0x0c, 0x40, 0xff, 0x00, 0x0c, 0x38, 0xff,
    0x00, 0x0c, 0x38, 0xff, 0x00, 0x0c, 0x38, 0xff, 0x00, 0x0c, 0x38, 0xff,
    0x00, 0x0c, 0x38, 0xff, 0x00, 0x0c, 0x38, 0xff, 0x00, 0x0c, 0x38, 0xff,
    0x00, 0x0c, 0x38, 0xff, 0x00, 0x0c, 0x38, 0xff, 0x00, 0x0c, 0x38, 0xff,
    0x00, 0x08, 0x38, 0xff, 0x00, 0x0c, 0x38, 0xff, 0x00, 0x0c, 0x30, 0xff,
    0x00, 0x08, 0x38, 0xff, 0x00, 0x08, 0x38, 0xff, 0x00, 0x0c, 0x30, 0xff,
    0x00, 0x0c, 0x38, 0xff, 0x00, 0x08, 0x38, 0xff, 0x00, 0x08, 0x30, 0xff,
    0x00, 0x0c, 0x30, 0xff, 0x00, 0x08, 0x30, 0xff, 0x00, 0x08, 0x30, 0xff,
    0x00, 0x08, 0x38, 0xff, 0x00, 0x08, 0x30, 0xff, 0x00, 0x0c, 0x30, 0xff,
    0x00, 0x08, 0x30, 0xff, 0x00, 0x0c, 0x30, 0xff, 0x00, 0x08, 0x30, 0xff,
    0x00, 0x08, 0x30, 0xff, 0x00, 0x08, 0x30, 0xff, 0x00, 0x08, 0x30, 0xff,
    0x00, 0x08, 0x30, 0xff, 0x00, 0x08, 0x30, 0xff, 0x00, 0x08, 0x30, 0xff,
    0x00, 0x08, 0x28, 0xff, 0x00, 0x08, 0x30, 0xff, 0x00, 0x08, 0x30, 0xff,
    0x00, 0x08, 0x28, 0xff, 0x00, 0x08, 0x28, 0xff, 0x00, 0x08, 0x30, 0xff,
    0x00, 0x04, 0x28, 0xff, 0x00, 0x08, 0x28, 0xff, 0x00, 0x04, 0x30, 0xff,
    0x00, 0x08, 0x28, 0xff, 0x00, 0x04, 0x28, 0xff, 0x00, 0x04, 0x30, 0xff,
    0x00, 0x08, 0x28, 0xff, 0x00, 0x04, 0x28, 0xff, 0x00, 0x08, 0x30, 0xff,
    0x00, 0x04, 0x28, 0xff, 0x00, 0x08, 0x28, 0xff, 0x00, 0x04, 0x28, 0xff,
    0x00, 0x08, 0x28, 0xff, 0x00, 0x04, 0x28, 0xff, 0x00, 0x04, 0x28, 0xff,
    0x00, 0x04, 0x28, 0xff, 0x00, 0x08, 0x28, 0xff, 0x00, 0x04, 0x28, 0xff,
    0x00, 0x04, 0x20, 0xff, 0x00, 0x04, 0x28, 0xff, 0x00, 0x08, 0x28, 0xff,
    0x00, 0x04, 0x28, 0xff, 0x00, 0x04, 0x20, 0xff, 0x00, 0x04, 0x28, 0xff,
    0x00, 0x04, 0x20, 0xff, 0x00, 0x04, 0x20, 0xff, 0x00, 0x04, 0x20, 0xff,
    0x00, 0x04, 0x28, 0xff, 0x00, 0x04, 0x20, 0xff, 0x00, 0x04, 0x20, 0xff,
    0x00, 0x04, 0x20, 0xff, 0x00, 0x04, 0x28, 0xff, 0x00, 0x04, 0x20, 0xff,
    0x00, 0x04, 0x20, 0xff, 0x00, 0x04, 0x20, 0xff, 0x00, 0x00, 0x20, 0xff,
    0x00, 0x04, 0x20, 0xff, 0x00, 0x00, 0x20, 0xff, 0x00, 0x04, 0x20, 0xff,
    0x00, 0x00, 0x20, 0xff, 0x00, 0x04, 0x20, 0xff, 0x00, 0x04, 0x20, 0xff,
    0x00, 0x04, 0x20, 0xff, 0x00, 0x00, 0x20, 0xff, 0x00, 0x00, 0x20, 0xff,
    0x00, 0x04, 0x20, 0xff, 0x00, 0x04, 0x20, 0xff, 0x00, 0x00, 0x20, 0xff,
    0x00, 0x04, 0x20, 0xff, 0x00, 0x00, 0x18, 0xff, 0x00, 0x00, 0x20, 0xff,
    0x00, 0x04, 0x20, 0xff, 0x00, 0x04, 0x20, 0xff, 0x00, 0x00, 0x20, 0xff,
    0x00, 0x04, 0x18, 0xff, 0x00, 0x04, 0x18, 0xff, 0x00, 0x00, 0x20, 0xff,
    0x00, 0x00, 0x18, 0xff, 0x00, 0x04, 0x18, 0xff, 0x00, 0x00, 0x20, 0xff,
    0x00, 0x00, 0x18, 0xff, 0x00, 0x00, 0x18, 0xff, 0x90, 0x94, 0xa0, 0x71,
    0x90, 0x9c, 0xb0, 0x71, 0x00, 0x10, 0x50, 0xff, 0x00, 0x14, 0x48, 0xff,
    0x00, 0x14, 0x50, 0xff, 0x00, 0x14, 0x48, 0xff, 0x00, 0x14, 0x50, 0xff,
    0x00, 0x10, 0x48, 0xff, 0x00, 0x10, 0x50, 0xff, 0x00, 0x14, 0x48, 0xff,
    0x00, 0x10, 0x48, 0xff, 0x00, 0x10, 0x48, 0xff, 0x00, 0x14, 0x48, 0xff,
    0x00, 0x10, 0x48, 0xff, 0x00, 0x10, 0x48, 0xff, 0x00, 0x14, 0x48, 0xff,
    0x00, 0x10, 0x48, 0xff, 0x00, 0x10, 0x48, 0xff, 0x00, 0x14, 0x48, 0xff,
    0x00, 0x10, 0x48, 0xff, 0x00, 0x10, 0x40, 0xff, 0x00, 0x10, 0x48, 0xff,
    0x00, 0x10, 0x40, 0xff, 0x00, 0x10, 0x40, 0xff, 0x00, 0x10, 0x48, 0xff,
    0x00, 0x10, 0x40, 0xff, 0x00, 0x10, 0x40, 0xff, 0x00, 0x10, 0x40, 0xff,
    0x00, 0x10, 0x48, 0xff, 0x00, 0x0c, 0x40, 0xff, 0x00, 0x10, 0x40, 0xff,
    0x00, 0x10, 0x40, 0xff, 0x00, 0x0c, 0x40, 0xff, 0x00, 0x0c, 0x40, 0xff,
    0x00, 0x10, 0x40, 0xff, 0x00, 0x10, 0x40, 0xff, 0x00, 0x0c, 0x40, 0xff,
    0x00, 0x10, 0x40, 0xff, 0x00, 0x0c, 0x38, 0xff, 0x00, 0x0c, 0x40, 0xff,
    0x00, 0x0c, 0x38, 0xff, 0x00, 0x0c, 0x38, 0xff, 0x00, 0x10, 0x40, 0xff,
    0x00, 0x0c, 0x38, 0xff, 0x00, 0x0c, 0x38, 0xff, 0x00, 0x0c, 0x38, 0xff,
    0x00, 0x0c, 0x40, 0xff, 0x00, 0x0c, 0x38, 0xff, 0x00, 0x0c, 0x38, 0xff,
    0x00, 0x0c, 0x38, 0xff, 0x00, 0x0c, 0x38, 0xff, 0x00, 0x0c, 0x38, 0xff,
    0x00, 0x0c, 0x38, 0xff, 0x00, 0x0c, 0x38, 0xff, 0x00, 0x0c, 0x38, 0xff,
    0x00, 0x0c, 0x38, 0xff, 0x00, 0x0c, 0x38, 0xff, 0x00, 0x0c, 0x30, 0xff,
    0x00, 0x08, 0x38, 0xff, 0x00, 0x08, 0x38, 0xff, 0x00, 0x0c, 0x30, 0xff,
    0x00, 0x0c, 0x30, 0xff, 0x00, 0x08, 0x30, 0xff, 0x00, 0x0c, 0x30, 0xff,
    0x00, 0x0c, 0x38, 0xff, 0x00, 0x0c, 0x30, 0xff, 0x00, 0x08, 0x30, 0xff,
    0x00, 0x08, 0x38, 0xff, 0x00, 0x08, 0x30, 0xff, 0x00, 0x0c, 0x30, 0xff,
    0x00, 0x08, 0x30, 0xff, 0x00, 0x08, 0x30, 0xff, 0x00, 0x08, 0x30, 0xff,
    0x00, 0x08, 0x30, 0xff, 0x00, 0x08, 0x30, 0xff, 0x00, 0x08, 0x30, 0xff,
    0x00, 0x08, 0x30, 0xff, 0x00, 0x08, 0x30, 0xff, 0x00, 0x08, 0x30, 0xff,
    0x00, 0x08, 0x28, 0xff, 0x00, 0x08, 0x28, 0xff, 0x00, 0x08, 0x28, 0xff,
    0x00, 0x08, 0x30, 0xff, 0x00, 0x08, 0x28, 0xff, 0x00, 0x04, 0x30, 0xff,
    0x00, 0x08, 0x28, 0xff, 0x00, 0x08, 0x28, 0xff, 0x00, 0x08, 0x28, 0xff,
    0x00, 0x08, 0x28, 0xff, 0x00, 0x04, 0x28, 0xff, 0x00, 0x04, 0x28, 0xff,
    0x00, 0x08, 0x28, 0xff, 0x00, 0x04, 0x28, 0xff, 0x00, 0x04, 0x28, 0xff,
    0x00, 0x08, 0x28, 0xff, 0x00, 0x08, 0x28, 0xff, 0x00, 0x04, 0x28, 0xff,
    0x00, 0x04, 0x28, 0xff, 0x00, 0x04, 0x28, 0xff, 0x00, 0x04, 0x28, 0xff,
    0x00, 0x04, 0x28, 0xff, 0x00, 0x08, 0x28, 0xff, 0x00, 0x04, 0x28, 0xff,
    0x00, 0x04, 0x20, 0xff, 0x00, 0x04, 0x28, 0xff, 0x00, 0x08, 0x28, 0xff,
    0x00, 0x04, 0x20, 0xff, 0x00, 0x04, 0x20, 0xff, 0x00, 0x04, 0x28, 0xff,
    0x00, 0x04, 0x20, 0xff, 0x00, 0x04, 0x20, 0xff, 0x00, 0x04, 0x28, 0xff,
    0x00, 0x04, 0x20, 0xff, 0x00, 0x04, 0x28, 0xff, 0x00, 0x04, 0x20, 0xff,
    0x00, 0x04, 0x20, 0xff, 0x00, 0x04, 0x28, 0xff, 0x00, 0x04, 0x20, 0xff,
    0x00, 0x04, 0x20, 0xff, 0x00, 0x04, 0x20, 0xff, 0x00, 0x04, 0x28, 0xff,
    0x00, 0x04, 0x20, 0xff, 0x00, 0x04, 0x20, 0xff, 0x00, 0x04, 0x20, 0xff,
    0x00, 0x00, 0x20, 0xff, 0x00, 0x04, 0x20, 0xff, 0x00, 0x04, 0x20, 0xff,
    0x00, 0x00, 0x20, 0xff, 0x00, 0x00, 0x20, 0xff, 0x00, 0x04, 0x20, 0xff,
    0x00, 0x00, 0x20, 0xff, 0x00, 0x00, 0x18, 0xff, 0x00, 0x04, 0x20, 0xff,
    0x00, 0x00, 0x20, 0xff, 0x00, 0x04, 0x18, 0xff, 0x00, 0x04, 0x20, 0xff,
    0x00, 0x00, 0x18, 0xff, 0x00, 0x04, 0x18, 0xff, 0x00, 0x00, 0x18, 0xff,
    0x00, 0x00, 0x20, 0xff, 0x00, 0x00, 0x20, 0xff, 0x00, 0x00, 0x20, 0xff,
    0x00, 0x00, 0x18, 0xff, 0x00, 0x00, 0x20, 0xff, 0x00, 0x00, 0x18, 0xff,
    0x00, 0x04, 0x18, 0xff, 0x00, 0x00, 0x20, 0xff, 0x00, 0x00, 0x18, 0xff,
    0x90, 0x94, 0xa0, 0x71, 0x90, 0x98, 0xb0, 0x71, 0x00, 0x14, 0x50, 0xff,
    0x00, 0x14, 0x50, 0xff, 0x00, 0x10, 0x48, 0xff, 0x00, 0x14, 0x50, 0xff,
    0x00, 0x14, 0x48, 0xff, 0x00, 0x10, 0x48, 0xff, 0x00, 0x10, 0x48, 0xff,
    0x00, 0x14, 0x48, 0xff, 0x00, 0x14, 0x48, 0xff, 0x00, 0x10, 0x50, 0xff,
    0x00, 0x14, 0x48, 0xff, 0x00, 0x10, 0x48, 0xff, 0x00, 0x10, 0x48, 0xff,
    0x00, 0x10, 0x48, 0xff, 0x00, 0x10, 0x48, 0xff, 0x00, 0x10, 0x48, 0xff,
    0x00, 0x10, 0x48, 0xff, 0x00, 0x10, 0x48, 0xff, 0x00, 0x10, 0x48, 0xff,
    0x00, 0x10, 0x40, 0xff, 0x00, 0x10, 0x48, 0xff, 0x00, 0x10, 0x40, 0xff,
    0x00, 0x10, 0x40, 0xff, 0x00, 0x10, 0x48, 0xff, 0x00, 0x10, 0x40, 0xff,
    0x00, 0x10, 0x40, 0xff, 0x00, 0x10, 0x40, 0xff, 0x00, 0x0c, 0x40, 0xff,
    0x00, 0x10, 0x40, 0xff, 0x00, 0x0c, 0x40, 0xff, 0x00, 0x0c, 0x40, 0xff,
    0x00, 0x10, 0x40, 0xff, 0x00, 0x0c, 0x40, 0xff, 0x00, 0x0c, 0x40, 0xff,
    0x00, 0x10, 0x40, 0xff, 0x00, 0x0c, 0x38, 0xff, 0x00, 0x0c, 0x40, 0xff,
    0x00, 0x0c, 0x38, 0xff, 0x00, 0x10, 0x40, 0xff, 0x00, 0x0c, 0x40, 0xff,
    0x00, 0x0c, 0x38, 0xff, 0x00, 0x10, 0x38, 0xff, 0x00, 0x0c, 0x38, 0xff,
    0x00, 0x0c, 0x38, 0xff, 0x00, 0x0c, 0x38, 0xff, 0x00, 0x0c, 0x38, 0xff,
    0x00, 0x0c, 0x38, 0xff, 0x00, 0x0c, 0x38, 0xff, 0x00, 0x0c, 0x38, 0xff,
    0x00, 0x0c, 0x38, 0xff, 0x00, 0x0c, 0x38, 0xff, 0x00, 0x0c, 0x38, 0xff,
    0x00, 0x08, 0x38, 0xff, 0x00, 0x0c, 0x38, 0xff, 0x00, 0x0c, 0x30, 0xff,
    0x00, 0x08, 0x38, 0xff, 0x00, 0x08, 0x38, 0xff, 0x00, 0x0c, 0x30, 0xff,
    0x00, 0x0c, 0x30, 0xff, 0x00, 0x08, 0x38, 0xff, 0x00, 0x08, 0x30, 0xff,
    0x00, 0x08, 0x30, 0xff, 0x00, 0x0c, 0x30, 0xff, 0x00, 0x08, 0x38, 0xff,
    0x00, 0x08, 0x30, 0xff, 0x00, 0x08, 0x30, 0xff, 0x00, 0x0c, 0x30, 0xff,
    0x00, 0x08, 0x30, 0xff, 0x00, 0x08, 0x30, 0xff, 0x00, 0x08, 0x30, 0xff,
    0x00, 0x08, 0x30, 0xff, 0x00, 0x08, 0x30, 0xff, 0x00, 0x08, 0x30, 0xff,
    0x00, 0x08, 0x30, 0xff, 0x00, 0x08, 0x30, 0xff, 0x00, 0x08, 0x30, 0xff,
    0x00, 0x08, 0x28, 0xff, 0x00, 0x08, 0x30, 0xff, 0x00, 0x08, 0x30, 0xff,
    0x00, 0x08, 0x28, 0xff, 0x00, 0x08, 0x30, 0xff, 0x00, 0x04, 0x30, 0xff,
    0x00, 0x08, 0x28, 0xff, 0x00, 0x08, 0x30, 0xff, 0x00, 0x08, 0x28, 0xff,
    0x00, 0x04, 0x30, 0xff, 0x00, 0x04, 0x28, 0xff, 0x00, 0x08, 0x28, 0xff,
    0x00, 0x08, 0x28, 0xff, 0x00, 0x08, 0x28, 0xff, 0x00, 0x04, 0x28, 0xff,
    0x00, 0x08, 0x28, 0xff, 0x00, 0x04, 0x28, 0xff, 0x00, 0x08, 0x28, 0xff,
    0x00, 0x08, 0x28, 0xff, 0x00, 0x04, 0x28, 0xff, 0x00, 0x04, 0x28, 0xff,
    0x00, 0x08, 0x28, 0xff, 0x00, 0x04, 0x28, 0xff, 0x00, 0x04, 0x28, 0xff,
    0x00, 0x04, 0x20, 0xff, 0x00, 0x04, 0x20, 0xff, 0x00, 0x08, 0x28, 0xff,
    0x00, 0x04, 0x28, 0xff, 0x00, 0x04, 0x20, 0xff, 0x00, 0x04, 0x28, 0xff,
    0x00, 0x04, 0x28, 0xff, 0x00, 0x04, 0x20, 0xff, 0x00, 0x04, 0x20, 0xff,
    0x00, 0x04, 0x28, 0xff, 0x00, 0x04, 0x20, 0xff, 0x00, 0x04, 0x20, 0xff,
    0x00, 0x04, 0x20, 0xff, 0x00, 0x04, 0x20, 0xff, 0x00, 0x04, 0x20, 0xff,
    0x00, 0x04, 0x20, 0xff, 0x00, 0x04, 0x20, 0xff, 0x00, 0x04, 0x20, 0xff,
    0x00, 0x00, 0x20, 0xff, 0x00, 0x04, 0x20, 0xff, 0x00, 0x04, 0x20, 0xff,
    0x00, 0x04, 0x20, 0xff, 0x00, 0x04, 0x20, 0xff, 0x00, 0x04, 0x20, 0xff,
    0x00, 0x04, 0x20, 0xff, 0x00, 0x00, 0x20, 0xff, 0x00, 0x04, 0x20, 0xff,
    0x00, 0x04, 0x20, 0xff, 0x00, 0x00, 0x18, 0xff, 0x00, 0x04, 0x20, 0xff,
    0x00, 0x00, 0x20, 0xff, 0x00, 0x00, 0x18, 0xff, 0x00, 0x04, 0x20, 0xff,
    0x00, 0x00, 0x20, 0xff, 0x00, 0x04, 0x20, 0xff, 0x00, 0x00, 0x18, 0xff,
    0x00, 0x04, 0x18, 0xff, 0x00, 0x00, 0x20, 0xff, 0x00, 0x00, 0x18, 0xff,
    0x00, 0x00, 0x18, 0xff, 0x00, 0x04, 0x20, 0xff, 0x00, 0x00, 0x18, 0xff,
    0x00, 0x00, 0x20, 0xff, 0x00, 0x00, 0x18, 0xff, 0x00, 0x04, 0x18, 0xff,
    0x00, 0x00, 0x20, 0xff, 0x90, 0x90, 0xa0, 0x71, 0x90, 0x98, 0xb0, 0x71,
    0x00, 0x14, 0x50, 0xff, 0x00, 0x14, 0x48, 0xff, 0x00, 0x14, 0x48, 0xff,
    0x00, 0x10, 0x50, 0xff, 0x00, 0x10, 0x48, 0xff, 0x00, 0x14, 0x48, 0xff,
    0x00, 0x14, 0x50, 0xff, 0x00, 0x10, 0x48, 0xff, 0x00, 0x14, 0x48, 0xff,
    0x00, 0x14, 0x48, 0xff, 0x00, 0x10, 0x48, 0xff, 0x00, 0x10, 0x48, 0xff,
    0x00, 0x10, 0x48, 0xff, 0x00, 0x14, 0x48, 0xff, 0x00, 0x10, 0x48, 0xff,
    0x00, 0x14, 0x48, 0xff, 0x00, 0x10, 0x40, 0xff, 0x00, 0x10, 0x48, 0xff,
    0x00, 0x10, 0x40, 0xff, 0x00, 0x10, 0x40, 0xff, 0x00, 0x10, 0x48, 0xff,
    0x00, 0x10, 0x40, 0xff, 0x00, 0x10, 0x40, 0xff, 0x00, 0x10, 0x40, 0xff,
    0x00, 0x10, 0x48, 0xff, 0x00, 0x10, 0x40, 0xff, 0x00, 0x0c, 0x40, 0xff,
    0x00, 0x10, 0x40, 0xff, 0x00, 0x0c, 0x40, 0xff, 0x00, 0x10, 0x40, 0xff,
    0x00, 0x10, 0x40, 0xff, 0x00, 0x0c, 0x40, 0xff, 0x00, 0x10, 0x40, 0xff,
    0x00, 0x10, 0x40, 0xff, 0x00, 0x0c, 0x38, 0xff, 0x00, 0x0c, 0x40, 0xff,
    0x00, 0x0c, 0x38, 0xff, 0x00, 0x10, 0x40, 0xff, 0x00, 0x0c, 0x38, 0xff,
    0x00, 0x0c, 0x38, 0xff, 0x00, 0x0c, 0x40, 0xff, 0x00, 0x0c, 0x38, 0xff,
    0x00, 0x0c, 0x40, 0xff, 0x00, 0x0c, 0x38, 0xff, 0x00, 0x0c, 0x38, 0xff,
    0x00, 0x0c, 0x38, 0xff, 0x00, 0x0c, 0x38, 0xff, 0x00, 0x0c, 0x38, 0xff,
    0x00, 0x0c, 0x38, 0xff, 0x00, 0x0c, 0x38, 0xff, 0x00, 0x0c, 0x38, 0xff,
    0x00, 0x0c, 0x38, 0xff, 0x00, 0x08, 0x38, 0xff, 0x00, 0x0c, 0x30, 0xff,
    0x00, 0x0c, 0x38, 0xff, 0x00, 0x08, 0x38, 0xff, 0x00, 0x0c, 0x30, 0xff,
    0x00, 0x08, 0x30, 0xff, 0x00, 0x08, 0x38, 0xff, 0x00, 0x0c, 0x30, 0xff,
    0x00, 0x0c, 0x38, 0xff, 0x00, 0x08, 0x30, 0xff, 0x00, 0x08, 0x30, 0xff,
    0x00, 0x08, 0x30, 0xff, 0x00, 0x08, 0x30, 0xff, 0x00, 0x08, 0x30, 0xff,
    0x00, 0x08, 0x30, 0xff, 0x00, 0x08, 0x30, 0xff, 0x00, 0x0c, 0x30, 0xff,
    0x00, 0x08, 0x30, 0xff, 0x00, 0x08, 0x30, 0xff, 0x00, 0x08, 0x30, 0xff,
    0x00, 0x08, 0x30, 0xff, 0x00, 0x08, 0x30, 0xff, 0x00, 0x08, 0x30, 0xff,
    0x00, 0x08, 0x28, 0xff, 0x00, 0x08, 0x28, 0xff, 0x00, 0x08, 0x30, 0xff,
    0x00, 0x08, 0x30, 0xff, 0x00, 0x08, 0x28, 0xff, 0x00, 0x08, 0x28, 0xff,
    0x00, 0x08, 0x28, 0xff, 0x00, 0x08, 0x28, 0xff, 0x00, 0x04, 0x30, 0xff,
    0x00, 0x08, 0x28, 0xff, 0x00, 0x04, 0x28, 0xff, 0x00, 0x08, 0x28, 0xff,
    0x00, 0x04, 0x28, 0xff, 0x00, 0x04, 0x30, 0xff, 0x00, 0x08, 0x28, 0xff,
    0x00, 0x08, 0x28, 0xff, 0x00, 0x04, 0x28, 0xff, 0x00, 0x04, 0x28, 0xff,
    0x00, 0x04, 0x28, 0xff, 0x00, 0x04, 0x28, 0xff, 0x00, 0x04, 0x28, 0xff,
    0x00, 0x04, 0x28, 0xff, 0x00, 0x08, 0x28, 0xff, 0x00, 0x04, 0x20, 0xff,
    0x00, 0x04, 0x28, 0xff, 0x00, 0x08, 0x28, 0xff, 0x00, 0x04, 0x20, 0xff,
    0x00, 0x04, 0x28, 0xff, 0x00, 0x04, 0x20, 0xff, 0x00, 0x04, 0x20, 0xff,
    0x00, 0x04, 0x28, 0xff, 0x00, 0x04, 0x20, 0xff, 0x00, 0x04, 0x20, 0xff,
    0x00, 0x04, 0x28, 0xff, 0x00, 0x04, 0x20, 0xff, 0x00, 0x04, 0x20, 0xff,
    0x00, 0x04, 0x20, 0xff, 0x00, 0x04, 0x28, 0xff, 0x00, 0x04, 0x20, 0xff,
    0x00, 0x04, 0x20, 0xff, 0x00, 0x04, 0x20, 0xff, 0x00, 0x04, 0x20, 0xff,
    0x00, 0x00, 0x20, 0xff, 0x00, 0x04, 0x20, 0xff, 0x00, 0x00, 0x20, 0xff,
    0x00, 0x04, 0x20, 0xff, 0x00, 0x00, 0x20, 0xff, 0x00, 0x04, 0x20, 0xff,
    0x00, 0x04, 0x20, 0xff, 0x00, 0x00, 0x20, 0xff, 0x00, 0x00, 0x20, 0xff,
    0x00, 0x04, 0x20, 0xff, 0x00, 0x00, 0x20, 0xff, 0x00, 0x04, 0x20, 0xff,
    0x00, 0x04, 0x20, 0xff, 0x00, 0x00, 0x18, 0xff, 0x00, 0x04, 0x18, 0xff,
    0x00, 0x00, 0x20, 0xff, 0x00, 0x04, 0x20, 0xff, 0x00, 0x00, 0x18, 0xff,
    0x00, 0x04, 0x20, 0xff, 0x00, 0x00, 0x20, 0xff, 0x00, 0x00, 0x18, 0xff,
    0x00, 0x04, 0x20, 0xff, 0x00, 0x00, 0x18, 0xff, 0x00, 0x00, 0x18, 0xff,
    0x00, 0x04, 0x20, 0xff, 0x00, 0x00, 0x18, 0xff, 0x00, 0x00, 0x20, 0xff,
    0x00, 0x00, 0x18, 0xff, 0x00, 0x00, 0x18, 0xff, 0x90, 0x94, 0xa0, 0x71,
    0x90, 0x98, 0xb0, 0x71, 0x00, 0x14, 0x50, 0xff, 0x00, 0x14, 0x48, 0xff,
    0x00, 0x14, 0x48, 0xff, 0x00, 0x10, 0x50, 0xff, 0x00, 0x14, 0x48, 0xff,
    0x00, 0x14, 0x48, 0xff, 0x00, 0x10, 0x48, 0xff, 0x00, 0x10, 0x48, 0xff,
    0x00, 0x10, 0x48, 0xff, 0x00, 0x10, 0x48, 0xff, 0x00, 0x10, 0x48, 0xff,
    0x00, 0x10, 0x48, 0xff, 0x00, 0x14, 0x48, 0xff, 0x00, 0x10, 0x48, 0xff,
    0x00, 0x10, 0x48, 0xff, 0x00, 0x10, 0x40, 0xff, 0x00, 0x10, 0x48, 0xff,
    0x00, 0x10, 0x40, 0xff, 0x00, 0x10, 0x40, 0xff, 0x00, 0x10, 0x48, 0xff,
    0x00, 0x10, 0x40, 0xff, 0x00, 0x10, 0x40, 0xff, 0x00, 0x10, 0x40, 0xff,
    0x00, 0x10, 0x40, 0xff, 0x00, 0x0c, 0x40, 0xff, 0x00, 0x10, 0x40, 0xff,
    0x00, 0x10, 0x40, 0xff, 0x00, 0x0c, 0x40, 0xff, 0x00, 0x10, 0x40, 0xff,
    0x00, 0x0c, 0x40, 0xff, 0x00, 0x0c, 0x40, 0xff, 0x00, 0x10, 0x40, 0xff,
    0x00, 0x0c, 0x40, 0xff, 0x00, 0x10, 0x38, 0xff, 0x00, 0x0c, 0x40, 0xff,
    0x00, 0x0c, 0x38, 0xff, 0x00, 0x0c, 0x40, 0xff, 0x00, 0x0c, 0x38, 0xff,
    0x00, 0x10, 0x38, 0xff, 0x00, 0x0c, 0x40, 0xff, 0x00, 0x0c, 0x38, 0xff,
    0x00, 0x0c, 0x38, 0xff, 0x00, 0x0c, 0x38, 0xff, 0x00, 0x0c, 0x38, 0xff,
    0x00, 0x0c, 0x38, 0xff, 0x00, 0x0c, 0x38, 0xff, 0x00, 0x0c, 0x38, 0xff,
    0x00, 0x0c, 0x38, 0xff, 0x00, 0x0c, 0x38, 0xff, 0x00, 0x0c, 0x38, 0xff,
    0x00, 0x08, 0x38, 0xff, 0x00, 0x0c, 0x38, 0xff, 0x00, 0x0c, 0x38, 0xff,
    0x00, 0x0c, 0x30, 0xff, 0x00, 0x08, 0x38, 0xff, 0x00, 0x08, 0x30, 0xff,
    0x00, 0x0c, 0x30, 0xff, 0x00, 0x0c, 0x38, 0xff, 0x00, 0x08, 0x30, 0xff,
    0x00, 0x0c, 0x30, 0xff, 0x00, 0x0c, 0x30, 0xff, 0x00, 0x08, 0x38, 0xff,
    0x00, 0x08, 0x30, 0xff, 0x00, 0x0c, 0x30, 0xff, 0x00, 0x08, 0x30, 0xff,
    0x00, 0x0c, 0x30, 0xff, 0x00, 0x08, 0x30, 0xff, 0x00, 0x08, 0x30, 0xff,
    0x00, 0x08, 0x30, 0xff, 0x00, 0x08, 0x30, 0xff, 0x00, 0x08, 0x30, 0xff,
    0x00, 0x08, 0x30, 0xff, 0x00, 0x08, 0x30, 0xff, 0x00, 0x08, 0x30, 0xff,
    0x00, 0x08, 0x28, 0xff, 0x00, 0x08, 0x30, 0xff, 0x00, 0x08, 0x28, 0xff,
    0x00, 0x08, 0x28, 0xff, 0x00, 0x08, 0x30, 0xff, 0x00, 0x04, 0x28, 0xff,
    0x00, 0x08, 0x28, 0xff, 0x00, 0x08, 0x30, 0xff, 0x00, 0x04, 0x28, 0xff,
    0x00, 0x08, 0x28, 0xff, 0x00, 0x04, 0x28, 0xff, 0x00, 0x08, 0x28, 0xff,
    0x00, 0x08, 0x28, 0xff, 0x00, 0x04, 0x28, 0xff, 0x00, 0x04, 0x28, 0xff,
    0x00, 0x08, 0x28, 0xff, 0x00, 0x04, 0x28, 0xff, 0x00, 0x08, 0x28, 0xff,
    0x00, 0x08, 0x28, 0xff, 0x00, 0x04, 0x28, 0xff, 0x00, 0x04, 0x28, 0xff,
    0x00, 0x04, 0x28, 0xff, 0x00, 0x08, 0x28, 0xff, 0x00, 0x04, 0x28, 0xff,
    0x00, 0x04, 0x20, 0xff, 0x00, 0x04, 0x28, 0xff, 0x00, 0x08, 0x28, 0xff,
    0x00, 0x04, 0x28, 0xff, 0x00, 0x04, 0x20, 0xff, 0x00, 0x04, 0x28, 0xff,
    0x00, 0x04, 0x28, 0xff, 0x00, 0x04, 0x20, 0xff, 0x00, 0x04, 0x20, 0xff,
    0x00, 0x04, 0x28, 0xff, 0x00, 0x04, 0x20, 0xff, 0x00, 0x04, 0x20, 0xff,
    0x00, 0x04, 0x28, 0xff, 0x00, 0x04, 0x20, 0xff, 0x00, 0x04, 0x20, 0xff,
    0x00, 0x04, 0x20, 0xff, 0x00, 0x04, 0x20, 0xff, 0x00, 0x00, 0x28, 0xff,
    0x00, 0x04, 0x20, 0xff, 0x00, 0x04, 0x20, 0xff, 0x00, 0x04, 0x20, 0xff,
    0x00, 0x04, 0x20, 0xff, 0x00, 0x04, 0x20, 0xff, 0x00, 0x00, 0x20, 0xff,
    0x00, 0x04, 0x20, 0xff, 0x00, 0x00, 0x20, 0xff, 0x00, 0x00, 0x20, 0xff,
    0x00, 0x04, 0x20, 0xff, 0x00, 0x00, 0x18, 0xff, 0x00, 0x00, 0x20, 0xff,
    0x00, 0x04, 0x20, 0xff, 0x00, 0x00, 0x18, 0xff, 0x00, 0x04, 0x20, 0xff,
    0x00, 0x04, 0x20, 0xff, 0x00, 0x00, 0x18, 0xff, 0x00, 0x00, 0x18, 0xff,
    0x00, 0x04, 0x18, 0xff, 0x00, 0x00, 0x20, 0xff, 0x00, 0x00, 0x18, 0xff,
    0x00, 0x00, 0x20, 0xff, 0x00, 0x00, 0x20, 0xff, 0x00, 0x00, 0x18, 0xff,
    0x00, 0x00, 0x18, 0xff, 0x00, 0x00, 0x20, 0xff, 0x00, 0x04, 0x18, 0xff,
    0x00, 0x00, 0x18, 0xff, 0x00, 0x00, 0x18, 0xff, 0x00, 0x00, 0x18, 0xff,
    0x90, 0x94, 0xa0, 0x71, 0x90, 0x98, 0xb0, 0x71, 0x00, 0x14, 0x50, 0xff,
    0x00, 0x14, 0x48, 0xff, 0x00, 0x10, 0x50, 0xff, 0x00, 0x10, 0x48, 0xff,
    0x00, 0x14, 0x48, 0xff, 0x00, 0x10, 0x48, 0xff, 0x00, 0x14, 0x48, 0xff,
    0x00, 0x14, 0x48, 0xff, 0x00, 0x10, 0x48, 0xff, 0x00, 0x10, 0x48, 0xff,
    0x00, 0x10, 0x48, 0xff, 0x00, 0x14, 0x48, 0xff, 0x00, 0x10, 0x48, 0xff,
    0x00, 0x10, 0x48, 0xff, 0x00, 0x10, 0x48, 0xff, 0x00, 0x10, 0x48, 0xff,
    0x00, 0x10, 0x40, 0xff, 0x00, 0x10, 0x48, 0xff, 0x00, 0x10, 0x40, 0xff,
    0x00, 0x10, 0x48, 0xff, 0x00, 0x10, 0x40, 0xff, 0x00, 0x10, 0x40, 0xff,
    0x00, 0x10, 0x48, 0xff, 0x00, 0x10, 0x40, 0xff, 0x00, 0x0c, 0x40, 0xff,
    0x00, 0x10, 0x40, 0xff, 0x00, 0x0c, 0x40, 0xff, 0x00, 0x10, 0x40, 0xff,
    0x00, 0x10, 0x40, 0xff, 0x00, 0x0c, 0x40, 0xff, 0x00, 0x10, 0x40, 0xff,
    0x00, 0x0c, 0x40, 0xff, 0x00, 0x0c, 0x38, 0xff, 0x00, 0x0c, 0x40, 0xff,
    0x00, 0x0c, 0x38, 0xff, 0x00, 0x10, 0x40, 0xff, 0x00, 0x0c, 0x38, 0xff,
    0x00, 0x0c, 0x38, 0xff, 0x00, 0x0c, 0x40, 0xff, 0x00, 0x0c, 0x38, 0xff,
    0x00, 0x0c, 0x38, 0xff, 0x00, 0x0c, 0x38, 0xff, 0x00, 0x0c, 0x38, 0xff,
    0x00, 0x0c, 0x38, 0xff, 0x00, 0x0c, 0x38, 0xff, 0x00, 0x0c, 0x38, 0xff,
    0x00, 0x0c, 0x38, 0xff, 0x00, 0x0c, 0x38, 0xff, 0x00, 0x0c, 0x38, 0xff,
    0x00, 0x0c, 0x38, 0xff, 0x00, 0x0c, 0x38, 0xff, 0x00, 0x08, 0x30, 0xff,
    0x00, 0x0c, 0x38, 0xff, 0x00, 0x08, 0x38, 0xff, 0x00, 0x08, 0x30, 0xff,
    0x00, 0x0c, 0x38, 0xff, 0x00, 0x08, 0x30, 0xff, 0x00, 0x0c, 0x30, 0xff,
    0x00, 0x08, 0x38, 0xff, 0x00, 0x08, 0x30, 0xff, 0x00, 0x08, 0x30, 0xff,
    0x00, 0x08, 0x30, 0xff, 0x00, 0x08, 0x30, 0xff, 0x00, 0x08, 0x30, 0xff,
    0x00, 0x08, 0x30, 0xff, 0x00, 0x08, 0x30, 0xff, 0x00, 0x0c, 0x30, 0xff,
    0x00, 0x08, 0x30, 0xff, 0x00, 0x08, 0x30, 0xff, 0x00, 0x08, 0x30, 0xff,
    0x00, 0x08, 0x30, 0xff, 0x00, 0x08, 0x30, 0xff, 0x00, 0x08, 0x30, 0xff,
    0x00, 0x08, 0x28, 0xff, 0x00, 0x08, 0x30, 0xff, 0x00, 0x08, 0x30, 0xff,
    0x00, 0x08, 0x28, 0xff, 0x00, 0x08, 0x30, 0xff, 0x00, 0x04, 0x30, 0xff,
    0x00, 0x08, 0x28, 0xff, 0x00, 0x08, 0x30, 0xff, 0x00, 0x04, 0x30, 0xff,
    0x00, 0x08, 0x28, 0xff, 0x00, 0x04, 0x28, 0xff, 0x00, 0x08, 0x28, 0xff,
    0x00, 0x04, 0x30, 0xff, 0x00, 0x08, 0x28, 0xff, 0x00, 0x08, 0x28, 0xff,
    0x00, 0x04, 0x28, 0xff, 0x00, 0x08, 0x28, 0xff, 0x00, 0x04, 0x28, 0xff,
    0x00, 0x04, 0x28, 0xff, 0x00, 0x04, 0x28, 0xff, 0x00, 0x08, 0x28, 0xff,
    0x00, 0x04, 0x28, 0xff, 0x00, 0x04, 0x28, 0xff, 0x00, 0x04, 0x20, 0xff,
    0x00, 0x04, 0x20, 0xff, 0x00, 0x04, 0x28, 0xff, 0x00, 0x08, 0x20, 0xff,
    0x00, 0x04, 0x20, 0xff, 0x00, 0x04, 0x20, 0xff, 0x00, 0x04, 0x28, 0xff,
    0x00, 0x04, 0x20, 0xff, 0x00, 0x04, 0x20, 0xff, 0x00, 0x04, 0x20, 0xff,
    0x00, 0x04, 0x28, 0xff, 0x00, 0x04, 0x20, 0xff, 0x00, 0x04, 0x20, 0xff,
    0x00, 0x04, 0x20, 0xff, 0x00, 0x04, 0x28, 0xff, 0x00, 0x04, 0x20, 0xff,
    0x00, 0x04, 0x20, 0xff, 0x00, 0x04, 0x20, 0xff, 0x00, 0x04, 0x20, 0xff,
    0x00, 0x04, 0x20, 0xff, 0x00, 0x00, 0x20, 0xff, 0x00, 0x04, 0x20, 0xff,
    0x00, 0x04, 0x20, 0xff, 0x00, 0x04, 0x20, 0xff, 0x00, 0x04, 0x20, 0xff,
    0x00, 0x04, 0x20, 0xff, 0x00, 0x00, 0x20, 0xff, 0x00, 0x04, 0x20, 0xff,
    0x00, 0x04, 0x20, 0xff, 0x00, 0x00, 0x20, 0xff, 0x00, 0x04, 0x18, 0xff,
    0x00, 0x04, 0x20, 0xff, 0x00, 0x00, 0x18, 0xff, 0x00, 0x00, 0x18, 0xff,
    0x00, 0x04, 0x20, 0xff, 0x00, 0x00, 0x20, 0xff, 0x00, 0x04, 0x20, 0xff,
    0x00, 0x04, 0x18, 0xff, 0x00, 0x00, 0x20, 0xff, 0x00, 0x00, 0x18, 0xff,
    0x00, 0x00, 0x18, 0xff, 0x00, 0x04, 0x20, 0xff, 0x00, 0x00, 0x18, 0xff,
    0x00, 0x04, 0x18, 0xff, 0x00, 0x00, 0x20, 0xff, 0x00, 0x00, 0x18, 0xff,
    0x00, 0x00, 0x18, 0xff, 0x00, 0x04, 0x18, 0xff, 0x00, 0x00, 0x20, 0xff,
    0x00, 0x00, 0x18, 0xff, 0x90, 0x94, 0xa0, 0x71, 0x90, 0x98, 0xb0, 0x6d,
    0x00, 0x14, 0x48, 0xff, 0x00, 0x10, 0x50, 0xff, 0x00, 0x10, 0x48, 0xff,
    0x00, 0x14, 0x48, 0xff, 0x00, 0x10, 0x48, 0xff, 0x00, 0x10, 0x48, 0xff,
    0x00, 0x14, 0x48, 0xff, 0x00, 0x10, 0x48, 0xff, 0x00, 0x10, 0x48, 0xff,
    0x00, 0x14, 0x48, 0xff, 0x00, 0x10, 0x48, 0xff, 0x00, 0x10, 0x48, 0xff,
    0x00, 0x10, 0x48, 0xff, 0x00, 0x10, 0x40, 0xff, 0x00, 0x10, 0x40, 0xff,
    0x00, 0x10, 0x48, 0xff, 0x00, 0x10, 0x40, 0xff, 0x00, 0x10, 0x40, 0xff,
    0x00, 0x10, 0x48, 0xff, 0x00, 0x10, 0x40, 0xff, 0x00, 0x10, 0x40, 0xff,
    0x00, 0x10, 0x48, 0xff, 0x00, 0x0c, 0x40, 0xff, 0x00, 0x10, 0x40, 0xff,
    0x00, 0x10, 0x40, 0xff, 0x00, 0x0c, 0x40, 0xff, 0x00, 0x0c, 0x40, 0xff,
    0x00, 0x10, 0x40, 0xff, 0x00, 0x0c, 0x40, 0xff, 0x00, 0x10, 0x40, 0xff,
    0x00, 0x10, 0x40, 0xff, 0x00, 0x10, 0x38, 0xff, 0x00, 0x0c, 0x40, 0xff,
    0x00, 0x0c, 0x38, 0xff, 0x00, 0x0c, 0x40, 0xff, 0x00, 0x10, 0x40, 0xff,
    0x00, 0x0c, 0x38, 0xff, 0x00, 0x0c, 0x38, 0xff, 0x00, 0x0c, 0x38, 0xff,
    0x00, 0x0c, 0x38, 0xff, 0x00, 0x0c, 0x40, 0xff, 0x00, 0x0c, 0x38, 0xff,
    0x00, 0x0c, 0x38, 0xff, 0x00, 0x0c, 0x38, 0xff, 0x00, 0x0c, 0x38, 0xff,
    0x00, 0x0c, 0x38, 0xff, 0x00, 0x0c, 0x38, 0xff, 0x00, 0x0c, 0x38, 0xff,
    0x00, 0x08, 0x38, 0xff, 0x00, 0x0c, 0x38, 0xff, 0x00, 0x0c, 0x30, 0xff,
    0x00, 0x0c, 0x38, 0xff, 0x00, 0x08, 0x30, 0xff, 0x00, 0x0c, 0x30, 0xff,
    0x00, 0x0c, 0x38, 0xff, 0x00, 0x08, 0x30, 0xff, 0x00, 0x0c, 0x30, 0xff,
    0x00, 0x08, 0x38, 0xff, 0x00, 0x0c, 0x30, 0xff, 0x00, 0x08, 0x30, 0xff,
    0x00, 0x08, 0x38, 0xff, 0x00, 0x08, 0x30, 0xff, 0x00, 0x0c, 0x30, 0xff,
    0x00, 0x08, 0x30, 0xff, 0x00, 0x08, 0x30, 0xff, 0x00, 0x08, 0x30, 0xff,
    0x00, 0x08, 0x30, 0xff, 0x00, 0x08, 0x30, 0xff, 0x00, 0x08, 0x30, 0xff,
    0x00, 0x08, 0x30, 0xff, 0x00, 0x08, 0x30, 0xff, 0x00, 0x08, 0x28, 0xff,
    0x00, 0x08, 0x28, 0xff, 0x00, 0x08, 0x30, 0xff, 0x00, 0x08, 0x30, 0xff,
    0x00, 0x08, 0x28, 0xff, 0x00, 0x08, 0x28, 0xff, 0x00, 0x08, 0x30, 0xff,
    0x00, 0x08, 0x28, 0xff, 0x00, 0x08, 0x28, 0xff, 0x00, 0x08, 0x28, 0xff,
    0x00, 0x08, 0x28, 0xff, 0x00, 0x04, 0x28, 0xff, 0x00, 0x08, 0x30, 0xff,
    0x00, 0x04, 0x28, 0xff, 0x00, 0x04, 0x28, 0xff, 0x00, 0x08, 0x28, 0xff,
    0x00, 0x04, 0x28, 0xff, 0x00, 0x08, 0x28, 0xff, 0x00, 0x08, 0x28, 0xff,
    0x00, 0x04, 0x28, 0xff, 0x00, 0x04, 0x28, 0xff, 0x00, 0x04, 0x28, 0xff,
    0x00, 0x04, 0x28, 0xff, 0x00, 0x08, 0x28, 0xff, 0x00, 0x04, 0x28, 0xff,
    0x00, 0x08, 0x20, 0xff, 0x00, 0x04, 0x28, 0xff, 0x00, 0x04, 0x28, 0xff,
    0x00, 0x04, 0x28, 0xff, 0x00, 0x04, 0x20, 0xff, 0x00, 0x04, 0x28, 0xff,
    0x00, 0x04, 0x28, 0xff, 0x00, 0x04, 0x20, 0xff, 0x00, 0x04, 0x20, 0xff,
    0x00, 0x04, 0x28, 0xff, 0x00, 0x04, 0x20, 0xff, 0x00, 0x04, 0x20, 0xff,
    0x00, 0x04, 0x20, 0xff, 0x00, 0x04, 0x28, 0xff, 0x00, 0x04, 0x20, 0xff,
    0x00, 0x04, 0x20, 0xff, 0x00, 0x04, 0x20, 0xff, 0x00, 0x00, 0x20, 0xff,
    0x00, 0x04, 0x20, 0xff, 0x00, 0x04, 0x20, 0xff, 0x00, 0x04, 0x20, 0xff,
    0x00, 0x00, 0x20, 0xff, 0x00, 0x04, 0x20, 0xff, 0x00, 0x00, 0x20, 0xff,
    0x00, 0x04, 0x20, 0xff, 0x00, 0x00, 0x20, 0xff, 0x00, 0x00, 0x20, 0xff,
    0x00, 0x04, 0x20, 0xff, 0x00, 0x00, 0x18, 0xff, 0x00, 0x00, 0x20, 0xff,
    0x00, 0x04, 0x20, 0xff, 0x00, 0x04, 0x20, 0xff, 0x00, 0x00, 0x20, 0xff,
    0x00, 0x04, 0x20, 0xff, 0x00, 0x00, 0x18, 0xff, 0x00, 0x00, 0x20, 0xff,
    0x00, 0x04, 0x18, 0xff, 0x00, 0x00, 0x20, 0xff, 0x00, 0x00, 0x20, 0xff,
    0x00, 0x00, 0x18, 0xff, 0x00, 0x04, 0x20, 0xff, 0x00, 0x00, 0x18, 0xff,
    0x00, 0x00, 0x18, 0xff, 0x00, 0x04, 0x20, 0xff, 0x00, 0x00, 0x18, 0xff,
    0x00, 0x00, 0x20, 0xff, 0x00, 0x04, 0x18, 0xff, 0x00, 0x00, 0x18, 0xff,
    0x00, 0x00, 0x18, 0xff, 0x00, 0x00, 0x18, 0xff, 0x90, 0x94, 0xa0, 0x71,
    0x90, 0x9c, 0xb0, 0x71, 0x00, 0x10, 0x48, 0xff, 0x00, 0x14, 0x48, 0xff,
    0x00, 0x14, 0x48, 0xff, 0x00, 0x14, 0x48, 0xff, 0x00, 0x10, 0x48, 0xff,
    0x00, 0x14, 0x50, 0xff, 0x00, 0x10, 0x48, 0xff, 0x00, 0x10, 0x48, 0xff,
    0x00, 0x10, 0x48, 0xff, 0x00, 0x10, 0x48, 0xff, 0x00, 0x14, 0x48, 0xff,
    0x00, 0x10, 0x48, 0xff, 0x00, 0x10, 0x48, 0xff, 0x00, 0x10, 0x40, 0xff,
    0x00, 0x10, 0x40, 0xff, 0x00, 0x10, 0x48, 0xff, 0x00, 0x10, 0x40, 0xff,
    0x00, 0x10, 0x40, 0xff, 0x00, 0x10, 0x48, 0xff, 0x00, 0x10, 0x40, 0xff,
    0x00, 0x10, 0x40, 0xff, 0x00, 0x10, 0x40, 0xff, 0x00, 0x10, 0x40, 0xff,
    0x00, 0x10, 0x40, 0xff, 0x00, 0x0c, 0x40, 0xff, 0x00, 0x10, 0x40, 0xff,
    0x00, 0x10, 0x40, 0xff, 0x00, 0x0c, 0x40, 0xff, 0x00, 0x0c, 0x40, 0xff,
    0x00, 0x0c, 0x40, 0xff, 0x00, 0x0c, 0x38, 0xff, 0x00, 0x0c, 0x40, 0xff,
    0x00, 0x0c, 0x38, 0xff, 0x00, 0x10, 0x38, 0xff, 0x00, 0x0c, 0x40, 0xff,
    0x00, 0x0c, 0x38, 0xff, 0x00, 0x10, 0x38, 0xff, 0x00, 0x0c, 0x40, 0xff,
    0x00, 0x0c, 0x38, 0xff, 0x00, 0x0c, 0x38, 0xff, 0x00, 0x0c, 0x38, 0xff,
    0x00, 0x0c, 0x38, 0xff, 0x00, 0x0c, 0x38, 0xff, 0x00, 0x0c, 0x38, 0xff,
    0x00, 0x0c, 0x38, 0xff, 0x00, 0x0c, 0x38, 0xff, 0x00, 0x0c, 0x38, 0xff,
    0x00, 0x0c, 0x38, 0xff, 0x00, 0x0c, 0x38, 0xff, 0x00, 0x08, 0x38, 0xff,
    0x00, 0x0c, 0x38, 0xff, 0x00, 0x08, 0x38, 0xff, 0x00, 0x08, 0x30, 0xff,
    0x00, 0x0c, 0x38, 0xff, 0x00, 0x08, 0x38, 0xff, 0x00, 0x0c, 0x30, 0xff,
    0x00, 0x08, 0x30, 0xff, 0x00, 0x0c, 0x30, 0xff, 0x00, 0x08, 0x30, 0xff,
    0x00, 0x08, 0x30, 0xff, 0x00, 0x0c, 0x30, 0xff, 0x00, 0x08, 0x30, 0xff,
    0x00, 0x08, 0x30, 0xff, 0x00, 0x0c, 0x30, 0xff, 0x00, 0x08, 0x30, 0xff,
    0x00, 0x08, 0x30, 0xff, 0x00, 0x08, 0x30, 0xff, 0x00, 0x08, 0x30, 0xff,
    0x00, 0x08, 0x30, 0xff, 0x00, 0x08, 0x30, 0xff, 0x00, 0x08, 0x30, 0xff,
    0x00, 0x08, 0x28, 0xff, 0x00, 0x08, 0x30, 0xff, 0x00, 0x08, 0x30, 0xff,
    0x00, 0x08, 0x28, 0xff, 0x00, 0x08, 0x28, 0xff, 0x00, 0x04, 0x30, 0xff,
    0x00, 0x08, 0x28, 0xff, 0x00, 0x08, 0x28, 0xff, 0x00, 0x04, 0x30, 0xff,
    0x00, 0x08, 0x28, 0xff, 0x00, 0x04, 0x28, 0xff, 0x00, 0x04, 0x28, 0xff,
    0x00, 0x08, 0x28, 0xff, 0x00, 0x08, 0x28, 0xff, 0x00, 0x04, 0x28, 0xff,
    0x00, 0x04, 0x28, 0xff, 0x00, 0x08, 0x28, 0xff, 0x00, 0x04, 0x28, 0xff,
    0x00, 0x04, 0x28, 0xff, 0x00, 0x04, 0x28, 0xff, 0x00, 0x08, 0x28, 0xff,
    0x00, 0x04, 0x28, 0xff, 0x00, 0x04, 0x28, 0xff, 0x00, 0x04, 0x20, 0xff,
    0x00, 0x04, 0x28, 0xff, 0x00, 0x08, 0x28, 0xff, 0x00, 0x04, 0x20, 0xff,
    0x00, 0x04, 0x28, 0xff, 0x00, 0x04, 0x20, 0xff, 0x00, 0x04, 0x28, 0xff,
    0x00, 0x04, 0x20, 0xff, 0x00, 0x04, 0x20, 0xff, 0x00, 0x04, 0x28, 0xff,
    0x00, 0x04, 0x20, 0xff, 0x00, 0x04, 0x28, 0xff, 0x00, 0x04, 0x20, 0xff,
    0x00, 0x04, 0x20, 0xff, 0x00, 0x04, 0x28, 0xff, 0x00, 0x04, 0x20, 0xff,
    0x00, 0x04, 0x20, 0xff, 0x00, 0x04, 0x20, 0xff, 0x00, 0x04, 0x20, 0xff,
    0x00, 0x00, 0x20, 0xff, 0x00, 0x04, 0x20, 0xff, 0x00, 0x04, 0x20, 0xff,
    0x00, 0x04, 0x20, 0xff, 0x00, 0x04, 0x20, 0xff, 0x00, 0x00, 0x20, 0xff,
    0x00, 0x04, 0x20, 0xff, 0x00, 0x00, 0x20, 0xff, 0x00, 0x00, 0x20, 0xff,
    0x00, 0x04, 0x20, 0xff, 0x00, 0x04, 0x20, 0xff, 0x00, 0x00, 0x18, 0xff,
    0x00, 0x04, 0x20, 0xff, 0x00, 0x00, 0x18, 0xff, 0x00, 0x00, 0x18, 0xff,
    0x00, 0x04, 0x20, 0xff, 0x00, 0x04, 0x20, 0xff, 0x00, 0x00, 0x18, 0xff,
    0x00, 0x04, 0x18, 0xff, 0x00, 0x00, 0x20, 0xff, 0x00, 0x00, 0x18, 0xff,
    0x00, 0x00, 0x18, 0xff, 0x00, 0x00, 0x20, 0xff, 0x00, 0x00, 0x18, 0xff,
    0x00, 0x00, 0x18, 0xff, 0x00, 0x00, 0x20, 0xff, 0x00, 0x00, 0x18, 0xff,
    0x00, 0x00, 0x18, 0xff, 0x00, 0x04, 0x18, 0xff, 0x00, 0x00, 0x20, 0xff,
    0x00, 0x00, 0x18, 0xff, 0x00, 0x00, 0x18, 0xff, 0x00, 0x00, 0x18, 0xff,
    0x90, 0x94, 0xa0, 0x71, 0x90, 0x98, 0xb0, 0x71, 0x00, 0x14, 0x48, 0xff,
    0x00, 0x10, 0x50, 0xff, 0x00, 0x10, 0x48, 0xff, 0x00, 0x14, 0x48, 0xff,
    0x00, 0x14, 0x48, 0xff, 0x00, 0x10, 0x48, 0xff, 0x00, 0x10, 0x48, 0xff,
    0x00, 0x10, 0x48, 0xff, 0x00, 0x10, 0x48, 0xff, 0x00, 0x10, 0x48, 0xff,
    0x00, 0x10, 0x48, 0xff, 0x00, 0x10, 0x40, 0xff, 0x00, 0x10, 0x48, 0xff,
    0x00, 0x10, 0x48, 0xff, 0x00, 0x10, 0x48, 0xff, 0x00, 0x10, 0x40, 0xff,
    0x00, 0x10, 0x40, 0xff, 0x00, 0x10, 0x40, 0xff, 0x00, 0x10, 0x40, 0xff,
    0x00, 0x10, 0x40, 0xff, 0x00, 0x0c, 0x40, 0xff, 0x00, 0x10, 0x40, 0xff,
    0x00, 0x10, 0x40, 0xff, 0x00, 0x0c, 0x40, 0xff, 0x00, 0x0c, 0x40, 0xff,
    0x00, 0x10, 0x40, 0xff, 0x00, 0x0c, 0x40, 0xff, 0x00, 0x10, 0x40, 0xff,
    0x00, 0x10, 0x40, 0xff, 0x00, 0x0c, 0x38, 0xff, 0x00, 0x0c, 0x40, 0xff,
    0x00, 0x0c, 0x40, 0xff, 0x00, 0x0c, 0x38, 0xff, 0x00, 0x0c, 0x40, 0xff,
    0x00, 0x0c, 0x38, 0xff, 0x00, 0x0c, 0x38, 0xff, 0x00, 0x0c, 0x38, 0xff,
    0x00, 0x0c, 0x40, 0xff, 0x00, 0x0c, 0x38, 0xff, 0x00, 0x0c, 0x38, 0xff,
    0x00, 0x0c, 0x38, 0xff, 0x00, 0x0c, 0x38, 0xff, 0x00, 0x0c, 0x38, 0xff,
    0x00, 0x0c, 0x38, 0xff, 0x00, 0x0c, 0x38, 0xff, 0x00, 0x0c, 0x38, 0xff,
    0x00, 0x08, 0x38, 0xff, 0x00, 0x0c, 0x38, 0xff, 0x00, 0x0c, 0x30, 0xff,
    0x00, 0x08, 0x30, 0xff, 0x00, 0x08, 0x38, 0xff, 0x00, 0x0c, 0x30, 0xff,
    0x00, 0x0c, 0x30, 0xff, 0x00, 0x08, 0x30, 0xff, 0x00, 0x08, 0x30, 0xff,
    0x00, 0x0c, 0x38, 0xff, 0x00, 0x08, 0x30, 0xff, 0x00, 0x08, 0x38, 0xff,
    0x00, 0x08, 0x30, 0xff, 0x00, 0x08, 0x30, 0xff, 0x00, 0x08, 0x30, 0xff,
    0x00, 0x08, 0x30, 0xff, 0x00, 0x08, 0x30, 0xff, 0x00, 0x0c, 0x30, 0xff,
    0x00, 0x08, 0x30, 0xff, 0x00, 0x08, 0x30, 0xff, 0x00, 0x08, 0x30, 0xff,
    0x00, 0x08, 0x30, 0xff, 0x00, 0x08, 0x30, 0xff, 0x00, 0x08, 0x30, 0xff,
    0x00, 0x08, 0x28, 0xff, 0x00, 0x08, 0x30, 0xff, 0x00, 0x08, 0x28, 0xff,
    0x00, 0x08, 0x28, 0xff, 0x00, 0x08, 0x30, 0xff, 0x00, 0x08, 0x30, 0xff,
    0x00, 0x04, 0x28, 0xff, 0x00, 0x08, 0x28, 0xff, 0x00, 0x08, 0x28, 0xff,
    0x00, 0x04, 0x30, 0xff, 0x00, 0x04, 0x28, 0xff, 0x00, 0x08, 0x28, 0xff,
    0x00, 0x04, 0x28, 0xff, 0x00, 0x08, 0x28, 0xff, 0x00, 0x08, 0x28, 0xff,
    0x00, 0x04, 0x28, 0xff, 0x00, 0x08, 0x28, 0xff, 0x00, 0x08, 0x28, 0xff,
    0x00, 0x04, 0x28, 0xff, 0x00, 0x04, 0x28, 0xff, 0x00, 0x08, 0x28, 0xff,
    0x00, 0x04, 0x28, 0xff, 0x00, 0x04, 0x28, 0xff, 0x00, 0x08, 0x28, 0xff,
    0x00, 0x04, 0x20, 0xff, 0x00, 0x04, 0x28, 0xff, 0x00, 0x04, 0x28, 0xff,
    0x00, 0x08, 0x20, 0xff, 0x00, 0x04, 0x20, 0xff, 0x00, 0x04, 0x28, 0xff,
    0x00, 0x04, 0x28, 0xff, 0x00, 0x04, 0x20, 0xff, 0x00, 0x04, 0x20, 0xff,
    0x00, 0x04, 0x28, 0xff, 0x00, 0x04, 0x20, 0xff, 0x00, 0x04, 0x20, 0xff,
    0x00, 0x04, 0x20, 0xff, 0x00, 0x04, 0x20, 0xff, 0x00, 0x04, 0x20, 0xff,
    0x00, 0x04, 0x20, 0xff, 0x00, 0x04, 0x20, 0xff, 0x00, 0x04, 0x20, 0xff,
    0x00, 0x00, 0x20, 0xff, 0x00, 0x04, 0x20, 0xff, 0x00, 0x04, 0x20, 0xff,
    0x00, 0x00, 0x20, 0xff, 0x00, 0x04, 0x20, 0xff, 0x00, 0x04, 0x20, 0xff,
    0x00, 0x04, 0x20, 0xff, 0x00, 0x00, 0x20, 0xff, 0x00, 0x04, 0x20, 0xff,
    0x00, 0x04, 0x18, 0xff, 0x00, 0x00, 0x20, 0xff, 0x00, 0x00, 0x20, 0xff,
    0x00, 0x04, 0x20, 0xff, 0x00, 0x04, 0x20, 0xff, 0x00, 0x00, 0x20, 0xff,
    0x00, 0x00, 0x18, 0xff, 0x00, 0x04, 0x20, 0xff, 0x00, 0x00, 0x18, 0xff,
    0x00, 0x04, 0x20, 0xff, 0x00, 0x00, 0x20, 0xff, 0x00, 0x00, 0x18, 0xff,
    0x00, 0x04, 0x20, 0xff, 0x00, 0x00, 0x20, 0xff, 0x00, 0x04, 0x18, 0xff,
    0x00, 0x00, 0x18, 0xff, 0x00, 0x04, 0x20, 0xff, 0x00, 0x00, 0x18, 0xff,
    0x00, 0x00, 0x20, 0xff, 0x00, 0x04, 0x18, 0xff, 0x00, 0x00, 0x18, 0xff,
    0x00, 0x00, 0x18, 0xff, 0x00, 0x04, 0x20, 0xff, 0x00, 0x00, 0x18, 0xff,
    0x00, 0x00, 0x18, 0xff, 0x90, 0x94, 0xa0, 0x71, 0x90, 0x98, 0xb0, 0x71,
    0x00, 0x14, 0x48, 0xff, 0x00, 0x10, 0x48, 0xff, 0x00, 0x10, 0x48, 0xff,
    0x00, 0x14, 0x48, 0xff, 0x00, 0x10, 0x48, 0xff, 0x00, 0x10, 0x48, 0xff,
    0x00, 0x10, 0x48, 0xff, 0x00, 0x14, 0x48, 0xff, 0x00, 0x14, 0x48, 0xff,
    0x00, 0x10, 0x48, 0xff, 0x00, 0x10, 0x40, 0xff, 0x00, 0x10, 0x48, 0xff,
    0x00, 0x10, 0x40, 0xff, 0x00, 0x10, 0x40, 0xff, 0x00, 0x10, 0x40, 0xff,
    0x00, 0x10, 0x48, 0xff, 0x00, 0x10, 0x40, 0xff, 0x00, 0x10, 0x48, 0xff,
    0x00, 0x10, 0x40, 0xff, 0x00, 0x10, 0x40, 0xff, 0x60, 0x68, 0x88, 0xff,
    0xb0, 0xb4, 0xc8, 0xff, 0xc0, 0xc4, 0xd0, 0xff, 0xc0, 0xc4, 0xd0, 0xff,
    0xc0, 0xc4, 0xd0, 0xff, 0xc0, 0xc4, 0xd0, 0xff, 0xc0, 0xc4, 0xd0, 0xff,
    0xc0, 0xc4, 0xd0, 0xff, 0xc0, 0xc4, 0xd0, 0xff, 0xc0, 0xc4, 0xd0, 0xff,
    0xc0, 0xc4, 0xd0, 0xff, 0xc0, 0xc4, 0xd0, 0xff, 0xc0, 0xc4, 0xd0, 0xff,
    0xc0, 0xc4, 0xd0, 0xff, 0xc0, 0xc4, 0xd0, 0xff, 0xc0, 0xc4, 0xd0, 0xff,
    0xc0, 0xc4, 0xd0, 0xff, 0xa0, 0xa4, 0xb8, 0xff, 0x40, 0x48, 0x68, 0xff,
    0x00, 0x0c, 0x38, 0xff, 0x00, 0x0c, 0x38, 0xff, 0x00, 0x0c, 0x38, 0xff,
    0x00, 0x0c, 0x38, 0xff, 0x00, 0x0c, 0x38, 0xff, 0x00, 0x0c, 0x38, 0xff,
    0x00, 0x0c, 0x38, 0xff, 0x00, 0x0c, 0x38, 0xff, 0x00, 0x08, 0x38, 0xff,
    0x00, 0x08, 0x30, 0xff, 0x00, 0x0c, 0x38, 0xff, 0x00, 0x0c, 0x30, 0xff,
    0x00, 0x08, 0x38, 0xff, 0x00, 0x0c, 0x30, 0xff, 0x00, 0x08, 0x38, 0xff,
    0x00, 0x0c, 0x30, 0xff, 0x00, 0x0c, 0x30, 0xff, 0x00, 0x08, 0x30, 0xff,
    0x00, 0x08, 0x38, 0xff, 0x00, 0x0c, 0x30, 0xff, 0x00, 0x08, 0x30, 0xff,
    0x00, 0x0c, 0x30, 0xff, 0x00, 0x08, 0x30, 0xff, 0x00, 0x08, 0x30, 0xff,
    0x00, 0x08, 0x30, 0xff, 0x00, 0x08, 0x30, 0xff, 0x00, 0x08, 0x30, 0xff,
    0x00, 0x08, 0x30, 0xff, 0x00, 0x08, 0x30, 0xff, 0x00, 0x08, 0x30, 0xff,
    0x00, 0x08, 0x28, 0xff, 0x00, 0x08, 0x30, 0xff, 0x00, 0x08, 0x28, 0xff,
    0x00, 0x08, 0x30, 0xff, 0x00, 0x08, 0x28, 0xff, 0x00, 0x08, 0x30, 0xff,
    0x00, 0x08, 0x28, 0xff, 0x00, 0x08, 0x28, 0xff, 0x00, 0x08, 0x30, 0xff,
    0x00, 0x08, 0x28, 0xff, 0x00, 0x04, 0x28, 0xff, 0x00, 0x08, 0x28, 0xff,
    0x00, 0x08, 0x28, 0xff, 0x00, 0x04, 0x30, 0xff, 0x00, 0x04, 0x28, 0xff,
    0x00, 0x08, 0x28, 0xff, 0x00, 0x04, 0x28, 0xff, 0x00, 0x04, 0x28, 0xff,
    0x00, 0x08, 0x28, 0xff, 0x00, 0x04, 0x28, 0xff, 0x00, 0x04, 0x28, 0xff,
    0x00, 0x04, 0x28, 0xff, 0x00, 0x04, 0x28, 0xff, 0x00, 0x08, 0x20, 0xff,
    0x00, 0x04, 0x20, 0xff, 0x00, 0x04, 0x28, 0xff, 0x00, 0x08, 0x20, 0xff,
    0x00, 0x04, 0x28, 0xff, 0x00, 0x04, 0x28, 0xff, 0x00, 0x04, 0x20, 0xff,
    0x00, 0x04, 0x28, 0xff, 0x00, 0x04, 0x20, 0xff, 0x00, 0x04, 0x20, 0xff,
    0x00, 0x04, 0x28, 0xff, 0x00, 0x04, 0x20, 0xff, 0x00, 0x04, 0x20, 0xff,
    0x00, 0x04, 0x20, 0xff, 0x00, 0x04, 0x28, 0xff, 0x00, 0x04, 0x20, 0xff,
    0x00, 0x04, 0x20, 0xff, 0x00, 0x04, 0x20, 0xff, 0x00, 0x00, 0x20, 0xff,
    0x00, 0x04, 0x20, 0xff, 0x00, 0x04, 0x20, 0xff, 0x00, 0x04, 0x20, 0xff,
    0x00, 0x04, 0x20, 0xff, 0x00, 0x00, 0x20, 0xff, 0x00, 0x04, 0x20, 0xff,
    0x00, 0x04, 0x20, 0xff, 0x00, 0x00, 0x20, 0xff, 0x00, 0x00, 0x20, 0xff,
    0x00, 0x04, 0x20, 0xff, 0x00, 0x04, 0x20, 0xff, 0x00, 0x00, 0x18, 0xff,
    0x00, 0x00, 0x20, 0xff, 0x00, 0x04, 0x18, 0xff, 0x00, 0x00, 0x18, 0xff,
    0x00, 0x04, 0x20, 0xff, 0x00, 0x04, 0x20, 0xff, 0x00, 0x00, 0x18, 0xff,
    0x00, 0x00, 0x18, 0xff, 0x00, 0x00, 0x20, 0xff, 0x00, 0x00, 0x18, 0xff,
    0x00, 0x00, 0x18, 0xff, 0x00, 0x00, 0x20, 0xff, 0x00, 0x00, 0x18, 0xff,
    0x00, 0x00, 0x18, 0xff, 0x00, 0x04, 0x20, 0xff, 0x00, 0x00, 0x18, 0xff,
    0x00, 0x00, 0x18, 0xff, 0x00, 0x04, 0x18, 0xff, 0x00, 0x00, 0x20, 0xff,
    0x00, 0x00, 0x18, 0xff, 0x00, 0x00, 0x18, 0xff, 0x00, 0x04, 0x20, 0xff,
    0x00, 0x00, 0x18, 0xff, 0x00, 0x00, 0x18, 0xff, 0x90, 0x94, 0xa0, 0x71,
    0x90, 0x9c, 0xb0, 0x71, 0x00, 0x10, 0x48, 0xff, 0x00, 0x14, 0x48, 0xff,
    0x00, 0x14, 0x48, 0xff, 0x00, 0x10, 0x48, 0xff, 0x00, 0x10, 0x48, 0xff,
    0x00, 0x10, 0x48, 0xff, 0x00, 0x10, 0x48, 0xff, 0x00, 0x10, 0x48, 0xff,
    0x00, 0x10, 0x48, 0xff, 0x00, 0x10, 0x40, 0xff, 0x00, 0x10, 0x48, 0xff,
    0x00, 0x10, 0x40, 0xff, 0x00, 0x10, 0x48, 0xff, 0x00, 0x10, 0x40, 0xff,
    0x00, 0x10, 0x40, 0xff, 0x00, 0x10, 0x40, 0xff, 0x00, 0x10, 0x40, 0xff,
    0x00, 0x10, 0x48, 0xff, 0x10, 0x1c, 0x50, 0xff, 0xc0, 0xc4, 0xd0, 0xff,
    0xf8, 0xfc, 0xf8, 0xff, 0xf8, 0xfc, 0xf8, 0xff, 0xf8, 0xfc, 0xf8, 0xff,
    0xf8, 0xfc, 0xf8, 0xff, 0xf8, 0xfc, 0xf8, 0xff, 0xf8, 0xfc, 0xf8, 0xff,
    0xf8, 0xfc, 0xf8, 0xff, 0xf8, 0xfc, 0xf8, 0xff, 0xf8, 0xfc, 0xf8, 0xff,
    0xf8, 0xfc, 0xf8, 0xff, 0xf8, 0xfc, 0xf8, 0xff, 0xf8, 0xfc, 0xf8, 0xff,
    0xf8, 0xfc, 0xf8, 0xff, 0xf8, 0xfc, 0xf8, 0xff, 0xf8, 0xfc, 0xf8, 0xff,
    0xf8, 0xfc, 0xf8, 0xff, 0xf8, 0xfc, 0xf8, 0xff, 0xf8, 0xfc, 0xf8, 0xff,
    0xf8, 0xfc, 0xf8, 0xff, 0x80, 0x88, 0xa0, 0xff, 0x00, 0x0c, 0x38, 0xff,
    0x00, 0x0c, 0x38, 0xff, 0x00, 0x0c, 0x38, 0xff, 0x00, 0x0c, 0x38, 0xff,
    0x00, 0x08, 0x38, 0xff, 0x00, 0x0c, 0x38, 0xff, 0x00, 0x0c, 0x30, 0xff,
    0x00, 0x0c, 0x38, 0xff, 0x00, 0x08, 0x38, 0xff, 0x00, 0x0c, 0x30, 0xff,
    0x00, 0x08, 0x38, 0xff, 0x00, 0x08, 0x30, 0xff, 0x00, 0x0c, 0x38, 0xff,
    0x00, 0x08, 0x30, 0xff, 0x00, 0x0c, 0x30, 0xff, 0x00, 0x08, 0x30, 0xff,
    0x00, 0x08, 0x30, 0xff, 0x00, 0x08, 0x30, 0xff, 0x00, 0x08, 0x30, 0xff,
    0x00, 0x08, 0x30, 0xff, 0x00, 0x0c, 0x30, 0xff, 0x00, 0x08, 0x30, 0xff,
    0x00, 0x08, 0x30, 0xff, 0x00, 0x08, 0x30, 0xff, 0x00, 0x08, 0x30, 0xff,
    0x00, 0x08, 0x30, 0xff, 0x00, 0x08, 0x30, 0xff, 0x00, 0x08, 0x30, 0xff,
    0x00, 0x08, 0x28, 0xff, 0x00, 0x08, 0x30, 0xff, 0x00, 0x08, 0x28, 0xff,
    0x00, 0x08, 0x30, 0xff, 0x00, 0x08, 0x30, 0xff, 0x00, 0x04, 0x28, 0xff,
    0x00, 0x04, 0x28, 0xff, 0x00, 0x08, 0x30, 0xff, 0x00, 0x04, 0x28, 0xff,
    0x00, 0x08, 0x28, 0xff, 0x00, 0x04, 0x30, 0xff, 0x00, 0x04, 0x28, 0xff,
    0x00, 0x08, 0x28, 0xff, 0x00, 0x04, 0x28, 0xff, 0x00, 0x08, 0x28, 0xff,
    0x00, 0x04, 0x28, 0xff, 0x00, 0x08, 0x28, 0xff, 0x00, 0x08, 0x28, 0xff,
    0x00, 0x04, 0x28, 0xff, 0x00, 0x04, 0x28, 0xff, 0x00, 0x04, 0x28, 0xff,
    0x00, 0x08, 0x28, 0xff, 0x00, 0x04, 0x28, 0xff, 0x00, 0x04, 0x28, 0xff,
    0x00, 0x04, 0x20, 0xff, 0x00, 0x04, 0x28, 0xff, 0x00, 0x04, 0x28, 0xff,
    0x00, 0x04, 0x20, 0xff, 0x00, 0x04, 0x20, 0xff, 0x00, 0x04, 0x28, 0xff,
    0x00, 0x04, 0x20, 0xff, 0x00, 0x04, 0x20, 0xff, 0x00, 0x04, 0x20, 0xff,
    0x00, 0x04, 0x28, 0xff, 0x00, 0x04, 0x20, 0xff, 0x00, 0x04, 0x20, 0xff,
    0x00, 0x04, 0x20, 0xff, 0x00, 0x04, 0x28, 0xff, 0x00, 0x04, 0x20, 0xff,
    0x00, 0x04, 0x20, 0xff, 0x00, 0x04, 0x20, 0xff, 0x00, 0x04, 0x28, 0xff,
    0x00, 0x04, 0x20, 0xff, 0x00, 0x00, 0x20, 0xff, 0x00, 0x04, 0x20, 0xff,
    0x00, 0x04, 0x20, 0xff, 0x00, 0x04, 0x20, 0xff, 0x00, 0x04, 0x20, 0xff,
    0x00, 0x00, 0x20, 0xff, 0x00, 0x00, 0x20, 0xff, 0x00, 0x04, 0x20, 0xff,
    0x00, 0x00, 0x20, 0xff, 0x00, 0x00, 0x18, 0xff, 0x00, 0x04, 0x20, 0xff,
    0x00, 0x04, 0x20, 0xff, 0x00, 0x00, 0x18, 0xff, 0x00, 0x04, 0x20, 0xff,
    0x00, 0x00, 0x20, 0xff, 0x00, 0x00, 0x18, 0xff, 0x00, 0x04, 0x20, 0xff,
    0x00, 0x04, 0x18, 0xff, 0x00, 0x00, 0x20, 0xff, 0x00, 0x00, 0x18, 0xff,
    0x00, 0x04, 0x20, 0xff, 0x00, 0x00, 0x20, 0xff, 0x00, 0x00, 0x18, 0xff,
    0x00, 0x04, 0x18, 0xff, 0x00, 0x00, 0x20, 0xff, 0x00, 0x00, 0x18, 0xff,
    0x00, 0x00, 0x20, 0xff, 0x00, 0x00, 0x18, 0xff, 0x00, 0x00, 0x18, 0xff,
    0x00, 0x00, 0x18, 0xff, 0x00, 0x00, 0x18, 0xff, 0x00, 0x00, 0x18, 0xff,
    0x00, 0x00, 0x18, 0xff, 0x00, 0x00, 0x18, 0xff, 0x00, 0x00, 0x18, 0xff,
    0x90, 0x94, 0xa0, 0x71, 0x90, 0x98, 0xb0, 0x71, 0x00, 0x14, 0x48, 0xff,
    0x00, 0x10, 0x48, 0xff, 0x00, 0x10, 0x48, 0xff, 0x00, 0x10, 0x48, 0xff,
    0x00, 0x10, 0x48, 0xff, 0x00, 0x14, 0x48, 0xff, 0x00, 0x10, 0x48, 0xff,
    0x00, 0x10, 0x48, 0xff, 0x00, 0x10, 0x40, 0xff, 0x00, 0x10, 0x48, 0xff,
    0x00, 0x10, 0x40, 0xff, 0x00, 0x10, 0x48, 0xff, 0x00, 0x10, 0x40, 0xff,
    0x00, 0x10, 0x48, 0xff, 0x00, 0x10, 0x40, 0xff, 0x00, 0x10, 0x40, 0xff,
    0x00, 0x10, 0x40, 0xff, 0x00, 0x10, 0x40, 0xff, 0x80, 0x84, 0xa0, 0xff,
    0xf8, 0xfc, 0xf8, 0xff, 0xf8, 0xfc, 0xf8, 0xff, 0xf8, 0xfc, 0xf8, 0xff,
    0xf8, 0xfc, 0xf8, 0xff, 0xf8, 0xfc, 0xf8, 0xff, 0xf8, 0xfc, 0xf8, 0xff,
    0xf8, 0xfc, 0xf8, 0xff, 0xf8, 0xfc, 0xf8, 0xff, 0xf8, 0xfc, 0xf8, 0xff,
    0xf8, 0xfc, 0xf8, 0xff, 0xf8, 0xfc, 0xf8, 0xff, 0xf8, 0xfc, 0xf8, 0xff,
    0xf8, 0xfc, 0xf8, 0xff, 0xf8, 0xfc, 0xf8, 0xff, 0xf8, 0xfc, 0xf8, 0xff,
    0xf8, 0xfc, 0xf8, 0xff, 0xf8, 0xfc, 0xf8, 0xff, 0xf8, 0xfc, 0xf8, 0xff,
    0xf8, 0xfc, 0xf8, 0xff, 0xf8, 0xfc, 0xf8, 0xff, 0xf8, 0xfc, 0xf8, 0xff,
    0x40, 0x48, 0x68, 0xff, 0x00, 0x0c, 0x38, 0xff, 0x00, 0x0c, 0x38, 0xff,
    0x00, 0x0c, 0x38, 0xff, 0x00, 0x0c, 0x38, 0xff, 0x00, 0x08, 0x30, 0xff,
    0x00, 0x0c, 0x38, 0xff, 0x00, 0x08, 0x38, 0xff, 0x00, 0x0c, 0x30, 0xff,
    0x00, 0x08, 0x30, 0xff, 0x00, 0x0c, 0x30, 0xff, 0x00, 0x0c, 0x38, 0xff,
    0x00, 0x08, 0x30, 0xff, 0x00, 0x0c, 0x30, 0xff, 0x00, 0x08, 0x38, 0xff,
    0x00, 0x08, 0x38, 0xff, 0x00, 0x08, 0x30, 0xff, 0x00, 0x0c, 0x30, 0xff,
    0x00, 0x08, 0x30, 0xff, 0x00, 0x08, 0x30, 0xff, 0x00, 0x08, 0x30, 0xff,
    0x00, 0x08, 0x30, 0xff, 0x00, 0x08, 0x30, 0xff, 0x00, 0x08, 0x30, 0xff,
    0x00, 0x08, 0x30, 0xff, 0x00, 0x08, 0x30, 0xff, 0x00, 0x08, 0x30, 0xff,
    0x00, 0x08, 0x28, 0xff, 0x00, 0x08, 0x28, 0xff, 0x00, 0x08, 0x30, 0xff,
    0x00, 0x08, 0x28, 0xff, 0x00, 0x08, 0x28, 0xff, 0x00, 0x08, 0x30, 0xff,
    0x00, 0x08, 0x28, 0xff, 0x00, 0x08, 0x28, 0xff, 0x00, 0x08, 0x30, 0xff,
    0x00, 0x08, 0x28, 0xff, 0x00, 0x04, 0x28, 0xff, 0x00, 0x04, 0x28, 0xff,
    0x00, 0x08, 0x28, 0xff, 0x00, 0x04, 0x28, 0xff, 0x00, 0x08, 0x28, 0xff,
    0x00, 0x04, 0x28, 0xff, 0x00, 0x08, 0x28, 0xff, 0x00, 0x04, 0x28, 0xff,
    0x00, 0x08, 0x28, 0xff, 0x00, 0x04, 0x28, 0xff, 0x00, 0x04, 0x28, 0xff,
    0x00, 0x04, 0x28, 0xff, 0x00, 0x08, 0x28, 0xff, 0x00, 0x04, 0x28, 0xff,
    0x00, 0x04, 0x20, 0xff, 0x00, 0x08, 0x28, 0xff, 0x00, 0x08, 0x28, 0xff,
    0x00, 0x04, 0x28, 0xff, 0x00, 0x04, 0x20, 0xff, 0x00, 0x04, 0x28, 0xff,
    0x00, 0x04, 0x28, 0xff, 0x00, 0x04, 0x20, 0xff, 0x00, 0x04, 0x20, 0xff,
    0x00, 0x04, 0x28, 0xff, 0x00, 0x04, 0x20, 0xff, 0x00, 0x04, 0x20, 0xff,
    0x00, 0x04, 0x28, 0xff, 0x00, 0x04, 0x20, 0xff, 0x00, 0x04, 0x20, 0xff,
    0x00, 0x04, 0x20, 0xff, 0x00, 0x04, 0x20, 0xff, 0x00, 0x00, 0x20, 0xff,
    0x00, 0x04, 0x20, 0xff, 0x00, 0x04, 0x20, 0xff, 0x00, 0x04, 0x20, 0xff,
    0x00, 0x00, 0x20, 0xff, 0x00, 0x04, 0x20, 0xff, 0x00, 0x04, 0x20, 0xff,
    0x00, 0x04, 0x20, 0xff, 0x00, 0x00, 0x20, 0xff, 0x00, 0x04, 0x20, 0xff,
    0x00, 0x04, 0x20, 0xff, 0x00, 0x00, 0x20, 0xff, 0x00, 0x04, 0x18, 0xff,
    0x00, 0x00, 0x20, 0xff, 0x00, 0x00, 0x20, 0xff, 0x00, 0x04, 0x18, 0xff,
    0x00, 0x04, 0x20, 0xff, 0x00, 0x00, 0x20, 0xff, 0x00, 0x04, 0x18, 0xff,
    0x00, 0x00, 0x18, 0xff, 0x00, 0x00, 0x20, 0xff, 0x00, 0x00, 0x20, 0xff,
    0x00, 0x04, 0x18, 0xff, 0x00, 0x00, 0x18, 0xff, 0x00, 0x00, 0x18, 0xff,
    0x00, 0x04, 0x18, 0xff, 0x00, 0x00, 0x20, 0xff, 0x00, 0x00, 0x18, 0xff,
    0x00, 0x00, 0x18, 0xff, 0x00, 0x04, 0x18, 0xff, 0x00, 0x00, 0x20, 0xff,
    0x00, 0x00, 0x18, 0xff, 0x00, 0x04, 0x18, 0xff, 0x00, 0x04, 0x20, 0xff,
    0x00, 0x00, 0x20, 0xff, 0x00, 0x00, 0x18, 0xff, 0x00, 0x04, 0x18, 0xff,
    0x00, 0x00, 0x18, 0xff, 0x90, 0x90, 0xa0, 0x71, 0x90, 0x98, 0xb0, 0x6d,
    0x00, 0x14, 0x48, 0xff, 0x00, 0x10, 0x48, 0xff, 0x00, 0x10, 0x48, 0xff,
    0x00, 0x10, 0x48, 0xff, 0x00, 0x14, 0x48, 0xff, 0x00, 0x10, 0x48, 0xff,
    0x00, 0x10, 0x48, 0xff, 0x00, 0x10, 0x40, 0xff, 0x00, 0x10, 0x48, 0xff,
    0x00, 0x10, 0x48, 0xff, 0x00, 0x10, 0x40, 0xff, 0x00, 0x10, 0x40, 0xff,
    0x00, 0x10, 0x48, 0xff, 0x00, 0x10, 0x40, 0xff, 0x00, 0x10, 0x40, 0xff,
    0x00, 0x10, 0x48, 0xff, 0x00, 0x10, 0x40, 0xff, 0x00, 0x10, 0x40, 0xff,
    0xe0, 0xe0, 0xe8, 0xff, 0xf8, 0xfc, 0xf8, 0xff, 0xf8, 0xfc, 0xf8, 0xff,
    0xf8, 0xfc, 0xf8, 0xff, 0xf8, 0xfc, 0xf8, 0xff, 0xf8, 0xfc, 0xf8, 0xff,
    0xf8, 0xfc, 0xf8, 0xff, 0xf8, 0xfc, 0xf8, 0xff, 0xf8, 0xfc, 0xf8, 0xff,
    0xf8, 0xfc, 0xf8, 0xff, 0xf8, 0xfc, 0xf8, 0xff, 0xf8, 0xfc, 0xf8, 0xff,
    0xf8, 0xfc, 0xf8, 0xff, 0xf8, 0xfc, 0xf8, 0xff, 0xf8, 0xfc, 0xf8, 0xff,
    0xf8, 0xfc, 0xf8, 0xff, 0xf8, 0xfc, 0xf8, 0xff, 0xf8, 0xfc, 0xf8, 0xff,
    0xf8, 0xfc, 0xf8, 0xff, 0xf8, 0xfc, 0xf8, 0xff, 0xf8, 0xfc, 0xf8, 0xff,
    0xf8, 0xfc, 0xf8, 0xff, 0xa0, 0xa4, 0xb8, 0xff, 0x00, 0x0c, 0x38, 0xff,
    0x00, 0x0c, 0x38, 0xff, 0x00, 0x08, 0x38, 0xff, 0x00, 0x0c, 0x30, 0xff,
    0x00, 0x0c, 0x38, 0xff, 0x00, 0x08, 0x38, 0xff, 0x00, 0x0c, 0x30, 0xff,
    0x00, 0x08, 0x38, 0xff, 0x00, 0x08, 0x30, 0xff, 0x00, 0x0c, 0x30, 0xff,
    0x00, 0x08, 0x38, 0xff, 0x00, 0x08, 0x30, 0xff, 0x00, 0x08, 0x30, 0xff,
    0x00, 0x08, 0x30, 0xff, 0x00, 0x08, 0x30, 0xff, 0x00, 0x08, 0x30, 0xff,
    0x00, 0x0c, 0x30, 0xff, 0x00, 0x08, 0x30, 0xff, 0x00, 0x08, 0x30, 0xff,
    0x00, 0x08, 0x30, 0xff, 0x00, 0x08, 0x30, 0xff, 0x00, 0x08, 0x30, 0xff,
    0x00, 0x08, 0x30, 0xff, 0x00, 0x08, 0x30, 0xff, 0x00, 0x08, 0x30, 0xff,
    0x00, 0x08, 0x28, 0xff, 0x00, 0x08, 0x30, 0xff, 0x00, 0x08, 0x30, 0xff,
    0x00, 0x08, 0x28, 0xff, 0x00, 0x08, 0x30, 0xff, 0x00, 0x04, 0x28, 0xff,
    0x00, 0x08, 0x28, 0xff, 0x00, 0x08, 0x30, 0xff, 0x00, 0x04, 0x28, 0xff,
    0x00, 0x08, 0x28, 0xff, 0x00, 0x04, 0x28, 0xff, 0x00, 0x08, 0x28, 0xff,
    0x00, 0x08, 0x28, 0xff, 0x00, 0x04, 0x28, 0xff, 0x00, 0x08, 0x28, 0xff,
    0x00, 0x04, 0x28, 0xff, 0x00, 0x08, 0x28, 0xff, 0x00, 0x04, 0x28, 0xff,
    0x00, 0x04, 0x28, 0xff, 0x00, 0x04, 0x28, 0xff, 0x00, 0x04, 0x28, 0xff,
    0x00, 0x08, 0x28, 0xff, 0x00, 0x04, 0x28, 0xff, 0x00, 0x04, 0x20, 0xff,
    0x00, 0x04, 0x20, 0xff, 0x00, 0x04, 0x28, 0xff, 0x00, 0x04, 0x28, 0xff,
    0x00, 0x04, 0x20, 0xff, 0x00, 0x04, 0x20, 0xff, 0x00, 0x04, 0x28, 0xff,
    0x00, 0x04, 0x20, 0xff, 0x00, 0x04, 0x20, 0xff, 0x00, 0x04, 0x28, 0xff,
    0x00, 0x04, 0x20, 0xff, 0x00, 0x04, 0x28, 0xff, 0x00, 0x04, 0x20, 0xff,
    0x00, 0x04, 0x20, 0xff, 0x00, 0x04, 0x20, 0xff, 0x00, 0x04, 0x28, 0xff,
    0x00, 0x04, 0x20, 0xff, 0x00, 0x04, 0x20, 0xff, 0x00, 0x04, 0x20, 0xff,
    0x00, 0x00, 0x20, 0xff, 0x00, 0x04, 0x20, 0xff, 0x00, 0x04, 0x20, 0xff,
    0x00, 0x00, 0x20, 0xff, 0x00, 0x04, 0x20, 0xff, 0x00, 0x04, 0x20, 0xff,
    0x00, 0x00, 0x20, 0xff, 0x00, 0x00, 0x20, 0xff, 0x00, 0x04, 0x20, 0xff,
    0x00, 0x00, 0x20, 0xff, 0x00, 0x00, 0x18, 0xff, 0x00, 0x04, 0x20, 0xff,
    0x00, 0x04, 0x20, 0xff, 0x00, 0x00, 0x18, 0xff, 0x00, 0x00, 0x20, 0xff,
    0x00, 0x04, 0x20, 0xff, 0x00, 0x00, 0x18, 0xff, 0x00, 0x04, 0x20, 0xff,
    0x00, 0x04, 0x18, 0xff, 0x00, 0x00, 0x20, 0xff, 0x00, 0x00, 0x18, 0xff,
    0x00, 0x00, 0x20, 0xff, 0x00, 0x00, 0x20, 0xff, 0x00, 0x00, 0x18, 0xff,
    0x00, 0x00, 0x20, 0xff, 0x00, 0x00, 0x18, 0xff, 0x00, 0x04, 0x20, 0xff,
    0x00, 0x00, 0x18, 0xff, 0x00, 0x00, 0x18, 0xff, 0x00, 0x04, 0x18, 0xff,
    0x00, 0x00, 0x18, 0xff, 0x00, 0x00, 0x20, 0xff, 0x00, 0x00, 0x18, 0xff,
    0x00, 0x00, 0x18, 0xff, 0x00, 0x04, 0x18, 0xff, 0x00, 0x00, 0x18, 0xff,
    0x00, 0x00, 0x18, 0xff, 0x00, 0x00, 0x18, 0xff, 0x90, 0x94, 0xa0, 0x71,
    0x90, 0x9c, 0xb0, 0x71, 0x00, 0x10, 0x48, 0xff, 0x00, 0x10, 0x48, 0xff,
    0x00, 0x10, 0x48, 0xff, 0x00, 0x14, 0x48, 0xff, 0x00, 0x10, 0x48, 0xff,
    0x00, 0x10, 0x48, 0xff, 0x00, 0x10, 0x40, 0xff, 0x00, 0x10, 0x48, 0xff,
    0x00, 0x10, 0x40, 0xff, 0x00, 0x10, 0x48, 0xff, 0x00, 0x10, 0x40, 0xff,
    0x00, 0x10, 0x40, 0xff, 0x00, 0x10, 0x48, 0xff, 0x00, 0x10, 0x40, 0xff,
    0x00, 0x10, 0x40, 0xff, 0x00, 0x0c, 0x40, 0xff, 0x00, 0x10, 0x40, 0xff,
    0x00, 0x10, 0x40, 0xff, 0xf8, 0xfc, 0xf8, 0xff, 0xf8, 0xfc, 0xf8, 0xff,
    0xf8, 0xfc, 0xf8, 0xff, 0xf8, 0xfc, 0xf8, 0xff, 0xf8, 0xfc, 0xf8, 0xff,
    0xf8, 0xfc, 0xf8, 0xff, 0xf8, 0xfc, 0xf8, 0xff, 0xf8, 0xfc, 0xf8, 0xff,
    0xf8, 0xfc, 0xf8, 0xff, 0xf8, 0xfc, 0xf8, 0xff, 0xf8, 0xfc, 0xf8, 0xff,
    0xf8, 0xfc, 0xf8, 0xff, 0xf8, 0xfc, 0xf8, 0xff, 0xf8, 0xfc, 0xf8, 0xff,
    0xf8, 0xfc, 0xf8, 0xff, 0xf8, 0xfc, 0xf8, 0xff, 0xf8, 0xfc, 0xf8, 0xff,
    0xf8, 0xfc, 0xf8, 0xff, 0xf8, 0xfc, 0xf8, 0xff, 0xf8, 0xfc, 0xf8, 0xff,
    0xf8, 0xfc, 0xf8, 0xff, 0xf8, 0xfc, 0xf8, 0xff, 0xc0, 0xc4, 0xd0, 0xff,
    0x00, 0x0c, 0x38, 0xff, 0x00, 0x08, 0x38, 0xff, 0x00, 0x0c, 0x30, 0xff,
    0x00, 0x0c, 0x38, 0xff, 0x00, 0x08, 0x38, 0xff, 0x00, 0x08, 0x30, 0xff,
    0x00, 0x0c, 0x30, 0xff, 0x00, 0x0c, 0x38, 0xff, 0x00, 0x08, 0x30, 0xff,
    0x00, 0x0c, 0x38, 0xff, 0x00, 0x0c, 0x30, 0xff, 0x00, 0x08, 0x30, 0xff,
    0x00, 0x08, 0x30, 0xff, 0x00, 0x0c, 0x30, 0xff, 0x00, 0x08, 0x30, 0xff,
    0x00, 0x08, 0x30, 0xff, 0x00, 0x08, 0x30, 0xff, 0x00, 0x0c, 0x30, 0xff,
    0x00, 0x08, 0x30, 0xff, 0x00, 0x08, 0x30, 0xff, 0x00, 0x08, 0x30, 0xff,
    0x00, 0x08, 0x30, 0xff, 0x00, 0x08, 0x30, 0xff, 0x00, 0x08, 0x30, 0xff,
    0x00, 0x08, 0x28, 0xff, 0x00, 0x08, 0x28, 0xff, 0x00, 0x08, 0x30, 0xff,
    0x00, 0x08, 0x28, 0xff, 0x00, 0x08, 0x30, 0xff, 0x00, 0x08, 0x30, 0xff,
    0x00, 0x04, 0x28, 0xff, 0x00, 0x08, 0x28, 0xff, 0x00, 0x08, 0x30, 0xff,
    0x00, 0x08, 0x28, 0xff, 0x00, 0x04, 0x28, 0xff, 0x00, 0x04, 0x28, 0xff,
    0x00, 0x08, 0x28, 0xff, 0x00, 0x04, 0x30, 0xff, 0x00, 0x08, 0x28, 0xff,
    0x00, 0x04, 0x28, 0xff, 0x00, 0x08, 0x28, 0xff, 0x00, 0x08, 0x28, 0xff,
    0x00, 0x04, 0x28, 0xff, 0x00, 0x04, 0x28, 0xff, 0x00, 0x08, 0x28, 0xff,
    0x00, 0x04, 0x28, 0xff, 0x00, 0x04, 0x28, 0xff, 0x00, 0x08, 0x28, 0xff,
    0x00, 0x04, 0x20, 0xff, 0x00, 0x08, 0x28, 0xff, 0x00, 0x04, 0x28, 0xff,
    0x00, 0x04, 0x20, 0xff, 0x00, 0x04, 0x20, 0xff, 0x00, 0x04, 0x28, 0xff,
    0x00, 0x04, 0x28, 0xff, 0x00, 0x04, 0x20, 0xff, 0x00, 0x04, 0x20, 0xff,
    0x00, 0x04, 0x28, 0xff, 0x00, 0x04, 0x20, 0xff, 0x00, 0x04, 0x20, 0xff,
    0x00, 0x04, 0x20, 0xff, 0x00, 0x04, 0x20, 0xff, 0x00, 0x04, 0x20, 0xff,
    0x00, 0x04, 0x20, 0xff, 0x00, 0x04, 0x20, 0xff, 0x00, 0x00, 0x20, 0xff,
    0x00, 0x04, 0x20, 0xff, 0x00, 0x04, 0x20, 0xff, 0x00, 0x04, 0x20, 0xff,
    0x00, 0x04, 0x20, 0xff, 0x00, 0x00, 0x20, 0xff, 0x00, 0x04, 0x20, 0xff,
    0x00, 0x04, 0x20, 0xff, 0x00, 0x00, 0x20, 0xff, 0x00, 0x00, 0x20, 0xff,
    0x00, 0x04, 0x20, 0xff, 0x00, 0x00, 0x20, 0xff, 0x00, 0x04, 0x20, 0xff,
    0x00, 0x00, 0x20, 0xff, 0x00, 0x04, 0x18, 0xff, 0x00, 0x04, 0x20, 0xff,
    0x00, 0x00, 0x20, 0xff, 0x00, 0x04, 0x18, 0xff, 0x00, 0x00, 0x20, 0xff,
    0x00, 0x00, 0x18, 0xff, 0x00, 0x00, 0x20, 0xff, 0x00, 0x00, 0x18, 0xff,
    0x00, 0x04, 0x18, 0xff, 0x00, 0x00, 0x20, 0xff, 0x00, 0x00, 0x18, 0xff,
    0x00, 0x04, 0x18, 0xff, 0x00, 0x00, 0x20, 0xff, 0x00, 0x00, 0x18, 0xff,
    0x00, 0x00, 0x18, 0xff, 0x00, 0x04, 0x20, 0xff, 0x00, 0x00, 0x18, 0xff,
    0x00, 0x00, 0x18, 0xff, 0x00, 0x04, 0x20, 0xff, 0x00, 0x00, 0x18, 0xff,
    0x00, 0x00, 0x18, 0xff, 0x00, 0x00, 0x18, 0xff, 0x00, 0x00, 0x18, 0xff,
    0x00, 0x00, 0x18, 0xff, 0x00, 0x00, 0x18, 0xff, 0x00, 0x00, 0x18, 0xff,
    0x90, 0x90, 0xa0, 0x71, 0x90, 0x98, 0xb0, 0x71, 0x00, 0x10, 0x48, 0xff,
    0x00, 0x10, 0x48, 0xff, 0x00, 0x10, 0x48, 0xff, 0x00, 0x10, 0x48, 0xff,
    0x00, 0x10, 0x48, 0xff, 0x00, 0x10, 0x48, 0xff, 0x00, 0x10, 0x48, 0xff,
    0x00, 0x10, 0x40, 0xff, 0x00, 0x10, 0x40, 0xff, 0x00, 0x10, 0x40, 0xff,
    0x00, 0x10, 0x48, 0xff, 0x00, 0x10, 0x40, 0xff, 0x00, 0x10, 0x40, 0xff,
    0x00, 0x10, 0x40, 0xff, 0x00, 0x10, 0x40, 0xff, 0x00, 0x0c, 0x40, 0xff,
    0x00, 0x10, 0x40, 0xff, 0x00, 0x0c, 0x40, 0xff, 0xf8, 0xfc, 0xf8, 0xff,
    0xf8, 0xfc, 0xf8, 0xff, 0xf8, 0xfc, 0xf8, 0xff, 0xf8, 0xfc, 0xf8, 0xff,
    0xf8, 0xfc, 0xf8, 0xff, 0xf8, 0xfc, 0xf8, 0xff, 0xf8, 0xfc, 0xf8, 0xff,
    0xf8, 0xfc, 0xf8, 0xff, 0xf8, 0xfc, 0xf8, 0xff, 0xf8, 0xfc, 0xf8, 0xff,
    0xe0, 0xe0, 0xe8, 0xff, 0xc0, 0xc4, 0xd0, 0xff, 0xf8, 0xfc, 0xf8, 0xff,
    0xf8, 0xfc, 0xf8, 0xff, 0xf8, 0xfc, 0xf8, 0xff, 0xf8, 0xfc, 0xf8, 0xff,
    0xf8, 0xfc, 0xf8, 0xff, 0xf8, 0xfc, 0xf8, 0xff, 0xf8, 0xfc, 0xf8, 0xff,
    0xf8, 0xfc, 0xf8, 0xff, 0xf8, 0xfc, 0xf8, 0xff, 0xf8, 0xfc, 0xf8, 0xff,
    0xc0, 0xc4, 0xc8, 0xff, 0x00, 0x0c, 0x38, 0xff, 0x00, 0x0c, 0x30, 0xff,
    0x00, 0x0c, 0x38, 0xff, 0x00, 0x08, 0x38, 0xff, 0x00, 0x08, 0x30, 0xff,
    0x00, 0x0c, 0x30, 0xff, 0x00, 0x08, 0x38, 0xff, 0x00, 0x0c, 0x30, 0xff,
    0x00, 0x08, 0x30, 0xff, 0x00, 0x08, 0x30, 0xff, 0x00, 0x08, 0x30, 0xff,
    0x00, 0x08, 0x38, 0xff, 0x00, 0x0c, 0x30, 0xff, 0x00, 0x08, 0x30, 0xff,
    0x00, 0x08, 0x30, 0xff, 0x00, 0x0c, 0x30, 0xff, 0x00, 0x08, 0x30, 0xff,
    0x00, 0x08, 0x30, 0xff, 0x00, 0x08, 0x30, 0xff, 0x00, 0x08, 0x30, 0xff,
    0x00, 0x08, 0x30, 0xff, 0x00, 0x08, 0x30, 0xff, 0x00, 0x08, 0x30, 0xff,
    0x00, 0x08, 0x28, 0xff, 0x00, 0x08, 0x30, 0xff, 0x00, 0x08, 0x30, 0xff,
    0x00, 0x08, 0x28, 0xff, 0x00, 0x08, 0x28, 0xff, 0x00, 0x04, 0x30, 0xff,
    0x00, 0x08, 0x28, 0xff, 0x00, 0x08, 0x28, 0xff, 0x00, 0x08, 0x30, 0xff,
    0x00, 0x04, 0x28, 0xff, 0x00, 0x04, 0x28, 0xff, 0x00, 0x08, 0x30, 0xff,
    0x00, 0x08, 0x28, 0xff, 0x00, 0x04, 0x28, 0xff, 0x00, 0x04, 0x28, 0xff,
    0x00, 0x08, 0x28, 0xff, 0x00, 0x04, 0x28, 0xff, 0x00, 0x04, 0x28, 0xff,
    0x00, 0x08, 0x28, 0xff, 0x00, 0x04, 0x28, 0xff, 0x00, 0x04, 0x28, 0xff,
    0x00, 0x08, 0x28, 0xff, 0x00, 0x04, 0x28, 0xff, 0x00, 0x04, 0x28, 0xff,
    0x00, 0x04, 0x20, 0xff, 0x00, 0x04, 0x28, 0xff, 0x00, 0x04, 0x28, 0xff,
    0x00, 0x08, 0x28, 0xff, 0x00, 0x04, 0x20, 0xff, 0x00, 0x04, 0x28, 0xff,
    0x00, 0x04, 0x20, 0xff, 0x00, 0x04, 0x20, 0xff, 0x00, 0x04, 0x28, 0xff,
    0x00, 0x04, 0x20, 0xff, 0x00, 0x04, 0x20, 0xff, 0x00, 0x04, 0x20, 0xff,
    0x00, 0x04, 0x28, 0xff, 0x00, 0x04, 0x20, 0xff, 0x00, 0x04, 0x28, 0xff,
    0x00, 0x04, 0x20, 0xff, 0x00, 0x04, 0x20, 0xff, 0x00, 0x04, 0x20, 0xff,
    0x00, 0x04, 0x20, 0xff, 0x00, 0x00, 0x20, 0xff, 0x00, 0x04, 0x20, 0xff,
    0x00, 0x04, 0x20, 0xff, 0x00, 0x00, 0x20, 0xff, 0x00, 0x04, 0x20, 0xff,
    0x00, 0x04, 0x20, 0xff, 0x00, 0x00, 0x20, 0xff, 0x00, 0x04, 0x20, 0xff,
    0x00, 0x04, 0x20, 0xff, 0x00, 0x00, 0x18, 0xff, 0x00, 0x04, 0x20, 0xff,
    0x00, 0x00, 0x20, 0xff, 0x00, 0x00, 0x18, 0xff, 0x00, 0x04, 0x20, 0xff,
    0x00, 0x00, 0x20, 0xff, 0x00, 0x04, 0x18, 0xff, 0x00, 0x04, 0x20, 0xff,
    0x00, 0x00, 0x18, 0xff, 0x00, 0x04, 0x20, 0xff, 0x00, 0x00, 0x20, 0xff,
    0x00, 0x00, 0x18, 0xff, 0x00, 0x00, 0x20, 0xff, 0x00, 0x04, 0x18, 0xff,
    0x00, 0x00, 0x18, 0xff, 0x00, 0x00, 0x18, 0xff, 0x00, 0x04, 0x20, 0xff,
    0x00, 0x00, 0x18, 0xff, 0x00, 0x00, 0x18, 0xff, 0x00, 0x00, 0x18, 0xff,
    0x00, 0x00, 0x20, 0xff, 0x00, 0x00, 0x18, 0xff, 0x00, 0x00, 0x18, 0xff,
    0x00, 0x04, 0x18, 0xff, 0x00, 0x00, 0x20, 0xff, 0x00, 0x04, 0x18, 0xff,
    0x00, 0x00, 0x18, 0xff, 0x00, 0x00, 0x20, 0xff, 0x00, 0x00, 0x18, 0xff,
    0x00, 0x00, 0x18, 0xff, 0x90, 0x94, 0xa0, 0x71, 0x90, 0x98, 0xb0, 0x71,
    0x00, 0x10, 0x48, 0xff, 0x00, 0x14, 0x48, 0xff, 0x00, 0x14, 0x48, 0xff,
    0x00, 0x10, 0x48, 0xff, 0x00, 0x10, 0x40, 0xff, 0x00, 0x10, 0x40, 0xff,
    0x00, 0x10, 0x48, 0xff, 0x00, 0x10, 0x48, 0xff, 0x00, 0x10, 0x40, 0xff,
    0x00, 0x10, 0x48, 0xff, 0x00, 0x10, 0x40, 0xff, 0x00, 0x10, 0x40, 0xff,
    0x00, 0x10, 0x48, 0xff, 0x00, 0x10, 0x40, 0xff, 0x00, 0x10, 0x40, 0xff,
    0x00, 0x10, 0x40, 0xff, 0x00, 0x0c, 0x40, 0xff, 0x00, 0x0c, 0x40, 0xff,
    0xf8, 0xfc, 0xf8, 0xff, 0xf8, 0xfc, 0xf8, 0xff, 0xf8, 0xfc, 0xf8, 0xff,
    0xf8, 0xfc, 0xf8, 0xff, 0xf8, 0xfc, 0xf8, 0xff, 0xf8, 0xfc, 0xf8, 0xff,
    0xf8, 0xfc, 0xf8, 0xff, 0xf8, 0xfc, 0xf8, 0xff, 0xf8, 0xfc, 0xf8, 0xff,
    0x70, 0x78, 0x90, 0xff, 0x00, 0x0c, 0x38, 0xff, 0x00, 0x0c, 0x38, 0xff,
    0x10, 0x1c, 0x48, 0xff, 0xa0, 0xa4, 0xb8, 0xff, 0xf8, 0xfc, 0xf8, 0xff,
    0xf8, 0xfc, 0xf8, 0xff, 0xf8, 0xfc, 0xf8, 0xff, 0xf8, 0xfc, 0xf8, 0xff,
    0xf8, 0xfc, 0xf8, 0xff, 0xf8, 0xfc, 0xf8, 0xff, 0xf8, 0xfc, 0xf8, 0xff,
    0xf8, 0xfc, 0xf8, 0xff, 0xc0, 0xc4, 0xd0, 0xff, 0x00, 0x08, 0x30, 0xff,
    0x00, 0x0c, 0x38, 0xff, 0x00, 0x08, 0x38, 0xff, 0x00, 0x0c, 0x30, 0xff,
    0x00, 0x0c, 0x30, 0xff, 0x00, 0x08, 0x38, 0xff, 0x00, 0x0c, 0x30, 0xff,
    0x00, 0x08, 0x38, 0xff, 0x00, 0x0c, 0x30, 0xff, 0x00, 0x08, 0x30, 0xff,
    0x00, 0x08, 0x38, 0xff, 0x00, 0x08, 0x30, 0xff, 0x00, 0x08, 0x30, 0xff,
    0x00, 0x08, 0x30, 0xff, 0x00, 0x08, 0x30, 0xff, 0x00, 0x08, 0x30, 0xff,
    0x00, 0x08, 0x30, 0xff, 0x00, 0x08, 0x30, 0xff, 0x00, 0x08, 0x30, 0xff,
    0x00, 0x08, 0x30, 0xff, 0x00, 0x08, 0x30, 0xff, 0x00, 0x08, 0x30, 0xff,
    0x00, 0x08, 0x28, 0xff, 0x00, 0x08, 0x28, 0xff, 0x00, 0x08, 0x30, 0xff,
    0x00, 0x08, 0x30, 0xff, 0x00, 0x08, 0x28, 0xff, 0x00, 0x08, 0x30, 0xff,
    0x00, 0x08, 0x28, 0xff, 0x00, 0x04, 0x28, 0xff, 0x00, 0x08, 0x30, 0xff,
    0x00, 0x08, 0x28, 0xff, 0x00, 0x04, 0x28, 0xff, 0x00, 0x04, 0x28, 0xff,
    0x00, 0x08, 0x28, 0xff, 0x00, 0x08, 0x28, 0xff, 0x00, 0x04, 0x28, 0xff,
    0x00, 0x08, 0x28, 0xff, 0x00, 0x08, 0x28, 0xff, 0x00, 0x04, 0x28, 0xff,
    0x00, 0x08, 0x28, 0xff, 0x00, 0x04, 0x28, 0xff, 0x00, 0x04, 0x28, 0xff,
    0x00, 0x04, 0x28, 0xff, 0x00, 0x04, 0x28, 0xff, 0x00, 0x04, 0x20, 0xff,
    0x00, 0x08, 0x20, 0xff, 0x00, 0x04, 0x28, 0xff, 0x00, 0x04, 0x20, 0xff,
    0x00, 0x04, 0x28, 0xff, 0x00, 0x04, 0x20, 0xff, 0x00, 0x04, 0x20, 0xff,
    0x00, 0x04, 0x28, 0xff, 0x00, 0x04, 0x20, 0xff, 0x00, 0x04, 0x20, 0xff,
    0x00, 0x04, 0x28, 0xff, 0x00, 0x04, 0x20, 0xff, 0x00, 0x04, 0x20, 0xff,
    0x00, 0x04, 0x28, 0xff, 0x00, 0x04, 0x20, 0xff, 0x00, 0x04, 0x20, 0xff,
    0x00, 0x04, 0x20, 0xff, 0x00, 0x04, 0x20, 0xff, 0x00, 0x00, 0x20, 0xff,
    0x00, 0x04, 0x20, 0xff, 0x00, 0x04, 0x20, 0xff, 0x00, 0x04, 0x20, 0xff,
    0x00, 0x00, 0x20, 0xff, 0x00, 0x04, 0x20, 0xff, 0x00, 0x04, 0x20, 0xff,
    0x00, 0x04, 0x20, 0xff, 0x00, 0x00, 0x20, 0xff, 0x00, 0x00, 0x20, 0xff,
    0x00, 0x04, 0x20, 0xff, 0x00, 0x00, 0x20, 0xff, 0x00, 0x04, 0x18, 0xff,
    0x00, 0x04, 0x20, 0xff, 0x00, 0x00, 0x18, 0xff, 0x00, 0x04, 0x18, 0xff,
    0x00, 0x00, 0x20, 0xff, 0x00, 0x00, 0x18, 0xff, 0x00, 0x04, 0x20, 0xff,
    0x00, 0x00, 0x18, 0xff, 0x00, 0x04, 0x18, 0xff, 0x00, 0x00, 0x20, 0xff,
    0x00, 0x00, 0x18, 0xff, 0x00, 0x00, 0x20, 0xff, 0x00, 0x00, 0x18, 0xff,
    0x00, 0x00, 0x20, 0xff, 0x00, 0x00, 0x18, 0xff, 0x00, 0x00, 0x20, 0xff,
    0x00, 0x04, 0x18, 0xff, 0x00, 0x00, 0x18, 0xff, 0x00, 0x00, 0x18, 0xff,
    0x00, 0x04, 0x20, 0xff, 0x00, 0x00, 0x18, 0xff, 0x00, 0x00, 0x18, 0xff,
    0x00, 0x04, 0x18, 0xff, 0x00, 0x00, 0x20, 0xff, 0x00, 0x00, 0x18, 0xff,
    0x00, 0x00, 0x18, 0xff, 0x00, 0x00, 0x18, 0xff, 0x00, 0x00, 0x18, 0xff,
    0x00, 0x00, 0x18, 0xff, 0x00, 0x00, 0x18, 0xff, 0x90, 0x94, 0xa0, 0x71,
    0x90, 0x98, 0xb0, 0x71, 0x00, 0x10, 0x48, 0xff, 0x00, 0x10, 0x48, 0xff,
    0x00, 0x10, 0x48, 0xff, 0x00, 0x10, 0x48, 0xff, 0x00, 0x10, 0x40, 0xff,
    0x00, 0x10, 0x40, 0xff, 0x00, 0x10, 0x48, 0xff, 0x00, 0x10, 0x40, 0xff,
    0x00, 0x10, 0x40, 0xff, 0x00, 0x10, 0x40, 0xff, 0x00, 0x10, 0x40, 0xff,
    0x00, 0x10, 0x40, 0xff, 0x00, 0x0c, 0x40, 0xff, 0x00, 0x10, 0x40, 0xff,
    0x00, 0x10, 0x40, 0xff, 0x00, 0x0c, 0x40, 0xff, 0x00, 0x10, 0x40, 0xff,
    0x00, 0x10, 0x40, 0xff, 0xf8, 0xfc, 0xf8, 0xff, 0xf8, 0xfc, 0xf8, 0xff,
    0xf8, 0xfc, 0xf8, 0xff, 0xf8, 0xfc, 0xf8, 0xff, 0xf8, 0xfc, 0xf8, 0xff,
    0xf8, 0xfc, 0xf8, 0xff, 0xf8, 0xfc, 0xf8, 0xff, 0xf8, 0xfc, 0xf8, 0xff,
    0x80, 0x84, 0xa0, 0xff, 0x00, 0x0c, 0x38, 0xff, 0x00, 0x0c, 0x38, 0xff,
    0x00, 0x0c, 0x38, 0xff, 0x00, 0x0c, 0x38, 0xff, 0x00, 0x0c, 0x38, 0xff,
    0xc0, 0xc4, 0xd0, 0xff, 0xf8, 0xfc, 0xf8, 0xff, 0xf8, 0xfc, 0xf8, 0xff,
    0xf8, 0xfc, 0xf8, 0xff, 0xf8, 0xfc, 0xf8, 0xff, 0xf8, 0xfc, 0xf8, 0xff,
    0xf8, 0xfc, 0xf8, 0xff, 0xf8, 0xfc, 0xf8, 0xff, 0xc0, 0xc4, 0xd0, 0xff,
    0x00, 0x08, 0x38, 0xff, 0x00, 0x08, 0x30, 0xff, 0x00, 0x0c, 0x30, 0xff,
    0x00, 0x08, 0x38, 0xff, 0x00, 0x08, 0x30, 0xff, 0x00, 0x0c, 0x30, 0xff,
    0x00, 0x08, 0x38, 0xff, 0x00, 0x0c, 0x30, 0xff, 0x00, 0x08, 0x30, 0xff,
    0x00, 0x08, 0x30, 0xff, 0x00, 0x0c, 0x30, 0xff, 0x00, 0x0c, 0x30, 0xff,
    0x00, 0x08, 0x30, 0xff, 0x00, 0x0c, 0x30, 0xff, 0x00, 0x08, 0x30, 0xff,
    0x00, 0x08, 0x30, 0xff, 0x00, 0x08, 0x30, 0xff, 0x00, 0x08, 0x30, 0xff,
    0x00, 0x08, 0x30, 0xff, 0x00, 0x08, 0x30, 0xff, 0x00, 0x08, 0x28, 0xff,
    0x00, 0x08, 0x30, 0xff, 0x00, 0x08, 0x30, 0xff, 0x00, 0x08, 0x28, 0xff,
    0x00, 0x08, 0x28, 0xff, 0x00, 0x08, 0x30, 0xff, 0x00, 0x04, 0x28, 0xff,
    0x00, 0x08, 0x28, 0xff, 0x00, 0x08, 0x30, 0xff, 0x00, 0x08, 0x28, 0xff,
    0x00, 0x08, 0x28, 0xff, 0x00, 0x04, 0x28, 0xff, 0x00, 0x08, 0x28, 0xff,
    0x00, 0x08, 0x28, 0xff, 0x00, 0x04, 0x28, 0xff, 0x00, 0x04, 0x28, 0xff,
    0x00, 0x08, 0x28, 0xff, 0x00, 0x04, 0x28, 0xff, 0x00, 0x04, 0x28, 0xff,
    0x00, 0x08, 0x28, 0xff, 0x00, 0x04, 0x28, 0xff, 0x00, 0x04, 0x28, 0xff,
    0x00, 0x04, 0x28, 0xff, 0x00, 0x08, 0x28, 0xff, 0x00, 0x04, 0x28, 0xff,
    0x00, 0x04, 0x20, 0xff, 0x00, 0x04, 0x28, 0xff, 0x00, 0x08, 0x28, 0xff,
    0x00, 0x04, 0x28, 0xff, 0x00, 0x04, 0x20, 0xff, 0x00, 0x04, 0x20, 0xff,
    0x00, 0x04, 0x28, 0xff, 0x00, 0x04, 0x20, 0xff, 0x00, 0x04, 0x28, 0xff,
    0x00, 0x04, 0x20, 0xff, 0x00, 0x04, 0x20, 0xff, 0x00, 0x04, 0x20, 0xff,
    0x00, 0x04, 0x28, 0xff, 0x00, 0x04, 0x20, 0xff, 0x00, 0x04, 0x20, 0xff,
    0x00, 0x04, 0x20, 0xff, 0x00, 0x04, 0x20, 0xff, 0x00, 0x04, 0x20, 0xff,
    0x00, 0x00, 0x20, 0xff, 0x00, 0x04, 0x20, 0xff, 0x00, 0x04, 0x20, 0xff,
    0x00, 0x04, 0x20, 0xff, 0x00, 0x04, 0x20, 0xff, 0x00, 0x00, 0x20, 0xff,
    0x00, 0x04, 0x20, 0xff, 0x00, 0x00, 0x20, 0xff, 0x00, 0x04, 0x20, 0xff,
    0x00, 0x04, 0x20, 0xff, 0x00, 0x00, 0x18, 0xff, 0x00, 0x00, 0x20, 0xff,
    0x00, 0x04, 0x20, 0xff, 0x00, 0x00, 0x20, 0xff, 0x00, 0x04, 0x20, 0xff,
    0x00, 0x04, 0x20, 0xff, 0x00, 0x00, 0x18, 0xff, 0x00, 0x04, 0x20, 0xff,
    0x00, 0x00, 0x20, 0xff, 0x00, 0x00, 0x18, 0xff, 0x00, 0x00, 0x20, 0xff,
    0x00, 0x00, 0x18, 0xff, 0x00, 0x04, 0x20, 0xff, 0x00, 0x04, 0x18, 0xff,
    0x00, 0x00, 0x18, 0xff, 0x00, 0x04, 0x18, 0xff, 0x00, 0x00, 0x20, 0xff,
    0x00, 0x00, 0x18, 0xff, 0x00, 0x00, 0x18, 0xff, 0x00, 0x00, 0x20, 0xff,
    0x00, 0x04, 0x18, 0xff, 0x00, 0x00, 0x18, 0xff, 0x00, 0x00, 0x18, 0xff,
    0x00, 0x04, 0x18, 0xff, 0x00, 0x00, 0x20, 0xff, 0x00, 0x00, 0x18, 0xff,
    0x00, 0x00, 0x18, 0xff, 0x00, 0x00, 0x18, 0xff, 0x00, 0x00, 0x18, 0xff,
    0x00, 0x00, 0x18, 0xff, 0x00, 0x00, 0x18, 0xff, 0x00, 0x00, 0x18, 0xff,
    0x90, 0x90, 0xa0, 0x71, 0x90, 0x98, 0xb0, 0x71, 0x00, 0x10, 0x48, 0xff,
    0x00, 0x10, 0x48, 0xff, 0x00, 0x10, 0x40, 0xff, 0x00, 0x10, 0x48, 0xff,
    0x00, 0x10, 0x48, 0xff, 0x00, 0x10, 0x40, 0xff, 0x00, 0x10, 0x40, 0xff,
    0x00, 0x10, 0x48, 0xff, 0x00, 0x10, 0x40, 0xff, 0x00, 0x10, 0x40, 0xff,
    0x00, 0x10, 0x48, 0xff, 0x00, 0x10, 0x40, 0xff, 0x00, 0x10, 0x40, 0xff,
    0x00, 0x0c, 0x40, 0xff, 0x00, 0x0c, 0x40, 0xff, 0x00, 0x0c, 0x40, 0xff,
    0x00, 0x10, 0x40, 0xff, 0x00, 0x0c, 0x40, 0xff, 0xf8, 0xfc, 0xf8, 0xff,
    0xf8, 0xfc, 0xf8, 0xff, 0xf8, 0xfc, 0xf8, 0xff, 0xf8, 0xfc, 0xf8, 0xff,
    0xf8, 0xfc, 0xf8, 0xff, 0xf8, 0xfc, 0xf8, 0xff, 0xf8, 0xfc, 0xf8, 0xff,
    0xf8, 0xfc, 0xf8, 0xff, 0x10, 0x1c, 0x48, 0xff, 0x00, 0x0c, 0x38, 0xff,
    0x00, 0x0c, 0x38, 0xff, 0x00, 0x0c, 0x38, 0xff, 0x00, 0x0c, 0x38, 0xff,
    0x00, 0x0c, 0x38, 0xff, 0x50, 0x58, 0x78, 0xff, 0xf8, 0xfc, 0xf8, 0xff,
    0xf8, 0xfc, 0xf8, 0xff, 0xf8, 0xfc, 0xf8, 0xff, 0xf8, 0xfc, 0xf8, 0xff,
    0xf8, 0xfc, 0xf8, 0xff, 0xf8, 0xfc, 0xf8, 0xff, 0xf8, 0xfc, 0xf8, 0xff,
    0xc0, 0xc4, 0xc8, 0xff, 0x00, 0x08, 0x38, 0xff, 0x00, 0x0c, 0x30, 0xff,
    0x00, 0x0c, 0x38, 0xff, 0x00, 0x08, 0x30, 0xff, 0x00, 0x0c, 0x30, 0xff,
    0x00, 0x0c, 0x38, 0xff, 0x00, 0x08, 0x30, 0xff, 0x00, 0x08, 0x30, 0xff,
    0x00, 0x08, 0x30, 0xff, 0x00, 0x08, 0x30, 0xff, 0x00, 0x08, 0x30, 0xff,
    0x00, 0x08, 0x30, 0xff, 0x00, 0x08, 0x30, 0xff, 0x00, 0x08, 0x30, 0xff,
    0x00, 0x08, 0x30, 0xff, 0x00, 0x08, 0x30, 0xff, 0x00, 0x08, 0x30, 0xff,
    0x00, 0x08, 0x30, 0xff, 0x00, 0x08, 0x30, 0xff, 0x00, 0x08, 0x30, 0xff,
    0x00, 0x08, 0x28, 0xff, 0x00, 0x08, 0x30, 0xff, 0x00, 0x08, 0x28, 0xff,
    0x00, 0x08, 0x30, 0xff, 0x00, 0x08, 0x30, 0xff, 0x00, 0x08, 0x28, 0xff,
    0x00, 0x04, 0x28, 0xff, 0x00, 0x08, 0x30, 0xff, 0x00, 0x08, 0x28, 0xff,
    0x00, 0x04, 0x28, 0xff, 0x00, 0x04, 0x28, 0xff, 0x00, 0x04, 0x28, 0xff,
    0x00, 0x08, 0x30, 0xff, 0x00, 0x04, 0x28, 0xff, 0x00, 0x04, 0x28, 0xff,
    0x00, 0x08, 0x28, 0xff, 0x00, 0x08, 0x28, 0xff, 0x00, 0x04, 0x28, 0xff,
    0x00, 0x08, 0x28, 0xff, 0x00, 0x04, 0x28, 0xff, 0x00, 0x04, 0x28, 0xff,
    0x00, 0x04, 0x28, 0xff, 0x00, 0x08, 0x28, 0xff, 0x00, 0x04, 0x28, 0xff,
    0x00, 0x04, 0x20, 0xff, 0x00, 0x08, 0x28, 0xff, 0x00, 0x04, 0x28, 0xff,
    0x00, 0x04, 0x20, 0xff, 0x00, 0x04, 0x20, 0xff, 0x00, 0x04, 0x28, 0xff,
    0x00, 0x04, 0x28, 0xff, 0x00, 0x04, 0x20, 0xff, 0x00, 0x04, 0x20, 0xff,
    0x00, 0x04, 0x28, 0xff, 0x00, 0x04, 0x28, 0xff, 0x00, 0x04, 0x20, 0xff,
    0x00, 0x04, 0x20, 0xff, 0x00, 0x04, 0x20, 0xff, 0x00, 0x04, 0x20, 0xff,
    0x00, 0x04, 0x20, 0xff, 0x00, 0x04, 0x20, 0xff, 0x00, 0x00, 0x28, 0xff,
    0x00, 0x04, 0x20, 0xff, 0x00, 0x04, 0x20, 0xff, 0x00, 0x00, 0x20, 0xff,
    0x00, 0x04, 0x20, 0xff, 0x00, 0x04, 0x20, 0xff, 0x00, 0x00, 0x20, 0xff,
    0x00, 0x04, 0x20, 0xff, 0x00, 0x00, 0x20, 0xff, 0x00, 0x00, 0x20, 0xff,
    0x00, 0x04, 0x20, 0xff, 0x00, 0x00, 0x20, 0xff, 0x00, 0x04, 0x20, 0xff,
    0x00, 0x04, 0x18, 0xff, 0x00, 0x00, 0x20, 0xff, 0x00, 0x00, 0x18, 0xff,
    0x00, 0x04, 0x20, 0xff, 0x00, 0x00, 0x20, 0xff, 0x00, 0x04, 0x18, 0xff,
    0x00, 0x04, 0x18, 0xff, 0x00, 0x00, 0x20, 0xff, 0x00, 0x00, 0x18, 0xff,
    0x00, 0x00, 0x20, 0xff, 0x00, 0x00, 0x20, 0xff, 0x00, 0x00, 0x18, 0xff,
    0x00, 0x00, 0x18, 0xff, 0x00, 0x00, 0x20, 0xff, 0x00, 0x04, 0x18, 0xff,
    0x00, 0x00, 0x18, 0xff, 0x00, 0x04, 0x18, 0xff, 0x00, 0x00, 0x18, 0xff,
    0x00, 0x00, 0x20, 0xff, 0x00, 0x04, 0x18, 0xff, 0x00, 0x00, 0x18, 0xff,
    0x00, 0x00, 0x20, 0xff, 0x00, 0x00, 0x18, 0xff, 0x00, 0x00, 0x18, 0xff,
    0x00, 0x00, 0x18, 0xff, 0x00, 0x00, 0x18, 0xff, 0x00, 0x00, 0x18, 0xff,
    0x00, 0x00, 0x18, 0xff, 0x00, 0x00, 0x20, 0xff, 0x00, 0x00, 0x18, 0xff,
    0x00, 0x00, 0x18, 0xff, 0x90, 0x94, 0xa0, 0x71, 0x90, 0x98, 0xb0, 0x6d,
    0x00, 0x14, 0x48, 0xff, 0x00, 0x10, 0x40, 0xff, 0x00, 0x10, 0x48, 0xff,
    0x00, 0x10, 0x40, 0xff, 0x00, 0x10, 0x48, 0xff, 0x00, 0x10, 0x40, 0xff,
    0x00, 0x10, 0x40, 0xff, 0x00, 0x10, 0x40, 0xff, 0x00, 0x10, 0x48, 0xff,
    0x00, 0x10, 0x40, 0xff, 0x00, 0x10, 0x40, 0xff, 0x00, 0x10, 0x40, 0xff,
    0x00, 0x10, 0x40, 0xff, 0x00, 0x0c, 0x40, 0xff, 0x00, 0x10, 0x40, 0xff,
    0x00, 0x10, 0x40, 0xff, 0x00, 0x0c, 0x40, 0xff, 0x00, 0x0c, 0x40, 0xff,
    0xf8, 0xfc, 0xf8, 0xff, 0xf8, 0xfc, 0xf8, 0xff, 0xf8, 0xfc, 0xf8, 0xff,
    0xf8, 0xfc, 0xf8, 0xff, 0xf8, 0xfc, 0xf8, 0xff, 0xf8, 0xfc, 0xf8, 0xff,
    0xf8, 0xfc, 0xf8, 0xff, 0xf8, 0xfc, 0xf8, 0xff, 0x00, 0x0c, 0x38, 0xff,
    0x00, 0x0c, 0x40, 0xff, 0x00, 0x0c, 0x38, 0xff, 0x00, 0x0c, 0x38, 0xff,
    0x00, 0x0c, 0x38, 0xff, 0x00, 0x0c, 0x38, 0xff, 0x40, 0x48, 0x68, 0xff,
    0xf8, 0xfc, 0xf8, 0xff, 0xf8, 0xfc, 0xf8, 0xff, 0xf8, 0xfc, 0xf8, 0xff,
    0xf8, 0xfc, 0xf8, 0xff, 0xf8, 0xfc, 0xf8, 0xff, 0xf8, 0xfc, 0xf8, 0xff,
    0xf8, 0xfc, 0xf8, 0xff, 0xc0, 0xc0, 0xd0, 0xff, 0x00, 0x0c, 0x30, 0xff,
    0x00, 0x08, 0x38, 0xff, 0x00, 0x08, 0x30, 0xff, 0x00, 0x0c, 0x30, 0xff,
    0x00, 0x08, 0x38, 0xff, 0x00, 0x0c, 0x30, 0xff, 0x00, 0x08, 0x30, 0xff,
    0x00, 0x08, 0x38, 0xff, 0x00, 0x0c, 0x30, 0xff, 0x00, 0x08, 0x30, 0xff,
    0x00, 0x08, 0x30, 0xff, 0x00, 0x0c, 0x30, 0xff, 0x00, 0x08, 0x30, 0xff,
    0x00, 0x08, 0x30, 0xff, 0x00, 0x08, 0x30, 0xff, 0x00, 0x08, 0x30, 0xff,
    0x00, 0x08, 0x30, 0xff, 0x00, 0x08, 0x30, 0xff, 0x00, 0x08, 0x30, 0xff,
    0x00, 0x08, 0x28, 0xff, 0x00, 0x08, 0x30, 0xff, 0x00, 0x08, 0x28, 0xff,
    0x00, 0x08, 0x28, 0xff, 0x00, 0x08, 0x30, 0xff, 0x00, 0x08, 0x30, 0xff,
    0x00, 0x04, 0x28, 0xff, 0x00, 0x08, 0x28, 0xff, 0x00, 0x08, 0x30, 0xff,
    0x00, 0x08, 0x28, 0xff, 0x00, 0x04, 0x28, 0xff, 0x00, 0x08, 0x28, 0xff,
    0x00, 0x08, 0x28, 0xff, 0x00, 0x04, 0x28, 0xff, 0x00, 0x08, 0x28, 0xff,
    0x00, 0x08, 0x28, 0xff, 0x00, 0x04, 0x28, 0xff, 0x00, 0x04, 0x28, 0xff,
    0x00, 0x08, 0x28, 0xff, 0x00, 0x04, 0x28, 0xff, 0x00, 0x04, 0x28, 0xff,
    0x00, 0x04, 0x28, 0xff, 0x00, 0x08, 0x28, 0xff, 0x00, 0x04, 0x28, 0xff,
    0x00, 0x04, 0x20, 0xff, 0x00, 0x04, 0x28, 0xff, 0x00, 0x04, 0x28, 0xff,
    0x00, 0x08, 0x20, 0xff, 0x00, 0x04, 0x20, 0xff, 0x00, 0x04, 0x28, 0xff,
    0x00, 0x04, 0x28, 0xff, 0x00, 0x04, 0x20, 0xff, 0x00, 0x04, 0x20, 0xff,
    0x00, 0x04, 0x20, 0xff, 0x00, 0x04, 0x20, 0xff, 0x00, 0x04, 0x20, 0xff,
    0x00, 0x04, 0x20, 0xff, 0x00, 0x04, 0x28, 0xff, 0x00, 0x04, 0x20, 0xff,
    0x00, 0x04, 0x20, 0xff, 0x00, 0x04, 0x20, 0xff, 0x00, 0x04, 0x20, 0xff,
    0x00, 0x04, 0x20, 0xff, 0x00, 0x04, 0x20, 0xff, 0x00, 0x04, 0x20, 0xff,
    0x00, 0x04, 0x20, 0xff, 0x00, 0x00, 0x20, 0xff, 0x00, 0x04, 0x20, 0xff,
    0x00, 0x04, 0x20, 0xff, 0x00, 0x00, 0x20, 0xff, 0x00, 0x04, 0x20, 0xff,
    0x00, 0x04, 0x20, 0xff, 0x00, 0x00, 0x18, 0xff, 0x00, 0x00, 0x20, 0xff,
    0x00, 0x04, 0x20, 0xff, 0x00, 0x00, 0x18, 0xff, 0x00, 0x04, 0x20, 0xff,
    0x00, 0x04, 0x18, 0xff, 0x00, 0x00, 0x18, 0xff, 0x00, 0x00, 0x20, 0xff,
    0x00, 0x04, 0x18, 0xff, 0x00, 0x00, 0x20, 0xff, 0x00, 0x00, 0x18, 0xff,
    0x00, 0x04, 0x18, 0xff, 0x00, 0x00, 0x20, 0xff, 0x00, 0x04, 0x18, 0xff,
    0x00, 0x00, 0x18, 0xff, 0x00, 0x00, 0x20, 0xff, 0x00, 0x00, 0x18, 0xff,
    0x00, 0x00, 0x20, 0xff, 0x00, 0x00, 0x18, 0xff, 0x00, 0x00, 0x18, 0xff,
    0x00, 0x04, 0x20, 0xff, 0x00, 0x00, 0x18, 0xff, 0x00, 0x00, 0x18, 0xff,
    0x00, 0x00, 0x18, 0xff, 0x00, 0x04, 0x20, 0xff, 0x00, 0x00, 0x18, 0xff,
    0x00, 0x00, 0x18, 0xff, 0x00, 0x00, 0x18, 0xff, 0x00, 0x00, 0x18, 0xff,
    0x00, 0x00, 0x18, 0xff, 0x00, 0x00, 0x18, 0xff, 0x00, 0x00, 0x18, 0xff,
    0x00, 0x00, 0x18, 0xff, 0x00, 0x00, 0x18, 0xff, 0x90, 0x90, 0xa0, 0x71,
    0x90, 0x98, 0xb0, 0x71, 0x00, 0x10, 0x40, 0xff, 0x00, 0x10, 0x48, 0xff,
    0x00, 0x10, 0x40, 0xff, 0x00, 0x10, 0x40, 0xff, 0x00, 0x10, 0x40, 0xff,
    0x00, 0x10, 0x48, 0xff, 0x00, 0x10, 0x40, 0xff, 0x00, 0x10, 0x40, 0xff,
    0x00, 0x10, 0x40, 0xff, 0x00, 0x10, 0x40, 0xff, 0x00, 0x0c, 0x40, 0xff,
    0x00, 0x10, 0x40, 0xff, 0x00, 0x0c, 0x40, 0xff, 0x00, 0x0c, 0x40, 0xff,
    0x00, 0x10, 0x40, 0xff, 0x00, 0x10, 0x40, 0xff, 0x00, 0x0c, 0x40, 0xff,
    0x00, 0x10, 0x40, 0xff, 0xf8, 0xfc, 0xf8, 0xff, 0xf8, 0xfc, 0xf8, 0xff,
    0xf8, 0xfc, 0xf8, 0xff, 0xf8, 0xfc, 0xf8, 0xff, 0xf8, 0xfc, 0xf8, 0xff,
    0xf8, 0xfc, 0xf8, 0xff, 0xf8, 0xfc, 0xf8, 0xff, 0xf8, 0xfc, 0xf8, 0xff,
    0x60, 0x68, 0x88, 0xff, 0x00, 0x0c, 0x38, 0xff, 0x00, 0x0c, 0x38, 0xff,
    0x00, 0x0c, 0x38, 0xff, 0x00, 0x0c, 0x38, 0xff, 0x00, 0x0c, 0x38, 0xff,
    0xa0, 0xa4, 0xb8, 0xff, 0xf8, 0xfc, 0xf8, 0xff, 0xf8, 0xfc, 0xf8, 0xff,
    0xf8, 0xfc, 0xf8, 0xff, 0xf8, 0xfc, 0xf8, 0xff, 0xf8, 0xfc, 0xf8, 0xff,
    0xf8, 0xfc, 0xf8, 0xff, 0xf8, 0xfc, 0xf8, 0xff, 0xc0, 0xc4, 0xd0, 0xff,
    0x00, 0x08, 0x30, 0xff, 0x00, 0x0c, 0x30, 0xff, 0x00, 0x0c, 0x38, 0xff,
    0x00, 0x08, 0x30, 0xff, 0x00, 0x08, 0x30, 0xff, 0x00, 0x08, 0x30, 0xff,
    0x00, 0x08, 0x30, 0xff, 0x00, 0x08, 0x30, 0xff, 0x00, 0x0c, 0x30, 0xff,
    0x00, 0x08, 0x30, 0xff, 0x00, 0x08, 0x30, 0xff, 0x00, 0x0c, 0x30, 0xff,
    0x00, 0x08, 0x30, 0xff, 0x00, 0x08, 0x30, 0xff, 0x00, 0x08, 0x30, 0xff,
    0x00, 0x08, 0x30, 0xff, 0x00, 0x08, 0x30, 0xff, 0x00, 0x08, 0x28, 0xff,
    0x00, 0x08, 0x28, 0xff, 0x00, 0x08, 0x30, 0xff, 0x00, 0x08, 0x30, 0xff,
    0x00, 0x08, 0x28, 0xff, 0x00, 0x08, 0x30, 0xff, 0x00, 0x04, 0x28, 0xff,
    0x00, 0x08, 0x28, 0xff, 0x00, 0x08, 0x28, 0xff, 0x00, 0x08, 0x30, 0xff,
    0x00, 0x08, 0x28, 0xff, 0x00, 0x04, 0x28, 0xff, 0x00, 0x04, 0x28, 0xff,
    0x00, 0x08, 0x30, 0xff, 0x00, 0x04, 0x28, 0xff, 0x00, 0x04, 0x28, 0xff,
    0x00, 0x08, 0x28, 0xff, 0x00, 0x08, 0x28, 0xff, 0x00, 0x04, 0x28, 0xff,
    0x00, 0x08, 0x28, 0xff, 0x00, 0x04, 0x28, 0xff, 0x00, 0x04, 0x28, 0xff,
    0x00, 0x04, 0x28, 0xff, 0x00, 0x08, 0x28, 0xff, 0x00, 0x04, 0x20, 0xff,
    0x00, 0x04, 0x20, 0xff, 0x00, 0x08, 0x28, 0xff, 0x00, 0x04, 0x20, 0xff,
    0x00, 0x04, 0x28, 0xff, 0x00, 0x04, 0x20, 0xff, 0x00, 0x04, 0x28, 0xff,
    0x00, 0x04, 0x28, 0xff, 0x00, 0x04, 0x20, 0xff, 0x00, 0x04, 0x20, 0xff,
    0x00, 0x04, 0x28, 0xff, 0x00, 0x04, 0x28, 0xff, 0x00, 0x04, 0x20, 0xff,
    0x00, 0x04, 0x20, 0xff, 0x00, 0x04, 0x20, 0xff, 0x00, 0x04, 0x28, 0xff,
    0x00, 0x04, 0x20, 0xff, 0x00, 0x04, 0x20, 0xff, 0x00, 0x00, 0x20, 0xff,
    0x00, 0x04, 0x20, 0xff, 0x00, 0x04, 0x20, 0xff, 0x00, 0x00, 0x20, 0xff,
    0x00, 0x04, 0x20, 0xff, 0x00, 0x04, 0x20, 0xff, 0x00, 0x04, 0x20, 0xff,
    0x00, 0x04, 0x20, 0xff, 0x00, 0x00, 0x20, 0xff, 0x00, 0x00, 0x20, 0xff,
    0x00, 0x04, 0x20, 0xff, 0x00, 0x04, 0x20, 0xff, 0x00, 0x00, 0x18, 0xff,
    0x00, 0x04, 0x20, 0xff, 0x00, 0x00, 0x18, 0xff, 0x00, 0x00, 0x20, 0xff,
    0x00, 0x04, 0x20, 0xff, 0x00, 0x00, 0x20, 0xff, 0x00, 0x04, 0x20, 0xff,
    0x00, 0x00, 0x18, 0xff, 0x00, 0x00, 0x20, 0xff, 0x00, 0x00, 0x20, 0xff,
    0x00, 0x00, 0x18, 0xff, 0x00, 0x00, 0x20, 0xff, 0x00, 0x00, 0x18, 0xff,
    0x00, 0x00, 0x18, 0xff, 0x00, 0x04, 0x20, 0xff, 0x00, 0x00, 0x18, 0xff,
    0x00, 0x04, 0x18, 0xff, 0x00, 0x00, 0x18, 0xff, 0x00, 0x00, 0x20, 0xff,
    0x00, 0x00, 0x18, 0xff, 0x00, 0x00, 0x18, 0xff, 0x00, 0x04, 0x18, 0xff,
    0x00, 0x00, 0x18, 0xff, 0x00, 0x00, 0x20, 0xff, 0x00, 0x00, 0x18, 0xff,
    0x00, 0x00, 0x18, 0xff, 0x00, 0x00, 0x18, 0xff, 0x00, 0x00, 0x18, 0xff,
    0x00, 0x00, 0x18, 0xff, 0x00, 0x00, 0x20, 0xff, 0x00, 0x00, 0x18, 0xff,
    0x00, 0x00, 0x18, 0xff, 0x00, 0x00, 0x18, 0xff, 0x00, 0x00, 0x18, 0xff,
    0x90, 0x94, 0x98, 0x71, 0x90, 0x98, 0xb0, 0x71, 0x00, 0x10, 0x48, 0xff,
    0x00, 0x10, 0x40, 0xff, 0x00, 0x10, 0x48, 0xff, 0x00, 0x10, 0x40, 0xff,
    0x00, 0x10, 0x48, 0xff, 0x00, 0x10, 0x48, 0xff, 0x00, 0x10, 0x40, 0xff,
    0x00, 0x10, 0x40, 0xff, 0x00, 0x10, 0x40, 0xff, 0x00, 0x0c, 0x40, 0xff,
    0x00, 0x10, 0x40, 0xff, 0x00, 0x0c, 0x40, 0xff, 0x00, 0x0c, 0x40, 0xff,
    0x00, 0x10, 0x40, 0xff, 0x00, 0x0c, 0x40, 0xff, 0x00, 0x0c, 0x40, 0xff,
    0x00, 0x10, 0x40, 0xff, 0x00, 0x10, 0x40, 0xff, 0xf8, 0xfc, 0xf8, 0xff,
    0xf8, 0xfc, 0xf8, 0xff, 0xf8, 0xfc, 0xf8, 0xff, 0xf8, 0xfc, 0xf8, 0xff,
    0xf8, 0xfc, 0xf8, 0xff, 0xf8, 0xfc, 0xf8, 0xff, 0xf8, 0xfc, 0xf8, 0xff,
    0xf8, 0xfc, 0xf8, 0xff, 0xf0, 0xf0, 0xf0, 0xff, 0x30, 0x38, 0x60, 0xff,
    0x00, 0x0c, 0x38, 0xff, 0x00, 0x0c, 0x38, 0xff, 0x00, 0x0c, 0x38, 0xff,
    0x60, 0x68, 0x80, 0xff, 0xf8, 0xfc, 0xf8, 0xff, 0xf8, 0xfc, 0xf8, 0xff,
    0xf8, 0xfc, 0xf8, 0xff, 0xf8, 0xfc, 0xf8, 0xff, 0xf8, 0xfc, 0xf8, 0xff,
    0xf8, 0xfc, 0xf8, 0xff, 0xf8, 0xfc, 0xf8, 0xff, 0xf8, 0xfc, 0xf8, 0xff,
    0xc0, 0xc0, 0xd0, 0xff, 0x00, 0x0c, 0x30, 0xff, 0x00, 0x08, 0x30, 0xff,
    0x00, 0x0c, 0x38, 0xff, 0x00, 0x0c, 0x30, 0xff, 0x00, 0x08, 0x30, 0xff,
    0x00, 0x08, 0x38, 0xff, 0x00, 0x0c, 0x30, 0xff, 0x00, 0x08, 0x30, 0xff,
    0x00, 0x08, 0x30, 0xff, 0x00, 0x08, 0x30, 0xff, 0x00, 0x08, 0x30, 0xff,
    0x00, 0x08, 0x30, 0xff, 0x00, 0x08, 0x30, 0xff, 0x00, 0x08, 0x30, 0xff,
    0x00, 0x08, 0x30, 0xff, 0x00, 0x08, 0x30, 0xff, 0x00, 0x08, 0x30, 0xff,
    0x00, 0x08, 0x28, 0xff, 0x00, 0x08, 0x30, 0xff, 0x00, 0x08, 0x30, 0xff,
    0x00, 0x08, 0x28, 0xff, 0x00, 0x08, 0x30, 0xff, 0x00, 0x08, 0x30, 0xff,
    0x20, 0x28, 0x48, 0xff, 0x20, 0x28, 0x48, 0xff, 0x20, 0x28, 0x48, 0xff,
    0x20, 0x28, 0x48, 0xff, 0x00, 0x04, 0x28, 0xff, 0x00, 0x04, 0x28, 0xff,
    0x00, 0x08, 0x28, 0xff, 0x00, 0x08, 0x28, 0xff, 0x00, 0x04, 0x28, 0xff,
    0x00, 0x04, 0x28, 0xff, 0x00, 0x08, 0x28, 0xff, 0x00, 0x04, 0x28, 0xff,
    0x00, 0x04, 0x28, 0xff, 0x00, 0x04, 0x28, 0xff, 0x00, 0x04, 0x28, 0xff,
    0x00, 0x04, 0x28, 0xff, 0x00, 0x08, 0x28, 0xff, 0x00, 0x04, 0x28, 0xff,
    0x00, 0x04, 0x20, 0xff, 0x00, 0x04, 0x28, 0xff, 0x00, 0x04, 0x28, 0xff,
    0x00, 0x08, 0x28, 0xff, 0x00, 0x04, 0x20, 0xff, 0x00, 0x04, 0x28, 0xff,
    0x20, 0x24, 0x40, 0xff, 0x00, 0x04, 0x20, 0xff, 0x00, 0x04, 0x20, 0xff,
    0x00, 0x04, 0x20, 0xff, 0x00, 0x04, 0x28, 0xff, 0x00, 0x04, 0x20, 0xff,
    0x00, 0x04, 0x20, 0xff, 0x00, 0x04, 0x28, 0xff, 0x00, 0x04, 0x20, 0xff,
    0x00, 0x04, 0x20, 0xff, 0x00, 0x04, 0x20, 0xff, 0x00, 0x04, 0x20, 0xff,
    0x00, 0x00, 0x20, 0xff, 0x00, 0x04, 0x20, 0xff, 0x00, 0x04, 0x20, 0xff,
    0x00, 0x00, 0x20, 0xff, 0x00, 0x04, 0x20, 0xff, 0x00, 0x00, 0x20, 0xff,
    0x00, 0x04, 0x20, 0xff, 0x00, 0x00, 0x20, 0xff, 0x00, 0x00, 0x20, 0xff,
    0x00, 0x04, 0x20, 0xff, 0x00, 0x00, 0x20, 0xff, 0x00, 0x00, 0x18, 0xff,
    0x00, 0x04, 0x20, 0xff, 0x00, 0x04, 0x20, 0xff, 0x00, 0x00, 0x18, 0xff,
    0x00, 0x04, 0x20, 0xff, 0x00, 0x00, 0x18, 0xff, 0x00, 0x04, 0x20, 0xff,
    0x00, 0x04, 0x18, 0xff, 0x00, 0x00, 0x18, 0xff, 0x00, 0x00, 0x20, 0xff,
    0x00, 0x00, 0x18, 0xff, 0x00, 0x04, 0x20, 0xff, 0x00, 0x00, 0x18, 0xff,
    0x00, 0x00, 0x18, 0xff, 0x00, 0x00, 0x20, 0xff, 0x00, 0x00, 0x18, 0xff,
    0x00, 0x00, 0x20, 0xff, 0x00, 0x04, 0x18, 0xff, 0x00, 0x00, 0x18, 0xff,
    0x00, 0x04, 0x18, 0xff, 0x00, 0x00, 0x20, 0xff, 0x00, 0x00, 0x18, 0xff,
    0x00, 0x00, 0x18, 0xff, 0x00, 0x04, 0x20, 0xff, 0x00, 0x00, 0x18, 0xff,
    0x00, 0x00, 0x18, 0xff, 0x00, 0x00, 0x18, 0xff, 0x00, 0x00, 0x18, 0xff,
    0x00, 0x00, 0x18, 0xff, 0x00, 0x00, 0x18, 0xff, 0x00, 0x00, 0x18, 0xff,
    0x00, 0x00, 0x18, 0xff, 0x00, 0x00, 0x18, 0xff, 0x00, 0x00, 0x18, 0xff,
    0x00, 0x00, 0x18, 0xff, 0x90, 0x90, 0xa0, 0x71, 0x90, 0x98, 0xb0, 0x71,
    0x00, 0x10, 0x40, 0xff, 0x00, 0x10, 0x48, 0xff, 0x00, 0x10, 0x40, 0xff,
    0x00, 0x10, 0x40, 0xff, 0x00, 0x10, 0x40, 0xff, 0x00, 0x10, 0x40, 0xff,
    0x00, 0x10, 0x40, 0xff, 0x00, 0x10, 0x40, 0xff, 0x00, 0x0c, 0x48, 0xff,
    0x00, 0x10, 0x40, 0xff, 0x00, 0x10, 0x40, 0xff, 0x00, 0x0c, 0x40, 0xff,
    0x00, 0x10, 0x40, 0xff, 0x00, 0x10, 0x40, 0xff, 0x00, 0x0c, 0x40, 0xff,
    0x00, 0x0c, 0x40, 0xff, 0x00, 0x10, 0x38, 0xff, 0x00, 0x0c, 0x38, 0xff,
    0xf8, 0xfc, 0xf8, 0xff, 0xf8, 0xfc, 0xf8, 0xff, 0xf8, 0xfc, 0xf8, 0xff,
    0xf8, 0xfc, 0xf8, 0xff, 0xf8, 0xfc, 0xf8, 0xff, 0xf8, 0xfc, 0xf8, 0xff,
    0xf8, 0xfc, 0xf8, 0xff, 0xf8, 0xfc, 0xf8, 0xff, 0xf8, 0xfc, 0xf8, 0xff,
    0xf8, 0xfc, 0xf8, 0xff, 0xa0, 0xa4, 0xb8, 0xff, 0x80, 0x84, 0xa0, 0xff,
    0xc0, 0xc4, 0xd0, 0xff, 0xf8, 0xfc, 0xf8, 0xff, 0xf8, 0xfc, 0xf8, 0xff,
    0xf8, 0xfc, 0xf8, 0xff, 0xf8, 0xfc, 0xf8, 0xff, 0xf8, 0xfc, 0xf8, 0xff,
    0xf8, 0xfc, 0xf8, 0xff, 0xf8, 0xfc, 0xf8, 0xff, 0xf8, 0xfc, 0xf8, 0xff,
    0xf8, 0xfc, 0xf8, 0xff, 0xc0, 0xc4, 0xd0, 0xff, 0x00, 0x08, 0x30, 0xff,
    0x00, 0x08, 0x30, 0xff, 0x00, 0x0c, 0x30, 0xff, 0x00, 0x08, 0x38, 0xff,
    0x00, 0x08, 0x30, 0xff, 0x00, 0x08, 0x30, 0xff, 0x00, 0x08, 0x30, 0xff,
    0x00, 0x0c, 0x30, 0xff, 0x00, 0x08, 0x30, 0xff, 0x00, 0x08, 0x30, 0xff,
    0x00, 0x08, 0x30, 0xff, 0x00, 0x08, 0x30, 0xff, 0x00, 0x08, 0x30, 0xff,
    0x00, 0x08, 0x30, 0xff, 0x00, 0x08, 0x30, 0xff, 0x00, 0x08, 0x30, 0xff,
    0x00, 0x08, 0x28, 0xff, 0x00, 0x08, 0x30, 0xff, 0x00, 0x08, 0x30, 0xff,
    0x00, 0x08, 0x28, 0xff, 0x00, 0x08, 0x28, 0xff, 0x00, 0x04, 0x28, 0xff,
    0x60, 0x68, 0x80, 0xff, 0xf8, 0xfc, 0xf8, 0xff, 0xf8, 0xfc, 0xf8, 0xff,
    0xf8, 0xfc, 0xf8, 0xff, 0xf8, 0xfc, 0xf8, 0xff, 0xd8, 0xdc, 0xe8, 0xff,
    0x98, 0x9c, 0xa8, 0xff, 0x20, 0x28, 0x48, 0xff, 0x00, 0x04, 0x28, 0xff,
    0x00, 0x08, 0x28, 0xff, 0x00, 0x08, 0x28, 0xff, 0x00, 0x04, 0x28, 0xff,
    0x00, 0x08, 0x28, 0xff, 0x00, 0x04, 0x28, 0xff, 0x00, 0x04, 0x28, 0xff,
    0x00, 0x08, 0x28, 0xff, 0x00, 0x04, 0x28, 0xff, 0x00, 0x04, 0x28, 0xff,
    0x00, 0x04, 0x20, 0xff, 0x00, 0x08, 0x28, 0xff, 0x00, 0x04, 0x28, 0xff,
    0x00, 0x04, 0x20, 0xff, 0x00, 0x04, 0x20, 0xff, 0x00, 0x04, 0x28, 0xff,
    0x60, 0x68, 0x78, 0xff, 0xf8, 0xfc, 0xf8, 0xff, 0x20, 0x24, 0x40, 0xff,
    0x00, 0x04, 0x20, 0xff, 0x00, 0x04, 0x28, 0xff, 0x00, 0x04, 0x20, 0xff,
    0x00, 0x04, 0x20, 0xff, 0x00, 0x04, 0x20, 0xff, 0x00, 0x04, 0x20, 0xff,
    0x00, 0x04, 0x20, 0xff, 0x00, 0x04, 0x20, 0xff, 0x00, 0x04, 0x20, 0xff,
    0x00, 0x04, 0x20, 0xff, 0x00, 0x04, 0x20, 0xff, 0x00, 0x04, 0x20, 0xff,
    0x00, 0x04, 0x20, 0xff, 0x00, 0x04, 0x20, 0xff, 0x00, 0x04, 0x20, 0xff,
    0x00, 0x04, 0x20, 0xff, 0x00, 0x00, 0x20, 0xff, 0x00, 0x04, 0x20, 0xff,
    0x00, 0x04, 0x20, 0xff, 0x00, 0x04, 0x18, 0xff, 0x00, 0x00, 0x20, 0xff,
    0x00, 0x00, 0x20, 0xff, 0x00, 0x04, 0x18, 0xff, 0x00, 0x00, 0x20, 0xff,
    0x00, 0x04, 0x20, 0xff, 0x00, 0x04, 0x18, 0xff, 0x00, 0x00, 0x20, 0xff,
    0x00, 0x00, 0x18, 0xff, 0x00, 0x04, 0x20, 0xff, 0x00, 0x00, 0x18, 0xff,
    0x00, 0x00, 0x18, 0xff, 0x00, 0x04, 0x20, 0xff, 0x00, 0x00, 0x18, 0xff,
    0x00, 0x00, 0x18, 0xff, 0x00, 0x04, 0x20, 0xff, 0x00, 0x04, 0x18, 0xff,
    0x00, 0x00, 0x18, 0xff, 0x00, 0x00, 0x18, 0xff, 0x00, 0x00, 0x20, 0xff,
    0x00, 0x00, 0x18, 0xff, 0x00, 0x00, 0x18, 0xff, 0x00, 0x04, 0x18, 0xff,
    0x00, 0x00, 0x20, 0xff, 0x00, 0x00, 0x18, 0xff, 0x00, 0x00, 0x18, 0xff,
    0x00, 0x00, 0x18, 0xff, 0x00, 0x00, 0x18, 0xff, 0x00, 0x00, 0x18, 0xff,
    0x00, 0x00, 0x18, 0xff, 0x00, 0x00, 0x20, 0xff, 0x00, 0x00, 0x18, 0xff,
    0x00, 0x00, 0x18, 0xff, 0x00, 0x00, 0x18, 0xff, 0x00, 0x00, 0x18, 0xff,
    0x00, 0x00, 0x18, 0xff, 0x00, 0x00, 0x18, 0xff, 0x90, 0x94, 0xa0, 0x71,
    0x90, 0x98, 0xb0, 0x71, 0x00, 0x10, 0x40, 0xff, 0x00, 0x10, 0x40, 0xff,
    0x00, 0x10, 0x48, 0xff, 0x00, 0x10, 0x48, 0xff, 0x00, 0x10, 0x40, 0xff,
    0x00, 0x10, 0x40, 0xff, 0x00, 0x10, 0x40, 0xff, 0x00, 0x0c, 0x40, 0xff,
    0x00, 0x10, 0x40, 0xff, 0x00, 0x0c, 0x40, 0xff, 0x00, 0x0c, 0x40, 0xff,
    0x00, 0x10, 0x40, 0xff, 0x00, 0x0c, 0x40, 0xff, 0x00, 0x10, 0x40, 0xff,
    0x00, 0x10, 0x40, 0xff, 0x00, 0x0c, 0x40, 0xff, 0x00, 0x0c, 0x40, 0xff,
    0x00, 0x0c, 0x38, 0xff, 0xf8, 0xfc, 0xf8, 0xff, 0xf8, 0xfc, 0xf8, 0xff,
    0xf8, 0xfc, 0xf8, 0xff, 0xf8, 0xfc, 0xf8, 0xff, 0xf8, 0xfc, 0xf8, 0xff,
    0xf8, 0xfc, 0xf8, 0xff, 0xf8, 0xfc, 0xf8, 0xff, 0xf8, 0xfc, 0xf8, 0xff,
    0xf8, 0xfc, 0xf8, 0xff, 0xf8, 0xfc, 0xf8, 0xff, 0xf8, 0xfc, 0xf8, 0xff,
    0xf8, 0xfc, 0xf8, 0xff, 0xf8, 0xfc, 0xf8, 0xff, 0xf8, 0xfc, 0xf8, 0xff,
    0xf8, 0xfc, 0xf8, 0xff, 0xf8, 0xfc, 0xf8, 0xff, 0xf8, 0xfc, 0xf8, 0xff,
    0xf8, 0xfc, 0xf8, 0xff, 0xf8, 0xfc, 0xf8, 0xff, 0xf8, 0xfc, 0xf8, 0xff,
    0xf8, 0xfc, 0xf8, 0xff, 0xf8, 0xfc, 0xf8, 0xff, 0xc0, 0xc4, 0xd0, 0xff,
    0x00, 0x08, 0x30, 0xff, 0x00, 0x0c, 0x30, 0xff, 0x00, 0x08, 0x30, 0xff,
    0x00, 0x08, 0x30, 0xff, 0x00, 0x08, 0x30, 0xff, 0x00, 0x0c, 0x30, 0xff,
    0x00, 0x08, 0x30, 0xff, 0x00, 0x08, 0x30, 0xff, 0x00, 0x0c, 0x30, 0xff,
    0x00, 0x08, 0x30, 0xff, 0x00, 0x08, 0x30, 0xff, 0x00, 0x08, 0x30, 0xff,
    0x00, 0x08, 0x30, 0xff, 0x00, 0x08, 0x30, 0xff, 0x00, 0x08, 0x30, 0xff,
    0x00, 0x08, 0x28, 0xff, 0x00, 0x08, 0x28, 0xff, 0x00, 0x08, 0x30, 0xff,
    0x00, 0x08, 0x28, 0xff, 0x00, 0x08, 0x30, 0xff, 0x00, 0x08, 0x30, 0xff,
    0x00, 0x08, 0x28, 0xff, 0x68, 0x68, 0x80, 0xff, 0xf8, 0xfc, 0xf8, 0xff,
    0x88, 0x8c, 0x98, 0xff, 0x68, 0x68, 0x80, 0xff, 0x68, 0x68, 0x80, 0xff,
    0x88, 0x8c, 0x98, 0xff, 0xf0, 0xf0, 0xf0, 0xff, 0xb8, 0xbc, 0xc8, 0xff,
    0x00, 0x04, 0x28, 0xff, 0x00, 0x08, 0x28, 0xff, 0x00, 0x04, 0x28, 0xff,
    0x00, 0x08, 0x28, 0xff, 0x00, 0x04, 0x28, 0xff, 0x00, 0x04, 0x28, 0xff,
    0x00, 0x08, 0x28, 0xff, 0x00, 0x04, 0x28, 0xff, 0x00, 0x04, 0x28, 0xff,
    0x00, 0x04, 0x20, 0xff, 0x00, 0x08, 0x28, 0xff, 0x00, 0x04, 0x28, 0xff,
    0x00, 0x04, 0x20, 0xff, 0x00, 0x04, 0x20, 0xff, 0x00, 0x04, 0x28, 0xff,
    0x00, 0x04, 0x28, 0xff, 0x68, 0x68, 0x78, 0xff, 0xf8, 0xfc, 0xf8, 0xff,
    0x20, 0x28, 0x40, 0xff, 0x00, 0x04, 0x28, 0xff, 0x00, 0x04, 0x20, 0xff,
    0x00, 0x04, 0x20, 0xff, 0x00, 0x04, 0x20, 0xff, 0x00, 0x04, 0x28, 0xff,
    0x00, 0x04, 0x20, 0xff, 0x00, 0x04, 0x20, 0xff, 0x00, 0x00, 0x20, 0xff,
    0x00, 0x00, 0x20, 0xff, 0x00, 0x04, 0x20, 0xff, 0x00, 0x00, 0x20, 0xff,
    0x00, 0x04, 0x20, 0xff, 0x00, 0x00, 0x20, 0xff, 0x00, 0x04, 0x20, 0xff,
    0x00, 0x04, 0x20, 0xff, 0x00, 0x00, 0x20, 0xff, 0x00, 0x00, 0x20, 0xff,
    0x00, 0x00, 0x20, 0xff, 0x00, 0x04, 0x20, 0xff, 0x00, 0x00, 0x20, 0xff,
    0x00, 0x04, 0x20, 0xff, 0x00, 0x04, 0x18, 0xff, 0x00, 0x00, 0x20, 0xff,
    0x00, 0x00, 0x20, 0xff, 0x00, 0x04, 0x18, 0xff, 0x00, 0x00, 0x20, 0xff,
    0x00, 0x00, 0x18, 0xff, 0x00, 0x04, 0x20, 0xff, 0x00, 0x00, 0x20, 0xff,
    0x00, 0x00, 0x18, 0xff, 0x00, 0x00, 0x20, 0xff, 0x00, 0x00, 0x18, 0xff,
    0x00, 0x00, 0x18, 0xff, 0x00, 0x00, 0x20, 0xff, 0x00, 0x00, 0x18, 0xff,
    0x00, 0x00, 0x20, 0xff, 0x00, 0x04, 0x18, 0xff, 0x00, 0x00, 0x18, 0xff,
    0x00, 0x00, 0x18, 0xff, 0x00, 0x04, 0x20, 0xff, 0x00, 0x00, 0x18, 0xff,
    0x00, 0x00, 0x18, 0xff, 0x00, 0x04, 0x18, 0xff, 0x00, 0x00, 0x18, 0xff,
    0x00, 0x00, 0x18, 0xff, 0x00, 0x00, 0x18, 0xff, 0x00, 0x00, 0x18, 0xff,
    0x00, 0x00, 0x18, 0xff, 0x00, 0x00, 0x18, 0xff, 0x00, 0x00, 0x18, 0xff,
    0x00, 0x00, 0x18, 0xff, 0x00, 0x00, 0x18, 0xff, 0x00, 0x00, 0x18, 0xff,
    0x00, 0x00, 0x18, 0xff, 0x00, 0x00, 0x18, 0xff, 0x00, 0x00, 0x18, 0xff,
    0x90, 0x90, 0x98, 0x71, 0x90, 0x98, 0xb0, 0x71, 0x00, 0x10, 0x40, 0xff,
    0x00, 0x10, 0x40, 0xff, 0x00, 0x10, 0x48, 0xff, 0x00, 0x10, 0x40, 0xff,
    0x00, 0x10, 0x40, 0xff, 0x00, 0x10, 0x40, 0xff, 0x00, 0x0c, 0x48, 0xff,
    0x00, 0x10, 0x40, 0xff, 0x00, 0x10, 0x40, 0xff, 0x00, 0x0c, 0x40, 0xff,
    0x00, 0x10, 0x40, 0xff, 0x00, 0x0c, 0x40, 0xff, 0x00, 0x0c, 0x40, 0xff,
    0x00, 0x10, 0x40, 0xff, 0x00, 0x0c, 0x38, 0xff, 0x00, 0x0c, 0x38, 0xff,
    0x00, 0x0c, 0x40, 0xff, 0x00, 0x0c, 0x40, 0xff, 0xf8, 0xfc, 0xf8, 0xff,
    0xf8, 0xfc, 0xf8, 0xff, 0xf8, 0xfc, 0xf8, 0xff, 0xf8, 0xfc, 0xf8, 0xff,
    0xf8, 0xfc, 0xf8, 0xff, 0xf8, 0xfc, 0xf8, 0xff, 0xf8, 0xfc, 0xf8, 0xff,
    0xf8, 0xfc, 0xf8, 0xff, 0xf8, 0xfc, 0xf8, 0xff, 0xf8, 0xfc, 0xf8, 0xff,
    0xf8, 0xfc, 0xf8, 0xff, 0xf8, 0xfc, 0xf8, 0xff, 0xf8, 0xfc, 0xf8, 0xff,
    0xf8, 0xfc, 0xf8, 0xff, 0xf8, 0xfc, 0xf8, 0xff, 0xf8, 0xfc, 0xf8, 0xff,
    0xf8, 0xfc, 0xf8, 0xff, 0xf8, 0xfc, 0xf8, 0xff, 0xf8, 0xfc, 0xf8, 0xff,
    0xf8, 0xfc, 0xf8, 0xff, 0xf8, 0xfc, 0xf8, 0xff, 0xf8, 0xfc, 0xf8, 0xff,
    0xc0, 0xc0, 0xd0, 0xff, 0x00, 0x0c, 0x30, 0xff, 0x00, 0x08, 0x30, 0xff,
    0x00, 0x08, 0x38, 0xff, 0x00, 0x08, 0x30, 0xff, 0x00, 0x08, 0x30, 0xff,
    0x00, 0x0c, 0x30, 0xff, 0x00, 0x08, 0x30, 0xff, 0x00, 0x08, 0x30, 0xff,
    0x00, 0x08, 0x30, 0xff, 0x00, 0x08, 0x30, 0xff, 0x00, 0x08, 0x30, 0xff,
    0x00, 0x08, 0x30, 0xff, 0x00, 0x08, 0x30, 0xff, 0x00, 0x08, 0x28, 0xff,
    0x00, 0x08, 0x30, 0xff, 0x00, 0x08, 0x30, 0xff, 0x00, 0x08, 0x30, 0xff,
    0x00, 0x08, 0x28, 0xff, 0x00, 0x08, 0x28, 0xff, 0x00, 0x04, 0x30, 0xff,
    0x00, 0x08, 0x28, 0xff, 0x00, 0x08, 0x28, 0xff, 0x68, 0x68, 0x80, 0xff,
    0xf8, 0xfc, 0xf8, 0xff, 0x68, 0x6c, 0x80, 0xff, 0x00, 0x04, 0x28, 0xff,
    0x00, 0x08, 0x28, 0xff, 0x00, 0x08, 0x28, 0xff, 0x78, 0x78, 0x90, 0xff,
    0xf8, 0xfc, 0xf8, 0xff, 0x20, 0x28, 0x48, 0xff, 0x00, 0x04, 0x28, 0xff,
    0x00, 0x08, 0x28, 0xff, 0x00, 0x04, 0x28, 0xff, 0x40, 0x48, 0x60, 0xff,
    0x68, 0x68, 0x80, 0xff, 0x50, 0x58, 0x70, 0xff, 0x10, 0x18, 0x30, 0xff,
    0x00, 0x04, 0x20, 0xff, 0x00, 0x04, 0x28, 0xff, 0x00, 0x04, 0x28, 0xff,
    0x00, 0x04, 0x20, 0xff, 0x10, 0x18, 0x30, 0xff, 0x50, 0x58, 0x70, 0xff,
    0x68, 0x68, 0x80, 0xff, 0x20, 0x24, 0x40, 0xff, 0x68, 0x68, 0x78, 0xff,
    0xf8, 0xfc, 0xf8, 0xff, 0x20, 0x24, 0x40, 0xff, 0x00, 0x04, 0x20, 0xff,
    0x30, 0x38, 0x50, 0xff, 0x50, 0x58, 0x70, 0xff, 0x10, 0x14, 0x30, 0xff,
    0x68, 0x68, 0x78, 0xff, 0x30, 0x34, 0x50, 0xff, 0x00, 0x04, 0x20, 0xff,
    0x00, 0x04, 0x20, 0xff, 0x20, 0x24, 0x40, 0xff, 0x60, 0x68, 0x78, 0xff,
    0x68, 0x68, 0x78, 0xff, 0x20, 0x24, 0x40, 0xff, 0x00, 0x04, 0x20, 0xff,
    0x00, 0x00, 0x20, 0xff, 0x00, 0x00, 0x20, 0xff, 0x00, 0x04, 0x20, 0xff,
    0x00, 0x04, 0x20, 0xff, 0x20, 0x24, 0x38, 0xff, 0x60, 0x68, 0x78, 0xff,
    0x68, 0x68, 0x78, 0xff, 0x20, 0x24, 0x38, 0xff, 0x00, 0x00, 0x20, 0xff,
    0x00, 0x04, 0x18, 0xff, 0x00, 0x04, 0x20, 0xff, 0x20, 0x24, 0x38, 0xff,
    0x60, 0x68, 0x78, 0xff, 0x10, 0x14, 0x28, 0xff, 0x50, 0x58, 0x68, 0xff,
    0x68, 0x68, 0x78, 0xff, 0x20, 0x24, 0x38, 0xff, 0x00, 0x00, 0x18, 0xff,
    0x20, 0x24, 0x38, 0xff, 0x60, 0x68, 0x78, 0xff, 0x68, 0x68, 0x78, 0xff,
    0x10, 0x14, 0x28, 0xff, 0x00, 0x00, 0x18, 0xff, 0x00, 0x00, 0x20, 0xff,
    0x00, 0x00, 0x18, 0xff, 0x00, 0x04, 0x18, 0xff, 0x00, 0x00, 0x18, 0xff,
    0x00, 0x00, 0x20, 0xff, 0x00, 0x00, 0x18, 0xff, 0x00, 0x00, 0x18, 0xff,
    0x00, 0x00, 0x18, 0xff, 0x00, 0x00, 0x18, 0xff, 0x00, 0x00, 0x18, 0xff,
    0x00, 0x00, 0x20, 0xff, 0x00, 0x00, 0x18, 0xff, 0x00, 0x00, 0x18, 0xff,
    0x00, 0x00, 0x18, 0xff, 0x00, 0x00, 0x18, 0xff, 0x00, 0x00, 0x18, 0xff,
    0x00, 0x00, 0x18, 0xff, 0x00, 0x00, 0x18, 0xff, 0x00, 0x00, 0x18, 0xff,
    0x00, 0x00, 0x18, 0xff, 0x90, 0x94, 0xa0, 0x71, 0x90, 0x98, 0xb0, 0x6d,
    0x00, 0x10, 0x40, 0xff, 0x00, 0x10, 0x40, 0xff, 0x00, 0x10, 0x40, 0xff,
    0x00, 0x10, 0x40, 0xff, 0x00, 0x0c, 0x40, 0xff, 0x00, 0x10, 0x40, 0xff,
    0x00, 0x10, 0x40, 0xff, 0x00, 0x0c, 0x40, 0xff, 0x00, 0x0c, 0x40, 0xff,
    0x00, 0x10, 0x40, 0xff, 0x00, 0x10, 0x40, 0xff, 0x00, 0x0c, 0x40, 0xff,
    0x00, 0x10, 0x40, 0xff, 0x00, 0x0c, 0x38, 0xff, 0x00, 0x0c, 0x40, 0xff,
    0x00, 0x0c, 0x38, 0xff, 0x00, 0x10, 0x38, 0xff, 0x00, 0x0c, 0x40, 0xff,
    0xf8, 0xfc, 0xf8, 0xff, 0xf8, 0xfc, 0xf8, 0xff, 0xf8, 0xfc, 0xf8, 0xff,
    0xf8, 0xfc, 0xf8, 0xff, 0xf8, 0xfc, 0xf8, 0xff, 0xf8, 0xfc, 0xf8, 0xff,
    0xf8, 0xfc, 0xf8, 0xff, 0xf8, 0xfc, 0xf8, 0xff, 0xf8, 0xfc, 0xf8, 0xff,
    0xf8, 0xfc, 0xf8, 0xff, 0xf8, 0xfc, 0xf8, 0xff, 0xf8, 0xfc, 0xf8, 0xff,
    0xf8, 0xfc, 0xf8, 0xff, 0xf8, 0xfc, 0xf8, 0xff, 0xf8, 0xfc, 0xf8, 0xff,
    0xf8, 0xfc, 0xf8, 0xff, 0xf8, 0xfc, 0xf8, 0xff, 0xf8, 0xfc, 0xf8, 0xff,
    0xf8, 0xfc, 0xf8, 0xff, 0xf8, 0xfc, 0xf8, 0xff, 0xf8, 0xfc, 0xf8, 0xff,
    0xf8, 0xfc, 0xf8, 0xff, 0xc0, 0xc0, 0xc8, 0xff, 0x00, 0x08, 0x30, 0xff,
    0x00, 0x08, 0x30, 0xff, 0x00, 0x08, 0x30, 0xff, 0x00, 0x0c, 0x30, 0xff,
    0x00, 0x08, 0x30, 0xff, 0x00, 0x08, 0x30, 0xff, 0x00, 0x08, 0x30, 0xff,
    0x00, 0x08, 0x30, 0xff, 0x00, 0x08, 0x30, 0xff, 0x00, 0x08, 0x30, 0xff,
    0x00, 0x08, 0x30, 0xff, 0x00, 0x08, 0x30, 0xff, 0x00, 0x08, 0x30, 0xff,
    0x00, 0x08, 0x28, 0xff, 0x00, 0x08, 0x28, 0xff, 0x00, 0x08, 0x30, 0xff,
    0x00, 0x08, 0x28, 0xff, 0x00, 0x08, 0x30, 0xff, 0x00, 0x08, 0x30, 0xff,
    0x00, 0x08, 0x28, 0xff, 0x00, 0x04, 0x28, 0xff, 0x00, 0x08, 0x28, 0xff,
    0x60, 0x68, 0x80, 0xff, 0xf8, 0xfc, 0xf8, 0xff, 0x68, 0x6c, 0x80, 0xff,
    0x00, 0x04, 0x28, 0xff, 0x00, 0x04, 0x28, 0xff, 0x00, 0x08, 0x28, 0xff,
    0x78, 0x78, 0x90, 0xff, 0xf8, 0xfc, 0xf8, 0xff, 0x20, 0x28, 0x48, 0xff,
    0x00, 0x04, 0x28, 0xff, 0x00, 0x04, 0x28, 0xff, 0xa8, 0xac, 0xb8, 0xff,
    0xf8, 0xfc, 0xf8, 0xff, 0xf8, 0xfc, 0xf8, 0xff, 0xf8, 0xfc, 0xf8, 0xff,
    0xd8, 0xe0, 0xe0, 0xff, 0x30, 0x38, 0x50, 0xff, 0x00, 0x04, 0x28, 0xff,
    0x00, 0x04, 0x28, 0xff, 0x20, 0x28, 0x40, 0xff, 0xd8, 0xe0, 0xe0, 0xff,
    0xf8, 0xfc, 0xf8, 0xff, 0xf8, 0xfc, 0xf8, 0xff, 0xf0, 0xf0, 0xf0, 0xff,
    0x98, 0x9c, 0xa8, 0xff, 0xf8, 0xfc, 0xf8, 0xff, 0x20, 0x24, 0x40, 0xff,
    0x00, 0x04, 0x20, 0xff, 0x98, 0x9c, 0xa8, 0xff, 0xe0, 0xdc, 0xe0, 0xff,
    0xe0, 0xdc, 0xe0, 0xff, 0xf8, 0xfc, 0xf8, 0xff, 0x98, 0x98, 0xa8, 0xff,
    0x00, 0x04, 0x20, 0xff, 0x78, 0x78, 0x88, 0xff, 0xf0, 0xf0, 0xf0, 0xff,
    0xf8, 0xfc, 0xf8, 0xff, 0xf8, 0xfc, 0xf8, 0xff, 0xf0, 0xec, 0xf0, 0xff,
    0x78, 0x78, 0x88, 0xff, 0x00, 0x04, 0x20, 0xff, 0x00, 0x00, 0x20, 0xff,
    0x00, 0x00, 0x20, 0xff, 0x78, 0x78, 0x88, 0xff, 0xf0, 0xec, 0xf0, 0xff,
    0xf8, 0xfc, 0xf8, 0xff, 0xf8, 0xfc, 0xf8, 0xff, 0xf0, 0xec, 0xf0, 0xff,
    0x78, 0x78, 0x88, 0xff, 0x00, 0x00, 0x20, 0xff, 0x00, 0x04, 0x18, 0xff,
    0x68, 0x68, 0x78, 0xff, 0xf8, 0xfc, 0xf8, 0xff, 0xb8, 0xbc, 0xc0, 0xff,
    0xf0, 0xec, 0xf0, 0xff, 0xf8, 0xfc, 0xf8, 0xff, 0xd8, 0xdc, 0xe0, 0xff,
    0x68, 0x68, 0x78, 0xff, 0xf0, 0xf0, 0xf0, 0xff, 0xf0, 0xf0, 0xf0, 0xff,
    0xf8, 0xfc, 0xf8, 0xff, 0xd8, 0xdc, 0xe0, 0xff, 0x10, 0x14, 0x28, 0xff,
    0x00, 0x00, 0x18, 0xff, 0x00, 0x00, 0x18, 0xff, 0x00, 0x00, 0x18, 0xff,
    0x00, 0x00, 0x18, 0xff, 0x00, 0x04, 0x18, 0xff, 0x00, 0x00, 0x18, 0xff,
    0x00, 0x00, 0x18, 0xff, 0x00, 0x00, 0x20, 0xff, 0x00, 0x00, 0x18, 0xff,
    0x00, 0x00, 0x18, 0xff, 0x00, 0x00, 0x18, 0xff, 0x00, 0x00, 0x18, 0xff,
    0x00, 0x00, 0x18, 0xff, 0x00, 0x00, 0x18, 0xff, 0x00, 0x00, 0x18, 0xff,
    0x00, 0x00, 0x18, 0xff, 0x00, 0x00, 0x18, 0xff, 0x00, 0x00, 0x18, 0xff,
    0x00, 0x00, 0x18, 0xff, 0x00, 0x00, 0x18, 0xff, 0x90, 0x94, 0xa0, 0x71,
    0x90, 0x98, 0xb0, 0x71, 0x00, 0x10, 0x40, 0xff, 0x00, 0x10, 0x48, 0xff,
    0x00, 0x10, 0x40, 0xff, 0x00, 0x10, 0x40, 0xff, 0x00, 0x0c, 0x40, 0xff,
    0x00, 0x10, 0x40, 0xff, 0x00, 0x0c, 0x40, 0xff, 0x00, 0x10, 0x40, 0xff,
    0x00, 0x0c, 0x40, 0xff, 0x00, 0x10, 0x40, 0xff, 0x00, 0x0c, 0x40, 0xff,
    0x00, 0x10, 0x40, 0xff, 0x00, 0x10, 0x38, 0xff, 0x00, 0x0c, 0x40, 0xff,
    0x00, 0x0c, 0x40, 0xff, 0x00, 0x10, 0x38, 0xff, 0x00, 0x0c, 0x38, 0xff,
    0x00, 0x0c, 0x38, 0xff, 0xf8, 0xfc, 0xf8, 0xff, 0xf8, 0xfc, 0xf8, 0xff,
    0xf8, 0xfc, 0xf8, 0xff, 0xf8, 0xfc, 0xf8, 0xff, 0xf8, 0xfc, 0xf8, 0xff,
    0xf8, 0xfc, 0xf8, 0xff, 0xf8, 0xfc, 0xf8, 0xff, 0xf8, 0xfc, 0xf8, 0xff,
    0xf8, 0xfc, 0xf8, 0xff, 0xf0, 0xf0, 0xf0, 0xff, 0xc0, 0xc4, 0xd0, 0xff,
    0xc0, 0xc4, 0xd0, 0xff, 0xc0, 0xc4, 0xd0, 0xff, 0xf8, 0xfc, 0xf8, 0xff,
    0xf8, 0xfc, 0xf8, 0xff, 0xf8, 0xfc, 0xf8, 0xff, 0xf8, 0xfc, 0xf8, 0xff,
    0xf8, 0xfc, 0xf8, 0xff, 0xf8, 0xfc, 0xf8, 0xff, 0xf8, 0xfc, 0xf8, 0xff,
    0xf8, 0xfc, 0xf8, 0xff, 0xf8, 0xfc, 0xf8, 0xff, 0xc0, 0xc4, 0xd0, 0xff,
    0x00, 0x08, 0x30, 0xff, 0x00, 0x08, 0x30, 0xff, 0x00, 0x0c, 0x30, 0xff,
    0x00, 0x08, 0x30, 0xff, 0x00, 0x08, 0x30, 0xff, 0x00, 0x08, 0x30, 0xff,
    0x00, 0x08, 0x30, 0xff, 0x00, 0x08, 0x30, 0xff, 0x00, 0x08, 0x30, 0xff,
    0x00, 0x08, 0x30, 0xff, 0x00, 0x08, 0x30, 0xff, 0x00, 0x08, 0x30, 0xff,
    0x00, 0x08, 0x28, 0xff, 0x00, 0x08, 0x30, 0xff, 0x00, 0x08, 0x28, 0xff,
    0x00, 0x08, 0x28, 0xff, 0x00, 0x08, 0x30, 0xff, 0x00, 0x04, 0x28, 0xff,
    0x00, 0x08, 0x28, 0xff, 0x00, 0x08, 0x30, 0xff, 0x00, 0x08, 0x30, 0xff,
    0x00, 0x08, 0x28, 0xff, 0x68, 0x68, 0x80, 0xff, 0xf8, 0xfc, 0xf8, 0xff,
    0x88, 0x8c, 0x98, 0xff, 0x68, 0x68, 0x80, 0xff, 0x60, 0x6c, 0x80, 0xff,
    0x78, 0x78, 0x90, 0xff, 0xf0, 0xf0, 0xf0, 0xff, 0xa8, 0xac, 0xb8, 0xff,
    0x00, 0x08, 0x28, 0xff, 0x00, 0x04, 0x28, 0xff, 0x78, 0x7c, 0x88, 0xff,
    0xf0, 0xf0, 0xf0, 0xff, 0x58, 0x58, 0x70, 0xff, 0x20, 0x28, 0x40, 0xff,
    0x30, 0x38, 0x50, 0xff, 0xe0, 0xdc, 0xe0, 0xff, 0xd0, 0xcc, 0xd0, 0xff,
    0x00, 0x04, 0x28, 0xff, 0x00, 0x04, 0x20, 0xff, 0xc8, 0xcc, 0xd0, 0xff,
    0xe0, 0xe0, 0xe0, 0xff, 0x48, 0x48, 0x60, 0xff, 0x20, 0x24, 0x40, 0xff,
    0x50, 0x58, 0x68, 0xff, 0xf0, 0xf0, 0xf0, 0xff, 0xf8, 0xfc, 0xf8, 0xff,
    0x20, 0x24, 0x40, 0xff, 0x00, 0x04, 0x20, 0xff, 0x98, 0x9c, 0xa8, 0xff,
    0xf8, 0xfc, 0xf8, 0xff, 0x88, 0x88, 0x98, 0xff, 0x20, 0x24, 0x40, 0xff,
    0x10, 0x14, 0x30, 0xff, 0x40, 0x48, 0x60, 0xff, 0xf8, 0xfc, 0xf8, 0xff,
    0x98, 0x98, 0xa8, 0xff, 0x20, 0x24, 0x40, 0xff, 0x20, 0x24, 0x40, 0xff,
    0x98, 0x9c, 0xa8, 0xff, 0xf8, 0xfc, 0xf8, 0xff, 0x40, 0x44, 0x58, 0xff,
    0x00, 0x04, 0x20, 0xff, 0x40, 0x44, 0x58, 0xff, 0xf8, 0xfc, 0xf8, 0xff,
    0x98, 0x9c, 0xa0, 0xff, 0x20, 0x24, 0x38, 0xff, 0x20, 0x24, 0x38, 0xff,
    0x98, 0x9c, 0xa8, 0xff, 0xf8, 0xfc, 0xf8, 0xff, 0x40, 0x44, 0x58, 0xff,
    0x00, 0x00, 0x18, 0xff, 0x68, 0x68, 0x78, 0xff, 0xf8, 0xfc, 0xf8, 0xff,
    0x88, 0x88, 0x98, 0xff, 0x10, 0x10, 0x28, 0xff, 0x30, 0x34, 0x48, 0xff,
    0xf0, 0xf0, 0xf0, 0xff, 0xf0, 0xec, 0xf0, 0xff, 0x50, 0x54, 0x68, 0xff,
    0x10, 0x14, 0x28, 0xff, 0x58, 0x54, 0x68, 0xff, 0xf8, 0xfc, 0xf8, 0xff,
    0x78, 0x78, 0x88, 0xff, 0x00, 0x00, 0x18, 0xff, 0x00, 0x04, 0x20, 0xff,
    0x00, 0x00, 0x20, 0xff, 0x00, 0x00, 0x18, 0xff, 0x00, 0x04, 0x18, 0xff,
    0x00, 0x00, 0x18, 0xff, 0x00, 0x00, 0x18, 0xff, 0x00, 0x00, 0x18, 0xff,
    0x00, 0x00, 0x18, 0xff, 0x00, 0x00, 0x18, 0xff, 0x00, 0x00, 0x18, 0xff,
    0x00, 0x00, 0x18, 0xff, 0x00, 0x00, 0x18, 0xff, 0x00, 0x00, 0x18, 0xff,
    0x00, 0x00, 0x18, 0xff, 0x00, 0x00, 0x18, 0xff, 0x00, 0x00, 0x18, 0xff,
    0x00, 0x00, 0x18, 0xff, 0x00, 0x00, 0x18, 0xff, 0x00, 0x00, 0x18, 0xff,
    0x90, 0x90, 0x98, 0x71, 0x90, 0x98, 0xb0, 0x71, 0x00, 0x10, 0x40, 0xff,
    0x00, 0x10, 0x40, 0xff, 0x00, 0x0c, 0x40, 0xff, 0x00, 0x10, 0x40, 0xff,
    0x00, 0x10, 0x40, 0xff, 0x00, 0x0c, 0x40, 0xff, 0x00, 0x10, 0x40, 0xff,
    0x00, 0x0c, 0x40, 0xff, 0x00, 0x10, 0x40, 0xff, 0x00, 0x0c, 0x40, 0xff,
    0x00, 0x0c, 0x40, 0xff, 0x00, 0x10, 0x38, 0xff, 0x00, 0x0c, 0x40, 0xff,
    0x00, 0x0c, 0x38, 0xff, 0x00, 0x0c, 0x40, 0xff, 0x00, 0x0c, 0x40, 0xff,
    0x00, 0x0c, 0x38, 0xff, 0x00, 0x10, 0x40, 0xff, 0xf8, 0xfc, 0xf8, 0xff,
    0xf8, 0xfc, 0xf8, 0xff, 0xf8, 0xfc, 0xf8, 0xff, 0xf8, 0xfc, 0xf8, 0xff,
    0xf8, 0xfc, 0xf8, 0xff, 0xf8, 0xfc, 0xf8, 0xff, 0xf8, 0xfc, 0xf8, 0xff,
    0xc0, 0xc4, 0xd0, 0xff, 0x50, 0x58, 0x78, 0xff, 0x00, 0x0c, 0x38, 0xff,
    0x00, 0x0c, 0x38, 0xff, 0x00, 0x0c, 0x38, 0xff, 0x00, 0x0c, 0x30, 0xff,
    0x10, 0x18, 0x40, 0xff, 0x60, 0x64, 0x80, 0xff, 0xe0, 0xe0, 0xe8, 0xff,
    0xf8, 0xfc, 0xf8, 0xff, 0xf8, 0xfc, 0xf8, 0xff, 0xf8, 0xfc, 0xf8, 0xff,
    0xf8, 0xfc, 0xf8, 0xff, 0xf8, 0xfc, 0xf8, 0xff, 0xf8, 0xfc, 0xf8, 0xff,
    0xc0, 0xc4, 0xd0, 0xff, 0x00, 0x08, 0x30, 0xff, 0x00, 0x08, 0x30, 0xff,
    0x00, 0x08, 0x30, 0xff, 0x00, 0x0c, 0x30, 0xff, 0x00, 0x08, 0x30, 0xff,
    0x00, 0x08, 0x30, 0xff, 0x00, 0x08, 0x30, 0xff, 0x00, 0x08, 0x30, 0xff,
    0x00, 0x08, 0x30, 0xff, 0x00, 0x08, 0x30, 0xff, 0x00, 0x08, 0x30, 0xff,
    0x00, 0x08, 0x28, 0xff, 0x00, 0x08, 0x30, 0xff, 0x00, 0x08, 0x30, 0xff,
    0x00, 0x08, 0x30, 0xff, 0x00, 0x08, 0x28, 0xff, 0x00, 0x08, 0x30, 0xff,
    0x00, 0x04, 0x28, 0xff, 0x00, 0x08, 0x28, 0xff, 0x00, 0x08, 0x28, 0xff,
    0x00, 0x08, 0x28, 0xff, 0x00, 0x04, 0x28, 0xff, 0x68, 0x6c, 0x80, 0xff,
    0xf8, 0xfc, 0xf8, 0xff, 0xf8, 0xfc, 0xf8, 0xff, 0xf8, 0xfc, 0xf8, 0xff,
    0xf8, 0xfc, 0xf8, 0xff, 0xf8, 0xfc, 0xf8, 0xff, 0xe0, 0xdc, 0xe0, 0xff,
    0x40, 0x48, 0x60, 0xff, 0x00, 0x04, 0x28, 0xff, 0x00, 0x04, 0x28, 0xff,
    0xe0, 0xe0, 0xe0, 0xff, 0xa8, 0xac, 0xb8, 0xff, 0x00, 0x04, 0x28, 0xff,
    0x00, 0x04, 0x28, 0xff, 0x00, 0x04, 0x28, 0xff, 0x68, 0x68, 0x80, 0xff,
    0xf8, 0xfc, 0xf8, 0xff, 0x40, 0x48, 0x60, 0xff, 0x30, 0x38, 0x50, 0xff,
    0xf8, 0xfc, 0xf8, 0xff, 0x78, 0x78, 0x88, 0xff, 0x00, 0x04, 0x28, 0xff,
    0x00, 0x04, 0x20, 0xff, 0x00, 0x04, 0x20, 0xff, 0x98, 0x9c, 0xa8, 0xff,
    0xf8, 0xfc, 0xf8, 0xff, 0x20, 0x24, 0x40, 0xff, 0x00, 0x04, 0x20, 0xff,
    0x98, 0x9c, 0xa8, 0xff, 0xe0, 0xdc, 0xe0, 0xff, 0x00, 0x04, 0x20, 0xff,
    0x00, 0x04, 0x20, 0xff, 0x00, 0x04, 0x20, 0xff, 0xa8, 0xac, 0xb8, 0xff,
    0xf0, 0xec, 0xf0, 0xff, 0x10, 0x14, 0x30, 0xff, 0x00, 0x04, 0x20, 0xff,
    0x00, 0x04, 0x20, 0xff, 0x10, 0x14, 0x30, 0xff, 0xf0, 0xec, 0xf0, 0xff,
    0xa8, 0xac, 0xb0, 0xff, 0x00, 0x04, 0x20, 0xff, 0xa8, 0xac, 0xb0, 0xff,
    0xf0, 0xec, 0xf0, 0xff, 0x10, 0x14, 0x30, 0xff, 0x00, 0x00, 0x20, 0xff,
    0x00, 0x00, 0x18, 0xff, 0x10, 0x14, 0x28, 0xff, 0xf0, 0xf0, 0xf0, 0xff,
    0xa8, 0xac, 0xb0, 0xff, 0x00, 0x00, 0x20, 0xff, 0x68, 0x68, 0x78, 0xff,
    0xf8, 0xfc, 0xf8, 0xff, 0x20, 0x24, 0x38, 0xff, 0x00, 0x00, 0x20, 0xff,
    0x00, 0x00, 0x18, 0xff, 0x98, 0x98, 0xa8, 0xff, 0xe0, 0xdc, 0xe0, 0xff,
    0x00, 0x00, 0x18, 0xff, 0x00, 0x00, 0x18, 0xff, 0x00, 0x00, 0x18, 0xff,
    0xe0, 0xdc, 0xe0, 0xff, 0x98, 0x98, 0xa8, 0xff, 0x00, 0x00, 0x18, 0xff,
    0x00, 0x04, 0x18, 0xff, 0x00, 0x00, 0x18, 0xff, 0x00, 0x00, 0x18, 0xff,
    0x00, 0x00, 0x20, 0xff, 0x00, 0x00, 0x18, 0xff, 0x00, 0x00, 0x18, 0xff,
    0x00, 0x00, 0x18, 0xff, 0x00, 0x00, 0x18, 0xff, 0x00, 0x00, 0x20, 0xff,
    0x00, 0x00, 0x18, 0xff, 0x00, 0x00, 0x18, 0xff, 0x00, 0x00, 0x18, 0xff,
    0x00, 0x00, 0x18, 0xff, 0x00, 0x00, 0x18, 0xff, 0x00, 0x00, 0x18, 0xff,
    0x00, 0x00, 0x18, 0xff, 0x00, 0x00, 0x18, 0xff, 0x00, 0x00, 0x18, 0xff,
    0x00, 0x00, 0x18, 0xff, 0x90, 0x94, 0xa0, 0x71, 0x90, 0x98, 0xb0, 0x71,
    0x00, 0x10, 0x40, 0xff, 0x00, 0x10, 0x40, 0xff, 0x00, 0x10, 0x40, 0xff,
    0x00, 0x10, 0x40, 0xff, 0x00, 0x0c, 0x40, 0xff, 0x00, 0x0c, 0x40, 0xff,
    0x00, 0x10, 0x40, 0xff, 0x00, 0x10, 0x40, 0xff, 0x00, 0x0c, 0x40, 0xff,
    0x00, 0x10, 0x40, 0xff, 0x00, 0x10, 0x38, 0xff, 0x00, 0x0c, 0x40, 0xff,
    0x00, 0x0c, 0x38, 0xff, 0x00, 0x0c, 0x38, 0xff, 0x00, 0x10, 0x40, 0xff,
    0x00, 0x0c, 0x38, 0xff, 0x00, 0x0c, 0x38, 0xff, 0x00, 0x0c, 0x38, 0xff,
    0xf8, 0xfc, 0xf8, 0xff, 0xf8, 0xfc, 0xf8, 0xff, 0xf8, 0xfc, 0xf8, 0xff,
    0xf8, 0xfc, 0xf8, 0xff, 0xf8, 0xfc, 0xf8, 0xff, 0xf8, 0xfc, 0xf8, 0xff,
    0x70, 0x74, 0x90, 0xff, 0x00, 0x0c, 0x38, 0xff, 0x00, 0x0c, 0x38, 0xff,
    0x00, 0x0c, 0x38, 0xff, 0x00, 0x08, 0x38, 0xff, 0x00, 0x0c, 0x30, 0xff,
    0x00, 0x0c, 0x38, 0xff, 0x00, 0x08, 0x38, 0xff, 0x00, 0x0c, 0x30, 0xff,
    0x10, 0x18, 0x40, 0xff, 0xa0, 0xa4, 0xb0, 0xff, 0xf8, 0xfc, 0xf8, 0xff,
    0xf8, 0xfc, 0xf8, 0xff, 0xf8, 0xfc, 0xf8, 0xff, 0xf8, 0xfc, 0xf8, 0xff,
    0xf8, 0xfc, 0xf8, 0xff, 0xc0, 0xc4, 0xc8, 0xff, 0x00, 0x08, 0x30, 0xff,
    0x00, 0x08, 0x30, 0xff, 0x00, 0x08, 0x30, 0xff, 0x00, 0x08, 0x30, 0xff,
    0x00, 0x08, 0x30, 0xff, 0x00, 0x08, 0x30, 0xff, 0x00, 0x08, 0x30, 0xff,
    0x00, 0x08, 0x30, 0xff, 0x00, 0x08, 0x30, 0xff, 0x00, 0x08, 0x30, 0xff,
    0x00, 0x08, 0x28, 0xff, 0x00, 0x08, 0x28, 0xff, 0x00, 0x08, 0x30, 0xff,
    0x00, 0x08, 0x28, 0xff, 0x00, 0x08, 0x28, 0xff, 0x00, 0x04, 0x30, 0xff,
    0x00, 0x08, 0x28, 0xff, 0x00, 0x08, 0x30, 0xff, 0x00, 0x04, 0x30, 0xff,
    0x00, 0x08, 0x28, 0xff, 0x00, 0x04, 0x28, 0xff, 0x00, 0x04, 0x28, 0xff,
    0x60, 0x6c, 0x80, 0xff, 0xf8, 0xfc, 0xf8, 0xff, 0x78, 0x78, 0x90, 0xff,
    0x20, 0x28, 0x48, 0xff, 0x20, 0x28, 0x48, 0xff, 0x40, 0x48, 0x60, 0xff,
    0xa8, 0xac, 0xb8, 0xff, 0xf0, 0xf0, 0xf0, 0xff, 0x20, 0x24, 0x40, 0xff,
    0x20, 0x28, 0x40, 0xff, 0xf8, 0xfc, 0xf8, 0xff, 0xd8, 0xdc, 0xe0, 0xff,
    0xe0, 0xdc, 0xe0, 0xff, 0xe0, 0xe0, 0xe0, 0xff, 0xd8, 0xe0, 0xe0, 0xff,
    0xe0, 0xe0, 0xe0, 0xff, 0xf8, 0xfc, 0xf8, 0xff, 0x68, 0x68, 0x78, 0xff,
    0x68, 0x68, 0x80, 0xff, 0xf8, 0xfc, 0xf8, 0xff, 0x40, 0x48, 0x60, 0xff,
    0x00, 0x04, 0x20, 0xff, 0x00, 0x04, 0x28, 0xff, 0x00, 0x04, 0x20, 0xff,
    0x68, 0x68, 0x78, 0xff, 0xf8, 0xfc, 0xf8, 0xff, 0x20, 0x24, 0x40, 0xff,
    0x00, 0x04, 0x20, 0xff, 0x98, 0x98, 0xa8, 0xff, 0xe0, 0xdc, 0xe0, 0xff,
    0x00, 0x04, 0x20, 0xff, 0x00, 0x04, 0x20, 0xff, 0x00, 0x04, 0x20, 0xff,
    0xe0, 0xdc, 0xe0, 0xff, 0xb8, 0xbc, 0xc0, 0xff, 0x00, 0x04, 0x20, 0xff,
    0x00, 0x04, 0x20, 0xff, 0x00, 0x00, 0x20, 0xff, 0x00, 0x04, 0x20, 0xff,
    0xb8, 0xbc, 0xc0, 0xff, 0xe0, 0xdc, 0xe0, 0xff, 0x00, 0x00, 0x20, 0xff,
    0xe0, 0xdc, 0xe0, 0xff, 0xb8, 0xbc, 0xc0, 0xff, 0x00, 0x04, 0x20, 0xff,
    0x00, 0x04, 0x20, 0xff, 0x00, 0x00, 0x20, 0xff, 0x00, 0x00, 0x20, 0xff,
    0xb8, 0xbc, 0xc0, 0xff, 0xe0, 0xdc, 0xe0, 0xff, 0x00, 0x00, 0x20, 0xff,
    0x68, 0x68, 0x78, 0xff, 0xf8, 0xfc, 0xf8, 0xff, 0x20, 0x24, 0x38, 0xff,
    0x00, 0x00, 0x18, 0xff, 0x00, 0x00, 0x20, 0xff, 0x98, 0x98, 0xa8, 0xff,
    0xe0, 0xe0, 0xe0, 0xff, 0x00, 0x00, 0x18, 0xff, 0x00, 0x00, 0x20, 0xff,
    0x00, 0x04, 0x18, 0xff, 0xd8, 0xdc, 0xe0, 0xff, 0x98, 0x98, 0xa0, 0xff,
    0x00, 0x04, 0x18, 0xff, 0x00, 0x00, 0x18, 0xff, 0x00, 0x00, 0x18, 0xff,
    0x00, 0x00, 0x18, 0xff, 0x00, 0x00, 0x18, 0xff, 0x00, 0x00, 0x18, 0xff,
    0x00, 0x00, 0x18, 0xff, 0x00, 0x00, 0x20, 0xff, 0x00, 0x00, 0x18, 0xff,
    0x00, 0x00, 0x18, 0xff, 0x00, 0x00, 0x18, 0xff, 0x00, 0x00, 0x18, 0xff,
    0x00, 0x00, 0x18, 0xff, 0x00, 0x00, 0x18, 0xff, 0x00, 0x00, 0x18, 0xff,
    0x00, 0x00, 0x18, 0xff, 0x00, 0x00, 0x18, 0xff, 0x00, 0x00, 0x18, 0xff,
    0x00, 0x00, 0x18, 0xff, 0x00, 0x00, 0x18, 0xff, 0x90, 0x90, 0xa0, 0x71,
    0x90, 0x98, 0xb0, 0x71, 0x00, 0x10, 0x40, 0xff, 0x00, 0x0c, 0x40, 0xff,
    0x00, 0x10, 0x40, 0xff, 0x00, 0x0c, 0x40, 0xff, 0x00, 0x0c, 0x40, 0xff,
    0x00, 0x10, 0x40, 0xff, 0x00, 0x0c, 0x40, 0xff, 0x00, 0x0c, 0x40, 0xff,
    0x00, 0x10, 0x40, 0xff, 0x00, 0x0c, 0x38, 0xff, 0x00, 0x0c, 0x40, 0xff,
    0x00, 0x0c, 0x38, 0xff, 0x00, 0x0c, 0x40, 0xff, 0x00, 0x0c, 0x40, 0xff,
    0x00, 0x10, 0x38, 0xff, 0x00, 0x0c, 0x38, 0xff, 0x00, 0x0c, 0x38, 0xff,
    0x00, 0x0c, 0x38, 0xff, 0xf8, 0xfc, 0xf8, 0xff, 0xf8, 0xfc, 0xf8, 0xff,
    0xf8, 0xfc, 0xf8, 0xff, 0xf8, 0xfc, 0xf8, 0xff, 0xf8, 0xfc, 0xf8, 0xff,
    0x60, 0x68, 0x80, 0xff, 0x00, 0x0c, 0x38, 0xff, 0x00, 0x0c, 0x38, 0xff,
    0x00, 0x0c, 0x38, 0xff, 0x00, 0x08, 0x38, 0xff, 0x00, 0x0c, 0x30, 0xff,
    0x00, 0x0c, 0x38, 0xff, 0x00, 0x08, 0x38, 0xff, 0x00, 0x0c, 0x30, 0xff,
    0x00, 0x0c, 0x38, 0xff, 0x00, 0x08, 0x38, 0xff, 0x00, 0x0c, 0x30, 0xff,
    0xa0, 0xa4, 0xb0, 0xff, 0xf8, 0xfc, 0xf8, 0xff, 0xf8, 0xfc, 0xf8, 0xff,
    0xf8, 0xfc, 0xf8, 0xff, 0xf8, 0xfc, 0xf8, 0xff, 0xc0, 0xc0, 0xd0, 0xff,
    0x00, 0x08, 0x30, 0xff, 0x00, 0x0c, 0x30, 0xff, 0x00, 0x08, 0x30, 0xff,
    0x00, 0x08, 0x30, 0xff, 0x00, 0x08, 0x30, 0xff, 0x00, 0x08, 0x30, 0xff,
    0x00, 0x08, 0x30, 0xff, 0x00, 0x08, 0x30, 0xff, 0x00, 0x08, 0x30, 0xff,
    0x00, 0x08, 0x28, 0xff, 0x00, 0x08, 0x30, 0xff, 0x00, 0x08, 0x30, 0xff,
    0x00, 0x08, 0x28, 0xff, 0x00, 0x08, 0x30, 0xff, 0x00, 0x08, 0x28, 0xff,
    0x00, 0x08, 0x28, 0xff, 0x00, 0x08, 0x28, 0xff, 0x00, 0x08, 0x28, 0xff,
    0x00, 0x08, 0x28, 0xff, 0x00, 0x04, 0x28, 0xff, 0x00, 0x04, 0x30, 0xff,
    0x00, 0x08, 0x28, 0xff, 0x68, 0x68, 0x80, 0xff, 0xf8, 0xfc, 0xf8, 0xff,
    0x68, 0x6c, 0x80, 0xff, 0x00, 0x04, 0x28, 0xff, 0x00, 0x08, 0x28, 0xff,
    0x00, 0x04, 0x28, 0xff, 0x20, 0x28, 0x40, 0xff, 0xf8, 0xfc, 0xf8, 0xff,
    0x88, 0x88, 0x98, 0xff, 0x20, 0x28, 0x48, 0xff, 0xf8, 0xfc, 0xf8, 0xff,
    0x98, 0x9c, 0xa8, 0xff, 0x68, 0x68, 0x80, 0xff, 0x68, 0x68, 0x78, 0xff,
    0x68, 0x68, 0x80, 0xff, 0x68, 0x68, 0x78, 0xff, 0x68, 0x68, 0x80, 0xff,
    0x20, 0x24, 0x40, 0xff, 0x68, 0x68, 0x78, 0xff, 0xf8, 0xfc, 0xf8, 0xff,
    0x48, 0x48, 0x60, 0xff, 0x00, 0x04, 0x20, 0xff, 0x00, 0x04, 0x20, 0xff,
    0x00, 0x04, 0x20, 0xff, 0x68, 0x68, 0x78, 0xff, 0xf8, 0xfc, 0xf8, 0xff,
    0x20, 0x24, 0x40, 0xff, 0x00, 0x04, 0x20, 0xff, 0x98, 0x9c, 0xa8, 0xff,
    0xe0, 0xdc, 0xe0, 0xff, 0x00, 0x04, 0x20, 0xff, 0x00, 0x04, 0x20, 0xff,
    0x00, 0x04, 0x20, 0xff, 0xe0, 0xdc, 0xe0, 0xff, 0xb8, 0xbc, 0xc0, 0xff,
    0x00, 0x04, 0x20, 0xff, 0x00, 0x00, 0x20, 0xff, 0x00, 0x00, 0x20, 0xff,
    0x00, 0x04, 0x20, 0xff, 0xb8, 0xbc, 0xc0, 0xff, 0xe0, 0xdc, 0xe0, 0xff,
    0x00, 0x04, 0x20, 0xff, 0xd8, 0xdc, 0xe0, 0xff, 0xb8, 0xbc, 0xc0, 0xff,
    0x00, 0x04, 0x20, 0xff, 0x00, 0x00, 0x18, 0xff, 0x00, 0x04, 0x20, 0xff,
    0x00, 0x04, 0x18, 0xff, 0xb8, 0xbc, 0xc0, 0xff, 0xe0, 0xdc, 0xe0, 0xff,
    0x00, 0x00, 0x18, 0xff, 0x68, 0x68, 0x78, 0xff, 0xf8, 0xfc, 0xf8, 0xff,
    0x20, 0x24, 0x38, 0xff, 0x00, 0x00, 0x18, 0xff, 0x00, 0x00, 0x18, 0xff,
    0x98, 0x9c, 0xa8, 0xff, 0xe0, 0xdc, 0xe0, 0xff, 0x00, 0x00, 0x18, 0xff,
    0x00, 0x04, 0x18, 0xff, 0x00, 0x00, 0x18, 0xff, 0xe0, 0xdc, 0xe0, 0xff,
    0x98, 0x9c, 0xa8, 0xff, 0x00, 0x00, 0x18, 0xff, 0x00, 0x00, 0x18, 0xff,
    0x00, 0x00, 0x18, 0xff, 0x00, 0x00, 0x18, 0xff, 0x00, 0x00, 0x18, 0xff,
    0x00, 0x00, 0x18, 0xff, 0x00, 0x00, 0x18, 0xff, 0x00, 0x00, 0x18, 0xff,
    0x00, 0x00, 0x18, 0xff, 0x00, 0x00, 0x18, 0xff, 0x00, 0x00, 0x18, 0xff,
    0x00, 0x00, 0x18, 0xff, 0x00, 0x00, 0x18, 0xff, 0x00, 0x00, 0x18, 0xff,
    0x00, 0x00, 0x18, 0xff, 0x00, 0x00, 0x18, 0xff, 0x00, 0x00, 0x18, 0xff,
    0x00, 0x00, 0x18, 0xff, 0x00, 0x00, 0x18, 0xff, 0x00, 0x00, 0x18, 0xff,
    0x90, 0x94, 0x98, 0x71, 0x90, 0x98, 0xb0, 0x71, 0x00, 0x10, 0x40, 0xff,
    0x00, 0x10, 0x40, 0xff, 0x00, 0x0c, 0x40, 0xff, 0x00, 0x10, 0x40, 0xff,
    0x00, 0x10, 0x40, 0xff, 0x00, 0x10, 0x40, 0xff, 0x00, 0x0c, 0x40, 0xff,
    0x00, 0x10, 0x40, 0xff, 0x00, 0x10, 0x38, 0xff, 0x00, 0x0c, 0x40, 0xff,
    0x00, 0x0c, 0x38, 0xff, 0x00, 0x0c, 0x38, 0xff, 0x00, 0x10, 0x40, 0xff,
    0x00, 0x0c, 0x38, 0xff, 0x00, 0x0c, 0x38, 0xff, 0x00, 0x0c, 0x40, 0xff,
    0x00, 0x0c, 0x38, 0xff, 0x00, 0x0c, 0x40, 0xff, 0xf8, 0xfc, 0xf8, 0xff,
    0xf8, 0xfc, 0xf8, 0xff, 0xf8, 0xfc, 0xf8, 0xff, 0xf8, 0xfc, 0xf8, 0xff,
    0xa0, 0xa4, 0xb8, 0xff, 0x00, 0x0c, 0x38, 0xff, 0x00, 0x0c, 0x38, 0xff,
    0x00, 0x0c, 0x38, 0xff, 0x00, 0x08, 0x30, 0xff, 0x00, 0x0c, 0x30, 0xff,
    0x00, 0x0c, 0x38, 0xff, 0x00, 0x08, 0x38, 0xff, 0x00, 0x08, 0x30, 0xff,
    0x00, 0x08, 0x30, 0xff, 0x00, 0x0c, 0x38, 0xff, 0x00, 0x08, 0x30, 0xff,
    0x00, 0x0c, 0x30, 0xff, 0x00, 0x08, 0x30, 0xff, 0xe0, 0xe0, 0xe8, 0xff,
    0xf8, 0xfc, 0xf8, 0xff, 0xf8, 0xfc, 0xf8, 0xff, 0xf8, 0xfc, 0xf8, 0xff,
    0xc0, 0xc4, 0xc8, 0xff, 0x00, 0x08, 0x30, 0xff, 0x00, 0x08, 0x30, 0xff,
    0x00, 0x08, 0x30, 0xff, 0x00, 0x08, 0x30, 0xff, 0x00, 0x08, 0x30, 0xff,
    0x00, 0x08, 0x30, 0xff, 0x00, 0x08, 0x30, 0xff, 0x00, 0x08, 0x30, 0xff,
    0x00, 0x08, 0x28, 0xff, 0x00, 0x08, 0x30, 0xff, 0x00, 0x08, 0x30, 0xff,
    0x00, 0x08, 0x28, 0xff, 0x00, 0x08, 0x30, 0xff, 0x00, 0x04, 0x30, 0xff,
    0x00, 0x08, 0x28, 0xff, 0x00, 0x04, 0x30, 0xff, 0x00, 0x08, 0x30, 0xff,
    0x00, 0x08, 0x28, 0xff, 0x00, 0x04, 0x28, 0xff, 0x00, 0x04, 0x28, 0xff,
    0x00, 0x08, 0x28, 0xff, 0x00, 0x08, 0x28, 0xff, 0x68, 0x68, 0x80, 0xff,
    0xf8, 0xfc, 0xf8, 0xff, 0x68, 0x6c, 0x80, 0xff, 0x00, 0x04, 0x28, 0xff,
    0x00, 0x04, 0x28, 0xff, 0x00, 0x04, 0x28, 0xff, 0x20, 0x28, 0x48, 0xff,
    0xf8, 0xfc, 0xf8, 0xff, 0x88, 0x88, 0x98, 0xff, 0x00, 0x04, 0x28, 0xff,
    0xe0, 0xe0, 0xe0, 0xff, 0xa8, 0xac, 0xb8, 0xff, 0x00, 0x04, 0x28, 0xff,
    0x00, 0x04, 0x28, 0xff, 0x00, 0x04, 0x20, 0xff, 0x20, 0x24, 0x40, 0xff,
    0x30, 0x38, 0x50, 0xff, 0x00, 0x04, 0x20, 0xff, 0x30, 0x34, 0x50, 0xff,
    0xf8, 0xfc, 0xf8, 0xff, 0x78, 0x78, 0x88, 0xff, 0x00, 0x04, 0x20, 0xff,
    0x00, 0x04, 0x20, 0xff, 0x00, 0x04, 0x28, 0xff, 0xa8, 0xac, 0xb8, 0xff,
    0xf8, 0xfc, 0xf8, 0xff, 0x20, 0x24, 0x40, 0xff, 0x00, 0x04, 0x20, 0xff,
    0x98, 0x98, 0xa8, 0xff, 0xe0, 0xdc, 0xe0, 0xff, 0x00, 0x04, 0x20, 0xff,
    0x00, 0x04, 0x20, 0xff, 0x00, 0x04, 0x20, 0xff, 0x98, 0x98, 0xa8, 0xff,
    0xf0, 0xec, 0xf0, 0xff, 0x10, 0x14, 0x30, 0xff, 0x00, 0x04, 0x20, 0xff,
    0x00, 0x00, 0x18, 0xff, 0x10, 0x14, 0x30, 0xff, 0xf0, 0xf0, 0xf0, 0xff,
    0x98, 0x98, 0xa8, 0xff, 0x00, 0x04, 0x20, 0xff, 0x98, 0x9c, 0xa8, 0xff,
    0xf0, 0xec, 0xf0, 0xff, 0x10, 0x14, 0x28, 0xff, 0x00, 0x00, 0x20, 0xff,
    0x00, 0x00, 0x18, 0xff, 0x10, 0x14, 0x28, 0xff, 0xf0, 0xf0, 0xf0, 0xff,
    0x98, 0x98, 0xa8, 0xff, 0x00, 0x00, 0x20, 0xff, 0x68, 0x68, 0x78, 0xff,
    0xf8, 0xfc, 0xf8, 0xff, 0x20, 0x24, 0x38, 0xff, 0x00, 0x00, 0x18, 0xff,
    0x00, 0x00, 0x18, 0xff, 0x98, 0x98, 0xa0, 0xff, 0xe0, 0xdc, 0xe0, 0xff,
    0x00, 0x00, 0x18, 0xff, 0x00, 0x00, 0x18, 0xff, 0x00, 0x00, 0x20, 0xff,
    0xe0, 0xdc, 0xe0, 0xff, 0x98, 0x98, 0xa8, 0xff, 0x00, 0x00, 0x18, 0xff,
    0x00, 0x00, 0x18, 0xff, 0x00, 0x00, 0x20, 0xff, 0x00, 0x00, 0x18, 0xff,
    0x00, 0x00, 0x18, 0xff, 0x00, 0x00, 0x20, 0xff, 0x00, 0x00, 0x18, 0xff,
    0x00, 0x00, 0x18, 0xff, 0x00, 0x00, 0x18, 0xff, 0x00, 0x00, 0x18, 0xff,
    0x00, 0x00, 0x18, 0xff, 0x00, 0x00, 0x18, 0xff, 0x00, 0x00, 0x18, 0xff,
    0x00, 0x00, 0x18, 0xff, 0x00, 0x00, 0x18, 0xff, 0x00, 0x00, 0x18, 0xff,
    0x00, 0x00, 0x18, 0xff, 0x00, 0x00, 0x18, 0xff, 0x00, 0x00, 0x18, 0xff,
    0x00, 0x00, 0x18, 0xff, 0x90, 0x94, 0xa0, 0x71, 0x90, 0x98, 0xb0, 0x6d,
    0x00, 0x10, 0x40, 0xff, 0x00, 0x0c, 0x40, 0xff, 0x00, 0x0c, 0x40, 0xff,
    0x00, 0x0c, 0x40, 0xff, 0x00, 0x10, 0x40, 0xff, 0x00, 0x0c, 0x40, 0xff,
    0x00, 0x0c, 0x40, 0xff, 0x00, 0x10, 0x38, 0xff, 0x00, 0x0c, 0x40, 0xff,
    0x00, 0x0c, 0x40, 0xff, 0x00, 0x0c, 0x38, 0xff, 0x00, 0x10, 0x40, 0xff,
    0x00, 0x0c, 0x38, 0xff, 0x00, 0x0c, 0x38, 0xff, 0x00, 0x0c, 0x38, 0xff,
    0x00, 0x0c, 0x38, 0xff, 0x00, 0x0c, 0x38, 0xff, 0x00, 0x0c, 0x38, 0xff,
    0xf8, 0xfc, 0xf8, 0xff, 0xf8, 0xfc, 0xf8, 0xff, 0xf8, 0xfc, 0xf8, 0xff,
    0xf8, 0xfc, 0xf8, 0xff, 0x10, 0x18, 0x40, 0xff, 0x00, 0x0c, 0x38, 0xff,
    0x00, 0x0c, 0x38, 0xff, 0x00, 0x08, 0x38, 0xff, 0x00, 0x0c, 0x38, 0xff,
    0x10, 0x18, 0x40, 0xff, 0x70, 0x74, 0x90, 0xff, 0x80, 0x84, 0x98, 0xff,
    0x60, 0x68, 0x80, 0xff, 0x00, 0x0c, 0x30, 0xff, 0x00, 0x08, 0x30, 0xff,
    0x00, 0x0c, 0x38, 0xff, 0x00, 0x08, 0x30, 0xff, 0x00, 0x08, 0x30, 0xff,
    0x60, 0x68, 0x80, 0xff, 0xf8, 0xfc, 0xf8, 0xff, 0xf8, 0xfc, 0xf8, 0xff,
    0xf8, 0xfc, 0xf8, 0xff, 0xc0, 0xc4, 0xd0, 0xff, 0x00, 0x08, 0x30, 0xff,
    0x00, 0x08, 0x30, 0xff, 0x00, 0x08, 0x30, 0xff, 0x00, 0x08, 0x30, 0xff,
    0x00, 0x08, 0x30, 0xff, 0x00, 0x08, 0x30, 0xff, 0x00, 0x08, 0x30, 0xff,
    0x00, 0x08, 0x28, 0xff, 0x00, 0x08, 0x28, 0xff, 0x00, 0x08, 0x30, 0xff,
    0x00, 0x08, 0x28, 0xff, 0x00, 0x08, 0x28, 0xff, 0x00, 0x08, 0x30, 0xff,
    0x00, 0x08, 0x28, 0xff, 0x00, 0x04, 0x28, 0xff, 0x00, 0x08, 0x28, 0xff,
    0x00, 0x08, 0x28, 0xff, 0x00, 0x04, 0x30, 0xff, 0x00, 0x04, 0x28, 0xff,
    0x00, 0x08, 0x28, 0xff, 0x00, 0x08, 0x28, 0xff, 0x00, 0x04, 0x28, 0xff,
    0x60, 0x6c, 0x80, 0xff, 0xf8, 0xfc, 0xf8, 0xff, 0x88, 0x8c, 0x98, 0xff,
    0x68, 0x6c, 0x80, 0xff, 0x68, 0x68, 0x78, 0xff, 0x68, 0x68, 0x80, 0xff,
    0xb8, 0xbc, 0xc8, 0xff, 0xf8, 0xfc, 0xf8, 0xff, 0x48, 0x48, 0x60, 0xff,
    0x00, 0x04, 0x28, 0xff, 0x78, 0x7c, 0x88, 0xff, 0xf8, 0xfc, 0xf8, 0xff,
    0x88, 0x8c, 0x98, 0xff, 0x20, 0x24, 0x40, 0xff, 0x30, 0x38, 0x50, 0xff,
    0xa8, 0xac, 0xb8, 0xff, 0xf0, 0xec, 0xf0, 0xff, 0x10, 0x14, 0x30, 0xff,
    0x00, 0x04, 0x28, 0xff, 0xb8, 0xbc, 0xc8, 0xff, 0xf0, 0xf0, 0xf0, 0xff,
    0x68, 0x68, 0x78, 0xff, 0x20, 0x24, 0x40, 0xff, 0x68, 0x68, 0x78, 0xff,
    0xf0, 0xec, 0xf0, 0xff, 0xf8, 0xfc, 0xf8, 0xff, 0x20, 0x24, 0x40, 0xff,
    0x00, 0x04, 0x20, 0xff, 0x98, 0x98, 0xa8, 0xff, 0xe0, 0xdc, 0xe0, 0xff,
    0x00, 0x04, 0x20, 0xff, 0x00, 0x04, 0x20, 0xff, 0x00, 0x04, 0x20, 0xff,
    0x30, 0x34, 0x48, 0xff, 0xf0, 0xec, 0xf0, 0xff, 0xa8, 0xac, 0xb0, 0xff,
    0x30, 0x34, 0x48, 0xff, 0x30, 0x34, 0x48, 0xff, 0xa8, 0xac, 0xb0, 0xff,
    0xf0, 0xec, 0xf0, 0xff, 0x30, 0x34, 0x48, 0xff, 0x00, 0x04, 0x20, 0xff,
    0x38, 0x34, 0x48, 0xff, 0xf0, 0xec, 0xf0, 0xff, 0xa8, 0xac, 0xb8, 0xff,
    0x30, 0x34, 0x48, 0xff, 0x30, 0x34, 0x48, 0xff, 0xa8, 0xac, 0xb8, 0xff,
    0xf0, 0xec, 0xf0, 0xff, 0x30, 0x34, 0x48, 0xff, 0x00, 0x00, 0x18, 0xff,
    0x68, 0x68, 0x78, 0xff, 0xf8, 0xfc, 0xf8, 0xff, 0x20, 0x24, 0x38, 0xff,
    0x00, 0x00, 0x20, 0xff, 0x00, 0x00, 0x20, 0xff, 0x98, 0x9c, 0xa0, 0xff,
    0xd8, 0xdc, 0xe0, 0xff, 0x00, 0x04, 0x20, 0xff, 0x00, 0x00, 0x18, 0xff,
    0x00, 0x04, 0x18, 0xff, 0xd8, 0xdc, 0xe0, 0xff, 0x98, 0x98, 0xa0, 0xff,
    0x00, 0x00, 0x18, 0xff, 0x00, 0x00, 0x18, 0xff, 0x00, 0x00, 0x18, 0xff,
    0x00, 0x00, 0x18, 0xff, 0x00, 0x00, 0x18, 0xff, 0x00, 0x00, 0x18, 0xff,
    0x00, 0x00, 0x18, 0xff, 0x00, 0x00, 0x18, 0xff, 0x00, 0x00, 0x18, 0xff,
    0x00, 0x00, 0x18, 0xff, 0x00, 0x00, 0x18, 0xff, 0x00, 0x00, 0x18, 0xff,
    0x00, 0x00, 0x18, 0xff, 0x00, 0x00, 0x18, 0xff, 0x00, 0x00, 0x18, 0xff,
    0x00, 0x00, 0x18, 0xff, 0x00, 0x00, 0x18, 0xff, 0x00, 0x00, 0x18, 0xff,
    0x00, 0x00, 0x18, 0xff, 0x00, 0x00, 0x18, 0xff, 0x90, 0x90, 0xa0, 0x71,
    0x90, 0x98, 0xb0, 0x71, 0x00, 0x0c, 0x40, 0xff, 0x00, 0x10, 0x40, 0xff,
    0x00, 0x0c, 0x40, 0xff, 0x00, 0x10, 0x40, 0xff, 0x00, 0x0c, 0x40, 0xff,
    0x00, 0x10, 0x40, 0xff, 0x00, 0x0c, 0x38, 0xff, 0x00, 0x0c, 0x40, 0xff,
    0x00, 0x0c, 0x38, 0xff, 0x00, 0x0c, 0x38, 0xff, 0x00, 0x0c, 0x40, 0xff,
    0x00, 0x0c, 0x38, 0xff, 0x00, 0x0c, 0x40, 0xff, 0x00, 0x0c, 0x38, 0xff,
    0x00, 0x0c, 0x40, 0xff, 0x00, 0x0c, 0x38, 0xff, 0x00, 0x0c, 0x38, 0xff,
    0x00, 0x0c, 0x38, 0xff, 0xf8, 0xfc, 0xf8, 0xff, 0xf8, 0xfc, 0xf8, 0xff,
    0xf8, 0xfc, 0xf8, 0xff, 0xb0, 0xb4, 0xc0, 0xff, 0x00, 0x0c, 0x38, 0xff,
    0x00, 0x0c, 0x38, 0xff, 0x00, 0x0c, 0x38, 0xff, 0x00, 0x0c, 0x30, 0xff,
    0x30, 0x38, 0x58, 0xff, 0xf0, 0xf0, 0xf0, 0xff, 0xf8, 0xfc, 0xf8, 0xff,
    0xf8, 0xfc, 0xf8, 0xff, 0xf8, 0xfc, 0xf8, 0xff, 0xd0, 0xd4, 0xd8, 0xff,
    0x10, 0x18, 0x40, 0xff, 0x00, 0x08, 0x30, 0xff, 0x00, 0x08, 0x30, 0xff,
    0x00, 0x08, 0x38, 0xff, 0x00, 0x08, 0x30, 0xff, 0xf0, 0xf0, 0xf0, 0xff,
    0xf8, 0xfc, 0xf8, 0xff, 0xf8, 0xfc, 0xf8, 0xff, 0xc0, 0xc0, 0xd0, 0xff,
    0x00, 0x08, 0x30, 0xff, 0x00, 0x08, 0x30, 0xff, 0x00, 0x08, 0x30, 0xff,
    0x00, 0x08, 0x30, 0xff, 0x00, 0x08, 0x30, 0xff, 0x00, 0x08, 0x28, 0xff,
    0x00, 0x08, 0x30, 0xff, 0x00, 0x08, 0x30, 0xff, 0x00, 0x08, 0x28, 0xff,
    0x00, 0x08, 0x30, 0xff, 0x00, 0x08, 0x28, 0xff, 0x00, 0x04, 0x30, 0xff,
    0x00, 0x08, 0x28, 0xff, 0x00, 0x08, 0x28, 0xff, 0x00, 0x08, 0x28, 0xff,
    0x00, 0x08, 0x28, 0xff, 0x00, 0x04, 0x28, 0xff, 0x00, 0x04, 0x28, 0xff,
    0x00, 0x08, 0x28, 0xff, 0x00, 0x08, 0x28, 0xff, 0x00, 0x04, 0x30, 0xff,
    0x00, 0x04, 0x28, 0xff, 0x68, 0x6c, 0x80, 0xff, 0xf8, 0xfc, 0xf8, 0xff,
    0xf8, 0xfc, 0xf8, 0xff, 0xf8, 0xfc, 0xf8, 0xff, 0xf8, 0xfc, 0xf8, 0xff,
    0xf8, 0xfc, 0xf8, 0xff, 0xe0, 0xe0, 0xe0, 0xff, 0x68, 0x68, 0x78, 0xff,
    0x00, 0x04, 0x28, 0xff, 0x00, 0x04, 0x28, 0xff, 0x00, 0x04, 0x28, 0xff,
    0x78, 0x78, 0x88, 0xff, 0xf0, 0xf0, 0xf0, 0xff, 0xf8, 0xfc, 0xf8, 0xff,
    0xf8, 0xfc, 0xf8, 0xff, 0xf0, 0xf0, 0xf0, 0xff, 0x40, 0x48, 0x60, 0xff,
    0x00, 0x04, 0x20, 0xff, 0x00, 0x04, 0x20, 0xff, 0x20, 0x24, 0x40, 0xff,
    0xb8, 0xbc, 0xc8, 0xff, 0xf8, 0xfc, 0xf8, 0xff, 0xf8, 0xfc, 0xf8, 0xff,
    0xf0, 0xec, 0xf0, 0xff, 0x88, 0x88, 0x98, 0xff, 0xf8, 0xfc, 0xf8, 0xff,
    0x20, 0x24, 0x40, 0xff, 0x00, 0x04, 0x20, 0xff, 0x98, 0x9c, 0xa8, 0xff,
    0xe0, 0xdc, 0xe0, 0xff, 0x00, 0x04, 0x20, 0xff, 0x00, 0x04, 0x20, 0xff,
    0x00, 0x00, 0x20, 0xff, 0x00, 0x04, 0x20, 0xff, 0x40, 0x44, 0x58, 0xff,
    0xf0, 0xf0, 0xf0, 0xff, 0xf8, 0xfc, 0xf8, 0xff, 0xf8, 0xfc, 0xf8, 0xff,
    0xf0, 0xf0, 0xf0, 0xff, 0x48, 0x44, 0x58, 0xff, 0x00, 0x00, 0x20, 0xff,
    0x00, 0x04, 0x18, 0xff, 0x00, 0x00, 0x20, 0xff, 0x40, 0x44, 0x58, 0xff,
    0xf0, 0xf0, 0xf0, 0xff, 0xf8, 0xfc, 0xf8, 0xff, 0xf8, 0xfc, 0xf8, 0xff,
    0xf0, 0xf0, 0xf0, 0xff, 0x48, 0x44, 0x58, 0xff, 0x00, 0x00, 0x18, 0xff,
    0x00, 0x00, 0x18, 0xff, 0x68, 0x68, 0x78, 0xff, 0xf8, 0xfc, 0xf8, 0xff,
    0x20, 0x24, 0x38, 0xff, 0x00, 0x00, 0x18, 0xff, 0x00, 0x00, 0x18, 0xff,
    0x98, 0x98, 0xa8, 0xff, 0xe0, 0xdc, 0xe0, 0xff, 0x00, 0x00, 0x18, 0xff,
    0x00, 0x04, 0x18, 0xff, 0x00, 0x00, 0x18, 0xff, 0xe0, 0xe0, 0xe0, 0xff,
    0x98, 0x98, 0xa8, 0xff, 0x00, 0x00, 0x18, 0xff, 0x00, 0x00, 0x18, 0xff,
    0x00, 0x00, 0x18, 0xff, 0x00, 0x00, 0x18, 0xff, 0x00, 0x00, 0x18, 0xff,
    0x00, 0x00, 0x18, 0xff, 0x00, 0x00, 0x18, 0xff, 0x00, 0x00, 0x18, 0xff,
    0x00, 0x00, 0x18, 0xff, 0x00, 0x00, 0x18, 0xff, 0x00, 0x00, 0x18, 0xff,
    0x00, 0x00, 0x18, 0xff, 0x00, 0x00, 0x18, 0xff, 0x00, 0x00, 0x18, 0xff,
    0x00, 0x00, 0x18, 0xff, 0x00, 0x00, 0x18, 0xff, 0x00, 0x00, 0x18, 0xff,
    0x00, 0x00, 0x18, 0xff, 0x00, 0x00, 0x18, 0xff, 0x00, 0x00, 0x18, 0xff,
    0x90, 0x94, 0x98, 0x71, 0x90, 0x98, 0xa8, 0x71, 0x00, 0x0c, 0x40, 0xff,
    0x00, 0x10, 0x40, 0xff, 0x00, 0x10, 0x40, 0xff, 0x00, 0x0c, 0x40, 0xff,
    0x00, 0x10, 0x40, 0xff, 0x00, 0x10, 0x38, 0xff, 0x00, 0x0c, 0x40, 0xff,
    0x00, 0x0c, 0x40, 0xff, 0x00, 0x10, 0x38, 0xff, 0x00, 0x0c, 0x40, 0xff,
    0x00, 0x10, 0x38, 0xff, 0x00, 0x0c, 0x38, 0xff, 0x00, 0x0c, 0x38, 0xff,
    0x00, 0x0c, 0x38, 0xff, 0x00, 0x0c, 0x38, 0xff, 0x00, 0x0c, 0x38, 0xff,
    0x00, 0x0c, 0x38, 0xff, 0x00, 0x0c, 0x38, 0xff, 0xf8, 0xfc, 0xf8, 0xff,
    0xf8, 0xfc, 0xf8, 0xff, 0xf8, 0xfc, 0xf8, 0xff, 0x80, 0x84, 0x98, 0xff,
    0x00, 0x0c, 0x38, 0xff, 0x00, 0x0c, 0x38, 0xff, 0x00, 0x08, 0x30, 0xff,
    0x00, 0x0c, 0x38, 0xff, 0xb0, 0xb4, 0xc0, 0xff, 0xf8, 0xfc, 0xf8, 0xff,
    0xf8, 0xfc, 0xf8, 0xff, 0xf8, 0xfc, 0xf8, 0xff, 0xf8, 0xfc, 0xf8, 0xff,
    0xf8, 0xfc, 0xf8, 0xff, 0x70, 0x78, 0x90, 0xff, 0x00, 0x08, 0x30, 0xff,
    0x00, 0x08, 0x30, 0xff, 0x00, 0x0c, 0x30, 0xff, 0x00, 0x08, 0x30, 0xff,
    0xc0, 0xc4, 0xd0, 0xff, 0xf8, 0xfc, 0xf8, 0xff, 0xf8, 0xfc, 0xf8, 0xff,
    0xc0, 0xc4, 0xc8, 0xff, 0x00, 0x08, 0x30, 0xff, 0x00, 0x08, 0x30, 0xff,
    0x00, 0x08, 0x30, 0xff, 0x00, 0x08, 0x30, 0xff, 0x00, 0x08, 0x28, 0xff,
    0x00, 0x08, 0x28, 0xff, 0x00, 0x08, 0x30, 0xff, 0x00, 0x08, 0x28, 0xff,
    0x00, 0x08, 0x30, 0xff, 0x00, 0x08, 0x28, 0xff, 0x00, 0x08, 0x30, 0xff,
    0x00, 0x08, 0x28, 0xff, 0x00, 0x04, 0x28, 0xff, 0x00, 0x08, 0x30, 0xff,
    0x00, 0x08, 0x30, 0xff, 0x00, 0x04, 0x28, 0xff, 0x00, 0x04, 0x28, 0xff,
    0x00, 0x08, 0x28, 0xff, 0x00, 0x04, 0x28, 0xff, 0x00, 0x04, 0x28, 0xff,
    0x00, 0x08, 0x28, 0xff, 0x00, 0x04, 0x28, 0xff, 0x00, 0x04, 0x28, 0xff,
    0x20, 0x28, 0x48, 0xff, 0x20, 0x24, 0x40, 0xff, 0x20, 0x24, 0x40, 0xff,
    0x20, 0x28, 0x40, 0xff, 0x20, 0x28, 0x40, 0xff, 0x00, 0x04, 0x28, 0xff,
    0x00, 0x04, 0x28, 0xff, 0x00, 0x04, 0x20, 0xff, 0x00, 0x08, 0x28, 0xff,
    0x00, 0x04, 0x28, 0xff, 0x00, 0x04, 0x20, 0xff, 0x10, 0x14, 0x30, 0xff,
    0x58, 0x58, 0x70, 0xff, 0x40, 0x48, 0x60, 0xff, 0x10, 0x14, 0x30, 0xff,
    0x00, 0x04, 0x20, 0xff, 0x00, 0x04, 0x28, 0xff, 0x00, 0x04, 0x20, 0xff,
    0x00, 0x04, 0x20, 0xff, 0x00, 0x04, 0x20, 0xff, 0x48, 0x48, 0x60, 0xff,
    0x58, 0x58, 0x68, 0xff, 0x10, 0x14, 0x30, 0xff, 0x00, 0x04, 0x20, 0xff,
    0x20, 0x24, 0x40, 0xff, 0x00, 0x04, 0x20, 0xff, 0x00, 0x04, 0x20, 0xff,
    0x10, 0x14, 0x30, 0xff, 0x10, 0x14, 0x30, 0xff, 0x00, 0x04, 0x20, 0xff,
    0x00, 0x04, 0x20, 0xff, 0x00, 0x00, 0x20, 0xff, 0x00, 0x00, 0x20, 0xff,
    0x00, 0x04, 0x20, 0xff, 0x10, 0x14, 0x30, 0xff, 0x58, 0x54, 0x68, 0xff,
    0x58, 0x58, 0x68, 0xff, 0x10, 0x14, 0x30, 0xff, 0x00, 0x00, 0x20, 0xff,
    0x00, 0x04, 0x20, 0xff, 0x00, 0x04, 0x18, 0xff, 0x00, 0x00, 0x18, 0xff,
    0x00, 0x04, 0x20, 0xff, 0x10, 0x14, 0x28, 0xff, 0x58, 0x54, 0x68, 0xff,
    0x58, 0x58, 0x68, 0xff, 0x10, 0x10, 0x28, 0xff, 0x00, 0x00, 0x20, 0xff,
    0x00, 0x00, 0x18, 0xff, 0x00, 0x00, 0x18, 0xff, 0x00, 0x00, 0x20, 0xff,
    0x20, 0x24, 0x38, 0xff, 0x00, 0x00, 0x18, 0xff, 0x00, 0x00, 0x18, 0xff,
    0x00, 0x00, 0x18, 0xff, 0x10, 0x14, 0x28, 0xff, 0x10, 0x14, 0x28, 0xff,
    0x00, 0x00, 0x18, 0xff, 0x00, 0x00, 0x20, 0xff, 0x00, 0x00, 0x18, 0xff,
    0x10, 0x10, 0x28, 0xff, 0x10, 0x14, 0x28, 0xff, 0x00, 0x00, 0x18, 0xff,
    0x00, 0x00, 0x18, 0xff, 0x00, 0x00, 0x18, 0xff, 0x00, 0x00, 0x20, 0xff,
    0x00, 0x00, 0x18, 0xff, 0x00, 0x00, 0x18, 0xff, 0x00, 0x00, 0x18, 0xff,
    0x00, 0x00, 0x18, 0xff, 0x00, 0x00, 0x18, 0xff, 0x00, 0x00, 0x18, 0xff,
    0x00, 0x00, 0x18, 0xff, 0x00, 0x00, 0x18, 0xff, 0x00, 0x00, 0x18, 0xff,
    0x00, 0x00, 0x18, 0xff, 0x00, 0x00, 0x18, 0xff, 0x00, 0x00, 0x18, 0xff,
    0x00, 0x00, 0x18, 0xff, 0x00, 0x00, 0x18, 0xff, 0x00, 0x00, 0x18, 0xff,
    0x00, 0x00, 0x18, 0xff, 0x90, 0x90, 0xa0, 0x71, 0x90, 0x98, 0xb0, 0x71,
    0x00, 0x0c, 0x40, 0xff, 0x00, 0x10, 0x40, 0xff, 0x00, 0x0c, 0x40, 0xff,
    0x00, 0x0c, 0x40, 0xff, 0x00, 0x10, 0x38, 0xff, 0x00, 0x0c, 0x40, 0xff,
    0x00, 0x0c, 0x38, 0xff, 0x00, 0x0c, 0x38, 0xff, 0x00, 0x0c, 0x40, 0xff,
    0x00, 0x0c, 0x38, 0xff, 0x00, 0x0c, 0x40, 0xff, 0x00, 0x0c, 0x38, 0xff,
    0x00, 0x0c, 0x38, 0xff, 0x00, 0x0c, 0x38, 0xff, 0x00, 0x0c, 0x38, 0xff,
    0x00, 0x0c, 0x38, 0xff, 0x00, 0x0c, 0x38, 0xff, 0x00, 0x0c, 0x38, 0xff,
    0xf8, 0xfc, 0xf8, 0xff, 0xf8, 0xfc, 0xf8, 0xff, 0xf8, 0xfc, 0xf8, 0xff,
    0x40, 0x48, 0x68, 0xff, 0x00, 0x0c, 0x38, 0xff, 0x00, 0x0c, 0x38, 0xff,
    0x00, 0x08, 0x30, 0xff, 0x00, 0x08, 0x38, 0xff, 0xf8, 0xfc, 0xf8, 0xff,
    0xf8, 0xfc, 0xf8, 0xff, 0xf8, 0xfc, 0xf8, 0xff, 0xf8, 0xfc, 0xf8, 0xff,
    0xf8, 0xfc, 0xf8, 0xff, 0xf8, 0xfc, 0xf8, 0xff, 0xb0, 0xb4, 0xc0, 0xff,
    0x00, 0x08, 0x30, 0xff, 0x00, 0x08, 0x30, 0xff, 0x00, 0x08, 0x30, 0xff,
    0x00, 0x08, 0x30, 0xff, 0x90, 0x94, 0xa8, 0xff, 0xf8, 0xfc, 0xf8, 0xff,
    0xf8, 0xfc, 0xf8, 0xff, 0xc0, 0xc4, 0xc8, 0xff, 0x00, 0x08, 0x30, 0xff,
    0x00, 0x08, 0x30, 0xff, 0x00, 0x08, 0x28, 0xff, 0x00, 0x08, 0x30, 0xff,
    0x00, 0x08, 0x30, 0xff, 0x00, 0x08, 0x30, 0xff, 0x00, 0x08, 0x30, 0xff,
    0x00, 0x08, 0x28, 0xff, 0x00, 0x08, 0x28, 0xff, 0x00, 0x04, 0x30, 0xff,
    0x00, 0x08, 0x28, 0xff, 0x00, 0x08, 0x28, 0xff, 0x00, 0x08, 0x30, 0xff,
    0x00, 0x04, 0x28, 0xff, 0x00, 0x04, 0x28, 0xff, 0x00, 0x08, 0x28, 0xff,
    0x00, 0x08, 0x28, 0xff, 0x00, 0x04, 0x30, 0xff, 0x00, 0x08, 0x28, 0xff,
    0x00, 0x08, 0x28, 0xff, 0x00, 0x04, 0x28, 0xff, 0x00, 0x08, 0x28, 0xff,
    0x00, 0x08, 0x28, 0xff, 0x00, 0x04, 0x28, 0xff, 0x00, 0x04, 0x28, 0xff,
    0x00, 0x04, 0x28, 0xff, 0x00, 0x04, 0x28, 0xff, 0x00, 0x04, 0x28, 0xff,
    0x00, 0x04, 0x28, 0xff, 0x00, 0x04, 0x28, 0xff, 0x00, 0x04, 0x20, 0xff,
    0x00, 0x04, 0x20, 0xff, 0x00, 0x04, 0x28, 0xff, 0x00, 0x04, 0x20, 0xff,
    0x00, 0x04, 0x28, 0xff, 0x00, 0x04, 0x20, 0xff, 0x00, 0x04, 0x20, 0xff,
    0x00, 0x04, 0x28, 0xff, 0x00, 0x04, 0x20, 0xff, 0x00, 0x04, 0x20, 0xff,
    0x00, 0x04, 0x20, 0xff, 0x00, 0x04, 0x20, 0xff, 0x00, 0x04, 0x20, 0xff,
    0x00, 0x04, 0x20, 0xff, 0x00, 0x04, 0x20, 0xff, 0x00, 0x04, 0x20, 0xff,
    0x00, 0x04, 0x20, 0xff, 0x00, 0x04, 0x20, 0xff, 0x00, 0x04, 0x20, 0xff,
    0x00, 0x04, 0x20, 0xff, 0x00, 0x04, 0x20, 0xff, 0x00, 0x04, 0x20, 0xff,
    0x00, 0x00, 0x20, 0xff, 0x00, 0x00, 0x20, 0xff, 0x00, 0x04, 0x20, 0xff,
    0x00, 0x00, 0x20, 0xff, 0x00, 0x04, 0x20, 0xff, 0x00, 0x00, 0x20, 0xff,
    0x00, 0x00, 0x20, 0xff, 0x00, 0x04, 0x20, 0xff, 0x00, 0x00, 0x20, 0xff,
    0x00, 0x00, 0x18, 0xff, 0x00, 0x04, 0x20, 0xff, 0x00, 0x00, 0x20, 0xff,
    0x00, 0x04, 0x18, 0xff, 0x00, 0x00, 0x20, 0xff, 0x00, 0x00, 0x18, 0xff,
    0x00, 0x00, 0x20, 0xff, 0x00, 0x00, 0x20, 0xff, 0x00, 0x00, 0x18, 0xff,
    0x00, 0x04, 0x18, 0xff, 0x00, 0x00, 0x20, 0xff, 0x00, 0x00, 0x18, 0xff,
    0x00, 0x00, 0x18, 0xff, 0x00, 0x00, 0x18, 0xff, 0x00, 0x00, 0x18, 0xff,
    0x00, 0x00, 0x20, 0xff, 0x00, 0x04, 0x18, 0xff, 0x00, 0x00, 0x18, 0xff,
    0x00, 0x00, 0x18, 0xff, 0x00, 0x00, 0x20, 0xff, 0x00, 0x00, 0x18, 0xff,
    0x00, 0x00, 0x18, 0xff, 0x00, 0x00, 0x18, 0xff, 0x00, 0x00, 0x18, 0xff,
    0x00, 0x00, 0x18, 0xff, 0x00, 0x00, 0x18, 0xff, 0x00, 0x00, 0x18, 0xff,
    0x00, 0x00, 0x18, 0xff, 0x00, 0x00, 0x18, 0xff, 0x00, 0x00, 0x18, 0xff,
    0x00, 0x00, 0x18, 0xff, 0x00, 0x00, 0x18, 0xff, 0x00, 0x00, 0x18, 0xff,
    0x00, 0x00, 0x18, 0xff, 0x00, 0x00, 0x18, 0xff, 0x00, 0x00, 0x18, 0xff,
    0x00, 0x00, 0x18, 0xff, 0x00, 0x00, 0x18, 0xff, 0x00, 0x00, 0x18, 0xff,
    0x00, 0x00, 0x18, 0xff, 0x00, 0x00, 0x18, 0xff, 0x00, 0x00, 0x18, 0xff,
    0x00, 0x00, 0x18, 0xff, 0x00, 0x00, 0x18, 0xff, 0x90, 0x94, 0xa0, 0x71,
    0x90, 0x98, 0xb0, 0x71, 0x00, 0x10, 0x40, 0xff, 0x00, 0x0c, 0x38, 0xff,
    0x00, 0x10, 0x40, 0xff, 0x00, 0x0c, 0x38, 0xff, 0x00, 0x0c, 0x40, 0xff,
    0x00, 0x0c, 0x38, 0xff, 0x00, 0x0c, 0x40, 0xff, 0x00, 0x10, 0x40, 0xff,
    0x00, 0x0c, 0x38, 0xff, 0x00, 0x0c, 0x38, 0xff, 0x00, 0x0c, 0x38, 0xff,
    0x00, 0x0c, 0x40, 0xff, 0x00, 0x0c, 0x38, 0xff, 0x00, 0x0c, 0x38, 0xff,
    0x00, 0x0c, 0x40, 0xff, 0x00, 0x0c, 0x38, 0xff, 0x00, 0x0c, 0x38, 0xff,
    0x00, 0x0c, 0x38, 0xff, 0xf8, 0xfc, 0xf8, 0xff, 0xf8, 0xfc, 0xf8, 0xff,
    0xf8, 0xfc, 0xf8, 0xff, 0x60, 0x68, 0x80, 0xff, 0x00, 0x0c, 0x38, 0xff,
    0x00, 0x0c, 0x38, 0xff, 0x00, 0x08, 0x30, 0xff, 0x00, 0x0c, 0x30, 0xff,
    0xe0, 0xe0, 0xe8, 0xff, 0xf8, 0xfc, 0xf8, 0xff, 0xf8, 0xfc, 0xf8, 0xff,
    0xf8, 0xfc, 0xf8, 0xff, 0xf8, 0xfc, 0xf8, 0xff, 0xf8, 0xfc, 0xf8, 0xff,
    0xa0, 0xa4, 0xb0, 0xff, 0x00, 0x08, 0x30, 0xff, 0x00, 0x08, 0x30, 0xff,
    0x00, 0x0c, 0x30, 0xff, 0x00, 0x08, 0x30, 0xff, 0xb0, 0xb4, 0xc0, 0xff,
    0xf8, 0xfc, 0xf8, 0xff, 0xf8, 0xfc, 0xf8, 0xff, 0xc0, 0xc0, 0xd0, 0xff,
    0x00, 0x08, 0x30, 0xff, 0x00, 0x08, 0x30, 0xff, 0x00, 0x08, 0x30, 0xff,
    0x00, 0x08, 0x28, 0xff, 0x00, 0x08, 0x30, 0xff, 0x00, 0x08, 0x30, 0xff,
    0x00, 0x08, 0x28, 0xff, 0x00, 0x08, 0x30, 0xff, 0x00, 0x08, 0x30, 0xff,
    0x00, 0x08, 0x28, 0xff, 0x00, 0x04, 0x28, 0xff, 0x00, 0x08, 0x30, 0xff,
    0x00, 0x08, 0x28, 0xff, 0x00, 0x04, 0x28, 0xff, 0x00, 0x04, 0x28, 0xff,
    0x00, 0x08, 0x28, 0xff, 0x00, 0x04, 0x28, 0xff, 0x00, 0x04, 0x28, 0xff,
    0x00, 0x08, 0x28, 0xff, 0x00, 0x04, 0x28, 0xff, 0x00, 0x04, 0x28, 0xff,
    0x00, 0x08, 0x28, 0xff, 0x00, 0x04, 0x28, 0xff, 0x00, 0x04, 0x28, 0xff,
    0x00, 0x04, 0x28, 0xff, 0x00, 0x08, 0x28, 0xff, 0x00, 0x04, 0x28, 0xff,
    0x00, 0x04, 0x20, 0xff, 0x00, 0x08, 0x28, 0xff, 0x00, 0x04, 0x28, 0xff,
    0x00, 0x08, 0x20, 0xff, 0x00, 0x04, 0x28, 0xff, 0x00, 0x04, 0x20, 0xff,
    0x00, 0x04, 0x28, 0xff, 0x00, 0x04, 0x20, 0xff, 0x00, 0x04, 0x20, 0xff,
    0x00, 0x04, 0x28, 0xff, 0x00, 0x04, 0x20, 0xff, 0x00, 0x04, 0x20, 0xff,
    0x00, 0x04, 0x20, 0xff, 0x00, 0x04, 0x28, 0xff, 0x00, 0x04, 0x20, 0xff,
    0x00, 0x04, 0x20, 0xff, 0x00, 0x00, 0x20, 0xff, 0x00, 0x04, 0x20, 0xff,
    0x00, 0x04, 0x20, 0xff, 0x00, 0x04, 0x20, 0xff, 0x00, 0x04, 0x20, 0xff,
    0x00, 0x00, 0x20, 0xff, 0x00, 0x04, 0x20, 0xff, 0x00, 0x04, 0x20, 0xff,
    0x00, 0x04, 0x20, 0xff, 0x00, 0x00, 0x20, 0xff, 0x00, 0x04, 0x20, 0xff,
    0x00, 0x04, 0x18, 0xff, 0x00, 0x00, 0x20, 0xff, 0x00, 0x04, 0x20, 0xff,
    0x00, 0x04, 0x18, 0xff, 0x00, 0x00, 0x18, 0xff, 0x00, 0x04, 0x20, 0xff,
    0x00, 0x04, 0x18, 0xff, 0x00, 0x00, 0x20, 0xff, 0x00, 0x04, 0x20, 0xff,
    0x00, 0x00, 0x18, 0xff, 0x00, 0x00, 0x20, 0xff, 0x00, 0x00, 0x18, 0xff,
    0x00, 0x00, 0x18, 0xff, 0x00, 0x00, 0x20, 0xff, 0x00, 0x00, 0x18, 0xff,
    0x00, 0x04, 0x18, 0xff, 0x00, 0x00, 0x20, 0xff, 0x00, 0x00, 0x18, 0xff,
    0x00, 0x04, 0x20, 0xff, 0x00, 0x04, 0x18, 0xff, 0x00, 0x00, 0x18, 0xff,
    0x00, 0x00, 0x20, 0xff, 0x00, 0x04, 0x18, 0xff, 0x00, 0x00, 0x18, 0xff,
    0x00, 0x00, 0x20, 0xff, 0x00, 0x00, 0x18, 0xff, 0x00, 0x04, 0x18, 0xff,
    0x00, 0x00, 0x18, 0xff, 0x00, 0x00, 0x18, 0xff, 0x00, 0x00, 0x18, 0xff,
    0x00, 0x00, 0x18, 0xff, 0x00, 0x00, 0x18, 0xff, 0x00, 0x00, 0x20, 0xff,
    0x00, 0x00, 0x18, 0xff, 0x00, 0x00, 0x18, 0xff, 0x00, 0x00, 0x18, 0xff,
    0x00, 0x00, 0x18, 0xff, 0x00, 0x00, 0x18, 0xff, 0x00, 0x00, 0x18, 0xff,
    0x00, 0x00, 0x18, 0xff, 0x00, 0x00, 0x18, 0xff, 0x00, 0x00, 0x18, 0xff,
    0x00, 0x00, 0x18, 0xff, 0x00, 0x00, 0x18, 0xff, 0x00, 0x00, 0x18, 0xff,
    0x00, 0x00, 0x18, 0xff, 0x00, 0x00, 0x18, 0xff, 0x00, 0x00, 0x18, 0xff,
    0x00, 0x00, 0x18, 0xff, 0x00, 0x00, 0x18, 0xff, 0x00, 0x00, 0x18, 0xff,
    0x90, 0x94, 0x98, 0x71, 0x90, 0x98, 0xa8, 0x71, 0x00, 0x0c, 0x40, 0xff,
    0x00, 0x10, 0x40, 0xff, 0x00, 0x10, 0x38, 0xff, 0x00, 0x0c, 0x40, 0xff,
    0x00, 0x0c, 0x38, 0xff, 0x00, 0x0c, 0x40, 0xff, 0x00, 0x0c, 0x38, 0xff,
    0x00, 0x10, 0x38, 0xff, 0x00, 0x0c, 0x40, 0xff, 0x00, 0x0c, 0x38, 0xff,
    0x00, 0x0c, 0x38, 0xff, 0x00, 0x0c, 0x38, 0xff, 0x00, 0x0c, 0x38, 0xff,
    0x00, 0x0c, 0x38, 0xff, 0x00, 0x0c, 0x38, 0xff, 0x00, 0x0c, 0x38, 0xff,
    0x00, 0x0c, 0x38, 0xff, 0x00, 0x0c, 0x38, 0xff, 0xf8, 0xfc, 0xf8, 0xff,
    0xf8, 0xfc, 0xf8, 0xff, 0xf8, 0xfc, 0xf8, 0xff, 0x90, 0x94, 0xa8, 0xff,
    0x00, 0x0c, 0x38, 0xff, 0x00, 0x08, 0x38, 0xff, 0x00, 0x0c, 0x30, 0xff,
    0x00, 0x0c, 0x38, 0xff, 0x80, 0x84, 0x98, 0xff, 0xf8, 0xfc, 0xf8, 0xff,
    0xf8, 0xfc, 0xf8, 0xff, 0xf8, 0xfc, 0xf8, 0xff, 0xf8, 0xfc, 0xf8, 0xff,
    0xf8, 0xfc, 0xf8, 0xff, 0x40, 0x48, 0x68, 0xff, 0x00, 0x08, 0x30, 0xff,
    0x00, 0x08, 0x30, 0xff, 0x00, 0x0c, 0x30, 0xff, 0x00, 0x08, 0x30, 0xff,
    0xd0, 0xd0, 0xd8, 0xff, 0xf8, 0xfc, 0xf8, 0xff, 0xf8, 0xfc, 0xf8, 0xff,
    0xc0, 0xc4, 0xc8, 0xff, 0x00, 0x08, 0x30, 0xff, 0x00, 0x08, 0x30, 0xff,
    0x00, 0x08, 0x28, 0xff, 0x00, 0x08, 0x28, 0xff, 0x00, 0x08, 0x30, 0xff,
    0x00, 0x08, 0x28, 0xff, 0x00, 0x08, 0x28, 0xff, 0x00, 0x04, 0x30, 0xff,
    0x00, 0x08, 0x28, 0xff, 0x00, 0x08, 0x28, 0xff, 0x00, 0x08, 0x30, 0xff,
    0x00, 0x08, 0x28, 0xff, 0x00, 0x04, 0x28, 0xff, 0x00, 0x08, 0x30, 0xff,
    0x00, 0x08, 0x28, 0xff, 0x00, 0x04, 0x28, 0xff, 0x00, 0x08, 0x28, 0xff,
    0x00, 0x08, 0x28, 0xff, 0x00, 0x04, 0x28, 0xff, 0x00, 0x08, 0x28, 0xff,
    0x00, 0x08, 0x28, 0xff, 0x00, 0x04, 0x28, 0xff, 0x00, 0x04, 0x28, 0xff,
    0x00, 0x04, 0x28, 0xff, 0x00, 0x04, 0x28, 0xff, 0x00, 0x04, 0x28, 0xff,
    0x00, 0x04, 0x20, 0xff, 0x00, 0x04, 0x28, 0xff, 0x00, 0x04, 0x20, 0xff,
    0x00, 0x04, 0x28, 0xff, 0x00, 0x04, 0x20, 0xff, 0x00, 0x04, 0x28, 0xff,
    0x00, 0x04, 0x28, 0xff, 0x00, 0x04, 0x20, 0xff, 0x00, 0x04, 0x20, 0xff,
    0x00, 0x04, 0x28, 0xff, 0x00, 0x04, 0x20, 0xff, 0x00, 0x04, 0x20, 0xff,
    0x00, 0x04, 0x28, 0xff, 0x00, 0x04, 0x20, 0xff, 0x00, 0x04, 0x20, 0xff,
    0x00, 0x04, 0x20, 0xff, 0x00, 0x04, 0x20, 0xff, 0x00, 0x00, 0x20, 0xff,
    0x00, 0x04, 0x20, 0xff, 0x00, 0x00, 0x20, 0xff, 0x00, 0x04, 0x20, 0xff,
    0x00, 0x04, 0x20, 0xff, 0x00, 0x00, 0x20, 0xff, 0x00, 0x04, 0x20, 0xff,
    0x00, 0x04, 0x20, 0xff, 0x00, 0x00, 0x20, 0xff, 0x00, 0x00, 0x20, 0xff,
    0x00, 0x04, 0x18, 0xff, 0x00, 0x00, 0x20, 0xff, 0x00, 0x00, 0x20, 0xff,
    0x00, 0x04, 0x20, 0xff, 0x00, 0x00, 0x18, 0xff, 0x00, 0x00, 0x20, 0xff,
    0x00, 0x04, 0x20, 0xff, 0x00, 0x00, 0x18, 0xff, 0x00, 0x04, 0x20, 0xff,
    0x00, 0x04, 0x18, 0xff, 0x00, 0x00, 0x18, 0xff, 0x00, 0x00, 0x20, 0xff,
    0x00, 0x04, 0x20, 0xff, 0x00, 0x00, 0x18, 0xff, 0x00, 0x00, 0x18, 0xff,
    0x00, 0x04, 0x18, 0xff, 0x00, 0x00, 0x20, 0xff, 0x00, 0x00, 0x18, 0xff,
    0x00, 0x00, 0x18, 0xff, 0x00, 0x00, 0x18, 0xff, 0x00, 0x00, 0x20, 0xff,
    0x00, 0x00, 0x18, 0xff, 0x00, 0x04, 0x18, 0xff, 0x00, 0x00, 0x18, 0xff,
    0x00, 0x00, 0x18, 0xff, 0x00, 0x00, 0x20, 0xff, 0x00, 0x04, 0x18, 0xff,
    0x00, 0x00, 0x18, 0xff, 0x00, 0x00, 0x18, 0xff, 0x00, 0x00, 0x18, 0xff,
    0x00, 0x00, 0x18, 0xff, 0x00, 0x00, 0x18, 0xff, 0x00, 0x00, 0x18, 0xff,
    0x00, 0x00, 0x18, 0xff, 0x00, 0x00, 0x18, 0xff, 0x00, 0x00, 0x18, 0xff,
    0x00, 0x00, 0x18, 0xff, 0x00, 0x00, 0x18, 0xff, 0x00, 0x00, 0x18, 0xff,
    0x00, 0x00, 0x18, 0xff, 0x00, 0x00, 0x18, 0xff, 0x00, 0x00, 0x18, 0xff,
    0x00, 0x00, 0x18, 0xff, 0x00, 0x00, 0x18, 0xff, 0x00, 0x00, 0x18, 0xff,
    0x00, 0x00, 0x18, 0xff, 0x00, 0x00, 0x18, 0xff, 0x00, 0x00, 0x18, 0xff,
    0x00, 0x00, 0x18, 0xff, 0x00, 0x00, 0x18, 0xff, 0x00, 0x00, 0x18, 0xff,
    0x00, 0x00, 0x18, 0xff, 0x90, 0x90, 0xa0, 0x71, 0x90, 0x98, 0xb0, 0x6d,
    0x00, 0x0c, 0x40, 0xff, 0x00, 0x0c, 0x38, 0xff, 0x00, 0x0c, 0x40, 0xff,
    0x00, 0x0c, 0x38, 0xff, 0x00, 0x10, 0x40, 0xff, 0x00, 0x0c, 0x38, 0xff,
    0x00, 0x0c, 0x38, 0xff, 0x00, 0x0c, 0x38, 0xff, 0x00, 0x0c, 0x38, 0xff,
    0x00, 0x0c, 0x40, 0xff, 0x00, 0x0c, 0x38, 0xff, 0x00, 0x0c, 0x38, 0xff,
    0x00, 0x0c, 0x38, 0xff, 0x00, 0x0c, 0x38, 0xff, 0x00, 0x0c, 0x38, 0xff,
    0x00, 0x0c, 0x38, 0xff, 0x00, 0x0c, 0x38, 0xff, 0x00, 0x0c, 0x38, 0xff,
    0xf8, 0xfc, 0xf8, 0xff, 0xf8, 0xfc, 0xf8, 0xff, 0xf8, 0xfc, 0xf8, 0xff,
    0xe0, 0xe0, 0xe8, 0xff, 0x00, 0x08, 0x30, 0xff, 0x00, 0x08, 0x30, 0xff,
    0x00, 0x0c, 0x38, 0xff, 0x00, 0x08, 0x38, 0xff, 0x00, 0x0c, 0x30, 0xff,
    0x80, 0x84, 0x98, 0xff, 0xf0, 0xf0, 0xf0, 0xff, 0xf8, 0xfc, 0xf8, 0xff,
    0xe0, 0xe0, 0xe8, 0xff, 0x50, 0x58, 0x70, 0xff, 0x00, 0x08, 0x30, 0xff,
    0x00, 0x08, 0x30, 0xff, 0x00, 0x08, 0x30, 0xff, 0x00, 0x08, 0x30, 0xff,
    0x20, 0x28, 0x48, 0xff, 0xf8, 0xfc, 0xf8, 0xff, 0xf8, 0xfc, 0xf8, 0xff,
    0xf8, 0xfc, 0xf8, 0xff, 0xc0, 0xc4, 0xc8, 0xff, 0x00, 0x08, 0x30, 0xff,
    0x00, 0x08, 0x28, 0xff, 0x00, 0x08, 0x30, 0xff, 0x00, 0x08, 0x30, 0xff,
    0x00, 0x08, 0x28, 0xff, 0x00, 0x08, 0x28, 0xff, 0x00, 0x08, 0x30, 0xff,
    0x00, 0x08, 0x28, 0xff, 0x00, 0x04, 0x28, 0xff, 0x00, 0x08, 0x30, 0xff,
    0x00, 0x08, 0x28, 0xff, 0x00, 0x04, 0x28, 0xff, 0x00, 0x04, 0x28, 0xff,
    0x00, 0x08, 0x28, 0xff, 0x00, 0x04, 0x28, 0xff, 0x00, 0x04, 0x28, 0xff,
    0x00, 0x08, 0x28, 0xff, 0x00, 0x04, 0x28, 0xff, 0x00, 0x04, 0x28, 0xff,
    0x00, 0x08, 0x28, 0xff, 0x00, 0x04, 0x28, 0xff, 0x00, 0x04, 0x28, 0xff,
    0x00, 0x04, 0x28, 0xff, 0x00, 0x08, 0x20, 0xff, 0x00, 0x04, 0x28, 0xff,
    0x00, 0x08, 0x20, 0xff, 0x00, 0x04, 0x28, 0xff, 0x00, 0x08, 0x28, 0xff,
    0x00, 0x04, 0x20, 0xff, 0x00, 0x04, 0x20, 0xff, 0x00, 0x04, 0x28, 0xff,
    0x00, 0x04, 0x20, 0xff, 0x00, 0x04, 0x20, 0xff, 0x00, 0x04, 0x20, 0xff,
    0x00, 0x04, 0x28, 0xff, 0x00, 0x04, 0x20, 0xff, 0x00, 0x04, 0x20, 0xff,
    0x00, 0x04, 0x20, 0xff, 0x00, 0x04, 0x28, 0xff, 0x00, 0x04, 0x20, 0xff,
    0x00, 0x04, 0x20, 0xff, 0x00, 0x00, 0x20, 0xff, 0x00, 0x04, 0x28, 0xff,
    0x00, 0x04, 0x20, 0xff, 0x00, 0x04, 0x20, 0xff, 0x00, 0x04, 0x20, 0xff,
    0x00, 0x00, 0x20, 0xff, 0x00, 0x04, 0x20, 0xff, 0x00, 0x04, 0x20, 0xff,
    0x00, 0x04, 0x20, 0xff, 0x00, 0x00, 0x20, 0xff, 0x00, 0x00, 0x20, 0xff,
    0x00, 0x04, 0x18, 0xff, 0x00, 0x00, 0x20, 0xff, 0x00, 0x04, 0x20, 0xff,
    0x00, 0x00, 0x18, 0xff, 0x00, 0x04, 0x18, 0xff, 0x00, 0x00, 0x20, 0xff,
    0x00, 0x04, 0x20, 0xff, 0x00, 0x00, 0x20, 0xff, 0x00, 0x00, 0x18, 0xff,
    0x00, 0x04, 0x18, 0xff, 0x00, 0x00, 0x20, 0xff, 0x00, 0x00, 0x18, 0xff,
    0x00, 0x00, 0x20, 0xff, 0x00, 0x04, 0x20, 0xff, 0x00, 0x00, 0x18, 0xff,
    0x00, 0x00, 0x20, 0xff, 0x00, 0x00, 0x20, 0xff, 0x00, 0x00, 0x18, 0xff,
    0x00, 0x04, 0x20, 0xff, 0x00, 0x00, 0x18, 0xff, 0x00, 0x00, 0x18, 0xff,
    0x00, 0x00, 0x18, 0xff, 0x00, 0x04, 0x20, 0xff, 0x00, 0x00, 0x18, 0xff,
    0x00, 0x00, 0x18, 0xff, 0x00, 0x00, 0x18, 0xff, 0x00, 0x04, 0x18, 0xff,
    0x00, 0x00, 0x18, 0xff, 0x00, 0x00, 0x18, 0xff, 0x00, 0x00, 0x18, 0xff,
    0x00, 0x00, 0x18, 0xff, 0x00, 0x00, 0x20, 0xff, 0x00, 0x00, 0x18, 0xff,
    0x00, 0x00, 0x18, 0xff, 0x00, 0x00, 0x18, 0xff, 0x00, 0x00, 0x18, 0xff,
    0x00, 0x00, 0x18, 0xff, 0x00, 0x00, 0x18, 0xff, 0x00, 0x00, 0x18, 0xff,
    0x00, 0x00, 0x18, 0xff, 0x00, 0x00, 0x18, 0xff, 0x00, 0x00, 0x18, 0xff,
    0x00, 0x00, 0x18, 0xff, 0x00, 0x00, 0x18, 0xff, 0x00, 0x00, 0x18, 0xff,
    0x00, 0x00, 0x18, 0xff, 0x00, 0x00, 0x18, 0xff, 0x00, 0x00, 0x18, 0xff,
    0x00, 0x00, 0x18, 0xff, 0x00, 0x00, 0x18, 0xff, 0x00, 0x00, 0x18, 0xff,
    0x00, 0x00, 0x18, 0xff, 0x00, 0x00, 0x18, 0xff, 0x90, 0x94, 0xa0, 0x71,
    0x90, 0x98, 0xb0, 0x71, 0x00, 0x10, 0x38, 0xff, 0x00, 0x0c, 0x40, 0xff,
    0x00, 0x0c, 0x38, 0xff, 0x00, 0x0c, 0x40, 0xff, 0x00, 0x10, 0x40, 0xff,
    0x00, 0x0c, 0x38, 0xff, 0x00, 0x0c, 0x40, 0xff, 0x00, 0x0c, 0x38, 0xff,
    0x00, 0x0c, 0x38, 0xff, 0x00, 0x0c, 0x38, 0xff, 0x00, 0x0c, 0x38, 0xff,
    0x00, 0x0c, 0x38, 0xff, 0x00, 0x0c, 0x38, 0xff, 0x00, 0x0c, 0x38, 0xff,
    0x00, 0x0c, 0x38, 0xff, 0x00, 0x0c, 0x38, 0xff, 0x00, 0x0c, 0x38, 0xff,
    0x00, 0x0c, 0x38, 0xff, 0xf8, 0xfc, 0xf8, 0xff, 0xf8, 0xfc, 0xf8, 0xff,
    0xf8, 0xfc, 0xf8, 0xff, 0xf8, 0xfc, 0xf8, 0xff, 0x60, 0x68, 0x80, 0xff,
    0x00, 0x0c, 0x30, 0xff, 0x00, 0x08, 0x38, 0xff, 0x00, 0x08, 0x30, 0xff,
    0x00, 0x0c, 0x30, 0xff, 0x00, 0x0c, 0x30, 0xff, 0x00, 0x08, 0x30, 0xff,
    0x00, 0x08, 0x30, 0xff, 0x00, 0x08, 0x30, 0xff, 0x00, 0x08, 0x30, 0xff,
    0x00, 0x08, 0x30, 0xff, 0x00, 0x0c, 0x30, 0xff, 0x00, 0x08, 0x30, 0xff,
    0x00, 0x08, 0x30, 0xff, 0xa0, 0xa4, 0xb8, 0xff, 0xf8, 0xfc, 0xf8, 0xff,
    0xf8, 0xfc, 0xf8, 0xff, 0xf8, 0xfc, 0xf8, 0xff, 0xc0, 0xc0, 0xc8, 0xff,
    0x00, 0x08, 0x30, 0xff, 0x00, 0x08, 0x30, 0xff, 0x00, 0x08, 0x30, 0xff,
    0x00, 0x08, 0x28, 0xff, 0x00, 0x08, 0x30, 0xff, 0x00, 0x04, 0x30, 0xff,
    0x00, 0x08, 0x28, 0xff, 0x00, 0x08, 0x28, 0xff, 0x00, 0x08, 0x30, 0xff,
    0x00, 0x04, 0x28, 0xff, 0x00, 0x04, 0x28, 0xff, 0x00, 0x04, 0x28, 0xff,
    0x00, 0x08, 0x28, 0xff, 0x00, 0x04, 0x28, 0xff, 0x00, 0x08, 0x28, 0xff,
    0x00, 0x08, 0x28, 0xff, 0x00, 0x04, 0x28, 0xff, 0x00, 0x08, 0x28, 0xff,
    0x00, 0x08, 0x28, 0xff, 0x00, 0x04, 0x28, 0xff, 0x00, 0x04, 0x28, 0xff,
    0x00, 0x04, 0x28, 0xff, 0x00, 0x04, 0x28, 0xff, 0x00, 0x04, 0x28, 0xff,
    0x00, 0x08, 0x20, 0xff, 0x00, 0x04, 0x28, 0xff, 0x00, 0x04, 0x28, 0xff,
    0x00, 0x04, 0x20, 0xff, 0x00, 0x04, 0x28, 0xff, 0x00, 0x04, 0x28, 0xff,
    0x00, 0x04, 0x20, 0xff, 0x00, 0x04, 0x20, 0xff, 0x00, 0x04, 0x28, 0xff,
    0x00, 0x04, 0x20, 0xff, 0x00, 0x04, 0x28, 0xff, 0x00, 0x04, 0x20, 0xff,
    0x00, 0x04, 0x20, 0xff, 0x00, 0x04, 0x20, 0xff, 0x00, 0x04, 0x20, 0xff,
    0x00, 0x04, 0x20, 0xff, 0x00, 0x00, 0x20, 0xff, 0x00, 0x04, 0x20, 0xff,
    0x00, 0x04, 0x20, 0xff, 0x00, 0x04, 0x20, 0xff, 0x00, 0x04, 0x20, 0xff,
    0x00, 0x04, 0x20, 0xff, 0x00, 0x04, 0x20, 0xff, 0x00, 0x00, 0x20, 0xff,
    0x00, 0x04, 0x20, 0xff, 0x00, 0x00, 0x20, 0xff, 0x00, 0x00, 0x20, 0xff,
    0x00, 0x04, 0x18, 0xff, 0x00, 0x04, 0x20, 0xff, 0x00, 0x00, 0x20, 0xff,
    0x00, 0x04, 0x20, 0xff, 0x00, 0x04, 0x18, 0xff, 0x00, 0x00, 0x20, 0xff,
    0x00, 0x04, 0x20, 0xff, 0x00, 0x04, 0x18, 0xff, 0x00, 0x00, 0x20, 0xff,
    0x00, 0x04, 0x18, 0xff, 0x00, 0x04, 0x20, 0xff, 0x00, 0x00, 0x20, 0xff,
    0x00, 0x00, 0x18, 0xff, 0x00, 0x00, 0x18, 0xff, 0x00, 0x00, 0x18, 0xff,
    0x00, 0x04, 0x18, 0xff, 0x00, 0x00, 0x18, 0xff, 0x00, 0x00, 0x18, 0xff,
    0x00, 0x04, 0x18, 0xff, 0x00, 0x00, 0x20, 0xff, 0x00, 0x00, 0x18, 0xff,
    0x00, 0x04, 0x18, 0xff, 0x00, 0x00, 0x18, 0xff, 0x00, 0x00, 0x18, 0xff,
    0x00, 0x00, 0x20, 0xff, 0x00, 0x00, 0x18, 0xff, 0x00, 0x04, 0x18, 0xff,
    0x00, 0x00, 0x18, 0xff, 0x00, 0x00, 0x18, 0xff, 0x00, 0x00, 0x18, 0xff,
    0x00, 0x00, 0x18, 0xff, 0x00, 0x00, 0x18, 0xff, 0x00, 0x00, 0x18, 0xff,
    0x00, 0x00, 0x18, 0xff, 0x00, 0x00, 0x18, 0xff, 0x00, 0x00, 0x18, 0xff,
    0x00, 0x00, 0x18, 0xff, 0x00, 0x00, 0x18, 0xff, 0x00, 0x00, 0x18, 0xff,
    0x00, 0x00, 0x18, 0xff, 0x00, 0x00, 0x18, 0xff, 0x00, 0x00, 0x18, 0xff,
    0x00, 0x00, 0x18, 0xff, 0x00, 0x00, 0x18, 0xff, 0x00, 0x00, 0x18, 0xff,
    0x00, 0x00, 0x18, 0xff, 0x00, 0x00, 0x18, 0xff, 0x00, 0x00, 0x18, 0xff,
    0x00, 0x00, 0x18, 0xff, 0x00, 0x00, 0x18, 0xff, 0x00, 0x00, 0x18, 0xff,
    0x00, 0x00, 0x18, 0xff, 0x00, 0x00, 0x18, 0xff, 0x00, 0x00, 0x18, 0xff,
    0x90, 0x90, 0x98, 0x71, 0x90, 0x98, 0xa8, 0x71, 0x00, 0x0c, 0x40, 0xff,
    0x00, 0x0c, 0x38, 0xff, 0x00, 0x10, 0x40, 0xff, 0x00, 0x0c, 0x38, 0xff,
    0x00, 0x0c, 0x38, 0xff, 0x00, 0x10, 0x40, 0xff, 0x00, 0x0c, 0x38, 0xff,
    0x00, 0x0c, 0x38, 0xff, 0x00, 0x0c, 0x40, 0xff, 0x00, 0x0c, 0x38, 0xff,
    0x00, 0x0c, 0x38, 0xff, 0x00, 0x0c, 0x38, 0xff, 0x00, 0x0c, 0x38, 0xff,
    0x00, 0x0c, 0x38, 0xff, 0x00, 0x0c, 0x38, 0xff, 0x00, 0x0c, 0x38, 0xff,
    0x00, 0x0c, 0x38, 0xff, 0x00, 0x0c, 0x38, 0xff, 0xf8, 0xfc, 0xf8, 0xff,
    0xf8, 0xfc, 0xf8, 0xff, 0xf8, 0xfc, 0xf8, 0xff, 0xf8, 0xfc, 0xf8, 0xff,
    0xe0, 0xe0, 0xe8, 0xff, 0x10, 0x18, 0x40, 0xff, 0x00, 0x0c, 0x30, 0xff,
    0x00, 0x08, 0x38, 0xff, 0x00, 0x08, 0x30, 0xff, 0x00, 0x08, 0x38, 0xff,
    0x00, 0x08, 0x38, 0xff, 0x00, 0x0c, 0x30, 0xff, 0x00, 0x08, 0x30, 0xff,
    0x00, 0x08, 0x30, 0xff, 0x00, 0x08, 0x30, 0xff, 0x00, 0x08, 0x30, 0xff,
    0x00, 0x08, 0x30, 0xff, 0x30, 0x38, 0x58, 0xff, 0xf8, 0xfc, 0xf8, 0xff,
    0xf8, 0xfc, 0xf8, 0xff, 0xf8, 0xfc, 0xf8, 0xff, 0xf8, 0xfc, 0xf8, 0xff,
    0xc0, 0xc4, 0xc8, 0xff, 0x00, 0x08, 0x30, 0xff, 0x00, 0x08, 0x30, 0xff,
    0x00, 0x08, 0x28, 0xff, 0x00, 0x04, 0x28, 0xff, 0x00, 0x08, 0x30, 0xff,
    0x00, 0x08, 0x28, 0xff, 0x00, 0x04, 0x28, 0xff, 0x00, 0x08, 0x30, 0xff,
    0x00, 0x08, 0x28, 0xff, 0x00, 0x04, 0x28, 0xff, 0x00, 0x08, 0x28, 0xff,
    0x00, 0x08, 0x28, 0xff, 0x00, 0x04, 0x30, 0xff, 0x00, 0x08, 0x28, 0xff,
    0x00, 0x04, 0x28, 0xff, 0x00, 0x08, 0x28, 0xff, 0x00, 0x04, 0x28, 0xff,
    0x00, 0x04, 0x28, 0xff, 0x00, 0x04, 0x28, 0xff, 0x00, 0x04, 0x28, 0xff,
    0x00, 0x04, 0x28, 0xff, 0x00, 0x08, 0x28, 0xff, 0x00, 0x04, 0x28, 0xff,
    0x00, 0x04, 0x20, 0xff, 0x00, 0x04, 0x28, 0xff, 0x00, 0x04, 0x28, 0xff,
    0x00, 0x08, 0x20, 0xff, 0x00, 0x04, 0x20, 0xff, 0x00, 0x04, 0x28, 0xff,
    0x00, 0x04, 0x28, 0xff, 0x00, 0x04, 0x20, 0xff, 0x00, 0x04, 0x20, 0xff,
    0x00, 0x04, 0x28, 0xff, 0x00, 0x04, 0x20, 0xff, 0x00, 0x04, 0x20, 0xff,
    0x00, 0x04, 0x28, 0xff, 0x00, 0x04, 0x20, 0xff, 0x00, 0x04, 0x28, 0xff,
    0x00, 0x04, 0x20, 0xff, 0x00, 0x04, 0x20, 0xff, 0x00, 0x04, 0x20, 0xff,
    0x00, 0x04, 0x20, 0xff, 0x00, 0x00, 0x20, 0xff, 0x00, 0x00, 0x20, 0xff,
    0x00, 0x04, 0x20, 0xff, 0x00, 0x04, 0x20, 0xff, 0x00, 0x00, 0x20, 0xff,
    0x00, 0x04, 0x20, 0xff, 0x00, 0x00, 0x20, 0xff, 0x00, 0x04, 0x20, 0xff,
    0x00, 0x04, 0x18, 0xff, 0x00, 0x00, 0x20, 0xff, 0x00, 0x00, 0x20, 0xff,
    0x00, 0x04, 0x20, 0xff, 0x00, 0x00, 0x18, 0xff, 0x00, 0x00, 0x20, 0xff,
    0x00, 0x04, 0x20, 0xff, 0x00, 0x00, 0x18, 0xff, 0x00, 0x00, 0x20, 0xff,
    0x00, 0x04, 0x18, 0xff, 0x00, 0x00, 0x20, 0xff, 0x00, 0x00, 0x18, 0xff,
    0x00, 0x00, 0x20, 0xff, 0x00, 0x04, 0x20, 0xff, 0x00, 0x00, 0x18, 0xff,
    0x00, 0x00, 0x20, 0xff, 0x00, 0x00, 0x20, 0xff, 0x00, 0x04, 0x18, 0xff,
    0x00, 0x00, 0x18, 0xff, 0x00, 0x00, 0x20, 0xff, 0x00, 0x00, 0x18, 0xff,
    0x00, 0x00, 0x18, 0xff, 0x00, 0x04, 0x20, 0xff, 0x00, 0x00, 0x18, 0xff,
    0x00, 0x00, 0x18, 0xff, 0x00, 0x04, 0x20, 0xff, 0x00, 0x00, 0x18, 0xff,
    0x00, 0x00, 0x18, 0xff, 0x00, 0x00, 0x20, 0xff, 0x00, 0x00, 0x18, 0xff,
    0x00, 0x00, 0x18, 0xff, 0x00, 0x00, 0x20, 0xff, 0x00, 0x00, 0x18, 0xff,
    0x00, 0x00, 0x18, 0xff, 0x00, 0x00, 0x18, 0xff, 0x00, 0x00, 0x18, 0xff,
    0x00, 0x00, 0x18, 0xff, 0x00, 0x00, 0x18, 0xff, 0x00, 0x00, 0x18, 0xff,
    0x00, 0x00, 0x18, 0xff, 0x00, 0x00, 0x18, 0xff, 0x00, 0x00, 0x18, 0xff,
    0x00, 0x00, 0x18, 0xff, 0x00, 0x00, 0x18, 0xff, 0x00, 0x00, 0x18, 0xff,
    0x00, 0x00, 0x18, 0xff, 0x00, 0x00, 0x18, 0xff, 0x00, 0x00, 0x18, 0xff,
    0x00, 0x00, 0x18, 0xff, 0x00, 0x00, 0x18, 0xff, 0x00, 0x00, 0x18, 0xff,
    0x00, 0x00, 0x18, 0xff, 0x00, 0x00, 0x18, 0xff, 0x00, 0x00, 0x18, 0xff,
    0x00, 0x00, 0x18, 0xff, 0x90, 0x94, 0xa0, 0x71, 0x90, 0x98, 0xa8, 0x71,
    0x00, 0x0c, 0x40, 0xff, 0x00, 0x0c, 0x40, 0xff, 0x00, 0x0c, 0x38, 0xff,
    0x00, 0x0c, 0x38, 0xff, 0x00, 0x0c, 0x38, 0xff, 0x00, 0x0c, 0x38, 0xff,
    0x00, 0x0c, 0x38, 0xff, 0x00, 0x0c, 0x38, 0xff, 0x00, 0x0c, 0x38, 0xff,
    0x00, 0x0c, 0x38, 0xff, 0x00, 0x0c, 0x38, 0xff, 0x00, 0x0c, 0x38, 0xff,
    0x00, 0x0c, 0x38, 0xff, 0x00, 0x0c, 0x38, 0xff, 0x00, 0x0c, 0x38, 0xff,
    0x00, 0x0c, 0x38, 0xff, 0x00, 0x08, 0x38, 0xff, 0x00, 0x0c, 0x30, 0xff,
    0xf8, 0xfc, 0xf8, 0xff, 0xf8, 0xfc, 0xf8, 0xff, 0xf8, 0xfc, 0xf8, 0xff,
    0xf8, 0xfc, 0xf8, 0xff, 0xf8, 0xfc, 0xf8, 0xff, 0xd0, 0xd4, 0xd8, 0xff,
    0x10, 0x18, 0x40, 0xff, 0x00, 0x0c, 0x30, 0xff, 0x00, 0x08, 0x30, 0xff,
    0x00, 0x08, 0x30, 0xff, 0x00, 0x08, 0x30, 0xff, 0x00, 0x08, 0x30, 0xff,
    0x00, 0x0c, 0x30, 0xff, 0x00, 0x08, 0x30, 0xff, 0x00, 0x0c, 0x30, 0xff,
    0x00, 0x08, 0x30, 0xff, 0x30, 0x38, 0x58, 0xff, 0xf0, 0xf0, 0xf0, 0xff,
    0xf8, 0xfc, 0xf8, 0xff, 0xf8, 0xfc, 0xf8, 0xff, 0xf8, 0xfc, 0xf8, 0xff,
    0xf8, 0xfc, 0xf8, 0xff, 0xc0, 0xc0, 0xc8, 0xff, 0x00, 0x08, 0x28, 0xff,
    0x00, 0x08, 0x30, 0xff, 0x00, 0x08, 0x28, 0xff, 0x00, 0x04, 0x30, 0xff,
    0x00, 0x08, 0x28, 0xff, 0x00, 0x08, 0x28, 0xff, 0x00, 0x08, 0x30, 0xff,
    0x00, 0x08, 0x28, 0xff, 0x00, 0x04, 0x28, 0xff, 0x00, 0x04, 0x28, 0xff,
    0x00, 0x08, 0x28, 0xff, 0x00, 0x08, 0x28, 0xff, 0x00, 0x04, 0x28, 0xff,
    0x00, 0x04, 0x28, 0xff, 0x00, 0x08, 0x28, 0xff, 0x00, 0x04, 0x28, 0xff,
    0x00, 0x08, 0x28, 0xff, 0x00, 0x04, 0x28, 0xff, 0x00, 0x04, 0x28, 0xff,
    0x00, 0x04, 0x28, 0xff, 0x00, 0x08, 0x28, 0xff, 0x00, 0x04, 0x20, 0xff,
    0x00, 0x04, 0x20, 0xff, 0x00, 0x08, 0x28, 0xff, 0x00, 0x04, 0x20, 0xff,
    0x00, 0x04, 0x28, 0xff, 0x00, 0x04, 0x20, 0xff, 0x00, 0x04, 0x20, 0xff,
    0x00, 0x04, 0x28, 0xff, 0x00, 0x04, 0x20, 0xff, 0x00, 0x04, 0x20, 0xff,
    0x00, 0x04, 0x28, 0xff, 0x00, 0x04, 0x20, 0xff, 0x00, 0x04, 0x20, 0xff,
    0x00, 0x04, 0x20, 0xff, 0x00, 0x04, 0x20, 0xff, 0x00, 0x04, 0x20, 0xff,
    0x00, 0x04, 0x20, 0xff, 0x00, 0x00, 0x20, 0xff, 0x00, 0x04, 0x20, 0xff,
    0x00, 0x04, 0x20, 0xff, 0x00, 0x04, 0x20, 0xff, 0x00, 0x04, 0x20, 0xff,
    0x00, 0x04, 0x20, 0xff, 0x00, 0x00, 0x20, 0xff, 0x00, 0x04, 0x20, 0xff,
    0x00, 0x04, 0x20, 0xff, 0x00, 0x00, 0x20, 0xff, 0x00, 0x04, 0x20, 0xff,
    0x00, 0x00, 0x20, 0xff, 0x00, 0x04, 0x20, 0xff, 0x00, 0x00, 0x20, 0xff,
    0x00, 0x04, 0x18, 0xff, 0x00, 0x04, 0x18, 0xff, 0x00, 0x00, 0x20, 0xff,
    0x00, 0x04, 0x20, 0xff, 0x00, 0x04, 0x18, 0xff, 0x00, 0x00, 0x18, 0xff,
    0x00, 0x04, 0x20, 0xff, 0x00, 0x00, 0x18, 0xff, 0x00, 0x00, 0x18, 0xff,
    0x00, 0x00, 0x20, 0xff, 0x00, 0x00, 0x18, 0xff, 0x00, 0x00, 0x18, 0xff,
    0x00, 0x04, 0x18, 0xff, 0x00, 0x00, 0x18, 0xff, 0x00, 0x00, 0x20, 0xff,
    0x00, 0x00, 0x18, 0xff, 0x00, 0x04, 0x18, 0xff, 0x00, 0x00, 0x20, 0xff,
    0x00, 0x00, 0x18, 0xff, 0x00, 0x04, 0x18, 0xff, 0x00, 0x00, 0x18, 0xff,
    0x00, 0x00, 0x20, 0xff, 0x00, 0x00, 0x18, 0xff, 0x00, 0x04, 0x18, 0xff,
    0x00, 0x00, 0x18, 0xff, 0x00, 0x00, 0x18, 0xff, 0x00, 0x00, 0x18, 0xff,
    0x00, 0x00, 0x18, 0xff, 0x00, 0x00, 0x18, 0xff, 0x00, 0x00, 0x18, 0xff,
    0x00, 0x00, 0x18, 0xff, 0x00, 0x00, 0x18, 0xff, 0x00, 0x00, 0x18, 0xff,
    0x00, 0x00, 0x18, 0xff, 0x00, 0x00, 0x18, 0xff, 0x00, 0x00, 0x18, 0xff,
    0x00, 0x00, 0x18, 0xff, 0x00, 0x00, 0x18, 0xff, 0x00, 0x00, 0x18, 0xff,
    0x00, 0x00, 0x18, 0xff, 0x00, 0x00, 0x18, 0xff, 0x00, 0x00, 0x18, 0xff,
    0x00, 0x00, 0x18, 0xff, 0x00, 0x00, 0x18, 0xff, 0x00, 0x00, 0x18, 0xff,
    0x00, 0x00, 0x18, 0xff, 0x00, 0x00, 0x18, 0xff, 0x00, 0x00, 0x18, 0xff,
    0x00, 0x00, 0x18, 0xff, 0x00, 0x00, 0x18, 0xff, 0x00, 0x00, 0x18, 0xff,
    0x00, 0x00, 0x18, 0xff, 0x00, 0x00, 0x18, 0xff, 0x90, 0x94, 0xa0, 0x71,
    0x90, 0x98, 0xa8, 0x71, 0x00, 0x0c, 0x40, 0xff, 0x00, 0x10, 0x38, 0xff,
    0x00, 0x0c, 0x38, 0xff, 0x00, 0x0c, 0x40, 0xff, 0x00, 0x0c, 0x38, 0xff,
    0x00, 0x0c, 0x38, 0xff, 0x00, 0x0c, 0x38, 0xff, 0x00, 0x0c, 0x38, 0xff,
    0x00, 0x0c, 0x38, 0xff, 0x00, 0x0c, 0x38, 0xff, 0x00, 0x0c, 0x38, 0xff,
    0x00, 0x0c, 0x38, 0xff, 0x00, 0x0c, 0x38, 0xff, 0x00, 0x0c, 0x38, 0xff,
    0x00, 0x0c, 0x38, 0xff, 0x00, 0x08, 0x38, 0xff, 0x00, 0x0c, 0x30, 0xff,
    0x00, 0x0c, 0x38, 0xff, 0xf8, 0xfc, 0xf8, 0xff, 0xf8, 0xfc, 0xf8, 0xff,
    0xf8, 0xfc, 0xf8, 0xff, 0xf8, 0xfc, 0xf8, 0xff, 0xf8, 0xfc, 0xf8, 0xff,
    0xf8, 0xfc, 0xf8, 0xff, 0xe0, 0xe0, 0xe8, 0xff, 0x40, 0x48, 0x68, 0xff,
    0x00, 0x08, 0x30, 0xff, 0x00, 0x0c, 0x30, 0xff, 0x00, 0x08, 0x30, 0xff,
    0x00, 0x08, 0x30, 0xff, 0x00, 0x08, 0x30, 0xff, 0x00, 0x08, 0x30, 0xff,
    0x00, 0x08, 0x30, 0xff, 0x70, 0x74, 0x88, 0xff, 0xf0, 0xf0, 0xf8, 0xff,
    0xf8, 0xfc, 0xf8, 0xff, 0xf8, 0xfc, 0xf8, 0xff, 0xf8, 0xfc, 0xf8, 0xff,
    0xf8, 0xfc, 0xf8, 0xff, 0xf8, 0xfc, 0xf8, 0xff, 0xc0, 0xc0, 0xd0, 0xff,
    0x00, 0x08, 0x30, 0xff, 0x00, 0x08, 0x28, 0xff, 0x00, 0x08, 0x30, 0xff,
    0x00, 0x08, 0x28, 0xff, 0x00, 0x08, 0x28, 0xff, 0x00, 0x04, 0x30, 0xff,
    0x00, 0x08, 0x28, 0xff, 0x00, 0x04, 0x28, 0xff, 0x00, 0x04, 0x28, 0xff,
    0x00, 0x08, 0x28, 0xff, 0x00, 0x04, 0x30, 0xff, 0x00, 0x04, 0x28, 0xff,
    0x00, 0x08, 0x28, 0xff, 0x00, 0x08, 0x28, 0xff, 0x00, 0x04, 0x28, 0xff,
    0x00, 0x08, 0x28, 0xff, 0x00, 0x04, 0x28, 0xff, 0x00, 0x04, 0x28, 0xff,
    0x00, 0x08, 0x28, 0xff, 0x00, 0x04, 0x28, 0xff, 0x00, 0x04, 0x28, 0xff,
    0x00, 0x04, 0x20, 0xff, 0x00, 0x04, 0x28, 0xff, 0x00, 0x08, 0x28, 0xff,
    0x00, 0x04, 0x28, 0xff, 0x00, 0x04, 0x20, 0xff, 0x00, 0x04, 0x28, 0xff,
    0x00, 0x04, 0x28, 0xff, 0x00, 0x04, 0x20, 0xff, 0x00, 0x04, 0x20, 0xff,
    0x00, 0x04, 0x28, 0xff, 0x00, 0x04, 0x20, 0xff, 0x00, 0x04, 0x20, 0xff,
    0x00, 0x04, 0x28, 0xff, 0x00, 0x04, 0x20, 0xff, 0x00, 0x04, 0x20, 0xff,
    0x00, 0x04, 0x20, 0xff, 0x00, 0x04, 0x20, 0xff, 0x00, 0x00, 0x20, 0xff,
    0x00, 0x04, 0x20, 0xff, 0x00, 0x00, 0x20, 0xff, 0x00, 0x00, 0x20, 0xff,
    0x00, 0x04, 0x20, 0xff, 0x00, 0x04, 0x20, 0xff, 0x00, 0x04, 0x20, 0xff,
    0x00, 0x04, 0x20, 0xff, 0x00, 0x00, 0x20, 0xff, 0x00, 0x00, 0x20, 0xff,
    0x00, 0x04, 0x18, 0xff, 0x00, 0x00, 0x20, 0xff, 0x00, 0x00, 0x20, 0xff,
    0x00, 0x04, 0x20, 0xff, 0x00, 0x00, 0x18, 0xff, 0x00, 0x00, 0x20, 0xff,
    0x00, 0x04, 0x20, 0xff, 0x00, 0x00, 0x18, 0xff, 0x00, 0x00, 0x20, 0xff,
    0x00, 0x04, 0x20, 0xff, 0x00, 0x00, 0x18, 0xff, 0x00, 0x00, 0x20, 0xff,
    0x00, 0x00, 0x20, 0xff, 0x00, 0x04, 0x18, 0xff, 0x00, 0x00, 0x18, 0xff,
    0x00, 0x00, 0x20, 0xff, 0x00, 0x00, 0x18, 0xff, 0x00, 0x04, 0x18, 0xff,
    0x00, 0x00, 0x20, 0xff, 0x00, 0x00, 0x18, 0xff, 0x00, 0x00, 0x18, 0xff,
    0x00, 0x04, 0x18, 0xff, 0x00, 0x00, 0x18, 0xff, 0x00, 0x00, 0x18, 0xff,
    0x00, 0x00, 0x18, 0xff, 0x00, 0x00, 0x18, 0xff, 0x00, 0x04, 0x18, 0xff,
    0x00, 0x00, 0x18, 0xff, 0x00, 0x00, 0x18, 0xff, 0x00, 0x00, 0x18, 0xff,
    0x00, 0x00, 0x18, 0xff, 0x00, 0x00, 0x18, 0xff, 0x00, 0x00, 0x18, 0xff,
    0x00, 0x00, 0x18, 0xff, 0x00, 0x00, 0x18, 0xff, 0x00, 0x00, 0x18, 0xff,
    0x00, 0x00, 0x18, 0xff, 0x00, 0x00, 0x18, 0xff, 0x00, 0x00, 0x18, 0xff,
    0x00, 0x00, 0x18, 0xff, 0x00, 0x00, 0x18, 0xff, 0x00, 0x00, 0x18, 0xff,
    0x00, 0x00, 0x18, 0xff, 0x00, 0x00, 0x18, 0xff, 0x00, 0x00, 0x18, 0xff,
    0x00, 0x00, 0x18, 0xff, 0x00, 0x00, 0x18, 0xff, 0x00, 0x00, 0x18, 0xff,
    0x00, 0x00, 0x18, 0xff, 0x00, 0x00, 0x18, 0xff, 0x00, 0x00, 0x18, 0xff,
    0x00, 0x00, 0x18, 0xff, 0x00, 0x00, 0x18, 0xff, 0x00, 0x00, 0x18, 0xff,
    0x00, 0x00, 0x18, 0xff, 0x00, 0x00, 0x18, 0xff, 0x00, 0x00, 0x18, 0xff,
    0x90, 0x90, 0x98, 0x71, 0x90, 0x98, 0xb0, 0x71, 0x00, 0x0c, 0x38, 0xff,
    0x00, 0x0c, 0x38, 0xff, 0x00, 0x10, 0x40, 0xff, 0x00, 0x0c, 0x38, 0xff,
    0x00, 0x0c, 0x40, 0xff, 0x00, 0x0c, 0x40, 0xff, 0x00, 0x0c, 0x38, 0xff,
    0x00, 0x0c, 0x38, 0xff, 0x00, 0x0c, 0x38, 0xff, 0x00, 0x0c, 0x38, 0xff,
    0x00, 0x0c, 0x38, 0xff, 0x00, 0x0c, 0x38, 0xff, 0x00, 0x0c, 0x38, 0xff,
    0x00, 0x0c, 0x38, 0xff, 0x00, 0x08, 0x38, 0xff, 0x00, 0x0c, 0x30, 0xff,
    0x00, 0x0c, 0x38, 0xff, 0x00, 0x08, 0x38, 0xff, 0xf8, 0xfc, 0xf8, 0xff,
    0xf8, 0xfc, 0xf8, 0xff, 0xf8, 0xfc, 0xf8, 0xff, 0xf8, 0xfc, 0xf8, 0xff,
    0xf8, 0xfc, 0xf8, 0xff, 0xf8, 0xfc, 0xf8, 0xff, 0xf8, 0xfc, 0xf8, 0xff,
    0xf8, 0xfc, 0xf8, 0xff, 0xd0, 0xd4, 0xd8, 0xff, 0x80, 0x84, 0x98, 0xff,
    0x40, 0x48, 0x68, 0xff, 0x40, 0x48, 0x68, 0xff, 0x50, 0x58, 0x70, 0xff,
    0x90, 0x94, 0xa8, 0xff, 0xe0, 0xe0, 0xe8, 0xff, 0xf8, 0xfc, 0xf8, 0xff,
    0xf8, 0xfc, 0xf8, 0xff, 0xf8, 0xfc, 0xf8, 0xff, 0xf8, 0xfc, 0xf8, 0xff,
    0xf8, 0xfc, 0xf8, 0xff, 0xf8, 0xfc, 0xf8, 0xff, 0xf8, 0xfc, 0xf8, 0xff,
    0xc0, 0xc4, 0xc8, 0xff, 0x00, 0x08, 0x30, 0xff, 0x00, 0x04, 0x28, 0xff,
    0x00, 0x08, 0x28, 0xff, 0x00, 0x08, 0x30, 0xff, 0x00, 0x04, 0x28, 0xff,
    0x00, 0x08, 0x28, 0xff, 0x00, 0x04, 0x28, 0xff, 0x00, 0x08, 0x28, 0xff,
    0x00, 0x08, 0x28, 0xff, 0x00, 0x04, 0x28, 0xff, 0x00, 0x08, 0x28, 0xff,
    0x00, 0x04, 0x28, 0xff, 0x00, 0x08, 0x28, 0xff, 0x00, 0x04, 0x28, 0xff,
    0x00, 0x08, 0x28, 0xff, 0x00, 0x04, 0x28, 0xff, 0x00, 0x04, 0x28, 0xff,
    0x00, 0x04, 0x28, 0xff, 0x00, 0x04, 0x28, 0xff, 0x00, 0x08, 0x28, 0xff,
    0x00, 0x04, 0x20, 0xff, 0x00, 0x04, 0x28, 0xff, 0x00, 0x08, 0x28, 0xff,
    0x00, 0x04, 0x20, 0xff, 0x00, 0x04, 0x20, 0xff, 0x00, 0x04, 0x28, 0xff,
    0x00, 0x04, 0x20, 0xff, 0x00, 0x04, 0x20, 0xff, 0x00, 0x04, 0x20, 0xff,
    0x00, 0x04, 0x28, 0xff, 0x00, 0x04, 0x20, 0xff, 0x00, 0x04, 0x20, 0xff,
    0x00, 0x04, 0x20, 0xff, 0x00, 0x04, 0x28, 0xff, 0x00, 0x04, 0x20, 0xff,
    0x00, 0x04, 0x20, 0xff, 0x00, 0x04, 0x28, 0xff, 0x00, 0x04, 0x20, 0xff,
    0x00, 0x04, 0x20, 0xff, 0x00, 0x04, 0x20, 0xff, 0x00, 0x04, 0x20, 0xff,
    0x00, 0x04, 0x20, 0xff, 0x00, 0x04, 0x20, 0xff, 0x00, 0x00, 0x20, 0xff,
    0x00, 0x04, 0x20, 0xff, 0x00, 0x00, 0x20, 0xff, 0x00, 0x00, 0x20, 0xff,
    0x00, 0x04, 0x20, 0xff, 0x00, 0x04, 0x20, 0xff, 0x00, 0x00, 0x18, 0xff,
    0x00, 0x04, 0x20, 0xff, 0x00, 0x04, 0x18, 0xff, 0x00, 0x00, 0x20, 0xff,
    0x00, 0x04, 0x20, 0xff, 0x00, 0x04, 0x18, 0xff, 0x00, 0x00, 0x20, 0xff,
    0x00, 0x04, 0x18, 0xff, 0x00, 0x00, 0x20, 0xff, 0x00, 0x00, 0x18, 0xff,
    0x00, 0x00, 0x20, 0xff, 0x00, 0x04, 0x20, 0xff, 0x00, 0x00, 0x18, 0xff,
    0x00, 0x00, 0x18, 0xff, 0x00, 0x04, 0x20, 0xff, 0x00, 0x00, 0x20, 0xff,
    0x00, 0x00, 0x18, 0xff, 0x00, 0x04, 0x18, 0xff, 0x00, 0x00, 0x18, 0xff,
    0x00, 0x00, 0x20, 0xff, 0x00, 0x00, 0x18, 0xff, 0x00, 0x00, 0x20, 0xff,
    0x00, 0x04, 0x20, 0xff, 0x00, 0x00, 0x18, 0xff, 0x00, 0x00, 0x18, 0xff,
    0x00, 0x00, 0x18, 0xff, 0x00, 0x00, 0x18, 0xff, 0x00, 0x00, 0x18, 0xff,
    0x00, 0x00, 0x20, 0xff, 0x00, 0x00, 0x18, 0xff, 0x00, 0x00, 0x18, 0xff,
    0x00, 0x00, 0x20, 0xff, 0x00, 0x00, 0x18, 0xff, 0x00, 0x00, 0x18, 0xff,
    0x00, 0x00, 0x18, 0xff, 0x00, 0x00, 0x18, 0xff, 0x00, 0x00, 0x18, 0xff,
    0x00, 0x00, 0x18, 0xff, 0x00, 0x00, 0x18, 0xff, 0x00, 0x00, 0x18, 0xff,
    0x00, 0x00, 0x18, 0xff, 0x00, 0x00, 0x18, 0xff, 0x00, 0x00, 0x18, 0xff,
    0x00, 0x00, 0x18, 0xff, 0x00, 0x00, 0x18, 0xff, 0x00, 0x00, 0x18, 0xff,
    0x00, 0x00, 0x18, 0xff, 0x00, 0x00, 0x18, 0xff, 0x00, 0x00, 0x18, 0xff,
    0x00, 0x00, 0x18, 0xff, 0x00, 0x00, 0x18, 0xff, 0x00, 0x00, 0x18, 0xff,
    0x00, 0x00, 0x18, 0xff, 0x00, 0x00, 0x18, 0xff, 0x00, 0x00, 0x18, 0xff,
    0x00, 0x00, 0x18, 0xff, 0x90, 0x94, 0xa0, 0x71, 0x90, 0x98, 0xb0, 0x6d,
    0x00, 0x0c, 0x38, 0xff, 0x00, 0x0c, 0x38, 0xff, 0x00, 0x0c, 0x38, 0xff,
    0x00, 0x0c, 0x38, 0xff, 0x00, 0x0c, 0x38, 0xff, 0x00, 0x0c, 0x38, 0xff,
    0x00, 0x0c, 0x38, 0xff, 0x00, 0x0c, 0x38, 0xff, 0x00, 0x0c, 0x38, 0xff,
    0x00, 0x0c, 0x38, 0xff, 0x00, 0x0c, 0x38, 0xff, 0x00, 0x0c, 0x38, 0xff,
    0x00, 0x0c, 0x38, 0xff, 0x00, 0x08, 0x38, 0xff, 0x00, 0x0c, 0x30, 0xff,
    0x00, 0x0c, 0x38, 0xff, 0x00, 0x08, 0x38, 0xff, 0x00, 0x08, 0x30, 0xff,
    0xe0, 0xe0, 0xe8, 0xff, 0xf8, 0xfc, 0xf8, 0xff, 0xf8, 0xfc, 0xf8, 0xff,
    0xf8, 0xfc, 0xf8, 0xff, 0xf8, 0xfc, 0xf8, 0xff, 0xf8, 0xfc, 0xf8, 0xff,
    0xf8, 0xfc, 0xf8, 0xff, 0xf8, 0xfc, 0xf8, 0xff, 0xf8, 0xfc, 0xf8, 0xff,
    0xf8, 0xfc, 0xf8, 0xff, 0xf8, 0xfc, 0xf8, 0xff, 0xf8, 0xfc, 0xf8, 0xff,
    0xf8, 0xfc, 0xf8, 0xff, 0xf8, 0xfc, 0xf8, 0xff, 0xf8, 0xfc, 0xf8, 0xff,
    0xf8, 0xfc, 0xf8, 0xff, 0xf8, 0xfc, 0xf8, 0xff, 0xf8, 0xfc, 0xf8, 0xff,
    0xf8, 0xfc, 0xf8, 0xff, 0xf8, 0xfc, 0xf8, 0xff, 0xf8, 0xfc, 0xf8, 0xff,
    0xf8, 0xfc, 0xf8, 0xff, 0xa0, 0xa4, 0xb0, 0xff, 0x00, 0x08, 0x28, 0xff,
    0x00, 0x04, 0x28, 0xff, 0x00, 0x08, 0x30, 0xff, 0x00, 0x08, 0x28, 0xff,
    0x00, 0x08, 0x28, 0xff, 0x00, 0x04, 0x28, 0xff, 0x00, 0x04, 0x30, 0xff,
    0x00, 0x08, 0x28, 0xff, 0x00, 0x04, 0x28, 0xff, 0x00, 0x08, 0x28, 0xff,
    0x00, 0x08, 0x28, 0xff, 0x00, 0x04, 0x28, 0xff, 0x00, 0x04, 0x28, 0xff,
    0x00, 0x08, 0x28, 0xff, 0x00, 0x04, 0x28, 0xff, 0x00, 0x04, 0x28, 0xff,
    0x00, 0x04, 0x28, 0xff, 0x00, 0x08, 0x28, 0xff, 0x00, 0x04, 0x28, 0xff,
    0x00, 0x04, 0x20, 0xff, 0x00, 0x08, 0x20, 0xff, 0x00, 0x04, 0x28, 0xff,
    0x00, 0x04, 0x28, 0xff, 0x00, 0x04, 0x20, 0xff, 0x00, 0x04, 0x20, 0xff,
    0x00, 0x04, 0x28, 0xff, 0x00, 0x04, 0x20, 0xff, 0x00, 0x04, 0x20, 0xff,
    0x00, 0x04, 0x28, 0xff, 0x00, 0x04, 0x20, 0xff, 0x00, 0x04, 0x20, 0xff,
    0x00, 0x04, 0x20, 0xff, 0x00, 0x04, 0x28, 0xff, 0x00, 0x04, 0x20, 0xff,
    0x00, 0x04, 0x20, 0xff, 0x00, 0x00, 0x20, 0xff, 0x00, 0x04, 0x20, 0xff,
    0x00, 0x00, 0x20, 0xff, 0x00, 0x04, 0x20, 0xff, 0x00, 0x04, 0x20, 0xff,
    0x00, 0x00, 0x20, 0xff, 0x00, 0x04, 0x20, 0xff, 0x00, 0x04, 0x20, 0xff,
    0x00, 0x04, 0x20, 0xff, 0x00, 0x00, 0x20, 0xff, 0x00, 0x04, 0x20, 0xff,
    0x00, 0x04, 0x20, 0xff, 0x00, 0x00, 0x20, 0xff, 0x00, 0x04, 0x20, 0xff,
    0x00, 0x00, 0x20, 0xff, 0x00, 0x04, 0x18, 0xff, 0x00, 0x00, 0x20, 0xff,
    0x00, 0x00, 0x20, 0xff, 0x00, 0x04, 0x18, 0xff, 0x00, 0x00, 0x20, 0xff,
    0x00, 0x04, 0x18, 0xff, 0x00, 0x04, 0x20, 0xff, 0x00, 0x00, 0x18, 0xff,
    0x00, 0x00, 0x18, 0xff, 0x00, 0x00, 0x18, 0xff, 0x00, 0x00, 0x18, 0xff,
    0x00, 0x00, 0x20, 0xff, 0x00, 0x00, 0x18, 0xff, 0x00, 0x04, 0x18, 0xff,
    0x00, 0x00, 0x20, 0xff, 0x00, 0x00, 0x18, 0xff, 0x00, 0x00, 0x18, 0xff,
    0x00, 0x04, 0x18, 0xff, 0x00, 0x00, 0x18, 0xff, 0x00, 0x00, 0x18, 0xff,
    0x00, 0x04, 0x18, 0xff, 0x00, 0x00, 0x18, 0xff, 0x00, 0x00, 0x18, 0xff,
    0x00, 0x00, 0x18, 0xff, 0x00, 0x00, 0x20, 0xff, 0x00, 0x00, 0x18, 0xff,
    0x00, 0x00, 0x18, 0xff, 0x00, 0x00, 0x18, 0xff, 0x00, 0x00, 0x18, 0xff,
    0x00, 0x00, 0x18, 0xff, 0x00, 0x00, 0x18, 0xff, 0x00, 0x00, 0x18, 0xff,
    0x00, 0x00, 0x18, 0xff, 0x00, 0x00, 0x18, 0xff, 0x00, 0x00, 0x18, 0xff,
    0x00, 0x00, 0x18, 0xff, 0x00, 0x00, 0x18, 0xff, 0x00, 0x00, 0x18, 0xff,
    0x00, 0x00, 0x18, 0xff, 0x00, 0x00, 0x18, 0xff, 0x00, 0x00, 0x18, 0xff,
    0x00, 0x00, 0x18, 0xff, 0x00, 0x00, 0x18, 0xff, 0x00, 0x00, 0x18, 0xff,
    0x00, 0x00, 0x18, 0xff, 0x00, 0x00, 0x18, 0xff, 0x00, 0x00, 0x18, 0xff,
    0x00, 0x00, 0x18, 0xff, 0x00, 0x00, 0x18, 0xff, 0x00, 0x00, 0x18, 0xff,
    0x00, 0x00, 0x18, 0xff, 0x00, 0x00, 0x18, 0xff, 0x00, 0x00, 0x18, 0xff,
    0x00, 0x00, 0x18, 0xff, 0x00, 0x00, 0x18, 0xff, 0x90, 0x90, 0xa0, 0x71,
    0x90, 0x98, 0xa8, 0x71, 0x00, 0x0c, 0x40, 0xff, 0x00, 0x0c, 0x38, 0xff,
    0x00, 0x0c, 0x38, 0xff, 0x00, 0x0c, 0x40, 0xff, 0x00, 0x0c, 0x38, 0xff,
    0x00, 0x0c, 0x38, 0xff, 0x00, 0x0c, 0x38, 0xff, 0x00, 0x0c, 0x38, 0xff,
    0x00, 0x0c, 0x38, 0xff, 0x00, 0x0c, 0x38, 0xff, 0x00, 0x0c, 0x38, 0xff,
    0x00, 0x0c, 0x38, 0xff, 0x00, 0x08, 0x38, 0xff, 0x00, 0x0c, 0x30, 0xff,
    0x00, 0x0c, 0x38, 0xff, 0x00, 0x08, 0x38, 0xff, 0x00, 0x0c, 0x30, 0xff,
    0x00, 0x0c, 0x30, 0xff, 0x80, 0x84, 0x98, 0xff, 0xf8, 0xfc, 0xf8, 0xff,
    0xf8, 0xfc, 0xf8, 0xff, 0xf8, 0xfc, 0xf8, 0xff, 0xf8, 0xfc, 0xf8, 0xff,
    0xf8, 0xfc, 0xf8, 0xff, 0xf8, 0xfc, 0xf8, 0xff, 0xf8, 0xfc, 0xf8, 0xff,
    0xf8, 0xfc, 0xf8, 0xff, 0xf8, 0xfc, 0xf8, 0xff, 0xf8, 0xfc, 0xf8, 0xff,
    0xf8, 0xfc, 0xf8, 0xff, 0xf8, 0xfc, 0xf8, 0xff, 0xf8, 0xfc, 0xf8, 0xff,
    0xf8, 0xfc, 0xf8, 0xff, 0xf8, 0xfc, 0xf8, 0xff, 0xf8, 0xfc, 0xf8, 0xff,
    0xf8, 0xfc, 0xf8, 0xff, 0xf8, 0xfc, 0xf8, 0xff, 0xf8, 0xfc, 0xf8, 0xff,
    0xf8, 0xfc, 0xf8, 0xff, 0xf8, 0xfc, 0xf8, 0xff, 0x40, 0x44, 0x60, 0xff,
    0x00, 0x08, 0x30, 0xff, 0x00, 0x08, 0x28, 0xff, 0x00, 0x04, 0x30, 0xff,
    0x00, 0x08, 0x28, 0xff, 0x00, 0x04, 0x28, 0xff, 0x00, 0x08, 0x30, 0xff,
    0x00, 0x08, 0x28, 0xff, 0x00, 0x04, 0x28, 0xff, 0x00, 0x04, 0x28, 0xff,
    0x00, 0x08, 0x28, 0xff, 0x00, 0x04, 0x28, 0xff, 0x00, 0x08, 0x28, 0xff,
    0x00, 0x08, 0x28, 0xff, 0x00, 0x04, 0x28, 0xff, 0x00, 0x04, 0x28, 0xff,
    0x00, 0x04, 0x28, 0xff, 0x00, 0x04, 0x28, 0xff, 0x00, 0x08, 0x28, 0xff,
    0x00, 0x04, 0x20, 0xff, 0x00, 0x04, 0x28, 0xff, 0x00, 0x04, 0x28, 0xff,
    0x00, 0x04, 0x20, 0xff, 0x00, 0x04, 0x28, 0xff, 0x00, 0x04, 0x28, 0xff,
    0x00, 0x04, 0x20, 0xff, 0x00, 0x04, 0x28, 0xff, 0x00, 0x04, 0x20, 0xff,
    0x00, 0x04, 0x28, 0xff, 0x00, 0x04, 0x28, 0xff, 0x00, 0x04, 0x20, 0xff,
    0x00, 0x04, 0x20, 0xff, 0x00, 0x04, 0x28, 0xff, 0x00, 0x04, 0x20, 0xff,
    0x00, 0x04, 0x20, 0xff, 0x00, 0x04, 0x20, 0xff, 0x00, 0x04, 0x20, 0xff,
    0x00, 0x04, 0x20, 0xff, 0x00, 0x00, 0x20, 0xff, 0x00, 0x04, 0x20, 0xff,
    0x00, 0x04, 0x20, 0xff, 0x00, 0x00, 0x20, 0xff, 0x00, 0x04, 0x20, 0xff,
    0x00, 0x04, 0x20, 0xff, 0x00, 0x00, 0x20, 0xff, 0x00, 0x00, 0x20, 0xff,
    0x00, 0x04, 0x20, 0xff, 0x00, 0x00, 0x18, 0xff, 0x00, 0x00, 0x18, 0xff,
    0x00, 0x04, 0x20, 0xff, 0x00, 0x00, 0x18, 0xff, 0x00, 0x04, 0x20, 0xff,
    0x00, 0x04, 0x20, 0xff, 0x00, 0x00, 0x18, 0xff, 0x00, 0x00, 0x20, 0xff,
    0x00, 0x04, 0x18, 0xff, 0x00, 0x00, 0x20, 0xff, 0x00, 0x00, 0x20, 0xff,
    0x00, 0x00, 0x18, 0xff, 0x00, 0x04, 0x20, 0xff, 0x00, 0x00, 0x18, 0xff,
    0x00, 0x04, 0x18, 0xff, 0x00, 0x00, 0x20, 0xff, 0x00, 0x00, 0x18, 0xff,
    0x00, 0x00, 0x18, 0xff, 0x00, 0x00, 0x18, 0xff, 0x00, 0x00, 0x18, 0xff,
    0x00, 0x00, 0x20, 0xff, 0x00, 0x00, 0x20, 0xff, 0x00, 0x04, 0x18, 0xff,
    0x00, 0x00, 0x18, 0xff, 0x00, 0x00, 0x20, 0xff, 0x00, 0x00, 0x18, 0xff,
    0x00, 0x00, 0x18, 0xff, 0x00, 0x00, 0x18, 0xff, 0x00, 0x00, 0x18, 0xff,
    0x00, 0x00, 0x18, 0xff, 0x00, 0x00, 0x18, 0xff, 0x00, 0x00, 0x18, 0xff,
    0x00, 0x00, 0x18, 0xff, 0x00, 0x00, 0x18, 0xff, 0x00, 0x00, 0x18, 0xff,
    0x00, 0x00, 0x18, 0xff, 0x00, 0x00, 0x18, 0xff, 0x00, 0x00, 0x18, 0xff,
    0x00, 0x00, 0x18, 0xff, 0x00, 0x00, 0x18, 0xff, 0x00, 0x00, 0x18, 0xff,
    0x00, 0x00, 0x18, 0xff, 0x00, 0x00, 0x18, 0xff, 0x00, 0x00, 0x18, 0xff,
    0x00, 0x00, 0x18, 0xff, 0x00, 0x00, 0x18, 0xff, 0x00, 0x00, 0x18, 0xff,
    0x00, 0x00, 0x18, 0xff, 0x00, 0x00, 0x18, 0xff, 0x00, 0x00, 0x18, 0xff,
    0x00, 0x00, 0x18, 0xff, 0x00, 0x00, 0x18, 0xff, 0x00, 0x00, 0x18, 0xff,
    0x00, 0x00, 0x18, 0xff, 0x00, 0x00, 0x18, 0xff, 0x00, 0x00, 0x18, 0xff,
    0x00, 0x00, 0x18, 0xff, 0x00, 0x00, 0x18, 0xff, 0x00, 0x00, 0x18, 0xff,
    0x90, 0x94, 0x98, 0x71, 0x90, 0x98, 0xa8, 0x71, 0x00, 0x0c, 0x38, 0xff,
    0x00, 0x0c, 0x38, 0xff, 0x00, 0x0c, 0x40, 0xff, 0x00, 0x0c, 0x38, 0xff,
    0x00, 0x0c, 0x38, 0xff, 0x00, 0x0c, 0x38, 0xff, 0x00, 0x0c, 0x38, 0xff,
    0x00, 0x0c, 0x38, 0xff, 0x00, 0x0c, 0x38, 0xff, 0x00, 0x0c, 0x38, 0xff,
    0x00, 0x0c, 0x38, 0xff, 0x00, 0x08, 0x38, 0xff, 0x00, 0x0c, 0x38, 0xff,
    0x00, 0x0c, 0x30, 0xff, 0x00, 0x08, 0x38, 0xff, 0x00, 0x08, 0x30, 0xff,
    0x00, 0x0c, 0x38, 0xff, 0x00, 0x08, 0x38, 0xff, 0x10, 0x18, 0x40, 0xff,
    0xc0, 0xc4, 0xd0, 0xff, 0xf8, 0xfc, 0xf8, 0xff, 0xf8, 0xfc, 0xf8, 0xff,
    0xf8, 0xfc, 0xf8, 0xff, 0xf8, 0xfc, 0xf8, 0xff, 0xf8, 0xfc, 0xf8, 0xff,
    0xf8, 0xfc, 0xf8, 0xff, 0xf8, 0xfc, 0xf8, 0xff, 0xf8, 0xfc, 0xf8, 0xff,
    0xf8, 0xfc, 0xf8, 0xff, 0xf8, 0xfc, 0xf8, 0xff, 0xf8, 0xfc, 0xf8, 0xff,
    0xf8, 0xfc, 0xf8, 0xff, 0xf8, 0xfc, 0xf8, 0xff, 0xf8, 0xfc, 0xf8, 0xff,
    0xf8, 0xfc, 0xf8, 0xff, 0xf8, 0xfc, 0xf8, 0xff, 0xf8, 0xfc, 0xf8, 0xff,
    0xf8, 0xfc, 0xf8, 0xff, 0xf8, 0xfc, 0xf8, 0xff, 0x90, 0x94, 0xa0, 0xff,
    0x00, 0x08, 0x30, 0xff, 0x00, 0x08, 0x28, 0xff, 0x00, 0x08, 0x28, 0xff,
    0x00, 0x08, 0x28, 0xff, 0x00, 0x04, 0x28, 0xff, 0x00, 0x04, 0x28, 0xff,
    0x00, 0x08, 0x28, 0xff, 0x00, 0x08, 0x28, 0xff, 0x00, 0x04, 0x28, 0xff,
    0x00, 0x08, 0x28, 0xff, 0x00, 0x04, 0x28, 0xff, 0x00, 0x04, 0x28, 0xff,
    0x00, 0x08, 0x28, 0xff, 0x00, 0x04, 0x28, 0xff, 0x00, 0x04, 0x28, 0xff,
    0x00, 0x04, 0x28, 0xff, 0x00, 0x08, 0x28, 0xff, 0x00, 0x04, 0x20, 0xff,
    0x00, 0x04, 0x20, 0xff, 0x00, 0x04, 0x28, 0xff, 0x00, 0x08, 0x28, 0xff,
    0x00, 0x04, 0x20, 0xff, 0x00, 0x04, 0x20, 0xff, 0x00, 0x04, 0x28, 0xff,
    0x00, 0x04, 0x20, 0xff, 0x00, 0x04, 0x20, 0xff, 0x00, 0x04, 0x20, 0xff,
    0x00, 0x04, 0x28, 0xff, 0x00, 0x04, 0x20, 0xff, 0x00, 0x04, 0x20, 0xff,
    0x00, 0x04, 0x20, 0xff, 0x00, 0x04, 0x20, 0xff, 0x00, 0x04, 0x20, 0xff,
    0x00, 0x04, 0x20, 0xff, 0x00, 0x04, 0x20, 0xff, 0x00, 0x00, 0x20, 0xff,
    0x00, 0x04, 0x20, 0xff, 0x00, 0x04, 0x20, 0xff, 0x00, 0x04, 0x20, 0xff,
    0x00, 0x04, 0x20, 0xff, 0x00, 0x04, 0x20, 0xff, 0x00, 0x04, 0x20, 0xff,
    0x00, 0x04, 0x20, 0xff, 0x00, 0x00, 0x20, 0xff, 0x00, 0x00, 0x20, 0xff,
    0x00, 0x04, 0x20, 0xff, 0x00, 0x00, 0x20, 0xff, 0x00, 0x04, 0x20, 0xff,
    0x00, 0x04, 0x20, 0xff, 0x00, 0x00, 0x18, 0xff, 0x00, 0x00, 0x20, 0xff,
    0x00, 0x04, 0x20, 0xff, 0x00, 0x04, 0x18, 0xff, 0x00, 0x00, 0x20, 0xff,
    0x00, 0x04, 0x18, 0xff, 0x00, 0x04, 0x18, 0xff, 0x00, 0x00, 0x20, 0xff,
    0x00, 0x00, 0x18, 0xff, 0x00, 0x00, 0x20, 0xff, 0x00, 0x00, 0x20, 0xff,
    0x00, 0x00, 0x18, 0xff, 0x00, 0x04, 0x20, 0xff, 0x00, 0x00, 0x18, 0xff,
    0x00, 0x00, 0x20, 0xff, 0x00, 0x04, 0x20, 0xff, 0x00, 0x04, 0x18, 0xff,
    0x00, 0x00, 0x18, 0xff, 0x00, 0x00, 0x18, 0xff, 0x00, 0x04, 0x18, 0xff,
    0x00, 0x00, 0x18, 0xff, 0x00, 0x00, 0x20, 0xff, 0x00, 0x00, 0x18, 0xff,
    0x00, 0x00, 0x18, 0xff, 0x00, 0x00, 0x18, 0xff, 0x00, 0x00, 0x18, 0xff,
    0x00, 0x00, 0x18, 0xff, 0x00, 0x00, 0x18, 0xff, 0x00, 0x00, 0x20, 0xff,
    0x00, 0x00, 0x18, 0xff, 0x00, 0x00, 0x18, 0xff, 0x00, 0x00, 0x18, 0xff,
    0x00, 0x00, 0x18, 0xff, 0x00, 0x00, 0x18, 0xff, 0x00, 0x00, 0x18, 0xff,
    0x00, 0x00, 0x18, 0xff, 0x00, 0x00, 0x18, 0xff, 0x00, 0x00, 0x18, 0xff,
    0x00, 0x00, 0x18, 0xff, 0x00, 0x00, 0x18, 0xff, 0x00, 0x00, 0x18, 0xff,
    0x00, 0x00, 0x18, 0xff, 0x00, 0x00, 0x18, 0xff, 0x00, 0x00, 0x18, 0xff,
    0x00, 0x00, 0x18, 0xff, 0x00, 0x00, 0x18, 0xff, 0x00, 0x00, 0x18, 0xff,
    0x00, 0x00, 0x18, 0xff, 0x00, 0x00, 0x18, 0xff, 0x00, 0x00, 0x18, 0xff,
    0x00, 0x00, 0x18, 0xff, 0x00, 0x00, 0x18, 0xff, 0x00, 0x00, 0x18, 0xff,
    0x00, 0x00, 0x18, 0xff, 0x00, 0x00, 0x18, 0xff, 0x00, 0x00, 0x18, 0xff,
    0x00, 0x00, 0x18, 0xff, 0x90, 0x90, 0xa0, 0x71, 0x90, 0x98, 0xa8, 0x71,
    0x00, 0x0c, 0x38, 0xff, 0x00, 0x0c, 0x38, 0xff, 0x00, 0x0c, 0x38, 0xff,
    0x00, 0x0c, 0x38, 0xff, 0x00, 0x0c, 0x38, 0xff, 0x00, 0x0c, 0x38, 0xff,
    0x00, 0x0c, 0x38, 0xff, 0x00, 0x0c, 0x38, 0xff, 0x00, 0x0c, 0x38, 0xff,
    0x00, 0x0c, 0x38, 0xff, 0x00, 0x08, 0x38, 0xff, 0x00, 0x0c, 0x38, 0xff,
    0x00, 0x0c, 0x30, 0xff, 0x00, 0x08, 0x38, 0xff, 0x00, 0x0c, 0x30, 0xff,
    0x00, 0x0c, 0x30, 0xff, 0x00, 0x08, 0x38, 0xff, 0x00, 0x08, 0x30, 0xff,
    0x00, 0x0c, 0x30, 0xff, 0x00, 0x08, 0x30, 0xff, 0x60, 0x64, 0x80, 0xff,
    0xb0, 0xb4, 0xc0, 0xff, 0xc0, 0xc0, 0xc8, 0xff, 0xc0, 0xc4, 0xd0, 0xff,
    0xc0, 0xc0, 0xd0, 0xff, 0xc0, 0xc0, 0xc8, 0xff, 0xc0, 0xc4, 0xd0, 0xff,
    0xc0, 0xc0, 0xd0, 0xff, 0xc0, 0xc4, 0xc8, 0xff, 0xc0, 0xc0, 0xd0, 0xff,
    0xc0, 0xc4, 0xc8, 0xff, 0xc0, 0xc4, 0xc8, 0xff, 0xc0, 0xc0, 0xd0, 0xff,
    0xc0, 0xc4, 0xc8, 0xff, 0xc0, 0xc4, 0xc8, 0xff, 0xc0, 0xc0, 0xd0, 0xff,
    0xc0, 0xc4, 0xc8, 0xff, 0xa0, 0xa4, 0xb0, 0xff, 0x40, 0x44, 0x60, 0xff,
    0x00, 0x08, 0x28, 0xff, 0x00, 0x08, 0x30, 0xff, 0x00, 0x04, 0x28, 0xff,
    0x00, 0x08, 0x28, 0xff, 0x00, 0x04, 0x30, 0xff, 0x00, 0x04, 0x28, 0xff,
    0x00, 0x08, 0x28, 0xff, 0x00, 0x04, 0x28, 0xff, 0x00, 0x04, 0x28, 0xff,
    0x00, 0x08, 0x28, 0xff, 0x00, 0x08, 0x28, 0xff, 0x00, 0x04, 0x28, 0xff,
    0x00, 0x08, 0x28, 0xff, 0x00, 0x04, 0x28, 0xff, 0x00, 0x04, 0x28, 0xff,
    0x00, 0x04, 0x28, 0xff, 0x00, 0x04, 0x28, 0xff, 0x00, 0x04, 0x28, 0xff,
    0x00, 0x08, 0x20, 0xff, 0x00, 0x04, 0x28, 0xff, 0x00, 0x04, 0x28, 0xff,
    0x00, 0x04, 0x20, 0xff, 0x00, 0x04, 0x28, 0xff, 0x00, 0x04, 0x28, 0xff,
    0x00, 0x04, 0x20, 0xff, 0x00, 0x04, 0x20, 0xff, 0x00, 0x04, 0x28, 0xff,
    0x00, 0x04, 0x20, 0xff, 0x00, 0x04, 0x20, 0xff, 0x00, 0x04, 0x20, 0xff,
    0x00, 0x04, 0x20, 0xff, 0x00, 0x04, 0x28, 0xff, 0x00, 0x04, 0x20, 0xff,
    0x00, 0x04, 0x20, 0xff, 0x00, 0x04, 0x20, 0xff, 0x00, 0x04, 0x20, 0xff,
    0x00, 0x04, 0x20, 0xff, 0x00, 0x00, 0x20, 0xff, 0x00, 0x04, 0x20, 0xff,
    0x00, 0x04, 0x20, 0xff, 0x00, 0x00, 0x20, 0xff, 0x00, 0x04, 0x20, 0xff,
    0x00, 0x04, 0x20, 0xff, 0x00, 0x00, 0x20, 0xff, 0x00, 0x00, 0x20, 0xff,
    0x00, 0x04, 0x20, 0xff, 0x00, 0x04, 0x20, 0xff, 0x00, 0x00, 0x18, 0xff,
    0x00, 0x00, 0x20, 0xff, 0x00, 0x04, 0x20, 0xff, 0x00, 0x04, 0x18, 0xff,
    0x00, 0x00, 0x20, 0xff, 0x00, 0x00, 0x18, 0xff, 0x00, 0x04, 0x20, 0xff,
    0x00, 0x00, 0x18, 0xff, 0x00, 0x00, 0x20, 0xff, 0x00, 0x00, 0x20, 0xff,
    0x00, 0x00, 0x18, 0xff, 0x00, 0x00, 0x18, 0xff, 0x00, 0x04, 0x18, 0xff,
    0x00, 0x00, 0x18, 0xff, 0x00, 0x00, 0x20, 0xff, 0x00, 0x00, 0x18, 0xff,
    0x00, 0x00, 0x18, 0xff, 0x00, 0x00, 0x18, 0xff, 0x00, 0x00, 0x18, 0xff,
    0x00, 0x00, 0x18, 0xff, 0x00, 0x04, 0x20, 0xff, 0x00, 0x00, 0x18, 0xff,
    0x00, 0x00, 0x18, 0xff, 0x00, 0x00, 0x18, 0xff, 0x00, 0x04, 0x18, 0xff,
    0x00, 0x00, 0x18, 0xff, 0x00, 0x00, 0x18, 0xff, 0x00, 0x00, 0x18, 0xff,
    0x00, 0x00, 0x20, 0xff, 0x00, 0x00, 0x18, 0xff, 0x00, 0x00, 0x18, 0xff,
    0x00, 0x00, 0x18, 0xff, 0x00, 0x00, 0x18, 0xff, 0x00, 0x00, 0x18, 0xff,
    0x00, 0x00, 0x18, 0xff, 0x00, 0x00, 0x18, 0xff, 0x00, 0x00, 0x18, 0xff,
    0x00, 0x00, 0x18, 0xff, 0x00, 0x00, 0x18, 0xff, 0x00, 0x00, 0x18, 0xff,
    0x00, 0x00, 0x18, 0xff, 0x00, 0x00, 0x18, 0xff, 0x00, 0x00, 0x18, 0xff,
    0x00, 0x00, 0x18, 0xff, 0x00, 0x00, 0x18, 0xff, 0x00, 0x00, 0x18, 0xff,
    0x00, 0x00, 0x18, 0xff, 0x00, 0x00, 0x18, 0xff, 0x00, 0x00, 0x18, 0xff,
    0x00, 0x00, 0x18, 0xff, 0x00, 0x00, 0x18, 0xff, 0x00, 0x00, 0x18, 0xff,
    0x00, 0x00, 0x18, 0xff, 0x00, 0x00, 0x18, 0xff, 0x00, 0x00, 0x18, 0xff,
    0x00, 0x00, 0x18, 0xff, 0x00, 0x00, 0x18, 0xff, 0x00, 0x00, 0x18, 0xff,
    0x00, 0x00, 0x18, 0xff, 0x00, 0x00, 0x18, 0xff, 0x90, 0x94, 0xa0, 0x71,
    0x90, 0x98, 0xb0, 0x71, 0x00, 0x0c, 0x38, 0xff, 0x00, 0x0c, 0x38, 0xff,
    0x00, 0x0c, 0x38, 0xff, 0x00, 0x0c, 0x38, 0xff, 0x00, 0x0c, 0x38, 0xff,
    0x00, 0x0c, 0x38, 0xff, 0x00, 0x0c, 0x38, 0xff, 0x00, 0x0c, 0x38, 0xff,
    0x00, 0x08, 0x38, 0xff, 0x00, 0x0c, 0x38, 0xff, 0x00, 0x0c, 0x38, 0xff,
    0x00, 0x0c, 0x30, 0xff, 0x00, 0x08, 0x38, 0xff, 0x00, 0x08, 0x38, 0xff,
    0x00, 0x0c, 0x30, 0xff, 0x00, 0x08, 0x38, 0xff, 0x00, 0x0c, 0x30, 0xff,
    0x00, 0x0c, 0x30, 0xff, 0x00, 0x0c, 0x30, 0xff, 0x00, 0x08, 0x30, 0xff,
    0x00, 0x08, 0x30, 0xff, 0x00, 0x08, 0x30, 0xff, 0x00, 0x08, 0x30, 0xff,
    0x00, 0x08, 0x30, 0xff, 0x00, 0x08, 0x30, 0xff, 0x00, 0x08, 0x30, 0xff,
    0x00, 0x08, 0x30, 0xff, 0x00, 0x08, 0x30, 0xff, 0x00, 0x08, 0x30, 0xff,
    0x00, 0x08, 0x30, 0xff, 0x00, 0x08, 0x30, 0xff, 0x00, 0x08, 0x30, 0xff,
    0x00, 0x08, 0x30, 0xff, 0x00, 0x08, 0x30, 0xff, 0x00, 0x08, 0x30, 0xff,
    0x00, 0x08, 0x28, 0xff, 0x00, 0x08, 0x30, 0xff, 0x00, 0x08, 0x30, 0xff,
    0x00, 0x04, 0x28, 0xff, 0x00, 0x08, 0x28, 0xff, 0x00, 0x08, 0x30, 0xff,
    0x00, 0x04, 0x28, 0xff, 0x00, 0x04, 0x28, 0xff, 0x00, 0x08, 0x30, 0xff,
    0x00, 0x08, 0x28, 0xff, 0x00, 0x04, 0x28, 0xff, 0x00, 0x08, 0x30, 0xff,
    0x00, 0x04, 0x28, 0xff, 0x00, 0x04, 0x28, 0xff, 0x00, 0x08, 0x28, 0xff,
    0x00, 0x04, 0x28, 0xff, 0x00, 0x04, 0x28, 0xff, 0x00, 0x04, 0x28, 0xff,
    0x00, 0x04, 0x28, 0xff, 0x00, 0x08, 0x28, 0xff, 0x00, 0x04, 0x28, 0xff,
    0x00, 0x04, 0x20, 0xff, 0x00, 0x04, 0x28, 0xff, 0x00, 0x08, 0x28, 0xff,
    0x00, 0x04, 0x20, 0xff, 0x00, 0x04, 0x20, 0xff, 0x00, 0x04, 0x28, 0xff,
    0x00, 0x04, 0x28, 0xff, 0x00, 0x04, 0x20, 0xff, 0x00, 0x04, 0x20, 0xff,
    0x00, 0x04, 0x28, 0xff, 0x00, 0x04, 0x28, 0xff, 0x00, 0x04, 0x20, 0xff,
    0x00, 0x04, 0x20, 0xff, 0x00, 0x04, 0x28, 0xff, 0x00, 0x04, 0x20, 0xff,
    0x00, 0x04, 0x20, 0xff, 0x00, 0x04, 0x20, 0xff, 0x00, 0x00, 0x28, 0xff,
    0x00, 0x04, 0x20, 0xff, 0x00, 0x04, 0x20, 0xff, 0x00, 0x04, 0x20, 0xff,
    0x00, 0x00, 0x20, 0xff, 0x00, 0x04, 0x20, 0xff, 0x00, 0x04, 0x20, 0xff,
    0x00, 0x00, 0x20, 0xff, 0x00, 0x00, 0x20, 0xff, 0x00, 0x04, 0x20, 0xff,
    0x00, 0x00, 0x20, 0xff, 0x00, 0x04, 0x20, 0xff, 0x00, 0x00, 0x18, 0xff,
    0x00, 0x04, 0x20, 0xff, 0x00, 0x00, 0x18, 0xff, 0x00, 0x00, 0x20, 0xff,
    0x00, 0x04, 0x20, 0xff, 0x00, 0x04, 0x18, 0xff, 0x00, 0x00, 0x20, 0xff,
    0x00, 0x04, 0x18, 0xff, 0x00, 0x04, 0x20, 0xff, 0x00, 0x00, 0x18, 0xff,
    0x00, 0x00, 0x20, 0xff, 0x00, 0x00, 0x20, 0xff, 0x00, 0x04, 0x18, 0xff,
    0x00, 0x00, 0x18, 0xff, 0x00, 0x00, 0x20, 0xff, 0x00, 0x04, 0x18, 0xff,
    0x00, 0x00, 0x18, 0xff, 0x00, 0x04, 0x20, 0xff, 0x00, 0x00, 0x18, 0xff,
    0x00, 0x00, 0x18, 0xff, 0x00, 0x00, 0x18, 0xff, 0x00, 0x00, 0x20, 0xff,
    0x00, 0x04, 0x18, 0xff, 0x00, 0x00, 0x20, 0xff, 0x00, 0x00, 0x18, 0xff,
    0x00, 0x00, 0x18, 0xff, 0x00, 0x00, 0x18, 0xff, 0x00, 0x00, 0x18, 0xff,
    0x00, 0x00, 0x18, 0xff, 0x00, 0x00, 0x18, 0xff, 0x00, 0x00, 0x18, 0xff,
    0x00, 0x00, 0x18, 0xff, 0x00, 0x00, 0x18, 0xff, 0x00, 0x00, 0x18, 0xff,
    0x00, 0x00, 0x18, 0xff, 0x00, 0x00, 0x18, 0xff, 0x00, 0x00, 0x18, 0xff,
    0x00, 0x00, 0x18, 0xff, 0x00, 0x00, 0x18, 0xff, 0x00, 0x00, 0x18, 0xff,
    0x00, 0x00, 0x18, 0xff, 0x00, 0x00, 0x18, 0xff, 0x00, 0x00, 0x18, 0xff,
    0x00, 0x00, 0x18, 0xff, 0x00, 0x00, 0x18, 0xff, 0x00, 0x00, 0x18, 0xff,
    0x00, 0x00, 0x18, 0xff, 0x00, 0x00, 0x18, 0xff, 0x00, 0x00, 0x18, 0xff,
    0x00, 0x00, 0x18, 0xff, 0x00, 0x00, 0x18, 0xff, 0x00, 0x00, 0x18, 0xff,
    0x00, 0x00, 0x18, 0xff, 0x00, 0x00, 0x18, 0xff, 0x00, 0x00, 0x18, 0xff,
    0x00, 0x00, 0x18, 0xff, 0x00, 0x00, 0x18, 0xff, 0x00, 0x00, 0x18, 0xff,
    0x00, 0x00, 0x18, 0xff, 0x00, 0x00, 0x18, 0xff, 0x00, 0x00, 0x18, 0xff,
    0x90, 0x94, 0x98, 0x71, 0x90, 0x98, 0xa8, 0x71, 0x00, 0x0c, 0x38, 0xff,
    0x00, 0x0c, 0x38, 0xff, 0x00, 0x0c, 0x38, 0xff, 0x00, 0x0c, 0x38, 0xff,
    0x00, 0x0c, 0x38, 0xff, 0x00, 0x0c, 0x38, 0xff, 0x00, 0x0c, 0x38, 0xff,
    0x00, 0x0c, 0x38, 0xff, 0x00, 0x0c, 0x38, 0xff, 0x00, 0x08, 0x30, 0xff,
    0x00, 0x0c, 0x30, 0xff, 0x00, 0x08, 0x38, 0xff, 0x00, 0x08, 0x30, 0xff,
    0x00, 0x0c, 0x30, 0xff, 0x00, 0x08, 0x38, 0xff, 0x00, 0x08, 0x30, 0xff,
    0x00, 0x0c, 0x30, 0xff, 0x00, 0x08, 0x38, 0xff, 0x00, 0x08, 0x30, 0xff,
    0x00, 0x08, 0x30, 0xff, 0x00, 0x08, 0x30, 0xff, 0x00, 0x0c, 0x30, 0xff,
    0x00, 0x08, 0x30, 0xff, 0x00, 0x08, 0x30, 0xff, 0x00, 0x0c, 0x30, 0xff,
    0x00, 0x08, 0x30, 0xff, 0x00, 0x08, 0x30, 0xff, 0x00, 0x08, 0x30, 0xff,
    0x00, 0x08, 0x30, 0xff, 0x00, 0x08, 0x30, 0xff, 0x00, 0x08, 0x30, 0xff,
    0x00, 0x08, 0x28, 0xff, 0x00, 0x08, 0x28, 0xff, 0x00, 0x08, 0x30, 0xff,
    0x00, 0x04, 0x28, 0xff, 0x00, 0x08, 0x28, 0xff, 0x00, 0x08, 0x30, 0xff,
    0x00, 0x04, 0x28, 0xff, 0x00, 0x08, 0x28, 0xff, 0x00, 0x08, 0x30, 0xff,
    0x00, 0x08, 0x28, 0xff, 0x00, 0x04, 0x28, 0xff, 0x00, 0x08, 0x28, 0xff,
    0x00, 0x08, 0x28, 0xff, 0x00, 0x04, 0x28, 0xff, 0x00, 0x08, 0x28, 0xff,
    0x00, 0x08, 0x28, 0xff, 0x00, 0x04, 0x28, 0xff, 0x00, 0x08, 0x28, 0xff,
    0x00, 0x08, 0x28, 0xff, 0x00, 0x04, 0x28, 0xff, 0x00, 0x04, 0x28, 0xff,
    0x00, 0x08, 0x28, 0xff, 0x00, 0x04, 0x28, 0xff, 0x00, 0x04, 0x28, 0xff,
    0x00, 0x08, 0x20, 0xff, 0x00, 0x04, 0x28, 0xff, 0x00, 0x04, 0x28, 0xff,
    0x00, 0x04, 0x20, 0xff, 0x00, 0x04, 0x28, 0xff, 0x00, 0x04, 0x20, 0xff,
    0x00, 0x04, 0x20, 0xff, 0x00, 0x04, 0x20, 0xff, 0x00, 0x04, 0x20, 0xff,
    0x00, 0x04, 0x28, 0xff, 0x00, 0x04, 0x20, 0xff, 0x00, 0x04, 0x20, 0xff,
    0x00, 0x04, 0x20, 0xff, 0x00, 0x04, 0x20, 0xff, 0x00, 0x04, 0x20, 0xff,
    0x00, 0x04, 0x20, 0xff, 0x00, 0x04, 0x20, 0xff, 0x00, 0x04, 0x20, 0xff,
    0x00, 0x00, 0x20, 0xff, 0x00, 0x04, 0x20, 0xff, 0x00, 0x04, 0x20, 0xff,
    0x00, 0x00, 0x20, 0xff, 0x00, 0x04, 0x20, 0xff, 0x00, 0x04, 0x20, 0xff,
    0x00, 0x04, 0x20, 0xff, 0x00, 0x00, 0x20, 0xff, 0x00, 0x04, 0x20, 0xff,
    0x00, 0x00, 0x20, 0xff, 0x00, 0x04, 0x20, 0xff, 0x00, 0x00, 0x18, 0xff,
    0x00, 0x04, 0x20, 0xff, 0x00, 0x04, 0x20, 0xff, 0x00, 0x00, 0x18, 0xff,
    0x00, 0x04, 0x20, 0xff, 0x00, 0x00, 0x20, 0xff, 0x00, 0x00, 0x20, 0xff,
    0x00, 0x04, 0x18, 0xff, 0x00, 0x00, 0x20, 0xff, 0x00, 0x00, 0x18, 0xff,
    0x00, 0x00, 0x18, 0xff, 0x00, 0x04, 0x20, 0xff, 0x00, 0x00, 0x18, 0xff,
    0x00, 0x00, 0x18, 0xff, 0x00, 0x00, 0x20, 0xff, 0x00, 0x00, 0x20, 0xff,
    0x00, 0x00, 0x18, 0xff, 0x00, 0x04, 0x18, 0xff, 0x00, 0x00, 0x20, 0xff,
    0x00, 0x04, 0x18, 0xff, 0x00, 0x00, 0x18, 0xff, 0x00, 0x00, 0x20, 0xff,
    0x00, 0x04, 0x18, 0xff, 0x00, 0x00, 0x18, 0xff, 0x00, 0x00, 0x18, 0xff,
    0x00, 0x00, 0x18, 0xff, 0x00, 0x00, 0x18, 0xff, 0x00, 0x00, 0x20, 0xff,
    0x00, 0x00, 0x18, 0xff, 0x00, 0x00, 0x18, 0xff, 0x00, 0x00, 0x18, 0xff,
    0x00, 0x00, 0x18, 0xff, 0x00, 0x00, 0x18, 0xff, 0x00, 0x00, 0x18, 0xff,
    0x00, 0x00, 0x18, 0xff, 0x00, 0x00, 0x18, 0xff, 0x00, 0x00, 0x18, 0xff,
    0x00, 0x00, 0x18, 0xff, 0x00, 0x00, 0x18, 0xff, 0x00, 0x00, 0x18, 0xff,
    0x00, 0x00, 0x18, 0xff, 0x00, 0x00, 0x18, 0xff, 0x00, 0x00, 0x18, 0xff,
    0x00, 0x00, 0x18, 0xff, 0x00, 0x00, 0x18, 0xff, 0x00, 0x00, 0x18, 0xff,
    0x00, 0x00, 0x18, 0xff, 0x00, 0x00, 0x18, 0xff, 0x00, 0x00, 0x18, 0xff,
    0x00, 0x00, 0x18, 0xff, 0x00, 0x00, 0x18, 0xff, 0x00, 0x00, 0x18, 0xff,
    0x00, 0x00, 0x18, 0xff, 0x00, 0x00, 0x18, 0xff, 0x00, 0x00, 0x18, 0xff,
    0x00, 0x00, 0x18, 0xff, 0x00, 0x00, 0x18, 0xff, 0x00, 0x00, 0x18, 0xff,
    0x00, 0x00, 0x18, 0xff, 0x00, 0x00, 0x18, 0xff, 0x00, 0x00, 0x18, 0xff,
    0x00, 0x00, 0x18, 0xff, 0x90, 0x90, 0xa0, 0x71, 0x90, 0x98, 0xa8, 0x6d,
    0x00, 0x0c, 0x38, 0xff, 0x00, 0x0c, 0x38, 0xff, 0x00, 0x0c, 0x38, 0xff,
    0x00, 0x0c, 0x38, 0xff, 0x00, 0x0c, 0x38, 0xff, 0x00, 0x0c, 0x38, 0xff,
    0x00, 0x08, 0x38, 0xff, 0x00, 0x0c, 0x38, 0xff, 0x00, 0x0c, 0x30, 0xff,
    0x00, 0x0c, 0x38, 0xff, 0x00, 0x08, 0x38, 0xff, 0x00, 0x0c, 0x30, 0xff,
    0x00, 0x0c, 0x38, 0xff, 0x00, 0x0c, 0x30, 0xff, 0x00, 0x08, 0x30, 0xff,
    0x00, 0x0c, 0x38, 0xff, 0x00, 0x08, 0x30, 0xff, 0x00, 0x08, 0x30, 0xff,
    0x00, 0x08, 0x38, 0xff, 0x00, 0x08, 0x30, 0xff, 0x00, 0x0c, 0x30, 0xff,
    0x00, 0x08, 0x30, 0xff, 0x00, 0x08, 0x30, 0xff, 0x00, 0x0c, 0x30, 0xff,
    0x00, 0x08, 0x30, 0xff, 0x00, 0x08, 0x30, 0xff, 0x00, 0x08, 0x30, 0xff,
    0x00, 0x08, 0x30, 0xff, 0x00, 0x08, 0x28, 0xff, 0x00, 0x08, 0x30, 0xff,
    0x00, 0x08, 0x28, 0xff, 0x00, 0x08, 0x30, 0xff, 0x00, 0x08, 0x30, 0xff,
    0x00, 0x08, 0x28, 0xff, 0x00, 0x08, 0x30, 0xff, 0x00, 0x04, 0x30, 0xff,
    0x00, 0x08, 0x28, 0xff, 0x00, 0x08, 0x28, 0xff, 0x00, 0x08, 0x30, 0xff,
    0x00, 0x08, 0x28, 0xff, 0x00, 0x04, 0x28, 0xff, 0x00, 0x04, 0x28, 0xff,
    0x00, 0x08, 0x28, 0xff, 0x00, 0x04, 0x28, 0xff, 0x00, 0x04, 0x28, 0xff,
    0x00, 0x08, 0x28, 0xff, 0x00, 0x04, 0x28, 0xff, 0x00, 0x04, 0x28, 0xff,
    0x00, 0x08, 0x28, 0xff, 0x00, 0x04, 0x28, 0xff, 0x00, 0x04, 0x28, 0xff,
    0x00, 0x04, 0x28, 0xff, 0x00, 0x04, 0x28, 0xff, 0x00, 0x04, 0x28, 0xff,
    0x00, 0x04, 0x20, 0xff, 0x00, 0x08, 0x20, 0xff, 0x00, 0x04, 0x28, 0xff,
    0x00, 0x04, 0x20, 0xff, 0x00, 0x04, 0x20, 0xff, 0x00, 0x04, 0x28, 0xff,
    0x00, 0x04, 0x28, 0xff, 0x00, 0x04, 0x20, 0xff, 0x00, 0x04, 0x28, 0xff,
    0x00, 0x04, 0x20, 0xff, 0x00, 0x04, 0x20, 0xff, 0x00, 0x04, 0x20, 0xff,
    0x00, 0x04, 0x20, 0xff, 0x00, 0x04, 0x28, 0xff, 0x00, 0x04, 0x20, 0xff,
    0x00, 0x04, 0x20, 0xff, 0x00, 0x04, 0x20, 0xff, 0x00, 0x04, 0x20, 0xff,
    0x00, 0x00, 0x20, 0xff, 0x00, 0x04, 0x20, 0xff, 0x00, 0x04, 0x20, 0xff,
    0x00, 0x04, 0x20, 0xff, 0x00, 0x04, 0x20, 0xff, 0x00, 0x04, 0x20, 0xff,
    0x00, 0x04, 0x20, 0xff, 0x00, 0x00, 0x20, 0xff, 0x00, 0x00, 0x20, 0xff,
    0x00, 0x04, 0x20, 0xff, 0x00, 0x04, 0x20, 0xff, 0x00, 0x00, 0x18, 0xff,
    0x00, 0x00, 0x20, 0xff, 0x00, 0x04, 0x20, 0xff, 0x00, 0x00, 0x18, 0xff,
    0x00, 0x04, 0x20, 0xff, 0x00, 0x04, 0x18, 0xff, 0x00, 0x00, 0x20, 0xff,
    0x00, 0x04, 0x18, 0xff, 0x00, 0x00, 0x18, 0xff, 0x00, 0x00, 0x20, 0xff,
    0x00, 0x00, 0x20, 0xff, 0x00, 0x00, 0x18, 0xff, 0x00, 0x00, 0x18, 0xff,
    0x00, 0x04, 0x20, 0xff, 0x00, 0x00, 0x18, 0xff, 0x00, 0x04, 0x18, 0xff,
    0x00, 0x00, 0x18, 0xff, 0x00, 0x00, 0x18, 0xff, 0x00, 0x00, 0x18, 0xff,
    0x00, 0x00, 0x18, 0xff, 0x00, 0x00, 0x18, 0xff, 0x00, 0x04, 0x20, 0xff,
    0x00, 0x00, 0x18, 0xff, 0x00, 0x00, 0x18, 0xff, 0x00, 0x00, 0x18, 0xff,
    0x00, 0x00, 0x18, 0xff, 0x00, 0x00, 0x18, 0xff, 0x00, 0x00, 0x18, 0xff,
    0x00, 0x00, 0x18, 0xff, 0x00, 0x00, 0x18, 0xff, 0x00, 0x00, 0x18, 0xff,
    0x00, 0x00, 0x20, 0xff, 0x00, 0x00, 0x18, 0xff, 0x00, 0x00, 0x18, 0xff,
    0x00, 0x00, 0x18, 0xff, 0x00, 0x00, 0x18, 0xff, 0x00, 0x00, 0x18, 0xff,
    0x00, 0x00, 0x18, 0xff, 0x00, 0x00, 0x18, 0xff, 0x00, 0x00, 0x18, 0xff,
    0x00, 0x00, 0x18, 0xff, 0x00, 0x00, 0x18, 0xff, 0x00, 0x00, 0x18, 0xff,
    0x00, 0x00, 0x18, 0xff, 0x00, 0x00, 0x18, 0xff, 0x00, 0x00, 0x18, 0xff,
    0x00, 0x00, 0x18, 0xff, 0x00, 0x00, 0x18, 0xff, 0x00, 0x00, 0x18, 0xff,
    0x00, 0x00, 0x18, 0xff, 0x00, 0x00, 0x18, 0xff, 0x00, 0x00, 0x18, 0xff,
    0x00, 0x00, 0x18, 0xff, 0x00, 0x00, 0x18, 0xff, 0x00, 0x00, 0x18, 0xff,
    0x00, 0x00, 0x18, 0xff, 0x00, 0x00, 0x18, 0xff, 0x00, 0x00, 0x18, 0xff,
    0x00, 0x00, 0x18, 0xff, 0x00, 0x00, 0x18, 0xff, 0x00, 0x00, 0x18, 0xff,
    0x00, 0x00, 0x18, 0xff, 0x00, 0x00, 0x18, 0xff, 0x90, 0x94, 0xa0, 0x71,
    0x90, 0x98, 0xa8, 0x71, 0x00, 0x0c, 0x38, 0xff, 0x00, 0x0c, 0x38, 0xff,
    0x00, 0x0c, 0x38, 0xff, 0x00, 0x0c, 0x38, 0xff, 0x00, 0x0c, 0x38, 0xff,
    0x00, 0x08, 0x38, 0xff, 0x00, 0x0c, 0x38, 0xff, 0x00, 0x0c, 0x30, 0xff,
    0x00, 0x08, 0x38, 0xff, 0x00, 0x08, 0x38, 0xff, 0x00, 0x0c, 0x30, 0xff,
    0x00, 0x08, 0x38, 0xff, 0x00, 0x08, 0x38, 0xff, 0x00, 0x0c, 0x30, 0xff,
    0x00, 0x0c, 0x30, 0xff, 0x00, 0x08, 0x30, 0xff, 0x00, 0x08, 0x30, 0xff,
    0x00, 0x0c, 0x30, 0xff, 0x00, 0x08, 0x30, 0xff, 0x00, 0x08, 0x30, 0xff,
    0x00, 0x08, 0x30, 0xff, 0x00, 0x08, 0x30, 0xff, 0x00, 0x08, 0x30, 0xff,
    0x00, 0x08, 0x30, 0xff, 0x00, 0x08, 0x30, 0xff, 0x00, 0x08, 0x30, 0xff,
    0x00, 0x08, 0x30, 0xff, 0x00, 0x08, 0x28, 0xff, 0x00, 0x08, 0x30, 0xff,
    0x00, 0x08, 0x30, 0xff, 0x00, 0x08, 0x28, 0xff, 0x00, 0x08, 0x30, 0xff,
    0x00, 0x08, 0x28, 0xff, 0x00, 0x04, 0x28, 0xff, 0x00, 0x08, 0x30, 0xff,
    0x00, 0x08, 0x28, 0xff, 0x00, 0x08, 0x28, 0xff, 0x00, 0x04, 0x30, 0xff,
    0x00, 0x08, 0x28, 0xff, 0x00, 0x04, 0x28, 0xff, 0x00, 0x04, 0x30, 0xff,
    0x00, 0x08, 0x28, 0xff, 0x00, 0x04, 0x28, 0xff, 0x00, 0x08, 0x28, 0xff,
    0x00, 0x04, 0x28, 0xff, 0x00, 0x08, 0x28, 0xff, 0x00, 0x04, 0x28, 0xff,
    0x00, 0x08, 0x28, 0xff, 0x00, 0x04, 0x28, 0xff, 0x00, 0x04, 0x28, 0xff,
    0x00, 0x04, 0x28, 0xff, 0x00, 0x08, 0x28, 0xff, 0x00, 0x04, 0x28, 0xff,
    0x00, 0x04, 0x20, 0xff, 0x00, 0x08, 0x28, 0xff, 0x00, 0x04, 0x28, 0xff,
    0x00, 0x04, 0x28, 0xff, 0x00, 0x04, 0x20, 0xff, 0x00, 0x04, 0x28, 0xff,
    0x00, 0x04, 0x28, 0xff, 0x00, 0x04, 0x20, 0xff, 0x00, 0x04, 0x20, 0xff,
    0x00, 0x04, 0x28, 0xff, 0x00, 0x04, 0x28, 0xff, 0x00, 0x04, 0x20, 0xff,
    0x00, 0x04, 0x20, 0xff, 0x00, 0x04, 0x28, 0xff, 0x00, 0x04, 0x20, 0xff,
    0x00, 0x04, 0x20, 0xff, 0x00, 0x04, 0x20, 0xff, 0x00, 0x00, 0x28, 0xff,
    0x00, 0x04, 0x20, 0xff, 0x00, 0x04, 0x20, 0xff, 0x00, 0x04, 0x20, 0xff,
    0x00, 0x00, 0x20, 0xff, 0x00, 0x04, 0x20, 0xff, 0x00, 0x00, 0x20, 0xff,
    0x00, 0x04, 0x20, 0xff, 0x00, 0x00, 0x20, 0xff, 0x00, 0x00, 0x20, 0xff,
    0x00, 0x04, 0x20, 0xff, 0x00, 0x00, 0x18, 0xff, 0x00, 0x04, 0x20, 0xff,
    0x00, 0x00, 0x20, 0xff, 0x00, 0x04, 0x18, 0xff, 0x00, 0x00, 0x20, 0xff,
    0x00, 0x00, 0x20, 0xff, 0x00, 0x04, 0x18, 0xff, 0x00, 0x00, 0x20, 0xff,
    0x00, 0x04, 0x18, 0xff, 0x00, 0x04, 0x18, 0xff, 0x00, 0x00, 0x20, 0xff,
    0x00, 0x00, 0x18, 0xff, 0x00, 0x04, 0x20, 0xff, 0x00, 0x00, 0x18, 0xff,
    0x00, 0x00, 0x18, 0xff, 0x00, 0x00, 0x20, 0xff, 0x00, 0x00, 0x18, 0xff,
    0x00, 0x00, 0x20, 0xff, 0x00, 0x04, 0x18, 0xff, 0x00, 0x00, 0x18, 0xff,
    0x00, 0x00, 0x20, 0xff, 0x00, 0x00, 0x18, 0xff, 0x00, 0x00, 0x18, 0xff,
    0x00, 0x00, 0x18, 0xff, 0x00, 0x04, 0x18, 0xff, 0x00, 0x00, 0x18, 0xff,
    0x00, 0x00, 0x18, 0xff, 0x00, 0x00, 0x18, 0xff, 0x00, 0x00, 0x20, 0xff,
    0x00, 0x00, 0x18, 0xff, 0x00, 0x00, 0x18, 0xff, 0x00, 0x00, 0x18, 0xff,
    0x00, 0x00, 0x18, 0xff, 0x00, 0x00, 0x18, 0xff, 0x00, 0x00, 0x18, 0xff,
    0x00, 0x00, 0x18, 0xff, 0x00, 0x00, 0x18, 0xff, 0x00, 0x00, 0x18, 0xff,
    0x00, 0x00, 0x18, 0xff, 0x00, 0x00, 0x18, 0xff, 0x00, 0x00, 0x18, 0xff,
    0x00, 0x00, 0x18, 0xff, 0x00, 0x00, 0x18, 0xff, 0x00, 0x00, 0x18, 0xff,
    0x00, 0x00, 0x18, 0xff, 0x00, 0x00, 0x18, 0xff, 0x00, 0x00, 0x18, 0xff,
    0x00, 0x00, 0x18, 0xff, 0x00, 0x00, 0x18, 0xff, 0x00, 0x00, 0x18, 0xff,
    0x00, 0x00, 0x18, 0xff, 0x00, 0x00, 0x18, 0xff, 0x00, 0x00, 0x18, 0xff,
    0x00, 0x00, 0x18, 0xff, 0x00, 0x00, 0x18, 0xff, 0x00, 0x00, 0x18, 0xff,
    0x00, 0x00, 0x18, 0xff, 0x00, 0x00, 0x18, 0xff, 0x00, 0x00, 0x18, 0xff,
    0x00, 0x00, 0x18, 0xff, 0x00, 0x00, 0x18, 0xff, 0x00, 0x00, 0x18, 0xff,
    0x00, 0x00, 0x18, 0xff, 0x00, 0x00, 0x18, 0xff, 0x00, 0x00, 0x18, 0xff,
    0x90, 0x90, 0x98, 0x71, 0x90, 0x98, 0xa8, 0x71, 0x00, 0x0c, 0x38, 0xff,
    0x00, 0x0c, 0x38, 0xff, 0x00, 0x08, 0x38, 0xff, 0x00, 0x0c, 0x38, 0xff,
    0x00, 0x0c, 0x38, 0xff, 0x00, 0x0c, 0x38, 0xff, 0x00, 0x0c, 0x30, 0xff,
    0x00, 0x0c, 0x38, 0xff, 0x00, 0x08, 0x38, 0xff, 0x00, 0x08, 0x30, 0xff,
    0x00, 0x0c, 0x30, 0xff, 0x00, 0x08, 0x30, 0xff, 0x00, 0x08, 0x30, 0xff,
    0x00, 0x0c, 0x38, 0xff, 0x00, 0x08, 0x30, 0xff, 0x00, 0x08, 0x30, 0xff,
    0x00, 0x08, 0x38, 0xff, 0x00, 0x0c, 0x30, 0xff, 0x00, 0x08, 0x30, 0xff,
    0x00, 0x08, 0x30, 0xff, 0x00, 0x0c, 0x30, 0xff, 0x00, 0x08, 0x30, 0xff,
    0x00, 0x08, 0x30, 0xff, 0x00, 0x08, 0x30, 0xff, 0x00, 0x08, 0x30, 0xff,
    0x00, 0x08, 0x30, 0xff, 0x00, 0x08, 0x30, 0xff, 0x00, 0x08, 0x30, 0xff,
    0x00, 0x08, 0x28, 0xff, 0x00, 0x08, 0x30, 0xff, 0x00, 0x08, 0x30, 0xff,
    0x00, 0x08, 0x28, 0xff, 0x00, 0x08, 0x30, 0xff, 0x00, 0x04, 0x30, 0xff,
    0x00, 0x08, 0x28, 0xff, 0x00, 0x08, 0x28, 0xff, 0x00, 0x08, 0x30, 0xff,
    0x00, 0x08, 0x28, 0xff, 0x00, 0x04, 0x28, 0xff, 0x00, 0x04, 0x28, 0xff,
    0x00, 0x08, 0x28, 0xff, 0x00, 0x08, 0x28, 0xff, 0x00, 0x04, 0x28, 0xff,
    0x00, 0x08, 0x28, 0xff, 0x00, 0x08, 0x28, 0xff, 0x00, 0x04, 0x28, 0xff,
    0x00, 0x08, 0x28, 0xff, 0x00, 0x04, 0x28, 0xff, 0x00, 0x04, 0x28, 0xff,
    0x00, 0x04, 0x28, 0xff, 0x00, 0x08, 0x28, 0xff, 0x00, 0x04, 0x20, 0xff,
    0x00, 0x04, 0x20, 0xff, 0x00, 0x08, 0x28, 0xff, 0x00, 0x04, 0x28, 0xff,
    0x00, 0x04, 0x20, 0xff, 0x00, 0x04, 0x20, 0xff, 0x00, 0x04, 0x28, 0xff,
    0x00, 0x04, 0x20, 0xff, 0x00, 0x04, 0x20, 0xff, 0x00, 0x04, 0x20, 0xff,
    0x00, 0x04, 0x20, 0xff, 0x00, 0x04, 0x20, 0xff, 0x00, 0x04, 0x20, 0xff,
    0x00, 0x04, 0x20, 0xff, 0x00, 0x04, 0x28, 0xff, 0x00, 0x04, 0x20, 0xff,
    0x00, 0x04, 0x20, 0xff, 0x00, 0x04, 0x20, 0xff, 0x00, 0x04, 0x20, 0xff,
    0x00, 0x04, 0x20, 0xff, 0x00, 0x00, 0x20, 0xff, 0x00, 0x04, 0x20, 0xff,
    0x00, 0x04, 0x20, 0xff, 0x00, 0x04, 0x20, 0xff, 0x00, 0x00, 0x20, 0xff,
    0x00, 0x04, 0x20, 0xff, 0x00, 0x00, 0x20, 0xff, 0x00, 0x04, 0x20, 0xff,
    0x00, 0x04, 0x20, 0xff, 0x00, 0x00, 0x20, 0xff, 0x00, 0x00, 0x20, 0xff,
    0x00, 0x04, 0x20, 0xff, 0x00, 0x04, 0x18, 0xff, 0x00, 0x00, 0x20, 0xff,
    0x00, 0x04, 0x20, 0xff, 0x00, 0x04, 0x18, 0xff, 0x00, 0x00, 0x20, 0xff,
    0x00, 0x00, 0x20, 0xff, 0x00, 0x00, 0x18, 0xff, 0x00, 0x00, 0x20, 0xff,
    0x00, 0x00, 0x20, 0xff, 0x00, 0x00, 0x18, 0xff, 0x00, 0x00, 0x18, 0xff,
    0x00, 0x04, 0x20, 0xff, 0x00, 0x00, 0x18, 0xff, 0x00, 0x00, 0x18, 0xff,
    0x00, 0x04, 0x20, 0xff, 0x00, 0x00, 0x18, 0xff, 0x00, 0x00, 0x18, 0xff,
    0x00, 0x04, 0x20, 0xff, 0x00, 0x00, 0x18, 0xff, 0x00, 0x04, 0x18, 0xff,
    0x00, 0x00, 0x20, 0xff, 0x00, 0x00, 0x18, 0xff, 0x00, 0x00, 0x18, 0xff,
    0x00, 0x00, 0x20, 0xff, 0x00, 0x00, 0x18, 0xff, 0x00, 0x00, 0x18, 0xff,
    0x00, 0x00, 0x18, 0xff, 0x00, 0x00, 0x18, 0xff, 0x00, 0x00, 0x18, 0xff,
    0x00, 0x00, 0x20, 0xff, 0x00, 0x00, 0x18, 0xff, 0x00, 0x00, 0x18, 0xff,
    0x00, 0x00, 0x18, 0xff, 0x00, 0x00, 0x18, 0xff, 0x00, 0x00, 0x18, 0xff,
    0x00, 0x00, 0x18, 0xff, 0x00, 0x00, 0x18, 0xff, 0x00, 0x00, 0x18, 0xff,
    0x00, 0x00, 0x18, 0xff, 0x00, 0x00, 0x18, 0xff, 0x00, 0x00, 0x18, 0xff,
    0x00, 0x00, 0x18, 0xff, 0x00, 0x00, 0x18, 0xff, 0x00, 0x00, 0x18, 0xff,
    0x00, 0x00, 0x18, 0xff, 0x00, 0x00, 0x18, 0xff, 0x00, 0x00, 0x18, 0xff,
    0x00, 0x00, 0x18, 0xff, 0x00, 0x00, 0x18, 0xff, 0x00, 0x00, 0x18, 0xff,
    0x00, 0x00, 0x18, 0xff, 0x00, 0x00, 0x18, 0xff, 0x00, 0x00, 0x18, 0xff,
    0x00, 0x00, 0x18, 0xff, 0x00, 0x00, 0x18, 0xff, 0x00, 0x00, 0x18, 0xff,
    0x00, 0x00, 0x18, 0xff, 0x00, 0x00, 0x18, 0xff, 0x00, 0x00, 0x18, 0xff,
    0x00, 0x00, 0x18, 0xff, 0x00, 0x00, 0x18, 0xff, 0x00, 0x00, 0x18, 0xff,
    0x00, 0x00, 0x18, 0xff, 0x90, 0x94, 0xa0, 0x71, 0x90, 0x98, 0xa8, 0x71,
    0x00, 0x08, 0x38, 0xff, 0x00, 0x0c, 0x38, 0xff, 0x00, 0x0c, 0x38, 0xff,
    0x00, 0x08, 0x38, 0xff, 0x00, 0x0c, 0x38, 0xff, 0x00, 0x08, 0x38, 0xff,
    0x00, 0x0c, 0x30, 0xff, 0x00, 0x08, 0x38, 0xff, 0x00, 0x0c, 0x30, 0xff,
    0x00, 0x0c, 0x30, 0xff, 0x00, 0x0c, 0x38, 0xff, 0x00, 0x0c, 0x30, 0xff,
    0x00, 0x08, 0x30, 0xff, 0x00, 0x0c, 0x30, 0xff, 0x00, 0x08, 0x38, 0xff,
    0x00, 0x08, 0x30, 0xff, 0x00, 0x08, 0x30, 0xff, 0x00, 0x08, 0x30, 0xff,
    0x00, 0x08, 0x30, 0xff, 0x00, 0x0c, 0x30, 0xff, 0x00, 0x08, 0x30, 0xff,
    0x00, 0x08, 0x30, 0xff, 0x00, 0x08, 0x30, 0xff, 0x00, 0x08, 0x30, 0xff,
    0x00, 0x08, 0x30, 0xff, 0x00, 0x08, 0x28, 0xff, 0x00, 0x08, 0x30, 0xff,
    0x00, 0x08, 0x28, 0xff, 0x00, 0x08, 0x30, 0xff, 0x00, 0x08, 0x28, 0xff,
    0x00, 0x08, 0x28, 0xff, 0x00, 0x04, 0x30, 0xff, 0x00, 0x08, 0x28, 0xff,
    0x00, 0x08, 0x28, 0xff, 0x00, 0x08, 0x28, 0xff, 0x00, 0x04, 0x30, 0xff,
    0x00, 0x08, 0x28, 0xff, 0x00, 0x04, 0x28, 0xff, 0x00, 0x08, 0x28, 0xff,
    0x00, 0x08, 0x28, 0xff, 0x00, 0x04, 0x28, 0xff, 0x00, 0x04, 0x28, 0xff,
    0x00, 0x08, 0x28, 0xff, 0x00, 0x04, 0x28, 0xff, 0x00, 0x04, 0x28, 0xff,
    0x00, 0x08, 0x28, 0xff, 0x00, 0x04, 0x28, 0xff, 0x00, 0x04, 0x28, 0xff,
    0x00, 0x04, 0x28, 0xff, 0x00, 0x04, 0x28, 0xff, 0x00, 0x04, 0x28, 0xff,
    0x00, 0x04, 0x20, 0xff, 0x00, 0x04, 0x28, 0xff, 0x00, 0x04, 0x28, 0xff,
    0x00, 0x04, 0x20, 0xff, 0x00, 0x04, 0x20, 0xff, 0x00, 0x04, 0x28, 0xff,
    0x00, 0x04, 0x28, 0xff, 0x00, 0x04, 0x20, 0xff, 0x00, 0x04, 0x20, 0xff,
    0x00, 0x04, 0x28, 0xff, 0x00, 0x04, 0x28, 0xff, 0x00, 0x04, 0x20, 0xff,
    0x00, 0x04, 0x20, 0xff, 0x00, 0x04, 0x20, 0xff, 0x00, 0x04, 0x20, 0xff,
    0x00, 0x04, 0x20, 0xff, 0x00, 0x04, 0x20, 0xff, 0x00, 0x00, 0x20, 0xff,
    0x00, 0x04, 0x20, 0xff, 0x00, 0x04, 0x20, 0xff, 0x00, 0x04, 0x20, 0xff,
    0x00, 0x00, 0x20, 0xff, 0x00, 0x04, 0x20, 0xff, 0x00, 0x04, 0x20, 0xff,
    0x00, 0x04, 0x20, 0xff, 0x00, 0x00, 0x20, 0xff, 0x00, 0x00, 0x20, 0xff,
    0x00, 0x04, 0x20, 0xff, 0x00, 0x00, 0x18, 0xff, 0x00, 0x04, 0x20, 0xff,
    0x00, 0x00, 0x20, 0xff, 0x00, 0x04, 0x18, 0xff, 0x00, 0x00, 0x20, 0xff,
    0x00, 0x00, 0x18, 0xff, 0x00, 0x04, 0x20, 0xff, 0x00, 0x04, 0x18, 0xff,
    0x00, 0x00, 0x18, 0xff, 0x00, 0x04, 0x20, 0xff, 0x00, 0x00, 0x18, 0xff,
    0x00, 0x00, 0x20, 0xff, 0x00, 0x04, 0x18, 0xff, 0x00, 0x00, 0x18, 0xff,
    0x00, 0x00, 0x20, 0xff, 0x00, 0x00, 0x18, 0xff, 0x00, 0x04, 0x20, 0xff,
    0x00, 0x00, 0x18, 0xff, 0x00, 0x00, 0x18, 0xff, 0x00, 0x00, 0x18, 0xff,
    0x00, 0x00, 0x18, 0xff, 0x00, 0x00, 0x18, 0xff, 0x00, 0x04, 0x18, 0xff,
    0x00, 0x00, 0x20, 0xff, 0x00, 0x00, 0x18, 0xff, 0x00, 0x04, 0x18, 0xff,
    0x00, 0x00, 0x18, 0xff, 0x00, 0x00, 0x18, 0xff, 0x00, 0x00, 0x18, 0xff,
    0x00, 0x00, 0x18, 0xff, 0x00, 0x00, 0x18, 0xff, 0x00, 0x00, 0x18, 0xff,
    0x00, 0x00, 0x18, 0xff, 0x00, 0x00, 0x18, 0xff, 0x00, 0x00, 0x18, 0xff,
    0x00, 0x00, 0x18, 0xff, 0x00, 0x00, 0x18, 0xff, 0x00, 0x00, 0x18, 0xff,
    0x00, 0x00, 0x18, 0xff, 0x00, 0x00, 0x18, 0xff, 0x00, 0x00, 0x18, 0xff,
    0x00, 0x00, 0x18, 0xff, 0x00, 0x00, 0x18, 0xff, 0x00, 0x00, 0x18, 0xff,
    0x00, 0x00, 0x18, 0xff, 0x00, 0x00, 0x18, 0xff, 0x00, 0x00, 0x18, 0xff,
    0x00, 0x00, 0x18, 0xff, 0x00, 0x00, 0x18, 0xff, 0x00, 0x00, 0x18, 0xff,
    0x00, 0x00, 0x18, 0xff, 0x00, 0x00, 0x18, 0xff, 0x00, 0x00, 0x18, 0xff,
    0x00, 0x00, 0x18, 0xff, 0x00, 0x00, 0x18, 0xff, 0x00, 0x00, 0x18, 0xff,
    0x00, 0x00, 0x18, 0xff, 0x00, 0x00, 0x18, 0xff, 0x00, 0x00, 0x18, 0xff,
    0x00, 0x00, 0x18, 0xff, 0x00, 0x00, 0x18, 0xff, 0x00, 0x00, 0x18, 0xff,
    0x00, 0x00, 0x18, 0xff, 0x00, 0x00, 0x18, 0xff, 0x00, 0x00, 0x18, 0xff,
    0x00, 0x00, 0x18, 0xff, 0x00, 0x00, 0x18, 0xff, 0x90, 0x90, 0xa0, 0x71,
    0x90, 0x98, 0xa8, 0x71, 0x00, 0x0c, 0x38, 0xff, 0x00, 0x0c, 0x38, 0xff,
    0x00, 0x0c, 0x38, 0xff, 0x00, 0x0c, 0x38, 0xff, 0x00, 0x0c, 0x38, 0xff,
    0x00, 0x0c, 0x30, 0xff, 0x00, 0x08, 0x38, 0xff, 0x00, 0x08, 0x30, 0xff,
    0x00, 0x08, 0x38, 0xff, 0x00, 0x08, 0x38, 0xff, 0x00, 0x08, 0x30, 0xff,
    0x00, 0x0c, 0x38, 0xff, 0x00, 0x0c, 0x30, 0xff, 0x00, 0x08, 0x30, 0xff,
    0x00, 0x08, 0x30, 0xff, 0x00, 0x0c, 0x30, 0xff, 0x00, 0x08, 0x30, 0xff,
    0x00, 0x08, 0x30, 0xff, 0x00, 0x0c, 0x30, 0xff, 0x00, 0x08, 0x30, 0xff,
    0x00, 0x08, 0x30, 0xff, 0x00, 0x08, 0x30, 0xff, 0x00, 0x08, 0x30, 0xff,
    0x00, 0x08, 0x30, 0xff, 0x00, 0x08, 0x30, 0xff, 0x00, 0x08, 0x30, 0xff,
    0x00, 0x08, 0x28, 0xff, 0x00, 0x08, 0x30, 0xff, 0x00, 0x08, 0x30, 0xff,
    0x00, 0x08, 0x28, 0xff, 0x00, 0x08, 0x30, 0xff, 0x00, 0x08, 0x30, 0xff,
    0x00, 0x04, 0x28, 0xff, 0x00, 0x08, 0x28, 0xff, 0x00, 0x08, 0x30, 0xff,
    0x00, 0x08, 0x28, 0xff, 0x00, 0x04, 0x28, 0xff, 0x00, 0x04, 0x30, 0xff,
    0x00, 0x08, 0x28, 0xff, 0x00, 0x04, 0x28, 0xff, 0x00, 0x08, 0x30, 0xff,
    0x00, 0x08, 0x28, 0xff, 0x00, 0x04, 0x28, 0xff, 0x00, 0x08, 0x28, 0xff,
    0x00, 0x04, 0x28, 0xff, 0x00, 0x04, 0x28, 0xff, 0x00, 0x04, 0x28, 0xff,
    0x00, 0x04, 0x28, 0xff, 0x00, 0x08, 0x28, 0xff, 0x00, 0x04, 0x28, 0xff,
    0x00, 0x08, 0x20, 0xff, 0x00, 0x04, 0x28, 0xff, 0x00, 0x08, 0x28, 0xff,
    0x00, 0x04, 0x20, 0xff, 0x00, 0x04, 0x28, 0xff, 0x00, 0x04, 0x28, 0xff,
    0x00, 0x04, 0x20, 0xff, 0x00, 0x04, 0x20, 0xff, 0x00, 0x04, 0x28, 0xff,
    0x00, 0x04, 0x20, 0xff, 0x00, 0x04, 0x28, 0xff, 0x00, 0x04, 0x20, 0xff,
    0x00, 0x04, 0x20, 0xff, 0x00, 0x04, 0x28, 0xff, 0x00, 0x04, 0x28, 0xff,
    0x00, 0x04, 0x20, 0xff, 0x00, 0x04, 0x20, 0xff, 0x00, 0x04, 0x20, 0xff,
    0x00, 0x04, 0x28, 0xff, 0x00, 0x00, 0x20, 0xff, 0x00, 0x04, 0x20, 0xff,
    0x00, 0x04, 0x20, 0xff, 0x00, 0x04, 0x20, 0xff, 0x00, 0x00, 0x20, 0xff,
    0x00, 0x04, 0x20, 0xff, 0x00, 0x00, 0x20, 0xff, 0x00, 0x04, 0x20, 0xff,
    0x00, 0x04, 0x20, 0xff, 0x00, 0x00, 0x20, 0xff, 0x00, 0x04, 0x18, 0xff,
    0x00, 0x00, 0x20, 0xff, 0x00, 0x04, 0x18, 0xff, 0x00, 0x00, 0x20, 0xff,
    0x00, 0x04, 0x20, 0xff, 0x00, 0x00, 0x18, 0xff, 0x00, 0x00, 0x20, 0xff,
    0x00, 0x04, 0x20, 0xff, 0x00, 0x00, 0x18, 0xff, 0x00, 0x00, 0x20, 0xff,
    0x00, 0x04, 0x18, 0xff, 0x00, 0x00, 0x20, 0xff, 0x00, 0x00, 0x18, 0xff,
    0x00, 0x04, 0x18, 0xff, 0x00, 0x00, 0x20, 0xff, 0x00, 0x00, 0x18, 0xff,
    0x00, 0x00, 0x18, 0xff, 0x00, 0x04, 0x20, 0xff, 0x00, 0x00, 0x18, 0xff,
    0x00, 0x00, 0x20, 0xff, 0x00, 0x04, 0x18, 0xff, 0x00, 0x00, 0x18, 0xff,
    0x00, 0x00, 0x20, 0xff, 0x00, 0x00, 0x18, 0xff, 0x00, 0x00, 0x18, 0xff,
    0x00, 0x00, 0x18, 0xff, 0x00, 0x00, 0x18, 0xff, 0x00, 0x00, 0x18, 0xff,
    0x00, 0x00, 0x18, 0xff, 0x00, 0x00, 0x20, 0xff, 0x00, 0x00, 0x18, 0xff,
    0x00, 0x00, 0x18, 0xff, 0x00, 0x00, 0x18, 0xff, 0x00, 0x00, 0x18, 0xff,
    0x00, 0x00, 0x18, 0xff, 0x00, 0x00, 0x18, 0xff, 0x00, 0x00, 0x18, 0xff,
    0x00, 0x00, 0x18, 0xff, 0x00, 0x00, 0x18, 0xff, 0x00, 0x00, 0x18, 0xff,
    0x00, 0x00, 0x18, 0xff, 0x00, 0x00, 0x18, 0xff, 0x00, 0x00, 0x18, 0xff,
    0x00, 0x00, 0x18, 0xff, 0x00, 0x00, 0x18, 0xff, 0x00, 0x00, 0x18, 0xff,
    0x00, 0x00, 0x18, 0xff, 0x00, 0x00, 0x18, 0xff, 0x00, 0x00, 0x18, 0xff,
    0x00, 0x00, 0x18, 0xff, 0x00, 0x00, 0x18, 0xff, 0x00, 0x00, 0x18, 0xff,
    0x00, 0x00, 0x18, 0xff, 0x00, 0x00, 0x18, 0xff, 0x00, 0x00, 0x18, 0xff,
    0x00, 0x00, 0x18, 0xff, 0x00, 0x00, 0x18, 0xff, 0x00, 0x00, 0x18, 0xff,
    0x00, 0x00, 0x18, 0xff, 0x00, 0x00, 0x18, 0xff, 0x00, 0x00, 0x18, 0xff,
    0x00, 0x00, 0x18, 0xff, 0x00, 0x00, 0x18, 0xff, 0x00, 0x00, 0x18, 0xff,
    0x00, 0x00, 0x18, 0xff, 0x00, 0x00, 0x18, 0xff, 0x00, 0x00, 0x18, 0xff,
    0x90, 0x94, 0x98, 0x71, 0x90, 0x98, 0xa8, 0x71, 0x00, 0x08, 0x38, 0xff,
    0x00, 0x0c, 0x38, 0xff, 0x00, 0x08, 0x38, 0xff, 0x00, 0x0c, 0x38, 0xff,
    0x00, 0x0c, 0x30, 0xff, 0x00, 0x08, 0x38, 0xff, 0x00, 0x0c, 0x30, 0xff,
    0x00, 0x0c, 0x30, 0xff, 0x00, 0x0c, 0x38, 0xff, 0x00, 0x08, 0x30, 0xff,
    0x00, 0x08, 0x30, 0xff, 0x00, 0x0c, 0x30, 0xff, 0x00, 0x08, 0x38, 0xff,
    0x00, 0x08, 0x30, 0xff, 0x00, 0x08, 0x30, 0xff, 0x00, 0x08, 0x30, 0xff,
    0x00, 0x0c, 0x38, 0xff, 0x00, 0x08, 0x30, 0xff, 0x00, 0x08, 0x30, 0xff,
    0x00, 0x08, 0x30, 0xff, 0x00, 0x08, 0x30, 0xff, 0x00, 0x08, 0x30, 0xff,
    0x00, 0x08, 0x30, 0xff, 0x00, 0x08, 0x30, 0xff, 0x00, 0x08, 0x30, 0xff,
    0x00, 0x08, 0x28, 0xff, 0x00, 0x08, 0x30, 0xff, 0x00, 0x08, 0x30, 0xff,
    0x00, 0x08, 0x28, 0xff, 0x00, 0x04, 0x28, 0xff, 0x00, 0x08, 0x30, 0xff,
    0x00, 0x08, 0x28, 0xff, 0x00, 0x08, 0x28, 0xff, 0x00, 0x04, 0x30, 0xff,
    0x00, 0x08, 0x28, 0xff, 0x00, 0x04, 0x28, 0xff, 0x00, 0x04, 0x28, 0xff,
    0x00, 0x08, 0x28, 0xff, 0x00, 0x04, 0x28, 0xff, 0x00, 0x04, 0x28, 0xff,
    0x00, 0x08, 0x28, 0xff, 0x00, 0x04, 0x28, 0xff, 0x00, 0x08, 0x28, 0xff,
    0x00, 0x08, 0x28, 0xff, 0x00, 0x04, 0x28, 0xff, 0x00, 0x04, 0x28, 0xff,
    0x00, 0x08, 0x28, 0xff, 0x00, 0x04, 0x28, 0xff, 0x00, 0x04, 0x20, 0xff,
    0x00, 0x08, 0x20, 0xff, 0x00, 0x04, 0x28, 0xff, 0x00, 0x04, 0x28, 0xff,
    0x00, 0x04, 0x20, 0xff, 0x00, 0x04, 0x20, 0xff, 0x00, 0x04, 0x28, 0xff,
    0x00, 0x04, 0x20, 0xff, 0x00, 0x04, 0x20, 0xff, 0x00, 0x04, 0x28, 0xff,
    0x00, 0x04, 0x20, 0xff, 0x00, 0x04, 0x20, 0xff, 0x00, 0x04, 0x20, 0xff,
    0x00, 0x04, 0x20, 0xff, 0x00, 0x04, 0x20, 0xff, 0x00, 0x04, 0x20, 0xff,
    0x00, 0x04, 0x20, 0xff, 0x00, 0x04, 0x20, 0xff, 0x00, 0x00, 0x20, 0xff,
    0x00, 0x04, 0x20, 0xff, 0x00, 0x04, 0x20, 0xff, 0x00, 0x04, 0x20, 0xff,
    0x00, 0x00, 0x20, 0xff, 0x00, 0x04, 0x20, 0xff, 0x00, 0x04, 0x20, 0xff,
    0x00, 0x04, 0x20, 0xff, 0x00, 0x00, 0x20, 0xff, 0x00, 0x00, 0x20, 0xff,
    0x00, 0x04, 0x20, 0xff, 0x00, 0x00, 0x20, 0xff, 0x00, 0x00, 0x18, 0xff,
    0x00, 0x04, 0x20, 0xff, 0x00, 0x04, 0x20, 0xff, 0x00, 0x00, 0x18, 0xff,
    0x00, 0x04, 0x20, 0xff, 0x00, 0x04, 0x20, 0xff, 0x00, 0x00, 0x18, 0xff,
    0x00, 0x04, 0x18, 0xff, 0x00, 0x04, 0x20, 0xff, 0x00, 0x00, 0x20, 0xff,
    0x00, 0x00, 0x18, 0xff, 0x00, 0x00, 0x20, 0xff, 0x00, 0x00, 0x18, 0xff,
    0x00, 0x00, 0x18, 0xff, 0x00, 0x00, 0x20, 0xff, 0x00, 0x04, 0x18, 0xff,
    0x00, 0x00, 0x18, 0xff, 0x00, 0x00, 0x20, 0xff, 0x00, 0x00, 0x18, 0xff,
    0x00, 0x04, 0x18, 0xff, 0x00, 0x00, 0x18, 0xff, 0x00, 0x00, 0x20, 0xff,
    0x00, 0x04, 0x18, 0xff, 0x00, 0x00, 0x18, 0xff, 0x00, 0x00, 0x18, 0xff,
    0x00, 0x00, 0x18, 0xff, 0x00, 0x00, 0x18, 0xff, 0x00, 0x00, 0x20, 0xff,
    0x00, 0x00, 0x18, 0xff, 0x00, 0x00, 0x18, 0xff, 0x00, 0x00, 0x18, 0xff,
    0x00, 0x00, 0x18, 0xff, 0x00, 0x00, 0x18, 0xff, 0x00, 0x00, 0x18, 0xff,
    0x00, 0x00, 0x18, 0xff, 0x00, 0x00, 0x18, 0xff, 0x00, 0x00, 0x18, 0xff,
    0x00, 0x00, 0x18, 0xff, 0x00, 0x00, 0x18, 0xff, 0x00, 0x00, 0x18, 0xff,
    0x00, 0x00, 0x18, 0xff, 0x00, 0x00, 0x18, 0xff, 0x00, 0x00, 0x18, 0xff,
    0x00, 0x00, 0x18, 0xff, 0x00, 0x00, 0x18, 0xff, 0x00, 0x00, 0x18, 0xff,
    0x00, 0x00, 0x18, 0xff, 0x00, 0x00, 0x18, 0xff, 0x00, 0x00, 0x18, 0xff,
    0x00, 0x00, 0x18, 0xff, 0x00, 0x00, 0x18, 0xff, 0x00, 0x00, 0x18, 0xff,
    0x00, 0x00, 0x18, 0xff, 0x00, 0x00, 0x18, 0xff, 0x00, 0x00, 0x18, 0xff,
    0x00, 0x00, 0x18, 0xff, 0x00, 0x00, 0x18, 0xff, 0x00, 0x00, 0x18, 0xff,
    0x00, 0x00, 0x18, 0xff, 0x00, 0x00, 0x18, 0xff, 0x00, 0x00, 0x18, 0xff,
    0x00, 0x00, 0x18, 0xff, 0x00, 0x00, 0x18, 0xff, 0x00, 0x00, 0x18, 0xff,
    0x00, 0x00, 0x18, 0xff, 0x00, 0x00, 0x18, 0xff, 0x00, 0x00, 0x18, 0xff,
    0x00, 0x00, 0x18, 0xff, 0x90, 0x94, 0xa0, 0x71, 0x90, 0x98, 0xa8, 0x6d,
    0x00, 0x0c, 0x38, 0xff, 0x00, 0x08, 0x38, 0xff, 0x00, 0x0c, 0x30, 0xff,
    0x00, 0x0c, 0x30, 0xff, 0x00, 0x08, 0x38, 0xff, 0x00, 0x08, 0x30, 0xff,
    0x00, 0x08, 0x38, 0xff, 0x00, 0x0c, 0x30, 0xff, 0x00, 0x0c, 0x30, 0xff,
    0x00, 0x0c, 0x38, 0xff, 0x00, 0x08, 0x30, 0xff, 0x00, 0x08, 0x30, 0xff,
    0x00, 0x08, 0x38, 0xff, 0x00, 0x08, 0x30, 0xff, 0x00, 0x08, 0x30, 0xff,
    0x00, 0x08, 0x30, 0xff, 0x00, 0x08, 0x30, 0xff, 0x00, 0x0c, 0x30, 0xff,
    0x00, 0x08, 0x30, 0xff, 0x00, 0x08, 0x30, 0xff, 0x00, 0x08, 0x30, 0xff,
    0x00, 0x08, 0x30, 0xff, 0x00, 0x08, 0x30, 0xff, 0x00, 0x08, 0x28, 0xff,
    0x00, 0x08, 0x28, 0xff, 0x00, 0x08, 0x30, 0xff, 0x00, 0x08, 0x30, 0xff,
    0x00, 0x08, 0x28, 0xff, 0x00, 0x08, 0x28, 0xff, 0x00, 0x08, 0x30, 0xff,
    0x00, 0x04, 0x28, 0xff, 0x00, 0x08, 0x28, 0xff, 0x00, 0x08, 0x30, 0xff,
    0x00, 0x08, 0x28, 0xff, 0x00, 0x04, 0x28, 0xff, 0x00, 0x08, 0x28, 0xff,
    0x00, 0x08, 0x28, 0xff, 0x00, 0x04, 0x28, 0xff, 0x00, 0x08, 0x28, 0xff,
    0x00, 0x08, 0x28, 0xff, 0x00, 0x04, 0x28, 0xff, 0x00, 0x04, 0x28, 0xff,
    0x00, 0x04, 0x28, 0xff, 0x00, 0x04, 0x28, 0xff, 0x00, 0x04, 0x28, 0xff,
    0x00, 0x04, 0x28, 0xff, 0x00, 0x08, 0x28, 0xff, 0x00, 0x04, 0x28, 0xff,
    0x00, 0x04, 0x20, 0xff, 0x00, 0x04, 0x28, 0xff, 0x00, 0x04, 0x28, 0xff,
    0x00, 0x04, 0x20, 0xff, 0x00, 0x04, 0x20, 0xff, 0x00, 0x04, 0x28, 0xff,
    0x00, 0x04, 0x28, 0xff, 0x00, 0x04, 0x20, 0xff, 0x00, 0x04, 0x20, 0xff,
    0x00, 0x04, 0x28, 0xff, 0x00, 0x04, 0x20, 0xff, 0x00, 0x04, 0x20, 0xff,
    0x00, 0x04, 0x28, 0xff, 0x00, 0x04, 0x20, 0xff, 0x00, 0x04, 0x20, 0xff,
    0x00, 0x04, 0x20, 0xff, 0x00, 0x04, 0x20, 0xff, 0x00, 0x04, 0x20, 0xff,
    0x00, 0x04, 0x20, 0xff, 0x00, 0x00, 0x20, 0xff, 0x00, 0x04, 0x20, 0xff,
    0x00, 0x04, 0x20, 0xff, 0x00, 0x04, 0x20, 0xff, 0x00, 0x00, 0x20, 0xff,
    0x00, 0x04, 0x20, 0xff, 0x00, 0x00, 0x20, 0xff, 0x00, 0x04, 0x20, 0xff,
    0x00, 0x04, 0x20, 0xff, 0x00, 0x00, 0x18, 0xff, 0x00, 0x04, 0x20, 0xff,
    0x00, 0x00, 0x20, 0xff, 0x00, 0x00, 0x18, 0xff, 0x00, 0x04, 0x20, 0xff,
    0x00, 0x00, 0x20, 0xff, 0x00, 0x00, 0x18, 0xff, 0x00, 0x04, 0x20, 0xff,
    0x00, 0x00, 0x18, 0xff, 0x00, 0x00, 0x20, 0xff, 0x00, 0x00, 0x18, 0xff,
    0x00, 0x00, 0x18, 0xff, 0x00, 0x00, 0x20, 0xff, 0x00, 0x04, 0x18, 0xff,
    0x00, 0x00, 0x18, 0xff, 0x00, 0x00, 0x20, 0xff, 0x00, 0x00, 0x20, 0xff,
    0x00, 0x00, 0x18, 0xff, 0x00, 0x04, 0x18, 0xff, 0x00, 0x00, 0x18, 0xff,
    0x00, 0x00, 0x18, 0xff, 0x00, 0x00, 0x18, 0xff, 0x00, 0x00, 0x18, 0xff,
    0x00, 0x00, 0x18, 0xff, 0x00, 0x00, 0x20, 0xff, 0x00, 0x04, 0x18, 0xff,
    0x00, 0x00, 0x18, 0xff, 0x00, 0x00, 0x18, 0xff, 0x00, 0x00, 0x18, 0xff,
    0x00, 0x00, 0x18, 0xff, 0x00, 0x00, 0x18, 0xff, 0x00, 0x00, 0x18, 0xff,
    0x00, 0x00, 0x18, 0xff, 0x00, 0x00, 0x18, 0xff, 0x00, 0x00, 0x18, 0xff,
    0x00, 0x00, 0x18, 0xff, 0x00, 0x00, 0x18, 0xff, 0x00, 0x00, 0x18, 0xff,
    0x00, 0x00, 0x18, 0xff, 0x00, 0x00, 0x18, 0xff, 0x00, 0x00, 0x18, 0xff,
    0x00, 0x00, 0x18, 0xff, 0x00, 0x00, 0x18, 0xff, 0x00, 0x00, 0x18, 0xff,
    0x00, 0x00, 0x18, 0xff, 0x00, 0x00, 0x18, 0xff, 0x00, 0x00, 0x18, 0xff,
    0x00, 0x00, 0x18, 0xff, 0x00, 0x00, 0x18, 0xff, 0x00, 0x00, 0x18, 0xff,
    0x00, 0x00, 0x18, 0xff, 0x00, 0x00, 0x18, 0xff, 0x00, 0x00, 0x18, 0xff,
    0x00, 0x00, 0x18, 0xff, 0x00, 0x00, 0x18, 0xff, 0x00, 0x00, 0x18, 0xff,
    0x00, 0x00, 0x18, 0xff, 0x00, 0x00, 0x18, 0xff, 0x00, 0x00, 0x18, 0xff,
    0x00, 0x00, 0x18, 0xff, 0x00, 0x00, 0x18, 0xff, 0x00, 0x00, 0x18, 0xff,
    0x00, 0x00, 0x18, 0xff, 0x00, 0x00, 0x18, 0xff, 0x00, 0x00, 0x18, 0xff,
    0x00, 0x00, 0x18, 0xff, 0x00, 0x00, 0x18, 0xff, 0x00, 0x00, 0x18, 0xff,
    0x00, 0x00, 0x18, 0xff, 0x00, 0x00, 0x18, 0xff, 0x90, 0x90, 0xa0, 0x71,
    0x90, 0x98, 0xa8, 0x71, 0x00, 0x0c, 0x38, 0xff, 0x00, 0x0c, 0x38, 0xff,
    0x00, 0x0c, 0x30, 0xff, 0x00, 0x08, 0x38, 0xff, 0x00, 0x08, 0x38, 0xff,
    0x00, 0x0c, 0x30, 0xff, 0x00, 0x08, 0x30, 0xff, 0x00, 0x08, 0x38, 0xff,
    0x00, 0x08, 0x30, 0xff, 0x00, 0x0c, 0x30, 0xff, 0x00, 0x08, 0x30, 0xff,
    0x00, 0x08, 0x30, 0xff, 0x00, 0x0c, 0x30, 0xff, 0x00, 0x08, 0x30, 0xff,
    0x00, 0x0c, 0x30, 0xff, 0x00, 0x08, 0x30, 0xff, 0x00, 0x08, 0x30, 0xff,
    0x00, 0x08, 0x30, 0xff, 0x00, 0x08, 0x30, 0xff, 0x00, 0x08, 0x30, 0xff,
    0x00, 0x08, 0x30, 0xff, 0x00, 0x08, 0x30, 0xff, 0x00, 0x08, 0x30, 0xff,
    0x00, 0x08, 0x28, 0xff, 0x00, 0x08, 0x30, 0xff, 0x00, 0x08, 0x30, 0xff,
    0x00, 0x08, 0x28, 0xff, 0x00, 0x08, 0x28, 0xff, 0x00, 0x08, 0x30, 0xff,
    0x00, 0x08, 0x30, 0xff, 0x00, 0x08, 0x28, 0xff, 0x00, 0x04, 0x28, 0xff,
    0x00, 0x08, 0x28, 0xff, 0x00, 0x04, 0x28, 0xff, 0x00, 0x04, 0x28, 0xff,
    0x00, 0x08, 0x30, 0xff, 0x00, 0x04, 0x28, 0xff, 0x00, 0x04, 0x28, 0xff,
    0x00, 0x08, 0x28, 0xff, 0x00, 0x08, 0x28, 0xff, 0x00, 0x04, 0x28, 0xff,
    0x00, 0x08, 0x28, 0xff, 0x00, 0x04, 0x28, 0xff, 0x00, 0x04, 0x28, 0xff,
    0x00, 0x04, 0x28, 0xff, 0x00, 0x04, 0x28, 0xff, 0x00, 0x04, 0x28, 0xff,
    0x00, 0x04, 0x20, 0xff, 0x00, 0x08, 0x28, 0xff, 0x00, 0x04, 0x28, 0xff,
    0x00, 0x08, 0x28, 0xff, 0x00, 0x04, 0x20, 0xff, 0x00, 0x04, 0x28, 0xff,
    0x00, 0x04, 0x28, 0xff, 0x00, 0x04, 0x20, 0xff, 0x00, 0x04, 0x20, 0xff,
    0x00, 0x04, 0x28, 0xff, 0x00, 0x04, 0x20, 0xff, 0x00, 0x04, 0x20, 0xff,
    0x00, 0x04, 0x28, 0xff, 0x00, 0x04, 0x20, 0xff, 0x00, 0x04, 0x20, 0xff,
    0x00, 0x04, 0x20, 0xff, 0x00, 0x04, 0x28, 0xff, 0x00, 0x04, 0x20, 0xff,
    0x00, 0x00, 0x20, 0xff, 0x00, 0x04, 0x20, 0xff, 0x00, 0x04, 0x20, 0xff,
    0x00, 0x00, 0x20, 0xff, 0x00, 0x04, 0x20, 0xff, 0x00, 0x04, 0x20, 0xff,
    0x00, 0x04, 0x20, 0xff, 0x00, 0x00, 0x20, 0xff, 0x00, 0x00, 0x20, 0xff,
    0x00, 0x04, 0x20, 0xff, 0x00, 0x00, 0x18, 0xff, 0x00, 0x04, 0x20, 0xff,
    0x00, 0x04, 0x20, 0xff, 0x00, 0x00, 0x18, 0xff, 0x00, 0x04, 0x20, 0xff,
    0x00, 0x04, 0x20, 0xff, 0x00, 0x00, 0x18, 0xff, 0x00, 0x04, 0x20, 0xff,
    0x00, 0x00, 0x18, 0xff, 0x00, 0x00, 0x20, 0xff, 0x00, 0x00, 0x20, 0xff,
    0x00, 0x00, 0x18, 0xff, 0x00, 0x00, 0x20, 0xff, 0x00, 0x04, 0x18, 0xff,
    0x00, 0x00, 0x18, 0xff, 0x00, 0x00, 0x20, 0xff, 0x00, 0x04, 0x18, 0xff,
    0x00, 0x00, 0x18, 0xff, 0x00, 0x00, 0x18, 0xff, 0x00, 0x00, 0x20, 0xff,
    0x00, 0x04, 0x18, 0xff, 0x00, 0x00, 0x20, 0xff, 0x00, 0x00, 0x20, 0xff,
    0x00, 0x04, 0x18, 0xff, 0x00, 0x00, 0x18, 0xff, 0x00, 0x00, 0x18, 0xff,
    0x00, 0x00, 0x18, 0xff, 0x00, 0x00, 0x18, 0xff, 0x00, 0x00, 0x18, 0xff,
    0x00, 0x00, 0x18, 0xff, 0x00, 0x00, 0x18, 0xff, 0x00, 0x00, 0x18, 0xff,
    0x00, 0x00, 0x20, 0xff, 0x00, 0x00, 0x18, 0xff, 0x00, 0x00, 0x18, 0xff,
    0x00, 0x00, 0x18, 0xff, 0x00, 0x00, 0x18, 0xff, 0x00, 0x00, 0x18, 0xff,
    0x00, 0x00, 0x18, 0xff, 0x00, 0x00, 0x18, 0xff, 0x00, 0x00, 0x18, 0xff,
    0x00, 0x00, 0x18, 0xff, 0x00, 0x00, 0x18, 0xff, 0x00, 0x00, 0x18, 0xff,
    0x00, 0x00, 0x18, 0xff, 0x00, 0x00, 0x18, 0xff, 0x00, 0x00, 0x18, 0xff,
    0x00, 0x00, 0x18, 0xff, 0x00, 0x00, 0x18, 0xff, 0x00, 0x00, 0x18, 0xff,
    0x00, 0x00, 0x18, 0xff, 0x00, 0x00, 0x18, 0xff, 0x00, 0x00, 0x18, 0xff,
    0x00, 0x00, 0x18, 0xff, 0x00, 0x00, 0x18, 0xff, 0x00, 0x00, 0x18, 0xff,
    0x00, 0x00, 0x18, 0xff, 0x00, 0x00, 0x18, 0xff, 0x00, 0x00, 0x18, 0xff,
    0x00, 0x00, 0x18, 0xff, 0x00, 0x00, 0x18, 0xff, 0x00, 0x00, 0x18, 0xff,
    0x00, 0x00, 0x18, 0xff, 0x00, 0x00, 0x18, 0xff, 0x00, 0x00, 0x18, 0xff,
    0x00, 0x00, 0x18, 0xff, 0x00, 0x00, 0x18, 0xff, 0x00, 0x00, 0x18, 0xff,
    0x00, 0x00, 0x18, 0xff, 0x00, 0x00, 0x18, 0xff, 0x00, 0x00, 0x18, 0xff,
    0x90, 0x94, 0x98, 0x71, 0x88, 0x88, 0xa0, 0x20, 0x30, 0x38, 0x58, 0xff,
    0x00, 0x0c, 0x38, 0xff, 0x00, 0x08, 0x38, 0xff, 0x00, 0x08, 0x30, 0xff,
    0x00, 0x0c, 0x38, 0xff, 0x00, 0x0c, 0x38, 0xff, 0x00, 0x0c, 0x30, 0xff,
    0x00, 0x08, 0x38, 0xff, 0x00, 0x0c, 0x30, 0xff, 0x00, 0x08, 0x30, 0xff,
    0x00, 0x08, 0x38, 0xff, 0x00, 0x08, 0x30, 0xff, 0x00, 0x08, 0x30, 0xff,
    0x00, 0x08, 0x30, 0xff, 0x00, 0x0c, 0x30, 0xff, 0x00, 0x08, 0x30, 0xff,
    0x00, 0x08, 0x30, 0xff, 0x00, 0x08, 0x30, 0xff, 0x00, 0x08, 0x30, 0xff,
    0x00, 0x08, 0x30, 0xff, 0x00, 0x08, 0x30, 0xff, 0x00, 0x08, 0x30, 0xff,
    0x00, 0x08, 0x28, 0xff, 0x00, 0x08, 0x30, 0xff, 0x00, 0x08, 0x30, 0xff,
    0x00, 0x08, 0x28, 0xff, 0x00, 0x08, 0x28, 0xff, 0x00, 0x04, 0x30, 0xff,
    0x00, 0x04, 0x28, 0xff, 0x00, 0x08, 0x28, 0xff, 0x00, 0x08, 0x30, 0xff,
    0x00, 0x08, 0x28, 0xff, 0x00, 0x04, 0x30, 0xff, 0x00, 0x08, 0x28, 0xff,
    0x00, 0x04, 0x28, 0xff, 0x00, 0x08, 0x28, 0xff, 0x00, 0x08, 0x28, 0xff,
    0x00, 0x04, 0x28, 0xff, 0x00, 0x04, 0x28, 0xff, 0x00, 0x08, 0x28, 0xff,
    0x00, 0x04, 0x28, 0xff, 0x00, 0x04, 0x28, 0xff, 0x00, 0x08, 0x28, 0xff,
    0x00, 0x08, 0x28, 0xff, 0x00, 0x04, 0x28, 0xff, 0x00, 0x08, 0x20, 0xff,
    0x00, 0x04, 0x20, 0xff, 0x00, 0x04, 0x28, 0xff, 0x00, 0x04, 0x20, 0xff,
    0x00, 0x04, 0x28, 0xff, 0x00, 0x04, 0x20, 0xff, 0x00, 0x04, 0x20, 0xff,
    0x00, 0x04, 0x28, 0xff, 0x00, 0x04, 0x20, 0xff, 0x00, 0x04, 0x20, 0xff,
    0x00, 0x04, 0x28, 0xff, 0x00, 0x04, 0x20, 0xff, 0x00, 0x04, 0x20, 0xff,
    0x00, 0x04, 0x20, 0xff, 0x00, 0x04, 0x20, 0xff, 0x00, 0x04, 0x20, 0xff,
    0x00, 0x04, 0x20, 0xff, 0x00, 0x04, 0x20, 0xff, 0x00, 0x04, 0x20, 0xff,
    0x00, 0x00, 0x20, 0xff, 0x00, 0x04, 0x20, 0xff, 0x00, 0x04, 0x20, 0xff,
    0x00, 0x04, 0x20, 0xff, 0x00, 0x04, 0x20, 0xff, 0x00, 0x00, 0x20, 0xff,
    0x00, 0x04, 0x20, 0xff, 0x00, 0x00, 0x20, 0xff, 0x00, 0x04, 0x20, 0xff,
    0x00, 0x04, 0x20, 0xff, 0x00, 0x00, 0x20, 0xff, 0x00, 0x00, 0x20, 0xff,
    0x00, 0x04, 0x20, 0xff, 0x00, 0x00, 0x18, 0xff, 0x00, 0x00, 0x20, 0xff,
    0x00, 0x04, 0x20, 0xff, 0x00, 0x00, 0x18, 0xff, 0x00, 0x04, 0x20, 0xff,
    0x00, 0x04, 0x18, 0xff, 0x00, 0x04, 0x18, 0xff, 0x00, 0x00, 0x20, 0xff,
    0x00, 0x04, 0x18, 0xff, 0x00, 0x00, 0x20, 0xff, 0x00, 0x00, 0x18, 0xff,
    0x00, 0x04, 0x18, 0xff, 0x00, 0x00, 0x20, 0xff, 0x00, 0x00, 0x18, 0xff,
    0x00, 0x04, 0x18, 0xff, 0x00, 0x00, 0x18, 0xff, 0x00, 0x00, 0x20, 0xff,
    0x00, 0x04, 0x18, 0xff, 0x00, 0x00, 0x18, 0xff, 0x00, 0x00, 0x18, 0xff,
    0x00, 0x04, 0x18, 0xff, 0x00, 0x00, 0x20, 0xff, 0x00, 0x00, 0x18, 0xff,
    0x00, 0x00, 0x18, 0xff, 0x00, 0x00, 0x18, 0xff, 0x00, 0x00, 0x20, 0xff,
    0x00, 0x00, 0x18, 0xff, 0x00, 0x00, 0x18, 0xff, 0x00, 0x00, 0x20, 0xff,
    0x00, 0x00, 0x18, 0xff, 0x00, 0x00, 0x18, 0xff, 0x00, 0x00, 0x18, 0xff,
    0x00, 0x00, 0x18, 0xff, 0x00, 0x00, 0x18, 0xff, 0x00, 0x00, 0x18, 0xff,
    0x00, 0x00, 0x18, 0xff, 0x00, 0x00, 0x18, 0xff, 0x00, 0x00, 0x18, 0xff,
    0x00, 0x00, 0x18, 0xff, 0x00, 0x00, 0x18, 0xff, 0x00, 0x00, 0x18, 0xff,
    0x00, 0x00, 0x18, 0xff, 0x00, 0x00, 0x18, 0xff, 0x00, 0x00, 0x18, 0xff,
    0x00, 0x00, 0x18, 0xff, 0x00, 0x00, 0x18, 0xff, 0x00, 0x00, 0x18, 0xff,
    0x00, 0x00, 0x18, 0xff, 0x00, 0x00, 0x18, 0xff, 0x00, 0x00, 0x18, 0xff,
    0x00, 0x00, 0x18, 0xff, 0x00, 0x00, 0x18, 0xff, 0x00, 0x00, 0x18, 0xff,
    0x00, 0x00, 0x18, 0xff, 0x00, 0x00, 0x18, 0xff, 0x00, 0x00, 0x18, 0xff,
    0x00, 0x00, 0x18, 0xff, 0x00, 0x00, 0x18, 0xff, 0x00, 0x00, 0x18, 0xff,
    0x00, 0x00, 0x18, 0xff, 0x00, 0x00, 0x18, 0xff, 0x00, 0x00, 0x18, 0xff,
    0x00, 0x00, 0x18, 0xff, 0x00, 0x00, 0x18, 0xff, 0x00, 0x00, 0x18, 0xff,
    0x00, 0x00, 0x18, 0xff, 0x00, 0x00, 0x18, 0xff, 0x00, 0x00, 0x18, 0xff,
    0x00, 0x00, 0x18, 0xff, 0x90, 0x90, 0xa0, 0x71, 0xf8, 0xfc, 0xf8, 0x00,
    0x40, 0x48, 0x68, 0xff, 0x00, 0x08, 0x30, 0xff, 0x00, 0x0c, 0x30, 0xff,
    0x00, 0x08, 0x30, 0xff, 0x00, 0x0c, 0x38, 0xff, 0x00, 0x08, 0x30, 0xff,
    0x00, 0x08, 0x30, 0xff, 0x00, 0x0c, 0x30, 0xff, 0x00, 0x08, 0x30, 0xff,
    0x00, 0x08, 0x38, 0xff, 0x00, 0x08, 0x30, 0xff, 0x00, 0x0c, 0x30, 0xff,
    0x00, 0x08, 0x30, 0xff, 0x00, 0x08, 0x30, 0xff, 0x00, 0x08, 0x30, 0xff,
    0x00, 0x08, 0x30, 0xff, 0x00, 0x08, 0x30, 0xff, 0x00, 0x08, 0x30, 0xff,
    0x00, 0x08, 0x30, 0xff, 0x00, 0x08, 0x30, 0xff, 0x00, 0x08, 0x28, 0xff,
    0x00, 0x08, 0x28, 0xff, 0x00, 0x08, 0x30, 0xff, 0x00, 0x08, 0x30, 0xff,
    0x00, 0x08, 0x28, 0xff, 0x00, 0x08, 0x28, 0xff, 0x00, 0x08, 0x30, 0xff,
    0x00, 0x08, 0x30, 0xff, 0x00, 0x08, 0x28, 0xff, 0x00, 0x04, 0x28, 0xff,
    0x00, 0x08, 0x28, 0xff, 0x00, 0x04, 0x28, 0xff, 0x00, 0x04, 0x28, 0xff,
    0x00, 0x08, 0x28, 0xff, 0x00, 0x04, 0x28, 0xff, 0x00, 0x04, 0x28, 0xff,
    0x00, 0x08, 0x28, 0xff, 0x00, 0x08, 0x28, 0xff, 0x00, 0x04, 0x28, 0xff,
    0x00, 0x08, 0x28, 0xff, 0x00, 0x04, 0x28, 0xff, 0x00, 0x04, 0x28, 0xff,
    0x00, 0x04, 0x28, 0xff, 0x00, 0x04, 0x28, 0xff, 0x00, 0x04, 0x28, 0xff,
    0x00, 0x04, 0x20, 0xff, 0x00, 0x08, 0x28, 0xff, 0x00, 0x04, 0x28, 0xff,
    0x00, 0x04, 0x28, 0xff, 0x00, 0x04, 0x20, 0xff, 0x00, 0x04, 0x20, 0xff,
    0x00, 0x04, 0x28, 0xff, 0x00, 0x04, 0x20, 0xff, 0x00, 0x04, 0x20, 0xff,
    0x00, 0x04, 0x20, 0xff, 0x00, 0x04, 0x28, 0xff, 0x00, 0x04, 0x20, 0xff,
    0x00, 0x04, 0x20, 0xff, 0x00, 0x04, 0x28, 0xff, 0x00, 0x04, 0x20, 0xff,
    0x00, 0x04, 0x20, 0xff, 0x00, 0x04, 0x28, 0xff, 0x00, 0x04, 0x20, 0xff,
    0x00, 0x00, 0x20, 0xff, 0x00, 0x04, 0x20, 0xff, 0x00, 0x04, 0x20, 0xff,
    0x00, 0x00, 0x20, 0xff, 0x00, 0x04, 0x20, 0xff, 0x00, 0x04, 0x20, 0xff,
    0x00, 0x04, 0x20, 0xff, 0x00, 0x00, 0x20, 0xff, 0x00, 0x00, 0x20, 0xff,
    0x00, 0x04, 0x18, 0xff, 0x00, 0x00, 0x20, 0xff, 0x00, 0x00, 0x18, 0xff,
    0x00, 0x04, 0x20, 0xff, 0x00, 0x04, 0x18, 0xff, 0x00, 0x00, 0x20, 0xff,
    0x00, 0x04, 0x20, 0xff, 0x00, 0x00, 0x18, 0xff, 0x00, 0x00, 0x20, 0xff,
    0x00, 0x00, 0x18, 0xff, 0x00, 0x00, 0x20, 0xff, 0x00, 0x00, 0x20, 0xff,
    0x00, 0x00, 0x18, 0xff, 0x00, 0x00, 0x18, 0xff, 0x00, 0x04, 0x18, 0xff,
    0x00, 0x00, 0x20, 0xff, 0x00, 0x00, 0x18, 0xff, 0x00, 0x00, 0x20, 0xff,
    0x00, 0x00, 0x18, 0xff, 0x00, 0x00, 0x18, 0xff, 0x00, 0x04, 0x20, 0xff,
    0x00, 0x00, 0x18, 0xff, 0x00, 0x00, 0x18, 0xff, 0x00, 0x00, 0x18, 0xff,
    0x00, 0x00, 0x18, 0xff, 0x00, 0x00, 0x18, 0xff, 0x00, 0x04, 0x18, 0xff,
    0x00, 0x00, 0x18, 0xff, 0x00, 0x00, 0x18, 0xff, 0x00, 0x00, 0x18, 0xff,
    0x00, 0x00, 0x18, 0xff, 0x00, 0x00, 0x18, 0xff, 0x00, 0x00, 0x18, 0xff,
    0x00, 0x00, 0x18, 0xff, 0x00, 0x00, 0x18, 0xff, 0x00, 0x00, 0x18, 0xff,
    0x00, 0x00, 0x18, 0xff, 0x00, 0x00, 0x18, 0xff, 0x00, 0x00, 0x18, 0xff,
    0x00, 0x00, 0x18, 0xff, 0x00, 0x00, 0x18, 0xff, 0x00, 0x00, 0x18, 0xff,
    0x00, 0x00, 0x18, 0xff, 0x00, 0x00, 0x18, 0xff, 0x00, 0x00, 0x18, 0xff,
    0x00, 0x00, 0x18, 0xff, 0x00, 0x00, 0x18, 0xff, 0x00, 0x00, 0x18, 0xff,
    0x00, 0x00, 0x18, 0xff, 0x00, 0x00, 0x18, 0xff, 0x00, 0x00, 0x18, 0xff,
    0x00, 0x00, 0x18, 0xff, 0x00, 0x00, 0x18, 0xff, 0x00, 0x00, 0x18, 0xff,
    0x00, 0x00, 0x18, 0xff, 0x00, 0x00, 0x18, 0xff, 0x00, 0x00, 0x18, 0xff,
    0x00, 0x00, 0x18, 0xff, 0x00, 0x00, 0x18, 0xff, 0x00, 0x00, 0x18, 0xff,
    0x00, 0x00, 0x18, 0xff, 0x00, 0x00, 0x18, 0xff, 0x00, 0x00, 0x18, 0xff,
    0x00, 0x00, 0x18, 0xff, 0x00, 0x00, 0x18, 0xff, 0x00, 0x00, 0x18, 0xff,
    0x00, 0x00, 0x18, 0xff, 0x00, 0x00, 0x18, 0xff, 0x00, 0x00, 0x18, 0xff,
    0x00, 0x00, 0x18, 0xff, 0x00, 0x00, 0x18, 0xff, 0x00, 0x00, 0x18, 0xff,
    0x00, 0x00, 0x18, 0xff, 0x20, 0x20, 0x38, 0xff, 0xf8, 0xfc, 0xf8, 0x20,
    0xf8, 0xfc, 0xf8, 0x00, 0x48, 0x50, 0x70, 0xdb, 0x00, 0x08, 0x38, 0xff,
    0x00, 0x0c, 0x38, 0xff, 0x00, 0x0c, 0x30, 0xff, 0x00, 0x08, 0x30, 0xff,
    0x00, 0x0c, 0x30, 0xff, 0x00, 0x08, 0x30, 0xff, 0x00, 0x08, 0x30, 0xff,
    0x00, 0x08, 0x30, 0xff, 0x00, 0x08, 0x30, 0xff, 0x00, 0x0c, 0x30, 0xff,
    0x00, 0x08, 0x30, 0xff, 0x00, 0x08, 0x30, 0xff, 0x00, 0x0c, 0x30, 0xff,
    0x00, 0x08, 0x30, 0xff, 0x00, 0x08, 0x30, 0xff, 0x00, 0x08, 0x30, 0xff,
    0x00, 0x08, 0x30, 0xff, 0x00, 0x08, 0x30, 0xff, 0x00, 0x08, 0x30, 0xff,
    0x00, 0x08, 0x28, 0xff, 0x00, 0x08, 0x30, 0xff, 0x00, 0x08, 0x30, 0xff,
    0x00, 0x08, 0x28, 0xff, 0x00, 0x08, 0x30, 0xff, 0x00, 0x04, 0x30, 0xff,
    0x00, 0x08, 0x28, 0xff, 0x00, 0x08, 0x28, 0xff, 0x00, 0x08, 0x30, 0xff,
    0x00, 0x08, 0x28, 0xff, 0x00, 0x04, 0x28, 0xff, 0x00, 0x08, 0x30, 0xff,
    0x00, 0x08, 0x28, 0xff, 0x00, 0x04, 0x28, 0xff, 0x00, 0x08, 0x30, 0xff,
    0x00, 0x04, 0x28, 0xff, 0x00, 0x08, 0x28, 0xff, 0x00, 0x04, 0x28, 0xff,
    0x00, 0x08, 0x28, 0xff, 0x00, 0x04, 0x28, 0xff, 0x00, 0x04, 0x28, 0xff,
    0x00, 0x04, 0x28, 0xff, 0x00, 0x04, 0x28, 0xff, 0x00, 0x08, 0x28, 0xff,
    0x00, 0x04, 0x20, 0xff, 0x00, 0x04, 0x28, 0xff, 0x00, 0x04, 0x28, 0xff,
    0x00, 0x08, 0x20, 0xff, 0x00, 0x04, 0x20, 0xff, 0x00, 0x04, 0x28, 0xff,
    0x00, 0x04, 0x28, 0xff, 0x00, 0x04, 0x20, 0xff, 0x00, 0x04, 0x28, 0xff,
    0x00, 0x04, 0x20, 0xff, 0x00, 0x04, 0x28, 0xff, 0x00, 0x04, 0x20, 0xff,
    0x00, 0x04, 0x20, 0xff, 0x00, 0x04, 0x20, 0xff, 0x00, 0x04, 0x28, 0xff,
    0x00, 0x04, 0x20, 0xff, 0x00, 0x04, 0x20, 0xff, 0x00, 0x04, 0x20, 0xff,
    0x00, 0x04, 0x20, 0xff, 0x00, 0x04, 0x20, 0xff, 0x00, 0x04, 0x20, 0xff,
    0x00, 0x04, 0x20, 0xff, 0x00, 0x04, 0x20, 0xff, 0x00, 0x00, 0x20, 0xff,
    0x00, 0x04, 0x20, 0xff, 0x00, 0x00, 0x20, 0xff, 0x00, 0x04, 0x20, 0xff,
    0x00, 0x04, 0x20, 0xff, 0x00, 0x00, 0x20, 0xff, 0x00, 0x04, 0x20, 0xff,
    0x00, 0x04, 0x20, 0xff, 0x00, 0x00, 0x18, 0xff, 0x00, 0x00, 0x20, 0xff,
    0x00, 0x04, 0x20, 0xff, 0x00, 0x04, 0x18, 0xff, 0x00, 0x04, 0x20, 0xff,
    0x00, 0x04, 0x18, 0xff, 0x00, 0x04, 0x18, 0xff, 0x00, 0x00, 0x20, 0xff,
    0x00, 0x00, 0x20, 0xff, 0x00, 0x00, 0x18, 0xff, 0x00, 0x00, 0x18, 0xff,
    0x00, 0x00, 0x20, 0xff, 0x00, 0x00, 0x18, 0xff, 0x00, 0x04, 0x18, 0xff,
    0x00, 0x00, 0x20, 0xff, 0x00, 0x00, 0x18, 0xff, 0x00, 0x00, 0x18, 0xff,
    0x00, 0x00, 0x18, 0xff, 0x00, 0x04, 0x18, 0xff, 0x00, 0x00, 0x20, 0xff,
    0x00, 0x00, 0x20, 0xff, 0x00, 0x04, 0x18, 0xff, 0x00, 0x00, 0x18, 0xff,
    0x00, 0x00, 0x18, 0xff, 0x00, 0x00, 0x18, 0xff, 0x00, 0x00, 0x18, 0xff,
    0x00, 0x00, 0x18, 0xff, 0x00, 0x00, 0x18, 0xff, 0x00, 0x00, 0x18, 0xff,
    0x00, 0x00, 0x18, 0xff, 0x00, 0x00, 0x18, 0xff, 0x00, 0x00, 0x18, 0xff,
    0x00, 0x00, 0x18, 0xff, 0x00, 0x00, 0x18, 0xff, 0x00, 0x00, 0x18, 0xff,
    0x00, 0x00, 0x18, 0xff, 0x00, 0x00, 0x18, 0xff, 0x00, 0x00, 0x18, 0xff,
    0x00, 0x00, 0x18, 0xff, 0x00, 0x00, 0x18, 0xff, 0x00, 0x00, 0x18, 0xff,
    0x00, 0x00, 0x18, 0xff, 0x00, 0x00, 0x18, 0xff, 0x00, 0x00, 0x18, 0xff,
    0x00, 0x00, 0x18, 0xff, 0x00, 0x00, 0x18, 0xff, 0x00, 0x00, 0x18, 0xff,
    0x00, 0x00, 0x18, 0xff, 0x00, 0x00, 0x18, 0xff, 0x00, 0x00, 0x18, 0xff,
    0x00, 0x00, 0x18, 0xff, 0x00, 0x00, 0x18, 0xff, 0x00, 0x00, 0x18, 0xff,
    0x00, 0x00, 0x18, 0xff, 0x00, 0x00, 0x18, 0xff, 0x00, 0x00, 0x18, 0xff,
    0x00, 0x00, 0x18, 0xff, 0x00, 0x00, 0x18, 0xff, 0x00, 0x00, 0x18, 0xff,
    0x00, 0x00, 0x18, 0xff, 0x00, 0x00, 0x18, 0xff, 0x00, 0x00, 0x18, 0xff,
    0x00, 0x00, 0x18, 0xff, 0x00, 0x00, 0x18, 0xff, 0x00, 0x00, 0x18, 0xff,
    0x00, 0x00, 0x18, 0xff, 0x00, 0x00, 0x18, 0xff, 0x00, 0x00, 0x18, 0xff,
    0x00, 0x00, 0x18, 0xff, 0x00, 0x00, 0x18, 0xff, 0x40, 0x44, 0x58, 0xf3,
    0xf8, 0xfc, 0xf8, 0x00, 0xf8, 0xfc, 0xf8, 0x00, 0x60, 0x64, 0x80, 0xaa,
    0x00, 0x0c, 0x30, 0xff, 0x00, 0x08, 0x38, 0xff, 0x00, 0x08, 0x30, 0xff,
    0x00, 0x0c, 0x38, 0xff, 0x00, 0x0c, 0x30, 0xff, 0x00, 0x08, 0x38, 0xff,
    0x00, 0x08, 0x38, 0xff, 0x00, 0x0c, 0x30, 0xff, 0x00, 0x08, 0x30, 0xff,
    0x00, 0x08, 0x30, 0xff, 0x00, 0x08, 0x30, 0xff, 0x00, 0x08, 0x30, 0xff,
    0x00, 0x08, 0x30, 0xff, 0x00, 0x08, 0x30, 0xff, 0x00, 0x08, 0x30, 0xff,
    0x00, 0x08, 0x30, 0xff, 0x00, 0x08, 0x30, 0xff, 0x00, 0x08, 0x30, 0xff,
    0x00, 0x08, 0x28, 0xff, 0x00, 0x08, 0x30, 0xff, 0x00, 0x08, 0x30, 0xff,
    0x00, 0x08, 0x28, 0xff, 0x00, 0x08, 0x28, 0xff, 0x00, 0x08, 0x30, 0xff,
    0x00, 0x04, 0x28, 0xff, 0x00, 0x08, 0x28, 0xff, 0x00, 0x04, 0x28, 0xff,
    0x00, 0x08, 0x28, 0xff, 0x00, 0x04, 0x30, 0xff, 0x00, 0x04, 0x28, 0xff,
    0x00, 0x08, 0x28, 0xff, 0x00, 0x04, 0x28, 0xff, 0x00, 0x08, 0x28, 0xff,
    0x00, 0x08, 0x28, 0xff, 0x00, 0x04, 0x28, 0xff, 0x00, 0x04, 0x28, 0xff,
    0x00, 0x08, 0x28, 0xff, 0x00, 0x04, 0x28, 0xff, 0x00, 0x04, 0x28, 0xff,
    0x00, 0x04, 0x28, 0xff, 0x00, 0x08, 0x28, 0xff, 0x00, 0x04, 0x20, 0xff,
    0x00, 0x04, 0x20, 0xff, 0x00, 0x08, 0x28, 0xff, 0x00, 0x04, 0x28, 0xff,
    0x00, 0x04, 0x20, 0xff, 0x00, 0x04, 0x20, 0xff, 0x00, 0x04, 0x28, 0xff,
    0x00, 0x04, 0x28, 0xff, 0x00, 0x04, 0x20, 0xff, 0x00, 0x04, 0x20, 0xff,
    0x00, 0x04, 0x20, 0xff, 0x00, 0x04, 0x28, 0xff, 0x00, 0x04, 0x20, 0xff,
    0x00, 0x04, 0x20, 0xff, 0x00, 0x04, 0x20, 0xff, 0x00, 0x04, 0x20, 0xff,
    0x00, 0x04, 0x20, 0xff, 0x00, 0x04, 0x20, 0xff, 0x00, 0x04, 0x20, 0xff,
    0x00, 0x00, 0x20, 0xff, 0x00, 0x00, 0x20, 0xff, 0x00, 0x04, 0x20, 0xff,
    0x00, 0x04, 0x20, 0xff, 0x00, 0x00, 0x20, 0xff, 0x00, 0x04, 0x20, 0xff,
    0x00, 0x04, 0x20, 0xff, 0x00, 0x00, 0x20, 0xff, 0x00, 0x00, 0x20, 0xff,
    0x00, 0x04, 0x20, 0xff, 0x00, 0x00, 0x18, 0xff, 0x00, 0x00, 0x20, 0xff,
    0x00, 0x04, 0x20, 0xff, 0x00, 0x00, 0x18, 0xff, 0x00, 0x04, 0x20, 0xff,
    0x00, 0x00, 0x20, 0xff, 0x00, 0x00, 0x18, 0xff, 0x00, 0x00, 0x20, 0xff,
    0x00, 0x00, 0x18, 0xff, 0x00, 0x04, 0x20, 0xff, 0x00, 0x00, 0x18, 0xff,
    0x00, 0x00, 0x18, 0xff, 0x00, 0x04, 0x20, 0xff, 0x00, 0x04, 0x18, 0xff,
    0x00, 0x00, 0x20, 0xff, 0x00, 0x00, 0x20, 0xff, 0x00, 0x04, 0x18, 0xff,
    0x00, 0x00, 0x18, 0xff, 0x00, 0x00, 0x20, 0xff, 0x00, 0x04, 0x18, 0xff,
    0x00, 0x00, 0x18, 0xff, 0x00, 0x00, 0x20, 0xff, 0x00, 0x00, 0x18, 0xff,
    0x00, 0x04, 0x18, 0xff, 0x00, 0x00, 0x18, 0xff, 0x00, 0x00, 0x18, 0xff,
    0x00, 0x00, 0x18, 0xff, 0x00, 0x00, 0x20, 0xff, 0x00, 0x00, 0x18, 0xff,
    0x00, 0x00, 0x18, 0xff, 0x00, 0x00, 0x20, 0xff, 0x00, 0x00, 0x18, 0xff,
    0x00, 0x00, 0x18, 0xff, 0x00, 0x00, 0x20, 0xff, 0x00, 0x00, 0x18, 0xff,
    0x00, 0x00, 0x18, 0xff, 0x00, 0x00, 0x18, 0xff, 0x00, 0x00, 0x18, 0xff,
    0x00, 0x00, 0x18, 0xff, 0x00, 0x00, 0x18, 0xff, 0x00, 0x00, 0x18, 0xff,
    0x00, 0x00, 0x18, 0xff, 0x00, 0x00, 0x18, 0xff, 0x00, 0x00, 0x18, 0xff,
    0x00, 0x00, 0x18, 0xff, 0x00, 0x00, 0x18, 0xff, 0x00, 0x00, 0x18, 0xff,
    0x00, 0x00, 0x18, 0xff, 0x00, 0x00, 0x18, 0xff, 0x00, 0x00, 0x18, 0xff,
    0x00, 0x00, 0x18, 0xff, 0x00, 0x00, 0x18, 0xff, 0x00, 0x00, 0x18, 0xff,
    0x00, 0x00, 0x18, 0xff, 0x00, 0x00, 0x18, 0xff, 0x00, 0x00, 0x18, 0xff,
    0x00, 0x00, 0x18, 0xff, 0x00, 0x00, 0x18, 0xff, 0x00, 0x00, 0x18, 0xff,
    0x00, 0x00, 0x18, 0xff, 0x00, 0x00, 0x18, 0xff, 0x00, 0x00, 0x18, 0xff,
    0x00, 0x00, 0x18, 0xff, 0x00, 0x00, 0x18, 0xff, 0x00, 0x00, 0x18, 0xff,
    0x00, 0x00, 0x18, 0xff, 0x00, 0x00, 0x18, 0xff, 0x00, 0x00, 0x18, 0xff,
    0x00, 0x00, 0x18, 0xff, 0x00, 0x00, 0x18, 0xff, 0x00, 0x00, 0x18, 0xff,
    0x00, 0x00, 0x18, 0xff, 0x00, 0x00, 0x18, 0xff, 0x00, 0x00, 0x18, 0xff,
    0x58, 0x58, 0x68, 0xb6, 0xf8, 0xfc, 0xf8, 0x00, 0xf8, 0xfc, 0xf8, 0x00,
    0x88, 0x8c, 0xa0, 0x3c, 0x20, 0x28, 0x50, 0xff, 0x00, 0x0c, 0x30, 0xff,
    0x00, 0x08, 0x30, 0xff, 0x00, 0x08, 0x30, 0xff, 0x00, 0x08, 0x30, 0xff,
    0x00, 0x08, 0x30, 0xff, 0x00, 0x08, 0x30, 0xff, 0x00, 0x0c, 0x30, 0xff,
    0x00, 0x08, 0x30, 0xff, 0x00, 0x08, 0x30, 0xff, 0x00, 0x0c, 0x30, 0xff,
    0x00, 0x08, 0x30, 0xff, 0x00, 0x08, 0x30, 0xff, 0x00, 0x08, 0x30, 0xff,
    0x00, 0x08, 0x30, 0xff, 0x00, 0x08, 0x30, 0xff, 0x00, 0x08, 0x28, 0xff,
    0x00, 0x08, 0x28, 0xff, 0x00, 0x08, 0x30, 0xff, 0x00, 0x08, 0x30, 0xff,
    0x00, 0x08, 0x28, 0xff, 0x00, 0x08, 0x28, 0xff, 0x00, 0x04, 0x30, 0xff,
    0x00, 0x08, 0x28, 0xff, 0x00, 0x08, 0x28, 0xff, 0x00, 0x08, 0x30, 0xff,
    0x00, 0x08, 0x28, 0xff, 0x00, 0x04, 0x28, 0xff, 0x00, 0x04, 0x28, 0xff,
    0x00, 0x08, 0x28, 0xff, 0x00, 0x04, 0x28, 0xff, 0x00, 0x04, 0x28, 0xff,
    0x00, 0x08, 0x28, 0xff, 0x00, 0x04, 0x28, 0xff, 0x00, 0x08, 0x28, 0xff,
    0x00, 0x08, 0x28, 0xff, 0x00, 0x04, 0x28, 0xff, 0x00, 0x04, 0x28, 0xff,
    0x00, 0x04, 0x28, 0xff, 0x00, 0x08, 0x28, 0xff, 0x00, 0x04, 0x28, 0xff,
    0x00, 0x04, 0x20, 0xff, 0x00, 0x04, 0x28, 0xff, 0x00, 0x04, 0x28, 0xff,
    0x00, 0x08, 0x20, 0xff, 0x00, 0x04, 0x28, 0xff, 0x00, 0x04, 0x28, 0xff,
    0x00, 0x04, 0x20, 0xff, 0x00, 0x04, 0x20, 0xff, 0x00, 0x04, 0x20, 0xff,
    0x00, 0x04, 0x28, 0xff, 0x00, 0x04, 0x20, 0xff, 0x00, 0x04, 0x20, 0xff,
    0x00, 0x04, 0x20, 0xff, 0x00, 0x04, 0x28, 0xff, 0x00, 0x04, 0x20, 0xff,
    0x00, 0x04, 0x20, 0xff, 0x00, 0x04, 0x20, 0xff, 0x00, 0x04, 0x20, 0xff,
    0x00, 0x04, 0x20, 0xff, 0x00, 0x04, 0x20, 0xff, 0x00, 0x04, 0x20, 0xff,
    0x00, 0x04, 0x20, 0xff, 0x00, 0x00, 0x20, 0xff, 0x00, 0x04, 0x20, 0xff,
    0x00, 0x04, 0x20, 0xff, 0x00, 0x00, 0x20, 0xff, 0x00, 0x04, 0x20, 0xff,
    0x00, 0x04, 0x20, 0xff, 0x00, 0x00, 0x20, 0xff, 0x00, 0x04, 0x18, 0xff,
    0x00, 0x00, 0x20, 0xff, 0x00, 0x00, 0x18, 0xff, 0x00, 0x04, 0x18, 0xff,
    0x00, 0x04, 0x20, 0xff, 0x00, 0x04, 0x18, 0xff, 0x00, 0x04, 0x20, 0xff,
    0x00, 0x00, 0x18, 0xff, 0x00, 0x04, 0x20, 0xff, 0x00, 0x00, 0x20, 0xff,
    0x00, 0x00, 0x20, 0xff, 0x00, 0x00, 0x18, 0xff, 0x00, 0x00, 0x18, 0xff,
    0x00, 0x00, 0x18, 0xff, 0x00, 0x00, 0x18, 0xff, 0x00, 0x04, 0x20, 0xff,
    0x00, 0x00, 0x18, 0xff, 0x00, 0x00, 0x18, 0xff, 0x00, 0x00, 0x18, 0xff,
    0x00, 0x04, 0x20, 0xff, 0x00, 0x00, 0x18, 0xff, 0x00, 0x00, 0x18, 0xff,
    0x00, 0x04, 0x18, 0xff, 0x00, 0x00, 0x18, 0xff, 0x00, 0x00, 0x18, 0xff,
    0x00, 0x00, 0x18, 0xff, 0x00, 0x00, 0x18, 0xff, 0x00, 0x00, 0x18, 0xff,
    0x00, 0x00, 0x18, 0xff, 0x00, 0x00, 0x18, 0xff, 0x00, 0x00, 0x18, 0xff,
    0x00, 0x00, 0x18, 0xff, 0x00, 0x00, 0x18, 0xff, 0x00, 0x00, 0x18, 0xff,
    0x00, 0x00, 0x18, 0xff, 0x00, 0x00, 0x18, 0xff, 0x00, 0x00, 0x18, 0xff,
    0x00, 0x00, 0x18, 0xff, 0x00, 0x00, 0x18, 0xff, 0x00, 0x00, 0x18, 0xff,
    0x00, 0x00, 0x18, 0xff, 0x00, 0x00, 0x18, 0xff, 0x00, 0x00, 0x18, 0xff,
    0x00, 0x00, 0x18, 0xff, 0x00, 0x00, 0x18, 0xff, 0x00, 0x00, 0x18, 0xff,
    0x00, 0x00, 0x18, 0xff, 0x00, 0x00, 0x18, 0xff, 0x00, 0x00, 0x18, 0xff,
    0x00, 0x00, 0x18, 0xff, 0x00, 0x00, 0x18, 0xff, 0x00, 0x00, 0x18, 0xff,
    0x00, 0x00, 0x18, 0xff, 0x00, 0x00, 0x18, 0xff, 0x00, 0x00, 0x18, 0xff,
    0x00, 0x00, 0x18, 0xff, 0x00, 0x00, 0x18, 0xff, 0x00, 0x00, 0x18, 0xff,
    0x00, 0x00, 0x18, 0xff, 0x00, 0x00, 0x18, 0xff, 0x00, 0x00, 0x18, 0xff,
    0x00, 0x00, 0x18, 0xff, 0x00, 0x00, 0x18, 0xff, 0x00, 0x00, 0x18, 0xff,
    0x00, 0x00, 0x18, 0xff, 0x00, 0x00, 0x18, 0xff, 0x00, 0x00, 0x18, 0xff,
    0x00, 0x00, 0x18, 0xff, 0x00, 0x00, 0x18, 0xff, 0x00, 0x00, 0x18, 0xff,
    0x00, 0x00, 0x18, 0xff, 0x00, 0x00, 0x18, 0xff, 0x00, 0x00, 0x18, 0xff,
    0x10, 0x10, 0x28, 0xff, 0x78, 0x7c, 0x88, 0x65, 0xf8, 0xfc, 0xf8, 0x00,
    0xf8, 0xfc, 0xf8, 0x00, 0xf8, 0xfc, 0xf8, 0x00, 0x50, 0x54, 0x70, 0xcf,
    0x00, 0x0c, 0x30, 0xff, 0x00, 0x0c, 0x30, 0xff, 0x00, 0x08, 0x38, 0xff,
    0x00, 0x08, 0x30, 0xff, 0x00, 0x08, 0x30, 0xff, 0x00, 0x0c, 0x30, 0xff,
    0x00, 0x08, 0x30, 0xff, 0x00, 0x08, 0x30, 0xff, 0x00, 0x08, 0x30, 0xff,
    0x00, 0x0c, 0x30, 0xff, 0x00, 0x08, 0x30, 0xff, 0x00, 0x08, 0x30, 0xff,
    0x00, 0x08, 0x30, 0xff, 0x00, 0x08, 0x30, 0xff, 0x00, 0x08, 0x30, 0xff,
    0x00, 0x08, 0x28, 0xff, 0x00, 0x08, 0x30, 0xff, 0x00, 0x08, 0x30, 0xff,
    0x00, 0x08, 0x28, 0xff, 0x00, 0x08, 0x28, 0xff, 0x00, 0x08, 0x30, 0xff,
    0x00, 0x08, 0x28, 0xff, 0x00, 0x04, 0x28, 0xff, 0x00, 0x08, 0x30, 0xff,
    0x00, 0x08, 0x28, 0xff, 0x00, 0x04, 0x28, 0xff, 0x00, 0x08, 0x30, 0xff,
    0x00, 0x08, 0x28, 0xff, 0x00, 0x08, 0x28, 0xff, 0x00, 0x04, 0x28, 0xff,
    0x00, 0x08, 0x28, 0xff, 0x00, 0x04, 0x28, 0xff, 0x00, 0x04, 0x28, 0xff,
    0x00, 0x08, 0x28, 0xff, 0x00, 0x04, 0x28, 0xff, 0x00, 0x04, 0x28, 0xff,
    0x00, 0x04, 0x28, 0xff, 0x00, 0x04, 0x28, 0xff, 0x00, 0x04, 0x28, 0xff,
    0x00, 0x04, 0x20, 0xff, 0x00, 0x08, 0x28, 0xff, 0x00, 0x04, 0x28, 0xff,
    0x00, 0x04, 0x20, 0xff, 0x00, 0x04, 0x20, 0xff, 0x00, 0x04, 0x28, 0xff,
    0x00, 0x04, 0x20, 0xff, 0x00, 0x04, 0x20, 0xff, 0x00, 0x04, 0x28, 0xff,
    0x00, 0x04, 0x20, 0xff, 0x00, 0x04, 0x28, 0xff, 0x00, 0x04, 0x20, 0xff,
    0x00, 0x04, 0x20, 0xff, 0x00, 0x04, 0x20, 0xff, 0x00, 0x04, 0x28, 0xff,
    0x00, 0x04, 0x20, 0xff, 0x00, 0x04, 0x20, 0xff, 0x00, 0x00, 0x28, 0xff,
    0x00, 0x04, 0x20, 0xff, 0x00, 0x00, 0x20, 0xff, 0x00, 0x04, 0x20, 0xff,
    0x00, 0x04, 0x20, 0xff, 0x00, 0x00, 0x20, 0xff, 0x00, 0x04, 0x20, 0xff,
    0x00, 0x04, 0x20, 0xff, 0x00, 0x00, 0x20, 0xff, 0x00, 0x00, 0x20, 0xff,
    0x00, 0x04, 0x20, 0xff, 0x00, 0x00, 0x18, 0xff, 0x00, 0x00, 0x20, 0xff,
    0x00, 0x04, 0x20, 0xff, 0x00, 0x04, 0x20, 0xff, 0x00, 0x00, 0x20, 0xff,
    0x00, 0x00, 0x20, 0xff, 0x00, 0x00, 0x20, 0xff, 0x00, 0x04, 0x18, 0xff,
    0x00, 0x00, 0x18, 0xff, 0x00, 0x04, 0x20, 0xff, 0x00, 0x00, 0x18, 0xff,
    0x00, 0x00, 0x18, 0xff, 0x00, 0x00, 0x20, 0xff, 0x00, 0x00, 0x18, 0xff,
    0x00, 0x00, 0x20, 0xff, 0x00, 0x00, 0x20, 0xff, 0x00, 0x00, 0x18, 0xff,
    0x00, 0x00, 0x18, 0xff, 0x00, 0x00, 0x20, 0xff, 0x00, 0x00, 0x18, 0xff,
    0x00, 0x04, 0x18, 0xff, 0x00, 0x00, 0x18, 0xff, 0x00, 0x00, 0x20, 0xff,
    0x00, 0x00, 0x18, 0xff, 0x00, 0x00, 0x20, 0xff, 0x00, 0x00, 0x18, 0xff,
    0x00, 0x00, 0x18, 0xff, 0x00, 0x00, 0x20, 0xff, 0x00, 0x00, 0x18, 0xff,
    0x00, 0x00, 0x18, 0xff, 0x00, 0x00, 0x18, 0xff, 0x00, 0x00, 0x18, 0xff,
    0x00, 0x00, 0x18, 0xff, 0x00, 0x00, 0x18, 0xff, 0x00, 0x00, 0x18, 0xff,
    0x00, 0x00, 0x18, 0xff, 0x00, 0x00, 0x18, 0xff, 0x00, 0x00, 0x18, 0xff,
    0x00, 0x00, 0x18, 0xff, 0x00, 0x00, 0x18, 0xff, 0x00, 0x00, 0x18, 0xff,
    0x00, 0x00, 0x18, 0xff, 0x00, 0x00, 0x18, 0xff, 0x00, 0x00, 0x18, 0xff,
    0x00, 0x00, 0x18, 0xff, 0x00, 0x00, 0x18, 0xff, 0x00, 0x00, 0x18, 0xff,
    0x00, 0x00, 0x18, 0xff, 0x00, 0x00, 0x18, 0xff, 0x00, 0x00, 0x18, 0xff,
    0x00, 0x00, 0x18, 0xff, 0x00, 0x00, 0x18, 0xff, 0x00, 0x00, 0x18, 0xff,
    0x00, 0x00, 0x18, 0xff, 0x00, 0x00, 0x18, 0xff, 0x00, 0x00, 0x18, 0xff,
    0x00, 0x00, 0x18, 0xff, 0x00, 0x00, 0x18, 0xff, 0x00, 0x00, 0x18, 0xff,
    0x00, 0x00, 0x18, 0xff, 0x00, 0x00, 0x18, 0xff, 0x00, 0x00, 0x18, 0xff,
    0x00, 0x00, 0x18, 0xff, 0x00, 0x00, 0x18, 0xff, 0x00, 0x00, 0x18, 0xff,
    0x00, 0x00, 0x18, 0xff, 0x00, 0x00, 0x18, 0xff, 0x00, 0x00, 0x18, 0xff,
    0x00, 0x00, 0x18, 0xff, 0x00, 0x00, 0x18, 0xff, 0x00, 0x00, 0x18, 0xff,
    0x00, 0x00, 0x18, 0xff, 0x00, 0x00, 0x18, 0xff, 0x00, 0x00, 0x18, 0xff,
    0x00, 0x00, 0x18, 0xff, 0x48, 0x4c, 0x58, 0xdb, 0xf8, 0xfc, 0xf8, 0x00,
    0xf8, 0xfc, 0xf8, 0x00, 0xf8, 0xfc, 0xf8, 0x00, 0xf8, 0xfc, 0xf8, 0x00,
    0x88, 0x8c, 0xa0, 0x3c, 0x20, 0x2c, 0x50, 0xf3, 0x00, 0x08, 0x30, 0xff,
    0x00, 0x08, 0x30, 0xff, 0x00, 0x0c, 0x30, 0xff, 0x00, 0x08, 0x30, 0xff,
    0x00, 0x08, 0x30, 0xff, 0x00, 0x08, 0x30, 0xff, 0x00, 0x08, 0x30, 0xff,
    0x00, 0x08, 0x30, 0xff, 0x00, 0x08, 0x30, 0xff, 0x00, 0x08, 0x30, 0xff,
    0x00, 0x08, 0x30, 0xff, 0x00, 0x08, 0x30, 0xff, 0x00, 0x08, 0x30, 0xff,
    0x00, 0x08, 0x28, 0xff, 0x00, 0x08, 0x30, 0xff, 0x00, 0x08, 0x30, 0xff,
    0x00, 0x08, 0x28, 0xff, 0x00, 0x08, 0x28, 0xff, 0x00, 0x04, 0x30, 0xff,
    0x00, 0x08, 0x30, 0xff, 0x00, 0x08, 0x28, 0xff, 0x00, 0x08, 0x30, 0xff,
    0x00, 0x08, 0x28, 0xff, 0x00, 0x04, 0x28, 0xff, 0x00, 0x04, 0x28, 0xff,
    0x00, 0x04, 0x28, 0xff, 0x00, 0x08, 0x28, 0xff, 0x00, 0x04, 0x28, 0xff,
    0x00, 0x08, 0x28, 0xff, 0x00, 0x08, 0x28, 0xff, 0x00, 0x04, 0x28, 0xff,
    0x00, 0x08, 0x28, 0xff, 0x00, 0x04, 0x28, 0xff, 0x00, 0x04, 0x28, 0xff,
    0x00, 0x04, 0x28, 0xff, 0x00, 0x08, 0x28, 0xff, 0x00, 0x04, 0x20, 0xff,
    0x00, 0x04, 0x20, 0xff, 0x00, 0x08, 0x28, 0xff, 0x00, 0x04, 0x28, 0xff,
    0x00, 0x04, 0x20, 0xff, 0x00, 0x04, 0x28, 0xff, 0x00, 0x04, 0x28, 0xff,
    0x00, 0x04, 0x20, 0xff, 0x00, 0x04, 0x20, 0xff, 0x00, 0x04, 0x28, 0xff,
    0x00, 0x04, 0x20, 0xff, 0x00, 0x04, 0x20, 0xff, 0x00, 0x04, 0x20, 0xff,
    0x00, 0x04, 0x28, 0xff, 0x00, 0x04, 0x20, 0xff, 0x00, 0x04, 0x20, 0xff,
    0x00, 0x04, 0x20, 0xff, 0x00, 0x04, 0x20, 0xff, 0x00, 0x04, 0x20, 0xff,
    0x00, 0x04, 0x20, 0xff, 0x00, 0x04, 0x20, 0xff, 0x00, 0x00, 0x20, 0xff,
    0x00, 0x04, 0x20, 0xff, 0x00, 0x04, 0x20, 0xff, 0x00, 0x04, 0x20, 0xff,
    0x00, 0x04, 0x20, 0xff, 0x00, 0x00, 0x20, 0xff, 0x00, 0x00, 0x20, 0xff,
    0x00, 0x04, 0x20, 0xff, 0x00, 0x04, 0x20, 0xff, 0x00, 0x00, 0x20, 0xff,
    0x00, 0x04, 0x18, 0xff, 0x00, 0x00, 0x20, 0xff, 0x00, 0x04, 0x18, 0xff,
    0x00, 0x04, 0x18, 0xff, 0x00, 0x00, 0x20, 0xff, 0x00, 0x04, 0x20, 0xff,
    0x00, 0x00, 0x18, 0xff, 0x00, 0x00, 0x20, 0xff, 0x00, 0x00, 0x20, 0xff,
    0x00, 0x00, 0x18, 0xff, 0x00, 0x00, 0x18, 0xff, 0x00, 0x04, 0x18, 0xff,
    0x00, 0x04, 0x20, 0xff, 0x00, 0x00, 0x18, 0xff, 0x00, 0x04, 0x18, 0xff,
    0x00, 0x04, 0x20, 0xff, 0x00, 0x00, 0x18, 0xff, 0x00, 0x00, 0x18, 0xff,
    0x00, 0x04, 0x20, 0xff, 0x00, 0x00, 0x18, 0xff, 0x00, 0x00, 0x18, 0xff,
    0x00, 0x04, 0x18, 0xff, 0x00, 0x00, 0x18, 0xff, 0x00, 0x04, 0x18, 0xff,
    0x00, 0x00, 0x18, 0xff, 0x00, 0x00, 0x18, 0xff, 0x00, 0x00, 0x18, 0xff,
    0x00, 0x00, 0x18, 0xff, 0x00, 0x00, 0x18, 0xff, 0x00, 0x00, 0x20, 0xff,
    0x00, 0x00, 0x18, 0xff, 0x00, 0x00, 0x18, 0xff, 0x00, 0x00, 0x18, 0xff,
    0x00, 0x00, 0x18, 0xff, 0x00, 0x00, 0x18, 0xff, 0x00, 0x00, 0x18, 0xff,
    0x00, 0x00, 0x18, 0xff, 0x00, 0x00, 0x18, 0xff, 0x00, 0x00, 0x18, 0xff,
    0x00, 0x00, 0x18, 0xff, 0x00, 0x00, 0x18, 0xff, 0x00, 0x00, 0x18, 0xff,
    0x00, 0x00, 0x18, 0xff, 0x00, 0x00, 0x18, 0xff, 0x00, 0x00, 0x18, 0xff,
    0x00, 0x00, 0x18, 0xff, 0x00, 0x00, 0x18, 0xff, 0x00, 0x00, 0x18, 0xff,
    0x00, 0x00, 0x18, 0xff, 0x00, 0x00, 0x18, 0xff, 0x00, 0x00, 0x18, 0xff,
    0x00, 0x00, 0x18, 0xff, 0x00, 0x00, 0x18, 0xff, 0x00, 0x00, 0x18, 0xff,
    0x00, 0x00, 0x18, 0xff, 0x00, 0x00, 0x18, 0xff, 0x00, 0x00, 0x18, 0xff,
    0x00, 0x00, 0x18, 0xff, 0x00, 0x00, 0x18, 0xff, 0x00, 0x00, 0x18, 0xff,
    0x00, 0x00, 0x18, 0xff, 0x00, 0x00, 0x18, 0xff, 0x00, 0x00, 0x18, 0xff,
    0x00, 0x00, 0x18, 0xff, 0x00, 0x00, 0x18, 0xff, 0x00, 0x00, 0x18, 0xff,
    0x00, 0x00, 0x18, 0xff, 0x00, 0x00, 0x18, 0xff, 0x00, 0x00, 0x18, 0xff,
    0x00, 0x00, 0x18, 0xff, 0x00, 0x00, 0x18, 0xff, 0x00, 0x00, 0x18, 0xff,
    0x00, 0x00, 0x18, 0xff, 0x10, 0x10, 0x28, 0xff, 0xf8, 0xfc, 0xf8, 0x30,
    0xf8, 0xfc, 0xf8, 0x00, 0xf8, 0xfc, 0xf8, 0x00, 0xf8, 0xfc, 0xf8, 0x00,
    0xf8, 0xfc, 0xf8, 0x00, 0xf8, 0xfc, 0xf8, 0x00, 0x60, 0x68, 0x80, 0x7d,
    0x10, 0x18, 0x40, 0xff, 0x00, 0x08, 0x30, 0xff, 0x00, 0x08, 0x30, 0xff,
    0x00, 0x0c, 0x30, 0xff, 0x00, 0x08, 0x30, 0xff, 0x00, 0x08, 0x30, 0xff,
    0x00, 0x08, 0x30, 0xff, 0x00, 0x08, 0x30, 0xff, 0x00, 0x08, 0x30, 0xff,
    0x00, 0x08, 0x30, 0xff, 0x00, 0x08, 0x30, 0xff, 0x00, 0x08, 0x30, 0xff,
    0x00, 0x08, 0x28, 0xff, 0x00, 0x08, 0x30, 0xff, 0x00, 0x08, 0x30, 0xff,
    0x00, 0x08, 0x28, 0xff, 0x00, 0x08, 0x28, 0xff, 0x00, 0x08, 0x30, 0xff,
    0x00, 0x04, 0x28, 0xff, 0x00, 0x08, 0x28, 0xff, 0x00, 0x08, 0x28, 0xff,
    0x00, 0x04, 0x28, 0xff, 0x00, 0x04, 0x28, 0xff, 0x00, 0x08, 0x30, 0xff,
    0x00, 0x04, 0x28, 0xff, 0x00, 0x08, 0x28, 0xff, 0x00, 0x04, 0x28, 0xff,
    0x00, 0x04, 0x28, 0xff, 0x00, 0x08, 0x28, 0xff, 0x00, 0x04, 0x28, 0xff,
    0x00, 0x08, 0x28, 0xff, 0x00, 0x04, 0x28, 0xff, 0x00, 0x04, 0x28, 0xff,
    0x00, 0x04, 0x28, 0xff, 0x00, 0x04, 0x28, 0xff, 0x00, 0x08, 0x28, 0xff,
    0x00, 0x04, 0x20, 0xff, 0x00, 0x04, 0x28, 0xff, 0x00, 0x08, 0x28, 0xff,
    0x00, 0x04, 0x20, 0xff, 0x00, 0x04, 0x20, 0xff, 0x00, 0x04, 0x28, 0xff,
    0x00, 0x04, 0x28, 0xff, 0x00, 0x04, 0x20, 0xff, 0x00, 0x04, 0x20, 0xff,
    0x00, 0x04, 0x28, 0xff, 0x00, 0x04, 0x20, 0xff, 0x00, 0x04, 0x20, 0xff,
    0x00, 0x04, 0x20, 0xff, 0x00, 0x04, 0x20, 0xff, 0x00, 0x04, 0x28, 0xff,
    0x00, 0x04, 0x20, 0xff, 0x00, 0x04, 0x20, 0xff, 0x00, 0x04, 0x20, 0xff,
    0x00, 0x00, 0x20, 0xff, 0x00, 0x04, 0x20, 0xff, 0x00, 0x04, 0x20, 0xff,
    0x00, 0x04, 0x20, 0xff, 0x00, 0x00, 0x20, 0xff, 0x00, 0x04, 0x20, 0xff,
    0x00, 0x04, 0x20, 0xff, 0x00, 0x00, 0x20, 0xff, 0x00, 0x00, 0x20, 0xff,
    0x00, 0x04, 0x20, 0xff, 0x00, 0x04, 0x18, 0xff, 0x00, 0x00, 0x20, 0xff,
    0x00, 0x04, 0x20, 0xff, 0x00, 0x00, 0x18, 0xff, 0x00, 0x00, 0x20, 0xff,
    0x00, 0x04, 0x20, 0xff, 0x00, 0x00, 0x18, 0xff, 0x00, 0x04, 0x20, 0xff,
    0x00, 0x04, 0x18, 0xff, 0x00, 0x00, 0x18, 0xff, 0x00, 0x00, 0x20, 0xff,
    0x00, 0x00, 0x20, 0xff, 0x00, 0x04, 0x18, 0xff, 0x00, 0x00, 0x20, 0xff,
    0x00, 0x00, 0x18, 0xff, 0x00, 0x00, 0x18, 0xff, 0x00, 0x00, 0x18, 0xff,
    0x00, 0x00, 0x20, 0xff, 0x00, 0x00, 0x18, 0xff, 0x00, 0x00, 0x18, 0xff,
    0x00, 0x04, 0x18, 0xff, 0x00, 0x00, 0x18, 0xff, 0x00, 0x00, 0x20, 0xff,
    0x00, 0x00, 0x18, 0xff, 0x00, 0x00, 0x18, 0xff, 0x00, 0x00, 0x18, 0xff,
    0x00, 0x00, 0x18, 0xff, 0x00, 0x00, 0x18, 0xff, 0x00, 0x00, 0x18, 0xff,
    0x00, 0x00, 0x18, 0xff, 0x00, 0x00, 0x18, 0xff, 0x00, 0x00, 0x18, 0xff,
    0x00, 0x00, 0x18, 0xff, 0x00, 0x00, 0x18, 0xff, 0x00, 0x00, 0x18, 0xff,
    0x00, 0x00, 0x18, 0xff, 0x00, 0x00, 0x18, 0xff, 0x00, 0x00, 0x18, 0xff,
    0x00, 0x00, 0x18, 0xff, 0x00, 0x00, 0x18, 0xff, 0x00, 0x00, 0x18, 0xff,
    0x00, 0x00, 0x18, 0xff, 0x00, 0x00, 0x18, 0xff, 0x00, 0x00, 0x18, 0xff,
    0x00, 0x00, 0x18, 0xff, 0x00, 0x00, 0x18, 0xff, 0x00, 0x00, 0x18, 0xff,
    0x00, 0x00, 0x18, 0xff, 0x00, 0x00, 0x18, 0xff, 0x00, 0x00, 0x18, 0xff,
    0x00, 0x00, 0x18, 0xff, 0x00, 0x00, 0x18, 0xff, 0x00, 0x00, 0x18, 0xff,
    0x00, 0x00, 0x18, 0xff, 0x00, 0x00, 0x18, 0xff, 0x00, 0x00, 0x18, 0xff,
    0x00, 0x00, 0x18, 0xff, 0x00, 0x00, 0x18, 0xff, 0x00, 0x00, 0x18, 0xff,
    0x00, 0x00, 0x18, 0xff, 0x00, 0x00, 0x18, 0xff, 0x00, 0x00, 0x18, 0xff,
    0x00, 0x00, 0x18, 0xff, 0x00, 0x00, 0x18, 0xff, 0x00, 0x00, 0x18, 0xff,
    0x00, 0x00, 0x18, 0xff, 0x00, 0x00, 0x18, 0xff, 0x00, 0x00, 0x18, 0xff,
    0x00, 0x00, 0x18, 0xff, 0x00, 0x00, 0x18, 0xff, 0x00, 0x00, 0x18, 0xff,
    0x00, 0x00, 0x18, 0xff, 0x00, 0x00, 0x18, 0xff, 0x00, 0x00, 0x18, 0xff,
    0x00, 0x00, 0x18, 0xff, 0x00, 0x00, 0x18, 0xff, 0x60, 0x60, 0x70, 0xae,
    0xf8, 0xfc, 0xf8, 0x00, 0xf8, 0xfc, 0xf8, 0x00, 0xf8, 0xfc, 0xf8, 0x00,
    0xf8, 0xfc, 0xf8, 0x00, 0xf8, 0xfc, 0xf8, 0x00, 0xf8, 0xfc, 0xf8, 0x00,
    0xf8, 0xfc, 0xf8, 0x00, 0x58, 0x60, 0x78, 0xb6, 0x00, 0x08, 0x30, 0xff,
    0x00, 0x08, 0x38, 0xff, 0x00, 0x08, 0x30, 0xff, 0x00, 0x0c, 0x30, 0xff,
    0x00, 0x08, 0x30, 0xff, 0x00, 0x08, 0x30, 0xff, 0x00, 0x08, 0x30, 0xff,
    0x00, 0x08, 0x30, 0xff, 0x00, 0x08, 0x30, 0xff, 0x00, 0x08, 0x30, 0xff,
    0x00, 0x08, 0x28, 0xff, 0x00, 0x08, 0x28, 0xff, 0x00, 0x08, 0x30, 0xff,
    0x00, 0x08, 0x28, 0xff, 0x00, 0x08, 0x28, 0xff, 0x00, 0x04, 0x30, 0xff,
    0x00, 0x08, 0x30, 0xff, 0x00, 0x08, 0x28, 0xff, 0x00, 0x08, 0x28, 0xff,
    0x00, 0x08, 0x30, 0xff, 0x00, 0x04, 0x28, 0xff, 0x00, 0x04, 0x28, 0xff,
    0x00, 0x08, 0x28, 0xff, 0x00, 0x08, 0x28, 0xff, 0x00, 0x04, 0x28, 0xff,
    0x00, 0x08, 0x28, 0xff, 0x00, 0x08, 0x28, 0xff, 0x00, 0x04, 0x28, 0xff,
    0x00, 0x04, 0x28, 0xff, 0x00, 0x04, 0x28, 0xff, 0x00, 0x04, 0x28, 0xff,
    0x00, 0x04, 0x28, 0xff, 0x00, 0x08, 0x28, 0xff, 0x00, 0x04, 0x28, 0xff,
    0x00, 0x04, 0x20, 0xff, 0x00, 0x04, 0x28, 0xff, 0x00, 0x04, 0x28, 0xff,
    0x00, 0x04, 0x28, 0xff, 0x00, 0x04, 0x20, 0xff, 0x00, 0x04, 0x20, 0xff,
    0x00, 0x04, 0x28, 0xff, 0x00, 0x04, 0x20, 0xff, 0x00, 0x04, 0x20, 0xff,
    0x00, 0x04, 0x28, 0xff, 0x00, 0x04, 0x20, 0xff, 0x00, 0x04, 0x20, 0xff,
    0x00, 0x04, 0x28, 0xff, 0x00, 0x04, 0x20, 0xff, 0x00, 0x04, 0x20, 0xff,
    0x00, 0x04, 0x20, 0xff, 0x00, 0x04, 0x20, 0xff, 0x00, 0x04, 0x20, 0xff,
    0x00, 0x00, 0x20, 0xff, 0x00, 0x04, 0x20, 0xff, 0x00, 0x04, 0x20, 0xff,
    0x00, 0x00, 0x20, 0xff, 0x00, 0x04, 0x20, 0xff, 0x00, 0x04, 0x20, 0xff,
    0x00, 0x04, 0x20, 0xff, 0x00, 0x00, 0x20, 0xff, 0x00, 0x00, 0x20, 0xff,
    0x00, 0x04, 0x20, 0xff, 0x00, 0x04, 0x20, 0xff, 0x00, 0x00, 0x18, 0xff,
    0x00, 0x00, 0x20, 0xff, 0x00, 0x04, 0x18, 0xff, 0x00, 0x04, 0x20, 0xff,
    0x00, 0x00, 0x20, 0xff, 0x00, 0x04, 0x20, 0xff, 0x00, 0x00, 0x20, 0xff,
    0x00, 0x00, 0x18, 0xff, 0x00, 0x04, 0x20, 0xff, 0x00, 0x00, 0x18, 0xff,
    0x00, 0x00, 0x18, 0xff, 0x00, 0x04, 0x20, 0xff, 0x00, 0x00, 0x18, 0xff,
    0x00, 0x00, 0x18, 0xff, 0x00, 0x00, 0x20, 0xff, 0x00, 0x00, 0x20, 0xff,
    0x00, 0x04, 0x18, 0xff, 0x00, 0x00, 0x18, 0xff, 0x00, 0x00, 0x18, 0xff,
    0x00, 0x00, 0x18, 0xff, 0x00, 0x00, 0x20, 0xff, 0x00, 0x00, 0x18, 0xff,
    0x00, 0x04, 0x18, 0xff, 0x00, 0x00, 0x20, 0xff, 0x00, 0x00, 0x18, 0xff,
    0x00, 0x00, 0x18, 0xff, 0x00, 0x00, 0x20, 0xff, 0x00, 0x00, 0x18, 0xff,
    0x00, 0x00, 0x18, 0xff, 0x00, 0x00, 0x20, 0xff, 0x00, 0x00, 0x18, 0xff,
    0x00, 0x00, 0x18, 0xff, 0x00, 0x00, 0x18, 0xff, 0x00, 0x00, 0x18, 0xff,
    0x00, 0x00, 0x18, 0xff, 0x00, 0x00, 0x18, 0xff, 0x00, 0x00, 0x18, 0xff,
    0x00, 0x00, 0x18, 0xff, 0x00, 0x00, 0x18, 0xff, 0x00, 0x00, 0x18, 0xff,
    0x00, 0x00, 0x18, 0xff, 0x00, 0x00, 0x18, 0xff, 0x00, 0x00, 0x18, 0xff,
    0x00, 0x00, 0x18, 0xff, 0x00, 0x00, 0x18, 0xff, 0x00, 0x00, 0x18, 0xff,
    0x00, 0x00, 0x18, 0xff, 0x00, 0x00, 0x18, 0xff, 0x00, 0x00, 0x18, 0xff,
    0x00, 0x00, 0x18, 0xff, 0x00, 0x00, 0x18, 0xff, 0x00, 0x00, 0x18, 0xff,
    0x00, 0x00, 0x18, 0xff, 0x00, 0x00, 0x18, 0xff, 0x00, 0x00, 0x18, 0xff,
    0x00, 0x00, 0x18, 0xff, 0x00, 0x00, 0x18, 0xff, 0x00, 0x00, 0x18, 0xff,
    0x00, 0x00, 0x18, 0xff, 0x00, 0x00, 0x18, 0xff, 0x00, 0x00, 0x18, 0xff,
    0x00, 0x00, 0x18, 0xff, 0x00, 0x00, 0x18, 0xff, 0x00, 0x00, 0x18, 0xff,
    0x00, 0x00, 0x18, 0xff, 0x00, 0x00, 0x18, 0xff, 0x00, 0x00, 0x18, 0xff,
    0x00, 0x00, 0x18, 0xff, 0x00, 0x00, 0x18, 0xff, 0x00, 0x00, 0x18, 0xff,
    0x00, 0x00, 0x18, 0xff, 0x00, 0x00, 0x18, 0xff, 0x00, 0x00, 0x18, 0xff,
    0x00, 0x00, 0x18, 0xff, 0x00, 0x00, 0x18, 0xff, 0x58, 0x58, 0x68, 0xb6,
    0xf8, 0xfc, 0xf8, 0x00, 0xf8, 0xfc, 0xf8, 0x00, 0xf8, 0xfc, 0xf8, 0x00,
    0xf8, 0xfc, 0xf8, 0x00, 0xf8, 0xfc, 0xf8, 0x00, 0xf8, 0xfc, 0xf8, 0x00,
    0xf8, 0xfc, 0xf8, 0x00, 0xf8, 0xfc, 0xf8, 0x00, 0xf8, 0xfc, 0xf8, 0x00,
    0x68, 0x6c, 0x88, 0x9e, 0x10, 0x18, 0x40, 0xff, 0x00, 0x08, 0x30, 0xff,
    0x00, 0x08, 0x30, 0xff, 0x00, 0x08, 0x30, 0xff, 0x00, 0x08, 0x30, 0xff,
    0x00, 0x08, 0x30, 0xff, 0x00, 0x08, 0x30, 0xff, 0x00, 0x08, 0x30, 0xff,
    0x00, 0x08, 0x28, 0xff, 0x00, 0x08, 0x30, 0xff, 0x00, 0x08, 0x30, 0xff,
    0x00, 0x08, 0x28, 0xff, 0x00, 0x08, 0x30, 0xff, 0x00, 0x08, 0x30, 0xff,
    0x00, 0x08, 0x28, 0xff, 0x00, 0x04, 0x28, 0xff, 0x00, 0x08, 0x30, 0xff,
    0x00, 0x08, 0x28, 0xff, 0x00, 0x04, 0x28, 0xff, 0x00, 0x04, 0x30, 0xff,
    0x00, 0x08, 0x28, 0xff, 0x00, 0x08, 0x28, 0xff, 0x00, 0x04, 0x28, 0xff,
    0x00, 0x04, 0x28, 0xff, 0x00, 0x08, 0x28, 0xff, 0x00, 0x04, 0x28, 0xff,
    0x00, 0x08, 0x28, 0xff, 0x00, 0x04, 0x28, 0xff, 0x00, 0x04, 0x28, 0xff,
    0x00, 0x08, 0x28, 0xff, 0x00, 0x04, 0x28, 0xff, 0x00, 0x04, 0x20, 0xff,
    0x00, 0x08, 0x20, 0xff, 0x00, 0x04, 0x28, 0xff, 0x00, 0x08, 0x20, 0xff,
    0x00, 0x04, 0x28, 0xff, 0x00, 0x04, 0x20, 0xff, 0x00, 0x04, 0x28, 0xff,
    0x00, 0x04, 0x28, 0xff, 0x00, 0x04, 0x20, 0xff, 0x00, 0x04, 0x20, 0xff,
    0x00, 0x04, 0x28, 0xff, 0x00, 0x04, 0x20, 0xff, 0x00, 0x04, 0x20, 0xff,
    0x00, 0x04, 0x28, 0xff, 0x00, 0x04, 0x20, 0xff, 0x00, 0x04, 0x20, 0xff,
    0x00, 0x04, 0x20, 0xff, 0x00, 0x04, 0x20, 0xff, 0x00, 0x04, 0x20, 0xff,
    0x00, 0x00, 0x20, 0xff, 0x00, 0x04, 0x20, 0xff, 0x00, 0x04, 0x20, 0xff,
    0x00, 0x04, 0x20, 0xff, 0x00, 0x04, 0x20, 0xff, 0x00, 0x00, 0x20, 0xff,
    0x00, 0x04, 0x20, 0xff, 0x00, 0x00, 0x20, 0xff, 0x00, 0x00, 0x20, 0xff,
    0x00, 0x04, 0x20, 0xff, 0x00, 0x00, 0x18, 0xff, 0x00, 0x00, 0x20, 0xff,
    0x00, 0x04, 0x20, 0xff, 0x00, 0x00, 0x18, 0xff, 0x00, 0x00, 0x20, 0xff,
    0x00, 0x04, 0x18, 0xff, 0x00, 0x04, 0x18, 0xff, 0x00, 0x00, 0x20, 0xff,
    0x00, 0x04, 0x18, 0xff, 0x00, 0x04, 0x18, 0xff, 0x00, 0x00, 0x20, 0xff,
    0x00, 0x00, 0x20, 0xff, 0x00, 0x00, 0x18, 0xff, 0x00, 0x00, 0x18, 0xff,
    0x00, 0x00, 0x20, 0xff, 0x00, 0x04, 0x18, 0xff, 0x00, 0x00, 0x18, 0xff,
    0x00, 0x00, 0x20, 0xff, 0x00, 0x04, 0x18, 0xff, 0x00, 0x00, 0x18, 0xff,
    0x00, 0x04, 0x20, 0xff, 0x00, 0x04, 0x18, 0xff, 0x00, 0x00, 0x18, 0xff,
    0x00, 0x00, 0x18, 0xff, 0x00, 0x04, 0x18, 0xff, 0x00, 0x00, 0x18, 0xff,
    0x00, 0x00, 0x18, 0xff, 0x00, 0x00, 0x18, 0xff, 0x00, 0x00, 0x18, 0xff,
    0x00, 0x00, 0x18, 0xff, 0x00, 0x00, 0x18, 0xff, 0x00, 0x00, 0x18, 0xff,
    0x00, 0x00, 0x18, 0xff, 0x00, 0x00, 0x18, 0xff, 0x00, 0x00, 0x18, 0xff,
    0x00, 0x00, 0x18, 0xff, 0x00, 0x00, 0x18, 0xff, 0x00, 0x00, 0x18, 0xff,
    0x00, 0x00, 0x18, 0xff, 0x00, 0x00, 0x18, 0xff, 0x00, 0x00, 0x18, 0xff,
    0x00, 0x00, 0x18, 0xff, 0x00, 0x00, 0x18, 0xff, 0x00, 0x00, 0x18, 0xff,
    0x00, 0x00, 0x18, 0xff, 0x00, 0x00, 0x18, 0xff, 0x00, 0x00, 0x18, 0xff,
    0x00, 0x00, 0x18, 0xff, 0x00, 0x00, 0x18, 0xff, 0x00, 0x00, 0x18, 0xff,
    0x00, 0x00, 0x18, 0xff, 0x00, 0x00, 0x18, 0xff, 0x00, 0x00, 0x18, 0xff,
    0x00, 0x00, 0x18, 0xff, 0x00, 0x00, 0x18, 0xff, 0x00, 0x00, 0x18, 0xff,
    0x00, 0x00, 0x18, 0xff, 0x00, 0x00, 0x18, 0xff, 0x00, 0x00, 0x18, 0xff,
    0x00, 0x00, 0x18, 0xff, 0x00, 0x00, 0x18, 0xff, 0x00, 0x00, 0x18, 0xff,
    0x00, 0x00, 0x18, 0xff, 0x00, 0x00, 0x18, 0xff, 0x00, 0x00, 0x18, 0xff,
    0x00, 0x00, 0x18, 0xff, 0x00, 0x00, 0x18, 0xff, 0x00, 0x00, 0x18, 0xff,
    0x00, 0x00, 0x18, 0xff, 0x00, 0x00, 0x18, 0xff, 0x00, 0x00, 0x18, 0xff,
    0x00, 0x00, 0x18, 0xff, 0x00, 0x00, 0x18, 0xff, 0x00, 0x00, 0x18, 0xff,
    0x00, 0x00, 0x18, 0xff, 0x10, 0x10, 0x28, 0xff, 0x58, 0x58, 0x68, 0xba,
    0xf8, 0xfc, 0xf8, 0x00, 0xf8, 0xfc, 0xf8, 0x00, 0xf8, 0xfc, 0xf8, 0x00,
    0xf8, 0xfc, 0xf8, 0x00, 0xf8, 0xfc, 0xf8, 0x00, 0xf8, 0xfc, 0xf8, 0x00,
    0xf8, 0xfc, 0xf8, 0x00, 0xf8, 0xfc, 0xf8, 0x00, 0xf8, 0xfc, 0xf8, 0x00,
    0xf8, 0xfc, 0xf8, 0x00, 0xf8, 0xfc, 0xf8, 0x00, 0x78, 0x80, 0x90, 0x65,
    0x48, 0x4c, 0x68, 0xe7, 0x00, 0x08, 0x30, 0xff, 0x00, 0x08, 0x30, 0xff,
    0x00, 0x08, 0x30, 0xff, 0x00, 0x08, 0x30, 0xff, 0x00, 0x08, 0x30, 0xff,
    0x00, 0x08, 0x28, 0xff, 0x00, 0x08, 0x30, 0xff, 0x00, 0x08, 0x30, 0xff,
    0x00, 0x08, 0x28, 0xff, 0x00, 0x08, 0x28, 0xff, 0x00, 0x04, 0x30, 0xff,
    0x00, 0x08, 0x28, 0xff, 0x00, 0x08, 0x28, 0xff, 0x00, 0x08, 0x28, 0xff,
    0x00, 0x04, 0x28, 0xff, 0x00, 0x04, 0x28, 0xff, 0x00, 0x08, 0x28, 0xff,
    0x00, 0x04, 0x28, 0xff, 0x00, 0x08, 0x28, 0xff, 0x00, 0x04, 0x28, 0xff,
    0x00, 0x04, 0x28, 0xff, 0x00, 0x08, 0x28, 0xff, 0x00, 0x04, 0x28, 0xff,
    0x00, 0x08, 0x28, 0xff, 0x00, 0x04, 0x28, 0xff, 0x00, 0x04, 0x28, 0xff,
    0x00, 0x04, 0x28, 0xff, 0x00, 0x08, 0x28, 0xff, 0x00, 0x04, 0x28, 0xff,
    0x00, 0x04, 0x20, 0xff, 0x00, 0x04, 0x28, 0xff, 0x00, 0x04, 0x28, 0xff,
    0x00, 0x04, 0x28, 0xff, 0x00, 0x04, 0x20, 0xff, 0x00, 0x04, 0x20, 0xff,
    0x00, 0x04, 0x28, 0xff, 0x00, 0x04, 0x20, 0xff, 0x00, 0x04, 0x20, 0xff,
    0x00, 0x04, 0x28, 0xff, 0x00, 0x04, 0x20, 0xff, 0x00, 0x04, 0x20, 0xff,
    0x00, 0x04, 0x20, 0xff, 0x00, 0x04, 0x20, 0xff, 0x00, 0x04, 0x28, 0xff,
    0x00, 0x04, 0x20, 0xff, 0x00, 0x04, 0x20, 0xff, 0x00, 0x00, 0x28, 0xff,
    0x00, 0x04, 0x20, 0xff, 0x00, 0x04, 0x20, 0xff, 0x00, 0x04, 0x20, 0xff,
    0x00, 0x00, 0x20, 0xff, 0x00, 0x04, 0x20, 0xff, 0x00, 0x04, 0x20, 0xff,
    0x00, 0x04, 0x20, 0xff, 0x00, 0x00, 0x20, 0xff, 0x00, 0x04, 0x20, 0xff,
    0x00, 0x04, 0x20, 0xff, 0x00, 0x04, 0x20, 0xff, 0x00, 0x00, 0x20, 0xff,
    0x00, 0x04, 0x20, 0xff, 0x00, 0x04, 0x18, 0xff, 0x00, 0x00, 0x20, 0xff,
    0x00, 0x04, 0x20, 0xff, 0x00, 0x00, 0x20, 0xff, 0x00, 0x00, 0x18, 0xff,
    0x00, 0x04, 0x18, 0xff, 0x00, 0x00, 0x20, 0xff, 0x00, 0x00, 0x18, 0xff,
    0x00, 0x00, 0x20, 0xff, 0x00, 0x00, 0x20, 0xff, 0x00, 0x04, 0x18, 0xff,
    0x00, 0x00, 0x18, 0xff, 0x00, 0x00, 0x20, 0xff, 0x00, 0x04, 0x18, 0xff,
    0x00, 0x00, 0x18, 0xff, 0x00, 0x00, 0x20, 0xff, 0x00, 0x00, 0x18, 0xff,
    0x00, 0x00, 0x18, 0xff, 0x00, 0x00, 0x20, 0xff, 0x00, 0x00, 0x18, 0xff,
    0x00, 0x00, 0x18, 0xff, 0x00, 0x00, 0x20, 0xff, 0x00, 0x00, 0x18, 0xff,
    0x00, 0x00, 0x18, 0xff, 0x00, 0x00, 0x18, 0xff, 0x00, 0x00, 0x18, 0xff,
    0x00, 0x00, 0x18, 0xff, 0x00, 0x00, 0x18, 0xff, 0x00, 0x00, 0x18, 0xff,
    0x00, 0x00, 0x18, 0xff, 0x00, 0x00, 0x20, 0xff, 0x00, 0x00, 0x18, 0xff,
    0x00, 0x00, 0x18, 0xff, 0x00, 0x00, 0x18, 0xff, 0x00, 0x00, 0x18, 0xff,
    0x00, 0x00, 0x18, 0xff, 0x00, 0x00, 0x18, 0xff, 0x00, 0x00, 0x18, 0xff,
    0x00, 0x00, 0x18, 0xff, 0x00, 0x00, 0x18, 0xff, 0x00, 0x00, 0x18, 0xff,
    0x00, 0x00, 0x18, 0xff, 0x00, 0x00, 0x18, 0xff, 0x00, 0x00, 0x18, 0xff,
    0x00, 0x00, 0x18, 0xff, 0x00, 0x00, 0x18, 0xff, 0x00, 0x00, 0x18, 0xff,
    0x00, 0x00, 0x18, 0xff, 0x00, 0x00, 0x18, 0xff, 0x00, 0x00, 0x18, 0xff,
    0x00, 0x00, 0x18, 0xff, 0x00, 0x00, 0x18, 0xff, 0x00, 0x00, 0x18, 0xff,
    0x00, 0x00, 0x18, 0xff, 0x00, 0x00, 0x18, 0xff, 0x00, 0x00, 0x18, 0xff,
    0x00, 0x00, 0x18, 0xff, 0x00, 0x00, 0x18, 0xff, 0x00, 0x00, 0x18, 0xff,
    0x00, 0x00, 0x18, 0xff, 0x00, 0x00, 0x18, 0xff, 0x00, 0x00, 0x18, 0xff,
    0x00, 0x00, 0x18, 0xff, 0x00, 0x00, 0x18, 0xff, 0x00, 0x00, 0x18, 0xff,
    0x00, 0x00, 0x18, 0xff, 0x00, 0x00, 0x18, 0xff, 0x00, 0x00, 0x18, 0xff,
    0x00, 0x00, 0x18, 0xff, 0x00, 0x00, 0x18, 0xff, 0x00, 0x00, 0x18, 0xff,
    0x00, 0x00, 0x18, 0xff, 0x30, 0x34, 0x48, 0xf3, 0x68, 0x6c, 0x78, 0x71,
    0xf8, 0xfc, 0xf8, 0x00, 0xf8, 0xfc, 0xf8, 0x00, 0xf8, 0xfc, 0xf8, 0x00,
    0xf8, 0xfc, 0xf8, 0x00, 0xf8, 0xfc, 0xf8, 0x00, 0xf8, 0xfc, 0xf8, 0x00,
    0xf8, 0xfc, 0xf8, 0x00, 0xf8, 0xfc, 0xf8, 0x00, 0xf8, 0xfc, 0xf8, 0x00,
    0xf8, 0xfc, 0xf8, 0x00, 0xf8, 0xfc, 0xf8, 0x00, 0xf8, 0xfc, 0xf8, 0x00,
    0xf8, 0xfc, 0xf8, 0x00, 0xf8, 0xfc, 0xf8, 0x00, 0x78, 0x7c, 0x90, 0x86,
    0x48, 0x50, 0x68, 0xdb, 0x20, 0x28, 0x48, 0xff, 0x00, 0x08, 0x30, 0xff,
    0x00, 0x08, 0x28, 0xff, 0x00, 0x08, 0x28, 0xff, 0x00, 0x08, 0x30, 0xff,
    0x00, 0x08, 0x28, 0xff, 0x00, 0x08, 0x28, 0xff, 0x00, 0x04, 0x30, 0xff,
    0x00, 0x08, 0x28, 0xff, 0x00, 0x08, 0x28, 0xff, 0x00, 0x04, 0x30, 0xff,
    0x00, 0x08, 0x28, 0xff, 0x00, 0x04, 0x30, 0xff, 0x00, 0x08, 0x28, 0xff,
    0x00, 0x08, 0x28, 0xff, 0x00, 0x04, 0x28, 0xff, 0x00, 0x08, 0x28, 0xff,
    0x00, 0x08, 0x28, 0xff, 0x00, 0x04, 0x28, 0xff, 0x00, 0x08, 0x28, 0xff,
    0x00, 0x08, 0x28, 0xff, 0x00, 0x04, 0x28, 0xff, 0x00, 0x04, 0x28, 0xff,
    0x00, 0x04, 0x28, 0xff, 0x00, 0x04, 0x28, 0xff, 0x00, 0x04, 0x28, 0xff,
    0x00, 0x04, 0x20, 0xff, 0x00, 0x08, 0x28, 0xff, 0x00, 0x04, 0x28, 0xff,
    0x00, 0x04, 0x20, 0xff, 0x00, 0x04, 0x20, 0xff, 0x00, 0x04, 0x28, 0xff,
    0x00, 0x04, 0x20, 0xff, 0x00, 0x04, 0x20, 0xff, 0x00, 0x04, 0x20, 0xff,
    0x00, 0x04, 0x28, 0xff, 0x00, 0x04, 0x20, 0xff, 0x00, 0x04, 0x20, 0xff,
    0x00, 0x04, 0x28, 0xff, 0x00, 0x04, 0x20, 0xff, 0x00, 0x04, 0x20, 0xff,
    0x00, 0x04, 0x20, 0xff, 0x00, 0x04, 0x20, 0xff, 0x00, 0x04, 0x20, 0xff,
    0x00, 0x04, 0x20, 0xff, 0x00, 0x00, 0x20, 0xff, 0x00, 0x04, 0x20, 0xff,
    0x00, 0x04, 0x20, 0xff, 0x00, 0x00, 0x20, 0xff, 0x00, 0x04, 0x20, 0xff,
    0x00, 0x04, 0x20, 0xff, 0x00, 0x00, 0x20, 0xff, 0x00, 0x00, 0x20, 0xff,
    0x00, 0x04, 0x20, 0xff, 0x00, 0x00, 0x18, 0xff, 0x00, 0x00, 0x20, 0xff,
    0x00, 0x04, 0x20, 0xff, 0x00, 0x00, 0x18, 0xff, 0x00, 0x00, 0x20, 0xff,
    0x00, 0x04, 0x20, 0xff, 0x00, 0x04, 0x18, 0xff, 0x00, 0x00, 0x20, 0xff,
    0x00, 0x04, 0x20, 0xff, 0x00, 0x04, 0x20, 0xff, 0x00, 0x00, 0x18, 0xff,
    0x00, 0x00, 0x20, 0xff, 0x00, 0x00, 0x18, 0xff, 0x00, 0x04, 0x18, 0xff,
    0x00, 0x00, 0x18, 0xff, 0x00, 0x00, 0x20, 0xff, 0x00, 0x00, 0x18, 0xff,
    0x00, 0x00, 0x20, 0xff, 0x00, 0x04, 0x18, 0xff, 0x00, 0x00, 0x18, 0xff,
    0x00, 0x00, 0x18, 0xff, 0x00, 0x04, 0x18, 0xff, 0x00, 0x00, 0x18, 0xff,
    0x00, 0x00, 0x18, 0xff, 0x00, 0x04, 0x20, 0xff, 0x00, 0x00, 0x18, 0xff,
    0x00, 0x00, 0x18, 0xff, 0x00, 0x00, 0x18, 0xff, 0x00, 0x00, 0x20, 0xff,
    0x00, 0x00, 0x18, 0xff, 0x00, 0x00, 0x18, 0xff, 0x00, 0x00, 0x20, 0xff,
    0x00, 0x00, 0x18, 0xff, 0x00, 0x00, 0x18, 0xff, 0x00, 0x00, 0x18, 0xff,
    0x00, 0x00, 0x18, 0xff, 0x00, 0x00, 0x18, 0xff, 0x00, 0x00, 0x18, 0xff,
    0x00, 0x00, 0x18, 0xff, 0x00, 0x00, 0x18, 0xff, 0x00, 0x00, 0x18, 0xff,
    0x00, 0x00, 0x18, 0xff, 0x00, 0x00, 0x18, 0xff, 0x00, 0x00, 0x18, 0xff,
    0x00, 0x00, 0x18, 0xff, 0x00, 0x00, 0x18, 0xff, 0x00, 0x00, 0x18, 0xff,
    0x00, 0x00, 0x18, 0xff, 0x00, 0x00, 0x18, 0xff, 0x00, 0x00, 0x18, 0xff,
    0x00, 0x00, 0x18, 0xff, 0x00, 0x00, 0x18, 0xff, 0x00, 0x00, 0x18, 0xff,
    0x00, 0x00, 0x18, 0xff, 0x00, 0x00, 0x18, 0xff, 0x00, 0x00, 0x18, 0xff,
    0x00, 0x00, 0x18, 0xff, 0x00, 0x00, 0x18, 0xff, 0x00, 0x00, 0x18, 0xff,
    0x00, 0x00, 0x18, 0xff, 0x00, 0x00, 0x18, 0xff, 0x00, 0x00, 0x18, 0xff,
    0x00, 0x00, 0x18, 0xff, 0x00, 0x00, 0x18, 0xff, 0x00, 0x00, 0x18, 0xff,
    0x00, 0x00, 0x18, 0xff, 0x00, 0x00, 0x18, 0xff, 0x00, 0x00, 0x18, 0xff,
    0x00, 0x00, 0x18, 0xff, 0x00, 0x00, 0x18, 0xff, 0x00, 0x00, 0x18, 0xff,
    0x00, 0x00, 0x18, 0xff, 0x00, 0x00, 0x18, 0xff, 0x20, 0x20, 0x38, 0xff,
    0x48, 0x4c, 0x60, 0xdb, 0x70, 0x70, 0x80, 0x96, 0xf8, 0xfc, 0xf8, 0x10,
    0xf8, 0xfc, 0xf8, 0x00, 0xf8, 0xfc, 0xf8, 0x00, 0xf8, 0xfc, 0xf8, 0x00,
    0xf8, 0xfc, 0xf8, 0x00, 0xf8, 0xfc, 0xf8, 0x00, 0xf8, 0xfc, 0xf8, 0x00,
    0xf8, 0xfc, 0xf8, 0x00, 0xf8, 0xfc, 0xf8, 0x00, 0xf8, 0xfc, 0xf8, 0x00,
    0xf8, 0xfc, 0xf8, 0x00, 0xf8, 0xfc, 0xf8, 0x00, 0xf8, 0xfc, 0xf8, 0x00,
    0xf8, 0xfc, 0xf8, 0x00, 0xf8, 0xfc, 0xf8, 0x00, 0xf8, 0xfc, 0xf8, 0x00,
    0xf8, 0xfc, 0xf8, 0x00, 0xf8, 0xfc, 0xf8, 0x00, 0x88, 0x8c, 0xa0, 0x3c,
    0x88, 0x88, 0x98, 0x7d, 0x68, 0x6c, 0x80, 0x9e, 0x68, 0x6c, 0x80, 0x9e,
    0x68, 0x68, 0x80, 0x9e, 0x68, 0x68, 0x80, 0x9e, 0x68, 0x68, 0x80, 0x9e,
    0x68, 0x6c, 0x80, 0x9e, 0x68, 0x68, 0x80, 0x9e, 0x68, 0x68, 0x80, 0x9e,
    0x68, 0x6c, 0x80, 0xa2, 0x68, 0x68, 0x80, 0x9e, 0x68, 0x6c, 0x80, 0x9e,
    0x68, 0x68, 0x80, 0x9e, 0x68, 0x68, 0x80, 0xa2, 0x68, 0x6c, 0x80, 0x9e,
    0x68, 0x68, 0x80, 0x9e, 0x68, 0x68, 0x80, 0xa2, 0x68, 0x6c, 0x80, 0x9e,
    0x68, 0x68, 0x80, 0x9e, 0x68, 0x68, 0x80, 0xa2, 0x68, 0x68, 0x80, 0x9e,
    0x68, 0x68, 0x80, 0x9e, 0x68, 0x6c, 0x78, 0xa2, 0x68, 0x6c, 0x80, 0x9e,
    0x68, 0x68, 0x78, 0xa2, 0x68, 0x68, 0x78, 0x9e, 0x68, 0x6c, 0x80, 0xa2,
    0x68, 0x68, 0x78, 0x9e, 0x68, 0x68, 0x78, 0xa2, 0x68, 0x68, 0x80, 0x9e,
    0x68, 0x68, 0x80, 0xa2, 0x68, 0x68, 0x78, 0x9e, 0x68, 0x68, 0x80, 0xa2,
    0x60, 0x68, 0x78, 0x9e, 0x68, 0x68, 0x78, 0xa2, 0x68, 0x68, 0x78, 0xa2,
    0x60, 0x68, 0x78, 0x9e, 0x68, 0x68, 0x80, 0xa2, 0x68, 0x68, 0x78, 0x9e,
    0x60, 0x68, 0x78, 0xa2, 0x68, 0x68, 0x80, 0xa2, 0x68, 0x68, 0x78, 0x9e,
    0x60, 0x68, 0x78, 0xa2, 0x68, 0x68, 0x78, 0xa2, 0x68, 0x68, 0x78, 0x9e,
    0x60, 0x68, 0x78, 0xa2, 0x68, 0x68, 0x78, 0xa2, 0x68, 0x68, 0x78, 0x9e,
    0x60, 0x68, 0x78, 0xa2, 0x68, 0x68, 0x78, 0xa2, 0x68, 0x68, 0x78, 0x9e,
    0x60, 0x68, 0x78, 0xa2, 0x68, 0x68, 0x78, 0xa2, 0x68, 0x68, 0x78, 0x9e,
    0x60, 0x68, 0x78, 0xa2, 0x68, 0x68, 0x78, 0xa2, 0x68, 0x68, 0x78, 0x9e,
    0x60, 0x68, 0x78, 0xa2, 0x68, 0x68, 0x78, 0xa2, 0x68, 0x68, 0x78, 0x9e,
    0x60, 0x68, 0x78, 0xa2, 0x68, 0x68, 0x78, 0xa2, 0x68, 0x68, 0x78, 0x9e,
    0x68, 0x68, 0x78, 0xa2, 0x68, 0x68, 0x78, 0xa2, 0x68, 0x68, 0x78, 0x9e,
    0x68, 0x68, 0x78, 0xa2, 0x68, 0x68, 0x78, 0xa2, 0x68, 0x68, 0x78, 0x9e,
    0x68, 0x68, 0x78, 0xa2, 0x68, 0x68, 0x78, 0xa2, 0x68, 0x68, 0x78, 0x9e,
    0x68, 0x68, 0x78, 0xa2, 0x68, 0x68, 0x78, 0xa2, 0x68, 0x68, 0x78, 0x9e,
    0x68, 0x68, 0x78, 0xa2, 0x68, 0x68, 0x78, 0xa2, 0x68, 0x68, 0x78, 0x9e,
    0x68, 0x68, 0x78, 0xa2, 0x68, 0x68, 0x78, 0xa2, 0x68, 0x68, 0x78, 0x9e,
    0x68, 0x68, 0x78, 0xa2, 0x68, 0x68, 0x78, 0xa2, 0x68, 0x68, 0x78, 0x9e,
    0x68, 0x68, 0x78, 0xa2, 0x68, 0x68, 0x78, 0xa2, 0x68, 0x68, 0x78, 0x9e,
    0x68, 0x68, 0x78, 0xa2, 0x68, 0x68, 0x78, 0xa2, 0x68, 0x68, 0x78, 0x9e,
    0x68, 0x68, 0x78, 0xa2, 0x68, 0x68, 0x78, 0xa2, 0x68, 0x68, 0x78, 0x9e,
    0x68, 0x68, 0x78, 0xa2, 0x68, 0x68, 0x78, 0xa2, 0x68, 0x68, 0x78, 0x9e,
    0x68, 0x68, 0x78, 0xa2, 0x68, 0x68, 0x78, 0xa2, 0x68, 0x68, 0x78, 0x9e,
    0x68, 0x68, 0x78, 0xa2, 0x68, 0x68, 0x78, 0xa2, 0x68, 0x68, 0x78, 0x9e,
    0x68, 0x68, 0x78, 0xa2, 0x68, 0x68, 0x78, 0xa2, 0x68, 0x68, 0x78, 0x9e,
    0x68, 0x68, 0x78, 0xa2, 0x68, 0x68, 0x78, 0xa2, 0x68, 0x68, 0x78, 0x9e,
    0x68, 0x68, 0x78, 0xa2, 0x68, 0x68, 0x78, 0xa2, 0x68, 0x68, 0x78, 0x9e,
    0x68, 0x68, 0x78, 0xa2, 0x68, 0x68, 0x78, 0xa2, 0x68, 0x68, 0x78, 0x9e,
    0x68, 0x64, 0x78, 0xa2, 0x68, 0x68, 0x78, 0xa2, 0x68, 0x68, 0x78, 0x9e,
    0x68, 0x68, 0x78, 0xa2, 0x68, 0x64, 0x78, 0xa2, 0x68, 0x68, 0x78, 0x9e,
    0x68, 0x68, 0x78, 0xa2, 0x68, 0x64, 0x78, 0xa2, 0x68, 0x68, 0x78, 0x9e,
    0x68, 0x68, 0x78, 0xa2, 0x68, 0x64, 0x78, 0xa2, 0x80, 0x84, 0x90, 0x7d,
    0xf8, 0xfc, 0xf8, 0x20, 0xf8, 0xfc, 0xf8, 0x00, 0xf8, 0xfc, 0xf8, 0x00,
    0xf8, 0xfc, 0xf8, 0x00, 0xf8, 0xfc, 0xf8, 0x00, 0xf8, 0xfc, 0xf8, 0x00,
    0xf8, 0xfc, 0xf8, 0x00, 0xf8, 0xfc, 0xf8, 0x00, 0xf8, 0xfc, 0xf8, 0x00,
    0xf8, 0xfc, 0xf8, 0x00, 0xf8, 0xfc, 0xf8, 0x00, 0xf8, 0xfc, 0xf8, 0x00,
    0xf8, 0xfc, 0xf8, 0x00, 0xf8, 0xfc, 0xf8, 0x00, 0xf8, 0xfc, 0xf8, 0x00,
    0xf8, 0xfc, 0xf8, 0x00, 0xf8, 0xfc, 0xf8, 0x00, 0xf8, 0xfc, 0xf8, 0x00,
    0xf8, 0xfc, 0xf8, 0x00, 0xf8, 0xfc, 0xf8, 0x00, 0xf8, 0xfc, 0xf8, 0x00,
    0xf8, 0xfc, 0xf8, 0x00, 0xf8, 0xfc, 0xf8, 0x00, 0xf8, 0xfc, 0xf8, 0x00,
    0xf8, 0xfc, 0xf8, 0x00, 0xf8, 0xfc, 0xf8, 0x00, 0xf8, 0xfc, 0xf8, 0x00,
    0xf8, 0xfc, 0xf8, 0x00, 0xf8, 0xfc, 0xf8, 0x00, 0xf8, 0xfc, 0xf8, 0x00,
    0xf8, 0xfc, 0xf8, 0x00, 0xf8, 0xfc, 0xf8, 0x00, 0xf8, 0xfc, 0xf8, 0x00,
    0xf8, 0xfc, 0xf8, 0x00, 0xf8, 0xfc, 0xf8, 0x00, 0xf8, 0xfc, 0xf8, 0x00,
    0xf8, 0xfc, 0xf8, 0x00, 0xf8, 0xfc, 0xf8, 0x00, 0xf8, 0xfc, 0xf8, 0x00,
    0xf8, 0xfc, 0xf8, 0x00, 0xf8, 0xfc, 0xf8, 0x00, 0xf8, 0xfc, 0xf8, 0x00,
    0xf8, 0xfc, 0xf8, 0x00, 0xf8, 0xfc, 0xf8, 0x00, 0xf8, 0xfc, 0xf8, 0x00,
    0xf8, 0xfc, 0xf8, 0x00, 0xf8, 0xfc, 0xf8, 0x00, 0xf8, 0xfc, 0xf8, 0x00,
    0xf8, 0xfc, 0xf8, 0x00, 0xf8, 0xfc, 0xf8, 0x00, 0xf8, 0xfc, 0xf8, 0x00,
    0xf8, 0xfc, 0xf8, 0x00, 0xf8, 0xfc, 0xf8, 0x00, 0xf8, 0xfc, 0xf8, 0x00,
    0xf8, 0xfc, 0xf8, 0x00, 0xf8, 0xfc, 0xf8, 0x00, 0xf8, 0xfc, 0xf8, 0x00,
    0xf8, 0xfc, 0xf8, 0x00, 0xf8, 0xfc, 0xf8, 0x00, 0xf8, 0xfc, 0xf8, 0x00,
    0xf8, 0xfc, 0xf8, 0x00, 0xf8, 0xfc, 0xf8, 0x00, 0xf8, 0xfc, 0xf8, 0x00,
    0xf8, 0xfc, 0xf8, 0x00, 0xf8, 0xfc, 0xf8, 0x00, 0xf8, 0xfc, 0xf8, 0x00,
    0xf8, 0xfc, 0xf8, 0x00, 0xf8, 0xfc, 0xf8, 0x00, 0xf8, 0xfc, 0xf8, 0x00,
    0xf8, 0xfc, 0xf8, 0x00, 0xf8, 0xfc, 0xf8, 0x00, 0xf8, 0xfc, 0xf8, 0x00,
    0xf8, 0xfc, 0xf8, 0x00, 0xf8, 0xfc, 0xf8, 0x00, 0xf8, 0xfc, 0xf8, 0x00,
    0xf8, 0xfc, 0xf8, 0x00, 0xf8, 0xfc, 0xf8, 0x00, 0xf8, 0xfc, 0xf8, 0x00,
    0xf8, 0xfc, 0xf8, 0x00, 0xf8, 0xfc, 0xf8, 0x00, 0xf8, 0xfc, 0xf8, 0x00,
    0xf8, 0xfc, 0xf8, 0x00, 0xf8, 0xfc, 0xf8, 0x00, 0xf8, 0xfc, 0xf8, 0x00,
    0xf8, 0xfc, 0xf8, 0x00, 0xf8, 0xfc, 0xf8, 0x00, 0xf8, 0xfc, 0xf8, 0x00,
    0xf8, 0xfc, 0xf8, 0x00, 0xf8, 0xfc, 0xf8, 0x00, 0xf8, 0xfc, 0xf8, 0x00,
    0xf8, 0xfc, 0xf8, 0x00, 0xf8, 0xfc, 0xf8, 0x00, 0xf8, 0xfc, 0xf8, 0x00,
    0xf8, 0xfc, 0xf8, 0x00, 0xf8, 0xfc, 0xf8, 0x00, 0xf8, 0xfc, 0xf8, 0x00,
    0xf8, 0xfc, 0xf8, 0x00, 0xf8, 0xfc, 0xf8, 0x00, 0xf8, 0xfc, 0xf8, 0x00,
    0xf8, 0xfc, 0xf8, 0x00, 0xf8, 0xfc, 0xf8, 0x00, 0xf8, 0xfc, 0xf8, 0x00,
    0xf8, 0xfc, 0xf8, 0x00, 0xf8, 0xfc, 0xf8, 0x00, 0xf8, 0xfc, 0xf8, 0x00,
    0xf8, 0xfc, 0xf8, 0x00, 0xf8, 0xfc, 0xf8, 0x00, 0xf8, 0xfc, 0xf8, 0x00,
    0xf8, 0xfc, 0xf8, 0x00, 0xf8, 0xfc, 0xf8, 0x00, 0xf8, 0xfc, 0xf8, 0x00,
    0xf8, 0xfc, 0xf8, 0x00, 0xf8, 0xfc, 0xf8, 0x00, 0xf8, 0xfc, 0xf8, 0x00,
    0xf8, 0xfc, 0xf8, 0x00, 0xf8, 0xfc, 0xf8, 0x00, 0xf8, 0xfc, 0xf8, 0x00,
    0xf8, 0xfc, 0xf8, 0x00, 0xf8, 0xfc, 0xf8, 0x00, 0xf8, 0xfc, 0xf8, 0x00,
    0xf8, 0xfc, 0xf8, 0x00, 0xf8, 0xfc, 0xf8, 0x00, 0xf8, 0xfc, 0xf8, 0x00,
    0xf8, 0xfc, 0xf8, 0x00, 0xf8, 0xfc, 0xf8, 0x00, 0xf8, 0xfc, 0xf8, 0x00,
    0xf8, 0xfc, 0xf8, 0x00, 0xf8, 0xfc, 0xf8, 0x00, 0xf8, 0xfc, 0xf8, 0x00,
    0xf8, 0xfc, 0xf8, 0x00, 0xf8, 0xfc, 0xf8, 0x00, 0xf8, 0xfc, 0xf8, 0x00,
    0xf8, 0xfc, 0xf8, 0x00, 0xf8, 0xfc, 0xf8, 0x00, 0xf8, 0xfc, 0xf8, 0x00,
    0xf8, 0xfc, 0xf8, 0x00, 0xf8, 0xfc, 0xf8, 0x00, 0xf8, 0xfc, 0xf8, 0x00,
    0xf8, 0xfc, 0xf8, 0x00, 0xf8, 0xfc, 0xf8, 0x00, 0xf8, 0xfc, 0xf8, 0x00,
    0xf8, 0xfc, 0xf8, 0x00, 0xf8, 0xfc, 0xf8, 0x00, 0xf8, 0xfc, 0xf8, 0x00,
    0xf8, 0xfc, 0xf8, 0x00, 0xf8, 0xfc, 0xf8, 0x00, 0xf8, 0xfc, 0xf8, 0x00,
    0xf8, 0xfc, 0xf8, 0x00, 0xf8, 0xfc, 0xf8, 0x00, 0xf8, 0xfc, 0xf8, 0x00,
    0xf8, 0xfc, 0xf8, 0x00, 0xf8, 0xfc, 0xf8, 0x00, 0xf8, 0xfc, 0xf8, 0x00,
    0xf8, 0xfc, 0xf8, 0x00, 0xf8, 0xfc, 0xf8, 0x00, 0xf8, 0xfc, 0xf8, 0x00,
    0xf8, 0xfc, 0xf8, 0x00, 0xf8, 0xfc, 0xf8, 0x00, 0xf8, 0xfc, 0xf8, 0x00
};
