// 4.26.1 0x5fa60bcc D2 AY R0 FARGB8888 U565 N0 SExtFlashSection
// Generated by imageconverter. Please, do not edit!

#include <touchgfx/hal/Config.hpp>

LOCATION_PRAGMA_32("ExtFlashSection")
KEEP extern const unsigned char image_cover_art_o[] LOCATION_ATTRIBUTE_32("ExtFlashSection") = { // 172x172 ARGB8888 pixels.
    0x40, 0x54, 0xe8, 0x82, 0x40, 0x54, 0xe8, 0x82, 0x40, 0x54, 0xe0, 0x7d,
    0x40, 0x54, 0xe0, 0x82, 0x40, 0x50, 0xe0, 0x82, 0x38, 0x4c, 0xe0, 0x82,
    0x40, 0x4c, 0xe0, 0x7d, 0x40, 0x50, 0xe0, 0x82, 0x40, 0x50, 0xe8, 0x82,
    0x40, 0x54, 0xe8, 0x82, 0x40, 0x50, 0xe0, 0x7d, 0x40, 0x50, 0xe0, 0x82,
    0x40, 0x50, 0xe8, 0x82, 0x40, 0x50, 0xe8, 0x82, 0x40, 0x50, 0xe0, 0x7d,
    0x40, 0x50, 0xe0, 0x82, 0x40, 0x50, 0xe0, 0x82, 0x40, 0x50, 0xe0, 0x82,
    0x48, 0x54, 0xe8, 0x7d, 0x48, 0x58, 0xe8, 0x82, 0x48, 0x58, 0xe8, 0x82,
    0x48, 0x5c, 0xe8, 0x82, 0x48, 0x5c, 0xe8, 0x7d, 0x48, 0x5c, 0xe8, 0x82,
    0x50, 0x5c, 0xf0, 0x82, 0x48, 0x60, 0xf0, 0x82, 0x48, 0x60, 0xe8, 0x7d,
    0x48, 0x60, 0xf0, 0x82, 0x48, 0x5c, 0xe8, 0x82, 0x48, 0x5c, 0xf0, 0x82,
    0x50, 0x5c, 0xf0, 0x7d, 0x50, 0x60, 0xf0, 0x82, 0x48, 0x5c, 0xf0, 0x82,
    0x48, 0x5c, 0xf0, 0x82, 0x48, 0x58, 0xf0, 0x7d, 0x50, 0x5c, 0xf0, 0x82,
    0x48, 0x5c, 0xf0, 0x82, 0x48, 0x5c, 0xe8, 0x82, 0x48, 0x58, 0xe8, 0x7d,
    0x48, 0x58, 0xf0, 0x82, 0x48, 0x5c, 0xf0, 0x82, 0x48, 0x5c, 0xf0, 0x82,
    0x48, 0x5c, 0xf0, 0x7d, 0x50, 0x5c, 0xf0, 0x82, 0x50, 0x5c, 0xf0, 0x82,
    0x48, 0x5c, 0xf0, 0x82, 0x50, 0x60, 0xf0, 0x7d, 0x50, 0x60, 0xf0, 0x82,
    0x50, 0x60, 0xf0, 0x82, 0x50, 0x60, 0xf8, 0x82, 0x48, 0x60, 0xf8, 0x7d,
    0x48, 0x60, 0xf0, 0x82, 0x48, 0x5c, 0xf0, 0x82, 0x48, 0x5c, 0xf0, 0x82,
    0x48, 0x60, 0xf8, 0x7d, 0x48, 0x5c, 0xf0, 0x82, 0x48, 0x5c, 0xf0, 0x82,
    0x48, 0x60, 0xf0, 0x82, 0x48, 0x5c, 0xf0, 0x7d, 0x48, 0x58, 0xf0, 0x82,
    0x40, 0x4c, 0xe0, 0x82, 0x30, 0x40, 0xe0, 0x82, 0x30, 0x3c, 0xd8, 0x7d,
    0x20, 0x2c, 0x98, 0x82, 0x18, 0x24, 0x58, 0x82, 0x18, 0x24, 0x58, 0x82,
    0x18, 0x24, 0x68, 0x7d, 0x18, 0x24, 0x68, 0x82, 0x20, 0x30, 0x70, 0x82,
    0x48, 0x58, 0x90, 0x82, 0x38, 0x48, 0x80, 0x7d, 0x30, 0x44, 0x80, 0x82,
    0x38, 0x4c, 0x88, 0x82, 0x48, 0x54, 0x90, 0x82, 0x88, 0x94, 0xc8, 0x7d,
    0x48, 0x50, 0x68, 0x82, 0x98, 0x80, 0x40, 0x82, 0xa0, 0x84, 0x40, 0x82,
    0xa0, 0x84, 0x40, 0x7d, 0xa0, 0x84, 0x40, 0x82, 0xa0, 0x88, 0x40, 0x82,
    0xa0, 0x84, 0x40, 0x82, 0xa0, 0x84, 0x40, 0x7d, 0xa0, 0x84, 0x40, 0x82,
    0xa0, 0x88, 0x40, 0x82, 0xa0, 0x88, 0x40, 0x82, 0xa0, 0x84, 0x40, 0x7d,
    0xa0, 0x84, 0x40, 0x82, 0xa0, 0x88, 0x40, 0x82, 0xa0, 0x84, 0x40, 0x82,
    0xa0, 0x88, 0x40, 0x7d, 0xa0, 0x88, 0x40, 0x82, 0xa0, 0x88, 0x40, 0x82,
    0xa0, 0x88, 0x40, 0x82, 0xa0, 0x88, 0x40, 0x7d, 0xa0, 0x88, 0x40, 0x82,
    0xa0, 0x88, 0x40, 0x82, 0xa0, 0x88, 0x48, 0x82, 0xa0, 0x88, 0x40, 0x7d,
    0xa0, 0x88, 0x40, 0x82, 0xa0, 0x88, 0x40, 0x82, 0xa0, 0x88, 0x40, 0x82,
    0xa0, 0x88, 0x48, 0x7d, 0xa8, 0x88, 0x48, 0x82, 0xa0, 0x88, 0x40, 0x82,
    0xa0, 0x88, 0x40, 0x82, 0xa0, 0x88, 0x40, 0x7d, 0xa0, 0x88, 0x40, 0x82,
    0xa0, 0x88, 0x48, 0x82, 0xa0, 0x88, 0x40, 0x82, 0xa0, 0x88, 0x40, 0x7d,
    0xa0, 0x88, 0x40, 0x82, 0xa0, 0x88, 0x40, 0x82, 0xa8, 0x88, 0x48, 0x82,
    0xa0, 0x88, 0x48, 0x7d, 0xa8, 0x8c, 0x40, 0x82, 0x60, 0x58, 0x50, 0x82,
    0x18, 0x28, 0x50, 0x82, 0x18, 0x24, 0x50, 0x7d, 0x18, 0x24, 0x58, 0x82,
    0x18, 0x24, 0x58, 0x82, 0x18, 0x24, 0x58, 0x82, 0x18, 0x28, 0x48, 0x7d,
    0x28, 0x38, 0x68, 0x82, 0x78, 0x6c, 0x60, 0x82, 0xa8, 0x8c, 0x48, 0x82,
    0xa8, 0x8c, 0x48, 0x7d, 0xa8, 0x8c, 0x48, 0x82, 0xa8, 0x8c, 0x48, 0x82,
    0xa8, 0x8c, 0x48, 0x82, 0xa8, 0x8c, 0x48, 0x7d, 0xa8, 0x8c, 0x48, 0x82,
    0xa8, 0x8c, 0x48, 0x82, 0xa8, 0x8c, 0x48, 0x82, 0xa8, 0x8c, 0x48, 0x7d,
    0xa8, 0x8c, 0x48, 0x82, 0xa8, 0x8c, 0x48, 0x82, 0xa8, 0x8c, 0x48, 0x82,
    0xa0, 0x88, 0x40, 0x7d, 0xa8, 0x8c, 0x48, 0x82, 0xa8, 0x8c, 0x48, 0x82,
    0xa8, 0x8c, 0x48, 0x82, 0xa8, 0x8c, 0x48, 0x7d, 0xa8, 0x8c, 0x48, 0x82,
    0xa8, 0x8c, 0x40, 0x82, 0xa8, 0x8c, 0x48, 0x82, 0xa8, 0x8c, 0x48, 0x7d,
    0xa8, 0x8c, 0x48, 0x82, 0xa8, 0x88, 0x48, 0x82, 0xa8, 0x8c, 0x48, 0x82,
    0xa8, 0x8c, 0x48, 0x7d, 0xa8, 0x8c, 0x48, 0x82, 0xa8, 0x8c, 0x48, 0x82,
    0xa8, 0x8c, 0x48, 0x82, 0xa8, 0x8c, 0x48, 0x7d, 0xa8, 0x8c, 0x48, 0x82,
    0xa8, 0x8c, 0x48, 0x82, 0xa8, 0x8c, 0x48, 0x82, 0xa8, 0x8c, 0x50, 0x7d,
    0xa8, 0x8c, 0x48, 0x82, 0xa8, 0x8c, 0x48, 0x82, 0xa8, 0x8c, 0x48, 0x82,
    0xa8, 0x8c, 0x50, 0x7d, 0xa8, 0x8c, 0x50, 0x82, 0xa8, 0x8c, 0x48, 0x82,
    0x80, 0x6c, 0x70, 0x82, 0x38, 0x40, 0x60, 0x7d, 0x28, 0x30, 0x48, 0x82,
    0x18, 0x28, 0x48, 0x82, 0x18, 0x24, 0x40, 0x82, 0x18, 0x24, 0x40, 0x7d,
    0x18, 0x24, 0x40, 0x20, 0x40, 0x54, 0xe8, 0xff, 0x40, 0x54, 0xe8, 0xff,
    0x40, 0x54, 0xe0, 0xff, 0x48, 0x54, 0xe0, 0xff, 0x40, 0x50, 0xe0, 0xff,
    0x38, 0x50, 0xe0, 0xff, 0x40, 0x50, 0xe0, 0xff, 0x38, 0x50, 0xe8, 0xff,
    0x40, 0x54, 0xe8, 0xff, 0x40, 0x50, 0xe0, 0xff, 0x40, 0x54, 0xe8, 0xff,
    0x40, 0x50, 0xe0, 0xff, 0x40, 0x50, 0xe0, 0xff, 0x40, 0x50, 0xe8, 0xff,
    0x40, 0x50, 0xe8, 0xff, 0x40, 0x50, 0xe0, 0xff, 0x40, 0x54, 0xe0, 0xff,
    0x40, 0x50, 0xe0, 0xff, 0x48, 0x54, 0xe8, 0xff, 0x48, 0x58, 0xe8, 0xff,
    0x48, 0x58, 0xe8, 0xff, 0x48, 0x5c, 0xe8, 0xff, 0x48, 0x5c, 0xe8, 0xff,
    0x48, 0x58, 0xe8, 0xff, 0x50, 0x5c, 0xf0, 0xff, 0x48, 0x60, 0xe8, 0xff,
    0x48, 0x60, 0xf0, 0xff, 0x50, 0x60, 0xf0, 0xff, 0x48, 0x5c, 0xe8, 0xff,
    0x48, 0x5c, 0xf0, 0xff, 0x50, 0x60, 0xf0, 0xff, 0x50, 0x60, 0xf0, 0xff,
    0x48, 0x5c, 0xf0, 0xff, 0x48, 0x5c, 0xf0, 0xff, 0x50, 0x5c, 0xf0, 0xff,
    0x50, 0x60, 0xf0, 0xff, 0x48, 0x5c, 0xe8, 0xff, 0x50, 0x5c, 0xf0, 0xff,
    0x48, 0x58, 0xe8, 0xff, 0x48, 0x5c, 0xf0, 0xff, 0x48, 0x5c, 0xf0, 0xff,
    0x50, 0x60, 0xf0, 0xff, 0x48, 0x5c, 0xf0, 0xff, 0x48, 0x5c, 0xf0, 0xff,
    0x50, 0x5c, 0xf0, 0xff, 0x48, 0x5c, 0xf0, 0xff, 0x50, 0x60, 0xf0, 0xff,
    0x50, 0x64, 0xf0, 0xff, 0x48, 0x60, 0xf8, 0xff, 0x50, 0x60, 0xf8, 0xff,
    0x50, 0x60, 0xf8, 0xff, 0x48, 0x60, 0xf0, 0xff, 0x48, 0x5c, 0xf0, 0xff,
    0x48, 0x5c, 0xf0, 0xff, 0x50, 0x60, 0xf8, 0xff, 0x48, 0x60, 0xf0, 0xff,
    0x48, 0x5c, 0xf0, 0xff, 0x50, 0x60, 0xf8, 0xff, 0x48, 0x60, 0xf0, 0xff,
    0x48, 0x58, 0xe8, 0xff, 0x40, 0x4c, 0xe8, 0xff, 0x38, 0x40, 0xe0, 0xff,
    0x30, 0x3c, 0xd8, 0xff, 0x20, 0x2c, 0x98, 0xff, 0x18, 0x24, 0x58, 0xff,
    0x18, 0x24, 0x60, 0xff, 0x18, 0x28, 0x68, 0xff, 0x18, 0x24, 0x68, 0xff,
    0x20, 0x30, 0x70, 0xff, 0x40, 0x58, 0x90, 0xff, 0x38, 0x48, 0x80, 0xff,
    0x30, 0x44, 0x80, 0xff, 0x38, 0x4c, 0x88, 0xff, 0x48, 0x54, 0x90, 0xff,
    0x88, 0x94, 0xc8, 0xff, 0x48, 0x54, 0x68, 0xff, 0x98, 0x80, 0x40, 0xff,
    0xa0, 0x88, 0x40, 0xff, 0xa0, 0x84, 0x40, 0xff, 0xa0, 0x88, 0x40, 0xff,
    0xa0, 0x84, 0x48, 0xff, 0xa0, 0x84, 0x40, 0xff, 0xa0, 0x84, 0x40, 0xff,
    0xa0, 0x88, 0x40, 0xff, 0xa0, 0x88, 0x40, 0xff, 0xa0, 0x88, 0x40, 0xff,
    0xa0, 0x84, 0x40, 0xff, 0xa0, 0x88, 0x40, 0xff, 0xa0, 0x88, 0x40, 0xff,
    0xa0, 0x84, 0x40, 0xff, 0xa0, 0x88, 0x40, 0xff, 0xa0, 0x88, 0x40, 0xff,
    0xa0, 0x88, 0x40, 0xff, 0xa0, 0x84, 0x40, 0xff, 0xa8, 0x88, 0x40, 0xff,
    0xa0, 0x88, 0x40, 0xff, 0xa0, 0x88, 0x40, 0xff, 0xa8, 0x88, 0x48, 0xff,
    0xa0, 0x88, 0x40, 0xff, 0xa0, 0x88, 0x40, 0xff, 0xa0, 0x88, 0x40, 0xff,
    0xa8, 0x88, 0x48, 0xff, 0xa0, 0x88, 0x48, 0xff, 0xa8, 0x88, 0x40, 0xff,
    0xa0, 0x88, 0x48, 0xff, 0xa0, 0x88, 0x40, 0xff, 0xa8, 0x88, 0x48, 0xff,
    0xa8, 0x88, 0x40, 0xff, 0xa0, 0x88, 0x48, 0xff, 0xa8, 0x88, 0x40, 0xff,
    0xa8, 0x8c, 0x40, 0xff, 0xa0, 0x88, 0x48, 0xff, 0xa0, 0x88, 0x40, 0xff,
    0xa8, 0x88, 0x48, 0xff, 0xa0, 0x88, 0x48, 0xff, 0xa8, 0x8c, 0x40, 0xff,
    0x60, 0x58, 0x50, 0xff, 0x18, 0x28, 0x50, 0xff, 0x10, 0x24, 0x50, 0xff,
    0x18, 0x24, 0x58, 0xff, 0x18, 0x24, 0x58, 0xff, 0x18, 0x24, 0x58, 0xff,
    0x18, 0x28, 0x48, 0xff, 0x28, 0x38, 0x68, 0xff, 0x78, 0x6c, 0x68, 0xff,
    0xa8, 0x8c, 0x48, 0xff, 0xa8, 0x88, 0x48, 0xff, 0xa8, 0x8c, 0x48, 0xff,
    0xa8, 0x8c, 0x48, 0xff, 0xa8, 0x8c, 0x48, 0xff, 0xa0, 0x88, 0x48, 0xff,
    0xa8, 0x8c, 0x48, 0xff, 0xa8, 0x8c, 0x48, 0xff, 0xa8, 0x8c, 0x48, 0xff,
    0xa8, 0x8c, 0x48, 0xff, 0xa8, 0x8c, 0x48, 0xff, 0xa8, 0x8c, 0x48, 0xff,
    0xa8, 0x8c, 0x48, 0xff, 0xa0, 0x8c, 0x40, 0xff, 0xa8, 0x8c, 0x48, 0xff,
    0xa8, 0x8c, 0x48, 0xff, 0xa0, 0x8c, 0x40, 0xff, 0xa8, 0x8c, 0x48, 0xff,
    0xa8, 0x8c, 0x48, 0xff, 0xa8, 0x8c, 0x48, 0xff, 0xa8, 0x90, 0x48, 0xff,
    0xa8, 0x8c, 0x48, 0xff, 0xa8, 0x8c, 0x48, 0xff, 0xa8, 0x8c, 0x48, 0xff,
    0xa8, 0x8c, 0x50, 0xff, 0xa8, 0x8c, 0x48, 0xff, 0xa8, 0x8c, 0x48, 0xff,
    0xa8, 0x8c, 0x48, 0xff, 0xa8, 0x8c, 0x50, 0xff, 0xa8, 0x8c, 0x48, 0xff,
    0xa8, 0x8c, 0x48, 0xff, 0xa8, 0x8c, 0x50, 0xff, 0xa8, 0x8c, 0x48, 0xff,
    0xa8, 0x8c, 0x50, 0xff, 0xa8, 0x8c, 0x48, 0xff, 0xa8, 0x8c, 0x48, 0xff,
    0xa8, 0x8c, 0x48, 0xff, 0xa8, 0x8c, 0x50, 0xff, 0xa8, 0x8c, 0x50, 0xff,
    0xa8, 0x8c, 0x48, 0xff, 0x80, 0x70, 0x70, 0xff, 0x38, 0x40, 0x60, 0xff,
    0x20, 0x34, 0x48, 0xff, 0x18, 0x2c, 0x40, 0xff, 0x18, 0x24, 0x40, 0xff,
    0x18, 0x28, 0x40, 0xff, 0x18, 0x28, 0x40, 0x41, 0x40, 0x54, 0xe8, 0xff,
    0x40, 0x50, 0xe0, 0xff, 0x40, 0x50, 0xe0, 0xff, 0x40, 0x54, 0xe8, 0xff,
    0x40, 0x50, 0xe0, 0xff, 0x40, 0x50, 0xe0, 0xff, 0x40, 0x50, 0xe8, 0xff,
    0x38, 0x50, 0xe0, 0xff, 0x40, 0x50, 0xe0, 0xff, 0x40, 0x50, 0xe0, 0xff,
    0x38, 0x50, 0xe8, 0xff, 0x38, 0x50, 0xe0, 0xff, 0x40, 0x50, 0xe0, 0xff,
    0x40, 0x50, 0xe8, 0xff, 0x40, 0x50, 0xe0, 0xff, 0x40, 0x50, 0xe0, 0xff,
    0x40, 0x50, 0xe0, 0xff, 0x40, 0x54, 0xe8, 0xff, 0x40, 0x54, 0xe8, 0xff,
    0x40, 0x54, 0xe8, 0xff, 0x48, 0x54, 0xe8, 0xff, 0x48, 0x58, 0xe8, 0xff,
    0x48, 0x58, 0xe8, 0xff, 0x48, 0x5c, 0xe8, 0xff, 0x50, 0x60, 0xf0, 0xff,
    0x50, 0x60, 0xf0, 0xff, 0x50, 0x60, 0xf0, 0xff, 0x50, 0x60, 0xf0, 0xff,
    0x50, 0x60, 0xf0, 0xff, 0x50, 0x60, 0xf0, 0xff, 0x50, 0x60, 0xf0, 0xff,
    0x50, 0x60, 0xf0, 0xff, 0x50, 0x5c, 0xf0, 0xff, 0x50, 0x5c, 0xf0, 0xff,
    0x48, 0x5c, 0xf0, 0xff, 0x48, 0x5c, 0xf0, 0xff, 0x48, 0x5c, 0xf0, 0xff,
    0x50, 0x5c, 0xf0, 0xff, 0x48, 0x5c, 0xf0, 0xff, 0x48, 0x5c, 0xf0, 0xff,
    0x48, 0x58, 0xf0, 0xff, 0x48, 0x5c, 0xf0, 0xff, 0x48, 0x5c, 0xf0, 0xff,
    0x48, 0x5c, 0xf0, 0xff, 0x50, 0x5c, 0xf0, 0xff, 0x48, 0x5c, 0xf0, 0xff,
    0x48, 0x5c, 0xf0, 0xff, 0x50, 0x60, 0xf0, 0xff, 0x50, 0x60, 0xf8, 0xff,
    0x48, 0x60, 0xf8, 0xff, 0x50, 0x60, 0xf0, 0xff, 0x48, 0x60, 0xf8, 0xff,
    0x48, 0x5c, 0xf0, 0xff, 0x48, 0x5c, 0xf0, 0xff, 0x50, 0x60, 0xf8, 0xff,
    0x48, 0x60, 0xf0, 0xff, 0x48, 0x5c, 0xf0, 0xff, 0x48, 0x60, 0xf8, 0xff,
    0x48, 0x5c, 0xf0, 0xff, 0x48, 0x54, 0xe8, 0xff, 0x40, 0x4c, 0xe0, 0xff,
    0x38, 0x44, 0xe0, 0xff, 0x30, 0x3c, 0xd8, 0xff, 0x20, 0x2c, 0x98, 0xff,
    0x18, 0x24, 0x58, 0xff, 0x18, 0x24, 0x60, 0xff, 0x18, 0x24, 0x68, 0xff,
    0x18, 0x28, 0x68, 0xff, 0x20, 0x30, 0x70, 0xff, 0x48, 0x58, 0x90, 0xff,
    0x38, 0x48, 0x80, 0xff, 0x38, 0x44, 0x80, 0xff, 0x38, 0x4c, 0x88, 0xff,
    0x40, 0x54, 0x90, 0xff, 0x88, 0x94, 0xc8, 0xff, 0x48, 0x50, 0x68, 0xff,
    0xa0, 0x84, 0x40, 0xff, 0xa0, 0x84, 0x40, 0xff, 0xa0, 0x88, 0x40, 0xff,
    0xa0, 0x88, 0x40, 0xff, 0xa0, 0x84, 0x40, 0xff, 0xa0, 0x88, 0x40, 0xff,
    0xa0, 0x88, 0x40, 0xff, 0xa0, 0x88, 0x40, 0xff, 0xa0, 0x88, 0x40, 0xff,
    0xa0, 0x88, 0x40, 0xff, 0xa0, 0x88, 0x40, 0xff, 0xa0, 0x88, 0x40, 0xff,
    0xa0, 0x88, 0x40, 0xff, 0xa8, 0x88, 0x48, 0xff, 0xa8, 0x88, 0x48, 0xff,
    0xa8, 0x88, 0x48, 0xff, 0xa0, 0x88, 0x48, 0xff, 0xa8, 0x88, 0x40, 0xff,
    0xa0, 0x88, 0x48, 0xff, 0xa0, 0x88, 0x40, 0xff, 0xa8, 0x88, 0x40, 0xff,
    0xa8, 0x88, 0x48, 0xff, 0xa0, 0x88, 0x40, 0xff, 0xa8, 0x88, 0x40, 0xff,
    0xa8, 0x88, 0x48, 0xff, 0xa8, 0x88, 0x48, 0xff, 0xa8, 0x8c, 0x40, 0xff,
    0xa0, 0x88, 0x48, 0xff, 0xa8, 0x8c, 0x48, 0xff, 0xa8, 0x8c, 0x48, 0xff,
    0xa8, 0x8c, 0x48, 0xff, 0xa8, 0x8c, 0x48, 0xff, 0xa8, 0x8c, 0x48, 0xff,
    0xa8, 0x8c, 0x48, 0xff, 0xa8, 0x8c, 0x48, 0xff, 0xa8, 0x8c, 0x48, 0xff,
    0xa8, 0x8c, 0x48, 0xff, 0xa8, 0x8c, 0x48, 0xff, 0xa8, 0x8c, 0x48, 0xff,
    0xa8, 0x8c, 0x48, 0xff, 0x60, 0x58, 0x50, 0xff, 0x18, 0x28, 0x48, 0xff,
    0x18, 0x24, 0x50, 0xff, 0x18, 0x24, 0x50, 0xff, 0x18, 0x24, 0x58, 0xff,
    0x18, 0x28, 0x58, 0xff, 0x18, 0x28, 0x48, 0xff, 0x28, 0x38, 0x60, 0xff,
    0x78, 0x6c, 0x68, 0xff, 0xa8, 0x8c, 0x48, 0xff, 0xa8, 0x8c, 0x48, 0xff,
    0xa8, 0x8c, 0x48, 0xff, 0xa8, 0x8c, 0x48, 0xff, 0xa0, 0x8c, 0x48, 0xff,
    0xa8, 0x8c, 0x48, 0xff, 0xa8, 0x8c, 0x48, 0xff, 0xa8, 0x8c, 0x48, 0xff,
    0xa8, 0x90, 0x48, 0xff, 0xa8, 0x90, 0x48, 0xff, 0xa8, 0x8c, 0x48, 0xff,
    0xa0, 0x8c, 0x48, 0xff, 0xa8, 0x8c, 0x48, 0xff, 0xa8, 0x8c, 0x48, 0xff,
    0xa8, 0x90, 0x48, 0xff, 0xa8, 0x90, 0x48, 0xff, 0xa8, 0x8c, 0x48, 0xff,
    0xa8, 0x8c, 0x48, 0xff, 0xa8, 0x8c, 0x48, 0xff, 0xa8, 0x90, 0x48, 0xff,
    0xa8, 0x90, 0x48, 0xff, 0xa8, 0x8c, 0x50, 0xff, 0xa8, 0x90, 0x50, 0xff,
    0xa8, 0x8c, 0x48, 0xff, 0xa8, 0x90, 0x50, 0xff, 0xa8, 0x8c, 0x50, 0xff,
    0xa8, 0x8c, 0x48, 0xff, 0xa8, 0x8c, 0x50, 0xff, 0xa8, 0x8c, 0x48, 0xff,
    0xa8, 0x90, 0x50, 0xff, 0xa8, 0x8c, 0x48, 0xff, 0xa8, 0x8c, 0x48, 0xff,
    0xa8, 0x8c, 0x50, 0xff, 0xa8, 0x8c, 0x48, 0xff, 0xa8, 0x8c, 0x50, 0xff,
    0xa8, 0x90, 0x48, 0xff, 0xa8, 0x8c, 0x48, 0xff, 0xa8, 0x8c, 0x50, 0xff,
    0xa8, 0x90, 0x50, 0xff, 0xa8, 0x8c, 0x48, 0xff, 0x80, 0x70, 0x70, 0xff,
    0x38, 0x40, 0x60, 0xff, 0x20, 0x30, 0x40, 0xff, 0x18, 0x28, 0x48, 0xff,
    0x18, 0x24, 0x40, 0xff, 0x18, 0x24, 0x40, 0xff, 0x18, 0x28, 0x40, 0x41,
    0x40, 0x54, 0xe0, 0xff, 0x40, 0x50, 0xe0, 0xff, 0x40, 0x54, 0xe8, 0xff,
    0x40, 0x54, 0xe8, 0xff, 0x40, 0x50, 0xe8, 0xff, 0x40, 0x4c, 0xe0, 0xff,
    0x38, 0x50, 0xe0, 0xff, 0x38, 0x50, 0xe0, 0xff, 0x40, 0x54, 0xe8, 0xff,
    0x40, 0x50, 0xe8, 0xff, 0x40, 0x54, 0xe8, 0xff, 0x40, 0x54, 0xe8, 0xff,
    0x38, 0x4c, 0xe0, 0xff, 0x40, 0x50, 0xe8, 0xff, 0x40, 0x54, 0xe0, 0xff,
    0x40, 0x54, 0xe8, 0xff, 0x40, 0x54, 0xe8, 0xff, 0x40, 0x54, 0xe8, 0xff,
    0x40, 0x54, 0xe8, 0xff, 0x48, 0x54, 0xe8, 0xff, 0x40, 0x54, 0xe8, 0xff,
    0x48, 0x58, 0xe8, 0xff, 0x48, 0x58, 0xe8, 0xff, 0x48, 0x5c, 0xe8, 0xff,
    0x50, 0x5c, 0xf0, 0xff, 0x50, 0x60, 0xf0, 0xff, 0x50, 0x64, 0xf0, 0xff,
    0x50, 0x60, 0xf0, 0xff, 0x50, 0x60, 0xf0, 0xff, 0x50, 0x60, 0xf0, 0xff,
    0x50, 0x60, 0xf0, 0xff, 0x50, 0x60, 0xf0, 0xff, 0x50, 0x60, 0xf0, 0xff,
    0x48, 0x5c, 0xf0, 0xff, 0x48, 0x58, 0xe8, 0xff, 0x50, 0x5c, 0xf0, 0xff,
    0x48, 0x5c, 0xe8, 0xff, 0x50, 0x60, 0xf0, 0xff, 0x50, 0x5c, 0xf0, 0xff,
    0x48, 0x5c, 0xf0, 0xff, 0x48, 0x58, 0xf0, 0xff, 0x48, 0x5c, 0xf0, 0xff,
    0x48, 0x5c, 0xf0, 0xff, 0x50, 0x5c, 0xf0, 0xff, 0x50, 0x5c, 0xf0, 0xff,
    0x48, 0x5c, 0xf0, 0xff, 0x48, 0x5c, 0xf0, 0xff, 0x50, 0x60, 0xf0, 0xff,
    0x50, 0x60, 0xf0, 0xff, 0x50, 0x60, 0xf8, 0xff, 0x50, 0x60, 0xf8, 0xff,
    0x50, 0x5c, 0xf0, 0xff, 0x50, 0x60, 0xf8, 0xff, 0x50, 0x60, 0xf8, 0xff,
    0x50, 0x5c, 0xf8, 0xff, 0x48, 0x60, 0xf8, 0xff, 0x48, 0x5c, 0xf0, 0xff,
    0x50, 0x60, 0xf0, 0xff, 0x48, 0x60, 0xf8, 0xff, 0x40, 0x54, 0xe8, 0xff,
    0x40, 0x48, 0xe0, 0xff, 0x38, 0x44, 0xe0, 0xff, 0x30, 0x3c, 0xd8, 0xff,
    0x20, 0x2c, 0x98, 0xff, 0x18, 0x24, 0x60, 0xff, 0x18, 0x24, 0x58, 0xff,
    0x18, 0x28, 0x60, 0xff, 0x18, 0x28, 0x68, 0xff, 0x20, 0x34, 0x70, 0xff,
    0x48, 0x58, 0x90, 0xff, 0x38, 0x48, 0x80, 0xff, 0x30, 0x40, 0x80, 0xff,
    0x38, 0x4c, 0x88, 0xff, 0x40, 0x50, 0x90, 0xff, 0x88, 0x90, 0xc8, 0xff,
    0x48, 0x50, 0x68, 0xff, 0x98, 0x84, 0x40, 0xff, 0xa0, 0x88, 0x40, 0xff,
    0xa0, 0x88, 0x40, 0xff, 0xa0, 0x88, 0x40, 0xff, 0xa0, 0x88, 0x40, 0xff,
    0xa0, 0x84, 0x40, 0xff, 0xa0, 0x88, 0x40, 0xff, 0xa8, 0x88, 0x40, 0xff,
    0xa0, 0x88, 0x48, 0xff, 0xa0, 0x88, 0x40, 0xff, 0xa0, 0x88, 0x40, 0xff,
    0xa0, 0x88, 0x40, 0xff, 0xa0, 0x88, 0x48, 0xff, 0xa8, 0x88, 0x48, 0xff,
    0xa0, 0x88, 0x48, 0xff, 0xa0, 0x8c, 0x48, 0xff, 0xa8, 0x88, 0x40, 0xff,
    0xa0, 0x8c, 0x40, 0xff, 0xa0, 0x88, 0x40, 0xff, 0xa0, 0x88, 0x48, 0xff,
    0xa8, 0x88, 0x40, 0xff, 0xa8, 0x8c, 0x48, 0xff, 0xa0, 0x88, 0x40, 0xff,
    0xa0, 0x88, 0x40, 0xff, 0xa8, 0x8c, 0x48, 0xff, 0xa0, 0x8c, 0x48, 0xff,
    0xa8, 0x8c, 0x48, 0xff, 0xa8, 0x8c, 0x48, 0xff, 0xa8, 0x8c, 0x48, 0xff,
    0xa8, 0x8c, 0x40, 0xff, 0xa8, 0x8c, 0x48, 0xff, 0xa8, 0x8c, 0x48, 0xff,
    0xa8, 0x8c, 0x48, 0xff, 0xa8, 0x8c, 0x48, 0xff, 0xa8, 0x8c, 0x48, 0xff,
    0xa8, 0x8c, 0x48, 0xff, 0xa8, 0x8c, 0x48, 0xff, 0xa8, 0x8c, 0x48, 0xff,
    0xa8, 0x8c, 0x48, 0xff, 0xa8, 0x8c, 0x48, 0xff, 0x60, 0x5c, 0x50, 0xff,
    0x18, 0x28, 0x48, 0xff, 0x18, 0x24, 0x50, 0xff, 0x18, 0x24, 0x58, 0xff,
    0x18, 0x24, 0x58, 0xff, 0x18, 0x24, 0x60, 0xff, 0x18, 0x28, 0x48, 0xff,
    0x28, 0x38, 0x60, 0xff, 0x78, 0x6c, 0x68, 0xff, 0xa8, 0x8c, 0x48, 0xff,
    0xa8, 0x8c, 0x48, 0xff, 0xa8, 0x8c, 0x48, 0xff, 0xa8, 0x8c, 0x48, 0xff,
    0xa8, 0x8c, 0x48, 0xff, 0xa8, 0x8c, 0x48, 0xff, 0xa8, 0x8c, 0x50, 0xff,
    0xa8, 0x90, 0x50, 0xff, 0xa8, 0x8c, 0x48, 0xff, 0xa8, 0x90, 0x48, 0xff,
    0xa8, 0x8c, 0x48, 0xff, 0xa8, 0x8c, 0x48, 0xff, 0xa8, 0x8c, 0x48, 0xff,
    0xa8, 0x90, 0x48, 0xff, 0xa8, 0x90, 0x50, 0xff, 0xa8, 0x90, 0x48, 0xff,
    0xa8, 0x90, 0x48, 0xff, 0xa8, 0x90, 0x50, 0xff, 0xa8, 0x90, 0x50, 0xff,
    0xa8, 0x90, 0x48, 0xff, 0xa8, 0x90, 0x50, 0xff, 0xa8, 0x90, 0x50, 0xff,
    0xa8, 0x90, 0x50, 0xff, 0xa8, 0x90, 0x50, 0xff, 0xa8, 0x90, 0x50, 0xff,
    0xa8, 0x90, 0x50, 0xff, 0xa8, 0x90, 0x50, 0xff, 0xa8, 0x90, 0x50, 0xff,
    0xa8, 0x90, 0x50, 0xff, 0xa8, 0x90, 0x50, 0xff, 0xa8, 0x90, 0x48, 0xff,
    0xa8, 0x8c, 0x50, 0xff, 0xa8, 0x8c, 0x50, 0xff, 0xa8, 0x90, 0x50, 0xff,
    0xb0, 0x90, 0x48, 0xff, 0xa8, 0x90, 0x50, 0xff, 0xa8, 0x90, 0x50, 0xff,
    0xa8, 0x8c, 0x50, 0xff, 0xa8, 0x8c, 0x50, 0xff, 0xa8, 0x8c, 0x50, 0xff,
    0x80, 0x70, 0x70, 0xff, 0x38, 0x40, 0x60, 0xff, 0x28, 0x30, 0x40, 0xff,
    0x18, 0x28, 0x48, 0xff, 0x18, 0x24, 0x48, 0xff, 0x10, 0x24, 0x40, 0xff,
    0x18, 0x24, 0x40, 0x41, 0x40, 0x54, 0xe8, 0xff, 0x40, 0x50, 0xe0, 0xff,
    0x40, 0x58, 0xe8, 0xff, 0x40, 0x54, 0xe8, 0xff, 0x40, 0x54, 0xe8, 0xff,
    0x40, 0x54, 0xe8, 0xff, 0x40, 0x54, 0xe8, 0xff, 0x40, 0x50, 0xe8, 0xff,
    0x40, 0x50, 0xe0, 0xff, 0x40, 0x50, 0xe0, 0xff, 0x40, 0x50, 0xe8, 0xff,
    0x40, 0x54, 0xe8, 0xff, 0x40, 0x50, 0xe0, 0xff, 0x40, 0x54, 0xe8, 0xff,
    0x40, 0x50, 0xe8, 0xff, 0x40, 0x54, 0xe8, 0xff, 0x48, 0x50, 0xe8, 0xff,
    0x40, 0x54, 0xe0, 0xff, 0x48, 0x58, 0xe8, 0xff, 0x48, 0x54, 0xe8, 0xff,
    0x48, 0x58, 0xe8, 0xff, 0x40, 0x54, 0xe8, 0xff, 0x48, 0x58, 0xe8, 0xff,
    0x50, 0x5c, 0xe8, 0xff, 0x48, 0x58, 0xe8, 0xff, 0x50, 0x60, 0xe8, 0xff,
    0x50, 0x64, 0xf0, 0xff, 0x50, 0x60, 0xf0, 0xff, 0x50, 0x60, 0xf0, 0xff,
    0x50, 0x64, 0xf0, 0xff, 0x50, 0x60, 0xf0, 0xff, 0x50, 0x60, 0xf0, 0xff,
    0x50, 0x60, 0xf0, 0xff, 0x48, 0x5c, 0xf0, 0xff, 0x48, 0x54, 0xe8, 0xff,
    0x50, 0x5c, 0xe8, 0xff, 0x48, 0x5c, 0xf0, 0xff, 0x50, 0x60, 0xf0, 0xff,
    0x50, 0x60, 0xf0, 0xff, 0x48, 0x5c, 0xf0, 0xff, 0x48, 0x5c, 0xf0, 0xff,
    0x48, 0x5c, 0xf0, 0xff, 0x48, 0x5c, 0xf0, 0xff, 0x48, 0x5c, 0xf0, 0xff,
    0x50, 0x5c, 0xf0, 0xff, 0x48, 0x5c, 0xf0, 0xff, 0x48, 0x5c, 0xf0, 0xff,
    0x50, 0x60, 0xf0, 0xff, 0x50, 0x60, 0xf0, 0xff, 0x50, 0x60, 0xf8, 0xff,
    0x50, 0x60, 0xf0, 0xff, 0x48, 0x5c, 0xf0, 0xff, 0x48, 0x5c, 0xf8, 0xff,
    0x50, 0x60, 0xf0, 0xff, 0x48, 0x5c, 0xf0, 0xff, 0x50, 0x60, 0xf8, 0xff,
    0x50, 0x60, 0xf8, 0xff, 0x48, 0x60, 0xf8, 0xff, 0x48, 0x5c, 0xf0, 0xff,
    0x48, 0x54, 0xe8, 0xff, 0x40, 0x4c, 0xe0, 0xff, 0x38, 0x44, 0xe0, 0xff,
    0x38, 0x3c, 0xd8, 0xff, 0x28, 0x30, 0xa0, 0xff, 0x18, 0x24, 0x60, 0xff,
    0x18, 0x24, 0x60, 0xff, 0x18, 0x24, 0x68, 0xff, 0x18, 0x28, 0x68, 0xff,
    0x20, 0x30, 0x70, 0xff, 0x40, 0x58, 0x88, 0xff, 0x38, 0x48, 0x80, 0xff,
    0x30, 0x40, 0x80, 0xff, 0x38, 0x4c, 0x90, 0xff, 0x40, 0x4c, 0x88, 0xff,
    0x88, 0x90, 0xc8, 0xff, 0x48, 0x50, 0x60, 0xff, 0x98, 0x84, 0x40, 0xff,
    0xa0, 0x84, 0x40, 0xff, 0xa0, 0x88, 0x40, 0xff, 0xa8, 0x88, 0x40, 0xff,
    0xa0, 0x88, 0x40, 0xff, 0xa0, 0x84, 0x40, 0xff, 0xa0, 0x88, 0x40, 0xff,
    0xa8, 0x88, 0x48, 0xff, 0xa0, 0x88, 0x40, 0xff, 0xa8, 0x8c, 0x48, 0xff,
    0xa8, 0x88, 0x48, 0xff, 0xa0, 0x88, 0x40, 0xff, 0xa0, 0x88, 0x40, 0xff,
    0xa8, 0x88, 0x48, 0xff, 0xa0, 0x88, 0x48, 0xff, 0xa8, 0x88, 0x48, 0xff,
    0xa8, 0x8c, 0x40, 0xff, 0xa8, 0x8c, 0x40, 0xff, 0xa0, 0x88, 0x48, 0xff,
    0xa0, 0x88, 0x40, 0xff, 0xa0, 0x88, 0x40, 0xff, 0xa8, 0x8c, 0x48, 0xff,
    0xa8, 0x8c, 0x48, 0xff, 0xa8, 0x8c, 0x48, 0xff, 0xa0, 0x8c, 0x40, 0xff,
    0xa8, 0x8c, 0x40, 0xff, 0xa8, 0x8c, 0x48, 0xff, 0xa8, 0x8c, 0x48, 0xff,
    0xa0, 0x8c, 0x40, 0xff, 0xa8, 0x8c, 0x48, 0xff, 0xa0, 0x88, 0x48, 0xff,
    0xa8, 0x8c, 0x48, 0xff, 0xa8, 0x8c, 0x48, 0xff, 0xa0, 0x8c, 0x48, 0xff,
    0xa8, 0x8c, 0x48, 0xff, 0xa8, 0x90, 0x48, 0xff, 0xa8, 0x8c, 0x48, 0xff,
    0xa8, 0x90, 0x48, 0xff, 0xa8, 0x8c, 0x48, 0xff, 0xa8, 0x8c, 0x48, 0xff,
    0x60, 0x5c, 0x50, 0xff, 0x18, 0x28, 0x50, 0xff, 0x18, 0x24, 0x50, 0xff,
    0x18, 0x24, 0x58, 0xff, 0x10, 0x28, 0x58, 0xff, 0x18, 0x24, 0x60, 0xff,
    0x18, 0x28, 0x48, 0xff, 0x28, 0x38, 0x60, 0xff, 0x78, 0x6c, 0x68, 0xff,
    0xa8, 0x90, 0x48, 0xff, 0xa8, 0x8c, 0x48, 0xff, 0xa8, 0x8c, 0x48, 0xff,
    0xa8, 0x8c, 0x50, 0xff, 0xa0, 0x8c, 0x48, 0xff, 0xa8, 0x8c, 0x48, 0xff,
    0xa8, 0x90, 0x50, 0xff, 0xa8, 0x8c, 0x50, 0xff, 0xa8, 0x90, 0x48, 0xff,
    0xa8, 0x8c, 0x48, 0xff, 0xa8, 0x8c, 0x48, 0xff, 0xa8, 0x8c, 0x48, 0xff,
    0xa8, 0x90, 0x50, 0xff, 0xa8, 0x90, 0x50, 0xff, 0xa8, 0x90, 0x48, 0xff,
    0xa8, 0x90, 0x50, 0xff, 0xa8, 0x90, 0x48, 0xff, 0xa8, 0x8c, 0x50, 0xff,
    0xa8, 0x90, 0x50, 0xff, 0xa8, 0x8c, 0x48, 0xff, 0xa8, 0x90, 0x50, 0xff,
    0xa8, 0x90, 0x50, 0xff, 0xa8, 0x90, 0x50, 0xff, 0xa8, 0x90, 0x48, 0xff,
    0xa8, 0x90, 0x50, 0xff, 0xa8, 0x90, 0x50, 0xff, 0xb0, 0x90, 0x48, 0xff,
    0xb0, 0x90, 0x50, 0xff, 0xa8, 0x90, 0x50, 0xff, 0xa8, 0x90, 0x48, 0xff,
    0xa8, 0x90, 0x50, 0xff, 0xb0, 0x90, 0x50, 0xff, 0xa8, 0x90, 0x50, 0xff,
    0xa8, 0x90, 0x50, 0xff, 0xa8, 0x90, 0x48, 0xff, 0xa8, 0x8c, 0x48, 0xff,
    0xa8, 0x8c, 0x50, 0xff, 0xb0, 0x90, 0x50, 0xff, 0xb0, 0x90, 0x50, 0xff,
    0xb0, 0x90, 0x50, 0xff, 0x80, 0x70, 0x70, 0xff, 0x38, 0x40, 0x60, 0xff,
    0x28, 0x30, 0x48, 0xff, 0x18, 0x28, 0x48, 0xff, 0x18, 0x24, 0x48, 0xff,
    0x10, 0x28, 0x40, 0xff, 0x10, 0x28, 0x40, 0x41, 0x40, 0x54, 0xe8, 0xff,
    0x48, 0x54, 0xe8, 0xff, 0x48, 0x54, 0xe0, 0xff, 0x40, 0x54, 0xe8, 0xff,
    0x48, 0x54, 0xe8, 0xff, 0x40, 0x54, 0xe8, 0xff, 0x40, 0x54, 0xe8, 0xff,
    0x40, 0x54, 0xe8, 0xff, 0x48, 0x58, 0xe8, 0xff, 0x40, 0x54, 0xe8, 0xff,
    0x40, 0x50, 0xe0, 0xff, 0x40, 0x50, 0xe0, 0xff, 0x40, 0x50, 0xe0, 0xff,
    0x40, 0x50, 0xe0, 0xff, 0x40, 0x54, 0xe0, 0xff, 0x48, 0x54, 0xe8, 0xff,
    0x40, 0x54, 0xe8, 0xff, 0x48, 0x54, 0xe8, 0xff, 0x48, 0x58, 0xe8, 0xff,
    0x40, 0x54, 0xe8, 0xff, 0x48, 0x58, 0xe8, 0xff, 0x48, 0x58, 0xe8, 0xff,
    0x48, 0x58, 0xe8, 0xff, 0x48, 0x58, 0xe8, 0xff, 0x48, 0x5c, 0xe8, 0xff,
    0x48, 0x58, 0xf0, 0xff, 0x48, 0x58, 0xe8, 0xff, 0x50, 0x60, 0xf0, 0xff,
    0x50, 0x64, 0xf0, 0xff, 0x50, 0x60, 0xf0, 0xff, 0x50, 0x60, 0xf0, 0xff,
    0x50, 0x64, 0xf0, 0xff, 0x50, 0x60, 0xf0, 0xff, 0x50, 0x5c, 0xf0, 0xff,
    0x48, 0x54, 0xe8, 0xff, 0x48, 0x58, 0xf0, 0xff, 0x48, 0x5c, 0xf0, 0xff,
    0x50, 0x5c, 0xf0, 0xff, 0x50, 0x5c, 0xf0, 0xff, 0x48, 0x60, 0xf0, 0xff,
    0x50, 0x60, 0xf0, 0xff, 0x48, 0x5c, 0xf0, 0xff, 0x48, 0x58, 0xf0, 0xff,
    0x48, 0x5c, 0xf0, 0xff, 0x48, 0x5c, 0xf0, 0xff, 0x48, 0x5c, 0xf0, 0xff,
    0x50, 0x60, 0xf0, 0xff, 0x50, 0x60, 0xf0, 0xff, 0x50, 0x60, 0xf8, 0xff,
    0x48, 0x5c, 0xf8, 0xff, 0x48, 0x5c, 0xf0, 0xff, 0x50, 0x64, 0xf0, 0xff,
    0x48, 0x60, 0xf0, 0xff, 0x48, 0x5c, 0xf0, 0xff, 0x50, 0x5c, 0xf0, 0xff,
    0x48, 0x60, 0xf0, 0xff, 0x48, 0x60, 0xf8, 0xff, 0x48, 0x60, 0xf8, 0xff,
    0x50, 0x5c, 0xf0, 0xff, 0x40, 0x50, 0xe8, 0xff, 0x40, 0x4c, 0xe8, 0xff,
    0x40, 0x44, 0xe0, 0xff, 0x30, 0x3c, 0xd8, 0xff, 0x20, 0x2c, 0xa0, 0xff,
    0x18, 0x28, 0x58, 0xff, 0x18, 0x28, 0x60, 0xff, 0x18, 0x28, 0x68, 0xff,
    0x18, 0x28, 0x68, 0xff, 0x28, 0x34, 0x70, 0xff, 0x40, 0x54, 0x88, 0xff,
    0x38, 0x48, 0x80, 0xff, 0x38, 0x44, 0x80, 0xff, 0x38, 0x50, 0x90, 0xff,
    0x38, 0x48, 0x88, 0xff, 0x80, 0x8c, 0xc0, 0xff, 0x40, 0x50, 0x60, 0xff,
    0xa0, 0x84, 0x40, 0xff, 0xa0, 0x88, 0x48, 0xff, 0xa8, 0x88, 0x40, 0xff,
    0xa0, 0x88, 0x48, 0xff, 0xa8, 0x88, 0x48, 0xff, 0xa0, 0x88, 0x40, 0xff,
    0xa8, 0x88, 0x48, 0xff, 0xa0, 0x88, 0x40, 0xff, 0xa0, 0x88, 0x40, 0xff,
    0xa8, 0x8c, 0x48, 0xff, 0xa8, 0x8c, 0x48, 0xff, 0xa8, 0x8c, 0x48, 0xff,
    0xa8, 0x8c, 0x48, 0xff, 0xa0, 0x88, 0x48, 0xff, 0xa8, 0x88, 0x40, 0xff,
    0xa0, 0x88, 0x48, 0xff, 0xa8, 0x8c, 0x48, 0xff, 0xa8, 0x8c, 0x48, 0xff,
    0xa8, 0x8c, 0x48, 0xff, 0xa8, 0x8c, 0x48, 0xff, 0xa0, 0x8c, 0x40, 0xff,
    0xa0, 0x88, 0x48, 0xff, 0xa8, 0x8c, 0x48, 0xff, 0xa8, 0x8c, 0x48, 0xff,
    0xa0, 0x88, 0x48, 0xff, 0xa0, 0x88, 0x48, 0xff, 0xa8, 0x8c, 0x40, 0xff,
    0xa0, 0x8c, 0x48, 0xff, 0xa8, 0x8c, 0x48, 0xff, 0xa8, 0x8c, 0x48, 0xff,
    0xa0, 0x8c, 0x48, 0xff, 0xa0, 0x8c, 0x48, 0xff, 0xa8, 0x8c, 0x48, 0xff,
    0xa8, 0x8c, 0x48, 0xff, 0xa0, 0x8c, 0x48, 0xff, 0xa8, 0x8c, 0x48, 0xff,
    0xa8, 0x8c, 0x48, 0xff, 0xa0, 0x8c, 0x48, 0xff, 0xa8, 0x8c, 0x48, 0xff,
    0xa8, 0x8c, 0x48, 0xff, 0x68, 0x60, 0x58, 0xff, 0x18, 0x28, 0x48, 0xff,
    0x18, 0x24, 0x50, 0xff, 0x18, 0x24, 0x58, 0xff, 0x18, 0x24, 0x50, 0xff,
    0x18, 0x24, 0x58, 0xff, 0x18, 0x28, 0x48, 0xff, 0x28, 0x38, 0x60, 0xff,
    0x78, 0x6c, 0x68, 0xff, 0xa8, 0x90, 0x48, 0xff, 0xa8, 0x8c, 0x48, 0xff,
    0xa8, 0x8c, 0x48, 0xff, 0xa8, 0x90, 0x50, 0xff, 0xa8, 0x8c, 0x50, 0xff,
    0xa8, 0x90, 0x50, 0xff, 0xa8, 0x8c, 0x50, 0xff, 0xa8, 0x90, 0x50, 0xff,
    0xa8, 0x90, 0x50, 0xff, 0xa8, 0x90, 0x48, 0xff, 0xa8, 0x90, 0x50, 0xff,
    0xa8, 0x90, 0x50, 0xff, 0xa8, 0x90, 0x50, 0xff, 0xa8, 0x90, 0x48, 0xff,
    0xa8, 0x90, 0x50, 0xff, 0xa8, 0x8c, 0x50, 0xff, 0xa8, 0x90, 0x50, 0xff,
    0xa8, 0x90, 0x50, 0xff, 0xb0, 0x90, 0x50, 0xff, 0xa8, 0x90, 0x50, 0xff,
    0xa8, 0x90, 0x50, 0xff, 0xb0, 0x90, 0x50, 0xff, 0xb0, 0x90, 0x50, 0xff,
    0xa8, 0x90, 0x48, 0xff, 0xb0, 0x90, 0x50, 0xff, 0xa8, 0x90, 0x50, 0xff,
    0xb0, 0x90, 0x50, 0xff, 0xb0, 0x90, 0x50, 0xff, 0xa8, 0x90, 0x50, 0xff,
    0xb0, 0x90, 0x50, 0xff, 0xa8, 0x90, 0x50, 0xff, 0xa8, 0x90, 0x50, 0xff,
    0xb0, 0x90, 0x50, 0xff, 0xb0, 0x94, 0x50, 0xff, 0xb0, 0x90, 0x50, 0xff,
    0xa8, 0x90, 0x50, 0xff, 0xa8, 0x90, 0x50, 0xff, 0xb0, 0x94, 0x50, 0xff,
    0xb0, 0x94, 0x50, 0xff, 0xa8, 0x90, 0x50, 0xff, 0x80, 0x70, 0x70, 0xff,
    0x38, 0x40, 0x60, 0xff, 0x20, 0x30, 0x40, 0xff, 0x18, 0x2c, 0x48, 0xff,
    0x18, 0x24, 0x48, 0xff, 0x18, 0x24, 0x40, 0xff, 0x18, 0x24, 0x40, 0x41,
    0x48, 0x54, 0xe8, 0xff, 0x40, 0x54, 0xe8, 0xff, 0x48, 0x54, 0xe8, 0xff,
    0x48, 0x54, 0xe8, 0xff, 0x40, 0x54, 0xe8, 0xff, 0x40, 0x50, 0xe0, 0xff,
    0x48, 0x54, 0xe8, 0xff, 0x40, 0x54, 0xe8, 0xff, 0x40, 0x54, 0xe8, 0xff,
    0x40, 0x54, 0xe8, 0xff, 0x40, 0x50, 0xe0, 0xff, 0x40, 0x50, 0xe0, 0xff,
    0x40, 0x54, 0xe8, 0xff, 0x48, 0x54, 0xe8, 0xff, 0x40, 0x54, 0xe8, 0xff,
    0x48, 0x54, 0xe8, 0xff, 0x40, 0x54, 0xe0, 0xff, 0x40, 0x54, 0xe8, 0xff,
    0x40, 0x54, 0xe8, 0xff, 0x40, 0x54, 0xe8, 0xff, 0x48, 0x58, 0xe8, 0xff,
    0x48, 0x58, 0xe8, 0xff, 0x48, 0x58, 0xe8, 0xff, 0x48, 0x58, 0xe8, 0xff,
    0x50, 0x5c, 0xe8, 0xff, 0x50, 0x5c, 0xf0, 0xff, 0x48, 0x60, 0xf0, 0xff,
    0x50, 0x60, 0xf0, 0xff, 0x50, 0x60, 0xf0, 0xff, 0x50, 0x60, 0xf0, 0xff,
    0x50, 0x60, 0xf0, 0xff, 0x50, 0x64, 0xf0, 0xff, 0x50, 0x60, 0xf0, 0xff,
    0x50, 0x5c, 0xf0, 0xff, 0x48, 0x58, 0xe8, 0xff, 0x48, 0x5c, 0xf0, 0xff,
    0x48, 0x5c, 0xf0, 0xff, 0x50, 0x5c, 0xf0, 0xff, 0x50, 0x5c, 0xf0, 0xff,
    0x48, 0x5c, 0xf0, 0xff, 0x50, 0x60, 0xf0, 0xff, 0x48, 0x60, 0xf0, 0xff,
    0x48, 0x58, 0xf0, 0xff, 0x48, 0x5c, 0xf0, 0xff, 0x48, 0x5c, 0xf8, 0xff,
    0x50, 0x60, 0xf8, 0xff, 0x50, 0x60, 0xf0, 0xff, 0x50, 0x60, 0xf0, 0xff,
    0x48, 0x5c, 0xf0, 0xff, 0x50, 0x60, 0xf8, 0xff, 0x50, 0x60, 0xf8, 0xff,
    0x50, 0x64, 0xf8, 0xff, 0x50, 0x64, 0xf8, 0xff, 0x50, 0x60, 0xf0, 0xff,
    0x50, 0x60, 0xf8, 0xff, 0x48, 0x5c, 0xf0, 0xff, 0x48, 0x5c, 0xf0, 0xff,
    0x50, 0x60, 0xf0, 0xff, 0x50, 0x5c, 0xf0, 0xff, 0x40, 0x54, 0xe8, 0xff,
    0x40, 0x4c, 0xe8, 0xff, 0x40, 0x48, 0xe0, 0xff, 0x30, 0x40, 0xd8, 0xff,
    0x20, 0x30, 0xa0, 0xff, 0x18, 0x24, 0x60, 0xff, 0x18, 0x28, 0x60, 0xff,
    0x18, 0x28, 0x68, 0xff, 0x18, 0x28, 0x68, 0xff, 0x20, 0x34, 0x70, 0xff,
    0x40, 0x54, 0x88, 0xff, 0x30, 0x48, 0x80, 0xff, 0x30, 0x40, 0x78, 0xff,
    0x38, 0x50, 0x90, 0xff, 0x38, 0x48, 0x88, 0xff, 0x80, 0x8c, 0xc0, 0xff,
    0x40, 0x4c, 0x60, 0xff, 0xa0, 0x84, 0x40, 0xff, 0xa0, 0x88, 0x48, 0xff,
    0xa0, 0x88, 0x40, 0xff, 0xa0, 0x88, 0x40, 0xff, 0xa0, 0x88, 0x48, 0xff,
    0xa8, 0x8c, 0x48, 0xff, 0xa8, 0x8c, 0x40, 0xff, 0xa8, 0x8c, 0x48, 0xff,
    0xa8, 0x8c, 0x48, 0xff, 0xa0, 0x8c, 0x40, 0xff, 0xa0, 0x88, 0x40, 0xff,
    0xa8, 0x88, 0x40, 0xff, 0xa8, 0x8c, 0x48, 0xff, 0xa8, 0x8c, 0x48, 0xff,
    0xa0, 0x8c, 0x48, 0xff, 0xa8, 0x8c, 0x48, 0xff, 0xa0, 0x88, 0x48, 0xff,
    0xa0, 0x88, 0x48, 0xff, 0xa8, 0x88, 0x48, 0xff, 0xa8, 0x8c, 0x40, 0xff,
    0xa0, 0x8c, 0x48, 0xff, 0xa8, 0x8c, 0x48, 0xff, 0xa8, 0x8c, 0x40, 0xff,
    0xa8, 0x8c, 0x48, 0xff, 0xa0, 0x8c, 0x48, 0xff, 0xa8, 0x8c, 0x48, 0xff,
    0xa8, 0x8c, 0x48, 0xff, 0xa8, 0x8c, 0x48, 0xff, 0xa8, 0x8c, 0x48, 0xff,
    0xa8, 0x8c, 0x48, 0xff, 0xa8, 0x8c, 0x48, 0xff, 0xa8, 0x8c, 0x48, 0xff,
    0xa8, 0x8c, 0x48, 0xff, 0xa8, 0x90, 0x48, 0xff, 0xa8, 0x8c, 0x48, 0xff,
    0xa8, 0x8c, 0x48, 0xff, 0xa8, 0x8c, 0x48, 0xff, 0xa8, 0x90, 0x48, 0xff,
    0xa8, 0x90, 0x48, 0xff, 0xa8, 0x8c, 0x48, 0xff, 0x68, 0x5c, 0x58, 0xff,
    0x18, 0x28, 0x48, 0xff, 0x18, 0x24, 0x50, 0xff, 0x18, 0x24, 0x50, 0xff,
    0x18, 0x28, 0x58, 0xff, 0x18, 0x24, 0x58, 0xff, 0x18, 0x28, 0x48, 0xff,
    0x28, 0x38, 0x60, 0xff, 0x78, 0x6c, 0x68, 0xff, 0xa8, 0x90, 0x48, 0xff,
    0xa8, 0x90, 0x50, 0xff, 0xa8, 0x90, 0x50, 0xff, 0xa8, 0x90, 0x50, 0xff,
    0xa8, 0x90, 0x50, 0xff, 0xa8, 0x90, 0x50, 0xff, 0xa8, 0x8c, 0x48, 0xff,
    0xa8, 0x90, 0x50, 0xff, 0xa8, 0x90, 0x50, 0xff, 0xa8, 0x90, 0x48, 0xff,
    0xa8, 0x90, 0x50, 0xff, 0xa8, 0x90, 0x50, 0xff, 0xa8, 0x90, 0x50, 0xff,
    0xa8, 0x90, 0x48, 0xff, 0xa8, 0x90, 0x50, 0xff, 0xb0, 0x90, 0x50, 0xff,
    0xa8, 0x90, 0x50, 0xff, 0xb0, 0x90, 0x50, 0xff, 0xb0, 0x94, 0x50, 0xff,
    0xa8, 0x94, 0x50, 0xff, 0xa8, 0x90, 0x50, 0xff, 0xb0, 0x90, 0x50, 0xff,
    0xa8, 0x90, 0x50, 0xff, 0xa8, 0x90, 0x48, 0xff, 0xb0, 0x90, 0x50, 0xff,
    0xb0, 0x94, 0x50, 0xff, 0xa8, 0x90, 0x50, 0xff, 0xa8, 0x90, 0x50, 0xff,
    0xa8, 0x90, 0x50, 0xff, 0xb0, 0x90, 0x50, 0xff, 0xa8, 0x90, 0x50, 0xff,
    0xa8, 0x90, 0x50, 0xff, 0xb0, 0x90, 0x50, 0xff, 0xb0, 0x90, 0x50, 0xff,
    0xa8, 0x94, 0x50, 0xff, 0xb0, 0x94, 0x50, 0xff, 0xb0, 0x94, 0x50, 0xff,
    0xa8, 0x90, 0x50, 0xff, 0xa8, 0x90, 0x50, 0xff, 0xa8, 0x90, 0x50, 0xff,
    0x80, 0x70, 0x70, 0xff, 0x38, 0x40, 0x60, 0xff, 0x20, 0x30, 0x40, 0xff,
    0x18, 0x2c, 0x50, 0xff, 0x18, 0x24, 0x48, 0xff, 0x18, 0x24, 0x40, 0xff,
    0x18, 0x24, 0x40, 0x41, 0x48, 0x54, 0xe8, 0xff, 0x40, 0x54, 0xe0, 0xff,
    0x40, 0x54, 0xe8, 0xff, 0x48, 0x54, 0xe8, 0xff, 0x48, 0x58, 0xe8, 0xff,
    0x40, 0x54, 0xe8, 0xff, 0x48, 0x54, 0xe8, 0xff, 0x48, 0x54, 0xe8, 0xff,
    0x48, 0x54, 0xe8, 0xff, 0x48, 0x54, 0xe8, 0xff, 0x48, 0x54, 0xe8, 0xff,
    0x40, 0x54, 0xe0, 0xff, 0x48, 0x54, 0xe8, 0xff, 0x48, 0x54, 0xe8, 0xff,
    0x48, 0x54, 0xe8, 0xff, 0x40, 0x58, 0xe8, 0xff, 0x48, 0x54, 0xe0, 0xff,
    0x48, 0x54, 0xe0, 0xff, 0x40, 0x54, 0xe8, 0xff, 0x48, 0x58, 0xe8, 0xff,
    0x48, 0x58, 0xe8, 0xff, 0x48, 0x54, 0xe8, 0xff, 0x48, 0x58, 0xe8, 0xff,
    0x48, 0x58, 0xe8, 0xff, 0x48, 0x58, 0xf0, 0xff, 0x50, 0x5c, 0xf0, 0xff,
    0x48, 0x5c, 0xf0, 0xff, 0x48, 0x60, 0xf0, 0xff, 0x48, 0x60, 0xf0, 0xff,
    0x48, 0x60, 0xf0, 0xff, 0x50, 0x60, 0xf0, 0xff, 0x50, 0x60, 0xf0, 0xff,
    0x50, 0x60, 0xf0, 0xff, 0x50, 0x60, 0xf0, 0xff, 0x48, 0x58, 0xf0, 0xff,
    0x50, 0x5c, 0xf0, 0xff, 0x50, 0x60, 0xf0, 0xff, 0x50, 0x5c, 0xf0, 0xff,
    0x48, 0x60, 0xf0, 0xff, 0x48, 0x5c, 0xf0, 0xff, 0x50, 0x60, 0xf8, 0xff,
    0x48, 0x60, 0xf8, 0xff, 0x48, 0x5c, 0xf0, 0xff, 0x48, 0x5c, 0xf0, 0xff,
    0x48, 0x60, 0xf8, 0xff, 0x48, 0x5c, 0xf0, 0xff, 0x50, 0x5c, 0xf0, 0xff,
    0x50, 0x60, 0xf8, 0xff, 0x50, 0x5c, 0xf0, 0xff, 0x50, 0x60, 0xf0, 0xff,
    0x50, 0x64, 0xf0, 0xff, 0x50, 0x64, 0xf0, 0xff, 0x58, 0x64, 0xf8, 0xff,
    0x50, 0x60, 0xf0, 0xff, 0x50, 0x60, 0xf8, 0xff, 0x50, 0x60, 0xf8, 0xff,
    0x48, 0x5c, 0xf0, 0xff, 0x50, 0x60, 0xf0, 0xff, 0x50, 0x60, 0xf8, 0xff,
    0x40, 0x54, 0xe8, 0xff, 0x40, 0x50, 0xe8, 0xff, 0x40, 0x48, 0xe0, 0xff,
    0x30, 0x40, 0xd8, 0xff, 0x28, 0x2c, 0xa0, 0xff, 0x18, 0x24, 0x60, 0xff,
    0x18, 0x28, 0x68, 0xff, 0x18, 0x28, 0x68, 0xff, 0x18, 0x28, 0x70, 0xff,
    0x20, 0x34, 0x70, 0xff, 0x40, 0x50, 0x80, 0xff, 0x30, 0x44, 0x80, 0xff,
    0x30, 0x40, 0x80, 0xff, 0x40, 0x54, 0x90, 0xff, 0x38, 0x48, 0x88, 0xff,
    0x88, 0x8c, 0xc0, 0xff, 0x48, 0x50, 0x68, 0xff, 0xa0, 0x84, 0x40, 0xff,
    0xa0, 0x88, 0x40, 0xff, 0xa8, 0x8c, 0x48, 0xff, 0xa8, 0x8c, 0x48, 0xff,
    0xa0, 0x8c, 0x40, 0xff, 0xa8, 0x8c, 0x48, 0xff, 0xa0, 0x8c, 0x48, 0xff,
    0xa8, 0x8c, 0x48, 0xff, 0xa8, 0x8c, 0x48, 0xff, 0xa0, 0x8c, 0x48, 0xff,
    0xa0, 0x8c, 0x48, 0xff, 0xa8, 0x8c, 0x48, 0xff, 0xa8, 0x8c, 0x48, 0xff,
    0xa0, 0x8c, 0x40, 0xff, 0xa0, 0x8c, 0x40, 0xff, 0xa8, 0x8c, 0x48, 0xff,
    0xa8, 0x8c, 0x48, 0xff, 0xa0, 0x8c, 0x40, 0xff, 0xa8, 0x8c, 0x48, 0xff,
    0xa8, 0x8c, 0x48, 0xff, 0xa8, 0x8c, 0x48, 0xff, 0xa0, 0x8c, 0x48, 0xff,
    0xa8, 0x8c, 0x48, 0xff, 0xa8, 0x90, 0x48, 0xff, 0xa8, 0x8c, 0x48, 0xff,
    0xa8, 0x8c, 0x48, 0xff, 0xa8, 0x8c, 0x48, 0xff, 0xa8, 0x8c, 0x48, 0xff,
    0xa8, 0x8c, 0x48, 0xff, 0xa8, 0x8c, 0x48, 0xff, 0xa8, 0x8c, 0x48, 0xff,
    0xa8, 0x8c, 0x48, 0xff, 0xa8, 0x8c, 0x50, 0xff, 0xa8, 0x90, 0x50, 0xff,
    0xa8, 0x90, 0x50, 0xff, 0xa8, 0x90, 0x48, 0xff, 0xa8, 0x90, 0x50, 0xff,
    0xa8, 0x90, 0x50, 0xff, 0xa8, 0x90, 0x48, 0xff, 0xa8, 0x90, 0x48, 0xff,
    0x60, 0x5c, 0x50, 0xff, 0x18, 0x28, 0x48, 0xff, 0x18, 0x24, 0x48, 0xff,
    0x18, 0x24, 0x50, 0xff, 0x18, 0x28, 0x58, 0xff, 0x18, 0x28, 0x58, 0xff,
    0x18, 0x28, 0x48, 0xff, 0x28, 0x38, 0x60, 0xff, 0x78, 0x6c, 0x68, 0xff,
    0xb0, 0x90, 0x50, 0xff, 0xa8, 0x90, 0x50, 0xff, 0xa8, 0x90, 0x50, 0xff,
    0xa8, 0x90, 0x50, 0xff, 0xb0, 0x90, 0x50, 0xff, 0xb0, 0x90, 0x50, 0xff,
    0xa8, 0x90, 0x50, 0xff, 0xa8, 0x90, 0x50, 0xff, 0xb0, 0x90, 0x50, 0xff,
    0xb0, 0x94, 0x50, 0xff, 0xb0, 0x94, 0x50, 0xff, 0xa8, 0x90, 0x50, 0xff,
    0xb0, 0x90, 0x50, 0xff, 0xb0, 0x90, 0x50, 0xff, 0xa8, 0x90, 0x50, 0xff,
    0xa8, 0x90, 0x50, 0xff, 0xb0, 0x90, 0x50, 0xff, 0xa8, 0x90, 0x50, 0xff,
    0xb0, 0x94, 0x50, 0xff, 0xb0, 0x94, 0x50, 0xff, 0xb0, 0x94, 0x50, 0xff,
    0xb0, 0x90, 0x50, 0xff, 0xa8, 0x90, 0x50, 0xff, 0xb0, 0x90, 0x50, 0xff,
    0xa8, 0x94, 0x50, 0xff, 0xa8, 0x94, 0x50, 0xff, 0xa8, 0x90, 0x50, 0xff,
    0xb0, 0x90, 0x50, 0xff, 0xb0, 0x90, 0x50, 0xff, 0xb0, 0x94, 0x50, 0xff,
    0xb0, 0x90, 0x50, 0xff, 0xb0, 0x90, 0x50, 0xff, 0xa8, 0x94, 0x50, 0xff,
    0xa8, 0x90, 0x50, 0xff, 0xb0, 0x90, 0x50, 0xff, 0xb0, 0x94, 0x50, 0xff,
    0xb0, 0x90, 0x58, 0xff, 0xb0, 0x94, 0x50, 0xff, 0xa8, 0x90, 0x50, 0xff,
    0xb0, 0x90, 0x50, 0xff, 0x80, 0x70, 0x78, 0xff, 0x40, 0x40, 0x60, 0xff,
    0x20, 0x30, 0x40, 0xff, 0x20, 0x2c, 0x50, 0xff, 0x18, 0x24, 0x50, 0xff,
    0x18, 0x24, 0x40, 0xff, 0x18, 0x24, 0x40, 0x41, 0x48, 0x58, 0xe8, 0xff,
    0x40, 0x54, 0xe8, 0xff, 0x48, 0x58, 0xe8, 0xff, 0x48, 0x58, 0xe8, 0xff,
    0x40, 0x54, 0xe0, 0xff, 0x40, 0x54, 0xe8, 0xff, 0x48, 0x58, 0xe8, 0xff,
    0x48, 0x54, 0xe8, 0xff, 0x40, 0x54, 0xe8, 0xff, 0x48, 0x58, 0xe8, 0xff,
    0x40, 0x54, 0xe0, 0xff, 0x48, 0x58, 0xe8, 0xff, 0x48, 0x54, 0xe8, 0xff,
    0x40, 0x54, 0xe8, 0xff, 0x40, 0x54, 0xe0, 0xff, 0x40, 0x54, 0xe8, 0xff,
    0x48, 0x58, 0xe0, 0xff, 0x48, 0x58, 0xe8, 0xff, 0x48, 0x54, 0xe8, 0xff,
    0x48, 0x58, 0xe8, 0xff, 0x48, 0x58, 0xe8, 0xff, 0x48, 0x54, 0xe8, 0xff,
    0x48, 0x58, 0xe8, 0xff, 0x48, 0x58, 0xe8, 0xff, 0x48, 0x58, 0xe8, 0xff,
    0x48, 0x5c, 0xf0, 0xff, 0x48, 0x60, 0xf0, 0xff, 0x48, 0x5c, 0xf0, 0xff,
    0x50, 0x5c, 0xf0, 0xff, 0x48, 0x5c, 0xf0, 0xff, 0x50, 0x5c, 0xe8, 0xff,
    0x50, 0x5c, 0xe8, 0xff, 0x50, 0x5c, 0xf0, 0xff, 0x48, 0x5c, 0xe8, 0xff,
    0x50, 0x5c, 0xf0, 0xff, 0x50, 0x5c, 0xf0, 0xff, 0x50, 0x5c, 0xf0, 0xff,
    0x50, 0x60, 0xf0, 0xff, 0x48, 0x5c, 0xf0, 0xff, 0x50, 0x5c, 0xf0, 0xff,
    0x48, 0x5c, 0xf8, 0xff, 0x48, 0x60, 0xf8, 0xff, 0x48, 0x5c, 0xf0, 0xff,
    0x48, 0x5c, 0xf0, 0xff, 0x48, 0x5c, 0xf0, 0xff, 0x48, 0x5c, 0xf0, 0xff,
    0x48, 0x5c, 0xf0, 0xff, 0x50, 0x60, 0xf8, 0xff, 0x48, 0x60, 0xf0, 0xff,
    0x48, 0x60, 0xf0, 0xff, 0x50, 0x64, 0xf8, 0xff, 0x50, 0x64, 0xf0, 0xff,
    0x50, 0x64, 0xf8, 0xff, 0x50, 0x60, 0xf0, 0xff, 0x50, 0x60, 0xf0, 0xff,
    0x48, 0x5c, 0xf0, 0xff, 0x48, 0x5c, 0xf0, 0xff, 0x48, 0x60, 0xf0, 0xff,
    0x50, 0x60, 0xf8, 0xff, 0x40, 0x50, 0xe8, 0xff, 0x40, 0x50, 0xe8, 0xff,
    0x40, 0x48, 0xe8, 0xff, 0x30, 0x40, 0xd8, 0xff, 0x20, 0x2c, 0xa0, 0xff,
    0x18, 0x24, 0x60, 0xff, 0x18, 0x28, 0x68, 0xff, 0x18, 0x28, 0x68, 0xff,
    0x18, 0x28, 0x70, 0xff, 0x20, 0x34, 0x70, 0xff, 0x38, 0x4c, 0x80, 0xff,
    0x30, 0x44, 0x80, 0xff, 0x38, 0x40, 0x80, 0xff, 0x40, 0x54, 0x90, 0xff,
    0x38, 0x48, 0x88, 0xff, 0x80, 0x8c, 0xc0, 0xff, 0x48, 0x50, 0x68, 0xff,
    0xa0, 0x84, 0x48, 0xff, 0xa0, 0x8c, 0x48, 0xff, 0xa8, 0x8c, 0x48, 0xff,
    0xa8, 0x8c, 0x40, 0xff, 0xa0, 0x8c, 0x48, 0xff, 0xa0, 0x8c, 0x40, 0xff,
    0xa8, 0x88, 0x48, 0xff, 0xa8, 0x8c, 0x48, 0xff, 0xa8, 0x8c, 0x40, 0xff,
    0xa8, 0x8c, 0x48, 0xff, 0xa8, 0x8c, 0x48, 0xff, 0xa8, 0x8c, 0x48, 0xff,
    0xa8, 0x8c, 0x48, 0xff, 0xa8, 0x8c, 0x48, 0xff, 0xa8, 0x90, 0x48, 0xff,
    0xa8, 0x8c, 0x48, 0xff, 0xa8, 0x8c, 0x48, 0xff, 0xa8, 0x90, 0x48, 0xff,
    0xa8, 0x90, 0x48, 0xff, 0xa8, 0x8c, 0x48, 0xff, 0xa8, 0x8c, 0x48, 0xff,
    0xa8, 0x90, 0x48, 0xff, 0xa8, 0x8c, 0x48, 0xff, 0xa8, 0x90, 0x48, 0xff,
    0xa8, 0x90, 0x48, 0xff, 0xa8, 0x8c, 0x48, 0xff, 0xa8, 0x90, 0x50, 0xff,
    0xa8, 0x90, 0x50, 0xff, 0xa8, 0x90, 0x50, 0xff, 0xa8, 0x90, 0x50, 0xff,
    0xa8, 0x90, 0x50, 0xff, 0xa8, 0x90, 0x50, 0xff, 0xa8, 0x90, 0x50, 0xff,
    0xa8, 0x90, 0x50, 0xff, 0xa8, 0x90, 0x50, 0xff, 0xa8, 0x90, 0x50, 0xff,
    0xa8, 0x90, 0x48, 0xff, 0xa8, 0x8c, 0x50, 0xff, 0xa8, 0x8c, 0x50, 0xff,
    0xa8, 0x90, 0x48, 0xff, 0x60, 0x5c, 0x58, 0xff, 0x18, 0x28, 0x48, 0xff,
    0x18, 0x24, 0x48, 0xff, 0x10, 0x24, 0x50, 0xff, 0x18, 0x28, 0x58, 0xff,
    0x18, 0x28, 0x58, 0xff, 0x18, 0x28, 0x48, 0xff, 0x30, 0x38, 0x60, 0xff,
    0x78, 0x70, 0x68, 0xff, 0xb0, 0x90, 0x50, 0xff, 0xa8, 0x90, 0x50, 0xff,
    0xa8, 0x90, 0x48, 0xff, 0xa8, 0x90, 0x50, 0xff, 0xb0, 0x90, 0x50, 0xff,
    0xa8, 0x90, 0x50, 0xff, 0xa8, 0x94, 0x50, 0xff, 0xb0, 0x94, 0x50, 0xff,
    0xb0, 0x94, 0x50, 0xff, 0xb0, 0x94, 0x50, 0xff, 0xb0, 0x94, 0x50, 0xff,
    0xb0, 0x94, 0x50, 0xff, 0xb0, 0x94, 0x50, 0xff, 0xb0, 0x94, 0x50, 0xff,
    0xb0, 0x94, 0x50, 0xff, 0xb0, 0x94, 0x50, 0xff, 0xb0, 0x90, 0x50, 0xff,
    0xa8, 0x94, 0x50, 0xff, 0xb0, 0x94, 0x50, 0xff, 0xb0, 0x94, 0x50, 0xff,
    0xa8, 0x94, 0x50, 0xff, 0xb0, 0x90, 0x50, 0xff, 0xb0, 0x94, 0x50, 0xff,
    0xb0, 0x94, 0x50, 0xff, 0xb0, 0x94, 0x50, 0xff, 0xb0, 0x94, 0x50, 0xff,
    0xb0, 0x94, 0x50, 0xff, 0xb0, 0x94, 0x50, 0xff, 0xa8, 0x94, 0x50, 0xff,
    0xb0, 0x94, 0x50, 0xff, 0xb0, 0x94, 0x50, 0xff, 0xa8, 0x90, 0x50, 0xff,
    0xb0, 0x94, 0x50, 0xff, 0xb0, 0x94, 0x50, 0xff, 0xb0, 0x94, 0x50, 0xff,
    0xb0, 0x94, 0x50, 0xff, 0xb0, 0x94, 0x50, 0xff, 0xb0, 0x94, 0x58, 0xff,
    0xb0, 0x94, 0x50, 0xff, 0xb0, 0x94, 0x50, 0xff, 0x80, 0x70, 0x78, 0xff,
    0x38, 0x40, 0x60, 0xff, 0x20, 0x30, 0x40, 0xff, 0x20, 0x2c, 0x50, 0xff,
    0x18, 0x24, 0x50, 0xff, 0x10, 0x24, 0x40, 0xff, 0x18, 0x24, 0x40, 0x41,
    0x48, 0x58, 0xe8, 0xff, 0x40, 0x54, 0xe8, 0xff, 0x40, 0x58, 0xe8, 0xff,
    0x48, 0x58, 0xe8, 0xff, 0x40, 0x58, 0xe8, 0xff, 0x40, 0x54, 0xe8, 0xff,
    0x48, 0x58, 0xe8, 0xff, 0x48, 0x58, 0xe8, 0xff, 0x48, 0x58, 0xe8, 0xff,
    0x48, 0x58, 0xe8, 0xff, 0x48, 0x58, 0xe8, 0xff, 0x48, 0x58, 0xe8, 0xff,
    0x40, 0x54, 0xe8, 0xff, 0x40, 0x54, 0xe8, 0xff, 0x48, 0x54, 0xe8, 0xff,
    0x48, 0x54, 0xe8, 0xff, 0x40, 0x54, 0xe8, 0xff, 0x48, 0x54, 0xe8, 0xff,
    0x48, 0x58, 0xe8, 0xff, 0x48, 0x58, 0xe8, 0xff, 0x48, 0x58, 0xe8, 0xff,
    0x48, 0x58, 0xe8, 0xff, 0x48, 0x58, 0xe8, 0xff, 0x48, 0x58, 0xe8, 0xff,
    0x50, 0x5c, 0xf0, 0xff, 0x50, 0x60, 0xf0, 0xff, 0x50, 0x60, 0xf0, 0xff,
    0x50, 0x5c, 0xf0, 0xff, 0x50, 0x5c, 0xf0, 0xff, 0x48, 0x5c, 0xf0, 0xff,
    0x48, 0x5c, 0xf0, 0xff, 0x48, 0x58, 0xe8, 0xff, 0x48, 0x5c, 0xf0, 0xff,
    0x48, 0x5c, 0xe8, 0xff, 0x48, 0x5c, 0xf0, 0xff, 0x48, 0x5c, 0xf0, 0xff,
    0x48, 0x60, 0xf0, 0xff, 0x48, 0x60, 0xf0, 0xff, 0x50, 0x5c, 0xf8, 0xff,
    0x48, 0x60, 0xf0, 0xff, 0x48, 0x5c, 0xf0, 0xff, 0x48, 0x5c, 0xf0, 0xff,
    0x50, 0x60, 0xf8, 0xff, 0x50, 0x60, 0xf8, 0xff, 0x50, 0x60, 0xf8, 0xff,
    0x50, 0x5c, 0xf8, 0xff, 0x48, 0x5c, 0xf0, 0xff, 0x50, 0x60, 0xf8, 0xff,
    0x50, 0x60, 0xf8, 0xff, 0x50, 0x60, 0xf8, 0xff, 0x50, 0x64, 0xf0, 0xff,
    0x50, 0x64, 0xf8, 0xff, 0x50, 0x64, 0xf8, 0xff, 0x50, 0x64, 0xf8, 0xff,
    0x50, 0x64, 0xf8, 0xff, 0x50, 0x60, 0xf8, 0xff, 0x50, 0x60, 0xf8, 0xff,
    0x50, 0x60, 0xf0, 0xff, 0x48, 0x5c, 0xf0, 0xff, 0x40, 0x54, 0xe8, 0xff,
    0x40, 0x50, 0xe8, 0xff, 0x40, 0x4c, 0xe8, 0xff, 0x38, 0x3c, 0xd8, 0xff,
    0x20, 0x30, 0xa0, 0xff, 0x18, 0x28, 0x60, 0xff, 0x18, 0x28, 0x68, 0xff,
    0x18, 0x28, 0x68, 0xff, 0x18, 0x28, 0x70, 0xff, 0x28, 0x34, 0x70, 0xff,
    0x38, 0x4c, 0x80, 0xff, 0x30, 0x44, 0x78, 0xff, 0x30, 0x40, 0x80, 0xff,
    0x40, 0x54, 0x90, 0xff, 0x38, 0x44, 0x80, 0xff, 0x78, 0x88, 0xc0, 0xff,
    0x40, 0x50, 0x68, 0xff, 0xa0, 0x88, 0x48, 0xff, 0xa0, 0x8c, 0x48, 0xff,
    0xa8, 0x8c, 0x48, 0xff, 0xa8, 0x8c, 0x48, 0xff, 0xa8, 0x8c, 0x48, 0xff,
    0xa0, 0x8c, 0x48, 0xff, 0xa8, 0x8c, 0x48, 0xff, 0xa8, 0x8c, 0x48, 0xff,
    0xa0, 0x8c, 0x48, 0xff, 0xa8, 0x8c, 0x48, 0xff, 0xa8, 0x8c, 0x48, 0xff,
    0xa8, 0x8c, 0x48, 0xff, 0xa8, 0x8c, 0x48, 0xff, 0xa8, 0x8c, 0x48, 0xff,
    0xa8, 0x8c, 0x48, 0xff, 0xa8, 0x8c, 0x48, 0xff, 0xa8, 0x90, 0x48, 0xff,
    0xa8, 0x90, 0x48, 0xff, 0xa8, 0x8c, 0x48, 0xff, 0xa8, 0x90, 0x48, 0xff,
    0xa8, 0x90, 0x48, 0xff, 0xa8, 0x8c, 0x48, 0xff, 0xa8, 0x8c, 0x48, 0xff,
    0xa8, 0x8c, 0x48, 0xff, 0xa8, 0x90, 0x48, 0xff, 0xa8, 0x90, 0x50, 0xff,
    0xa8, 0x90, 0x50, 0xff, 0xa8, 0x90, 0x50, 0xff, 0xa8, 0x8c, 0x48, 0xff,
    0xa8, 0x90, 0x50, 0xff, 0xa8, 0x90, 0x50, 0xff, 0xa8, 0x90, 0x50, 0xff,
    0xa8, 0x90, 0x50, 0xff, 0xa8, 0x90, 0x50, 0xff, 0xa8, 0x8c, 0x48, 0xff,
    0xa8, 0x90, 0x50, 0xff, 0xa8, 0x90, 0x50, 0xff, 0xa8, 0x8c, 0x50, 0xff,
    0xa8, 0x90, 0x50, 0xff, 0xa8, 0x90, 0x50, 0xff, 0x68, 0x5c, 0x58, 0xff,
    0x18, 0x28, 0x50, 0xff, 0x18, 0x24, 0x50, 0xff, 0x18, 0x28, 0x58, 0xff,
    0x18, 0x24, 0x58, 0xff, 0x18, 0x28, 0x58, 0xff, 0x18, 0x28, 0x48, 0xff,
    0x28, 0x38, 0x60, 0xff, 0x78, 0x70, 0x68, 0xff, 0xa8, 0x90, 0x50, 0xff,
    0xb0, 0x90, 0x50, 0xff, 0xa8, 0x90, 0x50, 0xff, 0xa8, 0x94, 0x50, 0xff,
    0xa8, 0x94, 0x50, 0xff, 0xa8, 0x94, 0x50, 0xff, 0xb0, 0x94, 0x50, 0xff,
    0xa8, 0x94, 0x50, 0xff, 0xa8, 0x94, 0x50, 0xff, 0xa8, 0x94, 0x50, 0xff,
    0xa8, 0x94, 0x50, 0xff, 0xa8, 0x94, 0x50, 0xff, 0xa8, 0x94, 0x50, 0xff,
    0xa8, 0x90, 0x50, 0xff, 0xa8, 0x94, 0x50, 0xff, 0xa8, 0x90, 0x50, 0xff,
    0xb0, 0x94, 0x50, 0xff, 0xb0, 0x94, 0x50, 0xff, 0xa8, 0x94, 0x50, 0xff,
    0xa8, 0x90, 0x50, 0xff, 0xa8, 0x94, 0x50, 0xff, 0xa8, 0x94, 0x50, 0xff,
    0xa8, 0x90, 0x50, 0xff, 0xa8, 0x94, 0x50, 0xff, 0xb0, 0x94, 0x58, 0xff,
    0xb0, 0x94, 0x58, 0xff, 0xa8, 0x94, 0x50, 0xff, 0xb0, 0x94, 0x50, 0xff,
    0xa8, 0x94, 0x58, 0xff, 0xb0, 0x94, 0x58, 0xff, 0xb0, 0x94, 0x58, 0xff,
    0xb0, 0x98, 0x58, 0xff, 0xa8, 0x94, 0x50, 0xff, 0xa8, 0x90, 0x50, 0xff,
    0xa8, 0x94, 0x58, 0xff, 0xb0, 0x94, 0x58, 0xff, 0xa8, 0x94, 0x58, 0xff,
    0xb0, 0x94, 0x58, 0xff, 0xb0, 0x94, 0x58, 0xff, 0xa8, 0x94, 0x58, 0xff,
    0x80, 0x70, 0x78, 0xff, 0x40, 0x40, 0x60, 0xff, 0x20, 0x30, 0x40, 0xff,
    0x18, 0x28, 0x50, 0xff, 0x18, 0x24, 0x48, 0xff, 0x10, 0x24, 0x40, 0xff,
    0x18, 0x24, 0x40, 0x41, 0x48, 0x54, 0xe8, 0xff, 0x40, 0x54, 0xe8, 0xff,
    0x48, 0x58, 0xe8, 0xff, 0x48, 0x58, 0xe8, 0xff, 0x40, 0x54, 0xe8, 0xff,
    0x40, 0x58, 0xe8, 0xff, 0x48, 0x54, 0xe8, 0xff, 0x48, 0x58, 0xe8, 0xff,
    0x48, 0x58, 0xe8, 0xff, 0x48, 0x5c, 0xf0, 0xff, 0x48, 0x58, 0xe8, 0xff,
    0x48, 0x58, 0xe8, 0xff, 0x48, 0x58, 0xe8, 0xff, 0x48, 0x54, 0xe8, 0xff,
    0x40, 0x54, 0xe8, 0xff, 0x48, 0x54, 0xe8, 0xff, 0x40, 0x54, 0xe8, 0xff,
    0x48, 0x54, 0xe8, 0xff, 0x40, 0x54, 0xe0, 0xff, 0x48, 0x58, 0xe8, 0xff,
    0x48, 0x58, 0xe8, 0xff, 0x48, 0x58, 0xe8, 0xff, 0x48, 0x58, 0xf0, 0xff,
    0x48, 0x5c, 0xf0, 0xff, 0x50, 0x5c, 0xf0, 0xff, 0x50, 0x5c, 0xf0, 0xff,
    0x50, 0x60, 0xf0, 0xff, 0x48, 0x5c, 0xf0, 0xff, 0x50, 0x5c, 0xf0, 0xff,
    0x48, 0x5c, 0xf0, 0xff, 0x48, 0x5c, 0xf0, 0xff, 0x48, 0x58, 0xe8, 0xff,
    0x48, 0x5c, 0xf0, 0xff, 0x48, 0x5c, 0xe8, 0xff, 0x50, 0x5c, 0xf0, 0xff,
    0x48, 0x5c, 0xf0, 0xff, 0x50, 0x60, 0xf0, 0xff, 0x50, 0x5c, 0xf0, 0xff,
    0x50, 0x60, 0xf8, 0xff, 0x48, 0x60, 0xf8, 0xff, 0x48, 0x5c, 0xf0, 0xff,
    0x48, 0x60, 0xf0, 0xff, 0x50, 0x60, 0xf8, 0xff, 0x48, 0x60, 0xf8, 0xff,
    0x48, 0x60, 0xf0, 0xff, 0x50, 0x5c, 0xf0, 0xff, 0x48, 0x5c, 0xf0, 0xff,
    0x50, 0x60, 0xf8, 0xff, 0x50, 0x60, 0xf8, 0xff, 0x48, 0x60, 0xf8, 0xff,
    0x50, 0x60, 0xf0, 0xff, 0x50, 0x64, 0xf8, 0xff, 0x50, 0x64, 0xf8, 0xff,
    0x50, 0x60, 0xf0, 0xff, 0x50, 0x60, 0xf0, 0xff, 0x50, 0x60, 0xf0, 0xff,
    0x50, 0x60, 0xf0, 0xff, 0x50, 0x64, 0xf0, 0xff, 0x50, 0x60, 0xf0, 0xff,
    0x48, 0x58, 0xf0, 0xff, 0x48, 0x54, 0xe8, 0xff, 0x40, 0x48, 0xe8, 0xff,
    0x30, 0x3c, 0xd8, 0xff, 0x28, 0x30, 0xa0, 0xff, 0x18, 0x24, 0x60, 0xff,
    0x18, 0x28, 0x68, 0xff, 0x18, 0x28, 0x68, 0xff, 0x18, 0x28, 0x70, 0xff,
    0x28, 0x34, 0x70, 0xff, 0x38, 0x4c, 0x80, 0xff, 0x30, 0x44, 0x78, 0xff,
    0x30, 0x40, 0x80, 0xff, 0x40, 0x50, 0x90, 0xff, 0x38, 0x48, 0x80, 0xff,
    0x80, 0x88, 0xc0, 0xff, 0x48, 0x50, 0x68, 0xff, 0xa0, 0x88, 0x48, 0xff,
    0xa8, 0x8c, 0x48, 0xff, 0xa8, 0x8c, 0x48, 0xff, 0xa8, 0x8c, 0x48, 0xff,
    0xa8, 0x8c, 0x48, 0xff, 0xa8, 0x8c, 0x48, 0xff, 0xa8, 0x8c, 0x48, 0xff,
    0xa8, 0x8c, 0x48, 0xff, 0xa8, 0x90, 0x48, 0xff, 0xa0, 0x8c, 0x48, 0xff,
    0xa8, 0x8c, 0x48, 0xff, 0xa8, 0x8c, 0x48, 0xff, 0xa8, 0x8c, 0x48, 0xff,
    0xa0, 0x90, 0x48, 0xff, 0xa8, 0x90, 0x48, 0xff, 0xa8, 0x8c, 0x48, 0xff,
    0xa8, 0x90, 0x48, 0xff, 0xa8, 0x90, 0x48, 0xff, 0xa8, 0x8c, 0x48, 0xff,
    0xa8, 0x8c, 0x48, 0xff, 0xa8, 0x90, 0x48, 0xff, 0xa8, 0x8c, 0x50, 0xff,
    0xa8, 0x90, 0x48, 0xff, 0xa8, 0x90, 0x50, 0xff, 0xa8, 0x90, 0x48, 0xff,
    0xa8, 0x90, 0x50, 0xff, 0xa8, 0x90, 0x50, 0xff, 0xa8, 0x90, 0x48, 0xff,
    0xa8, 0x90, 0x50, 0xff, 0xa8, 0x90, 0x50, 0xff, 0xa8, 0x90, 0x48, 0xff,
    0xb0, 0x90, 0x50, 0xff, 0xa8, 0x90, 0x50, 0xff, 0xa8, 0x90, 0x50, 0xff,
    0xa8, 0x90, 0x50, 0xff, 0xa8, 0x90, 0x50, 0xff, 0xa8, 0x90, 0x50, 0xff,
    0xa8, 0x90, 0x50, 0xff, 0xa8, 0x90, 0x50, 0xff, 0xa8, 0x90, 0x48, 0xff,
    0x68, 0x5c, 0x50, 0xff, 0x18, 0x28, 0x50, 0xff, 0x18, 0x24, 0x50, 0xff,
    0x18, 0x24, 0x58, 0xff, 0x18, 0x24, 0x58, 0xff, 0x18, 0x28, 0x58, 0xff,
    0x18, 0x28, 0x48, 0xff, 0x28, 0x38, 0x68, 0xff, 0x78, 0x70, 0x68, 0xff,
    0xb0, 0x94, 0x50, 0xff, 0xb0, 0x90, 0x50, 0xff, 0xb0, 0x94, 0x50, 0xff,
    0xa8, 0x94, 0x50, 0xff, 0xb0, 0x94, 0x50, 0xff, 0xb0, 0x94, 0x50, 0xff,
    0xa8, 0x94, 0x50, 0xff, 0xb0, 0x94, 0x50, 0xff, 0xb0, 0x94, 0x50, 0xff,
    0xa8, 0x94, 0x50, 0xff, 0xb0, 0x94, 0x50, 0xff, 0xa8, 0x90, 0x50, 0xff,
    0xa8, 0x94, 0x50, 0xff, 0xb0, 0x94, 0x50, 0xff, 0xb0, 0x94, 0x50, 0xff,
    0xb0, 0x90, 0x50, 0xff, 0xa8, 0x94, 0x58, 0xff, 0xb0, 0x94, 0x58, 0xff,
    0xb0, 0x94, 0x58, 0xff, 0xb0, 0x94, 0x58, 0xff, 0xb0, 0x94, 0x58, 0xff,
    0xb0, 0x94, 0x58, 0xff, 0xa8, 0x94, 0x50, 0xff, 0xb0, 0x94, 0x58, 0xff,
    0xb0, 0x94, 0x50, 0xff, 0xb0, 0x94, 0x58, 0xff, 0xa8, 0x94, 0x58, 0xff,
    0xb0, 0x94, 0x50, 0xff, 0xb0, 0x94, 0x58, 0xff, 0xa8, 0x94, 0x58, 0xff,
    0xb0, 0x94, 0x50, 0xff, 0xb0, 0x98, 0x58, 0xff, 0xb0, 0x94, 0x58, 0xff,
    0xb0, 0x94, 0x50, 0xff, 0xb0, 0x94, 0x58, 0xff, 0xb0, 0x94, 0x50, 0xff,
    0xb0, 0x94, 0x58, 0xff, 0xa8, 0x94, 0x58, 0xff, 0xb0, 0x94, 0x58, 0xff,
    0xb0, 0x94, 0x58, 0xff, 0x80, 0x70, 0x70, 0xff, 0x40, 0x40, 0x60, 0xff,
    0x20, 0x30, 0x40, 0xff, 0x20, 0x2c, 0x50, 0xff, 0x18, 0x24, 0x48, 0xff,
    0x18, 0x24, 0x38, 0xff, 0x18, 0x24, 0x38, 0x41, 0x40, 0x54, 0xe8, 0xff,
    0x48, 0x54, 0xe8, 0xff, 0x40, 0x58, 0xe8, 0xff, 0x40, 0x54, 0xe8, 0xff,
    0x40, 0x54, 0xe0, 0xff, 0x48, 0x54, 0xe8, 0xff, 0x40, 0x54, 0xe8, 0xff,
    0x48, 0x54, 0xe8, 0xff, 0x48, 0x58, 0xe8, 0xff, 0x48, 0x58, 0xe8, 0xff,
    0x48, 0x58, 0xe8, 0xff, 0x48, 0x54, 0xe8, 0xff, 0x48, 0x58, 0xe8, 0xff,
    0x48, 0x58, 0xe8, 0xff, 0x48, 0x54, 0xe8, 0xff, 0x48, 0x58, 0xe8, 0xff,
    0x48, 0x54, 0xe8, 0xff, 0x48, 0x54, 0xe8, 0xff, 0x40, 0x54, 0xe8, 0xff,
    0x48, 0x58, 0xe8, 0xff, 0x48, 0x58, 0xe8, 0xff, 0x48, 0x58, 0xe8, 0xff,
    0x48, 0x5c, 0xe8, 0xff, 0x48, 0x5c, 0xe8, 0xff, 0x48, 0x58, 0xf0, 0xff,
    0x48, 0x5c, 0xf0, 0xff, 0x48, 0x5c, 0xf0, 0xff, 0x50, 0x5c, 0xf0, 0xff,
    0x50, 0x5c, 0xf0, 0xff, 0x48, 0x5c, 0xf0, 0xff, 0x48, 0x5c, 0xe8, 0xff,
    0x48, 0x58, 0xf0, 0xff, 0x48, 0x5c, 0xf0, 0xff, 0x48, 0x58, 0xe8, 0xff,
    0x48, 0x5c, 0xf0, 0xff, 0x48, 0x5c, 0xf0, 0xff, 0x50, 0x5c, 0xf0, 0xff,
    0x50, 0x60, 0xf0, 0xff, 0x48, 0x5c, 0xf0, 0xff, 0x50, 0x5c, 0xf0, 0xff,
    0x48, 0x60, 0xf0, 0xff, 0x48, 0x60, 0xf8, 0xff, 0x50, 0x60, 0xf8, 0xff,
    0x48, 0x60, 0xf0, 0xff, 0x50, 0x60, 0xf0, 0xff, 0x48, 0x5c, 0xf0, 0xff,
    0x50, 0x5c, 0xf8, 0xff, 0x50, 0x60, 0xf0, 0xff, 0x48, 0x60, 0xf8, 0xff,
    0x50, 0x60, 0xf0, 0xff, 0x50, 0x60, 0xf0, 0xff, 0x50, 0x64, 0xf8, 0xff,
    0x50, 0x64, 0xf8, 0xff, 0x50, 0x60, 0xf0, 0xff, 0x50, 0x60, 0xf0, 0xff,
    0x48, 0x60, 0xf8, 0xff, 0x50, 0x60, 0xf8, 0xff, 0x50, 0x64, 0xf8, 0xff,
    0x50, 0x60, 0xf0, 0xff, 0x48, 0x58, 0xf0, 0xff, 0x48, 0x54, 0xe8, 0xff,
    0x40, 0x4c, 0xe0, 0xff, 0x30, 0x3c, 0xd8, 0xff, 0x28, 0x30, 0xa0, 0xff,
    0x18, 0x28, 0x60, 0xff, 0x18, 0x28, 0x68, 0xff, 0x18, 0x28, 0x68, 0xff,
    0x18, 0x2c, 0x68, 0xff, 0x28, 0x34, 0x70, 0xff, 0x38, 0x48, 0x80, 0xff,
    0x30, 0x44, 0x78, 0xff, 0x30, 0x40, 0x80, 0xff, 0x40, 0x54, 0x90, 0xff,
    0x38, 0x48, 0x80, 0xff, 0x80, 0x88, 0xc0, 0xff, 0x48, 0x54, 0x68, 0xff,
    0xa0, 0x88, 0x48, 0xff, 0xa8, 0x8c, 0x48, 0xff, 0xa0, 0x8c, 0x48, 0xff,
    0xa0, 0x8c, 0x48, 0xff, 0xa8, 0x8c, 0x48, 0xff, 0xa8, 0x8c, 0x48, 0xff,
    0xa8, 0x8c, 0x48, 0xff, 0xa8, 0x8c, 0x48, 0xff, 0xa8, 0x90, 0x48, 0xff,
    0xa0, 0x8c, 0x48, 0xff, 0xa8, 0x8c, 0x48, 0xff, 0xa0, 0x8c, 0x48, 0xff,
    0xa8, 0x8c, 0x48, 0xff, 0xa8, 0x90, 0x48, 0xff, 0xa8, 0x90, 0x50, 0xff,
    0xa8, 0x8c, 0x48, 0xff, 0xa8, 0x8c, 0x48, 0xff, 0xa8, 0x8c, 0x48, 0xff,
    0xa8, 0x90, 0x50, 0xff, 0xa8, 0x8c, 0x48, 0xff, 0xa8, 0x90, 0x48, 0xff,
    0xa8, 0x8c, 0x50, 0xff, 0xa8, 0x90, 0x50, 0xff, 0xa8, 0x90, 0x50, 0xff,
    0xa8, 0x8c, 0x48, 0xff, 0xa8, 0x90, 0x50, 0xff, 0xa8, 0x90, 0x50, 0xff,
    0xa8, 0x90, 0x50, 0xff, 0xa8, 0x90, 0x50, 0xff, 0xb0, 0x90, 0x50, 0xff,
    0xa8, 0x90, 0x50, 0xff, 0xa8, 0x90, 0x50, 0xff, 0xa8, 0x90, 0x50, 0xff,
    0xa8, 0x94, 0x50, 0xff, 0xa8, 0x94, 0x50, 0xff, 0xa8, 0x90, 0x50, 0xff,
    0xa8, 0x94, 0x50, 0xff, 0xa8, 0x94, 0x50, 0xff, 0xa8, 0x94, 0x50, 0xff,
    0xa8, 0x94, 0x50, 0xff, 0x68, 0x5c, 0x58, 0xff, 0x18, 0x28, 0x48, 0xff,
    0x18, 0x24, 0x48, 0xff, 0x18, 0x28, 0x58, 0xff, 0x18, 0x24, 0x58, 0xff,
    0x18, 0x28, 0x58, 0xff, 0x18, 0x28, 0x48, 0xff, 0x28, 0x38, 0x60, 0xff,
    0x78, 0x6c, 0x68, 0xff, 0xa8, 0x94, 0x50, 0xff, 0xa8, 0x94, 0x50, 0xff,
    0xa8, 0x94, 0x50, 0xff, 0xb0, 0x94, 0x50, 0xff, 0xa8, 0x94, 0x50, 0xff,
    0xa8, 0x90, 0x50, 0xff, 0xa8, 0x94, 0x50, 0xff, 0xa8, 0x94, 0x58, 0xff,
    0xa8, 0x94, 0x58, 0xff, 0xb0, 0x94, 0x50, 0xff, 0xa8, 0x94, 0x50, 0xff,
    0xa8, 0x94, 0x50, 0xff, 0xa8, 0x94, 0x50, 0xff, 0xa8, 0x94, 0x50, 0xff,
    0xb0, 0x94, 0x58, 0xff, 0xb0, 0x94, 0x58, 0xff, 0xa8, 0x94, 0x50, 0xff,
    0xa8, 0x94, 0x50, 0xff, 0xb0, 0x94, 0x50, 0xff, 0xb0, 0x94, 0x58, 0xff,
    0xa8, 0x94, 0x50, 0xff, 0xa8, 0x94, 0x58, 0xff, 0xb0, 0x94, 0x58, 0xff,
    0xb0, 0x94, 0x58, 0xff, 0xa8, 0x98, 0x50, 0xff, 0xb0, 0x94, 0x58, 0xff,
    0xa8, 0x94, 0x50, 0xff, 0xa8, 0x94, 0x50, 0xff, 0xb0, 0x94, 0x58, 0xff,
    0xb0, 0x94, 0x50, 0xff, 0xa8, 0x94, 0x50, 0xff, 0xb0, 0x94, 0x50, 0xff,
    0xb0, 0x94, 0x58, 0xff, 0xb0, 0x98, 0x58, 0xff, 0xa8, 0x94, 0x58, 0xff,
    0xb0, 0x94, 0x58, 0xff, 0xa8, 0x98, 0x58, 0xff, 0xb0, 0x94, 0x58, 0xff,
    0xb0, 0x94, 0x58, 0xff, 0xa8, 0x98, 0x58, 0xff, 0x80, 0x70, 0x78, 0xff,
    0x38, 0x40, 0x60, 0xff, 0x20, 0x30, 0x40, 0xff, 0x18, 0x2c, 0x50, 0xff,
    0x18, 0x24, 0x48, 0xff, 0x10, 0x24, 0x40, 0xff, 0x18, 0x24, 0x40, 0x41,
    0x40, 0x54, 0xe8, 0xff, 0x48, 0x54, 0xe8, 0xff, 0x40, 0x54, 0xe8, 0xff,
    0x40, 0x54, 0xe8, 0xff, 0x48, 0x54, 0xe8, 0xff, 0x40, 0x54, 0xe8, 0xff,
    0x40, 0x54, 0xe8, 0xff, 0x48, 0x54, 0xe8, 0xff, 0x48, 0x58, 0xe8, 0xff,
    0x48, 0x58, 0xe8, 0xff, 0x48, 0x58, 0xe8, 0xff, 0x48, 0x58, 0xe8, 0xff,
    0x48, 0x58, 0xe8, 0xff, 0x48, 0x58, 0xe8, 0xff, 0x48, 0x58, 0xe8, 0xff,
    0x48, 0x58, 0xe8, 0xff, 0x48, 0x58, 0xe8, 0xff, 0x48, 0x58, 0xe8, 0xff,
    0x48, 0x58, 0xe8, 0xff, 0x48, 0x5c, 0xe8, 0xff, 0x48, 0x58, 0xe8, 0xff,
    0x48, 0x58, 0xf0, 0xff, 0x48, 0x58, 0xf0, 0xff, 0x48, 0x5c, 0xe8, 0xff,
    0x50, 0x58, 0xf0, 0xff, 0x48, 0x5c, 0xf0, 0xff, 0x48, 0x5c, 0xe8, 0xff,
    0x50, 0x5c, 0xf0, 0xff, 0x50, 0x5c, 0xf0, 0xff, 0x48, 0x5c, 0xf0, 0xff,
    0x50, 0x5c, 0xf0, 0xff, 0x48, 0x5c, 0xf0, 0xff, 0x48, 0x5c, 0xf0, 0xff,
    0x48, 0x5c, 0xf0, 0xff, 0x50, 0x5c, 0xf0, 0xff, 0x50, 0x5c, 0xf0, 0xff,
    0x50, 0x60, 0xf0, 0xff, 0x48, 0x5c, 0xf0, 0xff, 0x48, 0x5c, 0xf0, 0xff,
    0x50, 0x5c, 0xf8, 0xff, 0x50, 0x60, 0xf8, 0xff, 0x50, 0x60, 0xf8, 0xff,
    0x50, 0x60, 0xf8, 0xff, 0x50, 0x60, 0xf8, 0xff, 0x48, 0x60, 0xf8, 0xff,
    0x50, 0x60, 0xf8, 0xff, 0x50, 0x5c, 0xf0, 0xff, 0x50, 0x60, 0xf8, 0xff,
    0x50, 0x60, 0xf0, 0xff, 0x50, 0x60, 0xf8, 0xff, 0x50, 0x60, 0xf0, 0xff,
    0x50, 0x64, 0xf8, 0xff, 0x50, 0x64, 0xf8, 0xff, 0x50, 0x60, 0xf8, 0xff,
    0x50, 0x64, 0xf8, 0xff, 0x48, 0x60, 0xf0, 0xff, 0x50, 0x64, 0xf8, 0xff,
    0x50, 0x64, 0xf8, 0xff, 0x50, 0x64, 0xf0, 0xff, 0x48, 0x58, 0xf0, 0xff,
    0x48, 0x54, 0xf0, 0xff, 0x40, 0x4c, 0xe0, 0xff, 0x30, 0x3c, 0xd8, 0xff,
    0x20, 0x2c, 0xa0, 0xff, 0x18, 0x28, 0x60, 0xff, 0x18, 0x28, 0x70, 0xff,
    0x18, 0x28, 0x68, 0xff, 0x18, 0x28, 0x70, 0xff, 0x20, 0x34, 0x70, 0xff,
    0x38, 0x48, 0x80, 0xff, 0x30, 0x48, 0x80, 0xff, 0x30, 0x3c, 0x78, 0xff,
    0x38, 0x50, 0x90, 0xff, 0x30, 0x40, 0x78, 0xff, 0x78, 0x84, 0xc0, 0xff,
    0x48, 0x54, 0x68, 0xff, 0xa0, 0x88, 0x48, 0xff, 0xa8, 0x8c, 0x48, 0xff,
    0xa8, 0x90, 0x48, 0xff, 0xa8, 0x90, 0x48, 0xff, 0xa8, 0x8c, 0x48, 0xff,
    0xa8, 0x90, 0x48, 0xff, 0xa8, 0x90, 0x48, 0xff, 0xa8, 0x8c, 0x50, 0xff,
    0xa8, 0x8c, 0x50, 0xff, 0xa8, 0x90, 0x48, 0xff, 0xa8, 0x90, 0x50, 0xff,
    0xa8, 0x90, 0x50, 0xff, 0xa8, 0x90, 0x50, 0xff, 0xa8, 0x90, 0x48, 0xff,
    0xa8, 0x90, 0x50, 0xff, 0xa8, 0x90, 0x50, 0xff, 0xa8, 0x90, 0x48, 0xff,
    0xa8, 0x90, 0x50, 0xff, 0xa8, 0x90, 0x50, 0xff, 0xa8, 0x90, 0x50, 0xff,
    0xa8, 0x90, 0x50, 0xff, 0xa8, 0x90, 0x50, 0xff, 0xa8, 0x90, 0x50, 0xff,
    0xa8, 0x90, 0x50, 0xff, 0xa8, 0x90, 0x50, 0xff, 0xa8, 0x90, 0x50, 0xff,
    0xa8, 0x90, 0x50, 0xff, 0xa8, 0x90, 0x50, 0xff, 0xa8, 0x90, 0x50, 0xff,
    0xb0, 0x94, 0x50, 0xff, 0xb0, 0x94, 0x50, 0xff, 0xa8, 0x94, 0x50, 0xff,
    0xa8, 0x94, 0x50, 0xff, 0xa8, 0x94, 0x50, 0xff, 0xa8, 0x94, 0x50, 0xff,
    0xa8, 0x94, 0x50, 0xff, 0xa8, 0x90, 0x50, 0xff, 0xa8, 0x90, 0x50, 0xff,
    0xa8, 0x94, 0x50, 0xff, 0xb0, 0x94, 0x50, 0xff, 0x68, 0x5c, 0x58, 0xff,
    0x18, 0x28, 0x48, 0xff, 0x18, 0x28, 0x50, 0xff, 0x10, 0x24, 0x50, 0xff,
    0x18, 0x28, 0x58, 0xff, 0x18, 0x28, 0x58, 0xff, 0x18, 0x28, 0x50, 0xff,
    0x30, 0x3c, 0x68, 0xff, 0x78, 0x70, 0x68, 0xff, 0xa8, 0x94, 0x58, 0xff,
    0xb0, 0x94, 0x58, 0xff, 0xa8, 0x94, 0x50, 0xff, 0xb0, 0x94, 0x58, 0xff,
    0xa8, 0x94, 0x58, 0xff, 0xa8, 0x94, 0x58, 0xff, 0xb0, 0x94, 0x50, 0xff,
    0xb0, 0x94, 0x58, 0xff, 0xa8, 0x94, 0x58, 0xff, 0xa8, 0x94, 0x58, 0xff,
    0xb0, 0x94, 0x58, 0xff, 0xb0, 0x94, 0x58, 0xff, 0xa8, 0x94, 0x58, 0xff,
    0xa8, 0x94, 0x50, 0xff, 0xb0, 0x94, 0x58, 0xff, 0xa8, 0x98, 0x58, 0xff,
    0xb0, 0x94, 0x58, 0xff, 0xb0, 0x94, 0x50, 0xff, 0xb0, 0x94, 0x58, 0xff,
    0xb0, 0x98, 0x50, 0xff, 0xb0, 0x98, 0x50, 0xff, 0xa8, 0x94, 0x50, 0xff,
    0xa8, 0x94, 0x58, 0xff, 0xb0, 0x98, 0x58, 0xff, 0xb0, 0x98, 0x58, 0xff,
    0xa8, 0x98, 0x58, 0xff, 0xb0, 0x94, 0x58, 0xff, 0xb0, 0x94, 0x58, 0xff,
    0xa8, 0x98, 0x50, 0xff, 0xb0, 0x98, 0x58, 0xff, 0xb0, 0x94, 0x50, 0xff,
    0xb0, 0x98, 0x58, 0xff, 0xb0, 0x98, 0x58, 0xff, 0xb0, 0x98, 0x58, 0xff,
    0xb0, 0x94, 0x50, 0xff, 0xa8, 0x98, 0x58, 0xff, 0xb0, 0x98, 0x58, 0xff,
    0xb0, 0x98, 0x58, 0xff, 0xb0, 0x98, 0x58, 0xff, 0xb0, 0x94, 0x58, 0xff,
    0x80, 0x74, 0x70, 0xff, 0x38, 0x40, 0x60, 0xff, 0x20, 0x30, 0x40, 0xff,
    0x20, 0x2c, 0x50, 0xff, 0x18, 0x24, 0x48, 0xff, 0x18, 0x24, 0x40, 0xff,
    0x18, 0x24, 0x40, 0x41, 0x40, 0x54, 0xe8, 0xff, 0x48, 0x58, 0xe8, 0xff,
    0x48, 0x58, 0xe8, 0xff, 0x48, 0x58, 0xe8, 0xff, 0x48, 0x58, 0xe8, 0xff,
    0x40, 0x58, 0xe8, 0xff, 0x48, 0x58, 0xe8, 0xff, 0x48, 0x58, 0xe8, 0xff,
    0x48, 0x54, 0xe8, 0xff, 0x48, 0x54, 0xf0, 0xff, 0x48, 0x58, 0xe8, 0xff,
    0x48, 0x58, 0xf0, 0xff, 0x48, 0x58, 0xe8, 0xff, 0x48, 0x58, 0xf0, 0xff,
    0x48, 0x54, 0xf0, 0xff, 0x48, 0x58, 0xe8, 0xff, 0x48, 0x58, 0xe8, 0xff,
    0x48, 0x58, 0xf0, 0xff, 0x48, 0x58, 0xe8, 0xff, 0x48, 0x58, 0xe8, 0xff,
    0x48, 0x54, 0xe8, 0xff, 0x48, 0x58, 0xf0, 0xff, 0x48, 0x58, 0xe8, 0xff,
    0x48, 0x5c, 0xf0, 0xff, 0x48, 0x5c, 0xf0, 0xff, 0x48, 0x5c, 0xf0, 0xff,
    0x48, 0x5c, 0xe8, 0xff, 0x48, 0x5c, 0xf0, 0xff, 0x48, 0x5c, 0xf0, 0xff,
    0x48, 0x5c, 0xf0, 0xff, 0x48, 0x5c, 0xf0, 0xff, 0x48, 0x5c, 0xf0, 0xff,
    0x48, 0x5c, 0xf0, 0xff, 0x48, 0x5c, 0xf0, 0xff, 0x48, 0x5c, 0xf0, 0xff,
    0x48, 0x58, 0xf0, 0xff, 0x48, 0x5c, 0xf0, 0xff, 0x50, 0x5c, 0xf0, 0xff,
    0x50, 0x5c, 0xf0, 0xff, 0x48, 0x5c, 0xf0, 0xff, 0x48, 0x5c, 0xf0, 0xff,
    0x48, 0x60, 0xf0, 0xff, 0x50, 0x60, 0xf0, 0xff, 0x50, 0x60, 0xf0, 0xff,
    0x48, 0x60, 0xf0, 0xff, 0x50, 0x60, 0xf8, 0xff, 0x50, 0x60, 0xf0, 0xff,
    0x50, 0x60, 0xf8, 0xff, 0x50, 0x64, 0xf8, 0xff, 0x50, 0x64, 0xf8, 0xff,
    0x48, 0x60, 0xf0, 0xff, 0x50, 0x64, 0xf8, 0xff, 0x50, 0x64, 0xf8, 0xff,
    0x50, 0x60, 0xf8, 0xff, 0x50, 0x60, 0xf0, 0xff, 0x50, 0x60, 0xf0, 0xff,
    0x50, 0x60, 0xf0, 0xff, 0x50, 0x64, 0xf0, 0xff, 0x50, 0x64, 0xf0, 0xff,
    0x48, 0x58, 0xe8, 0xff, 0x48, 0x54, 0xf0, 0xff, 0x40, 0x4c, 0xe8, 0xff,
    0x38, 0x40, 0xd8, 0xff, 0x20, 0x2c, 0xa0, 0xff, 0x18, 0x24, 0x58, 0xff,
    0x18, 0x28, 0x68, 0xff, 0x18, 0x28, 0x68, 0xff, 0x18, 0x28, 0x68, 0xff,
    0x20, 0x34, 0x70, 0xff, 0x38, 0x44, 0x80, 0xff, 0x38, 0x48, 0x80, 0xff,
    0x28, 0x38, 0x70, 0xff, 0x38, 0x4c, 0x90, 0xff, 0x30, 0x40, 0x78, 0xff,
    0x78, 0x84, 0xb8, 0xff, 0x48, 0x50, 0x68, 0xff, 0xa0, 0x8c, 0x48, 0xff,
    0xa8, 0x90, 0x50, 0xff, 0xa8, 0x90, 0x48, 0xff, 0xa8, 0x90, 0x48, 0xff,
    0xa8, 0x90, 0x50, 0xff, 0xa8, 0x90, 0x48, 0xff, 0xa8, 0x90, 0x50, 0xff,
    0xa8, 0x90, 0x50, 0xff, 0xa8, 0x90, 0x50, 0xff, 0xa8, 0x90, 0x50, 0xff,
    0xa8, 0x90, 0x48, 0xff, 0xa8, 0x8c, 0x50, 0xff, 0xa8, 0x90, 0x50, 0xff,
    0xa8, 0x90, 0x50, 0xff, 0xa8, 0x90, 0x50, 0xff, 0xa8, 0x90, 0x50, 0xff,
    0xa8, 0x90, 0x50, 0xff, 0xa8, 0x90, 0x50, 0xff, 0xa8, 0x94, 0x50, 0xff,
    0xa8, 0x90, 0x50, 0xff, 0xa8, 0x94, 0x50, 0xff, 0xa8, 0x94, 0x50, 0xff,
    0xa8, 0x94, 0x50, 0xff, 0xa8, 0x94, 0x50, 0xff, 0xa8, 0x90, 0x50, 0xff,
    0xa8, 0x94, 0x50, 0xff, 0xb0, 0x94, 0x50, 0xff, 0xa8, 0x94, 0x50, 0xff,
    0xa8, 0x94, 0x50, 0xff, 0xa8, 0x94, 0x50, 0xff, 0xa8, 0x94, 0x50, 0xff,
    0xa8, 0x94, 0x50, 0xff, 0xb0, 0x94, 0x50, 0xff, 0xb0, 0x94, 0x58, 0xff,
    0xb0, 0x94, 0x58, 0xff, 0xb0, 0x94, 0x58, 0xff, 0xb0, 0x94, 0x50, 0xff,
    0xa8, 0x94, 0x58, 0xff, 0xa8, 0x94, 0x58, 0xff, 0xa8, 0x94, 0x50, 0xff,
    0x60, 0x5c, 0x58, 0xff, 0x18, 0x28, 0x50, 0xff, 0x18, 0x24, 0x48, 0xff,
    0x18, 0x24, 0x50, 0xff, 0x18, 0x28, 0x58, 0xff, 0x18, 0x28, 0x58, 0xff,
    0x18, 0x28, 0x50, 0xff, 0x30, 0x3c, 0x68, 0xff, 0x78, 0x70, 0x68, 0xff,
    0xb0, 0x94, 0x58, 0xff, 0xb0, 0x98, 0x58, 0xff, 0xa8, 0x94, 0x58, 0xff,
    0xb0, 0x98, 0x58, 0xff, 0xb0, 0x98, 0x58, 0xff, 0xb0, 0x98, 0x58, 0xff,
    0xb0, 0x98, 0x58, 0xff, 0xb0, 0x98, 0x58, 0xff, 0xb0, 0x98, 0x58, 0xff,
    0xb0, 0x98, 0x58, 0xff, 0xa8, 0x94, 0x58, 0xff, 0xb0, 0x94, 0x50, 0xff,
    0xb0, 0x98, 0x58, 0xff, 0xb0, 0x98, 0x58, 0xff, 0xb0, 0x98, 0x58, 0xff,
    0xb0, 0x98, 0x58, 0xff, 0xa8, 0x94, 0x50, 0xff, 0xa8, 0x98, 0x58, 0xff,
    0xa8, 0x98, 0x58, 0xff, 0xb0, 0x98, 0x58, 0xff, 0xb0, 0x98, 0x58, 0xff,
    0xb0, 0x98, 0x58, 0xff, 0xb0, 0x94, 0x58, 0xff, 0xa8, 0x98, 0x58, 0xff,
    0xb0, 0x98, 0x58, 0xff, 0xb0, 0x98, 0x58, 0xff, 0xa8, 0x94, 0x58, 0xff,
    0xb0, 0x98, 0x50, 0xff, 0xa8, 0x98, 0x58, 0xff, 0xb0, 0x94, 0x58, 0xff,
    0xb0, 0x98, 0x58, 0xff, 0xb0, 0x98, 0x58, 0xff, 0xb0, 0x98, 0x58, 0xff,
    0xb0, 0x98, 0x58, 0xff, 0xa8, 0x98, 0x58, 0xff, 0xb0, 0x94, 0x58, 0xff,
    0xb0, 0x94, 0x58, 0xff, 0xa8, 0x98, 0x58, 0xff, 0xb0, 0x98, 0x58, 0xff,
    0xb0, 0x94, 0x58, 0xff, 0x80, 0x74, 0x78, 0xff, 0x38, 0x40, 0x60, 0xff,
    0x20, 0x2c, 0x40, 0xff, 0x20, 0x2c, 0x48, 0xff, 0x10, 0x24, 0x48, 0xff,
    0x18, 0x24, 0x40, 0xff, 0x18, 0x24, 0x40, 0x41, 0x48, 0x58, 0xe8, 0xff,
    0x48, 0x58, 0xe8, 0xff, 0x48, 0x58, 0xe8, 0xff, 0x48, 0x54, 0xe8, 0xff,
    0x48, 0x58, 0xe8, 0xff, 0x48, 0x58, 0xe8, 0xff, 0x48, 0x58, 0xe8, 0xff,
    0x48, 0x58, 0xe8, 0xff, 0x48, 0x54, 0xe8, 0xff, 0x48, 0x54, 0xe8, 0xff,
    0x48, 0x58, 0xe8, 0xff, 0x48, 0x58, 0xf0, 0xff, 0x48, 0x58, 0xe8, 0xff,
    0x48, 0x58, 0xe8, 0xff, 0x48, 0x54, 0xf0, 0xff, 0x48, 0x58, 0xe8, 0xff,
    0x48, 0x58, 0xe8, 0xff, 0x48, 0x58, 0xf0, 0xff, 0x48, 0x58, 0xf0, 0xff,
    0x48, 0x58, 0xe8, 0xff, 0x48, 0x58, 0xe8, 0xff, 0x48, 0x58, 0xe8, 0xff,
    0x48, 0x58, 0xe8, 0xff, 0x48, 0x58, 0xf0, 0xff, 0x48, 0x58, 0xf0, 0xff,
    0x48, 0x5c, 0xe8, 0xff, 0x48, 0x5c, 0xf0, 0xff, 0x48, 0x5c, 0xf0, 0xff,
    0x48, 0x5c, 0xf0, 0xff, 0x48, 0x5c, 0xe8, 0xff, 0x48, 0x58, 0xe8, 0xff,
    0x48, 0x58, 0xf0, 0xff, 0x50, 0x5c, 0xf0, 0xff, 0x48, 0x5c, 0xf0, 0xff,
    0x48, 0x5c, 0xf0, 0xff, 0x48, 0x5c, 0xf0, 0xff, 0x50, 0x5c, 0xf0, 0xff,
    0x48, 0x5c, 0xf8, 0xff, 0x50, 0x60, 0xf8, 0xff, 0x48, 0x60, 0xf8, 0xff,
    0x48, 0x60, 0xf8, 0xff, 0x50, 0x60, 0xf8, 0xff, 0x50, 0x60, 0xf8, 0xff,
    0x50, 0x64, 0xf8, 0xff, 0x50, 0x60, 0xf0, 0xff, 0x48, 0x60, 0xf0, 0xff,
    0x50, 0x60, 0xf0, 0xff, 0x50, 0x64, 0xf8, 0xff, 0x50, 0x64, 0xf8, 0xff,
    0x50, 0x60, 0xf0, 0xff, 0x48, 0x60, 0xf0, 0xff, 0x50, 0x64, 0xf8, 0xff,
    0x50, 0x64, 0xf8, 0xff, 0x50, 0x64, 0xf0, 0xff, 0x50, 0x60, 0xf8, 0xff,
    0x50, 0x60, 0xf8, 0xff, 0x50, 0x64, 0xf0, 0xff, 0x50, 0x60, 0xf0, 0xff,
    0x50, 0x64, 0xf0, 0xff, 0x50, 0x5c, 0xf0, 0xff, 0x48, 0x54, 0xf0, 0xff,
    0x40, 0x4c, 0xe0, 0xff, 0x30, 0x40, 0xd8, 0xff, 0x28, 0x30, 0xa0, 0xff,
    0x18, 0x28, 0x58, 0xff, 0x18, 0x28, 0x68, 0xff, 0x18, 0x2c, 0x68, 0xff,
    0x18, 0x28, 0x68, 0xff, 0x28, 0x38, 0x78, 0xff, 0x38, 0x48, 0x80, 0xff,
    0x38, 0x48, 0x80, 0xff, 0x28, 0x38, 0x78, 0xff, 0x38, 0x4c, 0x88, 0xff,
    0x30, 0x40, 0x78, 0xff, 0x78, 0x84, 0xb8, 0xff, 0x48, 0x54, 0x68, 0xff,
    0xa0, 0x8c, 0x48, 0xff, 0xa8, 0x90, 0x50, 0xff, 0xa8, 0x90, 0x50, 0xff,
    0xa8, 0x90, 0x50, 0xff, 0xa8, 0x90, 0x50, 0xff, 0xa8, 0x90, 0x48, 0xff,
    0xa8, 0x90, 0x50, 0xff, 0xa8, 0x90, 0x50, 0xff, 0xa8, 0x90, 0x48, 0xff,
    0xa8, 0x90, 0x50, 0xff, 0xa8, 0x90, 0x50, 0xff, 0xa8, 0x90, 0x50, 0xff,
    0xa8, 0x90, 0x48, 0xff, 0xa8, 0x90, 0x50, 0xff, 0xa8, 0x90, 0x50, 0xff,
    0xa8, 0x90, 0x50, 0xff, 0xa8, 0x90, 0x50, 0xff, 0xa8, 0x90, 0x50, 0xff,
    0xa8, 0x94, 0x50, 0xff, 0xa8, 0x90, 0x50, 0xff, 0xa8, 0x94, 0x50, 0xff,
    0xa8, 0x94, 0x50, 0xff, 0xa8, 0x94, 0x50, 0xff, 0xa8, 0x94, 0x50, 0xff,
    0xa8, 0x94, 0x50, 0xff, 0xa8, 0x94, 0x50, 0xff, 0xb0, 0x94, 0x50, 0xff,
    0xa8, 0x94, 0x50, 0xff, 0xa8, 0x94, 0x50, 0xff, 0xa8, 0x94, 0x58, 0xff,
    0xb0, 0x94, 0x50, 0xff, 0xa8, 0x94, 0x58, 0xff, 0xa8, 0x94, 0x58, 0xff,
    0xb0, 0x94, 0x58, 0xff, 0xa8, 0x98, 0x50, 0xff, 0xa8, 0x98, 0x50, 0xff,
    0xb0, 0x94, 0x50, 0xff, 0xa8, 0x94, 0x58, 0xff, 0xa8, 0x94, 0x50, 0xff,
    0xb0, 0x98, 0x50, 0xff, 0x60, 0x5c, 0x58, 0xff, 0x18, 0x28, 0x50, 0xff,
    0x18, 0x28, 0x48, 0xff, 0x18, 0x28, 0x58, 0xff, 0x18, 0x28, 0x58, 0xff,
    0x18, 0x28, 0x58, 0xff, 0x18, 0x28, 0x50, 0xff, 0x30, 0x3c, 0x68, 0xff,
    0x78, 0x70, 0x68, 0xff, 0xa8, 0x98, 0x58, 0xff, 0xb0, 0x98, 0x50, 0xff,
    0xa8, 0x94, 0x50, 0xff, 0xb0, 0x98, 0x58, 0xff, 0xb0, 0x98, 0x50, 0xff,
    0xa8, 0x98, 0x58, 0xff, 0xa8, 0x98, 0x58, 0xff, 0xb0, 0x98, 0x58, 0xff,
    0xb0, 0x98, 0x58, 0xff, 0xb0, 0x98, 0x58, 0xff, 0xa8, 0x98, 0x58, 0xff,
    0xa8, 0x94, 0x50, 0xff, 0xb0, 0x98, 0x58, 0xff, 0xb0, 0x98, 0x58, 0xff,
    0xb0, 0x98, 0x58, 0xff, 0xb0, 0x98, 0x58, 0xff, 0xb0, 0x98, 0x58, 0xff,
    0xb0, 0x98, 0x58, 0xff, 0xb0, 0x98, 0x58, 0xff, 0xa8, 0x98, 0x58, 0xff,
    0xb0, 0x98, 0x58, 0xff, 0xb0, 0x98, 0x58, 0xff, 0xb0, 0x98, 0x58, 0xff,
    0xb0, 0x98, 0x58, 0xff, 0xb0, 0x98, 0x58, 0xff, 0xb0, 0x98, 0x58, 0xff,
    0xa8, 0x98, 0x58, 0xff, 0xb0, 0x98, 0x58, 0xff, 0xb0, 0x98, 0x58, 0xff,
    0xb0, 0x98, 0x58, 0xff, 0xa8, 0x98, 0x58, 0xff, 0xb0, 0x98, 0x58, 0xff,
    0xb0, 0x98, 0x58, 0xff, 0xb0, 0x98, 0x58, 0xff, 0xa8, 0x98, 0x58, 0xff,
    0xb0, 0x98, 0x58, 0xff, 0xb0, 0x98, 0x58, 0xff, 0xa8, 0x98, 0x58, 0xff,
    0xb0, 0x98, 0x58, 0xff, 0xb0, 0x94, 0x58, 0xff, 0x80, 0x70, 0x78, 0xff,
    0x40, 0x40, 0x60, 0xff, 0x20, 0x2c, 0x40, 0xff, 0x18, 0x2c, 0x48, 0xff,
    0x10, 0x24, 0x48, 0xff, 0x18, 0x28, 0x38, 0xff, 0x18, 0x28, 0x38, 0x41,
    0x48, 0x58, 0xe8, 0xff, 0x48, 0x54, 0xe8, 0xff, 0x48, 0x54, 0xe8, 0xff,
    0x48, 0x58, 0xe8, 0xff, 0x48, 0x58, 0xe8, 0xff, 0x48, 0x54, 0xe8, 0xff,
    0x48, 0x58, 0xe8, 0xff, 0x48, 0x58, 0xe8, 0xff, 0x48, 0x58, 0xf0, 0xff,
    0x48, 0x54, 0xe8, 0xff, 0x48, 0x58, 0xe8, 0xff, 0x48, 0x5c, 0xf0, 0xff,
    0x48, 0x58, 0xe8, 0xff, 0x48, 0x58, 0xe8, 0xff, 0x48, 0x58, 0xf0, 0xff,
    0x48, 0x54, 0xe8, 0xff, 0x48, 0x54, 0xe8, 0xff, 0x48, 0x58, 0xe8, 0xff,
    0x48, 0x5c, 0xf0, 0xff, 0x48, 0x58, 0xf0, 0xff, 0x48, 0x58, 0xe8, 0xff,
    0x48, 0x58, 0xf0, 0xff, 0x48, 0x5c, 0xf0, 0xff, 0x48, 0x5c, 0xe8, 0xff,
    0x48, 0x5c, 0xf0, 0xff, 0x48, 0x5c, 0xf0, 0xff, 0x50, 0x58, 0xe8, 0xff,
    0x48, 0x58, 0xf0, 0xff, 0x48, 0x5c, 0xf0, 0xff, 0x48, 0x5c, 0xf0, 0xff,
    0x48, 0x5c, 0xf0, 0xff, 0x48, 0x58, 0xf0, 0xff, 0x48, 0x5c, 0xf0, 0xff,
    0x48, 0x58, 0xf0, 0xff, 0x48, 0x5c, 0xf0, 0xff, 0x50, 0x5c, 0xf0, 0xff,
    0x48, 0x5c, 0xf0, 0xff, 0x50, 0x5c, 0xf0, 0xff, 0x50, 0x60, 0xf8, 0xff,
    0x50, 0x60, 0xf8, 0xff, 0x48, 0x60, 0xf0, 0xff, 0x50, 0x60, 0xf0, 0xff,
    0x50, 0x60, 0xf8, 0xff, 0x50, 0x64, 0xf8, 0xff, 0x50, 0x64, 0xf0, 0xff,
    0x50, 0x60, 0xf0, 0xff, 0x50, 0x60, 0xf8, 0xff, 0x50, 0x60, 0xf8, 0xff,
    0x50, 0x60, 0xf0, 0xff, 0x50, 0x64, 0xf8, 0xff, 0x50, 0x60, 0xf8, 0xff,
    0x58, 0x68, 0xf8, 0xff, 0x58, 0x68, 0xf8, 0xff, 0x50, 0x64, 0xf8, 0xff,
    0x50, 0x64, 0xf0, 0xff, 0x50, 0x64, 0xf8, 0xff, 0x58, 0x64, 0xf8, 0xff,
    0x50, 0x64, 0xf0, 0xff, 0x50, 0x64, 0xf0, 0xff, 0x48, 0x5c, 0xf0, 0xff,
    0x48, 0x54, 0xf0, 0xff, 0x40, 0x4c, 0xe8, 0xff, 0x30, 0x40, 0xd8, 0xff,
    0x28, 0x30, 0xa8, 0xff, 0x18, 0x28, 0x58, 0xff, 0x18, 0x28, 0x68, 0xff,
    0x18, 0x28, 0x70, 0xff, 0x18, 0x28, 0x68, 0xff, 0x28, 0x34, 0x78, 0xff,
    0x38, 0x48, 0x88, 0xff, 0x38, 0x4c, 0x80, 0xff, 0x28, 0x38, 0x78, 0xff,
    0x38, 0x4c, 0x90, 0xff, 0x30, 0x40, 0x78, 0xff, 0x78, 0x84, 0xb8, 0xff,
    0x48, 0x54, 0x70, 0xff, 0xa0, 0x8c, 0x50, 0xff, 0xa8, 0x90, 0x50, 0xff,
    0xa8, 0x90, 0x50, 0xff, 0xa8, 0x90, 0x50, 0xff, 0xa8, 0x94, 0x50, 0xff,
    0xa8, 0x90, 0x48, 0xff, 0xa8, 0x90, 0x50, 0xff, 0xa8, 0x90, 0x50, 0xff,
    0xa8, 0x90, 0x50, 0xff, 0xa8, 0x90, 0x50, 0xff, 0xa8, 0x90, 0x50, 0xff,
    0xa8, 0x90, 0x50, 0xff, 0xa8, 0x94, 0x50, 0xff, 0xa8, 0x94, 0x50, 0xff,
    0xa8, 0x94, 0x50, 0xff, 0xa8, 0x94, 0x50, 0xff, 0xa8, 0x94, 0x50, 0xff,
    0xa8, 0x90, 0x50, 0xff, 0xa8, 0x94, 0x50, 0xff, 0xa8, 0x90, 0x50, 0xff,
    0xa8, 0x94, 0x50, 0xff, 0xa8, 0x94, 0x50, 0xff, 0xb0, 0x90, 0x50, 0xff,
    0xa8, 0x94, 0x50, 0xff, 0xb0, 0x94, 0x58, 0xff, 0xa8, 0x94, 0x58, 0xff,
    0xb0, 0x94, 0x50, 0xff, 0xa8, 0x94, 0x58, 0xff, 0xa8, 0x94, 0x58, 0xff,
    0xb0, 0x98, 0x50, 0xff, 0xb0, 0x94, 0x58, 0xff, 0xb0, 0x98, 0x58, 0xff,
    0xa8, 0x98, 0x50, 0xff, 0xa8, 0x94, 0x58, 0xff, 0xa8, 0x98, 0x58, 0xff,
    0xa8, 0x94, 0x50, 0xff, 0xa8, 0x94, 0x58, 0xff, 0xa8, 0x98, 0x58, 0xff,
    0xb0, 0x98, 0x58, 0xff, 0xb0, 0x94, 0x58, 0xff, 0x60, 0x5c, 0x58, 0xff,
    0x18, 0x28, 0x48, 0xff, 0x18, 0x24, 0x50, 0xff, 0x18, 0x24, 0x50, 0xff,
    0x18, 0x24, 0x58, 0xff, 0x18, 0x28, 0x58, 0xff, 0x18, 0x28, 0x50, 0xff,
    0x30, 0x3c, 0x68, 0xff, 0x78, 0x74, 0x70, 0xff, 0xb0, 0x98, 0x58, 0xff,
    0xa8, 0x94, 0x58, 0xff, 0xa8, 0x94, 0x58, 0xff, 0xb0, 0x98, 0x50, 0xff,
    0xa8, 0x94, 0x58, 0xff, 0xb0, 0x98, 0x58, 0xff, 0xa8, 0x98, 0x50, 0xff,
    0xa8, 0x98, 0x58, 0xff, 0xa8, 0x98, 0x58, 0xff, 0xa8, 0x98, 0x58, 0xff,
    0xa8, 0x98, 0x58, 0xff, 0xa8, 0x94, 0x58, 0xff, 0xa8, 0x94, 0x58, 0xff,
    0xa8, 0x98, 0x58, 0xff, 0xa8, 0x98, 0x58, 0xff, 0xa8, 0x94, 0x58, 0xff,
    0xb0, 0x98, 0x58, 0xff, 0xb0, 0x98, 0x58, 0xff, 0xa8, 0x98, 0x58, 0xff,
    0xb0, 0x98, 0x58, 0xff, 0xa8, 0x98, 0x58, 0xff, 0xa8, 0x98, 0x58, 0xff,
    0xb0, 0x98, 0x58, 0xff, 0xb0, 0x98, 0x58, 0xff, 0xa8, 0x98, 0x58, 0xff,
    0xb0, 0x94, 0x58, 0xff, 0xb0, 0x98, 0x58, 0xff, 0xb0, 0x98, 0x58, 0xff,
    0xb0, 0x98, 0x58, 0xff, 0xa8, 0x98, 0x58, 0xff, 0xb0, 0x98, 0x58, 0xff,
    0xb0, 0x98, 0x58, 0xff, 0xb0, 0x98, 0x58, 0xff, 0xa8, 0x98, 0x58, 0xff,
    0xb0, 0x98, 0x58, 0xff, 0xb0, 0x98, 0x60, 0xff, 0xb0, 0x98, 0x60, 0xff,
    0xb0, 0x98, 0x58, 0xff, 0xb0, 0x98, 0x58, 0xff, 0xb0, 0x98, 0x58, 0xff,
    0x88, 0x74, 0x78, 0xff, 0x40, 0x40, 0x60, 0xff, 0x20, 0x30, 0x40, 0xff,
    0x20, 0x30, 0x50, 0xff, 0x18, 0x24, 0x50, 0xff, 0x18, 0x24, 0x40, 0xff,
    0x18, 0x24, 0x40, 0x41, 0x48, 0x58, 0xe8, 0xff, 0x40, 0x58, 0xe8, 0xff,
    0x48, 0x58, 0xe8, 0xff, 0x48, 0x5c, 0xe8, 0xff, 0x48, 0x58, 0xe8, 0xff,
    0x48, 0x58, 0xe8, 0xff, 0x48, 0x58, 0xe8, 0xff, 0x48, 0x58, 0xe8, 0xff,
    0x48, 0x58, 0xf0, 0xff, 0x48, 0x58, 0xe8, 0xff, 0x48, 0x58, 0xe8, 0xff,
    0x48, 0x58, 0xf0, 0xff, 0x40, 0x54, 0xe8, 0xff, 0x48, 0x58, 0xf0, 0xff,
    0x48, 0x58, 0xf0, 0xff, 0x48, 0x58, 0xe8, 0xff, 0x48, 0x58, 0xe8, 0xff,
    0x48, 0x58, 0xe8, 0xff, 0x48, 0x58, 0xe8, 0xff, 0x48, 0x5c, 0xf0, 0xff,
    0x48, 0x58, 0xe8, 0xff, 0x48, 0x58, 0xf0, 0xff, 0x48, 0x5c, 0xf0, 0xff,
    0x48, 0x5c, 0xf0, 0xff, 0x48, 0x5c, 0xf0, 0xff, 0x50, 0x5c, 0xf0, 0xff,
    0x50, 0x5c, 0xf0, 0xff, 0x48, 0x5c, 0xf0, 0xff, 0x50, 0x5c, 0xf0, 0xff,
    0x48, 0x5c, 0xf0, 0xff, 0x48, 0x58, 0xf0, 0xff, 0x48, 0x58, 0xf0, 0xff,
    0x48, 0x58, 0xf0, 0xff, 0x48, 0x58, 0xf0, 0xff, 0x50, 0x5c, 0xf0, 0xff,
    0x48, 0x5c, 0xf0, 0xff, 0x48, 0x5c, 0xf0, 0xff, 0x50, 0x60, 0xf8, 0xff,
    0x50, 0x64, 0xf8, 0xff, 0x50, 0x64, 0xf0, 0xff, 0x50, 0x60, 0xf0, 0xff,
    0x50, 0x60, 0xf0, 0xff, 0x50, 0x64, 0xf8, 0xff, 0x50, 0x64, 0xf8, 0xff,
    0x50, 0x64, 0xf0, 0xff, 0x50, 0x64, 0xf8, 0xff, 0x50, 0x60, 0xf8, 0xff,
    0x50, 0x60, 0xf0, 0xff, 0x50, 0x64, 0xf8, 0xff, 0x50, 0x60, 0xf8, 0xff,
    0x50, 0x68, 0xf0, 0xff, 0x58, 0x64, 0xf8, 0xff, 0x58, 0x68, 0xf8, 0xff,
    0x58, 0x64, 0xf0, 0xff, 0x50, 0x64, 0xf0, 0xff, 0x58, 0x68, 0xf8, 0xff,
    0x58, 0x64, 0xf8, 0xff, 0x50, 0x64, 0xf0, 0xff, 0x50, 0x64, 0xf8, 0xff,
    0x50, 0x60, 0xf0, 0xff, 0x48, 0x54, 0xf0, 0xff, 0x40, 0x4c, 0xe8, 0xff,
    0x38, 0x40, 0xd8, 0xff, 0x28, 0x30, 0xa0, 0xff, 0x18, 0x24, 0x60, 0xff,
    0x18, 0x2c, 0x68, 0xff, 0x18, 0x2c, 0x70, 0xff, 0x18, 0x28, 0x68, 0xff,
    0x28, 0x34, 0x78, 0xff, 0x38, 0x44, 0x88, 0xff, 0x38, 0x4c, 0x88, 0xff,
    0x28, 0x38, 0x78, 0xff, 0x38, 0x4c, 0x88, 0xff, 0x30, 0x40, 0x78, 0xff,
    0x78, 0x84, 0xb8, 0xff, 0x48, 0x50, 0x68, 0xff, 0xa0, 0x8c, 0x50, 0xff,
    0xa8, 0x94, 0x50, 0xff, 0xa8, 0x94, 0x50, 0xff, 0xa8, 0x94, 0x50, 0xff,
    0xa8, 0x94, 0x50, 0xff, 0xa8, 0x94, 0x50, 0xff, 0xa8, 0x94, 0x50, 0xff,
    0xa0, 0x90, 0x50, 0xff, 0xa8, 0x90, 0x50, 0xff, 0xa8, 0x94, 0x50, 0xff,
    0xa8, 0x94, 0x50, 0xff, 0xa8, 0x94, 0x50, 0xff, 0xa8, 0x94, 0x50, 0xff,
    0xa8, 0x94, 0x50, 0xff, 0xa8, 0x94, 0x50, 0xff, 0xa8, 0x94, 0x50, 0xff,
    0xa8, 0x94, 0x50, 0xff, 0xa8, 0x94, 0x50, 0xff, 0xa8, 0x94, 0x50, 0xff,
    0xa8, 0x94, 0x50, 0xff, 0xa8, 0x94, 0x50, 0xff, 0xa8, 0x90, 0x50, 0xff,
    0xb0, 0x94, 0x50, 0xff, 0xa8, 0x94, 0x50, 0xff, 0xa8, 0x94, 0x58, 0xff,
    0xb0, 0x98, 0x58, 0xff, 0xa8, 0x94, 0x50, 0xff, 0xa8, 0x94, 0x58, 0xff,
    0xb0, 0x94, 0x50, 0xff, 0xa8, 0x98, 0x58, 0xff, 0xa8, 0x98, 0x58, 0xff,
    0xb0, 0x94, 0x50, 0xff, 0xa8, 0x94, 0x50, 0xff, 0xa8, 0x98, 0x58, 0xff,
    0xb0, 0x94, 0x58, 0xff, 0xa8, 0x98, 0x58, 0xff, 0xa8, 0x94, 0x50, 0xff,
    0xa8, 0x98, 0x58, 0xff, 0xb0, 0x94, 0x58, 0xff, 0xb0, 0x98, 0x58, 0xff,
    0x60, 0x5c, 0x58, 0xff, 0x18, 0x28, 0x48, 0xff, 0x18, 0x24, 0x50, 0xff,
    0x18, 0x28, 0x50, 0xff, 0x18, 0x28, 0x58, 0xff, 0x18, 0x28, 0x58, 0xff,
    0x18, 0x2c, 0x50, 0xff, 0x30, 0x3c, 0x68, 0xff, 0x80, 0x78, 0x78, 0xff,
    0xb0, 0x98, 0x58, 0xff, 0xb0, 0x98, 0x58, 0xff, 0xa8, 0x98, 0x58, 0xff,
    0xa8, 0x98, 0x58, 0xff, 0xa8, 0x98, 0x58, 0xff, 0xb0, 0x98, 0x58, 0xff,
    0xb0, 0x94, 0x58, 0xff, 0xb0, 0x98, 0x58, 0xff, 0xa8, 0x98, 0x58, 0xff,
    0xa8, 0x98, 0x58, 0xff, 0xb0, 0x98, 0x58, 0xff, 0xb0, 0x98, 0x58, 0xff,
    0xb0, 0x98, 0x58, 0xff, 0xb0, 0x98, 0x58, 0xff, 0xb0, 0x98, 0x58, 0xff,
    0xb0, 0x98, 0x58, 0xff, 0xa8, 0x98, 0x58, 0xff, 0xa8, 0x98, 0x58, 0xff,
    0xb0, 0x98, 0x58, 0xff, 0xb0, 0x98, 0x58, 0xff, 0xb0, 0x98, 0x58, 0xff,
    0xa8, 0x98, 0x58, 0xff, 0xb0, 0x98, 0x58, 0xff, 0xb0, 0x98, 0x58, 0xff,
    0xa8, 0x98, 0x58, 0xff, 0xb0, 0x98, 0x58, 0xff, 0xb0, 0x98, 0x60, 0xff,
    0xb0, 0x9c, 0x60, 0xff, 0xb0, 0x98, 0x58, 0xff, 0xa8, 0x98, 0x58, 0xff,
    0xb0, 0x98, 0x58, 0xff, 0xb0, 0x98, 0x58, 0xff, 0xb0, 0x98, 0x58, 0xff,
    0xb0, 0x98, 0x58, 0xff, 0xb0, 0x98, 0x58, 0xff, 0xb0, 0x98, 0x58, 0xff,
    0xb0, 0x98, 0x58, 0xff, 0xb0, 0x9c, 0x60, 0xff, 0xb0, 0x9c, 0x60, 0xff,
    0xb0, 0x98, 0x58, 0xff, 0x80, 0x74, 0x78, 0xff, 0x40, 0x40, 0x60, 0xff,
    0x20, 0x30, 0x40, 0xff, 0x20, 0x30, 0x58, 0xff, 0x18, 0x24, 0x50, 0xff,
    0x18, 0x24, 0x40, 0xff, 0x18, 0x24, 0x40, 0x41, 0x48, 0x58, 0xe8, 0xff,
    0x48, 0x58, 0xe8, 0xff, 0x48, 0x5c, 0xf0, 0xff, 0x50, 0x5c, 0xe8, 0xff,
    0x48, 0x58, 0xe8, 0xff, 0x48, 0x5c, 0xe8, 0xff, 0x48, 0x58, 0xf0, 0xff,
    0x48, 0x5c, 0xe8, 0xff, 0x48, 0x58, 0xf0, 0xff, 0x48, 0x58, 0xe8, 0xff,
    0x48, 0x58, 0xe8, 0xff, 0x48, 0x58, 0xf0, 0xff, 0x48, 0x54, 0xe8, 0xff,
    0x48, 0x58, 0xe8, 0xff, 0x48, 0x58, 0xe8, 0xff, 0x48, 0x58, 0xe8, 0xff,
    0x48, 0x54, 0xe8, 0xff, 0x48, 0x58, 0xe8, 0xff, 0x48, 0x58, 0xe8, 0xff,
    0x48, 0x58, 0xe8, 0xff, 0x48, 0x58, 0xf0, 0xff, 0x48, 0x58, 0xe8, 0xff,
    0x48, 0x58, 0xe8, 0xff, 0x48, 0x5c, 0xf0, 0xff, 0x48, 0x5c, 0xf0, 0xff,
    0x50, 0x5c, 0xf0, 0xff, 0x50, 0x5c, 0xf0, 0xff, 0x48, 0x5c, 0xf0, 0xff,
    0x48, 0x5c, 0xf0, 0xff, 0x48, 0x58, 0xf0, 0xff, 0x48, 0x58, 0xf0, 0xff,
    0x48, 0x58, 0xe8, 0xff, 0x48, 0x58, 0xe8, 0xff, 0x48, 0x58, 0xf0, 0xff,
    0x48, 0x5c, 0xf0, 0xff, 0x48, 0x5c, 0xf0, 0xff, 0x50, 0x5c, 0xf0, 0xff,
    0x50, 0x60, 0xf0, 0xff, 0x50, 0x64, 0xf8, 0xff, 0x50, 0x60, 0xf8, 0xff,
    0x50, 0x60, 0xf0, 0xff, 0x50, 0x60, 0xf8, 0xff, 0x50, 0x64, 0xf8, 0xff,
    0x50, 0x68, 0xf8, 0xff, 0x50, 0x64, 0xf0, 0xff, 0x50, 0x64, 0xf8, 0xff,
    0x50, 0x64, 0xf8, 0xff, 0x50, 0x60, 0xf0, 0xff, 0x50, 0x60, 0xf8, 0xff,
    0x50, 0x64, 0xf0, 0xff, 0x50, 0x64, 0xf8, 0xff, 0x50, 0x64, 0xf0, 0xff,
    0x50, 0x68, 0xf8, 0xff, 0x50, 0x64, 0xf0, 0xff, 0x50, 0x60, 0xf0, 0xff,
    0x50, 0x64, 0xf0, 0xff, 0x50, 0x60, 0xf0, 0xff, 0x50, 0x60, 0xf0, 0xff,
    0x50, 0x64, 0xf8, 0xff, 0x50, 0x60, 0xf0, 0xff, 0x48, 0x58, 0xf0, 0xff,
    0x40, 0x4c, 0xe8, 0xff, 0x38, 0x40, 0xd8, 0xff, 0x28, 0x30, 0xa0, 0xff,
    0x18, 0x28, 0x58, 0xff, 0x18, 0x28, 0x68, 0xff, 0x18, 0x2c, 0x70, 0xff,
    0x18, 0x2c, 0x68, 0xff, 0x28, 0x34, 0x78, 0xff, 0x38, 0x48, 0x88, 0xff,
    0x38, 0x4c, 0x80, 0xff, 0x30, 0x3c, 0x78, 0xff, 0x40, 0x50, 0x90, 0xff,
    0x30, 0x40, 0x78, 0xff, 0x78, 0x80, 0xb8, 0xff, 0x48, 0x50, 0x68, 0xff,
    0xa0, 0x8c, 0x50, 0xff, 0xa8, 0x94, 0x50, 0xff, 0xa8, 0x94, 0x50, 0xff,
    0xa8, 0x94, 0x50, 0xff, 0xa8, 0x94, 0x50, 0xff, 0xa8, 0x94, 0x50, 0xff,
    0xa8, 0x94, 0x50, 0xff, 0xa8, 0x94, 0x50, 0xff, 0xa8, 0x94, 0x50, 0xff,
    0xa8, 0x94, 0x50, 0xff, 0xa8, 0x94, 0x50, 0xff, 0xa8, 0x94, 0x50, 0xff,
    0xa8, 0x94, 0x50, 0xff, 0xa8, 0x94, 0x50, 0xff, 0xa8, 0x94, 0x50, 0xff,
    0xa8, 0x94, 0x50, 0xff, 0xb0, 0x94, 0x50, 0xff, 0xa8, 0x94, 0x50, 0xff,
    0xb0, 0x94, 0x50, 0xff, 0xb0, 0x94, 0x50, 0xff, 0xb0, 0x94, 0x58, 0xff,
    0xb0, 0x94, 0x58, 0xff, 0xb0, 0x94, 0x58, 0xff, 0xa8, 0x94, 0x58, 0xff,
    0xa8, 0x98, 0x58, 0xff, 0xb0, 0x98, 0x50, 0xff, 0xb0, 0x98, 0x58, 0xff,
    0xb0, 0x98, 0x58, 0xff, 0xb0, 0x98, 0x50, 0xff, 0xa8, 0x94, 0x58, 0xff,
    0xb0, 0x98, 0x58, 0xff, 0xb0, 0x98, 0x58, 0xff, 0xb0, 0x98, 0x58, 0xff,
    0xa8, 0x98, 0x58, 0xff, 0xb0, 0x98, 0x58, 0xff, 0xb0, 0x98, 0x58, 0xff,
    0xa8, 0x98, 0x58, 0xff, 0xa8, 0x98, 0x50, 0xff, 0xb0, 0x94, 0x58, 0xff,
    0xb0, 0x98, 0x50, 0xff, 0x60, 0x5c, 0x58, 0xff, 0x18, 0x28, 0x50, 0xff,
    0x18, 0x28, 0x50, 0xff, 0x18, 0x28, 0x58, 0xff, 0x18, 0x28, 0x58, 0xff,
    0x18, 0x28, 0x58, 0xff, 0x18, 0x2c, 0x50, 0xff, 0x30, 0x3c, 0x68, 0xff,
    0x80, 0x74, 0x70, 0xff, 0xb0, 0x98, 0x58, 0xff, 0xb0, 0x98, 0x58, 0xff,
    0xb0, 0x98, 0x58, 0xff, 0xb0, 0x98, 0x58, 0xff, 0xb0, 0x98, 0x58, 0xff,
    0xb0, 0x98, 0x58, 0xff, 0xb0, 0x98, 0x58, 0xff, 0xb0, 0x98, 0x58, 0xff,
    0xa8, 0x98, 0x58, 0xff, 0xb0, 0x98, 0x58, 0xff, 0xb0, 0x98, 0x60, 0xff,
    0xb0, 0x9c, 0x58, 0xff, 0xb0, 0x98, 0x60, 0xff, 0xb0, 0x98, 0x58, 0xff,
    0xb0, 0x9c, 0x58, 0xff, 0xb0, 0x98, 0x58, 0xff, 0xb0, 0x9c, 0x58, 0xff,
    0xb0, 0x9c, 0x58, 0xff, 0xb0, 0x9c, 0x58, 0xff, 0xb0, 0x98, 0x58, 0xff,
    0xb0, 0x9c, 0x58, 0xff, 0xb0, 0x9c, 0x58, 0xff, 0xb0, 0x98, 0x58, 0xff,
    0xb0, 0x98, 0x58, 0xff, 0xb0, 0x98, 0x60, 0xff, 0xa8, 0x98, 0x58, 0xff,
    0xb0, 0x9c, 0x58, 0xff, 0xb0, 0x9c, 0x60, 0xff, 0xb0, 0x9c, 0x60, 0xff,
    0xb0, 0x9c, 0x60, 0xff, 0xb0, 0x9c, 0x58, 0xff, 0xb0, 0x9c, 0x58, 0xff,
    0xb0, 0x9c, 0x58, 0xff, 0xb0, 0x9c, 0x60, 0xff, 0xb0, 0x9c, 0x60, 0xff,
    0xb0, 0x9c, 0x60, 0xff, 0xb0, 0x9c, 0x60, 0xff, 0xb0, 0x9c, 0x60, 0xff,
    0xb0, 0x9c, 0x60, 0xff, 0xb0, 0x98, 0x60, 0xff, 0x80, 0x74, 0x78, 0xff,
    0x40, 0x40, 0x60, 0xff, 0x20, 0x30, 0x40, 0xff, 0x20, 0x30, 0x58, 0xff,
    0x18, 0x24, 0x50, 0xff, 0x18, 0x24, 0x40, 0xff, 0x18, 0x24, 0x40, 0x41,
    0x48, 0x58, 0xe8, 0xff, 0x48, 0x58, 0xf0, 0xff, 0x50, 0x5c, 0xe8, 0xff,
    0x48, 0x5c, 0xf0, 0xff, 0x48, 0x5c, 0xe8, 0xff, 0x48, 0x58, 0xe8, 0xff,
    0x48, 0x58, 0xe8, 0xff, 0x48, 0x54, 0xe8, 0xff, 0x48, 0x58, 0xe8, 0xff,
    0x48, 0x58, 0xf0, 0xff, 0x48, 0x58, 0xe8, 0xff, 0x48, 0x58, 0xe8, 0xff,
    0x48, 0x58, 0xe8, 0xff, 0x48, 0x58, 0xe8, 0xff, 0x48, 0x58, 0xf0, 0xff,
    0x48, 0x58, 0xf0, 0xff, 0x48, 0x58, 0xf0, 0xff, 0x48, 0x58, 0xf0, 0xff,
    0x48, 0x58, 0xe8, 0xff, 0x48, 0x58, 0xe8, 0xff, 0x48, 0x5c, 0xf0, 0xff,
    0x48, 0x5c, 0xf0, 0xff, 0x48, 0x5c, 0xf0, 0xff, 0x48, 0x5c, 0xe8, 0xff,
    0x48, 0x5c, 0xf0, 0xff, 0x50, 0x5c, 0xf0, 0xff, 0x50, 0x60, 0xf0, 0xff,
    0x48, 0x5c, 0xf0, 0xff, 0x48, 0x5c, 0xf0, 0xff, 0x48, 0x5c, 0xf0, 0xff,
    0x48, 0x5c, 0xf0, 0xff, 0x48, 0x58, 0xf0, 0xff, 0x48, 0x58, 0xf0, 0xff,
    0x48, 0x58, 0xe8, 0xff, 0x40, 0x54, 0xe8, 0xff, 0x48, 0x58, 0xf0, 0xff,
    0x48, 0x5c, 0xf0, 0xff, 0x48, 0x5c, 0xf0, 0xff, 0x50, 0x60, 0xf8, 0xff,
    0x50, 0x60, 0xf0, 0xff, 0x50, 0x60, 0xf0, 0xff, 0x50, 0x60, 0xf0, 0xff,
    0x50, 0x60, 0xf0, 0xff, 0x50, 0x64, 0xf0, 0xff, 0x50, 0x64, 0xf8, 0xff,
    0x50, 0x64, 0xf8, 0xff, 0x50, 0x64, 0xf0, 0xff, 0x50, 0x60, 0xf0, 0xff,
    0x50, 0x64, 0xf8, 0xff, 0x50, 0x64, 0xf8, 0xff, 0x58, 0x64, 0xf0, 0xff,
    0x50, 0x64, 0xf0, 0xff, 0x50, 0x64, 0xf0, 0xff, 0x50, 0x60, 0xf0, 0xff,
    0x58, 0x64, 0xf8, 0xff, 0x50, 0x60, 0xf8, 0xff, 0x50, 0x64, 0xf8, 0xff,
    0x50, 0x64, 0xf8, 0xff, 0x50, 0x64, 0xf8, 0xff, 0x50, 0x5c, 0xf0, 0xff,
    0x48, 0x54, 0xf0, 0xff, 0x40, 0x4c, 0xe8, 0xff, 0x30, 0x40, 0xd8, 0xff,
    0x28, 0x30, 0xa8, 0xff, 0x18, 0x28, 0x58, 0xff, 0x18, 0x28, 0x68, 0xff,
    0x18, 0x28, 0x68, 0xff, 0x18, 0x28, 0x68, 0xff, 0x20, 0x34, 0x70, 0xff,
    0x30, 0x44, 0x80, 0xff, 0x38, 0x4c, 0x80, 0xff, 0x30, 0x40, 0x80, 0xff,
    0x40, 0x54, 0x98, 0xff, 0x30, 0x40, 0x78, 0xff, 0x78, 0x7c, 0xb8, 0xff,
    0x48, 0x50, 0x68, 0xff, 0xa0, 0x90, 0x50, 0xff, 0xb0, 0x94, 0x50, 0xff,
    0xa8, 0x94, 0x50, 0xff, 0xa8, 0x94, 0x50, 0xff, 0xa8, 0x94, 0x50, 0xff,
    0xb0, 0x94, 0x50, 0xff, 0xa8, 0x94, 0x50, 0xff, 0xa8, 0x94, 0x50, 0xff,
    0xa8, 0x94, 0x50, 0xff, 0xa8, 0x94, 0x50, 0xff, 0xa8, 0x94, 0x58, 0xff,
    0xb0, 0x94, 0x50, 0xff, 0xa8, 0x94, 0x58, 0xff, 0xb0, 0x94, 0x50, 0xff,
    0xa8, 0x94, 0x50, 0xff, 0xa8, 0x94, 0x50, 0xff, 0xb0, 0x94, 0x58, 0xff,
    0xa8, 0x94, 0x50, 0xff, 0xa8, 0x94, 0x58, 0xff, 0xb0, 0x98, 0x58, 0xff,
    0xa8, 0x98, 0x58, 0xff, 0xa8, 0x98, 0x58, 0xff, 0xb0, 0x98, 0x58, 0xff,
    0xb0, 0x98, 0x58, 0xff, 0xa8, 0x94, 0x58, 0xff, 0xb0, 0x98, 0x58, 0xff,
    0xa8, 0x98, 0x58, 0xff, 0xb0, 0x98, 0x58, 0xff, 0xb0, 0x98, 0x58, 0xff,
    0xa8, 0x98, 0x58, 0xff, 0xa8, 0x98, 0x58, 0xff, 0xa8, 0x98, 0x58, 0xff,
    0xa8, 0x98, 0x50, 0xff, 0xa8, 0x98, 0x58, 0xff, 0xa8, 0x94, 0x58, 0xff,
    0xa8, 0x98, 0x58, 0xff, 0xb0, 0x98, 0x58, 0xff, 0xa8, 0x98, 0x58, 0xff,
    0xa8, 0x9c, 0x58, 0xff, 0xb0, 0x98, 0x58, 0xff, 0x60, 0x60, 0x58, 0xff,
    0x18, 0x28, 0x48, 0xff, 0x18, 0x24, 0x50, 0xff, 0x18, 0x28, 0x58, 0xff,
    0x18, 0x28, 0x58, 0xff, 0x18, 0x28, 0x58, 0xff, 0x18, 0x28, 0x50, 0xff,
    0x30, 0x3c, 0x68, 0xff, 0x80, 0x78, 0x78, 0xff, 0xb0, 0x9c, 0x58, 0xff,
    0xb0, 0x9c, 0x60, 0xff, 0xb0, 0x9c, 0x60, 0xff, 0xa8, 0x9c, 0x58, 0xff,
    0xa8, 0x9c, 0x58, 0xff, 0xb0, 0x9c, 0x58, 0xff, 0xa8, 0x98, 0x60, 0xff,
    0xb0, 0x9c, 0x58, 0xff, 0xb0, 0x9c, 0x60, 0xff, 0xb0, 0x98, 0x60, 0xff,
    0xa8, 0x9c, 0x60, 0xff, 0xb0, 0x98, 0x60, 0xff, 0xa8, 0x9c, 0x60, 0xff,
    0xa8, 0x9c, 0x60, 0xff, 0xb0, 0x98, 0x60, 0xff, 0xa8, 0x98, 0x60, 0xff,
    0xb0, 0x9c, 0x60, 0xff, 0xb0, 0x9c, 0x60, 0xff, 0xb0, 0x98, 0x58, 0xff,
    0xb0, 0x9c, 0x58, 0xff, 0xa8, 0x9c, 0x60, 0xff, 0xb0, 0x9c, 0x60, 0xff,
    0xa8, 0x9c, 0x60, 0xff, 0xa8, 0x9c, 0x58, 0xff, 0xb0, 0x9c, 0x60, 0xff,
    0xb0, 0x9c, 0x60, 0xff, 0xb0, 0x9c, 0x60, 0xff, 0xb0, 0x9c, 0x60, 0xff,
    0xb0, 0x98, 0x60, 0xff, 0xb0, 0x98, 0x60, 0xff, 0xb0, 0x9c, 0x60, 0xff,
    0xb0, 0x9c, 0x60, 0xff, 0xb0, 0x9c, 0x60, 0xff, 0xa8, 0x9c, 0x60, 0xff,
    0xb0, 0x9c, 0x60, 0xff, 0xb0, 0x9c, 0x60, 0xff, 0xb0, 0x9c, 0x60, 0xff,
    0xb0, 0x9c, 0x58, 0xff, 0xb0, 0x9c, 0x60, 0xff, 0xb0, 0x9c, 0x60, 0xff,
    0x80, 0x74, 0x78, 0xff, 0x40, 0x44, 0x68, 0xff, 0x20, 0x2c, 0x40, 0xff,
    0x20, 0x2c, 0x50, 0xff, 0x18, 0x24, 0x48, 0xff, 0x10, 0x24, 0x40, 0xff,
    0x10, 0x24, 0x40, 0x41, 0x48, 0x58, 0xe8, 0xff, 0x48, 0x58, 0xe8, 0xff,
    0x48, 0x5c, 0xe8, 0xff, 0x48, 0x5c, 0xe8, 0xff, 0x48, 0x58, 0xe8, 0xff,
    0x48, 0x58, 0xf0, 0xff, 0x48, 0x58, 0xe8, 0xff, 0x48, 0x54, 0xe8, 0xff,
    0x48, 0x54, 0xe8, 0xff, 0x48, 0x54, 0xe8, 0xff, 0x48, 0x58, 0xf0, 0xff,
    0x48, 0x58, 0xf0, 0xff, 0x48, 0x5c, 0xf0, 0xff, 0x48, 0x58, 0xf0, 0xff,
    0x48, 0x5c, 0xf0, 0xff, 0x48, 0x5c, 0xe8, 0xff, 0x48, 0x58, 0xf0, 0xff,
    0x48, 0x5c, 0xf0, 0xff, 0x48, 0x58, 0xe8, 0xff, 0x48, 0x58, 0xe8, 0xff,
    0x48, 0x58, 0xf0, 0xff, 0x48, 0x5c, 0xf0, 0xff, 0x48, 0x5c, 0xf0, 0xff,
    0x48, 0x58, 0xf0, 0xff, 0x48, 0x5c, 0xf0, 0xff, 0x50, 0x5c, 0xf0, 0xff,
    0x50, 0x60, 0xf0, 0xff, 0x48, 0x60, 0xf0, 0xff, 0x48, 0x5c, 0xf0, 0xff,
    0x48, 0x5c, 0xf0, 0xff, 0x48, 0x58, 0xf0, 0xff, 0x48, 0x58, 0xf0, 0xff,
    0x48, 0x58, 0xf0, 0xff, 0x48, 0x5c, 0xf0, 0xff, 0x48, 0x58, 0xf0, 0xff,
    0x40, 0x54, 0xe8, 0xff, 0x48, 0x58, 0xf0, 0xff, 0x48, 0x5c, 0xf0, 0xff,
    0x50, 0x60, 0xf8, 0xff, 0x50, 0x60, 0xf8, 0xff, 0x50, 0x60, 0xf0, 0xff,
    0x50, 0x60, 0xf0, 0xff, 0x50, 0x60, 0xf0, 0xff, 0x50, 0x64, 0xf0, 0xff,
    0x50, 0x64, 0xf8, 0xff, 0x50, 0x64, 0xf0, 0xff, 0x50, 0x64, 0xf8, 0xff,
    0x50, 0x64, 0xf8, 0xff, 0x50, 0x64, 0xf0, 0xff, 0x58, 0x64, 0xf8, 0xff,
    0x50, 0x64, 0xf0, 0xff, 0x58, 0x64, 0xf0, 0xff, 0x50, 0x64, 0xf8, 0xff,
    0x50, 0x64, 0xf0, 0xff, 0x50, 0x64, 0xf8, 0xff, 0x58, 0x64, 0xf8, 0xff,
    0x58, 0x68, 0xf8, 0xff, 0x50, 0x68, 0xf8, 0xff, 0x50, 0x64, 0xf8, 0xff,
    0x50, 0x60, 0xf0, 0xff, 0x48, 0x54, 0xf0, 0xff, 0x40, 0x4c, 0xe8, 0xff,
    0x38, 0x44, 0xd8, 0xff, 0x28, 0x30, 0xa8, 0xff, 0x18, 0x28, 0x60, 0xff,
    0x18, 0x2c, 0x68, 0xff, 0x18, 0x2c, 0x68, 0xff, 0x18, 0x28, 0x70, 0xff,
    0x28, 0x34, 0x70, 0xff, 0x30, 0x44, 0x80, 0xff, 0x38, 0x48, 0x80, 0xff,
    0x30, 0x3c, 0x78, 0xff, 0x40, 0x50, 0x90, 0xff, 0x30, 0x44, 0x78, 0xff,
    0x70, 0x78, 0xb0, 0xff, 0x48, 0x50, 0x68, 0xff, 0xa8, 0x90, 0x58, 0xff,
    0xb0, 0x98, 0x50, 0xff, 0xa8, 0x98, 0x58, 0xff, 0xb0, 0x98, 0x58, 0xff,
    0xb0, 0x98, 0x58, 0xff, 0xa8, 0x94, 0x58, 0xff, 0xa8, 0x98, 0x58, 0xff,
    0xa8, 0x94, 0x58, 0xff, 0xb0, 0x94, 0x50, 0xff, 0xb0, 0x98, 0x58, 0xff,
    0xb0, 0x98, 0x58, 0xff, 0xa8, 0x98, 0x58, 0xff, 0xb0, 0x94, 0x58, 0xff,
    0xa8, 0x98, 0x58, 0xff, 0xb0, 0x94, 0x58, 0xff, 0xb0, 0x98, 0x58, 0xff,
    0xb0, 0x98, 0x58, 0xff, 0xb0, 0x98, 0x58, 0xff, 0xa8, 0x98, 0x58, 0xff,
    0xa8, 0x98, 0x58, 0xff, 0xb0, 0x98, 0x58, 0xff, 0xa8, 0x98, 0x58, 0xff,
    0xa8, 0x98, 0x50, 0xff, 0xb0, 0x98, 0x58, 0xff, 0xa8, 0x94, 0x58, 0xff,
    0xa8, 0x98, 0x58, 0xff, 0xa8, 0x98, 0x58, 0xff, 0xa8, 0x98, 0x58, 0xff,
    0xa8, 0x98, 0x58, 0xff, 0xb0, 0x98, 0x58, 0xff, 0xb0, 0x98, 0x58, 0xff,
    0xb0, 0x98, 0x58, 0xff, 0xa8, 0x98, 0x58, 0xff, 0xb0, 0x98, 0x58, 0xff,
    0xb0, 0x98, 0x58, 0xff, 0xb0, 0x9c, 0x58, 0xff, 0xb0, 0x98, 0x60, 0xff,
    0xb0, 0x9c, 0x58, 0xff, 0xa8, 0x98, 0x58, 0xff, 0xb0, 0x9c, 0x58, 0xff,
    0x68, 0x60, 0x60, 0xff, 0x18, 0x28, 0x50, 0xff, 0x18, 0x28, 0x58, 0xff,
    0x18, 0x28, 0x58, 0xff, 0x18, 0x28, 0x58, 0xff, 0x18, 0x28, 0x58, 0xff,
    0x18, 0x28, 0x50, 0xff, 0x28, 0x3c, 0x68, 0xff, 0x80, 0x78, 0x78, 0xff,
    0xb0, 0x9c, 0x60, 0xff, 0xa8, 0x9c, 0x60, 0xff, 0xa8, 0x9c, 0x58, 0xff,
    0xb0, 0x9c, 0x60, 0xff, 0xb0, 0x9c, 0x60, 0xff, 0xa8, 0x98, 0x60, 0xff,
    0xa8, 0x98, 0x60, 0xff, 0xb0, 0x9c, 0x60, 0xff, 0xb0, 0x9c, 0x60, 0xff,
    0xb0, 0x9c, 0x60, 0xff, 0xb0, 0x9c, 0x60, 0xff, 0xb0, 0x9c, 0x60, 0xff,
    0xb0, 0x9c, 0x60, 0xff, 0xb0, 0x9c, 0x60, 0xff, 0xb0, 0x9c, 0x60, 0xff,
    0xb0, 0x9c, 0x60, 0xff, 0xb0, 0x9c, 0x60, 0xff, 0xa8, 0x9c, 0x60, 0xff,
    0xb0, 0x9c, 0x60, 0xff, 0xb0, 0x9c, 0x60, 0xff, 0xb0, 0x9c, 0x60, 0xff,
    0xb0, 0x9c, 0x60, 0xff, 0xb0, 0x9c, 0x60, 0xff, 0xb0, 0x9c, 0x60, 0xff,
    0xb0, 0x9c, 0x60, 0xff, 0xb0, 0x9c, 0x60, 0xff, 0xb0, 0x9c, 0x60, 0xff,
    0xb0, 0x9c, 0x60, 0xff, 0xa8, 0x9c, 0x60, 0xff, 0xb0, 0x9c, 0x60, 0xff,
    0xb0, 0x9c, 0x60, 0xff, 0xa8, 0x9c, 0x60, 0xff, 0xb0, 0x9c, 0x60, 0xff,
    0xb0, 0x9c, 0x60, 0xff, 0xa8, 0x9c, 0x60, 0xff, 0xa8, 0x9c, 0x60, 0xff,
    0xb0, 0x9c, 0x60, 0xff, 0xb0, 0x9c, 0x60, 0xff, 0xb0, 0x9c, 0x60, 0xff,
    0xb0, 0x9c, 0x60, 0xff, 0x80, 0x74, 0x78, 0xff, 0x40, 0x44, 0x68, 0xff,
    0x20, 0x2c, 0x40, 0xff, 0x18, 0x2c, 0x50, 0xff, 0x18, 0x28, 0x48, 0xff,
    0x18, 0x28, 0x40, 0xff, 0x18, 0x24, 0x38, 0x41, 0x48, 0x58, 0xe8, 0xff,
    0x48, 0x58, 0xe8, 0xff, 0x48, 0x58, 0xf0, 0xff, 0x50, 0x58, 0xe8, 0xff,
    0x50, 0x58, 0xf0, 0xff, 0x48, 0x58, 0xf0, 0xff, 0x48, 0x58, 0xf0, 0xff,
    0x48, 0x58, 0xf0, 0xff, 0x48, 0x58, 0xf0, 0xff, 0x48, 0x54, 0xe8, 0xff,
    0x48, 0x58, 0xe8, 0xff, 0x48, 0x58, 0xf0, 0xff, 0x48, 0x54, 0xe8, 0xff,
    0x50, 0x5c, 0xf0, 0xff, 0x50, 0x5c, 0xf0, 0xff, 0x48, 0x58, 0xe8, 0xff,
    0x48, 0x58, 0xe8, 0xff, 0x48, 0x5c, 0xf0, 0xff, 0x48, 0x58, 0xe8, 0xff,
    0x48, 0x58, 0xe8, 0xff, 0x48, 0x58, 0xf0, 0xff, 0x50, 0x5c, 0xf0, 0xff,
    0x50, 0x5c, 0xe8, 0xff, 0x48, 0x58, 0xf0, 0xff, 0x48, 0x5c, 0xf0, 0xff,
    0x50, 0x5c, 0xf0, 0xff, 0x50, 0x60, 0xf0, 0xff, 0x50, 0x60, 0xf0, 0xff,
    0x50, 0x60, 0xf0, 0xff, 0x48, 0x5c, 0xf0, 0xff, 0x48, 0x5c, 0xf0, 0xff,
    0x48, 0x5c, 0xf0, 0xff, 0x48, 0x58, 0xf0, 0xff, 0x48, 0x5c, 0xf0, 0xff,
    0x48, 0x5c, 0xf0, 0xff, 0x48, 0x5c, 0xf0, 0xff, 0x38, 0x4c, 0xe8, 0xff,
    0x48, 0x58, 0xf0, 0xff, 0x50, 0x60, 0xf0, 0xff, 0x50, 0x60, 0xf8, 0xff,
    0x50, 0x60, 0xf0, 0xff, 0x50, 0x60, 0xf8, 0xff, 0x50, 0x64, 0xf8, 0xff,
    0x50, 0x64, 0xf8, 0xff, 0x50, 0x64, 0xf8, 0xff, 0x50, 0x60, 0xf0, 0xff,
    0x50, 0x64, 0xf0, 0xff, 0x58, 0x64, 0xf8, 0xff, 0x58, 0x64, 0xf0, 0xff,
    0x50, 0x68, 0xf8, 0xff, 0x50, 0x64, 0xf0, 0xff, 0x58, 0x68, 0xf8, 0xff,
    0x58, 0x64, 0xf8, 0xff, 0x58, 0x64, 0xf0, 0xff, 0x50, 0x60, 0xf0, 0xff,
    0x58, 0x68, 0xf8, 0xff, 0x50, 0x68, 0xf8, 0xff, 0x50, 0x68, 0xf8, 0xff,
    0x50, 0x64, 0xf8, 0xff, 0x50, 0x60, 0xf0, 0xff, 0x48, 0x58, 0xf0, 0xff,
    0x40, 0x50, 0xe8, 0xff, 0x38, 0x44, 0xe0, 0xff, 0x28, 0x30, 0xa8, 0xff,
    0x18, 0x28, 0x60, 0xff, 0x18, 0x2c, 0x68, 0xff, 0x18, 0x2c, 0x68, 0xff,
    0x18, 0x28, 0x70, 0xff, 0x28, 0x38, 0x78, 0xff, 0x30, 0x40, 0x78, 0xff,
    0x38, 0x48, 0x80, 0xff, 0x28, 0x38, 0x70, 0xff, 0x38, 0x50, 0x90, 0xff,
    0x38, 0x44, 0x80, 0xff, 0x70, 0x7c, 0xb0, 0xff, 0x48, 0x4c, 0x68, 0xff,
    0xa0, 0x90, 0x50, 0xff, 0xa8, 0x98, 0x58, 0xff, 0xa8, 0x98, 0x50, 0xff,
    0xa8, 0x98, 0x50, 0xff, 0xa8, 0x94, 0x50, 0xff, 0xb0, 0x98, 0x58, 0xff,
    0xa8, 0x98, 0x58, 0xff, 0xa8, 0x98, 0x58, 0xff, 0xa8, 0x98, 0x58, 0xff,
    0xa8, 0x98, 0x58, 0xff, 0xa8, 0x98, 0x58, 0xff, 0xa8, 0x94, 0x50, 0xff,
    0xa8, 0x98, 0x58, 0xff, 0xa8, 0x94, 0x50, 0xff, 0xa8, 0x98, 0x58, 0xff,
    0xa8, 0x98, 0x58, 0xff, 0xa8, 0x98, 0x58, 0xff, 0xb0, 0x98, 0x58, 0xff,
    0xa8, 0x98, 0x50, 0xff, 0xb0, 0x98, 0x58, 0xff, 0xb0, 0x98, 0x58, 0xff,
    0xa8, 0x98, 0x58, 0xff, 0xb0, 0x98, 0x58, 0xff, 0xa8, 0x98, 0x58, 0xff,
    0xa8, 0x98, 0x58, 0xff, 0xb0, 0x98, 0x58, 0xff, 0xb0, 0x9c, 0x58, 0xff,
    0xb0, 0x9c, 0x58, 0xff, 0xa8, 0x9c, 0x58, 0xff, 0xb0, 0x9c, 0x58, 0xff,
    0xa8, 0x98, 0x58, 0xff, 0xa8, 0x9c, 0x58, 0xff, 0xb0, 0x9c, 0x60, 0xff,
    0xb0, 0x98, 0x60, 0xff, 0xb0, 0x9c, 0x60, 0xff, 0xa8, 0x98, 0x60, 0xff,
    0xb0, 0x9c, 0x60, 0xff, 0xb0, 0x98, 0x60, 0xff, 0xb0, 0x9c, 0x60, 0xff,
    0xb0, 0x98, 0x58, 0xff, 0x68, 0x68, 0x58, 0xff, 0x18, 0x28, 0x50, 0xff,
    0x18, 0x28, 0x58, 0xff, 0x18, 0x28, 0x58, 0xff, 0x18, 0x28, 0x60, 0xff,
    0x18, 0x28, 0x60, 0xff, 0x18, 0x28, 0x50, 0xff, 0x30, 0x38, 0x68, 0xff,
    0x80, 0x7c, 0x78, 0xff, 0xb0, 0x9c, 0x60, 0xff, 0xb0, 0x9c, 0x60, 0xff,
    0xa8, 0x9c, 0x60, 0xff, 0xb0, 0x9c, 0x60, 0xff, 0xb0, 0x9c, 0x60, 0xff,
    0xb0, 0x9c, 0x60, 0xff, 0xb0, 0x9c, 0x60, 0xff, 0xa8, 0x9c, 0x60, 0xff,
    0xb0, 0xa0, 0x60, 0xff, 0xb0, 0xa0, 0x60, 0xff, 0xb0, 0x9c, 0x60, 0xff,
    0xb0, 0xa0, 0x60, 0xff, 0xb0, 0x9c, 0x60, 0xff, 0xb0, 0x9c, 0x60, 0xff,
    0xb0, 0x9c, 0x60, 0xff, 0xb0, 0xa0, 0x60, 0xff, 0xb0, 0x9c, 0x60, 0xff,
    0xb0, 0x9c, 0x60, 0xff, 0xb0, 0x9c, 0x60, 0xff, 0xb0, 0x9c, 0x60, 0xff,
    0xb0, 0x9c, 0x60, 0xff, 0xb0, 0x9c, 0x60, 0xff, 0xb0, 0x9c, 0x60, 0xff,
    0xb0, 0x9c, 0x60, 0xff, 0xb0, 0x9c, 0x60, 0xff, 0xb0, 0x9c, 0x60, 0xff,
    0xb0, 0x9c, 0x60, 0xff, 0xb0, 0x9c, 0x60, 0xff, 0xb0, 0x9c, 0x60, 0xff,
    0xa8, 0xa0, 0x60, 0xff, 0xa8, 0x9c, 0x60, 0xff, 0xb0, 0xa0, 0x68, 0xff,
    0xb0, 0xa0, 0x68, 0xff, 0xb0, 0xa0, 0x68, 0xff, 0xb0, 0x9c, 0x68, 0xff,
    0xb0, 0xa0, 0x70, 0xff, 0xb0, 0xa0, 0x68, 0xff, 0xb0, 0x9c, 0x60, 0xff,
    0xb0, 0xa0, 0x60, 0xff, 0xb0, 0x9c, 0x60, 0xff, 0x80, 0x78, 0x78, 0xff,
    0x40, 0x44, 0x70, 0xff, 0x20, 0x2c, 0x40, 0xff, 0x20, 0x2c, 0x50, 0xff,
    0x10, 0x24, 0x48, 0xff, 0x18, 0x24, 0x40, 0xff, 0x18, 0x24, 0x40, 0x41,
    0x48, 0x58, 0xe8, 0xff, 0x48, 0x58, 0xe8, 0xff, 0x48, 0x58, 0xe8, 0xff,
    0x48, 0x5c, 0xe8, 0xff, 0x50, 0x58, 0xf0, 0xff, 0x48, 0x58, 0xe8, 0xff,
    0x48, 0x58, 0xe8, 0xff, 0x48, 0x58, 0xf0, 0xff, 0x48, 0x58, 0xe8, 0xff,
    0x48, 0x58, 0xf0, 0xff, 0x48, 0x58, 0xe8, 0xff, 0x50, 0x58, 0xf0, 0xff,
    0x48, 0x58, 0xe8, 0xff, 0x48, 0x58, 0xe8, 0xff, 0x48, 0x58, 0xf0, 0xff,
    0x48, 0x5c, 0xf0, 0xff, 0x50, 0x5c, 0xf0, 0xff, 0x48, 0x5c, 0xf0, 0xff,
    0x48, 0x58, 0xe8, 0xff, 0x40, 0x58, 0xe8, 0xff, 0x48, 0x58, 0xf0, 0xff,
    0x48, 0x5c, 0xf0, 0xff, 0x50, 0x5c, 0xe8, 0xff, 0x48, 0x5c, 0xf0, 0xff,
    0x48, 0x5c, 0xf0, 0xff, 0x48, 0x5c, 0xf0, 0xff, 0x50, 0x60, 0xf0, 0xff,
    0x48, 0x60, 0xf0, 0xff, 0x50, 0x60, 0xf0, 0xff, 0x50, 0x60, 0xf0, 0xff,
    0x48, 0x5c, 0xf0, 0xff, 0x48, 0x5c, 0xf0, 0xff, 0x50, 0x5c, 0xf0, 0xff,
    0x50, 0x5c, 0xf8, 0xff, 0x48, 0x5c, 0xf0, 0xff, 0x50, 0x5c, 0xf0, 0xff,
    0x48, 0x5c, 0xf0, 0xff, 0x40, 0x54, 0xe8, 0xff, 0x50, 0x60, 0xf0, 0xff,
    0x50, 0x60, 0xf8, 0xff, 0x50, 0x64, 0xf8, 0xff, 0x50, 0x60, 0xf0, 0xff,
    0x50, 0x64, 0xf8, 0xff, 0x50, 0x60, 0xf0, 0xff, 0x50, 0x60, 0xf0, 0xff,
    0x50, 0x64, 0xf0, 0xff, 0x58, 0x64, 0xf8, 0xff, 0x58, 0x64, 0xf0, 0xff,
    0x50, 0x64, 0xf8, 0xff, 0x58, 0x68, 0xf8, 0xff, 0x58, 0x68, 0xf8, 0xff,
    0x58, 0x68, 0xf8, 0xff, 0x50, 0x64, 0xf8, 0xff, 0x58, 0x64, 0xf8, 0xff,
    0x50, 0x64, 0xf8, 0xff, 0x58, 0x68, 0xf8, 0xff, 0x58, 0x68, 0xf8, 0xff,
    0x50, 0x68, 0xf8, 0xff, 0x50, 0x64, 0xf0, 0xff, 0x50, 0x60, 0xf0, 0xff,
    0x48, 0x54, 0xf0, 0xff, 0x40, 0x50, 0xe8, 0xff, 0x38, 0x44, 0xe0, 0xff,
    0x28, 0x30, 0xa8, 0xff, 0x18, 0x28, 0x60, 0xff, 0x18, 0x2c, 0x68, 0xff,
    0x20, 0x2c, 0x70, 0xff, 0x18, 0x28, 0x68, 0xff, 0x28, 0x38, 0x78, 0xff,
    0x30, 0x44, 0x80, 0xff, 0x40, 0x4c, 0x88, 0xff, 0x28, 0x38, 0x70, 0xff,
    0x38, 0x48, 0x88, 0xff, 0x30, 0x44, 0x78, 0xff, 0x78, 0x78, 0xb0, 0xff,
    0x48, 0x50, 0x70, 0xff, 0xa0, 0x90, 0x50, 0xff, 0xa8, 0x94, 0x58, 0xff,
    0xa8, 0x98, 0x50, 0xff, 0xa8, 0x98, 0x58, 0xff, 0xb0, 0x94, 0x50, 0xff,
    0xb0, 0x98, 0x58, 0xff, 0xa8, 0x94, 0x50, 0xff, 0xa8, 0x94, 0x50, 0xff,
    0xa8, 0x94, 0x58, 0xff, 0xb0, 0x98, 0x58, 0xff, 0xa8, 0x98, 0x58, 0xff,
    0xb0, 0x98, 0x58, 0xff, 0xb0, 0x98, 0x58, 0xff, 0xa8, 0x98, 0x58, 0xff,
    0xb0, 0x98, 0x58, 0xff, 0xb0, 0x98, 0x58, 0xff, 0xa8, 0x98, 0x58, 0xff,
    0xb0, 0x98, 0x58, 0xff, 0xb0, 0x98, 0x58, 0xff, 0xa8, 0x98, 0x58, 0xff,
    0xb0, 0x98, 0x58, 0xff, 0xb0, 0x9c, 0x58, 0xff, 0xb0, 0x98, 0x58, 0xff,
    0xb0, 0x9c, 0x58, 0xff, 0xb0, 0x98, 0x58, 0xff, 0xb0, 0x9c, 0x60, 0xff,
    0xb0, 0x98, 0x60, 0xff, 0xb0, 0x9c, 0x58, 0xff, 0xb0, 0x9c, 0x58, 0xff,
    0xb0, 0x9c, 0x60, 0xff, 0xb0, 0x9c, 0x60, 0xff, 0xa8, 0x9c, 0x60, 0xff,
    0xb0, 0x9c, 0x60, 0xff, 0xb0, 0x9c, 0x60, 0xff, 0xb0, 0x9c, 0x60, 0xff,
    0xb0, 0x9c, 0x60, 0xff, 0xb0, 0x9c, 0x60, 0xff, 0xb0, 0x9c, 0x60, 0xff,
    0xb0, 0x9c, 0x60, 0xff, 0xb0, 0x9c, 0x58, 0xff, 0x68, 0x68, 0x60, 0xff,
    0x18, 0x28, 0x50, 0xff, 0x18, 0x28, 0x58, 0xff, 0x18, 0x28, 0x60, 0xff,
    0x18, 0x24, 0x60, 0xff, 0x18, 0x28, 0x60, 0xff, 0x18, 0x28, 0x50, 0xff,
    0x30, 0x3c, 0x68, 0xff, 0x80, 0x78, 0x78, 0xff, 0xb0, 0x9c, 0x60, 0xff,
    0xb0, 0xa0, 0x60, 0xff, 0xb0, 0x9c, 0x60, 0xff, 0xa8, 0xa0, 0x60, 0xff,
    0xa8, 0xa0, 0x68, 0xff, 0xb0, 0xa4, 0x78, 0xff, 0xb0, 0xa4, 0x78, 0xff,
    0xb0, 0xa4, 0x78, 0xff, 0xb0, 0xa0, 0x68, 0xff, 0xb0, 0xa0, 0x60, 0xff,
    0xb0, 0xa0, 0x68, 0xff, 0xb0, 0xa0, 0x68, 0xff, 0xb0, 0xa0, 0x68, 0xff,
    0xb0, 0xa0, 0x60, 0xff, 0xb0, 0xa0, 0x60, 0xff, 0xb0, 0xa0, 0x60, 0xff,
    0xb0, 0xa0, 0x60, 0xff, 0xb0, 0xa0, 0x60, 0xff, 0xb0, 0xa0, 0x68, 0xff,
    0xb0, 0xa0, 0x68, 0xff, 0xb0, 0xa0, 0x68, 0xff, 0xb0, 0xa0, 0x60, 0xff,
    0xb0, 0xa0, 0x68, 0xff, 0xb0, 0xa0, 0x68, 0xff, 0xb0, 0x9c, 0x68, 0xff,
    0xb0, 0xa0, 0x68, 0xff, 0xb0, 0xa0, 0x60, 0xff, 0xb0, 0xa0, 0x68, 0xff,
    0xb0, 0xa0, 0x68, 0xff, 0xb0, 0xa0, 0x70, 0xff, 0xb0, 0xa4, 0x78, 0xff,
    0xb0, 0xa8, 0x88, 0xff, 0xb0, 0xa8, 0x88, 0xff, 0xb0, 0xa8, 0x88, 0xff,
    0xb0, 0xa4, 0x78, 0xff, 0xb0, 0xa0, 0x68, 0xff, 0xb0, 0xa0, 0x68, 0xff,
    0xb0, 0xa0, 0x68, 0xff, 0xb0, 0xa0, 0x68, 0xff, 0xb0, 0xa0, 0x60, 0xff,
    0x88, 0x78, 0x80, 0xff, 0x40, 0x44, 0x70, 0xff, 0x18, 0x2c, 0x40, 0xff,
    0x20, 0x2c, 0x50, 0xff, 0x18, 0x24, 0x48, 0xff, 0x18, 0x24, 0x40, 0xff,
    0x18, 0x24, 0x40, 0x41, 0x48, 0x54, 0xe8, 0xff, 0x48, 0x58, 0xe8, 0xff,
    0x48, 0x58, 0xf0, 0xff, 0x48, 0x58, 0xe8, 0xff, 0x48, 0x5c, 0xe8, 0xff,
    0x48, 0x58, 0xf0, 0xff, 0x48, 0x58, 0xe8, 0xff, 0x50, 0x58, 0xf0, 0xff,
    0x48, 0x58, 0xe8, 0xff, 0x50, 0x58, 0xf0, 0xff, 0x48, 0x58, 0xe8, 0xff,
    0x48, 0x58, 0xf0, 0xff, 0x48, 0x58, 0xf0, 0xff, 0x50, 0x58, 0xe8, 0xff,
    0x48, 0x58, 0xe8, 0xff, 0x48, 0x58, 0xe8, 0xff, 0x48, 0x58, 0xf0, 0xff,
    0x48, 0x5c, 0xf0, 0xff, 0x48, 0x58, 0xf0, 0xff, 0x48, 0x58, 0xf0, 0xff,
    0x48, 0x58, 0xf0, 0xff, 0x48, 0x58, 0xe8, 0xff, 0x48, 0x54, 0xe8, 0xff,
    0x48, 0x58, 0xe8, 0xff, 0x48, 0x58, 0xe8, 0xff, 0x48, 0x5c, 0xf0, 0xff,
    0x50, 0x60, 0xf0, 0xff, 0x50, 0x60, 0xf0, 0xff, 0x50, 0x60, 0xf8, 0xff,
    0x50, 0x5c, 0xf8, 0xff, 0x50, 0x5c, 0xf8, 0xff, 0x48, 0x5c, 0xf0, 0xff,
    0x48, 0x5c, 0xf0, 0xff, 0x50, 0x60, 0xf8, 0xff, 0x48, 0x5c, 0xf0, 0xff,
    0x48, 0x5c, 0xf0, 0xff, 0x48, 0x5c, 0xf0, 0xff, 0x48, 0x58, 0xf0, 0xff,
    0x48, 0x5c, 0xf0, 0xff, 0x50, 0x60, 0xf0, 0xff, 0x50, 0x64, 0xf0, 0xff,
    0x50, 0x64, 0xf8, 0xff, 0x50, 0x64, 0xf8, 0xff, 0x58, 0x64, 0xf0, 0xff,
    0x50, 0x60, 0xf0, 0xff, 0x50, 0x60, 0xf8, 0xff, 0x50, 0x64, 0xf0, 0xff,
    0x58, 0x64, 0xf8, 0xff, 0x58, 0x68, 0xf8, 0xff, 0x58, 0x68, 0xf0, 0xff,
    0x50, 0x64, 0xf0, 0xff, 0x50, 0x64, 0xf0, 0xff, 0x50, 0x64, 0xf0, 0xff,
    0x50, 0x64, 0xf0, 0xff, 0x50, 0x64, 0xf8, 0xff, 0x50, 0x64, 0xf0, 0xff,
    0x50, 0x64, 0xf8, 0xff, 0x50, 0x64, 0xf8, 0xff, 0x58, 0x68, 0xf8, 0xff,
    0x50, 0x60, 0xf0, 0xff, 0x48, 0x58, 0xf0, 0xff, 0x40, 0x50, 0xe8, 0xff,
    0x38, 0x44, 0xd8, 0xff, 0x28, 0x30, 0xa8, 0xff, 0x18, 0x28, 0x60, 0xff,
    0x18, 0x28, 0x68, 0xff, 0x18, 0x28, 0x68, 0xff, 0x18, 0x28, 0x68, 0xff,
    0x28, 0x34, 0x70, 0xff, 0x30, 0x44, 0x80, 0xff, 0x40, 0x50, 0x88, 0xff,
    0x28, 0x38, 0x70, 0xff, 0x38, 0x4c, 0x88, 0xff, 0x30, 0x40, 0x78, 0xff,
    0x70, 0x74, 0xb0, 0xff, 0x48, 0x50, 0x70, 0xff, 0xa8, 0x90, 0x58, 0xff,
    0xb0, 0x98, 0x58, 0xff, 0xa8, 0x98, 0x58, 0xff, 0xa8, 0x94, 0x58, 0xff,
    0xa8, 0x94, 0x58, 0xff, 0xa8, 0x94, 0x50, 0xff, 0xa8, 0x98, 0x58, 0xff,
    0xa8, 0x98, 0x58, 0xff, 0xa8, 0x98, 0x50, 0xff, 0xa8, 0x98, 0x58, 0xff,
    0xa8, 0x98, 0x58, 0xff, 0xa8, 0x98, 0x58, 0xff, 0xa8, 0x98, 0x58, 0xff,
    0xa8, 0x98, 0x58, 0xff, 0xa8, 0x98, 0x58, 0xff, 0xa8, 0x98, 0x58, 0xff,
    0xb0, 0x98, 0x58, 0xff, 0xa8, 0x98, 0x58, 0xff, 0xa8, 0x98, 0x58, 0xff,
    0xa8, 0x98, 0x58, 0xff, 0xa8, 0x98, 0x58, 0xff, 0xa8, 0x98, 0x58, 0xff,
    0xb0, 0x9c, 0x58, 0xff, 0xb0, 0x98, 0x58, 0xff, 0xa8, 0x9c, 0x60, 0xff,
    0xa8, 0x98, 0x60, 0xff, 0xa8, 0x98, 0x60, 0xff, 0xa8, 0x98, 0x60, 0xff,
    0xb0, 0x9c, 0x60, 0xff, 0xb0, 0x9c, 0x60, 0xff, 0xb0, 0x9c, 0x60, 0xff,
    0xb0, 0x98, 0x60, 0xff, 0xb0, 0x9c, 0x60, 0xff, 0xb0, 0x9c, 0x60, 0xff,
    0xb0, 0x9c, 0x60, 0xff, 0xa8, 0x9c, 0x60, 0xff, 0xa8, 0x9c, 0x60, 0xff,
    0xb0, 0xa0, 0x60, 0xff, 0xa8, 0xa0, 0x60, 0xff, 0xb0, 0xa0, 0x60, 0xff,
    0x70, 0x68, 0x60, 0xff, 0x18, 0x28, 0x50, 0xff, 0x18, 0x28, 0x58, 0xff,
    0x18, 0x28, 0x60, 0xff, 0x18, 0x24, 0x60, 0xff, 0x18, 0x28, 0x60, 0xff,
    0x18, 0x28, 0x50, 0xff, 0x28, 0x3c, 0x68, 0xff, 0x80, 0x7c, 0x80, 0xff,
    0xb0, 0x9c, 0x60, 0xff, 0xb0, 0x9c, 0x68, 0xff, 0xb0, 0xa0, 0x68, 0xff,
    0xb0, 0xa0, 0x68, 0xff, 0xb0, 0xa0, 0x68, 0xff, 0xb0, 0xa0, 0x68, 0xff,
    0xb0, 0xa4, 0x68, 0xff, 0xb0, 0xa4, 0x70, 0xff, 0xb0, 0xa0, 0x68, 0xff,
    0xb0, 0xa0, 0x68, 0xff, 0xb0, 0xa0, 0x68, 0xff, 0xb0, 0xa0, 0x68, 0xff,
    0xb0, 0xa0, 0x68, 0xff, 0xb0, 0xa0, 0x68, 0xff, 0xb0, 0xa0, 0x68, 0xff,
    0xb0, 0xa0, 0x68, 0xff, 0xb0, 0xa0, 0x68, 0xff, 0xb0, 0xa0, 0x68, 0xff,
    0xb0, 0x9c, 0x68, 0xff, 0xb0, 0xa0, 0x68, 0xff, 0xb0, 0xa0, 0x68, 0xff,
    0xb0, 0xa0, 0x68, 0xff, 0xb0, 0xa0, 0x68, 0xff, 0xb0, 0xa4, 0x70, 0xff,
    0xb0, 0xa4, 0x78, 0xff, 0xb0, 0xa4, 0x70, 0xff, 0xb0, 0xa4, 0x70, 0xff,
    0xb0, 0xa4, 0x70, 0xff, 0xb0, 0xa4, 0x70, 0xff, 0xb0, 0xa4, 0x70, 0xff,
    0xb0, 0xa4, 0x70, 0xff, 0xb0, 0xa4, 0x70, 0xff, 0xb0, 0xa0, 0x70, 0xff,
    0xb0, 0xa4, 0x78, 0xff, 0xb0, 0xa0, 0x70, 0xff, 0xb0, 0xa0, 0x68, 0xff,
    0xb0, 0xa0, 0x68, 0xff, 0xb0, 0xa0, 0x68, 0xff, 0xb0, 0xa0, 0x68, 0xff,
    0xb8, 0xa0, 0x68, 0xff, 0x88, 0x78, 0x80, 0xff, 0x40, 0x44, 0x70, 0xff,
    0x18, 0x28, 0x38, 0xff, 0x18, 0x2c, 0x50, 0xff, 0x18, 0x24, 0x48, 0xff,
    0x18, 0x28, 0x40, 0xff, 0x18, 0x28, 0x40, 0x41, 0x48, 0x54, 0xe8, 0xff,
    0x48, 0x58, 0xe8, 0xff, 0x48, 0x58, 0xf0, 0xff, 0x48, 0x58, 0xe8, 0xff,
    0x48, 0x58, 0xe8, 0xff, 0x48, 0x58, 0xf0, 0xff, 0x48, 0x58, 0xe8, 0xff,
    0x50, 0x58, 0xf0, 0xff, 0x48, 0x58, 0xf0, 0xff, 0x48, 0x58, 0xe8, 0xff,
    0x48, 0x58, 0xe8, 0xff, 0x48, 0x58, 0xf0, 0xff, 0x48, 0x58, 0xe8, 0xff,
    0x50, 0x58, 0xf0, 0xff, 0x48, 0x58, 0xf0, 0xff, 0x48, 0x58, 0xe8, 0xff,
    0x50, 0x58, 0xf0, 0xff, 0x48, 0x5c, 0xf0, 0xff, 0x48, 0x58, 0xf0, 0xff,
    0x48, 0x58, 0xf0, 0xff, 0x48, 0x58, 0xe8, 0xff, 0x48, 0x58, 0xe8, 0xff,
    0x48, 0x58, 0xf0, 0xff, 0x48, 0x58, 0xe8, 0xff, 0x48, 0x58, 0xf0, 0xff,
    0x48, 0x5c, 0xf0, 0xff, 0x50, 0x60, 0xf0, 0xff, 0x50, 0x60, 0xf0, 0xff,
    0x50, 0x60, 0xf0, 0xff, 0x48, 0x5c, 0xf0, 0xff, 0x50, 0x60, 0xf8, 0xff,
    0x48, 0x5c, 0xf0, 0xff, 0x48, 0x5c, 0xf0, 0xff, 0x50, 0x60, 0xf8, 0xff,
    0x48, 0x5c, 0xf0, 0xff, 0x48, 0x5c, 0xf0, 0xff, 0x48, 0x5c, 0xf0, 0xff,
    0x48, 0x5c, 0xf0, 0xff, 0x48, 0x5c, 0xf0, 0xff, 0x50, 0x60, 0xf0, 0xff,
    0x50, 0x60, 0xf0, 0xff, 0x50, 0x60, 0xf8, 0xff, 0x50, 0x60, 0xf8, 0xff,
    0x50, 0x60, 0xf0, 0xff, 0x50, 0x60, 0xf0, 0xff, 0x50, 0x64, 0xf8, 0xff,
    0x50, 0x64, 0xf0, 0xff, 0x58, 0x64, 0xf8, 0xff, 0x58, 0x68, 0xf8, 0xff,
    0x58, 0x6c, 0xf8, 0xff, 0x58, 0x6c, 0xf8, 0xff, 0x58, 0x68, 0xf0, 0xff,
    0x58, 0x68, 0xf8, 0xff, 0x50, 0x64, 0xf8, 0xff, 0x50, 0x64, 0xf0, 0xff,
    0x58, 0x64, 0xf8, 0xff, 0x50, 0x68, 0xf8, 0xff, 0x50, 0x68, 0xf8, 0xff,
    0x58, 0x64, 0xf8, 0xff, 0x50, 0x60, 0xf0, 0xff, 0x48, 0x58, 0xf0, 0xff,
    0x40, 0x50, 0xe8, 0xff, 0x38, 0x44, 0xd8, 0xff, 0x28, 0x30, 0xa8, 0xff,
    0x18, 0x28, 0x60, 0xff, 0x18, 0x2c, 0x68, 0xff, 0x18, 0x2c, 0x68, 0xff,
    0x18, 0x2c, 0x70, 0xff, 0x28, 0x34, 0x70, 0xff, 0x30, 0x44, 0x80, 0xff,
    0x40, 0x50, 0x88, 0xff, 0x28, 0x38, 0x70, 0xff, 0x38, 0x50, 0x90, 0xff,
    0x38, 0x44, 0x80, 0xff, 0x70, 0x74, 0xb0, 0xff, 0x48, 0x50, 0x68, 0xff,
    0xa8, 0x94, 0x50, 0xff, 0xb0, 0x98, 0x58, 0xff, 0xa8, 0x98, 0x58, 0xff,
    0xa8, 0x98, 0x58, 0xff, 0xa8, 0x98, 0x58, 0xff, 0xa8, 0x98, 0x58, 0xff,
    0xa8, 0x98, 0x58, 0xff, 0xb0, 0x98, 0x58, 0xff, 0xb0, 0x98, 0x58, 0xff,
    0xb0, 0x98, 0x58, 0xff, 0xb0, 0x98, 0x58, 0xff, 0xb0, 0x9c, 0x58, 0xff,
    0xb0, 0x9c, 0x58, 0xff, 0xb0, 0x98, 0x58, 0xff, 0xb0, 0x9c, 0x58, 0xff,
    0xa8, 0x9c, 0x58, 0xff, 0xb0, 0x9c, 0x58, 0xff, 0xb0, 0x9c, 0x58, 0xff,
    0xa8, 0x9c, 0x58, 0xff, 0xb0, 0x9c, 0x58, 0xff, 0xb0, 0x9c, 0x58, 0xff,
    0xb0, 0x9c, 0x60, 0xff, 0xa8, 0x9c, 0x58, 0xff, 0xb0, 0x9c, 0x60, 0xff,
    0xb0, 0x9c, 0x60, 0xff, 0xb0, 0x9c, 0x60, 0xff, 0xb0, 0x9c, 0x60, 0xff,
    0xb0, 0x9c, 0x60, 0xff, 0xa8, 0x9c, 0x60, 0xff, 0xb0, 0x9c, 0x60, 0xff,
    0xb0, 0x9c, 0x60, 0xff, 0xb0, 0xa0, 0x60, 0xff, 0xb0, 0x9c, 0x60, 0xff,
    0xb0, 0xa0, 0x60, 0xff, 0xb0, 0xa0, 0x60, 0xff, 0xb0, 0xa0, 0x60, 0xff,
    0xb0, 0xa0, 0x60, 0xff, 0xb0, 0xa0, 0x60, 0xff, 0xb0, 0xa0, 0x60, 0xff,
    0xb0, 0xa0, 0x60, 0xff, 0x70, 0x68, 0x60, 0xff, 0x18, 0x28, 0x50, 0xff,
    0x18, 0x28, 0x58, 0xff, 0x18, 0x28, 0x60, 0xff, 0x18, 0x24, 0x60, 0xff,
    0x20, 0x28, 0x60, 0xff, 0x18, 0x28, 0x50, 0xff, 0x28, 0x3c, 0x68, 0xff,
    0x88, 0x7c, 0x78, 0xff, 0xb0, 0x9c, 0x68, 0xff, 0xb0, 0xa0, 0x68, 0xff,
    0xb0, 0xa4, 0x68, 0xff, 0xb0, 0xa4, 0x68, 0xff, 0xb0, 0xa0, 0x68, 0xff,
    0xb0, 0xa0, 0x68, 0xff, 0xb0, 0xa0, 0x68, 0xff, 0xb0, 0xa4, 0x68, 0xff,
    0xa8, 0xa0, 0x68, 0xff, 0xb0, 0xa0, 0x68, 0xff, 0xb0, 0xa4, 0x70, 0xff,
    0xb0, 0xa0, 0x70, 0xff, 0xb0, 0xa4, 0x70, 0xff, 0xb0, 0xa4, 0x78, 0xff,
    0xb0, 0xa8, 0x80, 0xff, 0xb0, 0xa8, 0x80, 0xff, 0xb0, 0xb0, 0x90, 0xff,
    0xb0, 0xac, 0x90, 0xff, 0xb0, 0xa8, 0x88, 0xff, 0xb0, 0xac, 0x88, 0xff,
    0xb0, 0xa8, 0x88, 0xff, 0xb0, 0xac, 0x88, 0xff, 0xb0, 0xac, 0x88, 0xff,
    0xb0, 0xb4, 0xa0, 0xff, 0xb0, 0xb0, 0xa0, 0xff, 0xb0, 0xa8, 0x88, 0xff,
    0xb0, 0xa4, 0x78, 0xff, 0xb0, 0xa8, 0x78, 0xff, 0xb0, 0xa4, 0x78, 0xff,
    0xb0, 0xa0, 0x70, 0xff, 0xb0, 0xa0, 0x70, 0xff, 0xb0, 0xa4, 0x68, 0xff,
    0xb0, 0xa4, 0x68, 0xff, 0xb0, 0xa4, 0x70, 0xff, 0xb0, 0xa0, 0x68, 0xff,
    0xb0, 0xa0, 0x70, 0xff, 0xb0, 0xa0, 0x70, 0xff, 0xb8, 0xa0, 0x70, 0xff,
    0xb0, 0xa0, 0x70, 0xff, 0xb0, 0xa0, 0x70, 0xff, 0x88, 0x78, 0x78, 0xff,
    0x48, 0x48, 0x70, 0xff, 0x18, 0x28, 0x38, 0xff, 0x18, 0x2c, 0x50, 0xff,
    0x18, 0x24, 0x48, 0xff, 0x18, 0x24, 0x40, 0xff, 0x18, 0x24, 0x40, 0x41,
    0x48, 0x58, 0xe8, 0xff, 0x48, 0x58, 0xe8, 0xff, 0x48, 0x58, 0xf0, 0xff,
    0x48, 0x58, 0xe8, 0xff, 0x48, 0x58, 0xe8, 0xff, 0x48, 0x58, 0xe8, 0xff,
    0x48, 0x54, 0xe8, 0xff, 0x48, 0x58, 0xe8, 0xff, 0x48, 0x54, 0xe8, 0xff,
    0x48, 0x58, 0xe8, 0xff, 0x48, 0x58, 0xe8, 0xff, 0x50, 0x58, 0xe8, 0xff,
    0x48, 0x58, 0xf0, 0xff, 0x48, 0x58, 0xf0, 0xff, 0x48, 0x58, 0xe8, 0xff,
    0x48, 0x58, 0xe8, 0xff, 0x50, 0x58, 0xf0, 0xff, 0x50, 0x5c, 0xf0, 0xff,
    0x48, 0x5c, 0xe8, 0xff, 0x48, 0x58, 0xf0, 0xff, 0x48, 0x58, 0xf0, 0xff,
    0x48, 0x58, 0xf0, 0xff, 0x48, 0x5c, 0xf0, 0xff, 0x48, 0x5c, 0xf0, 0xff,
    0x48, 0x5c, 0xf0, 0xff, 0x48, 0x5c, 0xf0, 0xff, 0x50, 0x5c, 0xf0, 0xff,
    0x50, 0x5c, 0xf0, 0xff, 0x48, 0x5c, 0xf0, 0xff, 0x48, 0x5c, 0xf0, 0xff,
    0x50, 0x60, 0xf8, 0xff, 0x50, 0x5c, 0xf0, 0xff, 0x48, 0x5c, 0xf0, 0xff,
    0x50, 0x5c, 0xf8, 0xff, 0x48, 0x5c, 0xf0, 0xff, 0x50, 0x5c, 0xf0, 0xff,
    0x50, 0x5c, 0xf8, 0xff, 0x48, 0x5c, 0xf0, 0xff, 0x48, 0x58, 0xf0, 0xff,
    0x48, 0x5c, 0xf8, 0xff, 0x50, 0x60, 0xf0, 0xff, 0x50, 0x60, 0xf8, 0xff,
    0x50, 0x60, 0xf8, 0xff, 0x50, 0x64, 0xf0, 0xff, 0x50, 0x60, 0xf0, 0xff,
    0x50, 0x64, 0xf8, 0xff, 0x50, 0x64, 0xf0, 0xff, 0x50, 0x64, 0xf0, 0xff,
    0x50, 0x64, 0xf8, 0xff, 0x50, 0x68, 0xf8, 0xff, 0x50, 0x64, 0xf0, 0xff,
    0x58, 0x68, 0xf8, 0xff, 0x58, 0x64, 0xf8, 0xff, 0x58, 0x64, 0xf8, 0xff,
    0x58, 0x64, 0xf8, 0xff, 0x58, 0x64, 0xf8, 0xff, 0x50, 0x68, 0xf8, 0xff,
    0x50, 0x64, 0xf0, 0xff, 0x50, 0x64, 0xf8, 0xff, 0x50, 0x60, 0xf0, 0xff,
    0x48, 0x54, 0xf0, 0xff, 0x40, 0x4c, 0xe8, 0xff, 0x38, 0x40, 0xe0, 0xff,
    0x28, 0x30, 0xa8, 0xff, 0x18, 0x28, 0x60, 0xff, 0x18, 0x2c, 0x68, 0xff,
    0x18, 0x2c, 0x70, 0xff, 0x18, 0x2c, 0x70, 0xff, 0x28, 0x38, 0x78, 0xff,
    0x30, 0x44, 0x80, 0xff, 0x40, 0x50, 0x88, 0xff, 0x30, 0x3c, 0x78, 0xff,
    0x38, 0x50, 0x90, 0xff, 0x30, 0x3c, 0x70, 0xff, 0x68, 0x70, 0xa8, 0xff,
    0x48, 0x50, 0x68, 0xff, 0xa8, 0x94, 0x58, 0xff, 0xa8, 0x98, 0x58, 0xff,
    0xa8, 0x98, 0x58, 0xff, 0xb0, 0x9c, 0x58, 0xff, 0xb0, 0x9c, 0x58, 0xff,
    0xa8, 0x98, 0x58, 0xff, 0xa8, 0x98, 0x58, 0xff, 0xb0, 0x9c, 0x58, 0xff,
    0xa8, 0x9c, 0x60, 0xff, 0xa8, 0x98, 0x58, 0xff, 0xb0, 0x9c, 0x60, 0xff,
    0xa8, 0x98, 0x60, 0xff, 0xa8, 0x98, 0x58, 0xff, 0xb0, 0x98, 0x58, 0xff,
    0xa8, 0x98, 0x58, 0xff, 0xb0, 0x98, 0x58, 0xff, 0xa8, 0x98, 0x58, 0xff,
    0xb0, 0x98, 0x60, 0xff, 0xb0, 0x9c, 0x58, 0xff, 0xb0, 0x9c, 0x60, 0xff,
    0xb0, 0x9c, 0x60, 0xff, 0xb0, 0x9c, 0x60, 0xff, 0xb0, 0x9c, 0x60, 0xff,
    0xa8, 0x9c, 0x60, 0xff, 0xb0, 0x9c, 0x60, 0xff, 0xb0, 0x9c, 0x60, 0xff,
    0xb0, 0x9c, 0x60, 0xff, 0xb0, 0x9c, 0x60, 0xff, 0xb0, 0xa0, 0x60, 0xff,
    0xb0, 0xa0, 0x60, 0xff, 0xa8, 0xa4, 0x70, 0xff, 0xb0, 0xa4, 0x70, 0xff,
    0xb0, 0xa4, 0x70, 0xff, 0xb0, 0xa4, 0x78, 0xff, 0xb0, 0xa4, 0x80, 0xff,
    0xb0, 0xa4, 0x70, 0xff, 0xb0, 0xa0, 0x68, 0xff, 0xb0, 0xa0, 0x68, 0xff,
    0xb0, 0xa0, 0x68, 0xff, 0xb0, 0xa0, 0x68, 0xff, 0x70, 0x6c, 0x68, 0xff,
    0x18, 0x28, 0x50, 0xff, 0x18, 0x24, 0x58, 0xff, 0x18, 0x28, 0x58, 0xff,
    0x18, 0x28, 0x58, 0xff, 0x18, 0x28, 0x60, 0xff, 0x18, 0x28, 0x50, 0xff,
    0x28, 0x38, 0x68, 0xff, 0x88, 0x78, 0x80, 0xff, 0xb0, 0xa4, 0x68, 0xff,
    0xb0, 0xa4, 0x68, 0xff, 0xb0, 0xa4, 0x68, 0xff, 0xb0, 0xa0, 0x68, 0xff,
    0xb0, 0xa4, 0x68, 0xff, 0xb0, 0xa4, 0x68, 0xff, 0xb0, 0xa0, 0x68, 0xff,
    0xb0, 0xa0, 0x68, 0xff, 0xb0, 0xa4, 0x70, 0xff, 0xb0, 0xa4, 0x78, 0xff,
    0xb0, 0xa4, 0x78, 0xff, 0xb0, 0xa8, 0x78, 0xff, 0xb0, 0xa8, 0x80, 0xff,
    0xb0, 0xac, 0x88, 0xff, 0xb0, 0xac, 0x88, 0xff, 0xb0, 0xac, 0x90, 0xff,
    0xb0, 0xac, 0x88, 0xff, 0xb0, 0xa8, 0x80, 0xff, 0xa8, 0xa8, 0x80, 0xff,
    0xb0, 0xa8, 0x88, 0xff, 0xb0, 0xac, 0x88, 0xff, 0xb0, 0xa8, 0x80, 0xff,
    0xb0, 0xa8, 0x88, 0xff, 0xb0, 0xb0, 0x98, 0xff, 0xb0, 0xb4, 0xa8, 0xff,
    0xb8, 0xb8, 0xa8, 0xff, 0xb0, 0xb4, 0x98, 0xff, 0xb0, 0xa8, 0x80, 0xff,
    0xb0, 0xa4, 0x78, 0xff, 0xb0, 0xa0, 0x70, 0xff, 0xb0, 0xa0, 0x70, 0xff,
    0xb0, 0xa4, 0x70, 0xff, 0xb0, 0xa4, 0x70, 0xff, 0xb0, 0xa0, 0x70, 0xff,
    0xb0, 0xa4, 0x70, 0xff, 0xb8, 0xa4, 0x70, 0xff, 0xb0, 0xa4, 0x70, 0xff,
    0xb0, 0xa4, 0x70, 0xff, 0xb0, 0xa4, 0x70, 0xff, 0xb0, 0xa0, 0x70, 0xff,
    0x88, 0x78, 0x80, 0xff, 0x48, 0x48, 0x70, 0xff, 0x18, 0x28, 0x38, 0xff,
    0x20, 0x2c, 0x50, 0xff, 0x18, 0x24, 0x48, 0xff, 0x18, 0x24, 0x40, 0xff,
    0x18, 0x24, 0x40, 0x41, 0x48, 0x58, 0xe8, 0xff, 0x48, 0x58, 0xf0, 0xff,
    0x48, 0x58, 0xe8, 0xff, 0x48, 0x58, 0xf0, 0xff, 0x48, 0x58, 0xf0, 0xff,
    0x48, 0x58, 0xe8, 0xff, 0x48, 0x54, 0xe8, 0xff, 0x48, 0x58, 0xf0, 0xff,
    0x48, 0x58, 0xe8, 0xff, 0x48, 0x58, 0xf0, 0xff, 0x50, 0x5c, 0xf0, 0xff,
    0x48, 0x58, 0xe8, 0xff, 0x50, 0x58, 0xf0, 0xff, 0x50, 0x58, 0xf0, 0xff,
    0x48, 0x58, 0xe8, 0xff, 0x48, 0x58, 0xf0, 0xff, 0x50, 0x5c, 0xf0, 0xff,
    0x50, 0x5c, 0xf0, 0xff, 0x48, 0x5c, 0xf0, 0xff, 0x48, 0x5c, 0xe8, 0xff,
    0x48, 0x58, 0xf0, 0xff, 0x48, 0x58, 0xe8, 0xff, 0x48, 0x58, 0xe8, 0xff,
    0x48, 0x5c, 0xf0, 0xff, 0x48, 0x58, 0xf0, 0xff, 0x50, 0x5c, 0xf0, 0xff,
    0x48, 0x5c, 0xf8, 0xff, 0x48, 0x5c, 0xf0, 0xff, 0x48, 0x5c, 0xf0, 0xff,
    0x48, 0x5c, 0xf0, 0xff, 0x50, 0x5c, 0xf8, 0xff, 0x50, 0x5c, 0xf0, 0xff,
    0x48, 0x5c, 0xf0, 0xff, 0x50, 0x60, 0xf8, 0xff, 0x50, 0x5c, 0xf8, 0xff,
    0x50, 0x60, 0xf0, 0xff, 0x50, 0x60, 0xf8, 0xff, 0x48, 0x5c, 0xf0, 0xff,
    0x48, 0x58, 0xf0, 0xff, 0x48, 0x5c, 0xf0, 0xff, 0x50, 0x5c, 0xf0, 0xff,
    0x50, 0x60, 0xf8, 0xff, 0x50, 0x64, 0xf8, 0xff, 0x50, 0x64, 0xf8, 0xff,
    0x50, 0x60, 0xf0, 0xff, 0x50, 0x60, 0xf0, 0xff, 0x50, 0x60, 0xf0, 0xff,
    0x50, 0x64, 0xf8, 0xff, 0x50, 0x64, 0xf0, 0xff, 0x58, 0x68, 0xf8, 0xff,
    0x50, 0x64, 0xf0, 0xff, 0x58, 0x68, 0xf8, 0xff, 0x50, 0x64, 0xf8, 0xff,
    0x50, 0x64, 0xf8, 0xff, 0x58, 0x68, 0xf8, 0xff, 0x50, 0x64, 0xf8, 0xff,
    0x50, 0x64, 0xf0, 0xff, 0x58, 0x68, 0xf8, 0xff, 0x50, 0x64, 0xf8, 0xff,
    0x50, 0x60, 0xf0, 0xff, 0x48, 0x54, 0xe8, 0xff, 0x40, 0x4c, 0xe8, 0xff,
    0x38, 0x44, 0xd8, 0xff, 0x28, 0x34, 0xb0, 0xff, 0x18, 0x28, 0x60, 0xff,
    0x18, 0x2c, 0x68, 0xff, 0x20, 0x2c, 0x70, 0xff, 0x18, 0x2c, 0x70, 0xff,
    0x28, 0x34, 0x70, 0xff, 0x30, 0x44, 0x78, 0xff, 0x40, 0x50, 0x88, 0xff,
    0x30, 0x3c, 0x78, 0xff, 0x40, 0x50, 0x90, 0xff, 0x30, 0x3c, 0x70, 0xff,
    0x68, 0x70, 0xa8, 0xff, 0x48, 0x50, 0x68, 0xff, 0xa8, 0x98, 0x60, 0xff,
    0xb0, 0x9c, 0x60, 0xff, 0xb0, 0x9c, 0x58, 0xff, 0xa8, 0x9c, 0x60, 0xff,
    0xa8, 0x98, 0x58, 0xff, 0xb0, 0x9c, 0x60, 0xff, 0xb0, 0x9c, 0x60, 0xff,
    0xb0, 0x9c, 0x60, 0xff, 0xb0, 0x9c, 0x60, 0xff, 0xa8, 0x9c, 0x60, 0xff,
    0xb0, 0x9c, 0x60, 0xff, 0xb0, 0x9c, 0x60, 0xff, 0xb0, 0x9c, 0x60, 0xff,
    0xb0, 0x9c, 0x60, 0xff, 0xb0, 0x9c, 0x60, 0xff, 0xb0, 0x9c, 0x60, 0xff,
    0xb0, 0x9c, 0x60, 0xff, 0xb0, 0x9c, 0x60, 0xff, 0xb0, 0xa0, 0x60, 0xff,
    0xb0, 0x9c, 0x60, 0xff, 0xb0, 0x9c, 0x60, 0xff, 0xb0, 0xa0, 0x60, 0xff,
    0xb0, 0x9c, 0x60, 0xff, 0xb0, 0xa0, 0x60, 0xff, 0xb0, 0xa0, 0x60, 0xff,
    0xb0, 0xa0, 0x60, 0xff, 0xb0, 0xa0, 0x60, 0xff, 0xa8, 0xa0, 0x68, 0xff,
    0xb0, 0xa0, 0x68, 0xff, 0xa8, 0xa4, 0x78, 0xff, 0xb0, 0xb8, 0xa8, 0xff,
    0xb8, 0xbc, 0xb0, 0xff, 0xb8, 0xbc, 0xb0, 0xff, 0xb0, 0xbc, 0xb0, 0xff,
    0xb8, 0xb8, 0xb0, 0xff, 0xb0, 0xb0, 0xa0, 0xff, 0xa8, 0xa0, 0x70, 0xff,
    0xb0, 0xa0, 0x70, 0xff, 0xb0, 0xa4, 0x78, 0xff, 0xb0, 0xb0, 0x90, 0xff,
    0x70, 0x7c, 0x80, 0xff, 0x18, 0x28, 0x50, 0xff, 0x18, 0x28, 0x58, 0xff,
    0x18, 0x28, 0x58, 0xff, 0x18, 0x24, 0x60, 0xff, 0x18, 0x28, 0x60, 0xff,
    0x18, 0x28, 0x50, 0xff, 0x28, 0x38, 0x68, 0xff, 0x88, 0x7c, 0x80, 0xff,
    0xb0, 0xa4, 0x68, 0xff, 0xb0, 0xa4, 0x68, 0xff, 0xb0, 0xa4, 0x68, 0xff,
    0xb0, 0xa4, 0x70, 0xff, 0xb0, 0xa4, 0x70, 0xff, 0xb0, 0xa4, 0x70, 0xff,
    0xb0, 0xa4, 0x68, 0xff, 0xb0, 0xa4, 0x70, 0xff, 0xb0, 0xa4, 0x70, 0xff,
    0xb0, 0xa4, 0x70, 0xff, 0xb0, 0xa4, 0x70, 0xff, 0xb0, 0xa4, 0x70, 0xff,
    0xb0, 0xa4, 0x70, 0xff, 0xb0, 0xa4, 0x78, 0xff, 0xb0, 0xa4, 0x78, 0xff,
    0xb0, 0xa8, 0x78, 0xff, 0xb0, 0xa8, 0x80, 0xff, 0xa8, 0xa8, 0x80, 0xff,
    0xb0, 0xa8, 0x80, 0xff, 0xb0, 0xa8, 0x80, 0xff, 0xb0, 0xac, 0x88, 0xff,
    0xb0, 0xa8, 0x80, 0xff, 0xb0, 0xa8, 0x80, 0xff, 0xb0, 0xac, 0x88, 0xff,
    0xb0, 0xa8, 0x88, 0xff, 0xb0, 0xb0, 0x98, 0xff, 0xb8, 0xb4, 0xa8, 0xff,
    0xb0, 0xb4, 0xa0, 0xff, 0xb0, 0xa8, 0x88, 0xff, 0xb0, 0xa4, 0x70, 0xff,
    0xb0, 0xa4, 0x70, 0xff, 0xb8, 0xa4, 0x78, 0xff, 0xb0, 0xa4, 0x70, 0xff,
    0xb8, 0xa4, 0x70, 0xff, 0xb0, 0xa4, 0x70, 0xff, 0xb8, 0xa4, 0x70, 0xff,
    0xb0, 0xa4, 0x70, 0xff, 0xb0, 0xa4, 0x70, 0xff, 0xb8, 0xa4, 0x70, 0xff,
    0xb0, 0xa4, 0x70, 0xff, 0x88, 0x78, 0x80, 0xff, 0x48, 0x48, 0x70, 0xff,
    0x18, 0x2c, 0x40, 0xff, 0x20, 0x2c, 0x50, 0xff, 0x18, 0x24, 0x48, 0xff,
    0x10, 0x24, 0x40, 0xff, 0x18, 0x24, 0x48, 0x41, 0x48, 0x58, 0xe8, 0xff,
    0x48, 0x54, 0xe8, 0xff, 0x48, 0x58, 0xe8, 0xff, 0x48, 0x58, 0xe8, 0xff,
    0x48, 0x58, 0xf0, 0xff, 0x48, 0x58, 0xe8, 0xff, 0x48, 0x54, 0xe8, 0xff,
    0x48, 0x58, 0xe8, 0xff, 0x48, 0x58, 0xe8, 0xff, 0x48, 0x58, 0xe8, 0xff,
    0x48, 0x58, 0xf0, 0xff, 0x48, 0x5c, 0xf0, 0xff, 0x50, 0x5c, 0xf0, 0xff,
    0x48, 0x5c, 0xf0, 0xff, 0x48, 0x58, 0xe8, 0xff, 0x48, 0x58, 0xe8, 0xff,
    0x48, 0x58, 0xe8, 0xff, 0x48, 0x58, 0xe8, 0xff, 0x48, 0x58, 0xf0, 0xff,
    0x48, 0x5c, 0xf0, 0xff, 0x50, 0x58, 0xe8, 0xff, 0x48, 0x58, 0xe8, 0xff,
    0x48, 0x58, 0xf0, 0xff, 0x50, 0x58, 0xf0, 0xff, 0x48, 0x58, 0xf0, 0xff,
    0x48, 0x58, 0xf0, 0xff, 0x48, 0x5c, 0xf0, 0xff, 0x48, 0x5c, 0xf0, 0xff,
    0x50, 0x5c, 0xf8, 0xff, 0x48, 0x5c, 0xf0, 0xff, 0x50, 0x5c, 0xf8, 0xff,
    0x50, 0x60, 0xf8, 0xff, 0x48, 0x5c, 0xf0, 0xff, 0x50, 0x60, 0xf8, 0xff,
    0x50, 0x60, 0xf8, 0xff, 0x50, 0x60, 0xf8, 0xff, 0x50, 0x60, 0xf8, 0xff,
    0x50, 0x60, 0xf8, 0xff, 0x48, 0x5c, 0xf0, 0xff, 0x48, 0x58, 0xf0, 0xff,
    0x48, 0x5c, 0xf8, 0xff, 0x50, 0x60, 0xf0, 0xff, 0x50, 0x64, 0xf8, 0xff,
    0x50, 0x64, 0xf8, 0xff, 0x50, 0x60, 0xf8, 0xff, 0x50, 0x60, 0xf0, 0xff,
    0x50, 0x60, 0xf8, 0xff, 0x50, 0x64, 0xf8, 0xff, 0x58, 0x68, 0xf8, 0xff,
    0x58, 0x68, 0xf8, 0xff, 0x50, 0x68, 0xf8, 0xff, 0x58, 0x68, 0xf8, 0xff,
    0x50, 0x68, 0xf8, 0xff, 0x50, 0x68, 0xf8, 0xff, 0x50, 0x64, 0xf8, 0xff,
    0x50, 0x64, 0xf0, 0xff, 0x50, 0x64, 0xf8, 0xff, 0x50, 0x68, 0xf8, 0xff,
    0x50, 0x68, 0xf8, 0xff, 0x50, 0x60, 0xf0, 0xff, 0x48, 0x58, 0xf0, 0xff,
    0x40, 0x50, 0xe8, 0xff, 0x38, 0x44, 0xe0, 0xff, 0x28, 0x34, 0xa8, 0xff,
    0x18, 0x28, 0x60, 0xff, 0x18, 0x2c, 0x68, 0xff, 0x20, 0x2c, 0x68, 0xff,
    0x18, 0x2c, 0x70, 0xff, 0x28, 0x34, 0x78, 0xff, 0x30, 0x44, 0x80, 0xff,
    0x40, 0x54, 0x88, 0xff, 0x30, 0x40, 0x78, 0xff, 0x40, 0x50, 0x90, 0xff,
    0x30, 0x3c, 0x70, 0xff, 0x70, 0x74, 0xa8, 0xff, 0x50, 0x50, 0x70, 0xff,
    0xa8, 0x98, 0x60, 0xff, 0xb0, 0x9c, 0x60, 0xff, 0xb0, 0x9c, 0x60, 0xff,
    0xb0, 0x9c, 0x60, 0xff, 0xb0, 0x9c, 0x60, 0xff, 0xb0, 0x9c, 0x60, 0xff,
    0xb0, 0x9c, 0x60, 0xff, 0xb0, 0x9c, 0x60, 0xff, 0xb0, 0x9c, 0x60, 0xff,
    0xb0, 0x9c, 0x60, 0xff, 0xb0, 0x9c, 0x60, 0xff, 0xb0, 0x9c, 0x60, 0xff,
    0xb0, 0x9c, 0x60, 0xff, 0xb0, 0x9c, 0x60, 0xff, 0xb0, 0xa0, 0x60, 0xff,
    0xb0, 0xa0, 0x60, 0xff, 0xb0, 0xa0, 0x60, 0xff, 0xb0, 0xa0, 0x60, 0xff,
    0xb0, 0x9c, 0x60, 0xff, 0xa8, 0xa0, 0x60, 0xff, 0xb0, 0xa0, 0x60, 0xff,
    0xa8, 0x9c, 0x60, 0xff, 0xb0, 0xa0, 0x68, 0xff, 0xb0, 0xa0, 0x68, 0xff,
    0xb0, 0xa0, 0x68, 0xff, 0xb0, 0xa0, 0x68, 0xff, 0xb0, 0xa4, 0x68, 0xff,
    0xb0, 0xa4, 0x70, 0xff, 0xb0, 0xac, 0x90, 0xff, 0xb8, 0xbc, 0xb0, 0xff,
    0xc0, 0xc4, 0xc0, 0xff, 0xc0, 0xc8, 0xc8, 0xff, 0xb8, 0xc8, 0xc8, 0xff,
    0xb8, 0xc4, 0xc8, 0xff, 0xb8, 0xc4, 0xc0, 0xff, 0xb8, 0xb8, 0xb0, 0xff,
    0xb0, 0xac, 0x90, 0xff, 0xb0, 0xa8, 0x80, 0xff, 0xb8, 0xb8, 0xa0, 0xff,
    0xb8, 0xbc, 0xb0, 0xff, 0x78, 0x7c, 0x88, 0xff, 0x18, 0x28, 0x50, 0xff,
    0x18, 0x24, 0x50, 0xff, 0x18, 0x28, 0x58, 0xff, 0x18, 0x28, 0x60, 0xff,
    0x18, 0x28, 0x60, 0xff, 0x18, 0x28, 0x50, 0xff, 0x28, 0x38, 0x68, 0xff,
    0x80, 0x7c, 0x80, 0xff, 0xb0, 0xa4, 0x70, 0xff, 0xb0, 0xa4, 0x70, 0xff,
    0xb0, 0xa4, 0x70, 0xff, 0xb0, 0xa4, 0x68, 0xff, 0xb0, 0xa4, 0x70, 0xff,
    0xb0, 0xa4, 0x70, 0xff, 0xb0, 0xa4, 0x70, 0xff, 0xb0, 0xa4, 0x78, 0xff,
    0xb0, 0xa8, 0x70, 0xff, 0xb0, 0xa8, 0x70, 0xff, 0xb0, 0xa4, 0x70, 0xff,
    0xb0, 0xa8, 0x78, 0xff, 0xb0, 0xa8, 0x78, 0xff, 0xb0, 0xa8, 0x78, 0xff,
    0xb0, 0xa8, 0x78, 0xff, 0xb0, 0xa8, 0x80, 0xff, 0xb0, 0xa8, 0x80, 0xff,
    0xb0, 0xa8, 0x88, 0xff, 0xb0, 0xac, 0x88, 0xff, 0xb0, 0xac, 0x90, 0xff,
    0xb0, 0xac, 0x88, 0xff, 0xb0, 0xa8, 0x88, 0xff, 0xb0, 0xa8, 0x88, 0xff,
    0xb0, 0xa8, 0x88, 0xff, 0xb0, 0xa8, 0x80, 0xff, 0xb0, 0xa8, 0x80, 0xff,
    0xb0, 0xa8, 0x88, 0xff, 0xb0, 0xb0, 0x98, 0xff, 0xb0, 0xb0, 0x90, 0xff,
    0xb8, 0xa8, 0x78, 0xff, 0xb0, 0xa8, 0x78, 0xff, 0xb0, 0xa8, 0x78, 0xff,
    0xb0, 0xa4, 0x78, 0xff, 0xb8, 0xa8, 0x70, 0xff, 0xb0, 0xa4, 0x78, 0xff,
    0xb0, 0xa8, 0x70, 0xff, 0xb8, 0xa8, 0x70, 0xff, 0xb8, 0xa4, 0x70, 0xff,
    0xb0, 0xa4, 0x70, 0xff, 0xb0, 0xa4, 0x70, 0xff, 0x88, 0x7c, 0x88, 0xff,
    0x48, 0x48, 0x70, 0xff, 0x18, 0x28, 0x40, 0xff, 0x18, 0x2c, 0x48, 0xff,
    0x18, 0x24, 0x48, 0xff, 0x18, 0x24, 0x48, 0xff, 0x18, 0x24, 0x40, 0x41,
    0x48, 0x58, 0xf0, 0xff, 0x48, 0x58, 0xe8, 0xff, 0x48, 0x58, 0xf0, 0xff,
    0x48, 0x58, 0xf0, 0xff, 0x48, 0x58, 0xe8, 0xff, 0x48, 0x58, 0xe8, 0xff,
    0x48, 0x54, 0xe8, 0xff, 0x48, 0x58, 0xf0, 0xff, 0x48, 0x58, 0xe8, 0xff,
    0x48, 0x54, 0xe8, 0xff, 0x48, 0x58, 0xe8, 0xff, 0x50, 0x58, 0xf0, 0xff,
    0x50, 0x5c, 0xf0, 0xff, 0x48, 0x5c, 0xf0, 0xff, 0x48, 0x5c, 0xf0, 0xff,
    0x48, 0x5c, 0xf0, 0xff, 0x48, 0x58, 0xf0, 0xff, 0x48, 0x5c, 0xf0, 0xff,
    0x48, 0x5c, 0xf0, 0xff, 0x48, 0x58, 0xe8, 0xff, 0x48, 0x58, 0xf0, 0xff,
    0x48, 0x5c, 0xf0, 0xff, 0x48, 0x58, 0xe8, 0xff, 0x48, 0x58, 0xf0, 0xff,
    0x50, 0x5c, 0xf0, 0xff, 0x48, 0x5c, 0xf0, 0xff, 0x50, 0x5c, 0xf0, 0xff,
    0x48, 0x5c, 0xf8, 0xff, 0x50, 0x5c, 0xf8, 0xff, 0x48, 0x5c, 0xf0, 0xff,
    0x48, 0x5c, 0xf0, 0xff, 0x50, 0x60, 0xf8, 0xff, 0x50, 0x5c, 0xf0, 0xff,
    0x50, 0x60, 0xf8, 0xff, 0x48, 0x60, 0xf8, 0xff, 0x50, 0x60, 0xf0, 0xff,
    0x50, 0x60, 0xf8, 0xff, 0x50, 0x60, 0xf8, 0xff, 0x48, 0x5c, 0xf0, 0xff,
    0x48, 0x5c, 0xf0, 0xff, 0x50, 0x60, 0xf8, 0xff, 0x50, 0x60, 0xf8, 0xff,
    0x50, 0x60, 0xf0, 0xff, 0x50, 0x64, 0xf8, 0xff, 0x50, 0x64, 0xf8, 0xff,
    0x50, 0x64, 0xf8, 0xff, 0x58, 0x64, 0xf8, 0xff, 0x50, 0x68, 0xf8, 0xff,
    0x50, 0x64, 0xf8, 0xff, 0x58, 0x68, 0xf8, 0xff, 0x50, 0x68, 0xf8, 0xff,
    0x58, 0x68, 0xf8, 0xff, 0x58, 0x64, 0xf8, 0xff, 0x58, 0x68, 0xf8, 0xff,
    0x58, 0x68, 0xf8, 0xff, 0x58, 0x68, 0xf8, 0xff, 0x50, 0x64, 0xf8, 0xff,
    0x58, 0x68, 0xf8, 0xff, 0x58, 0x68, 0xf8, 0xff, 0x50, 0x60, 0xf0, 0xff,
    0x48, 0x58, 0xf0, 0xff, 0x40, 0x4c, 0xe8, 0xff, 0x38, 0x44, 0xe0, 0xff,
    0x30, 0x34, 0xb0, 0xff, 0x18, 0x28, 0x60, 0xff, 0x18, 0x2c, 0x68, 0xff,
    0x18, 0x2c, 0x68, 0xff, 0x18, 0x2c, 0x70, 0xff, 0x28, 0x34, 0x78, 0xff,
    0x30, 0x44, 0x80, 0xff, 0x40, 0x54, 0x88, 0xff, 0x30, 0x3c, 0x78, 0xff,
    0x38, 0x50, 0x90, 0xff, 0x30, 0x44, 0x78, 0xff, 0x70, 0x74, 0xb0, 0xff,
    0x50, 0x50, 0x70, 0xff, 0xa8, 0x98, 0x58, 0xff, 0xb0, 0x9c, 0x60, 0xff,
    0xa8, 0x9c, 0x60, 0xff, 0xb0, 0x9c, 0x60, 0xff, 0xb0, 0x9c, 0x60, 0xff,
    0xb0, 0x9c, 0x60, 0xff, 0xa8, 0x9c, 0x60, 0xff, 0xb0, 0x9c, 0x60, 0xff,
    0xb0, 0x9c, 0x60, 0xff, 0xb0, 0x9c, 0x60, 0xff, 0xb0, 0xa0, 0x60, 0xff,
    0xb0, 0x9c, 0x60, 0xff, 0xa8, 0x9c, 0x60, 0xff, 0xb0, 0xa0, 0x60, 0xff,
    0xb0, 0xa0, 0x60, 0xff, 0xb0, 0x9c, 0x60, 0xff, 0xb0, 0xa0, 0x60, 0xff,
    0xb0, 0x9c, 0x60, 0xff, 0xb0, 0xa0, 0x60, 0xff, 0xb0, 0xa0, 0x68, 0xff,
    0xb0, 0xa0, 0x68, 0xff, 0xb0, 0xa0, 0x68, 0xff, 0xb0, 0xa0, 0x68, 0xff,
    0xb0, 0xa0, 0x68, 0xff, 0xb0, 0xa0, 0x68, 0xff, 0xb0, 0xa0, 0x68, 0xff,
    0xb0, 0xa8, 0x80, 0xff, 0xb8, 0xb8, 0xa8, 0xff, 0xb8, 0xbc, 0xb8, 0xff,
    0xb8, 0xc4, 0xc0, 0xff, 0xc0, 0xc8, 0xc0, 0xff, 0xc8, 0xcc, 0xc8, 0xff,
    0xc0, 0xcc, 0xc8, 0xff, 0xc0, 0xcc, 0xc8, 0xff, 0xc0, 0xc8, 0xc8, 0xff,
    0xb8, 0xc4, 0xc0, 0xff, 0xb8, 0xbc, 0xb0, 0xff, 0xb8, 0xc0, 0xb0, 0xff,
    0xb8, 0xc4, 0xb8, 0xff, 0xc0, 0xc4, 0xc0, 0xff, 0x78, 0x7c, 0x90, 0xff,
    0x18, 0x28, 0x50, 0xff, 0x18, 0x24, 0x58, 0xff, 0x18, 0x28, 0x58, 0xff,
    0x18, 0x28, 0x58, 0xff, 0x18, 0x28, 0x60, 0xff, 0x18, 0x28, 0x50, 0xff,
    0x28, 0x38, 0x68, 0xff, 0x80, 0x7c, 0x80, 0xff, 0xb0, 0xa4, 0x70, 0xff,
    0xb0, 0xa4, 0x70, 0xff, 0xb0, 0xa4, 0x68, 0xff, 0xb0, 0xa4, 0x68, 0xff,
    0xb0, 0xa4, 0x70, 0xff, 0xb0, 0xa4, 0x70, 0xff, 0xb0, 0xa8, 0x70, 0xff,
    0xb8, 0xa8, 0x70, 0xff, 0xb0, 0xa4, 0x70, 0xff, 0xb0, 0xa4, 0x70, 0xff,
    0xb0, 0xa8, 0x78, 0xff, 0xb0, 0xa8, 0x78, 0xff, 0xb0, 0xa8, 0x78, 0xff,
    0xb0, 0xa8, 0x78, 0xff, 0xb0, 0xa8, 0x78, 0xff, 0xb0, 0xa8, 0x80, 0xff,
    0xb0, 0xac, 0x80, 0xff, 0xb0, 0xac, 0x88, 0xff, 0xb0, 0xac, 0x88, 0xff,
    0xb0, 0xac, 0x90, 0xff, 0xb0, 0xb0, 0x90, 0xff, 0xb0, 0xb0, 0x90, 0xff,
    0xb0, 0xac, 0x90, 0xff, 0xb0, 0xb0, 0x90, 0xff, 0xb0, 0xac, 0x88, 0xff,
    0xb0, 0xac, 0x88, 0xff, 0xb0, 0xac, 0x88, 0xff, 0xb8, 0xb0, 0x90, 0xff,
    0xb0, 0xb0, 0x90, 0xff, 0xb0, 0xa8, 0x80, 0xff, 0xb0, 0xa8, 0x78, 0xff,
    0xb8, 0xa8, 0x78, 0xff, 0xb0, 0xa8, 0x78, 0xff, 0xb8, 0xa8, 0x78, 0xff,
    0xb0, 0xa4, 0x78, 0xff, 0xb0, 0xa8, 0x78, 0xff, 0xb0, 0xa4, 0x78, 0xff,
    0xb8, 0xa8, 0x78, 0xff, 0xb0, 0xa8, 0x78, 0xff, 0xb0, 0xa4, 0x78, 0xff,
    0x88, 0x7c, 0x80, 0xff, 0x48, 0x48, 0x70, 0xff, 0x18, 0x28, 0x40, 0xff,
    0x18, 0x2c, 0x48, 0xff, 0x18, 0x24, 0x48, 0xff, 0x18, 0x24, 0x48, 0xff,
    0x18, 0x24, 0x48, 0x41, 0x48, 0x58, 0xe8, 0xff, 0x48, 0x58, 0xe8, 0xff,
    0x48, 0x58, 0xf0, 0xff, 0x48, 0x58, 0xf0, 0xff, 0x48, 0x58, 0xe8, 0xff,
    0x48, 0x58, 0xf0, 0xff, 0x48, 0x58, 0xf0, 0xff, 0x48, 0x58, 0xe8, 0xff,
    0x48, 0x58, 0xe8, 0xff, 0x48, 0x54, 0xe8, 0xff, 0x48, 0x58, 0xf0, 0xff,
    0x48, 0x58, 0xe8, 0xff, 0x48, 0x58, 0xe8, 0xff, 0x48, 0x58, 0xe8, 0xff,
    0x48, 0x58, 0xe8, 0xff, 0x50, 0x5c, 0xf0, 0xff, 0x48, 0x58, 0xf0, 0xff,
    0x48, 0x5c, 0xf0, 0xff, 0x50, 0x5c, 0xe8, 0xff, 0x48, 0x5c, 0xf0, 0xff,
    0x48, 0x58, 0xf0, 0xff, 0x48, 0x58, 0xe8, 0xff, 0x48, 0x58, 0xe8, 0xff,
    0x48, 0x58, 0xf0, 0xff, 0x48, 0x5c, 0xf0, 0xff, 0x48, 0x5c, 0xf0, 0xff,
    0x48, 0x5c, 0xf0, 0xff, 0x48, 0x5c, 0xf0, 0xff, 0x50, 0x5c, 0xf8, 0xff,
    0x50, 0x5c, 0xf0, 0xff, 0x48, 0x5c, 0xf0, 0xff, 0x50, 0x5c, 0xf0, 0xff,
    0x50, 0x5c, 0xf0, 0xff, 0x50, 0x60, 0xf0, 0xff, 0x50, 0x5c, 0xf8, 0xff,
    0x50, 0x60, 0xf0, 0xff, 0x50, 0x60, 0xf8, 0xff, 0x50, 0x60, 0xf8, 0xff,
    0x50, 0x60, 0xf0, 0xff, 0x50, 0x5c, 0xf8, 0xff, 0x48, 0x5c, 0xf0, 0xff,
    0x50, 0x60, 0xf8, 0xff, 0x50, 0x60, 0xf0, 0xff, 0x50, 0x60, 0xf0, 0xff,
    0x50, 0x64, 0xf8, 0xff, 0x50, 0x60, 0xf0, 0xff, 0x50, 0x64, 0xf8, 0xff,
    0x58, 0x64, 0xf8, 0xff, 0x50, 0x64, 0xf0, 0xff, 0x50, 0x68, 0xf8, 0xff,
    0x58, 0x68, 0xf8, 0xff, 0x50, 0x68, 0xf8, 0xff, 0x50, 0x64, 0xf8, 0xff,
    0x50, 0x68, 0xf8, 0xff, 0x58, 0x68, 0xf8, 0xff, 0x50, 0x68, 0xf8, 0xff,
    0x50, 0x64, 0xf8, 0xff, 0x58, 0x68, 0xf8, 0xff, 0x58, 0x68, 0xf8, 0xff,
    0x50, 0x60, 0xf0, 0xff, 0x48, 0x58, 0xf0, 0xff, 0x40, 0x50, 0xe8, 0xff,
    0x38, 0x44, 0xe0, 0xff, 0x28, 0x34, 0xa8, 0xff, 0x18, 0x28, 0x60, 0xff,
    0x18, 0x2c, 0x68, 0xff, 0x20, 0x2c, 0x68, 0xff, 0x18, 0x28, 0x68, 0xff,
    0x28, 0x34, 0x70, 0xff, 0x30, 0x44, 0x80, 0xff, 0x40, 0x54, 0x88, 0xff,
    0x30, 0x3c, 0x78, 0xff, 0x40, 0x54, 0x90, 0xff, 0x38, 0x44, 0x78, 0xff,
    0x70, 0x70, 0xa8, 0xff, 0x50, 0x50, 0x70, 0xff, 0xa8, 0x98, 0x60, 0xff,
    0xb0, 0x9c, 0x60, 0xff, 0xb0, 0x9c, 0x60, 0xff, 0xa8, 0xa0, 0x60, 0xff,
    0xb0, 0x9c, 0x60, 0xff, 0xb0, 0x9c, 0x60, 0xff, 0xa8, 0x9c, 0x60, 0xff,
    0xa8, 0x9c, 0x60, 0xff, 0xb0, 0x9c, 0x60, 0xff, 0xb0, 0xa0, 0x68, 0xff,
    0xb0, 0xa0, 0x68, 0xff, 0xb0, 0x9c, 0x60, 0xff, 0xb0, 0xa0, 0x68, 0xff,
    0xb0, 0xa0, 0x68, 0xff, 0xb0, 0xa0, 0x68, 0xff, 0xa8, 0xa0, 0x60, 0xff,
    0xb0, 0xa0, 0x60, 0xff, 0xb0, 0x9c, 0x68, 0xff, 0xb0, 0xa0, 0x60, 0xff,
    0xb0, 0xa0, 0x68, 0xff, 0xb0, 0xa0, 0x60, 0xff, 0xb0, 0xa0, 0x68, 0xff,
    0xb0, 0xa0, 0x60, 0xff, 0xb0, 0xa0, 0x60, 0xff, 0xb0, 0xa4, 0x68, 0xff,
    0xb0, 0xb0, 0x90, 0xff, 0xb8, 0xb8, 0xb0, 0xff, 0xb8, 0xbc, 0xb8, 0xff,
    0xb8, 0xc0, 0xb8, 0xff, 0xb8, 0xc4, 0xc0, 0xff, 0xc0, 0xc8, 0xc8, 0xff,
    0xc8, 0xcc, 0xd0, 0xff, 0xc0, 0xcc, 0xd0, 0xff, 0xc8, 0xcc, 0xc8, 0xff,
    0xc0, 0xcc, 0xc8, 0xff, 0xc0, 0xcc, 0xc8, 0xff, 0xc0, 0xcc, 0xc8, 0xff,
    0xc0, 0xc8, 0xc8, 0xff, 0xc0, 0xc4, 0xc0, 0xff, 0xc0, 0xc8, 0xc8, 0xff,
    0x78, 0x80, 0x98, 0xff, 0x20, 0x28, 0x50, 0xff, 0x18, 0x28, 0x50, 0xff,
    0x18, 0x28, 0x58, 0xff, 0x18, 0x28, 0x58, 0xff, 0x18, 0x28, 0x60, 0xff,
    0x18, 0x28, 0x50, 0xff, 0x30, 0x38, 0x60, 0xff, 0x88, 0x80, 0x80, 0xff,
    0xb0, 0xa8, 0x78, 0xff, 0xb0, 0xa4, 0x70, 0xff, 0xb0, 0xa8, 0x78, 0xff,
    0xb0, 0xac, 0x80, 0xff, 0xb0, 0xac, 0x80, 0xff, 0xb0, 0xa8, 0x80, 0xff,
    0xb0, 0xac, 0x80, 0xff, 0xb0, 0xac, 0x88, 0xff, 0xb0, 0xac, 0x88, 0xff,
    0xb0, 0xb0, 0x98, 0xff, 0xb8, 0xb4, 0xa0, 0xff, 0xb0, 0xac, 0x88, 0xff,
    0xb0, 0xac, 0x88, 0xff, 0xb0, 0xa8, 0x88, 0xff, 0xb0, 0xa8, 0x80, 0xff,
    0xb0, 0xac, 0x88, 0xff, 0xb0, 0xa8, 0x88, 0xff, 0xb0, 0xac, 0x88, 0xff,
    0xb0, 0xac, 0x88, 0xff, 0xb0, 0xb0, 0x90, 0xff, 0xb0, 0xb0, 0x98, 0xff,
    0xb0, 0xb0, 0x98, 0xff, 0xb0, 0xb0, 0x98, 0xff, 0xb0, 0xb0, 0x98, 0xff,
    0xb0, 0xb4, 0x98, 0xff, 0xb0, 0xb0, 0xa0, 0xff, 0xb0, 0xb0, 0x98, 0xff,
    0xb8, 0xb4, 0xa0, 0xff, 0xb0, 0xb0, 0xa0, 0xff, 0xb0, 0xac, 0x90, 0xff,
    0xb8, 0xac, 0x88, 0xff, 0xb0, 0xac, 0x88, 0xff, 0xb0, 0xac, 0x88, 0xff,
    0xb0, 0xac, 0x80, 0xff, 0xb0, 0xa8, 0x80, 0xff, 0xb0, 0xa8, 0x80, 0xff,
    0xb0, 0xa8, 0x78, 0xff, 0xb0, 0xa8, 0x78, 0xff, 0xb0, 0xa8, 0x78, 0xff,
    0xb8, 0xa8, 0x80, 0xff, 0x88, 0x7c, 0x88, 0xff, 0x40, 0x44, 0x70, 0xff,
    0x18, 0x28, 0x38, 0xff, 0x18, 0x2c, 0x50, 0xff, 0x18, 0x24, 0x50, 0xff,
    0x18, 0x24, 0x48, 0xff, 0x10, 0x24, 0x48, 0x41, 0x48, 0x54, 0xe8, 0xff,
    0x48, 0x58, 0xe8, 0xff, 0x48, 0x54, 0xe8, 0xff, 0x50, 0x58, 0xe8, 0xff,
    0x48, 0x58, 0xe8, 0xff, 0x48, 0x58, 0xf0, 0xff, 0x48, 0x58, 0xe8, 0xff,
    0x48, 0x58, 0xe8, 0xff, 0x48, 0x58, 0xf0, 0xff, 0x48, 0x58, 0xe8, 0xff,
    0x48, 0x58, 0xf0, 0xff, 0x48, 0x58, 0xf0, 0xff, 0x50, 0x5c, 0xf0, 0xff,
    0x48, 0x58, 0xe8, 0xff, 0x48, 0x58, 0xe8, 0xff, 0x50, 0x5c, 0xf0, 0xff,
    0x48, 0x5c, 0xf0, 0xff, 0x48, 0x5c, 0xe8, 0xff, 0x48, 0x58, 0xf0, 0xff,
    0x48, 0x58, 0xf0, 0xff, 0x50, 0x5c, 0xe8, 0xff, 0x48, 0x58, 0xf0, 0xff,
    0x48, 0x58, 0xf0, 0xff, 0x48, 0x58, 0xf0, 0xff, 0x48, 0x5c, 0xf0, 0xff,
    0x48, 0x5c, 0xf0, 0xff, 0x48, 0x5c, 0xf0, 0xff, 0x48, 0x5c, 0xf0, 0xff,
    0x48, 0x5c, 0xf0, 0xff, 0x50, 0x5c, 0xf8, 0xff, 0x50, 0x5c, 0xf8, 0xff,
    0x48, 0x5c, 0xf0, 0xff, 0x50, 0x5c, 0xf0, 0xff, 0x50, 0x60, 0xf8, 0xff,
    0x50, 0x5c, 0xf8, 0xff, 0x50, 0x5c, 0xf0, 0xff, 0x50, 0x60, 0xf8, 0xff,
    0x50, 0x60, 0xf8, 0xff, 0x50, 0x60, 0xf0, 0xff, 0x50, 0x60, 0xf8, 0xff,
    0x48, 0x5c, 0xf0, 0xff, 0x50, 0x60, 0xf8, 0xff, 0x50, 0x60, 0xf8, 0xff,
    0x50, 0x64, 0xf8, 0xff, 0x50, 0x64, 0xf8, 0xff, 0x50, 0x64, 0xf8, 0xff,
    0x50, 0x64, 0xf8, 0xff, 0x58, 0x64, 0xf8, 0xff, 0x50, 0x64, 0xf8, 0xff,
    0x50, 0x64, 0xf8, 0xff, 0x58, 0x68, 0xf8, 0xff, 0x58, 0x68, 0xf8, 0xff,
    0x50, 0x64, 0xf8, 0xff, 0x58, 0x68, 0xf8, 0xff, 0x50, 0x68, 0xf8, 0xff,
    0x58, 0x64, 0xf8, 0xff, 0x58, 0x68, 0xf8, 0xff, 0x58, 0x6c, 0xf8, 0xff,
    0x58, 0x6c, 0xf8, 0xff, 0x50, 0x64, 0xf8, 0xff, 0x50, 0x5c, 0xf0, 0xff,
    0x48, 0x50, 0xe8, 0xff, 0x40, 0x44, 0xe0, 0xff, 0x28, 0x34, 0xb0, 0xff,
    0x18, 0x28, 0x60, 0xff, 0x18, 0x2c, 0x68, 0xff, 0x20, 0x2c, 0x68, 0xff,
    0x18, 0x2c, 0x68, 0xff, 0x28, 0x38, 0x78, 0xff, 0x38, 0x44, 0x80, 0xff,
    0x40, 0x54, 0x90, 0xff, 0x30, 0x3c, 0x78, 0xff, 0x48, 0x58, 0x98, 0xff,
    0x38, 0x44, 0x78, 0xff, 0x68, 0x70, 0xa8, 0xff, 0x48, 0x4c, 0x68, 0xff,
    0xa8, 0x9c, 0x60, 0xff, 0xb0, 0xa0, 0x60, 0xff, 0xb0, 0x9c, 0x60, 0xff,
    0xa8, 0xa0, 0x60, 0xff, 0xb0, 0xa0, 0x60, 0xff, 0xb0, 0xa0, 0x60, 0xff,
    0xb0, 0xa0, 0x60, 0xff, 0xb0, 0xa0, 0x60, 0xff, 0xb0, 0x9c, 0x60, 0xff,
    0xa8, 0xa0, 0x60, 0xff, 0xb0, 0x9c, 0x68, 0xff, 0xb0, 0xa0, 0x60, 0xff,
    0xb0, 0xa0, 0x60, 0xff, 0xb0, 0xa0, 0x68, 0xff, 0xb0, 0xa0, 0x68, 0xff,
    0xb0, 0xa0, 0x68, 0xff, 0xa8, 0xa0, 0x68, 0xff, 0xb0, 0xa0, 0x68, 0xff,
    0xb0, 0xa0, 0x68, 0xff, 0xb0, 0xa0, 0x68, 0xff, 0xb0, 0xa0, 0x68, 0xff,
    0xb0, 0xa0, 0x68, 0xff, 0xb0, 0xa0, 0x68, 0xff, 0xb0, 0xa0, 0x68, 0xff,
    0xb0, 0xa8, 0x80, 0xff, 0xb8, 0xc0, 0xb8, 0xff, 0xb8, 0xc0, 0xc0, 0xff,
    0xb8, 0xc0, 0xb8, 0xff, 0xb8, 0xc0, 0xb8, 0xff, 0xc0, 0xc4, 0xc0, 0xff,
    0xc0, 0xcc, 0xc8, 0xff, 0xc0, 0xcc, 0xc8, 0xff, 0xc8, 0xcc, 0xd0, 0xff,
    0xc0, 0xd0, 0xd0, 0xff, 0xc8, 0xcc, 0xd0, 0xff, 0xc0, 0xd0, 0xd0, 0xff,
    0xc8, 0xd0, 0xd0, 0xff, 0xc0, 0xcc, 0xc8, 0xff, 0xc0, 0xc8, 0xc8, 0xff,
    0xc0, 0xcc, 0xc8, 0xff, 0x78, 0x84, 0x98, 0xff, 0x20, 0x28, 0x50, 0xff,
    0x18, 0x24, 0x58, 0xff, 0x18, 0x24, 0x58, 0xff, 0x18, 0x28, 0x60, 0xff,
    0x18, 0x28, 0x60, 0xff, 0x18, 0x28, 0x50, 0xff, 0x28, 0x38, 0x68, 0xff,
    0x88, 0x80, 0x90, 0xff, 0xb8, 0xb0, 0x98, 0xff, 0xb0, 0xb0, 0x90, 0xff,
    0xb0, 0xb0, 0x90, 0xff, 0xb0, 0xb4, 0xa0, 0xff, 0xb8, 0xb4, 0xa0, 0xff,
    0xb0, 0xb8, 0xa0, 0xff, 0xb8, 0xb8, 0xa8, 0xff, 0xb8, 0xb8, 0xa8, 0xff,
    0xb0, 0xb8, 0xa8, 0xff, 0xb0, 0xb8, 0xb0, 0xff, 0xb0, 0xb8, 0xb0, 0xff,
    0xb8, 0xb8, 0xb0, 0xff, 0xb8, 0xb8, 0xa8, 0xff, 0xb8, 0xb8, 0xa8, 0xff,
    0xb8, 0xb8, 0xa8, 0xff, 0xb8, 0xb8, 0xa8, 0xff, 0xb0, 0xb4, 0xa0, 0xff,
    0xb0, 0xb4, 0xa0, 0xff, 0xb0, 0xb4, 0xa0, 0xff, 0xb0, 0xb4, 0xa0, 0xff,
    0xb0, 0xb0, 0x98, 0xff, 0xb8, 0xb0, 0x98, 0xff, 0xb0, 0xb4, 0xa0, 0xff,
    0xb8, 0xb4, 0xa0, 0xff, 0xb8, 0xb8, 0xa8, 0xff, 0xb0, 0xb4, 0xa8, 0xff,
    0xb0, 0xb4, 0xa0, 0xff, 0xb0, 0xb4, 0xa8, 0xff, 0xb0, 0xb8, 0xa8, 0xff,
    0xb0, 0xb0, 0x98, 0xff, 0xb8, 0xb0, 0x90, 0xff, 0xb0, 0xac, 0x90, 0xff,
    0xb0, 0xac, 0x90, 0xff, 0xb0, 0xac, 0x88, 0xff, 0xb0, 0xac, 0x88, 0xff,
    0xb0, 0xac, 0x80, 0xff, 0xb8, 0xac, 0x80, 0xff, 0xb0, 0xac, 0x80, 0xff,
    0xb0, 0xac, 0x80, 0xff, 0xb0, 0xac, 0x80, 0xff, 0x88, 0x7c, 0x88, 0xff,
    0x48, 0x48, 0x70, 0xff, 0x18, 0x2c, 0x38, 0xff, 0x20, 0x2c, 0x50, 0xff,
    0x18, 0x24, 0x50, 0xff, 0x10, 0x24, 0x40, 0xff, 0x18, 0x24, 0x48, 0x41,
    0x48, 0x54, 0xe8, 0xff, 0x48, 0x54, 0xe8, 0xff, 0x48, 0x54, 0xe8, 0xff,
    0x48, 0x54, 0xe8, 0xff, 0x48, 0x58, 0xf0, 0xff, 0x48, 0x58, 0xf0, 0xff,
    0x48, 0x58, 0xe8, 0xff, 0x48, 0x58, 0xe8, 0xff, 0x48, 0x58, 0xf0, 0xff,
    0x48, 0x58, 0xe8, 0xff, 0x48, 0x58, 0xe8, 0xff, 0x48, 0x58, 0xf0, 0xff,
    0x48, 0x5c, 0xf0, 0xff, 0x48, 0x58, 0xf0, 0xff, 0x48, 0x58, 0xf0, 0xff,
    0x48, 0x58, 0xf0, 0xff, 0x48, 0x5c, 0xe8, 0xff, 0x48, 0x58, 0xe8, 0xff,
    0x50, 0x5c, 0xf0, 0xff, 0x48, 0x5c, 0xf0, 0xff, 0x48, 0x58, 0xe8, 0xff,
    0x48, 0x5c, 0xf0, 0xff, 0x48, 0x5c, 0xf0, 0xff, 0x48, 0x5c, 0xf0, 0xff,
    0x48, 0x5c, 0xf0, 0xff, 0x48, 0x5c, 0xf0, 0xff, 0x48, 0x5c, 0xf0, 0xff,
    0x48, 0x5c, 0xf0, 0xff, 0x48, 0x5c, 0xf0, 0xff, 0x48, 0x5c, 0xf0, 0xff,
    0x50, 0x5c, 0xf0, 0xff, 0x50, 0x5c, 0xf8, 0xff, 0x50, 0x5c, 0xf8, 0xff,
    0x50, 0x60, 0xf0, 0xff, 0x50, 0x60, 0xf8, 0xff, 0x50, 0x60, 0xf8, 0xff,
    0x50, 0x60, 0xf0, 0xff, 0x50, 0x5c, 0xf8, 0xff, 0x50, 0x60, 0xf0, 0xff,
    0x50, 0x60, 0xf8, 0xff, 0x48, 0x60, 0xf8, 0xff, 0x50, 0x60, 0xf0, 0xff,
    0x50, 0x64, 0xf8, 0xff, 0x50, 0x64, 0xf8, 0xff, 0x50, 0x64, 0xf8, 0xff,
    0x50, 0x64, 0xf0, 0xff, 0x50, 0x64, 0xf8, 0xff, 0x50, 0x64, 0xf8, 0xff,
    0x58, 0x64, 0xf8, 0xff, 0x50, 0x64, 0xf8, 0xff, 0x50, 0x64, 0xf8, 0xff,
    0x58, 0x68, 0xf8, 0xff, 0x50, 0x64, 0xf8, 0xff, 0x50, 0x64, 0xf8, 0xff,
    0x58, 0x64, 0xf8, 0xff, 0x58, 0x68, 0xf8, 0xff, 0x50, 0x68, 0xf0, 0xff,
    0x50, 0x68, 0xf8, 0xff, 0x58, 0x68, 0xf8, 0xff, 0x50, 0x64, 0xf8, 0xff,
    0x48, 0x58, 0xf0, 0xff, 0x48, 0x50, 0xe8, 0xff, 0x40, 0x44, 0xe0, 0xff,
    0x28, 0x38, 0xb0, 0xff, 0x18, 0x28, 0x60, 0xff, 0x18, 0x2c, 0x68, 0xff,
    0x18, 0x2c, 0x68, 0xff, 0x18, 0x2c, 0x68, 0xff, 0x28, 0x34, 0x70, 0xff,
    0x30, 0x44, 0x80, 0xff, 0x40, 0x54, 0x90, 0xff, 0x30, 0x3c, 0x78, 0xff,
    0x40, 0x54, 0x90, 0xff, 0x30, 0x40, 0x78, 0xff, 0x70, 0x78, 0xb0, 0xff,
    0x50, 0x4c, 0x68, 0xff, 0xa8, 0x9c, 0x60, 0xff, 0xb0, 0xa0, 0x60, 0xff,
    0xb0, 0xa0, 0x60, 0xff, 0xb0, 0xa0, 0x60, 0xff, 0xb0, 0xa0, 0x60, 0xff,
    0xb0, 0xa0, 0x60, 0xff, 0xa8, 0xa0, 0x60, 0xff, 0xb0, 0xa0, 0x68, 0xff,
    0xb0, 0xa0, 0x68, 0xff, 0xb0, 0xa0, 0x68, 0xff, 0xb0, 0xa0, 0x68, 0xff,
    0xb0, 0xa0, 0x68, 0xff, 0xa8, 0xa0, 0x68, 0xff, 0xa8, 0xa0, 0x68, 0xff,
    0xb0, 0xa0, 0x68, 0xff, 0xb0, 0xa0, 0x68, 0xff, 0xb0, 0xa4, 0x68, 0xff,
    0xb0, 0xa4, 0x68, 0xff, 0xa8, 0xa0, 0x68, 0xff, 0xb0, 0xa4, 0x68, 0xff,
    0xb0, 0xa4, 0x68, 0xff, 0xb0, 0xa4, 0x68, 0xff, 0xb0, 0xa4, 0x70, 0xff,
    0xb0, 0xb0, 0x98, 0xff, 0xb8, 0xb8, 0xb0, 0xff, 0xb8, 0xc0, 0xb8, 0xff,
    0xb8, 0xc0, 0xb8, 0xff, 0xb8, 0xc0, 0xb8, 0xff, 0xb8, 0xbc, 0xb8, 0xff,
    0xb8, 0xc0, 0xb8, 0xff, 0xc0, 0xc8, 0xc8, 0xff, 0xc0, 0xd0, 0xd0, 0xff,
    0xc8, 0xd0, 0xd0, 0xff, 0xc8, 0xd0, 0xd0, 0xff, 0xc8, 0xd0, 0xd0, 0xff,
    0xc8, 0xd0, 0xd0, 0xff, 0xc0, 0xc8, 0xc8, 0xff, 0xc0, 0xc4, 0xc8, 0xff,
    0xc0, 0xc8, 0xc8, 0xff, 0xc0, 0xcc, 0xc8, 0xff, 0x80, 0x88, 0x98, 0xff,
    0x18, 0x28, 0x50, 0xff, 0x18, 0x28, 0x50, 0xff, 0x18, 0x28, 0x58, 0xff,
    0x18, 0x28, 0x58, 0xff, 0x18, 0x28, 0x60, 0xff, 0x18, 0x28, 0x50, 0xff,
    0x28, 0x38, 0x60, 0xff, 0x80, 0x84, 0x98, 0xff, 0xb8, 0xbc, 0xb0, 0xff,
    0xb8, 0xbc, 0xb0, 0xff, 0xb8, 0xbc, 0xb0, 0xff, 0xb8, 0xbc, 0xb0, 0xff,
    0xb8, 0xbc, 0xb0, 0xff, 0xb0, 0xbc, 0xb0, 0xff, 0xb8, 0xbc, 0xb8, 0xff,
    0xb8, 0xbc, 0xb0, 0xff, 0xb8, 0xbc, 0xb0, 0xff, 0xb0, 0xbc, 0xb0, 0xff,
    0xb8, 0xbc, 0xb8, 0xff, 0xb8, 0xbc, 0xb8, 0xff, 0xb8, 0xbc, 0xb8, 0xff,
    0xb0, 0xbc, 0xb0, 0xff, 0xb0, 0xbc, 0xb0, 0xff, 0xb8, 0xbc, 0xb0, 0xff,
    0xb0, 0xb8, 0xa8, 0xff, 0xb8, 0xb4, 0xa8, 0xff, 0xb8, 0xb8, 0xa8, 0xff,
    0xb0, 0xb8, 0xa8, 0xff, 0xb0, 0xb0, 0xa0, 0xff, 0xb0, 0xb0, 0x98, 0xff,
    0xb0, 0xb0, 0xa0, 0xff, 0xb8, 0xb4, 0xa0, 0xff, 0xb8, 0xb8, 0xa8, 0xff,
    0xb0, 0xb8, 0xa8, 0xff, 0xb8, 0xb8, 0xb0, 0xff, 0xb8, 0xb8, 0xa8, 0xff,
    0xb0, 0xb8, 0xb0, 0xff, 0xb0, 0xb4, 0xa0, 0xff, 0xb0, 0xb4, 0xa0, 0xff,
    0xb0, 0xb4, 0x98, 0xff, 0xb8, 0xb0, 0x98, 0xff, 0xb0, 0xac, 0x90, 0xff,
    0xb0, 0xac, 0x88, 0xff, 0xb0, 0xac, 0x88, 0xff, 0xb8, 0xac, 0x88, 0xff,
    0xb0, 0xac, 0x88, 0xff, 0xb8, 0xac, 0x88, 0xff, 0xb0, 0xac, 0x88, 0xff,
    0x88, 0x80, 0x88, 0xff, 0x48, 0x48, 0x70, 0xff, 0x18, 0x28, 0x38, 0xff,
    0x18, 0x2c, 0x50, 0xff, 0x18, 0x24, 0x50, 0xff, 0x18, 0x24, 0x40, 0xff,
    0x18, 0x24, 0x40, 0x41, 0x48, 0x58, 0xe8, 0xff, 0x48, 0x58, 0xf0, 0xff,
    0x48, 0x58, 0xf0, 0xff, 0x48, 0x58, 0xe8, 0xff, 0x48, 0x58, 0xf0, 0xff,
    0x50, 0x58, 0xf0, 0xff, 0x50, 0x58, 0xe8, 0xff, 0x48, 0x58, 0xf0, 0xff,
    0x50, 0x58, 0xf0, 0xff, 0x48, 0x5c, 0xf0, 0xff, 0x48, 0x5c, 0xe8, 0xff,
    0x48, 0x58, 0xe8, 0xff, 0x48, 0x58, 0xf0, 0xff, 0x48, 0x58, 0xf0, 0xff,
    0x48, 0x58, 0xf0, 0xff, 0x48, 0x5c, 0xf0, 0xff, 0x48, 0x58, 0xe8, 0xff,
    0x48, 0x5c, 0xf0, 0xff, 0x50, 0x5c, 0xf0, 0xff, 0x48, 0x58, 0xf0, 0xff,
    0x48, 0x58, 0xf0, 0xff, 0x48, 0x58, 0xf0, 0xff, 0x48, 0x5c, 0xf0, 0xff,
    0x48, 0x58, 0xf0, 0xff, 0x48, 0x5c, 0xf0, 0xff, 0x48, 0x5c, 0xf0, 0xff,
    0x50, 0x5c, 0xf8, 0xff, 0x50, 0x5c, 0xf8, 0xff, 0x50, 0x5c, 0xf0, 0xff,
    0x48, 0x5c, 0xf0, 0xff, 0x48, 0x5c, 0xf0, 0xff, 0x50, 0x5c, 0xf0, 0xff,
    0x50, 0x60, 0xf8, 0xff, 0x50, 0x60, 0xf0, 0xff, 0x50, 0x60, 0xf0, 0xff,
    0x50, 0x60, 0xf0, 0xff, 0x50, 0x60, 0xf8, 0xff, 0x50, 0x5c, 0xf0, 0xff,
    0x50, 0x60, 0xf0, 0xff, 0x50, 0x64, 0xf8, 0xff, 0x50, 0x60, 0xf8, 0xff,
    0x50, 0x60, 0xf0, 0xff, 0x50, 0x60, 0xf8, 0xff, 0x50, 0x60, 0xf0, 0xff,
    0x50, 0x60, 0xf8, 0xff, 0x50, 0x60, 0xf0, 0xff, 0x50, 0x64, 0xf8, 0xff,
    0x58, 0x68, 0xf8, 0xff, 0x58, 0x68, 0xf8, 0xff, 0x50, 0x64, 0xf8, 0xff,
    0x50, 0x64, 0xf0, 0xff, 0x58, 0x68, 0xf8, 0xff, 0x50, 0x64, 0xf8, 0xff,
    0x50, 0x64, 0xf8, 0xff, 0x58, 0x64, 0xf8, 0xff, 0x58, 0x68, 0xf8, 0xff,
    0x58, 0x68, 0xf8, 0xff, 0x58, 0x68, 0xf8, 0xff, 0x50, 0x64, 0xf8, 0xff,
    0x50, 0x64, 0xf8, 0xff, 0x48, 0x5c, 0xf0, 0xff, 0x40, 0x50, 0xe8, 0xff,
    0x38, 0x44, 0xe0, 0xff, 0x28, 0x34, 0xb0, 0xff, 0x18, 0x28, 0x60, 0xff,
    0x20, 0x2c, 0x68, 0xff, 0x18, 0x2c, 0x68, 0xff, 0x18, 0x2c, 0x70, 0xff,
    0x28, 0x34, 0x78, 0xff, 0x38, 0x44, 0x80, 0xff, 0x48, 0x54, 0x90, 0xff,
    0x30, 0x3c, 0x78, 0xff, 0x48, 0x54, 0x98, 0xff, 0x38, 0x48, 0x80, 0xff,
    0x78, 0x78, 0xb0, 0xff, 0x50, 0x50, 0x70, 0xff, 0xa8, 0x9c, 0x68, 0xff,
    0xb0, 0xa0, 0x68, 0xff, 0xb0, 0xa0, 0x68, 0xff, 0xb0, 0xa0, 0x68, 0xff,
    0xb0, 0xa4, 0x68, 0xff, 0xb0, 0xa4, 0x68, 0xff, 0xb0, 0xa0, 0x68, 0xff,
    0xb0, 0xa4, 0x68, 0xff, 0xb0, 0xa4, 0x68, 0xff, 0xb0, 0xa0, 0x68, 0xff,
    0xb0, 0xa0, 0x68, 0xff, 0xb0, 0xa0, 0x68, 0xff, 0xb0, 0xa4, 0x68, 0xff,
    0xb0, 0xa4, 0x68, 0xff, 0xb0, 0xa4, 0x68, 0xff, 0xb0, 0xa4, 0x68, 0xff,
    0xb0, 0xa4, 0x68, 0xff, 0xb0, 0xa4, 0x68, 0xff, 0xb0, 0xa4, 0x68, 0xff,
    0xb0, 0xa4, 0x68, 0xff, 0xb0, 0xa4, 0x68, 0xff, 0xb0, 0xa4, 0x70, 0xff,
    0xb0, 0xa8, 0x80, 0xff, 0xb0, 0xb8, 0xb0, 0xff, 0xb0, 0xbc, 0xb0, 0xff,
    0xb0, 0xbc, 0xb0, 0xff, 0xb8, 0xbc, 0xb0, 0xff, 0xb8, 0xc0, 0xb8, 0xff,
    0xb8, 0xc0, 0xb8, 0xff, 0xb8, 0xc0, 0xb8, 0xff, 0xc0, 0xc4, 0xc0, 0xff,
    0xc0, 0xc8, 0xc8, 0xff, 0xc0, 0xcc, 0xc8, 0xff, 0xc0, 0xcc, 0xd0, 0xff,
    0xc0, 0xcc, 0xd0, 0xff, 0xc0, 0xcc, 0xc8, 0xff, 0xc0, 0xc8, 0xc8, 0xff,
    0xc0, 0xc8, 0xc8, 0xff, 0xc0, 0xc8, 0xc8, 0xff, 0xc0, 0xcc, 0xc8, 0xff,
    0x88, 0x88, 0xa0, 0xff, 0x18, 0x28, 0x50, 0xff, 0x18, 0x24, 0x50, 0xff,
    0x18, 0x28, 0x58, 0xff, 0x18, 0x28, 0x58, 0xff, 0x18, 0x28, 0x58, 0xff,
    0x18, 0x28, 0x50, 0xff, 0x30, 0x38, 0x60, 0xff, 0x88, 0x88, 0xa0, 0xff,
    0xb8, 0xc4, 0xb8, 0xff, 0xb8, 0xbc, 0xb0, 0xff, 0xb8, 0xc0, 0xb0, 0xff,
    0xb8, 0xbc, 0xb8, 0xff, 0xb8, 0xc0, 0xb8, 0xff, 0xb8, 0xc0, 0xb0, 0xff,
    0xb0, 0xbc, 0xb0, 0xff, 0xb8, 0xbc, 0xb8, 0xff, 0xb8, 0xc0, 0xb8, 0xff,
    0xb8, 0xbc, 0xb0, 0xff, 0xb8, 0xbc, 0xb8, 0xff, 0xb8, 0xbc, 0xb8, 0xff,
    0xb8, 0xbc, 0xb8, 0xff, 0xb0, 0xbc, 0xb8, 0xff, 0xb0, 0xbc, 0xb8, 0xff,
    0xb8, 0xbc, 0xb0, 0xff, 0xb0, 0xb8, 0xa8, 0xff, 0xb8, 0xb8, 0xa8, 0xff,
    0xb8, 0xb8, 0xa8, 0xff, 0xb0, 0xb8, 0xa8, 0xff, 0xb0, 0xb4, 0xa0, 0xff,
    0xb0, 0xb4, 0xa0, 0xff, 0xb0, 0xb4, 0xa0, 0xff, 0xb0, 0xb4, 0xa0, 0xff,
    0xb8, 0xb8, 0xa8, 0xff, 0xb0, 0xb8, 0xa8, 0xff, 0xb0, 0xb8, 0xa8, 0xff,
    0xb8, 0xb8, 0xb0, 0xff, 0xb8, 0xb8, 0xa8, 0xff, 0xb0, 0xb4, 0xa0, 0xff,
    0xb0, 0xb0, 0x98, 0xff, 0xb0, 0xb0, 0x98, 0xff, 0xb0, 0xb0, 0x90, 0xff,
    0xb0, 0xac, 0x88, 0xff, 0xb0, 0xac, 0x88, 0xff, 0xb0, 0xac, 0x88, 0xff,
    0xb0, 0xac, 0x88, 0xff, 0xb8, 0xb0, 0x90, 0xff, 0xb8, 0xb0, 0x90, 0xff,
    0xb0, 0xac, 0x88, 0xff, 0x88, 0x80, 0x90, 0xff, 0x48, 0x48, 0x70, 0xff,
    0x18, 0x28, 0x38, 0xff, 0x18, 0x2c, 0x58, 0xff, 0x18, 0x24, 0x50, 0xff,
    0x18, 0x24, 0x48, 0xff, 0x18, 0x24, 0x48, 0x41, 0x48, 0x54, 0xe8, 0xff,
    0x48, 0x58, 0xe8, 0xff, 0x48, 0x58, 0xf0, 0xff, 0x48, 0x58, 0xe8, 0xff,
    0x48, 0x58, 0xe8, 0xff, 0x50, 0x58, 0xf0, 0xff, 0x48, 0x58, 0xe8, 0xff,
    0x48, 0x54, 0xe8, 0xff, 0x48, 0x58, 0xe8, 0xff, 0x48, 0x58, 0xf0, 0xff,
    0x48, 0x58, 0xf0, 0xff, 0x48, 0x58, 0xf0, 0xff, 0x48, 0x58, 0xe8, 0xff,
    0x48, 0x58, 0xe8, 0xff, 0x48, 0x58, 0xe8, 0xff, 0x48, 0x58, 0xe8, 0xff,
    0x48, 0x5c, 0xf0, 0xff, 0x48, 0x58, 0xf0, 0xff, 0x50, 0x5c, 0xf0, 0xff,
    0x48, 0x58, 0xf0, 0xff, 0x48, 0x58, 0xf0, 0xff, 0x48, 0x58, 0xf0, 0xff,
    0x48, 0x58, 0xf0, 0xff, 0x48, 0x58, 0xf0, 0xff, 0x48, 0x5c, 0xf0, 0xff,
    0x48, 0x5c, 0xf0, 0xff, 0x48, 0x5c, 0xf0, 0xff, 0x48, 0x5c, 0xf0, 0xff,
    0x48, 0x58, 0xf0, 0xff, 0x50, 0x5c, 0xf0, 0xff, 0x50, 0x5c, 0xf8, 0xff,
    0x50, 0x60, 0xf8, 0xff, 0x50, 0x60, 0xf0, 0xff, 0x50, 0x60, 0xf0, 0xff,
    0x50, 0x60, 0xf8, 0xff, 0x50, 0x60, 0xf8, 0xff, 0x50, 0x60, 0xf0, 0xff,
    0x48, 0x5c, 0xf8, 0xff, 0x50, 0x60, 0xf0, 0xff, 0x50, 0x64, 0xf8, 0xff,
    0x50, 0x64, 0xf8, 0xff, 0x48, 0x60, 0xf0, 0xff, 0x50, 0x60, 0xf8, 0xff,
    0x50, 0x60, 0xf8, 0xff, 0x50, 0x64, 0xf8, 0xff, 0x50, 0x60, 0xf0, 0xff,
    0x50, 0x64, 0xf8, 0xff, 0x50, 0x68, 0xf8, 0xff, 0x58, 0x68, 0xf0, 0xff,
    0x50, 0x64, 0xf8, 0xff, 0x50, 0x64, 0xf8, 0xff, 0x58, 0x68, 0xf8, 0xff,
    0x58, 0x68, 0xf8, 0xff, 0x50, 0x64, 0xf8, 0xff, 0x50, 0x64, 0xf0, 0xff,
    0x58, 0x68, 0xf8, 0xff, 0x58, 0x68, 0xf8, 0xff, 0x58, 0x68, 0xf8, 0xff,
    0x50, 0x64, 0xf8, 0xff, 0x50, 0x60, 0xf0, 0xff, 0x50, 0x5c, 0xf0, 0xff,
    0x40, 0x4c, 0xe8, 0xff, 0x40, 0x48, 0xe0, 0xff, 0x28, 0x34, 0xb0, 0xff,
    0x18, 0x2c, 0x60, 0xff, 0x18, 0x2c, 0x68, 0xff, 0x20, 0x2c, 0x70, 0xff,
    0x20, 0x2c, 0x68, 0xff, 0x28, 0x38, 0x78, 0xff, 0x38, 0x44, 0x80, 0xff,
    0x48, 0x54, 0x90, 0xff, 0x30, 0x38, 0x70, 0xff, 0x48, 0x58, 0x98, 0xff,
    0x30, 0x44, 0x80, 0xff, 0x78, 0x78, 0xb0, 0xff, 0x50, 0x50, 0x70, 0xff,
    0xa8, 0x9c, 0x68, 0xff, 0xb0, 0xa4, 0x68, 0xff, 0xb0, 0xa4, 0x68, 0xff,
    0xb0, 0xa0, 0x68, 0xff, 0xb0, 0xa4, 0x70, 0xff, 0xb0, 0xa4, 0x68, 0xff,
    0xb0, 0xa4, 0x68, 0xff, 0xb0, 0xa4, 0x68, 0xff, 0xb0, 0xa4, 0x70, 0xff,
    0xb0, 0xa4, 0x68, 0xff, 0xb0, 0xa4, 0x68, 0xff, 0xb0, 0xa4, 0x70, 0xff,
    0xb0, 0xa4, 0x68, 0xff, 0xb0, 0xa4, 0x68, 0xff, 0xb0, 0xa4, 0x70, 0xff,
    0xb0, 0xa4, 0x70, 0xff, 0xb0, 0xa4, 0x70, 0xff, 0xb0, 0xa4, 0x70, 0xff,
    0xb0, 0xa4, 0x70, 0xff, 0xb0, 0xa4, 0x68, 0xff, 0xb0, 0xa4, 0x70, 0xff,
    0xb0, 0xa4, 0x70, 0xff, 0xb0, 0xa8, 0x78, 0xff, 0xb0, 0xb4, 0xa0, 0xff,
    0xb0, 0xb8, 0xa8, 0xff, 0xb0, 0xbc, 0xb0, 0xff, 0xb0, 0xb8, 0xb0, 0xff,
    0xb8, 0xbc, 0xb0, 0xff, 0xb8, 0xc0, 0xb8, 0xff, 0xb8, 0xbc, 0xb8, 0xff,
    0xb8, 0xc4, 0xc0, 0xff, 0xb8, 0xc8, 0xc8, 0xff, 0xc0, 0xc8, 0xc8, 0xff,
    0xc0, 0xcc, 0xc8, 0xff, 0xc0, 0xcc, 0xc8, 0xff, 0xc0, 0xcc, 0xc8, 0xff,
    0xc0, 0xc8, 0xc8, 0xff, 0xc0, 0xc8, 0xc8, 0xff, 0xc0, 0xcc, 0xc8, 0xff,
    0xc0, 0xc8, 0xc8, 0xff, 0x80, 0x84, 0x98, 0xff, 0x18, 0x28, 0x50, 0xff,
    0x18, 0x28, 0x50, 0xff, 0x18, 0x24, 0x58, 0xff, 0x18, 0x28, 0x58, 0xff,
    0x18, 0x28, 0x58, 0xff, 0x18, 0x28, 0x50, 0xff, 0x30, 0x38, 0x68, 0xff,
    0x88, 0x8c, 0xa8, 0xff, 0xc0, 0xcc, 0xc8, 0xff, 0xb8, 0xc4, 0xc0, 0xff,
    0xc0, 0xc4, 0xc0, 0xff, 0xc0, 0xc8, 0xc8, 0xff, 0xc0, 0xc8, 0xc0, 0xff,
    0xb8, 0xc4, 0xb8, 0xff, 0xb8, 0xbc, 0xb8, 0xff, 0xb8, 0xc0, 0xb0, 0xff,
    0xb8, 0xc0, 0xb0, 0xff, 0xb0, 0xc0, 0xb0, 0xff, 0xb0, 0xbc, 0xb0, 0xff,
    0xb8, 0xbc, 0xb8, 0xff, 0xb8, 0xbc, 0xb8, 0xff, 0xb8, 0xbc, 0xb8, 0xff,
    0xb8, 0xc0, 0xb8, 0xff, 0xb8, 0xc0, 0xb8, 0xff, 0xb0, 0xb8, 0xb0, 0xff,
    0xb8, 0xb8, 0xb0, 0xff, 0xb8, 0xb8, 0xa8, 0xff, 0xb8, 0xb8, 0xa8, 0xff,
    0xb8, 0xb8, 0xa8, 0xff, 0xb8, 0xb4, 0xa8, 0xff, 0xb0, 0xb4, 0xa0, 0xff,
    0xb8, 0xb4, 0xa0, 0xff, 0xb0, 0xb4, 0xa0, 0xff, 0xb8, 0xb4, 0xa8, 0xff,
    0xb8, 0xb8, 0xa8, 0xff, 0xb0, 0xb4, 0xa0, 0xff, 0xb8, 0xb4, 0xa0, 0xff,
    0xb8, 0xb4, 0x98, 0xff, 0xb0, 0xb0, 0x90, 0xff, 0xb0, 0xac, 0x88, 0xff,
    0xb8, 0xac, 0x88, 0xff, 0xb0, 0xac, 0x88, 0xff, 0xb0, 0xac, 0x88, 0xff,
    0xb0, 0xac, 0x88, 0xff, 0xb8, 0xac, 0x88, 0xff, 0xb8, 0xac, 0x88, 0xff,
    0xb0, 0xac, 0x88, 0xff, 0xb0, 0xac, 0x90, 0xff, 0x88, 0x80, 0x90, 0xff,
    0x48, 0x48, 0x70, 0xff, 0x18, 0x28, 0x38, 0xff, 0x18, 0x2c, 0x58, 0xff,
    0x18, 0x24, 0x50, 0xff, 0x18, 0x24, 0x40, 0xff, 0x18, 0x24, 0x48, 0x41,
    0x48, 0x54, 0xe8, 0xff, 0x48, 0x54, 0xe8, 0xff, 0x48, 0x58, 0xe8, 0xff,
    0x48, 0x54, 0xe8, 0xff, 0x48, 0x58, 0xe8, 0xff, 0x48, 0x58, 0xf0, 0xff,
    0x50, 0x58, 0xf0, 0xff, 0x48, 0x5c, 0xf0, 0xff, 0x48, 0x58, 0xe8, 0xff,
    0x48, 0x58, 0xe8, 0xff, 0x48, 0x58, 0xf0, 0xff, 0x48, 0x58, 0xf0, 0xff,
    0x48, 0x58, 0xf0, 0xff, 0x48, 0x58, 0xf0, 0xff, 0x48, 0x58, 0xe8, 0xff,
    0x48, 0x58, 0xe8, 0xff, 0x48, 0x58, 0xf0, 0xff, 0x48, 0x58, 0xf0, 0xff,
    0x48, 0x58, 0xf0, 0xff, 0x48, 0x58, 0xf0, 0xff, 0x50, 0x58, 0xf0, 0xff,
    0x48, 0x58, 0xf0, 0xff, 0x48, 0x58, 0xf0, 0xff, 0x48, 0x58, 0xf0, 0xff,
    0x48, 0x5c, 0xf0, 0xff, 0x48, 0x58, 0xf0, 0xff, 0x50, 0x5c, 0xf0, 0xff,
    0x48, 0x58, 0xf0, 0xff, 0x48, 0x5c, 0xf0, 0xff, 0x48, 0x5c, 0xf0, 0xff,
    0x50, 0x5c, 0xf0, 0xff, 0x50, 0x60, 0xf8, 0xff, 0x50, 0x60, 0xf8, 0xff,
    0x50, 0x60, 0xf0, 0xff, 0x50, 0x60, 0xf8, 0xff, 0x50, 0x60, 0xf8, 0xff,
    0x50, 0x60, 0xf8, 0xff, 0x50, 0x5c, 0xf0, 0xff, 0x50, 0x60, 0xf8, 0xff,
    0x50, 0x64, 0xf8, 0xff, 0x58, 0x68, 0xf8, 0xff, 0x50, 0x64, 0xf8, 0xff,
    0x50, 0x60, 0xf8, 0xff, 0x50, 0x60, 0xf0, 0xff, 0x50, 0x60, 0xf8, 0xff,
    0x50, 0x60, 0xf0, 0xff, 0x50, 0x64, 0xf8, 0xff, 0x50, 0x64, 0xf8, 0xff,
    0x50, 0x68, 0xf0, 0xff, 0x58, 0x68, 0xf8, 0xff, 0x50, 0x64, 0xf8, 0xff,
    0x50, 0x68, 0xf8, 0xff, 0x58, 0x68, 0xf8, 0xff, 0x58, 0x64, 0xf8, 0xff,
    0x58, 0x68, 0xf0, 0xff, 0x58, 0x68, 0xf8, 0xff, 0x58, 0x68, 0xf8, 0xff,
    0x58, 0x68, 0xf8, 0xff, 0x58, 0x68, 0xf8, 0xff, 0x50, 0x60, 0xf0, 0xff,
    0x50, 0x58, 0xf0, 0xff, 0x40, 0x4c, 0xe8, 0xff, 0x40, 0x48, 0xe0, 0xff,
    0x30, 0x34, 0xb0, 0xff, 0x18, 0x28, 0x60, 0xff, 0x18, 0x2c, 0x68, 0xff,
    0x20, 0x2c, 0x70, 0xff, 0x18, 0x2c, 0x70, 0xff, 0x28, 0x38, 0x78, 0xff,
    0x38, 0x44, 0x80, 0xff, 0x40, 0x54, 0x90, 0xff, 0x30, 0x3c, 0x70, 0xff,
    0x48, 0x58, 0x98, 0xff, 0x30, 0x40, 0x78, 0xff, 0x78, 0x78, 0xb0, 0xff,
    0x50, 0x50, 0x70, 0xff, 0xa8, 0x9c, 0x68, 0xff, 0xb0, 0xa4, 0x68, 0xff,
    0xb0, 0xa4, 0x68, 0xff, 0xb0, 0xa4, 0x70, 0xff, 0xb0, 0xa4, 0x68, 0xff,
    0xa8, 0xa4, 0x68, 0xff, 0xb0, 0xa4, 0x68, 0xff, 0xb0, 0xa4, 0x70, 0xff,
    0xb0, 0xa4, 0x70, 0xff, 0xb0, 0xa4, 0x70, 0xff, 0xb0, 0xa4, 0x70, 0xff,
    0xb0, 0xa4, 0x70, 0xff, 0xb0, 0xa4, 0x70, 0xff, 0xb0, 0xa4, 0x70, 0xff,
    0xb0, 0xa4, 0x70, 0xff, 0xb0, 0xa4, 0x70, 0xff, 0xb0, 0xa4, 0x70, 0xff,
    0xb0, 0xa4, 0x70, 0xff, 0xb0, 0xa4, 0x70, 0xff, 0xb0, 0xa4, 0x70, 0xff,
    0xb0, 0xa4, 0x70, 0xff, 0xb0, 0xa8, 0x78, 0xff, 0xb0, 0xac, 0x88, 0xff,
    0xb0, 0xb0, 0xa0, 0xff, 0xb0, 0xb4, 0xa8, 0xff, 0xb8, 0xb8, 0xb0, 0xff,
    0xb0, 0xb8, 0xb0, 0xff, 0xb8, 0xbc, 0xb0, 0xff, 0xb0, 0xbc, 0xb8, 0xff,
    0xb8, 0xc0, 0xb8, 0xff, 0xc0, 0xc8, 0xc8, 0xff, 0xc0, 0xcc, 0xc8, 0xff,
    0xc0, 0xc8, 0xc8, 0xff, 0xc0, 0xcc, 0xc8, 0xff, 0xc0, 0xcc, 0xc8, 0xff,
    0xc0, 0xcc, 0xc8, 0xff, 0xc0, 0xc8, 0xc8, 0xff, 0xc0, 0xcc, 0xc8, 0xff,
    0xc0, 0xc8, 0xc8, 0xff, 0xc0, 0xc8, 0xc8, 0xff, 0x80, 0x84, 0x90, 0xff,
    0x18, 0x2c, 0x50, 0xff, 0x18, 0x24, 0x50, 0xff, 0x18, 0x28, 0x58, 0xff,
    0x18, 0x28, 0x58, 0xff, 0x18, 0x28, 0x58, 0xff, 0x18, 0x28, 0x50, 0xff,
    0x30, 0x38, 0x60, 0xff, 0x88, 0x90, 0xa8, 0xff, 0xc8, 0xd0, 0xd0, 0xff,
    0xc0, 0xcc, 0xd0, 0xff, 0xc0, 0xd0, 0xd0, 0xff, 0xc0, 0xcc, 0xc8, 0xff,
    0xc0, 0xc8, 0xc0, 0xff, 0xc0, 0xc4, 0xc0, 0xff, 0xb8, 0xbc, 0xb8, 0xff,
    0xb0, 0xbc, 0xb0, 0xff, 0xb0, 0xbc, 0xb0, 0xff, 0xb0, 0xbc, 0xb0, 0xff,
    0xb8, 0xbc, 0xb0, 0xff, 0xb0, 0xbc, 0xb0, 0xff, 0xb0, 0xbc, 0xb0, 0xff,
    0xb8, 0xbc, 0xb0, 0xff, 0xb8, 0xbc, 0xb0, 0xff, 0xb8, 0xbc, 0xb0, 0xff,
    0xb8, 0xbc, 0xb0, 0xff, 0xb0, 0xbc, 0xb0, 0xff, 0xb0, 0xbc, 0xb0, 0xff,
    0xb0, 0xbc, 0xb0, 0xff, 0xb8, 0xb8, 0xa8, 0xff, 0xb0, 0xb8, 0xa8, 0xff,
    0xb8, 0xb4, 0xa0, 0xff, 0xb8, 0xb4, 0xa0, 0xff, 0xb0, 0xb4, 0xa8, 0xff,
    0xb8, 0xb4, 0xa8, 0xff, 0xb0, 0xb4, 0xa0, 0xff, 0xb0, 0xb4, 0x98, 0xff,
    0xb0, 0xb0, 0x98, 0xff, 0xb0, 0xb0, 0x88, 0xff, 0xb0, 0xac, 0x88, 0xff,
    0xb8, 0xac, 0x88, 0xff, 0xb8, 0xac, 0x88, 0xff, 0xb0, 0xac, 0x88, 0xff,
    0xb8, 0xac, 0x88, 0xff, 0xb8, 0xac, 0x90, 0xff, 0xb0, 0xb0, 0x90, 0xff,
    0xb0, 0xac, 0x88, 0xff, 0xb0, 0xac, 0x88, 0xff, 0xb8, 0xb0, 0x90, 0xff,
    0x88, 0x80, 0x90, 0xff, 0x48, 0x48, 0x70, 0xff, 0x18, 0x28, 0x38, 0xff,
    0x20, 0x2c, 0x50, 0xff, 0x18, 0x24, 0x50, 0xff, 0x18, 0x28, 0x40, 0xff,
    0x18, 0x28, 0x40, 0x41, 0x48, 0x54, 0xe8, 0xff, 0x48, 0x58, 0xe8, 0xff,
    0x48, 0x58, 0xf0, 0xff, 0x48, 0x54, 0xe8, 0xff, 0x48, 0x58, 0xe8, 0xff,
    0x48, 0x58, 0xf0, 0xff, 0x48, 0x58, 0xf0, 0xff, 0x50, 0x58, 0xf0, 0xff,
    0x50, 0x5c, 0xf0, 0xff, 0x48, 0x5c, 0xf0, 0xff, 0x48, 0x54, 0xe8, 0xff,
    0x40, 0x54, 0xe8, 0xff, 0x40, 0x54, 0xe8, 0xff, 0x48, 0x58, 0xf0, 0xff,
    0x40, 0x58, 0xf0, 0xff, 0x48, 0x58, 0xe8, 0xff, 0x48, 0x58, 0xe8, 0xff,
    0x48, 0x58, 0xe8, 0xff, 0x48, 0x58, 0xf0, 0xff, 0x48, 0x58, 0xf0, 0xff,
    0x48, 0x58, 0xf0, 0xff, 0x50, 0x5c, 0xf0, 0xff, 0x48, 0x58, 0xf0, 0xff,
    0x48, 0x58, 0xf0, 0xff, 0x48, 0x5c, 0xf0, 0xff, 0x48, 0x5c, 0xf0, 0xff,
    0x50, 0x5c, 0xf8, 0xff, 0x48, 0x58, 0xf0, 0xff, 0x48, 0x5c, 0xf0, 0xff,
    0x48, 0x5c, 0xf0, 0xff, 0x50, 0x5c, 0xf0, 0xff, 0x50, 0x60, 0xf8, 0xff,
    0x50, 0x60, 0xf8, 0xff, 0x50, 0x60, 0xf0, 0xff, 0x50, 0x60, 0xf8, 0xff,
    0x50, 0x60, 0xf8, 0xff, 0x50, 0x60, 0xf0, 0xff, 0x50, 0x60, 0xf0, 0xff,
    0x50, 0x60, 0xf8, 0xff, 0x50, 0x64, 0xf0, 0xff, 0x50, 0x68, 0xf8, 0xff,
    0x50, 0x60, 0xf0, 0xff, 0x50, 0x60, 0xf8, 0xff, 0x48, 0x5c, 0xf0, 0xff,
    0x50, 0x60, 0xf0, 0xff, 0x50, 0x60, 0xf8, 0xff, 0x50, 0x64, 0xf8, 0xff,
    0x50, 0x64, 0xf0, 0xff, 0x50, 0x64, 0xf8, 0xff, 0x58, 0x68, 0xf8, 0xff,
    0x50, 0x64, 0xf8, 0xff, 0x50, 0x64, 0xf8, 0xff, 0x50, 0x64, 0xf8, 0xff,
    0x58, 0x64, 0xf8, 0xff, 0x58, 0x68, 0xf8, 0xff, 0x50, 0x68, 0xf8, 0xff,
    0x58, 0x68, 0xf8, 0xff, 0x58, 0x6c, 0xf8, 0xff, 0x58, 0x68, 0xf8, 0xff,
    0x50, 0x60, 0xf0, 0xff, 0x48, 0x58, 0xf0, 0xff, 0x40, 0x4c, 0xe8, 0xff,
    0x40, 0x48, 0xe0, 0xff, 0x28, 0x34, 0xb0, 0xff, 0x18, 0x28, 0x60, 0xff,
    0x18, 0x28, 0x68, 0xff, 0x20, 0x2c, 0x70, 0xff, 0x18, 0x2c, 0x70, 0xff,
    0x28, 0x34, 0x70, 0xff, 0x30, 0x44, 0x78, 0xff, 0x40, 0x54, 0x90, 0xff,
    0x30, 0x3c, 0x78, 0xff, 0x48, 0x58, 0x98, 0xff, 0x30, 0x40, 0x78, 0xff,
    0x78, 0x7c, 0xb8, 0xff, 0x50, 0x54, 0x70, 0xff, 0xa8, 0xa0, 0x68, 0xff,
    0xb0, 0xa4, 0x68, 0xff, 0xb0, 0xa4, 0x68, 0xff, 0xb0, 0xa4, 0x70, 0xff,
    0xb0, 0xa4, 0x70, 0xff, 0xb0, 0xa4, 0x70, 0xff, 0xb0, 0xa4, 0x68, 0xff,
    0xb0, 0xa4, 0x70, 0xff, 0xb0, 0xa4, 0x70, 0xff, 0xb0, 0xa4, 0x70, 0xff,
    0xb0, 0xa4, 0x70, 0xff, 0xb0, 0xa4, 0x70, 0xff, 0xb0, 0xa4, 0x70, 0xff,
    0xb8, 0xa8, 0x70, 0xff, 0xb8, 0xa8, 0x70, 0xff, 0xb0, 0xa8, 0x70, 0xff,
    0xb0, 0xa4, 0x78, 0xff, 0xb0, 0xa4, 0x70, 0xff, 0xb8, 0xa4, 0x70, 0xff,
    0xb0, 0xa8, 0x78, 0xff, 0xb0, 0xa8, 0x80, 0xff, 0xb0, 0xac, 0x90, 0xff,
    0xb0, 0xb0, 0x98, 0xff, 0xb0, 0xb4, 0xa0, 0xff, 0xb0, 0xb4, 0xa8, 0xff,
    0xb0, 0xb8, 0xa8, 0xff, 0xb8, 0xbc, 0xb0, 0xff, 0xb8, 0xbc, 0xb8, 0xff,
    0xb8, 0xc4, 0xb8, 0xff, 0xc0, 0xc4, 0xc0, 0xff, 0xc0, 0xcc, 0xc8, 0xff,
    0xc0, 0xcc, 0xd0, 0xff, 0xc0, 0xcc, 0xc8, 0xff, 0xc0, 0xcc, 0xc8, 0xff,
    0xc8, 0xcc, 0xc8, 0xff, 0xc0, 0xc8, 0xc8, 0xff, 0xc8, 0xcc, 0xc8, 0xff,
    0xc8, 0xcc, 0xc8, 0xff, 0xc0, 0xcc, 0xc8, 0xff, 0xc0, 0xc8, 0xc8, 0xff,
    0x80, 0x84, 0x90, 0xff, 0x18, 0x28, 0x50, 0xff, 0x18, 0x24, 0x50, 0xff,
    0x18, 0x28, 0x58, 0xff, 0x18, 0x2c, 0x58, 0xff, 0x18, 0x28, 0x58, 0xff,
    0x18, 0x28, 0x50, 0xff, 0x30, 0x3c, 0x68, 0xff, 0x90, 0x94, 0xb0, 0xff,
    0xc8, 0xd4, 0xd8, 0xff, 0xc8, 0xd4, 0xd0, 0xff, 0xc8, 0xd0, 0xd0, 0xff,
    0xc8, 0xd0, 0xd0, 0xff, 0xc0, 0xcc, 0xc8, 0xff, 0xc0, 0xc8, 0xc0, 0xff,
    0xc0, 0xc4, 0xc0, 0xff, 0xc0, 0xc4, 0xc0, 0xff, 0xb8, 0xc4, 0xb8, 0xff,
    0xb8, 0xbc, 0xb8, 0xff, 0xb8, 0xbc, 0xb0, 0xff, 0xb0, 0xbc, 0xb0, 0xff,
    0xb0, 0xbc, 0xb0, 0xff, 0xb0, 0xbc, 0xb0, 0xff, 0xb0, 0xbc, 0xb0, 0xff,
    0xb8, 0xbc, 0xb0, 0xff, 0xb8, 0xbc, 0xb0, 0xff, 0xb0, 0xbc, 0xb0, 0xff,
    0xb8, 0xbc, 0xb0, 0xff, 0xb8, 0xb8, 0xb0, 0xff, 0xb0, 0xb8, 0xa8, 0xff,
    0xb8, 0xb8, 0xa8, 0xff, 0xb8, 0xb8, 0xa8, 0xff, 0xb8, 0xb8, 0xa8, 0xff,
    0xb8, 0xb8, 0xa8, 0xff, 0xb0, 0xb4, 0xa0, 0xff, 0xb0, 0xb4, 0xa0, 0xff,
    0xb0, 0xb0, 0x98, 0xff, 0xb0, 0xb0, 0x90, 0xff, 0xb0, 0xb0, 0x90, 0xff,
    0xb8, 0xb0, 0x88, 0xff, 0xb8, 0xb0, 0x90, 0xff, 0xb0, 0xb0, 0x90, 0xff,
    0xb0, 0xac, 0x88, 0xff, 0xb8, 0xb0, 0x88, 0xff, 0xb8, 0xb0, 0x88, 0xff,
    0xb0, 0xac, 0x88, 0xff, 0xb8, 0xac, 0x88, 0xff, 0xb0, 0xac, 0x90, 0xff,
    0xb8, 0xb0, 0x90, 0xff, 0x88, 0x80, 0x90, 0xff, 0x48, 0x48, 0x68, 0xff,
    0x18, 0x28, 0x40, 0xff, 0x20, 0x28, 0x50, 0xff, 0x18, 0x24, 0x50, 0xff,
    0x18, 0x24, 0x48, 0xff, 0x10, 0x24, 0x40, 0x41, 0x48, 0x54, 0xe8, 0xff,
    0x48, 0x54, 0xe8, 0xff, 0x48, 0x58, 0xf0, 0xff, 0x48, 0x58, 0xe8, 0xff,
    0x48, 0x54, 0xe8, 0xff, 0x48, 0x58, 0xe8, 0xff, 0x48, 0x58, 0xe8, 0xff,
    0x48, 0x58, 0xe8, 0xff, 0x50, 0x5c, 0xf0, 0xff, 0x50, 0x5c, 0xf0, 0xff,
    0x48, 0x58, 0xf0, 0xff, 0x40, 0x54, 0xe8, 0xff, 0x40, 0x54, 0xe8, 0xff,
    0x40, 0x54, 0xe8, 0xff, 0x48, 0x54, 0xf0, 0xff, 0x48, 0x58, 0xf0, 0xff,
    0x48, 0x58, 0xf0, 0xff, 0x48, 0x58, 0xf0, 0xff, 0x48, 0x58, 0xf0, 0xff,
    0x50, 0x58, 0xf0, 0xff, 0x48, 0x5c, 0xf0, 0xff, 0x50, 0x5c, 0xf0, 0xff,
    0x48, 0x58, 0xf0, 0xff, 0x48, 0x58, 0xf0, 0xff, 0x50, 0x5c, 0xf0, 0xff,
    0x48, 0x5c, 0xf0, 0xff, 0x48, 0x5c, 0xf0, 0xff, 0x50, 0x5c, 0xf8, 0xff,
    0x50, 0x5c, 0xf8, 0xff, 0x50, 0x5c, 0xf0, 0xff, 0x50, 0x60, 0xf8, 0xff,
    0x50, 0x60, 0xf8, 0xff, 0x50, 0x60, 0xf8, 0xff, 0x50, 0x60, 0xf8, 0xff,
    0x50, 0x60, 0xf8, 0xff, 0x50, 0x60, 0xf8, 0xff, 0x50, 0x60, 0xf8, 0xff,
    0x50, 0x5c, 0xf8, 0xff, 0x50, 0x60, 0xf8, 0xff, 0x50, 0x64, 0xf8, 0xff,
    0x50, 0x64, 0xf8, 0xff, 0x50, 0x64, 0xf8, 0xff, 0x50, 0x64, 0xf0, 0xff,
    0x50, 0x60, 0xf0, 0xff, 0x50, 0x60, 0xf0, 0xff, 0x50, 0x64, 0xf8, 0xff,
    0x50, 0x64, 0xf8, 0xff, 0x50, 0x60, 0xf0, 0xff, 0x58, 0x64, 0xf8, 0xff,
    0x50, 0x64, 0xf8, 0xff, 0x50, 0x64, 0xf8, 0xff, 0x58, 0x68, 0xf8, 0xff,
    0x50, 0x64, 0xf8, 0xff, 0x50, 0x64, 0xf0, 0xff, 0x50, 0x68, 0xf8, 0xff,
    0x58, 0x68, 0xf8, 0xff, 0x58, 0x6c, 0xf8, 0xff, 0x58, 0x68, 0xf8, 0xff,
    0x58, 0x6c, 0xf8, 0xff, 0x50, 0x60, 0xf8, 0xff, 0x48, 0x58, 0xf0, 0xff,
    0x38, 0x48, 0xe0, 0xff, 0x38, 0x44, 0xe0, 0xff, 0x30, 0x38, 0xb0, 0xff,
    0x18, 0x28, 0x58, 0xff, 0x18, 0x2c, 0x68, 0xff, 0x20, 0x2c, 0x70, 0xff,
    0x18, 0x2c, 0x68, 0xff, 0x28, 0x38, 0x78, 0xff, 0x38, 0x44, 0x80, 0xff,
    0x48, 0x54, 0x90, 0xff, 0x30, 0x3c, 0x78, 0xff, 0x48, 0x54, 0x98, 0xff,
    0x30, 0x44, 0x80, 0xff, 0x78, 0x7c, 0xb8, 0xff, 0x50, 0x50, 0x70, 0xff,
    0xa8, 0xa0, 0x70, 0xff, 0xb0, 0xa4, 0x70, 0xff, 0xb0, 0xa4, 0x70, 0xff,
    0xb0, 0xa4, 0x70, 0xff, 0xb0, 0xa4, 0x70, 0xff, 0xb0, 0xa4, 0x70, 0xff,
    0xb0, 0xa4, 0x70, 0xff, 0xb0, 0xa4, 0x70, 0xff, 0xb0, 0xa4, 0x70, 0xff,
    0xb0, 0xa4, 0x70, 0xff, 0xb0, 0xa4, 0x78, 0xff, 0xb0, 0xa4, 0x70, 0xff,
    0xb0, 0xa8, 0x78, 0xff, 0xb0, 0xa8, 0x80, 0xff, 0xb0, 0xa8, 0x80, 0xff,
    0xb0, 0xac, 0x80, 0xff, 0xb0, 0xac, 0x88, 0xff, 0xb0, 0xac, 0x88, 0xff,
    0xb0, 0xac, 0x80, 0xff, 0xb0, 0xac, 0x80, 0xff, 0xb0, 0xb0, 0x98, 0xff,
    0xb0, 0xb4, 0xa8, 0xff, 0xb0, 0xb0, 0xa0, 0xff, 0xb0, 0xb4, 0xa0, 0xff,
    0xb0, 0xb4, 0xa8, 0xff, 0xb0, 0xb8, 0xa8, 0xff, 0xb8, 0xc0, 0xb0, 0xff,
    0xb8, 0xc0, 0xb8, 0xff, 0xb8, 0xc4, 0xb8, 0xff, 0xc0, 0xc4, 0xc0, 0xff,
    0xc0, 0xc4, 0xc0, 0xff, 0xc0, 0xc8, 0xc8, 0xff, 0xc0, 0xc8, 0xc8, 0xff,
    0xc0, 0xc8, 0xc8, 0xff, 0xc0, 0xc8, 0xc8, 0xff, 0xc0, 0xc8, 0xc8, 0xff,
    0xc0, 0xc8, 0xc8, 0xff, 0xc0, 0xc8, 0xc8, 0xff, 0xc0, 0xcc, 0xc8, 0xff,
    0xc0, 0xc8, 0xc8, 0xff, 0x78, 0x84, 0x90, 0xff, 0x18, 0x28, 0x50, 0xff,
    0x18, 0x28, 0x50, 0xff, 0x18, 0x28, 0x58, 0xff, 0x18, 0x28, 0x60, 0xff,
    0x20, 0x28, 0x60, 0xff, 0x18, 0x2c, 0x50, 0xff, 0x30, 0x38, 0x68, 0xff,
    0x88, 0x90, 0xa8, 0xff, 0xc8, 0xd4, 0xd8, 0xff, 0xc8, 0xd4, 0xd8, 0xff,
    0xc8, 0xd4, 0xd0, 0xff, 0xc8, 0xd0, 0xd0, 0xff, 0xc8, 0xd0, 0xd0, 0xff,
    0xc0, 0xcc, 0xd0, 0xff, 0xc8, 0xd0, 0xd0, 0xff, 0xc8, 0xcc, 0xc8, 0xff,
    0xc0, 0xc8, 0xc8, 0xff, 0xc0, 0xc8, 0xc0, 0xff, 0xb8, 0xc4, 0xb8, 0xff,
    0xb8, 0xbc, 0xb0, 0xff, 0xb8, 0xbc, 0xb8, 0xff, 0xb8, 0xbc, 0xb0, 0xff,
    0xb8, 0xc0, 0xb8, 0xff, 0xb8, 0xbc, 0xb8, 0xff, 0xb0, 0xbc, 0xb0, 0xff,
    0xb0, 0xb8, 0xa8, 0xff, 0xb0, 0xb8, 0xa8, 0xff, 0xb0, 0xbc, 0xa8, 0xff,
    0xb0, 0xb8, 0xb0, 0xff, 0xb8, 0xb8, 0xa8, 0xff, 0xb0, 0xb4, 0xa0, 0xff,
    0xb0, 0xb4, 0xa0, 0xff, 0xb8, 0xb4, 0xa8, 0xff, 0xb8, 0xb4, 0xa0, 0xff,
    0xb0, 0xb4, 0xa0, 0xff, 0xb8, 0xb4, 0x98, 0xff, 0xb8, 0xb4, 0x98, 0xff,
    0xb8, 0xb4, 0x98, 0xff, 0xb8, 0xb0, 0x90, 0xff, 0xb0, 0xb0, 0x90, 0xff,
    0xb0, 0xb0, 0x88, 0xff, 0xb0, 0xac, 0x88, 0xff, 0xb0, 0xb0, 0x88, 0xff,
    0xb0, 0xac, 0x88, 0xff, 0xb8, 0xb0, 0x88, 0xff, 0xb0, 0xac, 0x88, 0xff,
    0xb0, 0xac, 0x90, 0xff, 0xb0, 0xb0, 0x90, 0xff, 0x88, 0x80, 0x90, 0xff,
    0x48, 0x44, 0x70, 0xff, 0x18, 0x28, 0x38, 0xff, 0x20, 0x2c, 0x50, 0xff,
    0x18, 0x24, 0x50, 0xff, 0x18, 0x24, 0x48, 0xff, 0x18, 0x24, 0x48, 0x41,
    0x48, 0x54, 0xe8, 0xff, 0x48, 0x54, 0xe8, 0xff, 0x48, 0x58, 0xe8, 0xff,
    0x48, 0x54, 0xe8, 0xff, 0x48, 0x54, 0xe8, 0xff, 0x48, 0x58, 0xf0, 0xff,
    0x48, 0x58, 0xf0, 0xff, 0x48, 0x58, 0xe8, 0xff, 0x48, 0x58, 0xe8, 0xff,
    0x48, 0x58, 0xf0, 0xff, 0x48, 0x58, 0xf0, 0xff, 0x48, 0x54, 0xe8, 0xff,
    0x40, 0x54, 0xe8, 0xff, 0x48, 0x54, 0xe8, 0xff, 0x48, 0x54, 0xe8, 0xff,
    0x40, 0x54, 0xf0, 0xff, 0x48, 0x58, 0xe8, 0xff, 0x48, 0x58, 0xf0, 0xff,
    0x48, 0x58, 0xf0, 0xff, 0x48, 0x58, 0xf0, 0xff, 0x48, 0x58, 0xf0, 0xff,
    0x48, 0x54, 0xf0, 0xff, 0x48, 0x54, 0xf0, 0xff, 0x48, 0x5c, 0xf0, 0xff,
    0x50, 0x5c, 0xf0, 0xff, 0x48, 0x5c, 0xf0, 0xff, 0x48, 0x5c, 0xf0, 0xff,
    0x50, 0x5c, 0xf0, 0xff, 0x50, 0x5c, 0xf0, 0xff, 0x50, 0x5c, 0xf0, 0xff,
    0x50, 0x60, 0xf8, 0xff, 0x50, 0x60, 0xf0, 0xff, 0x50, 0x60, 0xf0, 0xff,
    0x50, 0x60, 0xf8, 0xff, 0x48, 0x60, 0xf0, 0xff, 0x50, 0x60, 0xf8, 0xff,
    0x50, 0x60, 0xf0, 0xff, 0x48, 0x5c, 0xf0, 0xff, 0x50, 0x60, 0xf8, 0xff,
    0x50, 0x64, 0xf8, 0xff, 0x50, 0x60, 0xf8, 0xff, 0x50, 0x64, 0xf8, 0xff,
    0x50, 0x64, 0xf0, 0xff, 0x50, 0x60, 0xf0, 0xff, 0x50, 0x60, 0xf8, 0xff,
    0x50, 0x60, 0xf8, 0xff, 0x50, 0x64, 0xf0, 0xff, 0x50, 0x64, 0xf8, 0xff,
    0x58, 0x64, 0xf8, 0xff, 0x50, 0x64, 0xf8, 0xff, 0x50, 0x64, 0xf8, 0xff,
    0x58, 0x68, 0xf8, 0xff, 0x50, 0x64, 0xf8, 0xff, 0x50, 0x60, 0xf0, 0xff,
    0x50, 0x64, 0xf8, 0xff, 0x50, 0x68, 0xf8, 0xff, 0x50, 0x68, 0xf8, 0xff,
    0x50, 0x68, 0xf8, 0xff, 0x58, 0x68, 0xf8, 0xff, 0x50, 0x60, 0xf0, 0xff,
    0x48, 0x58, 0xf0, 0xff, 0x40, 0x50, 0xe8, 0xff, 0x38, 0x44, 0xe0, 0xff,
    0x30, 0x34, 0xb0, 0xff, 0x18, 0x28, 0x60, 0xff, 0x18, 0x2c, 0x68, 0xff,
    0x20, 0x2c, 0x68, 0xff, 0x18, 0x2c, 0x68, 0xff, 0x28, 0x38, 0x70, 0xff,
    0x38, 0x44, 0x80, 0xff, 0x48, 0x54, 0x90, 0xff, 0x30, 0x3c, 0x78, 0xff,
    0x48, 0x54, 0x90, 0xff, 0x38, 0x44, 0x78, 0xff, 0x78, 0x78, 0xb0, 0xff,
    0x50, 0x50, 0x70, 0xff, 0xa8, 0xa0, 0x70, 0xff, 0xb0, 0xa8, 0x70, 0xff,
    0xb0, 0xa8, 0x70, 0xff, 0xb0, 0xa8, 0x70, 0xff, 0xb0, 0xa8, 0x70, 0xff,
    0xb0, 0xa8, 0x70, 0xff, 0xb0, 0xa4, 0x70, 0xff, 0xb0, 0xa8, 0x70, 0xff,
    0xb0, 0xa4, 0x78, 0xff, 0xb0, 0xa8, 0x78, 0xff, 0xb0, 0xa8, 0x78, 0xff,
    0xb0, 0xa8, 0x78, 0xff, 0xb0, 0xa8, 0x78, 0xff, 0xb0, 0xa8, 0x78, 0xff,
    0xb0, 0xa8, 0x80, 0xff, 0xb0, 0xa8, 0x80, 0xff, 0xb0, 0xa8, 0x80, 0xff,
    0xb0, 0xa8, 0x80, 0xff, 0xb0, 0xac, 0x80, 0xff, 0xb0, 0xa8, 0x80, 0xff,
    0xb0, 0xb4, 0x98, 0xff, 0xb0, 0xb4, 0xa8, 0xff, 0xb0, 0xb4, 0xa8, 0xff,
    0xb0, 0xb4, 0xa8, 0xff, 0xb0, 0xb4, 0xa8, 0xff, 0xb0, 0xb4, 0xa8, 0xff,
    0xb8, 0xbc, 0xb0, 0xff, 0xb8, 0xbc, 0xb8, 0xff, 0xb8, 0xbc, 0xb0, 0xff,
    0xb0, 0xbc, 0xb8, 0xff, 0xb8, 0xc0, 0xb8, 0xff, 0xb8, 0xc0, 0xc0, 0xff,
    0xc0, 0xc4, 0xc0, 0xff, 0xc0, 0xc4, 0xc8, 0xff, 0xc0, 0xc8, 0xc8, 0xff,
    0xc0, 0xc8, 0xc8, 0xff, 0xc0, 0xc8, 0xc8, 0xff, 0xc0, 0xc8, 0xc0, 0xff,
    0xc0, 0xc8, 0xc8, 0xff, 0xc0, 0xc8, 0xc8, 0xff, 0x78, 0x80, 0x98, 0xff,
    0x20, 0x28, 0x50, 0xff, 0x18, 0x28, 0x50, 0xff, 0x18, 0x28, 0x58, 0xff,
    0x18, 0x28, 0x58, 0xff, 0x18, 0x28, 0x60, 0xff, 0x18, 0x28, 0x50, 0xff,
    0x30, 0x3c, 0x60, 0xff, 0x90, 0x90, 0xa8, 0xff, 0xd0, 0xd8, 0xd8, 0xff,
    0xd0, 0xd8, 0xd8, 0xff, 0xc8, 0xd4, 0xd0, 0xff, 0xc8, 0xd4, 0xd0, 0xff,
    0xc8, 0xd4, 0xd0, 0xff, 0xc8, 0xd4, 0xd0, 0xff, 0xc8, 0xd0, 0xd0, 0xff,
    0xc8, 0xd0, 0xd0, 0xff, 0xc8, 0xd0, 0xd0, 0xff, 0xc0, 0xd0, 0xd0, 0xff,
    0xc0, 0xcc, 0xd0, 0xff, 0xc0, 0xc8, 0xc8, 0xff, 0xc0, 0xc8, 0xc8, 0xff,
    0xc0, 0xcc, 0xc8, 0xff, 0xc0, 0xc8, 0xc8, 0xff, 0xc0, 0xc8, 0xc8, 0xff,
    0xb8, 0xc4, 0xc0, 0xff, 0xb8, 0xc0, 0xb8, 0xff, 0xc0, 0xc0, 0xb8, 0xff,
    0xb8, 0xc4, 0xb8, 0xff, 0xb8, 0xc0, 0xb8, 0xff, 0xb8, 0xbc, 0xb0, 0xff,
    0xb8, 0xb8, 0xa8, 0xff, 0xb8, 0xb8, 0xa8, 0xff, 0xb0, 0xb4, 0xa0, 0xff,
    0xb0, 0xb0, 0xa0, 0xff, 0xb0, 0xb4, 0x98, 0xff, 0xb0, 0xb4, 0x98, 0xff,
    0xb0, 0xb0, 0x90, 0xff, 0xb8, 0xb0, 0x90, 0xff, 0xb0, 0xb4, 0x98, 0xff,
    0xb0, 0xb0, 0x90, 0xff, 0xb0, 0xb0, 0x90, 0xff, 0xb8, 0xb0, 0x90, 0xff,
    0xb8, 0xb4, 0xa0, 0xff, 0xb8, 0xb8, 0xa8, 0xff, 0xb8, 0xb8, 0xa8, 0xff,
    0xb8, 0xb8, 0xa0, 0xff, 0xb0, 0xb4, 0x98, 0xff, 0xb0, 0xb4, 0x98, 0xff,
    0x88, 0x80, 0x90, 0xff, 0x48, 0x44, 0x68, 0xff, 0x18, 0x28, 0x38, 0xff,
    0x18, 0x2c, 0x50, 0xff, 0x18, 0x24, 0x48, 0xff, 0x18, 0x24, 0x48, 0xff,
    0x18, 0x24, 0x48, 0x41, 0x48, 0x54, 0xe8, 0xff, 0x48, 0x58, 0xe8, 0xff,
    0x48, 0x54, 0xe8, 0xff, 0x48, 0x54, 0xe8, 0xff, 0x48, 0x54, 0xe8, 0xff,
    0x48, 0x54, 0xf0, 0xff, 0x48, 0x58, 0xf0, 0xff, 0x48, 0x58, 0xf0, 0xff,
    0x48, 0x58, 0xe8, 0xff, 0x48, 0x58, 0xe8, 0xff, 0x48, 0x58, 0xf0, 0xff,
    0x48, 0x58, 0xf0, 0xff, 0x48, 0x54, 0xe8, 0xff, 0x48, 0x54, 0xe8, 0xff,
    0x48, 0x54, 0xf0, 0xff, 0x48, 0x54, 0xf0, 0xff, 0x48, 0x58, 0xf0, 0xff,
    0x48, 0x58, 0xf0, 0xff, 0x48, 0x58, 0xe8, 0xff, 0x48, 0x58, 0xf0, 0xff,
    0x48, 0x58, 0xf0, 0xff, 0x48, 0x58, 0xf0, 0xff, 0x48, 0x54, 0xe8, 0xff,
    0x50, 0x5c, 0xf0, 0xff, 0x48, 0x58, 0xf0, 0xff, 0x48, 0x58, 0xf0, 0xff,
    0x48, 0x5c, 0xf0, 0xff, 0x48, 0x5c, 0xf0, 0xff, 0x48, 0x5c, 0xf0, 0xff,
    0x50, 0x5c, 0xf8, 0xff, 0x50, 0x5c, 0xf8, 0xff, 0x48, 0x5c, 0xf0, 0xff,
    0x48, 0x5c, 0xf8, 0xff, 0x50, 0x5c, 0xf0, 0xff, 0x50, 0x60, 0xf8, 0xff,
    0x50, 0x60, 0xf8, 0xff, 0x50, 0x60, 0xf0, 0xff, 0x50, 0x60, 0xf8, 0xff,
    0x50, 0x60, 0xf8, 0xff, 0x50, 0x64, 0xf8, 0xff, 0x50, 0x64, 0xf8, 0xff,
    0x58, 0x64, 0xf8, 0xff, 0x50, 0x64, 0xf8, 0xff, 0x50, 0x60, 0xf0, 0xff,
    0x50, 0x60, 0xf0, 0xff, 0x50, 0x60, 0xf8, 0xff, 0x58, 0x64, 0xf0, 0xff,
    0x50, 0x60, 0xf8, 0xff, 0x50, 0x64, 0xf8, 0xff, 0x50, 0x60, 0xf8, 0xff,
    0x50, 0x64, 0xf8, 0xff, 0x58, 0x68, 0xf8, 0xff, 0x50, 0x64, 0xf8, 0xff,
    0x50, 0x60, 0xf8, 0xff, 0x58, 0x68, 0xf8, 0xff, 0x58, 0x68, 0xf8, 0xff,
    0x58, 0x68, 0xf8, 0xff, 0x50, 0x68, 0xf8, 0xff, 0x58, 0x68, 0xf8, 0xff,
    0x50, 0x60, 0xf8, 0xff, 0x48, 0x58, 0xf0, 0xff, 0x40, 0x50, 0xe8, 0xff,
    0x40, 0x44, 0xe0, 0xff, 0x30, 0x34, 0xb0, 0xff, 0x18, 0x2c, 0x60, 0xff,
    0x18, 0x2c, 0x68, 0xff, 0x20, 0x2c, 0x68, 0xff, 0x18, 0x2c, 0x68, 0xff,
    0x28, 0x38, 0x70, 0xff, 0x38, 0x44, 0x80, 0xff, 0x48, 0x54, 0x90, 0xff,
    0x30, 0x3c, 0x78, 0xff, 0x40, 0x54, 0x90, 0xff, 0x30, 0x44, 0x78, 0xff,
    0x78, 0x7c, 0xb8, 0xff, 0x50, 0x54, 0x70, 0xff, 0xa8, 0xa4, 0x70, 0xff,
    0xb0, 0xa8, 0x70, 0xff, 0xb0, 0xa8, 0x70, 0xff, 0xb0, 0xa8, 0x70, 0xff,
    0xb0, 0xa8, 0x78, 0xff, 0xb8, 0xa8, 0x78, 0xff, 0xb0, 0xa8, 0x78, 0xff,
    0xb0, 0xa4, 0x78, 0xff, 0xb0, 0xa8, 0x78, 0xff, 0xb0, 0xa8, 0x78, 0xff,
    0xb0, 0xa8, 0x78, 0xff, 0xb8, 0xa8, 0x78, 0xff, 0xb0, 0xa8, 0x78, 0xff,
    0xb0, 0xa8, 0x80, 0xff, 0xb0, 0xa8, 0x78, 0xff, 0xb0, 0xac, 0x78, 0xff,
    0xb0, 0xac, 0x80, 0xff, 0xb0, 0xa8, 0x80, 0xff, 0xb0, 0xac, 0x80, 0xff,
    0xb0, 0xac, 0x80, 0xff, 0xb0, 0xac, 0x88, 0xff, 0xb0, 0xb0, 0xa0, 0xff,
    0xb0, 0xb4, 0xa8, 0xff, 0xb0, 0xb4, 0xa8, 0xff, 0xb0, 0xb4, 0xa0, 0xff,
    0xb0, 0xb4, 0xa8, 0xff, 0xb0, 0xb8, 0xa8, 0xff, 0xb0, 0xb8, 0xa8, 0xff,
    0xb0, 0xb8, 0xb0, 0xff, 0xb8, 0xb8, 0xb0, 0xff, 0xb0, 0xbc, 0xb0, 0xff,
    0xb8, 0xc0, 0xb8, 0xff, 0xb8, 0xc0, 0xb8, 0xff, 0xb8, 0xc0, 0xb8, 0xff,
    0xb8, 0xc4, 0xc0, 0xff, 0xc0, 0xc4, 0xc0, 0xff, 0xc0, 0xc4, 0xc0, 0xff,
    0xb8, 0xc4, 0xc0, 0xff, 0xc0, 0xc4, 0xc0, 0xff, 0xc0, 0xc8, 0xc8, 0xff,
    0x78, 0x80, 0x90, 0xff, 0x18, 0x28, 0x50, 0xff, 0x18, 0x28, 0x50, 0xff,
    0x18, 0x28, 0x58, 0xff, 0x18, 0x28, 0x58, 0xff, 0x20, 0x28, 0x60, 0xff,
    0x18, 0x28, 0x50, 0xff, 0x30, 0x38, 0x60, 0xff, 0x90, 0x94, 0xb0, 0xff,
    0xd0, 0xd8, 0xd8, 0xff, 0xc8, 0xd8, 0xd8, 0xff, 0xc8, 0xd4, 0xd8, 0xff,
    0xd0, 0xd8, 0xd8, 0xff, 0xc8, 0xd4, 0xd8, 0xff, 0xc8, 0xd4, 0xd0, 0xff,
    0xc8, 0xd4, 0xd0, 0xff, 0xc8, 0xd0, 0xd0, 0xff, 0xc8, 0xd0, 0xd0, 0xff,
    0xc8, 0xd4, 0xd0, 0xff, 0xc8, 0xd0, 0xd0, 0xff, 0xc8, 0xd4, 0xd0, 0xff,
    0xc8, 0xd0, 0xd0, 0xff, 0xc8, 0xd0, 0xd0, 0xff, 0xc8, 0xd4, 0xd0, 0xff,
    0xc8, 0xd4, 0xd0, 0xff, 0xc8, 0xd0, 0xd0, 0xff, 0xc8, 0xd0, 0xd0, 0xff,
    0xc8, 0xd0, 0xd0, 0xff, 0xc8, 0xd0, 0xd0, 0xff, 0xc0, 0xcc, 0xc8, 0xff,
    0xc0, 0xcc, 0xc8, 0xff, 0xc0, 0xc4, 0xb8, 0xff, 0xb8, 0xc0, 0xb0, 0xff,
    0xb0, 0xb4, 0x98, 0xff, 0xb0, 0xb8, 0xa0, 0xff, 0xb8, 0xbc, 0xa8, 0xff,
    0xb8, 0xbc, 0xa8, 0xff, 0xb0, 0xb4, 0xa0, 0xff, 0xb0, 0xb0, 0x98, 0xff,
    0xb8, 0xb4, 0xa0, 0xff, 0xb8, 0xb4, 0xa0, 0xff, 0xb8, 0xb4, 0xa0, 0xff,
    0xb0, 0xb4, 0xa0, 0xff, 0xb8, 0xbc, 0xb0, 0xff, 0xc0, 0xc4, 0xc0, 0xff,
    0xb8, 0xc4, 0xb8, 0xff, 0xb8, 0xbc, 0xa8, 0xff, 0xb8, 0xc0, 0xb8, 0xff,
    0xc0, 0xc4, 0xc0, 0xff, 0x88, 0x88, 0xa0, 0xff, 0x48, 0x48, 0x68, 0xff,
    0x18, 0x28, 0x40, 0xff, 0x20, 0x2c, 0x58, 0xff, 0x10, 0x28, 0x48, 0xff,
    0x18, 0x24, 0x40, 0xff, 0x18, 0x24, 0x40, 0x41, 0x48, 0x54, 0xe8, 0xff,
    0x48, 0x58, 0xe8, 0xff, 0x48, 0x58, 0xf0, 0xff, 0x48, 0x54, 0xe8, 0xff,
    0x48, 0x54, 0xe8, 0xff, 0x48, 0x58, 0xf0, 0xff, 0x48, 0x54, 0xe8, 0xff,
    0x40, 0x50, 0xe8, 0xff, 0x48, 0x54, 0xe8, 0xff, 0x48, 0x58, 0xe8, 0xff,
    0x48, 0x58, 0xe8, 0xff, 0x48, 0x58, 0xf0, 0xff, 0x48, 0x58, 0xe8, 0xff,
    0x48, 0x54, 0xe8, 0xff, 0x40, 0x54, 0xe8, 0xff, 0x48, 0x54, 0xf0, 0xff,
    0x48, 0x58, 0xf0, 0xff, 0x48, 0x5c, 0xf0, 0xff, 0x48, 0x58, 0xf0, 0xff,
    0x48, 0x58, 0xf0, 0xff, 0x48, 0x58, 0xf0, 0xff, 0x48, 0x58, 0xf0, 0xff,
    0x48, 0x58, 0xf0, 0xff, 0x50, 0x5c, 0xf0, 0xff, 0x48, 0x58, 0xf0, 0xff,
    0x50, 0x5c, 0xf0, 0xff, 0x48, 0x58, 0xf0, 0xff, 0x48, 0x58, 0xf0, 0xff,
    0x48, 0x5c, 0xf0, 0xff, 0x48, 0x5c, 0xf0, 0xff, 0x50, 0x5c, 0xf0, 0xff,
    0x50, 0x5c, 0xf0, 0xff, 0x48, 0x60, 0xf8, 0xff, 0x50, 0x5c, 0xf0, 0xff,
    0x50, 0x60, 0xf8, 0xff, 0x48, 0x60, 0xf8, 0xff, 0x48, 0x5c, 0xf0, 0xff,
    0x50, 0x60, 0xf8, 0xff, 0x50, 0x64, 0xf8, 0xff, 0x50, 0x64, 0xf8, 0xff,
    0x50, 0x64, 0xf8, 0xff, 0x50, 0x60, 0xf0, 0xff, 0x50, 0x64, 0xf8, 0xff,
    0x50, 0x64, 0xf8, 0xff, 0x50, 0x60, 0xf8, 0xff, 0x50, 0x60, 0xf0, 0xff,
    0x50, 0x64, 0xf0, 0xff, 0x50, 0x60, 0xf8, 0xff, 0x58, 0x60, 0xf8, 0xff,
    0x50, 0x64, 0xf8, 0xff, 0x50, 0x68, 0xf0, 0xff, 0x50, 0x68, 0xf0, 0xff,
    0x58, 0x68, 0xf8, 0xff, 0x50, 0x64, 0xf8, 0xff, 0x50, 0x68, 0xf8, 0xff,
    0x50, 0x68, 0xf8, 0xff, 0x58, 0x68, 0xf8, 0xff, 0x50, 0x68, 0xf8, 0xff,
    0x58, 0x68, 0xf8, 0xff, 0x50, 0x60, 0xf0, 0xff, 0x48, 0x58, 0xf0, 0xff,
    0x40, 0x50, 0xe8, 0xff, 0x38, 0x44, 0xe0, 0xff, 0x28, 0x34, 0xb0, 0xff,
    0x18, 0x28, 0x60, 0xff, 0x18, 0x2c, 0x68, 0xff, 0x18, 0x2c, 0x68, 0xff,
    0x18, 0x2c, 0x68, 0xff, 0x28, 0x34, 0x70, 0xff, 0x30, 0x40, 0x78, 0xff,
    0x48, 0x54, 0x90, 0xff, 0x30, 0x3c, 0x78, 0xff, 0x40, 0x50, 0x90, 0xff,
    0x30, 0x40, 0x78, 0xff, 0x78, 0x78, 0xb0, 0xff, 0x50, 0x54, 0x70, 0xff,
    0xa8, 0xa4, 0x70, 0xff, 0xb8, 0xac, 0x78, 0xff, 0xb0, 0xac, 0x78, 0xff,
    0xb0, 0xa8, 0x78, 0xff, 0xb0, 0xa8, 0x78, 0xff, 0xb0, 0xa8, 0x78, 0xff,
    0xb0, 0xa8, 0x78, 0xff, 0xb0, 0xa8, 0x78, 0xff, 0xb8, 0xa8, 0x78, 0xff,
    0xb8, 0xa8, 0x78, 0xff, 0xb8, 0xa8, 0x78, 0xff, 0xb0, 0xa8, 0x78, 0xff,
    0xb0, 0xac, 0x78, 0xff, 0xb0, 0xac, 0x88, 0xff, 0xb0, 0xb0, 0x88, 0xff,
    0xb0, 0xac, 0x80, 0xff, 0xb0, 0xac, 0x80, 0xff, 0xb0, 0xac, 0x80, 0xff,
    0xb0, 0xac, 0x80, 0xff, 0xb0, 0xac, 0x90, 0xff, 0xb0, 0xb0, 0x98, 0xff,
    0xb0, 0xb4, 0xa8, 0xff, 0xb0, 0xb8, 0xa8, 0xff, 0xb8, 0xb8, 0xb0, 0xff,
    0xb0, 0xb0, 0xa0, 0xff, 0xb0, 0xb4, 0xa8, 0xff, 0xb0, 0xb4, 0xa8, 0xff,
    0xb0, 0xb4, 0xa8, 0xff, 0xb0, 0xb4, 0xa8, 0xff, 0xb0, 0xb8, 0xa8, 0xff,
    0xb0, 0xb8, 0xb0, 0xff, 0xb8, 0xbc, 0xb8, 0xff, 0xb8, 0xbc, 0xb8, 0xff,
    0xb8, 0xc0, 0xb8, 0xff, 0xb8, 0xc0, 0xb8, 0xff, 0xb8, 0xc0, 0xc0, 0xff,
    0xb8, 0xc4, 0xc0, 0xff, 0xc0, 0xc4, 0xc0, 0xff, 0xc0, 0xc4, 0xc0, 0xff,
    0xc0, 0xc8, 0xc8, 0xff, 0x78, 0x7c, 0x90, 0xff, 0x18, 0x2c, 0x50, 0xff,
    0x18, 0x28, 0x50, 0xff, 0x18, 0x28, 0x58, 0xff, 0x18, 0x28, 0x58, 0xff,
    0x18, 0x28, 0x58, 0xff, 0x18, 0x28, 0x50, 0xff, 0x30, 0x38, 0x68, 0xff,
    0x90, 0x94, 0xb0, 0xff, 0xc8, 0xd8, 0xd8, 0xff, 0xd0, 0xd8, 0xd8, 0xff,
    0xc8, 0xd8, 0xd8, 0xff, 0xc8, 0xd8, 0xd8, 0xff, 0xc8, 0xd4, 0xd8, 0xff,
    0xc8, 0xd4, 0xd8, 0xff, 0xc8, 0xd4, 0xd0, 0xff, 0xc8, 0xd0, 0xd0, 0xff,
    0xc8, 0xd4, 0xd0, 0xff, 0xc8, 0xd4, 0xd0, 0xff, 0xc8, 0xd4, 0xd8, 0xff,
    0xc8, 0xd4, 0xd8, 0xff, 0xc8, 0xd4, 0xd0, 0xff, 0xc8, 0xd4, 0xd0, 0xff,
    0xc8, 0xd4, 0xd8, 0xff, 0xc8, 0xd4, 0xd0, 0xff, 0xd0, 0xd8, 0xd8, 0xff,
    0xc8, 0xd4, 0xd0, 0xff, 0xc8, 0xd4, 0xd8, 0xff, 0xc8, 0xd4, 0xd0, 0xff,
    0xc8, 0xd0, 0xd0, 0xff, 0xc8, 0xcc, 0xd0, 0xff, 0xc0, 0xc8, 0xc8, 0xff,
    0xc0, 0xc0, 0xb8, 0xff, 0xb8, 0xbc, 0xb0, 0xff, 0xb8, 0xbc, 0xb0, 0xff,
    0xb8, 0xc0, 0xb8, 0xff, 0xc0, 0xc4, 0xb8, 0xff, 0xb8, 0xbc, 0xb0, 0xff,
    0xb0, 0xb8, 0xa8, 0xff, 0xb8, 0xb8, 0xa8, 0xff, 0xb8, 0xb8, 0xb0, 0xff,
    0xb8, 0xb8, 0xb0, 0xff, 0xb8, 0xc4, 0xb0, 0xff, 0xb8, 0xc4, 0xb8, 0xff,
    0xc0, 0xc8, 0xc8, 0xff, 0xc0, 0xc8, 0xc0, 0xff, 0xc0, 0xc4, 0xc0, 0xff,
    0xc0, 0xc4, 0xc0, 0xff, 0xc0, 0xcc, 0xc8, 0xff, 0x90, 0x8c, 0xa8, 0xff,
    0x48, 0x48, 0x68, 0xff, 0x18, 0x28, 0x38, 0xff, 0x20, 0x2c, 0x50, 0xff,
    0x10, 0x24, 0x48, 0xff, 0x18, 0x24, 0x40, 0xff, 0x18, 0x24, 0x40, 0x41,
    0x40, 0x50, 0xe8, 0xff, 0x48, 0x54, 0xe8, 0xff, 0x48, 0x54, 0xe8, 0xff,
    0x48, 0x54, 0xe8, 0xff, 0x40, 0x54, 0xe8, 0xff, 0x40, 0x54, 0xe8, 0xff,
    0x48, 0x54, 0xe8, 0xff, 0x40, 0x50, 0xe8, 0xff, 0x48, 0x54, 0xe8, 0xff,
    0x48, 0x54, 0xe8, 0xff, 0x48, 0x54, 0xe8, 0xff, 0x48, 0x58, 0xf0, 0xff,
    0x40, 0x54, 0xe8, 0xff, 0x40, 0x54, 0xe8, 0xff, 0x40, 0x50, 0xe8, 0xff,
    0x48, 0x54, 0xe8, 0xff, 0x48, 0x54, 0xe8, 0xff, 0x48, 0x58, 0xf0, 0xff,
    0x48, 0x54, 0xf0, 0xff, 0x48, 0x58, 0xf0, 0xff, 0x48, 0x58, 0xe8, 0xff,
    0x48, 0x58, 0xf0, 0xff, 0x48, 0x58, 0xf0, 0xff, 0x48, 0x58, 0xf0, 0xff,
    0x48, 0x58, 0xf0, 0xff, 0x48, 0x58, 0xf0, 0xff, 0x50, 0x5c, 0xf8, 0xff,
    0x48, 0x5c, 0xf0, 0xff, 0x50, 0x5c, 0xf8, 0xff, 0x48, 0x5c, 0xf0, 0xff,
    0x50, 0x5c, 0xf0, 0xff, 0x48, 0x5c, 0xf8, 0xff, 0x50, 0x5c, 0xf0, 0xff,
    0x50, 0x60, 0xf0, 0xff, 0x50, 0x5c, 0xf0, 0xff, 0x50, 0x60, 0xf0, 0xff,
    0x50, 0x60, 0xf8, 0xff, 0x50, 0x60, 0xf0, 0xff, 0x50, 0x64, 0xf8, 0xff,
    0x50, 0x64, 0xf8, 0xff, 0x50, 0x60, 0xf8, 0xff, 0x50, 0x60, 0xf0, 0xff,
    0x50, 0x60, 0xf8, 0xff, 0x50, 0x64, 0xf8, 0xff, 0x50, 0x64, 0xf8, 0xff,
    0x50, 0x60, 0xf8, 0xff, 0x50, 0x60, 0xf8, 0xff, 0x50, 0x64, 0xf8, 0xff,
    0x50, 0x64, 0xf0, 0xff, 0x50, 0x64, 0xf8, 0xff, 0x50, 0x64, 0xf8, 0xff,
    0x58, 0x64, 0xf8, 0xff, 0x50, 0x68, 0xf8, 0xff, 0x50, 0x64, 0xf8, 0xff,
    0x58, 0x68, 0xf8, 0xff, 0x58, 0x68, 0xf8, 0xff, 0x58, 0x68, 0xf8, 0xff,
    0x58, 0x6c, 0xf8, 0xff, 0x50, 0x64, 0xf8, 0xff, 0x50, 0x60, 0xf0, 0xff,
    0x48, 0x58, 0xf0, 0xff, 0x40, 0x4c, 0xe8, 0xff, 0x38, 0x44, 0xe0, 0xff,
    0x28, 0x34, 0xa8, 0xff, 0x18, 0x2c, 0x60, 0xff, 0x20, 0x28, 0x68, 0xff,
    0x20, 0x2c, 0x68, 0xff, 0x20, 0x2c, 0x68, 0xff, 0x20, 0x34, 0x70, 0xff,
    0x30, 0x44, 0x78, 0xff, 0x48, 0x54, 0x90, 0xff, 0x30, 0x38, 0x70, 0xff,
    0x40, 0x50, 0x90, 0xff, 0x30, 0x40, 0x70, 0xff, 0x78, 0x78, 0xb0, 0xff,
    0x50, 0x54, 0x70, 0xff, 0xa8, 0xa4, 0x78, 0xff, 0xb0, 0xa8, 0x78, 0xff,
    0xb0, 0xa8, 0x80, 0xff, 0xb0, 0xa8, 0x80, 0xff, 0xb8, 0xac, 0x88, 0xff,
    0xb0, 0xac, 0x80, 0xff, 0xb0, 0xa8, 0x78, 0xff, 0xb0, 0xa8, 0x78, 0xff,
    0xb0, 0xa8, 0x78, 0xff, 0xb0, 0xac, 0x78, 0xff, 0xb0, 0xac, 0x80, 0xff,
    0xb0, 0xa8, 0x80, 0xff, 0xb0, 0xac, 0x88, 0xff, 0xb0, 0xb4, 0x98, 0xff,
    0xb0, 0xb0, 0x98, 0xff, 0xb0, 0xb0, 0x98, 0xff, 0xb0, 0xb0, 0x90, 0xff,
    0xb0, 0xac, 0x90, 0xff, 0xb0, 0xb0, 0x90, 0xff, 0xb0, 0xb0, 0x98, 0xff,
    0xb0, 0xb4, 0xa0, 0xff, 0xb0, 0xb8, 0xa8, 0xff, 0xb0, 0xb8, 0xb0, 0xff,
    0xb0, 0xbc, 0xb0, 0xff, 0xb0, 0xb4, 0xa8, 0xff, 0xb0, 0xb0, 0xa0, 0xff,
    0xb0, 0xb4, 0xa0, 0xff, 0xb0, 0xb4, 0xa8, 0xff, 0xb0, 0xb4, 0xa8, 0xff,
    0xb8, 0xb8, 0xb0, 0xff, 0xb0, 0xb8, 0xb0, 0xff, 0xb0, 0xbc, 0xb0, 0xff,
    0xb0, 0xb8, 0xb0, 0xff, 0xb8, 0xc0, 0xb8, 0xff, 0xb8, 0xc0, 0xb8, 0xff,
    0xb8, 0xc4, 0xc0, 0xff, 0xb8, 0xc4, 0xc0, 0xff, 0xc0, 0xc4, 0xc0, 0xff,
    0xc0, 0xc4, 0xc0, 0xff, 0xc0, 0xc8, 0xc8, 0xff, 0x78, 0x80, 0x90, 0xff,
    0x20, 0x2c, 0x50, 0xff, 0x18, 0x28, 0x50, 0xff, 0x18, 0x28, 0x58, 0xff,
    0x18, 0x28, 0x58, 0xff, 0x18, 0x2c, 0x60, 0xff, 0x18, 0x28, 0x50, 0xff,
    0x30, 0x3c, 0x68, 0xff, 0x90, 0x94, 0xb0, 0xff, 0xc8, 0xd8, 0xd8, 0xff,
    0xd0, 0xd8, 0xd8, 0xff, 0xd0, 0xd8, 0xe0, 0xff, 0xc8, 0xd8, 0xd8, 0xff,
    0xc8, 0xd4, 0xd8, 0xff, 0xc8, 0xd4, 0xd8, 0xff, 0xc8, 0xd4, 0xd8, 0xff,
    0xc8, 0xd4, 0xd8, 0xff, 0xc8, 0xd4, 0xd8, 0xff, 0xc8, 0xd4, 0xd8, 0xff,
    0xd0, 0xd4, 0xd8, 0xff, 0xd0, 0xd8, 0xd8, 0xff, 0xd0, 0xd8, 0xd8, 0xff,
    0xd0, 0xd8, 0xd8, 0xff, 0xd0, 0xd8, 0xd8, 0xff, 0xd0, 0xd8, 0xd8, 0xff,
    0xd0, 0xd8, 0xd8, 0xff, 0xd0, 0xd4, 0xd8, 0xff, 0xc8, 0xd4, 0xd8, 0xff,
    0xc8, 0xd4, 0xd0, 0xff, 0xc8, 0xd4, 0xd8, 0xff, 0xc8, 0xd0, 0xd0, 0xff,
    0xc0, 0xcc, 0xc8, 0xff, 0xc0, 0xc8, 0xc0, 0xff, 0xb8, 0xc0, 0xb8, 0xff,
    0xb8, 0xc0, 0xb8, 0xff, 0xc0, 0xc4, 0xb8, 0xff, 0xc0, 0xc4, 0xc0, 0xff,
    0xb8, 0xc0, 0xb8, 0xff, 0xb0, 0xbc, 0xb0, 0xff, 0xb8, 0xbc, 0xb0, 0xff,
    0xb8, 0xc0, 0xb0, 0xff, 0xb8, 0xc0, 0xb8, 0xff, 0xc0, 0xc4, 0xb8, 0xff,
    0xc0, 0xc4, 0xc0, 0xff, 0xc0, 0xc8, 0xc8, 0xff, 0xc8, 0xcc, 0xc8, 0xff,
    0xc0, 0xcc, 0xc8, 0xff, 0xc0, 0xc8, 0xc8, 0xff, 0xc0, 0xc8, 0xc8, 0xff,
    0x90, 0x8c, 0xa8, 0xff, 0x48, 0x48, 0x70, 0xff, 0x18, 0x28, 0x40, 0xff,
    0x20, 0x30, 0x58, 0xff, 0x18, 0x24, 0x50, 0xff, 0x18, 0x28, 0x48, 0xff,
    0x18, 0x28, 0x48, 0x41, 0x48, 0x54, 0xe8, 0xff, 0x40, 0x54, 0xe8, 0xff,
    0x48, 0x54, 0xe8, 0xff, 0x48, 0x58, 0xf0, 0xff, 0x48, 0x54, 0xe8, 0xff,
    0x40, 0x54, 0xe8, 0xff, 0x40, 0x54, 0xe8, 0xff, 0x40, 0x50, 0xe8, 0xff,
    0x40, 0x54, 0xe8, 0xff, 0x48, 0x54, 0xe8, 0xff, 0x48, 0x54, 0xf0, 0xff,
    0x48, 0x58, 0xf0, 0xff, 0x40, 0x54, 0xe8, 0xff, 0x48, 0x54, 0xf0, 0xff,
    0x40, 0x50, 0xe8, 0xff, 0x40, 0x4c, 0xe8, 0xff, 0x40, 0x50, 0xe8, 0xff,
    0x48, 0x58, 0xf0, 0xff, 0x48, 0x54, 0xf0, 0xff, 0x48, 0x58, 0xf0, 0xff,
    0x48, 0x58, 0xe8, 0xff, 0x48, 0x58, 0xf0, 0xff, 0x50, 0x58, 0xf0, 0xff,
    0x48, 0x5c, 0xf0, 0xff, 0x48, 0x5c, 0xf0, 0xff, 0x48, 0x58, 0xf0, 0xff,
    0x48, 0x58, 0xf0, 0xff, 0x50, 0x5c, 0xf0, 0xff, 0x50, 0x5c, 0xf8, 0xff,
    0x48, 0x5c, 0xf0, 0xff, 0x50, 0x60, 0xf8, 0xff, 0x48, 0x5c, 0xf0, 0xff,
    0x48, 0x5c, 0xf0, 0xff, 0x50, 0x5c, 0xf0, 0xff, 0x48, 0x58, 0xf0, 0xff,
    0x50, 0x60, 0xf0, 0xff, 0x48, 0x5c, 0xf0, 0xff, 0x50, 0x60, 0xf0, 0xff,
    0x58, 0x68, 0xf8, 0xff, 0x50, 0x60, 0xf8, 0xff, 0x50, 0x60, 0xf0, 0xff,
    0x50, 0x60, 0xf0, 0xff, 0x50, 0x60, 0xf8, 0xff, 0x50, 0x60, 0xf0, 0xff,
    0x50, 0x64, 0xf8, 0xff, 0x50, 0x60, 0xf8, 0xff, 0x50, 0x60, 0xf8, 0xff,
    0x58, 0x64, 0xf8, 0xff, 0x50, 0x60, 0xf0, 0xff, 0x50, 0x60, 0xf8, 0xff,
    0x58, 0x64, 0xf8, 0xff, 0x58, 0x64, 0xf8, 0xff, 0x50, 0x68, 0xf8, 0xff,
    0x50, 0x64, 0xf8, 0xff, 0x58, 0x6c, 0xf8, 0xff, 0x58, 0x6c, 0xf8, 0xff,
    0x58, 0x68, 0xf8, 0xff, 0x58, 0x68, 0xf8, 0xff, 0x50, 0x68, 0xf8, 0xff,
    0x50, 0x60, 0xf8, 0xff, 0x50, 0x58, 0xf0, 0xff, 0x40, 0x50, 0xe8, 0xff,
    0x40, 0x44, 0xe0, 0xff, 0x28, 0x34, 0xb0, 0xff, 0x18, 0x2c, 0x60, 0xff,
    0x18, 0x2c, 0x68, 0xff, 0x20, 0x2c, 0x68, 0xff, 0x20, 0x2c, 0x68, 0xff,
    0x28, 0x38, 0x70, 0xff, 0x30, 0x40, 0x78, 0xff, 0x48, 0x54, 0x90, 0xff,
    0x30, 0x40, 0x78, 0xff, 0x40, 0x50, 0x90, 0xff, 0x38, 0x44, 0x78, 0xff,
    0x78, 0x78, 0xb8, 0xff, 0x50, 0x54, 0x78, 0xff, 0xb0, 0xa8, 0x80, 0xff,
    0xb8, 0xb8, 0x98, 0xff, 0xb8, 0xbc, 0xb0, 0xff, 0xb8, 0xbc, 0xb8, 0xff,
    0xb8, 0xbc, 0xb8, 0xff, 0xb8, 0xc0, 0xb0, 0xff, 0xb0, 0xb0, 0x90, 0xff,
    0xb0, 0xac, 0x80, 0xff, 0xb0, 0xac, 0x80, 0xff, 0xb0, 0xac, 0x80, 0xff,
    0xb0, 0xac, 0x80, 0xff, 0xb0, 0xac, 0x88, 0xff, 0xb0, 0xac, 0x88, 0xff,
    0xb0, 0xac, 0x90, 0xff, 0xb0, 0xb0, 0x98, 0xff, 0xb0, 0xb4, 0xa8, 0xff,
    0xb0, 0xb4, 0xa8, 0xff, 0xb0, 0xb4, 0xa0, 0xff, 0xb0, 0xb4, 0xa0, 0xff,
    0xb0, 0xb4, 0xa0, 0xff, 0xb0, 0xb4, 0xa8, 0xff, 0xb8, 0xb8, 0xb0, 0xff,
    0xb8, 0xbc, 0xb0, 0xff, 0xb0, 0xbc, 0xb8, 0xff, 0xb0, 0xbc, 0xb0, 0xff,
    0xb0, 0xb4, 0xa8, 0xff, 0xb0, 0xb0, 0xa0, 0xff, 0xb0, 0xb4, 0xa8, 0xff,
    0xb0, 0xb4, 0xa8, 0xff, 0xb8, 0xbc, 0xb0, 0xff, 0xb8, 0xbc, 0xb8, 0xff,
    0xb8, 0xc0, 0xb8, 0xff, 0xb8, 0xbc, 0xb8, 0xff, 0xb8, 0xbc, 0xb8, 0xff,
    0xb8, 0xc0, 0xc0, 0xff, 0xb8, 0xc4, 0xc0, 0xff, 0xb8, 0xc4, 0xc0, 0xff,
    0xc0, 0xc8, 0xc0, 0xff, 0xc0, 0xc8, 0xc8, 0xff, 0xc0, 0xc8, 0xc0, 0xff,
    0x78, 0x80, 0x90, 0xff, 0x18, 0x28, 0x50, 0xff, 0x18, 0x28, 0x50, 0xff,
    0x18, 0x28, 0x58, 0xff, 0x18, 0x28, 0x58, 0xff, 0x18, 0x2c, 0x60, 0xff,
    0x18, 0x28, 0x48, 0xff, 0x30, 0x3c, 0x68, 0xff, 0x90, 0x94, 0xb0, 0xff,
    0xc8, 0xd8, 0xd8, 0xff, 0xd0, 0xd8, 0xd8, 0xff, 0xc8, 0xd8, 0xd8, 0xff,
    0xd0, 0xdc, 0xe0, 0xff, 0xd0, 0xd8, 0xd8, 0xff, 0xc8, 0xd4, 0xd8, 0xff,
    0xc8, 0xd4, 0xd0, 0xff, 0xc8, 0xd4, 0xd0, 0xff, 0xc8, 0xd4, 0xd8, 0xff,
    0xc8, 0xd4, 0xd0, 0xff, 0xc8, 0xd4, 0xd8, 0xff, 0xd0, 0xd8, 0xd8, 0xff,
    0xc8, 0xd8, 0xd8, 0xff, 0xd0, 0xd8, 0xd8, 0xff, 0xd0, 0xd8, 0xd8, 0xff,
    0xd0, 0xd8, 0xd8, 0xff, 0xc8, 0xd8, 0xd8, 0xff, 0xd0, 0xd8, 0xd8, 0xff,
    0xd0, 0xd8, 0xd8, 0xff, 0xc8, 0xd4, 0xd8, 0xff, 0xc8, 0xd4, 0xd8, 0xff,
    0xc8, 0xd4, 0xd0, 0xff, 0xc8, 0xd0, 0xd0, 0xff, 0xc0, 0xcc, 0xc8, 0xff,
    0xc0, 0xc8, 0xc0, 0xff, 0xc0, 0xc4, 0xc0, 0xff, 0xc0, 0xc4, 0xc0, 0xff,
    0xc0, 0xc8, 0xc0, 0xff, 0xc0, 0xc4, 0xb8, 0xff, 0xb8, 0xc0, 0xb0, 0xff,
    0xb8, 0xbc, 0xb0, 0xff, 0xb8, 0xc0, 0xb0, 0xff, 0xb8, 0xc0, 0xb8, 0xff,
    0xb8, 0xc4, 0xb8, 0xff, 0xc0, 0xc4, 0xc0, 0xff, 0xc0, 0xc8, 0xc8, 0xff,
    0xc8, 0xcc, 0xc8, 0xff, 0xc8, 0xcc, 0xc8, 0xff, 0xc0, 0xc8, 0xc8, 0xff,
    0xc0, 0xc8, 0xc8, 0xff, 0x90, 0x88, 0xa0, 0xff, 0x48, 0x48, 0x68, 0xff,
    0x18, 0x28, 0x40, 0xff, 0x20, 0x30, 0x58, 0xff, 0x10, 0x24, 0x50, 0xff,
    0x18, 0x28, 0x48, 0xff, 0x18, 0x24, 0x48, 0x41, 0x48, 0x54, 0xe8, 0xff,
    0x48, 0x54, 0xe8, 0xff, 0x48, 0x54, 0xe8, 0xff, 0x48, 0x58, 0xf0, 0xff,
    0x48, 0x54, 0xe8, 0xff, 0x48, 0x54, 0xe8, 0xff, 0x48, 0x54, 0xe8, 0xff,
    0x40, 0x50, 0xe8, 0xff, 0x40, 0x50, 0xe8, 0xff, 0x40, 0x54, 0xe8, 0xff,
    0x48, 0x54, 0xe8, 0xff, 0x48, 0x54, 0xf0, 0xff, 0x48, 0x54, 0xe8, 0xff,
    0x48, 0x54, 0xe8, 0xff, 0x40, 0x54, 0xe8, 0xff, 0x48, 0x54, 0xe8, 0xff,
    0x48, 0x54, 0xe8, 0xff, 0x48, 0x58, 0xf0, 0xff, 0x48, 0x54, 0xf0, 0xff,
    0x48, 0x58, 0xf0, 0xff, 0x48, 0x58, 0xf0, 0xff, 0x48, 0x58, 0xe8, 0xff,
    0x48, 0x58, 0xf0, 0xff, 0x50, 0x58, 0xf0, 0xff, 0x48, 0x58, 0xf0, 0xff,
    0x50, 0x5c, 0xf0, 0xff, 0x48, 0x58, 0xf0, 0xff, 0x50, 0x5c, 0xf0, 0xff,
    0x48, 0x5c, 0xf8, 0xff, 0x50, 0x5c, 0xf0, 0xff, 0x50, 0x60, 0xf8, 0xff,
    0x50, 0x5c, 0xf8, 0xff, 0x50, 0x5c, 0xf0, 0xff, 0x48, 0x5c, 0xf0, 0xff,
    0x48, 0x58, 0xf0, 0xff, 0x50, 0x60, 0xf0, 0xff, 0x50, 0x60, 0xf8, 0xff,
    0x50, 0x60, 0xf8, 0xff, 0x50, 0x64, 0xf8, 0xff, 0x50, 0x60, 0xf8, 0xff,
    0x50, 0x64, 0xf8, 0xff, 0x50, 0x60, 0xf8, 0xff, 0x50, 0x60, 0xf0, 0xff,
    0x48, 0x58, 0xf0, 0xff, 0x48, 0x5c, 0xf0, 0xff, 0x50, 0x60, 0xf0, 0xff,
    0x50, 0x64, 0xf8, 0xff, 0x50, 0x64, 0xf8, 0xff, 0x50, 0x60, 0xf0, 0xff,
    0x50, 0x64, 0xf8, 0xff, 0x50, 0x64, 0xf8, 0xff, 0x50, 0x64, 0xf8, 0xff,
    0x58, 0x68, 0xf8, 0xff, 0x50, 0x64, 0xf8, 0xff, 0x58, 0x68, 0xf8, 0xff,
    0x58, 0x6c, 0xf8, 0xff, 0x58, 0x68, 0xf8, 0xff, 0x50, 0x68, 0xf8, 0xff,
    0x50, 0x64, 0xf8, 0xff, 0x50, 0x60, 0xf8, 0xff, 0x48, 0x58, 0xf0, 0xff,
    0x48, 0x50, 0xf0, 0xff, 0x40, 0x44, 0xe0, 0xff, 0x28, 0x34, 0xb0, 0xff,
    0x20, 0x2c, 0x60, 0xff, 0x20, 0x2c, 0x68, 0xff, 0x20, 0x2c, 0x68, 0xff,
    0x18, 0x2c, 0x68, 0xff, 0x28, 0x38, 0x78, 0xff, 0x38, 0x40, 0x78, 0xff,
    0x48, 0x50, 0x88, 0xff, 0x38, 0x40, 0x78, 0xff, 0x48, 0x54, 0x90, 0xff,
    0x38, 0x44, 0x78, 0xff, 0x78, 0x7c, 0xb8, 0xff, 0x50, 0x54, 0x70, 0xff,
    0xa8, 0xac, 0x90, 0xff, 0xb0, 0xb8, 0xb0, 0xff, 0xb8, 0xc0, 0xb8, 0xff,
    0xb8, 0xbc, 0xb8, 0xff, 0xb8, 0xc0, 0xb8, 0xff, 0xb8, 0xc0, 0xb8, 0xff,
    0xb8, 0xbc, 0xb8, 0xff, 0xb0, 0xb8, 0xa8, 0xff, 0xb0, 0xb8, 0xa8, 0xff,
    0xb0, 0xb0, 0x98, 0xff, 0xb0, 0xb0, 0x98, 0xff, 0xb0, 0xb0, 0x98, 0xff,
    0xb0, 0xb0, 0x98, 0xff, 0xb0, 0xb8, 0xa8, 0xff, 0xb8, 0xb8, 0xa8, 0xff,
    0xb8, 0xbc, 0xb0, 0xff, 0xb8, 0xbc, 0xb8, 0xff, 0xb8, 0xbc, 0xb0, 0xff,
    0xb8, 0xb8, 0xb0, 0xff, 0xb0, 0xb8, 0xa8, 0xff, 0xb0, 0xb8, 0xb0, 0xff,
    0xb8, 0xbc, 0xb0, 0xff, 0xb8, 0xbc, 0xb8, 0xff, 0xb8, 0xbc, 0xb8, 0xff,
    0xb8, 0xbc, 0xb0, 0xff, 0xb0, 0xb4, 0xa8, 0xff, 0xb0, 0xb0, 0xa8, 0xff,
    0xb0, 0xb4, 0xa8, 0xff, 0xb0, 0xb4, 0xa8, 0xff, 0xb0, 0xb8, 0xa8, 0xff,
    0xb8, 0xc0, 0xb8, 0xff, 0xc0, 0xc4, 0xc0, 0xff, 0xb8, 0xc0, 0xb8, 0xff,
    0xb8, 0xc0, 0xb8, 0xff, 0xb8, 0xc0, 0xc0, 0xff, 0xc0, 0xc4, 0xc0, 0xff,
    0xc0, 0xc4, 0xc0, 0xff, 0xc0, 0xc4, 0xc0, 0xff, 0xc0, 0xc8, 0xc8, 0xff,
    0xc0, 0xc8, 0xc8, 0xff, 0x78, 0x80, 0x98, 0xff, 0x18, 0x28, 0x50, 0xff,
    0x18, 0x28, 0x50, 0xff, 0x18, 0x28, 0x50, 0xff, 0x18, 0x2c, 0x58, 0xff,
    0x18, 0x2c, 0x60, 0xff, 0x18, 0x28, 0x50, 0xff, 0x30, 0x3c, 0x68, 0xff,
    0x90, 0x98, 0xb0, 0xff, 0xd0, 0xd8, 0xd8, 0xff, 0xc8, 0xd8, 0xd8, 0xff,
    0xd0, 0xd8, 0xe0, 0xff, 0xd0, 0xdc, 0xe0, 0xff, 0xd0, 0xd8, 0xd8, 0xff,
    0xc8, 0xd4, 0xd8, 0xff, 0xd0, 0xd4, 0xd0, 0xff, 0xc8, 0xd0, 0xd0, 0xff,
    0xc8, 0xd0, 0xd0, 0xff, 0xc8, 0xd4, 0xd0, 0xff, 0xd0, 0xd8, 0xd8, 0xff,
    0xc8, 0xd8, 0xd8, 0xff, 0xc8, 0xd8, 0xd8, 0xff, 0xc8, 0xd8, 0xd8, 0xff,
    0xd0, 0xd8, 0xd8, 0xff, 0xc8, 0xd8, 0xd8, 0xff, 0xc8, 0xd8, 0xd8, 0xff,
    0xd0, 0xd8, 0xd8, 0xff, 0xd0, 0xd8, 0xd8, 0xff, 0xc8, 0xd4, 0xd0, 0xff,
    0xc8, 0xd4, 0xd0, 0xff, 0xd0, 0xd4, 0xd8, 0xff, 0xc8, 0xd4, 0xd8, 0xff,
    0xc8, 0xd0, 0xc8, 0xff, 0xc0, 0xc8, 0xc8, 0xff, 0xc0, 0xc8, 0xc8, 0xff,
    0xc0, 0xcc, 0xc8, 0xff, 0xc8, 0xcc, 0xc8, 0xff, 0xc0, 0xc8, 0xc0, 0xff,
    0xc0, 0xc4, 0xc0, 0xff, 0xb8, 0xc0, 0xb8, 0xff, 0xb8, 0xc0, 0xc0, 0xff,
    0xc0, 0xc4, 0xc0, 0xff, 0xc0, 0xc4, 0xc0, 0xff, 0xc0, 0xc8, 0xc8, 0xff,
    0xc0, 0xcc, 0xc8, 0xff, 0xc8, 0xd0, 0xd0, 0xff, 0xc8, 0xd0, 0xd0, 0xff,
    0xc0, 0xc8, 0xc8, 0xff, 0xc0, 0xc8, 0xc0, 0xff, 0x88, 0x88, 0xa0, 0xff,
    0x48, 0x48, 0x68, 0xff, 0x18, 0x28, 0x38, 0xff, 0x20, 0x30, 0x58, 0xff,
    0x18, 0x24, 0x50, 0xff, 0x18, 0x24, 0x48, 0xff, 0x18, 0x28, 0x48, 0x41,
    0x40, 0x50, 0xe8, 0xff, 0x48, 0x54, 0xe8, 0xff, 0x48, 0x54, 0xe8, 0xff,
    0x48, 0x54, 0xf0, 0xff, 0x40, 0x54, 0xe8, 0xff, 0x48, 0x54, 0xe8, 0xff,
    0x40, 0x50, 0xe8, 0xff, 0x48, 0x54, 0xe8, 0xff, 0x40, 0x50, 0xe8, 0xff,
    0x48, 0x54, 0xe8, 0xff, 0x48, 0x54, 0xe8, 0xff, 0x48, 0x54, 0xe8, 0xff,
    0x40, 0x58, 0xf0, 0xff, 0x48, 0x54, 0xf0, 0xff, 0x40, 0x54, 0xe8, 0xff,
    0x40, 0x54, 0xe8, 0xff, 0x40, 0x50, 0xe8, 0xff, 0x48, 0x54, 0xe8, 0xff,
    0x48, 0x58, 0xe8, 0xff, 0x48, 0x58, 0xf0, 0xff, 0x48, 0x58, 0xf0, 0xff,
    0x48, 0x58, 0xf0, 0xff, 0x48, 0x58, 0xf0, 0xff, 0x50, 0x5c, 0xf0, 0xff,
    0x48, 0x58, 0xf0, 0xff, 0x48, 0x58, 0xf0, 0xff, 0x50, 0x58, 0xf0, 0xff,
    0x48, 0x5c, 0xf0, 0xff, 0x48, 0x5c, 0xf0, 0xff, 0x50, 0x5c, 0xf0, 0xff,
    0x50, 0x5c, 0xf0, 0xff, 0x50, 0x60, 0xf0, 0xff, 0x50, 0x60, 0xf0, 0xff,
    0x50, 0x5c, 0xf0, 0xff, 0x48, 0x5c, 0xf0, 0xff, 0x50, 0x64, 0xf8, 0xff,
    0x50, 0x5c, 0xf0, 0xff, 0x48, 0x5c, 0xf0, 0xff, 0x50, 0x60, 0xf8, 0xff,
    0x50, 0x60, 0xf8, 0xff, 0x50, 0x64, 0xf8, 0xff, 0x50, 0x64, 0xf8, 0xff,
    0x50, 0x64, 0xf8, 0xff, 0x50, 0x60, 0xf8, 0xff, 0x48, 0x60, 0xf0, 0xff,
    0x50, 0x60, 0xf8, 0xff, 0x50, 0x64, 0xf8, 0xff, 0x50, 0x64, 0xf8, 0xff,
    0x50, 0x64, 0xf8, 0xff, 0x50, 0x64, 0xf8, 0xff, 0x58, 0x64, 0xf8, 0xff,
    0x50, 0x64, 0xf8, 0xff, 0x50, 0x68, 0xf8, 0xff, 0x50, 0x64, 0xf8, 0xff,
    0x50, 0x64, 0xf8, 0xff, 0x58, 0x68, 0xf8, 0xff, 0x58, 0x68, 0xf8, 0xff,
    0x58, 0x6c, 0xf8, 0xff, 0x50, 0x64, 0xf8, 0xff, 0x50, 0x60, 0xf0, 0xff,
    0x48, 0x5c, 0xf0, 0xff, 0x48, 0x54, 0xf0, 0xff, 0x40, 0x44, 0xe0, 0xff,
    0x28, 0x34, 0xb0, 0xff, 0x18, 0x28, 0x58, 0xff, 0x20, 0x2c, 0x68, 0xff,
    0x18, 0x30, 0x70, 0xff, 0x18, 0x2c, 0x70, 0xff, 0x28, 0x38, 0x78, 0xff,
    0x38, 0x44, 0x78, 0xff, 0x40, 0x50, 0x88, 0xff, 0x30, 0x3c, 0x78, 0xff,
    0x40, 0x50, 0x90, 0xff, 0x30, 0x40, 0x78, 0xff, 0x78, 0x78, 0xb0, 0xff,
    0x50, 0x54, 0x70, 0xff, 0xb0, 0xb0, 0xa0, 0xff, 0xb0, 0xb8, 0xb0, 0xff,
    0xb0, 0xbc, 0xb8, 0xff, 0xb8, 0xbc, 0xb8, 0xff, 0xb8, 0xbc, 0xb8, 0xff,
    0xb8, 0xc0, 0xb8, 0xff, 0xb8, 0xc0, 0xc0, 0xff, 0xb8, 0xc0, 0xc0, 0xff,
    0xb8, 0xc0, 0xb8, 0xff, 0xb0, 0xb8, 0xb0, 0xff, 0xb0, 0xb4, 0xa8, 0xff,
    0xb0, 0xb8, 0xa8, 0xff, 0xb0, 0xb8, 0xb0, 0xff, 0xb8, 0xc0, 0xb8, 0xff,
    0xb8, 0xc0, 0xc0, 0xff, 0xc0, 0xc4, 0xc0, 0xff, 0xc0, 0xc4, 0xc0, 0xff,
    0xb8, 0xc4, 0xc0, 0xff, 0xc0, 0xc4, 0xc0, 0xff, 0xb8, 0xc4, 0xc0, 0xff,
    0xb8, 0xbc, 0xb8, 0xff, 0xb0, 0xb8, 0xb0, 0xff, 0xb0, 0xbc, 0xb0, 0xff,
    0xb0, 0xbc, 0xb0, 0xff, 0xb0, 0xb8, 0xb0, 0xff, 0xb0, 0xb4, 0xa8, 0xff,
    0xb0, 0xb4, 0xa8, 0xff, 0xb0, 0xb4, 0xa8, 0xff, 0xb0, 0xb4, 0xa8, 0xff,
    0xb0, 0xb8, 0xa8, 0xff, 0xb0, 0xbc, 0xb0, 0xff, 0xb8, 0xbc, 0xb8, 0xff,
    0xb8, 0xc0, 0xb8, 0xff, 0xb8, 0xc4, 0xc0, 0xff, 0xc0, 0xc4, 0xc0, 0xff,
    0xc0, 0xc8, 0xc0, 0xff, 0xc0, 0xc8, 0xc8, 0xff, 0xc0, 0xc8, 0xc0, 0xff,
    0xc0, 0xc8, 0xc8, 0xff, 0xc0, 0xc8, 0xc8, 0xff, 0x80, 0x84, 0x90, 0xff,
    0x18, 0x2c, 0x50, 0xff, 0x18, 0x28, 0x50, 0xff, 0x18, 0x28, 0x58, 0xff,
    0x18, 0x28, 0x58, 0xff, 0x20, 0x2c, 0x58, 0xff, 0x20, 0x2c, 0x50, 0xff,
    0x30, 0x3c, 0x68, 0xff, 0x90, 0x98, 0xb0, 0xff, 0xd0, 0xd8, 0xe0, 0xff,
    0xd0, 0xd8, 0xe0, 0xff, 0xd0, 0xdc, 0xd8, 0xff, 0xc8, 0xd8, 0xd8, 0xff,
    0xc8, 0xd4, 0xd8, 0xff, 0xc8, 0xd4, 0xd8, 0xff, 0xc8, 0xd4, 0xd0, 0xff,
    0xc8, 0xd4, 0xd8, 0xff, 0xc8, 0xd4, 0xd0, 0xff, 0xc8, 0xd4, 0xd0, 0xff,
    0xd0, 0xd4, 0xd8, 0xff, 0xd0, 0xd4, 0xd8, 0xff, 0xc8, 0xd4, 0xd0, 0xff,
    0xc8, 0xd0, 0xd0, 0xff, 0xc8, 0xd0, 0xd0, 0xff, 0xc8, 0xd0, 0xd0, 0xff,
    0xc8, 0xd0, 0xd0, 0xff, 0xc8, 0xd4, 0xd0, 0xff, 0xc8, 0xd0, 0xd0, 0xff,
    0xc8, 0xd0, 0xd0, 0xff, 0xc8, 0xd4, 0xd0, 0xff, 0xc8, 0xd4, 0xd8, 0xff,
    0xd0, 0xd4, 0xd8, 0xff, 0xc8, 0xd4, 0xd0, 0xff, 0xc8, 0xd0, 0xd0, 0xff,
    0xc8, 0xd0, 0xd0, 0xff, 0xc8, 0xd0, 0xd0, 0xff, 0xc0, 0xcc, 0xc8, 0xff,
    0xc0, 0xcc, 0xc8, 0xff, 0xc0, 0xcc, 0xc8, 0xff, 0xc0, 0xcc, 0xc8, 0xff,
    0xc0, 0xc8, 0xc8, 0xff, 0xc0, 0xc8, 0xc8, 0xff, 0xc0, 0xcc, 0xc0, 0xff,
    0xc0, 0xc8, 0xc8, 0xff, 0xc8, 0xcc, 0xc8, 0xff, 0xc8, 0xd0, 0xd0, 0xff,
    0xc8, 0xd4, 0xd0, 0xff, 0xc8, 0xcc, 0xc8, 0xff, 0xc0, 0xc8, 0xc8, 0xff,
    0x88, 0x88, 0xa0, 0xff, 0x48, 0x48, 0x70, 0xff, 0x18, 0x2c, 0x40, 0xff,
    0x20, 0x30, 0x58, 0xff, 0x18, 0x24, 0x50, 0xff, 0x18, 0x24, 0x48, 0xff,
    0x18, 0x24, 0x48, 0x41, 0x40, 0x50, 0xe8, 0xff, 0x40, 0x50, 0xe8, 0xff,
    0x40, 0x54, 0xe8, 0xff, 0x48, 0x54, 0xe8, 0xff, 0x48, 0x54, 0xe8, 0xff,
    0x40, 0x50, 0xe8, 0xff, 0x48, 0x54, 0xf0, 0xff, 0x48, 0x54, 0xe8, 0xff,
    0x40, 0x50, 0xe8, 0xff, 0x40, 0x54, 0xe8, 0xff, 0x40, 0x50, 0xe8, 0xff,
    0x40, 0x54, 0xe8, 0xff, 0x48, 0x54, 0xf0, 0xff, 0x40, 0x54, 0xe8, 0xff,
    0x48, 0x54, 0xf0, 0xff, 0x48, 0x54, 0xf0, 0xff, 0x40, 0x50, 0xe8, 0xff,
    0x40, 0x50, 0xe8, 0xff, 0x48, 0x58, 0xf0, 0xff, 0x48, 0x58, 0xf0, 0xff,
    0x48, 0x58, 0xf0, 0xff, 0x48, 0x58, 0xe8, 0xff, 0x50, 0x58, 0xf0, 0xff,
    0x50, 0x5c, 0xf0, 0xff, 0x48, 0x58, 0xf0, 0xff, 0x48, 0x58, 0xf0, 0xff,
    0x48, 0x58, 0xf0, 0xff, 0x48, 0x5c, 0xf0, 0xff, 0x48, 0x5c, 0xf0, 0xff,
    0x50, 0x5c, 0xf0, 0xff, 0x48, 0x5c, 0xf0, 0xff, 0x50, 0x60, 0xf0, 0xff,
    0x50, 0x60, 0xf0, 0xff, 0x50, 0x5c, 0xf0, 0xff, 0x50, 0x60, 0xf0, 0xff,
    0x50, 0x60, 0xf8, 0xff, 0x50, 0x60, 0xf8, 0xff, 0x50, 0x60, 0xf8, 0xff,
    0x50, 0x60, 0xf8, 0xff, 0x50, 0x64, 0xf8, 0xff, 0x50, 0x60, 0xf8, 0xff,
    0x50, 0x64, 0xf8, 0xff, 0x50, 0x64, 0xf8, 0xff, 0x48, 0x5c, 0xf0, 0xff,
    0x50, 0x60, 0xf8, 0xff, 0x50, 0x60, 0xf8, 0xff, 0x50, 0x60, 0xf8, 0xff,
    0x50, 0x64, 0xf8, 0xff, 0x50, 0x60, 0xf8, 0xff, 0x58, 0x64, 0xf8, 0xff,
    0x50, 0x64, 0xf8, 0xff, 0x58, 0x68, 0xf8, 0xff, 0x58, 0x68, 0xf8, 0xff,
    0x58, 0x64, 0xf8, 0xff, 0x50, 0x64, 0xf8, 0xff, 0x58, 0x6c, 0xf8, 0xff,
    0x58, 0x6c, 0xf8, 0xff, 0x58, 0x68, 0xf8, 0xff, 0x50, 0x68, 0xf8, 0xff,
    0x50, 0x60, 0xf0, 0xff, 0x50, 0x5c, 0xf0, 0xff, 0x48, 0x50, 0xf0, 0xff,
    0x38, 0x44, 0xe0, 0xff, 0x28, 0x34, 0xa8, 0xff, 0x18, 0x28, 0x58, 0xff,
    0x20, 0x2c, 0x68, 0xff, 0x20, 0x2c, 0x70, 0xff, 0x20, 0x2c, 0x68, 0xff,
    0x28, 0x38, 0x78, 0xff, 0x38, 0x44, 0x80, 0xff, 0x48, 0x50, 0x88, 0xff,
    0x30, 0x40, 0x78, 0xff, 0x38, 0x48, 0x80, 0xff, 0x30, 0x40, 0x70, 0xff,
    0x78, 0x7c, 0xb8, 0xff, 0x58, 0x54, 0x78, 0xff, 0xa8, 0xac, 0x98, 0xff,
    0xb0, 0xb4, 0xa8, 0xff, 0xb0, 0xb8, 0xb0, 0xff, 0xb0, 0xb8, 0xb0, 0xff,
    0xb0, 0xbc, 0xb0, 0xff, 0xb8, 0xc0, 0xb8, 0xff, 0xb8, 0xc4, 0xc0, 0xff,
    0xc0, 0xc4, 0xc0, 0xff, 0xb8, 0xc0, 0xb8, 0xff, 0xb8, 0xc0, 0xb8, 0xff,
    0xb8, 0xc0, 0xc0, 0xff, 0xc0, 0xc4, 0xc0, 0xff, 0xb8, 0xc0, 0xb8, 0xff,
    0xb8, 0xc4, 0xc0, 0xff, 0xc0, 0xc4, 0xc0, 0xff, 0xb8, 0xc4, 0xc0, 0xff,
    0xc0, 0xc8, 0xc8, 0xff, 0xc0, 0xc8, 0xc8, 0xff, 0xc0, 0xc8, 0xc8, 0xff,
    0xc0, 0xcc, 0xc8, 0xff, 0xb8, 0xc8, 0xc8, 0xff, 0xb8, 0xc4, 0xc0, 0xff,
    0xb8, 0xc4, 0xc0, 0xff, 0xb8, 0xbc, 0xb8, 0xff, 0xb0, 0xb8, 0xb0, 0xff,
    0xb0, 0xb4, 0xa8, 0xff, 0xb0, 0xb4, 0xa8, 0xff, 0xa8, 0xb4, 0xa8, 0xff,
    0xb0, 0xb4, 0xa8, 0xff, 0xb0, 0xb4, 0xa8, 0xff, 0xb0, 0xb8, 0xb0, 0xff,
    0xb8, 0xbc, 0xb0, 0xff, 0xb8, 0xbc, 0xb8, 0xff, 0xb8, 0xc0, 0xb8, 0xff,
    0xc0, 0xc4, 0xc0, 0xff, 0xc0, 0xc8, 0xc0, 0xff, 0xc0, 0xc4, 0xc0, 0xff,
    0xc0, 0xc8, 0xc8, 0xff, 0xc0, 0xc8, 0xc8, 0xff, 0xc0, 0xcc, 0xc8, 0xff,
    0x78, 0x80, 0x90, 0xff, 0x20, 0x28, 0x50, 0xff, 0x18, 0x28, 0x50, 0xff,
    0x18, 0x28, 0x58, 0xff, 0x18, 0x28, 0x58, 0xff, 0x18, 0x2c, 0x58, 0xff,
    0x20, 0x2c, 0x50, 0xff, 0x30, 0x3c, 0x68, 0xff, 0x90, 0x94, 0xb0, 0xff,
    0xc8, 0xd8, 0xd8, 0xff, 0xc8, 0xd8, 0xd8, 0xff, 0xc8, 0xd4, 0xd8, 0xff,
    0xc8, 0xd4, 0xd0, 0xff, 0xc8, 0xd0, 0xd0, 0xff, 0xc8, 0xd4, 0xd0, 0xff,
    0xd0, 0xd4, 0xd8, 0xff, 0xc8, 0xd4, 0xd0, 0xff, 0xc8, 0xd0, 0xd0, 0xff,
    0xc8, 0xd0, 0xd0, 0xff, 0xc8, 0xd0, 0xd0, 0xff, 0xc0, 0xcc, 0xd0, 0xff,
    0xc0, 0xcc, 0xc8, 0xff, 0xc0, 0xcc, 0xc8, 0xff, 0xc0, 0xcc, 0xc8, 0xff,
    0xc0, 0xcc, 0xc8, 0xff, 0xc0, 0xcc, 0xc8, 0xff, 0xc0, 0xcc, 0xc8, 0xff,
    0xc8, 0xcc, 0xd0, 0xff, 0xc8, 0xcc, 0xd0, 0xff, 0xc8, 0xd0, 0xd0, 0xff,
    0xc8, 0xd4, 0xd0, 0xff, 0xd0, 0xd8, 0xd8, 0xff, 0xc8, 0xd4, 0xd8, 0xff,
    0xc8, 0xd4, 0xd0, 0xff, 0xc8, 0xd4, 0xd0, 0xff, 0xc8, 0xd0, 0xd0, 0xff,
    0xc8, 0xcc, 0xd0, 0xff, 0xc8, 0xcc, 0xc8, 0xff, 0xc8, 0xcc, 0xd0, 0xff,
    0xc8, 0xcc, 0xc8, 0xff, 0xc8, 0xcc, 0xc8, 0xff, 0xc0, 0xcc, 0xd0, 0xff,
    0xc8, 0xcc, 0xc8, 0xff, 0xc8, 0xcc, 0xc8, 0xff, 0xc8, 0xd0, 0xd0, 0xff,
    0xc8, 0xd4, 0xd0, 0xff, 0xc8, 0xd0, 0xd0, 0xff, 0xc8, 0xcc, 0xc8, 0xff,
    0xc0, 0xc8, 0xc0, 0xff, 0x88, 0x88, 0xa0, 0xff, 0x50, 0x4c, 0x70, 0xff,
    0x18, 0x28, 0x40, 0xff, 0x28, 0x30, 0x58, 0xff, 0x10, 0x28, 0x48, 0xff,
    0x18, 0x24, 0x48, 0xff, 0x18, 0x24, 0x48, 0x41, 0x40, 0x50, 0xe8, 0xff,
    0x40, 0x4c, 0xe0, 0xff, 0x40, 0x50, 0xe8, 0xff, 0x48, 0x54, 0xe8, 0xff,
    0x48, 0x54, 0xe8, 0xff, 0x40, 0x50, 0xe8, 0xff, 0x48, 0x54, 0xe8, 0xff,
    0x40, 0x54, 0xe8, 0xff, 0x48, 0x50, 0xe8, 0xff, 0x40, 0x54, 0xe8, 0xff,
    0x40, 0x50, 0xe8, 0xff, 0x48, 0x54, 0xf0, 0xff, 0x40, 0x50, 0xe8, 0xff,
    0x40, 0x54, 0xe8, 0xff, 0x40, 0x50, 0xe8, 0xff, 0x48, 0x54, 0xf0, 0xff,
    0x48, 0x54, 0xe8, 0xff, 0x40, 0x50, 0xe8, 0xff, 0x48, 0x54, 0xf0, 0xff,
    0x48, 0x58, 0xf0, 0xff, 0x48, 0x58, 0xf0, 0xff, 0x48, 0x58, 0xe8, 0xff,
    0x48, 0x58, 0xf0, 0xff, 0x48, 0x5c, 0xf0, 0xff, 0x48, 0x58, 0xf0, 0xff,
    0x48, 0x58, 0xf0, 0xff, 0x48, 0x58, 0xf0, 0xff, 0x48, 0x58, 0xf0, 0xff,
    0x50, 0x5c, 0xf0, 0xff, 0x50, 0x5c, 0xf8, 0xff, 0x50, 0x5c, 0xf0, 0xff,
    0x48, 0x5c, 0xf0, 0xff, 0x48, 0x5c, 0xf0, 0xff, 0x50, 0x5c, 0xf0, 0xff,
    0x50, 0x60, 0xf0, 0xff, 0x48, 0x60, 0xf8, 0xff, 0x50, 0x60, 0xf8, 0xff,
    0x50, 0x60, 0xf0, 0xff, 0x50, 0x60, 0xf8, 0xff, 0x50, 0x64, 0xf8, 0xff,
    0x50, 0x60, 0xf8, 0xff, 0x50, 0x60, 0xf8, 0xff, 0x50, 0x64, 0xf8, 0xff,
    0x50, 0x5c, 0xf0, 0xff, 0x48, 0x5c, 0xf0, 0xff, 0x50, 0x60, 0xf8, 0xff,
    0x50, 0x60, 0xf0, 0xff, 0x50, 0x60, 0xf8, 0xff, 0x50, 0x60, 0xf8, 0xff,
    0x50, 0x64, 0xf8, 0xff, 0x50, 0x60, 0xf8, 0xff, 0x50, 0x64, 0xf8, 0xff,
    0x58, 0x68, 0xf8, 0xff, 0x58, 0x64, 0xf8, 0xff, 0x50, 0x64, 0xf8, 0xff,
    0x58, 0x68, 0xf8, 0xff, 0x58, 0x6c, 0xf8, 0xff, 0x58, 0x68, 0xf8, 0xff,
    0x50, 0x64, 0xf8, 0xff, 0x50, 0x60, 0xf8, 0xff, 0x50, 0x5c, 0xf0, 0xff,
    0x40, 0x50, 0xe8, 0xff, 0x38, 0x44, 0xe0, 0xff, 0x30, 0x34, 0xb0, 0xff,
    0x18, 0x2c, 0x58, 0xff, 0x20, 0x2c, 0x70, 0xff, 0x20, 0x2c, 0x68, 0xff,
    0x20, 0x30, 0x68, 0xff, 0x28, 0x38, 0x78, 0xff, 0x38, 0x44, 0x80, 0xff,
    0x48, 0x50, 0x88, 0xff, 0x30, 0x40, 0x70, 0xff, 0x40, 0x4c, 0x80, 0xff,
    0x30, 0x3c, 0x70, 0xff, 0x78, 0x7c, 0xb8, 0xff, 0x58, 0x54, 0x78, 0xff,
    0xa8, 0xac, 0x98, 0xff, 0xb0, 0xb4, 0xa8, 0xff, 0xb0, 0xb8, 0xa8, 0xff,
    0xb0, 0xb8, 0xb0, 0xff, 0xb8, 0xbc, 0xb8, 0xff, 0xb0, 0xb8, 0xb8, 0xff,
    0xb8, 0xc0, 0xc0, 0xff, 0xb8, 0xc4, 0xc0, 0xff, 0xb8, 0xbc, 0xb8, 0xff,
    0xc0, 0xc4, 0xc0, 0xff, 0xc0, 0xc4, 0xc0, 0xff, 0xb8, 0xc0, 0xc0, 0xff,
    0xc0, 0xc0, 0xb8, 0xff, 0xc0, 0xc4, 0xc0, 0xff, 0xb8, 0xc0, 0xc0, 0xff,
    0xb8, 0xc4, 0xc0, 0xff, 0xc0, 0xc8, 0xc0, 0xff, 0xc0, 0xc8, 0xc8, 0xff,
    0xc0, 0xcc, 0xc8, 0xff, 0xc0, 0xcc, 0xc8, 0xff, 0xc0, 0xcc, 0xc8, 0xff,
    0xc0, 0xc8, 0xc8, 0xff, 0xc0, 0xc4, 0xc0, 0xff, 0xb8, 0xc0, 0xb8, 0xff,
    0xb0, 0xb8, 0xb0, 0xff, 0xb0, 0xb4, 0xa8, 0xff, 0xb0, 0xb4, 0xa8, 0xff,
    0xb0, 0xb8, 0xa8, 0xff, 0xb0, 0xb8, 0xa8, 0xff, 0xb0, 0xb8, 0xb0, 0xff,
    0xb0, 0xb8, 0xb0, 0xff, 0xb8, 0xbc, 0xb8, 0xff, 0xb8, 0xbc, 0xb8, 0xff,
    0xb8, 0xc0, 0xb8, 0xff, 0xb8, 0xc0, 0xb8, 0xff, 0xb8, 0xc4, 0xc0, 0xff,
    0xb8, 0xc0, 0xc0, 0xff, 0xc0, 0xc8, 0xc8, 0xff, 0xc0, 0xc8, 0xc0, 0xff,
    0xc0, 0xcc, 0xc8, 0xff, 0x78, 0x80, 0x90, 0xff, 0x20, 0x2c, 0x50, 0xff,
    0x18, 0x28, 0x48, 0xff, 0x18, 0x28, 0x50, 0xff, 0x18, 0x28, 0x50, 0xff,
    0x18, 0x2c, 0x58, 0xff, 0x18, 0x28, 0x50, 0xff, 0x30, 0x3c, 0x68, 0xff,
    0x90, 0x94, 0xb0, 0xff, 0xc8, 0xd8, 0xd8, 0xff, 0xc8, 0xd8, 0xd8, 0xff,
    0xc8, 0xd4, 0xd8, 0xff, 0xc8, 0xd0, 0xd0, 0xff, 0xc8, 0xd0, 0xd0, 0xff,
    0xc8, 0xd0, 0xd0, 0xff, 0xc8, 0xd4, 0xd0, 0xff, 0xc8, 0xd0, 0xd0, 0xff,
    0xc8, 0xd0, 0xd0, 0xff, 0xc8, 0xd0, 0xd0, 0xff, 0xc8, 0xd0, 0xd0, 0xff,
    0xc8, 0xd0, 0xd0, 0xff, 0xc8, 0xd0, 0xc8, 0xff, 0xc8, 0xcc, 0xd0, 0xff,
    0xc8, 0xd0, 0xd0, 0xff, 0xc8, 0xd0, 0xd0, 0xff, 0xc8, 0xcc, 0xd0, 0xff,
    0xc8, 0xcc, 0xd0, 0xff, 0xc8, 0xd0, 0xd0, 0xff, 0xc8, 0xd0, 0xc8, 0xff,
    0xc0, 0xd0, 0xc8, 0xff, 0xc8, 0xd4, 0xd0, 0xff, 0xc8, 0xd8, 0xd8, 0xff,
    0xd0, 0xd4, 0xd8, 0xff, 0xc8, 0xd4, 0xd0, 0xff, 0xc8, 0xd0, 0xd0, 0xff,
    0xc8, 0xd0, 0xd0, 0xff, 0xc8, 0xd0, 0xd0, 0xff, 0xc8, 0xd0, 0xd0, 0xff,
    0xc8, 0xd0, 0xd0, 0xff, 0xc8, 0xd0, 0xd0, 0xff, 0xc8, 0xd0, 0xd0, 0xff,
    0xc8, 0xd4, 0xd8, 0xff, 0xc8, 0xd4, 0xd0, 0xff, 0xc8, 0xd4, 0xd0, 0xff,
    0xc8, 0xd0, 0xd0, 0xff, 0xc8, 0xd0, 0xd0, 0xff, 0xc0, 0xcc, 0xd0, 0xff,
    0xc0, 0xcc, 0xc8, 0xff, 0xc0, 0xc8, 0xc8, 0xff, 0x88, 0x88, 0xa0, 0xff,
    0x50, 0x4c, 0x70, 0xff, 0x18, 0x28, 0x40, 0xff, 0x28, 0x30, 0x60, 0xff,
    0x10, 0x24, 0x48, 0xff, 0x18, 0x24, 0x48, 0xff, 0x18, 0x24, 0x48, 0x41,
    0x40, 0x50, 0xe8, 0xff, 0x40, 0x4c, 0xe0, 0xff, 0x40, 0x4c, 0xe8, 0xff,
    0x40, 0x50, 0xe8, 0xff, 0x40, 0x54, 0xe8, 0xff, 0x40, 0x50, 0xe8, 0xff,
    0x48, 0x54, 0xe8, 0xff, 0x40, 0x50, 0xe8, 0xff, 0x40, 0x50, 0xe8, 0xff,
    0x48, 0x50, 0xe8, 0xff, 0x40, 0x50, 0xe8, 0xff, 0x48, 0x54, 0xe8, 0xff,
    0x40, 0x54, 0xe8, 0xff, 0x40, 0x50, 0xe8, 0xff, 0x40, 0x54, 0xe8, 0xff,
    0x48, 0x54, 0xe8, 0xff, 0x48, 0x54, 0xf0, 0xff, 0x48, 0x54, 0xe8, 0xff,
    0x48, 0x54, 0xe8, 0xff, 0x48, 0x54, 0xe8, 0xff, 0x48, 0x58, 0xe8, 0xff,
    0x48, 0x54, 0xe8, 0xff, 0x48, 0x54, 0xe8, 0xff, 0x48, 0x58, 0xf0, 0xff,
    0x48, 0x58, 0xf0, 0xff, 0x48, 0x58, 0xf0, 0xff, 0x48, 0x54, 0xf0, 0xff,
    0x48, 0x58, 0xf0, 0xff, 0x48, 0x5c, 0xf0, 0xff, 0x48, 0x5c, 0xf0, 0xff,
    0x50, 0x5c, 0xf0, 0xff, 0x48, 0x5c, 0xf0, 0xff, 0x48, 0x5c, 0xf0, 0xff,
    0x48, 0x5c, 0xf0, 0xff, 0x50, 0x5c, 0xf0, 0xff, 0x48, 0x60, 0xf0, 0xff,
    0x50, 0x60, 0xf8, 0xff, 0x50, 0x60, 0xf8, 0xff, 0x48, 0x60, 0xf0, 0xff,
    0x50, 0x60, 0xf0, 0xff, 0x50, 0x60, 0xf8, 0xff, 0x50, 0x60, 0xf8, 0xff,
    0x50, 0x64, 0xf0, 0xff, 0x50, 0x60, 0xf8, 0xff, 0x48, 0x5c, 0xf0, 0xff,
    0x48, 0x5c, 0xf0, 0xff, 0x50, 0x60, 0xf8, 0xff, 0x50, 0x64, 0xf8, 0xff,
    0x50, 0x60, 0xf8, 0xff, 0x50, 0x64, 0xf8, 0xff, 0x50, 0x60, 0xf8, 0xff,
    0x50, 0x64, 0xf8, 0xff, 0x50, 0x68, 0xf8, 0xff, 0x50, 0x64, 0xf8, 0xff,
    0x58, 0x64, 0xf8, 0xff, 0x58, 0x68, 0xf8, 0xff, 0x58, 0x68, 0xf8, 0xff,
    0x58, 0x68, 0xf8, 0xff, 0x58, 0x68, 0xf8, 0xff, 0x50, 0x64, 0xf8, 0xff,
    0x50, 0x58, 0xf0, 0xff, 0x40, 0x50, 0xe8, 0xff, 0x40, 0x44, 0xe0, 0xff,
    0x28, 0x34, 0xa8, 0xff, 0x18, 0x2c, 0x60, 0xff, 0x20, 0x30, 0x68, 0xff,
    0x20, 0x2c, 0x70, 0xff, 0x20, 0x2c, 0x70, 0xff, 0x28, 0x38, 0x70, 0xff,
    0x38, 0x44, 0x80, 0xff, 0x40, 0x50, 0x88, 0xff, 0x30, 0x40, 0x78, 0xff,
    0x48, 0x50, 0x90, 0xff, 0x38, 0x40, 0x78, 0xff, 0x78, 0x78, 0xb0, 0xff,
    0x50, 0x54, 0x70, 0xff, 0xa8, 0xac, 0xa0, 0xff, 0xb0, 0xb4, 0xa8, 0xff,
    0xb0, 0xb8, 0xa8, 0xff, 0xb0, 0xb8, 0xa8, 0xff, 0xb0, 0xb8, 0xb0, 0xff,
    0xb8, 0xbc, 0xb0, 0xff, 0xb8, 0xc0, 0xc0, 0xff, 0xb8, 0xc0, 0xb8, 0xff,
    0xb8, 0xbc, 0xb8, 0xff, 0xb8, 0xc0, 0xc0, 0xff, 0xb8, 0xc0, 0xb8, 0xff,
    0xb8, 0xc0, 0xb8, 0xff, 0xb8, 0xc0, 0xb8, 0xff, 0xb8, 0xc0, 0xb8, 0xff,
    0xb8, 0xc0, 0xb8, 0xff, 0xb8, 0xc4, 0xc0, 0xff, 0xc0, 0xc4, 0xc0, 0xff,
    0xc0, 0xc8, 0xc0, 0xff, 0xc0, 0xc8, 0xc8, 0xff, 0xc0, 0xc8, 0xc8, 0xff,
    0xc0, 0xc8, 0xc8, 0xff, 0xc0, 0xc8, 0xc8, 0xff, 0xc0, 0xc8, 0xc0, 0xff,
    0xb8, 0xc0, 0xc0, 0xff, 0xb8, 0xbc, 0xb0, 0xff, 0xb8, 0xb8, 0xb0, 0xff,
    0xb0, 0xb8, 0xa8, 0xff, 0xb0, 0xb8, 0xa8, 0xff, 0xb0, 0xb8, 0xa8, 0xff,
    0xb0, 0xb8, 0xb0, 0xff, 0xb0, 0xbc, 0xb0, 0xff, 0xb8, 0xbc, 0xb8, 0xff,
    0xb8, 0xc0, 0xb8, 0xff, 0xb8, 0xbc, 0xb8, 0xff, 0xb8, 0xc0, 0xc0, 0xff,
    0xb8, 0xc4, 0xc0, 0xff, 0xb8, 0xc4, 0xc0, 0xff, 0xc0, 0xcc, 0xc8, 0xff,
    0xc0, 0xcc, 0xc8, 0xff, 0xc0, 0xcc, 0xc8, 0xff, 0x78, 0x80, 0x98, 0xff,
    0x18, 0x2c, 0x50, 0xff, 0x18, 0x28, 0x50, 0xff, 0x18, 0x28, 0x50, 0xff,
    0x18, 0x28, 0x58, 0xff, 0x20, 0x2c, 0x58, 0xff, 0x18, 0x2c, 0x50, 0xff,
    0x30, 0x3c, 0x68, 0xff, 0x90, 0x94, 0xb0, 0xff, 0xc8, 0xd4, 0xd8, 0xff,
    0xc8, 0xd4, 0xd8, 0xff, 0xc8, 0xd0, 0xd0, 0xff, 0xc8, 0xd0, 0xd0, 0xff,
    0xc0, 0xd0, 0xd0, 0xff, 0xc8, 0xd0, 0xd0, 0xff, 0xc8, 0xd0, 0xd0, 0xff,
    0xc8, 0xd0, 0xd0, 0xff, 0xc0, 0xd0, 0xd0, 0xff, 0xc8, 0xd0, 0xd0, 0xff,
    0xc8, 0xd0, 0xd0, 0xff, 0xc8, 0xd0, 0xd0, 0xff, 0xc8, 0xd0, 0xd0, 0xff,
    0xc8, 0xd0, 0xd0, 0xff, 0xc8, 0xd0, 0xd0, 0xff, 0xc8, 0xd0, 0xd0, 0xff,
    0xc8, 0xd4, 0xd0, 0xff, 0xc8, 0xd0, 0xd0, 0xff, 0xc8, 0xd0, 0xd0, 0xff,
    0xc8, 0xd0, 0xd0, 0xff, 0xc0, 0xcc, 0xc8, 0xff, 0xc8, 0xd0, 0xd0, 0xff,
    0xc8, 0xd4, 0xd8, 0xff, 0xc8, 0xd4, 0xd8, 0xff, 0xc8, 0xd4, 0xd8, 0xff,
    0xc8, 0xd4, 0xd8, 0xff, 0xc8, 0xd4, 0xd0, 0xff, 0xc8, 0xd4, 0xd0, 0xff,
    0xc8, 0xd0, 0xd0, 0xff, 0xc8, 0xd0, 0xd0, 0xff, 0xc8, 0xd0, 0xd0, 0xff,
    0xc8, 0xd0, 0xd0, 0xff, 0xc8, 0xd4, 0xd0, 0xff, 0xc8, 0xd4, 0xd0, 0xff,
    0xc8, 0xd0, 0xd0, 0xff, 0xc8, 0xcc, 0xc8, 0xff, 0xc0, 0xcc, 0xc8, 0xff,
    0xc0, 0xcc, 0xc8, 0xff, 0xc0, 0xc8, 0xc8, 0xff, 0xc0, 0xc8, 0xc8, 0xff,
    0x90, 0x88, 0xa0, 0xff, 0x50, 0x4c, 0x70, 0xff, 0x18, 0x2c, 0x38, 0xff,
    0x20, 0x2c, 0x58, 0xff, 0x18, 0x24, 0x50, 0xff, 0x18, 0x24, 0x50, 0xff,
    0x18, 0x24, 0x50, 0x41, 0x40, 0x50, 0xe8, 0xff, 0x40, 0x50, 0xe0, 0xff,
    0x38, 0x48, 0xe0, 0xff, 0x48, 0x50, 0xe8, 0xff, 0x48, 0x54, 0xe8, 0xff,
    0x40, 0x50, 0xe8, 0xff, 0x48, 0x50, 0xe8, 0xff, 0x48, 0x54, 0xe8, 0xff,
    0x40, 0x50, 0xe8, 0xff, 0x40, 0x50, 0xe8, 0xff, 0x48, 0x54, 0xe8, 0xff,
    0x40, 0x50, 0xe8, 0xff, 0x48, 0x54, 0xe8, 0xff, 0x48, 0x54, 0xe8, 0xff,
    0x40, 0x50, 0xe8, 0xff, 0x48, 0x54, 0xf0, 0xff, 0x40, 0x54, 0xe8, 0xff,
    0x48, 0x54, 0xe8, 0xff, 0x48, 0x54, 0xe8, 0xff, 0x48, 0x54, 0xe8, 0xff,
    0x48, 0x54, 0xf0, 0xff, 0x48, 0x58, 0xf0, 0xff, 0x48, 0x58, 0xf0, 0xff,
    0x50, 0x58, 0xf0, 0xff, 0x48, 0x58, 0xf0, 0xff, 0x48, 0x58, 0xe8, 0xff,
    0x48, 0x58, 0xf0, 0xff, 0x48, 0x58, 0xf0, 0xff, 0x48, 0x5c, 0xf0, 0xff,
    0x48, 0x58, 0xf0, 0xff, 0x50, 0x5c, 0xf0, 0xff, 0x50, 0x5c, 0xf0, 0xff,
    0x50, 0x5c, 0xf0, 0xff, 0x50, 0x5c, 0xf0, 0xff, 0x50, 0x60, 0xf8, 0xff,
    0x50, 0x64, 0xf8, 0xff, 0x50, 0x60, 0xf0, 0xff, 0x50, 0x60, 0xf8, 0xff,
    0x48, 0x5c, 0xf0, 0xff, 0x48, 0x5c, 0xf0, 0xff, 0x48, 0x5c, 0xf0, 0xff,
    0x50, 0x60, 0xf8, 0xff, 0x50, 0x64, 0xf8, 0xff, 0x50, 0x60, 0xf8, 0xff,
    0x50, 0x5c, 0xf8, 0xff, 0x48, 0x5c, 0xf0, 0xff, 0x48, 0x5c, 0xf0, 0xff,
    0x50, 0x60, 0xf8, 0xff, 0x50, 0x60, 0xf8, 0xff, 0x50, 0x64, 0xf8, 0xff,
    0x50, 0x64, 0xf8, 0xff, 0x50, 0x60, 0xf8, 0xff, 0x50, 0x64, 0xf8, 0xff,
    0x50, 0x64, 0xf8, 0xff, 0x50, 0x64, 0xf8, 0xff, 0x58, 0x68, 0xf8, 0xff,
    0x58, 0x6c, 0xf8, 0xff, 0x50, 0x68, 0xf8, 0xff, 0x58, 0x68, 0xf8, 0xff,
    0x50, 0x64, 0xf8, 0xff, 0x48, 0x5c, 0xf0, 0xff, 0x40, 0x4c, 0xe8, 0xff,
    0x38, 0x44, 0xe0, 0xff, 0x28, 0x30, 0xa8, 0xff, 0x18, 0x28, 0x58, 0xff,
    0x20, 0x2c, 0x68, 0xff, 0x20, 0x30, 0x70, 0xff, 0x20, 0x30, 0x68, 0xff,
    0x28, 0x38, 0x78, 0xff, 0x38, 0x44, 0x80, 0xff, 0x48, 0x4c, 0x88, 0xff,
    0x38, 0x40, 0x78, 0xff, 0x40, 0x50, 0x90, 0xff, 0x38, 0x44, 0x78, 0xff,
    0x78, 0x78, 0xb0, 0xff, 0x50, 0x54, 0x70, 0xff, 0xa8, 0xb0, 0xa0, 0xff,
    0xb0, 0xb4, 0xa8, 0xff, 0xb0, 0xb8, 0xa8, 0xff, 0xb0, 0xb8, 0xb0, 0xff,
    0xb0, 0xbc, 0xb0, 0xff, 0xb8, 0xc0, 0xb8, 0xff, 0xb8, 0xc0, 0xb8, 0xff,
    0xb0, 0xbc, 0xb0, 0xff, 0xb0, 0xbc, 0xb0, 0xff, 0xb8, 0xbc, 0xb8, 0xff,
    0xb8, 0xbc, 0xb8, 0xff, 0xb8, 0xbc, 0xb8, 0xff, 0xb8, 0xc0, 0xb8, 0xff,
    0xb8, 0xbc, 0xb8, 0xff, 0xb8, 0xbc, 0xb8, 0xff, 0xb8, 0xc0, 0xb8, 0xff,
    0xb8, 0xc0, 0xb8, 0xff, 0xb8, 0xc4, 0xc0, 0xff, 0xb8, 0xc4, 0xc0, 0xff,
    0xc0, 0xc4, 0xc8, 0xff, 0xc0, 0xc8, 0xc0, 0xff, 0xc0, 0xc8, 0xc0, 0xff,
    0xc0, 0xc8, 0xc8, 0xff, 0xc0, 0xc8, 0xc8, 0xff, 0xb8, 0xc4, 0xc0, 0xff,
    0xb8, 0xc0, 0xb8, 0xff, 0xb0, 0xb8, 0xb0, 0xff, 0xb0, 0xb8, 0xb0, 0xff,
    0xb0, 0xb8, 0xb0, 0xff, 0xb8, 0xbc, 0xb8, 0xff, 0xb8, 0xbc, 0xb8, 0xff,
    0xb8, 0xbc, 0xb0, 0xff, 0xb8, 0xc0, 0xb8, 0xff, 0xb8, 0xc0, 0xb8, 0xff,
    0xb8, 0xc0, 0xc0, 0xff, 0xb8, 0xc0, 0xb8, 0xff, 0xc0, 0xc8, 0xc0, 0xff,
    0xc8, 0xd0, 0xd0, 0xff, 0xc8, 0xd0, 0xd0, 0xff, 0xc8, 0xd0, 0xc8, 0xff,
    0x78, 0x80, 0x98, 0xff, 0x20, 0x2c, 0x50, 0xff, 0x18, 0x28, 0x48, 0xff,
    0x18, 0x28, 0x50, 0xff, 0x18, 0x28, 0x58, 0xff, 0x20, 0x2c, 0x58, 0xff,
    0x20, 0x2c, 0x50, 0xff, 0x30, 0x3c, 0x68, 0xff, 0x90, 0x94, 0xb0, 0xff,
    0xc8, 0xd4, 0xd0, 0xff, 0xc8, 0xd4, 0xd0, 0xff, 0xc8, 0xd0, 0xd0, 0xff,
    0xc8, 0xd0, 0xd0, 0xff, 0xc0, 0xd0, 0xd0, 0xff, 0xc8, 0xd0, 0xd0, 0xff,
    0xc8, 0xd4, 0xd0, 0xff, 0xc8, 0xd4, 0xd0, 0xff, 0xc8, 0xd0, 0xd0, 0xff,
    0xc8, 0xd4, 0xd0, 0xff, 0xc8, 0xd4, 0xd0, 0xff, 0xc8, 0xd0, 0xd0, 0xff,
    0xc8, 0xd0, 0xd0, 0xff, 0xc8, 0xd0, 0xd0, 0xff, 0xc8, 0xd0, 0xd0, 0xff,
    0xc8, 0xd4, 0xd0, 0xff, 0xc8, 0xd4, 0xd0, 0xff, 0xc8, 0xd0, 0xd0, 0xff,
    0xc8, 0xd0, 0xd0, 0xff, 0xc8, 0xd4, 0xd0, 0xff, 0xc8, 0xd0, 0xd0, 0xff,
    0xc8, 0xd0, 0xd0, 0xff, 0xc8, 0xd4, 0xd0, 0xff, 0xc8, 0xd4, 0xd0, 0xff,
    0xd0, 0xd8, 0xd8, 0xff, 0xd0, 0xd8, 0xd8, 0xff, 0xc8, 0xd4, 0xd8, 0xff,
    0xc8, 0xd4, 0xd0, 0xff, 0xc8, 0xd0, 0xd0, 0xff, 0xc8, 0xd0, 0xd0, 0xff,
    0xc8, 0xd0, 0xd0, 0xff, 0xc8, 0xd4, 0xd0, 0xff, 0xc8, 0xd0, 0xd0, 0xff,
    0xc8, 0xd0, 0xd0, 0xff, 0xc8, 0xcc, 0xd0, 0xff, 0xc8, 0xd0, 0xd0, 0xff,
    0xc8, 0xd0, 0xc8, 0xff, 0xc8, 0xcc, 0xc8, 0xff, 0xc0, 0xcc, 0xc8, 0xff,
    0xc0, 0xcc, 0xc8, 0xff, 0x90, 0x88, 0xa0, 0xff, 0x50, 0x4c, 0x70, 0xff,
    0x18, 0x2c, 0x40, 0xff, 0x28, 0x2c, 0x58, 0xff, 0x18, 0x28, 0x50, 0xff,
    0x10, 0x24, 0x50, 0xff, 0x10, 0x24, 0x50, 0x41, 0x40, 0x50, 0xe8, 0xff,
    0x40, 0x50, 0xe8, 0xff, 0x48, 0x50, 0xe8, 0xff, 0x48, 0x54, 0xe8, 0xff,
    0x40, 0x54, 0xe8, 0xff, 0x40, 0x50, 0xe8, 0xff, 0x48, 0x54, 0xe8, 0xff,
    0x40, 0x54, 0xe8, 0xff, 0x40, 0x50, 0xe8, 0xff, 0x40, 0x50, 0xe8, 0xff,
    0x40, 0x50, 0xe8, 0xff, 0x48, 0x54, 0xe8, 0xff, 0x48, 0x54, 0xe8, 0xff,
    0x48, 0x54, 0xe8, 0xff, 0x48, 0x54, 0xf0, 0xff, 0x40, 0x50, 0xe8, 0xff,
    0x48, 0x54, 0xe8, 0xff, 0x48, 0x54, 0xf0, 0xff, 0x40, 0x54, 0xe8, 0xff,
    0x40, 0x54, 0xe8, 0xff, 0x48, 0x54, 0xe8, 0xff, 0x48, 0x58, 0xf0, 0xff,
    0x48, 0x58, 0xf0, 0xff, 0x50, 0x5c, 0xf0, 0xff, 0x48, 0x58, 0xf0, 0xff,
    0x48, 0x58, 0xe8, 0xff, 0x50, 0x58, 0xf0, 0xff, 0x48, 0x58, 0xf0, 0xff,
    0x48, 0x5c, 0xf0, 0xff, 0x50, 0x5c, 0xf0, 0xff, 0x50, 0x5c, 0xf0, 0xff,
    0x48, 0x5c, 0xf0, 0xff, 0x48, 0x5c, 0xf0, 0xff, 0x50, 0x60, 0xf0, 0xff,
    0x50, 0x60, 0xf8, 0xff, 0x50, 0x60, 0xf8, 0xff, 0x50, 0x60, 0xf8, 0xff,
    0x50, 0x60, 0xf8, 0xff, 0x48, 0x5c, 0xf8, 0xff, 0x50, 0x60, 0xf8, 0xff,
    0x48, 0x5c, 0xf8, 0xff, 0x48, 0x60, 0xf8, 0xff, 0x50, 0x64, 0xf8, 0xff,
    0x58, 0x64, 0xf8, 0xff, 0x48, 0x5c, 0xf0, 0xff, 0x48, 0x58, 0xf0, 0xff,
    0x50, 0x5c, 0xf8, 0xff, 0x50, 0x60, 0xf8, 0xff, 0x58, 0x64, 0xf8, 0xff,
    0x58, 0x64, 0xf8, 0xff, 0x58, 0x64, 0xf8, 0xff, 0x50, 0x64, 0xf8, 0xff,
    0x50, 0x64, 0xf8, 0xff, 0x50, 0x64, 0xf8, 0xff, 0x50, 0x60, 0xf8, 0xff,
    0x50, 0x64, 0xf8, 0xff, 0x58, 0x6c, 0xf8, 0xff, 0x58, 0x68, 0xf8, 0xff,
    0x58, 0x68, 0xf8, 0xff, 0x50, 0x64, 0xf8, 0xff, 0x50, 0x58, 0xf0, 0xff,
    0x40, 0x4c, 0xe8, 0xff, 0x38, 0x44, 0xd8, 0xff, 0x28, 0x30, 0xa8, 0xff,
    0x18, 0x2c, 0x58, 0xff, 0x20, 0x2c, 0x68, 0xff, 0x20, 0x30, 0x70, 0xff,
    0x20, 0x2c, 0x68, 0xff, 0x28, 0x38, 0x70, 0xff, 0x38, 0x44, 0x80, 0xff,
    0x40, 0x4c, 0x88, 0xff, 0x38, 0x40, 0x78, 0xff, 0x48, 0x54, 0x90, 0xff,
    0x38, 0x44, 0x78, 0xff, 0x78, 0x7c, 0xb8, 0xff, 0x50, 0x54, 0x70, 0xff,
    0xa8, 0xb0, 0xa0, 0xff, 0xb0, 0xb4, 0xa8, 0xff, 0xb0, 0xb4, 0xa8, 0xff,
    0xb0, 0xb8, 0xb0, 0xff, 0xb0, 0xb8, 0xb0, 0xff, 0xb8, 0xbc, 0xb0, 0xff,
    0xb8, 0xbc, 0xb8, 0xff, 0xb0, 0xb8, 0xa8, 0xff, 0xb0, 0xb8, 0xb0, 0xff,
    0xb8, 0xbc, 0xb0, 0xff, 0xb0, 0xb8, 0xb8, 0xff, 0xb0, 0xb8, 0xb0, 0xff,
    0xb8, 0xbc, 0xb8, 0xff, 0xb8, 0xbc, 0xb8, 0xff, 0xb8, 0xbc, 0xb8, 0xff,
    0xb8, 0xbc, 0xb8, 0xff, 0xb8, 0xbc, 0xb8, 0xff, 0xb0, 0xc0, 0xb8, 0xff,
    0xb8, 0xc0, 0xc0, 0xff, 0xb8, 0xc4, 0xc0, 0xff, 0xb8, 0xc4, 0xc0, 0xff,
    0xb8, 0xc4, 0xc0, 0xff, 0xc0, 0xc8, 0xc0, 0xff, 0xb8, 0xc4, 0xc0, 0xff,
    0xb8, 0xc0, 0xb8, 0xff, 0xb8, 0xbc, 0xb8, 0xff, 0xb8, 0xbc, 0xb8, 0xff,
    0xb8, 0xbc, 0xb8, 0xff, 0xb8, 0xc0, 0xb8, 0xff, 0xc0, 0xc4, 0xc0, 0xff,
    0xb8, 0xc0, 0xb8, 0xff, 0xb8, 0xc0, 0xb8, 0xff, 0xb8, 0xc4, 0xc0, 0xff,
    0xc0, 0xc8, 0xc0, 0xff, 0xc0, 0xc8, 0xc8, 0xff, 0xc8, 0xc8, 0xc8, 0xff,
    0xc0, 0xcc, 0xc8, 0xff, 0xc8, 0xd4, 0xd0, 0xff, 0xc8, 0xd4, 0xd0, 0xff,
    0xc8, 0xd4, 0xd0, 0xff, 0x78, 0x80, 0x98, 0xff, 0x18, 0x2c, 0x50, 0xff,
    0x18, 0x28, 0x50, 0xff, 0x18, 0x28, 0x50, 0xff, 0x18, 0x28, 0x58, 0xff,
    0x20, 0x2c, 0x58, 0xff, 0x18, 0x2c, 0x58, 0xff, 0x30, 0x3c, 0x68, 0xff,
    0x90, 0x94, 0xa8, 0xff, 0xc8, 0xd4, 0xd0, 0xff, 0xc8, 0xd0, 0xd0, 0xff,
    0xc8, 0xd0, 0xd0, 0xff, 0xc8, 0xd0, 0xd0, 0xff, 0xc8, 0xd0, 0xd0, 0xff,
    0xc8, 0xd0, 0xd0, 0xff, 0xc8, 0xd0, 0xd0, 0xff, 0xc8, 0xd4, 0xd8, 0xff,
    0xc8, 0xd4, 0xd8, 0xff, 0xc8, 0xd4, 0xd8, 0xff, 0xc8, 0xd4, 0xd0, 0xff,
    0xc8, 0xd0, 0xd0, 0xff, 0xc8, 0xd4, 0xd0, 0xff, 0xc8, 0xd0, 0xd0, 0xff,
    0xc8, 0xd0, 0xd0, 0xff, 0xc8, 0xd4, 0xd8, 0xff, 0xc8, 0xd4, 0xd8, 0xff,
    0xc8, 0xd4, 0xd8, 0xff, 0xd0, 0xd4, 0xd0, 0xff, 0xc8, 0xd4, 0xd0, 0xff,
    0xc8, 0xd4, 0xd8, 0xff, 0xc8, 0xd4, 0xd0, 0xff, 0xd0, 0xd4, 0xd8, 0xff,
    0xd0, 0xd8, 0xd8, 0xff, 0xd0, 0xd8, 0xd8, 0xff, 0xd0, 0xd4, 0xd8, 0xff,
    0xc8, 0xd4, 0xd0, 0xff, 0xc8, 0xd4, 0xd8, 0xff, 0xc8, 0xd4, 0xd0, 0xff,
    0xc8, 0xd0, 0xd0, 0xff, 0xd0, 0xd4, 0xd0, 0xff, 0xd0, 0xd4, 0xd8, 0xff,
    0xd0, 0xd4, 0xd8, 0xff, 0xc8, 0xd0, 0xd0, 0xff, 0xc8, 0xd0, 0xc8, 0xff,
    0xc8, 0xd0, 0xd0, 0xff, 0xc8, 0xd0, 0xd0, 0xff, 0xc8, 0xd0, 0xd0, 0xff,
    0xc8, 0xcc, 0xc8, 0xff, 0xc8, 0xd0, 0xc8, 0xff, 0x90, 0x88, 0xa0, 0xff,
    0x50, 0x4c, 0x78, 0xff, 0x18, 0x2c, 0x40, 0xff, 0x28, 0x2c, 0x58, 0xff,
    0x18, 0x28, 0x50, 0xff, 0x18, 0x24, 0x50, 0xff, 0x18, 0x24, 0x50, 0x41,
    0x40, 0x4c, 0xe0, 0xff, 0x40, 0x4c, 0xe0, 0xff, 0x40, 0x50, 0xe8, 0xff,
    0x40, 0x50, 0xe8, 0xff, 0x40, 0x50, 0xe8, 0xff, 0x40, 0x50, 0xe8, 0xff,
    0x40, 0x50, 0xe8, 0xff, 0x40, 0x50, 0xe8, 0xff, 0x40, 0x50, 0xe8, 0xff,
    0x48, 0x50, 0xe0, 0xff, 0x40, 0x50, 0xe8, 0xff, 0x48, 0x54, 0xe8, 0xff,
    0x40, 0x54, 0xe8, 0xff, 0x40, 0x50, 0xe8, 0xff, 0x40, 0x50, 0xe8, 0xff,
    0x40, 0x54, 0xe8, 0xff, 0x48, 0x54, 0xe8, 0xff, 0x40, 0x50, 0xe8, 0xff,
    0x40, 0x50, 0xe8, 0xff, 0x48, 0x54, 0xe8, 0xff, 0x48, 0x54, 0xe8, 0xff,
    0x48, 0x54, 0xe8, 0xff, 0x48, 0x54, 0xe8, 0xff, 0x48, 0x58, 0xf0, 0xff,
    0x48, 0x58, 0xe8, 0xff, 0x48, 0x58, 0xf0, 0xff, 0x48, 0x58, 0xf0, 0xff,
    0x48, 0x58, 0xf0, 0xff, 0x50, 0x58, 0xf0, 0xff, 0x48, 0x58, 0xf0, 0xff,
    0x48, 0x58, 0xf0, 0xff, 0x48, 0x58, 0xe8, 0xff, 0x48, 0x58, 0xf0, 0xff,
    0x50, 0x5c, 0xf0, 0xff, 0x50, 0x60, 0xf0, 0xff, 0x50, 0x60, 0xf0, 0xff,
    0x50, 0x60, 0xf0, 0xff, 0x48, 0x5c, 0xf0, 0xff, 0x50, 0x60, 0xf8, 0xff,
    0x50, 0x60, 0xf8, 0xff, 0x50, 0x60, 0xf8, 0xff, 0x50, 0x5c, 0xf0, 0xff,
    0x50, 0x60, 0xf8, 0xff, 0x50, 0x60, 0xf8, 0xff, 0x50, 0x5c, 0xf0, 0xff,
    0x48, 0x5c, 0xf0, 0xff, 0x48, 0x54, 0xf0, 0xff, 0x50, 0x60, 0xf8, 0xff,
    0x50, 0x60, 0xf0, 0xff, 0x50, 0x64, 0xf8, 0xff, 0x58, 0x68, 0xf8, 0xff,
    0x50, 0x64, 0xf8, 0xff, 0x58, 0x68, 0xf8, 0xff, 0x50, 0x64, 0xf8, 0xff,
    0x50, 0x60, 0xf8, 0xff, 0x50, 0x64, 0xf8, 0xff, 0x50, 0x68, 0xf8, 0xff,
    0x58, 0x68, 0xf8, 0xff, 0x58, 0x68, 0xf8, 0xff, 0x50, 0x64, 0xf0, 0xff,
    0x50, 0x58, 0xf0, 0xff, 0x40, 0x4c, 0xe8, 0xff, 0x38, 0x40, 0xe0, 0xff,
    0x28, 0x34, 0xa8, 0xff, 0x18, 0x28, 0x60, 0xff, 0x20, 0x30, 0x68, 0xff,
    0x20, 0x30, 0x70, 0xff, 0x20, 0x2c, 0x70, 0xff, 0x28, 0x38, 0x70, 0xff,
    0x38, 0x44, 0x80, 0xff, 0x48, 0x50, 0x88, 0xff, 0x30, 0x40, 0x78, 0xff,
    0x48, 0x54, 0x90, 0xff, 0x38, 0x44, 0x78, 0xff, 0x80, 0x78, 0xb0, 0xff,
    0x58, 0x54, 0x70, 0xff, 0xb0, 0xb4, 0xb0, 0xff, 0xb0, 0xb8, 0xa8, 0xff,
    0xb0, 0xbc, 0xb0, 0xff, 0xb8, 0xbc, 0xb0, 0xff, 0xb8, 0xb8, 0xb0, 0xff,
    0xb0, 0xbc, 0xb8, 0xff, 0xb8, 0xb8, 0xb0, 0xff, 0xb0, 0xb4, 0xa8, 0xff,
    0xb0, 0xb4, 0xa8, 0xff, 0xb0, 0xb8, 0xa8, 0xff, 0xb0, 0xb4, 0xa8, 0xff,
    0xb0, 0xb4, 0xb0, 0xff, 0xb0, 0xb8, 0xb0, 0xff, 0xb0, 0xb8, 0xb0, 0xff,
    0xb0, 0xb8, 0xb0, 0xff, 0xb0, 0xb8, 0xb0, 0xff, 0xb8, 0xbc, 0xb0, 0xff,
    0xb8, 0xbc, 0xb8, 0xff, 0xb8, 0xbc, 0xb8, 0xff, 0xb8, 0xc0, 0xb8, 0xff,
    0xb8, 0xc0, 0xc0, 0xff, 0xb8, 0xc4, 0xc0, 0xff, 0xb8, 0xc0, 0xc0, 0xff,
    0xb8, 0xc4, 0xc0, 0xff, 0xb8, 0xbc, 0xb8, 0xff, 0xb8, 0xbc, 0xb8, 0xff,
    0xb8, 0xc0, 0xb8, 0xff, 0xc0, 0xc8, 0xc0, 0xff, 0xc0, 0xc4, 0xc8, 0xff,
    0xb8, 0xc4, 0xc0, 0xff, 0xb8, 0xc4, 0xc0, 0xff, 0xb8, 0xc0, 0xc0, 0xff,
    0xc0, 0xc8, 0xc0, 0xff, 0xc0, 0xc8, 0xc8, 0xff, 0xc0, 0xd0, 0xd0, 0xff,
    0xc8, 0xd0, 0xd0, 0xff, 0xc8, 0xd0, 0xd0, 0xff, 0xc8, 0xd4, 0xd0, 0xff,
    0xc8, 0xd4, 0xd8, 0xff, 0xc8, 0xd4, 0xd0, 0xff, 0x78, 0x84, 0x98, 0xff,
    0x20, 0x2c, 0x50, 0xff, 0x18, 0x28, 0x50, 0xff, 0x18, 0x28, 0x50, 0xff,
    0x18, 0x28, 0x50, 0xff, 0x18, 0x28, 0x58, 0xff, 0x20, 0x2c, 0x50, 0xff,
    0x30, 0x3c, 0x68, 0xff, 0x90, 0x98, 0xb0, 0xff, 0xc8, 0xd4, 0xd8, 0xff,
    0xc8, 0xd4, 0xd0, 0xff, 0xc8, 0xd4, 0xd0, 0xff, 0xc8, 0xd4, 0xd8, 0xff,
    0xc8, 0xd4, 0xd0, 0xff, 0xc8, 0xd0, 0xd0, 0xff, 0xc0, 0xd0, 0xd0, 0xff,
    0xc0, 0xd0, 0xc8, 0xff, 0xc8, 0xd0, 0xd0, 0xff, 0xc8, 0xd0, 0xd0, 0xff,
    0xc8, 0xd4, 0xd0, 0xff, 0xc0, 0xd0, 0xd0, 0xff, 0xc0, 0xd0, 0xd0, 0xff,
    0xc8, 0xd4, 0xd0, 0xff, 0xc8, 0xd4, 0xd0, 0xff, 0xc8, 0xd4, 0xd0, 0xff,
    0xc8, 0xd4, 0xd8, 0xff, 0xc8, 0xd4, 0xd8, 0xff, 0xc8, 0xd4, 0xd8, 0xff,
    0xd0, 0xd4, 0xd8, 0xff, 0xc8, 0xd4, 0xd0, 0xff, 0xc8, 0xd4, 0xd8, 0xff,
    0xd0, 0xd8, 0xd8, 0xff, 0xd0, 0xd8, 0xd8, 0xff, 0xc8, 0xd4, 0xd8, 0xff,
    0xc8, 0xd4, 0xd0, 0xff, 0xc8, 0xd4, 0xd0, 0xff, 0xc8, 0xd4, 0xd0, 0xff,
    0xc8, 0xd0, 0xd0, 0xff, 0xc8, 0xd0, 0xd0, 0xff, 0xc8, 0xd4, 0xd0, 0xff,
    0xc8, 0xd4, 0xd8, 0xff, 0xc8, 0xd4, 0xd0, 0xff, 0xc8, 0xd0, 0xd0, 0xff,
    0xc8, 0xd0, 0xd0, 0xff, 0xc8, 0xd0, 0xc8, 0xff, 0xc8, 0xd0, 0xd0, 0xff,
    0xc8, 0xd0, 0xd0, 0xff, 0xc8, 0xd0, 0xd0, 0xff, 0xc8, 0xd0, 0xd0, 0xff,
    0x90, 0x8c, 0xa8, 0xff, 0x50, 0x4c, 0x70, 0xff, 0x18, 0x28, 0x38, 0xff,
    0x20, 0x30, 0x58, 0xff, 0x18, 0x24, 0x50, 0xff, 0x18, 0x28, 0x50, 0xff,
    0x18, 0x28, 0x50, 0x41, 0x40, 0x4c, 0xe8, 0xff, 0x40, 0x4c, 0xe0, 0xff,
    0x40, 0x4c, 0xe0, 0xff, 0x40, 0x50, 0xe0, 0xff, 0x40, 0x50, 0xe8, 0xff,
    0x48, 0x50, 0xe8, 0xff, 0x40, 0x50, 0xe0, 0xff, 0x40, 0x50, 0xe8, 0xff,
    0x40, 0x4c, 0xe0, 0xff, 0x40, 0x50, 0xe8, 0xff, 0x40, 0x50, 0xe8, 0xff,
    0x48, 0x54, 0xe8, 0xff, 0x48, 0x54, 0xe8, 0xff, 0x40, 0x50, 0xe8, 0xff,
    0x40, 0x50, 0xe8, 0xff, 0x40, 0x50, 0xe8, 0xff, 0x40, 0x50, 0xe8, 0xff,
    0x48, 0x54, 0xe8, 0xff, 0x40, 0x50, 0xe8, 0xff, 0x40, 0x4c, 0xe0, 0xff,
    0x40, 0x50, 0xe8, 0xff, 0x48, 0x54, 0xe8, 0xff, 0x48, 0x54, 0xf0, 0xff,
    0x48, 0x54, 0xe8, 0xff, 0x48, 0x58, 0xe8, 0xff, 0x48, 0x58, 0xf0, 0xff,
    0x48, 0x54, 0xe8, 0xff, 0x48, 0x58, 0xf0, 0xff, 0x48, 0x58, 0xf0, 0xff,
    0x50, 0x58, 0xf0, 0xff, 0x50, 0x5c, 0xf0, 0xff, 0x48, 0x58, 0xf0, 0xff,
    0x48, 0x58, 0xf0, 0xff, 0x50, 0x58, 0xf0, 0xff, 0x50, 0x60, 0xf0, 0xff,
    0x50, 0x60, 0xf8, 0xff, 0x50, 0x60, 0xf8, 0xff, 0x48, 0x5c, 0xf0, 0xff,
    0x50, 0x5c, 0xf8, 0xff, 0x50, 0x60, 0xf8, 0xff, 0x50, 0x60, 0xf0, 0xff,
    0x50, 0x60, 0xf0, 0xff, 0x48, 0x5c, 0xf0, 0xff, 0x50, 0x60, 0xf8, 0xff,
    0x50, 0x60, 0xf8, 0xff, 0x50, 0x5c, 0xf0, 0xff, 0x48, 0x5c, 0xf0, 0xff,
    0x48, 0x58, 0xf0, 0xff, 0x50, 0x60, 0xf8, 0xff, 0x50, 0x60, 0xf8, 0xff,
    0x50, 0x64, 0xf8, 0xff, 0x50, 0x64, 0xf8, 0xff, 0x58, 0x64, 0xf8, 0xff,
    0x50, 0x64, 0xf0, 0xff, 0x50, 0x60, 0xf8, 0xff, 0x50, 0x64, 0xf8, 0xff,
    0x50, 0x68, 0xf8, 0xff, 0x58, 0x68, 0xf8, 0xff, 0x50, 0x64, 0xf8, 0xff,
    0x50, 0x60, 0xf8, 0xff, 0x48, 0x58, 0xf0, 0xff, 0x40, 0x4c, 0xe8, 0xff,
    0x38, 0x40, 0xe0, 0xff, 0x28, 0x34, 0xa8, 0xff, 0x20, 0x28, 0x60, 0xff,
    0x20, 0x30, 0x68, 0xff, 0x20, 0x30, 0x70, 0xff, 0x20, 0x2c, 0x70, 0xff,
    0x28, 0x38, 0x70, 0xff, 0x38, 0x44, 0x78, 0xff, 0x48, 0x50, 0x88, 0xff,
    0x30, 0x3c, 0x78, 0xff, 0x48, 0x50, 0x90, 0xff, 0x38, 0x44, 0x78, 0xff,
    0x78, 0x78, 0xb0, 0xff, 0x58, 0x54, 0x78, 0xff, 0xb8, 0xc0, 0xc0, 0xff,
    0xc0, 0xc4, 0xc0, 0xff, 0xc0, 0xc4, 0xc0, 0xff, 0xc0, 0xc4, 0xc0, 0xff,
    0xc0, 0xc4, 0xc0, 0xff, 0xb8, 0xc0, 0xc0, 0xff, 0xb0, 0xb8, 0xb0, 0xff,
    0xa8, 0xb0, 0xa0, 0xff, 0xa8, 0xb0, 0xa0, 0xff, 0xb0, 0xb0, 0xa8, 0xff,
    0xb0, 0xb4, 0xa8, 0xff, 0xb0, 0xb4, 0xa8, 0xff, 0xb0, 0xb0, 0xa8, 0xff,
    0xa8, 0xb8, 0xa8, 0xff, 0xb0, 0xb8, 0xa8, 0xff, 0xb0, 0xb8, 0xb0, 0xff,
    0xb0, 0xb8, 0xb0, 0xff, 0xb0, 0xbc, 0xb0, 0xff, 0xb8, 0xb8, 0xb0, 0xff,
    0xb8, 0xbc, 0xb8, 0xff, 0xb8, 0xc0, 0xb8, 0xff, 0xb8, 0xc0, 0xb8, 0xff,
    0xb8, 0xbc, 0xb8, 0xff, 0xb8, 0xbc, 0xb8, 0xff, 0xb8, 0xbc, 0xb8, 0xff,
    0xb8, 0xc0, 0xb8, 0xff, 0xc0, 0xc8, 0xc0, 0xff, 0xc0, 0xcc, 0xc8, 0xff,
    0xc0, 0xcc, 0xc8, 0xff, 0xc0, 0xcc, 0xc8, 0xff, 0xc0, 0xcc, 0xc8, 0xff,
    0xc0, 0xcc, 0xc8, 0xff, 0xc0, 0xcc, 0xd0, 0xff, 0xc8, 0xcc, 0xd0, 0xff,
    0xc8, 0xd0, 0xd0, 0xff, 0xc8, 0xd0, 0xd0, 0xff, 0xc8, 0xd0, 0xd0, 0xff,
    0xc8, 0xd4, 0xd0, 0xff, 0xc8, 0xd4, 0xd8, 0xff, 0xc8, 0xd4, 0xd8, 0xff,
    0x78, 0x80, 0x98, 0xff, 0x20, 0x2c, 0x50, 0xff, 0x18, 0x28, 0x50, 0xff,
    0x18, 0x28, 0x50, 0xff, 0x18, 0x28, 0x50, 0xff, 0x18, 0x2c, 0x58, 0xff,
    0x20, 0x2c, 0x50, 0xff, 0x30, 0x3c, 0x68, 0xff, 0x90, 0x98, 0xb0, 0xff,
    0xc8, 0xd4, 0xd8, 0xff, 0xd0, 0xd4, 0xd8, 0xff, 0xc8, 0xd4, 0xd8, 0xff,
    0xc8, 0xd4, 0xd8, 0xff, 0xc8, 0xd4, 0xd0, 0xff, 0xc0, 0xcc, 0xc8, 0xff,
    0xc0, 0xcc, 0xc8, 0xff, 0xc0, 0xcc, 0xc8, 0xff, 0xc8, 0xd0, 0xd0, 0xff,
    0xc8, 0xd0, 0xd0, 0xff, 0xc8, 0xd0, 0xd0, 0xff, 0xc8, 0xd0, 0xd0, 0xff,
    0xc0, 0xd0, 0xd0, 0xff, 0xc8, 0xd0, 0xd0, 0xff, 0xc8, 0xd0, 0xd0, 0xff,
    0xc8, 0xd4, 0xd0, 0xff, 0xc8, 0xd4, 0xd0, 0xff, 0xc8, 0xd4, 0xd0, 0xff,
    0xd0, 0xd4, 0xd8, 0xff, 0xc8, 0xd4, 0xd0, 0xff, 0xd0, 0xd8, 0xd8, 0xff,
    0xd0, 0xd8, 0xd8, 0xff, 0xd0, 0xd8, 0xd8, 0xff, 0xd0, 0xd8, 0xd8, 0xff,
    0xc8, 0xd4, 0xd8, 0xff, 0xd0, 0xd8, 0xd8, 0xff, 0xc8, 0xd4, 0xd8, 0xff,
    0xc8, 0xd4, 0xd8, 0xff, 0xc8, 0xd0, 0xd0, 0xff, 0xc8, 0xd0, 0xd0, 0xff,
    0xc8, 0xd0, 0xd0, 0xff, 0xc8, 0xd4, 0xd0, 0xff, 0xc8, 0xd0, 0xd0, 0xff,
    0xc8, 0xd4, 0xd8, 0xff, 0xc8, 0xd4, 0xd0, 0xff, 0xc8, 0xd0, 0xd0, 0xff,
    0xc8, 0xd0, 0xd0, 0xff, 0xc8, 0xd0, 0xd0, 0xff, 0xc8, 0xd0, 0xd0, 0xff,
    0xc8, 0xd0, 0xd0, 0xff, 0x90, 0x8c, 0xa0, 0xff, 0x50, 0x4c, 0x78, 0xff,
    0x18, 0x2c, 0x38, 0xff, 0x20, 0x30, 0x58, 0xff, 0x18, 0x24, 0x50, 0xff,
    0x18, 0x24, 0x50, 0xff, 0x18, 0x28, 0x50, 0x41, 0x40, 0x4c, 0xe8, 0xff,
    0x40, 0x4c, 0xe0, 0xff, 0x40, 0x4c, 0xe0, 0xff, 0x40, 0x4c, 0xe0, 0xff,
    0x40, 0x4c, 0xe0, 0xff, 0x40, 0x50, 0xe8, 0xff, 0x40, 0x50, 0xe8, 0xff,
    0x40, 0x50, 0xe0, 0xff, 0x40, 0x4c, 0xe0, 0xff, 0x40, 0x50, 0xe8, 0xff,
    0x48, 0x50, 0xe8, 0xff, 0x48, 0x54, 0xe8, 0xff, 0x40, 0x54, 0xe8, 0xff,
    0x48, 0x54, 0xe8, 0xff, 0x40, 0x50, 0xe8, 0xff, 0x40, 0x50, 0xe8, 0xff,
    0x40, 0x50, 0xe8, 0xff, 0x48, 0x50, 0xe8, 0xff, 0x48, 0x54, 0xe8, 0xff,
    0x40, 0x50, 0xe8, 0xff, 0x40, 0x54, 0xe8, 0xff, 0x48, 0x58, 0xf0, 0xff,
    0x48, 0x58, 0xf0, 0xff, 0x48, 0x54, 0xe8, 0xff, 0x48, 0x54, 0xf0, 0xff,
    0x48, 0x54, 0xe8, 0xff, 0x48, 0x58, 0xf0, 0xff, 0x48, 0x58, 0xe8, 0xff,
    0x48, 0x58, 0xe8, 0xff, 0x48, 0x58, 0xf0, 0xff, 0x50, 0x5c, 0xf0, 0xff,
    0x48, 0x58, 0xf0, 0xff, 0x48, 0x58, 0xf0, 0xff, 0x50, 0x5c, 0xf0, 0xff,
    0x50, 0x60, 0xf0, 0xff, 0x50, 0x60, 0xf0, 0xff, 0x50, 0x60, 0xf8, 0xff,
    0x50, 0x5c, 0xf0, 0xff, 0x50, 0x5c, 0xf0, 0xff, 0x48, 0x5c, 0xf8, 0xff,
    0x48, 0x60, 0xf8, 0xff, 0x50, 0x60, 0xf8, 0xff, 0x48, 0x5c, 0xf0, 0xff,
    0x50, 0x5c, 0xf8, 0xff, 0x50, 0x5c, 0xf8, 0xff, 0x50, 0x60, 0xf8, 0xff,
    0x48, 0x5c, 0xf8, 0xff, 0x48, 0x5c, 0xf0, 0xff, 0x48, 0x58, 0xf0, 0xff,
    0x48, 0x5c, 0xf8, 0xff, 0x50, 0x5c, 0xf8, 0xff, 0x50, 0x64, 0xf8, 0xff,
    0x50, 0x64, 0xf8, 0xff, 0x50, 0x64, 0xf8, 0xff, 0x50, 0x60, 0xf0, 0xff,
    0x50, 0x64, 0xf8, 0xff, 0x50, 0x64, 0xf8, 0xff, 0x50, 0x64, 0xf0, 0xff,
    0x50, 0x64, 0xf8, 0xff, 0x50, 0x60, 0xf8, 0xff, 0x48, 0x58, 0xf0, 0xff,
    0x40, 0x4c, 0xe8, 0xff, 0x40, 0x40, 0xe0, 0xff, 0x28, 0x30, 0xa8, 0xff,
    0x18, 0x2c, 0x58, 0xff, 0x20, 0x2c, 0x68, 0xff, 0x20, 0x30, 0x70, 0xff,
    0x20, 0x2c, 0x70, 0xff, 0x28, 0x34, 0x78, 0xff, 0x38, 0x44, 0x78, 0xff,
    0x48, 0x50, 0x88, 0xff, 0x30, 0x3c, 0x78, 0xff, 0x40, 0x50, 0x90, 0xff,
    0x38, 0x44, 0x80, 0xff, 0x78, 0x78, 0xb0, 0xff, 0x50, 0x54, 0x70, 0xff,
    0xb8, 0xc0, 0xc0, 0xff, 0xc0, 0xc4, 0xc8, 0xff, 0xc0, 0xc8, 0xc8, 0xff,
    0xb8, 0xc8, 0xc8, 0xff, 0xc0, 0xc8, 0xc8, 0xff, 0xc0, 0xcc, 0xc8, 0xff,
    0xa8, 0xb0, 0xa8, 0xff, 0xb0, 0xb0, 0xa0, 0xff, 0xb0, 0xb0, 0xa0, 0xff,
    0xb0, 0xb0, 0xa0, 0xff, 0xb0, 0xb0, 0xa0, 0xff, 0xb0, 0xb0, 0xa0, 0xff,
    0xb0, 0xb4, 0xa8, 0xff, 0xb0, 0xb4, 0xa8, 0xff, 0xb0, 0xb4, 0xa8, 0xff,
    0xb0, 0xb4, 0xa8, 0xff, 0xb0, 0xb8, 0xa8, 0xff, 0xb0, 0xb8, 0xb0, 0xff,
    0xb0, 0xbc, 0xb0, 0xff, 0xb8, 0xbc, 0xb8, 0xff, 0xb8, 0xbc, 0xb8, 0xff,
    0xb8, 0xbc, 0xb8, 0xff, 0xb8, 0xbc, 0xb8, 0xff, 0xb8, 0xbc, 0xb8, 0xff,
    0xb8, 0xbc, 0xb8, 0xff, 0xb8, 0xc4, 0xc0, 0xff, 0xc0, 0xc8, 0xc8, 0xff,
    0xc0, 0xcc, 0xc8, 0xff, 0xc0, 0xd0, 0xd0, 0xff, 0xc8, 0xd0, 0xd0, 0xff,
    0xc8, 0xd0, 0xd0, 0xff, 0xc8, 0xd0, 0xd0, 0xff, 0xc8, 0xd0, 0xd0, 0xff,
    0xc8, 0xd0, 0xd0, 0xff, 0xc8, 0xd0, 0xd0, 0xff, 0xc8, 0xd0, 0xd0, 0xff,
    0xc0, 0xd0, 0xd0, 0xff, 0xc8, 0xd0, 0xd0, 0xff, 0xd0, 0xd4, 0xd8, 0xff,
    0xc8, 0xd8, 0xd8, 0xff, 0x78, 0x80, 0x98, 0xff, 0x20, 0x2c, 0x50, 0xff,
    0x18, 0x28, 0x48, 0xff, 0x20, 0x28, 0x50, 0xff, 0x18, 0x28, 0x50, 0xff,
    0x20, 0x2c, 0x58, 0xff, 0x20, 0x2c, 0x50, 0xff, 0x30, 0x3c, 0x68, 0xff,
    0x90, 0x98, 0xb0, 0xff, 0xd0, 0xd4, 0xd0, 0xff, 0xc8, 0xd4, 0xd8, 0xff,
    0xd0, 0xd4, 0xd0, 0xff, 0xc8, 0xd4, 0xd0, 0xff, 0xc8, 0xd0, 0xc8, 0xff,
    0xc0, 0xcc, 0xc8, 0xff, 0xc0, 0xc8, 0xc8, 0xff, 0xc0, 0xc8, 0xc8, 0xff,
    0xc0, 0xcc, 0xc8, 0xff, 0xc8, 0xd0, 0xd0, 0xff, 0xc8, 0xd0, 0xd0, 0xff,
    0xc0, 0xd0, 0xd0, 0xff, 0xc8, 0xd0, 0xd0, 0xff, 0xc8, 0xd0, 0xd0, 0xff,
    0xc8, 0xd4, 0xd0, 0xff, 0xc8, 0xd4, 0xd0, 0xff, 0xc8, 0xd4, 0xd0, 0xff,
    0xd0, 0xd8, 0xd8, 0xff, 0xd0, 0xd8, 0xd8, 0xff, 0xd0, 0xd8, 0xd8, 0xff,
    0xc8, 0xd8, 0xd8, 0xff, 0xd0, 0xd8, 0xd8, 0xff, 0xd0, 0xd8, 0xd8, 0xff,
    0xc8, 0xd8, 0xd8, 0xff, 0xd0, 0xd8, 0xd8, 0xff, 0xd0, 0xd8, 0xd8, 0xff,
    0xd0, 0xd4, 0xd8, 0xff, 0xc8, 0xd4, 0xd8, 0xff, 0xd0, 0xd4, 0xd8, 0xff,
    0xc8, 0xd4, 0xd8, 0xff, 0xc8, 0xd4, 0xd0, 0xff, 0xc8, 0xd4, 0xd8, 0xff,
    0xc8, 0xd4, 0xd8, 0xff, 0xc8, 0xd8, 0xd8, 0xff, 0xc8, 0xd8, 0xd8, 0xff,
    0xc8, 0xd4, 0xd0, 0xff, 0xc8, 0xd4, 0xd0, 0xff, 0xc8, 0xd4, 0xd0, 0xff,
    0xc8, 0xd0, 0xd0, 0xff, 0xc8, 0xd4, 0xd0, 0xff, 0x90, 0x8c, 0xa8, 0xff,
    0x50, 0x4c, 0x78, 0xff, 0x18, 0x2c, 0x38, 0xff, 0x20, 0x30, 0x60, 0xff,
    0x18, 0x24, 0x50, 0xff, 0x18, 0x28, 0x58, 0xff, 0x18, 0x24, 0x58, 0x41,
    0x40, 0x4c, 0xe8, 0xff, 0x40, 0x4c, 0xe0, 0xff, 0x38, 0x4c, 0xe0, 0xff,
    0x40, 0x4c, 0xe0, 0xff, 0x40, 0x4c, 0xe0, 0xff, 0x40, 0x4c, 0xe0, 0xff,
    0x40, 0x4c, 0xe8, 0xff, 0x40, 0x4c, 0xe0, 0xff, 0x40, 0x4c, 0xe0, 0xff,
    0x40, 0x50, 0xe8, 0xff, 0x40, 0x50, 0xe8, 0xff, 0x48, 0x54, 0xe8, 0xff,
    0x48, 0x54, 0xe8, 0xff, 0x48, 0x54, 0xe8, 0xff, 0x40, 0x50, 0xe8, 0xff,
    0x40, 0x50, 0xe8, 0xff, 0x48, 0x50, 0xe8, 0xff, 0x40, 0x54, 0xe8, 0xff,
    0x48, 0x54, 0xe8, 0xff, 0x48, 0x50, 0xe8, 0xff, 0x48, 0x54, 0xe8, 0xff,
    0x48, 0x54, 0xe8, 0xff, 0x48, 0x58, 0xf0, 0xff, 0x48, 0x54, 0xe8, 0xff,
    0x48, 0x54, 0xe8, 0xff, 0x48, 0x54, 0xe8, 0xff, 0x48, 0x54, 0xe8, 0xff,
    0x48, 0x58, 0xf0, 0xff, 0x48, 0x54, 0xe8, 0xff, 0x48, 0x58, 0xf0, 0xff,
    0x50, 0x5c, 0xf0, 0xff, 0x48, 0x58, 0xe8, 0xff, 0x48, 0x58, 0xf0, 0xff,
    0x48, 0x58, 0xf0, 0xff, 0x50, 0x60, 0xf0, 0xff, 0x48, 0x5c, 0xf0, 0xff,
    0x50, 0x60, 0xf0, 0xff, 0x50, 0x5c, 0xf8, 0xff, 0x48, 0x5c, 0xf0, 0xff,
    0x48, 0x5c, 0xf0, 0xff, 0x48, 0x5c, 0xf8, 0xff, 0x50, 0x60, 0xf0, 0xff,
    0x48, 0x5c, 0xf0, 0xff, 0x48, 0x5c, 0xf8, 0xff, 0x50, 0x60, 0xf0, 0xff,
    0x50, 0x60, 0xf8, 0xff, 0x48, 0x60, 0xf8, 0xff, 0x50, 0x5c, 0xf8, 0xff,
    0x50, 0x60, 0xf8, 0xff, 0x50, 0x60, 0xf8, 0xff, 0x50, 0x60, 0xf8, 0xff,
    0x50, 0x60, 0xf8, 0xff, 0x50, 0x60, 0xf0, 0xff, 0x50, 0x64, 0xf8, 0xff,
    0x50, 0x60, 0xf8, 0xff, 0x50, 0x64, 0xf8, 0xff, 0x50, 0x64, 0xf0, 0xff,
    0x58, 0x64, 0xf8, 0xff, 0x50, 0x64, 0xf8, 0xff, 0x50, 0x60, 0xf8, 0xff,
    0x50, 0x58, 0xf0, 0xff, 0x48, 0x50, 0xe8, 0xff, 0x38, 0x44, 0xe0, 0xff,
    0x28, 0x34, 0xa8, 0xff, 0x18, 0x28, 0x58, 0xff, 0x20, 0x2c, 0x68, 0xff,
    0x18, 0x30, 0x70, 0xff, 0x20, 0x30, 0x70, 0xff, 0x28, 0x38, 0x78, 0xff,
    0x38, 0x44, 0x78, 0xff, 0x48, 0x50, 0x88, 0xff, 0x38, 0x40, 0x78, 0xff,
    0x40, 0x50, 0x90, 0xff, 0x38, 0x44, 0x80, 0xff, 0x78, 0x78, 0xb0, 0xff,
    0x58, 0x54, 0x78, 0xff, 0xb8, 0xc4, 0xc8, 0xff, 0xc0, 0xc8, 0xc8, 0xff,
    0xc0, 0xcc, 0xc8, 0xff, 0xc0, 0xcc, 0xc8, 0xff, 0xc0, 0xcc, 0xc8, 0xff,
    0xc0, 0xc8, 0xc8, 0xff, 0xb0, 0xb8, 0xa8, 0xff, 0xa8, 0xb0, 0xa0, 0xff,
    0xa8, 0xb0, 0xa0, 0xff, 0xb0, 0xb0, 0xa0, 0xff, 0xb0, 0xb4, 0xa0, 0xff,
    0xa8, 0xb0, 0xa8, 0xff, 0xb0, 0xb0, 0xa8, 0xff, 0xa8, 0xb0, 0xa0, 0xff,
    0xa8, 0xb4, 0xa8, 0xff, 0xb0, 0xb4, 0xa8, 0xff, 0xb0, 0xb4, 0xa8, 0xff,
    0xb0, 0xb4, 0xa8, 0xff, 0xb0, 0xb8, 0xb0, 0xff, 0xb0, 0xbc, 0xb0, 0xff,
    0xb0, 0xbc, 0xb0, 0xff, 0xb0, 0xbc, 0xb0, 0xff, 0xb8, 0xbc, 0xb8, 0xff,
    0xb8, 0xc0, 0xb8, 0xff, 0xb8, 0xbc, 0xb8, 0xff, 0xb8, 0xc4, 0xc0, 0xff,
    0xc0, 0xc8, 0xc0, 0xff, 0xc0, 0xcc, 0xc8, 0xff, 0xc0, 0xd0, 0xd0, 0xff,
    0xc8, 0xd0, 0xd0, 0xff, 0xc8, 0xd0, 0xd0, 0xff, 0xc8, 0xd0, 0xd0, 0xff,
    0xc8, 0xd0, 0xd0, 0xff, 0xc8, 0xd0, 0xd0, 0xff, 0xc0, 0xd0, 0xd0, 0xff,
    0xc0, 0xd0, 0xd0, 0xff, 0xc8, 0xd0, 0xd0, 0xff, 0xc8, 0xd0, 0xd0, 0xff,
    0xc8, 0xd4, 0xd8, 0xff, 0xd0, 0xd8, 0xd8, 0xff, 0x78, 0x80, 0x98, 0xff,
    0x20, 0x2c, 0x50, 0xff, 0x18, 0x28, 0x50, 0xff, 0x18, 0x28, 0x50, 0xff,
    0x18, 0x28, 0x50, 0xff, 0x20, 0x2c, 0x58, 0xff, 0x20, 0x2c, 0x50, 0xff,
    0x30, 0x3c, 0x68, 0xff, 0x90, 0x98, 0xb0, 0xff, 0xc8, 0xd4, 0xd8, 0xff,
    0xc8, 0xd4, 0xd0, 0xff, 0xc8, 0xd4, 0xd0, 0xff, 0xc0, 0xcc, 0xd0, 0xff,
    0xc0, 0xc8, 0xc8, 0xff, 0xc0, 0xcc, 0xc8, 0xff, 0xc0, 0xcc, 0xc8, 0xff,
    0xc0, 0xc8, 0xc8, 0xff, 0xc0, 0xcc, 0xc8, 0xff, 0xc0, 0xd0, 0xd0, 0xff,
    0xc8, 0xd0, 0xd0, 0xff, 0xc8, 0xd0, 0xc8, 0xff, 0xc0, 0xd0, 0xc8, 0xff,
    0xc8, 0xd0, 0xd0, 0xff, 0xc8, 0xd4, 0xd0, 0xff, 0xc8, 0xd4, 0xd0, 0xff,
    0xc8, 0xd4, 0xd8, 0xff, 0xd0, 0xd8, 0xd8, 0xff, 0xd0, 0xd8, 0xd8, 0xff,
    0xd0, 0xd8, 0xd8, 0xff, 0xd0, 0xd8, 0xd8, 0xff, 0xc8, 0xd8, 0xd8, 0xff,
    0xc8, 0xd4, 0xd0, 0xff, 0xc8, 0xd4, 0xd0, 0xff, 0xc8, 0xd4, 0xd8, 0xff,
    0xd0, 0xd8, 0xd8, 0xff, 0xc8, 0xd8, 0xd0, 0xff, 0xd0, 0xd8, 0xd8, 0xff,
    0xd0, 0xd8, 0xd8, 0xff, 0xc8, 0xd8, 0xd8, 0xff, 0xc8, 0xd4, 0xd8, 0xff,
    0xd0, 0xd8, 0xd8, 0xff, 0xd0, 0xd4, 0xd8, 0xff, 0xd0, 0xd8, 0xd8, 0xff,
    0xd0, 0xd8, 0xd8, 0xff, 0xc8, 0xd4, 0xd0, 0xff, 0xc8, 0xd4, 0xd0, 0xff,
    0xc8, 0xd4, 0xd8, 0xff, 0xd0, 0xd4, 0xd8, 0xff, 0xc8, 0xd4, 0xd8, 0xff,
    0x90, 0x90, 0xa8, 0xff, 0x50, 0x4c, 0x70, 0xff, 0x18, 0x2c, 0x38, 0xff,
    0x20, 0x30, 0x60, 0xff, 0x10, 0x24, 0x48, 0xff, 0x18, 0x28, 0x58, 0xff,
    0x18, 0x24, 0x58, 0x41, 0x40, 0x4c, 0xe0, 0xff, 0x40, 0x4c, 0xe8, 0xff,
    0x38, 0x48, 0xe0, 0xff, 0x38, 0x48, 0xe0, 0xff, 0x40, 0x4c, 0xe8, 0xff,
    0x40, 0x4c, 0xe8, 0xff, 0x40, 0x50, 0xe8, 0xff, 0x40, 0x50, 0xe8, 0xff,
    0x40, 0x4c, 0xe0, 0xff, 0x40, 0x4c, 0xe0, 0xff, 0x40, 0x50, 0xe8, 0xff,
    0x40, 0x50, 0xe8, 0xff, 0x40, 0x50, 0xe8, 0xff, 0x40, 0x50, 0xe8, 0xff,
    0x40, 0x50, 0xe8, 0xff, 0x40, 0x50, 0xe8, 0xff, 0x40, 0x50, 0xe8, 0xff,
    0x40, 0x50, 0xe8, 0xff, 0x40, 0x50, 0xe8, 0xff, 0x48, 0x54, 0xe8, 0xff,
    0x48, 0x54, 0xe8, 0xff, 0x48, 0x54, 0xe8, 0xff, 0x48, 0x54, 0xf0, 0xff,
    0x40, 0x54, 0xe8, 0xff, 0x48, 0x54, 0xe8, 0xff, 0x48, 0x54, 0xf0, 0xff,
    0x48, 0x58, 0xf0, 0xff, 0x50, 0x58, 0xf0, 0xff, 0x50, 0x58, 0xf0, 0xff,
    0x48, 0x58, 0xf0, 0xff, 0x48, 0x58, 0xf0, 0xff, 0x48, 0x54, 0xf0, 0xff,
    0x50, 0x58, 0xf0, 0xff, 0x50, 0x58, 0xf0, 0xff, 0x50, 0x60, 0xf8, 0xff,
    0x50, 0x5c, 0xf0, 0xff, 0x50, 0x5c, 0xf8, 0xff, 0x48, 0x58, 0xf0, 0xff,
    0x48, 0x58, 0xf0, 0xff, 0x48, 0x5c, 0xf0, 0xff, 0x50, 0x5c, 0xf0, 0xff,
    0x50, 0x5c, 0xf0, 0xff, 0x48, 0x5c, 0xf0, 0xff, 0x50, 0x60, 0xf8, 0xff,
    0x48, 0x5c, 0xf0, 0xff, 0x50, 0x5c, 0xf8, 0xff, 0x48, 0x5c, 0xf0, 0xff,
    0x50, 0x60, 0xf8, 0xff, 0x50, 0x64, 0xf8, 0xff, 0x50, 0x60, 0xf8, 0xff,
    0x48, 0x5c, 0xf8, 0xff, 0x50, 0x60, 0xf8, 0xff, 0x50, 0x60, 0xf8, 0xff,
    0x50, 0x60, 0xf8, 0xff, 0x50, 0x60, 0xf0, 0xff, 0x58, 0x64, 0xf8, 0xff,
    0x50, 0x64, 0xf8, 0xff, 0x50, 0x64, 0xf8, 0xff, 0x50, 0x64, 0xf8, 0xff,
    0x50, 0x60, 0xf8, 0xff, 0x48, 0x5c, 0xf0, 0xff, 0x40, 0x50, 0xe8, 0xff,
    0x38, 0x40, 0xe0, 0xff, 0x28, 0x34, 0xa8, 0xff, 0x18, 0x2c, 0x60, 0xff,
    0x20, 0x2c, 0x68, 0xff, 0x20, 0x30, 0x68, 0xff, 0x20, 0x30, 0x70, 0xff,
    0x28, 0x38, 0x70, 0xff, 0x38, 0x44, 0x80, 0xff, 0x48, 0x50, 0x88, 0xff,
    0x38, 0x44, 0x80, 0xff, 0x48, 0x50, 0x90, 0xff, 0x38, 0x44, 0x80, 0xff,
    0x78, 0x78, 0xb0, 0xff, 0x58, 0x54, 0x78, 0xff, 0xb8, 0xc4, 0xc0, 0xff,
    0xc0, 0xc8, 0xc8, 0xff, 0xc0, 0xcc, 0xc8, 0xff, 0xb8, 0xc4, 0xc0, 0xff,
    0xb0, 0xbc, 0xb0, 0xff, 0xb8, 0xbc, 0xb0, 0xff, 0xb0, 0xb0, 0xa0, 0xff,
    0xa8, 0xac, 0x98, 0xff, 0xa8, 0xac, 0xa0, 0xff, 0xb0, 0xac, 0xa0, 0xff,
    0xa8, 0xb0, 0xa0, 0xff, 0xa8, 0xb0, 0xa0, 0xff, 0xb0, 0xb0, 0xa0, 0xff,
    0xb0, 0xb4, 0xa8, 0xff, 0xb0, 0xb4, 0xa8, 0xff, 0xb0, 0xb4, 0xa8, 0xff,
    0xb0, 0xb4, 0xa8, 0xff, 0xb0, 0xb8, 0xa8, 0xff, 0xb0, 0xb8, 0xb0, 0xff,
    0xb0, 0xb8, 0xb0, 0xff, 0xb0, 0xb8, 0xb0, 0xff, 0xb0, 0xbc, 0xb0, 0xff,
    0xb0, 0xbc, 0xb0, 0xff, 0xb0, 0xbc, 0xb0, 0xff, 0xb8, 0xbc, 0xb8, 0xff,
    0xb8, 0xc0, 0xb8, 0xff, 0xc0, 0xc4, 0xc0, 0xff, 0xc0, 0xc8, 0xc8, 0xff,
    0xc0, 0xc8, 0xc8, 0xff, 0xc0, 0xcc, 0xc8, 0xff, 0xc0, 0xcc, 0xd0, 0xff,
    0xc8, 0xd0, 0xd0, 0xff, 0xc8, 0xd4, 0xd0, 0xff, 0xc8, 0xd4, 0xd0, 0xff,
    0xc8, 0xd0, 0xd0, 0xff, 0xc0, 0xcc, 0xd0, 0xff, 0xc8, 0xd0, 0xd0, 0xff,
    0xc8, 0xd4, 0xd0, 0xff, 0xc8, 0xd8, 0xd8, 0xff, 0xc8, 0xd8, 0xd8, 0xff,
    0x78, 0x7c, 0x98, 0xff, 0x20, 0x2c, 0x50, 0xff, 0x18, 0x28, 0x50, 0xff,
    0x18, 0x28, 0x50, 0xff, 0x18, 0x28, 0x58, 0xff, 0x18, 0x2c, 0x58, 0xff,
    0x20, 0x2c, 0x58, 0xff, 0x30, 0x3c, 0x68, 0xff, 0x90, 0x94, 0xa8, 0xff,
    0xc8, 0xd0, 0xd0, 0xff, 0xc8, 0xd4, 0xd0, 0xff, 0xc8, 0xd0, 0xd0, 0xff,
    0xc0, 0xc8, 0xc8, 0xff, 0xc0, 0xc4, 0xc0, 0xff, 0xc0, 0xc4, 0xc0, 0xff,
    0xc0, 0xc8, 0xc8, 0xff, 0xc0, 0xc8, 0xc8, 0xff, 0xc0, 0xcc, 0xc8, 0xff,
    0xc0, 0xcc, 0xc8, 0xff, 0xc8, 0xd0, 0xc8, 0xff, 0xc8, 0xd4, 0xd0, 0xff,
    0xc8, 0xd4, 0xd0, 0xff, 0xc8, 0xd0, 0xd0, 0xff, 0xc8, 0xd0, 0xd0, 0xff,
    0xc8, 0xd0, 0xd0, 0xff, 0xc8, 0xd4, 0xd8, 0xff, 0xc8, 0xd8, 0xd8, 0xff,
    0xd0, 0xd8, 0xd8, 0xff, 0xd0, 0xd8, 0xd8, 0xff, 0xd0, 0xdc, 0xd8, 0xff,
    0xc8, 0xd8, 0xd8, 0xff, 0xc8, 0xd8, 0xd8, 0xff, 0xc8, 0xd4, 0xd8, 0xff,
    0xc8, 0xd4, 0xd0, 0xff, 0xc8, 0xd4, 0xd8, 0xff, 0xd0, 0xd8, 0xd8, 0xff,
    0xd0, 0xd8, 0xd8, 0xff, 0xc8, 0xd4, 0xd0, 0xff, 0xd0, 0xd8, 0xd8, 0xff,
    0xd0, 0xd4, 0xd0, 0xff, 0xc8, 0xd8, 0xd0, 0xff, 0xc8, 0xd4, 0xd8, 0xff,
    0xd0, 0xd8, 0xd8, 0xff, 0xd0, 0xd4, 0xd0, 0xff, 0xc8, 0xd4, 0xd8, 0xff,
    0xc8, 0xd4, 0xd0, 0xff, 0xc8, 0xd4, 0xd0, 0xff, 0xc8, 0xd4, 0xd8, 0xff,
    0xd0, 0xd4, 0xd8, 0xff, 0x90, 0x8c, 0xa8, 0xff, 0x50, 0x50, 0x78, 0xff,
    0x20, 0x2c, 0x40, 0xff, 0x28, 0x30, 0x60, 0xff, 0x18, 0x24, 0x50, 0xff,
    0x18, 0x28, 0x50, 0xff, 0x18, 0x28, 0x50, 0x41, 0x40, 0x4c, 0xe0, 0xff,
    0x40, 0x4c, 0xe8, 0xff, 0x38, 0x48, 0xe0, 0xff, 0x40, 0x48, 0xe0, 0xff,
    0x38, 0x48, 0xe0, 0xff, 0x40, 0x4c, 0xe0, 0xff, 0x40, 0x4c, 0xe0, 0xff,
    0x40, 0x4c, 0xe8, 0xff, 0x40, 0x4c, 0xe0, 0xff, 0x40, 0x50, 0xe8, 0xff,
    0x40, 0x50, 0xe8, 0xff, 0x48, 0x50, 0xe8, 0xff, 0x48, 0x54, 0xe8, 0xff,
    0x40, 0x50, 0xe8, 0xff, 0x48, 0x50, 0xe8, 0xff, 0x40, 0x50, 0xe0, 0xff,
    0x40, 0x50, 0xe0, 0xff, 0x40, 0x50, 0xe8, 0xff, 0x40, 0x50, 0xe8, 0xff,
    0x40, 0x50, 0xe8, 0xff, 0x40, 0x54, 0xe8, 0xff, 0x48, 0x54, 0xe8, 0xff,
    0x48, 0x54, 0xe8, 0xff, 0x48, 0x54, 0xe8, 0xff, 0x48, 0x54, 0xe8, 0xff,
    0x48, 0x54, 0xf0, 0xff, 0x48, 0x54, 0xe8, 0xff, 0x48, 0x58, 0xf0, 0xff,
    0x50, 0x58, 0xf0, 0xff, 0x48, 0x58, 0xe8, 0xff, 0x48, 0x58, 0xf0, 0xff,
    0x48, 0x58, 0xf0, 0xff, 0x50, 0x58, 0xf0, 0xff, 0x48, 0x58, 0xf0, 0xff,
    0x50, 0x5c, 0xf0, 0xff, 0x48, 0x5c, 0xf0, 0xff, 0x50, 0x5c, 0xf8, 0xff,
    0x50, 0x5c, 0xf8, 0xff, 0x50, 0x5c, 0xf0, 0xff, 0x48, 0x5c, 0xf0, 0xff,
    0x48, 0x5c, 0xf0, 0xff, 0x50, 0x5c, 0xf8, 0xff, 0x48, 0x5c, 0xf0, 0xff,
    0x50, 0x5c, 0xf8, 0xff, 0x48, 0x5c, 0xf0, 0xff, 0x50, 0x60, 0xf8, 0xff,
    0x50, 0x60, 0xf8, 0xff, 0x50, 0x60, 0xf8, 0xff, 0x50, 0x64, 0xf8, 0xff,
    0x50, 0x60, 0xf8, 0xff, 0x48, 0x5c, 0xf0, 0xff, 0x50, 0x60, 0xf8, 0xff,
    0x50, 0x60, 0xf8, 0xff, 0x50, 0x60, 0xf0, 0xff, 0x50, 0x60, 0xf8, 0xff,
    0x58, 0x64, 0xf8, 0xff, 0x50, 0x64, 0xf8, 0xff, 0x50, 0x64, 0xf8, 0xff,
    0x50, 0x64, 0xf8, 0xff, 0x50, 0x5c, 0xf0, 0xff, 0x48, 0x58, 0xf0, 0xff,
    0x40, 0x50, 0xe8, 0xff, 0x40, 0x44, 0xe0, 0xff, 0x28, 0x34, 0xa8, 0xff,
    0x18, 0x2c, 0x60, 0xff, 0x20, 0x2c, 0x68, 0xff, 0x20, 0x2c, 0x70, 0xff,
    0x20, 0x30, 0x70, 0xff, 0x28, 0x38, 0x78, 0xff, 0x38, 0x48, 0x80, 0xff,
    0x40, 0x50, 0x88, 0xff, 0x38, 0x40, 0x78, 0xff, 0x48, 0x50, 0x90, 0xff,
    0x38, 0x44, 0x78, 0xff, 0x78, 0x78, 0xb0, 0xff, 0x50, 0x54, 0x70, 0xff,
    0xb0, 0xbc, 0xb8, 0xff, 0xb8, 0xc4, 0xb8, 0xff, 0xb0, 0xbc, 0xb0, 0xff,
    0xb0, 0xb0, 0xa8, 0xff, 0xa8, 0xb0, 0xa0, 0xff, 0xb0, 0xb0, 0xa0, 0xff,
    0xa8, 0xa8, 0x98, 0xff, 0xa8, 0xa8, 0x98, 0xff, 0xa8, 0xac, 0xa0, 0xff,
    0xb0, 0xac, 0xa0, 0xff, 0xa8, 0xb0, 0xa0, 0xff, 0xa8, 0xb0, 0xa0, 0xff,
    0xb0, 0xb4, 0xa0, 0xff, 0xb0, 0xb4, 0xa8, 0xff, 0xb0, 0xb4, 0xa8, 0xff,
    0xb0, 0xb4, 0xa8, 0xff, 0xb0, 0xb4, 0xa8, 0xff, 0xb0, 0xb8, 0xa8, 0xff,
    0xb0, 0xb8, 0xb0, 0xff, 0xb8, 0xb8, 0xb0, 0xff, 0xb0, 0xb8, 0xb0, 0xff,
    0xb8, 0xbc, 0xb0, 0xff, 0xb0, 0xbc, 0xb0, 0xff, 0xb0, 0xb8, 0xb8, 0xff,
    0xb8, 0xb8, 0xb0, 0xff, 0xb8, 0xc0, 0xb8, 0xff, 0xb8, 0xc0, 0xc0, 0xff,
    0xb8, 0xc4, 0xc0, 0xff, 0xc0, 0xc8, 0xc8, 0xff, 0xc0, 0xcc, 0xc8, 0xff,
    0xc0, 0xd0, 0xd0, 0xff, 0xc8, 0xd0, 0xd0, 0xff, 0xc8, 0xd4, 0xd8, 0xff,
    0xc8, 0xd0, 0xd0, 0xff, 0xc8, 0xd0, 0xd0, 0xff, 0xc8, 0xd0, 0xd0, 0xff,
    0xc8, 0xd0, 0xd0, 0xff, 0xc8, 0xd4, 0xd0, 0xff, 0xc8, 0xd8, 0xd8, 0xff,
    0xc8, 0xd8, 0xd8, 0xff, 0x70, 0x7c, 0x98, 0xff, 0x20, 0x30, 0x50, 0xff,
    0x18, 0x28, 0x50, 0xff, 0x18, 0x28, 0x50, 0xff, 0x18, 0x28, 0x58, 0xff,
    0x20, 0x2c, 0x58, 0xff, 0x20, 0x2c, 0x58, 0xff, 0x30, 0x3c, 0x68, 0xff,
    0x90, 0x90, 0xa8, 0xff, 0xc8, 0xd0, 0xd0, 0xff, 0xc8, 0xd0, 0xd0, 0xff,
    0xc0, 0xcc, 0xc8, 0xff, 0xc0, 0xc8, 0xc8, 0xff, 0xb8, 0xc4, 0xc0, 0xff,
    0xc0, 0xc4, 0xc0, 0xff, 0xc0, 0xc8, 0xc0, 0xff, 0xc0, 0xc8, 0xc8, 0xff,
    0xc0, 0xc8, 0xc8, 0xff, 0xc8, 0xcc, 0xc8, 0xff, 0xc8, 0xd0, 0xd0, 0xff,
    0xc8, 0xd4, 0xd0, 0xff, 0xc8, 0xd4, 0xd0, 0xff, 0xc8, 0xd4, 0xd8, 0xff,
    0xc8, 0xd0, 0xd0, 0xff, 0xc8, 0xd0, 0xd0, 0xff, 0xc8, 0xd4, 0xd8, 0xff,
    0xc8, 0xd8, 0xd8, 0xff, 0xd0, 0xd8, 0xd8, 0xff, 0xd0, 0xdc, 0xd8, 0xff,
    0xd0, 0xdc, 0xe0, 0xff, 0xd0, 0xd8, 0xe0, 0xff, 0xd0, 0xd8, 0xd8, 0xff,
    0xc8, 0xd8, 0xd8, 0xff, 0xc8, 0xd4, 0xd8, 0xff, 0xd0, 0xd8, 0xd8, 0xff,
    0xd0, 0xd8, 0xd8, 0xff, 0xd0, 0xd8, 0xd8, 0xff, 0xd0, 0xd8, 0xd8, 0xff,
    0xd0, 0xd8, 0xd8, 0xff, 0xd0, 0xd8, 0xd8, 0xff, 0xd0, 0xd8, 0xd8, 0xff,
    0xc8, 0xd8, 0xd8, 0xff, 0xd0, 0xd8, 0xd8, 0xff, 0xc8, 0xd8, 0xd8, 0xff,
    0xd0, 0xd8, 0xd8, 0xff, 0xd0, 0xd8, 0xd8, 0xff, 0xc8, 0xd4, 0xd0, 0xff,
    0xd0, 0xd8, 0xd8, 0xff, 0xd0, 0xd8, 0xd8, 0xff, 0x90, 0x8c, 0xa8, 0xff,
    0x50, 0x4c, 0x78, 0xff, 0x18, 0x2c, 0x38, 0xff, 0x28, 0x30, 0x60, 0xff,
    0x18, 0x28, 0x50, 0xff, 0x18, 0x28, 0x58, 0xff, 0x18, 0x28, 0x58, 0x41,
    0x38, 0x48, 0xe0, 0xff, 0x40, 0x48, 0xe0, 0xff, 0x40, 0x4c, 0xe0, 0xff,
    0x38, 0x48, 0xe0, 0xff, 0x40, 0x48, 0xe0, 0xff, 0x38, 0x48, 0xe0, 0xff,
    0x40, 0x4c, 0xe0, 0xff, 0x40, 0x4c, 0xe8, 0xff, 0x40, 0x4c, 0xe0, 0xff,
    0x40, 0x4c, 0xe0, 0xff, 0x40, 0x4c, 0xe0, 0xff, 0x40, 0x50, 0xe8, 0xff,
    0x40, 0x50, 0xe8, 0xff, 0x48, 0x54, 0xe8, 0xff, 0x40, 0x4c, 0xe0, 0xff,
    0x40, 0x4c, 0xe0, 0xff, 0x40, 0x4c, 0xe8, 0xff, 0x40, 0x4c, 0xe0, 0xff,
    0x40, 0x4c, 0xe0, 0xff, 0x40, 0x50, 0xe8, 0xff, 0x40, 0x50, 0xe8, 0xff,
    0x48, 0x54, 0xe8, 0xff, 0x40, 0x54, 0xe8, 0xff, 0x40, 0x54, 0xe8, 0xff,
    0x48, 0x54, 0xe8, 0xff, 0x40, 0x54, 0xe8, 0xff, 0x40, 0x54, 0xe8, 0xff,
    0x48, 0x54, 0xe8, 0xff, 0x48, 0x58, 0xf0, 0xff, 0x48, 0x58, 0xe8, 0xff,
    0x48, 0x58, 0xe8, 0xff, 0x48, 0x54, 0xf0, 0xff, 0x48, 0x54, 0xf0, 0xff,
    0x48, 0x58, 0xf0, 0xff, 0x50, 0x5c, 0xf0, 0xff, 0x48, 0x5c, 0xf0, 0xff,
    0x50, 0x5c, 0xf8, 0xff, 0x50, 0x5c, 0xf8, 0xff, 0x48, 0x5c, 0xf0, 0xff,
    0x48, 0x58, 0xf0, 0xff, 0x50, 0x58, 0xf0, 0xff, 0x48, 0x58, 0xf0, 0xff,
    0x48, 0x58, 0xf0, 0xff, 0x48, 0x5c, 0xf0, 0xff, 0x48, 0x5c, 0xf8, 0xff,
    0x50, 0x60, 0xf8, 0xff, 0x50, 0x60, 0xf8, 0xff, 0x50, 0x60, 0xf8, 0xff,
    0x50, 0x60, 0xf8, 0xff, 0x50, 0x60, 0xf8, 0xff, 0x50, 0x60, 0xf8, 0xff,
    0x50, 0x60, 0xf8, 0xff, 0x48, 0x5c, 0xf0, 0xff, 0x50, 0x5c, 0xf8, 0xff,
    0x48, 0x60, 0xf0, 0xff, 0x50, 0x60, 0xf8, 0xff, 0x50, 0x60, 0xf8, 0xff,
    0x50, 0x64, 0xf8, 0xff, 0x50, 0x60, 0xf8, 0xff, 0x50, 0x5c, 0xf0, 0xff,
    0x48, 0x54, 0xf0, 0xff, 0x40, 0x4c, 0xe8, 0xff, 0x38, 0x40, 0xe0, 0xff,
    0x28, 0x30, 0xb0, 0xff, 0x18, 0x28, 0x58, 0xff, 0x20, 0x2c, 0x68, 0xff,
    0x20, 0x30, 0x70, 0xff, 0x20, 0x2c, 0x70, 0xff, 0x28, 0x38, 0x78, 0xff,
    0x38, 0x44, 0x80, 0xff, 0x48, 0x50, 0x88, 0xff, 0x30, 0x40, 0x78, 0xff,
    0x48, 0x50, 0x90, 0xff, 0x38, 0x44, 0x78, 0xff, 0x78, 0x7c, 0xb0, 0xff,
    0x50, 0x54, 0x70, 0xff, 0xb0, 0xb4, 0xb0, 0xff, 0xb0, 0xb8, 0xb0, 0xff,
    0xb0, 0xb4, 0xa8, 0xff, 0xb0, 0xb4, 0xa8, 0xff, 0xa8, 0xb0, 0xa0, 0xff,
    0xa8, 0xa8, 0x98, 0xff, 0xa8, 0xa8, 0x98, 0xff, 0xa8, 0xa8, 0x98, 0xff,
    0xa8, 0xac, 0xa0, 0xff, 0xa8, 0xb0, 0xa0, 0xff, 0xb0, 0xb0, 0xa0, 0xff,
    0xa8, 0xb0, 0xa0, 0xff, 0xb0, 0xb0, 0xa0, 0xff, 0xa8, 0xb0, 0xa0, 0xff,
    0xa8, 0xb0, 0xa0, 0xff, 0xa8, 0xb0, 0xa0, 0xff, 0xb0, 0xb4, 0xa8, 0xff,
    0xb0, 0xb4, 0xa8, 0xff, 0xb0, 0xb4, 0xa8, 0xff, 0xb0, 0xb8, 0xb0, 0xff,
    0xb8, 0xbc, 0xb0, 0xff, 0xb8, 0xc0, 0xb8, 0xff, 0xb8, 0xc4, 0xc0, 0xff,
    0xb8, 0xbc, 0xb8, 0xff, 0xb8, 0xbc, 0xb8, 0xff, 0xb8, 0xc4, 0xc0, 0xff,
    0xc0, 0xc8, 0xc8, 0xff, 0xc0, 0xcc, 0xc8, 0xff, 0xc0, 0xcc, 0xc8, 0xff,
    0xc8, 0xcc, 0xd0, 0xff, 0xc8, 0xd0, 0xd0, 0xff, 0xc8, 0xd0, 0xd0, 0xff,
    0xc8, 0xd0, 0xd0, 0xff, 0xc8, 0xd4, 0xd0, 0xff, 0xc8, 0xd4, 0xd0, 0xff,
    0xc8, 0xd4, 0xd8, 0xff, 0xc8, 0xd4, 0xd0, 0xff, 0xc8, 0xd4, 0xd8, 0xff,
    0xc8, 0xd4, 0xd8, 0xff, 0xc8, 0xd4, 0xd0, 0xff, 0x78, 0x7c, 0x98, 0xff,
    0x18, 0x2c, 0x50, 0xff, 0x18, 0x28, 0x50, 0xff, 0x18, 0x28, 0x50, 0xff,
    0x18, 0x28, 0x58, 0xff, 0x20, 0x2c, 0x58, 0xff, 0x18, 0x2c, 0x50, 0xff,
    0x30, 0x3c, 0x68, 0xff, 0x90, 0x90, 0xa8, 0xff, 0xc0, 0xcc, 0xd0, 0xff,
    0xc0, 0xcc, 0xc8, 0xff, 0xc0, 0xc8, 0xc0, 0xff, 0xc0, 0xc8, 0xc0, 0xff,
    0xb8, 0xc4, 0xc0, 0xff, 0xb8, 0xc4, 0xc0, 0xff, 0xb8, 0xc4, 0xc0, 0xff,
    0xc0, 0xc4, 0xc0, 0xff, 0xc0, 0xc8, 0xc0, 0xff, 0xc0, 0xc8, 0xc8, 0xff,
    0xc0, 0xcc, 0xc8, 0xff, 0xc8, 0xd0, 0xd0, 0xff, 0xc8, 0xd0, 0xd0, 0xff,
    0xc8, 0xd4, 0xd0, 0xff, 0xc8, 0xd4, 0xd8, 0xff, 0xc8, 0xd4, 0xd0, 0xff,
    0xc8, 0xd4, 0xd0, 0xff, 0xc8, 0xd8, 0xd8, 0xff, 0xd0, 0xdc, 0xe0, 0xff,
    0xd0, 0xd8, 0xd8, 0xff, 0xd0, 0xdc, 0xe0, 0xff, 0xd0, 0xdc, 0xe0, 0xff,
    0xd0, 0xd8, 0xd8, 0xff, 0xd0, 0xd8, 0xd8, 0xff, 0xd0, 0xd8, 0xd8, 0xff,
    0xc8, 0xd8, 0xd8, 0xff, 0xd0, 0xdc, 0xd8, 0xff, 0xd0, 0xdc, 0xd8, 0xff,
    0xc8, 0xd8, 0xd8, 0xff, 0xd0, 0xd8, 0xd8, 0xff, 0xd0, 0xd8, 0xd8, 0xff,
    0xc8, 0xd8, 0xd8, 0xff, 0xd0, 0xd8, 0xd8, 0xff, 0xc8, 0xd4, 0xd0, 0xff,
    0xc8, 0xd4, 0xd8, 0xff, 0xd0, 0xd8, 0xd8, 0xff, 0xd0, 0xd4, 0xd8, 0xff,
    0xc8, 0xd4, 0xd8, 0xff, 0xd0, 0xd8, 0xd8, 0xff, 0xc8, 0xd8, 0xd0, 0xff,
    0x90, 0x8c, 0xa8, 0xff, 0x50, 0x4c, 0x70, 0xff, 0x18, 0x28, 0x40, 0xff,
    0x28, 0x30, 0x60, 0xff, 0x18, 0x24, 0x48, 0xff, 0x18, 0x28, 0x50, 0xff,
    0x18, 0x24, 0x50, 0x41, 0x38, 0x48, 0xe0, 0xff, 0x38, 0x48, 0xe0, 0xff,
    0x40, 0x48, 0xe0, 0xff, 0x38, 0x48, 0xe0, 0xff, 0x40, 0x48, 0xe0, 0xff,
    0x38, 0x48, 0xe0, 0xff, 0x38, 0x48, 0xe0, 0xff, 0x40, 0x4c, 0xe0, 0xff,
    0x40, 0x4c, 0xe8, 0xff, 0x40, 0x4c, 0xe0, 0xff, 0x40, 0x4c, 0xe8, 0xff,
    0x40, 0x50, 0xe8, 0xff, 0x48, 0x54, 0xe8, 0xff, 0x40, 0x50, 0xe8, 0xff,
    0x40, 0x50, 0xe8, 0xff, 0x40, 0x4c, 0xe8, 0xff, 0x40, 0x48, 0xe0, 0xff,
    0x40, 0x4c, 0xe0, 0xff, 0x40, 0x50, 0xe0, 0xff, 0x40, 0x50, 0xe8, 0xff,
    0x48, 0x50, 0xe8, 0xff, 0x48, 0x58, 0xf0, 0xff, 0x48, 0x54, 0xf0, 0xff,
    0x48, 0x50, 0xe8, 0xff, 0x48, 0x50, 0xe8, 0xff, 0x40, 0x50, 0xe8, 0xff,
    0x48, 0x54, 0xe8, 0xff, 0x48, 0x54, 0xe8, 0xff, 0x48, 0x54, 0xe8, 0xff,
    0x48, 0x54, 0xf0, 0xff, 0x48, 0x58, 0xf0, 0xff, 0x48, 0x54, 0xe8, 0xff,
    0x48, 0x54, 0xe8, 0xff, 0x48, 0x54, 0xe8, 0xff, 0x48, 0x58, 0xf0, 0xff,
    0x50, 0x5c, 0xf0, 0xff, 0x48, 0x5c, 0xf0, 0xff, 0x50, 0x5c, 0xf0, 0xff,
    0x48, 0x58, 0xf0, 0xff, 0x48, 0x58, 0xf0, 0xff, 0x50, 0x58, 0xf0, 0xff,
    0x48, 0x5c, 0xf0, 0xff, 0x48, 0x58, 0xf0, 0xff, 0x50, 0x5c, 0xf8, 0xff,
    0x48, 0x58, 0xf0, 0xff, 0x48, 0x5c, 0xf0, 0xff, 0x50, 0x60, 0xf8, 0xff,
    0x50, 0x60, 0xf0, 0xff, 0x50, 0x60, 0xf8, 0xff, 0x50, 0x60, 0xf8, 0xff,
    0x48, 0x5c, 0xf0, 0xff, 0x50, 0x64, 0xf8, 0xff, 0x50, 0x5c, 0xf8, 0xff,
    0x50, 0x60, 0xf8, 0xff, 0x50, 0x5c, 0xf8, 0xff, 0x50, 0x60, 0xf8, 0xff,
    0x50, 0x60, 0xf8, 0xff, 0x50, 0x64, 0xf8, 0xff, 0x50, 0x60, 0xf8, 0xff,
    0x48, 0x60, 0xf8, 0xff, 0x48, 0x54, 0xf0, 0xff, 0x40, 0x4c, 0xe8, 0xff,
    0x38, 0x44, 0xe0, 0xff, 0x28, 0x34, 0xb0, 0xff, 0x20, 0x2c, 0x60, 0xff,
    0x20, 0x2c, 0x68, 0xff, 0x20, 0x30, 0x68, 0xff, 0x20, 0x30, 0x68, 0xff,
    0x28, 0x38, 0x78, 0xff, 0x38, 0x44, 0x80, 0xff, 0x48, 0x50, 0x88, 0xff,
    0x30, 0x40, 0x78, 0xff, 0x40, 0x4c, 0x88, 0xff, 0x30, 0x40, 0x70, 0xff,
    0x78, 0x7c, 0xb8, 0xff, 0x58, 0x54, 0x78, 0xff, 0xb0, 0xb8, 0xb0, 0xff,
    0xb0, 0xb8, 0xb0, 0xff, 0xb0, 0xb4, 0xa8, 0xff, 0xa8, 0xb4, 0xa8, 0xff,
    0xa8, 0xac, 0xa0, 0xff, 0xa8, 0xa8, 0x98, 0xff, 0xa8, 0xa8, 0x98, 0xff,
    0xa8, 0xac, 0x98, 0xff, 0xa8, 0xac, 0xa0, 0xff, 0xa8, 0xac, 0xa0, 0xff,
    0xa8, 0xac, 0xa0, 0xff, 0xa8, 0xac, 0xa0, 0xff, 0xa8, 0xac, 0xa0, 0xff,
    0xa8, 0xb0, 0xa0, 0xff, 0xa8, 0xb0, 0xa0, 0xff, 0xb0, 0xb0, 0xa0, 0xff,
    0xb0, 0xb4, 0xa8, 0xff, 0xb0, 0xb4, 0xa8, 0xff, 0xb0, 0xb4, 0xa8, 0xff,
    0xb8, 0xbc, 0xb8, 0xff, 0xb8, 0xc0, 0xc0, 0xff, 0xb8, 0xc4, 0xc0, 0xff,
    0xb8, 0xc4, 0xc0, 0xff, 0xb8, 0xbc, 0xb8, 0xff, 0xb8, 0xc0, 0xb8, 0xff,
    0xc0, 0xc8, 0xc0, 0xff, 0xc0, 0xc8, 0xc8, 0xff, 0xc0, 0xcc, 0xc8, 0xff,
    0xc0, 0xcc, 0xc8, 0xff, 0xc0, 0xcc, 0xc8, 0xff, 0xc0, 0xcc, 0xd0, 0xff,
    0xc8, 0xd0, 0xd0, 0xff, 0xc8, 0xd0, 0xd0, 0xff, 0xc8, 0xd4, 0xd0, 0xff,
    0xc8, 0xd4, 0xd8, 0xff, 0xc8, 0xd4, 0xd8, 0xff, 0xc8, 0xd0, 0xd0, 0xff,
    0xc8, 0xd0, 0xd0, 0xff, 0xc8, 0xd4, 0xd8, 0xff, 0xc8, 0xd4, 0xd0, 0xff,
    0x78, 0x80, 0x98, 0xff, 0x20, 0x28, 0x50, 0xff, 0x18, 0x28, 0x50, 0xff,
    0x18, 0x28, 0x50, 0xff, 0x18, 0x28, 0x50, 0xff, 0x18, 0x2c, 0x58, 0xff,
    0x20, 0x2c, 0x58, 0xff, 0x30, 0x3c, 0x68, 0xff, 0x88, 0x8c, 0xa0, 0xff,
    0xc0, 0xc8, 0xc8, 0xff, 0xc0, 0xc8, 0xc8, 0xff, 0xb8, 0xc4, 0xc0, 0xff,
    0xc0, 0xc8, 0xc0, 0xff, 0xc0, 0xc8, 0xc0, 0xff, 0xb8, 0xc4, 0xc0, 0xff,
    0xb8, 0xc4, 0xc0, 0xff, 0xc0, 0xc4, 0xc0, 0xff, 0xc0, 0xc8, 0xc0, 0xff,
    0xc0, 0xc8, 0xc8, 0xff, 0xc0, 0xc8, 0xc8, 0xff, 0xc0, 0xcc, 0xc8, 0xff,
    0xc0, 0xd0, 0xd0, 0xff, 0xc8, 0xd0, 0xd0, 0xff, 0xd0, 0xd4, 0xd8, 0xff,
    0xc8, 0xd4, 0xd8, 0xff, 0xd0, 0xd8, 0xd8, 0xff, 0xd0, 0xd8, 0xd8, 0xff,
    0xd0, 0xd8, 0xe0, 0xff, 0xc8, 0xdc, 0xd8, 0xff, 0xd0, 0xdc, 0xe0, 0xff,
    0xd0, 0xdc, 0xe0, 0xff, 0xd0, 0xdc, 0xd8, 0xff, 0xd0, 0xdc, 0xe0, 0xff,
    0xd0, 0xdc, 0xe0, 0xff, 0xd0, 0xdc, 0xe0, 0xff, 0xd0, 0xdc, 0xd8, 0xff,
    0xd0, 0xd8, 0xd8, 0xff, 0xc8, 0xdc, 0xd8, 0xff, 0xd0, 0xdc, 0xd8, 0xff,
    0xd0, 0xd8, 0xd8, 0xff, 0xc8, 0xd8, 0xd8, 0xff, 0xd0, 0xd8, 0xd8, 0xff,
    0xc8, 0xd4, 0xd8, 0xff, 0xd0, 0xd8, 0xd0, 0xff, 0xd0, 0xd8, 0xd8, 0xff,
    0xc8, 0xd4, 0xd8, 0xff, 0xd0, 0xd8, 0xd8, 0xff, 0xd0, 0xd8, 0xd8, 0xff,
    0xd0, 0xd8, 0xd8, 0xff, 0x90, 0x90, 0xa8, 0xff, 0x50, 0x4c, 0x70, 0xff,
    0x18, 0x2c, 0x40, 0xff, 0x28, 0x30, 0x60, 0xff, 0x18, 0x24, 0x48, 0xff,
    0x18, 0x28, 0x50, 0xff, 0x18, 0x24, 0x50, 0x41, 0x38, 0x48, 0xe0, 0xff,
    0x38, 0x48, 0xe0, 0xff, 0x38, 0x48, 0xe0, 0xff, 0x38, 0x44, 0xe0, 0xff,
    0x38, 0x48, 0xe0, 0xff, 0x38, 0x44, 0xe0, 0xff, 0x38, 0x48, 0xe0, 0xff,
    0x38, 0x48, 0xe0, 0xff, 0x40, 0x48, 0xe0, 0xff, 0x38, 0x48, 0xe0, 0xff,
    0x40, 0x4c, 0xe0, 0xff, 0x40, 0x4c, 0xe0, 0xff, 0x48, 0x54, 0xe8, 0xff,
    0x40, 0x50, 0xe8, 0xff, 0x40, 0x50, 0xe0, 0xff, 0x40, 0x4c, 0xe0, 0xff,
    0x38, 0x48, 0xe0, 0xff, 0x40, 0x48, 0xe0, 0xff, 0x40, 0x4c, 0xe0, 0xff,
    0x40, 0x4c, 0xe8, 0xff, 0x40, 0x4c, 0xe8, 0xff, 0x48, 0x54, 0xe8, 0xff,
    0x48, 0x54, 0xe8, 0xff, 0x40, 0x50, 0xe8, 0xff, 0x40, 0x50, 0xe8, 0xff,
    0x40, 0x4c, 0xe8, 0xff, 0x40, 0x4c, 0xe8, 0xff, 0x40, 0x50, 0xe8, 0xff,
    0x48, 0x50, 0xe8, 0xff, 0x48, 0x54, 0xe8, 0xff, 0x48, 0x54, 0xe8, 0xff,
    0x48, 0x58, 0xf0, 0xff, 0x48, 0x58, 0xf0, 0xff, 0x48, 0x54, 0xf0, 0xff,
    0x48, 0x54, 0xf0, 0xff, 0x48, 0x5c, 0xf8, 0xff, 0x48, 0x58, 0xf0, 0xff,
    0x48, 0x58, 0xf0, 0xff, 0x48, 0x58, 0xf0, 0xff, 0x48, 0x58, 0xf0, 0xff,
    0x48, 0x58, 0xf8, 0xff, 0x48, 0x58, 0xf0, 0xff, 0x48, 0x58, 0xf0, 0xff,
    0x48, 0x58, 0xf0, 0xff, 0x48, 0x5c, 0xf0, 0xff, 0x48, 0x5c, 0xf8, 0xff,
    0x50, 0x60, 0xf0, 0xff, 0x50, 0x5c, 0xf8, 0xff, 0x50, 0x60, 0xf8, 0xff,
    0x50, 0x5c, 0xf8, 0xff, 0x48, 0x5c, 0xf0, 0xff, 0x50, 0x60, 0xf8, 0xff,
    0x48, 0x5c, 0xf0, 0xff, 0x48, 0x5c, 0xf0, 0xff, 0x48, 0x5c, 0xf0, 0xff,
    0x50, 0x60, 0xf8, 0xff, 0x50, 0x64, 0xf8, 0xff, 0x50, 0x64, 0xf8, 0xff,
    0x50, 0x60, 0xf8, 0xff, 0x50, 0x5c, 0xf0, 0xff, 0x48, 0x54, 0xf0, 0xff,
    0x40, 0x4c, 0xe8, 0xff, 0x38, 0x44, 0xe0, 0xff, 0x28, 0x34, 0xa8, 0xff,
    0x18, 0x28, 0x58, 0xff, 0x20, 0x2c, 0x68, 0xff, 0x18, 0x2c, 0x70, 0xff,
    0x20, 0x30, 0x70, 0xff, 0x28, 0x38, 0x78, 0xff, 0x38, 0x44, 0x80, 0xff,
    0x48, 0x54, 0x88, 0xff, 0x30, 0x3c, 0x78, 0xff, 0x40, 0x4c, 0x80, 0xff,
    0x30, 0x40, 0x70, 0xff, 0x78, 0x7c, 0xb8, 0xff, 0x58, 0x54, 0x78, 0xff,
    0xb0, 0xb8, 0xb0, 0xff, 0xb0, 0xb8, 0xb0, 0xff, 0xb0, 0xb4, 0xa8, 0xff,
    0xb0, 0xb4, 0xa0, 0xff, 0xa8, 0xac, 0xa0, 0xff, 0xa8, 0xac, 0xa0, 0xff,
    0xa8, 0xa8, 0x98, 0xff, 0xa8, 0xac, 0x98, 0xff, 0xa8, 0xac, 0xa0, 0xff,
    0xb0, 0xac, 0xa0, 0xff, 0xa8, 0xac, 0xa0, 0xff, 0xa8, 0xb0, 0xa0, 0xff,
    0xb0, 0xac, 0xa0, 0xff, 0xa8, 0xb0, 0xa0, 0xff, 0xa8, 0xb0, 0xa0, 0xff,
    0xb0, 0xb0, 0xa0, 0xff, 0xa8, 0xb0, 0xa8, 0xff, 0xb0, 0xb8, 0xa8, 0xff,
    0xb0, 0xbc, 0xb8, 0xff, 0xb8, 0xc4, 0xc0, 0xff, 0xc0, 0xc8, 0xc8, 0xff,
    0xc0, 0xc8, 0xc8, 0xff, 0xb8, 0xc0, 0xc0, 0xff, 0xb8, 0xc0, 0xc0, 0xff,
    0xb8, 0xc4, 0xc0, 0xff, 0xc0, 0xc8, 0xc0, 0xff, 0xc0, 0xc8, 0xc8, 0xff,
    0xc0, 0xc8, 0xc8, 0xff, 0xc0, 0xc8, 0xc8, 0xff, 0xc0, 0xc8, 0xc8, 0xff,
    0xc0, 0xcc, 0xc8, 0xff, 0xc8, 0xd0, 0xd0, 0xff, 0xc8, 0xd0, 0xd0, 0xff,
    0xc8, 0xd0, 0xd0, 0xff, 0xc8, 0xd4, 0xd0, 0xff, 0xc8, 0xd4, 0xd0, 0xff,
    0xc8, 0xd0, 0xd0, 0xff, 0xc8, 0xd0, 0xd0, 0xff, 0xc8, 0xd0, 0xd0, 0xff,
    0xc0, 0xd0, 0xd8, 0xff, 0x80, 0x84, 0x98, 0xff, 0x20, 0x2c, 0x50, 0xff,
    0x18, 0x28, 0x50, 0xff, 0x20, 0x2c, 0x58, 0xff, 0x20, 0x2c, 0x58, 0xff,
    0x18, 0x2c, 0x60, 0xff, 0x20, 0x2c, 0x50, 0xff, 0x30, 0x3c, 0x68, 0xff,
    0x88, 0x8c, 0xa0, 0xff, 0xc0, 0xc4, 0xc0, 0xff, 0xb8, 0xc4, 0xc0, 0xff,
    0xb8, 0xc4, 0xc0, 0xff, 0xc0, 0xc4, 0xc0, 0xff, 0xb8, 0xc4, 0xc0, 0xff,
    0xb8, 0xc4, 0xc0, 0xff, 0xc0, 0xc8, 0xc8, 0xff, 0xc0, 0xc8, 0xc0, 0xff,
    0xc0, 0xc8, 0xc8, 0xff, 0xc0, 0xc8, 0xc8, 0xff, 0xc0, 0xc8, 0xc8, 0xff,
    0xc8, 0xcc, 0xc8, 0xff, 0xc8, 0xd0, 0xc8, 0xff, 0xc8, 0xd0, 0xd0, 0xff,
    0xc8, 0xd0, 0xd0, 0xff, 0xc8, 0xd4, 0xd0, 0xff, 0xc8, 0xd4, 0xd8, 0xff,
    0xd0, 0xd8, 0xd8, 0xff, 0xd0, 0xdc, 0xe0, 0xff, 0xc8, 0xd8, 0xd8, 0xff,
    0xd0, 0xd8, 0xd8, 0xff, 0xc8, 0xd8, 0xe0, 0xff, 0xc8, 0xd8, 0xd8, 0xff,
    0xd0, 0xdc, 0xd8, 0xff, 0xd0, 0xdc, 0xe0, 0xff, 0xd0, 0xdc, 0xe0, 0xff,
    0xd0, 0xd8, 0xe0, 0xff, 0xd0, 0xd8, 0xe0, 0xff, 0xd0, 0xdc, 0xd8, 0xff,
    0xd0, 0xd8, 0xd8, 0xff, 0xd0, 0xd8, 0xd8, 0xff, 0xd0, 0xd8, 0xd8, 0xff,
    0xc8, 0xd8, 0xd8, 0xff, 0xd0, 0xd4, 0xd8, 0xff, 0xc8, 0xd4, 0xd0, 0xff,
    0xc8, 0xd4, 0xd0, 0xff, 0xd0, 0xd8, 0xd8, 0xff, 0xd0, 0xd8, 0xd8, 0xff,
    0xc8, 0xd8, 0xd8, 0xff, 0xd0, 0xd8, 0xd8, 0xff, 0x90, 0x90, 0xa8, 0xff,
    0x48, 0x48, 0x70, 0xff, 0x18, 0x28, 0x40, 0xff, 0x20, 0x30, 0x58, 0xff,
    0x10, 0x24, 0x48, 0xff, 0x18, 0x28, 0x40, 0xff, 0x18, 0x28, 0x48, 0x41,
    0x38, 0x44, 0xe0, 0xff, 0x38, 0x44, 0xe0, 0xff, 0x40, 0x48, 0xe0, 0xff,
    0x40, 0x48, 0xe0, 0xff, 0x40, 0x48, 0xe8, 0xff, 0x38, 0x48, 0xe0, 0xff,
    0x38, 0x48, 0xe0, 0xff, 0x38, 0x44, 0xe0, 0xff, 0x38, 0x48, 0xe0, 0xff,
    0x38, 0x48, 0xe0, 0xff, 0x38, 0x48, 0xe0, 0xff, 0x40, 0x4c, 0xe0, 0xff,
    0x40, 0x50, 0xe8, 0xff, 0x48, 0x50, 0xe8, 0xff, 0x40, 0x50, 0xe8, 0xff,
    0x40, 0x4c, 0xe8, 0xff, 0x40, 0x48, 0xe0, 0xff, 0x38, 0x48, 0xe0, 0xff,
    0x40, 0x4c, 0xe8, 0xff, 0x40, 0x4c, 0xe8, 0xff, 0x40, 0x50, 0xe8, 0xff,
    0x40, 0x54, 0xe8, 0xff, 0x48, 0x54, 0xe8, 0xff, 0x40, 0x50, 0xe8, 0xff,
    0x40, 0x50, 0xe8, 0xff, 0x40, 0x50, 0xe8, 0xff, 0x40, 0x4c, 0xe8, 0xff,
    0x40, 0x4c, 0xe8, 0xff, 0x40, 0x50, 0xe8, 0xff, 0x48, 0x54, 0xf0, 0xff,
    0x48, 0x54, 0xe8, 0xff, 0x48, 0x54, 0xe8, 0xff, 0x48, 0x54, 0xf0, 0xff,
    0x48, 0x54, 0xf0, 0xff, 0x48, 0x58, 0xf0, 0xff, 0x48, 0x5c, 0xf0, 0xff,
    0x50, 0x5c, 0xf8, 0xff, 0x48, 0x58, 0xf0, 0xff, 0x48, 0x58, 0xf0, 0xff,
    0x48, 0x58, 0xf8, 0xff, 0x50, 0x58, 0xf0, 0xff, 0x48, 0x58, 0xf0, 0xff,
    0x48, 0x58, 0xf0, 0xff, 0x48, 0x58, 0xf0, 0xff, 0x48, 0x58, 0xf8, 0xff,
    0x50, 0x5c, 0xf8, 0xff, 0x50, 0x60, 0xf8, 0xff, 0x48, 0x5c, 0xf0, 0xff,
    0x50, 0x60, 0xf8, 0xff, 0x50, 0x60, 0xf8, 0xff, 0x48, 0x5c, 0xf8, 0xff,
    0x50, 0x60, 0xf8, 0xff, 0x50, 0x5c, 0xf0, 0xff, 0x50, 0x60, 0xf8, 0xff,
    0x50, 0x60, 0xf8, 0xff, 0x50, 0x60, 0xf8, 0xff, 0x48, 0x60, 0xf0, 0xff,
    0x50, 0x60, 0xf8, 0xff, 0x50, 0x60, 0xf8, 0xff, 0x48, 0x5c, 0xf0, 0xff,
    0x48, 0x54, 0xf0, 0xff, 0x40, 0x4c, 0xe8, 0xff, 0x38, 0x40, 0xe0, 0xff,
    0x28, 0x30, 0xa8, 0xff, 0x18, 0x2c, 0x58, 0xff, 0x20, 0x30, 0x68, 0xff,
    0x20, 0x2c, 0x70, 0xff, 0x20, 0x30, 0x70, 0xff, 0x28, 0x38, 0x78, 0xff,
    0x38, 0x44, 0x80, 0xff, 0x48, 0x50, 0x88, 0xff, 0x30, 0x40, 0x78, 0xff,
    0x40, 0x50, 0x88, 0xff, 0x38, 0x40, 0x78, 0xff, 0x78, 0x7c, 0xb8, 0xff,
    0x50, 0x54, 0x78, 0xff, 0xa8, 0xb4, 0xb0, 0xff, 0xb0, 0xb8, 0xa8, 0xff,
    0xb0, 0xb4, 0xa8, 0xff, 0xb0, 0xb4, 0xa8, 0xff, 0xa8, 0xac, 0xa0, 0xff,
    0xa8, 0xac, 0xa0, 0xff, 0xa8, 0xac, 0x98, 0xff, 0xa8, 0xac, 0xa0, 0xff,
    0xa8, 0xac, 0xa0, 0xff, 0xb0, 0xac, 0xa0, 0xff, 0xa8, 0xb0, 0xa0, 0xff,
    0xa8, 0xac, 0xa0, 0xff, 0xb0, 0xac, 0xa0, 0xff, 0xb0, 0xb8, 0xa8, 0xff,
    0xb0, 0xb8, 0xa8, 0xff, 0xb0, 0xb8, 0xa8, 0xff, 0xb0, 0xb8, 0xb0, 0xff,
    0xb8, 0xbc, 0xb8, 0xff, 0xb8, 0xc4, 0xc0, 0xff, 0xc0, 0xcc, 0xc8, 0xff,
    0xc0, 0xc8, 0xc8, 0xff, 0xc0, 0xc8, 0xc8, 0xff, 0xc0, 0xc8, 0xc8, 0xff,
    0xc0, 0xc8, 0xc8, 0xff, 0xc0, 0xc4, 0xc0, 0xff, 0xc0, 0xc8, 0xc0, 0xff,
    0xc0, 0xc4, 0xc0, 0xff, 0xb8, 0xc4, 0xc0, 0xff, 0xc0, 0xc4, 0xc0, 0xff,
    0xc0, 0xc4, 0xc0, 0xff, 0xc0, 0xc8, 0xc8, 0xff, 0xc0, 0xcc, 0xc8, 0xff,
    0xc0, 0xd0, 0xd0, 0xff, 0xc0, 0xcc, 0xd0, 0xff, 0xc0, 0xcc, 0xd0, 0xff,
    0xc8, 0xd0, 0xd0, 0xff, 0xc8, 0xd0, 0xd0, 0xff, 0xc8, 0xd4, 0xd0, 0xff,
    0xc8, 0xd4, 0xd0, 0xff, 0xc0, 0xd0, 0xd8, 0xff, 0x80, 0x84, 0x98, 0xff,
    0x18, 0x2c, 0x50, 0xff, 0x18, 0x28, 0x50, 0xff, 0x18, 0x2c, 0x58, 0xff,
    0x18, 0x2c, 0x60, 0xff, 0x20, 0x2c, 0x60, 0xff, 0x20, 0x2c, 0x50, 0xff,
    0x30, 0x3c, 0x68, 0xff, 0x88, 0x8c, 0xa8, 0xff, 0xc0, 0xc4, 0xc0, 0xff,
    0xc0, 0xc4, 0xc0, 0xff, 0xb8, 0xc0, 0xb8, 0xff, 0xb8, 0xc0, 0xb8, 0xff,
    0xb8, 0xc0, 0xc0, 0xff, 0xb8, 0xc4, 0xc0, 0xff, 0xc0, 0xc8, 0xc0, 0xff,
    0xc0, 0xc8, 0xc8, 0xff, 0xc0, 0xc8, 0xc8, 0xff, 0xc0, 0xc8, 0xc8, 0xff,
    0xc0, 0xc8, 0xc8, 0xff, 0xc0, 0xcc, 0xc8, 0xff, 0xc0, 0xcc, 0xc8, 0xff,
    0xc0, 0xd0, 0xc8, 0xff, 0xc8, 0xd4, 0xd0, 0xff, 0xc8, 0xd4, 0xd0, 0xff,
    0xc8, 0xd4, 0xd8, 0xff, 0xd0, 0xd8, 0xe0, 0xff, 0xd0, 0xdc, 0xe0, 0xff,
    0xd0, 0xdc, 0xd8, 0xff, 0xd0, 0xd8, 0xe0, 0xff, 0xd0, 0xdc, 0xe0, 0xff,
    0xd0, 0xd8, 0xd8, 0xff, 0xd0, 0xd8, 0xe0, 0xff, 0xc8, 0xd8, 0xd8, 0xff,
    0xc8, 0xd8, 0xd8, 0xff, 0xc8, 0xd8, 0xd8, 0xff, 0xd0, 0xdc, 0xe0, 0xff,
    0xd0, 0xd8, 0xd8, 0xff, 0xd0, 0xd8, 0xd8, 0xff, 0xd0, 0xd8, 0xd8, 0xff,
    0xc8, 0xd8, 0xd8, 0xff, 0xd0, 0xd8, 0xd8, 0xff, 0xc8, 0xd4, 0xd8, 0xff,
    0xc8, 0xd4, 0xd0, 0xff, 0xc8, 0xd4, 0xd0, 0xff, 0xd0, 0xd8, 0xd8, 0xff,
    0xc8, 0xd8, 0xd8, 0xff, 0xd0, 0xd8, 0xd8, 0xff, 0xd0, 0xd4, 0xd8, 0xff,
    0x90, 0x90, 0xa8, 0xff, 0x50, 0x48, 0x70, 0xff, 0x18, 0x28, 0x40, 0xff,
    0x28, 0x30, 0x60, 0xff, 0x10, 0x24, 0x50, 0xff, 0x18, 0x24, 0x48, 0xff,
    0x18, 0x24, 0x48, 0x41, 0x38, 0x40, 0xe0, 0xff, 0x38, 0x48, 0xe0, 0xff,
    0x38, 0x48, 0xe0, 0xff, 0x38, 0x48, 0xe0, 0xff, 0x40, 0x48, 0xe0, 0xff,
    0x40, 0x48, 0xe0, 0xff, 0x38, 0x48, 0xe0, 0xff, 0x38, 0x44, 0xe0, 0xff,
    0x38, 0x44, 0xe0, 0xff, 0x38, 0x44, 0xe0, 0xff, 0x40, 0x48, 0xe0, 0xff,
    0x40, 0x4c, 0xe0, 0xff, 0x40, 0x4c, 0xe8, 0xff, 0x40, 0x50, 0xe8, 0xff,
    0x48, 0x50, 0xe8, 0xff, 0x40, 0x50, 0xe0, 0xff, 0x40, 0x48, 0xe0, 0xff,
    0x38, 0x48, 0xe0, 0xff, 0x38, 0x48, 0xe0, 0xff, 0x40, 0x4c, 0xe8, 0xff,
    0x40, 0x4c, 0xe8, 0xff, 0x40, 0x50, 0xe8, 0xff, 0x48, 0x54, 0xe8, 0xff,
    0x40, 0x50, 0xe8, 0xff, 0x40, 0x50, 0xe8, 0xff, 0x40, 0x4c, 0xe0, 0xff,
    0x40, 0x4c, 0xe8, 0xff, 0x40, 0x4c, 0xe0, 0xff, 0x40, 0x4c, 0xe8, 0xff,
    0x40, 0x50, 0xe8, 0xff, 0x48, 0x50, 0xf0, 0xff, 0x48, 0x54, 0xf0, 0xff,
    0x40, 0x50, 0xf0, 0xff, 0x40, 0x50, 0xf0, 0xff, 0x40, 0x50, 0xe8, 0xff,
    0x48, 0x58, 0xf0, 0xff, 0x48, 0x58, 0xf0, 0xff, 0x48, 0x5c, 0xf8, 0xff,
    0x48, 0x58, 0xf0, 0xff, 0x48, 0x58, 0xf0, 0xff, 0x48, 0x58, 0xf0, 0xff,
    0x48, 0x58, 0xf0, 0xff, 0x48, 0x58, 0xf0, 0xff, 0x48, 0x58, 0xf0, 0xff,
    0x48, 0x58, 0xf0, 0xff, 0x48, 0x58, 0xf0, 0xff, 0x48, 0x5c, 0xf8, 0xff,
    0x48, 0x5c, 0xf0, 0xff, 0x48, 0x5c, 0xf0, 0xff, 0x48, 0x5c, 0xf8, 0xff,
    0x48, 0x58, 0xf0, 0xff, 0x48, 0x5c, 0xf8, 0xff, 0x50, 0x60, 0xf8, 0xff,
    0x50, 0x60, 0xf8, 0xff, 0x50, 0x64, 0xf8, 0xff, 0x50, 0x64, 0xf8, 0xff,
    0x50, 0x64, 0xf8, 0xff, 0x50, 0x60, 0xf8, 0xff, 0x50, 0x60, 0xf8, 0xff,
    0x48, 0x5c, 0xf0, 0xff, 0x48, 0x54, 0xf0, 0xff, 0x40, 0x4c, 0xe8, 0xff,
    0x38, 0x40, 0xe0, 0xff, 0x28, 0x34, 0xb0, 0xff, 0x18, 0x28, 0x60, 0xff,
    0x20, 0x30, 0x68, 0xff, 0x20, 0x2c, 0x70, 0xff, 0x20, 0x30, 0x70, 0xff,
    0x28, 0x38, 0x70, 0xff, 0x38, 0x44, 0x78, 0xff, 0x48, 0x50, 0x88, 0xff,
    0x30, 0x40, 0x78, 0xff, 0x48, 0x54, 0x90, 0xff, 0x38, 0x44, 0x78, 0xff,
    0x78, 0x7c, 0xb8, 0xff, 0x50, 0x54, 0x78, 0xff, 0xa8, 0xb0, 0xa8, 0xff,
    0xb0, 0xb8, 0xa8, 0xff, 0xb0, 0xb4, 0xa8, 0xff, 0xa8, 0xb0, 0xa8, 0xff,
    0xa8, 0xac, 0xa0, 0xff, 0xa8, 0xac, 0x98, 0xff, 0xa8, 0xa8, 0x98, 0xff,
    0xa8, 0xac, 0xa0, 0xff, 0xa8, 0xac, 0xa0, 0xff, 0xa8, 0xac, 0x98, 0xff,
    0xa8, 0xac, 0x98, 0xff, 0xa8, 0xac, 0x98, 0xff, 0xb0, 0xb0, 0xa0, 0xff,
    0xb8, 0xc0, 0xb8, 0xff, 0xb8, 0xc0, 0xc0, 0xff, 0xb8, 0xc0, 0xc0, 0xff,
    0xb8, 0xc0, 0xc0, 0xff, 0xb8, 0xc0, 0xc0, 0xff, 0xc0, 0xc8, 0xc0, 0xff,
    0xc0, 0xcc, 0xc8, 0xff, 0xc0, 0xc8, 0xc8, 0xff, 0xc0, 0xcc, 0xc8, 0xff,
    0xc0, 0xcc, 0xc8, 0xff, 0xc0, 0xc8, 0xc8, 0xff, 0xb8, 0xc4, 0xc0, 0xff,
    0xb8, 0xc0, 0xc0, 0xff, 0xb8, 0xc0, 0xc0, 0xff, 0xb8, 0xc0, 0xc0, 0xff,
    0xb8, 0xc0, 0xc0, 0xff, 0xb8, 0xc4, 0xc0, 0xff, 0xc0, 0xc8, 0xc8, 0xff,
    0xc0, 0xcc, 0xc8, 0xff, 0xc0, 0xcc, 0xc8, 0xff, 0xc0, 0xcc, 0xc8, 0xff,
    0xc0, 0xcc, 0xc8, 0xff, 0xc0, 0xd0, 0xd0, 0xff, 0xc0, 0xd0, 0xd0, 0xff,
    0xc8, 0xd0, 0xd8, 0xff, 0xc8, 0xd4, 0xd0, 0xff, 0xc8, 0xd4, 0xd0, 0xff,
    0x80, 0x88, 0xa0, 0xff, 0x20, 0x2c, 0x50, 0xff, 0x18, 0x28, 0x50, 0xff,
    0x18, 0x28, 0x58, 0xff, 0x18, 0x28, 0x58, 0xff, 0x18, 0x28, 0x60, 0xff,
    0x18, 0x2c, 0x50, 0xff, 0x30, 0x3c, 0x68, 0xff, 0x88, 0x90, 0xa8, 0xff,
    0xc0, 0xc8, 0xc8, 0xff, 0xc0, 0xc8, 0xc0, 0xff, 0xc0, 0xc4, 0xc0, 0xff,
    0xb8, 0xc0, 0xc0, 0xff, 0xb8, 0xc0, 0xc0, 0xff, 0xc0, 0xc8, 0xc0, 0xff,
    0xc0, 0xc4, 0xc0, 0xff, 0xb8, 0xc8, 0xc0, 0xff, 0xc0, 0xc8, 0xc8, 0xff,
    0xc0, 0xc8, 0xc8, 0xff, 0xc0, 0xcc, 0xc0, 0xff, 0xc0, 0xcc, 0xc8, 0xff,
    0xc0, 0xcc, 0xc8, 0xff, 0xc8, 0xcc, 0xc8, 0xff, 0xc8, 0xd0, 0xd0, 0xff,
    0xc8, 0xd4, 0xd0, 0xff, 0xc8, 0xd4, 0xd8, 0xff, 0xd0, 0xd8, 0xd8, 0xff,
    0xc8, 0xd8, 0xd8, 0xff, 0xc8, 0xd8, 0xd8, 0xff, 0xc8, 0xd8, 0xd8, 0xff,
    0xc8, 0xd8, 0xd8, 0xff, 0xc8, 0xd8, 0xd8, 0xff, 0xc8, 0xd8, 0xd8, 0xff,
    0xd0, 0xd8, 0xd8, 0xff, 0xc8, 0xd8, 0xd8, 0xff, 0xc8, 0xd8, 0xd8, 0xff,
    0xc8, 0xd8, 0xd8, 0xff, 0xc8, 0xd8, 0xd8, 0xff, 0xd0, 0xd8, 0xd8, 0xff,
    0xc8, 0xd8, 0xd8, 0xff, 0xc8, 0xd8, 0xd8, 0xff, 0xc8, 0xd4, 0xd8, 0xff,
    0xd0, 0xd8, 0xd8, 0xff, 0xc8, 0xd4, 0xd0, 0xff, 0xc8, 0xd4, 0xd8, 0xff,
    0xc8, 0xd4, 0xd8, 0xff, 0xd0, 0xd4, 0xd8, 0xff, 0xd0, 0xd8, 0xd8, 0xff,
    0xd0, 0xd8, 0xd8, 0xff, 0x90, 0x90, 0xa8, 0xff, 0x48, 0x48, 0x70, 0xff,
    0x18, 0x28, 0x40, 0xff, 0x20, 0x30, 0x58, 0xff, 0x18, 0x28, 0x50, 0xff,
    0x18, 0x24, 0x48, 0xff, 0x18, 0x24, 0x48, 0x41, 0x30, 0x40, 0xd8, 0xff,
    0x38, 0x44, 0xe0, 0xff, 0x38, 0x44, 0xe0, 0xff, 0x38, 0x44, 0xe0, 0xff,
    0x38, 0x48, 0xe0, 0xff, 0x38, 0x44, 0xe0, 0xff, 0x38, 0x44, 0xe0, 0xff,
    0x38, 0x44, 0xe0, 0xff, 0x38, 0x44, 0xe0, 0xff, 0x38, 0x44, 0xe0, 0xff,
    0x38, 0x48, 0xe0, 0xff, 0x38, 0x48, 0xe0, 0xff, 0x38, 0x48, 0xe0, 0xff,
    0x38, 0x48, 0xe0, 0xff, 0x40, 0x4c, 0xe0, 0xff, 0x40, 0x50, 0xe0, 0xff,
    0x40, 0x50, 0xe8, 0xff, 0x40, 0x48, 0xe0, 0xff, 0x38, 0x44, 0xe0, 0xff,
    0x40, 0x48, 0xe0, 0xff, 0x40, 0x48, 0xe0, 0xff, 0x40, 0x4c, 0xe0, 0xff,
    0x40, 0x4c, 0xe8, 0xff, 0x48, 0x50, 0xe8, 0xff, 0x40, 0x50, 0xe8, 0xff,
    0x40, 0x4c, 0xe0, 0xff, 0x40, 0x4c, 0xe8, 0xff, 0x40, 0x4c, 0xe0, 0xff,
    0x40, 0x4c, 0xe8, 0xff, 0x48, 0x50, 0xe8, 0xff, 0x40, 0x54, 0xf0, 0xff,
    0x40, 0x50, 0xf0, 0xff, 0x40, 0x50, 0xe8, 0xff, 0x40, 0x50, 0xe8, 0xff,
    0x40, 0x50, 0xe8, 0xff, 0x48, 0x54, 0xf0, 0xff, 0x48, 0x58, 0xf0, 0xff,
    0x48, 0x58, 0xf0, 0xff, 0x50, 0x58, 0xf0, 0xff, 0x48, 0x58, 0xf0, 0xff,
    0x48, 0x58, 0xf8, 0xff, 0x48, 0x58, 0xf8, 0xff, 0x48, 0x54, 0xf0, 0xff,
    0x48, 0x54, 0xf0, 0xff, 0x48, 0x54, 0xf0, 0xff, 0x48, 0x54, 0xf0, 0xff,
    0x48, 0x58, 0xf8, 0xff, 0x50, 0x58, 0xf8, 0xff, 0x48, 0x58, 0xf0, 0xff,
    0x48, 0x58, 0xf8, 0xff, 0x48, 0x5c, 0xf8, 0xff, 0x48, 0x54, 0xf0, 0xff,
    0x40, 0x58, 0xf0, 0xff, 0x48, 0x5c, 0xf0, 0xff, 0x50, 0x60, 0xf8, 0xff,
    0x50, 0x60, 0xf8, 0xff, 0x50, 0x60, 0xf8, 0xff, 0x50, 0x5c, 0xf0, 0xff,
    0x48, 0x5c, 0xf8, 0xff, 0x48, 0x5c, 0xf8, 0xff, 0x48, 0x50, 0xf0, 0xff,
    0x40, 0x4c, 0xe8, 0xff, 0x38, 0x40, 0xe0, 0xff, 0x28, 0x34, 0xb0, 0xff,
    0x20, 0x2c, 0x60, 0xff, 0x18, 0x2c, 0x68, 0xff, 0x20, 0x2c, 0x70, 0xff,
    0x20, 0x2c, 0x68, 0xff, 0x28, 0x34, 0x70, 0xff, 0x30, 0x40, 0x78, 0xff,
    0x48, 0x54, 0x88, 0xff, 0x30, 0x40, 0x78, 0xff, 0x40, 0x54, 0x90, 0xff,
    0x38, 0x44, 0x78, 0xff, 0x78, 0x78, 0xb0, 0xff, 0x50, 0x54, 0x78, 0xff,
    0xa8, 0xb0, 0xa8, 0xff, 0xb0, 0xb4, 0xa8, 0xff, 0xa8, 0xb0, 0xa8, 0xff,
    0xa8, 0xb0, 0xa0, 0xff, 0xb0, 0xb0, 0xa0, 0xff, 0xa8, 0xac, 0xa0, 0xff,
    0xa8, 0xac, 0xa0, 0xff, 0xa8, 0xac, 0x98, 0xff, 0xa8, 0xac, 0xa0, 0xff,
    0xa8, 0xac, 0xa0, 0xff, 0xa8, 0xac, 0x98, 0xff, 0xb0, 0xb0, 0xa0, 0xff,
    0xb0, 0xb8, 0xb0, 0xff, 0xb8, 0xc4, 0xc0, 0xff, 0xc0, 0xc4, 0xc8, 0xff,
    0xb8, 0xc8, 0xc8, 0xff, 0xc0, 0xc8, 0xc8, 0xff, 0xc0, 0xc8, 0xc8, 0xff,
    0xc0, 0xc8, 0xc8, 0xff, 0xc0, 0xcc, 0xc8, 0xff, 0xc0, 0xcc, 0xd0, 0xff,
    0xc0, 0xcc, 0xc8, 0xff, 0xc0, 0xc8, 0xc8, 0xff, 0xb8, 0xc8, 0xc8, 0xff,
    0xb8, 0xc0, 0xc0, 0xff, 0xb8, 0xc0, 0xb8, 0xff, 0xb8, 0xc0, 0xc0, 0xff,
    0xc0, 0xc4, 0xc0, 0xff, 0xc0, 0xc4, 0xc0, 0xff, 0xc0, 0xc8, 0xc8, 0xff,
    0xb8, 0xc8, 0xc0, 0xff, 0xc0, 0xc8, 0xc8, 0xff, 0xc0, 0xc8, 0xc8, 0xff,
    0xc0, 0xc8, 0xc8, 0xff, 0xc0, 0xc8, 0xc8, 0xff, 0xc0, 0xcc, 0xc8, 0xff,
    0xc8, 0xd0, 0xd0, 0xff, 0xc8, 0xd4, 0xd8, 0xff, 0xc8, 0xd0, 0xd0, 0xff,
    0xc0, 0xcc, 0xc8, 0xff, 0x78, 0x80, 0x98, 0xff, 0x20, 0x2c, 0x50, 0xff,
    0x18, 0x28, 0x50, 0xff, 0x18, 0x28, 0x58, 0xff, 0x18, 0x2c, 0x58, 0xff,
    0x20, 0x2c, 0x60, 0xff, 0x18, 0x28, 0x50, 0xff, 0x30, 0x3c, 0x68, 0xff,
    0x90, 0x94, 0xa8, 0xff, 0xc0, 0xd0, 0xd0, 0xff, 0xc0, 0xcc, 0xc8, 0xff,
    0xc0, 0xc8, 0xc8, 0xff, 0xc0, 0xc8, 0xc0, 0xff, 0xb8, 0xc4, 0xc0, 0xff,
    0xb8, 0xc4, 0xc0, 0xff, 0xc0, 0xc4, 0xc0, 0xff, 0xb8, 0xc4, 0xc0, 0xff,
    0xc0, 0xc8, 0xc8, 0xff, 0xc0, 0xc8, 0xc8, 0xff, 0xc0, 0xc8, 0xc8, 0xff,
    0xc0, 0xcc, 0xc8, 0xff, 0xc0, 0xcc, 0xc8, 0xff, 0xc8, 0xcc, 0xd0, 0xff,
    0xc8, 0xd0, 0xd0, 0xff, 0xc8, 0xd0, 0xd0, 0xff, 0xc8, 0xd4, 0xd0, 0xff,
    0xc8, 0xd4, 0xd8, 0xff, 0xc8, 0xd0, 0xd0, 0xff, 0xc8, 0xd0, 0xd0, 0xff,
    0xc0, 0xd0, 0xd0, 0xff, 0xc8, 0xcc, 0xd0, 0xff, 0xc8, 0xd0, 0xc8, 0xff,
    0xc8, 0xd0, 0xd0, 0xff, 0xc8, 0xd4, 0xd8, 0xff, 0xd0, 0xd8, 0xd8, 0xff,
    0xd0, 0xd8, 0xd8, 0xff, 0xd0, 0xd8, 0xd8, 0xff, 0xc8, 0xd8, 0xd8, 0xff,
    0xd0, 0xd8, 0xe0, 0xff, 0xd0, 0xd8, 0xd8, 0xff, 0xc8, 0xd8, 0xd8, 0xff,
    0xd0, 0xd8, 0xd8, 0xff, 0xd0, 0xd8, 0xd8, 0xff, 0xd0, 0xd8, 0xd8, 0xff,
    0xc8, 0xd4, 0xd8, 0xff, 0xd0, 0xd4, 0xd8, 0xff, 0xd0, 0xd8, 0xd8, 0xff,
    0xd0, 0xd8, 0xd8, 0xff, 0xd0, 0xd8, 0xd8, 0xff, 0x90, 0x90, 0xa8, 0xff,
    0x48, 0x48, 0x70, 0xff, 0x18, 0x2c, 0x40, 0xff, 0x20, 0x30, 0x58, 0xff,
    0x18, 0x28, 0x50, 0xff, 0x18, 0x24, 0x48, 0xff, 0x18, 0x24, 0x48, 0x41,
    0x38, 0x40, 0xd8, 0xff, 0x38, 0x40, 0xd8, 0xff, 0x30, 0x38, 0xd0, 0xff,
    0x30, 0x40, 0xd8, 0xff, 0x38, 0x44, 0xe0, 0xff, 0x38, 0x44, 0xe0, 0xff,
    0x38, 0x44, 0xe0, 0xff, 0x38, 0x44, 0xd8, 0xff, 0x38, 0x44, 0xe0, 0xff,
    0x38, 0x44, 0xd8, 0xff, 0x38, 0x44, 0xe0, 0xff, 0x38, 0x48, 0xe0, 0xff,
    0x40, 0x48, 0xe0, 0xff, 0x38, 0x48, 0xe0, 0xff, 0x40, 0x48, 0xe0, 0xff,
    0x40, 0x48, 0xe0, 0xff, 0x40, 0x50, 0xe8, 0xff, 0x40, 0x50, 0xe8, 0xff,
    0x38, 0x48, 0xe0, 0xff, 0x38, 0x44, 0xe0, 0xff, 0x40, 0x48, 0xe0, 0xff,
    0x40, 0x4c, 0xe8, 0xff, 0x40, 0x48, 0xe8, 0xff, 0x40, 0x4c, 0xe8, 0xff,
    0x40, 0x4c, 0xe8, 0xff, 0x40, 0x4c, 0xe8, 0xff, 0x40, 0x4c, 0xe8, 0xff,
    0x40, 0x4c, 0xe8, 0xff, 0x40, 0x4c, 0xe8, 0xff, 0x40, 0x50, 0xe8, 0xff,
    0x40, 0x50, 0xf0, 0xff, 0x40, 0x50, 0xe8, 0xff, 0x48, 0x50, 0xf0, 0xff,
    0x40, 0x50, 0xe8, 0xff, 0x40, 0x4c, 0xe8, 0xff, 0x40, 0x50, 0xf0, 0xff,
    0x48, 0x54, 0xf0, 0xff, 0x48, 0x54, 0xf0, 0xff, 0x50, 0x58, 0xf0, 0xff,
    0x48, 0x58, 0xf0, 0xff, 0x48, 0x58, 0xf0, 0xff, 0x48, 0x58, 0xf0, 0xff,
    0x48, 0x58, 0xf0, 0xff, 0x48, 0x58, 0xf8, 0xff, 0x48, 0x54, 0xf0, 0xff,
    0x48, 0x54, 0xf0, 0xff, 0x40, 0x54, 0xf0, 0xff, 0x48, 0x58, 0xf8, 0xff,
    0x48, 0x5c, 0xf8, 0xff, 0x48, 0x58, 0xf0, 0xff, 0x48, 0x5c, 0xf8, 0xff,
    0x48, 0x58, 0xf8, 0xff, 0x48, 0x58, 0xf0, 0xff, 0x48, 0x58, 0xf0, 0xff,
    0x50, 0x5c, 0xf8, 0xff, 0x50, 0x60, 0xf8, 0xff, 0x50, 0x60, 0xf8, 0xff,
    0x48, 0x5c, 0xf8, 0xff, 0x48, 0x60, 0xf8, 0xff, 0x48, 0x58, 0xf0, 0xff,
    0x40, 0x50, 0xf0, 0xff, 0x40, 0x4c, 0xe8, 0xff, 0x38, 0x40, 0xd8, 0xff,
    0x28, 0x30, 0xb0, 0xff, 0x18, 0x2c, 0x60, 0xff, 0x20, 0x2c, 0x68, 0xff,
    0x18, 0x2c, 0x68, 0xff, 0x18, 0x2c, 0x68, 0xff, 0x28, 0x34, 0x70, 0xff,
    0x38, 0x44, 0x80, 0xff, 0x48, 0x54, 0x90, 0xff, 0x30, 0x3c, 0x78, 0xff,
    0x40, 0x54, 0x90, 0xff, 0x30, 0x40, 0x78, 0xff, 0x78, 0x78, 0xb0, 0xff,
    0x58, 0x54, 0x78, 0xff, 0xa8, 0xb0, 0xa8, 0xff, 0xb0, 0xb4, 0xa8, 0xff,
    0xa8, 0xb4, 0xa8, 0xff, 0xa8, 0xb4, 0xa8, 0xff, 0xa8, 0xb4, 0xa8, 0xff,
    0xa8, 0xb4, 0xa8, 0xff, 0xa8, 0xac, 0xa0, 0xff, 0xa8, 0xac, 0x98, 0xff,
    0xa8, 0xac, 0x98, 0xff, 0xa8, 0xa8, 0x98, 0xff, 0xa8, 0xb4, 0xa8, 0xff,
    0xb8, 0xbc, 0xb8, 0xff, 0xb8, 0xc0, 0xc0, 0xff, 0xc0, 0xc4, 0xc0, 0xff,
    0xc0, 0xc8, 0xc8, 0xff, 0xc0, 0xc8, 0xc8, 0xff, 0xc0, 0xc8, 0xc8, 0xff,
    0xc0, 0xc8, 0xc8, 0xff, 0xc0, 0xc8, 0xc8, 0xff, 0xc0, 0xcc, 0xc8, 0xff,
    0xc0, 0xcc, 0xd0, 0xff, 0xc0, 0xcc, 0xd0, 0xff, 0xc0, 0xcc, 0xc8, 0xff,
    0xc0, 0xc8, 0xc8, 0xff, 0xb8, 0xc4, 0xc0, 0xff, 0xb8, 0xc4, 0xc0, 0xff,
    0xb8, 0xc0, 0xc0, 0xff, 0xb8, 0xc0, 0xc0, 0xff, 0xb8, 0xc0, 0xc0, 0xff,
    0xb8, 0xc4, 0xc0, 0xff, 0xb8, 0xc4, 0xc0, 0xff, 0xc0, 0xc8, 0xc8, 0xff,
    0xc0, 0xc8, 0xc8, 0xff, 0xc0, 0xc8, 0xc8, 0xff, 0xc0, 0xc8, 0xc8, 0xff,
    0xc0, 0xcc, 0xc0, 0xff, 0xc0, 0xcc, 0xd0, 0xff, 0xc0, 0xcc, 0xc8, 0xff,
    0xc0, 0xc8, 0xc8, 0xff, 0xc0, 0xcc, 0xc8, 0xff, 0x78, 0x80, 0x90, 0xff,
    0x18, 0x2c, 0x50, 0xff, 0x18, 0x28, 0x50, 0xff, 0x18, 0x28, 0x58, 0xff,
    0x18, 0x28, 0x58, 0xff, 0x20, 0x2c, 0x60, 0xff, 0x18, 0x2c, 0x50, 0xff,
    0x30, 0x3c, 0x68, 0xff, 0x90, 0x94, 0xb0, 0xff, 0xc8, 0xd0, 0xd0, 0xff,
    0xc8, 0xd0, 0xd0, 0xff, 0xc8, 0xd0, 0xd0, 0xff, 0xc0, 0xcc, 0xc8, 0xff,
    0xc0, 0xc8, 0xc0, 0xff, 0xc0, 0xc8, 0xc0, 0xff, 0xc0, 0xc8, 0xc8, 0xff,
    0xc0, 0xc8, 0xc0, 0xff, 0xc0, 0xc8, 0xc0, 0xff, 0xc0, 0xc8, 0xc0, 0xff,
    0xc0, 0xc8, 0xc8, 0xff, 0xc0, 0xcc, 0xc0, 0xff, 0xc0, 0xcc, 0xc8, 0xff,
    0xc0, 0xcc, 0xc8, 0xff, 0xc0, 0xd0, 0xd0, 0xff, 0xc8, 0xd0, 0xd0, 0xff,
    0xc8, 0xd0, 0xd0, 0xff, 0xc0, 0xd0, 0xc8, 0xff, 0xc8, 0xcc, 0xc8, 0xff,
    0xc0, 0xcc, 0xc8, 0xff, 0xc0, 0xc8, 0xc8, 0xff, 0xc0, 0xc8, 0xc8, 0xff,
    0xc0, 0xcc, 0xc8, 0xff, 0xc8, 0xcc, 0xc8, 0xff, 0xc8, 0xcc, 0xc8, 0xff,
    0xc8, 0xd4, 0xd0, 0xff, 0xd0, 0xd8, 0xd8, 0xff, 0xd0, 0xdc, 0xd8, 0xff,
    0xd0, 0xd8, 0xd8, 0xff, 0xd0, 0xdc, 0xd8, 0xff, 0xd0, 0xd8, 0xd8, 0xff,
    0xd0, 0xd8, 0xd8, 0xff, 0xc8, 0xd8, 0xd8, 0xff, 0xc8, 0xd8, 0xd8, 0xff,
    0xd0, 0xd8, 0xd8, 0xff, 0xd0, 0xd8, 0xd8, 0xff, 0xd0, 0xd8, 0xd8, 0xff,
    0xc8, 0xd8, 0xd8, 0xff, 0xc8, 0xd8, 0xd8, 0xff, 0xd0, 0xdc, 0xd8, 0xff,
    0x90, 0x90, 0xa8, 0xff, 0x48, 0x44, 0x70, 0xff, 0x20, 0x2c, 0x40, 0xff,
    0x20, 0x2c, 0x58, 0xff, 0x18, 0x28, 0x50, 0xff, 0x18, 0x24, 0x48, 0xff,
    0x18, 0x24, 0x48, 0x41, 0x38, 0x40, 0xe0, 0xff, 0x38, 0x44, 0xe0, 0xff,
    0x38, 0x40, 0xd8, 0xff, 0x30, 0x40, 0xd8, 0xff, 0x38, 0x40, 0xd8, 0xff,
    0x38, 0x44, 0xe0, 0xff, 0x38, 0x44, 0xe0, 0xff, 0x38, 0x44, 0xe0, 0xff,
    0x38, 0x44, 0xe0, 0xff, 0x38, 0x40, 0xd8, 0xff, 0x38, 0x44, 0xe0, 0xff,
    0x38, 0x44, 0xe0, 0xff, 0x40, 0x48, 0xe0, 0xff, 0x38, 0x48, 0xe0, 0xff,
    0x38, 0x48, 0xe0, 0xff, 0x38, 0x44, 0xe0, 0xff, 0x40, 0x4c, 0xe0, 0xff,
    0x40, 0x4c, 0xe8, 0xff, 0x38, 0x48, 0xe0, 0xff, 0x38, 0x44, 0xe0, 0xff,
    0x38, 0x48, 0xe0, 0xff, 0x40, 0x4c, 0xe8, 0xff, 0x40, 0x4c, 0xe8, 0xff,
    0x40, 0x4c, 0xe8, 0xff, 0x40, 0x4c, 0xe0, 0xff, 0x40, 0x4c, 0xe8, 0xff,
    0x40, 0x4c, 0xe8, 0xff, 0x40, 0x4c, 0xe8, 0xff, 0x40, 0x50, 0xe8, 0xff,
    0x40, 0x50, 0xe8, 0xff, 0x40, 0x50, 0xe8, 0xff, 0x48, 0x50, 0xf0, 0xff,
    0x40, 0x50, 0xf0, 0xff, 0x40, 0x50, 0xe8, 0xff, 0x40, 0x50, 0xf0, 0xff,
    0x48, 0x54, 0xf0, 0xff, 0x48, 0x54, 0xf0, 0xff, 0x48, 0x54, 0xf0, 0xff,
    0x48, 0x54, 0xf0, 0xff, 0x40, 0x54, 0xf0, 0xff, 0x48, 0x58, 0xf0, 0xff,
    0x48, 0x58, 0xf0, 0xff, 0x48, 0x58, 0xf0, 0xff, 0x48, 0x58, 0xf8, 0xff,
    0x48, 0x58, 0xf0, 0xff, 0x48, 0x58, 0xf0, 0xff, 0x48, 0x58, 0xf0, 0xff,
    0x48, 0x58, 0xf0, 0xff, 0x48, 0x58, 0xf8, 0xff, 0x48, 0x5c, 0xf8, 0xff,
    0x48, 0x5c, 0xf8, 0xff, 0x48, 0x58, 0xf0, 0xff, 0x48, 0x5c, 0xf8, 0xff,
    0x48, 0x58, 0xf0, 0xff, 0x48, 0x5c, 0xf0, 0xff, 0x50, 0x60, 0xf8, 0xff,
    0x48, 0x5c, 0xf0, 0xff, 0x48, 0x5c, 0xf0, 0xff, 0x50, 0x60, 0xf8, 0xff,
    0x48, 0x5c, 0xf0, 0xff, 0x48, 0x50, 0xf0, 0xff, 0x40, 0x4c, 0xe8, 0xff,
    0x38, 0x40, 0xe0, 0xff, 0x28, 0x30, 0xb0, 0xff, 0x20, 0x2c, 0x60, 0xff,
    0x18, 0x2c, 0x68, 0xff, 0x20, 0x30, 0x68, 0xff, 0x20, 0x2c, 0x68, 0xff,
    0x28, 0x34, 0x70, 0xff, 0x30, 0x44, 0x78, 0xff, 0x48, 0x54, 0x90, 0xff,
    0x30, 0x3c, 0x78, 0xff, 0x48, 0x54, 0x98, 0xff, 0x38, 0x40, 0x78, 0xff,
    0x78, 0x78, 0xb0, 0xff, 0x50, 0x54, 0x78, 0xff, 0xa8, 0xb0, 0xb0, 0xff,
    0xb0, 0xb8, 0xb0, 0xff, 0xb0, 0xb8, 0xb0, 0xff, 0xb0, 0xb8, 0xa8, 0xff,
    0xa8, 0xb4, 0xa8, 0xff, 0xb0, 0xb4, 0xa8, 0xff, 0xa8, 0xac, 0xa0, 0xff,
    0xa8, 0xac, 0x98, 0xff, 0xa8, 0xac, 0x98, 0xff, 0xa8, 0xac, 0xa0, 0xff,
    0xb0, 0xb8, 0xb0, 0xff, 0xb8, 0xbc, 0xb8, 0xff, 0xb0, 0xbc, 0xb8, 0xff,
    0xb8, 0xc4, 0xc0, 0xff, 0xb8, 0xc4, 0xc0, 0xff, 0xb8, 0xc4, 0xc0, 0xff,
    0xc0, 0xc4, 0xc0, 0xff, 0xb8, 0xc4, 0xc0, 0xff, 0xb8, 0xc8, 0xc8, 0xff,
    0xc0, 0xc8, 0xc8, 0xff, 0xc0, 0xcc, 0xc8, 0xff, 0xc0, 0xcc, 0xc8, 0xff,
    0xc0, 0xcc, 0xc8, 0xff, 0xc0, 0xc8, 0xc8, 0xff, 0xb8, 0xc4, 0xc0, 0xff,
    0xb8, 0xc0, 0xc0, 0xff, 0xb8, 0xc0, 0xc0, 0xff, 0xb8, 0xc0, 0xb8, 0xff,
    0xb8, 0xc4, 0xc0, 0xff, 0xb8, 0xc4, 0xc0, 0xff, 0xc0, 0xc4, 0xc0, 0xff,
    0xc0, 0xc8, 0xc8, 0xff, 0xc0, 0xc8, 0xc8, 0xff, 0xc0, 0xc8, 0xc0, 0xff,
    0xc0, 0xc8, 0xc8, 0xff, 0xc0, 0xcc, 0xc8, 0xff, 0xc0, 0xcc, 0xc8, 0xff,
    0xc0, 0xc8, 0xc8, 0xff, 0xc0, 0xc8, 0xc8, 0xff, 0xc0, 0xcc, 0xc8, 0xff,
    0x80, 0x80, 0x98, 0xff, 0x20, 0x2c, 0x50, 0xff, 0x18, 0x28, 0x50, 0xff,
    0x18, 0x28, 0x58, 0xff, 0x18, 0x28, 0x58, 0xff, 0x20, 0x2c, 0x60, 0xff,
    0x18, 0x2c, 0x50, 0xff, 0x30, 0x3c, 0x68, 0xff, 0x90, 0x94, 0xb0, 0xff,
    0xc8, 0xd4, 0xd0, 0xff, 0xc8, 0xd0, 0xd0, 0xff, 0xc8, 0xd0, 0xd0, 0xff,
    0xc0, 0xd0, 0xd0, 0xff, 0xc0, 0xc8, 0xc8, 0xff, 0xc0, 0xc8, 0xc8, 0xff,
    0xc0, 0xc8, 0xc8, 0xff, 0xc0, 0xc8, 0xc8, 0xff, 0xc0, 0xc8, 0xc8, 0xff,
    0xc0, 0xc4, 0xc0, 0xff, 0xc0, 0xc8, 0xc0, 0xff, 0xc0, 0xc8, 0xc8, 0xff,
    0xc0, 0xc8, 0xc8, 0xff, 0xc0, 0xc8, 0xc8, 0xff, 0xc0, 0xcc, 0xc8, 0xff,
    0xc0, 0xcc, 0xd0, 0xff, 0xc8, 0xd0, 0xd0, 0xff, 0xc0, 0xcc, 0xc8, 0xff,
    0xc0, 0xcc, 0xc8, 0xff, 0xc0, 0xcc, 0xc8, 0xff, 0xc8, 0xcc, 0xc8, 0xff,
    0xc8, 0xcc, 0xd0, 0xff, 0xc8, 0xd0, 0xc8, 0xff, 0xc0, 0xd0, 0xc8, 0xff,
    0xc8, 0xcc, 0xc8, 0xff, 0xc8, 0xd4, 0xd0, 0xff, 0xc8, 0xd8, 0xd8, 0xff,
    0xd0, 0xdc, 0xe0, 0xff, 0xd0, 0xdc, 0xe0, 0xff, 0xd0, 0xdc, 0xe0, 0xff,
    0xd0, 0xdc, 0xe0, 0xff, 0xd0, 0xdc, 0xe0, 0xff, 0xc8, 0xd8, 0xd8, 0xff,
    0xd0, 0xd8, 0xd8, 0xff, 0xd0, 0xd8, 0xd8, 0xff, 0xd0, 0xd8, 0xd8, 0xff,
    0xd0, 0xd8, 0xd8, 0xff, 0xd0, 0xd8, 0xd8, 0xff, 0xc8, 0xd8, 0xd8, 0xff,
    0xd0, 0xdc, 0xe0, 0xff, 0x90, 0x90, 0xa8, 0xff, 0x48, 0x44, 0x70, 0xff,
    0x18, 0x28, 0x38, 0xff, 0x20, 0x2c, 0x58, 0xff, 0x10, 0x28, 0x48, 0xff,
    0x18, 0x28, 0x48, 0xff, 0x18, 0x28, 0x48, 0x41, 0x38, 0x40, 0xd8, 0xff,
    0x30, 0x44, 0xe0, 0xff, 0x38, 0x44, 0xe0, 0xff, 0x38, 0x44, 0xe0, 0xff,
    0x38, 0x40, 0xd8, 0xff, 0x38, 0x44, 0xe0, 0xff, 0x38, 0x44, 0xe0, 0xff,
    0x38, 0x44, 0xd8, 0xff, 0x38, 0x44, 0xe0, 0xff, 0x38, 0x44, 0xe0, 0xff,
    0x38, 0x44, 0xe0, 0xff, 0x38, 0x44, 0xe0, 0xff, 0x38, 0x44, 0xe0, 0xff,
    0x38, 0x44, 0xe0, 0xff, 0x38, 0x44, 0xe0, 0xff, 0x38, 0x44, 0xe0, 0xff,
    0x38, 0x48, 0xe0, 0xff, 0x40, 0x4c, 0xe0, 0xff, 0x40, 0x48, 0xe0, 0xff,
    0x38, 0x44, 0xe0, 0xff, 0x38, 0x44, 0xe0, 0xff, 0x40, 0x4c, 0xe8, 0xff,
    0x38, 0x48, 0xe8, 0xff, 0x40, 0x48, 0xe0, 0xff, 0x40, 0x4c, 0xe0, 0xff,
    0x40, 0x4c, 0xe0, 0xff, 0x40, 0x4c, 0xe8, 0xff, 0x40, 0x4c, 0xe8, 0xff,
    0x40, 0x4c, 0xe8, 0xff, 0x48, 0x50, 0xe8, 0xff, 0x48, 0x50, 0xf0, 0xff,
    0x40, 0x50, 0xf0, 0xff, 0x48, 0x50, 0xf0, 0xff, 0x40, 0x50, 0xe8, 0xff,
    0x40, 0x4c, 0xe8, 0xff, 0x40, 0x50, 0xf0, 0xff, 0x48, 0x54, 0xf0, 0xff,
    0x48, 0x54, 0xf0, 0xff, 0x40, 0x50, 0xf0, 0xff, 0x48, 0x54, 0xf0, 0xff,
    0x48, 0x54, 0xf0, 0xff, 0x48, 0x54, 0xf0, 0xff, 0x48, 0x58, 0xf0, 0xff,
    0x48, 0x54, 0xf0, 0xff, 0x48, 0x54, 0xf0, 0xff, 0x48, 0x58, 0xf8, 0xff,
    0x48, 0x58, 0xf0, 0xff, 0x48, 0x58, 0xf8, 0xff, 0x50, 0x5c, 0xf8, 0xff,
    0x48, 0x5c, 0xf8, 0xff, 0x50, 0x5c, 0xf8, 0xff, 0x48, 0x58, 0xf8, 0xff,
    0x48, 0x5c, 0xf8, 0xff, 0x48, 0x58, 0xf0, 0xff, 0x48, 0x58, 0xf0, 0xff,
    0x48, 0x5c, 0xf8, 0xff, 0x48, 0x5c, 0xf8, 0xff, 0x50, 0x5c, 0xf8, 0xff,
    0x50, 0x60, 0xf8, 0xff, 0x48, 0x5c, 0xf0, 0xff, 0x48, 0x54, 0xf0, 0xff,
    0x40, 0x4c, 0xe8, 0xff, 0x38, 0x40, 0xe0, 0xff, 0x28, 0x30, 0xa8, 0xff,
    0x18, 0x2c, 0x60, 0xff, 0x20, 0x30, 0x70, 0xff, 0x20, 0x2c, 0x70, 0xff,
    0x20, 0x2c, 0x68, 0xff, 0x28, 0x38, 0x70, 0xff, 0x30, 0x44, 0x80, 0xff,
    0x48, 0x54, 0x90, 0xff, 0x30, 0x40, 0x78, 0xff, 0x48, 0x54, 0x90, 0xff,
    0x38, 0x44, 0x78, 0xff, 0x78, 0x7c, 0xb8, 0xff, 0x50, 0x54, 0x70, 0xff,
    0xb0, 0xb4, 0xb0, 0xff, 0xb8, 0xbc, 0xb8, 0xff, 0xb0, 0xbc, 0xb0, 0xff,
    0xb0, 0xb8, 0xb0, 0xff, 0xb0, 0xb4, 0xa8, 0xff, 0xa8, 0xb0, 0xa0, 0xff,
    0xa8, 0xac, 0xa0, 0xff, 0xa8, 0xac, 0xa0, 0xff, 0xa8, 0xac, 0xa0, 0xff,
    0xb0, 0xb0, 0xa8, 0xff, 0xb0, 0xb8, 0xb0, 0xff, 0xb0, 0xb8, 0xb0, 0xff,
    0xb8, 0xbc, 0xb8, 0xff, 0xb8, 0xc0, 0xb8, 0xff, 0xb8, 0xc0, 0xb8, 0xff,
    0xb8, 0xc0, 0xc0, 0xff, 0xb8, 0xc0, 0xc0, 0xff, 0xb8, 0xc0, 0xc0, 0xff,
    0xc0, 0xc4, 0xc0, 0xff, 0xc0, 0xc8, 0xc8, 0xff, 0xc0, 0xcc, 0xc8, 0xff,
    0xc0, 0xcc, 0xc8, 0xff, 0xc0, 0xc8, 0xc8, 0xff, 0xc0, 0xc8, 0xc8, 0xff,
    0xb8, 0xc0, 0xc0, 0xff, 0xb8, 0xc4, 0xc0, 0xff, 0xc0, 0xc4, 0xc0, 0xff,
    0xb8, 0xc4, 0xc0, 0xff, 0xb8, 0xc0, 0xc0, 0xff, 0xb8, 0xc0, 0xc0, 0xff,
    0xb8, 0xc4, 0xc0, 0xff, 0xc0, 0xc8, 0xc8, 0xff, 0xc0, 0xc8, 0xc0, 0xff,
    0xc0, 0xc8, 0xc0, 0xff, 0xb8, 0xc8, 0xc8, 0xff, 0xc0, 0xc8, 0xc8, 0xff,
    0xc0, 0xc8, 0xc8, 0xff, 0xc0, 0xc8, 0xc8, 0xff, 0xc0, 0xc8, 0xc8, 0xff,
    0xc0, 0xcc, 0xc8, 0xff, 0x78, 0x84, 0x98, 0xff, 0x20, 0x2c, 0x50, 0xff,
    0x18, 0x24, 0x50, 0xff, 0x18, 0x28, 0x58, 0xff, 0x18, 0x28, 0x60, 0xff,
    0x20, 0x28, 0x60, 0xff, 0x18, 0x28, 0x50, 0xff, 0x30, 0x3c, 0x68, 0xff,
    0x90, 0x98, 0xb0, 0xff, 0xc8, 0xd4, 0xd0, 0xff, 0xc8, 0xd0, 0xd0, 0xff,
    0xc8, 0xd4, 0xd0, 0xff, 0xc0, 0xd0, 0xc8, 0xff, 0xc0, 0xc8, 0xc8, 0xff,
    0xc0, 0xc8, 0xc8, 0xff, 0xc0, 0xc8, 0xc0, 0xff, 0xc0, 0xc8, 0xc8, 0xff,
    0xc0, 0xc8, 0xc8, 0xff, 0xb8, 0xc8, 0xc0, 0xff, 0xc0, 0xc8, 0xc8, 0xff,
    0xc0, 0xc8, 0xc0, 0xff, 0xc0, 0xc8, 0xc8, 0xff, 0xc0, 0xc8, 0xc8, 0xff,
    0xc0, 0xcc, 0xc8, 0xff, 0xc0, 0xcc, 0xc8, 0xff, 0xc8, 0xcc, 0xc8, 0xff,
    0xc0, 0xcc, 0xc8, 0xff, 0xc0, 0xcc, 0xc8, 0xff, 0xc8, 0xcc, 0xc8, 0xff,
    0xc0, 0xcc, 0xc8, 0xff, 0xc0, 0xcc, 0xd0, 0xff, 0xc8, 0xcc, 0xd0, 0xff,
    0xc8, 0xd0, 0xd0, 0xff, 0xc8, 0xcc, 0xc8, 0xff, 0xc8, 0xd0, 0xd0, 0xff,
    0xc8, 0xd0, 0xd0, 0xff, 0xc8, 0xd0, 0xd0, 0xff, 0xc8, 0xd0, 0xd0, 0xff,
    0xc8, 0xd0, 0xd0, 0xff, 0xc8, 0xd8, 0xd8, 0xff, 0xd0, 0xdc, 0xe0, 0xff,
    0xd0, 0xdc, 0xe0, 0xff, 0xd0, 0xdc, 0xd8, 0xff, 0xd0, 0xd8, 0xd8, 0xff,
    0xc8, 0xd8, 0xd8, 0xff, 0xd0, 0xd8, 0xd8, 0xff, 0xd0, 0xd8, 0xd8, 0xff,
    0xd0, 0xd8, 0xd8, 0xff, 0xd0, 0xdc, 0xe0, 0xff, 0x90, 0x90, 0xb0, 0xff,
    0x48, 0x48, 0x68, 0xff, 0x18, 0x28, 0x38, 0xff, 0x20, 0x2c, 0x50, 0xff,
    0x10, 0x24, 0x50, 0xff, 0x18, 0x28, 0x48, 0xff, 0x18, 0x24, 0x48, 0x41,
    0x38, 0x40, 0xd8, 0xff, 0x38, 0x40, 0xd8, 0xff, 0x38, 0x44, 0xe0, 0xff,
    0x38, 0x44, 0xe0, 0xff, 0x30, 0x40, 0xd8, 0xff, 0x38, 0x40, 0xd8, 0xff,
    0x38, 0x44, 0xe0, 0xff, 0x38, 0x44, 0xd8, 0xff, 0x38, 0x44, 0xd8, 0xff,
    0x38, 0x48, 0xe0, 0xff, 0x38, 0x48, 0xe0, 0xff, 0x38, 0x44, 0xd8, 0xff,
    0x38, 0x44, 0xe0, 0xff, 0x38, 0x48, 0xe0, 0xff, 0x38, 0x44, 0xe0, 0xff,
    0x40, 0x48, 0xe0, 0xff, 0x38, 0x48, 0xe0, 0xff, 0x40, 0x48, 0xe0, 0xff,
    0x40, 0x50, 0xe8, 0xff, 0x40, 0x48, 0xe0, 0xff, 0x30, 0x40, 0xd8, 0xff,
    0x38, 0x44, 0xe0, 0xff, 0x40, 0x48, 0xe8, 0xff, 0x38, 0x48, 0xe8, 0xff,
    0x38, 0x48, 0xe0, 0xff, 0x40, 0x4c, 0xe0, 0xff, 0x40, 0x4c, 0xe0, 0xff,
    0x40, 0x4c, 0xe8, 0xff, 0x40, 0x50, 0xe8, 0xff, 0x40, 0x4c, 0xe8, 0xff,
    0x40, 0x4c, 0xe8, 0xff, 0x48, 0x50, 0xf0, 0xff, 0x40, 0x50, 0xf0, 0xff,
    0x40, 0x50, 0xe8, 0xff, 0x40, 0x4c, 0xe8, 0xff, 0x40, 0x4c, 0xe8, 0xff,
    0x40, 0x4c, 0xe8, 0xff, 0x48, 0x54, 0xf0, 0xff, 0x40, 0x50, 0xf0, 0xff,
    0x40, 0x50, 0xe8, 0xff, 0x48, 0x54, 0xf0, 0xff, 0x48, 0x54, 0xf0, 0xff,
    0x48, 0x54, 0xf0, 0xff, 0x48, 0x54, 0xf0, 0xff, 0x48, 0x58, 0xf0, 0xff,
    0x48, 0x58, 0xf0, 0xff, 0x48, 0x58, 0xf0, 0xff, 0x48, 0x58, 0xf8, 0xff,
    0x48, 0x5c, 0xf8, 0xff, 0x48, 0x5c, 0xf0, 0xff, 0x50, 0x5c, 0xf0, 0xff,
    0x48, 0x58, 0xf8, 0xff, 0x50, 0x5c, 0xf8, 0xff, 0x48, 0x58, 0xf0, 0xff,
    0x48, 0x58, 0xf0, 0xff, 0x48, 0x58, 0xf0, 0xff, 0x50, 0x5c, 0xf8, 0xff,
    0x50, 0x5c, 0xf8, 0xff, 0x50, 0x60, 0xf8, 0xff, 0x48, 0x5c, 0xf0, 0xff,
    0x48, 0x54, 0xf0, 0xff, 0x40, 0x4c, 0xf0, 0xff, 0x38, 0x44, 0xe0, 0xff,
    0x28, 0x34, 0xa8, 0xff, 0x18, 0x2c, 0x60, 0xff, 0x20, 0x2c, 0x70, 0xff,
    0x20, 0x30, 0x70, 0xff, 0x18, 0x2c, 0x70, 0xff, 0x28, 0x38, 0x70, 0xff,
    0x38, 0x44, 0x80, 0xff, 0x48, 0x54, 0x90, 0xff, 0x30, 0x3c, 0x78, 0xff,
    0x48, 0x54, 0x90, 0xff, 0x38, 0x44, 0x80, 0xff, 0x78, 0x7c, 0xb8, 0xff,
    0x50, 0x54, 0x70, 0xff, 0xb0, 0xbc, 0xb8, 0xff, 0xb8, 0xc0, 0xb8, 0xff,
    0xb8, 0xc0, 0xb8, 0xff, 0xb0, 0xbc, 0xb0, 0xff, 0xb0, 0xb8, 0xb0, 0xff,
    0xa8, 0xb0, 0xa8, 0xff, 0xa8, 0xb0, 0xa0, 0xff, 0xa8, 0xb0, 0xa0, 0xff,
    0xa8, 0xb0, 0xa0, 0xff, 0xb0, 0xb4, 0xa8, 0xff, 0xb0, 0xb8, 0xb0, 0xff,
    0xb0, 0xb8, 0xb0, 0xff, 0xb8, 0xb8, 0xb8, 0xff, 0xb0, 0xbc, 0xb0, 0xff,
    0xb8, 0xbc, 0xb8, 0xff, 0xb0, 0xc0, 0xb8, 0xff, 0xb8, 0xc0, 0xb8, 0xff,
    0xb8, 0xc4, 0xb8, 0xff, 0xb8, 0xc4, 0xc0, 0xff, 0xb8, 0xc8, 0xc0, 0xff,
    0xc0, 0xc8, 0xc8, 0xff, 0xc0, 0xc8, 0xc8, 0xff, 0xc0, 0xcc, 0xd0, 0xff,
    0xc0, 0xc8, 0xc8, 0xff, 0xb8, 0xc0, 0xc0, 0xff, 0xc0, 0xc4, 0xc0, 0xff,
    0xc0, 0xc4, 0xc0, 0xff, 0xb8, 0xc4, 0xc0, 0xff, 0xb8, 0xc0, 0xc0, 0xff,
    0xb8, 0xc0, 0xc0, 0xff, 0xb8, 0xc4, 0xc0, 0xff, 0xc0, 0xc8, 0xc0, 0xff,
    0xc0, 0xc8, 0xc8, 0xff, 0xc0, 0xc8, 0xc8, 0xff, 0xc0, 0xc8, 0xc8, 0xff,
    0xc0, 0xcc, 0xc8, 0xff, 0xc0, 0xcc, 0xc8, 0xff, 0xc0, 0xc8, 0xc8, 0xff,
    0xc0, 0xc8, 0xc8, 0xff, 0xc0, 0xcc, 0xc8, 0xff, 0x78, 0x80, 0x98, 0xff,
    0x20, 0x2c, 0x50, 0xff, 0x18, 0x24, 0x50, 0xff, 0x18, 0x2c, 0x60, 0xff,
    0x18, 0x28, 0x58, 0xff, 0x20, 0x2c, 0x60, 0xff, 0x18, 0x28, 0x50, 0xff,
    0x30, 0x3c, 0x68, 0xff, 0x90, 0x94, 0xa8, 0xff, 0xc8, 0xd4, 0xd8, 0xff,
    0xc8, 0xd0, 0xd8, 0xff, 0xc8, 0xd0, 0xd0, 0xff, 0xc8, 0xd0, 0xd0, 0xff,
    0xc0, 0xcc, 0xc8, 0xff, 0xc0, 0xc8, 0xc8, 0xff, 0xc0, 0xc8, 0xc0, 0xff,
    0xc0, 0xc8, 0xc8, 0xff, 0xc0, 0xc8, 0xc0, 0xff, 0xc0, 0xc8, 0xc8, 0xff,
    0xc0, 0xc8, 0xc8, 0xff, 0xc0, 0xc8, 0xc8, 0xff, 0xc0, 0xc8, 0xc8, 0xff,
    0xc0, 0xc8, 0xc8, 0xff, 0xc0, 0xcc, 0xc8, 0xff, 0xc0, 0xcc, 0xc8, 0xff,
    0xc8, 0xcc, 0xc8, 0xff, 0xc0, 0xcc, 0xc8, 0xff, 0xc0, 0xcc, 0xc8, 0xff,
    0xc8, 0xcc, 0xd0, 0xff, 0xc8, 0xcc, 0xc8, 0xff, 0xc0, 0xcc, 0xc8, 0xff,
    0xc8, 0xcc, 0xd0, 0xff, 0xc8, 0xd0, 0xc8, 0xff, 0xc0, 0xcc, 0xc8, 0xff,
    0xc0, 0xcc, 0xc8, 0xff, 0xc0, 0xcc, 0xc8, 0xff, 0xc0, 0xcc, 0xc8, 0xff,
    0xc0, 0xcc, 0xc8, 0xff, 0xc8, 0xcc, 0xc8, 0xff, 0xc8, 0xd4, 0xd0, 0xff,
    0xd0, 0xdc, 0xd8, 0xff, 0xd0, 0xdc, 0xe0, 0xff, 0xd0, 0xdc, 0xe0, 0xff,
    0xd0, 0xdc, 0xe0, 0xff, 0xd0, 0xdc, 0xe0, 0xff, 0xd0, 0xdc, 0xe0, 0xff,
    0xc8, 0xdc, 0xe0, 0xff, 0xd0, 0xd8, 0xd8, 0xff, 0xd0, 0xd8, 0xd8, 0xff,
    0x90, 0x90, 0xb0, 0xff, 0x48, 0x48, 0x70, 0xff, 0x18, 0x28, 0x40, 0xff,
    0x20, 0x2c, 0x50, 0xff, 0x18, 0x24, 0x50, 0xff, 0x18, 0x24, 0x48, 0xff,
    0x18, 0x24, 0x48, 0x41, 0x38, 0x44, 0xe0, 0xff, 0x30, 0x40, 0xd8, 0xff,
    0x30, 0x3c, 0xd8, 0xff, 0x38, 0x44, 0xe0, 0xff, 0x30, 0x40, 0xd8, 0xff,
    0x30, 0x40, 0xd8, 0xff, 0x38, 0x40, 0xe0, 0xff, 0x38, 0x40, 0xe0, 0xff,
    0x30, 0x40, 0xd8, 0xff, 0x38, 0x44, 0xd8, 0xff, 0x38, 0x44, 0xd8, 0xff,
    0x38, 0x48, 0xd8, 0xff, 0x38, 0x44, 0xe0, 0xff, 0x40, 0x48, 0xe0, 0xff,
    0x38, 0x44, 0xe0, 0xff, 0x38, 0x44, 0xe0, 0xff, 0x40, 0x48, 0xe0, 0xff,
    0x38, 0x48, 0xe0, 0xff, 0x38, 0x48, 0xe0, 0xff, 0x40, 0x4c, 0xe8, 0xff,
    0x38, 0x44, 0xe0, 0xff, 0x38, 0x48, 0xe0, 0xff, 0x38, 0x48, 0xe0, 0xff,
    0x40, 0x48, 0xe0, 0xff, 0x40, 0x48, 0xe0, 0xff, 0x40, 0x4c, 0xe8, 0xff,
    0x40, 0x4c, 0xe8, 0xff, 0x40, 0x4c, 0xe8, 0xff, 0x40, 0x50, 0xe8, 0xff,
    0x40, 0x50, 0xe8, 0xff, 0x40, 0x4c, 0xe8, 0xff, 0x40, 0x50, 0xe8, 0xff,
    0x40, 0x50, 0xe8, 0xff, 0x48, 0x50, 0xf0, 0xff, 0x40, 0x4c, 0xf0, 0xff,
    0x40, 0x4c, 0xe8, 0xff, 0x40, 0x4c, 0xe8, 0xff, 0x40, 0x4c, 0xf0, 0xff,
    0x40, 0x4c, 0xe8, 0xff, 0x48, 0x50, 0xf0, 0xff, 0x48, 0x50, 0xe8, 0xff,
    0x48, 0x54, 0xf0, 0xff, 0x48, 0x54, 0xf0, 0xff, 0x40, 0x54, 0xf0, 0xff,
    0x40, 0x54, 0xf0, 0xff, 0x48, 0x58, 0xf0, 0xff, 0x48, 0x54, 0xf0, 0xff,
    0x48, 0x58, 0xf8, 0xff, 0x48, 0x58, 0xf8, 0xff, 0x48, 0x5c, 0xf0, 0xff,
    0x48, 0x58, 0xf8, 0xff, 0x48, 0x58, 0xf8, 0xff, 0x48, 0x58, 0xf0, 0xff,
    0x48, 0x58, 0xf0, 0xff, 0x48, 0x54, 0xf0, 0xff, 0x48, 0x58, 0xf8, 0xff,
    0x48, 0x5c, 0xf8, 0xff, 0x48, 0x5c, 0xf0, 0xff, 0x48, 0x5c, 0xf8, 0xff,
    0x48, 0x5c, 0xf0, 0xff, 0x48, 0x54, 0xf0, 0xff, 0x40, 0x4c, 0xe8, 0xff,
    0x38, 0x44, 0xe0, 0xff, 0x28, 0x34, 0xa8, 0xff, 0x18, 0x28, 0x60, 0xff,
    0x18, 0x2c, 0x68, 0xff, 0x20, 0x30, 0x70, 0xff, 0x18, 0x2c, 0x70, 0xff,
    0x28, 0x38, 0x70, 0xff, 0x38, 0x44, 0x80, 0xff, 0x48, 0x58, 0x90, 0xff,
    0x30, 0x3c, 0x78, 0xff, 0x48, 0x54, 0x98, 0xff, 0x38, 0x48, 0x80, 0xff,
    0x78, 0x7c, 0xb8, 0xff, 0x58, 0x58, 0x78, 0xff, 0xb0, 0xbc, 0xb8, 0xff,
    0xb8, 0xc0, 0xb8, 0xff, 0xb8, 0xc0, 0xb8, 0xff, 0xb0, 0xbc, 0xb8, 0xff,
    0xb0, 0xb8, 0xb0, 0xff, 0xb0, 0xb4, 0xa8, 0xff, 0xb0, 0xb0, 0xa8, 0xff,
    0xb0, 0xb4, 0xb0, 0xff, 0xb0, 0xb4, 0xb0, 0xff, 0xb0, 0xb4, 0xa8, 0xff,
    0xb0, 0xb8, 0xb0, 0xff, 0xb0, 0xb8, 0xb0, 0xff, 0xb0, 0xb8, 0xb0, 0xff,
    0xb0, 0xb8, 0xb0, 0xff, 0xb0, 0xbc, 0xb8, 0xff, 0xb0, 0xbc, 0xb8, 0xff,
    0xb8, 0xbc, 0xb8, 0xff, 0xb8, 0xc0, 0xb8, 0xff, 0xb8, 0xc0, 0xc0, 0xff,
    0xb8, 0xc4, 0xc0, 0xff, 0xb8, 0xc4, 0xc0, 0xff, 0xc0, 0xc8, 0xc8, 0xff,
    0xc0, 0xcc, 0xd0, 0xff, 0xc0, 0xcc, 0xc8, 0xff, 0xb8, 0xc4, 0xc0, 0xff,
    0xb8, 0xc4, 0xc0, 0xff, 0xc0, 0xc8, 0xc0, 0xff, 0xc0, 0xc4, 0xc0, 0xff,
    0xc0, 0xc4, 0xc0, 0xff, 0xb8, 0xc0, 0xc0, 0xff, 0xb8, 0xc4, 0xc0, 0xff,
    0xc0, 0xc8, 0xc0, 0xff, 0xc0, 0xc8, 0xc8, 0xff, 0xc0, 0xc8, 0xc8, 0xff,
    0xc0, 0xcc, 0xc8, 0xff, 0xc0, 0xcc, 0xc8, 0xff, 0xc0, 0xd0, 0xc8, 0xff,
    0xc8, 0xcc, 0xc8, 0xff, 0xc0, 0xcc, 0xc8, 0xff, 0xc0, 0xc8, 0xc8, 0xff,
    0x78, 0x80, 0x98, 0xff, 0x20, 0x2c, 0x58, 0xff, 0x18, 0x28, 0x58, 0xff,
    0x18, 0x2c, 0x58, 0xff, 0x18, 0x28, 0x58, 0xff, 0x20, 0x2c, 0x60, 0xff,
    0x18, 0x28, 0x50, 0xff, 0x30, 0x3c, 0x68, 0xff, 0x90, 0x90, 0xa8, 0xff,
    0xc8, 0xd4, 0xd0, 0xff, 0xc8, 0xd0, 0xd0, 0xff, 0xc8, 0xd0, 0xd0, 0xff,
    0xc8, 0xd0, 0xd0, 0xff, 0xc8, 0xd0, 0xd0, 0xff, 0xc0, 0xcc, 0xc8, 0xff,
    0xc0, 0xcc, 0xc8, 0xff, 0xc0, 0xc8, 0xc8, 0xff, 0xc0, 0xc8, 0xc8, 0xff,
    0xc0, 0xc8, 0xc8, 0xff, 0xc0, 0xc8, 0xc0, 0xff, 0xc0, 0xc8, 0xc8, 0xff,
    0xc0, 0xc8, 0xc8, 0xff, 0xc0, 0xc8, 0xc0, 0xff, 0xc0, 0xc8, 0xc8, 0xff,
    0xc0, 0xc8, 0xc8, 0xff, 0xc0, 0xcc, 0xc8, 0xff, 0xc0, 0xc8, 0xc8, 0xff,
    0xc0, 0xcc, 0xc8, 0xff, 0xc8, 0xcc, 0xc8, 0xff, 0xc0, 0xcc, 0xd0, 0xff,
    0xc8, 0xcc, 0xc8, 0xff, 0xc8, 0xd0, 0xd0, 0xff, 0xc8, 0xd0, 0xd0, 0xff,
    0xc8, 0xd0, 0xc8, 0xff, 0xc8, 0xd0, 0xc8, 0xff, 0xc0, 0xcc, 0xc8, 0xff,
    0xc8, 0xcc, 0xc8, 0xff, 0xc0, 0xcc, 0xc8, 0xff, 0xc0, 0xcc, 0xd0, 0xff,
    0xc8, 0xcc, 0xd0, 0xff, 0xc8, 0xd4, 0xd0, 0xff, 0xd0, 0xdc, 0xe0, 0xff,
    0xd0, 0xdc, 0xe0, 0xff, 0xd0, 0xdc, 0xe0, 0xff, 0xd0, 0xdc, 0xe0, 0xff,
    0xd0, 0xdc, 0xe0, 0xff, 0xd0, 0xdc, 0xe0, 0xff, 0xd0, 0xdc, 0xe0, 0xff,
    0xd0, 0xdc, 0xd8, 0xff, 0x90, 0x90, 0xb0, 0xff, 0x48, 0x44, 0x70, 0xff,
    0x18, 0x28, 0x40, 0xff, 0x20, 0x2c, 0x50, 0xff, 0x10, 0x24, 0x48, 0xff,
    0x18, 0x24, 0x48, 0xff, 0x18, 0x24, 0x48, 0x41, 0x30, 0x40, 0xd8, 0xff,
    0x30, 0x40, 0xd8, 0xff, 0x38, 0x40, 0xe0, 0xff, 0x38, 0x40, 0xe0, 0xff,
    0x38, 0x40, 0xd8, 0xff, 0x30, 0x40, 0xd8, 0xff, 0x30, 0x40, 0xd8, 0xff,
    0x30, 0x40, 0xd8, 0xff, 0x38, 0x40, 0xd8, 0xff, 0x38, 0x40, 0xd8, 0xff,
    0x38, 0x44, 0xd8, 0xff, 0x38, 0x44, 0xd8, 0xff, 0x38, 0x44, 0xd8, 0xff,
    0x38, 0x44, 0xe0, 0xff, 0x38, 0x48, 0xe0, 0xff, 0x38, 0x48, 0xe0, 0xff,
    0x38, 0x48, 0xe0, 0xff, 0x38, 0x44, 0xe0, 0xff, 0x38, 0x48, 0xe0, 0xff,
    0x40, 0x48, 0xe0, 0xff, 0x40, 0x48, 0xe0, 0xff, 0x40, 0x48, 0xe0, 0xff,
    0x38, 0x48, 0xe0, 0xff, 0x38, 0x44, 0xe0, 0xff, 0x38, 0x48, 0xe0, 0xff,
    0x38, 0x48, 0xe0, 0xff, 0x40, 0x48, 0xe0, 0xff, 0x40, 0x4c, 0xe8, 0xff,
    0x40, 0x4c, 0xe8, 0xff, 0x40, 0x4c, 0xe8, 0xff, 0x40, 0x4c, 0xe8, 0xff,
    0x40, 0x4c, 0xe8, 0xff, 0x48, 0x50, 0xe8, 0xff, 0x40, 0x50, 0xe8, 0xff,
    0x40, 0x50, 0xf0, 0xff, 0x40, 0x50, 0xf0, 0xff, 0x40, 0x50, 0xe8, 0xff,
    0x40, 0x50, 0xf0, 0xff, 0x48, 0x54, 0xf0, 0xff, 0x48, 0x54, 0xf0, 0xff,
    0x40, 0x50, 0xf0, 0xff, 0x40, 0x50, 0xf0, 0xff, 0x48, 0x50, 0xf0, 0xff,
    0x40, 0x50, 0xf0, 0xff, 0x48, 0x54, 0xf0, 0xff, 0x48, 0x54, 0xf0, 0xff,
    0x48, 0x54, 0xf0, 0xff, 0x48, 0x58, 0xf0, 0xff, 0x48, 0x58, 0xf0, 0xff,
    0x48, 0x58, 0xf8, 0xff, 0x48, 0x58, 0xf0, 0xff, 0x48, 0x58, 0xf8, 0xff,
    0x48, 0x58, 0xf0, 0xff, 0x48, 0x54, 0xf0, 0xff, 0x48, 0x54, 0xf8, 0xff,
    0x48, 0x58, 0xf0, 0xff, 0x48, 0x58, 0xf0, 0xff, 0x48, 0x58, 0xf0, 0xff,
    0x48, 0x58, 0xf8, 0xff, 0x48, 0x54, 0xf0, 0xff, 0x48, 0x50, 0xf0, 0xff,
    0x38, 0x48, 0xe8, 0xff, 0x38, 0x40, 0xe0, 0xff, 0x28, 0x30, 0xb0, 0xff,
    0x18, 0x2c, 0x60, 0xff, 0x20, 0x2c, 0x68, 0xff, 0x20, 0x2c, 0x70, 0xff,
    0x18, 0x2c, 0x68, 0xff, 0x28, 0x38, 0x78, 0xff, 0x38, 0x44, 0x80, 0xff,
    0x48, 0x54, 0x98, 0xff, 0x30, 0x40, 0x78, 0xff, 0x48, 0x58, 0x98, 0xff,
    0x30, 0x44, 0x78, 0xff, 0x78, 0x7c, 0xb8, 0xff, 0x50, 0x54, 0x78, 0xff,
    0xb0, 0xb8, 0xb8, 0xff, 0xb0, 0xbc, 0xb8, 0xff, 0xb0, 0xbc, 0xb8, 0xff,
    0xb0, 0xbc, 0xb8, 0xff, 0xb8, 0xbc, 0xb0, 0xff, 0xb0, 0xbc, 0xb8, 0xff,
    0xb0, 0xbc, 0xb8, 0xff, 0xb0, 0xbc, 0xb8, 0xff, 0xb0, 0xb8, 0xb0, 0xff,
    0xb0, 0xb4, 0xb0, 0xff, 0xb0, 0xb4, 0xb0, 0xff, 0xb0, 0xb4, 0xb0, 0xff,
    0xb0, 0xb8, 0xb0, 0xff, 0xb0, 0xb4, 0xb0, 0xff, 0xb0, 0xb8, 0xb0, 0xff,
    0xb0, 0xb8, 0xb0, 0xff, 0xb0, 0xb8, 0xb8, 0xff, 0xb8, 0xbc, 0xb8, 0xff,
    0xb8, 0xc0, 0xb8, 0xff, 0xb8, 0xc0, 0xc0, 0xff, 0xb8, 0xc4, 0xc0, 0xff,
    0xc0, 0xc4, 0xc0, 0xff, 0xc0, 0xc8, 0xc8, 0xff, 0xc0, 0xc8, 0xc8, 0xff,
    0xc0, 0xc8, 0xc0, 0xff, 0xc0, 0xc8, 0xc8, 0xff, 0xc0, 0xc8, 0xc8, 0xff,
    0xb8, 0xc4, 0xc0, 0xff, 0xb8, 0xc4, 0xc0, 0xff, 0xc0, 0xc4, 0xc0, 0xff,
    0xc0, 0xc8, 0xc8, 0xff, 0xc0, 0xc8, 0xc8, 0xff, 0xc0, 0xc8, 0xc8, 0xff,
    0xc0, 0xc8, 0xc8, 0xff, 0xc0, 0xcc, 0xc8, 0xff, 0xc0, 0xcc, 0xc8, 0xff,
    0xc8, 0xd0, 0xd0, 0xff, 0xc8, 0xd0, 0xd0, 0xff, 0xc0, 0xcc, 0xc8, 0xff,
    0xc0, 0xcc, 0xc8, 0xff, 0x80, 0x88, 0x98, 0xff, 0x20, 0x2c, 0x50, 0xff,
    0x18, 0x28, 0x50, 0xff, 0x18, 0x28, 0x58, 0xff, 0x20, 0x28, 0x60, 0xff,
    0x20, 0x2c, 0x60, 0xff, 0x18, 0x2c, 0x50, 0xff, 0x30, 0x3c, 0x68, 0xff,
    0x90, 0x90, 0xa8, 0xff, 0xc8, 0xd4, 0xd0, 0xff, 0xc8, 0xd0, 0xd0, 0xff,
    0xc8, 0xd0, 0xd0, 0xff, 0xc0, 0xd0, 0xd0, 0xff, 0xc8, 0xd0, 0xd0, 0xff,
    0xc8, 0xd0, 0xd0, 0xff, 0xc8, 0xd0, 0xd0, 0xff, 0xc0, 0xd0, 0xd0, 0xff,
    0xc0, 0xcc, 0xc8, 0xff, 0xc0, 0xc8, 0xc8, 0xff, 0xc0, 0xc8, 0xc8, 0xff,
    0xc0, 0xc8, 0xc0, 0xff, 0xc0, 0xcc, 0xc8, 0xff, 0xc0, 0xcc, 0xc8, 0xff,
    0xc0, 0xcc, 0xc8, 0xff, 0xc8, 0xcc, 0xc8, 0xff, 0xc0, 0xcc, 0xc8, 0xff,
    0xc0, 0xc8, 0xc8, 0xff, 0xc0, 0xc8, 0xc8, 0xff, 0xc0, 0xc8, 0xc8, 0xff,
    0xc8, 0xcc, 0xc8, 0xff, 0xc0, 0xd0, 0xc8, 0xff, 0xc8, 0xd0, 0xd0, 0xff,
    0xc8, 0xd4, 0xd0, 0xff, 0xc8, 0xd4, 0xd8, 0xff, 0xc8, 0xd4, 0xd8, 0xff,
    0xc8, 0xd0, 0xd0, 0xff, 0xc8, 0xd0, 0xd0, 0xff, 0xc8, 0xd0, 0xd0, 0xff,
    0xc8, 0xd0, 0xd0, 0xff, 0xc8, 0xcc, 0xc8, 0xff, 0xc0, 0xcc, 0xc8, 0xff,
    0xc8, 0xd4, 0xd0, 0xff, 0xd0, 0xd8, 0xd8, 0xff, 0xd0, 0xdc, 0xd8, 0xff,
    0xd0, 0xdc, 0xd8, 0xff, 0xd0, 0xdc, 0xd8, 0xff, 0xd0, 0xdc, 0xe0, 0xff,
    0xd0, 0xdc, 0xe0, 0xff, 0xd0, 0xdc, 0xe0, 0xff, 0x90, 0x90, 0xa8, 0xff,
    0x48, 0x48, 0x70, 0xff, 0x18, 0x28, 0x38, 0xff, 0x18, 0x2c, 0x58, 0xff,
    0x18, 0x28, 0x50, 0xff, 0x18, 0x24, 0x48, 0xff, 0x18, 0x24, 0x48, 0x41,
    0x30, 0x3c, 0xd8, 0xff, 0x30, 0x3c, 0xd8, 0xff, 0x30, 0x40, 0xd8, 0xff,
    0x30, 0x3c, 0xd8, 0xff, 0x30, 0x3c, 0xd8, 0xff, 0x30, 0x40, 0xd8, 0xff,
    0x38, 0x40, 0xd8, 0xff, 0x30, 0x3c, 0xd8, 0xff, 0x30, 0x3c, 0xd8, 0xff,
    0x30, 0x40, 0xd8, 0xff, 0x38, 0x40, 0xd8, 0xff, 0x38, 0x40, 0xd8, 0xff,
    0x38, 0x44, 0xe0, 0xff, 0x38, 0x44, 0xe0, 0xff, 0x38, 0x44, 0xe0, 0xff,
    0x38, 0x44, 0xe0, 0xff, 0x38, 0x44, 0xe0, 0xff, 0x38, 0x44, 0xe0, 0xff,
    0x38, 0x48, 0xe0, 0xff, 0x38, 0x48, 0xe0, 0xff, 0x38, 0x48, 0xe0, 0xff,
    0x40, 0x48, 0xe0, 0xff, 0x40, 0x48, 0xe8, 0xff, 0x38, 0x44, 0xe0, 0xff,
    0x38, 0x44, 0xe0, 0xff, 0x38, 0x48, 0xe8, 0xff, 0x38, 0x44, 0xe0, 0xff,
    0x40, 0x48, 0xe0, 0xff, 0x40, 0x48, 0xe8, 0xff, 0x40, 0x4c, 0xe8, 0xff,
    0x40, 0x4c, 0xe8, 0xff, 0x40, 0x4c, 0xe8, 0xff, 0x40, 0x4c, 0xe8, 0xff,
    0x40, 0x4c, 0xe8, 0xff, 0x48, 0x50, 0xe8, 0xff, 0x40, 0x4c, 0xe8, 0xff,
    0x40, 0x4c, 0xe8, 0xff, 0x40, 0x4c, 0xe8, 0xff, 0x40, 0x50, 0xf0, 0xff,
    0x48, 0x50, 0xf0, 0xff, 0x40, 0x50, 0xe8, 0xff, 0x40, 0x50, 0xf0, 0xff,
    0x48, 0x50, 0xf0, 0xff, 0x40, 0x50, 0xe8, 0xff, 0x40, 0x50, 0xf0, 0xff,
    0x48, 0x54, 0xf0, 0xff, 0x48, 0x54, 0xf0, 0xff, 0x48, 0x54, 0xf0, 0xff,
    0x48, 0x58, 0xf0, 0xff, 0x48, 0x58, 0xf0, 0xff, 0x48, 0x54, 0xf0, 0xff,
    0x48, 0x58, 0xf0, 0xff, 0x48, 0x58, 0xf8, 0xff, 0x48, 0x54, 0xf0, 0xff,
    0x48, 0x54, 0xf0, 0xff, 0x48, 0x54, 0xf0, 0xff, 0x48, 0x58, 0xf8, 0xff,
    0x48, 0x58, 0xf8, 0xff, 0x48, 0x58, 0xf0, 0xff, 0x40, 0x54, 0xf0, 0xff,
    0x40, 0x4c, 0xe8, 0xff, 0x38, 0x44, 0xe0, 0xff, 0x38, 0x40, 0xe0, 0xff,
    0x30, 0x34, 0xb0, 0xff, 0x18, 0x2c, 0x60, 0xff, 0x20, 0x2c, 0x70, 0xff,
    0x20, 0x30, 0x70, 0xff, 0x18, 0x2c, 0x70, 0xff, 0x28, 0x38, 0x78, 0xff,
    0x38, 0x44, 0x80, 0xff, 0x48, 0x58, 0x90, 0xff, 0x30, 0x3c, 0x78, 0xff,
    0x48, 0x58, 0x98, 0xff, 0x38, 0x44, 0x78, 0xff, 0x78, 0x7c, 0xb8, 0xff,
    0x50, 0x54, 0x70, 0xff, 0xb0, 0xb8, 0xb8, 0xff, 0xb8, 0xc0, 0xb8, 0xff,
    0xb8, 0xc4, 0xb8, 0xff, 0xb8, 0xc4, 0xc0, 0xff, 0xc0, 0xc4, 0xc0, 0xff,
    0xb8, 0xc4, 0xc0, 0xff, 0xb8, 0xc0, 0xb8, 0xff, 0xb8, 0xbc, 0xb8, 0xff,
    0xb0, 0xb8, 0xb0, 0xff, 0xb0, 0xb8, 0xb0, 0xff, 0xb0, 0xbc, 0xb0, 0xff,
    0xb0, 0xb8, 0xb0, 0xff, 0xb0, 0xb8, 0xb0, 0xff, 0xb0, 0xb4, 0xa8, 0xff,
    0xb0, 0xb4, 0xb0, 0xff, 0xb0, 0xb8, 0xb0, 0xff, 0xb0, 0xb8, 0xb0, 0xff,
    0xb0, 0xb8, 0xb0, 0xff, 0xb8, 0xbc, 0xb8, 0xff, 0xb8, 0xc0, 0xc0, 0xff,
    0xb8, 0xc4, 0xc0, 0xff, 0xb8, 0xc4, 0xc0, 0xff, 0xc0, 0xc8, 0xc8, 0xff,
    0xc0, 0xc8, 0xc8, 0xff, 0xb8, 0xc4, 0xc0, 0xff, 0xc0, 0xc8, 0xc0, 0xff,
    0xc0, 0xc8, 0xc8, 0xff, 0xb8, 0xc4, 0xc0, 0xff, 0xb8, 0xc4, 0xc0, 0xff,
    0xc0, 0xc8, 0xc0, 0xff, 0xc0, 0xc8, 0xc8, 0xff, 0xc0, 0xc8, 0xc0, 0xff,
    0xc0, 0xc8, 0xc0, 0xff, 0xc0, 0xcc, 0xc8, 0xff, 0xc0, 0xd0, 0xc8, 0xff,
    0xc0, 0xd0, 0xd0, 0xff, 0xc0, 0xd0, 0xd0, 0xff, 0xc8, 0xd0, 0xd0, 0xff,
    0xc0, 0xcc, 0xc8, 0xff, 0xc0, 0xcc, 0xc8, 0xff, 0x80, 0x88, 0x98, 0xff,
    0x20, 0x2c, 0x50, 0xff, 0x18, 0x28, 0x50, 0xff, 0x18, 0x28, 0x58, 0xff,
    0x18, 0x28, 0x60, 0xff, 0x18, 0x28, 0x60, 0xff, 0x18, 0x2c, 0x50, 0xff,
    0x30, 0x38, 0x68, 0xff, 0x90, 0x90, 0xa8, 0xff, 0xc8, 0xd4, 0xd0, 0xff,
    0xc8, 0xd0, 0xd0, 0xff, 0xc8, 0xd0, 0xd0, 0xff, 0xc8, 0xd4, 0xd0, 0xff,
    0xc8, 0xd4, 0xd0, 0xff, 0xc8, 0xd4, 0xd8, 0xff, 0xc8, 0xd4, 0xd0, 0xff,
    0xc0, 0xd0, 0xd0, 0xff, 0xc8, 0xcc, 0xc8, 0xff, 0xc0, 0xcc, 0xc8, 0xff,
    0xc0, 0xcc, 0xc8, 0xff, 0xc0, 0xcc, 0xc8, 0xff, 0xc0, 0xcc, 0xc8, 0xff,
    0xc8, 0xd0, 0xc8, 0xff, 0xc8, 0xd0, 0xc8, 0xff, 0xc8, 0xd0, 0xd0, 0xff,
    0xc8, 0xcc, 0xc8, 0xff, 0xc0, 0xcc, 0xc8, 0xff, 0xc0, 0xc8, 0xc8, 0xff,
    0xc0, 0xcc, 0xc8, 0xff, 0xc0, 0xc8, 0xc8, 0xff, 0xc8, 0xd0, 0xc8, 0xff,
    0xc8, 0xd0, 0xd0, 0xff, 0xc8, 0xd4, 0xd8, 0xff, 0xd0, 0xd8, 0xd8, 0xff,
    0xc8, 0xd4, 0xd8, 0xff, 0xc8, 0xd4, 0xd8, 0xff, 0xd0, 0xd8, 0xd8, 0xff,
    0xc8, 0xd4, 0xd0, 0xff, 0xd0, 0xd4, 0xd8, 0xff, 0xc8, 0xd4, 0xd0, 0xff,
    0xc8, 0xd0, 0xd0, 0xff, 0xc8, 0xd0, 0xd0, 0xff, 0xc8, 0xd4, 0xd0, 0xff,
    0xc8, 0xd4, 0xd8, 0xff, 0xd0, 0xd8, 0xd8, 0xff, 0xd0, 0xd8, 0xd8, 0xff,
    0xd0, 0xdc, 0xd8, 0xff, 0xd0, 0xdc, 0xe0, 0xff, 0xd0, 0xd8, 0xe0, 0xff,
    0x90, 0x90, 0xa8, 0xff, 0x48, 0x48, 0x70, 0xff, 0x18, 0x28, 0x40, 0xff,
    0x20, 0x2c, 0x58, 0xff, 0x18, 0x28, 0x50, 0xff, 0x18, 0x28, 0x48, 0xff,
    0x10, 0x28, 0x40, 0x41, 0x30, 0x3c, 0xd8, 0xff, 0x30, 0x40, 0xd8, 0xff,
    0x30, 0x3c, 0xd8, 0xff, 0x30, 0x3c, 0xd8, 0xff, 0x30, 0x3c, 0xd8, 0xff,
    0x30, 0x3c, 0xd8, 0xff, 0x30, 0x3c, 0xd8, 0xff, 0x30, 0x3c, 0xd8, 0xff,
    0x30, 0x38, 0xd0, 0xff, 0x30, 0x40, 0xd8, 0xff, 0x38, 0x40, 0xe0, 0xff,
    0x38, 0x40, 0xd8, 0xff, 0x30, 0x40, 0xd8, 0xff, 0x38, 0x44, 0xe0, 0xff,
    0x38, 0x44, 0xe0, 0xff, 0x38, 0x44, 0xd8, 0xff, 0x38, 0x48, 0xe0, 0xff,
    0x38, 0x44, 0xe0, 0xff, 0x38, 0x44, 0xe0, 0xff, 0x38, 0x44, 0xe0, 0xff,
    0x38, 0x44, 0xe0, 0xff, 0x38, 0x48, 0xe0, 0xff, 0x38, 0x48, 0xe0, 0xff,
    0x38, 0x48, 0xe0, 0xff, 0x38, 0x44, 0xe0, 0xff, 0x40, 0x48, 0xe8, 0xff,
    0x38, 0x48, 0xe8, 0xff, 0x38, 0x48, 0xe8, 0xff, 0x40, 0x4c, 0xe8, 0xff,
    0x40, 0x4c, 0xe8, 0xff, 0x40, 0x4c, 0xe8, 0xff, 0x40, 0x4c, 0xe8, 0xff,
    0x40, 0x4c, 0xe8, 0xff, 0x40, 0x4c, 0xe8, 0xff, 0x48, 0x50, 0xe8, 0xff,
    0x40, 0x4c, 0xe8, 0xff, 0x40, 0x4c, 0xf0, 0xff, 0x40, 0x4c, 0xe8, 0xff,
    0x40, 0x4c, 0xf0, 0xff, 0x40, 0x50, 0xf0, 0xff, 0x40, 0x50, 0xe8, 0xff,
    0x40, 0x4c, 0xe8, 0xff, 0x40, 0x50, 0xf0, 0xff, 0x40, 0x50, 0xe8, 0xff,
    0x40, 0x50, 0xf0, 0xff, 0x48, 0x54, 0xf0, 0xff, 0x40, 0x54, 0xf0, 0xff,
    0x48, 0x54, 0xf0, 0xff, 0x48, 0x54, 0xf0, 0xff, 0x48, 0x54, 0xf8, 0xff,
    0x48, 0x58, 0xf8, 0xff, 0x48, 0x54, 0xf0, 0xff, 0x48, 0x54, 0xf0, 0xff,
    0x48, 0x54, 0xf8, 0xff, 0x40, 0x54, 0xf0, 0xff, 0x48, 0x54, 0xf0, 0xff,
    0x48, 0x58, 0xf8, 0xff, 0x48, 0x58, 0xf8, 0xff, 0x48, 0x58, 0xf0, 0xff,
    0x48, 0x50, 0xf0, 0xff, 0x40, 0x4c, 0xe8, 0xff, 0x38, 0x44, 0xe0, 0xff,
    0x30, 0x3c, 0xe0, 0xff, 0x28, 0x30, 0xb0, 0xff, 0x18, 0x28, 0x60, 0xff,
    0x18, 0x30, 0x68, 0xff, 0x20, 0x30, 0x70, 0xff, 0x20, 0x30, 0x70, 0xff,
    0x28, 0x38, 0x78, 0xff, 0x38, 0x44, 0x80, 0xff, 0x48, 0x58, 0x90, 0xff,
    0x30, 0x40, 0x78, 0xff, 0x48, 0x58, 0x98, 0xff, 0x38, 0x44, 0x80, 0xff,
    0x78, 0x78, 0xb0, 0xff, 0x50, 0x50, 0x70, 0xff, 0xb0, 0xbc, 0xb8, 0xff,
    0xb8, 0xc0, 0xc0, 0xff, 0xb8, 0xc4, 0xc0, 0xff, 0xb8, 0xc4, 0xc0, 0xff,
    0xc0, 0xc4, 0xc0, 0xff, 0xb8, 0xc0, 0xc0, 0xff, 0xb8, 0xbc, 0xb8, 0xff,
    0xb0, 0xbc, 0xb8, 0xff, 0xb0, 0xb8, 0xb0, 0xff, 0xb0, 0xb8, 0xb0, 0xff,
    0xb0, 0xb8, 0xb0, 0xff, 0xb0, 0xb8, 0xb0, 0xff, 0xb0, 0xb8, 0xa8, 0xff,
    0xb0, 0xb8, 0xa8, 0xff, 0xb0, 0xb4, 0xb0, 0xff, 0xb0, 0xb4, 0xb0, 0xff,
    0xb0, 0xb8, 0xb0, 0xff, 0xb8, 0xbc, 0xb0, 0xff, 0xb0, 0xbc, 0xb8, 0xff,
    0xb8, 0xc0, 0xb8, 0xff, 0xb8, 0xc0, 0xc0, 0xff, 0xb8, 0xc4, 0xc0, 0xff,
    0xc0, 0xc4, 0xc0, 0xff, 0xc0, 0xc8, 0xc0, 0xff, 0xb8, 0xc4, 0xc0, 0xff,
    0xb8, 0xc4, 0xc0, 0xff, 0xc0, 0xc8, 0xc8, 0xff, 0xc0, 0xc8, 0xc0, 0xff,
    0xc0, 0xc8, 0xc8, 0xff, 0xc0, 0xc8, 0xc8, 0xff, 0xc0, 0xc8, 0xc0, 0xff,
    0xc0, 0xc8, 0xc8, 0xff, 0xc0, 0xc8, 0xc0, 0xff, 0xc0, 0xcc, 0xc8, 0xff,
    0xc0, 0xcc, 0xd0, 0xff, 0xc8, 0xd0, 0xd0, 0xff, 0xc8, 0xd0, 0xd0, 0xff,
    0xc0, 0xcc, 0xc8, 0xff, 0xc0, 0xcc, 0xc8, 0xff, 0xc0, 0xcc, 0xc8, 0xff,
    0x80, 0x88, 0x98, 0xff, 0x18, 0x28, 0x58, 0xff, 0x18, 0x28, 0x58, 0xff,
    0x18, 0x28, 0x58, 0xff, 0x18, 0x28, 0x58, 0xff, 0x18, 0x2c, 0x58, 0xff,
    0x18, 0x28, 0x50, 0xff, 0x30, 0x3c, 0x68, 0xff, 0x90, 0x90, 0xb0, 0xff,
    0xc8, 0xd0, 0xd0, 0xff, 0xc0, 0xd0, 0xd0, 0xff, 0xc8, 0xd0, 0xd0, 0xff,
    0xc8, 0xd0, 0xd8, 0xff, 0xc8, 0xd4, 0xd0, 0xff, 0xc8, 0xd0, 0xd0, 0xff,
    0xc8, 0xd0, 0xd0, 0xff, 0xc0, 0xd0, 0xd0, 0xff, 0xc0, 0xcc, 0xc8, 0xff,
    0xc8, 0xcc, 0xc8, 0xff, 0xc8, 0xd0, 0xd0, 0xff, 0xc8, 0xd0, 0xd0, 0xff,
    0xc8, 0xd0, 0xd0, 0xff, 0xc8, 0xd0, 0xd0, 0xff, 0xc0, 0xd0, 0xd0, 0xff,
    0xc8, 0xd0, 0xd0, 0xff, 0xc8, 0xcc, 0xc8, 0xff, 0xc0, 0xc8, 0xc8, 0xff,
    0xc0, 0xc8, 0xc8, 0xff, 0xc8, 0xcc, 0xc8, 0xff, 0xc0, 0xcc, 0xc8, 0xff,
    0xc0, 0xd0, 0xc8, 0xff, 0xc8, 0xd4, 0xd0, 0xff, 0xc8, 0xd4, 0xd8, 0xff,
    0xd0, 0xd8, 0xd8, 0xff, 0xd0, 0xd8, 0xd8, 0xff, 0xd0, 0xd8, 0xd8, 0xff,
    0xd0, 0xd8, 0xd8, 0xff, 0xc8, 0xd4, 0xd8, 0xff, 0xc8, 0xd4, 0xd0, 0xff,
    0xc8, 0xd4, 0xd8, 0xff, 0xc8, 0xd4, 0xd0, 0xff, 0xc8, 0xd0, 0xd0, 0xff,
    0xc8, 0xd4, 0xd0, 0xff, 0xc8, 0xd4, 0xd0, 0xff, 0xd0, 0xd8, 0xd8, 0xff,
    0xd0, 0xd8, 0xd8, 0xff, 0xd0, 0xdc, 0xe0, 0xff, 0xd0, 0xdc, 0xe0, 0xff,
    0xd0, 0xd8, 0xe0, 0xff, 0x90, 0x90, 0xb0, 0xff, 0x48, 0x48, 0x70, 0xff,
    0x18, 0x28, 0x40, 0xff, 0x20, 0x2c, 0x58, 0xff, 0x18, 0x24, 0x58, 0xff,
    0x18, 0x28, 0x48, 0xff, 0x18, 0x24, 0x48, 0x41, 0x30, 0x3c, 0xd8, 0xff,
    0x30, 0x3c, 0xd8, 0xff, 0x30, 0x3c, 0xd8, 0xff, 0x38, 0x40, 0xe0, 0xff,
    0x30, 0x40, 0xe0, 0xff, 0x30, 0x3c, 0xd8, 0xff, 0x30, 0x3c, 0xd8, 0xff,
    0x30, 0x3c, 0xd8, 0xff, 0x30, 0x3c, 0xd8, 0xff, 0x30, 0x3c, 0xd8, 0xff,
    0x30, 0x3c, 0xd8, 0xff, 0x30, 0x40, 0xd8, 0xff, 0x30, 0x40, 0xd8, 0xff,
    0x38, 0x40, 0xd8, 0xff, 0x38, 0x40, 0xd8, 0xff, 0x38, 0x44, 0xd8, 0xff,
    0x38, 0x44, 0xd8, 0xff, 0x38, 0x44, 0xd8, 0xff, 0x38, 0x44, 0xd8, 0xff,
    0x38, 0x44, 0xe0, 0xff, 0x38, 0x44, 0xe0, 0xff, 0x38, 0x44, 0xe0, 0xff,
    0x38, 0x44, 0xe0, 0xff, 0x38, 0x44, 0xe0, 0xff, 0x40, 0x48, 0xe0, 0xff,
    0x40, 0x48, 0xe8, 0xff, 0x40, 0x48, 0xe8, 0xff, 0x38, 0x48, 0xe8, 0xff,
    0x40, 0x48, 0xe8, 0xff, 0x40, 0x48, 0xe8, 0xff, 0x40, 0x4c, 0xe8, 0xff,
    0x40, 0x4c, 0xe8, 0xff, 0x40, 0x4c, 0xe8, 0xff, 0x40, 0x50, 0xe8, 0xff,
    0x48, 0x50, 0xf0, 0xff, 0x40, 0x4c, 0xe8, 0xff, 0x40, 0x4c, 0xe8, 0xff,
    0x40, 0x4c, 0xe8, 0xff, 0x40, 0x4c, 0xf0, 0xff, 0x40, 0x4c, 0xf0, 0xff,
    0x40, 0x4c, 0xe8, 0xff, 0x40, 0x4c, 0xe8, 0xff, 0x40, 0x50, 0xf0, 0xff,
    0x40, 0x50, 0xf0, 0xff, 0x48, 0x54, 0xf0, 0xff, 0x40, 0x54, 0xf0, 0xff,
    0x40, 0x54, 0xf0, 0xff, 0x48, 0x54, 0xf0, 0xff, 0x40, 0x54, 0xf0, 0xff,
    0x40, 0x54, 0xf0, 0xff, 0x48, 0x54, 0xf0, 0xff, 0x48, 0x54, 0xf0, 0xff,
    0x48, 0x54, 0xf0, 0xff, 0x48, 0x58, 0xf8, 0xff, 0x40, 0x50, 0xf0, 0xff,
    0x48, 0x54, 0xf0, 0xff, 0x48, 0x58, 0xf8, 0xff, 0x48, 0x58, 0xf8, 0xff,
    0x48, 0x58, 0xf0, 0xff, 0x40, 0x50, 0xf0, 0xff, 0x40, 0x48, 0xe8, 0xff,
    0x38, 0x40, 0xe0, 0xff, 0x30, 0x3c, 0xd8, 0xff, 0x28, 0x30, 0xb0, 0xff,
    0x18, 0x28, 0x60, 0xff, 0x20, 0x30, 0x68, 0xff, 0x20, 0x30, 0x70, 0xff,
    0x20, 0x2c, 0x68, 0xff, 0x28, 0x38, 0x78, 0xff, 0x38, 0x44, 0x80, 0xff,
    0x48, 0x54, 0x90, 0xff, 0x38, 0x40, 0x78, 0xff, 0x48, 0x58, 0x98, 0xff,
    0x38, 0x48, 0x88, 0xff, 0x78, 0x78, 0xb0, 0xff, 0x50, 0x54, 0x70, 0xff,
    0xb8, 0xc0, 0xc0, 0xff, 0xc0, 0xc8, 0xc0, 0xff, 0xb8, 0xc8, 0xc8, 0xff,
    0xb8, 0xc4, 0xc0, 0xff, 0xb8, 0xc0, 0xc0, 0xff, 0xb8, 0xbc, 0xc0, 0xff,
    0xb0, 0xbc, 0xb0, 0xff, 0xb0, 0xb4, 0xb0, 0xff, 0xb0, 0xb4, 0xb0, 0xff,
    0xb0, 0xb8, 0xb0, 0xff, 0xb0, 0xb8, 0xb0, 0xff, 0xb0, 0xb4, 0xa8, 0xff,
    0xa8, 0xb4, 0xa8, 0xff, 0xa8, 0xb4, 0xa8, 0xff, 0xb0, 0xb8, 0xb0, 0xff,
    0xb0, 0xb8, 0xb0, 0xff, 0xb0, 0xb8, 0xb0, 0xff, 0xb0, 0xbc, 0xb8, 0xff,
    0xb8, 0xbc, 0xb8, 0xff, 0xb8, 0xbc, 0xb8, 0xff, 0xb8, 0xc0, 0xc0, 0xff,
    0xb8, 0xc4, 0xc0, 0xff, 0xb8, 0xc4, 0xc0, 0xff, 0xb8, 0xc4, 0xc0, 0xff,
    0xb8, 0xc4, 0xc0, 0xff, 0xb8, 0xc4, 0xc0, 0xff, 0xc0, 0xc4, 0xc0, 0xff,
    0xc0, 0xc8, 0xc8, 0xff, 0xb8, 0xc4, 0xc0, 0xff, 0xc0, 0xc4, 0xc0, 0xff,
    0xb8, 0xc4, 0xc0, 0xff, 0xc0, 0xc8, 0xc8, 0xff, 0xc0, 0xc8, 0xc8, 0xff,
    0xc0, 0xcc, 0xc8, 0xff, 0xc0, 0xcc, 0xc8, 0xff, 0xc0, 0xd0, 0xc8, 0xff,
    0xc8, 0xd0, 0xd0, 0xff, 0xc0, 0xcc, 0xc8, 0xff, 0xc0, 0xcc, 0xc8, 0xff,
    0xc0, 0xcc, 0xd0, 0xff, 0x80, 0x88, 0x98, 0xff, 0x20, 0x28, 0x50, 0xff,
    0x18, 0x28, 0x58, 0xff, 0x18, 0x28, 0x58, 0xff, 0x18, 0x28, 0x58, 0xff,
    0x18, 0x28, 0x58, 0xff, 0x18, 0x2c, 0x50, 0xff, 0x30, 0x38, 0x68, 0xff,
    0x90, 0x90, 0xa8, 0xff, 0xc0, 0xd0, 0xd0, 0xff, 0xc8, 0xd0, 0xd0, 0xff,
    0xc8, 0xd0, 0xd0, 0xff, 0xc0, 0xcc, 0xd0, 0xff, 0xc8, 0xd0, 0xd0, 0xff,
    0xc8, 0xcc, 0xd0, 0xff, 0xc0, 0xcc, 0xc8, 0xff, 0xc0, 0xcc, 0xd0, 0xff,
    0xc8, 0xd0, 0xd0, 0xff, 0xc0, 0xcc, 0xc8, 0xff, 0xc8, 0xcc, 0xc8, 0xff,
    0xc8, 0xd0, 0xd0, 0xff, 0xc0, 0xd0, 0xc8, 0xff, 0xc8, 0xd0, 0xd0, 0xff,
    0xc0, 0xd0, 0xc8, 0xff, 0xc0, 0xd0, 0xd0, 0xff, 0xc8, 0xd0, 0xd0, 0xff,
    0xc0, 0xcc, 0xc8, 0xff, 0xc0, 0xc8, 0xc8, 0xff, 0xc8, 0xcc, 0xc8, 0xff,
    0xc8, 0xcc, 0xc8, 0xff, 0xc8, 0xd0, 0xd0, 0xff, 0xc8, 0xd4, 0xd0, 0xff,
    0xc8, 0xd4, 0xd8, 0xff, 0xd0, 0xd8, 0xd8, 0xff, 0xd0, 0xd8, 0xd8, 0xff,
    0xc8, 0xd8, 0xd8, 0xff, 0xd0, 0xd8, 0xd8, 0xff, 0xc8, 0xd4, 0xd0, 0xff,
    0xc8, 0xd4, 0xd8, 0xff, 0xd0, 0xd4, 0xd8, 0xff, 0xc8, 0xd8, 0xd0, 0xff,
    0xc8, 0xd4, 0xd0, 0xff, 0xc8, 0xd4, 0xd0, 0xff, 0xc8, 0xd4, 0xd0, 0xff,
    0xd0, 0xd8, 0xd8, 0xff, 0xd0, 0xdc, 0xd8, 0xff, 0xd0, 0xdc, 0xe0, 0xff,
    0xd0, 0xdc, 0xe0, 0xff, 0xd0, 0xd8, 0xd8, 0xff, 0x90, 0x90, 0xb0, 0xff,
    0x48, 0x48, 0x70, 0xff, 0x18, 0x28, 0x40, 0xff, 0x20, 0x2c, 0x58, 0xff,
    0x18, 0x28, 0x58, 0xff, 0x10, 0x24, 0x48, 0xff, 0x18, 0x28, 0x48, 0x41,
    0x30, 0x3c, 0xd8, 0xff, 0x30, 0x3c, 0xd8, 0xff, 0x30, 0x3c, 0xd8, 0xff,
    0x30, 0x3c, 0xd8, 0xff, 0x38, 0x3c, 0xd8, 0xff, 0x30, 0x3c, 0xd8, 0xff,
    0x30, 0x3c, 0xd8, 0xff, 0x30, 0x3c, 0xd8, 0xff, 0x30, 0x3c, 0xd8, 0xff,
    0x30, 0x3c, 0xd8, 0xff, 0x30, 0x38, 0xd8, 0xff, 0x30, 0x3c, 0xd8, 0xff,
    0x38, 0x40, 0xe0, 0xff, 0x38, 0x44, 0xe0, 0xff, 0x38, 0x40, 0xe0, 0xff,
    0x38, 0x44, 0xe0, 0xff, 0x38, 0x40, 0xe0, 0xff, 0x38, 0x40, 0xe0, 0xff,
    0x38, 0x40, 0xe0, 0xff, 0x38, 0x44, 0xe0, 0xff, 0x38, 0x44, 0xe0, 0xff,
    0x38, 0x48, 0xe0, 0xff, 0x40, 0x48, 0xe0, 0xff, 0x38, 0x44, 0xe0, 0xff,
    0x38, 0x48, 0xe0, 0xff, 0x38, 0x44, 0xe0, 0xff, 0x38, 0x44, 0xe0, 0xff,
    0x38, 0x44, 0xe0, 0xff, 0x40, 0x44, 0xe8, 0xff, 0x38, 0x48, 0xe0, 0xff,
    0x40, 0x48, 0xe8, 0xff, 0x40, 0x48, 0xe8, 0xff, 0x40, 0x48, 0xe8, 0xff,
    0x40, 0x4c, 0xe8, 0xff, 0x40, 0x50, 0xe8, 0xff, 0x40, 0x4c, 0xe8, 0xff,
    0x40, 0x50, 0xe8, 0xff, 0x40, 0x4c, 0xf0, 0xff, 0x40, 0x50, 0xf0, 0xff,
    0x48, 0x50, 0xf0, 0xff, 0x40, 0x4c, 0xe8, 0xff, 0x40, 0x4c, 0xf0, 0xff,
    0x48, 0x50, 0xf0, 0xff, 0x48, 0x54, 0xf0, 0xff, 0x40, 0x50, 0xf0, 0xff,
    0x40, 0x50, 0xf0, 0xff, 0x40, 0x50, 0xf0, 0xff, 0x40, 0x50, 0xf0, 0xff,
    0x40, 0x50, 0xf0, 0xff, 0x48, 0x54, 0xf0, 0xff, 0x48, 0x54, 0xf0, 0xff,
    0x48, 0x54, 0xf0, 0xff, 0x48, 0x58, 0xf8, 0xff, 0x40, 0x54, 0xf0, 0xff,
    0x40, 0x50, 0xf0, 0xff, 0x40, 0x4c, 0xe8, 0xff, 0x40, 0x50, 0xe8, 0xff,
    0x48, 0x54, 0xf0, 0xff, 0x48, 0x54, 0xf8, 0xff, 0x40, 0x50, 0xf0, 0xff,
    0x40, 0x48, 0xe8, 0xff, 0x38, 0x40, 0xe0, 0xff, 0x30, 0x38, 0xd8, 0xff,
    0x28, 0x30, 0xa8, 0xff, 0x20, 0x28, 0x60, 0xff, 0x18, 0x2c, 0x68, 0xff,
    0x20, 0x30, 0x70, 0xff, 0x18, 0x2c, 0x70, 0xff, 0x28, 0x38, 0x70, 0xff,
    0x38, 0x48, 0x80, 0xff, 0x48, 0x54, 0x90, 0xff, 0x30, 0x3c, 0x78, 0xff,
    0x48, 0x58, 0x98, 0xff, 0x38, 0x44, 0x80, 0xff, 0x78, 0x7c, 0xb8, 0xff,
    0x50, 0x50, 0x70, 0xff, 0xb0, 0xbc, 0xb8, 0xff, 0xb8, 0xc4, 0xc0, 0xff,
    0xb8, 0xc4, 0xc0, 0xff, 0xb8, 0xc0, 0xc0, 0xff, 0xb8, 0xc0, 0xb8, 0xff,
    0xb8, 0xbc, 0xb8, 0xff, 0xb0, 0xb8, 0xb0, 0xff, 0xb0, 0xb8, 0xb0, 0xff,
    0xb0, 0xb8, 0xb0, 0xff, 0xb0, 0xb4, 0xb0, 0xff, 0xb0, 0xb4, 0xb0, 0xff,
    0xb0, 0xb4, 0xb0, 0xff, 0xb0, 0xb8, 0xb0, 0xff, 0xb0, 0xb8, 0xb0, 0xff,
    0xb0, 0xb8, 0xb0, 0xff, 0xb0, 0xb8, 0xb0, 0xff, 0xb0, 0xb8, 0xb0, 0xff,
    0xb0, 0xbc, 0xb0, 0xff, 0xb0, 0xbc, 0xb0, 0xff, 0xb0, 0xbc, 0xb8, 0xff,
    0xb8, 0xc0, 0xb8, 0xff, 0xb8, 0xc0, 0xb8, 0xff, 0xb8, 0xc0, 0xc0, 0xff,
    0xb8, 0xc0, 0xc0, 0xff, 0xc0, 0xc4, 0xc0, 0xff, 0xc0, 0xc4, 0xc0, 0xff,
    0xc0, 0xc8, 0xc8, 0xff, 0xc0, 0xc8, 0xc8, 0xff, 0xc0, 0xc8, 0xc8, 0xff,
    0xc0, 0xc8, 0xc8, 0xff, 0xc0, 0xc8, 0xc8, 0xff, 0xc0, 0xc8, 0xc8, 0xff,
    0xc0, 0xc8, 0xc8, 0xff, 0xc0, 0xcc, 0xc8, 0xff, 0xc0, 0xcc, 0xc8, 0xff,
    0xc0, 0xcc, 0xc8, 0xff, 0xc0, 0xcc, 0xd0, 0xff, 0xc0, 0xcc, 0xd0, 0xff,
    0xc0, 0xcc, 0xd0, 0xff, 0xc8, 0xd0, 0xd0, 0xff, 0x80, 0x88, 0xa0, 0xff,
    0x18, 0x2c, 0x50, 0xff, 0x18, 0x28, 0x58, 0xff, 0x18, 0x28, 0x60, 0xff,
    0x18, 0x28, 0x58, 0xff, 0x20, 0x2c, 0x60, 0xff, 0x18, 0x2c, 0x50, 0xff,
    0x30, 0x38, 0x68, 0xff, 0x88, 0x90, 0xa8, 0xff, 0xc8, 0xd0, 0xd0, 0xff,
    0xc8, 0xd0, 0xd0, 0xff, 0xc0, 0xd0, 0xd0, 0xff, 0xc0, 0xd0, 0xd0, 0xff,
    0xc0, 0xd0, 0xd0, 0xff, 0xc8, 0xd0, 0xd0, 0xff, 0xc0, 0xcc, 0xc8, 0xff,
    0xc8, 0xcc, 0xc8, 0xff, 0xc8, 0xcc, 0xd0, 0xff, 0xc0, 0xcc, 0xc8, 0xff,
    0xc0, 0xd0, 0xc8, 0xff, 0xc0, 0xcc, 0xd0, 0xff, 0xc8, 0xd0, 0xd0, 0xff,
    0xc8, 0xd0, 0xd0, 0xff, 0xc8, 0xd0, 0xd0, 0xff, 0xc8, 0xd0, 0xc8, 0xff,
    0xc8, 0xd0, 0xd0, 0xff, 0xc0, 0xd0, 0xc8, 0xff, 0xc0, 0xc8, 0xc8, 0xff,
    0xc0, 0xc8, 0xc8, 0xff, 0xc8, 0xcc, 0xd0, 0xff, 0xc8, 0xd0, 0xd0, 0xff,
    0xc8, 0xd4, 0xd0, 0xff, 0xc8, 0xd0, 0xd0, 0xff, 0xc8, 0xd4, 0xd0, 0xff,
    0xc8, 0xd4, 0xd0, 0xff, 0xc8, 0xd4, 0xd0, 0xff, 0xc8, 0xd4, 0xd0, 0xff,
    0xd0, 0xd4, 0xd8, 0xff, 0xd0, 0xd4, 0xd8, 0xff, 0xd0, 0xd4, 0xd8, 0xff,
    0xc8, 0xd8, 0xd8, 0xff, 0xc8, 0xd4, 0xd0, 0xff, 0xc8, 0xd4, 0xd0, 0xff,
    0xc8, 0xd4, 0xd0, 0xff, 0xd0, 0xd8, 0xd8, 0xff, 0xd0, 0xd8, 0xe0, 0xff,
    0xc8, 0xd8, 0xd8, 0xff, 0xd0, 0xd8, 0xd8, 0xff, 0xd0, 0xd8, 0xd8, 0xff,
    0x90, 0x90, 0xb0, 0xff, 0x48, 0x4c, 0x70, 0xff, 0x18, 0x28, 0x38, 0xff,
    0x20, 0x2c, 0x58, 0xff, 0x18, 0x24, 0x50, 0xff, 0x18, 0x24, 0x48, 0xff,
    0x18, 0x24, 0x48, 0x41, 0x30, 0x3c, 0xd8, 0xff, 0x30, 0x3c, 0xd8, 0xff,
    0x30, 0x3c, 0xd8, 0xff, 0x30, 0x3c, 0xd8, 0xff, 0x38, 0x40, 0xd8, 0xff,
    0x30, 0x40, 0xd8, 0xff, 0x30, 0x3c, 0xd8, 0xff, 0x30, 0x3c, 0xd8, 0xff,
    0x30, 0x38, 0xd0, 0xff, 0x30, 0x3c, 0xd8, 0xff, 0x30, 0x3c, 0xd8, 0xff,
    0x30, 0x3c, 0xd8, 0xff, 0x30, 0x40, 0xd8, 0xff, 0x30, 0x40, 0xd8, 0xff,
    0x30, 0x40, 0xd8, 0xff, 0x38, 0x40, 0xe0, 0xff, 0x30, 0x40, 0xd8, 0xff,
    0x38, 0x40, 0xe0, 0xff, 0x38, 0x40, 0xe0, 0xff, 0x38, 0x44, 0xd8, 0xff,
    0x38, 0x44, 0xe0, 0xff, 0x38, 0x44, 0xe0, 0xff, 0x40, 0x48, 0xe8, 0xff,
    0x38, 0x44, 0xe0, 0xff, 0x38, 0x44, 0xe0, 0xff, 0x38, 0x44, 0xe8, 0xff,
    0x38, 0x48, 0xe8, 0xff, 0x40, 0x48, 0xe0, 0xff, 0x40, 0x48, 0xe8, 0xff,
    0x38, 0x48, 0xe8, 0xff, 0x40, 0x48, 0xe0, 0xff, 0x38, 0x48, 0xe0, 0xff,
    0x38, 0x48, 0xe8, 0xff, 0x40, 0x48, 0xe8, 0xff, 0x40, 0x50, 0xe8, 0xff,
    0x40, 0x4c, 0xe8, 0xff, 0x40, 0x4c, 0xe8, 0xff, 0x40, 0x4c, 0xf0, 0xff,
    0x40, 0x50, 0xf0, 0xff, 0x40, 0x4c, 0xf0, 0xff, 0x40, 0x4c, 0xe8, 0xff,
    0x40, 0x4c, 0xe8, 0xff, 0x40, 0x50, 0xf0, 0xff, 0x40, 0x50, 0xf0, 0xff,
    0x40, 0x50, 0xf0, 0xff, 0x40, 0x50, 0xf0, 0xff, 0x40, 0x50, 0xf0, 0xff,
    0x40, 0x50, 0xf0, 0xff, 0x48, 0x50, 0xf0, 0xff, 0x40, 0x54, 0xf0, 0xff,
    0x48, 0x54, 0xf0, 0xff, 0x48, 0x58, 0xf8, 0xff, 0x48, 0x58, 0xf8, 0xff,
    0x48, 0x58, 0xf0, 0xff, 0x48, 0x54, 0xf0, 0xff, 0x48, 0x54, 0xf0, 0xff,
    0x40, 0x50, 0xf0, 0xff, 0x38, 0x48, 0xe8, 0xff, 0x40, 0x50, 0xf0, 0xff,
    0x48, 0x50, 0xf0, 0xff, 0x40, 0x48, 0xe8, 0xff, 0x38, 0x40, 0xe0, 0xff,
    0x30, 0x38, 0xd8, 0xff, 0x28, 0x2c, 0xa8, 0xff, 0x18, 0x2c, 0x60, 0xff,
    0x18, 0x2c, 0x68, 0xff, 0x20, 0x30, 0x70, 0xff, 0x20, 0x30, 0x70, 0xff,
    0x28, 0x38, 0x78, 0xff, 0x30, 0x44, 0x80, 0xff, 0x48, 0x54, 0x90, 0xff,
    0x30, 0x40, 0x78, 0xff, 0x48, 0x58, 0x98, 0xff, 0x30, 0x40, 0x78, 0xff,
    0x78, 0x78, 0xb0, 0xff, 0x50, 0x50, 0x70, 0xff, 0xb0, 0xbc, 0xb8, 0xff,
    0xb8, 0xc0, 0xc0, 0xff, 0xb8, 0xc0, 0xc0, 0xff, 0xb8, 0xc0, 0xc0, 0xff,
    0xb8, 0xc0, 0xb8, 0xff, 0xb8, 0xbc, 0xb8, 0xff, 0xb0, 0xb8, 0xb0, 0xff,
    0xb0, 0xb4, 0xb0, 0xff, 0xb0, 0xb8, 0xb0, 0xff, 0xa8, 0xb4, 0xa8, 0xff,
    0xb0, 0xb4, 0xb0, 0xff, 0xb0, 0xb8, 0xa8, 0xff, 0xb0, 0xb8, 0xb0, 0xff,
    0xb0, 0xb8, 0xb0, 0xff, 0xb0, 0xb8, 0xb0, 0xff, 0xb0, 0xb8, 0xb0, 0xff,
    0xb0, 0xb8, 0xb0, 0xff, 0xb8, 0xb8, 0xb0, 0xff, 0xb8, 0xbc, 0xb8, 0xff,
    0xb8, 0xc0, 0xb8, 0xff, 0xb8, 0xc0, 0xc0, 0xff, 0xb8, 0xc4, 0xc0, 0xff,
    0xb8, 0xc4, 0xc0, 0xff, 0xc0, 0xc4, 0xc0, 0xff, 0xc0, 0xc8, 0xc8, 0xff,
    0xc0, 0xc8, 0xc8, 0xff, 0xc0, 0xc8, 0xc8, 0xff, 0xc0, 0xc8, 0xc8, 0xff,
    0xc0, 0xc8, 0xc8, 0xff, 0xc0, 0xc8, 0xc8, 0xff, 0xc0, 0xc8, 0xc8, 0xff,
    0xc0, 0xcc, 0xc8, 0xff, 0xc0, 0xcc, 0xc8, 0xff, 0xc0, 0xcc, 0xc8, 0xff,
    0xc8, 0xcc, 0xd0, 0xff, 0xc8, 0xd0, 0xd0, 0xff, 0xc8, 0xd0, 0xd0, 0xff,
    0xc8, 0xd0, 0xd0, 0xff, 0xc8, 0xd0, 0xd0, 0xff, 0xc8, 0xd0, 0xd0, 0xff,
    0x80, 0x88, 0xa0, 0xff, 0x20, 0x28, 0x50, 0xff, 0x18, 0x28, 0x50, 0xff,
    0x18, 0x28, 0x58, 0xff, 0x18, 0x28, 0x58, 0xff, 0x20, 0x2c, 0x60, 0xff,
    0x18, 0x2c, 0x50, 0xff, 0x28, 0x38, 0x68, 0xff, 0x88, 0x8c, 0xa8, 0xff,
    0xc0, 0xd0, 0xd0, 0xff, 0xc0, 0xcc, 0xd0, 0xff, 0xc8, 0xd0, 0xd0, 0xff,
    0xc8, 0xd0, 0xd0, 0xff, 0xc8, 0xd0, 0xd0, 0xff, 0xc0, 0xd0, 0xd0, 0xff,
    0xc0, 0xcc, 0xc8, 0xff, 0xc0, 0xcc, 0xc8, 0xff, 0xc0, 0xcc, 0xc8, 0xff,
    0xc0, 0xcc, 0xc8, 0xff, 0xc0, 0xcc, 0xc8, 0xff, 0xc0, 0xd0, 0xd0, 0xff,
    0xc8, 0xd0, 0xd0, 0xff, 0xc0, 0xd0, 0xd0, 0xff, 0xc0, 0xcc, 0xc8, 0xff,
    0xc0, 0xcc, 0xc8, 0xff, 0xc8, 0xd0, 0xd0, 0xff, 0xc8, 0xd0, 0xd0, 0xff,
    0xc0, 0xcc, 0xc8, 0xff, 0xc0, 0xcc, 0xc8, 0xff, 0xc8, 0xcc, 0xc8, 0xff,
    0xc8, 0xd0, 0xd0, 0xff, 0xc8, 0xd4, 0xd0, 0xff, 0xc8, 0xd4, 0xd0, 0xff,
    0xc8, 0xd4, 0xd8, 0xff, 0xc8, 0xd4, 0xd0, 0xff, 0xc8, 0xd4, 0xd0, 0xff,
    0xd0, 0xd4, 0xd8, 0xff, 0xc8, 0xd4, 0xd8, 0xff, 0xc8, 0xd4, 0xd8, 0xff,
    0xd0, 0xd4, 0xd8, 0xff, 0xd0, 0xd8, 0xd8, 0xff, 0xc8, 0xd4, 0xd8, 0xff,
    0xc8, 0xd4, 0xd0, 0xff, 0xc8, 0xd4, 0xd0, 0xff, 0xc8, 0xd4, 0xd8, 0xff,
    0xd0, 0xd8, 0xd8, 0xff, 0xd0, 0xdc, 0xe0, 0xff, 0xd0, 0xdc, 0xe0, 0xff,
    0xc8, 0xd8, 0xd8, 0xff, 0x90, 0x90, 0xb0, 0xff, 0x48, 0x4c, 0x70, 0xff,
    0x18, 0x2c, 0x40, 0xff, 0x20, 0x2c, 0x58, 0xff, 0x18, 0x24, 0x50, 0xff,
    0x10, 0x28, 0x48, 0xff, 0x18, 0x24, 0x48, 0x41, 0x30, 0x3c, 0xd8, 0xff,
    0x30, 0x3c, 0xd8, 0xff, 0x30, 0x3c, 0xd8, 0xff, 0x30, 0x3c, 0xd8, 0xff,
    0x28, 0x38, 0xd0, 0xff, 0x30, 0x3c, 0xd8, 0xff, 0x30, 0x3c, 0xd8, 0xff,
    0x30, 0x3c, 0xd8, 0xff, 0x28, 0x38, 0xd0, 0xff, 0x30, 0x3c, 0xd8, 0xff,
    0x30, 0x3c, 0xd8, 0xff, 0x30, 0x3c, 0xd8, 0xff, 0x30, 0x40, 0xd8, 0xff,
    0x30, 0x40, 0xd8, 0xff, 0x38, 0x40, 0xe0, 0xff, 0x38, 0x40, 0xe0, 0xff,
    0x30, 0x40, 0xd8, 0xff, 0x30, 0x40, 0xd8, 0xff, 0x38, 0x40, 0xd8, 0xff,
    0x38, 0x40, 0xe0, 0xff, 0x38, 0x44, 0xe0, 0xff, 0x38, 0x44, 0xe0, 0xff,
    0x40, 0x48, 0xe8, 0xff, 0x38, 0x44, 0xe0, 0xff, 0x38, 0x44, 0xe0, 0xff,
    0x38, 0x44, 0xe0, 0xff, 0x38, 0x40, 0xe0, 0xff, 0x38, 0x44, 0xe8, 0xff,
    0x38, 0x44, 0xe0, 0xff, 0x40, 0x48, 0xe8, 0xff, 0x40, 0x48, 0xe8, 0xff,
    0x38, 0x48, 0xe0, 0xff, 0x40, 0x48, 0xe8, 0xff, 0x40, 0x48, 0xe8, 0xff,
    0x40, 0x4c, 0xe8, 0xff, 0x40, 0x4c, 0xe8, 0xff, 0x40, 0x48, 0xe8, 0xff,
    0x40, 0x4c, 0xe8, 0xff, 0x40, 0x4c, 0xf0, 0xff, 0x40, 0x4c, 0xe8, 0xff,
    0x40, 0x4c, 0xf0, 0xff, 0x40, 0x4c, 0xe8, 0xff, 0x40, 0x4c, 0xf0, 0xff,
    0x40, 0x4c, 0xf0, 0xff, 0x40, 0x4c, 0xf0, 0xff, 0x40, 0x50, 0xf0, 0xff,
    0x40, 0x50, 0xf0, 0xff, 0x48, 0x50, 0xf0, 0xff, 0x48, 0x50, 0xf0, 0xff,
    0x40, 0x50, 0xf0, 0xff, 0x40, 0x54, 0xf0, 0xff, 0x48, 0x54, 0xf8, 0xff,
    0x48, 0x54, 0xf0, 0xff, 0x40, 0x54, 0xf0, 0xff, 0x40, 0x50, 0xf0, 0xff,
    0x48, 0x54, 0xf8, 0xff, 0x48, 0x58, 0xf8, 0xff, 0x48, 0x54, 0xf0, 0xff,
    0x40, 0x4c, 0xe8, 0xff, 0x38, 0x48, 0xe8, 0xff, 0x38, 0x44, 0xe8, 0xff,
    0x30, 0x3c, 0xe0, 0xff, 0x30, 0x34, 0xd0, 0xff, 0x20, 0x2c, 0xa8, 0xff,
    0x18, 0x2c, 0x60, 0xff, 0x20, 0x2c, 0x70, 0xff, 0x20, 0x2c, 0x70, 0xff,
    0x18, 0x2c, 0x70, 0xff, 0x28, 0x38, 0x78, 0xff, 0x38, 0x44, 0x80, 0xff,
    0x40, 0x54, 0x90, 0xff, 0x30, 0x40, 0x78, 0xff, 0x48, 0x58, 0x98, 0xff,
    0x38, 0x44, 0x80, 0xff, 0x70, 0x74, 0xb0, 0xff, 0x50, 0x54, 0x70, 0xff,
    0xb8, 0xc0, 0xc0, 0xff, 0xb8, 0xc4, 0xc0, 0xff, 0xb8, 0xc0, 0xc0, 0xff,
    0xb8, 0xc0, 0xc0, 0xff, 0xb8, 0xc0, 0xb8, 0xff, 0xb0, 0xbc, 0xb8, 0xff,
    0xb0, 0xb4, 0xb0, 0xff, 0xb0, 0xb4, 0xb0, 0xff, 0xb0, 0xb8, 0xa8, 0xff,
    0xa8, 0xb4, 0xb0, 0xff, 0xb0, 0xb4, 0xb0, 0xff, 0xa8, 0xb4, 0xa8, 0xff,
    0xb0, 0xb4, 0xa8, 0xff, 0xb0, 0xb4, 0xb0, 0xff, 0xb0, 0xb8, 0xb0, 0xff,
    0xb0, 0xb8, 0xb0, 0xff, 0xb8, 0xbc, 0xb8, 0xff, 0xb0, 0xbc, 0xb8, 0xff,
    0xb8, 0xc0, 0xb8, 0xff, 0xb8, 0xc4, 0xc0, 0xff, 0xb8, 0xc4, 0xc0, 0xff,
    0xc0, 0xc8, 0xc8, 0xff, 0xc0, 0xc8, 0xc8, 0xff, 0xc0, 0xc8, 0xc8, 0xff,
    0xc0, 0xc8, 0xc8, 0xff, 0xc0, 0xcc, 0xc8, 0xff, 0xc0, 0xcc, 0xc8, 0xff,
    0xc0, 0xcc, 0xc8, 0xff, 0xc0, 0xcc, 0xc8, 0xff, 0xc0, 0xcc, 0xc8, 0xff,
    0xc0, 0xcc, 0xc8, 0xff, 0xc0, 0xcc, 0xc8, 0xff, 0xc8, 0xcc, 0xd0, 0xff,
    0xc0, 0xd0, 0xd0, 0xff, 0xc0, 0xd0, 0xd0, 0xff, 0xc8, 0xd0, 0xd0, 0xff,
    0xc8, 0xd0, 0xd0, 0xff, 0xc8, 0xd4, 0xd0, 0xff, 0xc0, 0xd0, 0xd0, 0xff,
    0xc8, 0xd0, 0xd0, 0xff, 0x80, 0x84, 0x98, 0xff, 0x18, 0x2c, 0x50, 0xff,
    0x18, 0x28, 0x58, 0xff, 0x18, 0x28, 0x60, 0xff, 0x18, 0x28, 0x60, 0xff,
    0x18, 0x2c, 0x60, 0xff, 0x18, 0x28, 0x50, 0xff, 0x30, 0x3c, 0x68, 0xff,
    0x88, 0x8c, 0xa8, 0xff, 0xc0, 0xcc, 0xd0, 0xff, 0xc0, 0xcc, 0xc8, 0xff,
    0xc8, 0xcc, 0xd0, 0xff, 0xc8, 0xd0, 0xd0, 0xff, 0xc8, 0xd0, 0xd0, 0xff,
    0xc0, 0xcc, 0xc8, 0xff, 0xc0, 0xc8, 0xc8, 0xff, 0xc0, 0xc8, 0xc8, 0xff,
    0xc0, 0xc8, 0xc8, 0xff, 0xc0, 0xc8, 0xc8, 0xff, 0xc0, 0xcc, 0xc8, 0xff,
    0xc0, 0xcc, 0xc8, 0xff, 0xc0, 0xcc, 0xc8, 0xff, 0xc0, 0xcc, 0xc8, 0xff,
    0xc0, 0xcc, 0xc8, 0xff, 0xc0, 0xcc, 0xc8, 0xff, 0xc0, 0xcc, 0xd0, 0xff,
    0xc8, 0xd0, 0xd0, 0xff, 0xc0, 0xcc, 0xc8, 0xff, 0xc8, 0xcc, 0xc8, 0xff,
    0xc8, 0xcc, 0xd0, 0xff, 0xc0, 0xd0, 0xd0, 0xff, 0xc8, 0xd0, 0xd0, 0xff,
    0xc8, 0xd0, 0xd0, 0xff, 0xc8, 0xd0, 0xd0, 0xff, 0xc8, 0xd4, 0xd0, 0xff,
    0xc8, 0xd4, 0xd0, 0xff, 0xc8, 0xd4, 0xd8, 0xff, 0xc8, 0xd4, 0xd0, 0xff,
    0xc8, 0xd4, 0xd8, 0xff, 0xc8, 0xd4, 0xd8, 0xff, 0xd0, 0xd8, 0xd8, 0xff,
    0xd0, 0xd8, 0xd8, 0xff, 0xc8, 0xd4, 0xd0, 0xff, 0xc8, 0xd4, 0xd0, 0xff,
    0xc8, 0xd4, 0xd0, 0xff, 0xc8, 0xd8, 0xd8, 0xff, 0xd0, 0xdc, 0xd8, 0xff,
    0xd0, 0xd8, 0xd8, 0xff, 0xd0, 0xd8, 0xd8, 0xff, 0x90, 0x90, 0xb0, 0xff,
    0x48, 0x48, 0x70, 0xff, 0x18, 0x28, 0x40, 0xff, 0x18, 0x2c, 0x50, 0xff,
    0x10, 0x24, 0x50, 0xff, 0x18, 0x24, 0x48, 0xff, 0x18, 0x24, 0x48, 0x41,
    0x30, 0x38, 0xd8, 0xff, 0x28, 0x38, 0xd0, 0xff, 0x30, 0x38, 0xd0, 0xff,
    0x30, 0x38, 0xd8, 0xff, 0x30, 0x3c, 0xd8, 0xff, 0x30, 0x3c, 0xd8, 0xff,
    0x30, 0x3c, 0xd8, 0xff, 0x30, 0x3c, 0xd8, 0xff, 0x28, 0x38, 0xd0, 0xff,
    0x28, 0x38, 0xd0, 0xff, 0x30, 0x38, 0xd8, 0xff, 0x30, 0x3c, 0xd8, 0xff,
    0x30, 0x40, 0xd8, 0xff, 0x38, 0x40, 0xe0, 0xff, 0x38, 0x40, 0xe0, 0xff,
    0x38, 0x40, 0xe0, 0xff, 0x38, 0x40, 0xe0, 0xff, 0x30, 0x40, 0xd8, 0xff,
    0x30, 0x40, 0xe0, 0xff, 0x38, 0x40, 0xe0, 0xff, 0x38, 0x44, 0xe0, 0xff,
    0x38, 0x44, 0xe0, 0xff, 0x38, 0x48, 0xe0, 0xff, 0x38, 0x44, 0xe8, 0xff,
    0x38, 0x40, 0xe0, 0xff, 0x38, 0x44, 0xe8, 0xff, 0x38, 0x44, 0xe8, 0xff,
    0x38, 0x44, 0xe0, 0xff, 0x38, 0x44, 0xe0, 0xff, 0x38, 0x44, 0xe8, 0xff,
    0x40, 0x48, 0xe8, 0xff, 0x38, 0x44, 0xe0, 0xff, 0x38, 0x48, 0xe0, 0xff,
    0x40, 0x48, 0xe8, 0xff, 0x38, 0x48, 0xe8, 0xff, 0x40, 0x4c, 0xf0, 0xff,
    0x40, 0x4c, 0xe8, 0xff, 0x40, 0x4c, 0xf0, 0xff, 0x40, 0x4c, 0xf0, 0xff,
    0x40, 0x4c, 0xf0, 0xff, 0x40, 0x4c, 0xf0, 0xff, 0x40, 0x4c, 0xe8, 0xff,
    0x40, 0x4c, 0xe8, 0xff, 0x40, 0x4c, 0xe8, 0xff, 0x40, 0x4c, 0xe8, 0xff,
    0x40, 0x4c, 0xf0, 0xff, 0x40, 0x4c, 0xe8, 0xff, 0x40, 0x4c, 0xe8, 0xff,
    0x40, 0x50, 0xf0, 0xff, 0x48, 0x54, 0xf0, 0xff, 0x40, 0x50, 0xf0, 0xff,
    0x48, 0x50, 0xf0, 0xff, 0x40, 0x54, 0xf0, 0xff, 0x40, 0x50, 0xf0, 0xff,
    0x40, 0x50, 0xf0, 0xff, 0x48, 0x54, 0xf0, 0xff, 0x48, 0x54, 0xf0, 0xff,
    0x40, 0x54, 0xf0, 0xff, 0x40, 0x50, 0xf0, 0xff, 0x40, 0x4c, 0xe8, 0xff,
    0x38, 0x44, 0xe8, 0xff, 0x30, 0x3c, 0xd8, 0xff, 0x30, 0x34, 0xd8, 0xff,
    0x28, 0x2c, 0xa8, 0xff, 0x18, 0x2c, 0x60, 0xff, 0x20, 0x2c, 0x68, 0xff,
    0x20, 0x30, 0x70, 0xff, 0x18, 0x2c, 0x70, 0xff, 0x28, 0x38, 0x78, 0xff,
    0x38, 0x48, 0x88, 0xff, 0x40, 0x54, 0x90, 0xff, 0x30, 0x40, 0x78, 0xff,
    0x40, 0x54, 0x90, 0xff, 0x38, 0x48, 0x80, 0xff, 0x70, 0x74, 0xb0, 0xff,
    0x50, 0x54, 0x70, 0xff, 0xc0, 0xc4, 0xc8, 0xff, 0xc0, 0xc8, 0xc8, 0xff,
    0xc0, 0xc8, 0xc0, 0xff, 0xc0, 0xc4, 0xc0, 0xff, 0xb8, 0xc4, 0xc0, 0xff,
    0xb8, 0xbc, 0xb8, 0xff, 0xb0, 0xb8, 0xb0, 0xff, 0xb0, 0xb8, 0xb0, 0xff,
    0xb0, 0xb8, 0xb0, 0xff, 0xb0, 0xb4, 0xb0, 0xff, 0xb0, 0xb8, 0xb0, 0xff,
    0xb0, 0xb8, 0xb0, 0xff, 0xb0, 0xb8, 0xb0, 0xff, 0xb0, 0xb8, 0xb0, 0xff,
    0xb8, 0xc0, 0xb8, 0xff, 0xc0, 0xc4, 0xc0, 0xff, 0xc0, 0xc8, 0xc8, 0xff,
    0xb8, 0xc8, 0xc8, 0xff, 0xc0, 0xc8, 0xc0, 0xff, 0xc0, 0xc4, 0xc8, 0xff,
    0xc0, 0xc8, 0xc8, 0xff, 0xc0, 0xcc, 0xc8, 0xff, 0xc0, 0xcc, 0xc8, 0xff,
    0xc0, 0xc8, 0xc8, 0xff, 0xb8, 0xc8, 0xc8, 0xff, 0xb8, 0xc8, 0xc8, 0xff,
    0xc0, 0xc8, 0xc8, 0xff, 0xc0, 0xcc, 0xc8, 0xff, 0xc0, 0xcc, 0xc8, 0xff,
    0xc0, 0xcc, 0xc8, 0xff, 0xc0, 0xcc, 0xc8, 0xff, 0xc8, 0xcc, 0xd0, 0xff,
    0xc8, 0xd0, 0xd0, 0xff, 0xc8, 0xd0, 0xd0, 0xff, 0xc8, 0xd4, 0xd0, 0xff,
    0xc8, 0xd4, 0xd8, 0xff, 0xc8, 0xd4, 0xd0, 0xff, 0xc8, 0xd4, 0xd0, 0xff,
    0xc0, 0xd0, 0xd0, 0xff, 0xc0, 0xd0, 0xd0, 0xff, 0x80, 0x80, 0x98, 0xff,
    0x20, 0x28, 0x58, 0xff, 0x18, 0x28, 0x58, 0xff, 0x18, 0x28, 0x60, 0xff,
    0x18, 0x28, 0x58, 0xff, 0x18, 0x28, 0x60, 0xff, 0x18, 0x28, 0x50, 0xff,
    0x30, 0x3c, 0x68, 0xff, 0x88, 0x90, 0xa8, 0xff, 0xc8, 0xd0, 0xd0, 0xff,
    0xc8, 0xd0, 0xd0, 0xff, 0xc8, 0xd0, 0xd0, 0xff, 0xc8, 0xd0, 0xd0, 0xff,
    0xc0, 0xd0, 0xd0, 0xff, 0xc0, 0xc8, 0xc8, 0xff, 0xc0, 0xc8, 0xc0, 0xff,
    0xc0, 0xc8, 0xc8, 0xff, 0xc0, 0xc8, 0xc8, 0xff, 0xc0, 0xc8, 0xc8, 0xff,
    0xc0, 0xc8, 0xc8, 0xff, 0xc0, 0xc8, 0xc0, 0xff, 0xc0, 0xc8, 0xc8, 0xff,
    0xc0, 0xc8, 0xc8, 0xff, 0xc0, 0xc8, 0xc8, 0xff, 0xc0, 0xcc, 0xc8, 0xff,
    0xc0, 0xd0, 0xc8, 0xff, 0xc8, 0xd0, 0xd0, 0xff, 0xc8, 0xd0, 0xd0, 0xff,
    0xc8, 0xcc, 0xd0, 0xff, 0xc8, 0xcc, 0xc8, 0xff, 0xc0, 0xd0, 0xd0, 0xff,
    0xc8, 0xd0, 0xd0, 0xff, 0xc8, 0xd0, 0xd0, 0xff, 0xc8, 0xd0, 0xd0, 0xff,
    0xc8, 0xd0, 0xd0, 0xff, 0xc8, 0xd4, 0xd0, 0xff, 0xc8, 0xd4, 0xd0, 0xff,
    0xd0, 0xd4, 0xd8, 0xff, 0xc8, 0xd4, 0xd8, 0xff, 0xd0, 0xd4, 0xd8, 0xff,
    0xd0, 0xd8, 0xd8, 0xff, 0xc8, 0xd8, 0xd8, 0xff, 0xd0, 0xd4, 0xd8, 0xff,
    0xc8, 0xd4, 0xd0, 0xff, 0xc8, 0xd4, 0xd0, 0xff, 0xd0, 0xd8, 0xe0, 0xff,
    0xd0, 0xd8, 0xd8, 0xff, 0xd0, 0xdc, 0xd8, 0xff, 0xd0, 0xd8, 0xd8, 0xff,
    0x90, 0x90, 0xb0, 0xff, 0x48, 0x48, 0x70, 0xff, 0x20, 0x28, 0x40, 0xff,
    0x18, 0x2c, 0x50, 0xff, 0x18, 0x24, 0x50, 0xff, 0x18, 0x24, 0x48, 0xff,
    0x18, 0x24, 0x48, 0x41, 0x30, 0x38, 0xd8, 0xff, 0x28, 0x38, 0xd8, 0xff,
    0x28, 0x34, 0xd0, 0xff, 0x28, 0x34, 0xd8, 0xff, 0x30, 0x38, 0xd8, 0xff,
    0x30, 0x3c, 0xd8, 0xff, 0x30, 0x38, 0xd8, 0xff, 0x30, 0x38, 0xd8, 0xff,
    0x30, 0x34, 0xd8, 0xff, 0x30, 0x38, 0xd8, 0xff, 0x30, 0x38, 0xd8, 0xff,
    0x30, 0x3c, 0xd8, 0xff, 0x30, 0x3c, 0xd8, 0xff, 0x30, 0x3c, 0xd8, 0xff,
    0x30, 0x3c, 0xd8, 0xff, 0x30, 0x40, 0xd8, 0xff, 0x30, 0x40, 0xe0, 0xff,
    0x38, 0x40, 0xe0, 0xff, 0x38, 0x40, 0xe0, 0xff, 0x38, 0x40, 0xe0, 0xff,
    0x38, 0x44, 0xe0, 0xff, 0x38, 0x40, 0xe0, 0xff, 0x38, 0x44, 0xe0, 0xff,
    0x38, 0x48, 0xe8, 0xff, 0x38, 0x40, 0xe0, 0xff, 0x38, 0x44, 0xe0, 0xff,
    0x38, 0x44, 0xe0, 0xff, 0x38, 0x40, 0xe8, 0xff, 0x38, 0x44, 0xe0, 0xff,
    0x38, 0x44, 0xe0, 0xff, 0x40, 0x44, 0xe8, 0xff, 0x38, 0x44, 0xe8, 0xff,
    0x38, 0x48, 0xe8, 0xff, 0x40, 0x44, 0xe8, 0xff, 0x40, 0x48, 0xe8, 0xff,
    0x40, 0x48, 0xe8, 0xff, 0x38, 0x48, 0xe8, 0xff, 0x40, 0x4c, 0xe8, 0xff,
    0x40, 0x4c, 0xe8, 0xff, 0x40, 0x4c, 0xe8, 0xff, 0x40, 0x4c, 0xe8, 0xff,
    0x40, 0x4c, 0xf0, 0xff, 0x40, 0x4c, 0xf0, 0xff, 0x40, 0x4c, 0xe8, 0xff,
    0x40, 0x4c, 0xe8, 0xff, 0x40, 0x4c, 0xe8, 0xff, 0x40, 0x4c, 0xf0, 0xff,
    0x40, 0x4c, 0xf0, 0xff, 0x40, 0x50, 0xf0, 0xff, 0x48, 0x54, 0xf0, 0xff,
    0x48, 0x54, 0xf8, 0xff, 0x40, 0x50, 0xf0, 0xff, 0x40, 0x50, 0xf0, 0xff,
    0x40, 0x50, 0xf0, 0xff, 0x40, 0x4c, 0xf0, 0xff, 0x48, 0x54, 0xf0, 0xff,
    0x48, 0x54, 0xf0, 0xff, 0x40, 0x54, 0xf8, 0xff, 0x40, 0x50, 0xf0, 0xff,
    0x40, 0x48, 0xe8, 0xff, 0x38, 0x44, 0xe8, 0xff, 0x30, 0x3c, 0xe0, 0xff,
    0x30, 0x34, 0xd8, 0xff, 0x28, 0x2c, 0xa8, 0xff, 0x18, 0x2c, 0x60, 0xff,
    0x20, 0x2c, 0x68, 0xff, 0x18, 0x2c, 0x70, 0xff, 0x18, 0x2c, 0x70, 0xff,
    0x28, 0x38, 0x78, 0xff, 0x38, 0x48, 0x80, 0xff, 0x48, 0x54, 0x90, 0xff,
    0x30, 0x3c, 0x78, 0xff, 0x40, 0x54, 0x90, 0xff, 0x30, 0x40, 0x78, 0xff,
    0x70, 0x74, 0xb0, 0xff, 0x50, 0x54, 0x70, 0xff, 0xc0, 0xc8, 0xc8, 0xff,
    0xc0, 0xcc, 0xc8, 0xff, 0xc0, 0xcc, 0xc8, 0xff, 0xc0, 0xc8, 0xc8, 0xff,
    0xb8, 0xc4, 0xc0, 0xff, 0xb8, 0xbc, 0xb8, 0xff, 0xb0, 0xb8, 0xb0, 0xff,
    0xb0, 0xb8, 0xb0, 0xff, 0xb0, 0xb8, 0xa8, 0xff, 0xb0, 0xb8, 0xb0, 0xff,
    0xb0, 0xb4, 0xb0, 0xff, 0xb0, 0xb8, 0xb0, 0xff, 0xb0, 0xbc, 0xb8, 0xff,
    0xb8, 0xc4, 0xc0, 0xff, 0xc0, 0xc8, 0xc8, 0xff, 0xc0, 0xc8, 0xc8, 0xff,
    0xc0, 0xcc, 0xc8, 0xff, 0xc0, 0xcc, 0xc8, 0xff, 0xc0, 0xc8, 0xc8, 0xff,
    0xc0, 0xc8, 0xc8, 0xff, 0xc0, 0xc8, 0xd0, 0xff, 0xc0, 0xcc, 0xc8, 0xff,
    0xc0, 0xc8, 0xc8, 0xff, 0xc0, 0xcc, 0xc8, 0xff, 0xc0, 0xcc, 0xc8, 0xff,
    0xc0, 0xc8, 0xc8, 0xff, 0xc0, 0xcc, 0xc8, 0xff, 0xc0, 0xc8, 0xc8, 0xff,
    0xc0, 0xcc, 0xc8, 0xff, 0xc0, 0xcc, 0xc8, 0xff, 0xc0, 0xcc, 0xc8, 0xff,
    0xc0, 0xd0, 0xd0, 0xff, 0xc8, 0xd0, 0xd0, 0xff, 0xc8, 0xd0, 0xd0, 0xff,
    0xc8, 0xd4, 0xd0, 0xff, 0xc8, 0xd4, 0xd8, 0xff, 0xc8, 0xd4, 0xd0, 0xff,
    0xc0, 0xd0, 0xd0, 0xff, 0xc8, 0xcc, 0xd0, 0xff, 0xc0, 0xd0, 0xc8, 0xff,
    0x78, 0x80, 0x98, 0xff, 0x20, 0x28, 0x50, 0xff, 0x18, 0x2c, 0x58, 0xff,
    0x18, 0x28, 0x60, 0xff, 0x18, 0x28, 0x60, 0xff, 0x20, 0x2c, 0x68, 0xff,
    0x18, 0x2c, 0x58, 0xff, 0x30, 0x3c, 0x68, 0xff, 0x90, 0x94, 0xb0, 0xff,
    0xc8, 0xd4, 0xd0, 0xff, 0xc8, 0xd4, 0xd0, 0xff, 0xc8, 0xd4, 0xd8, 0xff,
    0xc8, 0xd4, 0xd0, 0xff, 0xc0, 0xd0, 0xd0, 0xff, 0xc0, 0xcc, 0xc8, 0xff,
    0xc0, 0xc4, 0xc0, 0xff, 0xc0, 0xc8, 0xc0, 0xff, 0xc0, 0xc8, 0xc0, 0xff,
    0xc0, 0xc4, 0xc0, 0xff, 0xc0, 0xc8, 0xc0, 0xff, 0xc0, 0xc8, 0xc8, 0xff,
    0xc0, 0xc8, 0xc0, 0xff, 0xc0, 0xc8, 0xc8, 0xff, 0xc0, 0xc8, 0xc8, 0xff,
    0xc0, 0xcc, 0xc8, 0xff, 0xc8, 0xcc, 0xc8, 0xff, 0xc0, 0xcc, 0xc8, 0xff,
    0xc8, 0xd0, 0xd0, 0xff, 0xc8, 0xd0, 0xd0, 0xff, 0xc0, 0xd0, 0xc8, 0xff,
    0xc8, 0xd0, 0xc8, 0xff, 0xc8, 0xd0, 0xc8, 0xff, 0xc0, 0xd0, 0xd0, 0xff,
    0xc0, 0xcc, 0xd0, 0xff, 0xc8, 0xd0, 0xd0, 0xff, 0xc8, 0xd0, 0xd0, 0xff,
    0xc8, 0xd0, 0xd8, 0xff, 0xc8, 0xd4, 0xd0, 0xff, 0xd0, 0xd8, 0xd8, 0xff,
    0xc8, 0xd4, 0xd8, 0xff, 0xd0, 0xd8, 0xd8, 0xff, 0xc8, 0xd4, 0xd8, 0xff,
    0xc8, 0xd4, 0xd8, 0xff, 0xd0, 0xd4, 0xd8, 0xff, 0xc8, 0xd4, 0xd8, 0xff,
    0xc8, 0xd4, 0xd8, 0xff, 0xc8, 0xd4, 0xd8, 0xff, 0xc8, 0xd4, 0xd8, 0xff,
    0xc8, 0xd4, 0xd0, 0xff, 0x90, 0x90, 0xa8, 0xff, 0x48, 0x4c, 0x70, 0xff,
    0x18, 0x28, 0x40, 0xff, 0x20, 0x2c, 0x50, 0xff, 0x18, 0x24, 0x50, 0xff,
    0x18, 0x24, 0x48, 0xff, 0x18, 0x24, 0x48, 0x41, 0x30, 0x38, 0xd8, 0xff,
    0x30, 0x38, 0xd8, 0xff, 0x28, 0x38, 0xd0, 0xff, 0x30, 0x34, 0xd8, 0xff,
    0x30, 0x38, 0xd8, 0xff, 0x30, 0x3c, 0xd8, 0xff, 0x30, 0x38, 0xd8, 0xff,
    0x30, 0x38, 0xd8, 0xff, 0x28, 0x34, 0xd8, 0xff, 0x28, 0x38, 0xd8, 0xff,
    0x30, 0x38, 0xd8, 0xff, 0x30, 0x38, 0xd8, 0xff, 0x30, 0x3c, 0xe0, 0xff,
    0x30, 0x3c, 0xd8, 0xff, 0x38, 0x40, 0xe0, 0xff, 0x38, 0x40, 0xe0, 0xff,
    0x30, 0x40, 0xd8, 0xff, 0x30, 0x40, 0xd8, 0xff, 0x38, 0x40, 0xe0, 0xff,
    0x30, 0x40, 0xe0, 0xff, 0x38, 0x44, 0xe0, 0xff, 0x38, 0x44, 0xe0, 0xff,
    0x38, 0x44, 0xe0, 0xff, 0x38, 0x44, 0xe0, 0xff, 0x38, 0x40, 0xe0, 0xff,
    0x38, 0x44, 0xe0, 0xff, 0x38, 0x44, 0xe8, 0xff, 0x38, 0x44, 0xe8, 0xff,
    0x38, 0x44, 0xe8, 0xff, 0x38, 0x44, 0xe8, 0xff, 0x40, 0x48, 0xe8, 0xff,
    0x38, 0x44, 0xe8, 0xff, 0x38, 0x44, 0xe8, 0xff, 0x40, 0x48, 0xe8, 0xff,
    0x40, 0x48, 0xe8, 0xff, 0x40, 0x4c, 0xe8, 0xff, 0x38, 0x44, 0xe8, 0xff,
    0x38, 0x48, 0xe8, 0xff, 0x40, 0x48, 0xe8, 0xff, 0x40, 0x48, 0xe8, 0xff,
    0x40, 0x48, 0xe8, 0xff, 0x40, 0x4c, 0xe8, 0xff, 0x40, 0x4c, 0xf0, 0xff,
    0x40, 0x4c, 0xf0, 0xff, 0x40, 0x48, 0xe8, 0xff, 0x40, 0x4c, 0xe8, 0xff,
    0x40, 0x4c, 0xf0, 0xff, 0x40, 0x50, 0xf0, 0xff, 0x40, 0x50, 0xf0, 0xff,
    0x40, 0x50, 0xf0, 0xff, 0x40, 0x50, 0xf0, 0xff, 0x48, 0x50, 0xf0, 0xff,
    0x48, 0x50, 0xf0, 0xff, 0x40, 0x50, 0xf0, 0xff, 0x48, 0x54, 0xf8, 0xff,
    0x48, 0x54, 0xf0, 0xff, 0x40, 0x50, 0xf8, 0xff, 0x48, 0x50, 0xf0, 0xff,
    0x40, 0x4c, 0xf0, 0xff, 0x38, 0x48, 0xe8, 0xff, 0x38, 0x40, 0xe0, 0xff,
    0x30, 0x3c, 0xd8, 0xff, 0x30, 0x34, 0xd0, 0xff, 0x28, 0x2c, 0xa8, 0xff,
    0x18, 0x2c, 0x68, 0xff, 0x20, 0x2c, 0x70, 0xff, 0x20, 0x30, 0x70, 0xff,
    0x20, 0x2c, 0x70, 0xff, 0x28, 0x38, 0x78, 0xff, 0x38, 0x44, 0x80, 0xff,
    0x40, 0x54, 0x90, 0xff, 0x30, 0x3c, 0x78, 0xff, 0x40, 0x54, 0x90, 0xff,
    0x30, 0x40, 0x78, 0xff, 0x70, 0x74, 0xb0, 0xff, 0x50, 0x54, 0x70, 0xff,
    0xc0, 0xc8, 0xc8, 0xff, 0xc0, 0xcc, 0xd0, 0xff, 0xc0, 0xcc, 0xd0, 0xff,
    0xc0, 0xc8, 0xc8, 0xff, 0xb8, 0xc4, 0xc0, 0xff, 0xb0, 0xbc, 0xb8, 0xff,
    0xb0, 0xb4, 0xa8, 0xff, 0xb0, 0xb8, 0xb0, 0xff, 0xb0, 0xb8, 0xb0, 0xff,
    0xb0, 0xb8, 0xb0, 0xff, 0xb0, 0xb8, 0xb0, 0xff, 0xb8, 0xbc, 0xb8, 0xff,
    0xb8, 0xc4, 0xc0, 0xff, 0xc0, 0xcc, 0xc8, 0xff, 0xc0, 0xc8, 0xc8, 0xff,
    0xc0, 0xcc, 0xc8, 0xff, 0xc0, 0xcc, 0xd0, 0xff, 0xc0, 0xcc, 0xc8, 0xff,
    0xc0, 0xc8, 0xc8, 0xff, 0xc0, 0xc8, 0xc8, 0xff, 0xc0, 0xc8, 0xc8, 0xff,
    0xc0, 0xcc, 0xc8, 0xff, 0xc0, 0xc8, 0xc8, 0xff, 0xc0, 0xc8, 0xc8, 0xff,
    0xc0, 0xc8, 0xc8, 0xff, 0xc0, 0xc8, 0xc8, 0xff, 0xc0, 0xcc, 0xc8, 0xff,
    0xc0, 0xc8, 0xc8, 0xff, 0xc0, 0xc8, 0xc8, 0xff, 0xc0, 0xc8, 0xc8, 0xff,
    0xc0, 0xc8, 0xc8, 0xff, 0xc0, 0xcc, 0xc8, 0xff, 0xc0, 0xcc, 0xd0, 0xff,
    0xc0, 0xcc, 0xd0, 0xff, 0xc0, 0xd0, 0xd0, 0xff, 0xc8, 0xd0, 0xd0, 0xff,
    0xc0, 0xd0, 0xd0, 0xff, 0xc0, 0xcc, 0xd0, 0xff, 0xc8, 0xcc, 0xd0, 0xff,
    0xc0, 0xcc, 0xc8, 0xff, 0x78, 0x80, 0x98, 0xff, 0x18, 0x2c, 0x50, 0xff,
    0x18, 0x28, 0x58, 0xff, 0x18, 0x2c, 0x60, 0xff, 0x18, 0x28, 0x60, 0xff,
    0x18, 0x2c, 0x60, 0xff, 0x18, 0x28, 0x50, 0xff, 0x30, 0x3c, 0x68, 0xff,
    0x90, 0x94, 0xb0, 0xff, 0xc8, 0xd4, 0xd8, 0xff, 0xc8, 0xd4, 0xd0, 0xff,
    0xc8, 0xd4, 0xd8, 0xff, 0xc8, 0xd4, 0xd8, 0xff, 0xc8, 0xd0, 0xd0, 0xff,
    0xc0, 0xcc, 0xc8, 0xff, 0xc0, 0xc8, 0xc8, 0xff, 0xc0, 0xc4, 0xc0, 0xff,
    0xc0, 0xc8, 0xc8, 0xff, 0xc0, 0xc4, 0xc0, 0xff, 0xc0, 0xc8, 0xc8, 0xff,
    0xc0, 0xc8, 0xc0, 0xff, 0xc0, 0xc8, 0xc8, 0xff, 0xc0, 0xcc, 0xc8, 0xff,
    0xc0, 0xc8, 0xc8, 0xff, 0xc0, 0xcc, 0xc8, 0xff, 0xc8, 0xcc, 0xc8, 0xff,
    0xc0, 0xd0, 0xd0, 0xff, 0xc8, 0xcc, 0xc8, 0xff, 0xc8, 0xcc, 0xd0, 0xff,
    0xc8, 0xd0, 0xd0, 0xff, 0xc8, 0xd0, 0xc8, 0xff, 0xc0, 0xcc, 0xc8, 0xff,
    0xc8, 0xd0, 0xd0, 0xff, 0xc8, 0xd0, 0xd0, 0xff, 0xc8, 0xd0, 0xd0, 0xff,
    0xc8, 0xd4, 0xd0, 0xff, 0xc8, 0xd4, 0xd0, 0xff, 0xc8, 0xd4, 0xd0, 0xff,
    0xd0, 0xd8, 0xd8, 0xff, 0xc8, 0xd4, 0xd8, 0xff, 0xd0, 0xd8, 0xd0, 0xff,
    0xd0, 0xd8, 0xd8, 0xff, 0xc8, 0xd4, 0xd8, 0xff, 0xc8, 0xd4, 0xd0, 0xff,
    0xd0, 0xd4, 0xd0, 0xff, 0xd0, 0xd4, 0xd0, 0xff, 0xc8, 0xd4, 0xd8, 0xff,
    0xc8, 0xd4, 0xd0, 0xff, 0xc8, 0xd0, 0xd0, 0xff, 0x90, 0x8c, 0xa8, 0xff,
    0x48, 0x48, 0x78, 0xff, 0x18, 0x2c, 0x40, 0xff, 0x20, 0x28, 0x50, 0xff,
    0x18, 0x24, 0x50, 0xff, 0x18, 0x24, 0x48, 0xff, 0x18, 0x24, 0x48, 0x41,
    0x28, 0x38, 0xd8, 0xff, 0x28, 0x38, 0xd8, 0xff, 0x30, 0x34, 0xd8, 0xff,
    0x28, 0x34, 0xd8, 0xff, 0x30, 0x38, 0xd8, 0xff, 0x30, 0x38, 0xd8, 0xff,
    0x28, 0x38, 0xd8, 0xff, 0x30, 0x38, 0xd8, 0xff, 0x28, 0x34, 0xd8, 0xff,
    0x28, 0x34, 0xd0, 0xff, 0x28, 0x34, 0xd8, 0xff, 0x30, 0x38, 0xd8, 0xff,
    0x30, 0x3c, 0xd8, 0xff, 0x30, 0x3c, 0xd8, 0xff, 0x30, 0x3c, 0xd8, 0xff,
    0x30, 0x3c, 0xe0, 0xff, 0x30, 0x3c, 0xd8, 0xff, 0x38, 0x40, 0xe0, 0xff,
    0x30, 0x40, 0xd8, 0xff, 0x38, 0x40, 0xe0, 0xff, 0x38, 0x40, 0xe0, 0xff,
    0x38, 0x44, 0xe0, 0xff, 0x38, 0x44, 0xe0, 0xff, 0x38, 0x44, 0xe0, 0xff,
    0x38, 0x44, 0xe0, 0xff, 0x38, 0x44, 0xe0, 0xff, 0x40, 0x44, 0xe8, 0xff,
    0x38, 0x44, 0xe0, 0xff, 0x38, 0x40, 0xe0, 0xff, 0x38, 0x44, 0xe0, 0xff,
    0x38, 0x44, 0xe0, 0xff, 0x38, 0x44, 0xe0, 0xff, 0x38, 0x44, 0xe0, 0xff,
    0x40, 0x44, 0xe8, 0xff, 0x38, 0x48, 0xe8, 0xff, 0x40, 0x48, 0xe8, 0xff,
    0x40, 0x48, 0xe8, 0xff, 0x38, 0x44, 0xe8, 0xff, 0x40, 0x48, 0xe8, 0xff,
    0x40, 0x48, 0xe8, 0xff, 0x40, 0x48, 0xe8, 0xff, 0x40, 0x48, 0xe8, 0xff,
    0x40, 0x4c, 0xf0, 0xff, 0x40, 0x4c, 0xe8, 0xff, 0x40, 0x48, 0xe8, 0xff,
    0x40, 0x4c, 0xf0, 0xff, 0x40, 0x4c, 0xe8, 0xff, 0x40, 0x4c, 0xf0, 0xff,
    0x40, 0x50, 0xf0, 0xff, 0x40, 0x4c, 0xf0, 0xff, 0x40, 0x4c, 0xf0, 0xff,
    0x40, 0x50, 0xf0, 0xff, 0x40, 0x50, 0xf0, 0xff, 0x40, 0x50, 0xf0, 0xff,
    0x40, 0x50, 0xf0, 0xff, 0x40, 0x50, 0xf0, 0xff, 0x40, 0x50, 0xf0, 0xff,
    0x40, 0x50, 0xf0, 0xff, 0x40, 0x4c, 0xe8, 0xff, 0x38, 0x44, 0xe8, 0xff,
    0x38, 0x40, 0xe0, 0xff, 0x30, 0x3c, 0xd8, 0xff, 0x30, 0x34, 0xd8, 0xff,
    0x20, 0x28, 0xa8, 0xff, 0x18, 0x2c, 0x60, 0xff, 0x20, 0x2c, 0x70, 0xff,
    0x20, 0x30, 0x70, 0xff, 0x20, 0x30, 0x70, 0xff, 0x28, 0x38, 0x78, 0xff,
    0x38, 0x48, 0x80, 0xff, 0x40, 0x54, 0x90, 0xff, 0x30, 0x3c, 0x78, 0xff,
    0x40, 0x50, 0x90, 0xff, 0x30, 0x40, 0x78, 0xff, 0x70, 0x74, 0xb0, 0xff,
    0x50, 0x50, 0x70, 0xff, 0xc0, 0xc8, 0xc8, 0xff, 0xc0, 0xcc, 0xd0, 0xff,
    0xc0, 0xcc, 0xc8, 0xff, 0xc0, 0xc8, 0xc8, 0xff, 0xb8, 0xc0, 0xc0, 0xff,
    0xb0, 0xbc, 0xb8, 0xff, 0xb0, 0xb4, 0xb0, 0xff, 0xb0, 0xb8, 0xb0, 0xff,
    0xb0, 0xb8, 0xb0, 0xff, 0xb0, 0xbc, 0xb0, 0xff, 0xb8, 0xc0, 0xb8, 0xff,
    0xb8, 0xc4, 0xc0, 0xff, 0xc0, 0xcc, 0xc8, 0xff, 0xc0, 0xcc, 0xc8, 0xff,
    0xc0, 0xc8, 0xc8, 0xff, 0xc0, 0xcc, 0xc8, 0xff, 0xc0, 0xcc, 0xd0, 0xff,
    0xc0, 0xcc, 0xc8, 0xff, 0xc0, 0xc8, 0xc8, 0xff, 0xc0, 0xc8, 0xc8, 0xff,
    0xc0, 0xc8, 0xc8, 0xff, 0xc0, 0xcc, 0xc8, 0xff, 0xc0, 0xc8, 0xc8, 0xff,
    0xc0, 0xc8, 0xc8, 0xff, 0xb8, 0xc8, 0xc8, 0xff, 0xc0, 0xc8, 0xc0, 0xff,
    0xc0, 0xc8, 0xc8, 0xff, 0xb8, 0xc8, 0xc8, 0xff, 0xb8, 0xc8, 0xc0, 0xff,
    0xc0, 0xc8, 0xc8, 0xff, 0xc0, 0xc8, 0xc8, 0xff, 0xc0, 0xcc, 0xc8, 0xff,
    0xc0, 0xcc, 0xd0, 0xff, 0xc0, 0xcc, 0xd0, 0xff, 0xc8, 0xd0, 0xd0, 0xff,
    0xc8, 0xd0, 0xd0, 0xff, 0xc0, 0xd0, 0xd0, 0xff, 0xc0, 0xcc, 0xd0, 0xff,
    0xc0, 0xcc, 0xd0, 0xff, 0xc0, 0xcc, 0xc8, 0xff, 0x80, 0x84, 0x98, 0xff,
    0x18, 0x28, 0x58, 0xff, 0x18, 0x28, 0x58, 0xff, 0x18, 0x2c, 0x60, 0xff,
    0x18, 0x2c, 0x60, 0xff, 0x18, 0x2c, 0x60, 0xff, 0x18, 0x28, 0x58, 0xff,
    0x30, 0x3c, 0x68, 0xff, 0x90, 0x94, 0xb0, 0xff, 0xc8, 0xd4, 0xd8, 0xff,
    0xc8, 0xd4, 0xd0, 0xff, 0xc8, 0xd4, 0xd0, 0xff, 0xc8, 0xd8, 0xd8, 0xff,
    0xc8, 0xd4, 0xd0, 0xff, 0xc0, 0xcc, 0xd0, 0xff, 0xc0, 0xc8, 0xc8, 0xff,
    0xc0, 0xc8, 0xc0, 0xff, 0xc0, 0xc4, 0xc0, 0xff, 0xc0, 0xc8, 0xc8, 0xff,
    0xc0, 0xc4, 0xc0, 0xff, 0xc0, 0xc4, 0xc0, 0xff, 0xc0, 0xc8, 0xc8, 0xff,
    0xc0, 0xc8, 0xc8, 0xff, 0xc0, 0xc8, 0xc0, 0xff, 0xc0, 0xc8, 0xc8, 0xff,
    0xc0, 0xcc, 0xc8, 0xff, 0xc8, 0xd0, 0xc8, 0xff, 0xc0, 0xcc, 0xd0, 0xff,
    0xc0, 0xcc, 0xc8, 0xff, 0xc8, 0xcc, 0xd0, 0xff, 0xc0, 0xcc, 0xd0, 0xff,
    0xc8, 0xcc, 0xc8, 0xff, 0xc8, 0xd0, 0xd0, 0xff, 0xc8, 0xd0, 0xd0, 0xff,
    0xc8, 0xd4, 0xd0, 0xff, 0xc8, 0xd4, 0xd8, 0xff, 0xc8, 0xd4, 0xd8, 0xff,
    0xc8, 0xd4, 0xd0, 0xff, 0xd0, 0xd4, 0xd8, 0xff, 0xc8, 0xd4, 0xd8, 0xff,
    0xd0, 0xd8, 0xd8, 0xff, 0xd0, 0xd8, 0xd8, 0xff, 0xc8, 0xd4, 0xd8, 0xff,
    0xc8, 0xd4, 0xd0, 0xff, 0xc8, 0xd4, 0xd0, 0xff, 0xc8, 0xd4, 0xd0, 0xff,
    0xc8, 0xd4, 0xd0, 0xff, 0xc8, 0xd0, 0xd0, 0xff, 0xc8, 0xd0, 0xd0, 0xff,
    0x90, 0x8c, 0xa8, 0xff, 0x48, 0x48, 0x78, 0xff, 0x18, 0x28, 0x40, 0xff,
    0x20, 0x2c, 0x50, 0xff, 0x10, 0x24, 0x50, 0xff, 0x18, 0x24, 0x48, 0xff,
    0x18, 0x24, 0x48, 0x41, 0x30, 0x38, 0xd8, 0xff, 0x30, 0x34, 0xd8, 0xff,
    0x30, 0x38, 0xd8, 0xff, 0x28, 0x38, 0xd8, 0xff, 0x30, 0x38, 0xd8, 0xff,
    0x30, 0x38, 0xd8, 0xff, 0x28, 0x38, 0xd8, 0xff, 0x30, 0x38, 0xd8, 0xff,
    0x30, 0x38, 0xd8, 0xff, 0x28, 0x34, 0xd8, 0xff, 0x28, 0x34, 0xd0, 0xff,
    0x30, 0x38, 0xd8, 0xff, 0x30, 0x38, 0xd8, 0xff, 0x30, 0x38, 0xd8, 0xff,
    0x30, 0x38, 0xd8, 0xff, 0x30, 0x3c, 0xd8, 0xff, 0x30, 0x3c, 0xd8, 0xff,
    0x30, 0x3c, 0xd8, 0xff, 0x30, 0x3c, 0xe0, 0xff, 0x38, 0x40, 0xe0, 0xff,
    0x38, 0x40, 0xe0, 0xff, 0x38, 0x44, 0xe0, 0xff, 0x38, 0x44, 0xe0, 0xff,
    0x38, 0x44, 0xe8, 0xff, 0x38, 0x44, 0xe0, 0xff, 0x38, 0x44, 0xe8, 0xff,
    0x40, 0x44, 0xe8, 0xff, 0x38, 0x40, 0xe0, 0xff, 0x38, 0x40, 0xe0, 0xff,
    0x38, 0x40, 0xe0, 0xff, 0x38, 0x44, 0xe8, 0xff, 0x38, 0x44, 0xe0, 0xff,
    0x40, 0x44, 0xe8, 0xff, 0x38, 0x44, 0xe8, 0xff, 0x40, 0x48, 0xe8, 0xff,
    0x40, 0x4c, 0xe8, 0xff, 0x40, 0x4c, 0xf0, 0xff, 0x38, 0x48, 0xe8, 0xff,
    0x38, 0x44, 0xe8, 0xff, 0x40, 0x4c, 0xe8, 0xff, 0x38, 0x48, 0xe8, 0xff,
    0x40, 0x4c, 0xe8, 0xff, 0x38, 0x48, 0xe8, 0xff, 0x40, 0x4c, 0xe8, 0xff,
    0x38, 0x48, 0xe8, 0xff, 0x40, 0x4c, 0xf0, 0xff, 0x40, 0x4c, 0xe8, 0xff,
    0x40, 0x4c, 0xe8, 0xff, 0x40, 0x50, 0xf0, 0xff, 0x40, 0x4c, 0xe8, 0xff,
    0x40, 0x50, 0xf0, 0xff, 0x40, 0x54, 0xf0, 0xff, 0x40, 0x50, 0xf0, 0xff,
    0x40, 0x4c, 0xf0, 0xff, 0x40, 0x4c, 0xf0, 0xff, 0x40, 0x50, 0xf0, 0xff,
    0x48, 0x50, 0xf0, 0xff, 0x40, 0x50, 0xf0, 0xff, 0x40, 0x4c, 0xe8, 0xff,
    0x38, 0x44, 0xe8, 0xff, 0x30, 0x3c, 0xe0, 0xff, 0x28, 0x34, 0xd0, 0xff,
    0x30, 0x30, 0xd0, 0xff, 0x20, 0x28, 0xa0, 0xff, 0x18, 0x2c, 0x60, 0xff,
    0x20, 0x2c, 0x70, 0xff, 0x18, 0x2c, 0x70, 0xff, 0x20, 0x30, 0x70, 0xff,
    0x28, 0x3c, 0x78, 0xff, 0x38, 0x48, 0x88, 0xff, 0x40, 0x54, 0x90, 0xff,
    0x30, 0x3c, 0x78, 0xff, 0x40, 0x4c, 0x90, 0xff, 0x30, 0x40, 0x78, 0xff,
    0x70, 0x78, 0xb0, 0xff, 0x50, 0x50, 0x70, 0xff, 0xc0, 0xc8, 0xc8, 0xff,
    0xc0, 0xcc, 0xd0, 0xff, 0xc0, 0xcc, 0xc8, 0xff, 0xc0, 0xc8, 0xc0, 0xff,
    0xb8, 0xc0, 0xb8, 0xff, 0xb0, 0xbc, 0xb0, 0xff, 0xb0, 0xb8, 0xb0, 0xff,
    0xb0, 0xb8, 0xb0, 0xff, 0xb0, 0xb8, 0xb0, 0xff, 0xb8, 0xc0, 0xb8, 0xff,
    0xc0, 0xc8, 0xc8, 0xff, 0xc0, 0xcc, 0xd0, 0xff, 0xc0, 0xcc, 0xc8, 0xff,
    0xc0, 0xcc, 0xd0, 0xff, 0xc8, 0xcc, 0xd0, 0xff, 0xc0, 0xcc, 0xc8, 0xff,
    0xc0, 0xcc, 0xd0, 0xff, 0xc0, 0xcc, 0xd0, 0xff, 0xc0, 0xc8, 0xc8, 0xff,
    0xc0, 0xc8, 0xc8, 0xff, 0xc0, 0xc8, 0xc8, 0xff, 0xb8, 0xc8, 0xc8, 0xff,
    0xc0, 0xc4, 0xc8, 0xff, 0xc0, 0xc8, 0xc8, 0xff, 0xb8, 0xc8, 0xc0, 0xff,
    0xc0, 0xc8, 0xc8, 0xff, 0xc0, 0xc8, 0xc8, 0xff, 0xc0, 0xc4, 0xc0, 0xff,
    0xc0, 0xc8, 0xc0, 0xff, 0xc0, 0xc8, 0xc8, 0xff, 0xc0, 0xcc, 0xc8, 0xff,
    0xc0, 0xc8, 0xc8, 0xff, 0xc0, 0xcc, 0xc8, 0xff, 0xc0, 0xcc, 0xc8, 0xff,
    0xc8, 0xd0, 0xd0, 0xff, 0xc0, 0xd0, 0xd0, 0xff, 0xc0, 0xcc, 0xd0, 0xff,
    0xc0, 0xcc, 0xc8, 0xff, 0xc0, 0xcc, 0xc8, 0xff, 0xc8, 0xd0, 0xd0, 0xff,
    0x80, 0x80, 0x98, 0xff, 0x18, 0x28, 0x58, 0xff, 0x18, 0x2c, 0x58, 0xff,
    0x18, 0x28, 0x60, 0xff, 0x20, 0x2c, 0x60, 0xff, 0x18, 0x2c, 0x68, 0xff,
    0x18, 0x28, 0x58, 0xff, 0x30, 0x3c, 0x68, 0xff, 0x90, 0x94, 0xb0, 0xff,
    0xc8, 0xd4, 0xd8, 0xff, 0xc8, 0xd4, 0xd8, 0xff, 0xc8, 0xd4, 0xd8, 0xff,
    0xc8, 0xd4, 0xd0, 0xff, 0xc8, 0xd4, 0xd0, 0xff, 0xc8, 0xd0, 0xd0, 0xff,
    0xc0, 0xc8, 0xc8, 0xff, 0xc0, 0xc4, 0xc0, 0xff, 0xc0, 0xc8, 0xc0, 0xff,
    0xc0, 0xc4, 0xc8, 0xff, 0xc0, 0xc4, 0xc0, 0xff, 0xc0, 0xc4, 0xc0, 0xff,
    0xc0, 0xc8, 0xc0, 0xff, 0xc0, 0xc8, 0xc0, 0xff, 0xc0, 0xc8, 0xc8, 0xff,
    0xc0, 0xc8, 0xc8, 0xff, 0xc0, 0xcc, 0xc8, 0xff, 0xc8, 0xcc, 0xc8, 0xff,
    0xc8, 0xd0, 0xc8, 0xff, 0xc8, 0xd0, 0xc8, 0xff, 0xc0, 0xcc, 0xc8, 0xff,
    0xc8, 0xd0, 0xd0, 0xff, 0xc8, 0xd0, 0xd0, 0xff, 0xc8, 0xd4, 0xd0, 0xff,
    0xc8, 0xd4, 0xd8, 0xff, 0xc8, 0xd4, 0xd8, 0xff, 0xc8, 0xd4, 0xd0, 0xff,
    0xd0, 0xd4, 0xd8, 0xff, 0xc8, 0xd4, 0xd8, 0xff, 0xd0, 0xd8, 0xd8, 0xff,
    0xc8, 0xd4, 0xd0, 0xff, 0xd0, 0xd8, 0xd8, 0xff, 0xd0, 0xd8, 0xd8, 0xff,
    0xd0, 0xd8, 0xd8, 0xff, 0xc8, 0xd4, 0xd0, 0xff, 0xc8, 0xd4, 0xd8, 0xff,
    0xc8, 0xd0, 0xd0, 0xff, 0xd0, 0xd4, 0xd8, 0xff, 0xd0, 0xd4, 0xd8, 0xff,
    0xc8, 0xd4, 0xd0, 0xff, 0x90, 0x8c, 0xa8, 0xff, 0x48, 0x48, 0x78, 0xff,
    0x20, 0x2c, 0x40, 0xff, 0x18, 0x2c, 0x50, 0xff, 0x18, 0x24, 0x48, 0xff,
    0x18, 0x24, 0x48, 0xff, 0x18, 0x24, 0x48, 0x41, 0x28, 0x38, 0xd0, 0xff,
    0x30, 0x34, 0xd8, 0xff, 0x30, 0x38, 0xd8, 0xff, 0x28, 0x38, 0xd8, 0xff,
    0x30, 0x38, 0xd8, 0xff, 0x30, 0x38, 0xd8, 0xff, 0x30, 0x38, 0xd8, 0xff,
    0x28, 0x38, 0xd8, 0xff, 0x30, 0x38, 0xd8, 0xff, 0x30, 0x38, 0xd8, 0xff,
    0x28, 0x34, 0xd8, 0xff, 0x28, 0x34, 0xd8, 0xff, 0x30, 0x38, 0xd8, 0xff,
    0x30, 0x38, 0xe0, 0xff, 0x30, 0x3c, 0xd8, 0xff, 0x30, 0x3c, 0xd8, 0xff,
    0x30, 0x38, 0xd8, 0xff, 0x30, 0x3c, 0xd8, 0xff, 0x30, 0x3c, 0xe0, 0xff,
    0x38, 0x40, 0xe0, 0xff, 0x38, 0x40, 0xe0, 0xff, 0x30, 0x40, 0xe0, 0xff,
    0x38, 0x40, 0xe0, 0xff, 0x38, 0x44, 0xe0, 0xff, 0x38, 0x44, 0xe0, 0xff,
    0x38, 0x44, 0xe0, 0xff, 0x38, 0x44, 0xe8, 0xff, 0x38, 0x44, 0xe0, 0xff,
    0x38, 0x44, 0xe0, 0xff, 0x38, 0x44, 0xe8, 0xff, 0x38, 0x40, 0xe0, 0xff,
    0x38, 0x44, 0xe0, 0xff, 0x38, 0x44, 0xe8, 0xff, 0x38, 0x44, 0xe8, 0xff,
    0x38, 0x44, 0xe0, 0xff, 0x38, 0x48, 0xe8, 0xff, 0x40, 0x4c, 0xe8, 0xff,
    0x38, 0x48, 0xe8, 0xff, 0x38, 0x44, 0xe8, 0xff, 0x38, 0x44, 0xe8, 0xff,
    0x38, 0x48, 0xe8, 0xff, 0x40, 0x4c, 0xf0, 0xff, 0x40, 0x48, 0xe8, 0xff,
    0x40, 0x4c, 0xe8, 0xff, 0x38, 0x48, 0xe8, 0xff, 0x40, 0x4c, 0xe8, 0xff,
    0x40, 0x4c, 0xf0, 0xff, 0x40, 0x4c, 0xf0, 0xff, 0x40, 0x4c, 0xe8, 0xff,
    0x40, 0x4c, 0xe8, 0xff, 0x40, 0x4c, 0xf0, 0xff, 0x40, 0x4c, 0xe8, 0xff,
    0x40, 0x4c, 0xf0, 0xff, 0x40, 0x4c, 0xe8, 0xff, 0x40, 0x4c, 0xf0, 0xff,
    0x48, 0x50, 0xf0, 0xff, 0x48, 0x50, 0xf0, 0xff, 0x48, 0x54, 0xf0, 0xff,
    0x40, 0x50, 0xf0, 0xff, 0x38, 0x48, 0xe8, 0xff, 0x38, 0x44, 0xe0, 0xff,
    0x30, 0x3c, 0xe0, 0xff, 0x30, 0x34, 0xd8, 0xff, 0x20, 0x28, 0xa0, 0xff,
    0x18, 0x2c, 0x60, 0xff, 0x20, 0x2c, 0x70, 0xff, 0x20, 0x2c, 0x70, 0xff,
    0x20, 0x2c, 0x70, 0xff, 0x28, 0x38, 0x78, 0xff, 0x38, 0x44, 0x80, 0xff,
    0x40, 0x54, 0x88, 0xff, 0x30, 0x3c, 0x78, 0xff, 0x38, 0x4c, 0x90, 0xff,
    0x38, 0x44, 0x80, 0xff, 0x78, 0x7c, 0xb0, 0xff, 0x50, 0x54, 0x70, 0xff,
    0xc0, 0xc8, 0xc8, 0xff, 0xc0, 0xcc, 0xd0, 0xff, 0xc0, 0xc8, 0xc8, 0xff,
    0xb8, 0xc0, 0xb8, 0xff, 0xb8, 0xbc, 0xb8, 0xff, 0xb0, 0xbc, 0xb8, 0xff,
    0xb0, 0xb8, 0xb0, 0xff, 0xb0, 0xb8, 0xb0, 0xff, 0xb0, 0xbc, 0xb8, 0xff,
    0xb8, 0xc4, 0xc0, 0xff, 0xc0, 0xc8, 0xc8, 0xff, 0xc0, 0xc8, 0xc8, 0xff,
    0xc0, 0xc8, 0xc8, 0xff, 0xc0, 0xcc, 0xc8, 0xff, 0xc0, 0xcc, 0xc8, 0xff,
    0xc0, 0xc8, 0xc8, 0xff, 0xc0, 0xcc, 0xc8, 0xff, 0xc0, 0xcc, 0xc8, 0xff,
    0xc0, 0xc8, 0xc8, 0xff, 0xc0, 0xc8, 0xc8, 0xff, 0xb8, 0xc4, 0xc8, 0xff,
    0xb8, 0xc4, 0xc0, 0xff, 0xb8, 0xc4, 0xc0, 0xff, 0xb8, 0xc4, 0xc0, 0xff,
    0xc0, 0xc4, 0xc0, 0xff, 0xb8, 0xc4, 0xc0, 0xff, 0xb8, 0xc4, 0xc0, 0xff,
    0xb8, 0xc4, 0xc0, 0xff, 0xb8, 0xc4, 0xc0, 0xff, 0xc0, 0xc4, 0xc8, 0xff,
    0xb8, 0xc8, 0xc0, 0xff, 0xb8, 0xc8, 0xc8, 0xff, 0xc0, 0xc8, 0xc8, 0xff,
    0xc0, 0xcc, 0xc8, 0xff, 0xc0, 0xcc, 0xc8, 0xff, 0xc0, 0xc8, 0xc8, 0xff,
    0xc0, 0xc8, 0xc8, 0xff, 0xc0, 0xcc, 0xc8, 0xff, 0xc0, 0xcc, 0xc8, 0xff,
    0xc0, 0xcc, 0xd0, 0xff, 0x80, 0x88, 0x98, 0xff, 0x18, 0x2c, 0x50, 0xff,
    0x18, 0x28, 0x60, 0xff, 0x18, 0x28, 0x60, 0xff, 0x18, 0x28, 0x60, 0xff,
    0x20, 0x2c, 0x60, 0xff, 0x18, 0x28, 0x58, 0xff, 0x30, 0x3c, 0x68, 0xff,
    0x90, 0x98, 0xb0, 0xff, 0xc8, 0xd4, 0xd0, 0xff, 0xc8, 0xd4, 0xd0, 0xff,
    0xc8, 0xd0, 0xd0, 0xff, 0xc0, 0xd0, 0xd0, 0xff, 0xc0, 0xd0, 0xd0, 0xff,
    0xc0, 0xc8, 0xc8, 0xff, 0xb8, 0xc4, 0xc0, 0xff, 0xc0, 0xc4, 0xc0, 0xff,
    0xb8, 0xc4, 0xc0, 0xff, 0xb8, 0xc4, 0xc0, 0xff, 0xb8, 0xc4, 0xc0, 0xff,
    0xc0, 0xc8, 0xc8, 0xff, 0xc0, 0xc8, 0xc8, 0xff, 0xc0, 0xc8, 0xc0, 0xff,
    0xc0, 0xc8, 0xc8, 0xff, 0xc0, 0xc8, 0xc8, 0xff, 0xc0, 0xcc, 0xc8, 0xff,
    0xc8, 0xcc, 0xd0, 0xff, 0xc8, 0xd0, 0xd0, 0xff, 0xc8, 0xd0, 0xd0, 0xff,
    0xc8, 0xcc, 0xd0, 0xff, 0xc0, 0xd0, 0xd0, 0xff, 0xc8, 0xd0, 0xd0, 0xff,
    0xc8, 0xd4, 0xd8, 0xff, 0xc8, 0xd4, 0xd8, 0xff, 0xd0, 0xd8, 0xd8, 0xff,
    0xd0, 0xd8, 0xd8, 0xff, 0xd0, 0xd8, 0xd8, 0xff, 0xd0, 0xd8, 0xd8, 0xff,
    0xd0, 0xd8, 0xd8, 0xff, 0xc8, 0xd8, 0xd8, 0xff, 0xd0, 0xd8, 0xd8, 0xff,
    0xd0, 0xd8, 0xd8, 0xff, 0xc8, 0xd8, 0xd8, 0xff, 0xc8, 0xd4, 0xd0, 0xff,
    0xc8, 0xd4, 0xd8, 0xff, 0xc8, 0xd0, 0xd0, 0xff, 0xc8, 0xd4, 0xd8, 0xff,
    0xc8, 0xd4, 0xd8, 0xff, 0xc8, 0xd0, 0xd0, 0xff, 0x90, 0x8c, 0xa8, 0xff,
    0x48, 0x48, 0x70, 0xff, 0x18, 0x28, 0x40, 0xff, 0x20, 0x2c, 0x50, 0xff,
    0x18, 0x24, 0x50, 0xff, 0x18, 0x24, 0x48, 0xff, 0x18, 0x24, 0x48, 0x41,
    0x28, 0x38, 0xd8, 0xff, 0x28, 0x34, 0xd0, 0xff, 0x28, 0x38, 0xd8, 0xff,
    0x30, 0x34, 0xd8, 0xff, 0x30, 0x38, 0xd8, 0xff, 0x30, 0x38, 0xd8, 0xff,
    0x28, 0x38, 0xd8, 0xff, 0x28, 0x34, 0xd8, 0xff, 0x30, 0x38, 0xd8, 0xff,
    0x30, 0x38, 0xd8, 0xff, 0x28, 0x34, 0xd8, 0xff, 0x28, 0x34, 0xd8, 0xff,
    0x30, 0x38, 0xd8, 0xff, 0x30, 0x38, 0xd8, 0xff, 0x30, 0x38, 0xd8, 0xff,
    0x30, 0x3c, 0xd8, 0xff, 0x30, 0x38, 0xe0, 0xff, 0x30, 0x3c, 0xd8, 0xff,
    0x30, 0x3c, 0xd8, 0xff, 0x30, 0x3c, 0xe0, 0xff, 0x30, 0x3c, 0xe0, 0xff,
    0x30, 0x3c, 0xd8, 0xff, 0x38, 0x40, 0xe0, 0xff, 0x38, 0x40, 0xe0, 0xff,
    0x38, 0x44, 0xd8, 0xff, 0x38, 0x48, 0xe0, 0xff, 0x38, 0x48, 0xe0, 0xff,
    0x38, 0x44, 0xe0, 0xff, 0x38, 0x44, 0xe0, 0xff, 0x38, 0x44, 0xe0, 0xff,
    0x38, 0x44, 0xe0, 0xff, 0x38, 0x44, 0xe8, 0xff, 0x38, 0x44, 0xe8, 0xff,
    0x38, 0x44, 0xe0, 0xff, 0x38, 0x44, 0xe0, 0xff, 0x40, 0x44, 0xe8, 0xff,
    0x40, 0x48, 0xe8, 0xff, 0x40, 0x48, 0xf0, 0xff, 0x40, 0x4c, 0xf0, 0xff,
    0x38, 0x48, 0xe8, 0xff, 0x38, 0x44, 0xe8, 0xff, 0x40, 0x48, 0xe8, 0xff,
    0x38, 0x48, 0xe8, 0xff, 0x38, 0x48, 0xe8, 0xff, 0x40, 0x48, 0xe8, 0xff,
    0x40, 0x48, 0xe8, 0xff, 0x40, 0x48, 0xe8, 0xff, 0x40, 0x4c, 0xf0, 0xff,
    0x40, 0x4c, 0xf0, 0xff, 0x40, 0x4c, 0xe8, 0xff, 0x40, 0x50, 0xf0, 0xff,
    0x40, 0x4c, 0xf0, 0xff, 0x40, 0x4c, 0xf0, 0xff, 0x40, 0x4c, 0xe8, 0xff,
    0x40, 0x4c, 0xe8, 0xff, 0x40, 0x50, 0xf0, 0xff, 0x48, 0x50, 0xf0, 0xff,
    0x48, 0x50, 0xf0, 0xff, 0x40, 0x50, 0xf0, 0xff, 0x38, 0x48, 0xe8, 0xff,
    0x38, 0x40, 0xe0, 0xff, 0x38, 0x40, 0xe0, 0xff, 0x30, 0x34, 0xd8, 0xff,
    0x20, 0x2c, 0xa0, 0xff, 0x18, 0x2c, 0x60, 0xff, 0x20, 0x2c, 0x70, 0xff,
    0x20, 0x30, 0x68, 0xff, 0x20, 0x30, 0x70, 0xff, 0x28, 0x38, 0x78, 0xff,
    0x30, 0x44, 0x80, 0xff, 0x40, 0x50, 0x88, 0xff, 0x28, 0x38, 0x70, 0xff,
    0x38, 0x4c, 0x88, 0xff, 0x38, 0x48, 0x80, 0xff, 0x78, 0x7c, 0xb8, 0xff,
    0x50, 0x54, 0x70, 0xff, 0xb8, 0xc8, 0xc8, 0xff, 0xc0, 0xcc, 0xc8, 0xff,
    0xb8, 0xc0, 0xc0, 0xff, 0xb8, 0xbc, 0xb8, 0xff, 0xb8, 0xbc, 0xb8, 0xff,
    0xb8, 0xbc, 0xb8, 0xff, 0xb0, 0xb8, 0xb8, 0xff, 0xb8, 0xbc, 0xb8, 0xff,
    0xc0, 0xc4, 0xc0, 0xff, 0xc0, 0xc8, 0xc0, 0xff, 0xc0, 0xcc, 0xc8, 0xff,
    0xc0, 0xc8, 0xc8, 0xff, 0xc0, 0xc8, 0xc8, 0xff, 0xc0, 0xc8, 0xc8, 0xff,
    0xc0, 0xc8, 0xc8, 0xff, 0xc0, 0xc8, 0xc8, 0xff, 0xc0, 0xc8, 0xc8, 0xff,
    0xc0, 0xc8, 0xc8, 0xff, 0xb8, 0xc8, 0xc8, 0xff, 0xc0, 0xc8, 0xc8, 0xff,
    0xb8, 0xc4, 0xc0, 0xff, 0xb8, 0xc4, 0xc0, 0xff, 0xb8, 0xc4, 0xc0, 0xff,
    0xb8, 0xc4, 0xc0, 0xff, 0xb8, 0xc4, 0xc0, 0xff, 0xb8, 0xc4, 0xc0, 0xff,
    0xb8, 0xc4, 0xc0, 0xff, 0xb8, 0xc4, 0xc0, 0xff, 0xc0, 0xc4, 0xc0, 0xff,
    0xc0, 0xc4, 0xc8, 0xff, 0xc0, 0xc8, 0xc8, 0xff, 0xc0, 0xc8, 0xc8, 0xff,
    0xc0, 0xc8, 0xc8, 0xff, 0xc0, 0xcc, 0xd0, 0xff, 0xc0, 0xcc, 0xc8, 0xff,
    0xc0, 0xc8, 0xc8, 0xff, 0xc0, 0xcc, 0xc8, 0xff, 0xc8, 0xcc, 0xd0, 0xff,
    0xc0, 0xcc, 0xd0, 0xff, 0xc0, 0xcc, 0xc8, 0xff, 0x80, 0x84, 0x98, 0xff,
    0x18, 0x28, 0x50, 0xff, 0x18, 0x2c, 0x60, 0xff, 0x20, 0x28, 0x60, 0xff,
    0x18, 0x28, 0x60, 0xff, 0x20, 0x2c, 0x60, 0xff, 0x18, 0x2c, 0x58, 0xff,
    0x30, 0x3c, 0x70, 0xff, 0x90, 0x98, 0xb0, 0xff, 0xc0, 0xd0, 0xd0, 0xff,
    0xc8, 0xd4, 0xd0, 0xff, 0xc0, 0xcc, 0xd0, 0xff, 0xc0, 0xc8, 0xc8, 0xff,
    0xc0, 0xc8, 0xc8, 0xff, 0xc0, 0xc4, 0xc0, 0xff, 0xc0, 0xc8, 0xc0, 0xff,
    0xb8, 0xc4, 0xc0, 0xff, 0xb8, 0xc4, 0xc0, 0xff, 0xb8, 0xc4, 0xc0, 0xff,
    0xb8, 0xc4, 0xc0, 0xff, 0xc0, 0xc8, 0xc0, 0xff, 0xc0, 0xc4, 0xc0, 0xff,
    0xc0, 0xc8, 0xc0, 0xff, 0xc0, 0xc8, 0xc8, 0xff, 0xc0, 0xcc, 0xc8, 0xff,
    0xc0, 0xcc, 0xc8, 0xff, 0xc0, 0xcc, 0xd0, 0xff, 0xc8, 0xd0, 0xd0, 0xff,
    0xc8, 0xd0, 0xd0, 0xff, 0xc8, 0xd0, 0xd8, 0xff, 0xc8, 0xd0, 0xd0, 0xff,
    0xc8, 0xd4, 0xd0, 0xff, 0xc8, 0xd4, 0xd8, 0xff, 0xd0, 0xd8, 0xd8, 0xff,
    0xd0, 0xd8, 0xd8, 0xff, 0xd0, 0xd8, 0xd8, 0xff, 0xc8, 0xd8, 0xd8, 0xff,
    0xd0, 0xd4, 0xd8, 0xff, 0xc8, 0xd8, 0xd8, 0xff, 0xd0, 0xd8, 0xd8, 0xff,
    0xd0, 0xd8, 0xd8, 0xff, 0xd0, 0xd8, 0xd8, 0xff, 0xd0, 0xd8, 0xd8, 0xff,
    0xc8, 0xd4, 0xd8, 0xff, 0xd0, 0xd4, 0xd8, 0xff, 0xd0, 0xd8, 0xd8, 0xff,
    0xd0, 0xd4, 0xd8, 0xff, 0xd0, 0xd4, 0xd8, 0xff, 0xc8, 0xd4, 0xd8, 0xff,
    0x98, 0x90, 0xb0, 0xff, 0x48, 0x48, 0x70, 0xff, 0x18, 0x2c, 0x40, 0xff,
    0x20, 0x2c, 0x58, 0xff, 0x10, 0x24, 0x50, 0xff, 0x18, 0x24, 0x48, 0xff,
    0x18, 0x24, 0x48, 0x41, 0x30, 0x38, 0xd8, 0xff, 0x30, 0x38, 0xd8, 0xff,
    0x28, 0x34, 0xd8, 0xff, 0x28, 0x38, 0xd8, 0xff, 0x30, 0x38, 0xd8, 0xff,
    0x30, 0x38, 0xd8, 0xff, 0x28, 0x38, 0xd8, 0xff, 0x28, 0x34, 0xd8, 0xff,
    0x28, 0x34, 0xd8, 0xff, 0x28, 0x34, 0xd8, 0xff, 0x30, 0x34, 0xd8, 0xff,
    0x28, 0x34, 0xd8, 0xff, 0x30, 0x38, 0xd8, 0xff, 0x30, 0x38, 0xd8, 0xff,
    0x30, 0x38, 0xd8, 0xff, 0x30, 0x38, 0xd8, 0xff, 0x30, 0x38, 0xe0, 0xff,
    0x30, 0x38, 0xd8, 0xff, 0x30, 0x3c, 0xd8, 0xff, 0x30, 0x3c, 0xe0, 0xff,
    0x38, 0x3c, 0xe0, 0xff, 0x30, 0x3c, 0xd8, 0xff, 0x38, 0x40, 0xe0, 0xff,
    0x38, 0x40, 0xe0, 0xff, 0x38, 0x40, 0xe0, 0xff, 0x38, 0x40, 0xe0, 0xff,
    0x38, 0x44, 0xe0, 0xff, 0x38, 0x44, 0xe0, 0xff, 0x38, 0x44, 0xe0, 0xff,
    0x38, 0x44, 0xe0, 0xff, 0x38, 0x44, 0xe0, 0xff, 0x38, 0x44, 0xe0, 0xff,
    0x40, 0x44, 0xe0, 0xff, 0x38, 0x44, 0xe8, 0xff, 0x38, 0x40, 0xe0, 0xff,
    0x38, 0x44, 0xe8, 0xff, 0x40, 0x48, 0xf0, 0xff, 0x40, 0x48, 0xe8, 0xff,
    0x40, 0x4c, 0xf0, 0xff, 0x40, 0x48, 0xe8, 0xff, 0x40, 0x48, 0xe8, 0xff,
    0x38, 0x48, 0xe8, 0xff, 0x40, 0x48, 0xe8, 0xff, 0x38, 0x48, 0xe8, 0xff,
    0x40, 0x48, 0xe8, 0xff, 0x40, 0x48, 0xe8, 0xff, 0x38, 0x48, 0xe8, 0xff,
    0x38, 0x48, 0xe8, 0xff, 0x40, 0x4c, 0xe8, 0xff, 0x40, 0x4c, 0xf0, 0xff,
    0x40, 0x4c, 0xf0, 0xff, 0x40, 0x4c, 0xf0, 0xff, 0x40, 0x50, 0xf0, 0xff,
    0x38, 0x48, 0xe8, 0xff, 0x40, 0x48, 0xe8, 0xff, 0x40, 0x4c, 0xe8, 0xff,
    0x40, 0x4c, 0xf0, 0xff, 0x48, 0x50, 0xf0, 0xff, 0x40, 0x4c, 0xe8, 0xff,
    0x40, 0x48, 0xe8, 0xff, 0x38, 0x40, 0xe0, 0xff, 0x30, 0x3c, 0xd8, 0xff,
    0x30, 0x34, 0xd0, 0xff, 0x28, 0x2c, 0xa0, 0xff, 0x18, 0x28, 0x60, 0xff,
    0x18, 0x2c, 0x70, 0xff, 0x20, 0x30, 0x70, 0xff, 0x20, 0x30, 0x70, 0xff,
    0x28, 0x38, 0x78, 0xff, 0x30, 0x44, 0x80, 0xff, 0x38, 0x4c, 0x88, 0xff,
    0x30, 0x3c, 0x78, 0xff, 0x40, 0x54, 0x90, 0xff, 0x38, 0x48, 0x80, 0xff,
    0x78, 0x7c, 0xb8, 0xff, 0x50, 0x54, 0x70, 0xff, 0xb8, 0xc8, 0xc8, 0xff,
    0xc0, 0xc8, 0xc8, 0xff, 0xb8, 0xc0, 0xb8, 0xff, 0xb0, 0xbc, 0xb8, 0xff,
    0xb8, 0xc0, 0xb8, 0xff, 0xb8, 0xc0, 0xb8, 0xff, 0xb8, 0xc0, 0xb8, 0xff,
    0xb8, 0xc0, 0xc0, 0xff, 0xc0, 0xc8, 0xc0, 0xff, 0xc0, 0xc4, 0xc0, 0xff,
    0xc0, 0xc8, 0xc8, 0xff, 0xc0, 0xc8, 0xc8, 0xff, 0xc0, 0xc8, 0xc8, 0xff,
    0xc0, 0xc8, 0xc8, 0xff, 0xc0, 0xc8, 0xc8, 0xff, 0xc0, 0xc8, 0xc8, 0xff,
    0xc0, 0xc8, 0xc8, 0xff, 0xb8, 0xc8, 0xc8, 0xff, 0xc0, 0xc8, 0xc8, 0xff,
    0xb8, 0xc4, 0xc0, 0xff, 0xc0, 0xc4, 0xc0, 0xff, 0xc0, 0xc4, 0xc0, 0xff,
    0xb8, 0xc4, 0xc0, 0xff, 0xc0, 0xc4, 0xc0, 0xff, 0xb8, 0xc0, 0xc0, 0xff,
    0xb8, 0xc0, 0xc0, 0xff, 0xb8, 0xc0, 0xc0, 0xff, 0xb8, 0xc4, 0xc0, 0xff,
    0xb8, 0xc4, 0xc0, 0xff, 0xc0, 0xc4, 0xc8, 0xff, 0xc0, 0xc8, 0xc8, 0xff,
    0xc0, 0xc8, 0xc8, 0xff, 0xc0, 0xc8, 0xc8, 0xff, 0xc0, 0xcc, 0xc8, 0xff,
    0xc0, 0xc8, 0xd0, 0xff, 0xc0, 0xcc, 0xc8, 0xff, 0xc0, 0xc8, 0xc8, 0xff,
    0xc0, 0xcc, 0xc8, 0xff, 0xc0, 0xc8, 0xc8, 0xff, 0xc0, 0xc8, 0xc8, 0xff,
    0x80, 0x84, 0x98, 0xff, 0x18, 0x28, 0x50, 0xff, 0x18, 0x28, 0x58, 0xff,
    0x20, 0x2c, 0x60, 0xff, 0x18, 0x2c, 0x60, 0xff, 0x20, 0x2c, 0x60, 0xff,
    0x18, 0x2c, 0x58, 0xff, 0x30, 0x3c, 0x68, 0xff, 0x90, 0x98, 0xb0, 0xff,
    0xc8, 0xd0, 0xd0, 0xff, 0xc8, 0xd0, 0xd0, 0xff, 0xc0, 0xcc, 0xc8, 0xff,
    0xc0, 0xc4, 0xc0, 0xff, 0xb8, 0xc4, 0xc0, 0xff, 0xb8, 0xc4, 0xc0, 0xff,
    0xc0, 0xc4, 0xc0, 0xff, 0xb8, 0xc4, 0xc0, 0xff, 0xb8, 0xc4, 0xc0, 0xff,
    0xc0, 0xc4, 0xc0, 0xff, 0xb8, 0xc4, 0xc0, 0xff, 0xb8, 0xc4, 0xc0, 0xff,
    0xc0, 0xc8, 0xc8, 0xff, 0xc0, 0xc8, 0xc8, 0xff, 0xc0, 0xc8, 0xc0, 0xff,
    0xc0, 0xcc, 0xc8, 0xff, 0xc0, 0xcc, 0xc8, 0xff, 0xc8, 0xd0, 0xd0, 0xff,
    0xc8, 0xd4, 0xd0, 0xff, 0xc8, 0xd4, 0xd0, 0xff, 0xc8, 0xd4, 0xd8, 0xff,
    0xc8, 0xd4, 0xd0, 0xff, 0xc8, 0xd4, 0xd0, 0xff, 0xc8, 0xd4, 0xd0, 0xff,
    0xd0, 0xd4, 0xd8, 0xff, 0xd0, 0xd8, 0xd8, 0xff, 0xc8, 0xd8, 0xd8, 0xff,
    0xd0, 0xd8, 0xd8, 0xff, 0xc8, 0xd4, 0xd0, 0xff, 0xc8, 0xd4, 0xd8, 0xff,
    0xc8, 0xd4, 0xd8, 0xff, 0xc8, 0xd4, 0xd0, 0xff, 0xc8, 0xd4, 0xd8, 0xff,
    0xd0, 0xd8, 0xd8, 0xff, 0xd0, 0xd4, 0xd8, 0xff, 0xd0, 0xd8, 0xd8, 0xff,
    0xc8, 0xd8, 0xd8, 0xff, 0xd0, 0xd8, 0xd8, 0xff, 0xd0, 0xd8, 0xd8, 0xff,
    0xd0, 0xd4, 0xd8, 0xff, 0x90, 0x90, 0xa8, 0xff, 0x48, 0x48, 0x70, 0xff,
    0x18, 0x2c, 0x40, 0xff, 0x20, 0x2c, 0x58, 0xff, 0x10, 0x24, 0x50, 0xff,
    0x10, 0x24, 0x40, 0xff, 0x18, 0x24, 0x40, 0x41, 0x30, 0x38, 0xd8, 0xff,
    0x30, 0x38, 0xd8, 0xff, 0x30, 0x38, 0xd8, 0xff, 0x30, 0x38, 0xd8, 0xff,
    0x30, 0x38, 0xd8, 0xff, 0x30, 0x38, 0xd8, 0xff, 0x30, 0x38, 0xd8, 0xff,
    0x30, 0x38, 0xd8, 0xff, 0x30, 0x38, 0xd8, 0xff, 0x30, 0x38, 0xd8, 0xff,
    0x28, 0x34, 0xd8, 0xff, 0x30, 0x38, 0xd8, 0xff, 0x30, 0x38, 0xd8, 0xff,
    0x28, 0x38, 0xd8, 0xff, 0x30, 0x38, 0xd8, 0xff, 0x30, 0x38, 0xe0, 0xff,
    0x30, 0x38, 0xd8, 0xff, 0x30, 0x38, 0xe0, 0xff, 0x30, 0x3c, 0xd8, 0xff,
    0x30, 0x3c, 0xd8, 0xff, 0x38, 0x3c, 0xe0, 0xff, 0x38, 0x40, 0xe0, 0xff,
    0x30, 0x40, 0xe0, 0xff, 0x30, 0x3c, 0xe0, 0xff, 0x38, 0x40, 0xe0, 0xff,
    0x30, 0x3c, 0xe0, 0xff, 0x38, 0x40, 0xe0, 0xff, 0x38, 0x3c, 0xe0, 0xff,
    0x38, 0x40, 0xe0, 0xff, 0x38, 0x40, 0xe0, 0xff, 0x38, 0x44, 0xe0, 0xff,
    0x38, 0x44, 0xe0, 0xff, 0x40, 0x44, 0xe8, 0xff, 0x38, 0x44, 0xe8, 0xff,
    0x38, 0x40, 0xe8, 0xff, 0x38, 0x48, 0xe8, 0xff, 0x40, 0x4c, 0xe8, 0xff,
    0x40, 0x4c, 0xf0, 0xff, 0x38, 0x48, 0xe8, 0xff, 0x38, 0x48, 0xe8, 0xff,
    0x40, 0x48, 0xe8, 0xff, 0x38, 0x44, 0xe0, 0xff, 0x40, 0x44, 0xe8, 0xff,
    0x40, 0x48, 0xe8, 0xff, 0x38, 0x48, 0xe8, 0xff, 0x40, 0x48, 0xe8, 0xff,
    0x40, 0x48, 0xe8, 0xff, 0x38, 0x48, 0xe8, 0xff, 0x40, 0x4c, 0xf0, 0xff,
    0x40, 0x4c, 0xe8, 0xff, 0x40, 0x4c, 0xe8, 0xff, 0x40, 0x50, 0xf0, 0xff,
    0x40, 0x4c, 0xf0, 0xff, 0x40, 0x48, 0xe8, 0xff, 0x38, 0x48, 0xe8, 0xff,
    0x40, 0x4c, 0xe8, 0xff, 0x40, 0x4c, 0xe8, 0xff, 0x40, 0x48, 0xe8, 0xff,
    0x40, 0x50, 0xe8, 0xff, 0x40, 0x48, 0xe8, 0xff, 0x38, 0x40, 0xe0, 0xff,
    0x30, 0x38, 0xd8, 0xff, 0x28, 0x34, 0xd0, 0xff, 0x28, 0x28, 0xa0, 0xff,
    0x18, 0x28, 0x60, 0xff, 0x18, 0x2c, 0x70, 0xff, 0x20, 0x2c, 0x70, 0xff,
    0x18, 0x2c, 0x70, 0xff, 0x28, 0x38, 0x78, 0xff, 0x38, 0x48, 0x80, 0xff,
    0x38, 0x4c, 0x88, 0xff, 0x30, 0x40, 0x80, 0xff, 0x40, 0x54, 0x98, 0xff,
    0x38, 0x48, 0x80, 0xff, 0x78, 0x7c, 0xb8, 0xff, 0x50, 0x54, 0x70, 0xff,
    0xb8, 0xc8, 0xc8, 0xff, 0xc0, 0xc8, 0xc8, 0xff, 0xb8, 0xc0, 0xb8, 0xff,
    0xb8, 0xc4, 0xc0, 0xff, 0xb8, 0xc4, 0xc0, 0xff, 0xc0, 0xc8, 0xc0, 0xff,
    0xb8, 0xc4, 0xc0, 0xff, 0xb8, 0xc4, 0xc0, 0xff, 0xb8, 0xc8, 0xc0, 0xff,
    0xc0, 0xc8, 0xc8, 0xff, 0xc0, 0xc8, 0xc8, 0xff, 0xc0, 0xc8, 0xc8, 0xff,
    0xb8, 0xc8, 0xc8, 0xff, 0xb8, 0xc8, 0xc8, 0xff, 0xc0, 0xc8, 0xc8, 0xff,
    0xc0, 0xc8, 0xc8, 0xff, 0xb8, 0xc8, 0xc8, 0xff, 0xc0, 0xc8, 0xc8, 0xff,
    0xb8, 0xc4, 0xc0, 0xff, 0xc0, 0xc4, 0xc0, 0xff, 0xc0, 0xc4, 0xc0, 0xff,
    0xb8, 0xc4, 0xc8, 0xff, 0xb8, 0xc4, 0xc0, 0xff, 0xc0, 0xc4, 0xc0, 0xff,
    0xb8, 0xc4, 0xc0, 0xff, 0xb8, 0xc4, 0xc0, 0xff, 0xc0, 0xc0, 0xc0, 0xff,
    0xb8, 0xc0, 0xc0, 0xff, 0xb8, 0xc4, 0xc0, 0xff, 0xb8, 0xc4, 0xc0, 0xff,
    0xb8, 0xc8, 0xc0, 0xff, 0xc0, 0xc8, 0xc8, 0xff, 0xc0, 0xc8, 0xd0, 0xff,
    0xc0, 0xc8, 0xc8, 0xff, 0xc0, 0xc8, 0xc8, 0xff, 0xc0, 0xc8, 0xc8, 0xff,
    0xc0, 0xc8, 0xc8, 0xff, 0xc0, 0xcc, 0xc8, 0xff, 0xc0, 0xc8, 0xc8, 0xff,
    0xc0, 0xc8, 0xc8, 0xff, 0x78, 0x80, 0x98, 0xff, 0x18, 0x2c, 0x50, 0xff,
    0x18, 0x28, 0x58, 0xff, 0x20, 0x28, 0x60, 0xff, 0x20, 0x28, 0x60, 0xff,
    0x18, 0x2c, 0x60, 0xff, 0x20, 0x2c, 0x58, 0xff, 0x30, 0x40, 0x68, 0xff,
    0x90, 0x94, 0xb0, 0xff, 0xc8, 0xd0, 0xd0, 0xff, 0xc0, 0xcc, 0xc8, 0xff,
    0xc0, 0xc8, 0xc8, 0xff, 0xb8, 0xc4, 0xc0, 0xff, 0xb8, 0xc4, 0xc0, 0xff,
    0xc0, 0xc4, 0xc0, 0xff, 0xc0, 0xc4, 0xc0, 0xff, 0xb8, 0xc4, 0xc0, 0xff,
    0xc0, 0xc8, 0xc0, 0xff, 0xc0, 0xc4, 0xc0, 0xff, 0xc0, 0xc4, 0xc8, 0xff,
    0xb8, 0xc8, 0xc0, 0xff, 0xc0, 0xc8, 0xc8, 0xff, 0xc0, 0xc8, 0xc8, 0xff,
    0xc0, 0xc8, 0xc8, 0xff, 0xc0, 0xcc, 0xc8, 0xff, 0xc8, 0xd0, 0xd0, 0xff,
    0xc8, 0xd0, 0xd0, 0xff, 0xc8, 0xd0, 0xd0, 0xff, 0xc8, 0xd0, 0xd0, 0xff,
    0xc8, 0xd4, 0xd0, 0xff, 0xc8, 0xd0, 0xd0, 0xff, 0xc8, 0xd0, 0xd0, 0xff,
    0xc8, 0xd4, 0xd0, 0xff, 0xc8, 0xd4, 0xd8, 0xff, 0xc8, 0xd4, 0xd0, 0xff,
    0xc8, 0xd4, 0xd8, 0xff, 0xd0, 0xd8, 0xd8, 0xff, 0xd0, 0xd8, 0xd8, 0xff,
    0xc8, 0xd4, 0xd8, 0xff, 0xd0, 0xd4, 0xd0, 0xff, 0xd0, 0xd4, 0xd8, 0xff,
    0xc8, 0xd8, 0xd8, 0xff, 0xc8, 0xd4, 0xd8, 0xff, 0xc8, 0xd8, 0xd0, 0xff,
    0xd0, 0xd8, 0xd8, 0xff, 0xc8, 0xd8, 0xd8, 0xff, 0xd0, 0xd8, 0xd8, 0xff,
    0xd0, 0xd8, 0xd8, 0xff, 0xd0, 0xd4, 0xd8, 0xff, 0x90, 0x90, 0xa8, 0xff,
    0x48, 0x44, 0x70, 0xff, 0x20, 0x2c, 0x48, 0xff, 0x20, 0x2c, 0x58, 0xff,
    0x10, 0x24, 0x48, 0xff, 0x18, 0x24, 0x40, 0xff, 0x18, 0x28, 0x40, 0x41,
    0x30, 0x38, 0xd8, 0xff, 0x30, 0x38, 0xd8, 0xff, 0x30, 0x38, 0xd8, 0xff,
    0x30, 0x38, 0xd8, 0xff, 0x28, 0x38, 0xd8, 0xff, 0x30, 0x38, 0xd8, 0xff,
    0x30, 0x38, 0xd8, 0xff, 0x28, 0x34, 0xd8, 0xff, 0x28, 0x38, 0xd8, 0xff,
    0x30, 0x38, 0xd8, 0xff, 0x28, 0x34, 0xd8, 0xff, 0x28, 0x38, 0xd0, 0xff,
    0x30, 0x38, 0xd8, 0xff, 0x30, 0x38, 0xd8, 0xff, 0x28, 0x38, 0xd8, 0xff,
    0x30, 0x38, 0xd8, 0xff, 0x30, 0x38, 0xe0, 0xff, 0x30, 0x3c, 0xd8, 0xff,
    0x30, 0x3c, 0xd8, 0xff, 0x30, 0x3c, 0xd8, 0xff, 0x30, 0x3c, 0xe0, 0xff,
    0x38, 0x40, 0xe0, 0xff, 0x38, 0x40, 0xe0, 0xff, 0x30, 0x3c, 0xe0, 0xff,
    0x38, 0x44, 0xe0, 0xff, 0x38, 0x40, 0xe0, 0xff, 0x38, 0x40, 0xe0, 0xff,
    0x38, 0x40, 0xe0, 0xff, 0x38, 0x3c, 0xd8, 0xff, 0x38, 0x40, 0xe0, 0xff,
    0x38, 0x44, 0xe0, 0xff, 0x38, 0x44, 0xe0, 0xff, 0x40, 0x44, 0xe8, 0xff,
    0x38, 0x44, 0xe8, 0xff, 0x38, 0x40, 0xe0, 0xff, 0x38, 0x44, 0xe8, 0xff,
    0x40, 0x48, 0xe8, 0xff, 0x40, 0x48, 0xe8, 0xff, 0x38, 0x44, 0xe8, 0xff,
    0x38, 0x44, 0xe0, 0xff, 0x40, 0x48, 0xe8, 0xff, 0x40, 0x48, 0xe8, 0xff,
    0x38, 0x44, 0xe8, 0xff, 0x40, 0x48, 0xe8, 0xff, 0x38, 0x48, 0xe8, 0xff,
    0x40, 0x44, 0xe8, 0xff, 0x40, 0x48, 0xe8, 0xff, 0x38, 0x48, 0xe8, 0xff,
    0x40, 0x4c, 0xf0, 0xff, 0x40, 0x4c, 0xf0, 0xff, 0x38, 0x4c, 0xe8, 0xff,
    0x40, 0x50, 0xf0, 0xff, 0x40, 0x50, 0xf0, 0xff, 0x40, 0x48, 0xe8, 0xff,
    0x38, 0x48, 0xe8, 0xff, 0x40, 0x48, 0xf0, 0xff, 0x40, 0x4c, 0xf0, 0xff,
    0x40, 0x4c, 0xe8, 0xff, 0x40, 0x4c, 0xe8, 0xff, 0x40, 0x48, 0xe8, 0xff,
    0x38, 0x40, 0xe0, 0xff, 0x30, 0x38, 0xd8, 0xff, 0x28, 0x30, 0xd0, 0xff,
    0x20, 0x28, 0xa0, 0xff, 0x18, 0x2c, 0x60, 0xff, 0x20, 0x2c, 0x68, 0xff,
    0x18, 0x2c, 0x70, 0xff, 0x18, 0x2c, 0x70, 0xff, 0x28, 0x38, 0x78, 0xff,
    0x38, 0x48, 0x80, 0xff, 0x40, 0x4c, 0x88, 0xff, 0x38, 0x40, 0x80, 0xff,
    0x48, 0x54, 0x98, 0xff, 0x38, 0x44, 0x80, 0xff, 0x78, 0x80, 0xb8, 0xff,
    0x50, 0x54, 0x70, 0xff, 0xc0, 0xc8, 0xc8, 0xff, 0xc0, 0xc8, 0xc8, 0xff,
    0xc0, 0xc8, 0xc0, 0xff, 0xc0, 0xc4, 0xc0, 0xff, 0xc0, 0xc8, 0xc8, 0xff,
    0xc0, 0xc8, 0xc8, 0xff, 0xc0, 0xc4, 0xc8, 0xff, 0xc0, 0xc8, 0xc8, 0xff,
    0xc0, 0xc8, 0xc0, 0xff, 0xc0, 0xc8, 0xc8, 0xff, 0xc0, 0xc8, 0xc8, 0xff,
    0xc0, 0xc8, 0xc0, 0xff, 0xc0, 0xc8, 0xc8, 0xff, 0xb8, 0xc8, 0xc8, 0xff,
    0xc0, 0xc8, 0xc8, 0xff, 0xc0, 0xc8, 0xc8, 0xff, 0xb8, 0xc8, 0xc0, 0xff,
    0xb8, 0xc8, 0xc8, 0xff, 0xb8, 0xc4, 0xc0, 0xff, 0xb8, 0xc4, 0xc0, 0xff,
    0xb8, 0xc4, 0xc0, 0xff, 0xb8, 0xc4, 0xc0, 0xff, 0xc0, 0xc4, 0xc0, 0xff,
    0xb8, 0xc4, 0xc0, 0xff, 0xb8, 0xc4, 0xc0, 0xff, 0xc0, 0xc4, 0xc0, 0xff,
    0xc0, 0xc4, 0xc0, 0xff, 0xc0, 0xc4, 0xc8, 0xff, 0xb8, 0xc4, 0xc0, 0xff,
    0xc0, 0xc4, 0xc8, 0xff, 0xb8, 0xc8, 0xc8, 0xff, 0xc0, 0xc8, 0xc8, 0xff,
    0xc0, 0xc8, 0xc8, 0xff, 0xb8, 0xc8, 0xc8, 0xff, 0xc0, 0xc8, 0xc8, 0xff,
    0xc0, 0xc8, 0xc8, 0xff, 0xc0, 0xc8, 0xc8, 0xff, 0xb8, 0xc8, 0xc8, 0xff,
    0xc0, 0xc8, 0xc8, 0xff, 0xc0, 0xc8, 0xc8, 0xff, 0x70, 0x7c, 0x90, 0xff,
    0x18, 0x28, 0x50, 0xff, 0x18, 0x28, 0x58, 0xff, 0x18, 0x2c, 0x58, 0xff,
    0x18, 0x2c, 0x58, 0xff, 0x18, 0x2c, 0x60, 0xff, 0x20, 0x2c, 0x58, 0xff,
    0x30, 0x3c, 0x68, 0xff, 0x90, 0x94, 0xb0, 0xff, 0xc0, 0xcc, 0xc8, 0xff,
    0xc0, 0xc8, 0xc8, 0xff, 0xc0, 0xc4, 0xc8, 0xff, 0xb8, 0xc4, 0xc0, 0xff,
    0xb8, 0xc4, 0xc0, 0xff, 0xc0, 0xc4, 0xc0, 0xff, 0xc0, 0xc4, 0xc0, 0xff,
    0xb8, 0xc4, 0xc8, 0xff, 0xb8, 0xc8, 0xc0, 0xff, 0xc0, 0xc4, 0xc0, 0xff,
    0xb8, 0xc4, 0xc0, 0xff, 0xc0, 0xc8, 0xc0, 0xff, 0xc0, 0xc8, 0xc8, 0xff,
    0xc0, 0xc8, 0xc8, 0xff, 0xc0, 0xc8, 0xc8, 0xff, 0xc0, 0xcc, 0xc8, 0xff,
    0xc0, 0xd0, 0xd0, 0xff, 0xc8, 0xd0, 0xd0, 0xff, 0xc8, 0xd0, 0xd0, 0xff,
    0xc8, 0xd0, 0xd0, 0xff, 0xc8, 0xd0, 0xd0, 0xff, 0xc8, 0xd0, 0xd0, 0xff,
    0xc8, 0xd0, 0xd0, 0xff, 0xc8, 0xd0, 0xd0, 0xff, 0xc8, 0xd4, 0xd0, 0xff,
    0xc8, 0xd4, 0xd0, 0xff, 0xc8, 0xd4, 0xd0, 0xff, 0xd0, 0xd8, 0xd8, 0xff,
    0xd0, 0xd8, 0xd8, 0xff, 0xc8, 0xd4, 0xd8, 0xff, 0xc8, 0xd4, 0xd8, 0xff,
    0xd0, 0xd8, 0xd8, 0xff, 0xd0, 0xd4, 0xd0, 0xff, 0xc8, 0xd4, 0xd8, 0xff,
    0xc8, 0xd4, 0xd0, 0xff, 0xd0, 0xd8, 0xd8, 0xff, 0xd0, 0xd8, 0xd8, 0xff,
    0xd0, 0xd8, 0xd8, 0xff, 0xd0, 0xd8, 0xd8, 0xff, 0xc8, 0xd8, 0xd8, 0xff,
    0x90, 0x90, 0xa8, 0xff, 0x40, 0x44, 0x70, 0xff, 0x20, 0x2c, 0x48, 0xff,
    0x20, 0x2c, 0x58, 0xff, 0x18, 0x24, 0x50, 0xff, 0x18, 0x28, 0x48, 0xff,
    0x18, 0x24, 0x48, 0x41, 0x28, 0x38, 0xd8, 0xff, 0x28, 0x38, 0xd8, 0xff,
    0x28, 0x38, 0xd8, 0xff, 0x28, 0x34, 0xd8, 0xff, 0x28, 0x34, 0xd0, 0xff,
    0x28, 0x34, 0xd8, 0xff, 0x30, 0x38, 0xd8, 0xff, 0x30, 0x38, 0xd8, 0xff,
    0x28, 0x34, 0xd8, 0xff, 0x28, 0x34, 0xd0, 0xff, 0x28, 0x34, 0xd0, 0xff,
    0x28, 0x34, 0xd8, 0xff, 0x28, 0x34, 0xd0, 0xff, 0x30, 0x38, 0xd8, 0xff,
    0x30, 0x38, 0xd8, 0xff, 0x30, 0x38, 0xd8, 0xff, 0x30, 0x38, 0xd8, 0xff,
    0x30, 0x38, 0xd8, 0xff, 0x30, 0x3c, 0xd8, 0xff, 0x30, 0x3c, 0xe0, 0xff,
    0x30, 0x38, 0xe0, 0xff, 0x30, 0x3c, 0xe0, 0xff, 0x30, 0x3c, 0xe0, 0xff,
    0x38, 0x3c, 0xe0, 0xff, 0x30, 0x3c, 0xe0, 0xff, 0x38, 0x3c, 0xe0, 0xff,
    0x30, 0x3c, 0xe0, 0xff, 0x30, 0x40, 0xd8, 0xff, 0x30, 0x40, 0xe0, 0xff,
    0x38, 0x40, 0xe0, 0xff, 0x38, 0x40, 0xe0, 0xff, 0x38, 0x40, 0xe0, 0xff,
    0x38, 0x44, 0xe0, 0xff, 0x40, 0x48, 0xe8, 0xff, 0x38, 0x44, 0xe0, 0xff,
    0x40, 0x48, 0xe8, 0xff, 0x40, 0x48, 0xe8, 0xff, 0x40, 0x48, 0xe8, 0xff,
    0x38, 0x48, 0xe8, 0xff, 0x38, 0x40, 0xe0, 0xff, 0x38, 0x48, 0xe8, 0xff,
    0x40, 0x48, 0xe8, 0xff, 0x38, 0x44, 0xe0, 0xff, 0x38, 0x44, 0xe8, 0xff,
    0x38, 0x44, 0xe8, 0xff, 0x38, 0x44, 0xe8, 0xff, 0x38, 0x48, 0xe8, 0xff,
    0x38, 0x48, 0xe8, 0xff, 0x40, 0x4c, 0xe8, 0xff, 0x40, 0x4c, 0xe8, 0xff,
    0x38, 0x48, 0xe8, 0xff, 0x40, 0x4c, 0xe8, 0xff, 0x40, 0x4c, 0xe8, 0xff,
    0x38, 0x48, 0xe8, 0xff, 0x40, 0x48, 0xe8, 0xff, 0x40, 0x48, 0xe8, 0xff,
    0x40, 0x48, 0xe8, 0xff, 0x40, 0x48, 0xe8, 0xff, 0x40, 0x4c, 0xf0, 0xff,
    0x38, 0x44, 0xe8, 0xff, 0x38, 0x40, 0xe8, 0xff, 0x30, 0x38, 0xe0, 0xff,
    0x28, 0x30, 0xd0, 0xff, 0x20, 0x28, 0x98, 0xff, 0x18, 0x2c, 0x60, 0xff,
    0x20, 0x2c, 0x68, 0xff, 0x18, 0x2c, 0x68, 0xff, 0x18, 0x2c, 0x68, 0xff,
    0x28, 0x38, 0x78, 0xff, 0x38, 0x48, 0x88, 0xff, 0x40, 0x50, 0x88, 0xff,
    0x30, 0x44, 0x80, 0xff, 0x40, 0x58, 0x98, 0xff, 0x30, 0x44, 0x78, 0xff,
    0x80, 0x84, 0xc0, 0xff, 0x50, 0x54, 0x70, 0xff, 0xc0, 0xc8, 0xc8, 0xff,
    0xc0, 0xcc, 0xc8, 0xff, 0xc0, 0xcc, 0xc8, 0xff, 0xc0, 0xc8, 0xc8, 0xff,
    0xc0, 0xc8, 0xc8, 0xff, 0xc0, 0xd0, 0xd0, 0xff, 0xc0, 0xc8, 0xc8, 0xff,
    0xc0, 0xc8, 0xc8, 0xff, 0xc0, 0xc8, 0xc8, 0xff, 0xc0, 0xc8, 0xc8, 0xff,
    0xc0, 0xc8, 0xc0, 0xff, 0xc0, 0xc8, 0xc0, 0xff, 0xc0, 0xc8, 0xc8, 0xff,
    0xc0, 0xc8, 0xc0, 0xff, 0xc0, 0xc4, 0xc8, 0xff, 0xc0, 0xc4, 0xc0, 0xff,
    0xc0, 0xc4, 0xc0, 0xff, 0xc0, 0xc4, 0xc0, 0xff, 0xb8, 0xc0, 0xc0, 0xff,
    0xb8, 0xc0, 0xc0, 0xff, 0xb8, 0xc4, 0xc0, 0xff, 0xb8, 0xc4, 0xc0, 0xff,
    0xc0, 0xc4, 0xc0, 0xff, 0xb8, 0xc4, 0xc0, 0xff, 0xb8, 0xc4, 0xc0, 0xff,
    0xb8, 0xc4, 0xc0, 0xff, 0xb8, 0xc4, 0xc0, 0xff, 0xc0, 0xc4, 0xc8, 0xff,
    0xb8, 0xc4, 0xc0, 0xff, 0xb8, 0xc4, 0xc0, 0xff, 0xc0, 0xc8, 0xc8, 0xff,
    0xc0, 0xc8, 0xc8, 0xff, 0xc0, 0xc8, 0xc8, 0xff, 0xc0, 0xc8, 0xc8, 0xff,
    0xb8, 0xc4, 0xc0, 0xff, 0xc0, 0xc8, 0xc8, 0xff, 0xc0, 0xc8, 0xc8, 0xff,
    0xc0, 0xc8, 0xc8, 0xff, 0xc0, 0xc8, 0xc8, 0xff, 0xc0, 0xc8, 0xc8, 0xff,
    0x78, 0x80, 0x98, 0xff, 0x20, 0x28, 0x50, 0xff, 0x18, 0x28, 0x50, 0xff,
    0x20, 0x2c, 0x60, 0xff, 0x20, 0x28, 0x60, 0xff, 0x20, 0x2c, 0x58, 0xff,
    0x20, 0x2c, 0x58, 0xff, 0x30, 0x3c, 0x68, 0xff, 0x90, 0x94, 0xb0, 0xff,
    0xc0, 0xc8, 0xc8, 0xff, 0xc0, 0xc4, 0xc0, 0xff, 0xc0, 0xc8, 0xc0, 0xff,
    0xc0, 0xc4, 0xc0, 0xff, 0xb8, 0xc0, 0xc0, 0xff, 0xb8, 0xc4, 0xc0, 0xff,
    0xc0, 0xc4, 0xc0, 0xff, 0xc0, 0xc4, 0xc8, 0xff, 0xb8, 0xc8, 0xc0, 0xff,
    0xb8, 0xc4, 0xc0, 0xff, 0xc0, 0xc4, 0xc0, 0xff, 0xc0, 0xc8, 0xc8, 0xff,
    0xc0, 0xc8, 0xc8, 0xff, 0xc0, 0xc8, 0xc8, 0xff, 0xc0, 0xcc, 0xc8, 0xff,
    0xc0, 0xcc, 0xc8, 0xff, 0xc0, 0xcc, 0xc8, 0xff, 0xc0, 0xd0, 0xd0, 0xff,
    0xc0, 0xd0, 0xd0, 0xff, 0xc8, 0xd0, 0xd0, 0xff, 0xc8, 0xd0, 0xd0, 0xff,
    0xc0, 0xd0, 0xd0, 0xff, 0xc8, 0xd0, 0xd0, 0xff, 0xc8, 0xd4, 0xd0, 0xff,
    0xc8, 0xd4, 0xd8, 0xff, 0xc8, 0xd4, 0xd8, 0xff, 0xd0, 0xd4, 0xd8, 0xff,
    0xd0, 0xd4, 0xd8, 0xff, 0xc8, 0xd4, 0xd8, 0xff, 0xd0, 0xd4, 0xd8, 0xff,
    0xc8, 0xd8, 0xd8, 0xff, 0xd0, 0xd8, 0xd8, 0xff, 0xd0, 0xd8, 0xd8, 0xff,
    0xd0, 0xd8, 0xd8, 0xff, 0xd0, 0xd8, 0xd8, 0xff, 0xd0, 0xd8, 0xd8, 0xff,
    0xd0, 0xd8, 0xd8, 0xff, 0xd0, 0xd8, 0xd8, 0xff, 0xd0, 0xd8, 0xd8, 0xff,
    0xd0, 0xd8, 0xd8, 0xff, 0x90, 0x90, 0xb0, 0xff, 0x40, 0x44, 0x68, 0xff,
    0x20, 0x2c, 0x48, 0xff, 0x20, 0x30, 0x58, 0xff, 0x18, 0x28, 0x50, 0xff,
    0x18, 0x24, 0x48, 0xff, 0x18, 0x24, 0x48, 0x41, 0x30, 0x38, 0xd8, 0xff,
    0x28, 0x34, 0xd8, 0xff, 0x30, 0x34, 0xd8, 0xff, 0x30, 0x38, 0xd8, 0xff,
    0x28, 0x34, 0xd0, 0xff, 0x28, 0x38, 0xd8, 0xff, 0x30, 0x38, 0xd8, 0xff,
    0x28, 0x34, 0xd8, 0xff, 0x30, 0x38, 0xd8, 0xff, 0x30, 0x38, 0xd8, 0xff,
    0x28, 0x38, 0xd8, 0xff, 0x28, 0x34, 0xd8, 0xff, 0x28, 0x30, 0xd0, 0xff,
    0x28, 0x34, 0xd8, 0xff, 0x30, 0x38, 0xd8, 0xff, 0x30, 0x38, 0xd8, 0xff,
    0x28, 0x38, 0xd8, 0xff, 0x28, 0x38, 0xd8, 0xff, 0x30, 0x38, 0xd8, 0xff,
    0x30, 0x38, 0xd8, 0xff, 0x30, 0x38, 0xd8, 0xff, 0x30, 0x38, 0xd8, 0xff,
    0x30, 0x3c, 0xe0, 0xff, 0x30, 0x3c, 0xe0, 0xff, 0x30, 0x38, 0xd8, 0xff,
    0x30, 0x3c, 0xe0, 0xff, 0x30, 0x40, 0xe0, 0xff, 0x30, 0x3c, 0xd8, 0xff,
    0x30, 0x3c, 0xe0, 0xff, 0x38, 0x40, 0xe0, 0xff, 0x38, 0x44, 0xe0, 0xff,
    0x38, 0x44, 0xe0, 0xff, 0x38, 0x40, 0xe0, 0xff, 0x38, 0x44, 0xe8, 0xff,
    0x38, 0x44, 0xe0, 0xff, 0x38, 0x44, 0xe8, 0xff, 0x38, 0x48, 0xe8, 0xff,
    0x38, 0x44, 0xe8, 0xff, 0x38, 0x40, 0xe0, 0xff, 0x38, 0x44, 0xe0, 0xff,
    0x38, 0x44, 0xe8, 0xff, 0x38, 0x48, 0xe8, 0xff, 0x40, 0x48, 0xe8, 0xff,
    0x40, 0x48, 0xe8, 0xff, 0x38, 0x44, 0xe8, 0xff, 0x40, 0x44, 0xe8, 0xff,
    0x38, 0x48, 0xe8, 0xff, 0x38, 0x44, 0xe8, 0xff, 0x40, 0x48, 0xe8, 0xff,
    0x38, 0x48, 0xe8, 0xff, 0x38, 0x48, 0xe8, 0xff, 0x40, 0x48, 0xe8, 0xff,
    0x40, 0x48, 0xe8, 0xff, 0x38, 0x44, 0xe8, 0xff, 0x40, 0x48, 0xe8, 0xff,
    0x40, 0x48, 0xe8, 0xff, 0x40, 0x48, 0xe8, 0xff, 0x40, 0x48, 0xe8, 0xff,
    0x40, 0x48, 0xe8, 0xff, 0x38, 0x44, 0xe8, 0xff, 0x38, 0x40, 0xe0, 0xff,
    0x30, 0x38, 0xd8, 0xff, 0x28, 0x30, 0xc8, 0xff, 0x20, 0x28, 0x98, 0xff,
    0x18, 0x28, 0x60, 0xff, 0x20, 0x2c, 0x70, 0xff, 0x20, 0x2c, 0x70, 0xff,
    0x20, 0x2c, 0x70, 0xff, 0x28, 0x38, 0x78, 0xff, 0x38, 0x48, 0x88, 0xff,
    0x40, 0x4c, 0x88, 0xff, 0x30, 0x40, 0x78, 0xff, 0x40, 0x50, 0x90, 0xff,
    0x30, 0x40, 0x78, 0xff, 0x78, 0x84, 0xc0, 0xff, 0x50, 0x58, 0x70, 0xff,
    0xc0, 0xcc, 0xd0, 0xff, 0xc0, 0xd0, 0xd0, 0xff, 0xc0, 0xcc, 0xd0, 0xff,
    0xc0, 0xcc, 0xd0, 0xff, 0xc0, 0xcc, 0xd0, 0xff, 0xc8, 0xcc, 0xd0, 0xff,
    0xc0, 0xcc, 0xc8, 0xff, 0xb8, 0xc8, 0xc8, 0xff, 0xc0, 0xc8, 0xc8, 0xff,
    0xc0, 0xc8, 0xc8, 0xff, 0xb8, 0xc8, 0xc0, 0xff, 0xb8, 0xc4, 0xc0, 0xff,
    0xb8, 0xc4, 0xc0, 0xff, 0xc0, 0xc8, 0xc8, 0xff, 0xb8, 0xc4, 0xc0, 0xff,
    0xb8, 0xc4, 0xc0, 0xff, 0xb8, 0xc4, 0xc8, 0xff, 0xc0, 0xc4, 0xc8, 0xff,
    0xc0, 0xc4, 0xc0, 0xff, 0xc0, 0xc4, 0xc0, 0xff, 0xc0, 0xc4, 0xc0, 0xff,
    0xb8, 0xc4, 0xc8, 0xff, 0xb8, 0xc4, 0xc0, 0xff, 0xc0, 0xc4, 0xc0, 0xff,
    0xc0, 0xc4, 0xc0, 0xff, 0xb8, 0xc4, 0xc8, 0xff, 0xb8, 0xc4, 0xc0, 0xff,
    0xc0, 0xc4, 0xc0, 0xff, 0xb8, 0xc4, 0xc8, 0xff, 0xc0, 0xc8, 0xc8, 0xff,
    0xc0, 0xc8, 0xc8, 0xff, 0xb8, 0xc8, 0xc0, 0xff, 0xb8, 0xc4, 0xc0, 0xff,
    0xc0, 0xc8, 0xc0, 0xff, 0xc0, 0xc4, 0xc0, 0xff, 0xb8, 0xc4, 0xc8, 0xff,
    0xb8, 0xc4, 0xc0, 0xff, 0xc0, 0xc4, 0xc0, 0xff, 0xb8, 0xc4, 0xc0, 0xff,
    0xc0, 0xc4, 0xc0, 0xff, 0x70, 0x74, 0x90, 0xff, 0x18, 0x2c, 0x50, 0xff,
    0x18, 0x28, 0x50, 0xff, 0x18, 0x28, 0x58, 0xff, 0x18, 0x2c, 0x60, 0xff,
    0x20, 0x2c, 0x60, 0xff, 0x20, 0x2c, 0x58, 0xff, 0x30, 0x40, 0x68, 0xff,
    0x90, 0x90, 0xa8, 0xff, 0xc0, 0xc4, 0xc0, 0xff, 0xb8, 0xc4, 0xc0, 0xff,
    0xb8, 0xc4, 0xc0, 0xff, 0xb8, 0xc0, 0xc0, 0xff, 0xb8, 0xc0, 0xc0, 0xff,
    0xb8, 0xc4, 0xc0, 0xff, 0xc0, 0xc4, 0xc0, 0xff, 0xc0, 0xc8, 0xc0, 0xff,
    0xc0, 0xc4, 0xc8, 0xff, 0xb8, 0xc8, 0xc8, 0xff, 0xc0, 0xc8, 0xc8, 0xff,
    0xc0, 0xc8, 0xc8, 0xff, 0xc0, 0xcc, 0xc8, 0xff, 0xc0, 0xcc, 0xc8, 0xff,
    0xc8, 0xcc, 0xc8, 0xff, 0xc0, 0xd0, 0xd0, 0xff, 0xc0, 0xcc, 0xc8, 0xff,
    0xc8, 0xd0, 0xd0, 0xff, 0xc0, 0xd0, 0xc8, 0xff, 0xc8, 0xd0, 0xd0, 0xff,
    0xc8, 0xd0, 0xd0, 0xff, 0xc8, 0xd0, 0xd0, 0xff, 0xc8, 0xd0, 0xd0, 0xff,
    0xc8, 0xd4, 0xd0, 0xff, 0xc8, 0xd4, 0xd8, 0xff, 0xc8, 0xd4, 0xd0, 0xff,
    0xc8, 0xd4, 0xd0, 0xff, 0xc8, 0xd4, 0xd8, 0xff, 0xc8, 0xd4, 0xd0, 0xff,
    0xc8, 0xd4, 0xd0, 0xff, 0xc8, 0xd4, 0xd8, 0xff, 0xd0, 0xd4, 0xd8, 0xff,
    0xc8, 0xd8, 0xd8, 0xff, 0xc8, 0xd8, 0xd8, 0xff, 0xd0, 0xd8, 0xd8, 0xff,
    0xd0, 0xd8, 0xd8, 0xff, 0xc8, 0xd8, 0xd8, 0xff, 0xd0, 0xd8, 0xd8, 0xff,
    0xd0, 0xd8, 0xd8, 0xff, 0xd0, 0xd8, 0xd8, 0xff, 0x98, 0x90, 0xa8, 0xff,
    0x40, 0x44, 0x68, 0xff, 0x20, 0x2c, 0x48, 0xff, 0x20, 0x30, 0x58, 0xff,
    0x18, 0x24, 0x50, 0xff, 0x18, 0x24, 0x48, 0xff, 0x10, 0x24, 0x48, 0x41,
    0x30, 0x38, 0xd8, 0xff, 0x28, 0x38, 0xd0, 0xff, 0x30, 0x38, 0xd0, 0xff,
    0x28, 0x38, 0xd0, 0xff, 0x28, 0x34, 0xd0, 0xff, 0x28, 0x34, 0xd0, 0xff,
    0x30, 0x38, 0xd8, 0xff, 0x28, 0x34, 0xd8, 0xff, 0x30, 0x38, 0xd8, 0xff,
    0x30, 0x38, 0xd8, 0xff, 0x28, 0x34, 0xd8, 0xff, 0x30, 0x34, 0xd8, 0xff,
    0x30, 0x34, 0xd8, 0xff, 0x28, 0x34, 0xd8, 0xff, 0x28, 0x34, 0xd8, 0xff,
    0x30, 0x38, 0xd8, 0xff, 0x30, 0x38, 0xd8, 0xff, 0x30, 0x38, 0xd8, 0xff,
    0x30, 0x38, 0xe0, 0xff, 0x30, 0x38, 0xd8, 0xff, 0x30, 0x38, 0xd8, 0xff,
    0x30, 0x3c, 0xe0, 0xff, 0x38, 0x3c, 0xe0, 0xff, 0x30, 0x38, 0xd8, 0xff,
    0x30, 0x3c, 0xe0, 0xff, 0x38, 0x3c, 0xe0, 0xff, 0x38, 0x3c, 0xe0, 0xff,
    0x30, 0x3c, 0xd8, 0xff, 0x30, 0x3c, 0xe0, 0xff, 0x38, 0x40, 0xe0, 0xff,
    0x38, 0x40, 0xe0, 0xff, 0x38, 0x40, 0xe0, 0xff, 0x38, 0x40, 0xe0, 0xff,
    0x38, 0x44, 0xe0, 0xff, 0x38, 0x48, 0xe8, 0xff, 0x40, 0x44, 0xe8, 0xff,
    0x38, 0x40, 0xe0, 0xff, 0x38, 0x40, 0xe0, 0xff, 0x38, 0x44, 0xe0, 0xff,
    0x38, 0x44, 0xe0, 0xff, 0x38, 0x44, 0xe8, 0xff, 0x40, 0x44, 0xe8, 0xff,
    0x38, 0x44, 0xe8, 0xff, 0x38, 0x44, 0xe8, 0xff, 0x40, 0x44, 0xe8, 0xff,
    0x40, 0x44, 0xe8, 0xff, 0x40, 0x44, 0xe8, 0xff, 0x40, 0x44, 0xe8, 0xff,
    0x38, 0x44, 0xe8, 0xff, 0x40, 0x48, 0xe8, 0xff, 0x40, 0x48, 0xe8, 0xff,
    0x38, 0x44, 0xe8, 0xff, 0x38, 0x48, 0xe8, 0xff, 0x38, 0x44, 0xe8, 0xff,
    0x38, 0x44, 0xe8, 0xff, 0x38, 0x48, 0xe8, 0xff, 0x40, 0x48, 0xe8, 0xff,
    0x40, 0x4c, 0xe8, 0xff, 0x38, 0x48, 0xe8, 0xff, 0x38, 0x44, 0xe8, 0xff,
    0x38, 0x40, 0xe0, 0xff, 0x30, 0x34, 0xd8, 0xff, 0x28, 0x2c, 0xd0, 0xff,
    0x20, 0x2c, 0xa0, 0xff, 0x18, 0x28, 0x60, 0xff, 0x20, 0x2c, 0x70, 0xff,
    0x20, 0x30, 0x70, 0xff, 0x20, 0x2c, 0x70, 0xff, 0x28, 0x38, 0x78, 0xff,
    0x38, 0x4c, 0x88, 0xff, 0x38, 0x4c, 0x88, 0xff, 0x30, 0x40, 0x78, 0xff,
    0x40, 0x50, 0x90, 0xff, 0x30, 0x44, 0x78, 0xff, 0x78, 0x88, 0xc0, 0xff,
    0x50, 0x5c, 0x78, 0xff, 0xc0, 0xcc, 0xd0, 0xff, 0xc8, 0xd0, 0xd0, 0xff,
    0xc8, 0xd0, 0xd0, 0xff, 0xc8, 0xd0, 0xd0, 0xff, 0xc8, 0xd0, 0xd0, 0xff,
    0xc0, 0xcc, 0xd0, 0xff, 0xc0, 0xcc, 0xc8, 0xff, 0xc0, 0xc8, 0xc8, 0xff,
    0xc0, 0xc8, 0xc8, 0xff, 0xb8, 0xc8, 0xc8, 0xff, 0xc0, 0xc8, 0xc8, 0xff,
    0xc0, 0xc4, 0xc0, 0xff, 0xb8, 0xc4, 0xc8, 0xff, 0xc0, 0xc8, 0xc8, 0xff,
    0xc0, 0xc4, 0xc0, 0xff, 0xb8, 0xc4, 0xc0, 0xff, 0xb8, 0xc8, 0xc8, 0xff,
    0xb8, 0xc8, 0xc8, 0xff, 0xc0, 0xc4, 0xc8, 0xff, 0xc0, 0xc4, 0xc8, 0xff,
    0xb8, 0xc4, 0xc0, 0xff, 0xb8, 0xc4, 0xc0, 0xff, 0xb8, 0xc0, 0xc0, 0xff,
    0xb8, 0xc4, 0xc0, 0xff, 0xc0, 0xc4, 0xc0, 0xff, 0xc0, 0xc4, 0xc8, 0xff,
    0xb8, 0xc4, 0xc8, 0xff, 0xc0, 0xc8, 0xc8, 0xff, 0xc0, 0xc8, 0xc8, 0xff,
    0xc0, 0xc8, 0xc8, 0xff, 0xc0, 0xc8, 0xc8, 0xff, 0xb8, 0xc4, 0xc0, 0xff,
    0xb8, 0xc4, 0xc0, 0xff, 0xc0, 0xc4, 0xc8, 0xff, 0xc0, 0xc4, 0xc8, 0xff,
    0xc0, 0xc4, 0xc0, 0xff, 0xb8, 0xc4, 0xc0, 0xff, 0xb8, 0xc4, 0xc0, 0xff,
    0xc0, 0xc4, 0xc0, 0xff, 0xb8, 0xc4, 0xc0, 0xff, 0x70, 0x74, 0x88, 0xff,
    0x18, 0x2c, 0x50, 0xff, 0x18, 0x28, 0x50, 0xff, 0x18, 0x2c, 0x58, 0xff,
    0x18, 0x2c, 0x60, 0xff, 0x20, 0x2c, 0x60, 0xff, 0x18, 0x2c, 0x50, 0xff,
    0x30, 0x40, 0x70, 0xff, 0x88, 0x90, 0xa8, 0xff, 0xb8, 0xc4, 0xc0, 0xff,
    0xb8, 0xc4, 0xc0, 0xff, 0xb8, 0xc4, 0xc0, 0xff, 0xb8, 0xc0, 0xc0, 0xff,
    0xb8, 0xc4, 0xc0, 0xff, 0xb8, 0xc4, 0xc0, 0xff, 0xc0, 0xc8, 0xc8, 0xff,
    0xc0, 0xc8, 0xc0, 0xff, 0xc0, 0xc8, 0xc8, 0xff, 0xc0, 0xc8, 0xc8, 0xff,
    0xc0, 0xcc, 0xc8, 0xff, 0xc0, 0xcc, 0xc8, 0xff, 0xc0, 0xcc, 0xc8, 0xff,
    0xc0, 0xd0, 0xd0, 0xff, 0xc8, 0xd0, 0xd0, 0xff, 0xc8, 0xd0, 0xd0, 0xff,
    0xc8, 0xd0, 0xd0, 0xff, 0xc8, 0xd0, 0xd0, 0xff, 0xc8, 0xd0, 0xd0, 0xff,
    0xc8, 0xd0, 0xd0, 0xff, 0xc0, 0xd0, 0xd0, 0xff, 0xc8, 0xd4, 0xd0, 0xff,
    0xc8, 0xd4, 0xd0, 0xff, 0xc8, 0xd4, 0xd0, 0xff, 0xc8, 0xd4, 0xd8, 0xff,
    0xc8, 0xd4, 0xd0, 0xff, 0xd0, 0xd4, 0xd0, 0xff, 0xc8, 0xd4, 0xd8, 0xff,
    0xc8, 0xd8, 0xd0, 0xff, 0xd0, 0xd4, 0xd8, 0xff, 0xc8, 0xd4, 0xd0, 0xff,
    0xc8, 0xd4, 0xd0, 0xff, 0xd0, 0xd8, 0xd8, 0xff, 0xd0, 0xd4, 0xd8, 0xff,
    0xc8, 0xd8, 0xd8, 0xff, 0xd0, 0xd8, 0xd8, 0xff, 0xd0, 0xd8, 0xd8, 0xff,
    0xd0, 0xd8, 0xd8, 0xff, 0xd0, 0xd8, 0xd8, 0xff, 0xd0, 0xd8, 0xe0, 0xff,
    0x90, 0x90, 0xa8, 0xff, 0x40, 0x44, 0x68, 0xff, 0x28, 0x30, 0x48, 0xff,
    0x20, 0x30, 0x58, 0xff, 0x18, 0x24, 0x50, 0xff, 0x18, 0x24, 0x40, 0xff,
    0x18, 0x24, 0x40, 0x41, 0x30, 0x38, 0xd8, 0xff, 0x30, 0x38, 0xd8, 0xff,
    0x28, 0x38, 0xd0, 0xff, 0x28, 0x34, 0xd0, 0xff, 0x28, 0x34, 0xd0, 0xff,
    0x30, 0x38, 0xd8, 0xff, 0x30, 0x38, 0xd8, 0xff, 0x28, 0x34, 0xd8, 0xff,
    0x30, 0x38, 0xd8, 0xff, 0x30, 0x38, 0xd8, 0xff, 0x30, 0x38, 0xd8, 0xff,
    0x28, 0x34, 0xd8, 0xff, 0x28, 0x34, 0xd8, 0xff, 0x30, 0x34, 0xd8, 0xff,
    0x28, 0x34, 0xd8, 0xff, 0x28, 0x34, 0xd8, 0xff, 0x30, 0x38, 0xd8, 0xff,
    0x30, 0x38, 0xd8, 0xff, 0x30, 0x38, 0xd8, 0xff, 0x30, 0x38, 0xe0, 0xff,
    0x30, 0x3c, 0xe0, 0xff, 0x30, 0x3c, 0xd8, 0xff, 0x30, 0x3c, 0xe0, 0xff,
    0x30, 0x38, 0xe0, 0xff, 0x30, 0x3c, 0xe0, 0xff, 0x38, 0x3c, 0xe0, 0xff,
    0x30, 0x3c, 0xe0, 0xff, 0x30, 0x3c, 0xd8, 0xff, 0x30, 0x3c, 0xe0, 0xff,
    0x38, 0x40, 0xe0, 0xff, 0x30, 0x3c, 0xe0, 0xff, 0x38, 0x40, 0xe0, 0xff,
    0x38, 0x40, 0xe0, 0xff, 0x38, 0x44, 0xe0, 0xff, 0x38, 0x44, 0xe0, 0xff,
    0x38, 0x48, 0xe8, 0xff, 0x38, 0x44, 0xe0, 0xff, 0x38, 0x44, 0xe0, 0xff,
    0x38, 0x44, 0xe0, 0xff, 0x38, 0x44, 0xe0, 0xff, 0x40, 0x44, 0xe8, 0xff,
    0x38, 0x44, 0xe8, 0xff, 0x38, 0x44, 0xe0, 0xff, 0x38, 0x44, 0xe8, 0xff,
    0x38, 0x44, 0xe8, 0xff, 0x40, 0x48, 0xe8, 0xff, 0x40, 0x48, 0xe8, 0xff,
    0x38, 0x44, 0xe8, 0xff, 0x38, 0x44, 0xe8, 0xff, 0x38, 0x48, 0xe8, 0xff,
    0x38, 0x48, 0xe8, 0xff, 0x40, 0x48, 0xe8, 0xff, 0x40, 0x44, 0xe8, 0xff,
    0x38, 0x44, 0xe8, 0xff, 0x38, 0x44, 0xe0, 0xff, 0x38, 0x48, 0xe8, 0xff,
    0x38, 0x48, 0xe8, 0xff, 0x40, 0x48, 0xe8, 0xff, 0x38, 0x48, 0xe8, 0xff,
    0x38, 0x40, 0xe0, 0xff, 0x30, 0x3c, 0xe0, 0xff, 0x30, 0x34, 0xd8, 0xff,
    0x28, 0x30, 0xd0, 0xff, 0x20, 0x2c, 0x98, 0xff, 0x18, 0x28, 0x60, 0xff,
    0x18, 0x30, 0x70, 0xff, 0x20, 0x30, 0x70, 0xff, 0x18, 0x2c, 0x70, 0xff,
    0x28, 0x38, 0x78, 0xff, 0x38, 0x48, 0x88, 0xff, 0x38, 0x4c, 0x88, 0xff,
    0x30, 0x3c, 0x78, 0xff, 0x40, 0x4c, 0x90, 0xff, 0x30, 0x44, 0x80, 0xff,
    0x80, 0x88, 0xc0, 0xff, 0x50, 0x5c, 0x70, 0xff, 0xc0, 0xcc, 0xd0, 0xff,
    0xc8, 0xd0, 0xd0, 0xff, 0xc0, 0xd0, 0xd0, 0xff, 0xc8, 0xd0, 0xd0, 0xff,
    0xc8, 0xd0, 0xd0, 0xff, 0xc0, 0xcc, 0xd0, 0xff, 0xc0, 0xc8, 0xc8, 0xff,
    0xc0, 0xc8, 0xc8, 0xff, 0xc0, 0xc8, 0xc8, 0xff, 0xb8, 0xc8, 0xc8, 0xff,
    0xc0, 0xc8, 0xc0, 0xff, 0xc0, 0xc8, 0xc8, 0xff, 0xc0, 0xc8, 0xc8, 0xff,
    0xc0, 0xc8, 0xc8, 0xff, 0xc0, 0xc4, 0xc0, 0xff, 0xb8, 0xc4, 0xc0, 0xff,
    0xc0, 0xc8, 0xc8, 0xff, 0xb8, 0xc8, 0xc0, 0xff, 0xc0, 0xc4, 0xc0, 0xff,
    0xc0, 0xc4, 0xc8, 0xff, 0xb8, 0xc4, 0xc0, 0xff, 0xc0, 0xc4, 0xc0, 0xff,
    0xc0, 0xc4, 0xc0, 0xff, 0xb8, 0xc4, 0xc0, 0xff, 0xb8, 0xc4, 0xc0, 0xff,
    0xc0, 0xc4, 0xc0, 0xff, 0xb8, 0xc4, 0xc8, 0xff, 0xc0, 0xc8, 0xc8, 0xff,
    0xc0, 0xc8, 0xc8, 0xff, 0xb8, 0xc8, 0xc8, 0xff, 0xc0, 0xc8, 0xc8, 0xff,
    0xc0, 0xc4, 0xc8, 0xff, 0xb8, 0xc4, 0xc0, 0xff, 0xc0, 0xc4, 0xc8, 0xff,
    0xb8, 0xc4, 0xc0, 0xff, 0xc0, 0xc8, 0xc8, 0xff, 0xc0, 0xc4, 0xc8, 0xff,
    0xb8, 0xc4, 0xc0, 0xff, 0xc0, 0xc4, 0xc0, 0xff, 0xc0, 0xc8, 0xc0, 0xff,
    0x70, 0x78, 0x90, 0xff, 0x20, 0x2c, 0x50, 0xff, 0x18, 0x28, 0x50, 0xff,
    0x20, 0x28, 0x58, 0xff, 0x18, 0x2c, 0x60, 0xff, 0x20, 0x2c, 0x60, 0xff,
    0x18, 0x2c, 0x50, 0xff, 0x38, 0x40, 0x68, 0xff, 0x88, 0x8c, 0xa0, 0xff,
    0xb8, 0xc0, 0xc0, 0xff, 0xc0, 0xc4, 0xc0, 0xff, 0xb8, 0xc4, 0xc0, 0xff,
    0xc0, 0xc4, 0xc0, 0xff, 0xc0, 0xc4, 0xc0, 0xff, 0xc0, 0xc4, 0xc0, 0xff,
    0xc0, 0xc8, 0xc8, 0xff, 0xb8, 0xc4, 0xc0, 0xff, 0xc0, 0xc8, 0xc8, 0xff,
    0xc0, 0xcc, 0xc8, 0xff, 0xc0, 0xd0, 0xc8, 0xff, 0xc8, 0xd0, 0xd0, 0xff,
    0xc8, 0xd0, 0xd0, 0xff, 0xc0, 0xd0, 0xc8, 0xff, 0xc8, 0xd0, 0xd0, 0xff,
    0xc0, 0xd0, 0xd0, 0xff, 0xc8, 0xd0, 0xd0, 0xff, 0xc0, 0xd0, 0xd0, 0xff,
    0xc8, 0xd0, 0xd0, 0xff, 0xc8, 0xd0, 0xd0, 0xff, 0xc8, 0xd0, 0xd0, 0xff,
    0xc8, 0xd4, 0xd0, 0xff, 0xc8, 0xd0, 0xd0, 0xff, 0xc8, 0xd4, 0xd8, 0xff,
    0xc8, 0xd4, 0xd8, 0xff, 0xd0, 0xd4, 0xd8, 0xff, 0xc8, 0xd4, 0xd8, 0xff,
    0xd0, 0xd4, 0xd8, 0xff, 0xc8, 0xd4, 0xd0, 0xff, 0xc8, 0xd4, 0xd8, 0xff,
    0xc8, 0xd4, 0xd8, 0xff, 0xc8, 0xd4, 0xd0, 0xff, 0xd0, 0xd8, 0xd8, 0xff,
    0xd0, 0xd8, 0xd8, 0xff, 0xc8, 0xd4, 0xd8, 0xff, 0xd0, 0xd8, 0xd8, 0xff,
    0xd0, 0xd8, 0xd8, 0xff, 0xd0, 0xdc, 0xd8, 0xff, 0xd0, 0xd8, 0xd8, 0xff,
    0xd0, 0xd8, 0xe0, 0xff, 0x90, 0x90, 0xb0, 0xff, 0x40, 0x40, 0x60, 0xff,
    0x20, 0x2c, 0x48, 0xff, 0x20, 0x30, 0x58, 0xff, 0x18, 0x28, 0x50, 0xff,
    0x18, 0x24, 0x40, 0xff, 0x18, 0x24, 0x48, 0x41, 0x28, 0x30, 0xd0, 0xff,
    0x28, 0x34, 0xd8, 0xff, 0x30, 0x38, 0xd8, 0xff, 0x30, 0x38, 0xd8, 0xff,
    0x28, 0x34, 0xd0, 0xff, 0x28, 0x38, 0xd8, 0xff, 0x30, 0x38, 0xd8, 0xff,
    0x28, 0x38, 0xd0, 0xff, 0x30, 0x38, 0xd8, 0xff, 0x30, 0x38, 0xd8, 0xff,
    0x30, 0x38, 0xd8, 0xff, 0x28, 0x38, 0xd8, 0xff, 0x28, 0x34, 0xd0, 0xff,
    0x30, 0x38, 0xd8, 0xff, 0x30, 0x38, 0xd8, 0xff, 0x28, 0x38, 0xd8, 0xff,
    0x30, 0x38, 0xd8, 0xff, 0x28, 0x38, 0xd8, 0xff, 0x30, 0x38, 0xd8, 0xff,
    0x30, 0x38, 0xd8, 0xff, 0x30, 0x3c, 0xe0, 0xff, 0x30, 0x3c, 0xe0, 0xff,
    0x38, 0x3c, 0xe0, 0xff, 0x30, 0x3c, 0xe0, 0xff, 0x30, 0x3c, 0xd8, 0xff,
    0x30, 0x3c, 0xe0, 0xff, 0x30, 0x3c, 0xd8, 0xff, 0x30, 0x3c, 0xd8, 0xff,
    0x38, 0x3c, 0xe0, 0xff, 0x38, 0x40, 0xe0, 0xff, 0x38, 0x40, 0xe0, 0xff,
    0x38, 0x40, 0xe0, 0xff, 0x38, 0x44, 0xe0, 0xff, 0x38, 0x44, 0xe0, 0xff,
    0x38, 0x40, 0xe0, 0xff, 0x38, 0x44, 0xe0, 0xff, 0x38, 0x48, 0xe0, 0xff,
    0x38, 0x44, 0xe0, 0xff, 0x40, 0x48, 0xe8, 0xff, 0x38, 0x44, 0xe8, 0xff,
    0x38, 0x40, 0xe0, 0xff, 0x38, 0x40, 0xe8, 0xff, 0x38, 0x44, 0xe0, 0xff,
    0x38, 0x40, 0xe0, 0xff, 0x38, 0x44, 0xe8, 0xff, 0x38, 0x44, 0xe8, 0xff,
    0x40, 0x44, 0xe8, 0xff, 0x38, 0x40, 0xe0, 0xff, 0x38, 0x44, 0xe8, 0xff,
    0x40, 0x44, 0xe8, 0xff, 0x40, 0x48, 0xe8, 0xff, 0x40, 0x48, 0xe8, 0xff,
    0x38, 0x44, 0xe8, 0xff, 0x40, 0x48, 0xe8, 0xff, 0x40, 0x48, 0xe8, 0xff,
    0x38, 0x44, 0xe8, 0xff, 0x40, 0x48, 0xe8, 0xff, 0x40, 0x4c, 0xf0, 0xff,
    0x40, 0x48, 0xe8, 0xff, 0x38, 0x44, 0xe8, 0xff, 0x38, 0x40, 0xe0, 0xff,
    0x30, 0x38, 0xd8, 0xff, 0x28, 0x30, 0xd0, 0xff, 0x20, 0x2c, 0xa0, 0xff,
    0x18, 0x28, 0x60, 0xff, 0x20, 0x30, 0x70, 0xff, 0x18, 0x2c, 0x68, 0xff,
    0x18, 0x2c, 0x70, 0xff, 0x28, 0x38, 0x78, 0xff, 0x38, 0x48, 0x80, 0xff,
    0x38, 0x4c, 0x88, 0xff, 0x30, 0x40, 0x78, 0xff, 0x40, 0x50, 0x90, 0xff,
    0x38, 0x44, 0x80, 0xff, 0x80, 0x88, 0xc0, 0xff, 0x50, 0x58, 0x70, 0xff,
    0xc0, 0xcc, 0xd0, 0xff, 0xc0, 0xd0, 0xd0, 0xff, 0xc0, 0xcc, 0xd0, 0xff,
    0xc0, 0xcc, 0xd0, 0xff, 0xc0, 0xd0, 0xc8, 0xff, 0xc0, 0xcc, 0xd0, 0xff,
    0xc0, 0xcc, 0xc8, 0xff, 0xc0, 0xcc, 0xc8, 0xff, 0xc0, 0xc8, 0xc8, 0xff,
    0xc0, 0xc8, 0xc8, 0xff, 0xc0, 0xc8, 0xc8, 0xff, 0xc0, 0xc8, 0xc8, 0xff,
    0xb8, 0xc8, 0xc8, 0xff, 0xc0, 0xc8, 0xc8, 0xff, 0xc0, 0xc4, 0xc8, 0xff,
    0xc0, 0xc8, 0xc8, 0xff, 0xb8, 0xc8, 0xc8, 0xff, 0xb8, 0xc8, 0xc0, 0xff,
    0xb8, 0xc4, 0xc0, 0xff, 0xc0, 0xc4, 0xc8, 0xff, 0xb8, 0xc4, 0xc0, 0xff,
    0xc0, 0xc4, 0xc8, 0xff, 0xc0, 0xc4, 0xc0, 0xff, 0xb8, 0xc4, 0xc0, 0xff,
    0xb8, 0xc4, 0xc8, 0xff, 0xb8, 0xc4, 0xc0, 0xff, 0xc0, 0xc8, 0xc8, 0xff,
    0xc0, 0xc8, 0xc8, 0xff, 0xb8, 0xc8, 0xc8, 0xff, 0xc0, 0xc8, 0xc0, 0xff,
    0xc0, 0xc8, 0xc8, 0xff, 0xc0, 0xc8, 0xc8, 0xff, 0xb8, 0xc8, 0xc8, 0xff,
    0xb8, 0xc4, 0xc0, 0xff, 0xc0, 0xc4, 0xc0, 0xff, 0xb8, 0xc4, 0xc0, 0xff,
    0xb8, 0xc4, 0xc0, 0xff, 0xc0, 0xc4, 0xc0, 0xff, 0xb8, 0xc4, 0xc8, 0xff,
    0xc0, 0xc4, 0xc0, 0xff, 0x68, 0x70, 0x88, 0xff, 0x18, 0x2c, 0x50, 0xff,
    0x18, 0x28, 0x50, 0xff, 0x18, 0x28, 0x58, 0xff, 0x18, 0x28, 0x60, 0xff,
    0x20, 0x2c, 0x60, 0xff, 0x18, 0x2c, 0x50, 0xff, 0x30, 0x3c, 0x68, 0xff,
    0x88, 0x8c, 0xa8, 0xff, 0xb8, 0xc4, 0xc0, 0xff, 0xc0, 0xc4, 0xc0, 0xff,
    0xb8, 0xc4, 0xc0, 0xff, 0xb8, 0xc4, 0xc0, 0xff, 0xc0, 0xc4, 0xc8, 0xff,
    0xc0, 0xc8, 0xc8, 0xff, 0xc0, 0xcc, 0xc8, 0xff, 0xc0, 0xcc, 0xc8, 0xff,
    0xc0, 0xcc, 0xd0, 0xff, 0xc8, 0xcc, 0xd0, 0xff, 0xc8, 0xd0, 0xd0, 0xff,
    0xc8, 0xd0, 0xd0, 0xff, 0xc8, 0xd0, 0xd0, 0xff, 0xc0, 0xd0, 0xd0, 0xff,
    0xc0, 0xcc, 0xc8, 0xff, 0xc8, 0xd0, 0xc8, 0xff, 0xc8, 0xd0, 0xd0, 0xff,
    0xc8, 0xd0, 0xd0, 0xff, 0xc8, 0xd0, 0xd0, 0xff, 0xc8, 0xd0, 0xd0, 0xff,
    0xc8, 0xd0, 0xd0, 0xff, 0xc8, 0xd0, 0xd0, 0xff, 0xc8, 0xd0, 0xd0, 0xff,
    0xc8, 0xd4, 0xd0, 0xff, 0xc8, 0xd0, 0xd0, 0xff, 0xc8, 0xd4, 0xd0, 0xff,
    0xc8, 0xd4, 0xd0, 0xff, 0xc8, 0xd4, 0xd0, 0xff, 0xc8, 0xd0, 0xd0, 0xff,
    0xc8, 0xd0, 0xd0, 0xff, 0xc8, 0xd4, 0xd8, 0xff, 0xd0, 0xd4, 0xd8, 0xff,
    0xc8, 0xd4, 0xd8, 0xff, 0xd0, 0xd8, 0xd8, 0xff, 0xd0, 0xd8, 0xd0, 0xff,
    0xc8, 0xd8, 0xd8, 0xff, 0xd0, 0xd8, 0xd8, 0xff, 0xd0, 0xd8, 0xe0, 0xff,
    0xd0, 0xd8, 0xe0, 0xff, 0xd0, 0xd8, 0xe0, 0xff, 0x90, 0x90, 0xb0, 0xff,
    0x40, 0x40, 0x60, 0xff, 0x20, 0x30, 0x48, 0xff, 0x20, 0x2c, 0x50, 0xff,
    0x18, 0x24, 0x50, 0xff, 0x10, 0x24, 0x48, 0xff, 0x18, 0x24, 0x48, 0x41,
    0x28, 0x34, 0xd8, 0xff, 0x28, 0x34, 0xd0, 0xff, 0x30, 0x38, 0xd8, 0xff,
    0x28, 0x38, 0xd8, 0xff, 0x28, 0x34, 0xd0, 0xff, 0x30, 0x38, 0xd0, 0xff,
    0x30, 0x38, 0xd8, 0xff, 0x28, 0x38, 0xd8, 0xff, 0x28, 0x34, 0xd8, 0xff,
    0x28, 0x34, 0xd8, 0xff, 0x28, 0x34, 0xd8, 0xff, 0x30, 0x38, 0xd8, 0xff,
    0x28, 0x34, 0xd0, 0xff, 0x28, 0x34, 0xd8, 0xff, 0x30, 0x38, 0xd8, 0xff,
    0x30, 0x38, 0xd8, 0xff, 0x28, 0x30, 0xd0, 0xff, 0x30, 0x34, 0xd8, 0xff,
    0x30, 0x3c, 0xd8, 0xff, 0x30, 0x38, 0xd8, 0xff, 0x30, 0x3c, 0xe0, 0xff,
    0x30, 0x38, 0xe0, 0xff, 0x30, 0x3c, 0xe0, 0xff, 0x30, 0x38, 0xd8, 0xff,
    0x30, 0x38, 0xe0, 0xff, 0x30, 0x3c, 0xe0, 0xff, 0x30, 0x3c, 0xd8, 0xff,
    0x30, 0x3c, 0xe0, 0xff, 0x38, 0x3c, 0xe0, 0xff, 0x30, 0x3c, 0xe0, 0xff,
    0x30, 0x40, 0xe0, 0xff, 0x38, 0x40, 0xe0, 0xff, 0x38, 0x40, 0xe0, 0xff,
    0x38, 0x40, 0xe0, 0xff, 0x38, 0x40, 0xe8, 0xff, 0x38, 0x44, 0xe0, 0xff,
    0x38, 0x44, 0xe0, 0xff, 0x40, 0x44, 0xe8, 0xff, 0x40, 0x48, 0xe8, 0xff,
    0x38, 0x44, 0xe8, 0xff, 0x38, 0x44, 0xe8, 0xff, 0x40, 0x44, 0xe8, 0xff,
    0x40, 0x44, 0xe8, 0xff, 0x40, 0x44, 0xe8, 0xff, 0x38, 0x44, 0xe8, 0xff,
    0x38, 0x44, 0xe8, 0xff, 0x40, 0x48, 0xe8, 0xff, 0x38, 0x44, 0xe8, 0xff,
    0x38, 0x44, 0xe8, 0xff, 0x38, 0x44, 0xe8, 0xff, 0x40, 0x44, 0xe8, 0xff,
    0x40, 0x48, 0xe8, 0xff, 0x38, 0x48, 0xe8, 0xff, 0x40, 0x44, 0xe8, 0xff,
    0x40, 0x48, 0xe8, 0xff, 0x38, 0x44, 0xe8, 0xff, 0x40, 0x48, 0xe8, 0xff,
    0x40, 0x48, 0xe8, 0xff, 0x38, 0x48, 0xe8, 0xff, 0x38, 0x44, 0xe8, 0xff,
    0x38, 0x3c, 0xe0, 0xff, 0x30, 0x38, 0xd8, 0xff, 0x28, 0x30, 0xd0, 0xff,
    0x20, 0x2c, 0xa0, 0xff, 0x18, 0x28, 0x60, 0xff, 0x20, 0x2c, 0x70, 0xff,
    0x18, 0x2c, 0x70, 0xff, 0x20, 0x2c, 0x70, 0xff, 0x28, 0x38, 0x78, 0xff,
    0x38, 0x4c, 0x80, 0xff, 0x38, 0x4c, 0x88, 0xff, 0x30, 0x40, 0x80, 0xff,
    0x40, 0x54, 0x90, 0xff, 0x30, 0x44, 0x80, 0xff, 0x80, 0x88, 0xc0, 0xff,
    0x50, 0x5c, 0x70, 0xff, 0xc0, 0xcc, 0xd0, 0xff, 0xc8, 0xd0, 0xd0, 0xff,
    0xc0, 0xd0, 0xd0, 0xff, 0xc8, 0xd0, 0xd0, 0xff, 0xc8, 0xd0, 0xd0, 0xff,
    0xc0, 0xcc, 0xd0, 0xff, 0xc0, 0xcc, 0xc8, 0xff, 0xc0, 0xcc, 0xc8, 0xff,
    0xc0, 0xc8, 0xc8, 0xff, 0xb8, 0xc8, 0xc8, 0xff, 0xc0, 0xc8, 0xc8, 0xff,
    0xc0, 0xc8, 0xc8, 0xff, 0xc0, 0xc8, 0xc0, 0xff, 0xc0, 0xc8, 0xc0, 0xff,
    0xc0, 0xc8, 0xc8, 0xff, 0xb8, 0xc4, 0xc8, 0xff, 0xc0, 0xc8, 0xc8, 0xff,
    0xc0, 0xc8, 0xc8, 0xff, 0xc0, 0xc4, 0xc8, 0xff, 0xb8, 0xc4, 0xc0, 0xff,
    0xb8, 0xc4, 0xc8, 0xff, 0xb8, 0xc4, 0xc0, 0xff, 0xc0, 0xc4, 0xc0, 0xff,
    0xc0, 0xc4, 0xc8, 0xff, 0xc0, 0xc4, 0xc0, 0xff, 0xb8, 0xc8, 0xc8, 0xff,
    0xc0, 0xc8, 0xc8, 0xff, 0xc0, 0xc8, 0xc8, 0xff, 0xb8, 0xc8, 0xc8, 0xff,
    0xc0, 0xc8, 0xc8, 0xff, 0xc0, 0xcc, 0xc8, 0xff, 0xc0, 0xc8, 0xc8, 0xff,
    0xb8, 0xc8, 0xc0, 0xff, 0xc0, 0xc8, 0xc0, 0xff, 0xb8, 0xc4, 0xc0, 0xff,
    0xb8, 0xc4, 0xc0, 0xff, 0xb8, 0xc4, 0xc0, 0xff, 0xc0, 0xc8, 0xc0, 0xff,
    0xb8, 0xc4, 0xc0, 0xff, 0xc0, 0xc4, 0xc8, 0xff, 0x68, 0x70, 0x88, 0xff,
    0x20, 0x2c, 0x50, 0xff, 0x18, 0x28, 0x50, 0xff, 0x18, 0x28, 0x58, 0xff,
    0x18, 0x2c, 0x58, 0xff, 0x20, 0x2c, 0x60, 0xff, 0x18, 0x2c, 0x50, 0xff,
    0x30, 0x3c, 0x68, 0xff, 0x90, 0x8c, 0xa8, 0xff, 0xb8, 0xc4, 0xc0, 0xff,
    0xc0, 0xc4, 0xc0, 0xff, 0xc0, 0xc4, 0xc0, 0xff, 0xb8, 0xc4, 0xc8, 0xff,
    0xc0, 0xc8, 0xc8, 0xff, 0xc0, 0xcc, 0xc8, 0xff, 0xc0, 0xcc, 0xc8, 0xff,
    0xc0, 0xcc, 0xd0, 0xff, 0xc8, 0xd0, 0xd0, 0xff, 0xc8, 0xd0, 0xd0, 0xff,
    0xc0, 0xd0, 0xd0, 0xff, 0xc8, 0xd0, 0xd0, 0xff, 0xc8, 0xd0, 0xd0, 0xff,
    0xc0, 0xd0, 0xd0, 0xff, 0xc8, 0xd0, 0xd0, 0xff, 0xc0, 0xd0, 0xd0, 0xff,
    0xc8, 0xd0, 0xd0, 0xff, 0xc8, 0xd0, 0xd0, 0xff, 0xc8, 0xd0, 0xd0, 0xff,
    0xc0, 0xd0, 0xd0, 0xff, 0xc8, 0xd0, 0xd0, 0xff, 0xc8, 0xd0, 0xd0, 0xff,
    0xc8, 0xd0, 0xd0, 0xff, 0xc8, 0xd4, 0xd0, 0xff, 0xc8, 0xd0, 0xd0, 0xff,
    0xc8, 0xd0, 0xd0, 0xff, 0xc8, 0xd0, 0xd0, 0xff, 0xc8, 0xd0, 0xd0, 0xff,
    0xc8, 0xd0, 0xd0, 0xff, 0xc8, 0xd0, 0xd0, 0xff, 0xc8, 0xd0, 0xd8, 0xff,
    0xc8, 0xd4, 0xd8, 0xff, 0xc8, 0xd4, 0xd8, 0xff, 0xc8, 0xd4, 0xd0, 0xff,
    0xc8, 0xd4, 0xd8, 0xff, 0xd0, 0xd8, 0xd8, 0xff, 0xd0, 0xd8, 0xd8, 0xff,
    0xd0, 0xd8, 0xe0, 0xff, 0xd0, 0xd8, 0xe0, 0xff, 0xd0, 0xd8, 0xd8, 0xff,
    0x90, 0x90, 0xb0, 0xff, 0x40, 0x40, 0x68, 0xff, 0x28, 0x30, 0x48, 0xff,
    0x20, 0x30, 0x50, 0xff, 0x18, 0x24, 0x50, 0xff, 0x18, 0x24, 0x48, 0xff,
    0x18, 0x24, 0x48, 0x41, 0x28, 0x38, 0xd8, 0xff, 0x30, 0x38, 0xd0, 0xff,
    0x30, 0x38, 0xd8, 0xff, 0x30, 0x38, 0xd8, 0xff, 0x28, 0x34, 0xd0, 0xff,
    0x28, 0x38, 0xd0, 0xff, 0x30, 0x38, 0xd8, 0xff, 0x28, 0x34, 0xd0, 0xff,
    0x28, 0x34, 0xd8, 0xff, 0x30, 0x34, 0xd8, 0xff, 0x28, 0x34, 0xd0, 0xff,
    0x28, 0x34, 0xd8, 0xff, 0x30, 0x38, 0xd0, 0xff, 0x30, 0x38, 0xd8, 0xff,
    0x28, 0x34, 0xd8, 0xff, 0x30, 0x38, 0xd8, 0xff, 0x28, 0x34, 0xd0, 0xff,
    0x28, 0x30, 0xd0, 0xff, 0x30, 0x38, 0xd8, 0xff, 0x30, 0x38, 0xe0, 0xff,
    0x30, 0x3c, 0xe0, 0xff, 0x30, 0x38, 0xd8, 0xff, 0x30, 0x38, 0xe0, 0xff,
    0x30, 0x38, 0xd8, 0xff, 0x30, 0x38, 0xd8, 0xff, 0x30, 0x3c, 0xe0, 0xff,
    0x30, 0x3c, 0xd8, 0xff, 0x30, 0x3c, 0xd8, 0xff, 0x38, 0x3c, 0xe0, 0xff,
    0x30, 0x3c, 0xe0, 0xff, 0x30, 0x3c, 0xe0, 0xff, 0x30, 0x3c, 0xe0, 0xff,
    0x30, 0x40, 0xe0, 0xff, 0x38, 0x40, 0xe0, 0xff, 0x30, 0x3c, 0xe0, 0xff,
    0x38, 0x44, 0xe0, 0xff, 0x38, 0x44, 0xe0, 0xff, 0x38, 0x44, 0xe8, 0xff,
    0x40, 0x48, 0xe8, 0xff, 0x38, 0x44, 0xe8, 0xff, 0x38, 0x44, 0xe8, 0xff,
    0x38, 0x44, 0xe8, 0xff, 0x40, 0x44, 0xe8, 0xff, 0x40, 0x44, 0xe8, 0xff,
    0x38, 0x44, 0xe8, 0xff, 0x38, 0x44, 0xe8, 0xff, 0x40, 0x44, 0xe8, 0xff,
    0x38, 0x40, 0xe0, 0xff, 0x38, 0x40, 0xe8, 0xff, 0x38, 0x44, 0xe8, 0xff,
    0x38, 0x44, 0xe8, 0xff, 0x38, 0x44, 0xe8, 0xff, 0x38, 0x44, 0xe8, 0xff,
    0x40, 0x44, 0xe8, 0xff, 0x38, 0x44, 0xe8, 0xff, 0x38, 0x48, 0xe8, 0xff,
    0x40, 0x48, 0xe8, 0xff, 0x40, 0x48, 0xe8, 0xff, 0x38, 0x44, 0xe8, 0xff,
    0x38, 0x44, 0xe8, 0xff, 0x38, 0x3c, 0xe0, 0xff, 0x30, 0x38, 0xd8, 0xff,
    0x28, 0x30, 0xd0, 0xff, 0x20, 0x28, 0x98, 0xff, 0x18, 0x2c, 0x60, 0xff,
    0x20, 0x2c, 0x70, 0xff, 0x20, 0x2c, 0x70, 0xff, 0x20, 0x30, 0x78, 0xff,
    0x28, 0x38, 0x78, 0xff, 0x38, 0x4c, 0x80, 0xff, 0x38, 0x48, 0x80, 0xff,
    0x30, 0x44, 0x80, 0xff, 0x40, 0x58, 0x98, 0xff, 0x38, 0x48, 0x80, 0xff,
    0x80, 0x8c, 0xc0, 0xff, 0x50, 0x58, 0x78, 0xff, 0xc0, 0xcc, 0xd0, 0xff,
    0xc8, 0xd0, 0xd0, 0xff, 0xc0, 0xd0, 0xd0, 0xff, 0xc8, 0xd0, 0xd0, 0xff,
    0xc8, 0xd0, 0xd0, 0xff, 0xc0, 0xcc, 0xd0, 0xff, 0xc0, 0xcc, 0xc8, 0xff,
    0xc0, 0xc8, 0xc8, 0xff, 0xc0, 0xc8, 0xc8, 0xff, 0xc0, 0xc8, 0xc8, 0xff,
    0xb8, 0xc8, 0xc8, 0xff, 0xc0, 0xc8, 0xc8, 0xff, 0xc0, 0xc8, 0xc8, 0xff,
    0xb8, 0xc8, 0xc0, 0xff, 0xc0, 0xc8, 0xc0, 0xff, 0xb8, 0xc8, 0xc0, 0xff,
    0xb8, 0xc8, 0xc8, 0xff, 0xc0, 0xc4, 0xc8, 0xff, 0xc0, 0xc8, 0xc8, 0xff,
    0xb8, 0xc4, 0xc0, 0xff, 0xb8, 0xc4, 0xc0, 0xff, 0xb8, 0xc4, 0xc0, 0xff,
    0xb8, 0xc4, 0xc0, 0xff, 0xb8, 0xc4, 0xc8, 0xff, 0xc0, 0xc4, 0xc8, 0xff,
    0xb8, 0xc8, 0xc8, 0xff, 0xc0, 0xc8, 0xc8, 0xff, 0xc0, 0xc8, 0xc8, 0xff,
    0xc0, 0xc8, 0xc8, 0xff, 0xc0, 0xc8, 0xc8, 0xff, 0xb8, 0xc8, 0xc8, 0xff,
    0xb8, 0xc8, 0xc0, 0xff, 0xc0, 0xc8, 0xc8, 0xff, 0xb8, 0xc4, 0xc0, 0xff,
    0xb8, 0xc4, 0xc0, 0xff, 0xc0, 0xc4, 0xc0, 0xff, 0xb8, 0xc4, 0xc0, 0xff,
    0xb8, 0xc4, 0xc0, 0xff, 0xb8, 0xc4, 0xc0, 0xff, 0xc0, 0xc4, 0xc0, 0xff,
    0x70, 0x74, 0x90, 0xff, 0x18, 0x2c, 0x50, 0xff, 0x18, 0x28, 0x50, 0xff,
    0x18, 0x28, 0x58, 0xff, 0x18, 0x28, 0x60, 0xff, 0x20, 0x2c, 0x60, 0xff,
    0x18, 0x2c, 0x50, 0xff, 0x30, 0x3c, 0x68, 0xff, 0x90, 0x8c, 0xa8, 0xff,
    0xb8, 0xc4, 0xc0, 0xff, 0xb8, 0xc4, 0xc0, 0xff, 0xb8, 0xc4, 0xc0, 0xff,
    0xc0, 0xc4, 0xc0, 0xff, 0xc0, 0xc8, 0xc8, 0xff, 0xc0, 0xc8, 0xc8, 0xff,
    0xc0, 0xcc, 0xc8, 0xff, 0xc0, 0xd0, 0xd0, 0xff, 0xc8, 0xd0, 0xd0, 0xff,
    0xc0, 0xd0, 0xc8, 0xff, 0xc0, 0xcc, 0xd0, 0xff, 0xc8, 0xd0, 0xd0, 0xff,
    0xc0, 0xd0, 0xd0, 0xff, 0xc0, 0xcc, 0xc8, 0xff, 0xc8, 0xd0, 0xd0, 0xff,
    0xc8, 0xd0, 0xd0, 0xff, 0xc0, 0xd0, 0xd0, 0xff, 0xc0, 0xd0, 0xd0, 0xff,
    0xc8, 0xd0, 0xd0, 0xff, 0xc0, 0xd0, 0xd0, 0xff, 0xc0, 0xd0, 0xd0, 0xff,
    0xc8, 0xd0, 0xd0, 0xff, 0xc0, 0xd0, 0xd0, 0xff, 0xc8, 0xd0, 0xd0, 0xff,
    0xc8, 0xd0, 0xd0, 0xff, 0xc8, 0xd0, 0xd0, 0xff, 0xc0, 0xd0, 0xd0, 0xff,
    0xc8, 0xd0, 0xd0, 0xff, 0xc8, 0xd0, 0xd0, 0xff, 0xc8, 0xd0, 0xd0, 0xff,
    0xc8, 0xd4, 0xd0, 0xff, 0xc8, 0xd0, 0xd0, 0xff, 0xc8, 0xd0, 0xd0, 0xff,
    0xc8, 0xd0, 0xd0, 0xff, 0xc8, 0xd4, 0xd8, 0xff, 0xd0, 0xd8, 0xd8, 0xff,
    0xd0, 0xd8, 0xd8, 0xff, 0xd0, 0xd8, 0xd8, 0xff, 0xd0, 0xd8, 0xe0, 0xff,
    0xc8, 0xd8, 0xd8, 0xff, 0x90, 0x8c, 0xa8, 0xff, 0x40, 0x40, 0x68, 0xff,
    0x20, 0x30, 0x48, 0xff, 0x18, 0x2c, 0x50, 0xff, 0x18, 0x24, 0x50, 0xff,
    0x18, 0x24, 0x48, 0xff, 0x10, 0x28, 0x48, 0x41, 0x30, 0x38, 0xd8, 0xff,
    0x28, 0x34, 0xd0, 0xff, 0x28, 0x38, 0xd0, 0xff, 0x28, 0x34, 0xd0, 0xff,
    0x28, 0x34, 0xd0, 0xff, 0x30, 0x38, 0xd8, 0xff, 0x28, 0x34, 0xd8, 0xff,
    0x28, 0x34, 0xd0, 0xff, 0x28, 0x34, 0xd0, 0xff, 0x30, 0x34, 0xd8, 0xff,
    0x30, 0x38, 0xd8, 0xff, 0x28, 0x38, 0xd0, 0xff, 0x28, 0x34, 0xd0, 0xff,
    0x30, 0x38, 0xd8, 0xff, 0x30, 0x38, 0xd8, 0xff, 0x30, 0x38, 0xd8, 0xff,
    0x28, 0x38, 0xd8, 0xff, 0x28, 0x38, 0xd8, 0xff, 0x30, 0x38, 0xd8, 0xff,
    0x30, 0x3c, 0xe0, 0xff, 0x30, 0x3c, 0xe0, 0xff, 0x30, 0x38, 0xe0, 0xff,
    0x30, 0x38, 0xd8, 0xff, 0x30, 0x38, 0xd8, 0xff, 0x30, 0x38, 0xe0, 0xff,
    0x30, 0x3c, 0xe0, 0xff, 0x30, 0x3c, 0xd8, 0xff, 0x30, 0x38, 0xe0, 0xff,
    0x30, 0x38, 0xe0, 0xff, 0x30, 0x3c, 0xe0, 0xff, 0x38, 0x3c, 0xe0, 0xff,
    0x38, 0x3c, 0xe0, 0xff, 0x38, 0x40, 0xe0, 0xff, 0x30, 0x3c, 0xe0, 0xff,
    0x30, 0x3c, 0xe0, 0xff, 0x38, 0x40, 0xe0, 0xff, 0x38, 0x44, 0xe8, 0xff,
    0x38, 0x44, 0xe8, 0xff, 0x40, 0x48, 0xe0, 0xff, 0x40, 0x48, 0xe8, 0xff,
    0x40, 0x44, 0xe8, 0xff, 0x38, 0x44, 0xe0, 0xff, 0x38, 0x44, 0xe0, 0xff,
    0x38, 0x44, 0xe0, 0xff, 0x38, 0x40, 0xe8, 0xff, 0x38, 0x44, 0xe8, 0xff,
    0x38, 0x44, 0xe0, 0xff, 0x38, 0x40, 0xe0, 0xff, 0x38, 0x40, 0xe8, 0xff,
    0x40, 0x44, 0xe8, 0xff, 0x38, 0x44, 0xe8, 0xff, 0x38, 0x44, 0xe8, 0xff,
    0x40, 0x44, 0xe8, 0xff, 0x40, 0x44, 0xe8, 0xff, 0x40, 0x48, 0xe8, 0xff,
    0x38, 0x48, 0xe8, 0xff, 0x40, 0x48, 0xe8, 0xff, 0x40, 0x48, 0xf0, 0xff,
    0x38, 0x48, 0xe8, 0xff, 0x38, 0x44, 0xe8, 0xff, 0x38, 0x3c, 0xe0, 0xff,
    0x30, 0x38, 0xd8, 0xff, 0x28, 0x30, 0xd0, 0xff, 0x20, 0x28, 0x98, 0xff,
    0x18, 0x2c, 0x68, 0xff, 0x20, 0x2c, 0x70, 0xff, 0x18, 0x2c, 0x70, 0xff,
    0x18, 0x2c, 0x70, 0xff, 0x28, 0x38, 0x78, 0xff, 0x38, 0x4c, 0x80, 0xff,
    0x38, 0x48, 0x80, 0xff, 0x38, 0x44, 0x80, 0xff, 0x40, 0x58, 0x98, 0xff,
    0x40, 0x4c, 0x88, 0xff, 0x80, 0x8c, 0xc8, 0xff, 0x50, 0x58, 0x70, 0xff,
    0xc0, 0xcc, 0xd0, 0xff, 0xc8, 0xd4, 0xd8, 0xff, 0xc8, 0xd0, 0xd0, 0xff,
    0xc0, 0xd0, 0xd0, 0xff, 0xc0, 0xd0, 0xd0, 0xff, 0xc8, 0xd0, 0xd0, 0xff,
    0xc0, 0xcc, 0xd0, 0xff, 0xc0, 0xcc, 0xd0, 0xff, 0xc0, 0xcc, 0xc8, 0xff,
    0xc0, 0xcc, 0xc8, 0xff, 0xc0, 0xcc, 0xc8, 0xff, 0xc0, 0xc8, 0xc8, 0xff,
    0xc0, 0xcc, 0xc8, 0xff, 0xb8, 0xc8, 0xc8, 0xff, 0xc0, 0xc8, 0xc8, 0xff,
    0xc0, 0xc8, 0xc8, 0xff, 0xc0, 0xc8, 0xc0, 0xff, 0xb8, 0xc8, 0xc8, 0xff,
    0xc0, 0xc8, 0xc0, 0xff, 0xb8, 0xc4, 0xc0, 0xff, 0xb8, 0xc4, 0xc8, 0xff,
    0xc0, 0xc4, 0xc8, 0xff, 0xc0, 0xc8, 0xc0, 0xff, 0xb8, 0xc8, 0xc8, 0xff,
    0xc0, 0xc8, 0xc8, 0xff, 0xc0, 0xc8, 0xc8, 0xff, 0xc0, 0xc8, 0xc8, 0xff,
    0xb8, 0xc8, 0xc8, 0xff, 0xc0, 0xc8, 0xc8, 0xff, 0xc0, 0xc8, 0xc8, 0xff,
    0xb8, 0xc8, 0xc8, 0xff, 0xb8, 0xc4, 0xc0, 0xff, 0xb8, 0xc4, 0xc0, 0xff,
    0xb8, 0xc0, 0xc0, 0xff, 0xb8, 0xc0, 0xc0, 0xff, 0xc0, 0xc0, 0xc0, 0xff,
    0xb8, 0xc4, 0xc0, 0xff, 0xb8, 0xc4, 0xc0, 0xff, 0xc0, 0xc4, 0xc0, 0xff,
    0xb8, 0xc0, 0xc0, 0xff, 0x70, 0x78, 0x90, 0xff, 0x20, 0x2c, 0x50, 0xff,
    0x18, 0x28, 0x58, 0xff, 0x20, 0x28, 0x60, 0xff, 0x18, 0x28, 0x58, 0xff,
    0x20, 0x2c, 0x60, 0xff, 0x18, 0x2c, 0x50, 0xff, 0x30, 0x3c, 0x68, 0xff,
    0x88, 0x8c, 0xa0, 0xff, 0xb8, 0xc4, 0xc0, 0xff, 0xb8, 0xc0, 0xc0, 0xff,
    0xb8, 0xc4, 0xc0, 0xff, 0xb8, 0xc4, 0xc0, 0xff, 0xb8, 0xc4, 0xc0, 0xff,
    0xc0, 0xc8, 0xc8, 0xff, 0xc0, 0xcc, 0xc8, 0xff, 0xc0, 0xc8, 0xc8, 0xff,
    0xc0, 0xcc, 0xc8, 0xff, 0xc0, 0xcc, 0xc8, 0xff, 0xc0, 0xcc, 0xc8, 0xff,
    0xc8, 0xcc, 0xd0, 0xff, 0xc0, 0xcc, 0xc8, 0xff, 0xc0, 0xcc, 0xc8, 0xff,
    0xc0, 0xcc, 0xc8, 0xff, 0xc0, 0xcc, 0xc8, 0xff, 0xc8, 0xd0, 0xd0, 0xff,
    0xc0, 0xd0, 0xd0, 0xff, 0xc8, 0xd0, 0xc8, 0xff, 0xc8, 0xd0, 0xc8, 0xff,
    0xc8, 0xd0, 0xd0, 0xff, 0xc0, 0xd0, 0xd0, 0xff, 0xc0, 0xd0, 0xc8, 0xff,
    0xc0, 0xcc, 0xd0, 0xff, 0xc0, 0xcc, 0xd0, 0xff, 0xc0, 0xcc, 0xc8, 0xff,
    0xc0, 0xd0, 0xd0, 0xff, 0xc8, 0xd0, 0xd0, 0xff, 0xc8, 0xd0, 0xd0, 0xff,
    0xc8, 0xd0, 0xd0, 0xff, 0xc8, 0xd4, 0xd0, 0xff, 0xc8, 0xd4, 0xd0, 0xff,
    0xc8, 0xd4, 0xd0, 0xff, 0xc8, 0xd4, 0xd8, 0xff, 0xc8, 0xd4, 0xd0, 0xff,
    0xd0, 0xd8, 0xd8, 0xff, 0xd0, 0xd8, 0xd8, 0xff, 0xd0, 0xd8, 0xd8, 0xff,
    0xd0, 0xdc, 0xe0, 0xff, 0xc8, 0xd8, 0xe0, 0xff, 0x90, 0x90, 0xa8, 0xff,
    0x40, 0x44, 0x68, 0xff, 0x28, 0x30, 0x48, 0xff, 0x18, 0x2c, 0x58, 0xff,
    0x18, 0x24, 0x50, 0xff, 0x18, 0x24, 0x48, 0xff, 0x18, 0x24, 0x48, 0x41,
    0x28, 0x34, 0xd0, 0xff, 0x28, 0x38, 0xd0, 0xff, 0x28, 0x38, 0xd0, 0xff,
    0x28, 0x38, 0xd0, 0xff, 0x30, 0x38, 0xd0, 0xff, 0x30, 0x38, 0xd8, 0xff,
    0x28, 0x38, 0xd0, 0xff, 0x30, 0x38, 0xd8, 0xff, 0x28, 0x34, 0xd8, 0xff,
    0x28, 0x34, 0xd0, 0xff, 0x28, 0x34, 0xd0, 0xff, 0x28, 0x34, 0xd8, 0xff,
    0x30, 0x38, 0xd8, 0xff, 0x28, 0x38, 0xd8, 0xff, 0x28, 0x38, 0xd8, 0xff,
    0x30, 0x34, 0xd8, 0xff, 0x28, 0x34, 0xd8, 0xff, 0x30, 0x38, 0xd8, 0xff,
    0x30, 0x38, 0xd8, 0xff, 0x30, 0x38, 0xe0, 0xff, 0x38, 0x3c, 0xe0, 0xff,
    0x30, 0x3c, 0xe0, 0xff, 0x30, 0x38, 0xe0, 0xff, 0x30, 0x38, 0xd8, 0xff,
    0x30, 0x3c, 0xe0, 0xff, 0x30, 0x3c, 0xd8, 0xff, 0x38, 0x38, 0xd8, 0xff,
    0x30, 0x38, 0xe0, 0xff, 0x30, 0x3c, 0xe0, 0xff, 0x30, 0x3c, 0xe0, 0xff,
    0x38, 0x3c, 0xe0, 0xff, 0x30, 0x3c, 0xe0, 0xff, 0x38, 0x40, 0xe0, 0xff,
    0x30, 0x3c, 0xe0, 0xff, 0x30, 0x38, 0xd8, 0xff, 0x30, 0x38, 0xe0, 0xff,
    0x38, 0x44, 0xe0, 0xff, 0x40, 0x48, 0xe8, 0xff, 0x38, 0x44, 0xe8, 0xff,
    0x40, 0x48, 0xe8, 0xff, 0x40, 0x48, 0xe8, 0xff, 0x38, 0x40, 0xe0, 0xff,
    0x38, 0x40, 0xe8, 0xff, 0x38, 0x40, 0xe0, 0xff, 0x38, 0x40, 0xe0, 0xff,
    0x38, 0x40, 0xe8, 0xff, 0x38, 0x44, 0xe0, 0xff, 0x38, 0x40, 0xe8, 0xff,
    0x38, 0x44, 0xe8, 0xff, 0x38, 0x40, 0xe0, 0xff, 0x38, 0x44, 0xe0, 0xff,
    0x38, 0x40, 0xe0, 0xff, 0x38, 0x44, 0xe8, 0xff, 0x38, 0x44, 0xe0, 0xff,
    0x38, 0x44, 0xe8, 0xff, 0x38, 0x44, 0xe8, 0xff, 0x40, 0x48, 0xe8, 0xff,
    0x38, 0x48, 0xe8, 0xff, 0x38, 0x48, 0xe8, 0xff, 0x38, 0x44, 0xe8, 0xff,
    0x38, 0x3c, 0xe0, 0xff, 0x30, 0x38, 0xd8, 0xff, 0x28, 0x30, 0xd0, 0xff,
    0x20, 0x28, 0x98, 0xff, 0x18, 0x28, 0x68, 0xff, 0x18, 0x2c, 0x70, 0xff,
    0x20, 0x2c, 0x70, 0xff, 0x18, 0x2c, 0x78, 0xff, 0x28, 0x38, 0x78, 0xff,
    0x40, 0x4c, 0x88, 0xff, 0x38, 0x48, 0x80, 0xff, 0x38, 0x44, 0x88, 0xff,
    0x40, 0x54, 0x98, 0xff, 0x38, 0x48, 0x88, 0xff, 0x80, 0x90, 0xc8, 0xff,
    0x48, 0x58, 0x70, 0xff, 0xc0, 0xcc, 0xd0, 0xff, 0xc8, 0xd4, 0xd8, 0xff,
    0xc8, 0xd0, 0xd0, 0xff, 0xc8, 0xd0, 0xd0, 0xff, 0xc8, 0xd0, 0xd8, 0xff,
    0xc8, 0xd0, 0xd0, 0xff, 0xc0, 0xd0, 0xd0, 0xff, 0xc8, 0xd0, 0xd0, 0xff,
    0xc8, 0xd0, 0xd0, 0xff, 0xc0, 0xcc, 0xc8, 0xff, 0xc0, 0xc8, 0xc8, 0xff,
    0xc0, 0xcc, 0xc8, 0xff, 0xc0, 0xc8, 0xc8, 0xff, 0xc0, 0xc8, 0xc8, 0xff,
    0xc0, 0xc8, 0xc8, 0xff, 0xb8, 0xc8, 0xc0, 0xff, 0xb8, 0xc8, 0xc0, 0xff,
    0xb8, 0xc4, 0xc0, 0xff, 0xc0, 0xc8, 0xc8, 0xff, 0xc0, 0xc8, 0xc8, 0xff,
    0xc0, 0xc8, 0xc8, 0xff, 0xb8, 0xc8, 0xc8, 0xff, 0xc0, 0xc8, 0xc8, 0xff,
    0xc0, 0xc8, 0xc8, 0xff, 0xc0, 0xc8, 0xc8, 0xff, 0xc0, 0xc8, 0xc8, 0xff,
    0xb8, 0xc8, 0xc8, 0xff, 0xb8, 0xc8, 0xc8, 0xff, 0xb8, 0xc8, 0xc8, 0xff,
    0xb8, 0xc4, 0xc0, 0xff, 0xc0, 0xc4, 0xc0, 0xff, 0xb8, 0xc0, 0xc0, 0xff,
    0xb8, 0xc0, 0xc0, 0xff, 0xb8, 0xc0, 0xc0, 0xff, 0xb8, 0xc0, 0xc0, 0xff,
    0xb8, 0xc0, 0xc0, 0xff, 0xb8, 0xc0, 0xc0, 0xff, 0xb8, 0xc0, 0xc0, 0xff,
    0xb8, 0xc4, 0xc0, 0xff, 0xb8, 0xc0, 0xc0, 0xff, 0x70, 0x74, 0x90, 0xff,
    0x18, 0x2c, 0x50, 0xff, 0x18, 0x28, 0x50, 0xff, 0x18, 0x28, 0x60, 0xff,
    0x20, 0x2c, 0x60, 0xff, 0x18, 0x28, 0x60, 0xff, 0x18, 0x2c, 0x50, 0xff,
    0x30, 0x3c, 0x68, 0xff, 0x88, 0x8c, 0xa0, 0xff, 0xc0, 0xc4, 0xc0, 0xff,
    0xb8, 0xc0, 0xc0, 0xff, 0xc0, 0xc4, 0xc0, 0xff, 0xb8, 0xc4, 0xc0, 0xff,
    0xb8, 0xc4, 0xc0, 0xff, 0xc0, 0xc4, 0xc0, 0xff, 0xb8, 0xc4, 0xc0, 0xff,
    0xc0, 0xc8, 0xc8, 0xff, 0xc0, 0xc8, 0xc8, 0xff, 0xc0, 0xc8, 0xc8, 0xff,
    0xc0, 0xc8, 0xc8, 0xff, 0xc0, 0xcc, 0xc8, 0xff, 0xc0, 0xcc, 0xc8, 0xff,
    0xc0, 0xcc, 0xc8, 0xff, 0xc0, 0xcc, 0xc8, 0xff, 0xc8, 0xcc, 0xc8, 0xff,
    0xc8, 0xd0, 0xd0, 0xff, 0xc0, 0xd0, 0xd0, 0xff, 0xc0, 0xcc, 0xc8, 0xff,
    0xc8, 0xd0, 0xd0, 0xff, 0xc0, 0xd0, 0xd0, 0xff, 0xc8, 0xd0, 0xc8, 0xff,
    0xc0, 0xcc, 0xc8, 0xff, 0xc8, 0xcc, 0xc8, 0xff, 0xc8, 0xcc, 0xd0, 0xff,
    0xc8, 0xd0, 0xd0, 0xff, 0xc8, 0xcc, 0xc8, 0xff, 0xc0, 0xd0, 0xd0, 0xff,
    0xc0, 0xcc, 0xd0, 0xff, 0xc8, 0xd0, 0xd0, 0xff, 0xc8, 0xd0, 0xd0, 0xff,
    0xc8, 0xd0, 0xd0, 0xff, 0xc8, 0xd0, 0xd8, 0xff, 0xc8, 0xd0, 0xd8, 0xff,
    0xc8, 0xd4, 0xd0, 0xff, 0xd0, 0xd8, 0xd8, 0xff, 0xd0, 0xd8, 0xd8, 0xff,
    0xd0, 0xd8, 0xe0, 0xff, 0xd0, 0xd8, 0xd8, 0xff, 0xd0, 0xd8, 0xd8, 0xff,
    0x90, 0x90, 0xb0, 0xff, 0x40, 0x40, 0x68, 0xff, 0x20, 0x30, 0x48, 0xff,
    0x20, 0x2c, 0x58, 0xff, 0x18, 0x24, 0x50, 0xff, 0x10, 0x24, 0x48, 0xff,
    0x18, 0x24, 0x48, 0x41, 0x28, 0x34, 0xd0, 0xff, 0x28, 0x34, 0xd0, 0xff,
    0x30, 0x38, 0xd8, 0xff, 0x28, 0x38, 0xd0, 0xff, 0x30, 0x38, 0xd8, 0xff,
    0x30, 0x38, 0xd8, 0xff, 0x28, 0x38, 0xd8, 0xff, 0x30, 0x38, 0xd8, 0xff,
    0x30, 0x34, 0xd8, 0xff, 0x28, 0x34, 0xd8, 0xff, 0x28, 0x30, 0xd0, 0xff,
    0x28, 0x34, 0xd8, 0xff, 0x28, 0x38, 0xd8, 0xff, 0x30, 0x34, 0xd8, 0xff,
    0x28, 0x38, 0xd8, 0xff, 0x28, 0x34, 0xd8, 0xff, 0x30, 0x34, 0xd8, 0xff,
    0x30, 0x38, 0xd8, 0xff, 0x30, 0x38, 0xd8, 0xff, 0x30, 0x38, 0xe0, 0xff,
    0x30, 0x3c, 0xe0, 0xff, 0x30, 0x3c, 0xe0, 0xff, 0x30, 0x38, 0xd8, 0xff,
    0x30, 0x38, 0xd8, 0xff, 0x30, 0x3c, 0xe0, 0xff, 0x30, 0x3c, 0xd8, 0xff,
    0x30, 0x38, 0xd8, 0xff, 0x30, 0x38, 0xe0, 0xff, 0x30, 0x3c, 0xd8, 0xff,
    0x38, 0x3c, 0xe0, 0xff, 0x30, 0x3c, 0xe0, 0xff, 0x30, 0x3c, 0xe0, 0xff,
    0x38, 0x40, 0xe0, 0xff, 0x38, 0x3c, 0xe0, 0xff, 0x30, 0x38, 0xe0, 0xff,
    0x30, 0x38, 0xd8, 0xff, 0x38, 0x40, 0xe0, 0xff, 0x38, 0x44, 0xe8, 0xff,
    0x38, 0x44, 0xe0, 0xff, 0x38, 0x44, 0xe8, 0xff, 0x38, 0x40, 0xe8, 0xff,
    0x38, 0x44, 0xe8, 0xff, 0x38, 0x40, 0xe0, 0xff, 0x38, 0x40, 0xe8, 0xff,
    0x38, 0x40, 0xe8, 0xff, 0x38, 0x44, 0xe8, 0xff, 0x38, 0x44, 0xe0, 0xff,
    0x38, 0x40, 0xe8, 0xff, 0x40, 0x44, 0xe8, 0xff, 0x38, 0x44, 0xe0, 0xff,
    0x38, 0x44, 0xe8, 0xff, 0x38, 0x40, 0xe8, 0xff, 0x38, 0x44, 0xe8, 0xff,
    0x38, 0x40, 0xe8, 0xff, 0x40, 0x44, 0xe8, 0xff, 0x38, 0x48, 0xe8, 0xff,
    0x38, 0x48, 0xe8, 0xff, 0x40, 0x48, 0xe8, 0xff, 0x38, 0x44, 0xe8, 0xff,
    0x38, 0x40, 0xe0, 0xff, 0x38, 0x3c, 0xe0, 0xff, 0x30, 0x34, 0xd8, 0xff,
    0x28, 0x30, 0xd0, 0xff, 0x20, 0x28, 0x98, 0xff, 0x18, 0x28, 0x68, 0xff,
    0x20, 0x2c, 0x70, 0xff, 0x20, 0x2c, 0x70, 0xff, 0x18, 0x30, 0x70, 0xff,
    0x28, 0x38, 0x78, 0xff, 0x40, 0x50, 0x88, 0xff, 0x38, 0x4c, 0x80, 0xff,
    0x38, 0x44, 0x88, 0xff, 0x40, 0x58, 0x98, 0xff, 0x40, 0x4c, 0x88, 0xff,
    0x88, 0x90, 0xc8, 0xff, 0x48, 0x58, 0x70, 0xff, 0xc0, 0xcc, 0xd0, 0xff,
    0xc8, 0xd4, 0xd0, 0xff, 0xc8, 0xd0, 0xd8, 0xff, 0xc8, 0xd0, 0xd0, 0xff,
    0xc8, 0xd0, 0xd0, 0xff, 0xc8, 0xd0, 0xd0, 0xff, 0xc0, 0xd0, 0xd0, 0xff,
    0xc8, 0xd0, 0xd0, 0xff, 0xc8, 0xd0, 0xd0, 0xff, 0xc0, 0xcc, 0xd0, 0xff,
    0xc0, 0xcc, 0xd0, 0xff, 0xc0, 0xcc, 0xc8, 0xff, 0xc0, 0xcc, 0xc8, 0xff,
    0xc0, 0xc8, 0xc8, 0xff, 0xc0, 0xc8, 0xc8, 0xff, 0xc0, 0xc8, 0xc8, 0xff,
    0xc0, 0xc8, 0xc8, 0xff, 0xb8, 0xc8, 0xc8, 0xff, 0xc0, 0xc8, 0xc8, 0xff,
    0xb8, 0xc8, 0xc8, 0xff, 0xb8, 0xc8, 0xc0, 0xff, 0xc0, 0xc8, 0xc0, 0xff,
    0xb8, 0xc4, 0xc8, 0xff, 0xb8, 0xc4, 0xc0, 0xff, 0xb8, 0xc8, 0xc0, 0xff,
    0xc0, 0xc8, 0xc8, 0xff, 0xc0, 0xc8, 0xc8, 0xff, 0xc0, 0xc8, 0xc8, 0xff,
    0xb8, 0xc4, 0xc8, 0xff, 0xb8, 0xc4, 0xc0, 0xff, 0xb8, 0xc0, 0xc0, 0xff,
    0xb8, 0xc0, 0xc0, 0xff, 0xb8, 0xbc, 0xb8, 0xff, 0xb8, 0xc0, 0xb8, 0xff,
    0xb8, 0xc0, 0xb8, 0xff, 0xb8, 0xbc, 0xb8, 0xff, 0xb8, 0xc0, 0xc0, 0xff,
    0xb8, 0xc0, 0xc0, 0xff, 0xb8, 0xc0, 0xc0, 0xff, 0xb8, 0xc4, 0xc0, 0xff,
    0x70, 0x74, 0x90, 0xff, 0x20, 0x28, 0x50, 0xff, 0x18, 0x28, 0x50, 0xff,
    0x18, 0x28, 0x58, 0xff, 0x20, 0x2c, 0x60, 0xff, 0x20, 0x28, 0x58, 0xff,
    0x18, 0x28, 0x50, 0xff, 0x30, 0x3c, 0x68, 0xff, 0x88, 0x8c, 0xa0, 0xff,
    0xc0, 0xc4, 0xc0, 0xff, 0xc0, 0xc4, 0xc0, 0xff, 0xc0, 0xc4, 0xc0, 0xff,
    0xb8, 0xc4, 0xc0, 0xff, 0xc0, 0xc4, 0xc0, 0xff, 0xc0, 0xc4, 0xc0, 0xff,
    0xb8, 0xc4, 0xc0, 0xff, 0xc0, 0xc4, 0xc8, 0xff, 0xc0, 0xc4, 0xc0, 0xff,
    0xc0, 0xc4, 0xc8, 0xff, 0xc0, 0xc8, 0xc8, 0xff, 0xc0, 0xc8, 0xc8, 0xff,
    0xc0, 0xcc, 0xc8, 0xff, 0xc0, 0xcc, 0xc8, 0xff, 0xc0, 0xcc, 0xc8, 0xff,
    0xc8, 0xd0, 0xd0, 0xff, 0xc8, 0xd0, 0xd0, 0xff, 0xc0, 0xd0, 0xd0, 0xff,
    0xc8, 0xd0, 0xd0, 0xff, 0xc0, 0xd0, 0xd0, 0xff, 0xc0, 0xcc, 0xc8, 0xff,
    0xc0, 0xcc, 0xc8, 0xff, 0xc0, 0xcc, 0xc8, 0xff, 0xc0, 0xcc, 0xc8, 0xff,
    0xc8, 0xcc, 0xc8, 0xff, 0xc0, 0xcc, 0xc8, 0xff, 0xc8, 0xcc, 0xd0, 0xff,
    0xc8, 0xd0, 0xd0, 0xff, 0xc0, 0xcc, 0xd0, 0xff, 0xc8, 0xd0, 0xd0, 0xff,
    0xc8, 0xd0, 0xd0, 0xff, 0xc8, 0xd0, 0xd0, 0xff, 0xc8, 0xd0, 0xd0, 0xff,
    0xc8, 0xd0, 0xd8, 0xff, 0xc8, 0xd4, 0xd8, 0xff, 0xd0, 0xd8, 0xd8, 0xff,
    0xd0, 0xd8, 0xd8, 0xff, 0xd0, 0xd8, 0xe0, 0xff, 0xd0, 0xd8, 0xd8, 0xff,
    0xd0, 0xd8, 0xd8, 0xff, 0x90, 0x90, 0xb0, 0xff, 0x40, 0x40, 0x68, 0xff,
    0x20, 0x30, 0x48, 0xff, 0x20, 0x2c, 0x58, 0xff, 0x18, 0x24, 0x50, 0xff,
    0x18, 0x24, 0x48, 0xff, 0x18, 0x24, 0x48, 0x41, 0x28, 0x34, 0xd0, 0xff,
    0x28, 0x34, 0xd0, 0xff, 0x30, 0x38, 0xd8, 0xff, 0x28, 0x38, 0xd0, 0xff,
    0x28, 0x38, 0xd0, 0xff, 0x30, 0x38, 0xd8, 0xff, 0x30, 0x38, 0xd8, 0xff,
    0x30, 0x38, 0xd8, 0xff, 0x30, 0x38, 0xd8, 0xff, 0x30, 0x38, 0xd8, 0xff,
    0x28, 0x34, 0xd0, 0xff, 0x28, 0x34, 0xd8, 0xff, 0x30, 0x38, 0xd8, 0xff,
    0x30, 0x34, 0xd8, 0xff, 0x28, 0x34, 0xd8, 0xff, 0x30, 0x38, 0xd8, 0xff,
    0x28, 0x34, 0xd8, 0xff, 0x30, 0x34, 0xd8, 0xff, 0x30, 0x38, 0xd8, 0xff,
    0x30, 0x38, 0xd8, 0xff, 0x30, 0x3c, 0xe0, 0xff, 0x30, 0x3c, 0xe0, 0xff,
    0x30, 0x38, 0xd8, 0xff, 0x30, 0x38, 0xd8, 0xff, 0x30, 0x3c, 0xe0, 0xff,
    0x30, 0x38, 0xd8, 0xff, 0x30, 0x3c, 0xe0, 0xff, 0x30, 0x3c, 0xe0, 0xff,
    0x30, 0x3c, 0xe0, 0xff, 0x30, 0x3c, 0xe0, 0xff, 0x38, 0x3c, 0xe0, 0xff,
    0x38, 0x3c, 0xe0, 0xff, 0x30, 0x3c, 0xe0, 0xff, 0x30, 0x3c, 0xe0, 0xff,
    0x30, 0x3c, 0xe0, 0xff, 0x30, 0x3c, 0xe0, 0xff, 0x38, 0x40, 0xe0, 0xff,
    0x38, 0x44, 0xe8, 0xff, 0x40, 0x44, 0xe8, 0xff, 0x38, 0x44, 0xe0, 0xff,
    0x38, 0x44, 0xe0, 0xff, 0x38, 0x44, 0xe8, 0xff, 0x38, 0x40, 0xe0, 0xff,
    0x38, 0x40, 0xe0, 0xff, 0x38, 0x40, 0xe0, 0xff, 0x38, 0x44, 0xe8, 0xff,
    0x38, 0x40, 0xe0, 0xff, 0x38, 0x44, 0xe8, 0xff, 0x38, 0x44, 0xe8, 0xff,
    0x38, 0x40, 0xe8, 0xff, 0x40, 0x44, 0xe8, 0xff, 0x40, 0x44, 0xe8, 0xff,
    0x38, 0x40, 0xe0, 0xff, 0x38, 0x44, 0xe0, 0xff, 0x40, 0x44, 0xe8, 0xff,
    0x38, 0x44, 0xe8, 0xff, 0x38, 0x44, 0xe8, 0xff, 0x40, 0x48, 0xe8, 0xff,
    0x40, 0x48, 0xe8, 0xff, 0x38, 0x40, 0xe8, 0xff, 0x30, 0x3c, 0xe0, 0xff,
    0x30, 0x38, 0xd8, 0xff, 0x28, 0x2c, 0xc8, 0xff, 0x20, 0x28, 0x98, 0xff,
    0x18, 0x2c, 0x60, 0xff, 0x18, 0x2c, 0x68, 0xff, 0x20, 0x2c, 0x70, 0xff,
    0x18, 0x2c, 0x70, 0xff, 0x28, 0x38, 0x78, 0xff, 0x40, 0x54, 0x88, 0xff,
    0x38, 0x4c, 0x80, 0xff, 0x38, 0x44, 0x88, 0xff, 0x40, 0x54, 0x90, 0xff,
    0x40, 0x4c, 0x88, 0xff, 0x88, 0x94, 0xc8, 0xff, 0x48, 0x54, 0x70, 0xff,
    0xc0, 0xcc, 0xd0, 0xff, 0xc8, 0xd4, 0xd0, 0xff, 0xc0, 0xd0, 0xd0, 0xff,
    0xc8, 0xd0, 0xd0, 0xff, 0xc8, 0xd0, 0xd0, 0xff, 0xc8, 0xd0, 0xd0, 0xff,
    0xc0, 0xd0, 0xd0, 0xff, 0xc8, 0xd0, 0xd0, 0xff, 0xc8, 0xd0, 0xd0, 0xff,
    0xc0, 0xd0, 0xd0, 0xff, 0xc0, 0xcc, 0xd0, 0xff, 0xc0, 0xcc, 0xc8, 0xff,
    0xc0, 0xcc, 0xd0, 0xff, 0xc0, 0xc8, 0xc8, 0xff, 0xc0, 0xc8, 0xc8, 0xff,
    0xc0, 0xcc, 0xc8, 0xff, 0xc0, 0xc8, 0xc8, 0xff, 0xc0, 0xc8, 0xc0, 0xff,
    0xc0, 0xc8, 0xc8, 0xff, 0xc0, 0xc4, 0xc8, 0xff, 0xb8, 0xc8, 0xc8, 0xff,
    0xc0, 0xc8, 0xc8, 0xff, 0xb8, 0xc4, 0xc0, 0xff, 0xc0, 0xc8, 0xc8, 0xff,
    0xc0, 0xc8, 0xc8, 0xff, 0xc0, 0xc8, 0xc8, 0xff, 0xb8, 0xc4, 0xc0, 0xff,
    0xc0, 0xc4, 0xc8, 0xff, 0xc0, 0xc4, 0xc0, 0xff, 0xb8, 0xc4, 0xc0, 0xff,
    0xb8, 0xc0, 0xc0, 0xff, 0xb8, 0xc0, 0xb8, 0xff, 0xb8, 0xc0, 0xb8, 0xff,
    0xb8, 0xbc, 0xb8, 0xff, 0xb8, 0xbc, 0xb8, 0xff, 0xb8, 0xbc, 0xb8, 0xff,
    0xb8, 0xc0, 0xb8, 0xff, 0xb8, 0xbc, 0xb8, 0xff, 0xb8, 0xc0, 0xc0, 0xff,
    0xb8, 0xc4, 0xb8, 0xff, 0x70, 0x74, 0x90, 0xff, 0x18, 0x2c, 0x50, 0xff,
    0x18, 0x28, 0x50, 0xff, 0x18, 0x28, 0x58, 0xff, 0x18, 0x28, 0x60, 0xff,
    0x18, 0x2c, 0x60, 0xff, 0x18, 0x28, 0x50, 0xff, 0x30, 0x3c, 0x68, 0xff,
    0x88, 0x88, 0xa0, 0xff, 0xb8, 0xc0, 0xc0, 0xff, 0xb8, 0xc0, 0xc0, 0xff,
    0xb8, 0xc0, 0xc0, 0xff, 0xb8, 0xc4, 0xc0, 0xff, 0xb8, 0xc4, 0xc0, 0xff,
    0xb8, 0xc4, 0xc0, 0xff, 0xc0, 0xc4, 0xc0, 0xff, 0xb8, 0xc4, 0xc0, 0xff,
    0xb8, 0xc4, 0xc0, 0xff, 0xc0, 0xc4, 0xc0, 0xff, 0xc0, 0xc8, 0xc8, 0xff,
    0xc0, 0xc8, 0xc8, 0xff, 0xc0, 0xc8, 0xc8, 0xff, 0xc0, 0xc8, 0xc8, 0xff,
    0xc0, 0xcc, 0xc8, 0xff, 0xc0, 0xcc, 0xc8, 0xff, 0xc0, 0xcc, 0xc8, 0xff,
    0xc0, 0xcc, 0xc8, 0xff, 0xc0, 0xcc, 0xc8, 0xff, 0xc0, 0xcc, 0xc8, 0xff,
    0xc0, 0xcc, 0xc8, 0xff, 0xc0, 0xcc, 0xc8, 0xff, 0xc0, 0xcc, 0xd0, 0xff,
    0xc0, 0xcc, 0xc8, 0xff, 0xc8, 0xcc, 0xd0, 0xff, 0xc0, 0xcc, 0xc8, 0xff,
    0xc0, 0xcc, 0xd0, 0xff, 0xc8, 0xd0, 0xd0, 0xff, 0xc0, 0xd0, 0xd0, 0xff,
    0xc8, 0xd0, 0xd0, 0xff, 0xc8, 0xd0, 0xd0, 0xff, 0xc8, 0xd0, 0xd0, 0xff,
    0xc8, 0xd0, 0xd0, 0xff, 0xc8, 0xd4, 0xd0, 0xff, 0xc8, 0xd4, 0xd0, 0xff,
    0xc8, 0xd8, 0xd8, 0xff, 0xd0, 0xd8, 0xd8, 0xff, 0xd0, 0xd8, 0xd8, 0xff,
    0xd0, 0xd8, 0xd8, 0xff, 0xc8, 0xd8, 0xd8, 0xff, 0x90, 0x90, 0xb0, 0xff,
    0x40, 0x40, 0x68, 0xff, 0x28, 0x30, 0x48, 0xff, 0x20, 0x2c, 0x58, 0xff,
    0x18, 0x24, 0x50, 0xff, 0x10, 0x24, 0x48, 0xff, 0x10, 0x24, 0x48, 0x41,
    0x28, 0x34, 0xd0, 0xff, 0x28, 0x38, 0xd8, 0xff, 0x28, 0x34, 0xd0, 0xff,
    0x30, 0x38, 0xd0, 0xff, 0x28, 0x38, 0xd0, 0xff, 0x28, 0x38, 0xd0, 0xff,
    0x30, 0x38, 0xd8, 0xff, 0x30, 0x3c, 0xd0, 0xff, 0x30, 0x3c, 0xd8, 0xff,
    0x30, 0x38, 0xd8, 0xff, 0x28, 0x34, 0xd0, 0xff, 0x28, 0x34, 0xd8, 0xff,
    0x30, 0x38, 0xd8, 0xff, 0x30, 0x38, 0xd8, 0xff, 0x28, 0x34, 0xd8, 0xff,
    0x28, 0x38, 0xd8, 0xff, 0x30, 0x38, 0xd8, 0xff, 0x30, 0x38, 0xd8, 0xff,
    0x30, 0x38, 0xd8, 0xff, 0x30, 0x38, 0xd8, 0xff, 0x30, 0x3c, 0xe0, 0xff,
    0x30, 0x3c, 0xe0, 0xff, 0x30, 0x34, 0xd8, 0xff, 0x30, 0x38, 0xd8, 0xff,
    0x30, 0x38, 0xd8, 0xff, 0x30, 0x38, 0xd8, 0xff, 0x30, 0x38, 0xd8, 0xff,
    0x30, 0x38, 0xd8, 0xff, 0x30, 0x3c, 0xe0, 0xff, 0x30, 0x3c, 0xe0, 0xff,
    0x38, 0x3c, 0xe0, 0xff, 0x30, 0x3c, 0xe0, 0xff, 0x30, 0x3c, 0xe0, 0xff,
    0x38, 0x40, 0xe0, 0xff, 0x38, 0x3c, 0xe0, 0xff, 0x30, 0x38, 0xe0, 0xff,
    0x38, 0x40, 0xe0, 0xff, 0x38, 0x40, 0xe0, 0xff, 0x38, 0x48, 0xe8, 0xff,
    0x38, 0x44, 0xe8, 0xff, 0x38, 0x44, 0xe0, 0xff, 0x38, 0x44, 0xe8, 0xff,
    0x38, 0x44, 0xe8, 0xff, 0x38, 0x40, 0xe0, 0xff, 0x38, 0x40, 0xe0, 0xff,
    0x38, 0x40, 0xe8, 0xff, 0x38, 0x40, 0xe0, 0xff, 0x40, 0x44, 0xe8, 0xff,
    0x38, 0x40, 0xe0, 0xff, 0x38, 0x44, 0xe8, 0xff, 0x38, 0x44, 0xe8, 0xff,
    0x38, 0x44, 0xe0, 0xff, 0x38, 0x44, 0xe8, 0xff, 0x38, 0x44, 0xe8, 0xff,
    0x38, 0x44, 0xe0, 0xff, 0x38, 0x44, 0xe8, 0xff, 0x38, 0x44, 0xe8, 0xff,
    0x40, 0x48, 0xe8, 0xff, 0x38, 0x44, 0xe8, 0xff, 0x38, 0x40, 0xe0, 0xff,
    0x30, 0x38, 0xe0, 0xff, 0x30, 0x34, 0xd8, 0xff, 0x28, 0x2c, 0xd0, 0xff,
    0x20, 0x24, 0x98, 0xff, 0x18, 0x28, 0x68, 0xff, 0x18, 0x2c, 0x68, 0xff,
    0x20, 0x2c, 0x70, 0xff, 0x18, 0x2c, 0x70, 0xff, 0x28, 0x38, 0x78, 0xff,
    0x40, 0x58, 0x90, 0xff, 0x38, 0x48, 0x80, 0xff, 0x30, 0x40, 0x80, 0xff,
    0x40, 0x54, 0x98, 0xff, 0x40, 0x4c, 0x88, 0xff, 0x88, 0x94, 0xc8, 0xff,
    0x48, 0x54, 0x70, 0xff, 0xc0, 0xd0, 0xd0, 0xff, 0xc8, 0xd4, 0xd8, 0xff,
    0xc0, 0xd4, 0xd0, 0xff, 0xc0, 0xd0, 0xd0, 0xff, 0xc8, 0xd0, 0xd0, 0xff,
    0xc8, 0xd0, 0xd0, 0xff, 0xc0, 0xd0, 0xd0, 0xff, 0xc8, 0xd0, 0xd0, 0xff,
    0xc8, 0xd0, 0xd0, 0xff, 0xc0, 0xd0, 0xd0, 0xff, 0xc0, 0xcc, 0xc8, 0xff,
    0xc0, 0xcc, 0xd0, 0xff, 0xc0, 0xcc, 0xc8, 0xff, 0xc0, 0xc8, 0xc8, 0xff,
    0xc0, 0xcc, 0xc8, 0xff, 0xc0, 0xcc, 0xc8, 0xff, 0xb8, 0xc8, 0xc8, 0xff,
    0xb8, 0xc8, 0xc8, 0xff, 0xc0, 0xc8, 0xc8, 0xff, 0xc0, 0xc8, 0xc8, 0xff,
    0xc0, 0xc8, 0xc8, 0xff, 0xc0, 0xc8, 0xc8, 0xff, 0xc0, 0xc8, 0xc8, 0xff,
    0xc0, 0xc8, 0xc8, 0xff, 0xc0, 0xc8, 0xc8, 0xff, 0xb8, 0xc8, 0xc8, 0xff,
    0xb8, 0xc4, 0xc8, 0xff, 0xb8, 0xc8, 0xc0, 0xff, 0xb8, 0xc4, 0xc0, 0xff,
    0xb8, 0xc4, 0xc0, 0xff, 0xb8, 0xc0, 0xc0, 0xff, 0xb8, 0xbc, 0xb8, 0xff,
    0xb8, 0xbc, 0xb8, 0xff, 0xb0, 0xbc, 0xc0, 0xff, 0xb0, 0xbc, 0xb8, 0xff,
    0xb8, 0xc0, 0xc0, 0xff, 0xb8, 0xbc, 0xb8, 0xff, 0xb8, 0xbc, 0xb8, 0xff,
    0xb8, 0xc0, 0xc0, 0xff, 0xb8, 0xc0, 0xb8, 0xff, 0x70, 0x78, 0x90, 0xff,
    0x20, 0x28, 0x50, 0xff, 0x18, 0x28, 0x58, 0xff, 0x18, 0x28, 0x58, 0xff,
    0x18, 0x28, 0x58, 0xff, 0x18, 0x2c, 0x58, 0xff, 0x18, 0x28, 0x50, 0xff,
    0x30, 0x3c, 0x68, 0xff, 0x88, 0x8c, 0xa0, 0xff, 0xb8, 0xc0, 0xc0, 0xff,
    0xb8, 0xc4, 0xc0, 0xff, 0xc0, 0xc0, 0xc0, 0xff, 0xc0, 0xc0, 0xc0, 0xff,
    0xb8, 0xc4, 0xc0, 0xff, 0xb8, 0xc4, 0xc0, 0xff, 0xc0, 0xc8, 0xc8, 0xff,
    0xc0, 0xc8, 0xc8, 0xff, 0xc0, 0xc8, 0xc0, 0xff, 0xb8, 0xc8, 0xc0, 0xff,
    0xc0, 0xc8, 0xc8, 0xff, 0xc0, 0xc8, 0xc8, 0xff, 0xc0, 0xc8, 0xc8, 0xff,
    0xc0, 0xc8, 0xc8, 0xff, 0xc0, 0xcc, 0xc8, 0xff, 0xc0, 0xd0, 0xc8, 0xff,
    0xc0, 0xcc, 0xc8, 0xff, 0xc0, 0xcc, 0xc8, 0xff, 0xc0, 0xcc, 0xc8, 0xff,
    0xc0, 0xc8, 0xc8, 0xff, 0xc0, 0xcc, 0xc8, 0xff, 0xc0, 0xcc, 0xc8, 0xff,
    0xc0, 0xcc, 0xc8, 0xff, 0xc0, 0xcc, 0xc8, 0xff, 0xc8, 0xc8, 0xc8, 0xff,
    0xc0, 0xcc, 0xc8, 0xff, 0xc0, 0xd0, 0xd0, 0xff, 0xc8, 0xd0, 0xd0, 0xff,
    0xc8, 0xd0, 0xc8, 0xff, 0xc0, 0xd0, 0xd0, 0xff, 0xc8, 0xd0, 0xd0, 0xff,
    0xc0, 0xd0, 0xd0, 0xff, 0xc8, 0xd0, 0xd0, 0xff, 0xc8, 0xd0, 0xd0, 0xff,
    0xc8, 0xd4, 0xd0, 0xff, 0xc8, 0xd4, 0xd8, 0xff, 0xd0, 0xd8, 0xd8, 0xff,
    0xd0, 0xd8, 0xd8, 0xff, 0xd0, 0xd8, 0xe0, 0xff, 0xd0, 0xd8, 0xd8, 0xff,
    0x90, 0x90, 0xa8, 0xff, 0x40, 0x40, 0x68, 0xff, 0x28, 0x30, 0x48, 0xff,
    0x18, 0x2c, 0x58, 0xff, 0x18, 0x24, 0x50, 0xff, 0x18, 0x28, 0x40, 0xff,
    0x18, 0x24, 0x48, 0x41, 0x28, 0x30, 0xd0, 0xff, 0x28, 0x34, 0xd0, 0xff,
    0x28, 0x34, 0xd0, 0xff, 0x28, 0x34, 0xd0, 0xff, 0x30, 0x38, 0xd8, 0xff,
    0x28, 0x38, 0xd8, 0xff, 0x28, 0x38, 0xd8, 0xff, 0x30, 0x3c, 0xd8, 0xff,
    0x30, 0x3c, 0xd8, 0xff, 0x30, 0x38, 0xd8, 0xff, 0x28, 0x34, 0xd0, 0xff,
    0x28, 0x34, 0xd8, 0xff, 0x30, 0x38, 0xd8, 0xff, 0x30, 0x38, 0xd8, 0xff,
    0x28, 0x34, 0xd8, 0xff, 0x30, 0x38, 0xd8, 0xff, 0x30, 0x38, 0xd8, 0xff,
    0x28, 0x38, 0xd8, 0xff, 0x30, 0x38, 0xd8, 0xff, 0x30, 0x38, 0xe0, 0xff,
    0x30, 0x3c, 0xe0, 0xff, 0x30, 0x38, 0xd8, 0xff, 0x30, 0x34, 0xd8, 0xff,
    0x30, 0x38, 0xd8, 0xff, 0x30, 0x38, 0xd8, 0xff, 0x30, 0x38, 0xe0, 0xff,
    0x30, 0x34, 0xd8, 0xff, 0x30, 0x38, 0xd8, 0xff, 0x30, 0x38, 0xd8, 0xff,
    0x30, 0x38, 0xd8, 0xff, 0x30, 0x3c, 0xe0, 0xff, 0x38, 0x3c, 0xe0, 0xff,
    0x30, 0x3c, 0xe0, 0xff, 0x38, 0x40, 0xe0, 0xff, 0x38, 0x3c, 0xe0, 0xff,
    0x30, 0x3c, 0xd8, 0xff, 0x38, 0x3c, 0xe0, 0xff, 0x30, 0x3c, 0xe0, 0xff,
    0x38, 0x44, 0xe8, 0xff, 0x38, 0x44, 0xe8, 0xff, 0x38, 0x44, 0xe8, 0xff,
    0x38, 0x40, 0xe0, 0xff, 0x38, 0x40, 0xe8, 0xff, 0x38, 0x40, 0xe0, 0xff,
    0x38, 0x40, 0xe0, 0xff, 0x38, 0x40, 0xe0, 0xff, 0x38, 0x40, 0xe0, 0xff,
    0x38, 0x44, 0xe8, 0xff, 0x38, 0x40, 0xe0, 0xff, 0x38, 0x40, 0xe0, 0xff,
    0x40, 0x44, 0xe8, 0xff, 0x38, 0x44, 0xe8, 0xff, 0x38, 0x48, 0xe8, 0xff,
    0x38, 0x44, 0xe8, 0xff, 0x38, 0x44, 0xe8, 0xff, 0x38, 0x44, 0xe8, 0xff,
    0x38, 0x48, 0xe8, 0xff, 0x38, 0x44, 0xe8, 0xff, 0x38, 0x44, 0xe8, 0xff,
    0x30, 0x3c, 0xe0, 0xff, 0x30, 0x34, 0xd8, 0xff, 0x28, 0x30, 0xd0, 0xff,
    0x20, 0x2c, 0xc8, 0xff, 0x20, 0x28, 0x98, 0xff, 0x18, 0x28, 0x60, 0xff,
    0x18, 0x2c, 0x68, 0xff, 0x20, 0x2c, 0x70, 0xff, 0x18, 0x2c, 0x70, 0xff,
    0x28, 0x38, 0x78, 0xff, 0x48, 0x58, 0x90, 0xff, 0x38, 0x4c, 0x88, 0xff,
    0x38, 0x44, 0x80, 0xff, 0x40, 0x54, 0x98, 0xff, 0x40, 0x4c, 0x90, 0xff,
    0x88, 0x94, 0xc8, 0xff, 0x48, 0x54, 0x70, 0xff, 0xc0, 0xcc, 0xd0, 0xff,
    0xc8, 0xd4, 0xd8, 0xff, 0xc8, 0xd4, 0xd0, 0xff, 0xc8, 0xd0, 0xd0, 0xff,
    0xc0, 0xd0, 0xd0, 0xff, 0xc8, 0xd0, 0xd0, 0xff, 0xc0, 0xd0, 0xd0, 0xff,
    0xc0, 0xd0, 0xd0, 0xff, 0xc8, 0xd0, 0xd0, 0xff, 0xc0, 0xd0, 0xd0, 0xff,
    0xc0, 0xcc, 0xd0, 0xff, 0xc8, 0xcc, 0xd0, 0xff, 0xc0, 0xcc, 0xc8, 0xff,
    0xc0, 0xc8, 0xd0, 0xff, 0xc0, 0xcc, 0xc8, 0xff, 0xc0, 0xcc, 0xc8, 0xff,
    0xc0, 0xc8, 0xc8, 0xff, 0xc0, 0xc8, 0xc8, 0xff, 0xb8, 0xc4, 0xc0, 0xff,
    0xb8, 0xc8, 0xc8, 0xff, 0xc0, 0xc8, 0xc8, 0xff, 0xc0, 0xc8, 0xc8, 0xff,
    0xb8, 0xc8, 0xc8, 0xff, 0xc0, 0xc8, 0xc8, 0xff, 0xc0, 0xc8, 0xc8, 0xff,
    0xc0, 0xc8, 0xc8, 0xff, 0xc0, 0xc8, 0xc8, 0xff, 0xb8, 0xc4, 0xc0, 0xff,
    0xb8, 0xc4, 0xc0, 0xff, 0xb8, 0xc0, 0xc0, 0xff, 0xb8, 0xbc, 0xb8, 0xff,
    0xb8, 0xbc, 0xb8, 0xff, 0xb8, 0xbc, 0xb8, 0xff, 0xb0, 0xbc, 0xb8, 0xff,
    0xb8, 0xbc, 0xb8, 0xff, 0xb8, 0xc0, 0xc0, 0xff, 0xb8, 0xc0, 0xb8, 0xff,
    0xb8, 0xc0, 0xb8, 0xff, 0xb8, 0xc0, 0xc0, 0xff, 0xb8, 0xc0, 0xc0, 0xff,
    0x70, 0x78, 0x90, 0xff, 0x20, 0x28, 0x50, 0xff, 0x18, 0x28, 0x50, 0xff,
    0x18, 0x28, 0x58, 0xff, 0x18, 0x28, 0x58, 0xff, 0x18, 0x2c, 0x60, 0xff,
    0x18, 0x28, 0x50, 0xff, 0x30, 0x3c, 0x68, 0xff, 0x88, 0x8c, 0xa0, 0xff,
    0xc0, 0xc0, 0xc0, 0xff, 0xb8, 0xc4, 0xc0, 0xff, 0xb8, 0xc4, 0xc0, 0xff,
    0xc0, 0xc0, 0xc0, 0xff, 0xb8, 0xc4, 0xc0, 0xff, 0xb8, 0xc4, 0xc0, 0xff,
    0xc0, 0xc4, 0xc0, 0xff, 0xc0, 0xc8, 0xc8, 0xff, 0xc0, 0xc8, 0xc8, 0xff,
    0xc0, 0xc8, 0xc8, 0xff, 0xc0, 0xc8, 0xc8, 0xff, 0xc0, 0xc8, 0xc8, 0xff,
    0xc0, 0xc8, 0xc8, 0xff, 0xc0, 0xc8, 0xc8, 0xff, 0xc0, 0xc8, 0xc8, 0xff,
    0xc0, 0xcc, 0xc8, 0xff, 0xc0, 0xcc, 0xc8, 0xff, 0xc0, 0xcc, 0xc8, 0xff,
    0xc0, 0xc8, 0xc8, 0xff, 0xc0, 0xc8, 0xc8, 0xff, 0xc0, 0xcc, 0xc8, 0xff,
    0xc0, 0xc8, 0xc8, 0xff, 0xc0, 0xc8, 0xc8, 0xff, 0xc0, 0xc8, 0xc8, 0xff,
    0xc0, 0xc8, 0xc8, 0xff, 0xc0, 0xcc, 0xc8, 0xff, 0xc0, 0xd0, 0xc8, 0xff,
    0xc8, 0xd0, 0xd0, 0xff, 0xc8, 0xd0, 0xd0, 0xff, 0xc8, 0xd0, 0xd0, 0xff,
    0xc8, 0xd0, 0xd0, 0xff, 0xc8, 0xd0, 0xd0, 0xff, 0xc8, 0xd0, 0xd0, 0xff,
    0xc8, 0xd0, 0xd0, 0xff, 0xc8, 0xd0, 0xd0, 0xff, 0xc8, 0xd4, 0xd8, 0xff,
    0xc8, 0xd4, 0xd8, 0xff, 0xd0, 0xd8, 0xd8, 0xff, 0xd0, 0xd8, 0xd8, 0xff,
    0xd0, 0xd8, 0xd8, 0xff, 0x90, 0x90, 0xb0, 0xff, 0x40, 0x40, 0x68, 0xff,
    0x20, 0x30, 0x48, 0xff, 0x20, 0x2c, 0x58, 0xff, 0x18, 0x24, 0x50, 0xff,
    0x18, 0x24, 0x48, 0xff, 0x18, 0x24, 0x48, 0x41, 0x28, 0x2c, 0xd0, 0xff,
    0x28, 0x34, 0xd0, 0xff, 0x28, 0x34, 0xd8, 0xff, 0x28, 0x34, 0xd8, 0xff,
    0x28, 0x34, 0xd0, 0xff, 0x28, 0x34, 0xd0, 0xff, 0x30, 0x38, 0xd8, 0xff,
    0x28, 0x38, 0xd0, 0xff, 0x30, 0x3c, 0xd8, 0xff, 0x30, 0x3c, 0xd0, 0xff,
    0x28, 0x38, 0xd0, 0xff, 0x28, 0x38, 0xd0, 0xff, 0x28, 0x34, 0xd0, 0xff,
    0x28, 0x34, 0xd8, 0xff, 0x30, 0x38, 0xd8, 0xff, 0x30, 0x38, 0xd8, 0xff,
    0x30, 0x38, 0xd8, 0xff, 0x30, 0x38, 0xd8, 0xff, 0x28, 0x38, 0xd8, 0xff,
    0x30, 0x38, 0xd8, 0xff, 0x30, 0x38, 0xe0, 0xff, 0x30, 0x3c, 0xe0, 0xff,
    0x30, 0x34, 0xd8, 0xff, 0x30, 0x3c, 0xe0, 0xff, 0x30, 0x38, 0xe0, 0xff,
    0x30, 0x38, 0xe0, 0xff, 0x30, 0x38, 0xd8, 0xff, 0x30, 0x34, 0xd8, 0xff,
    0x30, 0x38, 0xe0, 0xff, 0x30, 0x3c, 0xe0, 0xff, 0x30, 0x3c, 0xd8, 0xff,
    0x30, 0x3c, 0xe0, 0xff, 0x38, 0x3c, 0xe0, 0xff, 0x38, 0x3c, 0xe0, 0xff,
    0x30, 0x3c, 0xe0, 0xff, 0x30, 0x3c, 0xe0, 0xff, 0x30, 0x3c, 0xe0, 0xff,
    0x38, 0x3c, 0xe0, 0xff, 0x38, 0x40, 0xe0, 0xff, 0x38, 0x40, 0xe0, 0xff,
    0x38, 0x40, 0xe8, 0xff, 0x38, 0x44, 0xe8, 0xff, 0x38, 0x40, 0xe0, 0xff,
    0x38, 0x44, 0xe8, 0xff, 0x38, 0x44, 0xe8, 0xff, 0x38, 0x40, 0xe8, 0xff,
    0x38, 0x40, 0xe0, 0xff, 0x38, 0x44, 0xe8, 0xff, 0x38, 0x44, 0xe8, 0xff,
    0x38, 0x44, 0xe8, 0xff, 0x38, 0x44, 0xe8, 0xff, 0x38, 0x40, 0xe0, 0xff,
    0x38, 0x40, 0xe0, 0xff, 0x38, 0x44, 0xe8, 0xff, 0x38, 0x44, 0xe8, 0xff,
    0x40, 0x44, 0xe8, 0xff, 0x40, 0x44, 0xe8, 0xff, 0x38, 0x44, 0xe8, 0xff,
    0x38, 0x40, 0xe8, 0xff, 0x30, 0x3c, 0xe0, 0xff, 0x30, 0x38, 0xd8, 0xff,
    0x28, 0x30, 0xd0, 0xff, 0x20, 0x28, 0xc0, 0xff, 0x20, 0x24, 0x90, 0xff,
    0x18, 0x28, 0x60, 0xff, 0x18, 0x28, 0x68, 0xff, 0x18, 0x2c, 0x70, 0xff,
    0x18, 0x2c, 0x70, 0xff, 0x28, 0x38, 0x78, 0xff, 0x48, 0x58, 0x90, 0xff,
    0x38, 0x4c, 0x88, 0xff, 0x38, 0x48, 0x88, 0xff, 0x40, 0x54, 0x90, 0xff,
    0x40, 0x50, 0x90, 0xff, 0x88, 0x94, 0xc8, 0xff, 0x50, 0x58, 0x70, 0xff,
    0xc0, 0xd0, 0xd0, 0xff, 0xc8, 0xd0, 0xd8, 0xff, 0xc8, 0xd4, 0xd8, 0xff,
    0xc8, 0xd4, 0xd8, 0xff, 0xc0, 0xd0, 0xd0, 0xff, 0xc0, 0xd0, 0xd8, 0xff,
    0xc0, 0xd0, 0xd0, 0xff, 0xc0, 0xd0, 0xd0, 0xff, 0xc8, 0xd0, 0xd0, 0xff,
    0xc0, 0xd0, 0xd0, 0xff, 0xc0, 0xd0, 0xd0, 0xff, 0xc0, 0xcc, 0xd0, 0xff,
    0xc0, 0xcc, 0xc8, 0xff, 0xc0, 0xcc, 0xc8, 0xff, 0xc0, 0xcc, 0xc8, 0xff,
    0xc0, 0xc8, 0xc8, 0xff, 0xc0, 0xc8, 0xc8, 0xff, 0xc0, 0xc8, 0xc8, 0xff,
    0xc0, 0xc8, 0xc8, 0xff, 0xc0, 0xc8, 0xc8, 0xff, 0xc0, 0xc8, 0xc8, 0xff,
    0xb8, 0xc8, 0xc8, 0xff, 0xc0, 0xc8, 0xc8, 0xff, 0xc0, 0xc8, 0xc8, 0xff,
    0xb8, 0xc8, 0xc8, 0xff, 0xc0, 0xc8, 0xc8, 0xff, 0xb8, 0xc8, 0xc8, 0xff,
    0xb8, 0xc4, 0xc0, 0xff, 0xb8, 0xc0, 0xc0, 0xff, 0xb8, 0xbc, 0xb8, 0xff,
    0xb8, 0xbc, 0xb8, 0xff, 0xb0, 0xbc, 0xb8, 0xff, 0xb0, 0xbc, 0xb8, 0xff,
    0xb8, 0xbc, 0xb8, 0xff, 0xb0, 0xbc, 0xb8, 0xff, 0xb8, 0xbc, 0xb8, 0xff,
    0xb8, 0xbc, 0xc0, 0xff, 0xb8, 0xc0, 0xc0, 0xff, 0xb8, 0xc0, 0xc0, 0xff,
    0xb8, 0xc0, 0xb8, 0xff, 0x70, 0x74, 0x90, 0xff, 0x18, 0x2c, 0x50, 0xff,
    0x18, 0x28, 0x58, 0xff, 0x18, 0x28, 0x58, 0xff, 0x18, 0x28, 0x60, 0xff,
    0x18, 0x2c, 0x60, 0xff, 0x20, 0x2c, 0x50, 0xff, 0x30, 0x3c, 0x68, 0xff,
    0x88, 0x8c, 0xa0, 0xff, 0xb8, 0xc0, 0xc0, 0xff, 0xc0, 0xc4, 0xc0, 0xff,
    0xc0, 0xc4, 0xc0, 0xff, 0xb8, 0xc4, 0xc0, 0xff, 0xb8, 0xc4, 0xc0, 0xff,
    0xb8, 0xc4, 0xc0, 0xff, 0xb8, 0xc4, 0xc8, 0xff, 0xc0, 0xc4, 0xc8, 0xff,
    0xc0, 0xc8, 0xc0, 0xff, 0xc0, 0xc4, 0xc0, 0xff, 0xc0, 0xc8, 0xc8, 0xff,
    0xc0, 0xc8, 0xc0, 0xff, 0xc0, 0xc8, 0xc0, 0xff, 0xc0, 0xc8, 0xc8, 0xff,
    0xc0, 0xc8, 0xc0, 0xff, 0xc0, 0xc8, 0xc8, 0xff, 0xc0, 0xc8, 0xc8, 0xff,
    0xc0, 0xc8, 0xc8, 0xff, 0xc0, 0xc8, 0xc8, 0xff, 0xc0, 0xcc, 0xc8, 0xff,
    0xc0, 0xc8, 0xc8, 0xff, 0xc0, 0xcc, 0xc8, 0xff, 0xc0, 0xc8, 0xc8, 0xff,
    0xc0, 0xc8, 0xc8, 0xff, 0xc8, 0xcc, 0xc8, 0xff, 0xc8, 0xcc, 0xd0, 0xff,
    0xc0, 0xcc, 0xc8, 0xff, 0xc8, 0xcc, 0xc8, 0xff, 0xc0, 0xcc, 0xd0, 0xff,
    0xc0, 0xcc, 0xd0, 0xff, 0xc8, 0xd0, 0xd0, 0xff, 0xc8, 0xd0, 0xd0, 0xff,
    0xc8, 0xd0, 0xd0, 0xff, 0xc8, 0xd0, 0xd0, 0xff, 0xc8, 0xd0, 0xd0, 0xff,
    0xc8, 0xd4, 0xd8, 0xff, 0xc8, 0xd4, 0xd8, 0xff, 0xc8, 0xd4, 0xd8, 0xff,
    0xd0, 0xd8, 0xd8, 0xff, 0xd0, 0xd8, 0xd8, 0xff, 0x90, 0x90, 0xb0, 0xff,
    0x40, 0x40, 0x68, 0xff, 0x28, 0x30, 0x48, 0xff, 0x18, 0x2c, 0x50, 0xff,
    0x18, 0x24, 0x50, 0xff, 0x18, 0x24, 0x48, 0xff, 0x18, 0x24, 0x48, 0x41,
    0x28, 0x30, 0xd0, 0xff, 0x28, 0x34, 0xd0, 0xff, 0x28, 0x34, 0xd8, 0xff,
    0x30, 0x34, 0xd8, 0xff, 0x28, 0x34, 0xd0, 0xff, 0x28, 0x38, 0xd0, 0xff,
    0x30, 0x38, 0xd0, 0xff, 0x28, 0x34, 0xd8, 0xff, 0x28, 0x38, 0xd8, 0xff,
    0x30, 0x38, 0xd0, 0xff, 0x30, 0x38, 0xd0, 0xff, 0x28, 0x34, 0xd8, 0xff,
    0x28, 0x34, 0xd0, 0xff, 0x28, 0x34, 0xd8, 0xff, 0x30, 0x38, 0xd8, 0xff,
    0x30, 0x38, 0xd8, 0xff, 0x30, 0x38, 0xd8, 0xff, 0x28, 0x34, 0xd8, 0xff,
    0x30, 0x38, 0xd8, 0xff, 0x30, 0x38, 0xd8, 0xff, 0x30, 0x38, 0xd8, 0xff,
    0x30, 0x38, 0xe0, 0xff, 0x28, 0x38, 0xd8, 0xff, 0x30, 0x38, 0xd8, 0xff,
    0x30, 0x38, 0xd8, 0xff, 0x28, 0x38, 0xd8, 0xff, 0x28, 0x38, 0xd8, 0xff,
    0x30, 0x38, 0xd8, 0xff, 0x30, 0x38, 0xd8, 0xff, 0x30, 0x38, 0xe0, 0xff,
    0x30, 0x38, 0xd8, 0xff, 0x30, 0x3c, 0xd8, 0xff, 0x30, 0x3c, 0xe0, 0xff,
    0x30, 0x3c, 0xe0, 0xff, 0x38, 0x40, 0xe0, 0xff, 0x30, 0x40, 0xe0, 0xff,
    0x30, 0x3c, 0xe0, 0xff, 0x38, 0x40, 0xe0, 0xff, 0x38, 0x44, 0xe8, 0xff,
    0x38, 0x40, 0xe0, 0xff, 0x38, 0x40, 0xe0, 0xff, 0x38, 0x44, 0xe8, 0xff,
    0x38, 0x44, 0xe8, 0xff, 0x38, 0x44, 0xe8, 0xff, 0x38, 0x44, 0xe8, 0xff,
    0x38, 0x44, 0xe8, 0xff, 0x38, 0x40, 0xe0, 0xff, 0x38, 0x40, 0xe0, 0xff,
    0x38, 0x44, 0xe8, 0xff, 0x38, 0x40, 0xe0, 0xff, 0x38, 0x40, 0xe0, 0xff,
    0x38, 0x40, 0xe8, 0xff, 0x30, 0x3c, 0xe0, 0xff, 0x38, 0x40, 0xe0, 0xff,
    0x38, 0x40, 0xe0, 0xff, 0x38, 0x44, 0xe8, 0xff, 0x40, 0x48, 0xe8, 0xff,
    0x38, 0x44, 0xe8, 0xff, 0x38, 0x44, 0xe8, 0xff, 0x38, 0x3c, 0xe0, 0xff,
    0x30, 0x38, 0xd8, 0xff, 0x28, 0x30, 0xd8, 0xff, 0x28, 0x28, 0xc8, 0xff,
    0x20, 0x24, 0x98, 0xff, 0x18, 0x28, 0x60, 0xff, 0x18, 0x28, 0x60, 0xff,
    0x20, 0x2c, 0x70, 0xff, 0x20, 0x2c, 0x70, 0xff, 0x28, 0x34, 0x70, 0xff,
    0x48, 0x58, 0x90, 0xff, 0x38, 0x4c, 0x88, 0xff, 0x38, 0x48, 0x88, 0xff,
    0x40, 0x54, 0x90, 0xff, 0x48, 0x54, 0x90, 0xff, 0x90, 0x98, 0xd0, 0xff,
    0x50, 0x54, 0x70, 0xff, 0xc0, 0xd0, 0xd0, 0xff, 0xc8, 0xd0, 0xd8, 0xff,
    0xc8, 0xd0, 0xd8, 0xff, 0xc0, 0xd4, 0xd0, 0xff, 0xc0, 0xd0, 0xd0, 0xff,
    0xc8, 0xd0, 0xd8, 0xff, 0xc0, 0xd0, 0xd0, 0xff, 0xc0, 0xd0, 0xd0, 0xff,
    0xc8, 0xd0, 0xd0, 0xff, 0xc0, 0xcc, 0xd0, 0xff, 0xc0, 0xd0, 0xd0, 0xff,
    0xc0, 0xcc, 0xd0, 0xff, 0xc0, 0xcc, 0xd0, 0xff, 0xc0, 0xcc, 0xc8, 0xff,
    0xc0, 0xc8, 0xc8, 0xff, 0xc0, 0xc8, 0xc8, 0xff, 0xc0, 0xc8, 0xc8, 0xff,
    0xb8, 0xc8, 0xc8, 0xff, 0xc0, 0xc8, 0xc8, 0xff, 0xc0, 0xc8, 0xc8, 0xff,
    0xb8, 0xc8, 0xc8, 0xff, 0xc0, 0xc8, 0xc8, 0xff, 0xb8, 0xc8, 0xc8, 0xff,
    0xb8, 0xc4, 0xc0, 0xff, 0xb8, 0xc4, 0xc0, 0xff, 0xb8, 0xc4, 0xc0, 0xff,
    0xb8, 0xc0, 0xc0, 0xff, 0xb8, 0xc0, 0xb8, 0xff, 0xb8, 0xbc, 0xb8, 0xff,
    0xb0, 0xbc, 0xb8, 0xff, 0xb0, 0xbc, 0xb8, 0xff, 0xb0, 0xb8, 0xb8, 0xff,
    0xb0, 0xb8, 0xb8, 0xff, 0xb0, 0xbc, 0xb8, 0xff, 0xb0, 0xb8, 0xb8, 0xff,
    0xb0, 0xbc, 0xb8, 0xff, 0xb8, 0xbc, 0xb8, 0xff, 0xb8, 0xbc, 0xb8, 0xff,
    0xb0, 0xbc, 0xb8, 0xff, 0xb8, 0xc0, 0xb8, 0xff, 0x70, 0x74, 0x88, 0xff,
    0x18, 0x28, 0x50, 0xff, 0x18, 0x28, 0x58, 0xff, 0x18, 0x28, 0x58, 0xff,
    0x18, 0x28, 0x60, 0xff, 0x18, 0x2c, 0x60, 0xff, 0x18, 0x28, 0x50, 0xff,
    0x30, 0x3c, 0x68, 0xff, 0x88, 0x8c, 0xa0, 0xff, 0xb8, 0xc0, 0xc0, 0xff,
    0xc0, 0xc4, 0xc0, 0xff, 0xc0, 0xc4, 0xc0, 0xff, 0xc0, 0xc4, 0xc8, 0xff,
    0xc0, 0xc8, 0xc8, 0xff, 0xc0, 0xc8, 0xc8, 0xff, 0xc0, 0xc8, 0xc8, 0xff,
    0xb8, 0xc4, 0xc0, 0xff, 0xb8, 0xc8, 0xc0, 0xff, 0xb8, 0xc4, 0xc0, 0xff,
    0xb8, 0xc4, 0xc0, 0xff, 0xc0, 0xc8, 0xc0, 0xff, 0xb8, 0xc4, 0xc0, 0xff,
    0xb8, 0xc8, 0xc0, 0xff, 0xc0, 0xc4, 0xc0, 0xff, 0xc0, 0xc4, 0xc0, 0xff,
    0xc0, 0xc8, 0xc8, 0xff, 0xc0, 0xc8, 0xc8, 0xff, 0xc0, 0xcc, 0xc8, 0xff,
    0xc0, 0xcc, 0xc8, 0xff, 0xc0, 0xc8, 0xc8, 0xff, 0xc0, 0xcc, 0xc8, 0xff,
    0xc0, 0xcc, 0xc8, 0xff, 0xc0, 0xcc, 0xc8, 0xff, 0xc0, 0xcc, 0xc8, 0xff,
    0xc0, 0xc8, 0xc8, 0xff, 0xc0, 0xcc, 0xc8, 0xff, 0xc0, 0xcc, 0xc8, 0xff,
    0xc8, 0xcc, 0xc8, 0xff, 0xc0, 0xd0, 0xd0, 0xff, 0xc0, 0xd0, 0xc8, 0xff,
    0xc8, 0xcc, 0xd0, 0xff, 0xc0, 0xcc, 0xd0, 0xff, 0xc8, 0xcc, 0xd0, 0xff,
    0xc8, 0xd0, 0xd0, 0xff, 0xc8, 0xd0, 0xd0, 0xff, 0xc8, 0xd4, 0xd8, 0xff,
    0xc8, 0xd4, 0xd8, 0xff, 0xc8, 0xd4, 0xd8, 0xff, 0xc8, 0xd8, 0xd8, 0xff,
    0x90, 0x8c, 0xa8, 0xff, 0x40, 0x44, 0x68, 0xff, 0x20, 0x30, 0x48, 0xff,
    0x18, 0x2c, 0x50, 0xff, 0x18, 0x24, 0x50, 0xff, 0x18, 0x24, 0x48, 0xff,
    0x18, 0x24, 0x48, 0x41, 0x28, 0x30, 0xd0, 0xff, 0x28, 0x34, 0xd0, 0xff,
    0x28, 0x34, 0xd0, 0xff, 0x30, 0x38, 0xd0, 0xff, 0x28, 0x34, 0xd0, 0xff,
    0x28, 0x34, 0xd8, 0xff, 0x30, 0x38, 0xd8, 0xff, 0x28, 0x34, 0xd8, 0xff,
    0x28, 0x38, 0xd8, 0xff, 0x30, 0x38, 0xd8, 0xff, 0x28, 0x34, 0xd0, 0xff,
    0x28, 0x34, 0xd8, 0xff, 0x28, 0x34, 0xd0, 0xff, 0x30, 0x34, 0xd8, 0xff,
    0x28, 0x38, 0xd8, 0xff, 0x30, 0x38, 0xd8, 0xff, 0x30, 0x38, 0xd8, 0xff,
    0x28, 0x38, 0xd8, 0xff, 0x30, 0x38, 0xe0, 0xff, 0x30, 0x38, 0xd8, 0xff,
    0x30, 0x3c, 0xe0, 0xff, 0x30, 0x38, 0xe0, 0xff, 0x30, 0x38, 0xd8, 0xff,
    0x28, 0x34, 0xd8, 0xff, 0x30, 0x38, 0xd8, 0xff, 0x30, 0x38, 0xe0, 0xff,
    0x28, 0x34, 0xd8, 0xff, 0x30, 0x38, 0xd8, 0xff, 0x30, 0x38, 0xd8, 0xff,
    0x30, 0x34, 0xd8, 0xff, 0x30, 0x38, 0xe0, 0xff, 0x30, 0x3c, 0xe0, 0xff,
    0x30, 0x3c, 0xe0, 0xff, 0x30, 0x38, 0xd8, 0xff, 0x30, 0x3c, 0xd8, 0xff,
    0x38, 0x3c, 0xe0, 0xff, 0x30, 0x3c, 0xe0, 0xff, 0x38, 0x3c, 0xe0, 0xff,
    0x38, 0x3c, 0xe8, 0xff, 0x38, 0x40, 0xe0, 0xff, 0x38, 0x40, 0xe0, 0xff,
    0x38, 0x40, 0xe8, 0xff, 0x38, 0x44, 0xe8, 0xff, 0x38, 0x44, 0xe0, 0xff,
    0x38, 0x44, 0xe8, 0xff, 0x38, 0x44, 0xe8, 0xff, 0x38, 0x44, 0xe8, 0xff,
    0x38, 0x44, 0xe8, 0xff, 0x38, 0x40, 0xe0, 0xff, 0x38, 0x44, 0xe8, 0xff,
    0x38, 0x40, 0xe8, 0xff, 0x38, 0x44, 0xe8, 0xff, 0x38, 0x3c, 0xe0, 0xff,
    0x38, 0x40, 0xe0, 0xff, 0x38, 0x40, 0xe8, 0xff, 0x38, 0x44, 0xe8, 0xff,
    0x40, 0x48, 0xe8, 0xff, 0x38, 0x48, 0xe8, 0xff, 0x38, 0x44, 0xe8, 0xff,
    0x38, 0x40, 0xe0, 0xff, 0x30, 0x38, 0xd8, 0xff, 0x28, 0x30, 0xd8, 0xff,
    0x28, 0x2c, 0xc8, 0xff, 0x20, 0x28, 0x98, 0xff, 0x18, 0x2c, 0x60, 0xff,
    0x18, 0x28, 0x60, 0xff, 0x18, 0x2c, 0x70, 0xff, 0x18, 0x2c, 0x70, 0xff,
    0x28, 0x34, 0x70, 0xff, 0x48, 0x5c, 0x98, 0xff, 0x38, 0x4c, 0x88, 0xff,
    0x38, 0x48, 0x88, 0xff, 0x40, 0x54, 0x90, 0xff, 0x48, 0x58, 0x98, 0xff,
    0x90, 0x9c, 0xd0, 0xff, 0x50, 0x58, 0x70, 0xff, 0xc0, 0xcc, 0xd0, 0xff,
    0xc8, 0xd4, 0xd8, 0xff, 0xc8, 0xd0, 0xd8, 0xff, 0xc8, 0xd0, 0xd0, 0xff,
    0xc8, 0xd4, 0xd0, 0xff, 0xc8, 0xd0, 0xd0, 0xff, 0xc0, 0xd0, 0xd0, 0xff,
    0xc0, 0xd0, 0xd0, 0xff, 0xc0, 0xd0, 0xd0, 0xff, 0xc0, 0xcc, 0xd0, 0xff,
    0xc0, 0xd0, 0xd0, 0xff, 0xc0, 0xcc, 0xd0, 0xff, 0xc0, 0xcc, 0xd0, 0xff,
    0xc0, 0xcc, 0xd0, 0xff, 0xc0, 0xc8, 0xc8, 0xff, 0xc0, 0xc8, 0xc8, 0xff,
    0xc0, 0xc8, 0xc8, 0xff, 0xb8, 0xc8, 0xc8, 0xff, 0xc0, 0xc8, 0xc8, 0xff,
    0xb8, 0xc8, 0xc8, 0xff, 0xc0, 0xc8, 0xc8, 0xff, 0xc0, 0xc8, 0xc8, 0xff,
    0xb8, 0xc4, 0xc0, 0xff, 0xb8, 0xc4, 0xc0, 0xff, 0xb8, 0xc4, 0xc0, 0xff,
    0xb8, 0xc0, 0xc0, 0xff, 0xb8, 0xbc, 0xb8, 0xff, 0xb8, 0xbc, 0xb8, 0xff,
    0xb0, 0xbc, 0xc0, 0xff, 0xb0, 0xbc, 0xb8, 0xff, 0xb0, 0xbc, 0xb8, 0xff,
    0xb8, 0xb8, 0xb0, 0xff, 0xb0, 0xbc, 0xb0, 0xff, 0xb0, 0xb8, 0xb8, 0xff,
    0xb8, 0xbc, 0xb0, 0xff, 0xb0, 0xbc, 0xb8, 0xff, 0xb0, 0xc0, 0xb8, 0xff,
    0xb8, 0xc0, 0xb8, 0xff, 0xb0, 0xbc, 0xb8, 0xff, 0xb8, 0xbc, 0xc0, 0xff,
    0x70, 0x74, 0x88, 0xff, 0x18, 0x28, 0x50, 0xff, 0x18, 0x28, 0x58, 0xff,
    0x18, 0x2c, 0x60, 0xff, 0x18, 0x28, 0x60, 0xff, 0x18, 0x2c, 0x60, 0xff,
    0x18, 0x2c, 0x50, 0xff, 0x30, 0x3c, 0x68, 0xff, 0x90, 0x90, 0xa8, 0xff,
    0xb8, 0xc4, 0xc0, 0xff, 0xb8, 0xc0, 0xc0, 0xff, 0xc0, 0xc4, 0xc0, 0xff,
    0xb8, 0xc4, 0xc0, 0xff, 0xc0, 0xc8, 0xc8, 0xff, 0xc0, 0xcc, 0xc8, 0xff,
    0xb8, 0xc8, 0xc0, 0xff, 0xb8, 0xc8, 0xc0, 0xff, 0xc0, 0xc4, 0xc8, 0xff,
    0xb8, 0xc4, 0xc0, 0xff, 0xb8, 0xc4, 0xc0, 0xff, 0xc0, 0xc4, 0xc8, 0xff,
    0xb8, 0xc4, 0xc0, 0xff, 0xb8, 0xc4, 0xc0, 0xff, 0xb8, 0xc4, 0xc0, 0xff,
    0xb8, 0xc4, 0xc0, 0xff, 0xc0, 0xc8, 0xc8, 0xff, 0xc0, 0xc8, 0xc8, 0xff,
    0xc0, 0xc8, 0xc8, 0xff, 0xc0, 0xc8, 0xc8, 0xff, 0xc0, 0xcc, 0xc8, 0xff,
    0xc0, 0xcc, 0xc8, 0xff, 0xc0, 0xc8, 0xc8, 0xff, 0xc8, 0xcc, 0xc8, 0xff,
    0xc0, 0xcc, 0xc8, 0xff, 0xc0, 0xc8, 0xc8, 0xff, 0xc0, 0xc8, 0xc8, 0xff,
    0xc0, 0xcc, 0xc8, 0xff, 0xc8, 0xcc, 0xc8, 0xff, 0xc8, 0xd0, 0xd0, 0xff,
    0xc0, 0xd0, 0xd0, 0xff, 0xc8, 0xcc, 0xc8, 0xff, 0xc8, 0xd0, 0xd0, 0xff,
    0xc8, 0xd0, 0xd0, 0xff, 0xc8, 0xd0, 0xd0, 0xff, 0xc8, 0xd0, 0xd0, 0xff,
    0xc8, 0xd0, 0xd0, 0xff, 0xc8, 0xd4, 0xd0, 0xff, 0xd0, 0xd4, 0xd8, 0xff,
    0xd0, 0xd4, 0xd8, 0xff, 0x90, 0x8c, 0xa8, 0xff, 0x40, 0x44, 0x68, 0xff,
    0x28, 0x30, 0x48, 0xff, 0x18, 0x2c, 0x50, 0xff, 0x18, 0x24, 0x50, 0xff,
    0x18, 0x24, 0x48, 0xff, 0x10, 0x24, 0x48, 0x41, 0x28, 0x30, 0xd0, 0xff,
    0x28, 0x30, 0xd0, 0xff, 0x28, 0x34, 0xd0, 0xff, 0x28, 0x34, 0xd0, 0xff,
    0x28, 0x34, 0xd0, 0xff, 0x28, 0x34, 0xd0, 0xff, 0x28, 0x34, 0xd8, 0xff,
    0x30, 0x38, 0xd8, 0xff, 0x28, 0x34, 0xd0, 0xff, 0x28, 0x34, 0xd8, 0xff,
    0x28, 0x34, 0xd0, 0xff, 0x28, 0x34, 0xd0, 0xff, 0x30, 0x34, 0xd8, 0xff,
    0x28, 0x34, 0xd0, 0xff, 0x28, 0x38, 0xd8, 0xff, 0x30, 0x38, 0xd8, 0xff,
    0x30, 0x34, 0xd8, 0xff, 0x30, 0x38, 0xd8, 0xff, 0x30, 0x38, 0xe0, 0xff,
    0x28, 0x38, 0xd8, 0xff, 0x30, 0x3c, 0xe0, 0xff, 0x30, 0x38, 0xe0, 0xff,
    0x30, 0x38, 0xd8, 0xff, 0x30, 0x38, 0xd8, 0xff, 0x30, 0x38, 0xd8, 0xff,
    0x30, 0x38, 0xe0, 0xff, 0x30, 0x38, 0xd8, 0xff, 0x30, 0x38, 0xd8, 0xff,
    0x30, 0x38, 0xd8, 0xff, 0x28, 0x34, 0xd8, 0xff, 0x30, 0x3c, 0xe0, 0xff,
    0x30, 0x3c, 0xe0, 0xff, 0x38, 0x3c, 0xe0, 0xff, 0x38, 0x3c, 0xe0, 0xff,
    0x30, 0x3c, 0xe0, 0xff, 0x30, 0x3c, 0xe0, 0xff, 0x30, 0x3c, 0xe0, 0xff,
    0x30, 0x3c, 0xe0, 0xff, 0x38, 0x3c, 0xe0, 0xff, 0x30, 0x40, 0xe0, 0xff,
    0x30, 0x40, 0xe0, 0xff, 0x38, 0x40, 0xe8, 0xff, 0x38, 0x44, 0xe8, 0xff,
    0x38, 0x44, 0xe8, 0xff, 0x38, 0x40, 0xe0, 0xff, 0x38, 0x40, 0xe0, 0xff,
    0x38, 0x44, 0xe0, 0xff, 0x38, 0x40, 0xe0, 0xff, 0x38, 0x44, 0xe8, 0xff,
    0x38, 0x40, 0xe0, 0xff, 0x38, 0x44, 0xe8, 0xff, 0x38, 0x44, 0xe8, 0xff,
    0x38, 0x40, 0xe8, 0xff, 0x30, 0x3c, 0xe0, 0xff, 0x30, 0x3c, 0xe0, 0xff,
    0x38, 0x3c, 0xe0, 0xff, 0x38, 0x40, 0xe8, 0xff, 0x38, 0x40, 0xe8, 0xff,
    0x38, 0x40, 0xe8, 0xff, 0x30, 0x3c, 0xe0, 0xff, 0x30, 0x38, 0xd8, 0xff,
    0x28, 0x34, 0xd8, 0xff, 0x28, 0x28, 0xc8, 0xff, 0x20, 0x28, 0x98, 0xff,
    0x18, 0x2c, 0x60, 0xff, 0x18, 0x28, 0x60, 0xff, 0x20, 0x2c, 0x70, 0xff,
    0x18, 0x2c, 0x70, 0xff, 0x28, 0x38, 0x78, 0xff, 0x48, 0x5c, 0x98, 0xff,
    0x38, 0x50, 0x88, 0xff, 0x38, 0x48, 0x88, 0xff, 0x40, 0x54, 0x90, 0xff,
    0x48, 0x58, 0x98, 0xff, 0x90, 0x9c, 0xd0, 0xff, 0x50, 0x54, 0x70, 0xff,
    0xc0, 0xcc, 0xd0, 0xff, 0xc8, 0xd4, 0xd8, 0xff, 0xc0, 0xd0, 0xd8, 0xff,
    0xc0, 0xd0, 0xd0, 0xff, 0xc8, 0xd4, 0xd0, 0xff, 0xc0, 0xd0, 0xd8, 0xff,
    0xc0, 0xd0, 0xd0, 0xff, 0xc0, 0xd0, 0xd0, 0xff, 0xc8, 0xd0, 0xd0, 0xff,
    0xc0, 0xcc, 0xd0, 0xff, 0xc0, 0xd0, 0xd0, 0xff, 0xc0, 0xcc, 0xd0, 0xff,
    0xc0, 0xcc, 0xd0, 0xff, 0xc0, 0xcc, 0xc8, 0xff, 0xc0, 0xc8, 0xc8, 0xff,
    0xc0, 0xc8, 0xc8, 0xff, 0xc0, 0xcc, 0xc8, 0xff, 0xc0, 0xc8, 0xc8, 0xff,
    0xc0, 0xc8, 0xc8, 0xff, 0xb8, 0xc4, 0xc8, 0xff, 0xb8, 0xc4, 0xc8, 0xff,
    0xc0, 0xc4, 0xc8, 0xff, 0xb8, 0xc4, 0xc0, 0xff, 0xb8, 0xc4, 0xc0, 0xff,
    0xb8, 0xc4, 0xc0, 0xff, 0xb8, 0xc0, 0xc0, 0xff, 0xb8, 0xc0, 0xb8, 0xff,
    0xb8, 0xc0, 0xb8, 0xff, 0xb0, 0xbc, 0xb8, 0xff, 0xb8, 0xbc, 0xb8, 0xff,
    0xb0, 0xbc, 0xb8, 0xff, 0xb8, 0xb8, 0xb8, 0xff, 0xb0, 0xbc, 0xb8, 0xff,
    0xb0, 0xb8, 0xb0, 0xff, 0xb8, 0xb8, 0xb8, 0xff, 0xb8, 0xbc, 0xb8, 0xff,
    0xb0, 0xc0, 0xb8, 0xff, 0xb8, 0xc0, 0xb8, 0xff, 0xb8, 0xbc, 0xc0, 0xff,
    0xb8, 0xc0, 0xc0, 0xff, 0x68, 0x74, 0x88, 0xff, 0x18, 0x28, 0x50, 0xff,
    0x20, 0x28, 0x58, 0xff, 0x18, 0x28, 0x60, 0xff, 0x18, 0x28, 0x58, 0xff,
    0x18, 0x28, 0x60, 0xff, 0x18, 0x2c, 0x58, 0xff, 0x30, 0x3c, 0x68, 0xff,
    0x90, 0x90, 0xa8, 0xff, 0xb8, 0xc4, 0xc0, 0xff, 0xb8, 0xc0, 0xc0, 0xff,
    0xc0, 0xc8, 0xc8, 0xff, 0xc0, 0xc8, 0xc8, 0xff, 0xc0, 0xc8, 0xc8, 0xff,
    0xc0, 0xc8, 0xc8, 0xff, 0xb8, 0xc8, 0xc8, 0xff, 0xb8, 0xc4, 0xc0, 0xff,
    0xc0, 0xc8, 0xc8, 0xff, 0xc0, 0xc4, 0xc0, 0xff, 0xb8, 0xc0, 0xc0, 0xff,
    0xb8, 0xc4, 0xc0, 0xff, 0xb8, 0xc4, 0xc0, 0xff, 0xc0, 0xc4, 0xc0, 0xff,
    0xb8, 0xc4, 0xc0, 0xff, 0xb8, 0xc4, 0xc0, 0xff, 0xc0, 0xc8, 0xc0, 0xff,
    0xc0, 0xc8, 0xc8, 0xff, 0xc0, 0xc8, 0xc0, 0xff, 0xc0, 0xc8, 0xc8, 0xff,
    0xc0, 0xcc, 0xc8, 0xff, 0xc0, 0xcc, 0xc8, 0xff, 0xc0, 0xc8, 0xc8, 0xff,
    0xc0, 0xc8, 0xc8, 0xff, 0xc0, 0xcc, 0xc8, 0xff, 0xc8, 0xc8, 0xc8, 0xff,
    0xc0, 0xc8, 0xc8, 0xff, 0xc0, 0xc8, 0xc8, 0xff, 0xc0, 0xc8, 0xc8, 0xff,
    0xc0, 0xcc, 0xc8, 0xff, 0xc0, 0xcc, 0xd0, 0xff, 0xc8, 0xcc, 0xc8, 0xff,
    0xc8, 0xd0, 0xc8, 0xff, 0xc0, 0xcc, 0xd0, 0xff, 0xc8, 0xd0, 0xd0, 0xff,
    0xc8, 0xd4, 0xd0, 0xff, 0xc8, 0xd0, 0xd0, 0xff, 0xc8, 0xd4, 0xd8, 0xff,
    0xc8, 0xd8, 0xd8, 0xff, 0xd0, 0xd4, 0xd0, 0xff, 0x90, 0x90, 0xa8, 0xff,
    0x40, 0x44, 0x68, 0xff, 0x28, 0x30, 0x48, 0xff, 0x20, 0x2c, 0x50, 0xff,
    0x18, 0x24, 0x50, 0xff, 0x10, 0x24, 0x48, 0xff, 0x18, 0x24, 0x48, 0x41,
    0x28, 0x30, 0xd0, 0xff, 0x28, 0x30, 0xd0, 0xff, 0x28, 0x34, 0xd0, 0xff,
    0x28, 0x34, 0xd0, 0xff, 0x28, 0x34, 0xd0, 0xff, 0x28, 0x30, 0xd0, 0xff,
    0x28, 0x34, 0xd8, 0xff, 0x30, 0x38, 0xd8, 0xff, 0x30, 0x34, 0xd8, 0xff,
    0x28, 0x34, 0xd0, 0xff, 0x28, 0x34, 0xd8, 0xff, 0x30, 0x34, 0xd8, 0xff,
    0x30, 0x38, 0xd8, 0xff, 0x30, 0x38, 0xd8, 0xff, 0x30, 0x38, 0xd8, 0xff,
    0x28, 0x38, 0xd8, 0xff, 0x28, 0x38, 0xd8, 0xff, 0x30, 0x38, 0xd8, 0xff,
    0x30, 0x38, 0xe0, 0xff, 0x30, 0x38, 0xd8, 0xff, 0x30, 0x38, 0xd8, 0xff,
    0x30, 0x3c, 0xe0, 0xff, 0x30, 0x38, 0xe0, 0xff, 0x30, 0x38, 0xe0, 0xff,
    0x30, 0x38, 0xe0, 0xff, 0x28, 0x38, 0xd8, 0xff, 0x30, 0x38, 0xe0, 0xff,
    0x30, 0x38, 0xe0, 0xff, 0x30, 0x3c, 0xe0, 0xff, 0x30, 0x38, 0xd8, 0xff,
    0x30, 0x38, 0xd8, 0xff, 0x30, 0x3c, 0xe0, 0xff, 0x30, 0x3c, 0xe0, 0xff,
    0x30, 0x3c, 0xe0, 0xff, 0x30, 0x40, 0xe0, 0xff, 0x30, 0x3c, 0xe0, 0xff,
    0x30, 0x3c, 0xe0, 0xff, 0x30, 0x38, 0xe0, 0xff, 0x38, 0x3c, 0xe0, 0xff,
    0x38, 0x3c, 0xe0, 0xff, 0x30, 0x3c, 0xe0, 0xff, 0x38, 0x40, 0xe0, 0xff,
    0x38, 0x40, 0xe0, 0xff, 0x38, 0x40, 0xe0, 0xff, 0x38, 0x40, 0xe8, 0xff,
    0x38, 0x44, 0xe8, 0xff, 0x38, 0x40, 0xe8, 0xff, 0x38, 0x44, 0xe8, 0xff,
    0x38, 0x40, 0xe8, 0xff, 0x38, 0x40, 0xe8, 0xff, 0x38, 0x44, 0xe8, 0xff,
    0x38, 0x40, 0xe8, 0xff, 0x38, 0x44, 0xe8, 0xff, 0x38, 0x40, 0xe8, 0xff,
    0x38, 0x40, 0xe0, 0xff, 0x38, 0x40, 0xe0, 0xff, 0x30, 0x40, 0xe8, 0xff,
    0x38, 0x40, 0xe8, 0xff, 0x38, 0x40, 0xe8, 0xff, 0x30, 0x40, 0xe0, 0xff,
    0x30, 0x38, 0xe0, 0xff, 0x28, 0x30, 0xd0, 0xff, 0x28, 0x28, 0xc8, 0xff,
    0x20, 0x24, 0x90, 0xff, 0x18, 0x28, 0x60, 0xff, 0x18, 0x28, 0x60, 0xff,
    0x18, 0x2c, 0x68, 0xff, 0x20, 0x2c, 0x70, 0xff, 0x28, 0x34, 0x70, 0xff,
    0x48, 0x58, 0x90, 0xff, 0x40, 0x4c, 0x88, 0xff, 0x38, 0x48, 0x88, 0xff,
    0x40, 0x54, 0x90, 0xff, 0x50, 0x58, 0x98, 0xff, 0x90, 0x9c, 0xd0, 0xff,
    0x50, 0x58, 0x78, 0xff, 0xc0, 0xcc, 0xd0, 0xff, 0xc8, 0xd0, 0xd8, 0xff,
    0xc0, 0xd0, 0xd8, 0xff, 0xc0, 0xd0, 0xd0, 0xff, 0xc0, 0xd0, 0xd8, 0xff,
    0xc8, 0xd4, 0xd8, 0xff, 0xc0, 0xd0, 0xd0, 0xff, 0xc8, 0xd0, 0xd8, 0xff,
    0xc8, 0xd0, 0xd0, 0xff, 0xc0, 0xd0, 0xd0, 0xff, 0xc8, 0xd0, 0xd0, 0xff,
    0xc0, 0xd0, 0xd0, 0xff, 0xc0, 0xcc, 0xd0, 0xff, 0xc0, 0xcc, 0xc8, 0xff,
    0xc0, 0xcc, 0xd0, 0xff, 0xc0, 0xc8, 0xc8, 0xff, 0xc0, 0xc8, 0xc8, 0xff,
    0xc0, 0xc8, 0xc8, 0xff, 0xb8, 0xc8, 0xc8, 0xff, 0xc0, 0xc8, 0xc8, 0xff,
    0xc0, 0xc8, 0xc0, 0xff, 0xc0, 0xc8, 0xc8, 0xff, 0xb8, 0xc8, 0xc0, 0xff,
    0xb8, 0xc4, 0xc0, 0xff, 0xb8, 0xc0, 0xc0, 0xff, 0xb8, 0xc0, 0xc0, 0xff,
    0xb8, 0xc0, 0xc0, 0xff, 0xb8, 0xc0, 0xc0, 0xff, 0xb0, 0xbc, 0xb8, 0xff,
    0xb8, 0xbc, 0xb8, 0xff, 0xb0, 0xbc, 0xb8, 0xff, 0xb0, 0xbc, 0xb8, 0xff,
    0xb0, 0xbc, 0xb0, 0xff, 0xb0, 0xbc, 0xb8, 0xff, 0xb8, 0xbc, 0xb8, 0xff,
    0xb0, 0xb8, 0xb0, 0xff, 0xb8, 0xbc, 0xb8, 0xff, 0xb8, 0xc0, 0xb8, 0xff,
    0xb0, 0xbc, 0xb8, 0xff, 0xb8, 0xbc, 0xb8, 0xff, 0x68, 0x70, 0x88, 0xff,
    0x18, 0x2c, 0x50, 0xff, 0x18, 0x28, 0x58, 0xff, 0x18, 0x28, 0x60, 0xff,
    0x18, 0x2c, 0x60, 0xff, 0x18, 0x28, 0x60, 0xff, 0x18, 0x28, 0x58, 0xff,
    0x30, 0x3c, 0x70, 0xff, 0x90, 0x94, 0xa8, 0xff, 0xc0, 0xc4, 0xc0, 0xff,
    0xb8, 0xc4, 0xc0, 0xff, 0xc0, 0xc8, 0xc8, 0xff, 0xc0, 0xc8, 0xc8, 0xff,
    0xc0, 0xc8, 0xc0, 0xff, 0xc0, 0xc8, 0xc8, 0xff, 0xc0, 0xc8, 0xc0, 0xff,
    0xb8, 0xc4, 0xc0, 0xff, 0xc0, 0xc4, 0xc0, 0xff, 0xb8, 0xc4, 0xc0, 0xff,
    0xb8, 0xc4, 0xc0, 0xff, 0xc0, 0xc4, 0xc0, 0xff, 0xc0, 0xc4, 0xc0, 0xff,
    0xc0, 0xc4, 0xc0, 0xff, 0xc0, 0xc4, 0xc8, 0xff, 0xc0, 0xc4, 0xc0, 0xff,
    0xc0, 0xc8, 0xc8, 0xff, 0xc0, 0xc8, 0xc0, 0xff, 0xb8, 0xc4, 0xc0, 0xff,
    0xc0, 0xc8, 0xc8, 0xff, 0xc0, 0xc8, 0xc8, 0xff, 0xc0, 0xc8, 0xc8, 0xff,
    0xc0, 0xc8, 0xc8, 0xff, 0xc0, 0xc8, 0xc8, 0xff, 0xc0, 0xc8, 0xc8, 0xff,
    0xc0, 0xc8, 0xc8, 0xff, 0xc0, 0xc8, 0xc8, 0xff, 0xc0, 0xc8, 0xc8, 0xff,
    0xc0, 0xcc, 0xc8, 0xff, 0xc8, 0xcc, 0xc8, 0xff, 0xc0, 0xc8, 0xc8, 0xff,
    0xc0, 0xcc, 0xd0, 0xff, 0xc8, 0xd0, 0xd0, 0xff, 0xc0, 0xcc, 0xd0, 0xff,
    0xc8, 0xd0, 0xd0, 0xff, 0xc8, 0xd0, 0xd0, 0xff, 0xc8, 0xd0, 0xd8, 0xff,
    0xc8, 0xd4, 0xd8, 0xff, 0xc8, 0xd4, 0xd8, 0xff, 0xc8, 0xd4, 0xd0, 0xff,
    0x90, 0x8c, 0xa8, 0xff, 0x40, 0x44, 0x70, 0xff, 0x20, 0x30, 0x50, 0xff,
    0x18, 0x2c, 0x50, 0xff, 0x18, 0x24, 0x50, 0xff, 0x18, 0x28, 0x48, 0xff,
    0x18, 0x28, 0x48, 0x41, 0x28, 0x34, 0xd8, 0xff, 0x28, 0x34, 0xd8, 0xff,
    0x28, 0x30, 0xd0, 0xff, 0x28, 0x34, 0xd0, 0xff, 0x28, 0x30, 0xd0, 0xff,
    0x28, 0x34, 0xd8, 0xff, 0x28, 0x34, 0xd8, 0xff, 0x28, 0x34, 0xd0, 0xff,
    0x28, 0x34, 0xd8, 0xff, 0x28, 0x34, 0xd0, 0xff, 0x28, 0x34, 0xd0, 0xff,
    0x28, 0x34, 0xd8, 0xff, 0x28, 0x34, 0xd8, 0xff, 0x28, 0x34, 0xd8, 0xff,
    0x30, 0x34, 0xd8, 0xff, 0x30, 0x38, 0xd8, 0xff, 0x30, 0x38, 0xd8, 0xff,
    0x30, 0x38, 0xd8, 0xff, 0x30, 0x38, 0xe0, 0xff, 0x30, 0x38, 0xe0, 0xff,
    0x30, 0x38, 0xd8, 0xff, 0x30, 0x38, 0xd8, 0xff, 0x30, 0x38, 0xd8, 0xff,
    0x30, 0x38, 0xd8, 0xff, 0x30, 0x38, 0xd8, 0xff, 0x30, 0x38, 0xd8, 0xff,
    0x30, 0x38, 0xe0, 0xff, 0x30, 0x38, 0xd8, 0xff, 0x30, 0x38, 0xd8, 0xff,
    0x30, 0x38, 0xe0, 0xff, 0x30, 0x38, 0xd8, 0xff, 0x30, 0x38, 0xe0, 0xff,
    0x30, 0x3c, 0xe0, 0xff, 0x38, 0x3c, 0xd8, 0xff, 0x38, 0x40, 0xe0, 0xff,
    0x30, 0x3c, 0xe0, 0xff, 0x30, 0x3c, 0xe0, 0xff, 0x30, 0x3c, 0xe0, 0xff,
    0x38, 0x3c, 0xe0, 0xff, 0x38, 0x40, 0xe0, 0xff, 0x30, 0x3c, 0xe0, 0xff,
    0x30, 0x3c, 0xe0, 0xff, 0x38, 0x40, 0xe8, 0xff, 0x38, 0x40, 0xe0, 0xff,
    0x38, 0x40, 0xe0, 0xff, 0x38, 0x44, 0xe8, 0xff, 0x38, 0x44, 0xe8, 0xff,
    0x38, 0x44, 0xe8, 0xff, 0x38, 0x44, 0xe8, 0xff, 0x38, 0x40, 0xe0, 0xff,
    0x38, 0x44, 0xe8, 0xff, 0x38, 0x44, 0xe8, 0xff, 0x38, 0x44, 0xe8, 0xff,
    0x38, 0x44, 0xe8, 0xff, 0x38, 0x40, 0xe8, 0xff, 0x38, 0x44, 0xe8, 0xff,
    0x38, 0x44, 0xe8, 0xff, 0x38, 0x44, 0xe8, 0xff, 0x38, 0x44, 0xe8, 0xff,
    0x30, 0x3c, 0xe0, 0xff, 0x30, 0x38, 0xe0, 0xff, 0x30, 0x34, 0xd0, 0xff,
    0x28, 0x28, 0xc8, 0xff, 0x20, 0x28, 0x90, 0xff, 0x18, 0x28, 0x60, 0xff,
    0x18, 0x2c, 0x60, 0xff, 0x18, 0x28, 0x70, 0xff, 0x18, 0x2c, 0x70, 0xff,
    0x28, 0x38, 0x70, 0xff, 0x48, 0x58, 0x98, 0xff, 0x40, 0x4c, 0x88, 0xff,
    0x38, 0x48, 0x88, 0xff, 0x40, 0x54, 0x90, 0xff, 0x50, 0x58, 0x98, 0xff,
    0x90, 0x9c, 0xd0, 0xff, 0x50, 0x58, 0x78, 0xff, 0xc0, 0xd0, 0xd0, 0xff,
    0xc8, 0xd4, 0xd8, 0xff, 0xc8, 0xd4, 0xd8, 0xff, 0xc8, 0xd0, 0xd8, 0xff,
    0xc8, 0xd0, 0xd0, 0xff, 0xc8, 0xd4, 0xd0, 0xff, 0xc0, 0xd0, 0xd0, 0xff,
    0xc0, 0xcc, 0xd0, 0xff, 0xc0, 0xcc, 0xd0, 0xff, 0xc0, 0xd0, 0xd0, 0xff,
    0xc0, 0xd0, 0xd0, 0xff, 0xc0, 0xcc, 0xd0, 0xff, 0xc0, 0xcc, 0xd0, 0xff,
    0xc0, 0xcc, 0xc8, 0xff, 0xc0, 0xcc, 0xc8, 0xff, 0xc0, 0xc8, 0xc8, 0xff,
    0xc0, 0xc8, 0xc8, 0xff, 0xc0, 0xc8, 0xc8, 0xff, 0xb8, 0xc8, 0xc8, 0xff,
    0xc0, 0xc8, 0xc8, 0xff, 0xc0, 0xc8, 0xc8, 0xff, 0xb8, 0xc8, 0xc8, 0xff,
    0xb8, 0xc4, 0xc0, 0xff, 0xb8, 0xc4, 0xc0, 0xff, 0xb8, 0xc0, 0xc0, 0xff,
    0xb8, 0xc0, 0xc0, 0xff, 0xb8, 0xc0, 0xb8, 0xff, 0xb0, 0xbc, 0xb8, 0xff,
    0xb0, 0xbc, 0xb8, 0xff, 0xb8, 0xbc, 0xb8, 0xff, 0xb0, 0xbc, 0xb8, 0xff,
    0xb0, 0xbc, 0xb8, 0xff, 0xb0, 0xbc, 0xb0, 0xff, 0xb8, 0xb8, 0xb8, 0xff,
    0xb8, 0xbc, 0xb8, 0xff, 0xb0, 0xb8, 0xb0, 0xff, 0xb0, 0xbc, 0xb8, 0xff,
    0xb0, 0xbc, 0xb8, 0xff, 0xb0, 0xbc, 0xb8, 0xff, 0xb8, 0xbc, 0xb8, 0xff,
    0x68, 0x70, 0x88, 0xff, 0x18, 0x2c, 0x50, 0xff, 0x18, 0x28, 0x58, 0xff,
    0x18, 0x2c, 0x60, 0xff, 0x18, 0x28, 0x60, 0xff, 0x18, 0x2c, 0x60, 0xff,
    0x18, 0x2c, 0x58, 0xff, 0x30, 0x40, 0x70, 0xff, 0x90, 0x94, 0xb0, 0xff,
    0xc0, 0xc4, 0xc0, 0xff, 0xc0, 0xc4, 0xc0, 0xff, 0xc0, 0xc8, 0xc8, 0xff,
    0xc0, 0xc8, 0xc8, 0xff, 0xc0, 0xc8, 0xc8, 0xff, 0xc0, 0xc8, 0xc0, 0xff,
    0xb8, 0xc4, 0xc0, 0xff, 0xb8, 0xc4, 0xc0, 0xff, 0xb8, 0xc4, 0xc0, 0xff,
    0xb8, 0xc4, 0xc0, 0xff, 0xb8, 0xc4, 0xc0, 0xff, 0xc0, 0xc4, 0xc0, 0xff,
    0xb8, 0xc4, 0xc0, 0xff, 0xb8, 0xc4, 0xc0, 0xff, 0xb8, 0xc4, 0xc0, 0xff,
    0xb8, 0xc4, 0xc0, 0xff, 0xc0, 0xc8, 0xc8, 0xff, 0xb8, 0xc4, 0xc0, 0xff,
    0xc0, 0xc8, 0xc0, 0xff, 0xc0, 0xc8, 0xc8, 0xff, 0xb8, 0xc4, 0xc0, 0xff,
    0xc0, 0xc8, 0xc0, 0xff, 0xc0, 0xc8, 0xc8, 0xff, 0xc0, 0xc8, 0xc0, 0xff,
    0xc0, 0xc8, 0xc0, 0xff, 0xc0, 0xc8, 0xc8, 0xff, 0xc0, 0xc8, 0xc8, 0xff,
    0xc0, 0xc8, 0xc8, 0xff, 0xc0, 0xc8, 0xc8, 0xff, 0xc0, 0xcc, 0xc8, 0xff,
    0xc8, 0xcc, 0xc8, 0xff, 0xc0, 0xcc, 0xc8, 0xff, 0xc8, 0xcc, 0xd0, 0xff,
    0xc0, 0xcc, 0xc8, 0xff, 0xc0, 0xd0, 0xd0, 0xff, 0xc8, 0xd0, 0xd0, 0xff,
    0xc8, 0xd4, 0xd0, 0xff, 0xc8, 0xd4, 0xd8, 0xff, 0xc8, 0xd4, 0xd8, 0xff,
    0xc8, 0xd4, 0xd0, 0xff, 0x90, 0x8c, 0xa8, 0xff, 0x40, 0x40, 0x68, 0xff,
    0x28, 0x30, 0x50, 0xff, 0x20, 0x2c, 0x50, 0xff, 0x18, 0x24, 0x50, 0xff,
    0x18, 0x28, 0x48, 0xff, 0x18, 0x28, 0x48, 0x41, 0x28, 0x30, 0xd0, 0xff,
    0x28, 0x34, 0xd0, 0xff, 0x28, 0x30, 0xd0, 0xff, 0x28, 0x34, 0xd0, 0xff,
    0x28, 0x34, 0xd0, 0xff, 0x28, 0x34, 0xd0, 0xff, 0x28, 0x34, 0xd0, 0xff,
    0x28, 0x34, 0xd8, 0xff, 0x30, 0x34, 0xd8, 0xff, 0x28, 0x34, 0xd8, 0xff,
    0x28, 0x34, 0xd8, 0xff, 0x30, 0x34, 0xd8, 0xff, 0x28, 0x34, 0xd0, 0xff,
    0x28, 0x34, 0xd8, 0xff, 0x30, 0x38, 0xd8, 0xff, 0x30, 0x38, 0xd8, 0xff,
    0x30, 0x38, 0xd8, 0xff, 0x30, 0x38, 0xd8, 0xff, 0x30, 0x38, 0xd8, 0xff,
    0x30, 0x38, 0xe0, 0xff, 0x30, 0x38, 0xd8, 0xff, 0x30, 0x38, 0xd8, 0xff,
    0x30, 0x38, 0xe0, 0xff, 0x30, 0x38, 0xd8, 0xff, 0x30, 0x3c, 0xe0, 0xff,
    0x30, 0x34, 0xd8, 0xff, 0x30, 0x38, 0xd8, 0xff, 0x30, 0x3c, 0xe0, 0xff,
    0x30, 0x38, 0xe0, 0xff, 0x30, 0x38, 0xd8, 0xff, 0x30, 0x38, 0xd8, 0xff,
    0x30, 0x38, 0xd8, 0xff, 0x30, 0x3c, 0xe0, 0xff, 0x30, 0x38, 0xd8, 0xff,
    0x38, 0x3c, 0xe0, 0xff, 0x30, 0x3c, 0xe0, 0xff, 0x38, 0x3c, 0xe0, 0xff,
    0x30, 0x3c, 0xe0, 0xff, 0x30, 0x40, 0xe0, 0xff, 0x38, 0x40, 0xe0, 0xff,
    0x30, 0x40, 0xe0, 0xff, 0x30, 0x3c, 0xe0, 0xff, 0x30, 0x3c, 0xe8, 0xff,
    0x30, 0x40, 0xe0, 0xff, 0x38, 0x40, 0xe8, 0xff, 0x38, 0x40, 0xe8, 0xff,
    0x38, 0x44, 0xe8, 0xff, 0x38, 0x40, 0xe0, 0xff, 0x38, 0x40, 0xe0, 0xff,
    0x38, 0x40, 0xe0, 0xff, 0x38, 0x40, 0xe0, 0xff, 0x38, 0x40, 0xe8, 0xff,
    0x38, 0x44, 0xe8, 0xff, 0x38, 0x44, 0xe8, 0xff, 0x38, 0x44, 0xe8, 0xff,
    0x38, 0x44, 0xe8, 0xff, 0x38, 0x44, 0xe8, 0xff, 0x38, 0x44, 0xe8, 0xff,
    0x38, 0x44, 0xe8, 0xff, 0x38, 0x3c, 0xe0, 0xff, 0x30, 0x38, 0xd8, 0xff,
    0x28, 0x30, 0xd8, 0xff, 0x28, 0x2c, 0xc8, 0xff, 0x20, 0x28, 0x90, 0xff,
    0x18, 0x28, 0x60, 0xff, 0x18, 0x28, 0x60, 0xff, 0x18, 0x2c, 0x70, 0xff,
    0x18, 0x2c, 0x70, 0xff, 0x28, 0x34, 0x70, 0xff, 0x48, 0x58, 0x98, 0xff,
    0x38, 0x4c, 0x88, 0xff, 0x38, 0x48, 0x88, 0xff, 0x40, 0x50, 0x90, 0xff,
    0x48, 0x5c, 0x98, 0xff, 0x90, 0x98, 0xd0, 0xff, 0x58, 0x5c, 0x78, 0xff,
    0xc0, 0xcc, 0xd0, 0xff, 0xc8, 0xd4, 0xd8, 0xff, 0xc8, 0xd4, 0xd8, 0xff,
    0xc8, 0xd4, 0xd8, 0xff, 0xc8, 0xd4, 0xd8, 0xff, 0xc8, 0xd0, 0xd8, 0xff,
    0xc0, 0xd0, 0xd0, 0xff, 0xc0, 0xd0, 0xd0, 0xff, 0xc0, 0xd0, 0xd0, 0xff,
    0xc8, 0xd0, 0xd0, 0xff, 0xc0, 0xcc, 0xd0, 0xff, 0xc0, 0xcc, 0xd0, 0xff,
    0xc0, 0xc8, 0xc8, 0xff, 0xc0, 0xc8, 0xc8, 0xff, 0xc0, 0xc8, 0xc8, 0xff,
    0xc0, 0xc8, 0xc8, 0xff, 0xb8, 0xc8, 0xc8, 0xff, 0xc0, 0xc8, 0xc8, 0xff,
    0xb8, 0xc4, 0xc8, 0xff, 0xb8, 0xc8, 0xc0, 0xff, 0xc0, 0xc8, 0xc8, 0xff,
    0xc0, 0xc8, 0xc8, 0xff, 0xb8, 0xc4, 0xc0, 0xff, 0xb8, 0xc4, 0xc0, 0xff,
    0xb8, 0xc0, 0xb8, 0xff, 0xb8, 0xc0, 0xb8, 0xff, 0xb8, 0xbc, 0xb8, 0xff,
    0xb0, 0xbc, 0xb8, 0xff, 0xb8, 0xbc, 0xb8, 0xff, 0xb8, 0xbc, 0xb8, 0xff,
    0xb0, 0xbc, 0xb8, 0xff, 0xb8, 0xbc, 0xb8, 0xff, 0xb0, 0xb8, 0xb8, 0xff,
    0xb0, 0xb8, 0xb8, 0xff, 0xb0, 0xbc, 0xb8, 0xff, 0xb8, 0xbc, 0xb8, 0xff,
    0xb0, 0xbc, 0xb8, 0xff, 0xb0, 0xbc, 0xb8, 0xff, 0xb0, 0xbc, 0xb8, 0xff,
    0xb8, 0xbc, 0xb8, 0xff, 0x68, 0x6c, 0x88, 0xff, 0x18, 0x28, 0x50, 0xff,
    0x18, 0x28, 0x58, 0xff, 0x18, 0x28, 0x60, 0xff, 0x18, 0x28, 0x60, 0xff,
    0x18, 0x28, 0x60, 0xff, 0x20, 0x2c, 0x58, 0xff, 0x30, 0x40, 0x70, 0xff,
    0x98, 0x98, 0xb0, 0xff, 0xb8, 0xc4, 0xc0, 0xff, 0xb8, 0xc4, 0xc0, 0xff,
    0xb8, 0xc4, 0xc0, 0xff, 0xb8, 0xc4, 0xc0, 0xff, 0xb8, 0xc4, 0xc0, 0xff,
    0xb8, 0xc4, 0xc0, 0xff, 0xb8, 0xc4, 0xc0, 0xff, 0xb8, 0xc0, 0xc0, 0xff,
    0xb8, 0xc0, 0xc0, 0xff, 0xb8, 0xc0, 0xc0, 0xff, 0xb8, 0xc0, 0xc0, 0xff,
    0xb8, 0xc0, 0xc0, 0xff, 0xb8, 0xc0, 0xc0, 0xff, 0xb8, 0xc0, 0xc0, 0xff,
    0xb8, 0xc4, 0xc0, 0xff, 0xb8, 0xc4, 0xc0, 0xff, 0xc0, 0xc4, 0xc0, 0xff,
    0xb8, 0xc4, 0xc0, 0xff, 0xb8, 0xc4, 0xc0, 0xff, 0xb8, 0xc4, 0xc0, 0xff,
    0xc0, 0xc4, 0xc0, 0xff, 0xb8, 0xc4, 0xc0, 0xff, 0xb8, 0xc4, 0xc0, 0xff,
    0xc0, 0xc4, 0xc0, 0xff, 0xc0, 0xc8, 0xc0, 0xff, 0xc0, 0xc8, 0xc8, 0xff,
    0xc0, 0xc8, 0xc0, 0xff, 0xc0, 0xc8, 0xc8, 0xff, 0xc0, 0xc8, 0xc8, 0xff,
    0xc0, 0xc8, 0xc8, 0xff, 0xc0, 0xcc, 0xc8, 0xff, 0xc8, 0xcc, 0xc8, 0xff,
    0xc8, 0xcc, 0xc8, 0xff, 0xc0, 0xd0, 0xc8, 0xff, 0xc8, 0xd0, 0xd0, 0xff,
    0xc8, 0xd0, 0xd0, 0xff, 0xc8, 0xd0, 0xd0, 0xff, 0xc8, 0xd0, 0xd0, 0xff,
    0xc8, 0xd0, 0xd8, 0xff, 0xc8, 0xd4, 0xd8, 0xff, 0x98, 0x90, 0xb0, 0xff,
    0x40, 0x44, 0x68, 0xff, 0x20, 0x30, 0x50, 0xff, 0x20, 0x2c, 0x50, 0xff,
    0x18, 0x24, 0x48, 0xff, 0x10, 0x24, 0x48, 0xff, 0x18, 0x24, 0x48, 0x41,
    0x20, 0x30, 0xc8, 0xff, 0x28, 0x30, 0xd0, 0xff, 0x28, 0x30, 0xd0, 0xff,
    0x20, 0x30, 0xd0, 0xff, 0x28, 0x30, 0xd0, 0xff, 0x28, 0x34, 0xd0, 0xff,
    0x28, 0x30, 0xd0, 0xff, 0x30, 0x34, 0xd8, 0xff, 0x28, 0x34, 0xd8, 0xff,
    0x30, 0x34, 0xd8, 0xff, 0x28, 0x34, 0xd8, 0xff, 0x30, 0x38, 0xd8, 0xff,
    0x28, 0x34, 0xd0, 0xff, 0x30, 0x38, 0xd8, 0xff, 0x28, 0x38, 0xd8, 0xff,
    0x28, 0x38, 0xd8, 0xff, 0x28, 0x34, 0xd8, 0xff, 0x30, 0x38, 0xd8, 0xff,
    0x28, 0x38, 0xd8, 0xff, 0x28, 0x34, 0xd8, 0xff, 0x28, 0x34, 0xd8, 0xff,
    0x30, 0x38, 0xd8, 0xff, 0x30, 0x38, 0xe0, 0xff, 0x28, 0x38, 0xd8, 0xff,
    0x30, 0x38, 0xe0, 0xff, 0x28, 0x34, 0xd8, 0xff, 0x30, 0x38, 0xd8, 0xff,
    0x30, 0x38, 0xd8, 0xff, 0x30, 0x38, 0xe0, 0xff, 0x28, 0x38, 0xd8, 0xff,
    0x30, 0x38, 0xd8, 0xff, 0x30, 0x38, 0xe0, 0xff, 0x30, 0x3c, 0xe0, 0xff,
    0x30, 0x38, 0xd8, 0xff, 0x30, 0x3c, 0xe0, 0xff, 0x30, 0x3c, 0xe0, 0xff,
    0x30, 0x3c, 0xe0, 0xff, 0x30, 0x3c, 0xe0, 0xff, 0x38, 0x3c, 0xe0, 0xff,
    0x38, 0x40, 0xe0, 0xff, 0x30, 0x3c, 0xe0, 0xff, 0x38, 0x3c, 0xe0, 0xff,
    0x30, 0x3c, 0xe0, 0xff, 0x30, 0x3c, 0xe0, 0xff, 0x38, 0x40, 0xe0, 0xff,
    0x30, 0x3c, 0xe0, 0xff, 0x30, 0x3c, 0xe0, 0xff, 0x38, 0x40, 0xe8, 0xff,
    0x38, 0x40, 0xe8, 0xff, 0x30, 0x40, 0xe8, 0xff, 0x38, 0x40, 0xe0, 0xff,
    0x38, 0x40, 0xe8, 0xff, 0x38, 0x40, 0xe0, 0xff, 0x38, 0x40, 0xe8, 0xff,
    0x38, 0x44, 0xe8, 0xff, 0x38, 0x44, 0xe8, 0xff, 0x38, 0x44, 0xe8, 0xff,
    0x38, 0x44, 0xe8, 0xff, 0x38, 0x40, 0xe8, 0xff, 0x38, 0x3c, 0xe0, 0xff,
    0x30, 0x38, 0xd8, 0xff, 0x28, 0x30, 0xd8, 0xff, 0x28, 0x28, 0xc8, 0xff,
    0x20, 0x28, 0x90, 0xff, 0x18, 0x28, 0x60, 0xff, 0x18, 0x28, 0x60, 0xff,
    0x20, 0x2c, 0x68, 0xff, 0x18, 0x2c, 0x70, 0xff, 0x20, 0x34, 0x70, 0xff,
    0x48, 0x58, 0x98, 0xff, 0x38, 0x48, 0x80, 0xff, 0x38, 0x4c, 0x88, 0xff,
    0x38, 0x4c, 0x88, 0xff, 0x48, 0x54, 0x98, 0xff, 0x90, 0x98, 0xd0, 0xff,
    0x58, 0x5c, 0x78, 0xff, 0xc0, 0xd0, 0xd0, 0xff, 0xc8, 0xd4, 0xd8, 0xff,
    0xc8, 0xd4, 0xd8, 0xff, 0xc8, 0xd4, 0xd8, 0xff, 0xc8, 0xd4, 0xd8, 0xff,
    0xc0, 0xd0, 0xd0, 0xff, 0xc0, 0xcc, 0xd0, 0xff, 0xc0, 0xd0, 0xd0, 0xff,
    0xc0, 0xd0, 0xd0, 0xff, 0xc0, 0xcc, 0xd0, 0xff, 0xc0, 0xcc, 0xd0, 0xff,
    0xc0, 0xcc, 0xd0, 0xff, 0xc0, 0xc8, 0xc8, 0xff, 0xc0, 0xc8, 0xc8, 0xff,
    0xc0, 0xc8, 0xc8, 0xff, 0xb8, 0xc4, 0xc8, 0xff, 0xb8, 0xc4, 0xc8, 0xff,
    0xb8, 0xc4, 0xc8, 0xff, 0xb8, 0xc4, 0xc0, 0xff, 0xb8, 0xc4, 0xc0, 0xff,
    0xc0, 0xc8, 0xc0, 0xff, 0xb8, 0xc8, 0xc8, 0xff, 0xb8, 0xc4, 0xc0, 0xff,
    0xb8, 0xc0, 0xc0, 0xff, 0xb8, 0xc0, 0xc0, 0xff, 0xb8, 0xc0, 0xc0, 0xff,
    0xb0, 0xbc, 0xb8, 0xff, 0xb8, 0xbc, 0xb8, 0xff, 0xb8, 0xbc, 0xb8, 0xff,
    0xb0, 0xbc, 0xb8, 0xff, 0xb8, 0xbc, 0xb8, 0xff, 0xb8, 0xbc, 0xb8, 0xff,
    0xb0, 0xbc, 0xb8, 0xff, 0xb0, 0xbc, 0xb8, 0xff, 0xb0, 0xb8, 0xb8, 0xff,
    0xb8, 0xbc, 0xb8, 0xff, 0xb8, 0xbc, 0xb0, 0xff, 0xb0, 0xbc, 0xb8, 0xff,
    0xb0, 0xbc, 0xb8, 0xff, 0xb0, 0xbc, 0xb8, 0xff, 0x68, 0x6c, 0x88, 0xff,
    0x20, 0x28, 0x50, 0xff, 0x18, 0x28, 0x58, 0xff, 0x18, 0x28, 0x58, 0xff,
    0x18, 0x28, 0x60, 0xff, 0x18, 0x2c, 0x60, 0xff, 0x20, 0x2c, 0x58, 0xff,
    0x38, 0x44, 0x70, 0xff, 0x98, 0x9c, 0xb0, 0xff, 0xb8, 0xc0, 0xc0, 0xff,
    0xb8, 0xc0, 0xc0, 0xff, 0xb8, 0xc0, 0xc0, 0xff, 0xb8, 0xc0, 0xc0, 0xff,
    0xb8, 0xc4, 0xc0, 0xff, 0xb8, 0xc0, 0xc0, 0xff, 0xb8, 0xc0, 0xc0, 0xff,
    0xb8, 0xc0, 0xc0, 0xff, 0xb8, 0xc0, 0xb8, 0xff, 0xb8, 0xbc, 0xb8, 0xff,
    0xb8, 0xc0, 0xc0, 0xff, 0xb8, 0xc0, 0xc0, 0xff, 0xc0, 0xc0, 0xc0, 0xff,
    0xb8, 0xc0, 0xc0, 0xff, 0xb8, 0xc4, 0xc0, 0xff, 0xb8, 0xc4, 0xc0, 0xff,
    0xc0, 0xc4, 0xc0, 0xff, 0xb8, 0xc4, 0xc0, 0xff, 0xc0, 0xc4, 0xc8, 0xff,
    0xb8, 0xc4, 0xc0, 0xff, 0xb8, 0xc4, 0xc0, 0xff, 0xc0, 0xc4, 0xc0, 0xff,
    0xb8, 0xc4, 0xc0, 0xff, 0xb8, 0xc4, 0xc0, 0xff, 0xb8, 0xc4, 0xc0, 0xff,
    0xc0, 0xc8, 0xc8, 0xff, 0xc0, 0xc8, 0xc8, 0xff, 0xc0, 0xcc, 0xc8, 0xff,
    0xc0, 0xc8, 0xc8, 0xff, 0xc0, 0xc8, 0xc8, 0xff, 0xc0, 0xc8, 0xc8, 0xff,
    0xc0, 0xc8, 0xc8, 0xff, 0xc0, 0xcc, 0xc8, 0xff, 0xc0, 0xcc, 0xc8, 0xff,
    0xc0, 0xcc, 0xd0, 0xff, 0xc8, 0xd0, 0xd0, 0xff, 0xc8, 0xd0, 0xd0, 0xff,
    0xc8, 0xd0, 0xd0, 0xff, 0xc8, 0xd0, 0xd0, 0xff, 0xc8, 0xd0, 0xd0, 0xff,
    0x98, 0x90, 0xb0, 0xff, 0x40, 0x44, 0x68, 0xff, 0x28, 0x34, 0x50, 0xff,
    0x18, 0x2c, 0x50, 0xff, 0x18, 0x24, 0x48, 0xff, 0x18, 0x24, 0x48, 0xff,
    0x18, 0x24, 0x48, 0x41, 0x28, 0x30, 0xd0, 0xff, 0x28, 0x34, 0xd0, 0xff,
    0x28, 0x34, 0xd0, 0xff, 0x28, 0x30, 0xd0, 0xff, 0x28, 0x34, 0xd0, 0xff,
    0x28, 0x34, 0xd0, 0xff, 0x28, 0x34, 0xd0, 0xff, 0x28, 0x34, 0xd0, 0xff,
    0x28, 0x34, 0xd0, 0xff, 0x28, 0x34, 0xd0, 0xff, 0x28, 0x34, 0xd8, 0xff,
    0x30, 0x38, 0xd8, 0xff, 0x28, 0x34, 0xd0, 0xff, 0x30, 0x34, 0xd8, 0xff,
    0x30, 0x38, 0xd8, 0xff, 0x30, 0x38, 0xd8, 0xff, 0x30, 0x38, 0xd8, 0xff,
    0x30, 0x38, 0xe0, 0xff, 0x30, 0x38, 0xe0, 0xff, 0x30, 0x34, 0xd8, 0xff,
    0x30, 0x38, 0xd8, 0xff, 0x30, 0x38, 0xd8, 0xff, 0x30, 0x38, 0xe0, 0xff,
    0x30, 0x3c, 0xe0, 0xff, 0x30, 0x3c, 0xe0, 0xff, 0x30, 0x38, 0xd8, 0xff,
    0x30, 0x38, 0xd8, 0xff, 0x30, 0x38, 0xe0, 0xff, 0x30, 0x38, 0xe0, 0xff,
    0x30, 0x38, 0xd8, 0xff, 0x30, 0x38, 0xd8, 0xff, 0x30, 0x38, 0xe0, 0xff,
    0x30, 0x3c, 0xe0, 0xff, 0x30, 0x38, 0xd8, 0xff, 0x30, 0x3c, 0xe0, 0xff,
    0x38, 0x3c, 0xe0, 0xff, 0x38, 0x3c, 0xe0, 0xff, 0x30, 0x3c, 0xe0, 0xff,
    0x38, 0x3c, 0xe0, 0xff, 0x38, 0x40, 0xe0, 0xff, 0x38, 0x40, 0xe0, 0xff,
    0x38, 0x40, 0xe8, 0xff, 0x38, 0x3c, 0xe0, 0xff, 0x38, 0x40, 0xe0, 0xff,
    0x30, 0x40, 0xe0, 0xff, 0x38, 0x40, 0xe8, 0xff, 0x38, 0x40, 0xe0, 0xff,
    0x38, 0x40, 0xe0, 0xff, 0x30, 0x3c, 0xe0, 0xff, 0x30, 0x40, 0xe0, 0xff,
    0x38, 0x40, 0xe0, 0xff, 0x38, 0x40, 0xe8, 0xff, 0x38, 0x40, 0xe0, 0xff,
    0x38, 0x44, 0xe8, 0xff, 0x38, 0x44, 0xe8, 0xff, 0x40, 0x44, 0xe8, 0xff,
    0x38, 0x44, 0xe8, 0xff, 0x38, 0x40, 0xe8, 0xff, 0x38, 0x44, 0xe8, 0xff,
    0x38, 0x40, 0xe0, 0xff, 0x30, 0x38, 0xe0, 0xff, 0x28, 0x30, 0xd0, 0xff,
    0x28, 0x28, 0xc8, 0xff, 0x18, 0x28, 0x88, 0xff, 0x18, 0x28, 0x60, 0xff,
    0x18, 0x28, 0x60, 0xff, 0x18, 0x28, 0x68, 0xff, 0x18, 0x2c, 0x70, 0xff,
    0x28, 0x34, 0x70, 0xff, 0x48, 0x54, 0x90, 0xff, 0x38, 0x48, 0x80, 0xff,
    0x38, 0x44, 0x80, 0xff, 0x38, 0x48, 0x80, 0xff, 0x48, 0x54, 0x98, 0xff,
    0x90, 0x9c, 0xc8, 0xff, 0x58, 0x60, 0x78, 0xff, 0xc0, 0xcc, 0xd0, 0xff,
    0xc8, 0xd0, 0xd8, 0xff, 0xc0, 0xd0, 0xd0, 0xff, 0xc8, 0xd4, 0xd0, 0xff,
    0xc8, 0xd0, 0xd0, 0xff, 0xc0, 0xd0, 0xd8, 0xff, 0xc8, 0xd0, 0xd0, 0xff,
    0xc0, 0xcc, 0xd0, 0xff, 0xc0, 0xcc, 0xd0, 0xff, 0xc8, 0xd0, 0xd0, 0xff,
    0xc0, 0xcc, 0xd0, 0xff, 0xc0, 0xcc, 0xc8, 0xff, 0xc0, 0xc8, 0xc8, 0xff,
    0xc0, 0xc8, 0xc8, 0xff, 0xc0, 0xc8, 0xc8, 0xff, 0xb8, 0xc4, 0xc8, 0xff,
    0xc0, 0xc8, 0xc8, 0xff, 0xc0, 0xc4, 0xc8, 0xff, 0xb8, 0xc4, 0xc0, 0xff,
    0xb8, 0xc4, 0xc8, 0xff, 0xb8, 0xc4, 0xc0, 0xff, 0xb8, 0xc4, 0xc0, 0xff,
    0xb8, 0xc4, 0xc0, 0xff, 0xb8, 0xc0, 0xc0, 0xff, 0xb8, 0xc0, 0xc0, 0xff,
    0xb8, 0xc0, 0xc0, 0xff, 0xb0, 0xbc, 0xc0, 0xff, 0xb0, 0xbc, 0xb8, 0xff,
    0xb0, 0xbc, 0xb8, 0xff, 0xb0, 0xbc, 0xb8, 0xff, 0xb0, 0xbc, 0xb8, 0xff,
    0xb8, 0xb8, 0xb8, 0xff, 0xb0, 0xbc, 0xb8, 0xff, 0xb8, 0xbc, 0xb8, 0xff,
    0xb8, 0xbc, 0xb8, 0xff, 0xb0, 0xb8, 0xb0, 0xff, 0xb0, 0xb8, 0xb8, 0xff,
    0xb0, 0xb8, 0xb0, 0xff, 0xb8, 0xb8, 0xb0, 0xff, 0xb0, 0xb8, 0xb0, 0xff,
    0x68, 0x6c, 0x88, 0xff, 0x18, 0x28, 0x50, 0xff, 0x18, 0x28, 0x58, 0xff,
    0x18, 0x28, 0x58, 0xff, 0x18, 0x28, 0x60, 0xff, 0x18, 0x28, 0x60, 0xff,
    0x18, 0x28, 0x58, 0xff, 0x30, 0x44, 0x70, 0xff, 0x90, 0x98, 0xb0, 0xff,
    0xb8, 0xc0, 0xc0, 0xff, 0xb8, 0xc4, 0xc0, 0xff, 0xc0, 0xc4, 0xc0, 0xff,
    0xb8, 0xc4, 0xc0, 0xff, 0xb8, 0xc4, 0xc0, 0xff, 0xc0, 0xc0, 0xc0, 0xff,
    0xb8, 0xc0, 0xb8, 0xff, 0xb8, 0xbc, 0xb8, 0xff, 0xb8, 0xbc, 0xb8, 0xff,
    0xb8, 0xbc, 0xb8, 0xff, 0xb8, 0xc0, 0xb8, 0xff, 0xb8, 0xbc, 0xb8, 0xff,
    0xb8, 0xc0, 0xb8, 0xff, 0xb8, 0xc0, 0xb8, 0xff, 0xb8, 0xc0, 0xc0, 0xff,
    0xb8, 0xc0, 0xc0, 0xff, 0xb8, 0xc4, 0xc0, 0xff, 0xc0, 0xc4, 0xc0, 0xff,
    0xc0, 0xc8, 0xc8, 0xff, 0xc0, 0xc8, 0xc0, 0xff, 0xc0, 0xc4, 0xc0, 0xff,
    0xc0, 0xc4, 0xc8, 0xff, 0xc0, 0xc4, 0xc0, 0xff, 0xc0, 0xc4, 0xc8, 0xff,
    0xc0, 0xc8, 0xc8, 0xff, 0xc0, 0xc8, 0xc8, 0xff, 0xc0, 0xc8, 0xc0, 0xff,
    0xc0, 0xcc, 0xc8, 0xff, 0xc0, 0xc8, 0xc8, 0xff, 0xc0, 0xcc, 0xc8, 0xff,
    0xc8, 0xcc, 0xc8, 0xff, 0xc0, 0xc8, 0xc8, 0xff, 0xc0, 0xc8, 0xc8, 0xff,
    0xc8, 0xcc, 0xd0, 0xff, 0xc0, 0xcc, 0xc8, 0xff, 0xc8, 0xd0, 0xd0, 0xff,
    0xc0, 0xd0, 0xd0, 0xff, 0xc8, 0xd0, 0xd0, 0xff, 0xc8, 0xd4, 0xd0, 0xff,
    0xc8, 0xd0, 0xd0, 0xff, 0x98, 0x90, 0xb0, 0xff, 0x40, 0x44, 0x70, 0xff,
    0x28, 0x34, 0x58, 0xff, 0x20, 0x2c, 0x50, 0xff, 0x18, 0x24, 0x48, 0xff,
    0x10, 0x24, 0x48, 0xff, 0x18, 0x24, 0x48, 0x41, 0x20, 0x30, 0xc8, 0xff,
    0x28, 0x30, 0xd0, 0xff, 0x28, 0x34, 0xd8, 0xff, 0x28, 0x30, 0xd0, 0xff,
    0x28, 0x30, 0xd0, 0xff, 0x28, 0x34, 0xd0, 0xff, 0x28, 0x34, 0xd0, 0xff,
    0x28, 0x34, 0xd0, 0xff, 0x30, 0x38, 0xd0, 0xff, 0x28, 0x38, 0xd8, 0xff,
    0x30, 0x34, 0xd8, 0xff, 0x28, 0x34, 0xd8, 0xff, 0x28, 0x34, 0xd8, 0xff,
    0x30, 0x38, 0xd8, 0xff, 0x30, 0x38, 0xd8, 0xff, 0x30, 0x38, 0xd8, 0xff,
    0x30, 0x38, 0xd8, 0xff, 0x30, 0x3c, 0xe0, 0xff, 0x30, 0x38, 0xe0, 0xff,
    0x30, 0x3c, 0xe0, 0xff, 0x30, 0x38, 0xd8, 0xff, 0x30, 0x38, 0xd8, 0xff,
    0x30, 0x38, 0xe0, 0xff, 0x30, 0x3c, 0xe0, 0xff, 0x30, 0x38, 0xd8, 0xff,
    0x30, 0x38, 0xe0, 0xff, 0x30, 0x38, 0xe0, 0xff, 0x30, 0x38, 0xd8, 0xff,
    0x30, 0x3c, 0xe0, 0xff, 0x30, 0x38, 0xe0, 0xff, 0x30, 0x38, 0xd8, 0xff,
    0x30, 0x38, 0xd8, 0xff, 0x30, 0x3c, 0xe0, 0xff, 0x30, 0x38, 0xe0, 0xff,
    0x30, 0x38, 0xd8, 0xff, 0x30, 0x38, 0xd8, 0xff, 0x30, 0x3c, 0xe0, 0xff,
    0x30, 0x3c, 0xe0, 0xff, 0x30, 0x3c, 0xe0, 0xff, 0x38, 0x3c, 0xe0, 0xff,
    0x38, 0x40, 0xe0, 0xff, 0x30, 0x3c, 0xe0, 0xff, 0x38, 0x40, 0xe8, 0xff,
    0x38, 0x3c, 0xe0, 0xff, 0x30, 0x3c, 0xe0, 0xff, 0x38, 0x40, 0xe8, 0xff,
    0x38, 0x40, 0xe0, 0xff, 0x38, 0x40, 0xe0, 0xff, 0x38, 0x40, 0xe8, 0xff,
    0x38, 0x40, 0xe8, 0xff, 0x38, 0x40, 0xe8, 0xff, 0x38, 0x40, 0xe8, 0xff,
    0x38, 0x44, 0xe8, 0xff, 0x38, 0x40, 0xe0, 0xff, 0x38, 0x40, 0xe8, 0xff,
    0x38, 0x44, 0xe8, 0xff, 0x38, 0x44, 0xe8, 0xff, 0x38, 0x44, 0xe8, 0xff,
    0x38, 0x44, 0xe8, 0xff, 0x38, 0x3c, 0xe0, 0xff, 0x30, 0x38, 0xd8, 0xff,
    0x28, 0x30, 0xd8, 0xff, 0x28, 0x28, 0xc8, 0xff, 0x18, 0x24, 0x88, 0xff,
    0x18, 0x2c, 0x60, 0xff, 0x18, 0x28, 0x60, 0xff, 0x18, 0x2c, 0x68, 0xff,
    0x18, 0x2c, 0x70, 0xff, 0x28, 0x34, 0x70, 0xff, 0x40, 0x50, 0x90, 0xff,
    0x30, 0x48, 0x78, 0xff, 0x38, 0x48, 0x80, 0xff, 0x38, 0x48, 0x80, 0xff,
    0x48, 0x54, 0x90, 0xff, 0x90, 0x98, 0xc8, 0xff, 0x58, 0x5c, 0x78, 0xff,
    0xc0, 0xcc, 0xd0, 0xff, 0xc0, 0xd0, 0xd8, 0xff, 0xc8, 0xd0, 0xd0, 0xff,
    0xc0, 0xd0, 0xd0, 0xff, 0xc0, 0xd0, 0xd8, 0xff, 0xc0, 0xd0, 0xd0, 0xff,
    0xc0, 0xd0, 0xd0, 0xff, 0xc0, 0xcc, 0xd0, 0xff, 0xc0, 0xd0, 0xd0, 0xff,
    0xc8, 0xcc, 0xd0, 0xff, 0xc0, 0xcc, 0xc8, 0xff, 0xc0, 0xcc, 0xc8, 0xff,
    0xc0, 0xc8, 0xc8, 0xff, 0xc0, 0xc8, 0xc8, 0xff, 0xc0, 0xc8, 0xc8, 0xff,
    0xb8, 0xc4, 0xc8, 0xff, 0xc0, 0xc8, 0xc8, 0xff, 0xb8, 0xc4, 0xc0, 0xff,
    0xb8, 0xc4, 0xc0, 0xff, 0xc0, 0xc4, 0xc8, 0xff, 0xc0, 0xc4, 0xc8, 0xff,
    0xb8, 0xc4, 0xc0, 0xff, 0xb8, 0xc4, 0xc0, 0xff, 0xb8, 0xc0, 0xc0, 0xff,
    0xb8, 0xc0, 0xb8, 0xff, 0xb8, 0xc0, 0xb8, 0xff, 0xb8, 0xbc, 0xb8, 0xff,
    0xb0, 0xbc, 0xb8, 0xff, 0xb8, 0xc0, 0xb8, 0xff, 0xb8, 0xbc, 0xb8, 0xff,
    0xb0, 0xb8, 0xb8, 0xff, 0xb0, 0xb8, 0xb8, 0xff, 0xb0, 0xb8, 0xb8, 0xff,
    0xb8, 0xbc, 0xb8, 0xff, 0xb0, 0xbc, 0xb8, 0xff, 0xb0, 0xb8, 0xb8, 0xff,
    0xb0, 0xb8, 0xb0, 0xff, 0xb0, 0xb8, 0xb0, 0xff, 0xb0, 0xb8, 0xb8, 0xff,
    0xb8, 0xbc, 0xb0, 0xff, 0x68, 0x6c, 0x88, 0xff, 0x18, 0x28, 0x50, 0xff,
    0x18, 0x28, 0x58, 0xff, 0x18, 0x28, 0x58, 0xff, 0x18, 0x28, 0x58, 0xff,
    0x18, 0x28, 0x68, 0xff, 0x18, 0x28, 0x58, 0xff, 0x38, 0x44, 0x70, 0xff,
    0x98, 0x9c, 0xb0, 0xff, 0xb8, 0xc0, 0xc0, 0xff, 0xb8, 0xc0, 0xb8, 0xff,
    0xb8, 0xc0, 0xc0, 0xff, 0xb8, 0xc0, 0xc0, 0xff, 0xb8, 0xc0, 0xb8, 0xff,
    0xb8, 0xc0, 0xc0, 0xff, 0xb8, 0xbc, 0xb8, 0xff, 0xb8, 0xbc, 0xb8, 0xff,
    0xb8, 0xc0, 0xc0, 0xff, 0xb8, 0xbc, 0xc0, 0xff, 0xb8, 0xbc, 0xb8, 0xff,
    0xb8, 0xbc, 0xb8, 0xff, 0xb8, 0xc0, 0xc0, 0xff, 0xb8, 0xc0, 0xb8, 0xff,
    0xb8, 0xc0, 0xc0, 0xff, 0xb8, 0xc0, 0xc0, 0xff, 0xb8, 0xc4, 0xc0, 0xff,
    0xc0, 0xc4, 0xc0, 0xff, 0xc0, 0xc4, 0xc0, 0xff, 0xc0, 0xc8, 0xc8, 0xff,
    0xc0, 0xc4, 0xc0, 0xff, 0xc0, 0xc4, 0xc0, 0xff, 0xc0, 0xc8, 0xc0, 0xff,
    0xc0, 0xc4, 0xc0, 0xff, 0xb8, 0xc8, 0xc0, 0xff, 0xc0, 0xc8, 0xc8, 0xff,
    0xc0, 0xc8, 0xc8, 0xff, 0xc0, 0xcc, 0xc8, 0xff, 0xc0, 0xcc, 0xc8, 0xff,
    0xc8, 0xcc, 0xc8, 0xff, 0xc8, 0xcc, 0xd0, 0xff, 0xc0, 0xcc, 0xc8, 0xff,
    0xc0, 0xcc, 0xc8, 0xff, 0xc8, 0xcc, 0xd0, 0xff, 0xc8, 0xcc, 0xc8, 0xff,
    0xc0, 0xd0, 0xd0, 0xff, 0xc8, 0xd0, 0xd0, 0xff, 0xc8, 0xd0, 0xd0, 0xff,
    0xc8, 0xd0, 0xd8, 0xff, 0xc8, 0xd4, 0xd8, 0xff, 0x98, 0x94, 0xb0, 0xff,
    0x40, 0x44, 0x70, 0xff, 0x28, 0x34, 0x58, 0xff, 0x20, 0x2c, 0x50, 0xff,
    0x18, 0x24, 0x48, 0xff, 0x10, 0x24, 0x50, 0xff, 0x10, 0x24, 0x50, 0x41,
    0x20, 0x2c, 0xc8, 0xff, 0x28, 0x34, 0xd0, 0xff, 0x28, 0x34, 0xd0, 0xff,
    0x20, 0x30, 0xd0, 0xff, 0x28, 0x30, 0xd0, 0xff, 0x28, 0x34, 0xd0, 0xff,
    0x28, 0x34, 0xd8, 0xff, 0x28, 0x34, 0xd0, 0xff, 0x30, 0x38, 0xd8, 0xff,
    0x30, 0x34, 0xd8, 0xff, 0x28, 0x34, 0xd8, 0xff, 0x28, 0x34, 0xd0, 0xff,
    0x28, 0x34, 0xd8, 0xff, 0x28, 0x34, 0xd8, 0xff, 0x28, 0x38, 0xd8, 0xff,
    0x28, 0x38, 0xd8, 0xff, 0x30, 0x38, 0xd8, 0xff, 0x30, 0x38, 0xd8, 0xff,
    0x30, 0x38, 0xd8, 0xff, 0x30, 0x3c, 0xe0, 0xff, 0x30, 0x38, 0xd8, 0xff,
    0x28, 0x38, 0xd8, 0xff, 0x30, 0x38, 0xd8, 0xff, 0x30, 0x38, 0xd8, 0xff,
    0x30, 0x3c, 0xe0, 0xff, 0x30, 0x38, 0xd8, 0xff, 0x30, 0x38, 0xd8, 0xff,
    0x30, 0x3c, 0xe0, 0xff, 0x30, 0x3c, 0xe0, 0xff, 0x30, 0x3c, 0xe0, 0xff,
    0x30, 0x3c, 0xe0, 0xff, 0x30, 0x38, 0xd8, 0xff, 0x30, 0x38, 0xd8, 0xff,
    0x30, 0x3c, 0xe0, 0xff, 0x30, 0x38, 0xd8, 0xff, 0x30, 0x38, 0xd8, 0xff,
    0x30, 0x38, 0xd8, 0xff, 0x30, 0x3c, 0xe0, 0xff, 0x30, 0x3c, 0xe0, 0xff,
    0x30, 0x3c, 0xe0, 0xff, 0x38, 0x3c, 0xe0, 0xff, 0x30, 0x40, 0xe0, 0xff,
    0x30, 0x3c, 0xe0, 0xff, 0x30, 0x3c, 0xe0, 0xff, 0x38, 0x3c, 0xe0, 0xff,
    0x30, 0x3c, 0xe0, 0xff, 0x30, 0x3c, 0xe0, 0xff, 0x30, 0x3c, 0xe0, 0xff,
    0x38, 0x3c, 0xe0, 0xff, 0x38, 0x40, 0xe8, 0xff, 0x38, 0x44, 0xe8, 0xff,
    0x38, 0x40, 0xe0, 0xff, 0x38, 0x40, 0xe8, 0xff, 0x38, 0x40, 0xe8, 0xff,
    0x38, 0x44, 0xe8, 0xff, 0x40, 0x48, 0xe8, 0xff, 0x38, 0x44, 0xe8, 0xff,
    0x40, 0x44, 0xe8, 0xff, 0x38, 0x44, 0xe8, 0xff, 0x30, 0x40, 0xe0, 0xff,
    0x30, 0x3c, 0xe0, 0xff, 0x28, 0x30, 0xd8, 0xff, 0x28, 0x28, 0xc8, 0xff,
    0x18, 0x28, 0x88, 0xff, 0x18, 0x28, 0x60, 0xff, 0x18, 0x28, 0x60, 0xff,
    0x18, 0x28, 0x68, 0xff, 0x18, 0x28, 0x70, 0xff, 0x28, 0x34, 0x70, 0xff,
    0x40, 0x50, 0x90, 0xff, 0x30, 0x44, 0x78, 0xff, 0x38, 0x48, 0x80, 0xff,
    0x38, 0x44, 0x80, 0xff, 0x40, 0x50, 0x88, 0xff, 0x90, 0x98, 0xc8, 0xff,
    0x58, 0x58, 0x78, 0xff, 0xc0, 0xc8, 0xd0, 0xff, 0xc0, 0xd0, 0xd0, 0xff,
    0xc0, 0xd0, 0xd0, 0xff, 0xc8, 0xd0, 0xd0, 0xff, 0xc0, 0xd0, 0xd0, 0xff,
    0xc0, 0xd0, 0xd0, 0xff, 0xc0, 0xcc, 0xd0, 0xff, 0xc0, 0xcc, 0xd0, 0xff,
    0xc0, 0xcc, 0xd0, 0xff, 0xc0, 0xcc, 0xd0, 0xff, 0xc0, 0xc8, 0xc8, 0xff,
    0xc0, 0xcc, 0xc8, 0xff, 0xc0, 0xc8, 0xc8, 0xff, 0xb8, 0xc8, 0xc8, 0xff,
    0xc0, 0xc8, 0xc8, 0xff, 0xb8, 0xc8, 0xc8, 0xff, 0xb8, 0xc4, 0xc0, 0xff,
    0xb8, 0xc4, 0xc0, 0xff, 0xb8, 0xc8, 0xc8, 0xff, 0xb8, 0xc4, 0xc8, 0xff,
    0xc0, 0xc8, 0xc0, 0xff, 0xb8, 0xc8, 0xc0, 0xff, 0xb8, 0xc4, 0xc0, 0xff,
    0xb8, 0xc0, 0xc0, 0xff, 0xb8, 0xc0, 0xc0, 0xff, 0xb8, 0xc0, 0xb8, 0xff,
    0xb8, 0xbc, 0xb8, 0xff, 0xb0, 0xbc, 0xb8, 0xff, 0xb8, 0xbc, 0xb8, 0xff,
    0xb8, 0xbc, 0xb8, 0xff, 0xb0, 0xb8, 0xb8, 0xff, 0xb0, 0xb8, 0xb0, 0xff,
    0xb0, 0xb8, 0xb0, 0xff, 0xb0, 0xb8, 0xb8, 0xff, 0xb8, 0xb8, 0xb8, 0xff,
    0xb0, 0xbc, 0xb8, 0xff, 0xb0, 0xb8, 0xb0, 0xff, 0xb0, 0xb8, 0xb8, 0xff,
    0xb0, 0xb8, 0xb0, 0xff, 0xb0, 0xbc, 0xb0, 0xff, 0x68, 0x6c, 0x88, 0xff,
    0x18, 0x2c, 0x58, 0xff, 0x18, 0x28, 0x58, 0xff, 0x18, 0x28, 0x58, 0xff,
    0x18, 0x28, 0x60, 0xff, 0x18, 0x28, 0x60, 0xff, 0x18, 0x28, 0x58, 0xff,
    0x30, 0x40, 0x70, 0xff, 0x90, 0x98, 0xa8, 0xff, 0xb8, 0xc0, 0xc0, 0xff,
    0xb0, 0xc0, 0xb8, 0xff, 0xb8, 0xc0, 0xb8, 0xff, 0xb8, 0xbc, 0xb8, 0xff,
    0xb8, 0xbc, 0xb8, 0xff, 0xb8, 0xbc, 0xb8, 0xff, 0xb0, 0xbc, 0xb8, 0xff,
    0xb0, 0xc0, 0xb8, 0xff, 0xb8, 0xc0, 0xb8, 0xff, 0xb0, 0xbc, 0xb8, 0xff,
    0xb0, 0xc0, 0xb8, 0xff, 0xb8, 0xc0, 0xc0, 0xff, 0xb8, 0xc0, 0xc0, 0xff,
    0xb8, 0xbc, 0xb8, 0xff, 0xb8, 0xbc, 0xb8, 0xff, 0xb8, 0xc0, 0xc0, 0xff,
    0xb8, 0xc4, 0xc0, 0xff, 0xc0, 0xc4, 0xc0, 0xff, 0xb8, 0xc4, 0xc0, 0xff,
    0xc0, 0xc4, 0xc0, 0xff, 0xb8, 0xc4, 0xc0, 0xff, 0xc0, 0xc4, 0xc0, 0xff,
    0xb8, 0xc4, 0xc0, 0xff, 0xc0, 0xc4, 0xc0, 0xff, 0xb8, 0xc4, 0xc0, 0xff,
    0xc0, 0xc8, 0xc8, 0xff, 0xc0, 0xc8, 0xc8, 0xff, 0xc0, 0xcc, 0xc8, 0xff,
    0xc8, 0xcc, 0xc8, 0xff, 0xc8, 0xd0, 0xd0, 0xff, 0xc8, 0xcc, 0xd0, 0xff,
    0xc8, 0xcc, 0xc8, 0xff, 0xc8, 0xcc, 0xc8, 0xff, 0xc8, 0xd0, 0xd0, 0xff,
    0xc0, 0xcc, 0xd0, 0xff, 0xc0, 0xd0, 0xd0, 0xff, 0xc8, 0xd0, 0xd0, 0xff,
    0xc8, 0xd0, 0xd0, 0xff, 0xc8, 0xd0, 0xd0, 0xff, 0xc8, 0xd4, 0xd0, 0xff,
    0x98, 0x94, 0xb8, 0xff, 0x40, 0x44, 0x70, 0xff, 0x30, 0x34, 0x58, 0xff,
    0x20, 0x2c, 0x50, 0xff, 0x18, 0x24, 0x48, 0xff, 0x18, 0x24, 0x50, 0xff,
    0x18, 0x24, 0x48, 0x41, 0x20, 0x2c, 0xc8, 0xff, 0x28, 0x30, 0xd0, 0xff,
    0x28, 0x30, 0xd0, 0xff, 0x28, 0x30, 0xc8, 0xff, 0x28, 0x34, 0xd0, 0xff,
    0x28, 0x34, 0xd0, 0xff, 0x28, 0x38, 0xd0, 0xff, 0x28, 0x34, 0xd0, 0xff,
    0x28, 0x34, 0xd8, 0xff, 0x30, 0x38, 0xd8, 0xff, 0x28, 0x38, 0xd8, 0xff,
    0x28, 0x34, 0xd8, 0xff, 0x30, 0x38, 0xd8, 0xff, 0x30, 0x38, 0xd8, 0xff,
    0x30, 0x38, 0xd8, 0xff, 0x28, 0x34, 0xd8, 0xff, 0x30, 0x38, 0xd8, 0xff,
    0x30, 0x38, 0xd8, 0xff, 0x28, 0x38, 0xd8, 0xff, 0x30, 0x38, 0xe0, 0xff,
    0x30, 0x38, 0xd8, 0xff, 0x30, 0x38, 0xd8, 0xff, 0x30, 0x38, 0xe0, 0xff,
    0x30, 0x38, 0xd8, 0xff, 0x30, 0x38, 0xd8, 0xff, 0x30, 0x3c, 0xe0, 0xff,
    0x30, 0x3c, 0xe0, 0xff, 0x30, 0x38, 0xd8, 0xff, 0x30, 0x38, 0xd8, 0xff,
    0x30, 0x3c, 0xe0, 0xff, 0x30, 0x3c, 0xe0, 0xff, 0x30, 0x38, 0xd8, 0xff,
    0x30, 0x38, 0xe0, 0xff, 0x30, 0x3c, 0xe0, 0xff, 0x30, 0x3c, 0xe0, 0xff,
    0x30, 0x38, 0xe0, 0xff, 0x30, 0x38, 0xd8, 0xff, 0x30, 0x38, 0xd8, 0xff,
    0x30, 0x38, 0xd8, 0xff, 0x30, 0x3c, 0xe0, 0xff, 0x38, 0x3c, 0xe0, 0xff,
    0x38, 0x40, 0xe0, 0xff, 0x30, 0x3c, 0xe0, 0xff, 0x38, 0x3c, 0xe0, 0xff,
    0x30, 0x3c, 0xe0, 0xff, 0x30, 0x3c, 0xe0, 0xff, 0x30, 0x3c, 0xe0, 0xff,
    0x38, 0x3c, 0xe0, 0xff, 0x38, 0x40, 0xe0, 0xff, 0x30, 0x40, 0xe0, 0xff,
    0x38, 0x44, 0xe8, 0xff, 0x38, 0x44, 0xe8, 0xff, 0x38, 0x44, 0xe8, 0xff,
    0x38, 0x44, 0xe8, 0xff, 0x38, 0x40, 0xe0, 0xff, 0x40, 0x48, 0xe8, 0xff,
    0x38, 0x40, 0xe8, 0xff, 0x38, 0x44, 0xe8, 0xff, 0x38, 0x44, 0xe8, 0xff,
    0x38, 0x40, 0xe0, 0xff, 0x30, 0x38, 0xe0, 0xff, 0x28, 0x30, 0xd0, 0xff,
    0x28, 0x28, 0xc8, 0xff, 0x20, 0x24, 0x88, 0xff, 0x18, 0x28, 0x60, 0xff,
    0x18, 0x2c, 0x60, 0xff, 0x18, 0x28, 0x68, 0xff, 0x18, 0x28, 0x70, 0xff,
    0x28, 0x34, 0x70, 0xff, 0x40, 0x4c, 0x88, 0xff, 0x30, 0x40, 0x78, 0xff,
    0x38, 0x48, 0x88, 0xff, 0x30, 0x40, 0x78, 0xff, 0x48, 0x50, 0x88, 0xff,
    0x90, 0x94, 0xc0, 0xff, 0x58, 0x58, 0x70, 0xff, 0xb8, 0xc8, 0xc8, 0xff,
    0xc0, 0xd0, 0xd0, 0xff, 0xc0, 0xd0, 0xd0, 0xff, 0xc8, 0xd0, 0xd0, 0xff,
    0xc8, 0xd0, 0xd0, 0xff, 0xc0, 0xcc, 0xd0, 0xff, 0xc0, 0xcc, 0xc8, 0xff,
    0xc0, 0xcc, 0xc8, 0xff, 0xc0, 0xcc, 0xc8, 0xff, 0xc0, 0xcc, 0xc8, 0xff,
    0xc0, 0xcc, 0xd0, 0xff, 0xc0, 0xc8, 0xc8, 0xff, 0xc0, 0xc8, 0xc8, 0xff,
    0xc0, 0xc8, 0xc8, 0xff, 0xb8, 0xc8, 0xc8, 0xff, 0xc0, 0xc8, 0xc8, 0xff,
    0xc0, 0xc8, 0xc8, 0xff, 0xc0, 0xc4, 0xc8, 0xff, 0xb8, 0xc8, 0xc0, 0xff,
    0xb8, 0xc4, 0xc8, 0xff, 0xc0, 0xc4, 0xc8, 0xff, 0xc0, 0xc8, 0xc8, 0xff,
    0xb8, 0xc4, 0xc0, 0xff, 0xb8, 0xc0, 0xc0, 0xff, 0xb8, 0xc0, 0xc0, 0xff,
    0xb8, 0xbc, 0xc0, 0xff, 0xb0, 0xc0, 0xc0, 0xff, 0xb8, 0xc0, 0xc0, 0xff,
    0xb0, 0xbc, 0xb8, 0xff, 0xb0, 0xbc, 0xb8, 0xff, 0xb0, 0xbc, 0xb8, 0xff,
    0xb0, 0xb8, 0xb8, 0xff, 0xb0, 0xb8, 0xb8, 0xff, 0xb0, 0xb8, 0xb8, 0xff,
    0xb8, 0xbc, 0xb8, 0xff, 0xb0, 0xbc, 0xb8, 0xff, 0xb0, 0xb8, 0xb8, 0xff,
    0xb0, 0xb8, 0xb0, 0xff, 0xb0, 0xb8, 0xb8, 0xff, 0xb0, 0xb8, 0xb0, 0xff,
    0x60, 0x68, 0x80, 0xff, 0x18, 0x28, 0x58, 0xff, 0x18, 0x24, 0x58, 0xff,
    0x18, 0x28, 0x58, 0xff, 0x18, 0x24, 0x60, 0xff, 0x18, 0x28, 0x60, 0xff,
    0x18, 0x28, 0x58, 0xff, 0x30, 0x3c, 0x68, 0xff, 0x98, 0x9c, 0xa8, 0xff,
    0xb8, 0xc0, 0xc0, 0xff, 0xb8, 0xc0, 0xc0, 0xff, 0xb8, 0xc0, 0xc0, 0xff,
    0xb8, 0xc0, 0xc0, 0xff, 0xb0, 0xc0, 0xb8, 0xff, 0xb0, 0xc0, 0xb8, 0xff,
    0xb8, 0xbc, 0xb8, 0xff, 0xb0, 0xbc, 0xb8, 0xff, 0xb0, 0xbc, 0xb8, 0xff,
    0xb0, 0xbc, 0xb8, 0xff, 0xb8, 0xbc, 0xb8, 0xff, 0xb8, 0xbc, 0xb8, 0xff,
    0xb8, 0xc0, 0xc0, 0xff, 0xb8, 0xc0, 0xb8, 0xff, 0xb8, 0xbc, 0xb8, 0xff,
    0xb8, 0xc0, 0xc0, 0xff, 0xb8, 0xc4, 0xc0, 0xff, 0xb8, 0xc0, 0xc0, 0xff,
    0xb8, 0xc0, 0xc0, 0xff, 0xb8, 0xc4, 0xc0, 0xff, 0xb8, 0xc4, 0xc0, 0xff,
    0xb8, 0xc0, 0xc0, 0xff, 0xb8, 0xc4, 0xc0, 0xff, 0xc0, 0xc8, 0xc8, 0xff,
    0xc0, 0xc4, 0xc0, 0xff, 0xc0, 0xc8, 0xc0, 0xff, 0xc0, 0xc8, 0xc8, 0xff,
    0xc0, 0xcc, 0xc8, 0xff, 0xc0, 0xd0, 0xd0, 0xff, 0xc8, 0xd0, 0xd0, 0xff,
    0xc8, 0xd0, 0xd0, 0xff, 0xc8, 0xd0, 0xd0, 0xff, 0xc8, 0xd0, 0xd0, 0xff,
    0xc0, 0xd0, 0xc8, 0xff, 0xc0, 0xcc, 0xd0, 0xff, 0xc0, 0xcc, 0xd0, 0xff,
    0xc8, 0xd0, 0xd0, 0xff, 0xc0, 0xd0, 0xd0, 0xff, 0xc8, 0xd0, 0xd0, 0xff,
    0xc8, 0xcc, 0xd0, 0xff, 0xa0, 0x98, 0xb8, 0xff, 0x40, 0x40, 0x68, 0xff,
    0x28, 0x38, 0x58, 0xff, 0x20, 0x2c, 0x50, 0xff, 0x18, 0x24, 0x40, 0xff,
    0x18, 0x24, 0x50, 0xff, 0x18, 0x24, 0x50, 0x41, 0x28, 0x30, 0xd0, 0xff,
    0x28, 0x30, 0xd0, 0xff, 0x28, 0x30, 0xd0, 0xff, 0x28, 0x30, 0xd0, 0xff,
    0x28, 0x34, 0xd0, 0xff, 0x28, 0x34, 0xd0, 0xff, 0x30, 0x38, 0xd0, 0xff,
    0x28, 0x34, 0xd0, 0xff, 0x28, 0x34, 0xd8, 0xff, 0x30, 0x34, 0xd8, 0xff,
    0x30, 0x38, 0xd0, 0xff, 0x30, 0x38, 0xd8, 0xff, 0x28, 0x34, 0xd8, 0xff,
    0x30, 0x38, 0xd8, 0xff, 0x30, 0x38, 0xd8, 0xff, 0x30, 0x38, 0xd8, 0xff,
    0x30, 0x38, 0xd8, 0xff, 0x30, 0x38, 0xe0, 0xff, 0x30, 0x38, 0xd8, 0xff,
    0x30, 0x38, 0xd8, 0xff, 0x30, 0x38, 0xe0, 0xff, 0x30, 0x38, 0xe0, 0xff,
    0x30, 0x3c, 0xe0, 0xff, 0x30, 0x38, 0xd8, 0xff, 0x30, 0x3c, 0xe0, 0xff,
    0x30, 0x38, 0xe0, 0xff, 0x30, 0x38, 0xd8, 0xff, 0x30, 0x38, 0xe0, 0xff,
    0x30, 0x38, 0xe0, 0xff, 0x30, 0x3c, 0xe0, 0xff, 0x30, 0x3c, 0xe0, 0xff,
    0x30, 0x38, 0xd8, 0xff, 0x30, 0x38, 0xe0, 0xff, 0x30, 0x3c, 0xe0, 0xff,
    0x30, 0x3c, 0xd8, 0xff, 0x30, 0x3c, 0xe0, 0xff, 0x30, 0x38, 0xe0, 0xff,
    0x30, 0x38, 0xd8, 0xff, 0x30, 0x3c, 0xe0, 0xff, 0x38, 0x3c, 0xe0, 0xff,
    0x30, 0x3c, 0xe0, 0xff, 0x38, 0x40, 0xe0, 0xff, 0x30, 0x3c, 0xe0, 0xff,
    0x30, 0x3c, 0xe0, 0xff, 0x38, 0x3c, 0xe0, 0xff, 0x38, 0x40, 0xe8, 0xff,
    0x38, 0x40, 0xe0, 0xff, 0x38, 0x40, 0xe0, 0xff, 0x38, 0x40, 0xe8, 0xff,
    0x38, 0x40, 0xe8, 0xff, 0x38, 0x44, 0xe8, 0xff, 0x38, 0x44, 0xe8, 0xff,
    0x38, 0x44, 0xe8, 0xff, 0x38, 0x40, 0xe0, 0xff, 0x30, 0x3c, 0xe0, 0xff,
    0x30, 0x40, 0xe0, 0xff, 0x38, 0x40, 0xe8, 0xff, 0x38, 0x44, 0xe8, 0xff,
    0x38, 0x44, 0xe8, 0xff, 0x30, 0x3c, 0xe0, 0xff, 0x30, 0x38, 0xd8, 0xff,
    0x28, 0x30, 0xd0, 0xff, 0x28, 0x28, 0xc8, 0xff, 0x18, 0x24, 0x88, 0xff,
    0x18, 0x28, 0x60, 0xff, 0x18, 0x28, 0x60, 0xff, 0x18, 0x28, 0x68, 0xff,
    0x18, 0x2c, 0x70, 0xff, 0x28, 0x30, 0x70, 0xff, 0x38, 0x48, 0x80, 0xff,
    0x30, 0x38, 0x70, 0xff, 0x30, 0x40, 0x80, 0xff, 0x28, 0x38, 0x70, 0xff,
    0x40, 0x48, 0x80, 0xff, 0x70, 0x6c, 0x98, 0xff, 0x58, 0x50, 0x70, 0xff,
    0xa0, 0x98, 0xa0, 0xff, 0xa8, 0xa0, 0xb0, 0xff, 0xa8, 0xa0, 0xb0, 0xff,
    0xa8, 0xa4, 0xb8, 0xff, 0xa8, 0xa4, 0xb0, 0xff, 0xb0, 0xa4, 0xb8, 0xff,
    0xb0, 0xa4, 0xb0, 0xff, 0xb0, 0xa4, 0xb0, 0xff, 0xb0, 0xa4, 0xb0, 0xff,
    0xb0, 0xa4, 0xb0, 0xff, 0xb0, 0xa4, 0xb8, 0xff, 0xa8, 0xa4, 0xb0, 0xff,
    0xa8, 0xa4, 0xb0, 0xff, 0xa8, 0xa4, 0xb0, 0xff, 0xb0, 0xa4, 0xb0, 0xff,
    0xa8, 0xa4, 0xb0, 0xff, 0xa8, 0xa0, 0xb0, 0xff, 0xa8, 0xa0, 0xb0, 0xff,
    0xb0, 0xa0, 0xb0, 0xff, 0xb0, 0xa4, 0xb0, 0xff, 0xa8, 0xa0, 0xb0, 0xff,
    0xa8, 0xa0, 0xb0, 0xff, 0xa8, 0xa0, 0xb0, 0xff, 0xa8, 0x9c, 0xb0, 0xff,
    0xa8, 0xa0, 0xb0, 0xff, 0xa8, 0x9c, 0xb0, 0xff, 0xa8, 0x9c, 0xa8, 0xff,
    0xa8, 0xa0, 0xb0, 0xff, 0xa8, 0x9c, 0xb0, 0xff, 0xa8, 0x9c, 0xa8, 0xff,
    0xa8, 0x9c, 0xa8, 0xff, 0xb0, 0x9c, 0xb0, 0xff, 0xb0, 0x9c, 0xb0, 0xff,
    0xb0, 0x9c, 0xa8, 0xff, 0xa8, 0x98, 0xa8, 0xff, 0xb0, 0x9c, 0xa8, 0xff,
    0xb0, 0x9c, 0xa8, 0xff, 0xb0, 0x98, 0xb0, 0xff, 0xb0, 0x9c, 0xb0, 0xff,
    0xb0, 0x98, 0xa8, 0xff, 0x68, 0x60, 0x88, 0xff, 0x20, 0x28, 0x60, 0xff,
    0x18, 0x24, 0x58, 0xff, 0x18, 0x28, 0x60, 0xff, 0x18, 0x28, 0x58, 0xff,
    0x18, 0x28, 0x60, 0xff, 0x18, 0x28, 0x50, 0xff, 0x28, 0x34, 0x60, 0xff,
    0x68, 0x64, 0x80, 0xff, 0xa8, 0x9c, 0xa8, 0xff, 0xb0, 0xa0, 0xa8, 0xff,
    0xb0, 0xa0, 0xa8, 0xff, 0xb0, 0xa0, 0xa8, 0xff, 0xb0, 0x9c, 0xa8, 0xff,
    0xb0, 0xa0, 0xa8, 0xff, 0xb0, 0x9c, 0xa8, 0xff, 0xb0, 0x9c, 0xa8, 0xff,
    0xb0, 0x9c, 0xa8, 0xff, 0xb0, 0x9c, 0xa8, 0xff, 0xb0, 0xa0, 0xb0, 0xff,
    0xb0, 0x9c, 0xb0, 0xff, 0xb0, 0xa0, 0xa8, 0xff, 0xb0, 0x9c, 0xa8, 0xff,
    0xb8, 0xa0, 0xb0, 0xff, 0xb0, 0xa0, 0xb0, 0xff, 0xb0, 0xa0, 0xb0, 0xff,
    0xb8, 0xa4, 0xb0, 0xff, 0xb0, 0xa0, 0xb0, 0xff, 0xb8, 0xa0, 0xb0, 0xff,
    0xb8, 0xa0, 0xb0, 0xff, 0xb0, 0xa0, 0xb0, 0xff, 0xb0, 0xa0, 0xb0, 0xff,
    0xb0, 0xa0, 0xb0, 0xff, 0xb0, 0xa4, 0xb0, 0xff, 0xb8, 0xa0, 0xb0, 0xff,
    0xb8, 0xa4, 0xb0, 0xff, 0xb8, 0xa4, 0xb8, 0xff, 0xb8, 0xa4, 0xb8, 0xff,
    0xb8, 0xa4, 0xb8, 0xff, 0xb8, 0xa4, 0xb8, 0xff, 0xb8, 0xa8, 0xb8, 0xff,
    0xb8, 0xa8, 0xb8, 0xff, 0xb8, 0xa8, 0xc0, 0xff, 0xb8, 0xa4, 0xb8, 0xff,
    0xb8, 0xa4, 0xb8, 0xff, 0xb8, 0xa4, 0xb8, 0xff, 0xb8, 0xa4, 0xb8, 0xff,
    0xb8, 0xa4, 0xb8, 0xff, 0xb8, 0xa4, 0xb8, 0xff, 0xb0, 0x88, 0xb0, 0xff,
    0x40, 0x40, 0x68, 0xff, 0x28, 0x34, 0x58, 0xff, 0x20, 0x2c, 0x48, 0xff,
    0x10, 0x24, 0x40, 0xff, 0x10, 0x24, 0x50, 0xff, 0x18, 0x24, 0x50, 0x41,
    0x28, 0x30, 0xd0, 0xff, 0x28, 0x30, 0xd0, 0xff, 0x28, 0x34, 0xd0, 0xff,
    0x28, 0x34, 0xd0, 0xff, 0x28, 0x34, 0xd0, 0xff, 0x28, 0x30, 0xd0, 0xff,
    0x28, 0x34, 0xd0, 0xff, 0x28, 0x34, 0xd0, 0xff, 0x28, 0x34, 0xd0, 0xff,
    0x30, 0x38, 0xd8, 0xff, 0x28, 0x38, 0xd8, 0xff, 0x30, 0x38, 0xd8, 0xff,
    0x30, 0x38, 0xd8, 0xff, 0x28, 0x34, 0xd8, 0xff, 0x28, 0x34, 0xd8, 0xff,
    0x30, 0x38, 0xd8, 0xff, 0x30, 0x38, 0xd8, 0xff, 0x30, 0x38, 0xe0, 0xff,
    0x30, 0x38, 0xe0, 0xff, 0x30, 0x3c, 0xd8, 0xff, 0x30, 0x3c, 0xd8, 0xff,
    0x30, 0x38, 0xd8, 0xff, 0x30, 0x38, 0xe0, 0xff, 0x30, 0x38, 0xd8, 0xff,
    0x30, 0x3c, 0xd8, 0xff, 0x30, 0x38, 0xe0, 0xff, 0x30, 0x38, 0xd8, 0xff,
    0x30, 0x3c, 0xe0, 0xff, 0x30, 0x38, 0xd8, 0xff, 0x30, 0x3c, 0xd8, 0xff,
    0x38, 0x3c, 0xe0, 0xff, 0x30, 0x38, 0xe0, 0xff, 0x30, 0x3c, 0xd8, 0xff,
    0x30, 0x3c, 0xd8, 0xff, 0x30, 0x38, 0xe0, 0xff, 0x30, 0x38, 0xd8, 0xff,
    0x30, 0x38, 0xd8, 0xff, 0x30, 0x34, 0xd8, 0xff, 0x30, 0x3c, 0xe0, 0xff,
    0x30, 0x3c, 0xe0, 0xff, 0x38, 0x3c, 0xe0, 0xff, 0x38, 0x3c, 0xe0, 0xff,
    0x30, 0x3c, 0xe0, 0xff, 0x38, 0x40, 0xe8, 0xff, 0x30, 0x3c, 0xe0, 0xff,
    0x30, 0x3c, 0xe0, 0xff, 0x30, 0x3c, 0xe0, 0xff, 0x30, 0x3c, 0xe0, 0xff,
    0x38, 0x40, 0xe8, 0xff, 0x38, 0x40, 0xe8, 0xff, 0x38, 0x40, 0xe0, 0xff,
    0x38, 0x44, 0xe8, 0xff, 0x38, 0x44, 0xe8, 0xff, 0x38, 0x40, 0xe8, 0xff,
    0x30, 0x3c, 0xe0, 0xff, 0x30, 0x3c, 0xe0, 0xff, 0x38, 0x40, 0xe0, 0xff,
    0x38, 0x40, 0xe8, 0xff, 0x38, 0x40, 0xe0, 0xff, 0x30, 0x3c, 0xe0, 0xff,
    0x30, 0x38, 0xd8, 0xff, 0x28, 0x30, 0xd8, 0xff, 0x28, 0x28, 0xd0, 0xff,
    0x18, 0x24, 0x88, 0xff, 0x18, 0x28, 0x60, 0xff, 0x18, 0x28, 0x68, 0xff,
    0x18, 0x28, 0x68, 0xff, 0x18, 0x2c, 0x70, 0xff, 0x20, 0x30, 0x70, 0xff,
    0x30, 0x40, 0x78, 0xff, 0x28, 0x34, 0x68, 0xff, 0x28, 0x38, 0x70, 0xff,
    0x20, 0x30, 0x58, 0xff, 0x30, 0x38, 0x60, 0xff, 0x50, 0x4c, 0x80, 0xff,
    0x70, 0x60, 0x90, 0xff, 0x98, 0x74, 0xa0, 0xff, 0xa0, 0x7c, 0xa0, 0xff,
    0xa0, 0x7c, 0xa0, 0xff, 0xa0, 0x7c, 0xa8, 0xff, 0xa0, 0x7c, 0xa8, 0xff,
    0xa0, 0x80, 0xa8, 0xff, 0x98, 0x78, 0xa0, 0xff, 0x98, 0x74, 0xa0, 0xff,
    0x90, 0x78, 0xa0, 0xff, 0x90, 0x74, 0x98, 0xff, 0x88, 0x70, 0x98, 0xff,
    0x90, 0x74, 0x98, 0xff, 0x90, 0x74, 0x98, 0xff, 0x88, 0x74, 0x98, 0xff,
    0x90, 0x70, 0x98, 0xff, 0x88, 0x70, 0x98, 0xff, 0x88, 0x70, 0x98, 0xff,
    0x88, 0x6c, 0x98, 0xff, 0x88, 0x70, 0x98, 0xff, 0x88, 0x70, 0x90, 0xff,
    0x88, 0x70, 0x90, 0xff, 0x88, 0x70, 0x98, 0xff, 0x88, 0x70, 0x90, 0xff,
    0x88, 0x6c, 0x90, 0xff, 0x88, 0x6c, 0x90, 0xff, 0x80, 0x6c, 0x90, 0xff,
    0x80, 0x6c, 0x90, 0xff, 0x88, 0x6c, 0x90, 0xff, 0x80, 0x6c, 0x90, 0xff,
    0x80, 0x6c, 0x90, 0xff, 0x80, 0x6c, 0x90, 0xff, 0x80, 0x6c, 0x90, 0xff,
    0x80, 0x6c, 0x90, 0xff, 0x80, 0x68, 0x90, 0xff, 0x80, 0x68, 0x90, 0xff,
    0x78, 0x64, 0x90, 0xff, 0x78, 0x64, 0x88, 0xff, 0x70, 0x60, 0x88, 0xff,
    0x78, 0x60, 0x88, 0xff, 0x78, 0x60, 0x88, 0xff, 0x58, 0x54, 0x88, 0xff,
    0x18, 0x28, 0x58, 0xff, 0x18, 0x28, 0x60, 0xff, 0x18, 0x28, 0x60, 0xff,
    0x18, 0x28, 0x60, 0xff, 0x18, 0x24, 0x60, 0xff, 0x18, 0x28, 0x50, 0xff,
    0x20, 0x2c, 0x50, 0xff, 0x40, 0x44, 0x68, 0xff, 0x78, 0x60, 0x88, 0xff,
    0x80, 0x64, 0x88, 0xff, 0x80, 0x68, 0x88, 0xff, 0x88, 0x68, 0x90, 0xff,
    0x88, 0x68, 0x90, 0xff, 0x80, 0x68, 0x90, 0xff, 0x80, 0x68, 0x90, 0xff,
    0x88, 0x68, 0x98, 0xff, 0x88, 0x6c, 0x98, 0xff, 0x80, 0x68, 0x90, 0xff,
    0x80, 0x68, 0x98, 0xff, 0x88, 0x6c, 0x98, 0xff, 0x80, 0x68, 0x98, 0xff,
    0x78, 0x68, 0x90, 0xff, 0x80, 0x6c, 0x98, 0xff, 0x80, 0x6c, 0x98, 0xff,
    0x80, 0x68, 0x90, 0xff, 0x78, 0x68, 0x98, 0xff, 0x78, 0x64, 0x90, 0xff,
    0x78, 0x64, 0x88, 0xff, 0x78, 0x60, 0x90, 0xff, 0x78, 0x60, 0x90, 0xff,
    0x70, 0x60, 0x88, 0xff, 0x70, 0x60, 0x88, 0xff, 0x70, 0x60, 0x90, 0xff,
    0x70, 0x60, 0x88, 0xff, 0x70, 0x60, 0x88, 0xff, 0x68, 0x5c, 0x88, 0xff,
    0x68, 0x5c, 0x88, 0xff, 0x68, 0x5c, 0x88, 0xff, 0x68, 0x5c, 0x88, 0xff,
    0x70, 0x5c, 0x90, 0xff, 0x68, 0x5c, 0x90, 0xff, 0x70, 0x5c, 0x90, 0xff,
    0x70, 0x5c, 0x90, 0xff, 0x70, 0x60, 0x90, 0xff, 0x70, 0x60, 0x90, 0xff,
    0x68, 0x5c, 0x90, 0xff, 0x70, 0x60, 0x90, 0xff, 0x68, 0x60, 0x88, 0xff,
    0x60, 0x54, 0x80, 0xff, 0x38, 0x38, 0x58, 0xff, 0x28, 0x30, 0x58, 0xff,
    0x20, 0x28, 0x48, 0xff, 0x18, 0x24, 0x48, 0xff, 0x10, 0x24, 0x58, 0xff,
    0x18, 0x24, 0x58, 0x41, 0x28, 0x34, 0xd0, 0xff, 0x20, 0x30, 0xc8, 0xff,
    0x28, 0x30, 0xc8, 0xff, 0x28, 0x30, 0xc8, 0xff, 0x28, 0x34, 0xd0, 0xff,
    0x28, 0x34, 0xd0, 0xff, 0x28, 0x34, 0xd0, 0xff, 0x28, 0x34, 0xd8, 0xff,
    0x28, 0x38, 0xd8, 0xff, 0x30, 0x38, 0xd8, 0xff, 0x30, 0x38, 0xd8, 0xff,
    0x28, 0x38, 0xd8, 0xff, 0x30, 0x38, 0xd8, 0xff, 0x28, 0x34, 0xd8, 0xff,
    0x28, 0x34, 0xd0, 0xff, 0x30, 0x38, 0xd8, 0xff, 0x30, 0x38, 0xd8, 0xff,
    0x30, 0x38, 0xd8, 0xff, 0x30, 0x3c, 0xe0, 0xff, 0x30, 0x38, 0xd8, 0xff,
    0x30, 0x38, 0xd8, 0xff, 0x30, 0x38, 0xd8, 0xff, 0x30, 0x38, 0xe0, 0xff,
    0x30, 0x38, 0xd8, 0xff, 0x30, 0x38, 0xd8, 0xff, 0x30, 0x38, 0xd8, 0xff,
    0x30, 0x38, 0xd8, 0xff, 0x30, 0x38, 0xd8, 0xff, 0x30, 0x3c, 0xe0, 0xff,
    0x30, 0x38, 0xd8, 0xff, 0x30, 0x3c, 0xe0, 0xff, 0x30, 0x38, 0xe0, 0xff,
    0x30, 0x38, 0xd8, 0xff, 0x30, 0x3c, 0xe0, 0xff, 0x30, 0x3c, 0xe0, 0xff,
    0x30, 0x38, 0xd8, 0xff, 0x30, 0x34, 0xd8, 0xff, 0x30, 0x38, 0xd8, 0xff,
    0x30, 0x38, 0xe0, 0xff, 0x30, 0x3c, 0xe0, 0xff, 0x30, 0x38, 0xe0, 0xff,
    0x30, 0x38, 0xe0, 0xff, 0x38, 0x3c, 0xe0, 0xff, 0x30, 0x3c, 0xe0, 0xff,
    0x30, 0x38, 0xe0, 0xff, 0x30, 0x3c, 0xe0, 0xff, 0x30, 0x3c, 0xe0, 0xff,
    0x38, 0x3c, 0xe0, 0xff, 0x38, 0x40, 0xe0, 0xff, 0x38, 0x40, 0xe0, 0xff,
    0x30, 0x3c, 0xe0, 0xff, 0x38, 0x44, 0xe8, 0xff, 0x40, 0x44, 0xe8, 0xff,
    0x38, 0x44, 0xe8, 0xff, 0x38, 0x40, 0xe8, 0xff, 0x38, 0x44, 0xe8, 0xff,
    0x38, 0x44, 0xe8, 0xff, 0x38, 0x44, 0xe8, 0xff, 0x38, 0x40, 0xe8, 0xff,
    0x30, 0x3c, 0xe0, 0xff, 0x30, 0x38, 0xe0, 0xff, 0x28, 0x30, 0xd0, 0xff,
    0x28, 0x28, 0xc8, 0xff, 0x20, 0x24, 0x80, 0xff, 0x18, 0x28, 0x60, 0xff,
    0x18, 0x28, 0x68, 0xff, 0x18, 0x2c, 0x68, 0xff, 0x18, 0x2c, 0x68, 0xff,
    0x20, 0x30, 0x68, 0xff, 0x30, 0x38, 0x78, 0xff, 0x28, 0x34, 0x68, 0xff,
    0x20, 0x2c, 0x58, 0xff, 0x18, 0x28, 0x40, 0xff, 0x18, 0x28, 0x50, 0xff,
    0x20, 0x28, 0x58, 0xff, 0x20, 0x2c, 0x60, 0xff, 0x20, 0x2c, 0x60, 0xff,
    0x20, 0x2c, 0x60, 0xff, 0x20, 0x2c, 0x60, 0xff, 0x20, 0x2c, 0x60, 0xff,
    0x20, 0x2c, 0x60, 0xff, 0x20, 0x2c, 0x68, 0xff, 0x20, 0x2c, 0x68, 0xff,
    0x20, 0x2c, 0x60, 0xff, 0x18, 0x28, 0x58, 0xff, 0x18, 0x28, 0x60, 0xff,
    0x18, 0x28, 0x58, 0xff, 0x20, 0x28, 0x58, 0xff, 0x18, 0x28, 0x58, 0xff,
    0x18, 0x28, 0x58, 0xff, 0x20, 0x28, 0x58, 0xff, 0x18, 0x28, 0x60, 0xff,
    0x20, 0x2c, 0x60, 0xff, 0x18, 0x28, 0x58, 0xff, 0x18, 0x28, 0x58, 0xff,
    0x18, 0x28, 0x58, 0xff, 0x20, 0x28, 0x58, 0xff, 0x18, 0x28, 0x58, 0xff,
    0x18, 0x28, 0x58, 0xff, 0x18, 0x28, 0x58, 0xff, 0x18, 0x28, 0x58, 0xff,
    0x18, 0x2c, 0x60, 0xff, 0x20, 0x28, 0x58, 0xff, 0x18, 0x28, 0x58, 0xff,
    0x18, 0x28, 0x58, 0xff, 0x18, 0x28, 0x58, 0xff, 0x18, 0x28, 0x58, 0xff,
    0x18, 0x28, 0x60, 0xff, 0x18, 0x28, 0x60, 0xff, 0x18, 0x28, 0x60, 0xff,
    0x18, 0x28, 0x60, 0xff, 0x18, 0x28, 0x60, 0xff, 0x18, 0x28, 0x60, 0xff,
    0x18, 0x28, 0x68, 0xff, 0x18, 0x2c, 0x68, 0xff, 0x18, 0x2c, 0x68, 0xff,
    0x18, 0x28, 0x60, 0xff, 0x18, 0x28, 0x60, 0xff, 0x18, 0x28, 0x68, 0xff,
    0x18, 0x24, 0x58, 0xff, 0x18, 0x28, 0x60, 0xff, 0x18, 0x24, 0x60, 0xff,
    0x18, 0x24, 0x50, 0xff, 0x20, 0x2c, 0x50, 0xff, 0x28, 0x30, 0x50, 0xff,
    0x30, 0x34, 0x58, 0xff, 0x38, 0x38, 0x60, 0xff, 0x40, 0x40, 0x68, 0xff,
    0x48, 0x44, 0x70, 0xff, 0x48, 0x48, 0x70, 0xff, 0x50, 0x4c, 0x78, 0xff,
    0x50, 0x4c, 0x70, 0xff, 0x58, 0x50, 0x78, 0xff, 0x58, 0x50, 0x78, 0xff,
    0x58, 0x50, 0x78, 0xff, 0x58, 0x50, 0x78, 0xff, 0x58, 0x50, 0x80, 0xff,
    0x58, 0x50, 0x80, 0xff, 0x58, 0x54, 0x80, 0xff, 0x58, 0x54, 0x80, 0xff,
    0x58, 0x54, 0x80, 0xff, 0x60, 0x54, 0x80, 0xff, 0x60, 0x54, 0x80, 0xff,
    0x60, 0x58, 0x80, 0xff, 0x60, 0x58, 0x80, 0xff, 0x60, 0x58, 0x80, 0xff,
    0x60, 0x58, 0x80, 0xff, 0x60, 0x58, 0x80, 0xff, 0x60, 0x58, 0x80, 0xff,
    0x60, 0x58, 0x80, 0xff, 0x60, 0x58, 0x88, 0xff, 0x60, 0x58, 0x88, 0xff,
    0x60, 0x58, 0x88, 0xff, 0x60, 0x58, 0x80, 0xff, 0x68, 0x5c, 0x80, 0xff,
    0x60, 0x5c, 0x80, 0xff, 0x60, 0x5c, 0x80, 0xff, 0x60, 0x5c, 0x88, 0xff,
    0x60, 0x58, 0x80, 0xff, 0x60, 0x58, 0x80, 0xff, 0x60, 0x58, 0x88, 0xff,
    0x60, 0x58, 0x80, 0xff, 0x60, 0x54, 0x80, 0xff, 0x60, 0x54, 0x80, 0xff,
    0x60, 0x54, 0x80, 0xff, 0x58, 0x50, 0x78, 0xff, 0x48, 0x48, 0x70, 0xff,
    0x20, 0x2c, 0x50, 0xff, 0x18, 0x28, 0x40, 0xff, 0x18, 0x28, 0x40, 0xff,
    0x18, 0x20, 0x50, 0xff, 0x18, 0x20, 0x50, 0x41, 0x28, 0x30, 0xc8, 0xff,
    0x20, 0x30, 0xd0, 0xff, 0x28, 0x30, 0xd0, 0xff, 0x28, 0x30, 0xd0, 0xff,
    0x28, 0x34, 0xd0, 0xff, 0x28, 0x34, 0xd0, 0xff, 0x28, 0x34, 0xd0, 0xff,
    0x30, 0x34, 0xd8, 0xff, 0x30, 0x38, 0xd8, 0xff, 0x30, 0x38, 0xd8, 0xff,
    0x30, 0x38, 0xd8, 0xff, 0x30, 0x38, 0xd8, 0xff, 0x30, 0x38, 0xd8, 0xff,
    0x28, 0x34, 0xd8, 0xff, 0x28, 0x34, 0xd0, 0xff, 0x30, 0x38, 0xd8, 0xff,
    0x30, 0x3c, 0xd8, 0xff, 0x30, 0x3c, 0xd8, 0xff, 0x30, 0x3c, 0xe0, 0xff,
    0x30, 0x38, 0xe0, 0xff, 0x30, 0x38, 0xe0, 0xff, 0x30, 0x3c, 0xe0, 0xff,
    0x30, 0x3c, 0xe0, 0xff, 0x30, 0x38, 0xe0, 0xff, 0x30, 0x3c, 0xe0, 0xff,
    0x30, 0x3c, 0xd8, 0xff, 0x30, 0x38, 0xd8, 0xff, 0x30, 0x38, 0xe0, 0xff,
    0x30, 0x3c, 0xe0, 0xff, 0x30, 0x38, 0xd8, 0xff, 0x30, 0x3c, 0xe0, 0xff,
    0x30, 0x3c, 0xe0, 0xff, 0x38, 0x3c, 0xe0, 0xff, 0x30, 0x3c, 0xe0, 0xff,
    0x30, 0x3c, 0xe0, 0xff, 0x30, 0x38, 0xd8, 0xff, 0x30, 0x38, 0xd8, 0xff,
    0x30, 0x38, 0xd8, 0xff, 0x30, 0x38, 0xe0, 0xff, 0x30, 0x38, 0xd8, 0xff,
    0x30, 0x3c, 0xe0, 0xff, 0x30, 0x3c, 0xe0, 0xff, 0x38, 0x3c, 0xe0, 0xff,
    0x30, 0x3c, 0xe0, 0xff, 0x38, 0x3c, 0xe0, 0xff, 0x38, 0x3c, 0xe0, 0xff,
    0x38, 0x3c, 0xe0, 0xff, 0x38, 0x40, 0xe8, 0xff, 0x30, 0x40, 0xe0, 0xff,
    0x38, 0x40, 0xe0, 0xff, 0x38, 0x40, 0xe8, 0xff, 0x38, 0x40, 0xe8, 0xff,
    0x38, 0x44, 0xe8, 0xff, 0x38, 0x44, 0xe8, 0xff, 0x38, 0x44, 0xe8, 0xff,
    0x38, 0x44, 0xe8, 0xff, 0x38, 0x44, 0xe8, 0xff, 0x38, 0x44, 0xe8, 0xff,
    0x38, 0x40, 0xe0, 0xff, 0x38, 0x3c, 0xe0, 0xff, 0x30, 0x38, 0xd8, 0xff,
    0x28, 0x30, 0xd0, 0xff, 0x20, 0x28, 0xc8, 0xff, 0x20, 0x24, 0x88, 0xff,
    0x18, 0x28, 0x58, 0xff, 0x18, 0x28, 0x68, 0xff, 0x18, 0x2c, 0x60, 0xff,
    0x18, 0x2c, 0x68, 0xff, 0x28, 0x30, 0x70, 0xff, 0x28, 0x38, 0x70, 0xff,
    0x20, 0x30, 0x58, 0xff, 0x18, 0x28, 0x48, 0xff, 0x18, 0x28, 0x40, 0xff,
    0x18, 0x28, 0x50, 0xff, 0x18, 0x28, 0x58, 0xff, 0x18, 0x28, 0x60, 0xff,
    0x18, 0x2c, 0x68, 0xff, 0x20, 0x2c, 0x68, 0xff, 0x20, 0x2c, 0x68, 0xff,
    0x20, 0x30, 0x68, 0xff, 0x20, 0x2c, 0x68, 0xff, 0x20, 0x30, 0x70, 0xff,
    0x20, 0x30, 0x70, 0xff, 0x20, 0x30, 0x68, 0xff, 0x20, 0x30, 0x68, 0xff,
    0x20, 0x30, 0x70, 0xff, 0x18, 0x2c, 0x68, 0xff, 0x20, 0x30, 0x68, 0xff,
    0x20, 0x30, 0x70, 0xff, 0x20, 0x30, 0x70, 0xff, 0x20, 0x2c, 0x70, 0xff,
    0x18, 0x2c, 0x68, 0xff, 0x20, 0x30, 0x68, 0xff, 0x18, 0x2c, 0x60, 0xff,
    0x20, 0x2c, 0x68, 0xff, 0x20, 0x2c, 0x70, 0xff, 0x18, 0x2c, 0x68, 0xff,
    0x20, 0x2c, 0x68, 0xff, 0x18, 0x2c, 0x68, 0xff, 0x20, 0x30, 0x68, 0xff,
    0x20, 0x2c, 0x68, 0xff, 0x20, 0x2c, 0x68, 0xff, 0x20, 0x2c, 0x68, 0xff,
    0x20, 0x2c, 0x68, 0xff, 0x20, 0x30, 0x68, 0xff, 0x20, 0x2c, 0x68, 0xff,
    0x20, 0x2c, 0x70, 0xff, 0x20, 0x2c, 0x70, 0xff, 0x18, 0x2c, 0x70, 0xff,
    0x20, 0x30, 0x70, 0xff, 0x20, 0x30, 0x70, 0xff, 0x18, 0x2c, 0x70, 0xff,
    0x18, 0x2c, 0x70, 0xff, 0x20, 0x2c, 0x68, 0xff, 0x18, 0x2c, 0x68, 0xff,
    0x18, 0x2c, 0x70, 0xff, 0x18, 0x28, 0x60, 0xff, 0x18, 0x28, 0x60, 0xff,
    0x18, 0x28, 0x60, 0xff, 0x18, 0x24, 0x58, 0xff, 0x18, 0x28, 0x60, 0xff,
    0x18, 0x28, 0x60, 0xff, 0x10, 0x28, 0x40, 0xff, 0x18, 0x28, 0x50, 0xff,
    0x28, 0x30, 0x68, 0xff, 0x30, 0x38, 0x70, 0xff, 0x40, 0x3c, 0x78, 0xff,
    0x48, 0x44, 0x78, 0xff, 0x50, 0x4c, 0x78, 0xff, 0x48, 0x44, 0x78, 0xff,
    0x48, 0x44, 0x78, 0xff, 0x50, 0x48, 0x78, 0xff, 0x48, 0x48, 0x78, 0xff,
    0x48, 0x48, 0x78, 0xff, 0x48, 0x48, 0x78, 0xff, 0x48, 0x48, 0x70, 0xff,
    0x48, 0x48, 0x70, 0xff, 0x48, 0x44, 0x70, 0xff, 0x48, 0x44, 0x70, 0xff,
    0x48, 0x44, 0x70, 0xff, 0x48, 0x44, 0x70, 0xff, 0x48, 0x48, 0x70, 0xff,
    0x40, 0x44, 0x70, 0xff, 0x48, 0x44, 0x70, 0xff, 0x40, 0x44, 0x70, 0xff,
    0x40, 0x44, 0x70, 0xff, 0x48, 0x44, 0x70, 0xff, 0x40, 0x44, 0x70, 0xff,
    0x40, 0x44, 0x70, 0xff, 0x40, 0x44, 0x68, 0xff, 0x40, 0x40, 0x68, 0xff,
    0x40, 0x40, 0x70, 0xff, 0x40, 0x40, 0x70, 0xff, 0x40, 0x40, 0x68, 0xff,
    0x40, 0x40, 0x68, 0xff, 0x40, 0x40, 0x68, 0xff, 0x40, 0x40, 0x68, 0xff,
    0x40, 0x40, 0x68, 0xff, 0x40, 0x44, 0x70, 0xff, 0x40, 0x40, 0x70, 0xff,
    0x40, 0x40, 0x70, 0xff, 0x40, 0x40, 0x68, 0xff, 0x40, 0x44, 0x70, 0xff,
    0x40, 0x40, 0x68, 0xff, 0x38, 0x40, 0x68, 0xff, 0x38, 0x3c, 0x60, 0xff,
    0x30, 0x38, 0x58, 0xff, 0x18, 0x28, 0x40, 0xff, 0x18, 0x2c, 0x40, 0xff,
    0x18, 0x28, 0x38, 0xff, 0x18, 0x24, 0x48, 0xff, 0x18, 0x24, 0x48, 0x41,
    0x28, 0x30, 0xc8, 0xff, 0x28, 0x30, 0xd0, 0xff, 0x28, 0x30, 0xd0, 0xff,
    0x28, 0x30, 0xd0, 0xff, 0x28, 0x34, 0xd0, 0xff, 0x28, 0x34, 0xd0, 0xff,
    0x28, 0x34, 0xd0, 0xff, 0x28, 0x34, 0xd8, 0xff, 0x30, 0x38, 0xd8, 0xff,
    0x30, 0x38, 0xd8, 0xff, 0x28, 0x38, 0xd8, 0xff, 0x30, 0x38, 0xd8, 0xff,
    0x28, 0x34, 0xd8, 0xff, 0x28, 0x38, 0xd0, 0xff, 0x30, 0x38, 0xd8, 0xff,
    0x30, 0x38, 0xd8, 0xff, 0x30, 0x3c, 0xe0, 0xff, 0x30, 0x3c, 0xe0, 0xff,
    0x30, 0x3c, 0xe0, 0xff, 0x30, 0x3c, 0xe0, 0xff, 0x30, 0x38, 0xd8, 0xff,
    0x30, 0x3c, 0xe0, 0xff, 0x30, 0x38, 0xd8, 0xff, 0x30, 0x38, 0xd8, 0xff,
    0x30, 0x38, 0xe0, 0xff, 0x30, 0x3c, 0xd8, 0xff, 0x30, 0x38, 0xd8, 0xff,
    0x30, 0x38, 0xd8, 0xff, 0x30, 0x38, 0xe0, 0xff, 0x30, 0x38, 0xd8, 0xff,
    0x30, 0x3c, 0xe0, 0xff, 0x38, 0x3c, 0xe0, 0xff, 0x38, 0x3c, 0xe0, 0xff,
    0x38, 0x3c, 0xe0, 0xff, 0x30, 0x3c, 0xe0, 0xff, 0x30, 0x38, 0xe0, 0xff,
    0x30, 0x3c, 0xe0, 0xff, 0x30, 0x3c, 0xe0, 0xff, 0x30, 0x3c, 0xe0, 0xff,
    0x30, 0x38, 0xd8, 0xff, 0x30, 0x38, 0xd8, 0xff, 0x30, 0x3c, 0xe0, 0xff,
    0x38, 0x40, 0xe0, 0xff, 0x38, 0x40, 0xe8, 0xff, 0x38, 0x40, 0xe0, 0xff,
    0x38, 0x40, 0xe0, 0xff, 0x30, 0x40, 0xe0, 0xff, 0x38, 0x3c, 0xe0, 0xff,
    0x30, 0x3c, 0xe0, 0xff, 0x38, 0x3c, 0xe0, 0xff, 0x38, 0x40, 0xe8, 0xff,
    0x38, 0x40, 0xe0, 0xff, 0x38, 0x44, 0xe8, 0xff, 0x38, 0x44, 0xe8, 0xff,
    0x38, 0x44, 0xe8, 0xff, 0x38, 0x40, 0xe0, 0xff, 0x38, 0x40, 0xe8, 0xff,
    0x38, 0x44, 0xe8, 0xff, 0x38, 0x40, 0xe8, 0xff, 0x30, 0x3c, 0xe0, 0xff,
    0x30, 0x34, 0xd8, 0xff, 0x28, 0x30, 0xd0, 0xff, 0x20, 0x28, 0xc8, 0xff,
    0x20, 0x24, 0x88, 0xff, 0x18, 0x28, 0x58, 0xff, 0x18, 0x28, 0x68, 0xff,
    0x18, 0x28, 0x60, 0xff, 0x18, 0x28, 0x68, 0xff, 0x28, 0x30, 0x70, 0xff,
    0x28, 0x34, 0x70, 0xff, 0x18, 0x28, 0x50, 0xff, 0x18, 0x24, 0x40, 0xff,
    0x18, 0x28, 0x48, 0xff, 0x18, 0x28, 0x50, 0xff, 0x18, 0x28, 0x58, 0xff,
    0x18, 0x28, 0x58, 0xff, 0x18, 0x28, 0x60, 0xff, 0x18, 0x28, 0x58, 0xff,
    0x18, 0x2c, 0x58, 0xff, 0x18, 0x28, 0x58, 0xff, 0x18, 0x28, 0x58, 0xff,
    0x18, 0x2c, 0x60, 0xff, 0x18, 0x28, 0x60, 0xff, 0x18, 0x28, 0x58, 0xff,
    0x18, 0x28, 0x60, 0xff, 0x18, 0x28, 0x60, 0xff, 0x18, 0x28, 0x58, 0xff,
    0x18, 0x28, 0x58, 0xff, 0x18, 0x28, 0x58, 0xff, 0x18, 0x28, 0x58, 0xff,
    0x18, 0x28, 0x58, 0xff, 0x18, 0x28, 0x58, 0xff, 0x18, 0x2c, 0x60, 0xff,
    0x18, 0x28, 0x58, 0xff, 0x18, 0x28, 0x58, 0xff, 0x18, 0x28, 0x58, 0xff,
    0x18, 0x28, 0x50, 0xff, 0x18, 0x28, 0x50, 0xff, 0x18, 0x28, 0x50, 0xff,
    0x18, 0x28, 0x58, 0xff, 0x18, 0x28, 0x58, 0xff, 0x18, 0x28, 0x60, 0xff,
    0x18, 0x28, 0x58, 0xff, 0x18, 0x28, 0x58, 0xff, 0x18, 0x28, 0x58, 0xff,
    0x18, 0x28, 0x58, 0xff, 0x18, 0x28, 0x50, 0xff, 0x18, 0x28, 0x58, 0xff,
    0x18, 0x24, 0x58, 0xff, 0x18, 0x28, 0x58, 0xff, 0x18, 0x28, 0x58, 0xff,
    0x18, 0x28, 0x58, 0xff, 0x18, 0x28, 0x58, 0xff, 0x18, 0x28, 0x58, 0xff,
    0x18, 0x28, 0x50, 0xff, 0x18, 0x28, 0x50, 0xff, 0x18, 0x28, 0x50, 0xff,
    0x18, 0x24, 0x50, 0xff, 0x18, 0x28, 0x50, 0xff, 0x18, 0x24, 0x50, 0xff,
    0x18, 0x28, 0x58, 0xff, 0x18, 0x28, 0x50, 0xff, 0x10, 0x24, 0x40, 0xff,
    0x18, 0x24, 0x48, 0xff, 0x18, 0x28, 0x50, 0xff, 0x10, 0x24, 0x50, 0xff,
    0x10, 0x24, 0x50, 0xff, 0x10, 0x28, 0x50, 0xff, 0x18, 0x24, 0x50, 0xff,
    0x18, 0x24, 0x48, 0xff, 0x10, 0x24, 0x48, 0xff, 0x18, 0x24, 0x48, 0xff,
    0x18, 0x24, 0x48, 0xff, 0x18, 0x24, 0x48, 0xff, 0x18, 0x24, 0x48, 0xff,
    0x18, 0x24, 0x48, 0xff, 0x18, 0x24, 0x48, 0xff, 0x18, 0x24, 0x48, 0xff,
    0x18, 0x24, 0x48, 0xff, 0x18, 0x24, 0x48, 0xff, 0x18, 0x24, 0x48, 0xff,
    0x18, 0x24, 0x48, 0xff, 0x18, 0x24, 0x48, 0xff, 0x18, 0x24, 0x50, 0xff,
    0x18, 0x24, 0x48, 0xff, 0x18, 0x24, 0x50, 0xff, 0x18, 0x24, 0x50, 0xff,
    0x18, 0x24, 0x48, 0xff, 0x18, 0x24, 0x48, 0xff, 0x18, 0x24, 0x48, 0xff,
    0x18, 0x24, 0x48, 0xff, 0x18, 0x24, 0x48, 0xff, 0x18, 0x24, 0x48, 0xff,
    0x18, 0x28, 0x48, 0xff, 0x18, 0x28, 0x48, 0xff, 0x18, 0x24, 0x48, 0xff,
    0x18, 0x24, 0x48, 0xff, 0x18, 0x24, 0x48, 0xff, 0x18, 0x24, 0x48, 0xff,
    0x18, 0x24, 0x48, 0xff, 0x18, 0x24, 0x48, 0xff, 0x18, 0x24, 0x48, 0xff,
    0x18, 0x28, 0x48, 0xff, 0x18, 0x28, 0x40, 0xff, 0x18, 0x24, 0x40, 0xff,
    0x18, 0x24, 0x40, 0xff, 0x18, 0x24, 0x40, 0xff, 0x10, 0x28, 0x38, 0xff,
    0x18, 0x28, 0x38, 0xff, 0x18, 0x28, 0x38, 0xff, 0x10, 0x24, 0x40, 0xff,
    0x10, 0x24, 0x40, 0x41, 0x28, 0x30, 0xd0, 0xff, 0x20, 0x30, 0xd0, 0xff,
    0x28, 0x30, 0xc8, 0xff, 0x20, 0x2c, 0xc8, 0xff, 0x28, 0x30, 0xc8, 0xff,
    0x28, 0x34, 0xd0, 0xff, 0x28, 0x34, 0xd0, 0xff, 0x28, 0x34, 0xd8, 0xff,
    0x28, 0x34, 0xd8, 0xff, 0x28, 0x34, 0xd8, 0xff, 0x28, 0x34, 0xd0, 0xff,
    0x28, 0x34, 0xd8, 0xff, 0x28, 0x34, 0xd8, 0xff, 0x30, 0x34, 0xd8, 0xff,
    0x30, 0x38, 0xd8, 0xff, 0x28, 0x34, 0xd8, 0xff, 0x30, 0x38, 0xd8, 0xff,
    0x30, 0x38, 0xd8, 0xff, 0x30, 0x38, 0xd8, 0xff, 0x30, 0x3c, 0xe0, 0xff,
    0x30, 0x38, 0xd8, 0xff, 0x30, 0x38, 0xd8, 0xff, 0x30, 0x3c, 0xe0, 0xff,
    0x30, 0x3c, 0xd8, 0xff, 0x30, 0x38, 0xd8, 0xff, 0x30, 0x3c, 0xe0, 0xff,
    0x30, 0x3c, 0xe0, 0xff, 0x30, 0x38, 0xe0, 0xff, 0x30, 0x3c, 0xd8, 0xff,
    0x30, 0x38, 0xd8, 0xff, 0x30, 0x3c, 0xe0, 0xff, 0x30, 0x3c, 0xe0, 0xff,
    0x30, 0x3c, 0xe0, 0xff, 0x30, 0x3c, 0xe0, 0xff, 0x30, 0x3c, 0xe0, 0xff,
    0x30, 0x38, 0xd8, 0xff, 0x30, 0x3c, 0xe0, 0xff, 0x30, 0x3c, 0xe0, 0xff,
    0x30, 0x3c, 0xe0, 0xff, 0x30, 0x38, 0xd8, 0xff, 0x30, 0x3c, 0xe0, 0xff,
    0x30, 0x3c, 0xe0, 0xff, 0x38, 0x40, 0xe0, 0xff, 0x38, 0x40, 0xe8, 0xff,
    0x30, 0x3c, 0xe0, 0xff, 0x38, 0x40, 0xe8, 0xff, 0x38, 0x40, 0xe8, 0xff,
    0x38, 0x3c, 0xe8, 0xff, 0x30, 0x3c, 0xe0, 0xff, 0x38, 0x40, 0xe8, 0xff,
    0x38, 0x40, 0xe0, 0xff, 0x30, 0x40, 0xe0, 0xff, 0x38, 0x40, 0xe8, 0xff,
    0x38, 0x44, 0xe8, 0xff, 0x38, 0x44, 0xe8, 0xff, 0x38, 0x40, 0xe0, 0xff,
    0x38, 0x44, 0xe8, 0xff, 0x38, 0x44, 0xe8, 0xff, 0x38, 0x44, 0xe8, 0xff,
    0x38, 0x3c, 0xe0, 0xff, 0x30, 0x38, 0xd8, 0xff, 0x28, 0x30, 0xd0, 0xff,
    0x28, 0x28, 0xc8, 0xff, 0x20, 0x24, 0x80, 0xff, 0x18, 0x28, 0x60, 0xff,
    0x18, 0x28, 0x60, 0xff, 0x18, 0x28, 0x68, 0xff, 0x18, 0x28, 0x68, 0xff,
    0x20, 0x30, 0x68, 0xff, 0x20, 0x30, 0x60, 0xff, 0x18, 0x28, 0x48, 0xff,
    0x18, 0x28, 0x40, 0xff, 0x10, 0x28, 0x48, 0xff, 0x18, 0x28, 0x50, 0xff,
    0x18, 0x28, 0x50, 0xff, 0x18, 0x2c, 0x58, 0xff, 0x18, 0x2c, 0x58, 0xff,
    0x20, 0x2c, 0x58, 0xff, 0x28, 0x2c, 0x58, 0xff, 0x28, 0x30, 0x58, 0xff,
    0x28, 0x30, 0x58, 0xff, 0x28, 0x30, 0x60, 0xff, 0x28, 0x30, 0x58, 0xff,
    0x30, 0x30, 0x60, 0xff, 0x30, 0x34, 0x60, 0xff, 0x30, 0x34, 0x60, 0xff,
    0x30, 0x34, 0x60, 0xff, 0x30, 0x34, 0x60, 0xff, 0x30, 0x38, 0x60, 0xff,
    0x30, 0x38, 0x60, 0xff, 0x30, 0x34, 0x60, 0xff, 0x38, 0x38, 0x60, 0xff,
    0x38, 0x38, 0x68, 0xff, 0x38, 0x38, 0x68, 0xff, 0x38, 0x38, 0x60, 0xff,
    0x38, 0x38, 0x68, 0xff, 0x38, 0x38, 0x68, 0xff, 0x38, 0x38, 0x60, 0xff,
    0x38, 0x3c, 0x68, 0xff, 0x38, 0x3c, 0x68, 0xff, 0x38, 0x3c, 0x68, 0xff,
    0x38, 0x3c, 0x68, 0xff, 0x38, 0x3c, 0x68, 0xff, 0x38, 0x3c, 0x68, 0xff,
    0x38, 0x3c, 0x68, 0xff, 0x40, 0x3c, 0x68, 0xff, 0x40, 0x3c, 0x68, 0xff,
    0x40, 0x40, 0x70, 0xff, 0x40, 0x40, 0x70, 0xff, 0x40, 0x3c, 0x70, 0xff,
    0x40, 0x3c, 0x68, 0xff, 0x38, 0x38, 0x68, 0xff, 0x40, 0x3c, 0x68, 0xff,
    0x40, 0x3c, 0x68, 0xff, 0x40, 0x3c, 0x68, 0xff, 0x38, 0x3c, 0x68, 0xff,
    0x30, 0x34, 0x68, 0xff, 0x28, 0x2c, 0x58, 0xff, 0x18, 0x2c, 0x50, 0xff,
    0x18, 0x24, 0x48, 0xff, 0x18, 0x28, 0x50, 0xff, 0x18, 0x28, 0x50, 0xff,
    0x18, 0x28, 0x50, 0xff, 0x20, 0x30, 0x58, 0xff, 0x30, 0x38, 0x68, 0xff,
    0x38, 0x38, 0x68, 0xff, 0x38, 0x40, 0x70, 0xff, 0x48, 0x44, 0x78, 0xff,
    0x48, 0x44, 0x78, 0xff, 0x50, 0x4c, 0x78, 0xff, 0x50, 0x50, 0x78, 0xff,
    0x58, 0x50, 0x80, 0xff, 0x58, 0x50, 0x78, 0xff, 0x58, 0x50, 0x80, 0xff,
    0x60, 0x50, 0x80, 0xff, 0x60, 0x54, 0x80, 0xff, 0x60, 0x54, 0x80, 0xff,
    0x60, 0x54, 0x80, 0xff, 0x68, 0x58, 0x80, 0xff, 0x68, 0x58, 0x80, 0xff,
    0x68, 0x5c, 0x80, 0xff, 0x68, 0x5c, 0x88, 0xff, 0x68, 0x5c, 0x88, 0xff,
    0x70, 0x5c, 0x90, 0xff, 0x70, 0x5c, 0x90, 0xff, 0x70, 0x60, 0x90, 0xff,
    0x70, 0x60, 0x90, 0xff, 0x68, 0x5c, 0x88, 0xff, 0x68, 0x5c, 0x88, 0xff,
    0x70, 0x60, 0x90, 0xff, 0x70, 0x60, 0x90, 0xff, 0x70, 0x64, 0x90, 0xff,
    0x70, 0x60, 0x90, 0xff, 0x70, 0x60, 0x90, 0xff, 0x70, 0x60, 0x90, 0xff,
    0x70, 0x60, 0x90, 0xff, 0x70, 0x60, 0x90, 0xff, 0x70, 0x64, 0x90, 0xff,
    0x70, 0x60, 0x90, 0xff, 0x70, 0x60, 0x90, 0xff, 0x70, 0x60, 0x90, 0xff,
    0x68, 0x60, 0x90, 0xff, 0x70, 0x5c, 0x90, 0xff, 0x70, 0x5c, 0x90, 0xff,
    0x68, 0x5c, 0x88, 0xff, 0x68, 0x58, 0x88, 0xff, 0x58, 0x4c, 0x80, 0xff,
    0x48, 0x44, 0x70, 0xff, 0x38, 0x38, 0x58, 0xff, 0x28, 0x30, 0x50, 0xff,
    0x18, 0x28, 0x48, 0xff, 0x18, 0x28, 0x48, 0x41, 0x20, 0x30, 0xd0, 0xff,
    0x28, 0x30, 0xd0, 0xff, 0x28, 0x30, 0xd0, 0xff, 0x20, 0x30, 0xc8, 0xff,
    0x28, 0x30, 0xd0, 0xff, 0x28, 0x30, 0xd0, 0xff, 0x28, 0x38, 0xd8, 0xff,
    0x28, 0x34, 0xd8, 0xff, 0x30, 0x34, 0xd8, 0xff, 0x30, 0x38, 0xd8, 0xff,
    0x28, 0x34, 0xd8, 0xff, 0x28, 0x34, 0xd0, 0xff, 0x30, 0x38, 0xd8, 0xff,
    0x28, 0x34, 0xd0, 0xff, 0x28, 0x34, 0xd8, 0xff, 0x30, 0x38, 0xd8, 0xff,
    0x30, 0x38, 0xd8, 0xff, 0x30, 0x38, 0xd8, 0xff, 0x30, 0x38, 0xd8, 0xff,
    0x30, 0x3c, 0xe0, 0xff, 0x30, 0x38, 0xd8, 0xff, 0x30, 0x38, 0xd8, 0xff,
    0x30, 0x38, 0xd8, 0xff, 0x30, 0x38, 0xe0, 0xff, 0x30, 0x3c, 0xd8, 0xff,
    0x30, 0x3c, 0xd8, 0xff, 0x30, 0x38, 0xe0, 0xff, 0x30, 0x38, 0xd8, 0xff,
    0x30, 0x38, 0xd8, 0xff, 0x30, 0x3c, 0xe0, 0xff, 0x38, 0x40, 0xe0, 0xff,
    0x38, 0x3c, 0xe0, 0xff, 0x38, 0x3c, 0xe0, 0xff, 0x30, 0x3c, 0xd8, 0xff,
    0x38, 0x3c, 0xe0, 0xff, 0x30, 0x38, 0xd8, 0xff, 0x30, 0x3c, 0xe0, 0xff,
    0x30, 0x3c, 0xe0, 0xff, 0x38, 0x38, 0xe0, 0xff, 0x30, 0x38, 0xd8, 0xff,
    0x30, 0x3c, 0xe0, 0xff, 0x30, 0x3c, 0xe0, 0xff, 0x38, 0x3c, 0xe0, 0xff,
    0x30, 0x3c, 0xe0, 0xff, 0x30, 0x3c, 0xe0, 0xff, 0x30, 0x3c, 0xe0, 0xff,
    0x38, 0x3c, 0xe0, 0xff, 0x38, 0x40, 0xe8, 0xff, 0x30, 0x40, 0xe0, 0xff,
    0x38, 0x3c, 0xe0, 0xff, 0x38, 0x40, 0xe8, 0xff, 0x30, 0x40, 0xe0, 0xff,
    0x38, 0x40, 0xe8, 0xff, 0x38, 0x40, 0xe8, 0xff, 0x38, 0x44, 0xe8, 0xff,
    0x38, 0x44, 0xe8, 0xff, 0x38, 0x40, 0xe8, 0xff, 0x38, 0x44, 0xe8, 0xff,
    0x38, 0x44, 0xe8, 0xff, 0x30, 0x3c, 0xe0, 0xff, 0x30, 0x34, 0xd8, 0xff,
    0x28, 0x2c, 0xd0, 0xff, 0x20, 0x28, 0xc8, 0xff, 0x18, 0x28, 0x80, 0xff,
    0x18, 0x28, 0x60, 0xff, 0x18, 0x28, 0x60, 0xff, 0x18, 0x28, 0x60, 0xff,
    0x18, 0x28, 0x68, 0xff, 0x18, 0x2c, 0x58, 0xff, 0x18, 0x2c, 0x50, 0xff,
    0x20, 0x2c, 0x58, 0xff, 0x28, 0x30, 0x68, 0xff, 0x30, 0x34, 0x70, 0xff,
    0x38, 0x3c, 0x70, 0xff, 0x40, 0x40, 0x78, 0xff, 0x48, 0x44, 0x80, 0xff,
    0x58, 0x4c, 0x88, 0xff, 0x68, 0x58, 0x90, 0xff, 0x70, 0x60, 0x98, 0xff,
    0x70, 0x64, 0xa0, 0xff, 0x70, 0x64, 0xa0, 0xff, 0x78, 0x64, 0xa0, 0xff,
    0x78, 0x64, 0x98, 0xff, 0x70, 0x64, 0x98, 0xff, 0x70, 0x64, 0x98, 0xff,
    0x70, 0x60, 0x98, 0xff, 0x70, 0x64, 0x98, 0xff, 0x70, 0x60, 0x98, 0xff,
    0x70, 0x64, 0x98, 0xff, 0x70, 0x60, 0x90, 0xff, 0x70, 0x60, 0x98, 0xff,
    0x70, 0x60, 0x98, 0xff, 0x70, 0x60, 0x98, 0xff, 0x70, 0x60, 0x90, 0xff,
    0x70, 0x60, 0x98, 0xff, 0x70, 0x60, 0x98, 0xff, 0x70, 0x60, 0x98, 0xff,
    0x70, 0x60, 0x90, 0xff, 0x68, 0x5c, 0x90, 0xff, 0x70, 0x60, 0x90, 0xff,
    0x70, 0x60, 0x90, 0xff, 0x68, 0x5c, 0x98, 0xff, 0x70, 0x60, 0x98, 0xff,
    0x70, 0x60, 0x90, 0xff, 0x68, 0x60, 0x98, 0xff, 0x68, 0x60, 0x98, 0xff,
    0x68, 0x60, 0x98, 0xff, 0x68, 0x60, 0x98, 0xff, 0x68, 0x60, 0x98, 0xff,
    0x70, 0x5c, 0x98, 0xff, 0x68, 0x5c, 0x98, 0xff, 0x68, 0x5c, 0x98, 0xff,
    0x68, 0x5c, 0x98, 0xff, 0x60, 0x58, 0x90, 0xff, 0x68, 0x58, 0x98, 0xff,
    0x60, 0x54, 0x98, 0xff, 0x58, 0x50, 0x90, 0xff, 0x48, 0x44, 0x88, 0xff,
    0x38, 0x3c, 0x80, 0xff, 0x30, 0x38, 0x80, 0xff, 0x28, 0x34, 0x78, 0xff,
    0x28, 0x34, 0x78, 0xff, 0x28, 0x34, 0x78, 0xff, 0x30, 0x38, 0x80, 0xff,
    0x40, 0x40, 0x88, 0xff, 0x50, 0x4c, 0x88, 0xff, 0x60, 0x50, 0x90, 0xff,
    0x60, 0x54, 0x90, 0xff, 0x68, 0x58, 0x90, 0xff, 0x68, 0x58, 0x90, 0xff,
    0x68, 0x58, 0x90, 0xff, 0x68, 0x58, 0x98, 0xff, 0x68, 0x5c, 0x90, 0xff,
    0x68, 0x5c, 0x90, 0xff, 0x68, 0x58, 0x98, 0xff, 0x68, 0x5c, 0x90, 0xff,
    0x60, 0x5c, 0x98, 0xff, 0x60, 0x5c, 0x98, 0xff, 0x68, 0x5c, 0x98, 0xff,
    0x68, 0x5c, 0x98, 0xff, 0x60, 0x5c, 0x90, 0xff, 0x60, 0x5c, 0x90, 0xff,
    0x60, 0x5c, 0x90, 0xff, 0x60, 0x5c, 0x90, 0xff, 0x60, 0x58, 0x90, 0xff,
    0x60, 0x58, 0x88, 0xff, 0x60, 0x58, 0x90, 0xff, 0x58, 0x58, 0x88, 0xff,
    0x58, 0x58, 0x88, 0xff, 0x60, 0x58, 0x88, 0xff, 0x58, 0x58, 0x88, 0xff,
    0x58, 0x54, 0x88, 0xff, 0x58, 0x54, 0x88, 0xff, 0x58, 0x54, 0x88, 0xff,
    0x58, 0x54, 0x88, 0xff, 0x58, 0x54, 0x88, 0xff, 0x60, 0x54, 0x88, 0xff,
    0x60, 0x54, 0x88, 0xff, 0x58, 0x58, 0x88, 0xff, 0x58, 0x54, 0x88, 0xff,
    0x58, 0x54, 0x88, 0xff, 0x58, 0x54, 0x80, 0xff, 0x58, 0x54, 0x80, 0xff,
    0x58, 0x54, 0x88, 0xff, 0x58, 0x54, 0x80, 0xff, 0x58, 0x50, 0x80, 0xff,
    0x50, 0x4c, 0x80, 0xff, 0x48, 0x48, 0x78, 0xff, 0x40, 0x44, 0x78, 0xff,
    0x38, 0x3c, 0x70, 0xff, 0x30, 0x38, 0x68, 0xff, 0x30, 0x38, 0x68, 0x41,
    0x28, 0x34, 0xd0, 0xff, 0x28, 0x34, 0xd0, 0xff, 0x28, 0x30, 0xd0, 0xff,
    0x28, 0x30, 0xd0, 0xff, 0x28, 0x34, 0xd0, 0xff, 0x28, 0x34, 0xd0, 0xff,
    0x28, 0x34, 0xd0, 0xff, 0x30, 0x34, 0xd8, 0xff, 0x28, 0x38, 0xd0, 0xff,
    0x30, 0x38, 0xd8, 0xff, 0x30, 0x34, 0xd8, 0xff, 0x30, 0x38, 0xd8, 0xff,
    0x30, 0x38, 0xd8, 0xff, 0x28, 0x38, 0xd8, 0xff, 0x30, 0x38, 0xd8, 0xff,
    0x30, 0x38, 0xd8, 0xff, 0x28, 0x38, 0xd8, 0xff, 0x30, 0x3c, 0xd8, 0xff,
    0x30, 0x3c, 0xe0, 0xff, 0x30, 0x3c, 0xe0, 0xff, 0x30, 0x3c, 0xe0, 0xff,
    0x30, 0x38, 0xd8, 0xff, 0x28, 0x34, 0xd8, 0xff, 0x30, 0x38, 0xd8, 0xff,
    0x30, 0x3c, 0xe0, 0xff, 0x30, 0x3c, 0xe0, 0xff, 0x30, 0x3c, 0xd8, 0xff,
    0x30, 0x38, 0xd8, 0xff, 0x30, 0x38, 0xd8, 0xff, 0x30, 0x38, 0xd8, 0xff,
    0x38, 0x40, 0xe0, 0xff, 0x30, 0x3c, 0xe0, 0xff, 0x38, 0x3c, 0xe0, 0xff,
    0x30, 0x3c, 0xe0, 0xff, 0x38, 0x3c, 0xe0, 0xff, 0x38, 0x3c, 0xe0, 0xff,
    0x38, 0x3c, 0xe0, 0xff, 0x38, 0x3c, 0xe0, 0xff, 0x38, 0x3c, 0xe0, 0xff,
    0x38, 0x3c, 0xe0, 0xff, 0x30, 0x3c, 0xe0, 0xff, 0x38, 0x3c, 0xe0, 0xff,
    0x38, 0x40, 0xe0, 0xff, 0x38, 0x40, 0xe0, 0xff, 0x38, 0x3c, 0xe0, 0xff,
    0x30, 0x3c, 0xe0, 0xff, 0x38, 0x3c, 0xe8, 0xff, 0x30, 0x40, 0xe0, 0xff,
    0x38, 0x40, 0xe8, 0xff, 0x38, 0x40, 0xe0, 0xff, 0x38, 0x40, 0xe0, 0xff,
    0x38, 0x40, 0xe8, 0xff, 0x38, 0x40, 0xe0, 0xff, 0x38, 0x40, 0xe0, 0xff,
    0x38, 0x40, 0xe0, 0xff, 0x38, 0x44, 0xe8, 0xff, 0x38, 0x40, 0xe8, 0xff,
    0x38, 0x44, 0xe8, 0xff, 0x38, 0x40, 0xe0, 0xff, 0x30, 0x3c, 0xe0, 0xff,
    0x30, 0x34, 0xd8, 0xff, 0x28, 0x30, 0xd0, 0xff, 0x28, 0x28, 0xc8, 0xff,
    0x18, 0x24, 0x80, 0xff, 0x18, 0x28, 0x58, 0xff, 0x18, 0x28, 0x60, 0xff,
    0x18, 0x28, 0x60, 0xff, 0x18, 0x2c, 0x60, 0xff, 0x18, 0x28, 0x58, 0xff,
    0x18, 0x28, 0x60, 0xff, 0x18, 0x2c, 0x60, 0xff, 0x18, 0x2c, 0x68, 0xff,
    0x18, 0x28, 0x68, 0xff, 0x18, 0x2c, 0x68, 0xff, 0x18, 0x2c, 0x68, 0xff,
    0x18, 0x2c, 0x68, 0xff, 0x18, 0x2c, 0x68, 0xff, 0x20, 0x2c, 0x68, 0xff,
    0x20, 0x2c, 0x68, 0xff, 0x20, 0x2c, 0x68, 0xff, 0x20, 0x2c, 0x68, 0xff,
    0x18, 0x2c, 0x68, 0xff, 0x20, 0x2c, 0x68, 0xff, 0x18, 0x2c, 0x70, 0xff,
    0x20, 0x2c, 0x70, 0xff, 0x20, 0x2c, 0x68, 0xff, 0x20, 0x2c, 0x70, 0xff,
    0x18, 0x28, 0x68, 0xff, 0x20, 0x28, 0x68, 0xff, 0x18, 0x2c, 0x60, 0xff,
    0x18, 0x2c, 0x60, 0xff, 0x18, 0x28, 0x68, 0xff, 0x18, 0x28, 0x60, 0xff,
    0x18, 0x2c, 0x60, 0xff, 0x18, 0x28, 0x58, 0xff, 0x18, 0x28, 0x50, 0xff,
    0x18, 0x28, 0x50, 0xff, 0x18, 0x28, 0x58, 0xff, 0x18, 0x28, 0x60, 0xff,
    0x18, 0x28, 0x60, 0xff, 0x18, 0x28, 0x60, 0xff, 0x18, 0x2c, 0x68, 0xff,
    0x18, 0x28, 0x60, 0xff, 0x18, 0x2c, 0x60, 0xff, 0x18, 0x28, 0x60, 0xff,
    0x18, 0x28, 0x60, 0xff, 0x18, 0x28, 0x60, 0xff, 0x18, 0x28, 0x60, 0xff,
    0x18, 0x28, 0x60, 0xff, 0x18, 0x28, 0x68, 0xff, 0x18, 0x28, 0x68, 0xff,
    0x18, 0x2c, 0x68, 0xff, 0x18, 0x2c, 0x70, 0xff, 0x20, 0x2c, 0x70, 0xff,
    0x18, 0x28, 0x70, 0xff, 0x18, 0x28, 0x70, 0xff, 0x18, 0x2c, 0x70, 0xff,
    0x18, 0x2c, 0x78, 0xff, 0x18, 0x2c, 0x78, 0xff, 0x18, 0x2c, 0x78, 0xff,
    0x18, 0x28, 0x70, 0xff, 0x18, 0x2c, 0x70, 0xff, 0x18, 0x2c, 0x70, 0xff,
    0x18, 0x28, 0x70, 0xff, 0x18, 0x2c, 0x70, 0xff, 0x18, 0x28, 0x68, 0xff,
    0x18, 0x28, 0x68, 0xff, 0x18, 0x28, 0x68, 0xff, 0x18, 0x28, 0x70, 0xff,
    0x18, 0x28, 0x70, 0xff, 0x18, 0x28, 0x70, 0xff, 0x18, 0x28, 0x70, 0xff,
    0x18, 0x28, 0x70, 0xff, 0x18, 0x2c, 0x70, 0xff, 0x18, 0x28, 0x70, 0xff,
    0x18, 0x28, 0x70, 0xff, 0x18, 0x28, 0x68, 0xff, 0x18, 0x28, 0x70, 0xff,
    0x18, 0x28, 0x68, 0xff, 0x18, 0x24, 0x68, 0xff, 0x18, 0x28, 0x60, 0xff,
    0x18, 0x28, 0x68, 0xff, 0x18, 0x28, 0x68, 0xff, 0x18, 0x24, 0x68, 0xff,
    0x18, 0x28, 0x68, 0xff, 0x10, 0x28, 0x68, 0xff, 0x18, 0x24, 0x68, 0xff,
    0x18, 0x28, 0x68, 0xff, 0x18, 0x28, 0x68, 0xff, 0x18, 0x28, 0x68, 0xff,
    0x18, 0x28, 0x68, 0xff, 0x18, 0x28, 0x68, 0xff, 0x18, 0x24, 0x60, 0xff,
    0x18, 0x28, 0x60, 0xff, 0x18, 0x28, 0x60, 0xff, 0x18, 0x28, 0x60, 0xff,
    0x18, 0x24, 0x68, 0xff, 0x18, 0x24, 0x60, 0xff, 0x18, 0x24, 0x60, 0xff,
    0x18, 0x24, 0x60, 0xff, 0x18, 0x24, 0x60, 0xff, 0x18, 0x24, 0x60, 0xff,
    0x18, 0x24, 0x60, 0xff, 0x18, 0x24, 0x60, 0xff, 0x18, 0x24, 0x60, 0xff,
    0x18, 0x24, 0x58, 0xff, 0x18, 0x24, 0x58, 0xff, 0x18, 0x24, 0x58, 0xff,
    0x18, 0x24, 0x58, 0xff, 0x18, 0x24, 0x58, 0xff, 0x18, 0x24, 0x50, 0xff,
    0x18, 0x24, 0x58, 0x41, 0x28, 0x34, 0xd0, 0xff, 0x28, 0x34, 0xd0, 0xff,
    0x28, 0x34, 0xd0, 0xff, 0x28, 0x34, 0xd0, 0xff, 0x28, 0x30, 0xd0, 0xff,
    0x28, 0x34, 0xd0, 0xff, 0x28, 0x30, 0xd0, 0xff, 0x28, 0x34, 0xd0, 0xff,
    0x30, 0x38, 0xd8, 0xff, 0x30, 0x38, 0xd8, 0xff, 0x30, 0x38, 0xd8, 0xff,
    0x30, 0x38, 0xd8, 0xff, 0x28, 0x38, 0xd0, 0xff, 0x30, 0x38, 0xd8, 0xff,
    0x30, 0x38, 0xd8, 0xff, 0x30, 0x3c, 0xe0, 0xff, 0x30, 0x3c, 0xd8, 0xff,
    0x30, 0x3c, 0xd8, 0xff, 0x30, 0x3c, 0xe0, 0xff, 0x30, 0x38, 0xd8, 0xff,
    0x30, 0x3c, 0xe0, 0xff, 0x30, 0x3c, 0xe0, 0xff, 0x30, 0x38, 0xd8, 0xff,
    0x30, 0x38, 0xd8, 0xff, 0x30, 0x3c, 0xd8, 0xff, 0x30, 0x3c, 0xe0, 0xff,
    0x30, 0x38, 0xd8, 0xff, 0x30, 0x38, 0xd8, 0xff, 0x30, 0x3c, 0xe0, 0xff,
    0x30, 0x3c, 0xd8, 0xff, 0x30, 0x3c, 0xe0, 0xff, 0x38, 0x40, 0xe0, 0xff,
    0x30, 0x3c, 0xe0, 0xff, 0x30, 0x3c, 0xe0, 0xff, 0x30, 0x40, 0xe0, 0xff,
    0x30, 0x3c, 0xe0, 0xff, 0x38, 0x40, 0xe0, 0xff, 0x30, 0x40, 0xe0, 0xff,
    0x30, 0x3c, 0xe0, 0xff, 0x30, 0x3c, 0xe0, 0xff, 0x30, 0x3c, 0xd8, 0xff,
    0x30, 0x3c, 0xe0, 0xff, 0x38, 0x40, 0xe0, 0xff, 0x38, 0x40, 0xe0, 0xff,
    0x30, 0x3c, 0xe0, 0xff, 0x38, 0x3c, 0xe0, 0xff, 0x38, 0x40, 0xe8, 0xff,
    0x38, 0x40, 0xe0, 0xff, 0x38, 0x44, 0xe8, 0xff, 0x38, 0x44, 0xe8, 0xff,
    0x38, 0x44, 0xe8, 0xff, 0x38, 0x40, 0xe8, 0xff, 0x38, 0x44, 0xe8, 0xff,
    0x38, 0x40, 0xe0, 0xff, 0x38, 0x40, 0xe0, 0xff, 0x38, 0x40, 0xe0, 0xff,
    0x38, 0x44, 0xe8, 0xff, 0x38, 0x40, 0xe0, 0xff, 0x38, 0x40, 0xe0, 0xff,
    0x30, 0x3c, 0xe0, 0xff, 0x30, 0x38, 0xd8, 0xff, 0x28, 0x30, 0xd0, 0xff,
    0x20, 0x24, 0xc8, 0xff, 0x18, 0x24, 0x80, 0xff, 0x18, 0x28, 0x58, 0xff,
    0x18, 0x28, 0x60, 0xff, 0x18, 0x28, 0x60, 0xff, 0x18, 0x28, 0x58, 0xff,
    0x18, 0x28, 0x60, 0xff, 0x18, 0x28, 0x60, 0xff, 0x18, 0x28, 0x60, 0xff,
    0x18, 0x28, 0x60, 0xff, 0x18, 0x28, 0x68, 0xff, 0x20, 0x28, 0x60, 0xff,
    0x18, 0x28, 0x60, 0xff, 0x18, 0x2c, 0x60, 0xff, 0x18, 0x28, 0x68, 0xff,
    0x20, 0x2c, 0x68, 0xff, 0x18, 0x2c, 0x60, 0xff, 0x18, 0x28, 0x60, 0xff,
    0x18, 0x2c, 0x60, 0xff, 0x18, 0x28, 0x60, 0xff, 0x18, 0x28, 0x60, 0xff,
    0x18, 0x28, 0x60, 0xff, 0x18, 0x28, 0x60, 0xff, 0x18, 0x2c, 0x68, 0xff,
    0x18, 0x28, 0x68, 0xff, 0x18, 0x28, 0x68, 0xff, 0x18, 0x2c, 0x68, 0xff,
    0x18, 0x28, 0x68, 0xff, 0x18, 0x28, 0x68, 0xff, 0x18, 0x28, 0x60, 0xff,
    0x18, 0x28, 0x60, 0xff, 0x18, 0x28, 0x60, 0xff, 0x18, 0x28, 0x50, 0xff,
    0x18, 0x28, 0x50, 0xff, 0x18, 0x28, 0x58, 0xff, 0x18, 0x28, 0x58, 0xff,
    0x18, 0x2c, 0x60, 0xff, 0x18, 0x28, 0x60, 0xff, 0x18, 0x28, 0x60, 0xff,
    0x18, 0x28, 0x60, 0xff, 0x18, 0x28, 0x60, 0xff, 0x18, 0x28, 0x68, 0xff,
    0x18, 0x2c, 0x68, 0xff, 0x18, 0x28, 0x60, 0xff, 0x18, 0x28, 0x68, 0xff,
    0x18, 0x2c, 0x68, 0xff, 0x20, 0x28, 0x68, 0xff, 0x18, 0x28, 0x68, 0xff,
    0x18, 0x28, 0x68, 0xff, 0x20, 0x2c, 0x70, 0xff, 0x18, 0x28, 0x70, 0xff,
    0x18, 0x2c, 0x70, 0xff, 0x18, 0x28, 0x70, 0xff, 0x18, 0x28, 0x70, 0xff,
    0x18, 0x28, 0x70, 0xff, 0x18, 0x28, 0x70, 0xff, 0x18, 0x2c, 0x70, 0xff,
    0x18, 0x2c, 0x70, 0xff, 0x18, 0x28, 0x70, 0xff, 0x18, 0x28, 0x68, 0xff,
    0x18, 0x28, 0x68, 0xff, 0x18, 0x28, 0x68, 0xff, 0x18, 0x28, 0x68, 0xff,
    0x18, 0x28, 0x68, 0xff, 0x18, 0x28, 0x68, 0xff, 0x18, 0x28, 0x68, 0xff,
    0x18, 0x28, 0x68, 0xff, 0x18, 0x28, 0x70, 0xff, 0x18, 0x28, 0x70, 0xff,
    0x18, 0x28, 0x70, 0xff, 0x18, 0x28, 0x70, 0xff, 0x18, 0x2c, 0x68, 0xff,
    0x18, 0x28, 0x68, 0xff, 0x18, 0x28, 0x68, 0xff, 0x18, 0x28, 0x68, 0xff,
    0x18, 0x28, 0x68, 0xff, 0x18, 0x24, 0x68, 0xff, 0x18, 0x28, 0x68, 0xff,
    0x18, 0x28, 0x68, 0xff, 0x18, 0x28, 0x68, 0xff, 0x18, 0x28, 0x70, 0xff,
    0x18, 0x28, 0x68, 0xff, 0x18, 0x28, 0x68, 0xff, 0x18, 0x28, 0x68, 0xff,
    0x18, 0x28, 0x68, 0xff, 0x18, 0x28, 0x68, 0xff, 0x18, 0x28, 0x68, 0xff,
    0x18, 0x24, 0x68, 0xff, 0x18, 0x28, 0x68, 0xff, 0x18, 0x24, 0x68, 0xff,
    0x18, 0x24, 0x68, 0xff, 0x18, 0x24, 0x68, 0xff, 0x18, 0x24, 0x68, 0xff,
    0x18, 0x24, 0x60, 0xff, 0x18, 0x24, 0x60, 0xff, 0x18, 0x24, 0x60, 0xff,
    0x18, 0x24, 0x68, 0xff, 0x18, 0x24, 0x68, 0xff, 0x18, 0x24, 0x60, 0xff,
    0x18, 0x24, 0x60, 0xff, 0x10, 0x24, 0x60, 0xff, 0x18, 0x24, 0x60, 0xff,
    0x18, 0x24, 0x58, 0xff, 0x10, 0x24, 0x58, 0xff, 0x18, 0x24, 0x50, 0xff,
    0x18, 0x24, 0x50, 0xff, 0x18, 0x24, 0x50, 0xff, 0x18, 0x24, 0x58, 0xff,
    0x18, 0x24, 0x58, 0xff, 0x18, 0x24, 0x58, 0x41, 0x28, 0x34, 0xd0, 0xff,
    0x28, 0x30, 0xd0, 0xff, 0x28, 0x34, 0xd0, 0xff, 0x28, 0x34, 0xd0, 0xff,
    0x28, 0x34, 0xd0, 0xff, 0x28, 0x34, 0xd0, 0xff, 0x28, 0x34, 0xd0, 0xff,
    0x28, 0x34, 0xd0, 0xff, 0x28, 0x38, 0xd8, 0xff, 0x30, 0x3c, 0xd8, 0xff,
    0x28, 0x38, 0xd8, 0xff, 0x28, 0x38, 0xd8, 0xff, 0x28, 0x34, 0xd8, 0xff,
    0x30, 0x38, 0xd8, 0xff, 0x30, 0x38, 0xd8, 0xff, 0x30, 0x38, 0xd8, 0xff,
    0x30, 0x38, 0xd8, 0xff, 0x30, 0x38, 0xd8, 0xff, 0x30, 0x3c, 0xe0, 0xff,
    0x30, 0x38, 0xd8, 0xff, 0x30, 0x38, 0xd8, 0xff, 0x30, 0x38, 0xd8, 0xff,
    0x30, 0x3c, 0xe0, 0xff, 0x30, 0x3c, 0xe0, 0xff, 0x30, 0x3c, 0xd8, 0xff,
    0x30, 0x38, 0xd8, 0xff, 0x30, 0x38, 0xd8, 0xff, 0x30, 0x38, 0xe0, 0xff,
    0x30, 0x3c, 0xe0, 0xff, 0x30, 0x3c, 0xe0, 0xff, 0x30, 0x3c, 0xe0, 0xff,
    0x30, 0x3c, 0xe0, 0xff, 0x30, 0x3c, 0xd8, 0xff, 0x30, 0x38, 0xe0, 0xff,
    0x30, 0x3c, 0xe0, 0xff, 0x30, 0x3c, 0xe0, 0xff, 0x38, 0x3c, 0xe0, 0xff,
    0x30, 0x3c, 0xe0, 0xff, 0x30, 0x3c, 0xe0, 0xff, 0x38, 0x40, 0xe0, 0xff,
    0x38, 0x3c, 0xe0, 0xff, 0x30, 0x3c, 0xe0, 0xff, 0x38, 0x40, 0xe8, 0xff,
    0x38, 0x3c, 0xe0, 0xff, 0x30, 0x3c, 0xe0, 0xff, 0x38, 0x40, 0xe0, 0xff,
    0x38, 0x40, 0xe8, 0xff, 0x38, 0x40, 0xe0, 0xff, 0x38, 0x40, 0xe8, 0xff,
    0x38, 0x40, 0xe8, 0xff, 0x38, 0x40, 0xe0, 0xff, 0x38, 0x40, 0xe8, 0xff,
    0x38, 0x44, 0xe8, 0xff, 0x38, 0x40, 0xe8, 0xff, 0x38, 0x40, 0xe8, 0xff,
    0x38, 0x40, 0xe8, 0xff, 0x38, 0x40, 0xe8, 0xff, 0x38, 0x40, 0xe8, 0xff,
    0x38, 0x40, 0xe8, 0xff, 0x30, 0x3c, 0xe0, 0xff, 0x30, 0x38, 0xd8, 0xff,
    0x28, 0x30, 0xd0, 0xff, 0x20, 0x28, 0xc8, 0xff, 0x20, 0x24, 0x80, 0xff,
    0x18, 0x28, 0x58, 0xff, 0x18, 0x28, 0x58, 0xff, 0x18, 0x28, 0x58, 0xff,
    0x18, 0x28, 0x58, 0xff, 0x18, 0x28, 0x58, 0xff, 0x18, 0x28, 0x58, 0xff,
    0x18, 0x28, 0x58, 0xff, 0x18, 0x28, 0x58, 0xff, 0x18, 0x28, 0x60, 0xff,
    0x18, 0x28, 0x60, 0xff, 0x18, 0x28, 0x60, 0xff, 0x18, 0x28, 0x60, 0xff,
    0x18, 0x28, 0x60, 0xff, 0x18, 0x28, 0x60, 0xff, 0x18, 0x28, 0x60, 0xff,
    0x18, 0x28, 0x60, 0xff, 0x18, 0x2c, 0x60, 0xff, 0x18, 0x28, 0x60, 0xff,
    0x18, 0x28, 0x60, 0xff, 0x18, 0x28, 0x60, 0xff, 0x18, 0x28, 0x60, 0xff,
    0x18, 0x28, 0x60, 0xff, 0x18, 0x28, 0x60, 0xff, 0x18, 0x28, 0x60, 0xff,
    0x18, 0x28, 0x60, 0xff, 0x18, 0x28, 0x60, 0xff, 0x18, 0x28, 0x60, 0xff,
    0x18, 0x28, 0x60, 0xff, 0x18, 0x28, 0x60, 0xff, 0x18, 0x28, 0x58, 0xff,
    0x18, 0x28, 0x50, 0xff, 0x18, 0x28, 0x50, 0xff, 0x18, 0x28, 0x58, 0xff,
    0x18, 0x28, 0x58, 0xff, 0x18, 0x28, 0x58, 0xff, 0x18, 0x28, 0x58, 0xff,
    0x18, 0x28, 0x58, 0xff, 0x18, 0x28, 0x60, 0xff, 0x18, 0x28, 0x58, 0xff,
    0x18, 0x28, 0x60, 0xff, 0x18, 0x28, 0x60, 0xff, 0x18, 0x28, 0x60, 0xff,
    0x18, 0x28, 0x68, 0xff, 0x18, 0x28, 0x68, 0xff, 0x18, 0x28, 0x68, 0xff,
    0x20, 0x2c, 0x70, 0xff, 0x18, 0x2c, 0x70, 0xff, 0x18, 0x2c, 0x70, 0xff,
    0x20, 0x28, 0x70, 0xff, 0x20, 0x2c, 0x70, 0xff, 0x20, 0x2c, 0x70, 0xff,
    0x18, 0x28, 0x70, 0xff, 0x18, 0x28, 0x70, 0xff, 0x20, 0x28, 0x70, 0xff,
    0x20, 0x2c, 0x70, 0xff, 0x18, 0x28, 0x70, 0xff, 0x18, 0x28, 0x68, 0xff,
    0x18, 0x28, 0x68, 0xff, 0x18, 0x28, 0x68, 0xff, 0x18, 0x28, 0x68, 0xff,
    0x18, 0x28, 0x68, 0xff, 0x18, 0x28, 0x68, 0xff, 0x18, 0x24, 0x68, 0xff,
    0x18, 0x28, 0x68, 0xff, 0x18, 0x28, 0x68, 0xff, 0x18, 0x28, 0x68, 0xff,
    0x18, 0x28, 0x68, 0xff, 0x18, 0x28, 0x68, 0xff, 0x18, 0x28, 0x68, 0xff,
    0x18, 0x28, 0x68, 0xff, 0x18, 0x28, 0x68, 0xff, 0x18, 0x24, 0x68, 0xff,
    0x18, 0x28, 0x68, 0xff, 0x18, 0x28, 0x68, 0xff, 0x18, 0x28, 0x68, 0xff,
    0x10, 0x28, 0x68, 0xff, 0x18, 0x28, 0x68, 0xff, 0x18, 0x28, 0x68, 0xff,
    0x18, 0x28, 0x68, 0xff, 0x18, 0x24, 0x68, 0xff, 0x18, 0x28, 0x68, 0xff,
    0x18, 0x28, 0x68, 0xff, 0x18, 0x24, 0x68, 0xff, 0x18, 0x24, 0x60, 0xff,
    0x18, 0x24, 0x60, 0xff, 0x18, 0x24, 0x60, 0xff, 0x18, 0x24, 0x60, 0xff,
    0x18, 0x28, 0x68, 0xff, 0x18, 0x28, 0x68, 0xff, 0x18, 0x24, 0x60, 0xff,
    0x18, 0x24, 0x60, 0xff, 0x18, 0x24, 0x60, 0xff, 0x18, 0x24, 0x58, 0xff,
    0x18, 0x24, 0x60, 0xff, 0x18, 0x24, 0x60, 0xff, 0x18, 0x24, 0x58, 0xff,
    0x18, 0x24, 0x58, 0xff, 0x18, 0x24, 0x60, 0xff, 0x18, 0x24, 0x58, 0xff,
    0x18, 0x24, 0x58, 0xff, 0x18, 0x24, 0x58, 0xff, 0x18, 0x24, 0x58, 0xff,
    0x18, 0x24, 0x50, 0xff, 0x18, 0x24, 0x50, 0xff, 0x18, 0x24, 0x58, 0xff,
    0x18, 0x24, 0x58, 0xff, 0x18, 0x24, 0x58, 0xff, 0x18, 0x24, 0x58, 0x41,
    0x28, 0x34, 0xd0, 0xff, 0x28, 0x34, 0xd0, 0xff, 0x28, 0x30, 0xd0, 0xff,
    0x28, 0x34, 0xd0, 0xff, 0x28, 0x34, 0xd0, 0xff, 0x20, 0x30, 0xd0, 0xff,
    0x28, 0x34, 0xd0, 0xff, 0x20, 0x2c, 0xc8, 0xff, 0x28, 0x34, 0xd0, 0xff,
    0x30, 0x3c, 0xd8, 0xff, 0x30, 0x38, 0xd8, 0xff, 0x28, 0x34, 0xd8, 0xff,
    0x28, 0x34, 0xd8, 0xff, 0x30, 0x38, 0xd8, 0xff, 0x30, 0x3c, 0xd8, 0xff,
    0x30, 0x3c, 0xd8, 0xff, 0x28, 0x38, 0xd8, 0xff, 0x30, 0x38, 0xd8, 0xff,
    0x30, 0x3c, 0xe0, 0xff, 0x30, 0x3c, 0xd8, 0xff, 0x30, 0x38, 0xd8, 0xff,
    0x30, 0x38, 0xd8, 0xff, 0x30, 0x3c, 0xe0, 0xff, 0x30, 0x3c, 0xe0, 0xff,
    0x30, 0x38, 0xd8, 0xff, 0x30, 0x38, 0xd8, 0xff, 0x30, 0x38, 0xd8, 0xff,
    0x30, 0x3c, 0xe0, 0xff, 0x30, 0x38, 0xe0, 0xff, 0x30, 0x3c, 0xd8, 0xff,
    0x38, 0x3c, 0xe0, 0xff, 0x30, 0x3c, 0xe0, 0xff, 0x30, 0x3c, 0xe0, 0xff,
    0x30, 0x38, 0xd8, 0xff, 0x38, 0x3c, 0xe0, 0xff, 0x30, 0x3c, 0xe0, 0xff,
    0x38, 0x40, 0xe0, 0xff, 0x38, 0x3c, 0xe0, 0xff, 0x30, 0x3c, 0xe0, 0xff,
    0x38, 0x40, 0xe0, 0xff, 0x38, 0x3c, 0xe0, 0xff, 0x30, 0x3c, 0xe0, 0xff,
    0x30, 0x3c, 0xe0, 0xff, 0x30, 0x3c, 0xe0, 0xff, 0x30, 0x3c, 0xe0, 0xff,
    0x30, 0x3c, 0xe0, 0xff, 0x30, 0x3c, 0xe0, 0xff, 0x38, 0x40, 0xe0, 0xff,
    0x38, 0x40, 0xe8, 0xff, 0x38, 0x40, 0xe0, 0xff, 0x38, 0x40, 0xe0, 0xff,
    0x38, 0x40, 0xe8, 0xff, 0x30, 0x3c, 0xe0, 0xff, 0x38, 0x40, 0xe0, 0xff,
    0x30, 0x40, 0xe0, 0xff, 0x30, 0x40, 0xe0, 0xff, 0x38, 0x40, 0xe0, 0xff,
    0x38, 0x40, 0xe0, 0xff, 0x38, 0x40, 0xe8, 0xff, 0x30, 0x3c, 0xe0, 0xff,
    0x30, 0x34, 0xd8, 0xff, 0x28, 0x30, 0xd0, 0xff, 0x20, 0x24, 0xc8, 0xff,
    0x20, 0x24, 0x78, 0xff, 0x18, 0x28, 0x50, 0xff, 0x18, 0x28, 0x50, 0xff,
    0x18, 0x28, 0x58, 0xff, 0x18, 0x28, 0x58, 0xff, 0x18, 0x28, 0x50, 0xff,
    0x18, 0x28, 0x50, 0xff, 0x18, 0x28, 0x50, 0xff, 0x18, 0x28, 0x58, 0xff,
    0x18, 0x28, 0x58, 0xff, 0x18, 0x28, 0x50, 0xff, 0x18, 0x28, 0x58, 0xff,
    0x18, 0x28, 0x58, 0xff, 0x18, 0x28, 0x58, 0xff, 0x18, 0x28, 0x60, 0xff,
    0x18, 0x28, 0x60, 0xff, 0x18, 0x28, 0x60, 0xff, 0x18, 0x2c, 0x60, 0xff,
    0x18, 0x28, 0x58, 0xff, 0x18, 0x28, 0x60, 0xff, 0x18, 0x28, 0x60, 0xff,
    0x18, 0x28, 0x60, 0xff, 0x18, 0x28, 0x58, 0xff, 0x18, 0x28, 0x58, 0xff,
    0x18, 0x28, 0x60, 0xff, 0x18, 0x28, 0x60, 0xff, 0x18, 0x28, 0x58, 0xff,
    0x18, 0x28, 0x58, 0xff, 0x18, 0x24, 0x60, 0xff, 0x18, 0x24, 0x58, 0xff,
    0x18, 0x24, 0x50, 0xff, 0x18, 0x24, 0x50, 0xff, 0x18, 0x28, 0x48, 0xff,
    0x18, 0x24, 0x48, 0xff, 0x18, 0x24, 0x50, 0xff, 0x18, 0x28, 0x50, 0xff,
    0x18, 0x28, 0x50, 0xff, 0x18, 0x28, 0x50, 0xff, 0x18, 0x28, 0x50, 0xff,
    0x18, 0x28, 0x50, 0xff, 0x18, 0x28, 0x50, 0xff, 0x18, 0x24, 0x50, 0xff,
    0x18, 0x28, 0x58, 0xff, 0x18, 0x28, 0x60, 0xff, 0x18, 0x28, 0x60, 0xff,
    0x18, 0x28, 0x68, 0xff, 0x18, 0x28, 0x68, 0xff, 0x18, 0x28, 0x68, 0xff,
    0x18, 0x2c, 0x68, 0xff, 0x18, 0x28, 0x70, 0xff, 0x18, 0x28, 0x70, 0xff,
    0x18, 0x28, 0x68, 0xff, 0x18, 0x28, 0x68, 0xff, 0x20, 0x2c, 0x68, 0xff,
    0x18, 0x28, 0x68, 0xff, 0x18, 0x28, 0x68, 0xff, 0x18, 0x28, 0x68, 0xff,
    0x18, 0x28, 0x60, 0xff, 0x18, 0x24, 0x60, 0xff, 0x18, 0x28, 0x60, 0xff,
    0x18, 0x24, 0x60, 0xff, 0x18, 0x24, 0x60, 0xff, 0x18, 0x24, 0x60, 0xff,
    0x18, 0x24, 0x60, 0xff, 0x18, 0x24, 0x60, 0xff, 0x18, 0x24, 0x60, 0xff,
    0x18, 0x28, 0x60, 0xff, 0x18, 0x24, 0x60, 0xff, 0x18, 0x28, 0x68, 0xff,
    0x18, 0x28, 0x60, 0xff, 0x18, 0x28, 0x60, 0xff, 0x18, 0x24, 0x60, 0xff,
    0x18, 0x24, 0x60, 0xff, 0x18, 0x28, 0x58, 0xff, 0x18, 0x24, 0x60, 0xff,
    0x18, 0x24, 0x60, 0xff, 0x18, 0x24, 0x60, 0xff, 0x18, 0x24, 0x60, 0xff,
    0x18, 0x24, 0x60, 0xff, 0x18, 0x24, 0x60, 0xff, 0x18, 0x24, 0x58, 0xff,
    0x18, 0x24, 0x58, 0xff, 0x18, 0x24, 0x58, 0xff, 0x18, 0x24, 0x58, 0xff,
    0x18, 0x24, 0x58, 0xff, 0x18, 0x24, 0x58, 0xff, 0x18, 0x24, 0x58, 0xff,
    0x18, 0x24, 0x58, 0xff, 0x18, 0x24, 0x58, 0xff, 0x18, 0x24, 0x58, 0xff,
    0x18, 0x24, 0x58, 0xff, 0x18, 0x24, 0x58, 0xff, 0x18, 0x24, 0x58, 0xff,
    0x18, 0x24, 0x58, 0xff, 0x18, 0x24, 0x58, 0xff, 0x18, 0x24, 0x58, 0xff,
    0x10, 0x24, 0x58, 0xff, 0x18, 0x24, 0x58, 0xff, 0x18, 0x24, 0x58, 0xff,
    0x18, 0x20, 0x58, 0xff, 0x10, 0x24, 0x58, 0xff, 0x18, 0x24, 0x50, 0xff,
    0x18, 0x24, 0x50, 0xff, 0x18, 0x24, 0x58, 0xff, 0x18, 0x20, 0x58, 0xff,
    0x18, 0x24, 0x50, 0xff, 0x18, 0x24, 0x50, 0xff, 0x18, 0x24, 0x50, 0xff,
    0x18, 0x24, 0x50, 0x41, 0x28, 0x30, 0xd0, 0xff, 0x28, 0x34, 0xd0, 0xff,
    0x28, 0x34, 0xd0, 0xff, 0x20, 0x30, 0xc8, 0xff, 0x20, 0x30, 0xc8, 0xff,
    0x20, 0x30, 0xc8, 0xff, 0x28, 0x30, 0xd0, 0xff, 0x20, 0x2c, 0xc0, 0xff,
    0x28, 0x30, 0xc8, 0xff, 0x28, 0x38, 0xd8, 0xff, 0x28, 0x38, 0xd8, 0xff,
    0x28, 0x34, 0xd0, 0xff, 0x28, 0x34, 0xd0, 0xff, 0x30, 0x38, 0xd8, 0xff,
    0x30, 0x3c, 0xd8, 0xff, 0x30, 0x3c, 0xd8, 0xff, 0x30, 0x38, 0xe0, 0xff,
    0x30, 0x3c, 0xd8, 0xff, 0x30, 0x3c, 0xd8, 0xff, 0x30, 0x38, 0xd8, 0xff,
    0x30, 0x38, 0xd8, 0xff, 0x30, 0x3c, 0xe0, 0xff, 0x30, 0x3c, 0xd8, 0xff,
    0x30, 0x3c, 0xd8, 0xff, 0x30, 0x38, 0xe0, 0xff, 0x30, 0x38, 0xd8, 0xff,
    0x30, 0x3c, 0xd8, 0xff, 0x30, 0x3c, 0xe0, 0xff, 0x30, 0x38, 0xd8, 0xff,
    0x30, 0x38, 0xd8, 0xff, 0x30, 0x3c, 0xd8, 0xff, 0x38, 0x40, 0xe0, 0xff,
    0x30, 0x3c, 0xe0, 0xff, 0x30, 0x38, 0xd8, 0xff, 0x30, 0x38, 0xd8, 0xff,
    0x30, 0x38, 0xd8, 0xff, 0x30, 0x3c, 0xe0, 0xff, 0x30, 0x3c, 0xe0, 0xff,
    0x30, 0x3c, 0xe0, 0xff, 0x38, 0x40, 0xe0, 0xff, 0x38, 0x44, 0xe8, 0xff,
    0x38, 0x3c, 0xe0, 0xff, 0x30, 0x3c, 0xe0, 0xff, 0x38, 0x3c, 0xe0, 0xff,
    0x30, 0x3c, 0xe0, 0xff, 0x38, 0x3c, 0xe0, 0xff, 0x38, 0x3c, 0xe0, 0xff,
    0x30, 0x3c, 0xe0, 0xff, 0x30, 0x40, 0xe0, 0xff, 0x38, 0x40, 0xe0, 0xff,
    0x30, 0x3c, 0xe0, 0xff, 0x30, 0x3c, 0xe0, 0xff, 0x38, 0x3c, 0xe0, 0xff,
    0x30, 0x3c, 0xe0, 0xff, 0x30, 0x3c, 0xe0, 0xff, 0x38, 0x3c, 0xe0, 0xff,
    0x38, 0x40, 0xe0, 0xff, 0x38, 0x40, 0xe8, 0xff, 0x38, 0x40, 0xe8, 0xff,
    0x30, 0x3c, 0xe0, 0xff, 0x28, 0x34, 0xd8, 0xff, 0x28, 0x30, 0xd0, 0xff,
    0x20, 0x28, 0xc8, 0xff, 0x18, 0x28, 0x80, 0xff, 0x18, 0x28, 0x50, 0xff,
    0x18, 0x28, 0x50, 0xff, 0x18, 0x28, 0x50, 0xff, 0x18, 0x24, 0x50, 0xff,
    0x18, 0x28, 0x50, 0xff, 0x18, 0x28, 0x50, 0xff, 0x18, 0x24, 0x50, 0xff,
    0x18, 0x24, 0x50, 0xff, 0x18, 0x24, 0x50, 0xff, 0x18, 0x24, 0x50, 0xff,
    0x18, 0x28, 0x50, 0xff, 0x18, 0x24, 0x50, 0xff, 0x18, 0x24, 0x50, 0xff,
    0x18, 0x28, 0x50, 0xff, 0x18, 0x24, 0x50, 0xff, 0x10, 0x28, 0x50, 0xff,
    0x18, 0x24, 0x50, 0xff, 0x18, 0x28, 0x50, 0xff, 0x18, 0x24, 0x50, 0xff,
    0x18, 0x28, 0x58, 0xff, 0x18, 0x28, 0x58, 0xff, 0x18, 0x24, 0x58, 0xff,
    0x18, 0x28, 0x58, 0xff, 0x18, 0x28, 0x58, 0xff, 0x18, 0x24, 0x50, 0xff,
    0x18, 0x24, 0x50, 0xff, 0x18, 0x24, 0x50, 0xff, 0x18, 0x24, 0x58, 0xff,
    0x10, 0x24, 0x50, 0xff, 0x18, 0x28, 0x50, 0xff, 0x18, 0x28, 0x50, 0xff,
    0x10, 0x24, 0x48, 0xff, 0x18, 0x28, 0x48, 0xff, 0x18, 0x24, 0x48, 0xff,
    0x18, 0x24, 0x48, 0xff, 0x18, 0x24, 0x48, 0xff, 0x18, 0x24, 0x48, 0xff,
    0x18, 0x24, 0x48, 0xff, 0x18, 0x24, 0x48, 0xff, 0x18, 0x24, 0x50, 0xff,
    0x18, 0x24, 0x50, 0xff, 0x18, 0x28, 0x50, 0xff, 0x18, 0x24, 0x50, 0xff,
    0x18, 0x24, 0x50, 0xff, 0x18, 0x24, 0x50, 0xff, 0x18, 0x24, 0x58, 0xff,
    0x18, 0x24, 0x58, 0xff, 0x18, 0x24, 0x58, 0xff, 0x18, 0x24, 0x58, 0xff,
    0x18, 0x24, 0x60, 0xff, 0x18, 0x24, 0x60, 0xff, 0x18, 0x28, 0x60, 0xff,
    0x18, 0x24, 0x60, 0xff, 0x18, 0x24, 0x60, 0xff, 0x18, 0x24, 0x60, 0xff,
    0x18, 0x24, 0x60, 0xff, 0x18, 0x24, 0x60, 0xff, 0x18, 0x24, 0x60, 0xff,
    0x18, 0x24, 0x60, 0xff, 0x18, 0x24, 0x58, 0xff, 0x18, 0x24, 0x58, 0xff,
    0x18, 0x24, 0x60, 0xff, 0x18, 0x24, 0x58, 0xff, 0x18, 0x24, 0x60, 0xff,
    0x18, 0x24, 0x60, 0xff, 0x18, 0x24, 0x60, 0xff, 0x18, 0x24, 0x60, 0xff,
    0x18, 0x24, 0x60, 0xff, 0x18, 0x20, 0x60, 0xff, 0x18, 0x24, 0x60, 0xff,
    0x18, 0x20, 0x60, 0xff, 0x18, 0x24, 0x58, 0xff, 0x18, 0x24, 0x60, 0xff,
    0x10, 0x20, 0x58, 0xff, 0x18, 0x24, 0x60, 0xff, 0x18, 0x24, 0x60, 0xff,
    0x18, 0x24, 0x60, 0xff, 0x18, 0x20, 0x58, 0xff, 0x10, 0x24, 0x60, 0xff,
    0x18, 0x24, 0x60, 0xff, 0x18, 0x24, 0x60, 0xff, 0x10, 0x20, 0x58, 0xff,
    0x10, 0x20, 0x60, 0xff, 0x18, 0x24, 0x60, 0xff, 0x18, 0x24, 0x58, 0xff,
    0x18, 0x24, 0x58, 0xff, 0x18, 0x20, 0x58, 0xff, 0x18, 0x24, 0x58, 0xff,
    0x18, 0x24, 0x60, 0xff, 0x18, 0x20, 0x60, 0xff, 0x10, 0x24, 0x58, 0xff,
    0x18, 0x24, 0x58, 0xff, 0x18, 0x20, 0x58, 0xff, 0x18, 0x24, 0x58, 0xff,
    0x18, 0x20, 0x58, 0xff, 0x10, 0x20, 0x58, 0xff, 0x10, 0x24, 0x58, 0xff,
    0x18, 0x20, 0x58, 0xff, 0x18, 0x20, 0x58, 0xff, 0x18, 0x20, 0x58, 0xff,
    0x10, 0x20, 0x58, 0xff, 0x10, 0x20, 0x58, 0xff, 0x18, 0x20, 0x58, 0xff,
    0x18, 0x20, 0x58, 0xff, 0x10, 0x20, 0x58, 0xff, 0x10, 0x24, 0x50, 0xff,
    0x18, 0x24, 0x58, 0xff, 0x10, 0x20, 0x58, 0x41, 0x28, 0x34, 0xd0, 0xff,
    0x28, 0x34, 0xd0, 0xff, 0x30, 0x3c, 0xd8, 0xff, 0x28, 0x34, 0xd0, 0xff,
    0x28, 0x34, 0xd0, 0xff, 0x28, 0x34, 0xd0, 0xff, 0x20, 0x30, 0xc8, 0xff,
    0x28, 0x34, 0xd0, 0xff, 0x28, 0x34, 0xd0, 0xff, 0x30, 0x34, 0xd8, 0xff,
    0x28, 0x38, 0xd0, 0xff, 0x30, 0x38, 0xd8, 0xff, 0x30, 0x38, 0xd0, 0xff,
    0x28, 0x38, 0xd8, 0xff, 0x30, 0x3c, 0xd8, 0xff, 0x30, 0x3c, 0xd8, 0xff,
    0x30, 0x38, 0xd8, 0xff, 0x30, 0x3c, 0xd8, 0xff, 0x30, 0x38, 0xd8, 0xff,
    0x30, 0x3c, 0xe0, 0xff, 0x30, 0x3c, 0xe0, 0xff, 0x30, 0x3c, 0xe0, 0xff,
    0x30, 0x3c, 0xd8, 0xff, 0x30, 0x3c, 0xd8, 0xff, 0x30, 0x38, 0xe0, 0xff,
    0x30, 0x38, 0xd8, 0xff, 0x30, 0x38, 0xd8, 0xff, 0x30, 0x3c, 0xe0, 0xff,
    0x30, 0x3c, 0xd8, 0xff, 0x30, 0x38, 0xd8, 0xff, 0x30, 0x38, 0xd8, 0xff,
    0x30, 0x3c, 0xd8, 0xff, 0x30, 0x3c, 0xe0, 0xff, 0x38, 0x3c, 0xe0, 0xff,
    0x30, 0x38, 0xd8, 0xff, 0x28, 0x34, 0xd8, 0xff, 0x30, 0x3c, 0xe0, 0xff,
    0x30, 0x38, 0xe0, 0xff, 0x38, 0x40, 0xe0, 0xff, 0x38, 0x40, 0xe0, 0xff,
    0x38, 0x44, 0xe8, 0xff, 0x38, 0x40, 0xe0, 0xff, 0x38, 0x3c, 0xe0, 0xff,
    0x38, 0x40, 0xe0, 0xff, 0x38, 0x40, 0xe0, 0xff, 0x38, 0x40, 0xe8, 0xff,
    0x38, 0x40, 0xe8, 0xff, 0x30, 0x3c, 0xe0, 0xff, 0x30, 0x3c, 0xe0, 0xff,
    0x30, 0x3c, 0xe0, 0xff, 0x38, 0x40, 0xe8, 0xff, 0x30, 0x3c, 0xe0, 0xff,
    0x38, 0x3c, 0xe0, 0xff, 0x30, 0x3c, 0xe0, 0xff, 0x38, 0x3c, 0xe0, 0xff,
    0x30, 0x3c, 0xe0, 0xff, 0x30, 0x3c, 0xe0, 0xff, 0x38, 0x40, 0xe8, 0xff,
    0x30, 0x40, 0xe0, 0xff, 0x38, 0x40, 0xe0, 0xff, 0x30, 0x3c, 0xe0, 0xff,
    0x30, 0x34, 0xd8, 0xff, 0x28, 0x30, 0xd0, 0xff, 0x20, 0x28, 0xb8, 0xff,
    0x20, 0x20, 0xa0, 0xff, 0x18, 0x1c, 0x90, 0xff, 0x18, 0x1c, 0x90, 0xff,
    0x18, 0x1c, 0x90, 0xff, 0x18, 0x1c, 0x90, 0xff, 0x18, 0x20, 0x90, 0xff,
    0x18, 0x1c, 0x90, 0xff, 0x18, 0x1c, 0x90, 0xff, 0x18, 0x1c, 0x90, 0xff,
    0x18, 0x1c, 0x88, 0xff, 0x18, 0x1c, 0x88, 0xff, 0x18, 0x1c, 0x90, 0xff,
    0x18, 0x1c, 0x90, 0xff, 0x18, 0x20, 0x90, 0xff, 0x18, 0x1c, 0x90, 0xff,
    0x18, 0x1c, 0x98, 0xff, 0x18, 0x1c, 0x98, 0xff, 0x18, 0x20, 0x98, 0xff,
    0x18, 0x1c, 0x98, 0xff, 0x18, 0x1c, 0x90, 0xff, 0x18, 0x1c, 0x98, 0xff,
    0x18, 0x1c, 0x98, 0xff, 0x18, 0x1c, 0x98, 0xff, 0x18, 0x1c, 0x98, 0xff,
    0x18, 0x20, 0x98, 0xff, 0x18, 0x20, 0x98, 0xff, 0x18, 0x1c, 0x98, 0xff,
    0x18, 0x1c, 0x98, 0xff, 0x18, 0x1c, 0x98, 0xff, 0x18, 0x1c, 0x98, 0xff,
    0x18, 0x1c, 0xa0, 0xff, 0x18, 0x1c, 0xa0, 0xff, 0x18, 0x1c, 0xa0, 0xff,
    0x18, 0x20, 0xa0, 0xff, 0x18, 0x1c, 0xa0, 0xff, 0x18, 0x1c, 0xa0, 0xff,
    0x18, 0x1c, 0xa0, 0xff, 0x18, 0x1c, 0xa8, 0xff, 0x18, 0x1c, 0xa0, 0xff,
    0x18, 0x1c, 0xa8, 0xff, 0x18, 0x1c, 0xa0, 0xff, 0x18, 0x1c, 0xa0, 0xff,
    0x18, 0x1c, 0xa0, 0xff, 0x18, 0x1c, 0xa0, 0xff, 0x18, 0x1c, 0xa0, 0xff,
    0x18, 0x20, 0xa0, 0xff, 0x18, 0x1c, 0xa0, 0xff, 0x18, 0x1c, 0xa8, 0xff,
    0x18, 0x1c, 0xa0, 0xff, 0x18, 0x1c, 0xa0, 0xff, 0x18, 0x1c, 0xa0, 0xff,
    0x18, 0x1c, 0xa0, 0xff, 0x18, 0x1c, 0xa8, 0xff, 0x18, 0x20, 0xa8, 0xff,
    0x18, 0x1c, 0xa8, 0xff, 0x18, 0x1c, 0xa0, 0xff, 0x20, 0x1c, 0xa8, 0xff,
    0x18, 0x1c, 0xa0, 0xff, 0x18, 0x1c, 0xa0, 0xff, 0x18, 0x1c, 0xa8, 0xff,
    0x18, 0x1c, 0xa8, 0xff, 0x18, 0x1c, 0xa8, 0xff, 0x18, 0x1c, 0xa8, 0xff,
    0x18, 0x1c, 0xa8, 0xff, 0x18, 0x1c, 0xa8, 0xff, 0x18, 0x1c, 0xa8, 0xff,
    0x18, 0x1c, 0xa8, 0xff, 0x18, 0x1c, 0xa8, 0xff, 0x18, 0x1c, 0xa8, 0xff,
    0x18, 0x1c, 0xa8, 0xff, 0x18, 0x1c, 0xa8, 0xff, 0x18, 0x20, 0xa8, 0xff,
    0x18, 0x1c, 0xa8, 0xff, 0x18, 0x1c, 0xa0, 0xff, 0x18, 0x1c, 0xa8, 0xff,
    0x18, 0x1c, 0xa8, 0xff, 0x18, 0x1c, 0xa8, 0xff, 0x18, 0x1c, 0xa0, 0xff,
    0x18, 0x1c, 0xa0, 0xff, 0x18, 0x1c, 0xa8, 0xff, 0x18, 0x1c, 0xa8, 0xff,
    0x18, 0x1c, 0xa8, 0xff, 0x18, 0x1c, 0xa8, 0xff, 0x18, 0x1c, 0xa8, 0xff,
    0x18, 0x1c, 0xa8, 0xff, 0x18, 0x1c, 0xa8, 0xff, 0x18, 0x18, 0xa8, 0xff,
    0x18, 0x1c, 0xa8, 0xff, 0x18, 0x1c, 0xa0, 0xff, 0x18, 0x1c, 0xa8, 0xff,
    0x18, 0x1c, 0xa8, 0xff, 0x18, 0x1c, 0xa8, 0xff, 0x18, 0x1c, 0xa8, 0xff,
    0x18, 0x1c, 0xa8, 0xff, 0x18, 0x1c, 0xa0, 0xff, 0x18, 0x18, 0xa0, 0xff,
    0x18, 0x1c, 0xa0, 0xff, 0x18, 0x1c, 0xa0, 0xff, 0x18, 0x18, 0xa8, 0xff,
    0x18, 0x1c, 0xa8, 0xff, 0x18, 0x1c, 0xa8, 0xff, 0x18, 0x1c, 0xa8, 0xff,
    0x18, 0x1c, 0xa8, 0xff, 0x18, 0x1c, 0xa8, 0xff, 0x18, 0x1c, 0xa0, 0xff,
    0x18, 0x18, 0xa0, 0xff, 0x18, 0x1c, 0xa0, 0xff, 0x18, 0x1c, 0xa0, 0x41,
    0x28, 0x38, 0xd0, 0xff, 0x28, 0x38, 0xd0, 0xff, 0x30, 0x38, 0xd8, 0xff,
    0x30, 0x38, 0xd8, 0xff, 0x28, 0x34, 0xd0, 0xff, 0x28, 0x34, 0xd0, 0xff,
    0x28, 0x34, 0xd0, 0xff, 0x20, 0x2c, 0xc8, 0xff, 0x28, 0x30, 0xd0, 0xff,
    0x28, 0x34, 0xd0, 0xff, 0x28, 0x34, 0xd0, 0xff, 0x30, 0x38, 0xd8, 0xff,
    0x28, 0x34, 0xd8, 0xff, 0x30, 0x38, 0xd8, 0xff, 0x30, 0x38, 0xd8, 0xff,
    0x30, 0x3c, 0xd8, 0xff, 0x30, 0x3c, 0xd8, 0xff, 0x30, 0x3c, 0xd8, 0xff,
    0x30, 0x3c, 0xd8, 0xff, 0x30, 0x3c, 0xd8, 0xff, 0x30, 0x38, 0xd8, 0xff,
    0x30, 0x3c, 0xe0, 0xff, 0x38, 0x40, 0xe0, 0xff, 0x30, 0x3c, 0xe0, 0xff,
    0x30, 0x3c, 0xe0, 0xff, 0x30, 0x3c, 0xd8, 0xff, 0x30, 0x3c, 0xe0, 0xff,
    0x30, 0x3c, 0xd8, 0xff, 0x30, 0x3c, 0xe0, 0xff, 0x30, 0x38, 0xd8, 0xff,
    0x30, 0x3c, 0xe0, 0xff, 0x30, 0x3c, 0xe0, 0xff, 0x30, 0x3c, 0xe0, 0xff,
    0x38, 0x40, 0xe0, 0xff, 0x38, 0x3c, 0xe0, 0xff, 0x38, 0x40, 0xe0, 0xff,
    0x30, 0x3c, 0xe0, 0xff, 0x38, 0x3c, 0xe0, 0xff, 0x38, 0x40, 0xd8, 0xff,
    0x38, 0x44, 0xe0, 0xff, 0x38, 0x44, 0xe8, 0xff, 0x38, 0x40, 0xe8, 0xff,
    0x38, 0x40, 0xe0, 0xff, 0x30, 0x3c, 0xe0, 0xff, 0x30, 0x3c, 0xe0, 0xff,
    0x38, 0x40, 0xe0, 0xff, 0x30, 0x3c, 0xe0, 0xff, 0x30, 0x3c, 0xe0, 0xff,
    0x30, 0x38, 0xe0, 0xff, 0x30, 0x3c, 0xe0, 0xff, 0x38, 0x3c, 0xe0, 0xff,
    0x38, 0x3c, 0xe0, 0xff, 0x38, 0x40, 0xe8, 0xff, 0x30, 0x3c, 0xe0, 0xff,
    0x38, 0x3c, 0xe0, 0xff, 0x38, 0x40, 0xe8, 0xff, 0x38, 0x40, 0xe0, 0xff,
    0x38, 0x40, 0xe0, 0xff, 0x38, 0x3c, 0xe0, 0xff, 0x30, 0x3c, 0xe0, 0xff,
    0x30, 0x3c, 0xe0, 0xff, 0x30, 0x38, 0xd8, 0xff, 0x28, 0x34, 0xd8, 0xff,
    0x28, 0x30, 0xd0, 0xff, 0x28, 0x28, 0xc8, 0xff, 0x20, 0x24, 0xb8, 0xff,
    0x20, 0x24, 0xc0, 0xff, 0x20, 0x28, 0xc0, 0xff, 0x20, 0x28, 0xc0, 0xff,
    0x20, 0x28, 0xc0, 0xff, 0x20, 0x28, 0xc0, 0xff, 0x20, 0x28, 0xc0, 0xff,
    0x20, 0x28, 0xb8, 0xff, 0x20, 0x24, 0xb8, 0xff, 0x20, 0x24, 0xb8, 0xff,
    0x20, 0x24, 0xb8, 0xff, 0x20, 0x24, 0xb8, 0xff, 0x20, 0x28, 0xc0, 0xff,
    0x28, 0x28, 0xc0, 0xff, 0x20, 0x28, 0xc0, 0xff, 0x28, 0x28, 0xc0, 0xff,
    0x20, 0x28, 0xc0, 0xff, 0x20, 0x24, 0xb8, 0xff, 0x20, 0x28, 0xc0, 0xff,
    0x20, 0x28, 0xb8, 0xff, 0x20, 0x24, 0xb8, 0xff, 0x20, 0x28, 0xb8, 0xff,
    0x28, 0x28, 0xb8, 0xff, 0x28, 0x28, 0xc0, 0xff, 0x28, 0x28, 0xc0, 0xff,
    0x28, 0x28, 0xc0, 0xff, 0x28, 0x28, 0xc0, 0xff, 0x28, 0x28, 0xc0, 0xff,
    0x28, 0x28, 0xc8, 0xff, 0x28, 0x2c, 0xc8, 0xff, 0x28, 0x28, 0xc8, 0xff,
    0x28, 0x28, 0xc8, 0xff, 0x20, 0x28, 0xc0, 0xff, 0x20, 0x28, 0xc0, 0xff,
    0x28, 0x2c, 0xc8, 0xff, 0x28, 0x2c, 0xc8, 0xff, 0x28, 0x2c, 0xc8, 0xff,
    0x28, 0x2c, 0xc8, 0xff, 0x28, 0x2c, 0xc8, 0xff, 0x28, 0x2c, 0xc8, 0xff,
    0x28, 0x28, 0xc8, 0xff, 0x20, 0x28, 0xc0, 0xff, 0x28, 0x28, 0xc8, 0xff,
    0x28, 0x28, 0xc8, 0xff, 0x28, 0x2c, 0xc8, 0xff, 0x20, 0x28, 0xc0, 0xff,
    0x28, 0x2c, 0xc8, 0xff, 0x28, 0x2c, 0xc8, 0xff, 0x28, 0x28, 0xc8, 0xff,
    0x28, 0x28, 0xc0, 0xff, 0x20, 0x28, 0xc8, 0xff, 0x28, 0x2c, 0xc8, 0xff,
    0x28, 0x2c, 0xc8, 0xff, 0x28, 0x30, 0xc8, 0xff, 0x20, 0x2c, 0xc8, 0xff,
    0x28, 0x2c, 0xc8, 0xff, 0x28, 0x2c, 0xc8, 0xff, 0x28, 0x2c, 0xc8, 0xff,
    0x20, 0x28, 0xc0, 0xff, 0x28, 0x28, 0xc0, 0xff, 0x20, 0x28, 0xc0, 0xff,
    0x28, 0x2c, 0xc8, 0xff, 0x28, 0x2c, 0xc8, 0xff, 0x28, 0x2c, 0xc8, 0xff,
    0x28, 0x2c, 0xc8, 0xff, 0x28, 0x2c, 0xc8, 0xff, 0x20, 0x2c, 0xc8, 0xff,
    0x28, 0x2c, 0xc8, 0xff, 0x28, 0x2c, 0xc8, 0xff, 0x20, 0x2c, 0xc8, 0xff,
    0x20, 0x2c, 0xc8, 0xff, 0x20, 0x28, 0xc0, 0xff, 0x20, 0x28, 0xc8, 0xff,
    0x28, 0x2c, 0xc8, 0xff, 0x28, 0x2c, 0xc8, 0xff, 0x20, 0x28, 0xc8, 0xff,
    0x20, 0x28, 0xc0, 0xff, 0x20, 0x28, 0xc0, 0xff, 0x28, 0x28, 0xc8, 0xff,
    0x28, 0x28, 0xc8, 0xff, 0x20, 0x2c, 0xc8, 0xff, 0x28, 0x2c, 0xc8, 0xff,
    0x20, 0x28, 0xc8, 0xff, 0x20, 0x2c, 0xc8, 0xff, 0x20, 0x28, 0xc8, 0xff,
    0x20, 0x28, 0xc8, 0xff, 0x20, 0x2c, 0xc0, 0xff, 0x20, 0x28, 0xc0, 0xff,
    0x20, 0x28, 0xc8, 0xff, 0x20, 0x28, 0xc0, 0xff, 0x20, 0x28, 0xc0, 0xff,
    0x20, 0x28, 0xc0, 0xff, 0x20, 0x28, 0xc0, 0xff, 0x20, 0x28, 0xc0, 0xff,
    0x20, 0x2c, 0xc8, 0xff, 0x28, 0x2c, 0xc8, 0xff, 0x20, 0x28, 0xc0, 0xff,
    0x20, 0x2c, 0xc8, 0xff, 0x28, 0x2c, 0xc8, 0xff, 0x28, 0x2c, 0xc0, 0xff,
    0x28, 0x2c, 0xc0, 0xff, 0x28, 0x2c, 0xc0, 0xff, 0x20, 0x2c, 0xc0, 0xff,
    0x20, 0x2c, 0xc0, 0xff, 0x28, 0x2c, 0xc0, 0xff, 0x28, 0x2c, 0xc8, 0xff,
    0x28, 0x2c, 0xc0, 0x41, 0x28, 0x38, 0xd0, 0xff, 0x28, 0x34, 0xd0, 0xff,
    0x28, 0x38, 0xd0, 0xff, 0x28, 0x34, 0xd0, 0xff, 0x28, 0x38, 0xd0, 0xff,
    0x28, 0x34, 0xd0, 0xff, 0x30, 0x38, 0xd8, 0xff, 0x28, 0x34, 0xc8, 0xff,
    0x28, 0x34, 0xd0, 0xff, 0x28, 0x34, 0xd0, 0xff, 0x28, 0x38, 0xd8, 0xff,
    0x30, 0x38, 0xd8, 0xff, 0x30, 0x38, 0xd8, 0xff, 0x30, 0x38, 0xd0, 0xff,
    0x30, 0x3c, 0xd8, 0xff, 0x30, 0x38, 0xd8, 0xff, 0x30, 0x3c, 0xd8, 0xff,
    0x30, 0x3c, 0xd8, 0xff, 0x30, 0x40, 0xd8, 0xff, 0x30, 0x3c, 0xd8, 0xff,
    0x30, 0x3c, 0xe0, 0xff, 0x30, 0x3c, 0xe0, 0xff, 0x38, 0x40, 0xe0, 0xff,
    0x38, 0x3c, 0xe0, 0xff, 0x30, 0x3c, 0xe0, 0xff, 0x38, 0x3c, 0xe0, 0xff,
    0x38, 0x3c, 0xe0, 0xff, 0x30, 0x3c, 0xe0, 0xff, 0x30, 0x3c, 0xe0, 0xff,
    0x30, 0x3c, 0xd8, 0xff, 0x30, 0x3c, 0xe0, 0xff, 0x38, 0x3c, 0xe0, 0xff,
    0x30, 0x3c, 0xd8, 0xff, 0x38, 0x40, 0xe0, 0xff, 0x30, 0x3c, 0xe0, 0xff,
    0x30, 0x3c, 0xe0, 0xff, 0x30, 0x3c, 0xd8, 0xff, 0x38, 0x40, 0xe0, 0xff,
    0x38, 0x44, 0xe0, 0xff, 0x38, 0x40, 0xe0, 0xff, 0x38, 0x44, 0xe8, 0xff,
    0x38, 0x44, 0xe8, 0xff, 0x38, 0x40, 0xe0, 0xff, 0x30, 0x3c, 0xe0, 0xff,
    0x38, 0x3c, 0xe0, 0xff, 0x30, 0x3c, 0xe0, 0xff, 0x30, 0x3c, 0xe0, 0xff,
    0x38, 0x3c, 0xe0, 0xff, 0x30, 0x3c, 0xe0, 0xff, 0x30, 0x3c, 0xe0, 0xff,
    0x30, 0x3c, 0xe0, 0xff, 0x30, 0x3c, 0xe0, 0xff, 0x30, 0x38, 0xe0, 0xff,
    0x30, 0x3c, 0xe0, 0xff, 0x38, 0x3c, 0xe0, 0xff, 0x38, 0x40, 0xe8, 0xff,
    0x30, 0x40, 0xe0, 0xff, 0x38, 0x3c, 0xe0, 0xff, 0x38, 0x40, 0xe8, 0xff,
    0x38, 0x3c, 0xe0, 0xff, 0x30, 0x3c, 0xe0, 0xff, 0x30, 0x3c, 0xe0, 0xff,
    0x30, 0x38, 0xd8, 0xff, 0x30, 0x34, 0xd8, 0xff, 0x28, 0x34, 0xd8, 0xff,
    0x28, 0x34, 0xd8, 0xff, 0x30, 0x34, 0xd8, 0xff, 0x30, 0x34, 0xd8, 0xff,
    0x28, 0x30, 0xd0, 0xff, 0x30, 0x30, 0xd8, 0xff, 0x30, 0x30, 0xd8, 0xff,
    0x30, 0x34, 0xd8, 0xff, 0x30, 0x34, 0xd0, 0xff, 0x28, 0x30, 0xd0, 0xff,
    0x28, 0x30, 0xd0, 0xff, 0x28, 0x30, 0xd0, 0xff, 0x28, 0x30, 0xd0, 0xff,
    0x30, 0x30, 0xd8, 0xff, 0x28, 0x30, 0xd0, 0xff, 0x30, 0x30, 0xd0, 0xff,
    0x30, 0x34, 0xd8, 0xff, 0x30, 0x34, 0xd0, 0xff, 0x28, 0x30, 0xd0, 0xff,
    0x28, 0x30, 0xd0, 0xff, 0x28, 0x30, 0xd0, 0xff, 0x30, 0x34, 0xd0, 0xff,
    0x30, 0x34, 0xd8, 0xff, 0x28, 0x34, 0xd8, 0xff, 0x28, 0x30, 0xd0, 0xff,
    0x30, 0x34, 0xd8, 0xff, 0x30, 0x34, 0xd8, 0xff, 0x30, 0x38, 0xd8, 0xff,
    0x28, 0x34, 0xd8, 0xff, 0x30, 0x34, 0xd8, 0xff, 0x28, 0x34, 0xd8, 0xff,
    0x28, 0x34, 0xd8, 0xff, 0x30, 0x34, 0xd8, 0xff, 0x30, 0x34, 0xd8, 0xff,
    0x30, 0x34, 0xd8, 0xff, 0x30, 0x38, 0xd8, 0xff, 0x30, 0x34, 0xd8, 0xff,
    0x30, 0x34, 0xd8, 0xff, 0x30, 0x38, 0xd8, 0xff, 0x30, 0x38, 0xd8, 0xff,
    0x30, 0x38, 0xd8, 0xff, 0x30, 0x38, 0xd8, 0xff, 0x30, 0x34, 0xd8, 0xff,
    0x30, 0x34, 0xd8, 0xff, 0x30, 0x34, 0xd8, 0xff, 0x30, 0x34, 0xd8, 0xff,
    0x28, 0x30, 0xd8, 0xff, 0x28, 0x34, 0xd8, 0xff, 0x28, 0x34, 0xd8, 0xff,
    0x30, 0x34, 0xd8, 0xff, 0x30, 0x34, 0xd8, 0xff, 0x28, 0x34, 0xd8, 0xff,
    0x28, 0x34, 0xd8, 0xff, 0x30, 0x34, 0xd8, 0xff, 0x30, 0x34, 0xd8, 0xff,
    0x28, 0x34, 0xd8, 0xff, 0x28, 0x34, 0xd8, 0xff, 0x28, 0x34, 0xd0, 0xff,
    0x28, 0x34, 0xd8, 0xff, 0x28, 0x30, 0xd8, 0xff, 0x28, 0x30, 0xd0, 0xff,
    0x28, 0x30, 0xd0, 0xff, 0x28, 0x34, 0xd8, 0xff, 0x28, 0x34, 0xd8, 0xff,
    0x28, 0x34, 0xd8, 0xff, 0x28, 0x34, 0xd8, 0xff, 0x28, 0x34, 0xd0, 0xff,
    0x28, 0x34, 0xd8, 0xff, 0x28, 0x30, 0xd8, 0xff, 0x30, 0x34, 0xd8, 0xff,
    0x28, 0x34, 0xd8, 0xff, 0x28, 0x34, 0xd8, 0xff, 0x28, 0x34, 0xd0, 0xff,
    0x30, 0x34, 0xd8, 0xff, 0x30, 0x34, 0xd8, 0xff, 0x30, 0x38, 0xd8, 0xff,
    0x28, 0x34, 0xd8, 0xff, 0x28, 0x30, 0xd0, 0xff, 0x28, 0x30, 0xd0, 0xff,
    0x28, 0x30, 0xd0, 0xff, 0x28, 0x30, 0xd0, 0xff, 0x28, 0x34, 0xd8, 0xff,
    0x28, 0x34, 0xd8, 0xff, 0x28, 0x30, 0xd0, 0xff, 0x28, 0x30, 0xd0, 0xff,
    0x28, 0x30, 0xd8, 0xff, 0x28, 0x30, 0xd0, 0xff, 0x28, 0x30, 0xd0, 0xff,
    0x28, 0x30, 0xd0, 0xff, 0x28, 0x30, 0xd0, 0xff, 0x28, 0x30, 0xd0, 0xff,
    0x28, 0x2c, 0xd0, 0xff, 0x20, 0x30, 0xd0, 0xff, 0x28, 0x30, 0xd0, 0xff,
    0x28, 0x34, 0xd0, 0xff, 0x28, 0x34, 0xd0, 0xff, 0x28, 0x34, 0xd0, 0xff,
    0x30, 0x34, 0xd0, 0xff, 0x30, 0x3c, 0xd8, 0xff, 0x30, 0x38, 0xd8, 0xff,
    0x28, 0x38, 0xd0, 0xff, 0x28, 0x34, 0xd0, 0xff, 0x30, 0x38, 0xd0, 0xff,
    0x28, 0x38, 0xd0, 0xff, 0x30, 0x38, 0xd0, 0xff, 0x28, 0x38, 0xd0, 0xff,
    0x30, 0x38, 0xd8, 0xff, 0x30, 0x38, 0xd8, 0x41, 0x28, 0x38, 0xd8, 0xff,
    0x30, 0x38, 0xd0, 0xff, 0x30, 0x38, 0xd8, 0xff, 0x28, 0x34, 0xd0, 0xff,
    0x30, 0x38, 0xd8, 0xff, 0x28, 0x34, 0xd0, 0xff, 0x28, 0x38, 0xd0, 0xff,
    0x28, 0x34, 0xd0, 0xff, 0x28, 0x34, 0xd0, 0xff, 0x20, 0x30, 0xc8, 0xff,
    0x28, 0x38, 0xd0, 0xff, 0x28, 0x38, 0xd0, 0xff, 0x30, 0x40, 0xd8, 0xff,
    0x30, 0x38, 0xd8, 0xff, 0x30, 0x38, 0xd8, 0xff, 0x30, 0x3c, 0xd8, 0xff,
    0x30, 0x40, 0xe0, 0xff, 0x30, 0x3c, 0xd8, 0xff, 0x30, 0x3c, 0xd8, 0xff,
    0x30, 0x3c, 0xd8, 0xff, 0x30, 0x3c, 0xd8, 0xff, 0x30, 0x3c, 0xd8, 0xff,
    0x38, 0x3c, 0xe0, 0xff, 0x30, 0x3c, 0xd8, 0xff, 0x30, 0x3c, 0xe0, 0xff,
    0x30, 0x3c, 0xe0, 0xff, 0x30, 0x3c, 0xd8, 0xff, 0x30, 0x3c, 0xd8, 0xff,
    0x30, 0x3c, 0xe0, 0xff, 0x30, 0x3c, 0xd8, 0xff, 0x38, 0x3c, 0xe0, 0xff,
    0x30, 0x3c, 0xe0, 0xff, 0x30, 0x3c, 0xe0, 0xff, 0x30, 0x3c, 0xe0, 0xff,
    0x30, 0x3c, 0xe0, 0xff, 0x38, 0x3c, 0xe0, 0xff, 0x30, 0x40, 0xe0, 0xff,
    0x38, 0x40, 0xe0, 0xff, 0x38, 0x40, 0xe0, 0xff, 0x38, 0x40, 0xe0, 0xff,
    0x38, 0x40, 0xe0, 0xff, 0x38, 0x44, 0xe8, 0xff, 0x30, 0x3c, 0xe0, 0xff,
    0x30, 0x3c, 0xe0, 0xff, 0x30, 0x3c, 0xe0, 0xff, 0x38, 0x3c, 0xe0, 0xff,
    0x30, 0x3c, 0xe0, 0xff, 0x30, 0x3c, 0xe0, 0xff, 0x38, 0x3c, 0xd8, 0xff,
    0x30, 0x38, 0xe0, 0xff, 0x38, 0x3c, 0xe0, 0xff, 0x30, 0x3c, 0xe0, 0xff,
    0x30, 0x3c, 0xe0, 0xff, 0x30, 0x3c, 0xe0, 0xff, 0x38, 0x3c, 0xe0, 0xff,
    0x30, 0x3c, 0xe0, 0xff, 0x30, 0x40, 0xe0, 0xff, 0x30, 0x3c, 0xe8, 0xff,
    0x38, 0x40, 0xe8, 0xff, 0x38, 0x40, 0xe0, 0xff, 0x38, 0x40, 0xe8, 0xff,
    0x38, 0x40, 0xe0, 0xff, 0x38, 0x40, 0xe0, 0xff, 0x38, 0x3c, 0xe0, 0xff,
    0x30, 0x3c, 0xe0, 0xff, 0x30, 0x3c, 0xe0, 0xff, 0x30, 0x3c, 0xd8, 0xff,
    0x30, 0x38, 0xe0, 0xff, 0x30, 0x38, 0xd8, 0xff, 0x30, 0x38, 0xd8, 0xff,
    0x30, 0x38, 0xd8, 0xff, 0x30, 0x38, 0xd8, 0xff, 0x30, 0x34, 0xd8, 0xff,
    0x30, 0x34, 0xd8, 0xff, 0x30, 0x34, 0xd8, 0xff, 0x30, 0x34, 0xd8, 0xff,
    0x28, 0x34, 0xd8, 0xff, 0x30, 0x38, 0xd8, 0xff, 0x30, 0x38, 0xd8, 0xff,
    0x30, 0x38, 0xd8, 0xff, 0x30, 0x38, 0xd8, 0xff, 0x30, 0x38, 0xe0, 0xff,
    0x30, 0x38, 0xd8, 0xff, 0x30, 0x38, 0xd8, 0xff, 0x30, 0x38, 0xd8, 0xff,
    0x30, 0x38, 0xd8, 0xff, 0x30, 0x34, 0xd8, 0xff, 0x30, 0x38, 0xd8, 0xff,
    0x30, 0x38, 0xe0, 0xff, 0x30, 0x38, 0xd8, 0xff, 0x30, 0x38, 0xd8, 0xff,
    0x30, 0x3c, 0xe0, 0xff, 0x30, 0x3c, 0xe0, 0xff, 0x30, 0x3c, 0xe0, 0xff,
    0x30, 0x3c, 0xd8, 0xff, 0x30, 0x38, 0xd8, 0xff, 0x30, 0x3c, 0xe0, 0xff,
    0x30, 0x38, 0xd8, 0xff, 0x38, 0x3c, 0xe0, 0xff, 0x30, 0x3c, 0xe0, 0xff,
    0x30, 0x3c, 0xd8, 0xff, 0x30, 0x3c, 0xd8, 0xff, 0x38, 0x3c, 0xe0, 0xff,
    0x38, 0x40, 0xe0, 0xff, 0x30, 0x3c, 0xe0, 0xff, 0x30, 0x3c, 0xe0, 0xff,
    0x30, 0x38, 0xe0, 0xff, 0x30, 0x3c, 0xd8, 0xff, 0x30, 0x3c, 0xd8, 0xff,
    0x30, 0x3c, 0xe0, 0xff, 0x30, 0x38, 0xe0, 0xff, 0x30, 0x38, 0xd8, 0xff,
    0x30, 0x38, 0xd8, 0xff, 0x30, 0x38, 0xd8, 0xff, 0x30, 0x3c, 0xe0, 0xff,
    0x30, 0x3c, 0xe0, 0xff, 0x30, 0x3c, 0xe0, 0xff, 0x30, 0x38, 0xd8, 0xff,
    0x30, 0x3c, 0xe0, 0xff, 0x30, 0x38, 0xd8, 0xff, 0x30, 0x38, 0xd8, 0xff,
    0x30, 0x38, 0xd8, 0xff, 0x30, 0x34, 0xd8, 0xff, 0x30, 0x34, 0xd8, 0xff,
    0x30, 0x34, 0xd8, 0xff, 0x30, 0x34, 0xd8, 0xff, 0x30, 0x34, 0xd8, 0xff,
    0x30, 0x38, 0xd8, 0xff, 0x30, 0x38, 0xd8, 0xff, 0x30, 0x38, 0xe0, 0xff,
    0x30, 0x38, 0xd8, 0xff, 0x30, 0x3c, 0xe0, 0xff, 0x30, 0x3c, 0xe0, 0xff,
    0x30, 0x3c, 0xd8, 0xff, 0x30, 0x3c, 0xd8, 0xff, 0x30, 0x3c, 0xd8, 0xff,
    0x30, 0x38, 0xd8, 0xff, 0x30, 0x38, 0xe0, 0xff, 0x30, 0x38, 0xe0, 0xff,
    0x30, 0x3c, 0xe0, 0xff, 0x30, 0x3c, 0xe0, 0xff, 0x28, 0x34, 0xd8, 0xff,
    0x28, 0x34, 0xd8, 0xff, 0x28, 0x34, 0xd8, 0xff, 0x30, 0x34, 0xd8, 0xff,
    0x30, 0x38, 0xd8, 0xff, 0x30, 0x38, 0xd8, 0xff, 0x30, 0x38, 0xd8, 0xff,
    0x30, 0x38, 0xd8, 0xff, 0x30, 0x38, 0xd8, 0xff, 0x30, 0x38, 0xd8, 0xff,
    0x28, 0x38, 0xd8, 0xff, 0x28, 0x34, 0xd0, 0xff, 0x28, 0x34, 0xd8, 0xff,
    0x30, 0x38, 0xd8, 0xff, 0x30, 0x38, 0xd8, 0xff, 0x30, 0x38, 0xd8, 0xff,
    0x30, 0x38, 0xd8, 0xff, 0x30, 0x3c, 0xd8, 0xff, 0x30, 0x3c, 0xd8, 0xff,
    0x30, 0x40, 0xd8, 0xff, 0x38, 0x40, 0xe0, 0xff, 0x30, 0x40, 0xd8, 0xff,
    0x30, 0x3c, 0xd8, 0xff, 0x30, 0x3c, 0xd8, 0xff, 0x30, 0x40, 0xd8, 0xff,
    0x30, 0x3c, 0xd8, 0xff, 0x30, 0x3c, 0xd8, 0xff, 0x30, 0x38, 0xd8, 0xff,
    0x30, 0x38, 0xd8, 0xff, 0x30, 0x3c, 0xd8, 0xff, 0x30, 0x3c, 0xd8, 0x41,
    0x30, 0x38, 0xd0, 0xff, 0x28, 0x38, 0xd8, 0xff, 0x30, 0x38, 0xd8, 0xff,
    0x30, 0x3c, 0xd8, 0xff, 0x28, 0x38, 0xd0, 0xff, 0x28, 0x34, 0xd0, 0xff,
    0x30, 0x38, 0xd8, 0xff, 0x30, 0x38, 0xd8, 0xff, 0x30, 0x38, 0xd8, 0xff,
    0x28, 0x30, 0xd0, 0xff, 0x28, 0x30, 0xc8, 0xff, 0x28, 0x38, 0xd8, 0xff,
    0x30, 0x3c, 0xd8, 0xff, 0x30, 0x38, 0xd8, 0xff, 0x30, 0x38, 0xd8, 0xff,
    0x30, 0x3c, 0xd8, 0xff, 0x30, 0x40, 0xe0, 0xff, 0x30, 0x3c, 0xe0, 0xff,
    0x30, 0x3c, 0xd8, 0xff, 0x30, 0x3c, 0xd8, 0xff, 0x30, 0x3c, 0xd8, 0xff,
    0x38, 0x40, 0xe0, 0xff, 0x30, 0x40, 0xd8, 0xff, 0x38, 0x40, 0xe0, 0xff,
    0x38, 0x40, 0xe0, 0xff, 0x30, 0x3c, 0xe0, 0xff, 0x30, 0x3c, 0xd8, 0xff,
    0x38, 0x3c, 0xe0, 0xff, 0x30, 0x3c, 0xd8, 0xff, 0x30, 0x3c, 0xe0, 0xff,
    0x38, 0x40, 0xe0, 0xff, 0x38, 0x40, 0xe0, 0xff, 0x38, 0x40, 0xe0, 0xff,
    0x38, 0x40, 0xe0, 0xff, 0x30, 0x3c, 0xd8, 0xff, 0x38, 0x40, 0xe0, 0xff,
    0x38, 0x44, 0xe0, 0xff, 0x38, 0x40, 0xe0, 0xff, 0x38, 0x40, 0xe0, 0xff,
    0x38, 0x40, 0xe0, 0xff, 0x38, 0x40, 0xe0, 0xff, 0x38, 0x44, 0xe8, 0xff,
    0x30, 0x3c, 0xe0, 0xff, 0x38, 0x40, 0xe0, 0xff, 0x38, 0x3c, 0xe0, 0xff,
    0x38, 0x3c, 0xe0, 0xff, 0x30, 0x38, 0xe0, 0xff, 0x30, 0x38, 0xd8, 0xff,
    0x38, 0x3c, 0xe0, 0xff, 0x30, 0x3c, 0xe0, 0xff, 0x38, 0x3c, 0xe0, 0xff,
    0x38, 0x3c, 0xe0, 0xff, 0x30, 0x3c, 0xe0, 0xff, 0x30, 0x3c, 0xe0, 0xff,
    0x38, 0x40, 0xe0, 0xff, 0x38, 0x40, 0xe0, 0xff, 0x38, 0x40, 0xe8, 0xff,
    0x38, 0x44, 0xe8, 0xff, 0x38, 0x40, 0xe0, 0xff, 0x38, 0x40, 0xe0, 0xff,
    0x38, 0x44, 0xe8, 0xff, 0x38, 0x44, 0xe8, 0xff, 0x38, 0x44, 0xe8, 0xff,
    0x38, 0x44, 0xe8, 0xff, 0x38, 0x40, 0xe0, 0xff, 0x38, 0x40, 0xe0, 0xff,
    0x38, 0x40, 0xe0, 0xff, 0x38, 0x40, 0xe0, 0xff, 0x38, 0x40, 0xe8, 0xff,
    0x38, 0x40, 0xe0, 0xff, 0x38, 0x40, 0xe0, 0xff, 0x30, 0x3c, 0xe0, 0xff,
    0x30, 0x3c, 0xe0, 0xff, 0x30, 0x3c, 0xe0, 0xff, 0x30, 0x3c, 0xe0, 0xff,
    0x30, 0x38, 0xe0, 0xff, 0x30, 0x38, 0xd8, 0xff, 0x30, 0x3c, 0xe0, 0xff,
    0x30, 0x3c, 0xe0, 0xff, 0x30, 0x3c, 0xe0, 0xff, 0x30, 0x3c, 0xe0, 0xff,
    0x30, 0x3c, 0xe0, 0xff, 0x38, 0x3c, 0xe0, 0xff, 0x30, 0x38, 0xe0, 0xff,
    0x30, 0x38, 0xe0, 0xff, 0x30, 0x38, 0xe0, 0xff, 0x30, 0x38, 0xe0, 0xff,
    0x30, 0x3c, 0xe0, 0xff, 0x38, 0x3c, 0xe0, 0xff, 0x30, 0x3c, 0xe0, 0xff,
    0x30, 0x3c, 0xe0, 0xff, 0x38, 0x40, 0xe0, 0xff, 0x38, 0x3c, 0xe0, 0xff,
    0x38, 0x40, 0xe0, 0xff, 0x38, 0x40, 0xe0, 0xff, 0x38, 0x3c, 0xe0, 0xff,
    0x38, 0x40, 0xe0, 0xff, 0x38, 0x40, 0xe0, 0xff, 0x38, 0x40, 0xe0, 0xff,
    0x38, 0x40, 0xe0, 0xff, 0x38, 0x40, 0xe8, 0xff, 0x38, 0x40, 0xe0, 0xff,
    0x38, 0x44, 0xe8, 0xff, 0x38, 0x40, 0xe8, 0xff, 0x38, 0x44, 0xe8, 0xff,
    0x38, 0x40, 0xe0, 0xff, 0x38, 0x40, 0xe0, 0xff, 0x30, 0x40, 0xe0, 0xff,
    0x38, 0x3c, 0xe0, 0xff, 0x38, 0x40, 0xe8, 0xff, 0x38, 0x40, 0xe0, 0xff,
    0x38, 0x44, 0xe0, 0xff, 0x38, 0x40, 0xe0, 0xff, 0x38, 0x3c, 0xe0, 0xff,
    0x38, 0x40, 0xe0, 0xff, 0x38, 0x3c, 0xe0, 0xff, 0x38, 0x3c, 0xe0, 0xff,
    0x38, 0x40, 0xe0, 0xff, 0x30, 0x3c, 0xe0, 0xff, 0x38, 0x3c, 0xe0, 0xff,
    0x30, 0x3c, 0xe0, 0xff, 0x30, 0x3c, 0xe0, 0xff, 0x38, 0x3c, 0xe0, 0xff,
    0x30, 0x3c, 0xe0, 0xff, 0x30, 0x3c, 0xe0, 0xff, 0x30, 0x38, 0xe0, 0xff,
    0x30, 0x38, 0xd8, 0xff, 0x30, 0x38, 0xe0, 0xff, 0x38, 0x40, 0xe0, 0xff,
    0x38, 0x3c, 0xe0, 0xff, 0x38, 0x3c, 0xe0, 0xff, 0x38, 0x40, 0xe0, 0xff,
    0x38, 0x40, 0xe8, 0xff, 0x38, 0x40, 0xe0, 0xff, 0x38, 0x40, 0xe0, 0xff,
    0x38, 0x3c, 0xe0, 0xff, 0x30, 0x3c, 0xe0, 0xff, 0x30, 0x3c, 0xe0, 0xff,
    0x38, 0x40, 0xe0, 0xff, 0x38, 0x3c, 0xe0, 0xff, 0x38, 0x3c, 0xe0, 0xff,
    0x30, 0x34, 0xd8, 0xff, 0x30, 0x34, 0xd8, 0xff, 0x30, 0x38, 0xe0, 0xff,
    0x30, 0x3c, 0xe0, 0xff, 0x30, 0x3c, 0xe0, 0xff, 0x30, 0x3c, 0xe0, 0xff,
    0x30, 0x3c, 0xe0, 0xff, 0x30, 0x3c, 0xe0, 0xff, 0x30, 0x38, 0xd8, 0xff,
    0x30, 0x38, 0xd8, 0xff, 0x30, 0x3c, 0xd8, 0xff, 0x30, 0x3c, 0xd8, 0xff,
    0x30, 0x3c, 0xe0, 0xff, 0x30, 0x3c, 0xe0, 0xff, 0x30, 0x3c, 0xe0, 0xff,
    0x30, 0x3c, 0xe0, 0xff, 0x30, 0x3c, 0xd8, 0xff, 0x30, 0x3c, 0xe0, 0xff,
    0x38, 0x40, 0xd8, 0xff, 0x38, 0x40, 0xe0, 0xff, 0x30, 0x40, 0xe0, 0xff,
    0x38, 0x40, 0xe0, 0xff, 0x38, 0x40, 0xe0, 0xff, 0x38, 0x44, 0xe0, 0xff,
    0x38, 0x44, 0xe0, 0xff, 0x38, 0x40, 0xe0, 0xff, 0x38, 0x40, 0xe0, 0xff,
    0x38, 0x40, 0xe0, 0xff, 0x38, 0x40, 0xd8, 0xff, 0x38, 0x40, 0xd8, 0xff,
    0x38, 0x3c, 0xe0, 0x41, 0x28, 0x38, 0xd0, 0xff, 0x30, 0x38, 0xd8, 0xff,
    0x30, 0x38, 0xd8, 0xff, 0x28, 0x38, 0xd8, 0xff, 0x30, 0x38, 0xd0, 0xff,
    0x28, 0x38, 0xd0, 0xff, 0x28, 0x34, 0xd0, 0xff, 0x30, 0x38, 0xd8, 0xff,
    0x30, 0x3c, 0xd8, 0xff, 0x28, 0x38, 0xd0, 0xff, 0x28, 0x34, 0xd0, 0xff,
    0x30, 0x38, 0xd8, 0xff, 0x30, 0x38, 0xd8, 0xff, 0x30, 0x3c, 0xd8, 0xff,
    0x30, 0x3c, 0xd8, 0xff, 0x30, 0x3c, 0xe0, 0xff, 0x38, 0x40, 0xe0, 0xff,
    0x38, 0x40, 0xe0, 0xff, 0x30, 0x3c, 0xd8, 0xff, 0x30, 0x3c, 0xd8, 0xff,
    0x30, 0x3c, 0xd8, 0xff, 0x30, 0x3c, 0xe0, 0xff, 0x30, 0x3c, 0xe0, 0xff,
    0x38, 0x40, 0xe0, 0xff, 0x38, 0x40, 0xe0, 0xff, 0x38, 0x3c, 0xe0, 0xff,
    0x38, 0x40, 0xe0, 0xff, 0x38, 0x40, 0xe0, 0xff, 0x38, 0x40, 0xe0, 0xff,
    0x30, 0x40, 0xe0, 0xff, 0x30, 0x3c, 0xe0, 0xff, 0x30, 0x3c, 0xd8, 0xff,
    0x30, 0x3c, 0xd8, 0xff, 0x38, 0x40, 0xe0, 0xff, 0x38, 0x40, 0xd8, 0xff,
    0x38, 0x40, 0xe0, 0xff, 0x38, 0x40, 0xe0, 0xff, 0x30, 0x40, 0xe0, 0xff,
    0x30, 0x40, 0xe0, 0xff, 0x38, 0x40, 0xe0, 0xff, 0x38, 0x44, 0xe8, 0xff,
    0x38, 0x44, 0xe8, 0xff, 0x30, 0x3c, 0xe0, 0xff, 0x30, 0x3c, 0xe0, 0xff,
    0x30, 0x3c, 0xe0, 0xff, 0x30, 0x3c, 0xe0, 0xff, 0x30, 0x38, 0xe0, 0xff,
    0x30, 0x38, 0xe0, 0xff, 0x30, 0x3c, 0xe0, 0xff, 0x30, 0x3c, 0xe0, 0xff,
    0x38, 0x40, 0xe0, 0xff, 0x38, 0x3c, 0xe0, 0xff, 0x38, 0x3c, 0xe0, 0xff,
    0x30, 0x3c, 0xe0, 0xff, 0x38, 0x40, 0xe0, 0xff, 0x38, 0x40, 0xe0, 0xff,
    0x38, 0x44, 0xe8, 0xff, 0x38, 0x44, 0xe8, 0xff, 0x38, 0x40, 0xe0, 0xff,
    0x38, 0x44, 0xe8, 0xff, 0x38, 0x44, 0xe8, 0xff, 0x38, 0x44, 0xe8, 0xff,
    0x38, 0x44, 0xe8, 0xff, 0x38, 0x44, 0xe8, 0xff, 0x38, 0x44, 0xe8, 0xff,
    0x40, 0x44, 0xe8, 0xff, 0x40, 0x44, 0xe8, 0xff, 0x38, 0x44, 0xe8, 0xff,
    0x38, 0x44, 0xe8, 0xff, 0x38, 0x44, 0xe8, 0xff, 0x38, 0x40, 0xe8, 0xff,
    0x38, 0x40, 0xe0, 0xff, 0x38, 0x40, 0xe0, 0xff, 0x38, 0x40, 0xe0, 0xff,
    0x30, 0x3c, 0xe0, 0xff, 0x38, 0x3c, 0xe0, 0xff, 0x30, 0x3c, 0xe0, 0xff,
    0x38, 0x40, 0xe0, 0xff, 0x38, 0x40, 0xe0, 0xff, 0x38, 0x40, 0xe0, 0xff,
    0x38, 0x40, 0xe8, 0xff, 0x38, 0x44, 0xe8, 0xff, 0x38, 0x40, 0xe0, 0xff,
    0x38, 0x40, 0xe0, 0xff, 0x38, 0x40, 0xe0, 0xff, 0x38, 0x40, 0xe0, 0xff,
    0x30, 0x3c, 0xe0, 0xff, 0x38, 0x40, 0xe0, 0xff, 0x38, 0x40, 0xe0, 0xff,
    0x30, 0x3c, 0xe0, 0xff, 0x38, 0x40, 0xe0, 0xff, 0x38, 0x40, 0xe0, 0xff,
    0x38, 0x40, 0xe0, 0xff, 0x38, 0x40, 0xe8, 0xff, 0x38, 0x40, 0xe8, 0xff,
    0x38, 0x44, 0xe8, 0xff, 0x38, 0x40, 0xe8, 0xff, 0x38, 0x40, 0xe8, 0xff,
    0x38, 0x44, 0xe8, 0xff, 0x38, 0x44, 0xe8, 0xff, 0x38, 0x40, 0xe8, 0xff,
    0x38, 0x44, 0xe8, 0xff, 0x38, 0x44, 0xe8, 0xff, 0x40, 0x48, 0xe8, 0xff,
    0x38, 0x44, 0xe8, 0xff, 0x38, 0x44, 0xe8, 0xff, 0x38, 0x40, 0xe8, 0xff,
    0x38, 0x40, 0xe0, 0xff, 0x38, 0x44, 0xe8, 0xff, 0x40, 0x44, 0xe8, 0xff,
    0x38, 0x44, 0xe8, 0xff, 0x38, 0x44, 0xe0, 0xff, 0x38, 0x44, 0xe8, 0xff,
    0x38, 0x40, 0xe8, 0xff, 0x38, 0x40, 0xe0, 0xff, 0x38, 0x40, 0xe0, 0xff,
    0x38, 0x40, 0xe0, 0xff, 0x38, 0x40, 0xe8, 0xff, 0x38, 0x40, 0xe8, 0xff,
    0x38, 0x40, 0xe8, 0xff, 0x38, 0x44, 0xe8, 0xff, 0x38, 0x40, 0xe8, 0xff,
    0x38, 0x40, 0xe0, 0xff, 0x30, 0x40, 0xe0, 0xff, 0x30, 0x40, 0xe0, 0xff,
    0x30, 0x3c, 0xe0, 0xff, 0x30, 0x3c, 0xe0, 0xff, 0x38, 0x40, 0xe0, 0xff,
    0x38, 0x40, 0xe8, 0xff, 0x38, 0x40, 0xe8, 0xff, 0x38, 0x40, 0xe0, 0xff,
    0x38, 0x44, 0xe8, 0xff, 0x40, 0x48, 0xe8, 0xff, 0x40, 0x48, 0xe8, 0xff,
    0x38, 0x44, 0xe0, 0xff, 0x30, 0x40, 0xe0, 0xff, 0x30, 0x3c, 0xe0, 0xff,
    0x38, 0x3c, 0xe0, 0xff, 0x38, 0x40, 0xe0, 0xff, 0x38, 0x40, 0xe0, 0xff,
    0x30, 0x40, 0xe0, 0xff, 0x30, 0x3c, 0xe0, 0xff, 0x30, 0x3c, 0xe0, 0xff,
    0x30, 0x38, 0xd8, 0xff, 0x30, 0x3c, 0xe0, 0xff, 0x38, 0x3c, 0xe0, 0xff,
    0x38, 0x3c, 0xe0, 0xff, 0x38, 0x40, 0xe0, 0xff, 0x38, 0x40, 0xe0, 0xff,
    0x30, 0x3c, 0xe0, 0xff, 0x30, 0x40, 0xe0, 0xff, 0x38, 0x3c, 0xe0, 0xff,
    0x38, 0x40, 0xe0, 0xff, 0x38, 0x40, 0xe0, 0xff, 0x30, 0x40, 0xe0, 0xff,
    0x30, 0x3c, 0xe0, 0xff, 0x38, 0x40, 0xe0, 0xff, 0x30, 0x40, 0xe0, 0xff,
    0x38, 0x44, 0xe0, 0xff, 0x38, 0x44, 0xe0, 0xff, 0x38, 0x44, 0xe0, 0xff,
    0x38, 0x44, 0xe0, 0xff, 0x38, 0x44, 0xe0, 0xff, 0x38, 0x44, 0xe0, 0xff,
    0x38, 0x44, 0xe0, 0xff, 0x38, 0x44, 0xe0, 0xff, 0x38, 0x40, 0xe0, 0xff,
    0x38, 0x40, 0xe0, 0xff, 0x38, 0x40, 0xe0, 0xff, 0x38, 0x44, 0xe0, 0xff,
    0x38, 0x44, 0xe0, 0xff, 0x38, 0x44, 0xe0, 0x41, 0x28, 0x38, 0xd0, 0xff,
    0x30, 0x38, 0xd8, 0xff, 0x30, 0x3c, 0xd8, 0xff, 0x30, 0x3c, 0xd8, 0xff,
    0x28, 0x38, 0xd8, 0xff, 0x28, 0x38, 0xd0, 0xff, 0x28, 0x38, 0xd0, 0xff,
    0x28, 0x38, 0xd0, 0xff, 0x30, 0x38, 0xd8, 0xff, 0x30, 0x3c, 0xd8, 0xff,
    0x28, 0x34, 0xd0, 0xff, 0x30, 0x38, 0xd0, 0xff, 0x30, 0x38, 0xd8, 0xff,
    0x30, 0x3c, 0xd8, 0xff, 0x30, 0x3c, 0xd8, 0xff, 0x30, 0x40, 0xd8, 0xff,
    0x38, 0x40, 0xe0, 0xff, 0x30, 0x40, 0xd8, 0xff, 0x30, 0x3c, 0xd8, 0xff,
    0x30, 0x3c, 0xd8, 0xff, 0x30, 0x3c, 0xd8, 0xff, 0x30, 0x38, 0xd8, 0xff,
    0x38, 0x3c, 0xe0, 0xff, 0x38, 0x40, 0xe0, 0xff, 0x30, 0x40, 0xe0, 0xff,
    0x30, 0x40, 0xd8, 0xff, 0x30, 0x40, 0xe0, 0xff, 0x30, 0x3c, 0xe0, 0xff,
    0x38, 0x40, 0xe0, 0xff, 0x38, 0x40, 0xe0, 0xff, 0x38, 0x40, 0xe0, 0xff,
    0x38, 0x40, 0xe0, 0xff, 0x38, 0x40, 0xe0, 0xff, 0x30, 0x40, 0xe0, 0xff,
    0x30, 0x40, 0xd8, 0xff, 0x30, 0x40, 0xd8, 0xff, 0x38, 0x40, 0xe0, 0xff,
    0x38, 0x44, 0xe0, 0xff, 0x30, 0x40, 0xe0, 0xff, 0x30, 0x40, 0xe0, 0xff,
    0x38, 0x44, 0xe0, 0xff, 0x38, 0x44, 0xe8, 0xff, 0x38, 0x40, 0xe0, 0xff,
    0x30, 0x3c, 0xe0, 0xff, 0x38, 0x3c, 0xe0, 0xff, 0x30, 0x3c, 0xe0, 0xff,
    0x38, 0x3c, 0xe0, 0xff, 0x38, 0x40, 0xe0, 0xff, 0x30, 0x3c, 0xe0, 0xff,
    0x38, 0x3c, 0xe0, 0xff, 0x30, 0x3c, 0xe0, 0xff, 0x30, 0x3c, 0xe0, 0xff,
    0x38, 0x40, 0xe0, 0xff, 0x38, 0x40, 0xe8, 0xff, 0x38, 0x40, 0xe8, 0xff,
    0x38, 0x40, 0xe8, 0xff, 0x38, 0x40, 0xe0, 0xff, 0x38, 0x40, 0xe0, 0xff,
    0x38, 0x40, 0xe8, 0xff, 0x38, 0x44, 0xe8, 0xff, 0x38, 0x44, 0xe8, 0xff,
    0x38, 0x40, 0xe0, 0xff, 0x38, 0x44, 0xe8, 0xff, 0x40, 0x44, 0xe8, 0xff,
    0x38, 0x44, 0xe8, 0xff, 0x40, 0x48, 0xe8, 0xff, 0x40, 0x48, 0xe8, 0xff,
    0x38, 0x48, 0xf0, 0xff, 0x38, 0x48, 0xe8, 0xff, 0x40, 0x48, 0xe8, 0xff,
    0x38, 0x44, 0xe8, 0xff, 0x38, 0x44, 0xe8, 0xff, 0x38, 0x44, 0xe8, 0xff,
    0x38, 0x40, 0xe8, 0xff, 0x38, 0x40, 0xe0, 0xff, 0x38, 0x40, 0xe0, 0xff,
    0x38, 0x40, 0xe0, 0xff, 0x38, 0x40, 0xe8, 0xff, 0x38, 0x40, 0xe0, 0xff,
    0x38, 0x40, 0xe0, 0xff, 0x38, 0x44, 0xe8, 0xff, 0x38, 0x44, 0xe8, 0xff,
    0x38, 0x40, 0xe0, 0xff, 0x38, 0x44, 0xe8, 0xff, 0x38, 0x44, 0xe8, 0xff,
    0x38, 0x40, 0xe0, 0xff, 0x38, 0x40, 0xe0, 0xff, 0x38, 0x40, 0xe0, 0xff,
    0x38, 0x40, 0xe8, 0xff, 0x38, 0x40, 0xe0, 0xff, 0x38, 0x40, 0xe0, 0xff,
    0x30, 0x3c, 0xe0, 0xff, 0x38, 0x40, 0xe0, 0xff, 0x38, 0x40, 0xe0, 0xff,
    0x38, 0x40, 0xe8, 0xff, 0x38, 0x44, 0xe8, 0xff, 0x38, 0x40, 0xe0, 0xff,
    0x38, 0x40, 0xe0, 0xff, 0x38, 0x44, 0xe8, 0xff, 0x38, 0x44, 0xe8, 0xff,
    0x38, 0x40, 0xe0, 0xff, 0x40, 0x44, 0xe8, 0xff, 0x40, 0x48, 0xe8, 0xff,
    0x40, 0x48, 0xe8, 0xff, 0x40, 0x44, 0xe8, 0xff, 0x40, 0x48, 0xe8, 0xff,
    0x38, 0x40, 0xe0, 0xff, 0x38, 0x44, 0xe8, 0xff, 0x38, 0x44, 0xe8, 0xff,
    0x38, 0x44, 0xe8, 0xff, 0x38, 0x44, 0xe8, 0xff, 0x38, 0x40, 0xe0, 0xff,
    0x38, 0x44, 0xe8, 0xff, 0x38, 0x40, 0xe8, 0xff, 0x38, 0x40, 0xe0, 0xff,
    0x30, 0x40, 0xe0, 0xff, 0x38, 0x40, 0xe0, 0xff, 0x38, 0x40, 0xe8, 0xff,
    0x38, 0x40, 0xe0, 0xff, 0x38, 0x40, 0xe0, 0xff, 0x38, 0x44, 0xe8, 0xff,
    0x38, 0x44, 0xe8, 0xff, 0x38, 0x44, 0xe8, 0xff, 0x38, 0x40, 0xe0, 0xff,
    0x38, 0x40, 0xe8, 0xff, 0x30, 0x3c, 0xe0, 0xff, 0x38, 0x3c, 0xe0, 0xff,
    0x38, 0x40, 0xe0, 0xff, 0x30, 0x40, 0xe0, 0xff, 0x38, 0x40, 0xe0, 0xff,
    0x38, 0x40, 0xe0, 0xff, 0x38, 0x44, 0xe0, 0xff, 0x38, 0x48, 0xe8, 0xff,
    0x38, 0x48, 0xe8, 0xff, 0x38, 0x48, 0xe8, 0xff, 0x38, 0x40, 0xe0, 0xff,
    0x38, 0x40, 0xe0, 0xff, 0x38, 0x40, 0xe0, 0xff, 0x38, 0x40, 0xe8, 0xff,
    0x38, 0x40, 0xe0, 0xff, 0x30, 0x3c, 0xe0, 0xff, 0x30, 0x3c, 0xe0, 0xff,
    0x30, 0x3c, 0xe0, 0xff, 0x30, 0x3c, 0xe0, 0xff, 0x38, 0x3c, 0xe0, 0xff,
    0x38, 0x3c, 0xe0, 0xff, 0x30, 0x3c, 0xe0, 0xff, 0x38, 0x40, 0xe0, 0xff,
    0x38, 0x44, 0xe0, 0xff, 0x38, 0x44, 0xe8, 0xff, 0x38, 0x40, 0xe0, 0xff,
    0x38, 0x40, 0xe0, 0xff, 0x38, 0x40, 0xe0, 0xff, 0x30, 0x3c, 0xe0, 0xff,
    0x30, 0x3c, 0xe0, 0xff, 0x30, 0x3c, 0xd8, 0xff, 0x30, 0x3c, 0xd8, 0xff,
    0x30, 0x3c, 0xd8, 0xff, 0x38, 0x40, 0xe0, 0xff, 0x38, 0x44, 0xe0, 0xff,
    0x38, 0x44, 0xd8, 0xff, 0x38, 0x44, 0xd8, 0xff, 0x30, 0x40, 0xd8, 0xff,
    0x38, 0x44, 0xe0, 0xff, 0x38, 0x44, 0xe0, 0xff, 0x38, 0x40, 0xe0, 0xff,
    0x38, 0x44, 0xe0, 0xff, 0x38, 0x44, 0xe0, 0xff, 0x38, 0x44, 0xd8, 0xff,
    0x38, 0x44, 0xe0, 0xff, 0x38, 0x40, 0xd8, 0xff, 0x38, 0x40, 0xd8, 0x41,
    0x30, 0x38, 0xd8, 0xff, 0x30, 0x3c, 0xd8, 0xff, 0x30, 0x3c, 0xd8, 0xff,
    0x30, 0x3c, 0xd0, 0xff, 0x30, 0x38, 0xd0, 0xff, 0x30, 0x38, 0xd8, 0xff,
    0x28, 0x38, 0xd0, 0xff, 0x30, 0x38, 0xd8, 0xff, 0x28, 0x34, 0xd0, 0xff,
    0x28, 0x38, 0xd8, 0xff, 0x28, 0x38, 0xd0, 0xff, 0x28, 0x38, 0xd0, 0xff,
    0x30, 0x3c, 0xd8, 0xff, 0x30, 0x3c, 0xd8, 0xff, 0x30, 0x40, 0xd8, 0xff,
    0x30, 0x40, 0xd8, 0xff, 0x30, 0x40, 0xe0, 0xff, 0x30, 0x40, 0xd8, 0xff,
    0x30, 0x40, 0xd8, 0xff, 0x30, 0x3c, 0xd8, 0xff, 0x30, 0x3c, 0xd8, 0xff,
    0x30, 0x3c, 0xd8, 0xff, 0x38, 0x40, 0xe0, 0xff, 0x30, 0x40, 0xe0, 0xff,
    0x38, 0x40, 0xe0, 0xff, 0x38, 0x40, 0xd8, 0xff, 0x38, 0x40, 0xd8, 0xff,
    0x30, 0x40, 0xe0, 0xff, 0x38, 0x40, 0xe0, 0xff, 0x38, 0x40, 0xd8, 0xff,
    0x30, 0x3c, 0xe0, 0xff, 0x38, 0x40, 0xe0, 0xff, 0x38, 0x44, 0xe0, 0xff,
    0x38, 0x40, 0xe0, 0xff, 0x30, 0x3c, 0xd8, 0xff, 0x30, 0x3c, 0xd8, 0xff,
    0x30, 0x40, 0xe0, 0xff, 0x38, 0x40, 0xe0, 0xff, 0x38, 0x40, 0xe0, 0xff,
    0x38, 0x3c, 0xe0, 0xff, 0x38, 0x40, 0xe0, 0xff, 0x38, 0x44, 0xe8, 0xff,
    0x38, 0x40, 0xe0, 0xff, 0x38, 0x40, 0xe0, 0xff, 0x38, 0x40, 0xe0, 0xff,
    0x38, 0x40, 0xe0, 0xff, 0x38, 0x40, 0xe0, 0xff, 0x30, 0x3c, 0xe0, 0xff,
    0x38, 0x40, 0xe0, 0xff, 0x38, 0x40, 0xe0, 0xff, 0x38, 0x40, 0xe0, 0xff,
    0x30, 0x3c, 0xe0, 0xff, 0x38, 0x40, 0xe0, 0xff, 0x38, 0x40, 0xe0, 0xff,
    0x38, 0x40, 0xe8, 0xff, 0x38, 0x40, 0xe0, 0xff, 0x38, 0x40, 0xe0, 0xff,
    0x38, 0x40, 0xe0, 0xff, 0x38, 0x40, 0xe0, 0xff, 0x38, 0x40, 0xe8, 0xff,
    0x38, 0x40, 0xe8, 0xff, 0x38, 0x44, 0xe0, 0xff, 0x38, 0x44, 0xe8, 0xff,
    0x40, 0x44, 0xe8, 0xff, 0x38, 0x40, 0xe0, 0xff, 0x38, 0x48, 0xe8, 0xff,
    0x38, 0x48, 0xe8, 0xff, 0x40, 0x48, 0xe8, 0xff, 0x40, 0x48, 0xe8, 0xff,
    0x38, 0x48, 0xe8, 0xff, 0x38, 0x44, 0xe8, 0xff, 0x38, 0x44, 0xe8, 0xff,
    0x38, 0x44, 0xe8, 0xff, 0x38, 0x44, 0xe8, 0xff, 0x38, 0x40, 0xe8, 0xff,
    0x38, 0x40, 0xe8, 0xff, 0x38, 0x40, 0xe0, 0xff, 0x38, 0x44, 0xe8, 0xff,
    0x38, 0x44, 0xe8, 0xff, 0x38, 0x44, 0xe8, 0xff, 0x38, 0x44, 0xe8, 0xff,
    0x38, 0x44, 0xe8, 0xff, 0x38, 0x40, 0xe0, 0xff, 0x38, 0x40, 0xe8, 0xff,
    0x38, 0x44, 0xe8, 0xff, 0x38, 0x40, 0xe0, 0xff, 0x38, 0x40, 0xe8, 0xff,
    0x38, 0x44, 0xe8, 0xff, 0x38, 0x44, 0xe8, 0xff, 0x38, 0x40, 0xe8, 0xff,
    0x38, 0x40, 0xe0, 0xff, 0x38, 0x40, 0xe8, 0xff, 0x38, 0x40, 0xe0, 0xff,
    0x38, 0x40, 0xe0, 0xff, 0x38, 0x40, 0xe0, 0xff, 0x38, 0x40, 0xe0, 0xff,
    0x38, 0x40, 0xe0, 0xff, 0x38, 0x44, 0xe8, 0xff, 0x38, 0x44, 0xe8, 0xff,
    0x38, 0x44, 0xe8, 0xff, 0x38, 0x44, 0xe0, 0xff, 0x38, 0x44, 0xe8, 0xff,
    0x40, 0x48, 0xe8, 0xff, 0x38, 0x44, 0xe8, 0xff, 0x40, 0x48, 0xe8, 0xff,
    0x40, 0x48, 0xe8, 0xff, 0x40, 0x48, 0xe8, 0xff, 0x38, 0x44, 0xe8, 0xff,
    0x38, 0x44, 0xe0, 0xff, 0x38, 0x40, 0xe0, 0xff, 0x38, 0x44, 0xe8, 0xff,
    0x38, 0x40, 0xe0, 0xff, 0x38, 0x44, 0xe8, 0xff, 0x38, 0x40, 0xe0, 0xff,
    0x38, 0x40, 0xe8, 0xff, 0x38, 0x40, 0xe0, 0xff, 0x38, 0x44, 0xe8, 0xff,
    0x38, 0x44, 0xe8, 0xff, 0x38, 0x44, 0xe8, 0xff, 0x38, 0x40, 0xe0, 0xff,
    0x38, 0x40, 0xe8, 0xff, 0x38, 0x44, 0xe8, 0xff, 0x38, 0x44, 0xe8, 0xff,
    0x38, 0x40, 0xe0, 0xff, 0x38, 0x40, 0xe0, 0xff, 0x38, 0x40, 0xe0, 0xff,
    0x38, 0x40, 0xe0, 0xff, 0x38, 0x40, 0xe0, 0xff, 0x38, 0x40, 0xe8, 0xff,
    0x38, 0x40, 0xe8, 0xff, 0x38, 0x44, 0xe8, 0xff, 0x38, 0x44, 0xe8, 0xff,
    0x40, 0x48, 0xe8, 0xff, 0x40, 0x48, 0xe8, 0xff, 0x38, 0x44, 0xe8, 0xff,
    0x38, 0x40, 0xe0, 0xff, 0x38, 0x40, 0xe0, 0xff, 0x38, 0x40, 0xe0, 0xff,
    0x38, 0x40, 0xe0, 0xff, 0x38, 0x40, 0xe0, 0xff, 0x38, 0x3c, 0xe0, 0xff,
    0x30, 0x38, 0xe0, 0xff, 0x30, 0x3c, 0xe0, 0xff, 0x38, 0x3c, 0xe0, 0xff,
    0x30, 0x40, 0xe0, 0xff, 0x38, 0x44, 0xe0, 0xff, 0x38, 0x44, 0xe8, 0xff,
    0x38, 0x44, 0xe0, 0xff, 0x38, 0x44, 0xe0, 0xff, 0x38, 0x44, 0xe8, 0xff,
    0x38, 0x44, 0xe0, 0xff, 0x38, 0x44, 0xe0, 0xff, 0x38, 0x40, 0xe0, 0xff,
    0x38, 0x40, 0xe0, 0xff, 0x38, 0x40, 0xe0, 0xff, 0x30, 0x40, 0xe0, 0xff,
    0x38, 0x40, 0xd8, 0xff, 0x38, 0x40, 0xd8, 0xff, 0x30, 0x40, 0xe0, 0xff,
    0x38, 0x44, 0xe0, 0xff, 0x38, 0x44, 0xe0, 0xff, 0x38, 0x44, 0xe0, 0xff,
    0x38, 0x40, 0xe0, 0xff, 0x38, 0x44, 0xe0, 0xff, 0x38, 0x44, 0xe0, 0xff,
    0x38, 0x44, 0xe0, 0xff, 0x38, 0x44, 0xe0, 0xff, 0x38, 0x44, 0xd8, 0xff,
    0x38, 0x44, 0xe0, 0xff, 0x38, 0x44, 0xe0, 0xff, 0x38, 0x40, 0xd8, 0xff,
    0x38, 0x44, 0xe0, 0x41, 0x30, 0x38, 0xd8, 0xff, 0x30, 0x3c, 0xd8, 0xff,
    0x30, 0x3c, 0xd8, 0xff, 0x30, 0x3c, 0xd8, 0xff, 0x30, 0x3c, 0xd8, 0xff,
    0x30, 0x38, 0xd0, 0xff, 0x28, 0x38, 0xd0, 0xff, 0x30, 0x3c, 0xd8, 0xff,
    0x30, 0x38, 0xd0, 0xff, 0x30, 0x38, 0xd8, 0xff, 0x28, 0x38, 0xd8, 0xff,
    0x30, 0x38, 0xd0, 0xff, 0x30, 0x38, 0xd8, 0xff, 0x30, 0x3c, 0xd8, 0xff,
    0x30, 0x3c, 0xd8, 0xff, 0x38, 0x40, 0xe0, 0xff, 0x38, 0x40, 0xe0, 0xff,
    0x38, 0x40, 0xe0, 0xff, 0x38, 0x40, 0xe0, 0xff, 0x38, 0x40, 0xe0, 0xff,
    0x30, 0x3c, 0xd8, 0xff, 0x30, 0x3c, 0xe0, 0xff, 0x38, 0x40, 0xe0, 0xff,
    0x38, 0x40, 0xe0, 0xff, 0x38, 0x40, 0xe0, 0xff, 0x30, 0x40, 0xd8, 0xff,
    0x38, 0x40, 0xe0, 0xff, 0x30, 0x40, 0xe0, 0xff, 0x38, 0x40, 0xe0, 0xff,
    0x38, 0x40, 0xd8, 0xff, 0x38, 0x40, 0xe0, 0xff, 0x30, 0x40, 0xd8, 0xff,
    0x30, 0x40, 0xd8, 0xff, 0x30, 0x3c, 0xd8, 0xff, 0x30, 0x38, 0xd8, 0xff,
    0x30, 0x38, 0xd8, 0xff, 0x30, 0x3c, 0xd8, 0xff, 0x30, 0x3c, 0xe0, 0xff,
    0x38, 0x40, 0xe0, 0xff, 0x30, 0x40, 0xe0, 0xff, 0x38, 0x40, 0xe0, 0xff,
    0x38, 0x44, 0xe8, 0xff, 0x38, 0x40, 0xe8, 0xff, 0x38, 0x40, 0xe0, 0xff,
    0x30, 0x40, 0xe0, 0xff, 0x38, 0x40, 0xe0, 0xff, 0x38, 0x40, 0xe0, 0xff,
    0x30, 0x3c, 0xe0, 0xff, 0x38, 0x40, 0xe0, 0xff, 0x38, 0x40, 0xe0, 0xff,
    0x38, 0x40, 0xe0, 0xff, 0x38, 0x40, 0xe8, 0xff, 0x38, 0x40, 0xe0, 0xff,
    0x38, 0x40, 0xe0, 0xff, 0x38, 0x40, 0xe8, 0xff, 0x38, 0x40, 0xe0, 0xff,
    0x38, 0x40, 0xe0, 0xff, 0x38, 0x40, 0xe0, 0xff, 0x38, 0x40, 0xe8, 0xff,
    0x38, 0x44, 0xe8, 0xff, 0x38, 0x40, 0xe0, 0xff, 0x38, 0x44, 0xe8, 0xff,
    0x38, 0x44, 0xe8, 0xff, 0x38, 0x44, 0xe8, 0xff, 0x38, 0x40, 0xe0, 0xff,
    0x38, 0x44, 0xe8, 0xff, 0x40, 0x48, 0xe8, 0xff, 0x38, 0x48, 0xe8, 0xff,
    0x40, 0x48, 0xe8, 0xff, 0x38, 0x44, 0xe8, 0xff, 0x40, 0x44, 0xe8, 0xff,
    0x38, 0x44, 0xe8, 0xff, 0x38, 0x44, 0xe8, 0xff, 0x38, 0x44, 0xe8, 0xff,
    0x38, 0x44, 0xe8, 0xff, 0x38, 0x44, 0xe8, 0xff, 0x38, 0x44, 0xe8, 0xff,
    0x38, 0x44, 0xe8, 0xff, 0x38, 0x44, 0xe8, 0xff, 0x38, 0x44, 0xe0, 0xff,
    0x38, 0x44, 0xe8, 0xff, 0x38, 0x48, 0xe8, 0xff, 0x38, 0x40, 0xe0, 0xff,
    0x38, 0x40, 0xe0, 0xff, 0x38, 0x40, 0xe8, 0xff, 0x38, 0x44, 0xe8, 0xff,
    0x38, 0x44, 0xe8, 0xff, 0x38, 0x44, 0xe0, 0xff, 0x38, 0x44, 0xe8, 0xff,
    0x38, 0x44, 0xe8, 0xff, 0x38, 0x40, 0xe8, 0xff, 0x38, 0x40, 0xe0, 0xff,
    0x30, 0x40, 0xe8, 0xff, 0x38, 0x40, 0xe0, 0xff, 0x38, 0x40, 0xe0, 0xff,
    0x38, 0x40, 0xe8, 0xff, 0x38, 0x44, 0xe8, 0xff, 0x38, 0x44, 0xe8, 0xff,
    0x38, 0x40, 0xe0, 0xff, 0x38, 0x40, 0xe0, 0xff, 0x38, 0x44, 0xe8, 0xff,
    0x40, 0x44, 0xe8, 0xff, 0x38, 0x44, 0xe8, 0xff, 0x38, 0x44, 0xe8, 0xff,
    0x40, 0x48, 0xe8, 0xff, 0x40, 0x48, 0xe8, 0xff, 0x38, 0x48, 0xe8, 0xff,
    0x40, 0x44, 0xe8, 0xff, 0x38, 0x44, 0xe0, 0xff, 0x38, 0x40, 0xe0, 0xff,
    0x38, 0x44, 0xe8, 0xff, 0x38, 0x40, 0xe8, 0xff, 0x38, 0x44, 0xe0, 0xff,
    0x38, 0x44, 0xe0, 0xff, 0x38, 0x40, 0xe8, 0xff, 0x38, 0x40, 0xe0, 0xff,
    0x38, 0x40, 0xe0, 0xff, 0x38, 0x40, 0xe0, 0xff, 0x38, 0x40, 0xe8, 0xff,
    0x38, 0x40, 0xe8, 0xff, 0x38, 0x44, 0xe8, 0xff, 0x38, 0x44, 0xe8, 0xff,
    0x40, 0x48, 0xe8, 0xff, 0x38, 0x44, 0xe0, 0xff, 0x38, 0x40, 0xe0, 0xff,
    0x38, 0x40, 0xe8, 0xff, 0x30, 0x40, 0xe0, 0xff, 0x38, 0x40, 0xe8, 0xff,
    0x38, 0x40, 0xe0, 0xff, 0x38, 0x40, 0xe0, 0xff, 0x38, 0x44, 0xe8, 0xff,
    0x38, 0x48, 0xe0, 0xff, 0x40, 0x48, 0xe8, 0xff, 0x40, 0x48, 0xe8, 0xff,
    0x38, 0x44, 0xe8, 0xff, 0x38, 0x40, 0xe0, 0xff, 0x38, 0x40, 0xe0, 0xff,
    0x30, 0x40, 0xe8, 0xff, 0x38, 0x40, 0xe0, 0xff, 0x38, 0x40, 0xe0, 0xff,
    0x38, 0x40, 0xe0, 0xff, 0x30, 0x3c, 0xe0, 0xff, 0x38, 0x40, 0xe0, 0xff,
    0x38, 0x40, 0xe0, 0xff, 0x38, 0x44, 0xe0, 0xff, 0x38, 0x44, 0xe8, 0xff,
    0x38, 0x44, 0xe0, 0xff, 0x38, 0x44, 0xe0, 0xff, 0x38, 0x40, 0xe0, 0xff,
    0x38, 0x40, 0xe0, 0xff, 0x38, 0x40, 0xe0, 0xff, 0x38, 0x40, 0xe0, 0xff,
    0x30, 0x40, 0xe0, 0xff, 0x38, 0x40, 0xe0, 0xff, 0x38, 0x44, 0xe0, 0xff,
    0x30, 0x40, 0xe0, 0xff, 0x38, 0x40, 0xe0, 0xff, 0x38, 0x40, 0xd8, 0xff,
    0x38, 0x44, 0xe0, 0xff, 0x38, 0x48, 0xe0, 0xff, 0x38, 0x44, 0xe0, 0xff,
    0x38, 0x48, 0xe0, 0xff, 0x38, 0x48, 0xe8, 0xff, 0x38, 0x44, 0xe0, 0xff,
    0x38, 0x44, 0xe0, 0xff, 0x38, 0x44, 0xe0, 0xff, 0x38, 0x44, 0xe0, 0xff,
    0x38, 0x44, 0xe0, 0xff, 0x38, 0x44, 0xd8, 0xff, 0x38, 0x44, 0xe0, 0xff,
    0x38, 0x44, 0xe0, 0xff, 0x38, 0x44, 0xe0, 0x41, 0x30, 0x3c, 0xd8, 0xff,
    0x30, 0x3c, 0xd8, 0xff, 0x30, 0x3c, 0xd0, 0xff, 0x30, 0x3c, 0xd8, 0xff,
    0x30, 0x3c, 0xd8, 0xff, 0x28, 0x38, 0xd0, 0xff, 0x28, 0x38, 0xd0, 0xff,
    0x30, 0x38, 0xd0, 0xff, 0x30, 0x38, 0xd8, 0xff, 0x30, 0x3c, 0xd8, 0xff,
    0x30, 0x3c, 0xd8, 0xff, 0x28, 0x38, 0xd0, 0xff, 0x30, 0x38, 0xd8, 0xff,
    0x30, 0x3c, 0xd8, 0xff, 0x30, 0x40, 0xd8, 0xff, 0x30, 0x40, 0xd8, 0xff,
    0x38, 0x40, 0xd8, 0xff, 0x30, 0x40, 0xd8, 0xff, 0x38, 0x44, 0xe0, 0xff,
    0x38, 0x40, 0xe0, 0xff, 0x38, 0x40, 0xd8, 0xff, 0x38, 0x40, 0xe0, 0xff,
    0x38, 0x40, 0xe0, 0xff, 0x30, 0x40, 0xe0, 0xff, 0x38, 0x40, 0xe0, 0xff,
    0x38, 0x40, 0xe0, 0xff, 0x30, 0x40, 0xd8, 0xff, 0x38, 0x40, 0xe0, 0xff,
    0x38, 0x44, 0xe0, 0xff, 0x38, 0x40, 0xe0, 0xff, 0x38, 0x44, 0xe0, 0xff,
    0x38, 0x40, 0xe0, 0xff, 0x30, 0x40, 0xd8, 0xff, 0x30, 0x40, 0xd8, 0xff,
    0x30, 0x3c, 0xd8, 0xff, 0x30, 0x3c, 0xd8, 0xff, 0x30, 0x3c, 0xe0, 0xff,
    0x30, 0x3c, 0xe0, 0xff, 0x38, 0x40, 0xe0, 0xff, 0x30, 0x40, 0xe0, 0xff,
    0x38, 0x40, 0xe0, 0xff, 0x38, 0x44, 0xe8, 0xff, 0x38, 0x44, 0xe8, 0xff,
    0x38, 0x40, 0xe8, 0xff, 0x38, 0x40, 0xe8, 0xff, 0x38, 0x40, 0xe8, 0xff,
    0x38, 0x40, 0xe8, 0xff, 0x38, 0x40, 0xe0, 0xff, 0x38, 0x40, 0xe8, 0xff,
    0x38, 0x40, 0xe0, 0xff, 0x38, 0x40, 0xe8, 0xff, 0x38, 0x40, 0xe0, 0xff,
    0x38, 0x40, 0xe0, 0xff, 0x38, 0x40, 0xe8, 0xff, 0x38, 0x40, 0xe8, 0xff,
    0x30, 0x40, 0xe0, 0xff, 0x38, 0x40, 0xe8, 0xff, 0x38, 0x40, 0xe0, 0xff,
    0x38, 0x40, 0xe0, 0xff, 0x38, 0x44, 0xe8, 0xff, 0x38, 0x40, 0xe0, 0xff,
    0x38, 0x40, 0xe8, 0xff, 0x40, 0x44, 0xe8, 0xff, 0x38, 0x44, 0xe8, 0xff,
    0x38, 0x40, 0xe8, 0xff, 0x38, 0x44, 0xe8, 0xff, 0x40, 0x48, 0xe8, 0xff,
    0x38, 0x48, 0xe8, 0xff, 0x40, 0x48, 0xf0, 0xff, 0x38, 0x44, 0xe8, 0xff,
    0x38, 0x44, 0xe8, 0xff, 0x40, 0x44, 0xe8, 0xff, 0x38, 0x44, 0xe8, 0xff,
    0x38, 0x44, 0xe8, 0xff, 0x38, 0x44, 0xe8, 0xff, 0x38, 0x44, 0xe0, 0xff,
    0x38, 0x44, 0xe0, 0xff, 0x38, 0x44, 0xe8, 0xff, 0x38, 0x44, 0xe8, 0xff,
    0x38, 0x40, 0xe0, 0xff, 0x38, 0x44, 0xe8, 0xff, 0x38, 0x48, 0xe8, 0xff,
    0x38, 0x40, 0xe0, 0xff, 0x38, 0x40, 0xe0, 0xff, 0x38, 0x44, 0xe8, 0xff,
    0x38, 0x40, 0xe0, 0xff, 0x38, 0x40, 0xe0, 0xff, 0x38, 0x40, 0xe0, 0xff,
    0x38, 0x44, 0xe8, 0xff, 0x38, 0x44, 0xe8, 0xff, 0x38, 0x44, 0xe8, 0xff,
    0x38, 0x40, 0xe0, 0xff, 0x38, 0x40, 0xe0, 0xff, 0x38, 0x40, 0xe0, 0xff,
    0x30, 0x3c, 0xe0, 0xff, 0x38, 0x40, 0xe0, 0xff, 0x38, 0x40, 0xe0, 0xff,
    0x38, 0x40, 0xe8, 0xff, 0x38, 0x44, 0xe8, 0xff, 0x40, 0x44, 0xe8, 0xff,
    0x40, 0x44, 0xe8, 0xff, 0x40, 0x44, 0xe8, 0xff, 0x38, 0x44, 0xe8, 0xff,
    0x38, 0x44, 0xe8, 0xff, 0x40, 0x48, 0xe8, 0xff, 0x40, 0x48, 0xe8, 0xff,
    0x38, 0x44, 0xe8, 0xff, 0x38, 0x44, 0xe8, 0xff, 0x38, 0x44, 0xe8, 0xff,
    0x38, 0x44, 0xe0, 0xff, 0x38, 0x40, 0xe0, 0xff, 0x40, 0x44, 0xe8, 0xff,
    0x38, 0x44, 0xe8, 0xff, 0x38, 0x40, 0xe8, 0xff, 0x38, 0x40, 0xe8, 0xff,
    0x38, 0x40, 0xe0, 0xff, 0x38, 0x40, 0xe8, 0xff, 0x38, 0x40, 0xe8, 0xff,
    0x38, 0x40, 0xe0, 0xff, 0x38, 0x40, 0xe0, 0xff, 0x38, 0x40, 0xe0, 0xff,
    0x38, 0x40, 0xe0, 0xff, 0x38, 0x44, 0xe8, 0xff, 0x38, 0x44, 0xe8, 0xff,
    0x38, 0x40, 0xe0, 0xff, 0x38, 0x40, 0xe0, 0xff, 0x38, 0x40, 0xe8, 0xff,
    0x38, 0x40, 0xe8, 0xff, 0x38, 0x44, 0xe8, 0xff, 0x38, 0x40, 0xe0, 0xff,
    0x38, 0x44, 0xe0, 0xff, 0x38, 0x48, 0xe0, 0xff, 0x40, 0x48, 0xe8, 0xff,
    0x38, 0x48, 0xe8, 0xff, 0x38, 0x44, 0xe0, 0xff, 0x38, 0x40, 0xe0, 0xff,
    0x38, 0x40, 0xe8, 0xff, 0x38, 0x40, 0xe0, 0xff, 0x30, 0x40, 0xe0, 0xff,
    0x30, 0x3c, 0xe0, 0xff, 0x38, 0x3c, 0xe0, 0xff, 0x30, 0x3c, 0xe0, 0xff,
    0x30, 0x40, 0xe0, 0xff, 0x38, 0x40, 0xe0, 0xff, 0x38, 0x40, 0xe0, 0xff,
    0x38, 0x40, 0xe0, 0xff, 0x38, 0x40, 0xe0, 0xff, 0x38, 0x44, 0xe0, 0xff,
    0x38, 0x40, 0xe0, 0xff, 0x30, 0x40, 0xe0, 0xff, 0x38, 0x40, 0xe0, 0xff,
    0x30, 0x40, 0xe0, 0xff, 0x30, 0x40, 0xd8, 0xff, 0x30, 0x40, 0xe0, 0xff,
    0x38, 0x40, 0xe0, 0xff, 0x30, 0x40, 0xe0, 0xff, 0x38, 0x40, 0xe0, 0xff,
    0x38, 0x44, 0xe0, 0xff, 0x38, 0x44, 0xe0, 0xff, 0x38, 0x40, 0xe0, 0xff,
    0x38, 0x44, 0xe0, 0xff, 0x38, 0x44, 0xe0, 0xff, 0x38, 0x44, 0xe0, 0xff,
    0x38, 0x44, 0xe0, 0xff, 0x38, 0x40, 0xe0, 0xff, 0x38, 0x40, 0xd8, 0xff,
    0x38, 0x44, 0xe0, 0xff, 0x38, 0x44, 0xe0, 0xff, 0x38, 0x44, 0xd8, 0xff,
    0x38, 0x44, 0xe0, 0xff, 0x38, 0x44, 0xe0, 0xff, 0x38, 0x44, 0xd8, 0x41,
    0x28, 0x38, 0xd0, 0xff, 0x30, 0x3c, 0xd8, 0xff, 0x30, 0x3c, 0xd8, 0xff,
    0x30, 0x3c, 0xd8, 0xff, 0x30, 0x38, 0xd0, 0xff, 0x30, 0x3c, 0xd8, 0xff,
    0x30, 0x38, 0xd0, 0xff, 0x30, 0x3c, 0xd8, 0xff, 0x30, 0x3c, 0xd8, 0xff,
    0x30, 0x3c, 0xd8, 0xff, 0x30, 0x3c, 0xd8, 0xff, 0x30, 0x3c, 0xd8, 0xff,
    0x28, 0x34, 0xd0, 0xff, 0x30, 0x3c, 0xd8, 0xff, 0x30, 0x40, 0xd8, 0xff,
    0x38, 0x40, 0xe0, 0xff, 0x30, 0x40, 0xe0, 0xff, 0x30, 0x40, 0xd8, 0xff,
    0x38, 0x40, 0xd8, 0xff, 0x30, 0x40, 0xd8, 0xff, 0x30, 0x40, 0xd8, 0xff,
    0x38, 0x44, 0xe0, 0xff, 0x38, 0x40, 0xe0, 0xff, 0x30, 0x40, 0xd8, 0xff,
    0x30, 0x40, 0xd8, 0xff, 0x38, 0x44, 0xe0, 0xff, 0x38, 0x44, 0xe0, 0xff,
    0x38, 0x44, 0xe0, 0xff, 0x38, 0x44, 0xe0, 0xff, 0x38, 0x44, 0xe0, 0xff,
    0x38, 0x44, 0xe0, 0xff, 0x38, 0x40, 0xe0, 0xff, 0x30, 0x40, 0xe0, 0xff,
    0x38, 0x40, 0xe0, 0xff, 0x38, 0x40, 0xe0, 0xff, 0x30, 0x3c, 0xd8, 0xff,
    0x38, 0x3c, 0xe0, 0xff, 0x30, 0x3c, 0xe0, 0xff, 0x38, 0x3c, 0xe0, 0xff,
    0x38, 0x40, 0xe0, 0xff, 0x38, 0x40, 0xe0, 0xff, 0x38, 0x40, 0xe0, 0xff,
    0x38, 0x44, 0xe0, 0xff, 0x38, 0x44, 0xe8, 0xff, 0x38, 0x40, 0xe8, 0xff,
    0x38, 0x44, 0xe0, 0xff, 0x38, 0x44, 0xe8, 0xff, 0x38, 0x44, 0xe8, 0xff,
    0x38, 0x44, 0xe0, 0xff, 0x38, 0x40, 0xe8, 0xff, 0x38, 0x40, 0xe8, 0xff,
    0x38, 0x40, 0xe0, 0xff, 0x38, 0x40, 0xe8, 0xff, 0x38, 0x40, 0xe0, 0xff,
    0x38, 0x40, 0xe0, 0xff, 0x38, 0x44, 0xe8, 0xff, 0x38, 0x44, 0xe8, 0xff,
    0x38, 0x40, 0xe8, 0xff, 0x38, 0x40, 0xe0, 0xff, 0x38, 0x44, 0xe0, 0xff,
    0x38, 0x44, 0xe8, 0xff, 0x38, 0x44, 0xe0, 0xff, 0x38, 0x44, 0xe0, 0xff,
    0x38, 0x40, 0xe0, 0xff, 0x38, 0x40, 0xe8, 0xff, 0x38, 0x44, 0xe8, 0xff,
    0x38, 0x44, 0xe8, 0xff, 0x38, 0x44, 0xe8, 0xff, 0x40, 0x44, 0xe8, 0xff,
    0x40, 0x48, 0xe8, 0xff, 0x38, 0x48, 0xe8, 0xff, 0x40, 0x48, 0xe8, 0xff,
    0x40, 0x48, 0xe8, 0xff, 0x40, 0x48, 0xe8, 0xff, 0x38, 0x44, 0xe8, 0xff,
    0x38, 0x40, 0xe0, 0xff, 0x38, 0x40, 0xe0, 0xff, 0x38, 0x40, 0xe0, 0xff,
    0x38, 0x44, 0xe0, 0xff, 0x38, 0x44, 0xe8, 0xff, 0x38, 0x44, 0xe8, 0xff,
    0x38, 0x44, 0xe0, 0xff, 0x38, 0x40, 0xe0, 0xff, 0x30, 0x3c, 0xe0, 0xff,
    0x38, 0x40, 0xe0, 0xff, 0x38, 0x40, 0xe0, 0xff, 0x38, 0x44, 0xe8, 0xff,
    0x30, 0x3c, 0xe0, 0xff, 0x38, 0x40, 0xe8, 0xff, 0x38, 0x40, 0xe0, 0xff,
    0x38, 0x44, 0xe8, 0xff, 0x38, 0x40, 0xe0, 0xff, 0x38, 0x40, 0xe8, 0xff,
    0x38, 0x40, 0xe8, 0xff, 0x30, 0x3c, 0xe0, 0xff, 0x38, 0x40, 0xe0, 0xff,
    0x38, 0x40, 0xe0, 0xff, 0x38, 0x40, 0xe8, 0xff, 0x38, 0x44, 0xe8, 0xff,
    0x38, 0x44, 0xe0, 0xff, 0x38, 0x40, 0xe8, 0xff, 0x38, 0x48, 0xe0, 0xff,
    0x40, 0x44, 0xe8, 0xff, 0x40, 0x48, 0xe8, 0xff, 0x40, 0x48, 0xe8, 0xff,
    0x40, 0x48, 0xe8, 0xff, 0x40, 0x48, 0xe8, 0xff, 0x38, 0x44, 0xe8, 0xff,
    0x40, 0x48, 0xe8, 0xff, 0x40, 0x44, 0xe8, 0xff, 0x38, 0x44, 0xe8, 0xff,
    0x38, 0x44, 0xe8, 0xff, 0x38, 0x40, 0xe0, 0xff, 0x38, 0x44, 0xe8, 0xff,
    0x38, 0x44, 0xe8, 0xff, 0x38, 0x44, 0xe8, 0xff, 0x38, 0x40, 0xe8, 0xff,
    0x38, 0x40, 0xe0, 0xff, 0x38, 0x44, 0xe8, 0xff, 0x38, 0x40, 0xe8, 0xff,
    0x38, 0x40, 0xe0, 0xff, 0x38, 0x40, 0xe8, 0xff, 0x38, 0x44, 0xe8, 0xff,
    0x38, 0x44, 0xe8, 0xff, 0x38, 0x40, 0xe0, 0xff, 0x38, 0x40, 0xe0, 0xff,
    0x38, 0x44, 0xe8, 0xff, 0x38, 0x44, 0xe8, 0xff, 0x38, 0x44, 0xe8, 0xff,
    0x38, 0x40, 0xe0, 0xff, 0x38, 0x40, 0xe0, 0xff, 0x38, 0x44, 0xe8, 0xff,
    0x38, 0x44, 0xe8, 0xff, 0x40, 0x44, 0xe8, 0xff, 0x38, 0x44, 0xe0, 0xff,
    0x38, 0x40, 0xe0, 0xff, 0x38, 0x40, 0xe0, 0xff, 0x38, 0x40, 0xe0, 0xff,
    0x38, 0x40, 0xe0, 0xff, 0x30, 0x40, 0xe0, 0xff, 0x38, 0x40, 0xe0, 0xff,
    0x38, 0x40, 0xe0, 0xff, 0x30, 0x44, 0xe0, 0xff, 0x38, 0x40, 0xe0, 0xff,
    0x38, 0x44, 0xe0, 0xff, 0x38, 0x44, 0xe8, 0xff, 0x38, 0x44, 0xe0, 0xff,
    0x38, 0x40, 0xe0, 0xff, 0x30, 0x3c, 0xd8, 0xff, 0x38, 0x40, 0xe0, 0xff,
    0x30, 0x40, 0xe0, 0xff, 0x38, 0x40, 0xe0, 0xff, 0x38, 0x40, 0xe0, 0xff,
    0x30, 0x40, 0xe0, 0xff, 0x38, 0x44, 0xe0, 0xff, 0x38, 0x40, 0xe0, 0xff,
    0x30, 0x40, 0xd8, 0xff, 0x30, 0x40, 0xd8, 0xff, 0x38, 0x44, 0xe0, 0xff,
    0x38, 0x44, 0xe0, 0xff, 0x38, 0x44, 0xe0, 0xff, 0x38, 0x44, 0xe0, 0xff,
    0x38, 0x44, 0xe0, 0xff, 0x38, 0x48, 0xe0, 0xff, 0x38, 0x40, 0xe0, 0xff,
    0x30, 0x40, 0xd8, 0xff, 0x30, 0x40, 0xd8, 0xff, 0x38, 0x40, 0xe0, 0xff,
    0x38, 0x40, 0xe0, 0xff, 0x30, 0x40, 0xd8, 0xff, 0x30, 0x40, 0xd8, 0xff,
    0x30, 0x40, 0xd8, 0x41, 0x30, 0x38, 0xd0, 0xff, 0x30, 0x3c, 0xd8, 0xff,
    0x30, 0x3c, 0xd8, 0xff, 0x30, 0x3c, 0xd8, 0xff, 0x30, 0x3c, 0xd0, 0xff,
    0x30, 0x38, 0xd0, 0xff, 0x28, 0x3c, 0xd0, 0xff, 0x30, 0x3c, 0xd8, 0xff,
    0x30, 0x3c, 0xd8, 0xff, 0x30, 0x38, 0xd8, 0xff, 0x30, 0x3c, 0xd8, 0xff,
    0x30, 0x3c, 0xd8, 0xff, 0x30, 0x38, 0xd0, 0xff, 0x30, 0x3c, 0xd8, 0xff,
    0x30, 0x3c, 0xd8, 0xff, 0x30, 0x40, 0xd8, 0xff, 0x38, 0x40, 0xe0, 0xff,
    0x38, 0x40, 0xe0, 0xff, 0x30, 0x40, 0xe0, 0xff, 0x38, 0x40, 0xe0, 0xff,
    0x30, 0x40, 0xd8, 0xff, 0x38, 0x40, 0xe0, 0xff, 0x30, 0x40, 0xd8, 0xff,
    0x30, 0x40, 0xd8, 0xff, 0x30, 0x40, 0xd8, 0xff, 0x38, 0x40, 0xe0, 0xff,
    0x38, 0x44, 0xe0, 0xff, 0x38, 0x44, 0xe0, 0xff, 0x38, 0x40, 0xe0, 0xff,
    0x30, 0x40, 0xd8, 0xff, 0x38, 0x44, 0xe0, 0xff, 0x38, 0x40, 0xd8, 0xff,
    0x38, 0x40, 0xe0, 0xff, 0x38, 0x40, 0xe0, 0xff, 0x30, 0x40, 0xe0, 0xff,
    0x38, 0x40, 0xe0, 0xff, 0x38, 0x40, 0xe0, 0xff, 0x38, 0x40, 0xe0, 0xff,
    0x30, 0x40, 0xe0, 0xff, 0x38, 0x40, 0xe0, 0xff, 0x38, 0x44, 0xe8, 0xff,
    0x38, 0x40, 0xe0, 0xff, 0x38, 0x40, 0xe0, 0xff, 0x38, 0x40, 0xe0, 0xff,
    0x38, 0x40, 0xe0, 0xff, 0x38, 0x40, 0xe0, 0xff, 0x38, 0x40, 0xe0, 0xff,
    0x38, 0x40, 0xe0, 0xff, 0x38, 0x40, 0xe0, 0xff, 0x38, 0x44, 0xe8, 0xff,
    0x38, 0x44, 0xe0, 0xff, 0x38, 0x40, 0xe0, 0xff, 0x30, 0x40, 0xe0, 0xff,
    0x38, 0x40, 0xe0, 0xff, 0x38, 0x40, 0xe0, 0xff, 0x38, 0x44, 0xe8, 0xff,
    0x38, 0x44, 0xe8, 0xff, 0x38, 0x40, 0xe8, 0xff, 0x38, 0x44, 0xe8, 0xff,
    0x38, 0x44, 0xe0, 0xff, 0x38, 0x44, 0xe8, 0xff, 0x38, 0x44, 0xe8, 0xff,
    0x38, 0x44, 0xe8, 0xff, 0x38, 0x44, 0xe0, 0xff, 0x38, 0x44, 0xe0, 0xff,
    0x38, 0x44, 0xe8, 0xff, 0x38, 0x44, 0xe8, 0xff, 0x40, 0x48, 0xe8, 0xff,
    0x40, 0x44, 0xe8, 0xff, 0x40, 0x48, 0xe8, 0xff, 0x38, 0x48, 0xe8, 0xff,
    0x38, 0x48, 0xe8, 0xff, 0x38, 0x48, 0xe8, 0xff, 0x38, 0x44, 0xe8, 0xff,
    0x38, 0x44, 0xe0, 0xff, 0x38, 0x44, 0xe8, 0xff, 0x38, 0x40, 0xe0, 0xff,
    0x38, 0x40, 0xe0, 0xff, 0x38, 0x44, 0xe8, 0xff, 0x38, 0x44, 0xe8, 0xff,
    0x38, 0x44, 0xe8, 0xff, 0x38, 0x44, 0xe0, 0xff, 0x38, 0x40, 0xe8, 0xff,
    0x38, 0x40, 0xe0, 0xff, 0x30, 0x3c, 0xe0, 0xff, 0x30, 0x40, 0xe0, 0xff,
    0x38, 0x3c, 0xe0, 0xff, 0x38, 0x40, 0xe0, 0xff, 0x38, 0x40, 0xe0, 0xff,
    0x38, 0x40, 0xe0, 0xff, 0x38, 0x40, 0xe8, 0xff, 0x38, 0x40, 0xe0, 0xff,
    0x38, 0x40, 0xe0, 0xff, 0x30, 0x3c, 0xe0, 0xff, 0x38, 0x40, 0xe0, 0xff,
    0x30, 0x3c, 0xe0, 0xff, 0x38, 0x3c, 0xe0, 0xff, 0x38, 0x40, 0xe0, 0xff,
    0x38, 0x40, 0xe0, 0xff, 0x38, 0x40, 0xe0, 0xff, 0x38, 0x44, 0xe8, 0xff,
    0x38, 0x48, 0xe8, 0xff, 0x40, 0x44, 0xe8, 0xff, 0x40, 0x48, 0xe8, 0xff,
    0x38, 0x48, 0xe8, 0xff, 0x38, 0x48, 0xe8, 0xff, 0x40, 0x48, 0xe8, 0xff,
    0x40, 0x48, 0xe8, 0xff, 0x38, 0x48, 0xe8, 0xff, 0x40, 0x48, 0xe8, 0xff,
    0x38, 0x44, 0xe8, 0xff, 0x38, 0x44, 0xe0, 0xff, 0x40, 0x44, 0xe8, 0xff,
    0x38, 0x44, 0xe0, 0xff, 0x38, 0x44, 0xe0, 0xff, 0x38, 0x40, 0xe0, 0xff,
    0x38, 0x40, 0xe0, 0xff, 0x38, 0x40, 0xe0, 0xff, 0x38, 0x44, 0xe8, 0xff,
    0x38, 0x40, 0xe0, 0xff, 0x38, 0x40, 0xe0, 0xff, 0x38, 0x40, 0xe0, 0xff,
    0x38, 0x40, 0xe8, 0xff, 0x38, 0x40, 0xe0, 0xff, 0x38, 0x40, 0xe0, 0xff,
    0x30, 0x40, 0xe0, 0xff, 0x38, 0x40, 0xe0, 0xff, 0x38, 0x40, 0xe0, 0xff,
    0x38, 0x44, 0xe8, 0xff, 0x38, 0x40, 0xe0, 0xff, 0x38, 0x40, 0xe0, 0xff,
    0x38, 0x44, 0xe0, 0xff, 0x38, 0x48, 0xe8, 0xff, 0x38, 0x44, 0xe8, 0xff,
    0x38, 0x44, 0xe0, 0xff, 0x38, 0x44, 0xe0, 0xff, 0x38, 0x44, 0xe8, 0xff,
    0x38, 0x40, 0xe8, 0xff, 0x38, 0x40, 0xe0, 0xff, 0x38, 0x40, 0xe0, 0xff,
    0x30, 0x40, 0xe0, 0xff, 0x38, 0x40, 0xe0, 0xff, 0x30, 0x40, 0xe0, 0xff,
    0x30, 0x40, 0xe0, 0xff, 0x38, 0x44, 0xe0, 0xff, 0x38, 0x44, 0xe0, 0xff,
    0x38, 0x44, 0xe0, 0xff, 0x30, 0x40, 0xe0, 0xff, 0x30, 0x40, 0xe0, 0xff,
    0x38, 0x40, 0xe0, 0xff, 0x38, 0x40, 0xe0, 0xff, 0x38, 0x40, 0xe0, 0xff,
    0x38, 0x44, 0xe0, 0xff, 0x38, 0x40, 0xe0, 0xff, 0x38, 0x40, 0xd8, 0xff,
    0x38, 0x44, 0xe0, 0xff, 0x30, 0x3c, 0xd8, 0xff, 0x30, 0x3c, 0xd8, 0xff,
    0x30, 0x40, 0xe0, 0xff, 0x38, 0x40, 0xe0, 0xff, 0x38, 0x44, 0xd8, 0xff,
    0x38, 0x40, 0xe0, 0xff, 0x38, 0x44, 0xe0, 0xff, 0x38, 0x44, 0xe0, 0xff,
    0x38, 0x44, 0xe0, 0xff, 0x30, 0x40, 0xd8, 0xff, 0x30, 0x40, 0xd8, 0xff,
    0x38, 0x40, 0xe0, 0xff, 0x30, 0x40, 0xd8, 0xff, 0x30, 0x40, 0xd8, 0xff,
    0x30, 0x3c, 0xd8, 0xff, 0x30, 0x3c, 0xd8, 0x41, 0x30, 0x3c, 0xd8, 0xff,
    0x30, 0x40, 0xd8, 0xff, 0x30, 0x40, 0xd8, 0xff, 0x30, 0x40, 0xd8, 0xff,
    0x30, 0x3c, 0xd8, 0xff, 0x30, 0x3c, 0xd8, 0xff, 0x30, 0x3c, 0xd8, 0xff,
    0x30, 0x3c, 0xd8, 0xff, 0x30, 0x3c, 0xd8, 0xff, 0x30, 0x3c, 0xd8, 0xff,
    0x30, 0x3c, 0xd8, 0xff, 0x30, 0x40, 0xd8, 0xff, 0x30, 0x3c, 0xd8, 0xff,
    0x30, 0x3c, 0xd8, 0xff, 0x30, 0x3c, 0xd8, 0xff, 0x30, 0x3c, 0xd8, 0xff,
    0x38, 0x40, 0xd8, 0xff, 0x38, 0x44, 0xe0, 0xff, 0x38, 0x44, 0xe0, 0xff,
    0x38, 0x40, 0xe0, 0xff, 0x38, 0x40, 0xe0, 0xff, 0x38, 0x44, 0xe0, 0xff,
    0x30, 0x40, 0xd8, 0xff, 0x38, 0x40, 0xe0, 0xff, 0x38, 0x44, 0xe0, 0xff,
    0x38, 0x44, 0xe0, 0xff, 0x38, 0x44, 0xe0, 0xff, 0x38, 0x44, 0xe0, 0xff,
    0x38, 0x44, 0xe0, 0xff, 0x38, 0x40, 0xd8, 0xff, 0x38, 0x44, 0xe0, 0xff,
    0x30, 0x40, 0xd8, 0xff, 0x30, 0x40, 0xd8, 0xff, 0x38, 0x44, 0xe0, 0xff,
    0x38, 0x40, 0xe0, 0xff, 0x30, 0x3c, 0xd8, 0xff, 0x30, 0x3c, 0xd8, 0xff,
    0x30, 0x3c, 0xd8, 0xff, 0x30, 0x40, 0xd8, 0xff, 0x38, 0x40, 0xe0, 0xff,
    0x38, 0x44, 0xe8, 0xff, 0x38, 0x40, 0xe8, 0xff, 0x38, 0x40, 0xe0, 0xff,
    0x38, 0x44, 0xe8, 0xff, 0x38, 0x44, 0xe8, 0xff, 0x38, 0x44, 0xe0, 0xff,
    0x38, 0x40, 0xe0, 0xff, 0x38, 0x40, 0xe8, 0xff, 0x38, 0x40, 0xe0, 0xff,
    0x38, 0x44, 0xe0, 0xff, 0x38, 0x44, 0xe8, 0xff, 0x38, 0x44, 0xe8, 0xff,
    0x38, 0x44, 0xe8, 0xff, 0x30, 0x40, 0xe0, 0xff, 0x38, 0x40, 0xe0, 0xff,
    0x38, 0x44, 0xe8, 0xff, 0x38, 0x44, 0xe0, 0xff, 0x38, 0x40, 0xe0, 0xff,
    0x38, 0x40, 0xe0, 0xff, 0x38, 0x40, 0xe8, 0xff, 0x38, 0x40, 0xe0, 0xff,
    0x38, 0x40, 0xe8, 0xff, 0x38, 0x44, 0xe8, 0xff, 0x40, 0x48, 0xe8, 0xff,
    0x38, 0x44, 0xe0, 0xff, 0x38, 0x44, 0xe0, 0xff, 0x38, 0x44, 0xe8, 0xff,
    0x38, 0x44, 0xe8, 0xff, 0x38, 0x48, 0xe8, 0xff, 0x38, 0x44, 0xe8, 0xff,
    0x40, 0x48, 0xe8, 0xff, 0x40, 0x48, 0xe8, 0xff, 0x38, 0x48, 0xe8, 0xff,
    0x40, 0x44, 0xe0, 0xff, 0x40, 0x48, 0xe0, 0xff, 0x40, 0x48, 0xe8, 0xff,
    0x38, 0x44, 0xe0, 0xff, 0x38, 0x44, 0xe0, 0xff, 0x38, 0x40, 0xe0, 0xff,
    0x38, 0x44, 0xe8, 0xff, 0x38, 0x44, 0xe8, 0xff, 0x38, 0x40, 0xe0, 0xff,
    0x38, 0x40, 0xe8, 0xff, 0x38, 0x40, 0xe8, 0xff, 0x38, 0x40, 0xe0, 0xff,
    0x38, 0x40, 0xe8, 0xff, 0x38, 0x40, 0xe0, 0xff, 0x30, 0x3c, 0xe0, 0xff,
    0x38, 0x40, 0xe8, 0xff, 0x38, 0x40, 0xe0, 0xff, 0x38, 0x44, 0xe8, 0xff,
    0x38, 0x40, 0xe8, 0xff, 0x38, 0x44, 0xe8, 0xff, 0x38, 0x40, 0xe0, 0xff,
    0x38, 0x3c, 0xe0, 0xff, 0x30, 0x3c, 0xe0, 0xff, 0x30, 0x3c, 0xe0, 0xff,
    0x38, 0x40, 0xe0, 0xff, 0x30, 0x3c, 0xe0, 0xff, 0x38, 0x3c, 0xe0, 0xff,
    0x38, 0x44, 0xe8, 0xff, 0x38, 0x44, 0xe0, 0xff, 0x38, 0x44, 0xe8, 0xff,
    0x40, 0x48, 0xe8, 0xff, 0x38, 0x44, 0xe8, 0xff, 0x40, 0x48, 0xe8, 0xff,
    0x40, 0x48, 0xe8, 0xff, 0x38, 0x48, 0xe8, 0xff, 0x40, 0x48, 0xe8, 0xff,
    0x40, 0x48, 0xe8, 0xff, 0x38, 0x44, 0xe0, 0xff, 0x38, 0x44, 0xe0, 0xff,
    0x38, 0x44, 0xe8, 0xff, 0x38, 0x40, 0xe0, 0xff, 0x38, 0x44, 0xe0, 0xff,
    0x38, 0x44, 0xe0, 0xff, 0x38, 0x40, 0xe8, 0xff, 0x38, 0x40, 0xe8, 0xff,
    0x38, 0x44, 0xe8, 0xff, 0x38, 0x40, 0xe0, 0xff, 0x38, 0x40, 0xe0, 0xff,
    0x38, 0x40, 0xe8, 0xff, 0x38, 0x40, 0xe0, 0xff, 0x38, 0x40, 0xe0, 0xff,
    0x38, 0x40, 0xe0, 0xff, 0x38, 0x40, 0xe8, 0xff, 0x38, 0x40, 0xe0, 0xff,
    0x38, 0x44, 0xe8, 0xff, 0x38, 0x40, 0xe8, 0xff, 0x38, 0x44, 0xe8, 0xff,
    0x38, 0x44, 0xe8, 0xff, 0x38, 0x44, 0xe0, 0xff, 0x40, 0x48, 0xe8, 0xff,
    0x40, 0x48, 0xe8, 0xff, 0x38, 0x48, 0xe0, 0xff, 0x38, 0x44, 0xe0, 0xff,
    0x38, 0x44, 0xe8, 0xff, 0x38, 0x40, 0xe0, 0xff, 0x38, 0x40, 0xe0, 0xff,
    0x30, 0x3c, 0xe0, 0xff, 0x30, 0x3c, 0xe0, 0xff, 0x30, 0x3c, 0xe0, 0xff,
    0x38, 0x40, 0xe0, 0xff, 0x30, 0x40, 0xe0, 0xff, 0x38, 0x40, 0xe0, 0xff,
    0x38, 0x40, 0xe0, 0xff, 0x38, 0x44, 0xe0, 0xff, 0x30, 0x40, 0xe0, 0xff,
    0x38, 0x40, 0xe0, 0xff, 0x38, 0x44, 0xe0, 0xff, 0x38, 0x40, 0xe0, 0xff,
    0x30, 0x40, 0xd8, 0xff, 0x38, 0x40, 0xe0, 0xff, 0x30, 0x40, 0xd8, 0xff,
    0x38, 0x44, 0xe0, 0xff, 0x38, 0x44, 0xe0, 0xff, 0x30, 0x40, 0xd8, 0xff,
    0x30, 0x40, 0xd8, 0xff, 0x38, 0x40, 0xe0, 0xff, 0x38, 0x40, 0xd8, 0xff,
    0x38, 0x44, 0xe0, 0xff, 0x38, 0x40, 0xe0, 0xff, 0x38, 0x40, 0xe0, 0xff,
    0x38, 0x44, 0xe0, 0xff, 0x30, 0x40, 0xd8, 0xff, 0x30, 0x3c, 0xd8, 0xff,
    0x38, 0x40, 0xe0, 0xff, 0x38, 0x40, 0xe0, 0xff, 0x30, 0x40, 0xd8, 0xff,
    0x38, 0x40, 0xe0, 0xff, 0x38, 0x40, 0xe0, 0xff, 0x38, 0x40, 0xe0, 0x41,
    0x30, 0x3c, 0xd8, 0xff, 0x38, 0x40, 0xd8, 0xff, 0x38, 0x40, 0xd8, 0xff,
    0x30, 0x40, 0xd8, 0xff, 0x30, 0x40, 0xd8, 0xff, 0x30, 0x3c, 0xd8, 0xff,
    0x30, 0x3c, 0xd0, 0xff, 0x30, 0x3c, 0xd8, 0xff, 0x30, 0x3c, 0xd8, 0xff,
    0x30, 0x3c, 0xd8, 0xff, 0x30, 0x3c, 0xd8, 0xff, 0x30, 0x3c, 0xd8, 0xff,
    0x30, 0x3c, 0xd8, 0xff, 0x30, 0x3c, 0xd8, 0xff, 0x30, 0x3c, 0xd8, 0xff,
    0x38, 0x40, 0xd8, 0xff, 0x38, 0x44, 0xd8, 0xff, 0x38, 0x44, 0xe0, 0xff,
    0x38, 0x44, 0xe0, 0xff, 0x30, 0x44, 0xe0, 0xff, 0x38, 0x40, 0xd8, 0xff,
    0x38, 0x44, 0xe0, 0xff, 0x30, 0x40, 0xe0, 0xff, 0x38, 0x40, 0xe0, 0xff,
    0x38, 0x40, 0xe0, 0xff, 0x38, 0x44, 0xe0, 0xff, 0x38, 0x44, 0xe0, 0xff,
    0x38, 0x44, 0xe0, 0xff, 0x38, 0x44, 0xe0, 0xff, 0x38, 0x44, 0xe0, 0xff,
    0x38, 0x44, 0xe0, 0xff, 0x30, 0x40, 0xe0, 0xff, 0x38, 0x44, 0xe0, 0xff,
    0x38, 0x44, 0xe0, 0xff, 0x38, 0x44, 0xe0, 0xff, 0x30, 0x3c, 0xd8, 0xff,
    0x28, 0x34, 0xc8, 0xff, 0x28, 0x38, 0xd0, 0xff, 0x30, 0x3c, 0xd8, 0xff,
    0x38, 0x40, 0xe0, 0xff, 0x38, 0x40, 0xe8, 0xff, 0x38, 0x40, 0xe0, 0xff,
    0x38, 0x40, 0xe0, 0xff, 0x38, 0x44, 0xe8, 0xff, 0x38, 0x44, 0xe0, 0xff,
    0x38, 0x44, 0xe8, 0xff, 0x38, 0x44, 0xe8, 0xff, 0x38, 0x40, 0xe0, 0xff,
    0x38, 0x40, 0xe0, 0xff, 0x38, 0x44, 0xe8, 0xff, 0x38, 0x44, 0xe0, 0xff,
    0x38, 0x40, 0xe8, 0xff, 0x38, 0x44, 0xe0, 0xff, 0x38, 0x40, 0xe0, 0xff,
    0x38, 0x44, 0xe8, 0xff, 0x38, 0x44, 0xe8, 0xff, 0x38, 0x44, 0xe8, 0xff,
    0x38, 0x44, 0xe0, 0xff, 0x38, 0x40, 0xe0, 0xff, 0x38, 0x40, 0xe8, 0xff,
    0x38, 0x40, 0xe0, 0xff, 0x38, 0x44, 0xe0, 0xff, 0x38, 0x44, 0xe8, 0xff,
    0x40, 0x48, 0xe8, 0xff, 0x40, 0x44, 0xe8, 0xff, 0x38, 0x44, 0xe8, 0xff,
    0x40, 0x48, 0xe8, 0xff, 0x40, 0x48, 0xe8, 0xff, 0x38, 0x48, 0xe8, 0xff,
    0x38, 0x48, 0xe8, 0xff, 0x40, 0x48, 0xe8, 0xff, 0x40, 0x48, 0xe8, 0xff,
    0x38, 0x48, 0xe8, 0xff, 0x38, 0x48, 0xe8, 0xff, 0x40, 0x44, 0xe0, 0xff,
    0x38, 0x48, 0xe8, 0xff, 0x38, 0x44, 0xe8, 0xff, 0x38, 0x44, 0xe8, 0xff,
    0x38, 0x40, 0xe0, 0xff, 0x38, 0x48, 0xe8, 0xff, 0x38, 0x44, 0xe0, 0xff,
    0x38, 0x40, 0xe0, 0xff, 0x38, 0x40, 0xe0, 0xff, 0x38, 0x40, 0xe0, 0xff,
    0x30, 0x40, 0xe0, 0xff, 0x30, 0x3c, 0xe0, 0xff, 0x38, 0x40, 0xe0, 0xff,
    0x38, 0x40, 0xe0, 0xff, 0x38, 0x40, 0xe8, 0xff, 0x38, 0x40, 0xe0, 0xff,
    0x38, 0x40, 0xe8, 0xff, 0x38, 0x40, 0xe8, 0xff, 0x38, 0x44, 0xe8, 0xff,
    0x38, 0x3c, 0xe0, 0xff, 0x38, 0x40, 0xe8, 0xff, 0x30, 0x3c, 0xe0, 0xff,
    0x38, 0x3c, 0xe0, 0xff, 0x38, 0x40, 0xe8, 0xff, 0x30, 0x3c, 0xe0, 0xff,
    0x38, 0x3c, 0xe0, 0xff, 0x38, 0x40, 0xe0, 0xff, 0x38, 0x44, 0xe0, 0xff,
    0x38, 0x44, 0xe8, 0xff, 0x38, 0x44, 0xe8, 0xff, 0x38, 0x44, 0xe8, 0xff,
    0x40, 0x48, 0xe8, 0xff, 0x40, 0x48, 0xe8, 0xff, 0x38, 0x48, 0xe8, 0xff,
    0x38, 0x44, 0xe8, 0xff, 0x40, 0x44, 0xe8, 0xff, 0x38, 0x48, 0xe0, 0xff,
    0x38, 0x44, 0xe8, 0xff, 0x38, 0x44, 0xe8, 0xff, 0x38, 0x44, 0xe0, 0xff,
    0x38, 0x44, 0xe0, 0xff, 0x38, 0x40, 0xe0, 0xff, 0x38, 0x44, 0xe8, 0xff,
    0x38, 0x40, 0xe0, 0xff, 0x38, 0x40, 0xe0, 0xff, 0x38, 0x40, 0xe8, 0xff,
    0x38, 0x40, 0xe8, 0xff, 0x38, 0x40, 0xe0, 0xff, 0x38, 0x40, 0xe0, 0xff,
    0x38, 0x40, 0xe0, 0xff, 0x38, 0x40, 0xe8, 0xff, 0x30, 0x40, 0xe0, 0xff,
    0x30, 0x40, 0xe0, 0xff, 0x38, 0x40, 0xe0, 0xff, 0x38, 0x44, 0xe0, 0xff,
    0x38, 0x44, 0xe8, 0xff, 0x38, 0x44, 0xe0, 0xff, 0x38, 0x44, 0xe0, 0xff,
    0x38, 0x48, 0xe0, 0xff, 0x40, 0x44, 0xe8, 0xff, 0x38, 0x44, 0xe0, 0xff,
    0x38, 0x40, 0xe0, 0xff, 0x38, 0x40, 0xe0, 0xff, 0x38, 0x40, 0xe0, 0xff,
    0x38, 0x40, 0xe0, 0xff, 0x38, 0x40, 0xe0, 0xff, 0x30, 0x40, 0xe0, 0xff,
    0x30, 0x3c, 0xe0, 0xff, 0x38, 0x40, 0xe0, 0xff, 0x30, 0x3c, 0xe0, 0xff,
    0x38, 0x40, 0xe0, 0xff, 0x38, 0x40, 0xe0, 0xff, 0x38, 0x40, 0xe8, 0xff,
    0x38, 0x40, 0xe0, 0xff, 0x38, 0x40, 0xe0, 0xff, 0x38, 0x44, 0xe0, 0xff,
    0x30, 0x40, 0xe0, 0xff, 0x38, 0x40, 0xe0, 0xff, 0x30, 0x40, 0xd8, 0xff,
    0x30, 0x3c, 0xd8, 0xff, 0x30, 0x3c, 0xd8, 0xff, 0x30, 0x40, 0xd8, 0xff,
    0x38, 0x40, 0xe0, 0xff, 0x30, 0x40, 0xd8, 0xff, 0x30, 0x40, 0xd8, 0xff,
    0x38, 0x40, 0xe0, 0xff, 0x38, 0x44, 0xe0, 0xff, 0x30, 0x44, 0xe0, 0xff,
    0x38, 0x44, 0xe0, 0xff, 0x38, 0x44, 0xe0, 0xff, 0x38, 0x40, 0xe0, 0xff,
    0x30, 0x40, 0xd8, 0xff, 0x30, 0x40, 0xd8, 0xff, 0x38, 0x40, 0xe0, 0xff,
    0x30, 0x40, 0xd8, 0xff, 0x38, 0x40, 0xe0, 0xff, 0x30, 0x40, 0xd8, 0xff,
    0x30, 0x40, 0xd8, 0x41, 0x30, 0x3c, 0xd0, 0xff, 0x30, 0x40, 0xd8, 0xff,
    0x30, 0x40, 0xd8, 0xff, 0x30, 0x40, 0xd8, 0xff, 0x38, 0x40, 0xd8, 0xff,
    0x30, 0x3c, 0xd8, 0xff, 0x30, 0x3c, 0xd8, 0xff, 0x30, 0x40, 0xd8, 0xff,
    0x30, 0x3c, 0xd8, 0xff, 0x30, 0x40, 0xd8, 0xff, 0x30, 0x40, 0xd8, 0xff,
    0x38, 0x40, 0xd8, 0xff, 0x30, 0x3c, 0xd8, 0xff, 0x30, 0x3c, 0xd0, 0xff,
    0x30, 0x40, 0xd8, 0xff, 0x30, 0x40, 0xd8, 0xff, 0x30, 0x40, 0xd8, 0xff,
    0x38, 0x40, 0xd8, 0xff, 0x38, 0x44, 0xe0, 0xff, 0x30, 0x40, 0xd8, 0xff,
    0x38, 0x44, 0xd8, 0xff, 0x38, 0x44, 0xe0, 0xff, 0x30, 0x40, 0xd8, 0xff,
    0x38, 0x40, 0xe0, 0xff, 0x38, 0x40, 0xd8, 0xff, 0x30, 0x40, 0xd8, 0xff,
    0x30, 0x40, 0xd8, 0xff, 0x38, 0x44, 0xe0, 0xff, 0x38, 0x44, 0xe0, 0xff,
    0x38, 0x44, 0xe0, 0xff, 0x38, 0x48, 0xe0, 0xff, 0x38, 0x44, 0xe0, 0xff,
    0x38, 0x44, 0xe0, 0xff, 0x38, 0x44, 0xe0, 0xff, 0x38, 0x44, 0xe0, 0xff,
    0x38, 0x40, 0xd8, 0xff, 0x30, 0x40, 0xd8, 0xff, 0x30, 0x40, 0xe0, 0xff,
    0x38, 0x40, 0xd8, 0xff, 0x38, 0x44, 0xe0, 0xff, 0x38, 0x44, 0xe0, 0xff,
    0x38, 0x40, 0xe0, 0xff, 0x38, 0x44, 0xe0, 0xff, 0x38, 0x40, 0xe0, 0xff,
    0x38, 0x40, 0xe0, 0xff, 0x38, 0x44, 0xe0, 0xff, 0x38, 0x44, 0xe8, 0xff,
    0x38, 0x44, 0xe8, 0xff, 0x38, 0x40, 0xe0, 0xff, 0x38, 0x40, 0xe0, 0xff,
    0x38, 0x44, 0xe8, 0xff, 0x38, 0x44, 0xe8, 0xff, 0x38, 0x44, 0xe8, 0xff,
    0x38, 0x40, 0xe0, 0xff, 0x38, 0x40, 0xe0, 0xff, 0x38, 0x40, 0xe8, 0xff,
    0x38, 0x44, 0xe8, 0xff, 0x38, 0x40, 0xe0, 0xff, 0x38, 0x44, 0xe0, 0xff,
    0x38, 0x40, 0xe8, 0xff, 0x38, 0x44, 0xe0, 0xff, 0x38, 0x44, 0xe0, 0xff,
    0x38, 0x44, 0xe8, 0xff, 0x40, 0x48, 0xe8, 0xff, 0x38, 0x48, 0xe8, 0xff,
    0x38, 0x48, 0xe8, 0xff, 0x40, 0x48, 0xe8, 0xff, 0x40, 0x48, 0xe8, 0xff,
    0x40, 0x48, 0xe8, 0xff, 0x38, 0x48, 0xe8, 0xff, 0x38, 0x48, 0xe8, 0xff,
    0x40, 0x48, 0xe8, 0xff, 0x40, 0x44, 0xe8, 0xff, 0x38, 0x44, 0xe0, 0xff,
    0x38, 0x44, 0xe0, 0xff, 0x38, 0x44, 0xe0, 0xff, 0x38, 0x44, 0xe8, 0xff,
    0x38, 0x48, 0xe8, 0xff, 0x38, 0x44, 0xe0, 0xff, 0x38, 0x40, 0xe0, 0xff,
    0x38, 0x48, 0xe8, 0xff, 0x38, 0x44, 0xe8, 0xff, 0x38, 0x44, 0xe8, 0xff,
    0x38, 0x40, 0xe8, 0xff, 0x38, 0x40, 0xe8, 0xff, 0x38, 0x40, 0xe0, 0xff,
    0x38, 0x40, 0xe0, 0xff, 0x38, 0x40, 0xe0, 0xff, 0x38, 0x40, 0xe0, 0xff,
    0x38, 0x40, 0xe0, 0xff, 0x38, 0x40, 0xe0, 0xff, 0x38, 0x44, 0xe0, 0xff,
    0x38, 0x48, 0xe8, 0xff, 0x38, 0x40, 0xe0, 0xff, 0x38, 0x40, 0xe0, 0xff,
    0x38, 0x40, 0xe0, 0xff, 0x38, 0x40, 0xe8, 0xff, 0x38, 0x40, 0xe0, 0xff,
    0x38, 0x40, 0xe0, 0xff, 0x38, 0x40, 0xe8, 0xff, 0x38, 0x40, 0xe0, 0xff,
    0x38, 0x40, 0xe0, 0xff, 0x38, 0x44, 0xe8, 0xff, 0x38, 0x44, 0xe8, 0xff,
    0x38, 0x44, 0xe0, 0xff, 0x38, 0x40, 0xe0, 0xff, 0x38, 0x44, 0xe8, 0xff,
    0x38, 0x48, 0xe0, 0xff, 0x40, 0x48, 0xe8, 0xff, 0x40, 0x48, 0xe8, 0xff,
    0x38, 0x44, 0xe0, 0xff, 0x40, 0x48, 0xe8, 0xff, 0x40, 0x44, 0xe0, 0xff,
    0x38, 0x44, 0xe0, 0xff, 0x38, 0x44, 0xe0, 0xff, 0x38, 0x44, 0xe0, 0xff,
    0x38, 0x40, 0xe0, 0xff, 0x38, 0x3c, 0xe0, 0xff, 0x38, 0x40, 0xe0, 0xff,
    0x38, 0x40, 0xe0, 0xff, 0x30, 0x40, 0xe0, 0xff, 0x30, 0x3c, 0xe0, 0xff,
    0x38, 0x40, 0xe0, 0xff, 0x38, 0x44, 0xe0, 0xff, 0x38, 0x44, 0xe8, 0xff,
    0x38, 0x44, 0xe0, 0xff, 0x38, 0x44, 0xe8, 0xff, 0x38, 0x40, 0xe8, 0xff,
    0x38, 0x44, 0xe8, 0xff, 0x38, 0x44, 0xe8, 0xff, 0x38, 0x44, 0xe8, 0xff,
    0x38, 0x44, 0xe0, 0xff, 0x38, 0x44, 0xe0, 0xff, 0x38, 0x44, 0xe8, 0xff,
    0x38, 0x44, 0xe8, 0xff, 0x38, 0x44, 0xe0, 0xff, 0x38, 0x40, 0xe0, 0xff,
    0x30, 0x40, 0xe0, 0xff, 0x38, 0x40, 0xe0, 0xff, 0x38, 0x40, 0xe0, 0xff,
    0x38, 0x40, 0xe0, 0xff, 0x38, 0x40, 0xe0, 0xff, 0x38, 0x3c, 0xe0, 0xff,
    0x38, 0x40, 0xe0, 0xff, 0x38, 0x40, 0xe0, 0xff, 0x30, 0x3c, 0xe0, 0xff,
    0x30, 0x40, 0xe0, 0xff, 0x30, 0x40, 0xe0, 0xff, 0x38, 0x40, 0xe0, 0xff,
    0x38, 0x40, 0xe0, 0xff, 0x30, 0x40, 0xe0, 0xff, 0x38, 0x40, 0xe0, 0xff,
    0x38, 0x40, 0xe0, 0xff, 0x30, 0x40, 0xe0, 0xff, 0x38, 0x40, 0xe0, 0xff,
    0x38, 0x40, 0xe0, 0xff, 0x30, 0x3c, 0xd8, 0xff, 0x30, 0x40, 0xd8, 0xff,
    0x38, 0x40, 0xe0, 0xff, 0x38, 0x40, 0xe0, 0xff, 0x38, 0x44, 0xd8, 0xff,
    0x38, 0x40, 0xd8, 0xff, 0x30, 0x40, 0xd8, 0xff, 0x38, 0x40, 0xe0, 0xff,
    0x38, 0x44, 0xe0, 0xff, 0x30, 0x40, 0xd8, 0xff, 0x38, 0x40, 0xe0, 0xff,
    0x30, 0x40, 0xd8, 0xff, 0x38, 0x40, 0xe0, 0xff, 0x30, 0x40, 0xd8, 0xff,
    0x38, 0x40, 0xd8, 0xff, 0x38, 0x40, 0xd8, 0x41, 0x30, 0x3c, 0xd0, 0xff,
    0x30, 0x3c, 0xd8, 0xff, 0x30, 0x40, 0xd8, 0xff, 0x30, 0x3c, 0xd8, 0xff,
    0x30, 0x40, 0xd8, 0xff, 0x30, 0x40, 0xd8, 0xff, 0x38, 0x40, 0xd8, 0xff,
    0x38, 0x44, 0xd8, 0xff, 0x38, 0x40, 0xd8, 0xff, 0x38, 0x40, 0xd8, 0xff,
    0x38, 0x40, 0xd8, 0xff, 0x38, 0x44, 0xd8, 0xff, 0x30, 0x40, 0xd8, 0xff,
    0x30, 0x3c, 0xd8, 0xff, 0x30, 0x40, 0xd8, 0xff, 0x38, 0x40, 0xe0, 0xff,
    0x38, 0x40, 0xe0, 0xff, 0x30, 0x40, 0xd8, 0xff, 0x38, 0x44, 0xe0, 0xff,
    0x38, 0x40, 0xd8, 0xff, 0x38, 0x40, 0xe0, 0xff, 0x38, 0x44, 0xe0, 0xff,
    0x38, 0x44, 0xe0, 0xff, 0x38, 0x44, 0xe0, 0xff, 0x38, 0x40, 0xe0, 0xff,
    0x30, 0x3c, 0xd8, 0xff, 0x30, 0x40, 0xd8, 0xff, 0x38, 0x44, 0xe0, 0xff,
    0x38, 0x44, 0xe0, 0xff, 0x38, 0x44, 0xd8, 0xff, 0x38, 0x48, 0xe0, 0xff,
    0x38, 0x40, 0xe0, 0xff, 0x38, 0x40, 0xe0, 0xff, 0x38, 0x44, 0xe0, 0xff,
    0x38, 0x44, 0xe0, 0xff, 0x30, 0x40, 0xe0, 0xff, 0x30, 0x40, 0xd8, 0xff,
    0x38, 0x40, 0xe0, 0xff, 0x38, 0x44, 0xe0, 0xff, 0x38, 0x44, 0xe0, 0xff,
    0x38, 0x44, 0xe0, 0xff, 0x38, 0x44, 0xe0, 0xff, 0x38, 0x44, 0xe0, 0xff,
    0x38, 0x44, 0xe0, 0xff, 0x38, 0x44, 0xe0, 0xff, 0x38, 0x40, 0xe0, 0xff,
    0x38, 0x40, 0xe0, 0xff, 0x38, 0x44, 0xe0, 0xff, 0x38, 0x40, 0xe0, 0xff,
    0x38, 0x44, 0xe8, 0xff, 0x38, 0x44, 0xe8, 0xff, 0x38, 0x44, 0xe0, 0xff,
    0x38, 0x44, 0xe8, 0xff, 0x38, 0x44, 0xe0, 0xff, 0x38, 0x44, 0xe0, 0xff,
    0x38, 0x44, 0xe8, 0xff, 0x40, 0x44, 0xe8, 0xff, 0x38, 0x44, 0xe8, 0xff,
    0x38, 0x40, 0xe0, 0xff, 0x38, 0x40, 0xe8, 0xff, 0x38, 0x44, 0xe0, 0xff,
    0x38, 0x44, 0xe8, 0xff, 0x38, 0x44, 0xe8, 0xff, 0x40, 0x48, 0xe0, 0xff,
    0x38, 0x44, 0xe0, 0xff, 0x38, 0x48, 0xe0, 0xff, 0x38, 0x48, 0xe8, 0xff,
    0x38, 0x48, 0xe8, 0xff, 0x40, 0x48, 0xe8, 0xff, 0x38, 0x48, 0xe8, 0xff,
    0x38, 0x48, 0xe8, 0xff, 0x40, 0x48, 0xe8, 0xff, 0x40, 0x48, 0xe8, 0xff,
    0x38, 0x44, 0xe0, 0xff, 0x38, 0x48, 0xe8, 0xff, 0x38, 0x44, 0xe0, 0xff,
    0x38, 0x44, 0xe0, 0xff, 0x38, 0x44, 0xe8, 0xff, 0x38, 0x44, 0xe8, 0xff,
    0x38, 0x44, 0xe8, 0xff, 0x40, 0x48, 0xe8, 0xff, 0x38, 0x44, 0xe8, 0xff,
    0x38, 0x44, 0xe8, 0xff, 0x38, 0x44, 0xe0, 0xff, 0x38, 0x40, 0xe8, 0xff,
    0x38, 0x40, 0xe0, 0xff, 0x38, 0x44, 0xe0, 0xff, 0x38, 0x44, 0xe8, 0xff,
    0x38, 0x40, 0xe0, 0xff, 0x30, 0x40, 0xe0, 0xff, 0x38, 0x44, 0xe0, 0xff,
    0x38, 0x40, 0xe0, 0xff, 0x38, 0x44, 0xe8, 0xff, 0x38, 0x44, 0xe8, 0xff,
    0x38, 0x40, 0xe0, 0xff, 0x38, 0x40, 0xe0, 0xff, 0x38, 0x40, 0xe0, 0xff,
    0x38, 0x44, 0xe8, 0xff, 0x38, 0x40, 0xe0, 0xff, 0x38, 0x40, 0xe0, 0xff,
    0x38, 0x40, 0xe0, 0xff, 0x38, 0x40, 0xe0, 0xff, 0x38, 0x44, 0xe8, 0xff,
    0x40, 0x44, 0xe8, 0xff, 0x38, 0x44, 0xe0, 0xff, 0x40, 0x44, 0xe8, 0xff,
    0x40, 0x48, 0xe8, 0xff, 0x38, 0x44, 0xe0, 0xff, 0x40, 0x48, 0xe8, 0xff,
    0x38, 0x48, 0xe8, 0xff, 0x38, 0x48, 0xe0, 0xff, 0x40, 0x48, 0xe8, 0xff,
    0x38, 0x44, 0xe0, 0xff, 0x38, 0x44, 0xe0, 0xff, 0x38, 0x44, 0xe0, 0xff,
    0x38, 0x40, 0xe0, 0xff, 0x38, 0x3c, 0xe0, 0xff, 0x30, 0x40, 0xe0, 0xff,
    0x38, 0x40, 0xe8, 0xff, 0x30, 0x3c, 0xe0, 0xff, 0x38, 0x3c, 0xe0, 0xff,
    0x30, 0x3c, 0xe0, 0xff, 0x30, 0x40, 0xe0, 0xff, 0x38, 0x40, 0xe0, 0xff,
    0x38, 0x44, 0xe0, 0xff, 0x30, 0x44, 0xe0, 0xff, 0x38, 0x44, 0xe8, 0xff,
    0x38, 0x40, 0xe0, 0xff, 0x38, 0x44, 0xe8, 0xff, 0x38, 0x44, 0xe0, 0xff,
    0x38, 0x40, 0xe0, 0xff, 0x38, 0x40, 0xe0, 0xff, 0x38, 0x44, 0xe8, 0xff,
    0x38, 0x40, 0xe0, 0xff, 0x38, 0x44, 0xe8, 0xff, 0x38, 0x44, 0xe0, 0xff,
    0x38, 0x40, 0xe0, 0xff, 0x30, 0x40, 0xe0, 0xff, 0x38, 0x40, 0xe0, 0xff,
    0x38, 0x40, 0xe0, 0xff, 0x38, 0x40, 0xe0, 0xff, 0x30, 0x40, 0xe0, 0xff,
    0x38, 0x40, 0xe0, 0xff, 0x38, 0x40, 0xe0, 0xff, 0x38, 0x40, 0xe0, 0xff,
    0x30, 0x40, 0xe0, 0xff, 0x38, 0x40, 0xe0, 0xff, 0x38, 0x40, 0xe0, 0xff,
    0x38, 0x40, 0xe0, 0xff, 0x38, 0x40, 0xe0, 0xff, 0x38, 0x40, 0xe0, 0xff,
    0x38, 0x40, 0xe0, 0xff, 0x38, 0x44, 0xe0, 0xff, 0x38, 0x44, 0xe0, 0xff,
    0x38, 0x40, 0xe0, 0xff, 0x30, 0x40, 0xd8, 0xff, 0x30, 0x3c, 0xd8, 0xff,
    0x30, 0x3c, 0xd8, 0xff, 0x38, 0x44, 0xe0, 0xff, 0x38, 0x44, 0xe0, 0xff,
    0x38, 0x44, 0xe0, 0xff, 0x38, 0x44, 0xe0, 0xff, 0x38, 0x44, 0xe0, 0xff,
    0x38, 0x40, 0xd8, 0xff, 0x38, 0x40, 0xe0, 0xff, 0x38, 0x44, 0xe0, 0xff,
    0x38, 0x40, 0xe0, 0xff, 0x38, 0x40, 0xe0, 0xff, 0x30, 0x40, 0xd8, 0xff,
    0x30, 0x40, 0xd8, 0xff, 0x38, 0x40, 0xd8, 0xff, 0x30, 0x40, 0xd8, 0x41,
    0x30, 0x3c, 0xd0, 0xff, 0x30, 0x40, 0xd8, 0xff, 0x30, 0x40, 0xd8, 0xff,
    0x38, 0x40, 0xd8, 0xff, 0x38, 0x40, 0xd8, 0xff, 0x30, 0x40, 0xd8, 0xff,
    0x30, 0x40, 0xd8, 0xff, 0x38, 0x44, 0xe0, 0xff, 0x38, 0x44, 0xe0, 0xff,
    0x38, 0x44, 0xd8, 0xff, 0x38, 0x44, 0xe0, 0xff, 0x38, 0x40, 0xe0, 0xff,
    0x30, 0x3c, 0xd8, 0xff, 0x30, 0x3c, 0xd8, 0xff, 0x30, 0x40, 0xd8, 0xff,
    0x38, 0x40, 0xd8, 0xff, 0x38, 0x44, 0xe0, 0xff, 0x38, 0x44, 0xd8, 0xff,
    0x38, 0x40, 0xd8, 0xff, 0x30, 0x40, 0xe0, 0xff, 0x38, 0x44, 0xd8, 0xff,
    0x38, 0x44, 0xe0, 0xff, 0x38, 0x44, 0xe0, 0xff, 0x30, 0x40, 0xd8, 0xff,
    0x38, 0x44, 0xd8, 0xff, 0x38, 0x40, 0xd8, 0xff, 0x38, 0x40, 0xd8, 0xff,
    0x38, 0x44, 0xe0, 0xff, 0x38, 0x44, 0xe0, 0xff, 0x38, 0x44, 0xe0, 0xff,
    0x38, 0x48, 0xe0, 0xff, 0x38, 0x44, 0xe0, 0xff, 0x38, 0x44, 0xe0, 0xff,
    0x38, 0x44, 0xe0, 0xff, 0x38, 0x44, 0xe0, 0xff, 0x38, 0x40, 0xe0, 0xff,
    0x38, 0x40, 0xd8, 0xff, 0x38, 0x40, 0xe0, 0xff, 0x38, 0x40, 0xe0, 0xff,
    0x38, 0x44, 0xe0, 0xff, 0x38, 0x44, 0xe0, 0xff, 0x38, 0x44, 0xe8, 0xff,
    0x38, 0x48, 0xe8, 0xff, 0x38, 0x44, 0xe0, 0xff, 0x38, 0x44, 0xe0, 0xff,
    0x38, 0x44, 0xe8, 0xff, 0x38, 0x44, 0xe8, 0xff, 0x38, 0x44, 0xe8, 0xff,
    0x38, 0x44, 0xe8, 0xff, 0x38, 0x44, 0xe8, 0xff, 0x40, 0x44, 0xe8, 0xff,
    0x38, 0x44, 0xe0, 0xff, 0x38, 0x44, 0xe0, 0xff, 0x40, 0x44, 0xe8, 0xff,
    0x38, 0x44, 0xe8, 0xff, 0x38, 0x44, 0xe8, 0xff, 0x38, 0x40, 0xe0, 0xff,
    0x38, 0x40, 0xe0, 0xff, 0x38, 0x44, 0xe8, 0xff, 0x38, 0x44, 0xe8, 0xff,
    0x38, 0x44, 0xe0, 0xff, 0x38, 0x44, 0xe0, 0xff, 0x38, 0x40, 0xe0, 0xff,
    0x38, 0x44, 0xe8, 0xff, 0x38, 0x44, 0xe0, 0xff, 0x38, 0x44, 0xe8, 0xff,
    0x40, 0x44, 0xe8, 0xff, 0x38, 0x44, 0xe8, 0xff, 0x40, 0x44, 0xe8, 0xff,
    0x38, 0x48, 0xe8, 0xff, 0x38, 0x48, 0xe8, 0xff, 0x40, 0x48, 0xe8, 0xff,
    0x38, 0x44, 0xe8, 0xff, 0x38, 0x44, 0xe0, 0xff, 0x38, 0x44, 0xe8, 0xff,
    0x38, 0x44, 0xe8, 0xff, 0x40, 0x44, 0xe8, 0xff, 0x40, 0x48, 0xe8, 0xff,
    0x38, 0x48, 0xe8, 0xff, 0x40, 0x48, 0xe8, 0xff, 0x40, 0x48, 0xe8, 0xff,
    0x40, 0x44, 0xe8, 0xff, 0x38, 0x44, 0xe8, 0xff, 0x38, 0x44, 0xe8, 0xff,
    0x38, 0x44, 0xe8, 0xff, 0x38, 0x44, 0xe0, 0xff, 0x38, 0x44, 0xe8, 0xff,
    0x38, 0x40, 0xe0, 0xff, 0x38, 0x44, 0xe8, 0xff, 0x30, 0x40, 0xe0, 0xff,
    0x38, 0x44, 0xe8, 0xff, 0x38, 0x40, 0xe0, 0xff, 0x38, 0x44, 0xe0, 0xff,
    0x38, 0x44, 0xe8, 0xff, 0x38, 0x40, 0xe8, 0xff, 0x38, 0x44, 0xe8, 0xff,
    0x38, 0x44, 0xe8, 0xff, 0x38, 0x40, 0xe8, 0xff, 0x38, 0x40, 0xe0, 0xff,
    0x38, 0x40, 0xe0, 0xff, 0x38, 0x40, 0xe8, 0xff, 0x38, 0x44, 0xe0, 0xff,
    0x38, 0x44, 0xe0, 0xff, 0x38, 0x44, 0xe8, 0xff, 0x38, 0x48, 0xe8, 0xff,
    0x38, 0x48, 0xe8, 0xff, 0x40, 0x48, 0xe8, 0xff, 0x40, 0x48, 0xe8, 0xff,
    0x40, 0x48, 0xe8, 0xff, 0x38, 0x48, 0xe8, 0xff, 0x38, 0x44, 0xe8, 0xff,
    0x38, 0x44, 0xe0, 0xff, 0x38, 0x44, 0xe0, 0xff, 0x38, 0x40, 0xe0, 0xff,
    0x38, 0x44, 0xe0, 0xff, 0x38, 0x44, 0xe0, 0xff, 0x38, 0x40, 0xe0, 0xff,
    0x30, 0x40, 0xe0, 0xff, 0x38, 0x40, 0xe0, 0xff, 0x38, 0x40, 0xe0, 0xff,
    0x38, 0x40, 0xe0, 0xff, 0x38, 0x40, 0xe8, 0xff, 0x38, 0x40, 0xe0, 0xff,
    0x38, 0x40, 0xe0, 0xff, 0x38, 0x44, 0xe8, 0xff, 0x38, 0x44, 0xe8, 0xff,
    0x38, 0x40, 0xe0, 0xff, 0x38, 0x44, 0xe0, 0xff, 0x38, 0x44, 0xe8, 0xff,
    0x38, 0x44, 0xe8, 0xff, 0x38, 0x44, 0xe8, 0xff, 0x38, 0x44, 0xe0, 0xff,
    0x38, 0x40, 0xe0, 0xff, 0x30, 0x3c, 0xe0, 0xff, 0x38, 0x40, 0xe0, 0xff,
    0x38, 0x44, 0xe0, 0xff, 0x38, 0x40, 0xe0, 0xff, 0x38, 0x40, 0xe0, 0xff,
    0x38, 0x40, 0xe0, 0xff, 0x38, 0x40, 0xe0, 0xff, 0x38, 0x40, 0xe0, 0xff,
    0x30, 0x40, 0xe0, 0xff, 0x30, 0x40, 0xe0, 0xff, 0x38, 0x40, 0xe0, 0xff,
    0x30, 0x40, 0xe0, 0xff, 0x30, 0x40, 0xd8, 0xff, 0x38, 0x40, 0xe0, 0xff,
    0x38, 0x44, 0xe0, 0xff, 0x38, 0x44, 0xe0, 0xff, 0x30, 0x44, 0xe0, 0xff,
    0x30, 0x40, 0xd8, 0xff, 0x30, 0x40, 0xd8, 0xff, 0x38, 0x40, 0xe0, 0xff,
    0x38, 0x40, 0xd8, 0xff, 0x30, 0x40, 0xd8, 0xff, 0x30, 0x40, 0xd8, 0xff,
    0x30, 0x40, 0xd8, 0xff, 0x30, 0x3c, 0xd8, 0xff, 0x38, 0x40, 0xe0, 0xff,
    0x38, 0x44, 0xe0, 0xff, 0x30, 0x44, 0xd8, 0xff, 0x38, 0x44, 0xd8, 0xff,
    0x38, 0x44, 0xe0, 0xff, 0x30, 0x40, 0xd8, 0xff, 0x30, 0x40, 0xd8, 0xff,
    0x30, 0x40, 0xd8, 0xff, 0x38, 0x40, 0xe0, 0xff, 0x38, 0x40, 0xe0, 0xff,
    0x30, 0x40, 0xd8, 0xff, 0x30, 0x40, 0xd8, 0xff, 0x30, 0x40, 0xd8, 0xff,
    0x30, 0x40, 0xd8, 0x41, 0x30, 0x3c, 0xd0, 0xff, 0x30, 0x40, 0xd8, 0xff,
    0x30, 0x40, 0xd8, 0xff, 0x38, 0x44, 0xd8, 0xff, 0x38, 0x40, 0xd8, 0xff,
    0x30, 0x44, 0xd8, 0xff, 0x30, 0x40, 0xd8, 0xff, 0x38, 0x44, 0xd8, 0xff,
    0x38, 0x44, 0xd8, 0xff, 0x30, 0x44, 0xd8, 0xff, 0x38, 0x44, 0xe0, 0xff,
    0x38, 0x44, 0xe0, 0xff, 0x38, 0x44, 0xd8, 0xff, 0x38, 0x44, 0xd8, 0xff,
    0x30, 0x40, 0xd8, 0xff, 0x30, 0x3c, 0xd8, 0xff, 0x38, 0x44, 0xe0, 0xff,
    0x38, 0x44, 0xd8, 0xff, 0x38, 0x40, 0xe0, 0xff, 0x38, 0x44, 0xe0, 0xff,
    0x30, 0x44, 0xd8, 0xff, 0x38, 0x44, 0xd8, 0xff, 0x38, 0x44, 0xe0, 0xff,
    0x30, 0x40, 0xd8, 0xff, 0x38, 0x44, 0xe0, 0xff, 0x38, 0x44, 0xe0, 0xff,
    0x38, 0x44, 0xe0, 0xff, 0x38, 0x44, 0xe0, 0xff, 0x38, 0x44, 0xe0, 0xff,
    0x38, 0x44, 0xe0, 0xff, 0x38, 0x48, 0xe0, 0xff, 0x38, 0x44, 0xe0, 0xff,
    0x38, 0x44, 0xd8, 0xff, 0x38, 0x44, 0xd8, 0xff, 0x38, 0x44, 0xe0, 0xff,
    0x38, 0x44, 0xe0, 0xff, 0x38, 0x44, 0xe0, 0xff, 0x38, 0x44, 0xe0, 0xff,
    0x38, 0x44, 0xe0, 0xff, 0x38, 0x44, 0xe0, 0xff, 0x38, 0x48, 0xe0, 0xff,
    0x38, 0x48, 0xe8, 0xff, 0x40, 0x44, 0xe8, 0xff, 0x38, 0x44, 0xe0, 0xff,
    0x38, 0x44, 0xe8, 0xff, 0x40, 0x48, 0xe8, 0xff, 0x40, 0x48, 0xe8, 0xff,
    0x40, 0x48, 0xe8, 0xff, 0x40, 0x44, 0xe8, 0xff, 0x38, 0x48, 0xe0, 0xff,
    0x40, 0x48, 0xe0, 0xff, 0x40, 0x48, 0xe0, 0xff, 0x38, 0x44, 0xe8, 0xff,
    0x40, 0x48, 0xe8, 0xff, 0x40, 0x44, 0xe8, 0xff, 0x38, 0x44, 0xe8, 0xff,
    0x38, 0x44, 0xe0, 0xff, 0x38, 0x44, 0xe0, 0xff, 0x38, 0x44, 0xe8, 0xff,
    0x38, 0x44, 0xe0, 0xff, 0x38, 0x40, 0xe0, 0xff, 0x38, 0x40, 0xe0, 0xff,
    0x38, 0x40, 0xe0, 0xff, 0x38, 0x44, 0xe0, 0xff, 0x38, 0x44, 0xe8, 0xff,
    0x38, 0x44, 0xe0, 0xff, 0x38, 0x44, 0xe0, 0xff, 0x38, 0x44, 0xe0, 0xff,
    0x38, 0x44, 0xe8, 0xff, 0x40, 0x48, 0xe8, 0xff, 0x38, 0x48, 0xe8, 0xff,
    0x38, 0x44, 0xe8, 0xff, 0x38, 0x44, 0xe8, 0xff, 0x40, 0x44, 0xe8, 0xff,
    0x38, 0x44, 0xe0, 0xff, 0x38, 0x44, 0xe8, 0xff, 0x40, 0x44, 0xe0, 0xff,
    0x38, 0x48, 0xe8, 0xff, 0x38, 0x48, 0xe8, 0xff, 0x40, 0x48, 0xe8, 0xff,
    0x38, 0x48, 0xe8, 0xff, 0x40, 0x48, 0xe0, 0xff, 0x40, 0x44, 0xe8, 0xff,
    0x38, 0x44, 0xe8, 0xff, 0x38, 0x40, 0xe0, 0xff, 0x40, 0x48, 0xe8, 0xff,
    0x38, 0x44, 0xe8, 0xff, 0x38, 0x44, 0xe0, 0xff, 0x38, 0x44, 0xe8, 0xff,
    0x38, 0x44, 0xe0, 0xff, 0x38, 0x44, 0xe0, 0xff, 0x38, 0x44, 0xe0, 0xff,
    0x38, 0x44, 0xe0, 0xff, 0x38, 0x40, 0xe8, 0xff, 0x38, 0x40, 0xe0, 0xff,
    0x38, 0x44, 0xe8, 0xff, 0x38, 0x44, 0xe8, 0xff, 0x38, 0x44, 0xe8, 0xff,
    0x38, 0x44, 0xe8, 0xff, 0x38, 0x44, 0xe0, 0xff, 0x38, 0x44, 0xe0, 0xff,
    0x38, 0x44, 0xe0, 0xff, 0x38, 0x44, 0xe8, 0xff, 0x40, 0x44, 0xe8, 0xff,
    0x38, 0x44, 0xe0, 0xff, 0x38, 0x48, 0xe8, 0xff, 0x40, 0x48, 0xe8, 0xff,
    0x38, 0x48, 0xe8, 0xff, 0x38, 0x44, 0xe8, 0xff, 0x40, 0x44, 0xe8, 0xff,
    0x38, 0x44, 0xe0, 0xff, 0x38, 0x44, 0xe0, 0xff, 0x38, 0x44, 0xe0, 0xff,
    0x38, 0x44, 0xe8, 0xff, 0x38, 0x44, 0xe8, 0xff, 0x38, 0x44, 0xe0, 0xff,
    0x38, 0x44, 0xe8, 0xff, 0x38, 0x40, 0xe0, 0xff, 0x38, 0x44, 0xe8, 0xff,
    0x38, 0x40, 0xe0, 0xff, 0x38, 0x40, 0xe8, 0xff, 0x38, 0x40, 0xe8, 0xff,
    0x30, 0x3c, 0xe0, 0xff, 0x38, 0x40, 0xe0, 0xff, 0x38, 0x40, 0xe8, 0xff,
    0x38, 0x44, 0xe0, 0xff, 0x38, 0x44, 0xe8, 0xff, 0x38, 0x44, 0xe0, 0xff,
    0x38, 0x44, 0xe8, 0xff, 0x38, 0x44, 0xe0, 0xff, 0x38, 0x44, 0xe8, 0xff,
    0x38, 0x44, 0xe0, 0xff, 0x38, 0x40, 0xe0, 0xff, 0x38, 0x44, 0xe0, 0xff,
    0x38, 0x44, 0xe0, 0xff, 0x38, 0x44, 0xe0, 0xff, 0x38, 0x40, 0xe0, 0xff,
    0x38, 0x40, 0xe0, 0xff, 0x30, 0x44, 0xe0, 0xff, 0x30, 0x40, 0xe0, 0xff,
    0x30, 0x40, 0xe0, 0xff, 0x38, 0x40, 0xe0, 0xff, 0x38, 0x40, 0xe0, 0xff,
    0x38, 0x40, 0xe0, 0xff, 0x30, 0x40, 0xd8, 0xff, 0x30, 0x40, 0xd8, 0xff,
    0x38, 0x40, 0xe0, 0xff, 0x38, 0x40, 0xe0, 0xff, 0x38, 0x44, 0xe0, 0xff,
    0x38, 0x44, 0xe0, 0xff, 0x38, 0x40, 0xd8, 0xff, 0x38, 0x40, 0xe0, 0xff,
    0x38, 0x44, 0xe0, 0xff, 0x38, 0x44, 0xe0, 0xff, 0x38, 0x44, 0xe0, 0xff,
    0x38, 0x44, 0xe0, 0xff, 0x38, 0x44, 0xe0, 0xff, 0x30, 0x3c, 0xd8, 0xff,
    0x30, 0x40, 0xd8, 0xff, 0x30, 0x40, 0xd8, 0xff, 0x30, 0x3c, 0xd8, 0xff,
    0x30, 0x3c, 0xd8, 0xff, 0x30, 0x40, 0xd8, 0xff, 0x30, 0x40, 0xd8, 0xff,
    0x30, 0x40, 0xd8, 0xff, 0x30, 0x40, 0xd8, 0xff, 0x38, 0x40, 0xd8, 0xff,
    0x38, 0x40, 0xe0, 0xff, 0x38, 0x40, 0xd8, 0xff, 0x38, 0x40, 0xe0, 0xff,
    0x30, 0x40, 0xd8, 0xff, 0x38, 0x40, 0xd8, 0x41, 0x30, 0x40, 0xd8, 0xff,
    0x30, 0x40, 0xd8, 0xff, 0x30, 0x40, 0xd8, 0xff, 0x38, 0x44, 0xd8, 0xff,
    0x38, 0x44, 0xd8, 0xff, 0x38, 0x44, 0xd8, 0xff, 0x38, 0x44, 0xd8, 0xff,
    0x38, 0x44, 0xd8, 0xff, 0x30, 0x40, 0xd8, 0xff, 0x38, 0x44, 0xe0, 0xff,
    0x38, 0x44, 0xe0, 0xff, 0x38, 0x44, 0xd8, 0xff, 0x38, 0x44, 0xe0, 0xff,
    0x38, 0x44, 0xe0, 0xff, 0x38, 0x44, 0xd8, 0xff, 0x38, 0x40, 0xd8, 0xff,
    0x38, 0x44, 0xe0, 0xff, 0x38, 0x44, 0xd8, 0xff, 0x30, 0x44, 0xe0, 0xff,
    0x38, 0x44, 0xd8, 0xff, 0x38, 0x40, 0xd8, 0xff, 0x30, 0x40, 0xd8, 0xff,
    0x38, 0x44, 0xe0, 0xff, 0x38, 0x44, 0xe0, 0xff, 0x38, 0x48, 0xe0, 0xff,
    0x38, 0x44, 0xe0, 0xff, 0x38, 0x48, 0xe0, 0xff, 0x40, 0x48, 0xe0, 0xff,
    0x40, 0x48, 0xe0, 0xff, 0x38, 0x44, 0xe0, 0xff, 0x38, 0x48, 0xe0, 0xff,
    0x38, 0x44, 0xe0, 0xff, 0x38, 0x44, 0xe0, 0xff, 0x38, 0x44, 0xe0, 0xff,
    0x38, 0x48, 0xe0, 0xff, 0x38, 0x48, 0xe0, 0xff, 0x38, 0x48, 0xe0, 0xff,
    0x38, 0x44, 0xe0, 0xff, 0x38, 0x44, 0xe0, 0xff, 0x38, 0x48, 0xe0, 0xff,
    0x40, 0x48, 0xe8, 0xff, 0x38, 0x48, 0xe0, 0xff, 0x40, 0x4c, 0xe8, 0xff,
    0x40, 0x48, 0xe8, 0xff, 0x38, 0x48, 0xe0, 0xff, 0x40, 0x48, 0xe0, 0xff,
    0x38, 0x48, 0xe8, 0xff, 0x40, 0x48, 0xe0, 0xff, 0x40, 0x48, 0xe8, 0xff,
    0x40, 0x4c, 0xe8, 0xff, 0x40, 0x48, 0xe8, 0xff, 0x40, 0x4c, 0xe8, 0xff,
    0x38, 0x48, 0xe0, 0xff, 0x38, 0x48, 0xe0, 0xff, 0x40, 0x48, 0xe8, 0xff,
    0x40, 0x44, 0xe8, 0xff, 0x40, 0x48, 0xe8, 0xff, 0x40, 0x48, 0xe8, 0xff,
    0x38, 0x44, 0xe0, 0xff, 0x40, 0x48, 0xe8, 0xff, 0x40, 0x48, 0xe8, 0xff,
    0x38, 0x44, 0xe0, 0xff, 0x30, 0x40, 0xe0, 0xff, 0x38, 0x44, 0xe0, 0xff,
    0x38, 0x44, 0xe0, 0xff, 0x38, 0x44, 0xe8, 0xff, 0x38, 0x44, 0xe8, 0xff,
    0x38, 0x44, 0xe8, 0xff, 0x40, 0x44, 0xe8, 0xff, 0x38, 0x48, 0xe8, 0xff,
    0x38, 0x48, 0xe8, 0xff, 0x40, 0x48, 0xe8, 0xff, 0x40, 0x48, 0xe8, 0xff,
    0x40, 0x48, 0xe8, 0xff, 0x38, 0x48, 0xe8, 0xff, 0x40, 0x48, 0xe0, 0xff,
    0x38, 0x48, 0xe8, 0xff, 0x38, 0x44, 0xe8, 0xff, 0x40, 0x48, 0xe8, 0xff,
    0x38, 0x48, 0xe8, 0xff, 0x38, 0x44, 0xe0, 0xff, 0x40, 0x48, 0xe8, 0xff,
    0x40, 0x48, 0xe8, 0xff, 0x40, 0x48, 0xe8, 0xff, 0x38, 0x44, 0xe8, 0xff,
    0x38, 0x44, 0xe0, 0xff, 0x38, 0x40, 0xe0, 0xff, 0x38, 0x40, 0xe0, 0xff,
    0x38, 0x44, 0xe0, 0xff, 0x38, 0x44, 0xe8, 0xff, 0x40, 0x44, 0xe8, 0xff,
    0x38, 0x44, 0xe0, 0xff, 0x38, 0x44, 0xe0, 0xff, 0x38, 0x44, 0xe8, 0xff,
    0x38, 0x44, 0xe0, 0xff, 0x38, 0x40, 0xe0, 0xff, 0x38, 0x44, 0xe0, 0xff,
    0x38, 0x44, 0xe8, 0xff, 0x40, 0x44, 0xe8, 0xff, 0x40, 0x48, 0xe8, 0xff,
    0x38, 0x44, 0xe0, 0xff, 0x38, 0x44, 0xe0, 0xff, 0x40, 0x48, 0xe8, 0xff,
    0x40, 0x48, 0xe8, 0xff, 0x38, 0x44, 0xe8, 0xff, 0x40, 0x44, 0xe8, 0xff,
    0x40, 0x44, 0xe8, 0xff, 0x38, 0x44, 0xe0, 0xff, 0x38, 0x48, 0xe8, 0xff,
    0x38, 0x44, 0xe8, 0xff, 0x40, 0x48, 0xe8, 0xff, 0x40, 0x48, 0xe8, 0xff,
    0x38, 0x44, 0xe0, 0xff, 0x38, 0x44, 0xe0, 0xff, 0x38, 0x44, 0xe8, 0xff,
    0x38, 0x44, 0xe0, 0xff, 0x38, 0x44, 0xe0, 0xff, 0x40, 0x48, 0xe8, 0xff,
    0x38, 0x44, 0xe8, 0xff, 0x38, 0x48, 0xe0, 0xff, 0x38, 0x44, 0xe8, 0xff,
    0x38, 0x44, 0xe8, 0xff, 0x38, 0x44, 0xe0, 0xff, 0x38, 0x40, 0xe0, 0xff,
    0x38, 0x44, 0xe0, 0xff, 0x38, 0x40, 0xe0, 0xff, 0x38, 0x44, 0xe8, 0xff,
    0x38, 0x44, 0xe8, 0xff, 0x38, 0x44, 0xe0, 0xff, 0x38, 0x44, 0xe0, 0xff,
    0x38, 0x44, 0xe0, 0xff, 0x38, 0x48, 0xe8, 0xff, 0x38, 0x48, 0xe0, 0xff,
    0x38, 0x44, 0xe0, 0xff, 0x38, 0x44, 0xe0, 0xff, 0x38, 0x40, 0xe0, 0xff,
    0x38, 0x40, 0xe0, 0xff, 0x38, 0x44, 0xe0, 0xff, 0x30, 0x3c, 0xe0, 0xff,
    0x30, 0x40, 0xe0, 0xff, 0x38, 0x40, 0xe0, 0xff, 0x38, 0x40, 0xe0, 0xff,
    0x38, 0x44, 0xe0, 0xff, 0x38, 0x40, 0xe0, 0xff, 0x30, 0x40, 0xe0, 0xff,
    0x30, 0x40, 0xe0, 0xff, 0x38, 0x40, 0xd8, 0xff, 0x38, 0x40, 0xe0, 0xff,
    0x38, 0x44, 0xe0, 0xff, 0x38, 0x44, 0xd8, 0xff, 0x38, 0x44, 0xe0, 0xff,
    0x38, 0x44, 0xe0, 0xff, 0x38, 0x44, 0xe0, 0xff, 0x38, 0x44, 0xe0, 0xff,
    0x38, 0x44, 0xe0, 0xff, 0x38, 0x44, 0xe0, 0xff, 0x38, 0x44, 0xe0, 0xff,
    0x38, 0x44, 0xe0, 0xff, 0x38, 0x44, 0xd8, 0xff, 0x38, 0x40, 0xd8, 0xff,
    0x38, 0x40, 0xd8, 0xff, 0x30, 0x40, 0xd8, 0xff, 0x30, 0x3c, 0xd8, 0xff,
    0x38, 0x40, 0xd8, 0xff, 0x38, 0x40, 0xe0, 0xff, 0x38, 0x40, 0xe0, 0xff,
    0x30, 0x40, 0xd8, 0xff, 0x30, 0x40, 0xd8, 0xff, 0x30, 0x40, 0xd8, 0xff,
    0x30, 0x3c, 0xd8, 0xff, 0x30, 0x3c, 0xd8, 0xff, 0x30, 0x3c, 0xd8, 0x41,
    0x38, 0x40, 0xd8, 0xff, 0x30, 0x3c, 0xd0, 0xff, 0x30, 0x40, 0xd0, 0xff,
    0x30, 0x40, 0xd8, 0xff, 0x38, 0x44, 0xd8, 0xff, 0x30, 0x44, 0xd8, 0xff,
    0x38, 0x44, 0xd8, 0xff, 0x30, 0x40, 0xd8, 0xff, 0x38, 0x44, 0xd8, 0xff,
    0x38, 0x44, 0xe0, 0xff, 0x38, 0x44, 0xe0, 0xff, 0x38, 0x44, 0xd8, 0xff,
    0x38, 0x44, 0xe0, 0xff, 0x38, 0x48, 0xe0, 0xff, 0x38, 0x44, 0xd8, 0xff,
    0x38, 0x44, 0xe0, 0xff, 0x38, 0x48, 0xe0, 0xff, 0x38, 0x48, 0xe0, 0xff,
    0x30, 0x40, 0xd8, 0xff, 0x38, 0x44, 0xd8, 0xff, 0x38, 0x48, 0xe0, 0xff,
    0x38, 0x44, 0xe0, 0xff, 0x38, 0x44, 0xe0, 0xff, 0x38, 0x48, 0xe0, 0xff,
    0x38, 0x48, 0xe0, 0xff, 0x38, 0x48, 0xe0, 0xff, 0x40, 0x48, 0xe0, 0xff,
    0x40, 0x48, 0xe0, 0xff, 0x38, 0x48, 0xe0, 0xff, 0x38, 0x48, 0xe0, 0xff,
    0x40, 0x48, 0xe0, 0xff, 0x38, 0x44, 0xe0, 0xff, 0x38, 0x48, 0xe0, 0xff,
    0x40, 0x48, 0xe0, 0xff, 0x38, 0x48, 0xe0, 0xff, 0x38, 0x48, 0xe0, 0xff,
    0x40, 0x48, 0xe0, 0xff, 0x38, 0x48, 0xe0, 0xff, 0x38, 0x44, 0xe0, 0xff,
    0x38, 0x48, 0xe0, 0xff, 0x40, 0x48, 0xe8, 0xff, 0x38, 0x44, 0xe0, 0xff,
    0x38, 0x44, 0xe0, 0xff, 0x40, 0x48, 0xe0, 0xff, 0x40, 0x48, 0xe0, 0xff,
    0x40, 0x48, 0xe0, 0xff, 0x38, 0x48, 0xe8, 0xff, 0x38, 0x48, 0xe0, 0xff,
    0x40, 0x48, 0xe0, 0xff, 0x38, 0x48, 0xe8, 0xff, 0x38, 0x48, 0xe0, 0xff,
    0x38, 0x48, 0xe0, 0xff, 0x38, 0x48, 0xe0, 0xff, 0x38, 0x44, 0xe0, 0xff,
    0x38, 0x44, 0xe8, 0xff, 0x40, 0x48, 0xe8, 0xff, 0x40, 0x48, 0xe8, 0xff,
    0x40, 0x48, 0xe8, 0xff, 0x38, 0x44, 0xe0, 0xff, 0x40, 0x48, 0xe8, 0xff,
    0x40, 0x48, 0xe8, 0xff, 0x40, 0x4c, 0xe8, 0xff, 0x38, 0x44, 0xe0, 0xff,
    0x38, 0x40, 0xe0, 0xff, 0x40, 0x44, 0xe0, 0xff, 0x40, 0x44, 0xe8, 0xff,
    0x38, 0x44, 0xe8, 0xff, 0x38, 0x44, 0xe0, 0xff, 0x40, 0x48, 0xe8, 0xff,
    0x40, 0x48, 0xe8, 0xff, 0x40, 0x48, 0xe8, 0xff, 0x40, 0x48, 0xe8, 0xff,
    0x40, 0x4c, 0xe8, 0xff, 0x40, 0x4c, 0xe8, 0xff, 0x38, 0x48, 0xe8, 0xff,
    0x40, 0x48, 0xe0, 0xff, 0x40, 0x44, 0xe8, 0xff, 0x38, 0x44, 0xe8, 0xff,
    0x40, 0x48, 0xe8, 0xff, 0x38, 0x48, 0xe8, 0xff, 0x38, 0x44, 0xe0, 0xff,
    0x40, 0x48, 0xe8, 0xff, 0x38, 0x44, 0xe8, 0xff, 0x40, 0x48, 0xe8, 0xff,
    0x38, 0x44, 0xe8, 0xff, 0x40, 0x44, 0xe8, 0xff, 0x38, 0x44, 0xe8, 0xff,
    0x38, 0x44, 0xe8, 0xff, 0x40, 0x48, 0xe8, 0xff, 0x38, 0x40, 0xe0, 0xff,
    0x38, 0x44, 0xe0, 0xff, 0x38, 0x40, 0xe0, 0xff, 0x38, 0x40, 0xe0, 0xff,
    0x38, 0x44, 0xe8, 0xff, 0x38, 0x44, 0xe8, 0xff, 0x40, 0x48, 0xe8, 0xff,
    0x38, 0x44, 0xe8, 0xff, 0x38, 0x44, 0xe8, 0xff, 0x40, 0x44, 0xe8, 0xff,
    0x40, 0x48, 0xe8, 0xff, 0x38, 0x44, 0xe0, 0xff, 0x38, 0x48, 0xe8, 0xff,
    0x38, 0x44, 0xe0, 0xff, 0x38, 0x44, 0xe8, 0xff, 0x38, 0x44, 0xe8, 0xff,
    0x40, 0x48, 0xe8, 0xff, 0x38, 0x44, 0xe8, 0xff, 0x40, 0x48, 0xe8, 0xff,
    0x40, 0x48, 0xe8, 0xff, 0x40, 0x4c, 0xe8, 0xff, 0x38, 0x44, 0xe0, 0xff,
    0x40, 0x48, 0xe8, 0xff, 0x38, 0x44, 0xe0, 0xff, 0x38, 0x44, 0xe0, 0xff,
    0x38, 0x44, 0xe0, 0xff, 0x38, 0x44, 0xe0, 0xff, 0x38, 0x44, 0xe0, 0xff,
    0x38, 0x44, 0xe0, 0xff, 0x38, 0x44, 0xe0, 0xff, 0x40, 0x48, 0xe0, 0xff,
    0x40, 0x48, 0xe8, 0xff, 0x38, 0x44, 0xe8, 0xff, 0x38, 0x44, 0xe8, 0xff,
    0x38, 0x44, 0xe8, 0xff, 0x38, 0x44, 0xe0, 0xff, 0x38, 0x40, 0xe0, 0xff,
    0x38, 0x44, 0xe8, 0xff, 0x38, 0x44, 0xe8, 0xff, 0x38, 0x48, 0xe8, 0xff,
    0x38, 0x44, 0xe0, 0xff, 0x38, 0x48, 0xe8, 0xff, 0x38, 0x44, 0xe8, 0xff,
    0x40, 0x44, 0xe0, 0xff, 0x38, 0x48, 0xe8, 0xff, 0x38, 0x44, 0xe8, 0xff,
    0x38, 0x44, 0xe0, 0xff, 0x38, 0x44, 0xe0, 0xff, 0x38, 0x40, 0xe0, 0xff,
    0x38, 0x40, 0xe0, 0xff, 0x38, 0x40, 0xe0, 0xff, 0x38, 0x40, 0xe0, 0xff,
    0x38, 0x40, 0xe0, 0xff, 0x38, 0x44, 0xe0, 0xff, 0x38, 0x44, 0xe0, 0xff,
    0x30, 0x40, 0xe0, 0xff, 0x30, 0x40, 0xe0, 0xff, 0x38, 0x40, 0xd8, 0xff,
    0x38, 0x40, 0xe0, 0xff, 0x38, 0x44, 0xe0, 0xff, 0x30, 0x40, 0xd8, 0xff,
    0x38, 0x44, 0xe0, 0xff, 0x38, 0x44, 0xe0, 0xff, 0x38, 0x44, 0xe0, 0xff,
    0x38, 0x44, 0xe0, 0xff, 0x38, 0x44, 0xe0, 0xff, 0x38, 0x44, 0xe0, 0xff,
    0x38, 0x44, 0xe0, 0xff, 0x38, 0x44, 0xe0, 0xff, 0x38, 0x44, 0xe0, 0xff,
    0x38, 0x44, 0xe0, 0xff, 0x30, 0x40, 0xd8, 0xff, 0x30, 0x3c, 0xd8, 0xff,
    0x30, 0x3c, 0xd8, 0xff, 0x30, 0x40, 0xd8, 0xff, 0x30, 0x40, 0xd8, 0xff,
    0x38, 0x40, 0xe0, 0xff, 0x30, 0x40, 0xd8, 0xff, 0x30, 0x40, 0xe0, 0xff,
    0x30, 0x40, 0xd8, 0xff, 0x38, 0x40, 0xd8, 0xff, 0x30, 0x3c, 0xd8, 0xff,
    0x30, 0x3c, 0xd8, 0x41, 0x38, 0x40, 0xd8, 0xff, 0x30, 0x40, 0xd8, 0xff,
    0x30, 0x40, 0xd8, 0xff, 0x30, 0x40, 0xd8, 0xff, 0x30, 0x40, 0xd8, 0xff,
    0x38, 0x40, 0xd8, 0xff, 0x30, 0x40, 0xd8, 0xff, 0x38, 0x44, 0xd8, 0xff,
    0x30, 0x40, 0xd8, 0xff, 0x38, 0x44, 0xd8, 0xff, 0x38, 0x44, 0xd8, 0xff,
    0x38, 0x44, 0xe0, 0xff, 0x38, 0x48, 0xd8, 0xff, 0x38, 0x48, 0xe0, 0xff,
    0x38, 0x44, 0xd8, 0xff, 0x38, 0x48, 0xe0, 0xff, 0x38, 0x48, 0xe0, 0xff,
    0x38, 0x44, 0xe0, 0xff, 0x38, 0x44, 0xd8, 0xff, 0x38, 0x44, 0xd8, 0xff,
    0x38, 0x44, 0xe0, 0xff, 0x38, 0x44, 0xe0, 0xff, 0x38, 0x44, 0xd8, 0xff,
    0x38, 0x44, 0xd8, 0xff, 0x38, 0x44, 0xe0, 0xff, 0x38, 0x44, 0xe0, 0xff,
    0x38, 0x48, 0xe0, 0xff, 0x38, 0x48, 0xe0, 0xff, 0x40, 0x48, 0xe0, 0xff,
    0x38, 0x48, 0xe0, 0xff, 0x40, 0x48, 0xe0, 0xff, 0x40, 0x48, 0xe0, 0xff,
    0x40, 0x48, 0xe0, 0xff, 0x38, 0x48, 0xe0, 0xff, 0x40, 0x48, 0xe0, 0xff,
    0x40, 0x48, 0xe0, 0xff, 0x38, 0x48, 0xe0, 0xff, 0x40, 0x48, 0xe8, 0xff,
    0x38, 0x48, 0xe0, 0xff, 0x40, 0x48, 0xe0, 0xff, 0x40, 0x48, 0xe0, 0xff,
    0x40, 0x48, 0xe8, 0xff, 0x38, 0x44, 0xe0, 0xff, 0x40, 0x48, 0xe8, 0xff,
    0x38, 0x48, 0xe8, 0xff, 0x40, 0x48, 0xe0, 0xff, 0x38, 0x48, 0xe8, 0xff,
    0x38, 0x48, 0xe0, 0xff, 0x38, 0x48, 0xe0, 0xff, 0x40, 0x48, 0xe8, 0xff,
    0x38, 0x48, 0xe0, 0xff, 0x40, 0x48, 0xe8, 0xff, 0x40, 0x4c, 0xe8, 0xff,
    0x40, 0x48, 0xe8, 0xff, 0x38, 0x44, 0xe0, 0xff, 0x40, 0x48, 0xe8, 0xff,
    0x38, 0x48, 0xe8, 0xff, 0x40, 0x48, 0xe8, 0xff, 0x38, 0x48, 0xe8, 0xff,
    0x38, 0x44, 0xe0, 0xff, 0x38, 0x44, 0xe0, 0xff, 0x38, 0x48, 0xe8, 0xff,
    0x40, 0x48, 0xe8, 0xff, 0x38, 0x44, 0xe0, 0xff, 0x38, 0x44, 0xe0, 0xff,
    0x38, 0x44, 0xe0, 0xff, 0x38, 0x44, 0xe0, 0xff, 0x38, 0x44, 0xe0, 0xff,
    0x40, 0x44, 0xe8, 0xff, 0x38, 0x48, 0xe8, 0xff, 0x38, 0x48, 0xe8, 0xff,
    0x40, 0x48, 0xe8, 0xff, 0x38, 0x48, 0xe8, 0xff, 0x40, 0x48, 0xe8, 0xff,
    0x38, 0x48, 0xe8, 0xff, 0x40, 0x48, 0xe8, 0xff, 0x38, 0x44, 0xe8, 0xff,
    0x38, 0x44, 0xe0, 0xff, 0x38, 0x48, 0xe8, 0xff, 0x40, 0x44, 0xe8, 0xff,
    0x38, 0x44, 0xe0, 0xff, 0x38, 0x44, 0xe8, 0xff, 0x38, 0x48, 0xe8, 0xff,
    0x38, 0x44, 0xe8, 0xff, 0x40, 0x48, 0xe8, 0xff, 0x38, 0x48, 0xe8, 0xff,
    0x38, 0x44, 0xe0, 0xff, 0x38, 0x44, 0xe8, 0xff, 0x38, 0x44, 0xe8, 0xff,
    0x38, 0x44, 0xe0, 0xff, 0x38, 0x44, 0xe0, 0xff, 0x38, 0x44, 0xe0, 0xff,
    0x38, 0x44, 0xe8, 0xff, 0x40, 0x44, 0xe8, 0xff, 0x40, 0x48, 0xe8, 0xff,
    0x40, 0x48, 0xe8, 0xff, 0x40, 0x48, 0xe0, 0xff, 0x38, 0x48, 0xe0, 0xff,
    0x38, 0x48, 0xe8, 0xff, 0x40, 0x48, 0xe8, 0xff, 0x38, 0x48, 0xe8, 0xff,
    0x40, 0x48, 0xe8, 0xff, 0x38, 0x44, 0xe0, 0xff, 0x38, 0x44, 0xe0, 0xff,
    0x38, 0x44, 0xe0, 0xff, 0x38, 0x44, 0xe0, 0xff, 0x38, 0x44, 0xe8, 0xff,
    0x38, 0x44, 0xe0, 0xff, 0x40, 0x48, 0xe8, 0xff, 0x40, 0x4c, 0xe8, 0xff,
    0x38, 0x44, 0xe8, 0xff, 0x38, 0x48, 0xe8, 0xff, 0x38, 0x44, 0xe0, 0xff,
    0x38, 0x44, 0xe0, 0xff, 0x38, 0x44, 0xe0, 0xff, 0x40, 0x44, 0xe8, 0xff,
    0x40, 0x48, 0xe8, 0xff, 0x38, 0x44, 0xe8, 0xff, 0x38, 0x44, 0xe0, 0xff,
    0x38, 0x44, 0xe8, 0xff, 0x40, 0x44, 0xe8, 0xff, 0x38, 0x44, 0xe0, 0xff,
    0x38, 0x44, 0xe0, 0xff, 0x38, 0x44, 0xe0, 0xff, 0x38, 0x44, 0xe0, 0xff,
    0x38, 0x44, 0xe0, 0xff, 0x38, 0x44, 0xe8, 0xff, 0x40, 0x44, 0xe0, 0xff,
    0x40, 0x48, 0xe8, 0xff, 0x38, 0x44, 0xe0, 0xff, 0x40, 0x48, 0xe0, 0xff,
    0x38, 0x44, 0xe8, 0xff, 0x38, 0x44, 0xe0, 0xff, 0x38, 0x44, 0xe0, 0xff,
    0x38, 0x44, 0xe8, 0xff, 0x38, 0x44, 0xe0, 0xff, 0x38, 0x44, 0xe0, 0xff,
    0x38, 0x40, 0xe0, 0xff, 0x30, 0x40, 0xe0, 0xff, 0x38, 0x40, 0xd8, 0xff,
    0x38, 0x44, 0xe0, 0xff, 0x30, 0x40, 0xe0, 0xff, 0x38, 0x44, 0xe0, 0xff,
    0x38, 0x44, 0xe0, 0xff, 0x38, 0x40, 0xd8, 0xff, 0x30, 0x40, 0xe0, 0xff,
    0x38, 0x40, 0xe0, 0xff, 0x30, 0x40, 0xd8, 0xff, 0x38, 0x44, 0xe0, 0xff,
    0x38, 0x44, 0xe0, 0xff, 0x38, 0x40, 0xe0, 0xff, 0x38, 0x44, 0xe0, 0xff,
    0x38, 0x44, 0xe0, 0xff, 0x38, 0x44, 0xe0, 0xff, 0x38, 0x44, 0xe0, 0xff,
    0x38, 0x44, 0xd8, 0xff, 0x38, 0x44, 0xd8, 0xff, 0x38, 0x40, 0xd8, 0xff,
    0x38, 0x44, 0xe0, 0xff, 0x38, 0x44, 0xe0, 0xff, 0x38, 0x40, 0xd8, 0xff,
    0x30, 0x3c, 0xd8, 0xff, 0x30, 0x3c, 0xd8, 0xff, 0x38, 0x40, 0xd8, 0xff,
    0x30, 0x3c, 0xd8, 0xff, 0x30, 0x3c, 0xd8, 0xff, 0x30, 0x3c, 0xd8, 0xff,
    0x30, 0x40, 0xd8, 0xff, 0x30, 0x3c, 0xd8, 0xff, 0x30, 0x3c, 0xd8, 0xff,
    0x30, 0x38, 0xd0, 0xff, 0x28, 0x38, 0xd0, 0x41, 0x30, 0x40, 0xd8, 0xff,
    0x38, 0x44, 0xd8, 0xff, 0x38, 0x44, 0xd8, 0xff, 0x30, 0x40, 0xd8, 0xff,
    0x38, 0x44, 0xd8, 0xff, 0x38, 0x40, 0xd8, 0xff, 0x38, 0x44, 0xd8, 0xff,
    0x38, 0x44, 0xd8, 0xff, 0x38, 0x44, 0xd8, 0xff, 0x38, 0x44, 0xe0, 0xff,
    0x38, 0x44, 0xd8, 0xff, 0x38, 0x48, 0xe0, 0xff, 0x38, 0x44, 0xd8, 0xff,
    0x38, 0x44, 0xd8, 0xff, 0x38, 0x48, 0xe0, 0xff, 0x38, 0x48, 0xe0, 0xff,
    0x38, 0x48, 0xd8, 0xff, 0x38, 0x44, 0xd8, 0xff, 0x38, 0x48, 0xe0, 0xff,
    0x38, 0x48, 0xe0, 0xff, 0x38, 0x48, 0xd8, 0xff, 0x38, 0x48, 0xe0, 0xff,
    0x38, 0x44, 0xd8, 0xff, 0x38, 0x44, 0xd8, 0xff, 0x38, 0x44, 0xe0, 0xff,
    0x38, 0x44, 0xe0, 0xff, 0x38, 0x48, 0xe0, 0xff, 0x40, 0x48, 0xe0, 0xff,
    0x40, 0x4c, 0xe0, 0xff, 0x40, 0x48, 0xe0, 0xff, 0x38, 0x48, 0xe0, 0xff,
    0x38, 0x48, 0xe0, 0xff, 0x40, 0x48, 0xe0, 0xff, 0x38, 0x48, 0xe0, 0xff,
    0x40, 0x48, 0xe0, 0xff, 0x40, 0x48, 0xe0, 0xff, 0x40, 0x48, 0xe8, 0xff,
    0x40, 0x4c, 0xe8, 0xff, 0x40, 0x4c, 0xe8, 0xff, 0x40, 0x4c, 0xe8, 0xff,
    0x38, 0x48, 0xe0, 0xff, 0x40, 0x4c, 0xe0, 0xff, 0x40, 0x48, 0xe8, 0xff,
    0x40, 0x4c, 0xe8, 0xff, 0x38, 0x48, 0xe0, 0xff, 0x38, 0x48, 0xe0, 0xff,
    0x40, 0x48, 0xe8, 0xff, 0x40, 0x48, 0xe8, 0xff, 0x38, 0x48, 0xe0, 0xff,
    0x38, 0x44, 0xe0, 0xff, 0x40, 0x48, 0xe0, 0xff, 0x40, 0x48, 0xe0, 0xff,
    0x38, 0x48, 0xe8, 0xff, 0x40, 0x48, 0xe8, 0xff, 0x40, 0x48, 0xe8, 0xff,
    0x38, 0x48, 0xe0, 0xff, 0x40, 0x4c, 0xe8, 0xff, 0x40, 0x48, 0xe8, 0xff,
    0x40, 0x4c, 0xe8, 0xff, 0x40, 0x48, 0xe8, 0xff, 0x38, 0x44, 0xe0, 0xff,
    0x38, 0x44, 0xe0, 0xff, 0x38, 0x44, 0xe0, 0xff, 0x40, 0x48, 0xe8, 0xff,
    0x38, 0x48, 0xe0, 0xff, 0x38, 0x44, 0xe8, 0xff, 0x40, 0x48, 0xe8, 0xff,
    0x38, 0x48, 0xe8, 0xff, 0x38, 0x44, 0xe8, 0xff, 0x38, 0x48, 0xe8, 0xff,
    0x40, 0x48, 0xe8, 0xff, 0x40, 0x4c, 0xe8, 0xff, 0x38, 0x48, 0xe8, 0xff,
    0x40, 0x48, 0xe8, 0xff, 0x40, 0x48, 0xe8, 0xff, 0x38, 0x48, 0xe8, 0xff,
    0x40, 0x48, 0xe8, 0xff, 0x38, 0x44, 0xe8, 0xff, 0x38, 0x48, 0xe8, 0xff,
    0x40, 0x48, 0xe8, 0xff, 0x38, 0x44, 0xe8, 0xff, 0x38, 0x44, 0xe8, 0xff,
    0x40, 0x44, 0xe8, 0xff, 0x38, 0x44, 0xe8, 0xff, 0x40, 0x48, 0xe8, 0xff,
    0x40, 0x4c, 0xe8, 0xff, 0x40, 0x4c, 0xe8, 0xff, 0x40, 0x48, 0xe8, 0xff,
    0x38, 0x44, 0xe8, 0xff, 0x38, 0x44, 0xe8, 0xff, 0x38, 0x44, 0xe0, 0xff,
    0x40, 0x44, 0xe8, 0xff, 0x40, 0x48, 0xe8, 0xff, 0x38, 0x48, 0xe0, 0xff,
    0x38, 0x48, 0xe8, 0xff, 0x40, 0x48, 0xe8, 0xff, 0x40, 0x48, 0xe8, 0xff,
    0x40, 0x48, 0xe8, 0xff, 0x40, 0x48, 0xe8, 0xff, 0x40, 0x48, 0xe8, 0xff,
    0x38, 0x44, 0xe0, 0xff, 0x38, 0x44, 0xe0, 0xff, 0x40, 0x48, 0xe8, 0xff,
    0x40, 0x48, 0xe8, 0xff, 0x40, 0x48, 0xe8, 0xff, 0x40, 0x48, 0xe8, 0xff,
    0x38, 0x48, 0xe0, 0xff, 0x38, 0x44, 0xe0, 0xff, 0x38, 0x48, 0xe8, 0xff,
    0x38, 0x48, 0xe8, 0xff, 0x40, 0x44, 0xe0, 0xff, 0x40, 0x48, 0xe8, 0xff,
    0x38, 0x44, 0xe0, 0xff, 0x40, 0x44, 0xe8, 0xff, 0x38, 0x48, 0xe8, 0xff,
    0x40, 0x48, 0xe8, 0xff, 0x40, 0x48, 0xe8, 0xff, 0x40, 0x48, 0xe8, 0xff,
    0x38, 0x44, 0xe0, 0xff, 0x38, 0x48, 0xe0, 0xff, 0x40, 0x48, 0xe8, 0xff,
    0x38, 0x48, 0xe0, 0xff, 0x38, 0x44, 0xe0, 0xff, 0x38, 0x44, 0xe0, 0xff,
    0x38, 0x44, 0xe0, 0xff, 0x38, 0x44, 0xe0, 0xff, 0x38, 0x44, 0xe0, 0xff,
    0x38, 0x48, 0xe8, 0xff, 0x38, 0x44, 0xe0, 0xff, 0x38, 0x44, 0xe0, 0xff,
    0x40, 0x48, 0xe8, 0xff, 0x40, 0x48, 0xe0, 0xff, 0x38, 0x48, 0xe8, 0xff,
    0x40, 0x48, 0xe0, 0xff, 0x40, 0x44, 0xe0, 0xff, 0x38, 0x44, 0xe0, 0xff,
    0x38, 0x44, 0xe0, 0xff, 0x38, 0x44, 0xe0, 0xff, 0x38, 0x40, 0xe0, 0xff,
    0x38, 0x44, 0xe0, 0xff, 0x38, 0x44, 0xe0, 0xff, 0x38, 0x40, 0xe0, 0xff,
    0x38, 0x44, 0xe0, 0xff, 0x38, 0x44, 0xe0, 0xff, 0x38, 0x40, 0xd8, 0xff,
    0x38, 0x40, 0xe0, 0xff, 0x30, 0x40, 0xe0, 0xff, 0x38, 0x44, 0xd8, 0xff,
    0x38, 0x44, 0xe0, 0xff, 0x38, 0x44, 0xe0, 0xff, 0x38, 0x44, 0xe0, 0xff,
    0x38, 0x44, 0xe0, 0xff, 0x38, 0x44, 0xe0, 0xff, 0x38, 0x44, 0xe0, 0xff,
    0x38, 0x44, 0xe0, 0xff, 0x38, 0x44, 0xe0, 0xff, 0x38, 0x44, 0xe0, 0xff,
    0x38, 0x44, 0xe0, 0xff, 0x38, 0x40, 0xd8, 0xff, 0x38, 0x44, 0xe0, 0xff,
    0x38, 0x40, 0xe0, 0xff, 0x30, 0x3c, 0xd8, 0xff, 0x30, 0x40, 0xd8, 0xff,
    0x30, 0x3c, 0xd8, 0xff, 0x30, 0x3c, 0xd8, 0xff, 0x30, 0x3c, 0xd8, 0xff,
    0x30, 0x3c, 0xe0, 0xff, 0x30, 0x3c, 0xd8, 0xff, 0x30, 0x3c, 0xd8, 0xff,
    0x30, 0x38, 0xd8, 0xff, 0x28, 0x38, 0xd0, 0xff, 0x28, 0x34, 0xd0, 0x41,
    0x30, 0x44, 0xd8, 0xff, 0x38, 0x44, 0xd8, 0xff, 0x38, 0x44, 0xd8, 0xff,
    0x38, 0x44, 0xd8, 0xff, 0x30, 0x44, 0xd8, 0xff, 0x30, 0x44, 0xd8, 0xff,
    0x30, 0x40, 0xd8, 0xff, 0x38, 0x44, 0xd8, 0xff, 0x38, 0x48, 0xd8, 0xff,
    0x38, 0x48, 0xe0, 0xff, 0x38, 0x44, 0xe0, 0xff, 0x38, 0x48, 0xe0, 0xff,
    0x38, 0x48, 0xe0, 0xff, 0x38, 0x48, 0xe0, 0xff, 0x38, 0x48, 0xe0, 0xff,
    0x38, 0x48, 0xe0, 0xff, 0x38, 0x48, 0xd8, 0xff, 0x38, 0x44, 0xe0, 0xff,
    0x38, 0x48, 0xe0, 0xff, 0x38, 0x48, 0xe0, 0xff, 0x38, 0x48, 0xe0, 0xff,
    0x38, 0x48, 0xe0, 0xff, 0x38, 0x48, 0xe0, 0xff, 0x38, 0x48, 0xe0, 0xff,
    0x38, 0x48, 0xe0, 0xff, 0x38, 0x44, 0xd8, 0xff, 0x40, 0x48, 0xe0, 0xff,
    0x38, 0x48, 0xe0, 0xff, 0x40, 0x4c, 0xe0, 0xff, 0x40, 0x4c, 0xe8, 0xff,
    0x38, 0x4c, 0xe0, 0xff, 0x40, 0x48, 0xe0, 0xff, 0x40, 0x4c, 0xe8, 0xff,
    0x40, 0x48, 0xe8, 0xff, 0x40, 0x4c, 0xe0, 0xff, 0x40, 0x4c, 0xe8, 0xff,
    0x40, 0x4c, 0xe0, 0xff, 0x40, 0x4c, 0xe8, 0xff, 0x40, 0x48, 0xe0, 0xff,
    0x40, 0x4c, 0xe8, 0xff, 0x38, 0x48, 0xe0, 0xff, 0x40, 0x48, 0xe8, 0xff,
    0x40, 0x4c, 0xe8, 0xff, 0x38, 0x48, 0xe0, 0xff, 0x40, 0x4c, 0xe8, 0xff,
    0x40, 0x48, 0xe8, 0xff, 0x40, 0x48, 0xe8, 0xff, 0x38, 0x48, 0xe0, 0xff,
    0x38, 0x48, 0xe8, 0xff, 0x40, 0x48, 0xe8, 0xff, 0x40, 0x48, 0xe0, 0xff,
    0x40, 0x48, 0xe0, 0xff, 0x38, 0x48, 0xe0, 0xff, 0x38, 0x48, 0xe0, 0xff,
    0x40, 0x48, 0xe8, 0xff, 0x40, 0x48, 0xe0, 0xff, 0x38, 0x48, 0xe8, 0xff,
    0x40, 0x48, 0xe8, 0xff, 0x40, 0x48, 0xe8, 0xff, 0x40, 0x4c, 0xe8, 0xff,
    0x40, 0x48, 0xe8, 0xff, 0x38, 0x48, 0xe0, 0xff, 0x38, 0x48, 0xe0, 0xff,
    0x38, 0x44, 0xe0, 0xff, 0x40, 0x48, 0xe0, 0xff, 0x40, 0x48, 0xe8, 0xff,
    0x40, 0x48, 0xe8, 0xff, 0x40, 0x48, 0xe0, 0xff, 0x38, 0x48, 0xe8, 0xff,
    0x38, 0x48, 0xe8, 0xff, 0x40, 0x48, 0xe8, 0xff, 0x40, 0x48, 0xe8, 0xff,
    0x38, 0x48, 0xe8, 0xff, 0x40, 0x48, 0xe8, 0xff, 0x40, 0x48, 0xe8, 0xff,
    0x40, 0x48, 0xe8, 0xff, 0x40, 0x48, 0xe8, 0xff, 0x40, 0x48, 0xe8, 0xff,
    0x40, 0x48, 0xe8, 0xff, 0x38, 0x48, 0xe8, 0xff, 0x40, 0x44, 0xe8, 0xff,
    0x40, 0x48, 0xe8, 0xff, 0x40, 0x48, 0xe8, 0xff, 0x38, 0x44, 0xe0, 0xff,
    0x40, 0x48, 0xe8, 0xff, 0x40, 0x4c, 0xe8, 0xff, 0x40, 0x4c, 0xe8, 0xff,
    0x40, 0x48, 0xe8, 0xff, 0x40, 0x48, 0xe8, 0xff, 0x38, 0x44, 0xe8, 0xff,
    0x40, 0x44, 0xe8, 0xff, 0x38, 0x44, 0xe8, 0xff, 0x40, 0x48, 0xe8, 0xff,
    0x40, 0x48, 0xe8, 0xff, 0x38, 0x48, 0xe8, 0xff, 0x40, 0x48, 0xe8, 0xff,
    0x38, 0x44, 0xe8, 0xff, 0x38, 0x48, 0xe0, 0xff, 0x40, 0x4c, 0xe8, 0xff,
    0x40, 0x48, 0xe8, 0xff, 0x38, 0x48, 0xe0, 0xff, 0x40, 0x48, 0xe8, 0xff,
    0x40, 0x48, 0xe8, 0xff, 0x40, 0x48, 0xe8, 0xff, 0x40, 0x48, 0xe8, 0xff,
    0x40, 0x48, 0xe8, 0xff, 0x40, 0x48, 0xe8, 0xff, 0x40, 0x48, 0xe8, 0xff,
    0x38, 0x44, 0xe0, 0xff, 0x40, 0x48, 0xe8, 0xff, 0x40, 0x48, 0xe8, 0xff,
    0x38, 0x48, 0xe0, 0xff, 0x38, 0x44, 0xe0, 0xff, 0x40, 0x44, 0xe8, 0xff,
    0x38, 0x48, 0xe0, 0xff, 0x40, 0x48, 0xe8, 0xff, 0x40, 0x48, 0xe8, 0xff,
    0x38, 0x48, 0xe0, 0xff, 0x38, 0x44, 0xe0, 0xff, 0x40, 0x48, 0xe8, 0xff,
    0x40, 0x48, 0xe8, 0xff, 0x38, 0x44, 0xe8, 0xff, 0x40, 0x48, 0xe8, 0xff,
    0x38, 0x44, 0xe8, 0xff, 0x38, 0x44, 0xe0, 0xff, 0x38, 0x44, 0xe0, 0xff,
    0x38, 0x44, 0xe0, 0xff, 0x40, 0x48, 0xe8, 0xff, 0x38, 0x44, 0xe8, 0xff,
    0x38, 0x48, 0xe0, 0xff, 0x38, 0x44, 0xe8, 0xff, 0x38, 0x44, 0xe8, 0xff,
    0x38, 0x44, 0xe0, 0xff, 0x38, 0x44, 0xe0, 0xff, 0x38, 0x44, 0xe0, 0xff,
    0x38, 0x44, 0xe0, 0xff, 0x38, 0x44, 0xe0, 0xff, 0x30, 0x40, 0xe0, 0xff,
    0x38, 0x40, 0xd8, 0xff, 0x38, 0x44, 0xe0, 0xff, 0x38, 0x44, 0xe0, 0xff,
    0x30, 0x40, 0xe0, 0xff, 0x38, 0x44, 0xe0, 0xff, 0x38, 0x44, 0xe0, 0xff,
    0x38, 0x40, 0xe0, 0xff, 0x38, 0x44, 0xe0, 0xff, 0x38, 0x44, 0xe0, 0xff,
    0x38, 0x44, 0xd8, 0xff, 0x38, 0x44, 0xd8, 0xff, 0x38, 0x44, 0xe0, 0xff,
    0x38, 0x44, 0xe0, 0xff, 0x38, 0x44, 0xe0, 0xff, 0x38, 0x44, 0xe0, 0xff,
    0x38, 0x44, 0xe0, 0xff, 0x38, 0x44, 0xe0, 0xff, 0x38, 0x40, 0xd8, 0xff,
    0x30, 0x40, 0xd8, 0xff, 0x30, 0x40, 0xd8, 0xff, 0x30, 0x40, 0xd8, 0xff,
    0x30, 0x40, 0xd8, 0xff, 0x38, 0x40, 0xe0, 0xff, 0x30, 0x3c, 0xd8, 0xff,
    0x30, 0x3c, 0xd8, 0xff, 0x30, 0x3c, 0xd8, 0xff, 0x30, 0x3c, 0xd8, 0xff,
    0x30, 0x3c, 0xd8, 0xff, 0x30, 0x3c, 0xd8, 0xff, 0x30, 0x3c, 0xd8, 0xff,
    0x30, 0x3c, 0xd8, 0xff, 0x30, 0x3c, 0xd8, 0xff, 0x28, 0x38, 0xd0, 0xff,
    0x28, 0x38, 0xd0, 0x41, 0x38, 0x44, 0xd8, 0xff, 0x38, 0x44, 0xe0, 0xff,
    0x38, 0x48, 0xe0, 0xff, 0x38, 0x48, 0xe0, 0xff, 0x38, 0x44, 0xd8, 0xff,
    0x38, 0x44, 0xd8, 0xff, 0x38, 0x44, 0xd8, 0xff, 0x38, 0x44, 0xd8, 0xff,
    0x38, 0x44, 0xd8, 0xff, 0x38, 0x48, 0xe0, 0xff, 0x38, 0x48, 0xe0, 0xff,
    0x38, 0x48, 0xe0, 0xff, 0x38, 0x48, 0xe0, 0xff, 0x38, 0x48, 0xd8, 0xff,
    0x38, 0x48, 0xe0, 0xff, 0x38, 0x48, 0xe0, 0xff, 0x40, 0x48, 0xe0, 0xff,
    0x38, 0x48, 0xd8, 0xff, 0x40, 0x48, 0xe0, 0xff, 0x40, 0x4c, 0xe0, 0xff,
    0x40, 0x48, 0xe0, 0xff, 0x38, 0x48, 0xe0, 0xff, 0x40, 0x48, 0xe0, 0xff,
    0x38, 0x48, 0xe0, 0xff, 0x38, 0x48, 0xd8, 0xff, 0x38, 0x48, 0xe0, 0xff,
    0x38, 0x48, 0xe0, 0xff, 0x38, 0x48, 0xe0, 0xff, 0x38, 0x48, 0xe0, 0xff,
    0x40, 0x48, 0xe0, 0xff, 0x40, 0x4c, 0xe8, 0xff, 0x38, 0x48, 0xe0, 0xff,
    0x40, 0x4c, 0xe8, 0xff, 0x40, 0x4c, 0xe8, 0xff, 0x38, 0x4c, 0xe0, 0xff,
    0x40, 0x4c, 0xe8, 0xff, 0x40, 0x4c, 0xe8, 0xff, 0x40, 0x4c, 0xe0, 0xff,
    0x40, 0x4c, 0xe8, 0xff, 0x40, 0x4c, 0xe8, 0xff, 0x40, 0x4c, 0xe8, 0xff,
    0x40, 0x4c, 0xe8, 0xff, 0x40, 0x4c, 0xe0, 0xff, 0x40, 0x48, 0xe0, 0xff,
    0x40, 0x4c, 0xe8, 0xff, 0x40, 0x50, 0xe8, 0xff, 0x40, 0x48, 0xe0, 0xff,
    0x40, 0x48, 0xe0, 0xff, 0x38, 0x48, 0xe0, 0xff, 0x38, 0x48, 0xe0, 0xff,
    0x40, 0x48, 0xe8, 0xff, 0x40, 0x48, 0xe8, 0xff, 0x40, 0x48, 0xe8, 0xff,
    0x38, 0x48, 0xe0, 0xff, 0x38, 0x44, 0xe0, 0xff, 0x38, 0x48, 0xe0, 0xff,
    0x38, 0x48, 0xe0, 0xff, 0x38, 0x44, 0xe0, 0xff, 0x38, 0x48, 0xe0, 0xff,
    0x40, 0x48, 0xe8, 0xff, 0x40, 0x48, 0xe8, 0xff, 0x38, 0x48, 0xe0, 0xff,
    0x40, 0x48, 0xe8, 0xff, 0x40, 0x48, 0xe8, 0xff, 0x40, 0x4c, 0xe8, 0xff,
    0x38, 0x48, 0xe8, 0xff, 0x40, 0x48, 0xe8, 0xff, 0x40, 0x48, 0xe8, 0xff,
    0x40, 0x48, 0xe8, 0xff, 0x40, 0x48, 0xe8, 0xff, 0x40, 0x48, 0xe8, 0xff,
    0x38, 0x48, 0xe0, 0xff, 0x40, 0x4c, 0xe8, 0xff, 0x40, 0x48, 0xe8, 0xff,
    0x40, 0x4c, 0xe8, 0xff, 0x40, 0x4c, 0xe8, 0xff, 0x38, 0x48, 0xe8, 0xff,
    0x40, 0x48, 0xe8, 0xff, 0x38, 0x48, 0xe8, 0xff, 0x38, 0x48, 0xe8, 0xff,
    0x38, 0x48, 0xe8, 0xff, 0x38, 0x44, 0xe0, 0xff, 0x38, 0x48, 0xe0, 0xff,
    0x38, 0x48, 0xe0, 0xff, 0x38, 0x48, 0xe8, 0xff, 0x40, 0x48, 0xe8, 0xff,
    0x38, 0x48, 0xe8, 0xff, 0x38, 0x48, 0xe8, 0xff, 0x40, 0x48, 0xe8, 0xff,
    0x40, 0x48, 0xe0, 0xff, 0x38, 0x48, 0xe0, 0xff, 0x40, 0x48, 0xe8, 0xff,
    0x40, 0x48, 0xe8, 0xff, 0x40, 0x4c, 0xe8, 0xff, 0x40, 0x48, 0xe8, 0xff,
    0x38, 0x48, 0xe8, 0xff, 0x40, 0x48, 0xe8, 0xff, 0x40, 0x48, 0xe8, 0xff,
    0x38, 0x48, 0xe8, 0xff, 0x40, 0x48, 0xe8, 0xff, 0x40, 0x48, 0xe8, 0xff,
    0x40, 0x48, 0xe8, 0xff, 0x40, 0x48, 0xe8, 0xff, 0x38, 0x48, 0xe8, 0xff,
    0x40, 0x48, 0xe0, 0xff, 0x38, 0x48, 0xe0, 0xff, 0x38, 0x48, 0xe0, 0xff,
    0x40, 0x48, 0xe8, 0xff, 0x40, 0x4c, 0xe8, 0xff, 0x40, 0x4c, 0xe8, 0xff,
    0x40, 0x48, 0xe8, 0xff, 0x38, 0x48, 0xe8, 0xff, 0x38, 0x44, 0xe0, 0xff,
    0x38, 0x48, 0xe8, 0xff, 0x40, 0x48, 0xe8, 0xff, 0x40, 0x48, 0xe8, 0xff,
    0x38, 0x48, 0xe0, 0xff, 0x38, 0x44, 0xe8, 0xff, 0x38, 0x48, 0xe0, 0xff,
    0x38, 0x48, 0xe0, 0xff, 0x38, 0x48, 0xe0, 0xff, 0x40, 0x48, 0xe0, 0xff,
    0x40, 0x48, 0xe0, 0xff, 0x38, 0x44, 0xe0, 0xff, 0x40, 0x48, 0xe8, 0xff,
    0x40, 0x44, 0xe0, 0xff, 0x38, 0x44, 0xe8, 0xff, 0x40, 0x48, 0xe0, 0xff,
    0x38, 0x44, 0xe0, 0xff, 0x40, 0x44, 0xe0, 0xff, 0x40, 0x48, 0xe0, 0xff,
    0x38, 0x48, 0xe8, 0xff, 0x38, 0x44, 0xe0, 0xff, 0x38, 0x48, 0xe0, 0xff,
    0x38, 0x44, 0xe0, 0xff, 0x38, 0x44, 0xe0, 0xff, 0x38, 0x44, 0xe0, 0xff,
    0x38, 0x40, 0xe0, 0xff, 0x30, 0x44, 0xd8, 0xff, 0x38, 0x40, 0xe0, 0xff,
    0x38, 0x40, 0xe0, 0xff, 0x38, 0x40, 0xd8, 0xff, 0x38, 0x40, 0xe0, 0xff,
    0x38, 0x44, 0xe0, 0xff, 0x38, 0x44, 0xe0, 0xff, 0x38, 0x44, 0xd8, 0xff,
    0x38, 0x44, 0xe0, 0xff, 0x30, 0x40, 0xe0, 0xff, 0x30, 0x40, 0xd8, 0xff,
    0x38, 0x44, 0xe0, 0xff, 0x38, 0x40, 0xe0, 0xff, 0x30, 0x40, 0xd8, 0xff,
    0x30, 0x40, 0xd8, 0xff, 0x30, 0x40, 0xd8, 0xff, 0x30, 0x40, 0xd8, 0xff,
    0x30, 0x40, 0xd8, 0xff, 0x30, 0x3c, 0xd8, 0xff, 0x30, 0x40, 0xd8, 0xff,
    0x30, 0x3c, 0xd8, 0xff, 0x30, 0x3c, 0xd8, 0xff, 0x30, 0x3c, 0xd8, 0xff,
    0x30, 0x3c, 0xd8, 0xff, 0x30, 0x3c, 0xd8, 0xff, 0x30, 0x3c, 0xd8, 0xff,
    0x30, 0x3c, 0xd8, 0xff, 0x30, 0x3c, 0xd8, 0xff, 0x30, 0x38, 0xd0, 0xff,
    0x30, 0x3c, 0xd8, 0xff, 0x30, 0x3c, 0xd8, 0xff, 0x30, 0x3c, 0xd8, 0xff,
    0x30, 0x38, 0xd0, 0xff, 0x30, 0x3c, 0xd0, 0x41, 0x38, 0x48, 0xd8, 0xff,
    0x38, 0x48, 0xe0, 0xff, 0x38, 0x48, 0xd8, 0xff, 0x38, 0x44, 0xd8, 0xff,
    0x38, 0x44, 0xd8, 0xff, 0x38, 0x44, 0xd8, 0xff, 0x38, 0x44, 0xd8, 0xff,
    0x38, 0x44, 0xd8, 0xff, 0x38, 0x44, 0xd8, 0xff, 0x38, 0x48, 0xe0, 0xff,
    0x38, 0x48, 0xe0, 0xff, 0x38, 0x48, 0xe0, 0xff, 0x40, 0x48, 0xe0, 0xff,
    0x40, 0x48, 0xe0, 0xff, 0x38, 0x48, 0xd8, 0xff, 0x38, 0x48, 0xe0, 0xff,
    0x38, 0x48, 0xe0, 0xff, 0x38, 0x48, 0xd8, 0xff, 0x38, 0x48, 0xe0, 0xff,
    0x38, 0x48, 0xe0, 0xff, 0x38, 0x48, 0xe0, 0xff, 0x40, 0x48, 0xe0, 0xff,
    0x40, 0x48, 0xe0, 0xff, 0x38, 0x48, 0xe0, 0xff, 0x38, 0x48, 0xd8, 0xff,
    0x38, 0x44, 0xd8, 0xff, 0x40, 0x48, 0xe0, 0xff, 0x38, 0x48, 0xe0, 0xff,
    0x40, 0x4c, 0xe0, 0xff, 0x38, 0x48, 0xe0, 0xff, 0x40, 0x48, 0xe0, 0xff,
    0x40, 0x4c, 0xe0, 0xff, 0x40, 0x4c, 0xe8, 0xff, 0x40, 0x4c, 0xe0, 0xff,
    0x40, 0x4c, 0xe0, 0xff, 0x40, 0x4c, 0xe8, 0xff, 0x40, 0x50, 0xe8, 0xff,
    0x40, 0x50, 0xe8, 0xff, 0x40, 0x4c, 0xe8, 0xff, 0x40, 0x4c, 0xe8, 0xff,
    0x40, 0x4c, 0xe8, 0xff, 0x40, 0x4c, 0xe0, 0xff, 0x40, 0x4c, 0xe8, 0xff,
    0x38, 0x48, 0xe0, 0xff, 0x40, 0x4c, 0xe8, 0xff, 0x40, 0x50, 0xe8, 0xff,
    0x40, 0x4c, 0xe8, 0xff, 0x40, 0x4c, 0xe8, 0xff, 0x40, 0x4c, 0xe8, 0xff,
    0x40, 0x4c, 0xe8, 0xff, 0x38, 0x48, 0xe0, 0xff, 0x40, 0x4c, 0xe8, 0xff,
    0x40, 0x50, 0xe8, 0xff, 0x40, 0x4c, 0xe8, 0xff, 0x40, 0x4c, 0xe8, 0xff,
    0x40, 0x48, 0xe0, 0xff, 0x40, 0x48, 0xe8, 0xff, 0x40, 0x4c, 0xe8, 0xff,
    0x40, 0x50, 0xe8, 0xff, 0x40, 0x4c, 0xe8, 0xff, 0x40, 0x48, 0xe0, 0xff,
    0x40, 0x4c, 0xe8, 0xff, 0x40, 0x4c, 0xe8, 0xff, 0x40, 0x48, 0xe8, 0xff,
    0x40, 0x4c, 0xe8, 0xff, 0x40, 0x4c, 0xe8, 0xff, 0x38, 0x48, 0xe8, 0xff,
    0x40, 0x4c, 0xe8, 0xff, 0x40, 0x4c, 0xe8, 0xff, 0x40, 0x4c, 0xe8, 0xff,
    0x40, 0x48, 0xe0, 0xff, 0x40, 0x4c, 0xe8, 0xff, 0x40, 0x48, 0xe0, 0xff,
    0x38, 0x48, 0xe8, 0xff, 0x40, 0x4c, 0xe8, 0xff, 0x40, 0x4c, 0xe8, 0xff,
    0x40, 0x48, 0xe8, 0xff, 0x38, 0x48, 0xe8, 0xff, 0x40, 0x48, 0xe8, 0xff,
    0x38, 0x48, 0xe8, 0xff, 0x40, 0x48, 0xe8, 0xff, 0x40, 0x48, 0xe8, 0xff,
    0x40, 0x48, 0xe8, 0xff, 0x38, 0x48, 0xe8, 0xff, 0x40, 0x48, 0xe8, 0xff,
    0x40, 0x4c, 0xe8, 0xff, 0x40, 0x48, 0xe8, 0xff, 0x38, 0x44, 0xe0, 0xff,
    0x40, 0x48, 0xe8, 0xff, 0x40, 0x4c, 0xe8, 0xff, 0x40, 0x48, 0xe8, 0xff,
    0x38, 0x48, 0xe0, 0xff, 0x40, 0x4c, 0xe8, 0xff, 0x40, 0x50, 0xe8, 0xff,
    0x40, 0x4c, 0xe8, 0xff, 0x40, 0x48, 0xe8, 0xff, 0x40, 0x48, 0xe8, 0xff,
    0x40, 0x48, 0xe0, 0xff, 0x40, 0x4c, 0xe8, 0xff, 0x38, 0x48, 0xe8, 0xff,
    0x38, 0x48, 0xe0, 0xff, 0x40, 0x4c, 0xe8, 0xff, 0x38, 0x48, 0xe0, 0xff,
    0x38, 0x48, 0xe0, 0xff, 0x38, 0x44, 0xe0, 0xff, 0x38, 0x44, 0xe0, 0xff,
    0x38, 0x44, 0xe0, 0xff, 0x38, 0x48, 0xe8, 0xff, 0x40, 0x48, 0xe8, 0xff,
    0x40, 0x4c, 0xe8, 0xff, 0x40, 0x4c, 0xe8, 0xff, 0x40, 0x48, 0xe8, 0xff,
    0x38, 0x44, 0xe0, 0xff, 0x38, 0x48, 0xe0, 0xff, 0x40, 0x48, 0xe0, 0xff,
    0x40, 0x48, 0xe8, 0xff, 0x40, 0x48, 0xe8, 0xff, 0x40, 0x48, 0xe0, 0xff,
    0x40, 0x48, 0xe8, 0xff, 0x40, 0x48, 0xe8, 0xff, 0x40, 0x48, 0xe8, 0xff,
    0x38, 0x48, 0xe0, 0xff, 0x38, 0x44, 0xe0, 0xff, 0x38, 0x44, 0xe0, 0xff,
    0x38, 0x48, 0xe0, 0xff, 0x40, 0x48, 0xe8, 0xff, 0x38, 0x48, 0xe0, 0xff,
    0x38, 0x44, 0xe0, 0xff, 0x38, 0x44, 0xe0, 0xff, 0x38, 0x44, 0xe0, 0xff,
    0x38, 0x44, 0xe0, 0xff, 0x38, 0x44, 0xe0, 0xff, 0x38, 0x44, 0xe0, 0xff,
    0x38, 0x44, 0xe0, 0xff, 0x38, 0x44, 0xe0, 0xff, 0x38, 0x44, 0xe0, 0xff,
    0x38, 0x40, 0xe0, 0xff, 0x30, 0x40, 0xd8, 0xff, 0x38, 0x40, 0xd8, 0xff,
    0x30, 0x40, 0xe0, 0xff, 0x30, 0x40, 0xd8, 0xff, 0x30, 0x40, 0xd8, 0xff,
    0x38, 0x44, 0xe0, 0xff, 0x38, 0x44, 0xe0, 0xff, 0x38, 0x44, 0xe0, 0xff,
    0x30, 0x40, 0xd8, 0xff, 0x38, 0x40, 0xd8, 0xff, 0x30, 0x40, 0xd8, 0xff,
    0x30, 0x3c, 0xd8, 0xff, 0x30, 0x3c, 0xd8, 0xff, 0x30, 0x3c, 0xd8, 0xff,
    0x30, 0x40, 0xd8, 0xff, 0x38, 0x40, 0xe0, 0xff, 0x30, 0x3c, 0xd8, 0xff,
    0x38, 0x40, 0xe0, 0xff, 0x38, 0x40, 0xe0, 0xff, 0x30, 0x40, 0xe0, 0xff,
    0x38, 0x40, 0xe0, 0xff, 0x30, 0x40, 0xd8, 0xff, 0x30, 0x3c, 0xd8, 0xff,
    0x30, 0x3c, 0xd8, 0xff, 0x30, 0x3c, 0xd8, 0xff, 0x30, 0x38, 0xd0, 0xff,
    0x30, 0x3c, 0xd8, 0xff, 0x30, 0x3c, 0xd8, 0xff, 0x30, 0x40, 0xd8, 0xff,
    0x30, 0x3c, 0xd8, 0xff, 0x30, 0x3c, 0xd8, 0xff, 0x30, 0x3c, 0xd8, 0xff,
    0x38, 0x40, 0xd8, 0xff, 0x30, 0x3c, 0xd8, 0xff, 0x30, 0x3c, 0xd8, 0x41,
    0x38, 0x48, 0xd8, 0xff, 0x40, 0x48, 0xe0, 0xff, 0x38, 0x48, 0xd8, 0xff,
    0x38, 0x48, 0xd8, 0xff, 0x38, 0x48, 0xe0, 0xff, 0x38, 0x44, 0xd8, 0xff,
    0x38, 0x48, 0xd8, 0xff, 0x38, 0x48, 0xd8, 0xff, 0x38, 0x48, 0xd8, 0xff,
    0x38, 0x48, 0xe0, 0xff, 0x38, 0x48, 0xe0, 0xff, 0x38, 0x48, 0xd8, 0xff,
    0x38, 0x48, 0xe0, 0xff, 0x38, 0x48, 0xe0, 0xff, 0x38, 0x48, 0xd8, 0xff,
    0x38, 0x48, 0xe0, 0xff, 0x38, 0x48, 0xe0, 0xff, 0x40, 0x48, 0xe0, 0xff,
    0x38, 0x48, 0xe0, 0xff, 0x38, 0x48, 0xe0, 0xff, 0x38, 0x48, 0xd8, 0xff,
    0x38, 0x48, 0xd8, 0xff, 0x40, 0x4c, 0xe0, 0xff, 0x38, 0x48, 0xe0, 0xff,
    0x38, 0x48, 0xe0, 0xff, 0x38, 0x48, 0xe0, 0xff, 0x40, 0x48, 0xe0, 0xff,
    0x40, 0x4c, 0xe0, 0xff, 0x38, 0x4c, 0xe0, 0xff, 0x38, 0x4c, 0xe0, 0xff,
    0x40, 0x4c, 0xe0, 0xff, 0x40, 0x4c, 0xe8, 0xff, 0x40, 0x50, 0xe0, 0xff,
    0x40, 0x50, 0xe8, 0xff, 0x40, 0x50, 0xe8, 0xff, 0x40, 0x4c, 0xe0, 0xff,
    0x40, 0x4c, 0xe0, 0xff, 0x40, 0x50, 0xe8, 0xff, 0x40, 0x4c, 0xe0, 0xff,
    0x40, 0x4c, 0xe0, 0xff, 0x40, 0x4c, 0xe0, 0xff, 0x40, 0x4c, 0xe8, 0xff,
    0x40, 0x4c, 0xe8, 0xff, 0x38, 0x48, 0xe0, 0xff, 0x40, 0x48, 0xe0, 0xff,
    0x40, 0x4c, 0xe8, 0xff, 0x48, 0x54, 0xe8, 0xff, 0x40, 0x50, 0xe8, 0xff,
    0x48, 0x58, 0xf0, 0xff, 0x48, 0x54, 0xe8, 0xff, 0x40, 0x50, 0xe8, 0xff,
    0x40, 0x4c, 0xe8, 0xff, 0x40, 0x4c, 0xe8, 0xff, 0x40, 0x50, 0xe8, 0xff,
    0x40, 0x50, 0xe8, 0xff, 0x40, 0x4c, 0xe0, 0xff, 0x40, 0x4c, 0xe8, 0xff,
    0x40, 0x50, 0xe8, 0xff, 0x48, 0x50, 0xe8, 0xff, 0x40, 0x50, 0xe8, 0xff,
    0x40, 0x4c, 0xe8, 0xff, 0x40, 0x4c, 0xe8, 0xff, 0x40, 0x4c, 0xe8, 0xff,
    0x40, 0x4c, 0xe0, 0xff, 0x40, 0x4c, 0xe8, 0xff, 0x40, 0x4c, 0xe8, 0xff,
    0x40, 0x4c, 0xe8, 0xff, 0x40, 0x4c, 0xe8, 0xff, 0x40, 0x4c, 0xe8, 0xff,
    0x40, 0x4c, 0xe8, 0xff, 0x38, 0x4c, 0xe8, 0xff, 0x40, 0x48, 0xe8, 0xff,
    0x40, 0x4c, 0xe8, 0xff, 0x40, 0x48, 0xe8, 0xff, 0x38, 0x48, 0xe8, 0xff,
    0x40, 0x4c, 0xe8, 0xff, 0x40, 0x4c, 0xe8, 0xff, 0x40, 0x4c, 0xe8, 0xff,
    0x38, 0x48, 0xe0, 0xff, 0x38, 0x48, 0xe8, 0xff, 0x40, 0x4c, 0xe8, 0xff,
    0x40, 0x4c, 0xe8, 0xff, 0x40, 0x48, 0xe8, 0xff, 0x40, 0x48, 0xe8, 0xff,
    0x40, 0x4c, 0xf0, 0xff, 0x40, 0x4c, 0xe8, 0xff, 0x40, 0x4c, 0xe8, 0xff,
    0x40, 0x48, 0xe8, 0xff, 0x38, 0x48, 0xe8, 0xff, 0x40, 0x4c, 0xe8, 0xff,
    0x40, 0x48, 0xe8, 0xff, 0x38, 0x48, 0xe0, 0xff, 0x40, 0x4c, 0xe8, 0xff,
    0x40, 0x50, 0xe8, 0xff, 0x40, 0x4c, 0xe8, 0xff, 0x40, 0x4c, 0xe8, 0xff,
    0x40, 0x4c, 0xe8, 0xff, 0x38, 0x48, 0xe0, 0xff, 0x40, 0x4c, 0xe8, 0xff,
    0x40, 0x48, 0xe0, 0xff, 0x38, 0x48, 0xe8, 0xff, 0x40, 0x4c, 0xe8, 0xff,
    0x40, 0x4c, 0xe8, 0xff, 0x40, 0x48, 0xe0, 0xff, 0x38, 0x44, 0xe0, 0xff,
    0x30, 0x40, 0xd8, 0xff, 0x30, 0x40, 0xd8, 0xff, 0x30, 0x40, 0xe0, 0xff,
    0x38, 0x48, 0xe0, 0xff, 0x40, 0x4c, 0xe8, 0xff, 0x40, 0x4c, 0xe8, 0xff,
    0x40, 0x48, 0xe8, 0xff, 0x38, 0x48, 0xe8, 0xff, 0x40, 0x48, 0xe0, 0xff,
    0x38, 0x48, 0xe0, 0xff, 0x38, 0x48, 0xe8, 0xff, 0x40, 0x4c, 0xe8, 0xff,
    0x40, 0x48, 0xe8, 0xff, 0x38, 0x48, 0xe0, 0xff, 0x40, 0x48, 0xe0, 0xff,
    0x38, 0x48, 0xe0, 0xff, 0x38, 0x48, 0xe8, 0xff, 0x38, 0x44, 0xe0, 0xff,
    0x38, 0x44, 0xe0, 0xff, 0x40, 0x48, 0xe8, 0xff, 0x38, 0x48, 0xe8, 0xff,
    0x38, 0x44, 0xe0, 0xff, 0x38, 0x44, 0xe0, 0xff, 0x38, 0x44, 0xe0, 0xff,
    0x38, 0x44, 0xe0, 0xff, 0x38, 0x48, 0xe8, 0xff, 0x40, 0x48, 0xe0, 0xff,
    0x38, 0x44, 0xe0, 0xff, 0x38, 0x44, 0xe0, 0xff, 0x38, 0x40, 0xe0, 0xff,
    0x38, 0x44, 0xe0, 0xff, 0x30, 0x40, 0xd8, 0xff, 0x38, 0x40, 0xd8, 0xff,
    0x38, 0x40, 0xe0, 0xff, 0x38, 0x44, 0xe0, 0xff, 0x30, 0x40, 0xd8, 0xff,
    0x38, 0x40, 0xe0, 0xff, 0x30, 0x40, 0xe0, 0xff, 0x30, 0x40, 0xd8, 0xff,
    0x30, 0x40, 0xe0, 0xff, 0x38, 0x40, 0xe0, 0xff, 0x38, 0x40, 0xe0, 0xff,
    0x30, 0x40, 0xd8, 0xff, 0x30, 0x40, 0xd8, 0xff, 0x38, 0x40, 0xe0, 0xff,
    0x30, 0x40, 0xd8, 0xff, 0x30, 0x40, 0xe0, 0xff, 0x38, 0x40, 0xd8, 0xff,
    0x30, 0x3c, 0xd8, 0xff, 0x30, 0x40, 0xe0, 0xff, 0x30, 0x40, 0xd8, 0xff,
    0x38, 0x40, 0xe0, 0xff, 0x38, 0x40, 0xe0, 0xff, 0x38, 0x40, 0xe0, 0xff,
    0x30, 0x3c, 0xd8, 0xff, 0x30, 0x3c, 0xd8, 0xff, 0x30, 0x3c, 0xd8, 0xff,
    0x30, 0x3c, 0xd0, 0xff, 0x30, 0x3c, 0xd8, 0xff, 0x30, 0x3c, 0xd8, 0xff,
    0x30, 0x3c, 0xd8, 0xff, 0x30, 0x40, 0xd8, 0xff, 0x30, 0x3c, 0xd8, 0xff,
    0x30, 0x3c, 0xd8, 0xff, 0x30, 0x40, 0xd8, 0xff, 0x30, 0x40, 0xd8, 0xff,
    0x30, 0x40, 0xd8, 0x41, 0x38, 0x4c, 0xe0, 0xff, 0x38, 0x48, 0xe0, 0xff,
    0x40, 0x48, 0xe0, 0xff, 0x38, 0x48, 0xe0, 0xff, 0x38, 0x48, 0xe0, 0xff,
    0x38, 0x48, 0xd8, 0xff, 0x38, 0x44, 0xd8, 0xff, 0x38, 0x48, 0xe0, 0xff,
    0x30, 0x44, 0xd8, 0xff, 0x38, 0x44, 0xd8, 0xff, 0x38, 0x48, 0xe0, 0xff,
    0x38, 0x48, 0xe0, 0xff, 0x38, 0x48, 0xd8, 0xff, 0x38, 0x44, 0xd8, 0xff,
    0x38, 0x48, 0xe0, 0xff, 0x40, 0x48, 0xe0, 0xff, 0x38, 0x48, 0xe0, 0xff,
    0x40, 0x48, 0xe0, 0xff, 0x40, 0x48, 0xe0, 0xff, 0x40, 0x4c, 0xe0, 0xff,
    0x40, 0x4c, 0xe0, 0xff, 0x38, 0x48, 0xd8, 0xff, 0x40, 0x4c, 0xe0, 0xff,
    0x38, 0x48, 0xe0, 0xff, 0x40, 0x48, 0xe0, 0xff, 0x38, 0x48, 0xe0, 0xff,
    0x38, 0x48, 0xe0, 0xff, 0x40, 0x4c, 0xe0, 0xff, 0x40, 0x4c, 0xe0, 0xff,
    0x40, 0x4c, 0xe0, 0xff, 0x40, 0x4c, 0xe8, 0xff, 0x40, 0x4c, 0xe0, 0xff,
    0x40, 0x50, 0xe0, 0xff, 0x40, 0x4c, 0xe8, 0xff, 0x40, 0x4c, 0xe0, 0xff,
    0x40, 0x4c, 0xe0, 0xff, 0x40, 0x50, 0xe8, 0xff, 0x40, 0x50, 0xe8, 0xff,
    0x40, 0x4c, 0xe8, 0xff, 0x38, 0x48, 0xe0, 0xff, 0x38, 0x48, 0xe0, 0xff,
    0x40, 0x4c, 0xe8, 0xff, 0x40, 0x4c, 0xe8, 0xff, 0x40, 0x4c, 0xe8, 0xff,
    0x40, 0x4c, 0xe0, 0xff, 0x40, 0x4c, 0xe0, 0xff, 0x40, 0x4c, 0xe8, 0xff,
    0x40, 0x48, 0xe0, 0xff, 0x40, 0x50, 0xe8, 0xff, 0x48, 0x50, 0xe8, 0xff,
    0x48, 0x54, 0xf0, 0xff, 0x48, 0x50, 0xe8, 0xff, 0x48, 0x54, 0xf0, 0xff,
    0x48, 0x54, 0xf0, 0xff, 0x48, 0x54, 0xe8, 0xff, 0x40, 0x50, 0xe8, 0xff,
    0x40, 0x4c, 0xe8, 0xff, 0x40, 0x4c, 0xe8, 0xff, 0x40, 0x50, 0xe8, 0xff,
    0x40, 0x50, 0xe8, 0xff, 0x40, 0x4c, 0xe8, 0xff, 0x40, 0x4c, 0xe8, 0xff,
    0x40, 0x4c, 0xe0, 0xff, 0x40, 0x4c, 0xe8, 0xff, 0x40, 0x4c, 0xe8, 0xff,
    0x40, 0x4c, 0xe8, 0xff, 0x40, 0x4c, 0xe8, 0xff, 0x40, 0x4c, 0xe0, 0xff,
    0x40, 0x4c, 0xe8, 0xff, 0x40, 0x4c, 0xe8, 0xff, 0x40, 0x48, 0xe8, 0xff,
    0x38, 0x4c, 0xe8, 0xff, 0x38, 0x48, 0xe0, 0xff, 0x40, 0x48, 0xe0, 0xff,
    0x40, 0x48, 0xe0, 0xff, 0x40, 0x4c, 0xe8, 0xff, 0x40, 0x4c, 0xe8, 0xff,
    0x40, 0x4c, 0xe8, 0xff, 0x40, 0x4c, 0xe8, 0xff, 0x40, 0x4c, 0xe8, 0xff,
    0x38, 0x4c, 0xe8, 0xff, 0x40, 0x4c, 0xf0, 0xff, 0x40, 0x4c, 0xe8, 0xff,
    0x40, 0x4c, 0xf0, 0xff, 0x40, 0x4c, 0xf0, 0xff, 0x40, 0x4c, 0xe8, 0xff,
    0x40, 0x4c, 0xf0, 0xff, 0x40, 0x4c, 0xf0, 0xff, 0x40, 0x4c, 0xe8, 0xff,
    0x40, 0x50, 0xe8, 0xff, 0x40, 0x4c, 0xe8, 0xff, 0x40, 0x4c, 0xe8, 0xff,
    0x38, 0x48, 0xe0, 0xff, 0x40, 0x4c, 0xe8, 0xff, 0x40, 0x4c, 0xe8, 0xff,
    0x40, 0x4c, 0xe8, 0xff, 0x40, 0x4c, 0xe8, 0xff, 0x40, 0x4c, 0xe8, 0xff,
    0x40, 0x4c, 0xe8, 0xff, 0x40, 0x4c, 0xe8, 0xff, 0x40, 0x4c, 0xe8, 0xff,
    0x40, 0x4c, 0xe8, 0xff, 0x40, 0x50, 0xe8, 0xff, 0x40, 0x4c, 0xe8, 0xff,
    0x40, 0x48, 0xe8, 0xff, 0x38, 0x44, 0xe0, 0xff, 0x38, 0x44, 0xe0, 0xff,
    0x40, 0x48, 0xe8, 0xff, 0x40, 0x4c, 0xe8, 0xff, 0x40, 0x4c, 0xe8, 0xff,
    0x40, 0x4c, 0xe8, 0xff, 0x40, 0x4c, 0xe8, 0xff, 0x40, 0x48, 0xe8, 0xff,
    0x40, 0x4c, 0xe8, 0xff, 0x40, 0x48, 0xe8, 0xff, 0x38, 0x48, 0xe8, 0xff,
    0x40, 0x4c, 0xe8, 0xff, 0x38, 0x48, 0xe0, 0xff, 0x38, 0x48, 0xe0, 0xff,
    0x40, 0x48, 0xe0, 0xff, 0x40, 0x48, 0xe8, 0xff, 0x40, 0x48, 0xe8, 0xff,
    0x40, 0x48, 0xe8, 0xff, 0x38, 0x44, 0xe0, 0xff, 0x40, 0x48, 0xe0, 0xff,
    0x38, 0x48, 0xe0, 0xff, 0x38, 0x44, 0xe0, 0xff, 0x38, 0x44, 0xe0, 0xff,
    0x38, 0x44, 0xe0, 0xff, 0x38, 0x44, 0xe0, 0xff, 0x38, 0x44, 0xe0, 0xff,
    0x38, 0x48, 0xe0, 0xff, 0x38, 0x44, 0xe0, 0xff, 0x38, 0x44, 0xe0, 0xff,
    0x38, 0x44, 0xe0, 0xff, 0x38, 0x44, 0xe0, 0xff, 0x38, 0x40, 0xd8, 0xff,
    0x30, 0x40, 0xd8, 0xff, 0x30, 0x40, 0xd8, 0xff, 0x38, 0x40, 0xe0, 0xff,
    0x38, 0x40, 0xe0, 0xff, 0x30, 0x40, 0xd8, 0xff, 0x30, 0x40, 0xd8, 0xff,
    0x30, 0x3c, 0xd8, 0xff, 0x30, 0x3c, 0xd8, 0xff, 0x38, 0x40, 0xd8, 0xff,
    0x38, 0x40, 0xe0, 0xff, 0x30, 0x40, 0xd8, 0xff, 0x30, 0x3c, 0xd8, 0xff,
    0x30, 0x3c, 0xd8, 0xff, 0x38, 0x40, 0xe0, 0xff, 0x30, 0x3c, 0xd8, 0xff,
    0x30, 0x3c, 0xd8, 0xff, 0x30, 0x3c, 0xd8, 0xff, 0x30, 0x40, 0xd8, 0xff,
    0x30, 0x40, 0xd8, 0xff, 0x30, 0x40, 0xd8, 0xff, 0x38, 0x44, 0xe0, 0xff,
    0x38, 0x44, 0xe0, 0xff, 0x30, 0x3c, 0xd8, 0xff, 0x30, 0x40, 0xd8, 0xff,
    0x30, 0x3c, 0xd8, 0xff, 0x30, 0x38, 0xd8, 0xff, 0x30, 0x3c, 0xd8, 0xff,
    0x30, 0x38, 0xd8, 0xff, 0x30, 0x3c, 0xd8, 0xff, 0x30, 0x40, 0xd8, 0xff,
    0x30, 0x3c, 0xd8, 0xff, 0x30, 0x3c, 0xd8, 0xff, 0x30, 0x3c, 0xd8, 0xff,
    0x30, 0x40, 0xd8, 0xff, 0x38, 0x40, 0xd8, 0x41, 0x40, 0x4c, 0xe0, 0xff,
    0x40, 0x4c, 0xd8, 0xff, 0x38, 0x4c, 0xe0, 0xff, 0x38, 0x48, 0xe0, 0xff,
    0x40, 0x48, 0xd8, 0xff, 0x38, 0x48, 0xd8, 0xff, 0x38, 0x48, 0xd8, 0xff,
    0x38, 0x44, 0xd8, 0xff, 0x38, 0x48, 0xe0, 0xff, 0x38, 0x48, 0xd8, 0xff,
    0x38, 0x48, 0xd8, 0xff, 0x40, 0x48, 0xe0, 0xff, 0x38, 0x48, 0xe0, 0xff,
    0x40, 0x48, 0xe0, 0xff, 0x38, 0x48, 0xd8, 0xff, 0x38, 0x48, 0xd8, 0xff,
    0x38, 0x44, 0xd8, 0xff, 0x38, 0x48, 0xd8, 0xff, 0x40, 0x4c, 0xe0, 0xff,
    0x40, 0x4c, 0xe0, 0xff, 0x40, 0x4c, 0xe0, 0xff, 0x40, 0x4c, 0xe0, 0xff,
    0x40, 0x4c, 0xe0, 0xff, 0x40, 0x4c, 0xe0, 0xff, 0x40, 0x4c, 0xe0, 0xff,
    0x40, 0x4c, 0xe0, 0xff, 0x38, 0x44, 0xd8, 0xff, 0x38, 0x48, 0xe0, 0xff,
    0x38, 0x48, 0xe0, 0xff, 0x40, 0x4c, 0xe0, 0xff, 0x38, 0x4c, 0xe0, 0xff,
    0x38, 0x4c, 0xe0, 0xff, 0x40, 0x4c, 0xe8, 0xff, 0x40, 0x50, 0xe0, 0xff,
    0x40, 0x50, 0xe8, 0xff, 0x40, 0x50, 0xe8, 0xff, 0x40, 0x4c, 0xe0, 0xff,
    0x40, 0x4c, 0xe8, 0xff, 0x40, 0x4c, 0xe0, 0xff, 0x40, 0x48, 0xe0, 0xff,
    0x40, 0x4c, 0xe8, 0xff, 0x40, 0x50, 0xe8, 0xff, 0x40, 0x50, 0xe8, 0xff,
    0x40, 0x4c, 0xe8, 0xff, 0x40, 0x4c, 0xe0, 0xff, 0x38, 0x48, 0xe0, 0xff,
    0x38, 0x48, 0xe0, 0xff, 0x40, 0x4c, 0xe0, 0xff, 0x40, 0x4c, 0xe8, 0xff,
    0x40, 0x50, 0xe8, 0xff, 0x40, 0x50, 0xe8, 0xff, 0x48, 0x54, 0xe8, 0xff,
    0x48, 0x54, 0xe8, 0xff, 0x48, 0x54, 0xe8, 0xff, 0x40, 0x50, 0xe8, 0xff,
    0x40, 0x4c, 0xe8, 0xff, 0x48, 0x50, 0xe8, 0xff, 0x40, 0x50, 0xe8, 0xff,
    0x40, 0x4c, 0xe8, 0xff, 0x40, 0x4c, 0xe8, 0xff, 0x40, 0x4c, 0xe8, 0xff,
    0x40, 0x4c, 0xe8, 0xff, 0x40, 0x4c, 0xe8, 0xff, 0x40, 0x4c, 0xe8, 0xff,
    0x40, 0x4c, 0xe8, 0xff, 0x40, 0x4c, 0xe8, 0xff, 0x40, 0x4c, 0xe8, 0xff,
    0x40, 0x4c, 0xe8, 0xff, 0x40, 0x4c, 0xe0, 0xff, 0x40, 0x4c, 0xe8, 0xff,
    0x40, 0x48, 0xe0, 0xff, 0x40, 0x48, 0xe8, 0xff, 0x38, 0x48, 0xe8, 0xff,
    0x40, 0x4c, 0xe8, 0xff, 0x40, 0x4c, 0xe8, 0xff, 0x40, 0x4c, 0xe8, 0xff,
    0x40, 0x4c, 0xe8, 0xff, 0x40, 0x50, 0xe8, 0xff, 0x40, 0x4c, 0xe8, 0xff,
    0x40, 0x4c, 0xe8, 0xff, 0x40, 0x4c, 0xf0, 0xff, 0x38, 0x4c, 0xe8, 0xff,
    0x40, 0x4c, 0xf0, 0xff, 0x40, 0x4c, 0xf0, 0xff, 0x40, 0x4c, 0xf0, 0xff,
    0x40, 0x50, 0xe8, 0xff, 0x40, 0x50, 0xf0, 0xff, 0x40, 0x50, 0xf0, 0xff,
    0x40, 0x4c, 0xe8, 0xff, 0x40, 0x50, 0xe8, 0xff, 0x40, 0x50, 0xe8, 0xff,
    0x40, 0x48, 0xe0, 0xff, 0x40, 0x48, 0xe8, 0xff, 0x40, 0x4c, 0xe8, 0xff,
    0x48, 0x50, 0xe8, 0xff, 0x40, 0x4c, 0xe8, 0xff, 0x40, 0x50, 0xe8, 0xff,
    0x40, 0x4c, 0xe8, 0xff, 0x40, 0x50, 0xe8, 0xff, 0x40, 0x4c, 0xe8, 0xff,
    0x40, 0x4c, 0xe8, 0xff, 0x40, 0x4c, 0xe8, 0xff, 0x40, 0x4c, 0xe8, 0xff,
    0x40, 0x4c, 0xe8, 0xff, 0x40, 0x4c, 0xe8, 0xff, 0x40, 0x4c, 0xe8, 0xff,
    0x40, 0x4c, 0xe8, 0xff, 0x40, 0x50, 0xe8, 0xff, 0x40, 0x4c, 0xe8, 0xff,
    0x40, 0x4c, 0xe8, 0xff, 0x40, 0x50, 0xe8, 0xff, 0x40, 0x4c, 0xe8, 0xff,
    0x40, 0x4c, 0xe8, 0xff, 0x38, 0x48, 0xe0, 0xff, 0x40, 0x48, 0xe0, 0xff,
    0x38, 0x48, 0xe0, 0xff, 0x40, 0x48, 0xe8, 0xff, 0x38, 0x48, 0xe0, 0xff,
    0x40, 0x48, 0xe8, 0xff, 0x38, 0x48, 0xe8, 0xff, 0x38, 0x48, 0xe0, 0xff,
    0x40, 0x48, 0xe0, 0xff, 0x40, 0x48, 0xe8, 0xff, 0x38, 0x48, 0xe0, 0xff,
    0x38, 0x48, 0xe0, 0xff, 0x40, 0x48, 0xe8, 0xff, 0x40, 0x48, 0xe8, 0xff,
    0x38, 0x48, 0xe0, 0xff, 0x38, 0x48, 0xe8, 0xff, 0x38, 0x44, 0xe0, 0xff,
    0x40, 0x48, 0xe0, 0xff, 0x38, 0x44, 0xe8, 0xff, 0x38, 0x44, 0xe0, 0xff,
    0x38, 0x44, 0xe0, 0xff, 0x38, 0x44, 0xe0, 0xff, 0x38, 0x44, 0xe0, 0xff,
    0x38, 0x40, 0xe0, 0xff, 0x38, 0x40, 0xe0, 0xff, 0x30, 0x40, 0xd8, 0xff,
    0x30, 0x40, 0xd8, 0xff, 0x38, 0x40, 0xe0, 0xff, 0x30, 0x40, 0xd8, 0xff,
    0x30, 0x3c, 0xd8, 0xff, 0x38, 0x40, 0xd8, 0xff, 0x30, 0x40, 0xd8, 0xff,
    0x30, 0x40, 0xd8, 0xff, 0x30, 0x40, 0xd8, 0xff, 0x30, 0x3c, 0xd8, 0xff,
    0x30, 0x3c, 0xd8, 0xff, 0x38, 0x40, 0xe0, 0xff, 0x30, 0x40, 0xd8, 0xff,
    0x38, 0x40, 0xe0, 0xff, 0x38, 0x40, 0xe0, 0xff, 0x30, 0x40, 0xd8, 0xff,
    0x30, 0x3c, 0xd8, 0xff, 0x30, 0x3c, 0xd8, 0xff, 0x30, 0x3c, 0xd8, 0xff,
    0x30, 0x40, 0xd8, 0xff, 0x38, 0x40, 0xd8, 0xff, 0x38, 0x40, 0xd8, 0xff,
    0x30, 0x3c, 0xd8, 0xff, 0x30, 0x3c, 0xd8, 0xff, 0x30, 0x38, 0xd0, 0xff,
    0x30, 0x3c, 0xd8, 0xff, 0x30, 0x3c, 0xd0, 0xff, 0x30, 0x38, 0xd0, 0xff,
    0x30, 0x40, 0xd8, 0xff, 0x30, 0x3c, 0xd8, 0xff, 0x30, 0x3c, 0xd0, 0xff,
    0x30, 0x3c, 0xd8, 0xff, 0x30, 0x3c, 0xd8, 0xff, 0x30, 0x3c, 0xd8, 0x41,
    0x38, 0x48, 0xd8, 0xff, 0x40, 0x4c, 0xe0, 0xff, 0x40, 0x4c, 0xe0, 0xff,
    0x38, 0x48, 0xe0, 0xff, 0x38, 0x48, 0xe0, 0xff, 0x38, 0x48, 0xd8, 0xff,
    0x38, 0x48, 0xe0, 0xff, 0x38, 0x44, 0xd8, 0xff, 0x38, 0x48, 0xd8, 0xff,
    0x38, 0x48, 0xe0, 0xff, 0x38, 0x48, 0xd8, 0xff, 0x40, 0x4c, 0xe0, 0xff,
    0x40, 0x4c, 0xe0, 0xff, 0x40, 0x4c, 0xe0, 0xff, 0x38, 0x48, 0xe0, 0xff,
    0x40, 0x48, 0xe0, 0xff, 0x38, 0x48, 0xd8, 0xff, 0x38, 0x48, 0xd8, 0xff,
    0x38, 0x4c, 0xe0, 0xff, 0x38, 0x4c, 0xe0, 0xff, 0x38, 0x4c, 0xe0, 0xff,
    0x40, 0x4c, 0xe8, 0xff, 0x40, 0x4c, 0xe0, 0xff, 0x38, 0x48, 0xe0, 0xff,
    0x38, 0x4c, 0xe0, 0xff, 0x38, 0x4c, 0xe0, 0xff, 0x38, 0x48, 0xd8, 0xff,
    0x38, 0x44, 0xe0, 0xff, 0x38, 0x48, 0xe0, 0xff, 0x40, 0x4c, 0xe0, 0xff,
    0x40, 0x4c, 0xe0, 0xff, 0x40, 0x4c, 0xe0, 0xff, 0x40, 0x4c, 0xe8, 0xff,
    0x40, 0x4c, 0xe0, 0xff, 0x40, 0x50, 0xe8, 0xff, 0x40, 0x4c, 0xe0, 0xff,
    0x40, 0x50, 0xe8, 0xff, 0x40, 0x50, 0xe8, 0xff, 0x40, 0x4c, 0xe8, 0xff,
    0x40, 0x4c, 0xe8, 0xff, 0x40, 0x50, 0xe8, 0xff, 0x40, 0x4c, 0xe8, 0xff,
    0x40, 0x50, 0xe8, 0xff, 0x40, 0x50, 0xe8, 0xff, 0x40, 0x50, 0xe8, 0xff,
    0x40, 0x4c, 0xe8, 0xff, 0x40, 0x4c, 0xe0, 0xff, 0x40, 0x4c, 0xe8, 0xff,
    0x40, 0x4c, 0xe0, 0xff, 0x40, 0x4c, 0xe8, 0xff, 0x40, 0x50, 0xe8, 0xff,
    0x40, 0x50, 0xe8, 0xff, 0x40, 0x50, 0xe8, 0xff, 0x40, 0x50, 0xe8, 0xff,
    0x40, 0x4c, 0xe8, 0xff, 0x40, 0x50, 0xe8, 0xff, 0x48, 0x50, 0xe8, 0xff,
    0x40, 0x50, 0xe8, 0xff, 0x48, 0x50, 0xe8, 0xff, 0x40, 0x4c, 0xe8, 0xff,
    0x40, 0x48, 0xe8, 0xff, 0x40, 0x4c, 0xe8, 0xff, 0x40, 0x4c, 0xe8, 0xff,
    0x40, 0x4c, 0xe8, 0xff, 0x40, 0x4c, 0xe8, 0xff, 0x38, 0x4c, 0xe8, 0xff,
    0x40, 0x4c, 0xe8, 0xff, 0x40, 0x4c, 0xe8, 0xff, 0x40, 0x50, 0xe8, 0xff,
    0x40, 0x4c, 0xe8, 0xff, 0x40, 0x4c, 0xe8, 0xff, 0x40, 0x4c, 0xe8, 0xff,
    0x40, 0x4c, 0xe8, 0xff, 0x40, 0x4c, 0xe8, 0xff, 0x40, 0x4c, 0xe8, 0xff,
    0x40, 0x50, 0xe8, 0xff, 0x40, 0x50, 0xe8, 0xff, 0x40, 0x50, 0xf0, 0xff,
    0x40, 0x50, 0xf0, 0xff, 0x40, 0x50, 0xf0, 0xff, 0x40, 0x50, 0xf0, 0xff,
    0x40, 0x4c, 0xe8, 0xff, 0x40, 0x50, 0xe8, 0xff, 0x48, 0x50, 0xf0, 0xff,
    0x48, 0x50, 0xf0, 0xff, 0x40, 0x50, 0xf0, 0xff, 0x40, 0x50, 0xf0, 0xff,
    0x40, 0x50, 0xe8, 0xff, 0x40, 0x50, 0xe8, 0xff, 0x40, 0x50, 0xe8, 0xff,
    0x40, 0x50, 0xe8, 0xff, 0x40, 0x4c, 0xe8, 0xff, 0x40, 0x48, 0xe0, 0xff,
    0x38, 0x48, 0xe0, 0xff, 0x40, 0x4c, 0xe8, 0xff, 0x40, 0x50, 0xe8, 0xff,
    0x40, 0x4c, 0xe8, 0xff, 0x40, 0x4c, 0xe8, 0xff, 0x40, 0x4c, 0xe8, 0xff,
    0x40, 0x50, 0xe8, 0xff, 0x40, 0x4c, 0xe8, 0xff, 0x40, 0x4c, 0xe8, 0xff,
    0x40, 0x4c, 0xe0, 0xff, 0x40, 0x50, 0xe8, 0xff, 0x40, 0x50, 0xe8, 0xff,
    0x40, 0x4c, 0xe8, 0xff, 0x40, 0x4c, 0xe8, 0xff, 0x40, 0x50, 0xe8, 0xff,
    0x40, 0x4c, 0xe8, 0xff, 0x40, 0x4c, 0xe0, 0xff, 0x40, 0x4c, 0xe0, 0xff,
    0x40, 0x4c, 0xe8, 0xff, 0x40, 0x48, 0xe8, 0xff, 0x38, 0x48, 0xe8, 0xff,
    0x38, 0x48, 0xe0, 0xff, 0x40, 0x48, 0xe0, 0xff, 0x40, 0x4c, 0xe8, 0xff,
    0x40, 0x48, 0xe8, 0xff, 0x38, 0x48, 0xe0, 0xff, 0x40, 0x4c, 0xe8, 0xff,
    0x40, 0x4c, 0xe8, 0xff, 0x38, 0x48, 0xe8, 0xff, 0x40, 0x48, 0xe8, 0xff,
    0x38, 0x48, 0xe0, 0xff, 0x38, 0x48, 0xe0, 0xff, 0x38, 0x48, 0xe8, 0xff,
    0x38, 0x44, 0xe0, 0xff, 0x38, 0x44, 0xe0, 0xff, 0x38, 0x44, 0xe0, 0xff,
    0x38, 0x44, 0xe0, 0xff, 0x38, 0x48, 0xe0, 0xff, 0x40, 0x48, 0xe0, 0xff,
    0x40, 0x48, 0xe8, 0xff, 0x38, 0x48, 0xe0, 0xff, 0x38, 0x44, 0xe0, 0xff,
    0x38, 0x44, 0xe0, 0xff, 0x38, 0x44, 0xe0, 0xff, 0x38, 0x44, 0xe0, 0xff,
    0x30, 0x40, 0xd8, 0xff, 0x30, 0x40, 0xd8, 0xff, 0x38, 0x40, 0xe0, 0xff,
    0x30, 0x40, 0xd8, 0xff, 0x30, 0x3c, 0xd8, 0xff, 0x30, 0x3c, 0xe0, 0xff,
    0x30, 0x40, 0xd8, 0xff, 0x38, 0x40, 0xd8, 0xff, 0x38, 0x40, 0xe0, 0xff,
    0x30, 0x40, 0xd8, 0xff, 0x38, 0x40, 0xe0, 0xff, 0x30, 0x3c, 0xd8, 0xff,
    0x30, 0x40, 0xd8, 0xff, 0x30, 0x40, 0xd8, 0xff, 0x38, 0x40, 0xe0, 0xff,
    0x30, 0x40, 0xd8, 0xff, 0x38, 0x40, 0xd8, 0xff, 0x38, 0x40, 0xe0, 0xff,
    0x30, 0x3c, 0xd8, 0xff, 0x30, 0x40, 0xd8, 0xff, 0x30, 0x40, 0xd8, 0xff,
    0x30, 0x40, 0xd8, 0xff, 0x30, 0x38, 0xd8, 0xff, 0x30, 0x3c, 0xd0, 0xff,
    0x28, 0x38, 0xd0, 0xff, 0x30, 0x3c, 0xd0, 0xff, 0x30, 0x3c, 0xd8, 0xff,
    0x30, 0x38, 0xd0, 0xff, 0x30, 0x40, 0xd8, 0xff, 0x30, 0x40, 0xd8, 0xff,
    0x38, 0x40, 0xd8, 0xff, 0x38, 0x40, 0xd8, 0xff, 0x30, 0x3c, 0xd8, 0xff,
    0x30, 0x3c, 0xd8, 0x41, 0x38, 0x48, 0xd8, 0xff, 0x40, 0x4c, 0xe0, 0xff,
    0x40, 0x4c, 0xe0, 0xff, 0x38, 0x48, 0xe0, 0xff, 0x38, 0x48, 0xd8, 0xff,
    0x38, 0x48, 0xd8, 0xff, 0x38, 0x48, 0xe0, 0xff, 0x38, 0x44, 0xd8, 0xff,
    0x38, 0x48, 0xd8, 0xff, 0x38, 0x48, 0xe0, 0xff, 0x40, 0x48, 0xe0, 0xff,
    0x38, 0x48, 0xe0, 0xff, 0x38, 0x48, 0xe0, 0xff, 0x40, 0x4c, 0xe0, 0xff,
    0x40, 0x4c, 0xe0, 0xff, 0x38, 0x48, 0xe0, 0xff, 0x38, 0x48, 0xe0, 0xff,
    0x40, 0x48, 0xe0, 0xff, 0x40, 0x48, 0xe0, 0xff, 0x38, 0x48, 0xe0, 0xff,
    0x38, 0x48, 0xe0, 0xff, 0x38, 0x48, 0xe0, 0xff, 0x38, 0x48, 0xe0, 0xff,
    0x38, 0x48, 0xe0, 0xff, 0x38, 0x48, 0xe0, 0xff, 0x40, 0x48, 0xe0, 0xff,
    0x40, 0x48, 0xe0, 0xff, 0x38, 0x4c, 0xe0, 0xff, 0x40, 0x4c, 0xe0, 0xff,
    0x38, 0x48, 0xe0, 0xff, 0x40, 0x4c, 0xe0, 0xff, 0x40, 0x4c, 0xe0, 0xff,
    0x38, 0x4c, 0xe0, 0xff, 0x40, 0x4c, 0xe8, 0xff, 0x40, 0x4c, 0xe0, 0xff,
    0x40, 0x4c, 0xe0, 0xff, 0x40, 0x50, 0xe8, 0xff, 0x40, 0x4c, 0xe8, 0xff,
    0x40, 0x4c, 0xe0, 0xff, 0x40, 0x50, 0xe8, 0xff, 0x40, 0x50, 0xe8, 0xff,
    0x40, 0x4c, 0xe8, 0xff, 0x40, 0x50, 0xe8, 0xff, 0x40, 0x50, 0xe8, 0xff,
    0x40, 0x50, 0xe8, 0xff, 0x40, 0x50, 0xe8, 0xff, 0x40, 0x4c, 0xe8, 0xff,
    0x38, 0x48, 0xe0, 0xff, 0x40, 0x4c, 0xe0, 0xff, 0x40, 0x4c, 0xe0, 0xff,
    0x40, 0x4c, 0xe8, 0xff, 0x40, 0x4c, 0xe8, 0xff, 0x48, 0x50, 0xe8, 0xff,
    0x40, 0x50, 0xe8, 0xff, 0x48, 0x50, 0xe8, 0xff, 0x40, 0x50, 0xe8, 0xff,
    0x40, 0x50, 0xe8, 0xff, 0x40, 0x4c, 0xe8, 0xff, 0x40, 0x50, 0xe8, 0xff,
    0x40, 0x50, 0xe8, 0xff, 0x40, 0x4c, 0xe8, 0xff, 0x40, 0x50, 0xe0, 0xff,
    0x40, 0x4c, 0xe8, 0xff, 0x40, 0x4c, 0xe8, 0xff, 0x40, 0x4c, 0xe8, 0xff,
    0x40, 0x4c, 0xe8, 0xff, 0x40, 0x4c, 0xe8, 0xff, 0x40, 0x50, 0xe8, 0xff,
    0x40, 0x4c, 0xe8, 0xff, 0x40, 0x50, 0xe8, 0xff, 0x40, 0x50, 0xe8, 0xff,
    0x40, 0x50, 0xe8, 0xff, 0x40, 0x50, 0xe8, 0xff, 0x40, 0x50, 0xe8, 0xff,
    0x40, 0x50, 0xe8, 0xff, 0x40, 0x50, 0xe8, 0xff, 0x40, 0x50, 0xe8, 0xff,
    0x40, 0x50, 0xf0, 0xff, 0x40, 0x50, 0xe8, 0xff, 0x40, 0x54, 0xe8, 0xff,
    0x40, 0x54, 0xf0, 0xff, 0x40, 0x50, 0xe8, 0xff, 0x40, 0x50, 0xe8, 0xff,
    0x48, 0x54, 0xf0, 0xff, 0x48, 0x54, 0xf0, 0xff, 0x48, 0x54, 0xf0, 0xff,
    0x48, 0x54, 0xe8, 0xff, 0x40, 0x50, 0xe8, 0xff, 0x40, 0x4c, 0xe8, 0xff,
    0x48, 0x50, 0xe8, 0xff, 0x48, 0x50, 0xe8, 0xff, 0x40, 0x50, 0xe8, 0xff,
    0x40, 0x50, 0xe8, 0xff, 0x40, 0x50, 0xe8, 0xff, 0x40, 0x4c, 0xe8, 0xff,
    0x40, 0x50, 0xe8, 0xff, 0x40, 0x4c, 0xe8, 0xff, 0x40, 0x48, 0xe8, 0xff,
    0x40, 0x4c, 0xe8, 0xff, 0x40, 0x4c, 0xe8, 0xff, 0x40, 0x4c, 0xe8, 0xff,
    0x40, 0x4c, 0xe8, 0xff, 0x40, 0x4c, 0xe8, 0xff, 0x40, 0x4c, 0xe8, 0xff,
    0x40, 0x4c, 0xe8, 0xff, 0x40, 0x4c, 0xe8, 0xff, 0x40, 0x4c, 0xe8, 0xff,
    0x40, 0x4c, 0xe0, 0xff, 0x40, 0x4c, 0xe8, 0xff, 0x40, 0x4c, 0xe8, 0xff,
    0x40, 0x4c, 0xe8, 0xff, 0x38, 0x48, 0xe0, 0xff, 0x38, 0x48, 0xe0, 0xff,
    0x40, 0x48, 0xe0, 0xff, 0x40, 0x48, 0xe8, 0xff, 0x38, 0x48, 0xe0, 0xff,
    0x40, 0x48, 0xe0, 0xff, 0x40, 0x48, 0xe8, 0xff, 0x40, 0x48, 0xe0, 0xff,
    0x38, 0x48, 0xe0, 0xff, 0x40, 0x48, 0xe0, 0xff, 0x38, 0x48, 0xe0, 0xff,
    0x40, 0x48, 0xe0, 0xff, 0x38, 0x48, 0xe0, 0xff, 0x38, 0x44, 0xe0, 0xff,
    0x38, 0x44, 0xe0, 0xff, 0x38, 0x44, 0xe0, 0xff, 0x38, 0x44, 0xe0, 0xff,
    0x40, 0x48, 0xe0, 0xff, 0x38, 0x44, 0xe0, 0xff, 0x38, 0x44, 0xe0, 0xff,
    0x38, 0x44, 0xe0, 0xff, 0x38, 0x44, 0xe0, 0xff, 0x38, 0x44, 0xe0, 0xff,
    0x38, 0x44, 0xe0, 0xff, 0x38, 0x44, 0xe0, 0xff, 0x30, 0x40, 0xe0, 0xff,
    0x38, 0x40, 0xd8, 0xff, 0x38, 0x40, 0xd8, 0xff, 0x30, 0x3c, 0xd8, 0xff,
    0x30, 0x40, 0xd8, 0xff, 0x38, 0x40, 0xd8, 0xff, 0x30, 0x40, 0xd8, 0xff,
    0x30, 0x3c, 0xd8, 0xff, 0x38, 0x40, 0xd8, 0xff, 0x38, 0x40, 0xd8, 0xff,
    0x30, 0x40, 0xd8, 0xff, 0x30, 0x40, 0xd8, 0xff, 0x30, 0x40, 0xd8, 0xff,
    0x38, 0x40, 0xd8, 0xff, 0x30, 0x40, 0xd8, 0xff, 0x30, 0x3c, 0xd8, 0xff,
    0x30, 0x3c, 0xd8, 0xff, 0x30, 0x3c, 0xd8, 0xff, 0x30, 0x40, 0xd8, 0xff,
    0x38, 0x40, 0xd8, 0xff, 0x38, 0x40, 0xd8, 0xff, 0x30, 0x3c, 0xd8, 0xff,
    0x38, 0x40, 0xd8, 0xff, 0x30, 0x3c, 0xd8, 0xff, 0x30, 0x3c, 0xd8, 0xff,
    0x30, 0x3c, 0xd8, 0xff, 0x30, 0x3c, 0xd8, 0xff, 0x30, 0x3c, 0xd8, 0xff,
    0x30, 0x3c, 0xd8, 0xff, 0x30, 0x3c, 0xd8, 0xff, 0x30, 0x3c, 0xd8, 0xff,
    0x30, 0x3c, 0xd8, 0xff, 0x30, 0x40, 0xd8, 0xff, 0x38, 0x40, 0xd8, 0xff,
    0x30, 0x40, 0xd8, 0xff, 0x30, 0x3c, 0xd8, 0x41, 0x38, 0x44, 0xd8, 0xff,
    0x38, 0x48, 0xe0, 0xff, 0x40, 0x50, 0xe0, 0xff, 0x40, 0x50, 0xe0, 0xff,
    0x40, 0x4c, 0xe0, 0xff, 0x40, 0x48, 0xe0, 0xff, 0x38, 0x48, 0xd8, 0xff,
    0x38, 0x44, 0xd8, 0xff, 0x38, 0x48, 0xd8, 0xff, 0x38, 0x48, 0xe0, 0xff,
    0x40, 0x4c, 0xe0, 0xff, 0x40, 0x48, 0xe0, 0xff, 0x38, 0x4c, 0xe0, 0xff,
    0x38, 0x48, 0xd8, 0xff, 0x40, 0x48, 0xe0, 0xff, 0x38, 0x4c, 0xe0, 0xff,
    0x38, 0x48, 0xd8, 0xff, 0x40, 0x48, 0xe0, 0xff, 0x40, 0x4c, 0xe0, 0xff,
    0x40, 0x4c, 0xe0, 0xff, 0x40, 0x4c, 0xe0, 0xff, 0x38, 0x48, 0xd8, 0xff,
    0x38, 0x48, 0xd8, 0xff, 0x40, 0x4c, 0xe0, 0xff, 0x38, 0x48, 0xe0, 0xff,
    0x40, 0x4c, 0xe0, 0xff, 0x40, 0x4c, 0xe0, 0xff, 0x40, 0x4c, 0xe0, 0xff,
    0x40, 0x4c, 0xe0, 0xff, 0x38, 0x4c, 0xe0, 0xff, 0x40, 0x4c, 0xe0, 0xff,
    0x38, 0x48, 0xe0, 0xff, 0x40, 0x4c, 0xe0, 0xff, 0x40, 0x50, 0xe8, 0xff,
    0x40, 0x4c, 0xe0, 0xff, 0x40, 0x50, 0xe8, 0xff, 0x40, 0x4c, 0xe8, 0xff,
    0x40, 0x50, 0xe8, 0xff, 0x48, 0x50, 0xe8, 0xff, 0x40, 0x50, 0xe8, 0xff,
    0x40, 0x50, 0xe8, 0xff, 0x40, 0x4c, 0xe0, 0xff, 0x48, 0x50, 0xe8, 0xff,
    0x48, 0x50, 0xe8, 0xff, 0x48, 0x50, 0xe8, 0xff, 0x48, 0x50, 0xe8, 0xff,
    0x40, 0x50, 0xe8, 0xff, 0x40, 0x4c, 0xe0, 0xff, 0x40, 0x4c, 0xe8, 0xff,
    0x40, 0x4c, 0xe8, 0xff, 0x40, 0x50, 0xe8, 0xff, 0x48, 0x50, 0xe8, 0xff,
    0x40, 0x50, 0xe8, 0xff, 0x40, 0x50, 0xe8, 0xff, 0x48, 0x54, 0xe8, 0xff,
    0x40, 0x4c, 0xe8, 0xff, 0x40, 0x4c, 0xe8, 0xff, 0x40, 0x50, 0xe8, 0xff,
    0x48, 0x54, 0xf0, 0xff, 0x40, 0x50, 0xe8, 0xff, 0x40, 0x50, 0xe8, 0xff,
    0x40, 0x50, 0xe8, 0xff, 0x40, 0x50, 0xe8, 0xff, 0x40, 0x50, 0xe8, 0xff,
    0x40, 0x50, 0xe8, 0xff, 0x40, 0x50, 0xe8, 0xff, 0x40, 0x50, 0xe8, 0xff,
    0x40, 0x4c, 0xe8, 0xff, 0x40, 0x50, 0xe8, 0xff, 0x40, 0x50, 0xe8, 0xff,
    0x40, 0x50, 0xe8, 0xff, 0x48, 0x50, 0xe8, 0xff, 0x40, 0x50, 0xe8, 0xff,
    0x40, 0x50, 0xe8, 0xff, 0x40, 0x50, 0xe8, 0xff, 0x40, 0x50, 0xe8, 0xff,
    0x48, 0x50, 0xf0, 0xff, 0x48, 0x54, 0xf0, 0xff, 0x48, 0x50, 0xf0, 0xff,
    0x40, 0x54, 0xe8, 0xff, 0x40, 0x50, 0xf0, 0xff, 0x48, 0x54, 0xf0, 0xff,
    0x40, 0x54, 0xf0, 0xff, 0x40, 0x54, 0xf0, 0xff, 0x40, 0x54, 0xf0, 0xff,
    0x48, 0x58, 0xf0, 0xff, 0x48, 0x54, 0xf0, 0xff, 0x48, 0x54, 0xf0, 0xff,
    0x48, 0x54, 0xf0, 0xff, 0x48, 0x54, 0xe8, 0xff, 0x48, 0x54, 0xf0, 0xff,
    0x48, 0x54, 0xf0, 0xff, 0x48, 0x54, 0xf0, 0xff, 0x40, 0x54, 0xf0, 0xff,
    0x48, 0x54, 0xe8, 0xff, 0x48, 0x54, 0xf0, 0xff, 0x48, 0x50, 0xe8, 0xff,
    0x40, 0x50, 0xe8, 0xff, 0x40, 0x4c, 0xe8, 0xff, 0x40, 0x4c, 0xe8, 0xff,
    0x40, 0x48, 0xe0, 0xff, 0x40, 0x4c, 0xe8, 0xff, 0x40, 0x4c, 0xe8, 0xff,
    0x40, 0x4c, 0xe8, 0xff, 0x40, 0x4c, 0xe0, 0xff, 0x40, 0x4c, 0xe0, 0xff,
    0x40, 0x4c, 0xe8, 0xff, 0x40, 0x4c, 0xe8, 0xff, 0x48, 0x50, 0xe8, 0xff,
    0x40, 0x50, 0xe8, 0xff, 0x40, 0x50, 0xe8, 0xff, 0x40, 0x48, 0xe0, 0xff,
    0x38, 0x48, 0xe0, 0xff, 0x40, 0x48, 0xe0, 0xff, 0x40, 0x4c, 0xe8, 0xff,
    0x38, 0x48, 0xe0, 0xff, 0x38, 0x48, 0xe0, 0xff, 0x40, 0x48, 0xe0, 0xff,
    0x38, 0x48, 0xe8, 0xff, 0x40, 0x48, 0xe0, 0xff, 0x40, 0x48, 0xe0, 0xff,
    0x38, 0x48, 0xe0, 0xff, 0x38, 0x48, 0xe0, 0xff, 0x38, 0x44, 0xe0, 0xff,
    0x40, 0x44, 0xe8, 0xff, 0x38, 0x44, 0xe0, 0xff, 0x38, 0x48, 0xe0, 0xff,
    0x38, 0x44, 0xe0, 0xff, 0x38, 0x44, 0xe0, 0xff, 0x38, 0x44, 0xe0, 0xff,
    0x38, 0x48, 0xe0, 0xff, 0x38, 0x44, 0xe8, 0xff, 0x38, 0x48, 0xe0, 0xff,
    0x38, 0x44, 0xe0, 0xff, 0x38, 0x40, 0xe0, 0xff, 0x38, 0x44, 0xe0, 0xff,
    0x30, 0x3c, 0xd8, 0xff, 0x30, 0x40, 0xd8, 0xff, 0x30, 0x40, 0xd8, 0xff,
    0x30, 0x3c, 0xd8, 0xff, 0x30, 0x3c, 0xd8, 0xff, 0x38, 0x40, 0xe0, 0xff,
    0x30, 0x40, 0xd8, 0xff, 0x38, 0x40, 0xd8, 0xff, 0x38, 0x40, 0xe0, 0xff,
    0x30, 0x40, 0xd8, 0xff, 0x30, 0x40, 0xd8, 0xff, 0x38, 0x3c, 0xd8, 0xff,
    0x38, 0x40, 0xd8, 0xff, 0x38, 0x40, 0xe0, 0xff, 0x38, 0x40, 0xe0, 0xff,
    0x30, 0x40, 0xd8, 0xff, 0x30, 0x40, 0xd8, 0xff, 0x30, 0x3c, 0xd8, 0xff,
    0x30, 0x38, 0xd8, 0xff, 0x30, 0x40, 0xd8, 0xff, 0x30, 0x3c, 0xd8, 0xff,
    0x30, 0x3c, 0xd8, 0xff, 0x38, 0x40, 0xd8, 0xff, 0x30, 0x3c, 0xd8, 0xff,
    0x30, 0x40, 0xd8, 0xff, 0x30, 0x3c, 0xd8, 0xff, 0x30, 0x40, 0xd8, 0xff,
    0x30, 0x3c, 0xd0, 0xff, 0x30, 0x3c, 0xd8, 0xff, 0x28, 0x38, 0xd0, 0xff,
    0x30, 0x3c, 0xd0, 0xff, 0x30, 0x3c, 0xd8, 0xff, 0x30, 0x40, 0xd8, 0xff,
    0x38, 0x40, 0xd8, 0xff, 0x30, 0x40, 0xd8, 0xff, 0x30, 0x40, 0xd8, 0x41,
    0x30, 0x44, 0xd0, 0xff, 0x38, 0x48, 0xd8, 0xff, 0x38, 0x48, 0xe0, 0xff,
    0x40, 0x4c, 0xe0, 0xff, 0x40, 0x4c, 0xe0, 0xff, 0x38, 0x4c, 0xe0, 0xff,
    0x38, 0x48, 0xd8, 0xff, 0x38, 0x48, 0xd8, 0xff, 0x38, 0x48, 0xd8, 0xff,
    0x38, 0x48, 0xd8, 0xff, 0x40, 0x48, 0xe0, 0xff, 0x40, 0x4c, 0xd8, 0xff,
    0x38, 0x4c, 0xe0, 0xff, 0x40, 0x48, 0xe0, 0xff, 0x40, 0x4c, 0xd8, 0xff,
    0x38, 0x48, 0xd8, 0xff, 0x38, 0x48, 0xd8, 0xff, 0x38, 0x48, 0xe0, 0xff,
    0x38, 0x48, 0xd8, 0xff, 0x38, 0x48, 0xd8, 0xff, 0x40, 0x4c, 0xe0, 0xff,
    0x38, 0x48, 0xe0, 0xff, 0x40, 0x4c, 0xe0, 0xff, 0x40, 0x48, 0xe0, 0xff,
    0x40, 0x4c, 0xe0, 0xff, 0x40, 0x4c, 0xe0, 0xff, 0x38, 0x4c, 0xe0, 0xff,
    0x40, 0x4c, 0xe0, 0xff, 0x40, 0x4c, 0xe0, 0xff, 0x40, 0x4c, 0xe0, 0xff,
    0x40, 0x4c, 0xe8, 0xff, 0x40, 0x4c, 0xe8, 0xff, 0x40, 0x4c, 0xe0, 0xff,
    0x40, 0x4c, 0xe0, 0xff, 0x38, 0x4c, 0xe0, 0xff, 0x40, 0x4c, 0xe0, 0xff,
    0x40, 0x50, 0xe8, 0xff, 0x40, 0x50, 0xe0, 0xff, 0x40, 0x50, 0xe8, 0xff,
    0x48, 0x50, 0xe8, 0xff, 0x48, 0x54, 0xe8, 0xff, 0x48, 0x50, 0xe8, 0xff,
    0x48, 0x54, 0xe8, 0xff, 0x48, 0x54, 0xe8, 0xff, 0x48, 0x54, 0xe8, 0xff,
    0x48, 0x54, 0xe8, 0xff, 0x48, 0x54, 0xe8, 0xff, 0x40, 0x4c, 0xe8, 0xff,
    0x40, 0x50, 0xe8, 0xff, 0x40, 0x50, 0xe0, 0xff, 0x48, 0x54, 0xe8, 0xff,
    0x48, 0x54, 0xe8, 0xff, 0x48, 0x54, 0xe8, 0xff, 0x40, 0x50, 0xe8, 0xff,
    0x48, 0x50, 0xe8, 0xff, 0x40, 0x50, 0xe8, 0xff, 0x48, 0x54, 0xe8, 0xff,
    0x48, 0x54, 0xe8, 0xff, 0x48, 0x58, 0xf0, 0xff, 0x48, 0x58, 0xf0, 0xff,
    0x48, 0x54, 0xe8, 0xff, 0x40, 0x50, 0xe8, 0xff, 0x40, 0x50, 0xe8, 0xff,
    0x40, 0x50, 0xe8, 0xff, 0x40, 0x50, 0xe8, 0xff, 0x40, 0x50, 0xe8, 0xff,
    0x40, 0x50, 0xe8, 0xff, 0x40, 0x50, 0xf0, 0xff, 0x48, 0x54, 0xf0, 0xff,
    0x48, 0x54, 0xf0, 0xff, 0x48, 0x50, 0xe8, 0xff, 0x48, 0x54, 0xf0, 0xff,
    0x40, 0x50, 0xe8, 0xff, 0x48, 0x50, 0xe8, 0xff, 0x48, 0x50, 0xe8, 0xff,
    0x48, 0x54, 0xf0, 0xff, 0x40, 0x54, 0xe8, 0xff, 0x48, 0x54, 0xf0, 0xff,
    0x48, 0x54, 0xf0, 0xff, 0x48, 0x54, 0xf0, 0xff, 0x48, 0x54, 0xe8, 0xff,
    0x48, 0x54, 0xf0, 0xff, 0x48, 0x54, 0xe8, 0xff, 0x48, 0x54, 0xe8, 0xff,
    0x48, 0x54, 0xf0, 0xff, 0x48, 0x58, 0xf0, 0xff, 0x50, 0x5c, 0xf8, 0xff,
    0x48, 0x58, 0xf0, 0xff, 0x40, 0x50, 0xe8, 0xff, 0x40, 0x50, 0xe8, 0xff,
    0x40, 0x50, 0xe8, 0xff, 0x40, 0x50, 0xe8, 0xff, 0x48, 0x54, 0xf0, 0xff,
    0x48, 0x54, 0xf0, 0xff, 0x48, 0x54, 0xe8, 0xff, 0x48, 0x54, 0xf0, 0xff,
    0x40, 0x50, 0xe8, 0xff, 0x48, 0x54, 0xf0, 0xff, 0x40, 0x4c, 0xe8, 0xff,
    0x40, 0x4c, 0xe8, 0xff, 0x40, 0x4c, 0xe0, 0xff, 0x40, 0x48, 0xe0, 0xff,
    0x40, 0x4c, 0xe0, 0xff, 0x40, 0x48, 0xe0, 0xff, 0x40, 0x4c, 0xe8, 0xff,
    0x40, 0x4c, 0xe8, 0xff, 0x40, 0x4c, 0xe8, 0xff, 0x40, 0x4c, 0xe8, 0xff,
    0x40, 0x50, 0xe8, 0xff, 0x40, 0x4c, 0xe8, 0xff, 0x40, 0x4c, 0xe8, 0xff,
    0x40, 0x4c, 0xe8, 0xff, 0x40, 0x48, 0xe0, 0xff, 0x40, 0x4c, 0xe8, 0xff,
    0x40, 0x48, 0xe0, 0xff, 0x40, 0x4c, 0xe8, 0xff, 0x40, 0x4c, 0xe8, 0xff,
    0x38, 0x48, 0xe0, 0xff, 0x40, 0x48, 0xe0, 0xff, 0x40, 0x4c, 0xe8, 0xff,
    0x38, 0x48, 0xe0, 0xff, 0x38, 0x48, 0xe0, 0xff, 0x40, 0x48, 0xe0, 0xff,
    0x38, 0x48, 0xe0, 0xff, 0x38, 0x44, 0xe0, 0xff, 0x38, 0x44, 0xe0, 0xff,
    0x40, 0x48, 0xe0, 0xff, 0x38, 0x48, 0xe0, 0xff, 0x38, 0x44, 0xe0, 0xff,
    0x38, 0x44, 0xe0, 0xff, 0x38, 0x44, 0xe0, 0xff, 0x38, 0x44, 0xe0, 0xff,
    0x38, 0x44, 0xe0, 0xff, 0x38, 0x44, 0xe0, 0xff, 0x38, 0x44, 0xe0, 0xff,
    0x38, 0x40, 0xe0, 0xff, 0x38, 0x40, 0xe0, 0xff, 0x38, 0x40, 0xd8, 0xff,
    0x38, 0x44, 0xe0, 0xff, 0x38, 0x40, 0xd8, 0xff, 0x30, 0x3c, 0xd8, 0xff,
    0x30, 0x3c, 0xd8, 0xff, 0x30, 0x3c, 0xd8, 0xff, 0x30, 0x3c, 0xd8, 0xff,
    0x30, 0x3c, 0xd8, 0xff, 0x30, 0x40, 0xd8, 0xff, 0x38, 0x40, 0xe0, 0xff,
    0x30, 0x3c, 0xd8, 0xff, 0x30, 0x40, 0xe0, 0xff, 0x30, 0x38, 0xd8, 0xff,
    0x30, 0x3c, 0xd8, 0xff, 0x30, 0x3c, 0xd8, 0xff, 0x30, 0x3c, 0xd8, 0xff,
    0x30, 0x3c, 0xd8, 0xff, 0x30, 0x3c, 0xd8, 0xff, 0x30, 0x40, 0xd8, 0xff,
    0x30, 0x40, 0xd8, 0xff, 0x38, 0x40, 0xd8, 0xff, 0x30, 0x40, 0xd8, 0xff,
    0x30, 0x3c, 0xd8, 0xff, 0x30, 0x3c, 0xd0, 0xff, 0x30, 0x3c, 0xd0, 0xff,
    0x28, 0x38, 0xd0, 0xff, 0x30, 0x3c, 0xd0, 0xff, 0x30, 0x3c, 0xd8, 0xff,
    0x30, 0x3c, 0xd8, 0xff, 0x30, 0x3c, 0xd8, 0xff, 0x30, 0x3c, 0xd8, 0xff,
    0x30, 0x3c, 0xd8, 0xff, 0x30, 0x40, 0xd8, 0xff, 0x30, 0x40, 0xd0, 0xff,
    0x30, 0x40, 0xd0, 0x41, 0x38, 0x44, 0xd8, 0xff, 0x38, 0x44, 0xd8, 0xff,
    0x38, 0x44, 0xd8, 0xff, 0x38, 0x48, 0xe0, 0xff, 0x38, 0x48, 0xe0, 0xff,
    0x38, 0x48, 0xe0, 0xff, 0x38, 0x48, 0xd8, 0xff, 0x38, 0x48, 0xd8, 0xff,
    0x38, 0x48, 0xd8, 0xff, 0x38, 0x48, 0xe0, 0xff, 0x38, 0x48, 0xe0, 0xff,
    0x38, 0x4c, 0xd8, 0xff, 0x38, 0x48, 0xd8, 0xff, 0x38, 0x48, 0xd8, 0xff,
    0x38, 0x48, 0xe0, 0xff, 0x38, 0x48, 0xe0, 0xff, 0x38, 0x48, 0xd8, 0xff,
    0x40, 0x48, 0xe0, 0xff, 0x38, 0x48, 0xd8, 0xff, 0x38, 0x48, 0xe0, 0xff,
    0x40, 0x4c, 0xe0, 0xff, 0x38, 0x48, 0xe0, 0xff, 0x40, 0x4c, 0xe0, 0xff,
    0x38, 0x48, 0xd8, 0xff, 0x40, 0x4c, 0xe0, 0xff, 0x40, 0x4c, 0xe0, 0xff,
    0x38, 0x4c, 0xe0, 0xff, 0x40, 0x4c, 0xe0, 0xff, 0x40, 0x4c, 0xe0, 0xff,
    0x38, 0x4c, 0xe0, 0xff, 0x40, 0x4c, 0xe0, 0xff, 0x38, 0x4c, 0xe0, 0xff,
    0x38, 0x48, 0xe0, 0xff, 0x40, 0x4c, 0xe0, 0xff, 0x40, 0x4c, 0xe0, 0xff,
    0x40, 0x50, 0xe8, 0xff, 0x40, 0x50, 0xe8, 0xff, 0x40, 0x50, 0xe8, 0xff,
    0x48, 0x50, 0xe8, 0xff, 0x40, 0x54, 0xe8, 0xff, 0x40, 0x50, 0xe8, 0xff,
    0x48, 0x54, 0xe8, 0xff, 0x40, 0x54, 0xe8, 0xff, 0x40, 0x54, 0xe8, 0xff,
    0x40, 0x50, 0xe8, 0xff, 0x48, 0x50, 0xe8, 0xff, 0x48, 0x54, 0xe8, 0xff,
    0x40, 0x50, 0xe8, 0xff, 0x40, 0x50, 0xe8, 0xff, 0x48, 0x50, 0xe8, 0xff,
    0x48, 0x54, 0xe8, 0xff, 0x48, 0x54, 0xe8, 0xff, 0x48, 0x54, 0xe8, 0xff,
    0x40, 0x50, 0xe8, 0xff, 0x48, 0x50, 0xe8, 0xff, 0x40, 0x50, 0xe8, 0xff,
    0x48, 0x54, 0xe8, 0xff, 0x48, 0x54, 0xe8, 0xff, 0x48, 0x54, 0xe8, 0xff,
    0x48, 0x54, 0xe8, 0xff, 0x48, 0x54, 0xe8, 0xff, 0x48, 0x50, 0xe8, 0xff,
    0x40, 0x50, 0xf0, 0xff, 0x40, 0x50, 0xe8, 0xff, 0x48, 0x50, 0xe8, 0xff,
    0x48, 0x54, 0xf0, 0xff, 0x48, 0x54, 0xf0, 0xff, 0x48, 0x50, 0xe8, 0xff,
    0x48, 0x54, 0xf0, 0xff, 0x40, 0x54, 0xe8, 0xff, 0x40, 0x50, 0xe8, 0xff,
    0x48, 0x50, 0xf0, 0xff, 0x48, 0x50, 0xe8, 0xff, 0x40, 0x50, 0xe8, 0xff,
    0x40, 0x50, 0xe8, 0xff, 0x48, 0x54, 0xf0, 0xff, 0x48, 0x54, 0xe8, 0xff,
    0x48, 0x54, 0xf0, 0xff, 0x48, 0x58, 0xf0, 0xff, 0x48, 0x54, 0xf0, 0xff,
    0x48, 0x54, 0xe8, 0xff, 0x48, 0x54, 0xf0, 0xff, 0x48, 0x54, 0xf0, 0xff,
    0x48, 0x54, 0xf0, 0xff, 0x48, 0x54, 0xe8, 0xff, 0x40, 0x50, 0xe8, 0xff,
    0x48, 0x58, 0xf0, 0xff, 0x48, 0x58, 0xf0, 0xff, 0x48, 0x54, 0xf0, 0xff,
    0x48, 0x54, 0xe8, 0xff, 0x40, 0x50, 0xe8, 0xff, 0x48, 0x50, 0xe8, 0xff,
    0x48, 0x54, 0xe8, 0xff, 0x48, 0x54, 0xf0, 0xff, 0x40, 0x50, 0xe8, 0xff,
    0x48, 0x54, 0xf0, 0xff, 0x48, 0x54, 0xf0, 0xff, 0x48, 0x54, 0xe8, 0xff,
    0x48, 0x50, 0xe8, 0xff, 0x40, 0x4c, 0xe8, 0xff, 0x40, 0x48, 0xe0, 0xff,
    0x40, 0x4c, 0xe8, 0xff, 0x40, 0x4c, 0xe8, 0xff, 0x40, 0x4c, 0xe8, 0xff,
    0x40, 0x4c, 0xe8, 0xff, 0x40, 0x4c, 0xe8, 0xff, 0x40, 0x4c, 0xe0, 0xff,
    0x40, 0x4c, 0xe8, 0xff, 0x48, 0x50, 0xe8, 0xff, 0x40, 0x50, 0xe8, 0xff,
    0x40, 0x4c, 0xe8, 0xff, 0x40, 0x48, 0xe0, 0xff, 0x38, 0x48, 0xe8, 0xff,
    0x40, 0x4c, 0xe8, 0xff, 0x40, 0x4c, 0xe8, 0xff, 0x38, 0x48, 0xe0, 0xff,
    0x40, 0x48, 0xe0, 0xff, 0x40, 0x48, 0xe8, 0xff, 0x38, 0x48, 0xe0, 0xff,
    0x38, 0x48, 0xe0, 0xff, 0x40, 0x48, 0xe8, 0xff, 0x40, 0x4c, 0xe8, 0xff,
    0x40, 0x48, 0xe0, 0xff, 0x38, 0x48, 0xe0, 0xff, 0x38, 0x48, 0xe0, 0xff,
    0x40, 0x44, 0xe0, 0xff, 0x38, 0x48, 0xe0, 0xff, 0x38, 0x44, 0xe0, 0xff,
    0x38, 0x44, 0xe0, 0xff, 0x38, 0x44, 0xd8, 0xff, 0x38, 0x44, 0xe0, 0xff,
    0x38, 0x44, 0xe0, 0xff, 0x38, 0x44, 0xe0, 0xff, 0x38, 0x48, 0xe0, 0xff,
    0x38, 0x44, 0xe0, 0xff, 0x38, 0x44, 0xe0, 0xff, 0x38, 0x44, 0xe0, 0xff,
    0x30, 0x40, 0xd8, 0xff, 0x30, 0x40, 0xd8, 0xff, 0x38, 0x40, 0xe0, 0xff,
    0x30, 0x40, 0xd8, 0xff, 0x30, 0x40, 0xd8, 0xff, 0x30, 0x40, 0xd8, 0xff,
    0x30, 0x3c, 0xd8, 0xff, 0x30, 0x3c, 0xd8, 0xff, 0x30, 0x3c, 0xd8, 0xff,
    0x30, 0x3c, 0xd8, 0xff, 0x30, 0x3c, 0xd8, 0xff, 0x30, 0x3c, 0xd8, 0xff,
    0x30, 0x3c, 0xd8, 0xff, 0x30, 0x3c, 0xd8, 0xff, 0x30, 0x3c, 0xd8, 0xff,
    0x30, 0x3c, 0xd8, 0xff, 0x30, 0x3c, 0xd8, 0xff, 0x30, 0x40, 0xd8, 0xff,
    0x30, 0x3c, 0xd8, 0xff, 0x30, 0x3c, 0xd8, 0xff, 0x38, 0x40, 0xd8, 0xff,
    0x30, 0x40, 0xd8, 0xff, 0x30, 0x3c, 0xd8, 0xff, 0x30, 0x3c, 0xd8, 0xff,
    0x30, 0x3c, 0xd0, 0xff, 0x30, 0x38, 0xd0, 0xff, 0x30, 0x3c, 0xd8, 0xff,
    0x30, 0x3c, 0xd0, 0xff, 0x30, 0x3c, 0xd0, 0xff, 0x30, 0x40, 0xd8, 0xff,
    0x38, 0x40, 0xd8, 0xff, 0x30, 0x3c, 0xd8, 0xff, 0x38, 0x40, 0xd8, 0xff,
    0x30, 0x40, 0xd8, 0xff, 0x30, 0x40, 0xd8, 0x41, 0x38, 0x48, 0xd8, 0xff,
    0x38, 0x44, 0xd8, 0xff, 0x38, 0x44, 0xd8, 0xff, 0x38, 0x44, 0xd8, 0xff,
    0x38, 0x48, 0xd8, 0xff, 0x38, 0x48, 0xd8, 0xff, 0x38, 0x48, 0xd8, 0xff,
    0x38, 0x44, 0xd8, 0xff, 0x38, 0x48, 0xd8, 0xff, 0x38, 0x48, 0xe0, 0xff,
    0x40, 0x48, 0xe0, 0xff, 0x38, 0x48, 0xe0, 0xff, 0x38, 0x48, 0xe0, 0xff,
    0x40, 0x48, 0xe0, 0xff, 0x38, 0x48, 0xe0, 0xff, 0x40, 0x4c, 0xd8, 0xff,
    0x38, 0x48, 0xd8, 0xff, 0x38, 0x48, 0xd8, 0xff, 0x38, 0x48, 0xe0, 0xff,
    0x40, 0x48, 0xe0, 0xff, 0x38, 0x48, 0xd8, 0xff, 0x38, 0x48, 0xd8, 0xff,
    0x38, 0x48, 0xe0, 0xff, 0x38, 0x4c, 0xe0, 0xff, 0x40, 0x4c, 0xe0, 0xff,
    0x38, 0x48, 0xe0, 0xff, 0x40, 0x4c, 0xe0, 0xff, 0x40, 0x4c, 0xe0, 0xff,
    0x40, 0x4c, 0xe0, 0xff, 0x38, 0x4c, 0xe0, 0xff, 0x40, 0x4c, 0xe0, 0xff,
    0x38, 0x48, 0xe0, 0xff, 0x38, 0x48, 0xe0, 0xff, 0x38, 0x48, 0xe0, 0xff,
    0x38, 0x48, 0xe0, 0xff, 0x40, 0x4c, 0xe0, 0xff, 0x40, 0x50, 0xe8, 0xff,
    0x40, 0x50, 0xe8, 0xff, 0x48, 0x54, 0xe8, 0xff, 0x48, 0x54, 0xe8, 0xff,
    0x40, 0x50, 0xe8, 0xff, 0x48, 0x54, 0xe8, 0xff, 0x48, 0x54, 0xe8, 0xff,
    0x48, 0x54, 0xe8, 0xff, 0x40, 0x50, 0xe8, 0xff, 0x48, 0x50, 0xe8, 0xff,
    0x40, 0x50, 0xe8, 0xff, 0x40, 0x50, 0xe8, 0xff, 0x48, 0x54, 0xe8, 0xff,
    0x48, 0x58, 0xf0, 0xff, 0x48, 0x54, 0xe8, 0xff, 0x40, 0x50, 0xe8, 0xff,
    0x40, 0x54, 0xe8, 0xff, 0x40, 0x50, 0xe8, 0xff, 0x40, 0x50, 0xe8, 0xff,
    0x40, 0x50, 0xe8, 0xff, 0x48, 0x54, 0xe8, 0xff, 0x48, 0x54, 0xe8, 0xff,
    0x40, 0x54, 0xe8, 0xff, 0x48, 0x54, 0xe8, 0xff, 0x48, 0x54, 0xf0, 0xff,
    0x48, 0x54, 0xf0, 0xff, 0x40, 0x50, 0xe8, 0xff, 0x40, 0x50, 0xe8, 0xff,
    0x40, 0x50, 0xe8, 0xff, 0x48, 0x54, 0xe8, 0xff, 0x48, 0x54, 0xf0, 0xff,
    0x48, 0x54, 0xf0, 0xff, 0x48, 0x54, 0xf0, 0xff, 0x48, 0x54, 0xe8, 0xff,
    0x40, 0x50, 0xe8, 0xff, 0x48, 0x54, 0xf0, 0xff, 0x48, 0x50, 0xf0, 0xff,
    0x48, 0x54, 0xf0, 0xff, 0x48, 0x50, 0xf0, 0xff, 0x48, 0x54, 0xf0, 0xff,
    0x48, 0x54, 0xf0, 0xff, 0x40, 0x50, 0xe8, 0xff, 0x48, 0x54, 0xf0, 0xff,
    0x48, 0x54, 0xf0, 0xff, 0x48, 0x54, 0xe8, 0xff, 0x40, 0x54, 0xf0, 0xff,
    0x48, 0x58, 0xf0, 0xff, 0x48, 0x54, 0xf0, 0xff, 0x48, 0x58, 0xf0, 0xff,
    0x48, 0x58, 0xf0, 0xff, 0x48, 0x54, 0xf0, 0xff, 0x48, 0x58, 0xf0, 0xff,
    0x48, 0x54, 0xe8, 0xff, 0x48, 0x54, 0xe8, 0xff, 0x48, 0x50, 0xe8, 0xff,
    0x40, 0x50, 0xe8, 0xff, 0x40, 0x54, 0xe8, 0xff, 0x48, 0x54, 0xf0, 0xff,
    0x40, 0x54, 0xe8, 0xff, 0x48, 0x54, 0xf0, 0xff, 0x48, 0x54, 0xf0, 0xff,
    0x48, 0x54, 0xf0, 0xff, 0x48, 0x54, 0xf0, 0xff, 0x48, 0x54, 0xe8, 0xff,
    0x40, 0x4c, 0xe8, 0xff, 0x40, 0x4c, 0xe8, 0xff, 0x40, 0x4c, 0xe8, 0xff,
    0x40, 0x50, 0xe8, 0xff, 0x40, 0x50, 0xe8, 0xff, 0x40, 0x4c, 0xe8, 0xff,
    0x40, 0x50, 0xe8, 0xff, 0x40, 0x4c, 0xe8, 0xff, 0x40, 0x4c, 0xe8, 0xff,
    0x40, 0x50, 0xe8, 0xff, 0x40, 0x4c, 0xe8, 0xff, 0x40, 0x4c, 0xe0, 0xff,
    0x40, 0x4c, 0xe0, 0xff, 0x40, 0x48, 0xe8, 0xff, 0x38, 0x48, 0xe0, 0xff,
    0x40, 0x4c, 0xe8, 0xff, 0x40, 0x4c, 0xe8, 0xff, 0x40, 0x48, 0xe0, 0xff,
    0x38, 0x48, 0xe0, 0xff, 0x38, 0x48, 0xe0, 0xff, 0x40, 0x48, 0xe0, 0xff,
    0x40, 0x48, 0xe8, 0xff, 0x40, 0x4c, 0xe8, 0xff, 0x38, 0x48, 0xe0, 0xff,
    0x40, 0x48, 0xe0, 0xff, 0x38, 0x44, 0xe0, 0xff, 0x38, 0x44, 0xe0, 0xff,
    0x38, 0x44, 0xe0, 0xff, 0x38, 0x44, 0xe0, 0xff, 0x38, 0x44, 0xd8, 0xff,
    0x38, 0x44, 0xe0, 0xff, 0x38, 0x44, 0xd8, 0xff, 0x38, 0x44, 0xe0, 0xff,
    0x38, 0x44, 0xe0, 0xff, 0x38, 0x44, 0xe0, 0xff, 0x38, 0x44, 0xe0, 0xff,
    0x38, 0x44, 0xe0, 0xff, 0x30, 0x40, 0xd8, 0xff, 0x38, 0x40, 0xd8, 0xff,
    0x30, 0x40, 0xd8, 0xff, 0x38, 0x40, 0xd8, 0xff, 0x30, 0x40, 0xd8, 0xff,
    0x38, 0x40, 0xd8, 0xff, 0x30, 0x3c, 0xd8, 0xff, 0x38, 0x40, 0xd8, 0xff,
    0x30, 0x40, 0xd8, 0xff, 0x30, 0x3c, 0xd8, 0xff, 0x30, 0x40, 0xd8, 0xff,
    0x30, 0x40, 0xd8, 0xff, 0x30, 0x3c, 0xd8, 0xff, 0x30, 0x40, 0xd8, 0xff,
    0x30, 0x40, 0xd8, 0xff, 0x30, 0x3c, 0xd8, 0xff, 0x38, 0x40, 0xd8, 0xff,
    0x30, 0x3c, 0xd0, 0xff, 0x30, 0x38, 0xd0, 0xff, 0x30, 0x40, 0xd8, 0xff,
    0x30, 0x40, 0xd8, 0xff, 0x30, 0x40, 0xd8, 0xff, 0x30, 0x40, 0xd8, 0xff,
    0x30, 0x3c, 0xd0, 0xff, 0x30, 0x3c, 0xd0, 0xff, 0x30, 0x3c, 0xd0, 0xff,
    0x30, 0x3c, 0xd8, 0xff, 0x28, 0x3c, 0xd0, 0xff, 0x30, 0x38, 0xd0, 0xff,
    0x30, 0x3c, 0xd8, 0xff, 0x30, 0x40, 0xd8, 0xff, 0x30, 0x40, 0xd8, 0xff,
    0x38, 0x44, 0xd8, 0xff, 0x38, 0x44, 0xd8, 0xff, 0x38, 0x44, 0xd8, 0x41,
    0x38, 0x48, 0xe0, 0xff, 0x38, 0x48, 0xd8, 0xff, 0x38, 0x44, 0xd8, 0xff,
    0x38, 0x44, 0xd8, 0xff, 0x38, 0x48, 0xd8, 0xff, 0x38, 0x48, 0xe0, 0xff,
    0x40, 0x48, 0xe0, 0xff, 0x38, 0x48, 0xe0, 0xff, 0x38, 0x48, 0xd8, 0xff,
    0x40, 0x48, 0xe0, 0xff, 0x38, 0x48, 0xd8, 0xff, 0x40, 0x48, 0xd8, 0xff,
    0x40, 0x4c, 0xe0, 0xff, 0x38, 0x48, 0xe0, 0xff, 0x40, 0x4c, 0xe0, 0xff,
    0x40, 0x4c, 0xe0, 0xff, 0x40, 0x4c, 0xd8, 0xff, 0x40, 0x4c, 0xe0, 0xff,
    0x40, 0x4c, 0xe0, 0xff, 0x38, 0x48, 0xe0, 0xff, 0x38, 0x48, 0xd8, 0xff,
    0x40, 0x48, 0xe0, 0xff, 0x40, 0x4c, 0xe0, 0xff, 0x38, 0x48, 0xd8, 0xff,
    0x40, 0x4c, 0xe0, 0xff, 0x38, 0x48, 0xe0, 0xff, 0x38, 0x4c, 0xe0, 0xff,
    0x40, 0x4c, 0xe0, 0xff, 0x40, 0x4c, 0xe8, 0xff, 0x40, 0x4c, 0xe8, 0xff,
    0x40, 0x4c, 0xe0, 0xff, 0x40, 0x4c, 0xe0, 0xff, 0x40, 0x4c, 0xe0, 0xff,
    0x40, 0x4c, 0xe0, 0xff, 0x40, 0x4c, 0xe0, 0xff, 0x40, 0x4c, 0xe0, 0xff,
    0x40, 0x50, 0xe8, 0xff, 0x40, 0x50, 0xe8, 0xff, 0x48, 0x54, 0xe8, 0xff,
    0x48, 0x54, 0xe8, 0xff, 0x48, 0x54, 0xe8, 0xff, 0x48, 0x54, 0xe8, 0xff,
    0x48, 0x54, 0xe8, 0xff, 0x40, 0x54, 0xe8, 0xff, 0x48, 0x54, 0xe8, 0xff,
    0x48, 0x54, 0xe8, 0xff, 0x40, 0x50, 0xe8, 0xff, 0x40, 0x50, 0xe8, 0xff,
    0x48, 0x54, 0xe8, 0xff, 0x48, 0x58, 0xe8, 0xff, 0x48, 0x54, 0xe8, 0xff,
    0x40, 0x50, 0xe8, 0xff, 0x48, 0x54, 0xe8, 0xff, 0x48, 0x50, 0xe8, 0xff,
    0x40, 0x50, 0xe8, 0xff, 0x40, 0x50, 0xe0, 0xff, 0x40, 0x4c, 0xe0, 0xff,
    0x40, 0x50, 0xe8, 0xff, 0x40, 0x50, 0xe8, 0xff, 0x48, 0x50, 0xe8, 0xff,
    0x48, 0x54, 0xf0, 0xff, 0x48, 0x54, 0xf0, 0xff, 0x48, 0x54, 0xe8, 0xff,
    0x48, 0x50, 0xe8, 0xff, 0x40, 0x50, 0xe8, 0xff, 0x48, 0x54, 0xe8, 0xff,
    0x48, 0x54, 0xf0, 0xff, 0x48, 0x58, 0xf0, 0xff, 0x40, 0x54, 0xe8, 0xff,
    0x48, 0x54, 0xf0, 0xff, 0x40, 0x50, 0xe8, 0xff, 0x48, 0x54, 0xe8, 0xff,
    0x48, 0x54, 0xe8, 0xff, 0x48, 0x54, 0xe8, 0xff, 0x48, 0x54, 0xe8, 0xff,
    0x48, 0x54, 0xf0, 0xff, 0x48, 0x58, 0xf0, 0xff, 0x48, 0x54, 0xe8, 0xff,
    0x48, 0x54, 0xe8, 0xff, 0x48, 0x54, 0xe8, 0xff, 0x48, 0x54, 0xe8, 0xff,
    0x48, 0x54, 0xe8, 0xff, 0x48, 0x54, 0xf0, 0xff, 0x48, 0x54, 0xf0, 0xff,
    0x48, 0x58, 0xf0, 0xff, 0x48, 0x58, 0xf0, 0xff, 0x48, 0x54, 0xe8, 0xff,
    0x48, 0x54, 0xf0, 0xff, 0x48, 0x54, 0xf0, 0xff, 0x48, 0x58, 0xf0, 0xff,
    0x48, 0x54, 0xf0, 0xff, 0x48, 0x54, 0xf0, 0xff, 0x40, 0x50, 0xe8, 0xff,
    0x40, 0x50, 0xe8, 0xff, 0x48, 0x54, 0xe8, 0xff, 0x40, 0x54, 0xe8, 0xff,
    0x40, 0x54, 0xe8, 0xff, 0x40, 0x50, 0xe8, 0xff, 0x48, 0x50, 0xe8, 0xff,
    0x48, 0x54, 0xf0, 0xff, 0x40, 0x50, 0xe8, 0xff, 0x40, 0x4c, 0xe8, 0xff,
    0x40, 0x4c, 0xe8, 0xff, 0x40, 0x4c, 0xe8, 0xff, 0x40, 0x50, 0xe8, 0xff,
    0x40, 0x50, 0xe8, 0xff, 0x48, 0x50, 0xe8, 0xff, 0x48, 0x50, 0xe8, 0xff,
    0x40, 0x50, 0xe8, 0xff, 0x40, 0x50, 0xe8, 0xff, 0x48, 0x50, 0xe8, 0xff,
    0x40, 0x50, 0xe8, 0xff, 0x40, 0x4c, 0xe0, 0xff, 0x40, 0x4c, 0xe8, 0xff,
    0x40, 0x48, 0xe0, 0xff, 0x40, 0x4c, 0xe8, 0xff, 0x40, 0x4c, 0xe8, 0xff,
    0x40, 0x4c, 0xe0, 0xff, 0x40, 0x4c, 0xe8, 0xff, 0x38, 0x48, 0xe0, 0xff,
    0x38, 0x48, 0xe0, 0xff, 0x38, 0x48, 0xe0, 0xff, 0x40, 0x48, 0xe8, 0xff,
    0x40, 0x48, 0xe0, 0xff, 0x38, 0x48, 0xe0, 0xff, 0x38, 0x48, 0xe0, 0xff,
    0x38, 0x48, 0xe0, 0xff, 0x40, 0x48, 0xe0, 0xff, 0x38, 0x44, 0xe0, 0xff,
    0x38, 0x44, 0xe0, 0xff, 0x38, 0x44, 0xe0, 0xff, 0x38, 0x44, 0xe0, 0xff,
    0x40, 0x44, 0xe0, 0xff, 0x38, 0x48, 0xe0, 0xff, 0x38, 0x44, 0xe0, 0xff,
    0x38, 0x40, 0xd8, 0xff, 0x38, 0x44, 0xe0, 0xff, 0x30, 0x40, 0xd8, 0xff,
    0x38, 0x40, 0xd8, 0xff, 0x38, 0x40, 0xd8, 0xff, 0x30, 0x40, 0xd8, 0xff,
    0x30, 0x3c, 0xd8, 0xff, 0x30, 0x3c, 0xd8, 0xff, 0x30, 0x40, 0xd8, 0xff,
    0x38, 0x40, 0xd8, 0xff, 0x38, 0x40, 0xd8, 0xff, 0x30, 0x3c, 0xd8, 0xff,
    0x38, 0x40, 0xd8, 0xff, 0x30, 0x40, 0xd8, 0xff, 0x30, 0x3c, 0xd8, 0xff,
    0x38, 0x40, 0xd8, 0xff, 0x30, 0x40, 0xd8, 0xff, 0x30, 0x3c, 0xd8, 0xff,
    0x30, 0x3c, 0xd8, 0xff, 0x30, 0x3c, 0xd8, 0xff, 0x30, 0x3c, 0xd0, 0xff,
    0x30, 0x3c, 0xd8, 0xff, 0x30, 0x3c, 0xd0, 0xff, 0x38, 0x40, 0xd8, 0xff,
    0x30, 0x3c, 0xd8, 0xff, 0x30, 0x3c, 0xd0, 0xff, 0x30, 0x3c, 0xd8, 0xff,
    0x30, 0x3c, 0xd0, 0xff, 0x30, 0x3c, 0xd0, 0xff, 0x30, 0x3c, 0xd8, 0xff,
    0x28, 0x3c, 0xd0, 0xff, 0x30, 0x38, 0xd0, 0xff, 0x38, 0x44, 0xd8, 0xff,
    0x38, 0x44, 0xd8, 0xff, 0x38, 0x44, 0xd8, 0xff, 0x38, 0x44, 0xd8, 0xff,
    0x38, 0x44, 0xd8, 0x41, 0x38, 0x48, 0xd8, 0xff, 0x38, 0x48, 0xe0, 0xff,
    0x38, 0x48, 0xd8, 0xff, 0x38, 0x48, 0xd8, 0xff, 0x38, 0x48, 0xd8, 0xff,
    0x38, 0x48, 0xd8, 0xff, 0x38, 0x48, 0xd8, 0xff, 0x38, 0x48, 0xd8, 0xff,
    0x38, 0x44, 0xd8, 0xff, 0x38, 0x48, 0xd8, 0xff, 0x38, 0x48, 0xd8, 0xff,
    0x38, 0x48, 0xe0, 0xff, 0x40, 0x4c, 0xe0, 0xff, 0x38, 0x4c, 0xd8, 0xff,
    0x38, 0x48, 0xd8, 0xff, 0x38, 0x4c, 0xe0, 0xff, 0x38, 0x4c, 0xd8, 0xff,
    0x38, 0x48, 0xd8, 0xff, 0x38, 0x48, 0xd8, 0xff, 0x40, 0x4c, 0xe0, 0xff,
    0x40, 0x4c, 0xe0, 0xff, 0x40, 0x4c, 0xe0, 0xff, 0x40, 0x4c, 0xe0, 0xff,
    0x40, 0x4c, 0xe0, 0xff, 0x40, 0x4c, 0xe0, 0xff, 0x38, 0x48, 0xd8, 0xff,
    0x40, 0x4c, 0xe0, 0xff, 0x40, 0x4c, 0xe0, 0xff, 0x38, 0x4c, 0xe0, 0xff,
    0x40, 0x4c, 0xe0, 0xff, 0x40, 0x4c, 0xe0, 0xff, 0x40, 0x4c, 0xe8, 0xff,
    0x40, 0x4c, 0xe0, 0xff, 0x40, 0x4c, 0xe0, 0xff, 0x40, 0x50, 0xe8, 0xff,
    0x40, 0x4c, 0xe0, 0xff, 0x40, 0x50, 0xe0, 0xff, 0x40, 0x50, 0xe8, 0xff,
    0x40, 0x50, 0xe8, 0xff, 0x40, 0x50, 0xe8, 0xff, 0x40, 0x50, 0xe8, 0xff,
    0x48, 0x54, 0xe8, 0xff, 0x48, 0x54, 0xe8, 0xff, 0x40, 0x54, 0xe8, 0xff,
    0x48, 0x54, 0xe8, 0xff, 0x40, 0x50, 0xe8, 0xff, 0x40, 0x50, 0xe8, 0xff,
    0x48, 0x54, 0xe8, 0xff, 0x48, 0x54, 0xe8, 0xff, 0x48, 0x54, 0xe8, 0xff,
    0x48, 0x54, 0xf0, 0xff, 0x48, 0x54, 0xe8, 0xff, 0x48, 0x54, 0xe8, 0xff,
    0x48, 0x54, 0xe8, 0xff, 0x48, 0x54, 0xe8, 0xff, 0x48, 0x58, 0xe8, 0xff,
    0x48, 0x58, 0xf0, 0xff, 0x48, 0x54, 0xe8, 0xff, 0x48, 0x5c, 0xf0, 0xff,
    0x48, 0x58, 0xf0, 0xff, 0x48, 0x58, 0xf0, 0xff, 0x48, 0x58, 0xf0, 0xff,
    0x48, 0x58, 0xf0, 0xff, 0x48, 0x58, 0xf0, 0xff, 0x48, 0x58, 0xf0, 0xff,
    0x48, 0x54, 0xf0, 0xff, 0x48, 0x54, 0xe8, 0xff, 0x48, 0x58, 0xf0, 0xff,
    0x48, 0x58, 0xf0, 0xff, 0x48, 0x54, 0xf0, 0xff, 0x48, 0x54, 0xf0, 0xff,
    0x48, 0x54, 0xf0, 0xff, 0x48, 0x58, 0xf0, 0xff, 0x48, 0x58, 0xf0, 0xff,
    0x48, 0x54, 0xf0, 0xff, 0x48, 0x58, 0xe8, 0xff, 0x48, 0x58, 0xf0, 0xff,
    0x48, 0x54, 0xe8, 0xff, 0x48, 0x54, 0xf0, 0xff, 0x48, 0x54, 0xf0, 0xff,
    0x48, 0x54, 0xf0, 0xff, 0x48, 0x54, 0xe8, 0xff, 0x48, 0x58, 0xf0, 0xff,
    0x48, 0x54, 0xf0, 0xff, 0x48, 0x54, 0xf0, 0xff, 0x48, 0x58, 0xf0, 0xff,
    0x48, 0x54, 0xe8, 0xff, 0x48, 0x54, 0xf0, 0xff, 0x48, 0x58, 0xf0, 0xff,
    0x48, 0x54, 0xe8, 0xff, 0x48, 0x54, 0xf0, 0xff, 0x48, 0x54, 0xf0, 0xff,
    0x48, 0x54, 0xf0, 0xff, 0x48, 0x54, 0xe8, 0xff, 0x48, 0x54, 0xf0, 0xff,
    0x48, 0x54, 0xf0, 0xff, 0x48, 0x58, 0xf0, 0xff, 0x48, 0x54, 0xe8, 0xff,
    0x48, 0x50, 0xe8, 0xff, 0x48, 0x54, 0xe8, 0xff, 0x40, 0x50, 0xe8, 0xff,
    0x40, 0x50, 0xe8, 0xff, 0x40, 0x4c, 0xe0, 0xff, 0x40, 0x4c, 0xe8, 0xff,
    0x40, 0x4c, 0xe8, 0xff, 0x48, 0x50, 0xe8, 0xff, 0x40, 0x50, 0xe8, 0xff,
    0x48, 0x50, 0xe8, 0xff, 0x40, 0x50, 0xe8, 0xff, 0x40, 0x50, 0xe8, 0xff,
    0x48, 0x54, 0xe8, 0xff, 0x40, 0x50, 0xe8, 0xff, 0x40, 0x4c, 0xe8, 0xff,
    0x40, 0x50, 0xe8, 0xff, 0x40, 0x50, 0xe8, 0xff, 0x40, 0x4c, 0xe0, 0xff,
    0x40, 0x4c, 0xe8, 0xff, 0x40, 0x4c, 0xe0, 0xff, 0x40, 0x4c, 0xe8, 0xff,
    0x40, 0x4c, 0xe8, 0xff, 0x40, 0x4c, 0xe0, 0xff, 0x40, 0x48, 0xe0, 0xff,
    0x40, 0x4c, 0xe0, 0xff, 0x40, 0x48, 0xe0, 0xff, 0x40, 0x48, 0xe0, 0xff,
    0x38, 0x48, 0xe0, 0xff, 0x40, 0x48, 0xe0, 0xff, 0x38, 0x48, 0xe0, 0xff,
    0x38, 0x44, 0xe0, 0xff, 0x38, 0x44, 0xd8, 0xff, 0x38, 0x44, 0xe0, 0xff,
    0x38, 0x44, 0xe0, 0xff, 0x38, 0x48, 0xe0, 0xff, 0x38, 0x44, 0xe0, 0xff,
    0x38, 0x44, 0xe0, 0xff, 0x38, 0x44, 0xe0, 0xff, 0x38, 0x44, 0xe0, 0xff,
    0x38, 0x40, 0xd8, 0xff, 0x30, 0x40, 0xd8, 0xff, 0x30, 0x40, 0xd8, 0xff,
    0x38, 0x40, 0xd8, 0xff, 0x38, 0x40, 0xd8, 0xff, 0x30, 0x40, 0xd8, 0xff,
    0x30, 0x40, 0xd8, 0xff, 0x30, 0x40, 0xd8, 0xff, 0x30, 0x40, 0xd8, 0xff,
    0x30, 0x3c, 0xd8, 0xff, 0x30, 0x3c, 0xd8, 0xff, 0x30, 0x3c, 0xd8, 0xff,
    0x30, 0x3c, 0xd8, 0xff, 0x30, 0x3c, 0xd8, 0xff, 0x38, 0x40, 0xd8, 0xff,
    0x30, 0x3c, 0xd8, 0xff, 0x30, 0x3c, 0xd0, 0xff, 0x30, 0x3c, 0xd8, 0xff,
    0x30, 0x38, 0xd0, 0xff, 0x30, 0x3c, 0xd8, 0xff, 0x30, 0x38, 0xd0, 0xff,
    0x30, 0x3c, 0xd0, 0xff, 0x30, 0x3c, 0xd8, 0xff, 0x30, 0x40, 0xd8, 0xff,
    0x30, 0x40, 0xd8, 0xff, 0x30, 0x40, 0xd8, 0xff, 0x30, 0x44, 0xd8, 0xff,
    0x30, 0x40, 0xd8, 0xff, 0x30, 0x3c, 0xd0, 0xff, 0x30, 0x3c, 0xd0, 0xff,
    0x30, 0x3c, 0xd8, 0xff, 0x30, 0x40, 0xd8, 0xff, 0x38, 0x44, 0xe0, 0xff,
    0x38, 0x44, 0xd8, 0xff, 0x38, 0x44, 0xd8, 0x41, 0x38, 0x44, 0xd8, 0xff,
    0x38, 0x48, 0xd8, 0xff, 0x38, 0x48, 0xd8, 0xff, 0x38, 0x48, 0xd8, 0xff,
    0x38, 0x44, 0xe0, 0xff, 0x38, 0x48, 0xe0, 0xff, 0x38, 0x48, 0xd8, 0xff,
    0x38, 0x44, 0xd8, 0xff, 0x38, 0x48, 0xd8, 0xff, 0x38, 0x48, 0xe0, 0xff,
    0x38, 0x4c, 0xe0, 0xff, 0x40, 0x4c, 0xe0, 0xff, 0x40, 0x4c, 0xe0, 0xff,
    0x40, 0x4c, 0xd8, 0xff, 0x40, 0x4c, 0xd8, 0xff, 0x38, 0x4c, 0xd8, 0xff,
    0x40, 0x4c, 0xd8, 0xff, 0x38, 0x48, 0xe0, 0xff, 0x38, 0x48, 0xd8, 0xff,
    0x38, 0x48, 0xd8, 0xff, 0x38, 0x4c, 0xe0, 0xff, 0x40, 0x4c, 0xe0, 0xff,
    0x40, 0x4c, 0xe0, 0xff, 0x40, 0x4c, 0xe0, 0xff, 0x40, 0x4c, 0xe0, 0xff,
    0x38, 0x48, 0xe0, 0xff, 0x40, 0x4c, 0xe0, 0xff, 0x40, 0x4c, 0xe0, 0xff,
    0x40, 0x4c, 0xe0, 0xff, 0x38, 0x4c, 0xe0, 0xff, 0x40, 0x4c, 0xe0, 0xff,
    0x40, 0x50, 0xe0, 0xff, 0x40, 0x50, 0xe0, 0xff, 0x40, 0x4c, 0xe0, 0xff,
    0x40, 0x4c, 0xe0, 0xff, 0x40, 0x50, 0xe0, 0xff, 0x40, 0x4c, 0xe0, 0xff,
    0x40, 0x50, 0xe0, 0xff, 0x40, 0x50, 0xe0, 0xff, 0x48, 0x54, 0xe8, 0xff,
    0x48, 0x54, 0xe8, 0xff, 0x48, 0x54, 0xe8, 0xff, 0x40, 0x50, 0xe8, 0xff,
    0x40, 0x50, 0xe8, 0xff, 0x40, 0x50, 0xe8, 0xff, 0x48, 0x50, 0xe8, 0xff,
    0x48, 0x54, 0xe8, 0xff, 0x40, 0x50, 0xe8, 0xff, 0x48, 0x54, 0xe8, 0xff,
    0x48, 0x54, 0xe8, 0xff, 0x48, 0x54, 0xe8, 0xff, 0x48, 0x58, 0xf0, 0xff,
    0x48, 0x58, 0xf0, 0xff, 0x48, 0x58, 0xf0, 0xff, 0x48, 0x5c, 0xf0, 0xff,
    0x48, 0x58, 0xf0, 0xff, 0x50, 0x5c, 0xf0, 0xff, 0x50, 0x5c, 0xf0, 0xff,
    0x50, 0x60, 0xf0, 0xff, 0x50, 0x60, 0xf0, 0xff, 0x50, 0x5c, 0xf0, 0xff,
    0x48, 0x58, 0xe8, 0xff, 0x48, 0x58, 0xe8, 0xff, 0x50, 0x5c, 0xf0, 0xff,
    0x48, 0x58, 0xe8, 0xff, 0x48, 0x54, 0xe8, 0xff, 0x48, 0x58, 0xf0, 0xff,
    0x48, 0x58, 0xf0, 0xff, 0x48, 0x58, 0xf0, 0xff, 0x48, 0x5c, 0xf0, 0xff,
    0x48, 0x58, 0xf0, 0xff, 0x48, 0x58, 0xf0, 0xff, 0x48, 0x58, 0xf0, 0xff,
    0x48, 0x58, 0xf0, 0xff, 0x48, 0x58, 0xf0, 0xff, 0x48, 0x58, 0xf0, 0xff,
    0x48, 0x58, 0xe8, 0xff, 0x48, 0x58, 0xf0, 0xff, 0x48, 0x54, 0xe8, 0xff,
    0x48, 0x58, 0xf0, 0xff, 0x48, 0x54, 0xf0, 0xff, 0x48, 0x58, 0xf0, 0xff,
    0x48, 0x58, 0xf0, 0xff, 0x48, 0x58, 0xf0, 0xff, 0x48, 0x58, 0xf0, 0xff,
    0x48, 0x58, 0xf0, 0xff, 0x48, 0x54, 0xf0, 0xff, 0x48, 0x58, 0xf0, 0xff,
    0x48, 0x54, 0xe8, 0xff, 0x48, 0x54, 0xe8, 0xff, 0x48, 0x54, 0xf0, 0xff,
    0x48, 0x54, 0xe8, 0xff, 0x48, 0x54, 0xe8, 0xff, 0x48, 0x54, 0xe8, 0xff,
    0x48, 0x54, 0xf0, 0xff, 0x48, 0x54, 0xf0, 0xff, 0x48, 0x58, 0xf0, 0xff,
    0x48, 0x54, 0xf0, 0xff, 0x48, 0x54, 0xe8, 0xff, 0x48, 0x54, 0xf0, 0xff,
    0x40, 0x50, 0xe8, 0xff, 0x48, 0x50, 0xe8, 0xff, 0x40, 0x50, 0xe8, 0xff,
    0x48, 0x50, 0xe8, 0xff, 0x48, 0x50, 0xe8, 0xff, 0x40, 0x50, 0xe8, 0xff,
    0x40, 0x50, 0xe8, 0xff, 0x40, 0x50, 0xe8, 0xff, 0x48, 0x50, 0xe8, 0xff,
    0x48, 0x54, 0xe8, 0xff, 0x40, 0x50, 0xe8, 0xff, 0x48, 0x54, 0xe8, 0xff,
    0x40, 0x50, 0xe8, 0xff, 0x40, 0x50, 0xe8, 0xff, 0x40, 0x50, 0xe8, 0xff,
    0x40, 0x50, 0xe8, 0xff, 0x40, 0x50, 0xe8, 0xff, 0x40, 0x4c, 0xe8, 0xff,
    0x40, 0x4c, 0xe8, 0xff, 0x40, 0x4c, 0xe8, 0xff, 0x40, 0x4c, 0xe8, 0xff,
    0x40, 0x4c, 0xe8, 0xff, 0x40, 0x4c, 0xe8, 0xff, 0x40, 0x4c, 0xe8, 0xff,
    0x38, 0x4c, 0xe0, 0xff, 0x38, 0x48, 0xe0, 0xff, 0x40, 0x48, 0xe0, 0xff,
    0x38, 0x48, 0xe0, 0xff, 0x38, 0x44, 0xe0, 0xff, 0x38, 0x44, 0xd8, 0xff,
    0x38, 0x44, 0xd8, 0xff, 0x38, 0x48, 0xe0, 0xff, 0x38, 0x44, 0xe0, 0xff,
    0x38, 0x44, 0xe0, 0xff, 0x38, 0x44, 0xe0, 0xff, 0x38, 0x44, 0xe0, 0xff,
    0x38, 0x44, 0xe0, 0xff, 0x38, 0x44, 0xd8, 0xff, 0x38, 0x44, 0xd8, 0xff,
    0x38, 0x44, 0xe0, 0xff, 0x38, 0x44, 0xd8, 0xff, 0x30, 0x40, 0xd8, 0xff,
    0x38, 0x40, 0xd8, 0xff, 0x38, 0x40, 0xd8, 0xff, 0x38, 0x40, 0xd8, 0xff,
    0x38, 0x40, 0xd8, 0xff, 0x38, 0x40, 0xd8, 0xff, 0x30, 0x40, 0xd8, 0xff,
    0x30, 0x40, 0xd8, 0xff, 0x38, 0x40, 0xd8, 0xff, 0x30, 0x3c, 0xd0, 0xff,
    0x30, 0x38, 0xd0, 0xff, 0x30, 0x3c, 0xd8, 0xff, 0x30, 0x3c, 0xd8, 0xff,
    0x30, 0x40, 0xd8, 0xff, 0x30, 0x3c, 0xd0, 0xff, 0x30, 0x3c, 0xd0, 0xff,
    0x30, 0x3c, 0xd8, 0xff, 0x30, 0x3c, 0xd0, 0xff, 0x30, 0x40, 0xd0, 0xff,
    0x30, 0x40, 0xd8, 0xff, 0x30, 0x40, 0xd8, 0xff, 0x38, 0x44, 0xd8, 0xff,
    0x30, 0x40, 0xd8, 0xff, 0x30, 0x40, 0xd8, 0xff, 0x30, 0x40, 0xd8, 0xff,
    0x30, 0x40, 0xd8, 0xff, 0x30, 0x40, 0xd8, 0xff, 0x30, 0x40, 0xd8, 0xff,
    0x38, 0x44, 0xe0, 0xff, 0x38, 0x44, 0xd8, 0xff, 0x30, 0x44, 0xd8, 0x41,
    0x38, 0x48, 0xd8, 0xff, 0x38, 0x48, 0xd8, 0xff, 0x38, 0x48, 0xd8, 0xff,
    0x38, 0x48, 0xd8, 0xff, 0x38, 0x44, 0xd8, 0xff, 0x38, 0x48, 0xe0, 0xff,
    0x38, 0x48, 0xe0, 0xff, 0x38, 0x44, 0xd8, 0xff, 0x38, 0x48, 0xe0, 0xff,
    0x38, 0x48, 0xd8, 0xff, 0x38, 0x48, 0xd8, 0xff, 0x38, 0x4c, 0xd8, 0xff,
    0x38, 0x48, 0xd8, 0xff, 0x38, 0x4c, 0xd8, 0xff, 0x38, 0x4c, 0xe0, 0xff,
    0x40, 0x4c, 0xe0, 0xff, 0x40, 0x4c, 0xd8, 0xff, 0x38, 0x4c, 0xd8, 0xff,
    0x38, 0x4c, 0xd8, 0xff, 0x40, 0x4c, 0xd8, 0xff, 0x38, 0x4c, 0xe0, 0xff,
    0x38, 0x4c, 0xd8, 0xff, 0x38, 0x4c, 0xe0, 0xff, 0x40, 0x4c, 0xe0, 0xff,
    0x40, 0x4c, 0xe0, 0xff, 0x38, 0x4c, 0xe0, 0xff, 0x40, 0x4c, 0xe0, 0xff,
    0x40, 0x4c, 0xe0, 0xff, 0x40, 0x4c, 0xe0, 0xff, 0x40, 0x4c, 0xe0, 0xff,
    0x40, 0x4c, 0xe0, 0xff, 0x40, 0x4c, 0xe0, 0xff, 0x40, 0x50, 0xe8, 0xff,
    0x40, 0x4c, 0xe0, 0xff, 0x40, 0x50, 0xe0, 0xff, 0x40, 0x50, 0xe8, 0xff,
    0x38, 0x48, 0xe0, 0xff, 0x40, 0x50, 0xe8, 0xff, 0x48, 0x50, 0xe8, 0xff,
    0x48, 0x54, 0xe8, 0xff, 0x48, 0x54, 0xe8, 0xff, 0x48, 0x54, 0xe8, 0xff,
    0x48, 0x54, 0xe8, 0xff, 0x48, 0x54, 0xf0, 0xff, 0x40, 0x50, 0xe8, 0xff,
    0x40, 0x50, 0xe8, 0xff, 0x48, 0x54, 0xe8, 0xff, 0x48, 0x54, 0xf0, 0xff,
    0x48, 0x58, 0xf0, 0xff, 0x48, 0x54, 0xe8, 0xff, 0x40, 0x54, 0xe8, 0xff,
    0x48, 0x54, 0xe8, 0xff, 0x48, 0x58, 0xe8, 0xff, 0x48, 0x58, 0xf0, 0xff,
    0x48, 0x5c, 0xf0, 0xff, 0x48, 0x58, 0xe8, 0xff, 0x50, 0x5c, 0xf0, 0xff,
    0x50, 0x60, 0xf0, 0xff, 0x58, 0x64, 0xf0, 0xff, 0x50, 0x60, 0xf0, 0xff,
    0x50, 0x60, 0xf0, 0xff, 0x50, 0x60, 0xf0, 0xff, 0x50, 0x60, 0xf0, 0xff,
    0x50, 0x5c, 0xf0, 0xff, 0x48, 0x58, 0xe8, 0xff, 0x48, 0x58, 0xe8, 0xff,
    0x48, 0x58, 0xf0, 0xff, 0x48, 0x58, 0xe8, 0xff, 0x48, 0x58, 0xf0, 0xff,
    0x48, 0x58, 0xf0, 0xff, 0x50, 0x5c, 0xf0, 0xff, 0x50, 0x58, 0xf0, 0xff,
    0x48, 0x58, 0xf0, 0xff, 0x48, 0x58, 0xe8, 0xff, 0x48, 0x54, 0xe8, 0xff,
    0x48, 0x58, 0xf0, 0xff, 0x48, 0x58, 0xf0, 0xff, 0x48, 0x58, 0xf0, 0xff,
    0x48, 0x54, 0xf0, 0xff, 0x48, 0x58, 0xf0, 0xff, 0x48, 0x58, 0xe8, 0xff,
    0x48, 0x54, 0xe8, 0xff, 0x48, 0x58, 0xf0, 0xff, 0x48, 0x58, 0xf0, 0xff,
    0x48, 0x58, 0xf0, 0xff, 0x50, 0x58, 0xf0, 0xff, 0x48, 0x58, 0xf0, 0xff,
    0x48, 0x58, 0xf0, 0xff, 0x48, 0x54, 0xe8, 0xff, 0x48, 0x54, 0xf0, 0xff,
    0x48, 0x58, 0xf0, 0xff, 0x48, 0x58, 0xf0, 0xff, 0x48, 0x54, 0xf0, 0xff,
    0x48, 0x54, 0xe8, 0xff, 0x48, 0x54, 0xf0, 0xff, 0x48, 0x54, 0xe8, 0xff,
    0x48, 0x58, 0xf0, 0xff, 0x40, 0x50, 0xe8, 0xff, 0x40, 0x50, 0xe8, 0xff,
    0x48, 0x50, 0xe8, 0xff, 0x40, 0x50, 0xe8, 0xff, 0x40, 0x50, 0xe8, 0xff,
    0x40, 0x50, 0xe8, 0xff, 0x40, 0x50, 0xe8, 0xff, 0x48, 0x50, 0xe8, 0xff,
    0x48, 0x54, 0xe8, 0xff, 0x48, 0x54, 0xe8, 0xff, 0x48, 0x54, 0xe8, 0xff,
    0x48, 0x54, 0xe8, 0xff, 0x48, 0x54, 0xe8, 0xff, 0x40, 0x50, 0xe8, 0xff,
    0x48, 0x50, 0xe8, 0xff, 0x48, 0x50, 0xe8, 0xff, 0x40, 0x50, 0xe8, 0xff,
    0x40, 0x50, 0xe8, 0xff, 0x40, 0x4c, 0xe0, 0xff, 0x40, 0x50, 0xe8, 0xff,
    0x40, 0x4c, 0xe0, 0xff, 0x40, 0x4c, 0xe0, 0xff, 0x40, 0x4c, 0xe8, 0xff,
    0x40, 0x4c, 0xe0, 0xff, 0x40, 0x4c, 0xe0, 0xff, 0x40, 0x4c, 0xe8, 0xff,
    0x40, 0x4c, 0xe8, 0xff, 0x40, 0x4c, 0xe0, 0xff, 0x38, 0x48, 0xe0, 0xff,
    0x40, 0x48, 0xe0, 0xff, 0x38, 0x48, 0xe0, 0xff, 0x38, 0x44, 0xe0, 0xff,
    0x38, 0x44, 0xd8, 0xff, 0x38, 0x44, 0xe0, 0xff, 0x38, 0x48, 0xe0, 0xff,
    0x40, 0x48, 0xe0, 0xff, 0x38, 0x44, 0xe0, 0xff, 0x38, 0x44, 0xd8, 0xff,
    0x38, 0x44, 0xd8, 0xff, 0x38, 0x48, 0xe0, 0xff, 0x38, 0x44, 0xe0, 0xff,
    0x30, 0x40, 0xd8, 0xff, 0x38, 0x44, 0xd8, 0xff, 0x30, 0x44, 0xd8, 0xff,
    0x30, 0x40, 0xd8, 0xff, 0x30, 0x44, 0xd8, 0xff, 0x38, 0x44, 0xd8, 0xff,
    0x38, 0x40, 0xd8, 0xff, 0x30, 0x40, 0xe0, 0xff, 0x38, 0x44, 0xd8, 0xff,
    0x38, 0x40, 0xd8, 0xff, 0x30, 0x3c, 0xd8, 0xff, 0x30, 0x40, 0xd8, 0xff,
    0x30, 0x40, 0xd8, 0xff, 0x30, 0x40, 0xd8, 0xff, 0x30, 0x40, 0xd8, 0xff,
    0x30, 0x40, 0xd0, 0xff, 0x30, 0x40, 0xd8, 0xff, 0x30, 0x40, 0xd8, 0xff,
    0x30, 0x3c, 0xd0, 0xff, 0x30, 0x40, 0xd8, 0xff, 0x30, 0x3c, 0xd0, 0xff,
    0x30, 0x40, 0xd8, 0xff, 0x38, 0x44, 0xd8, 0xff, 0x38, 0x44, 0xd8, 0xff,
    0x30, 0x40, 0xd8, 0xff, 0x38, 0x44, 0xd8, 0xff, 0x38, 0x40, 0xd8, 0xff,
    0x30, 0x3c, 0xd0, 0xff, 0x30, 0x40, 0xd8, 0xff, 0x30, 0x40, 0xd8, 0xff,
    0x30, 0x40, 0xd0, 0xff, 0x38, 0x44, 0xd8, 0xff, 0x38, 0x44, 0xd8, 0xff,
    0x38, 0x44, 0xd8, 0x41, 0x38, 0x48, 0xd8, 0xff, 0x38, 0x48, 0xd8, 0xff,
    0x38, 0x48, 0xe0, 0xff, 0x38, 0x48, 0xe0, 0xff, 0x38, 0x48, 0xd8, 0xff,
    0x38, 0x48, 0xd8, 0xff, 0x38, 0x48, 0xd8, 0xff, 0x38, 0x48, 0xe0, 0xff,
    0x38, 0x48, 0xd8, 0xff, 0x38, 0x48, 0xd8, 0xff, 0x38, 0x4c, 0xd8, 0xff,
    0x40, 0x48, 0xe0, 0xff, 0x38, 0x48, 0xe0, 0xff, 0x38, 0x48, 0xd8, 0xff,
    0x40, 0x4c, 0xe0, 0xff, 0x40, 0x4c, 0xe0, 0xff, 0x40, 0x4c, 0xd8, 0xff,
    0x38, 0x4c, 0xd8, 0xff, 0x38, 0x48, 0xe0, 0xff, 0x40, 0x48, 0xe0, 0xff,
    0x40, 0x48, 0xe0, 0xff, 0x40, 0x4c, 0xd8, 0xff, 0x38, 0x4c, 0xe0, 0xff,
    0x40, 0x4c, 0xe0, 0xff, 0x40, 0x50, 0xe0, 0xff, 0x40, 0x4c, 0xe0, 0xff,
    0x40, 0x4c, 0xe0, 0xff, 0x40, 0x50, 0xe0, 0xff, 0x40, 0x4c, 0xe0, 0xff,
    0x40, 0x50, 0xe0, 0xff, 0x40, 0x50, 0xe0, 0xff, 0x40, 0x50, 0xe8, 0xff,
    0x40, 0x50, 0xe8, 0xff, 0x40, 0x50, 0xe8, 0xff, 0x40, 0x50, 0xe8, 0xff,
    0x40, 0x50, 0xe8, 0xff, 0x40, 0x4c, 0xe0, 0xff, 0x38, 0x48, 0xd8, 0xff,
    0x40, 0x50, 0xe8, 0xff, 0x48, 0x54, 0xe8, 0xff, 0x40, 0x54, 0xe8, 0xff,
    0x48, 0x54, 0xf0, 0xff, 0x48, 0x54, 0xe8, 0xff, 0x48, 0x54, 0xe8, 0xff,
    0x48, 0x54, 0xe8, 0xff, 0x48, 0x54, 0xe8, 0xff, 0x48, 0x58, 0xe8, 0xff,
    0x48, 0x58, 0xf0, 0xff, 0x50, 0x5c, 0xf0, 0xff, 0x48, 0x58, 0xf0, 0xff,
    0x48, 0x58, 0xe8, 0xff, 0x48, 0x58, 0xe8, 0xff, 0x48, 0x58, 0xe8, 0xff,
    0x48, 0x58, 0xe8, 0xff, 0x50, 0x5c, 0xf0, 0xff, 0x48, 0x58, 0xe8, 0xff,
    0x50, 0x5c, 0xf0, 0xff, 0x50, 0x60, 0xf0, 0xff, 0x58, 0x64, 0xf0, 0xff,
    0x58, 0x68, 0xf0, 0xff, 0x50, 0x64, 0xf0, 0xff, 0x58, 0x60, 0xf0, 0xff,
    0x50, 0x60, 0xf0, 0xff, 0x50, 0x60, 0xf0, 0xff, 0x50, 0x5c, 0xf0, 0xff,
    0x48, 0x58, 0xf0, 0xff, 0x48, 0x58, 0xf0, 0xff, 0x48, 0x58, 0xe8, 0xff,
    0x48, 0x58, 0xf0, 0xff, 0x50, 0x5c, 0xf0, 0xff, 0x50, 0x5c, 0xf0, 0xff,
    0x48, 0x58, 0xe8, 0xff, 0x50, 0x5c, 0xf0, 0xff, 0x48, 0x58, 0xf0, 0xff,
    0x48, 0x58, 0xf0, 0xff, 0x50, 0x5c, 0xf0, 0xff, 0x50, 0x58, 0xf0, 0xff,
    0x48, 0x58, 0xf0, 0xff, 0x48, 0x58, 0xf0, 0xff, 0x48, 0x58, 0xf0, 0xff,
    0x48, 0x58, 0xf0, 0xff, 0x50, 0x58, 0xf0, 0xff, 0x48, 0x58, 0xf0, 0xff,
    0x48, 0x58, 0xe8, 0xff, 0x50, 0x58, 0xf0, 0xff, 0x50, 0x5c, 0xf0, 0xff,
    0x48, 0x58, 0xe8, 0xff, 0x48, 0x54, 0xf0, 0xff, 0x48, 0x54, 0xf0, 0xff,
    0x48, 0x58, 0xe8, 0xff, 0x48, 0x58, 0xf0, 0xff, 0x48, 0x58, 0xf0, 0xff,
    0x48, 0x58, 0xf0, 0xff, 0x48, 0x58, 0xf0, 0xff, 0x48, 0x58, 0xf0, 0xff,
    0x48, 0x54, 0xe8, 0xff, 0x48, 0x54, 0xe8, 0xff, 0x48, 0x50, 0xe8, 0xff,
    0x40, 0x50, 0xe8, 0xff, 0x48, 0x54, 0xe8, 0xff, 0x48, 0x50, 0xe8, 0xff,
    0x40, 0x50, 0xe8, 0xff, 0x40, 0x50, 0xe8, 0xff, 0x40, 0x50, 0xe8, 0xff,
    0x40, 0x50, 0xe8, 0xff, 0x48, 0x54, 0xe8, 0xff, 0x48, 0x54, 0xe8, 0xff,
    0x48, 0x54, 0xe8, 0xff, 0x48, 0x54, 0xe8, 0xff, 0x48, 0x58, 0xf0, 0xff,
    0x48, 0x54, 0xe8, 0xff, 0x40, 0x54, 0xe8, 0xff, 0x48, 0x54, 0xe8, 0xff,
    0x48, 0x50, 0xe8, 0xff, 0x40, 0x50, 0xe8, 0xff, 0x40, 0x50, 0xe0, 0xff,
    0x40, 0x50, 0xe8, 0xff, 0x40, 0x50, 0xe0, 0xff, 0x40, 0x50, 0xe0, 0xff,
    0x40, 0x4c, 0xe0, 0xff, 0x40, 0x4c, 0xe8, 0xff, 0x40, 0x4c, 0xe0, 0xff,
    0x40, 0x4c, 0xe8, 0xff, 0x40, 0x4c, 0xe8, 0xff, 0x40, 0x50, 0xe0, 0xff,
    0x40, 0x4c, 0xe0, 0xff, 0x38, 0x48, 0xe0, 0xff, 0x38, 0x48, 0xe0, 0xff,
    0x38, 0x48, 0xd8, 0xff, 0x38, 0x48, 0xe0, 0xff, 0x38, 0x44, 0xd8, 0xff,
    0x38, 0x44, 0xd8, 0xff, 0x38, 0x48, 0xe0, 0xff, 0x38, 0x48, 0xd8, 0xff,
    0x38, 0x44, 0xd8, 0xff, 0x38, 0x48, 0xe0, 0xff, 0x38, 0x48, 0xd8, 0xff,
    0x38, 0x44, 0xd8, 0xff, 0x38, 0x44, 0xd8, 0xff, 0x38, 0x44, 0xd8, 0xff,
    0x38, 0x44, 0xe0, 0xff, 0x30, 0x40, 0xd8, 0xff, 0x38, 0x44, 0xd8, 0xff,
    0x38, 0x44, 0xd8, 0xff, 0x38, 0x44, 0xd8, 0xff, 0x30, 0x44, 0xe0, 0xff,
    0x38, 0x44, 0xe0, 0xff, 0x38, 0x40, 0xd8, 0xff, 0x30, 0x40, 0xd8, 0xff,
    0x30, 0x40, 0xd8, 0xff, 0x30, 0x3c, 0xd8, 0xff, 0x38, 0x40, 0xd8, 0xff,
    0x38, 0x44, 0xd8, 0xff, 0x30, 0x40, 0xd8, 0xff, 0x38, 0x40, 0xd8, 0xff,
    0x30, 0x40, 0xd8, 0xff, 0x30, 0x40, 0xd8, 0xff, 0x30, 0x40, 0xd8, 0xff,
    0x30, 0x40, 0xd8, 0xff, 0x30, 0x40, 0xd8, 0xff, 0x30, 0x40, 0xd8, 0xff,
    0x38, 0x44, 0xd8, 0xff, 0x30, 0x40, 0xd8, 0xff, 0x30, 0x40, 0xd8, 0xff,
    0x38, 0x44, 0xd8, 0xff, 0x30, 0x40, 0xd8, 0xff, 0x38, 0x40, 0xd8, 0xff,
    0x30, 0x40, 0xd8, 0xff, 0x30, 0x40, 0xd0, 0xff, 0x38, 0x44, 0xd8, 0xff,
    0x38, 0x44, 0xe0, 0xff, 0x38, 0x44, 0xe0, 0x41, 0x38, 0x44, 0xd8, 0xff,
    0x38, 0x48, 0xd8, 0xff, 0x38, 0x48, 0xd8, 0xff, 0x38, 0x48, 0xe0, 0xff,
    0x40, 0x48, 0xd8, 0xff, 0x38, 0x48, 0xd8, 0xff, 0x38, 0x48, 0xe0, 0xff,
    0x40, 0x48, 0xe0, 0xff, 0x38, 0x48, 0xd8, 0xff, 0x38, 0x48, 0xd8, 0xff,
    0x40, 0x4c, 0xd8, 0xff, 0x40, 0x48, 0xe0, 0xff, 0x38, 0x4c, 0xd8, 0xff,
    0x38, 0x4c, 0xd8, 0xff, 0x40, 0x4c, 0xe0, 0xff, 0x40, 0x4c, 0xd8, 0xff,
    0x38, 0x4c, 0xe0, 0xff, 0x40, 0x4c, 0xe0, 0xff, 0x38, 0x4c, 0xd8, 0xff,
    0x38, 0x48, 0xd8, 0xff, 0x38, 0x48, 0xd8, 0xff, 0x40, 0x4c, 0xd8, 0xff,
    0x40, 0x4c, 0xe0, 0xff, 0x40, 0x4c, 0xe0, 0xff, 0x40, 0x50, 0xe0, 0xff,
    0x38, 0x4c, 0xe0, 0xff, 0x38, 0x4c, 0xe0, 0xff, 0x40, 0x4c, 0xe0, 0xff,
    0x40, 0x4c, 0xe0, 0xff, 0x40, 0x4c, 0xe0, 0xff, 0x38, 0x4c, 0xe0, 0xff,
    0x40, 0x4c, 0xe0, 0xff, 0x40, 0x50, 0xe0, 0xff, 0x40, 0x50, 0xe0, 0xff,
    0x40, 0x50, 0xe8, 0xff, 0x48, 0x50, 0xe8, 0xff, 0x48, 0x54, 0xe8, 0xff,
    0x38, 0x48, 0xd8, 0xff, 0x40, 0x4c, 0xe0, 0xff, 0x40, 0x50, 0xe8, 0xff,
    0x48, 0x54, 0xe8, 0xff, 0x48, 0x54, 0xf0, 0xff, 0x48, 0x58, 0xf0, 0xff,
    0x48, 0x58, 0xe8, 0xff, 0x48, 0x58, 0xe8, 0xff, 0x48, 0x58, 0xe8, 0xff,
    0x48, 0x58, 0xf0, 0xff, 0x48, 0x58, 0xf0, 0xff, 0x48, 0x58, 0xf0, 0xff,
    0x50, 0x5c, 0xf0, 0xff, 0x48, 0x5c, 0xf0, 0xff, 0x48, 0x5c, 0xf0, 0xff,
    0x48, 0x54, 0xe8, 0xff, 0x48, 0x58, 0xe8, 0xff, 0x50, 0x5c, 0xf0, 0xff,
    0x48, 0x5c, 0xf0, 0xff, 0x50, 0x5c, 0xf0, 0xff, 0x50, 0x60, 0xf0, 0xff,
    0x50, 0x64, 0xf0, 0xff, 0x58, 0x68, 0xf0, 0xff, 0x58, 0x64, 0xf0, 0xff,
    0x58, 0x64, 0xf0, 0xff, 0x50, 0x64, 0xf0, 0xff, 0x50, 0x60, 0xf0, 0xff,
    0x50, 0x5c, 0xf0, 0xff, 0x50, 0x58, 0xf0, 0xff, 0x48, 0x58, 0xf0, 0xff,
    0x48, 0x58, 0xf0, 0xff, 0x48, 0x58, 0xf0, 0xff, 0x48, 0x58, 0xf0, 0xff,
    0x48, 0x58, 0xf0, 0xff, 0x48, 0x58, 0xf0, 0xff, 0x50, 0x58, 0xf0, 0xff,
    0x50, 0x58, 0xf0, 0xff, 0x48, 0x5c, 0xf0, 0xff, 0x50, 0x5c, 0xf0, 0xff,
    0x50, 0x5c, 0xf0, 0xff, 0x50, 0x5c, 0xf0, 0xff, 0x48, 0x58, 0xe8, 0xff,
    0x48, 0x58, 0xe8, 0xff, 0x48, 0x58, 0xf0, 0xff, 0x48, 0x54, 0xe8, 0xff,
    0x48, 0x58, 0xe8, 0xff, 0x48, 0x58, 0xf0, 0xff, 0x48, 0x58, 0xf0, 0xff,
    0x50, 0x5c, 0xf0, 0xff, 0x48, 0x58, 0xf0, 0xff, 0x48, 0x54, 0xe8, 0xff,
    0x48, 0x58, 0xf0, 0xff, 0x48, 0x58, 0xf0, 0xff, 0x48, 0x58, 0xf0, 0xff,
    0x50, 0x58, 0xf0, 0xff, 0x48, 0x58, 0xf0, 0xff, 0x48, 0x58, 0xf0, 0xff,
    0x48, 0x58, 0xe8, 0xff, 0x48, 0x54, 0xe8, 0xff, 0x48, 0x54, 0xf0, 0xff,
    0x48, 0x54, 0xf0, 0xff, 0x48, 0x54, 0xe8, 0xff, 0x40, 0x50, 0xe8, 0xff,
    0x48, 0x54, 0xf0, 0xff, 0x48, 0x58, 0xf0, 0xff, 0x48, 0x50, 0xe8, 0xff,
    0x40, 0x4c, 0xe8, 0xff, 0x40, 0x50, 0xe8, 0xff, 0x48, 0x54, 0xe8, 0xff,
    0x40, 0x54, 0xe8, 0xff, 0x48, 0x54, 0xf0, 0xff, 0x48, 0x58, 0xf0, 0xff,
    0x48, 0x58, 0xf0, 0xff, 0x48, 0x54, 0xe8, 0xff, 0x48, 0x54, 0xe8, 0xff,
    0x48, 0x58, 0xe8, 0xff, 0x48, 0x54, 0xe8, 0xff, 0x40, 0x50, 0xe8, 0xff,
    0x48, 0x50, 0xe8, 0xff, 0x48, 0x50, 0xe8, 0xff, 0x40, 0x50, 0xe8, 0xff,
    0x48, 0x54, 0xe8, 0xff, 0x40, 0x4c, 0xe8, 0xff, 0x38, 0x4c, 0xe0, 0xff,
    0x40, 0x4c, 0xe8, 0xff, 0x40, 0x4c, 0xe0, 0xff, 0x40, 0x4c, 0xe8, 0xff,
    0x40, 0x4c, 0xe8, 0xff, 0x40, 0x4c, 0xe0, 0xff, 0x40, 0x4c, 0xe0, 0xff,
    0x38, 0x48, 0xe0, 0xff, 0x38, 0x48, 0xe0, 0xff, 0x38, 0x48, 0xe0, 0xff,
    0x38, 0x44, 0xd8, 0xff, 0x38, 0x44, 0xd8, 0xff, 0x38, 0x44, 0xd8, 0xff,
    0x38, 0x48, 0xe0, 0xff, 0x38, 0x48, 0xe0, 0xff, 0x38, 0x44, 0xd8, 0xff,
    0x38, 0x48, 0xe0, 0xff, 0x38, 0x44, 0xd8, 0xff, 0x38, 0x44, 0xe0, 0xff,
    0x38, 0x44, 0xe0, 0xff, 0x38, 0x48, 0xd8, 0xff, 0x38, 0x44, 0xe0, 0xff,
    0x38, 0x44, 0xd8, 0xff, 0x38, 0x44, 0xd8, 0xff, 0x38, 0x44, 0xd8, 0xff,
    0x38, 0x44, 0xd8, 0xff, 0x38, 0x44, 0xe0, 0xff, 0x38, 0x40, 0xe0, 0xff,
    0x38, 0x44, 0xe0, 0xff, 0x38, 0x44, 0xd8, 0xff, 0x30, 0x40, 0xd8, 0xff,
    0x38, 0x44, 0xd8, 0xff, 0x38, 0x44, 0xd8, 0xff, 0x38, 0x44, 0xd8, 0xff,
    0x38, 0x44, 0xd8, 0xff, 0x30, 0x40, 0xd8, 0xff, 0x30, 0x40, 0xd8, 0xff,
    0x38, 0x44, 0xd8, 0xff, 0x30, 0x40, 0xd8, 0xff, 0x30, 0x40, 0xd8, 0xff,
    0x38, 0x44, 0xd8, 0xff, 0x38, 0x44, 0xd8, 0xff, 0x30, 0x40, 0xd0, 0xff,
    0x30, 0x40, 0xd8, 0xff, 0x38, 0x44, 0xd8, 0xff, 0x30, 0x40, 0xd8, 0xff,
    0x38, 0x44, 0xd8, 0xff, 0x38, 0x40, 0xd8, 0xff, 0x30, 0x40, 0xd8, 0xff,
    0x38, 0x44, 0xd8, 0xff, 0x38, 0x48, 0xe0, 0xff, 0x38, 0x48, 0xe0, 0x41,
    0x38, 0x48, 0xd8, 0xff, 0x38, 0x48, 0xe0, 0xff, 0x38, 0x48, 0xd8, 0xff,
    0x40, 0x4c, 0xd8, 0xff, 0x38, 0x4c, 0xd8, 0xff, 0x38, 0x48, 0xd8, 0xff,
    0x38, 0x48, 0xd8, 0xff, 0x38, 0x48, 0xd8, 0xff, 0x38, 0x48, 0xd8, 0xff,
    0x38, 0x4c, 0xd8, 0xff, 0x38, 0x4c, 0xd8, 0xff, 0x38, 0x4c, 0xd8, 0xff,
    0x38, 0x48, 0xd8, 0xff, 0x40, 0x4c, 0xd8, 0xff, 0x40, 0x4c, 0xe0, 0xff,
    0x38, 0x4c, 0xd8, 0xff, 0x40, 0x4c, 0xd8, 0xff, 0x40, 0x4c, 0xd8, 0xff,
    0x38, 0x48, 0xd8, 0xff, 0x38, 0x4c, 0xd8, 0xff, 0x40, 0x4c, 0xe0, 0xff,
    0x38, 0x4c, 0xd8, 0xff, 0x40, 0x4c, 0xe0, 0xff, 0x40, 0x4c, 0xe0, 0xff,
    0x40, 0x50, 0xe0, 0xff, 0x40, 0x50, 0xe0, 0xff, 0x40, 0x4c, 0xe0, 0xff,
    0x40, 0x4c, 0xe0, 0xff, 0x40, 0x4c, 0xe0, 0xff, 0x40, 0x4c, 0xe0, 0xff,
    0x40, 0x50, 0xe0, 0xff, 0x40, 0x50, 0xe8, 0xff, 0x40, 0x50, 0xe8, 0xff,
    0x48, 0x50, 0xe0, 0xff, 0x48, 0x54, 0xe8, 0xff, 0x48, 0x54, 0xe8, 0xff,
    0x48, 0x54, 0xe8, 0xff, 0x48, 0x58, 0xe8, 0xff, 0x48, 0x54, 0xe8, 0xff,
    0x48, 0x54, 0xe8, 0xff, 0x48, 0x54, 0xe8, 0xff, 0x48, 0x54, 0xe8, 0xff,
    0x48, 0x54, 0xe8, 0xff, 0x48, 0x58, 0xe8, 0xff, 0x48, 0x54, 0xe8, 0xff,
    0x48, 0x54, 0xe8, 0xff, 0x48, 0x54, 0xe8, 0xff, 0x48, 0x58, 0xe8, 0xff,
    0x48, 0x58, 0xe8, 0xff, 0x48, 0x58, 0xf0, 0xff, 0x50, 0x58, 0xf0, 0xff,
    0x48, 0x58, 0xe8, 0xff, 0x48, 0x58, 0xe8, 0xff, 0x48, 0x5c, 0xe8, 0xff,
    0x50, 0x5c, 0xe8, 0xff, 0x50, 0x60, 0xf0, 0xff, 0x50, 0x60, 0xf0, 0xff,
    0x50, 0x5c, 0xe8, 0xff, 0x50, 0x60, 0xf0, 0xff, 0x50, 0x64, 0xf0, 0xff,
    0x58, 0x68, 0xf0, 0xff, 0x58, 0x68, 0xf0, 0xff, 0x58, 0x64, 0xf0, 0xff,
    0x50, 0x64, 0xf0, 0xff, 0x50, 0x60, 0xf0, 0xff, 0x50, 0x60, 0xf0, 0xff,
    0x50, 0x5c, 0xf0, 0xff, 0x50, 0x5c, 0xf0, 0xff, 0x50, 0x5c, 0xf0, 0xff,
    0x50, 0x5c, 0xf0, 0xff, 0x50, 0x5c, 0xf0, 0xff, 0x50, 0x5c, 0xf0, 0xff,
    0x50, 0x5c, 0xf0, 0xff, 0x48, 0x5c, 0xf0, 0xff, 0x50, 0x58, 0xf0, 0xff,
    0x50, 0x5c, 0xf0, 0xff, 0x48, 0x58, 0xf0, 0xff, 0x48, 0x58, 0xf0, 0xff,
    0x50, 0x58, 0xf0, 0xff, 0x50, 0x58, 0xf0, 0xff, 0x48, 0x58, 0xe8, 0xff,
    0x48, 0x54, 0xe8, 0xff, 0x50, 0x5c, 0xf0, 0xff, 0x50, 0x5c, 0xf0, 0xff,
    0x48, 0x58, 0xf0, 0xff, 0x48, 0x58, 0xf0, 0xff, 0x48, 0x58, 0xf0, 0xff,
    0x48, 0x58, 0xf0, 0xff, 0x48, 0x54, 0xe8, 0xff, 0x48, 0x58, 0xf0, 0xff,
    0x50, 0x5c, 0xf0, 0xff, 0x50, 0x5c, 0xf0, 0xff, 0x48, 0x58, 0xf0, 0xff,
    0x48, 0x58, 0xf0, 0xff, 0x48, 0x58, 0xf0, 0xff, 0x50, 0x5c, 0xf0, 0xff,
    0x48, 0x5c, 0xf0, 0xff, 0x48, 0x5c, 0xf0, 0xff, 0x48, 0x58, 0xf0, 0xff,
    0x48, 0x54, 0xe8, 0xff, 0x48, 0x54, 0xe8, 0xff, 0x48, 0x58, 0xf0, 0xff,
    0x48, 0x50, 0xe8, 0xff, 0x40, 0x50, 0xe8, 0xff, 0x40, 0x50, 0xe0, 0xff,
    0x40, 0x50, 0xe8, 0xff, 0x48, 0x54, 0xe8, 0xff, 0x48, 0x54, 0xe8, 0xff,
    0x48, 0x54, 0xe8, 0xff, 0x48, 0x54, 0xe8, 0xff, 0x48, 0x54, 0xe8, 0xff,
    0x40, 0x54, 0xe8, 0xff, 0x48, 0x54, 0xe8, 0xff, 0x40, 0x54, 0xe8, 0xff,
    0x48, 0x54, 0xe8, 0xff, 0x40, 0x54, 0xe8, 0xff, 0x48, 0x54, 0xe8, 0xff,
    0x40, 0x50, 0xe8, 0xff, 0x40, 0x50, 0xe8, 0xff, 0x40, 0x50, 0xe8, 0xff,
    0x40, 0x4c, 0xe0, 0xff, 0x38, 0x4c, 0xe0, 0xff, 0x40, 0x50, 0xe0, 0xff,
    0x40, 0x50, 0xe8, 0xff, 0x40, 0x4c, 0xe8, 0xff, 0x40, 0x4c, 0xe0, 0xff,
    0x40, 0x4c, 0xe0, 0xff, 0x40, 0x4c, 0xe0, 0xff, 0x38, 0x48, 0xe0, 0xff,
    0x38, 0x48, 0xe0, 0xff, 0x40, 0x4c, 0xe0, 0xff, 0x38, 0x48, 0xe0, 0xff,
    0x38, 0x44, 0xe0, 0xff, 0x38, 0x44, 0xd8, 0xff, 0x38, 0x48, 0xe0, 0xff,
    0x38, 0x48, 0xe0, 0xff, 0x38, 0x44, 0xd8, 0xff, 0x38, 0x44, 0xd8, 0xff,
    0x38, 0x44, 0xd8, 0xff, 0x38, 0x44, 0xd8, 0xff, 0x38, 0x44, 0xd8, 0xff,
    0x38, 0x48, 0xe0, 0xff, 0x38, 0x44, 0xe0, 0xff, 0x38, 0x44, 0xe0, 0xff,
    0x30, 0x44, 0xd8, 0xff, 0x30, 0x40, 0xd8, 0xff, 0x38, 0x44, 0xd8, 0xff,
    0x38, 0x44, 0xd8, 0xff, 0x38, 0x44, 0xd8, 0xff, 0x38, 0x44, 0xd8, 0xff,
    0x38, 0x44, 0xd8, 0xff, 0x38, 0x48, 0xd8, 0xff, 0x38, 0x48, 0xe0, 0xff,
    0x38, 0x44, 0xe0, 0xff, 0x38, 0x44, 0xd8, 0xff, 0x30, 0x40, 0xd0, 0xff,
    0x30, 0x3c, 0xd0, 0xff, 0x30, 0x40, 0xd0, 0xff, 0x30, 0x40, 0xd0, 0xff,
    0x38, 0x44, 0xd8, 0xff, 0x38, 0x40, 0xd8, 0xff, 0x30, 0x44, 0xd8, 0xff,
    0x30, 0x40, 0xd0, 0xff, 0x38, 0x44, 0xd8, 0xff, 0x38, 0x44, 0xd8, 0xff,
    0x38, 0x44, 0xd8, 0xff, 0x38, 0x48, 0xd8, 0xff, 0x38, 0x44, 0xd8, 0xff,
    0x30, 0x44, 0xd8, 0xff, 0x38, 0x44, 0xd8, 0xff, 0x38, 0x44, 0xd8, 0xff,
    0x38, 0x44, 0xd8, 0x41, 0x38, 0x44, 0xd8, 0xff, 0x38, 0x48, 0xd8, 0xff,
    0x38, 0x48, 0xd8, 0xff, 0x38, 0x48, 0xd8, 0xff, 0x38, 0x48, 0xd8, 0xff,
    0x38, 0x48, 0xd8, 0xff, 0x38, 0x48, 0xd8, 0xff, 0x38, 0x48, 0xd8, 0xff,
    0x38, 0x48, 0xd8, 0xff, 0x38, 0x48, 0xd8, 0xff, 0x40, 0x48, 0xd8, 0xff,
    0x38, 0x4c, 0xd8, 0xff, 0x40, 0x4c, 0xe0, 0xff, 0x38, 0x4c, 0xd8, 0xff,
    0x38, 0x48, 0xd8, 0xff, 0x38, 0x4c, 0xd8, 0xff, 0x38, 0x4c, 0xd8, 0xff,
    0x38, 0x4c, 0xd8, 0xff, 0x38, 0x48, 0xd8, 0xff, 0x38, 0x4c, 0xd8, 0xff,
    0x40, 0x4c, 0xd8, 0xff, 0x38, 0x4c, 0xd8, 0xff, 0x38, 0x4c, 0xe0, 0xff,
    0x40, 0x4c, 0xe0, 0xff, 0x40, 0x4c, 0xe0, 0xff, 0x40, 0x4c, 0xe0, 0xff,
    0x40, 0x50, 0xe0, 0xff, 0x40, 0x50, 0xe0, 0xff, 0x40, 0x50, 0xe8, 0xff,
    0x40, 0x50, 0xe0, 0xff, 0x40, 0x4c, 0xe0, 0xff, 0x40, 0x50, 0xe8, 0xff,
    0x40, 0x50, 0xe8, 0xff, 0x40, 0x50, 0xe8, 0xff, 0x40, 0x50, 0xe0, 0xff,
    0x48, 0x54, 0xe8, 0xff, 0x40, 0x54, 0xe8, 0xff, 0x48, 0x54, 0xe8, 0xff,
    0x48, 0x58, 0xe8, 0xff, 0x48, 0x54, 0xe8, 0xff, 0x40, 0x54, 0xe8, 0xff,
    0x40, 0x54, 0xe8, 0xff, 0x48, 0x54, 0xe8, 0xff, 0x48, 0x54, 0xe8, 0xff,
    0x48, 0x54, 0xe8, 0xff, 0x48, 0x58, 0xf0, 0xff, 0x48, 0x58, 0xe8, 0xff,
    0x48, 0x54, 0xe8, 0xff, 0x48, 0x58, 0xe8, 0xff, 0x48, 0x54, 0xe8, 0xff,
    0x48, 0x58, 0xe8, 0xff, 0x48, 0x58, 0xf0, 0xff, 0x48, 0x58, 0xe8, 0xff,
    0x48, 0x58, 0xe8, 0xff, 0x48, 0x58, 0xe8, 0xff, 0x50, 0x5c, 0xe8, 0xff,
    0x50, 0x5c, 0xf0, 0xff, 0x50, 0x5c, 0xf0, 0xff, 0x50, 0x60, 0xf0, 0xff,
    0x50, 0x5c, 0xf0, 0xff, 0x50, 0x64, 0xf0, 0xff, 0x58, 0x64, 0xf0, 0xff,
    0x58, 0x68, 0xf8, 0xff, 0x58, 0x68, 0xf8, 0xff, 0x50, 0x64, 0xf0, 0xff,
    0x50, 0x60, 0xf0, 0xff, 0x50, 0x5c, 0xf0, 0xff, 0x48, 0x58, 0xe8, 0xff,
    0x48, 0x58, 0xf0, 0xff, 0x50, 0x5c, 0xf0, 0xff, 0x50, 0x5c, 0xf0, 0xff,
    0x50, 0x5c, 0xf0, 0xff, 0x48, 0x5c, 0xf0, 0xff, 0x48, 0x58, 0xe8, 0xff,
    0x48, 0x58, 0xf0, 0xff, 0x50, 0x5c, 0xf0, 0xff, 0x48, 0x58, 0xf0, 0xff,
    0x48, 0x58, 0xe8, 0xff, 0x48, 0x58, 0xf0, 0xff, 0x48, 0x58, 0xf0, 0xff,
    0x48, 0x5c, 0xf0, 0xff, 0x48, 0x58, 0xf0, 0xff, 0x48, 0x58, 0xf0, 0xff,
    0x48, 0x58, 0xf0, 0xff, 0x48, 0x58, 0xf0, 0xff, 0x50, 0x58, 0xf0, 0xff,
    0x48, 0x58, 0xf0, 0xff, 0x48, 0x58, 0xf0, 0xff, 0x48, 0x58, 0xe8, 0xff,
    0x48, 0x58, 0xe8, 0xff, 0x48, 0x58, 0xf0, 0xff, 0x48, 0x54, 0xe8, 0xff,
    0x48, 0x58, 0xe8, 0xff, 0x48, 0x58, 0xf0, 0xff, 0x48, 0x58, 0xf0, 0xff,
    0x48, 0x58, 0xf0, 0xff, 0x50, 0x58, 0xf0, 0xff, 0x48, 0x58, 0xf0, 0xff,
    0x48, 0x58, 0xf0, 0xff, 0x48, 0x58, 0xf0, 0xff, 0x48, 0x54, 0xe8, 0xff,
    0x48, 0x58, 0xe8, 0xff, 0x48, 0x54, 0xe8, 0xff, 0x48, 0x50, 0xe8, 0xff,
    0x40, 0x50, 0xe8, 0xff, 0x40, 0x50, 0xe8, 0xff, 0x48, 0x54, 0xe8, 0xff,
    0x40, 0x54, 0xe8, 0xff, 0x40, 0x54, 0xe8, 0xff, 0x48, 0x54, 0xe8, 0xff,
    0x48, 0x54, 0xe8, 0xff, 0x48, 0x54, 0xf0, 0xff, 0x40, 0x50, 0xe8, 0xff,
    0x48, 0x50, 0xe8, 0xff, 0x40, 0x54, 0xe8, 0xff, 0x40, 0x50, 0xe8, 0xff,
    0x40, 0x50, 0xe8, 0xff, 0x40, 0x50, 0xe8, 0xff, 0x40, 0x50, 0xe8, 0xff,
    0x48, 0x50, 0xe8, 0xff, 0x40, 0x50, 0xe8, 0xff, 0x40, 0x4c, 0xe0, 0xff,
    0x40, 0x4c, 0xe8, 0xff, 0x40, 0x50, 0xe8, 0xff, 0x40, 0x4c, 0xe0, 0xff,
    0x40, 0x4c, 0xe0, 0xff, 0x40, 0x4c, 0xe0, 0xff, 0x38, 0x4c, 0xe0, 0xff,
    0x40, 0x48, 0xe0, 0xff, 0x38, 0x48, 0xe0, 0xff, 0x38, 0x48, 0xe0, 0xff,
    0x38, 0x48, 0xe0, 0xff, 0x38, 0x48, 0xe0, 0xff, 0x38, 0x44, 0xd8, 0xff,
    0x38, 0x48, 0xe0, 0xff, 0x38, 0x48, 0xe0, 0xff, 0x38, 0x44, 0xd8, 0xff,
    0x38, 0x44, 0xd8, 0xff, 0x30, 0x44, 0xd8, 0xff, 0x38, 0x44, 0xe0, 0xff,
    0x38, 0x44, 0xd8, 0xff, 0x38, 0x44, 0xd8, 0xff, 0x30, 0x44, 0xd8, 0xff,
    0x38, 0x44, 0xd8, 0xff, 0x38, 0x44, 0xd8, 0xff, 0x30, 0x44, 0xd8, 0xff,
    0x30, 0x44, 0xd8, 0xff, 0x38, 0x48, 0xe0, 0xff, 0x38, 0x44, 0xd8, 0xff,
    0x38, 0x44, 0xd8, 0xff, 0x38, 0x48, 0xd8, 0xff, 0x38, 0x48, 0xe0, 0xff,
    0x38, 0x48, 0xd8, 0xff, 0x38, 0x44, 0xd8, 0xff, 0x30, 0x44, 0xd8, 0xff,
    0x38, 0x44, 0xd8, 0xff, 0x38, 0x44, 0xd8, 0xff, 0x38, 0x44, 0xd8, 0xff,
    0x38, 0x44, 0xd8, 0xff, 0x38, 0x44, 0xd8, 0xff, 0x30, 0x44, 0xd8, 0xff,
    0x30, 0x40, 0xd0, 0xff, 0x38, 0x44, 0xd0, 0xff, 0x38, 0x44, 0xd8, 0xff,
    0x38, 0x48, 0xd8, 0xff, 0x38, 0x44, 0xd0, 0xff, 0x38, 0x48, 0xd8, 0xff,
    0x38, 0x48, 0xd8, 0xff, 0x38, 0x44, 0xd8, 0xff, 0x30, 0x40, 0xd8, 0xff,
    0x30, 0x40, 0xd8, 0xff, 0x30, 0x40, 0xd0, 0x41, 0x38, 0x44, 0xd0, 0xff,
    0x38, 0x48, 0xd8, 0xff, 0x38, 0x48, 0xd8, 0xff, 0x38, 0x48, 0xd8, 0xff,
    0x38, 0x48, 0xd8, 0xff, 0x38, 0x48, 0xd8, 0xff, 0x38, 0x48, 0xd8, 0xff,
    0x38, 0x48, 0xd8, 0xff, 0x38, 0x48, 0xd8, 0xff, 0x38, 0x48, 0xd8, 0xff,
    0x38, 0x48, 0xd8, 0xff, 0x40, 0x4c, 0xe0, 0xff, 0x40, 0x4c, 0xe0, 0xff,
    0x38, 0x4c, 0xd8, 0xff, 0x40, 0x48, 0xe0, 0xff, 0x40, 0x4c, 0xe0, 0xff,
    0x38, 0x4c, 0xd8, 0xff, 0x40, 0x4c, 0xe0, 0xff, 0x40, 0x4c, 0xe0, 0xff,
    0x38, 0x4c, 0xd8, 0xff, 0x38, 0x4c, 0xd8, 0xff, 0x40, 0x50, 0xe0, 0xff,
    0x40, 0x50, 0xe0, 0xff, 0x38, 0x4c, 0xd8, 0xff, 0x40, 0x50, 0xe0, 0xff,
    0x40, 0x4c, 0xe0, 0xff, 0x40, 0x50, 0xe0, 0xff, 0x40, 0x50, 0xe0, 0xff,
    0x40, 0x50, 0xe0, 0xff, 0x38, 0x4c, 0xe0, 0xff, 0x40, 0x4c, 0xe0, 0xff,
    0x40, 0x4c, 0xe0, 0xff, 0x40, 0x50, 0xe0, 0xff, 0x40, 0x50, 0xe8, 0xff,
    0x40, 0x50, 0xe0, 0xff, 0x48, 0x50, 0xe8, 0xff, 0x48, 0x54, 0xe8, 0xff,
    0x48, 0x54, 0xf0, 0xff, 0x48, 0x54, 0xe8, 0xff, 0x48, 0x58, 0xe8, 0xff,
    0x40, 0x54, 0xe8, 0xff, 0x40, 0x50, 0xe8, 0xff, 0x40, 0x54, 0xe8, 0xff,
    0x48, 0x54, 0xe8, 0xff, 0x40, 0x54, 0xe8, 0xff, 0x48, 0x54, 0xe8, 0xff,
    0x48, 0x58, 0xf0, 0xff, 0x48, 0x54, 0xe8, 0xff, 0x48, 0x54, 0xe8, 0xff,
    0x48, 0x54, 0xe8, 0xff, 0x48, 0x5c, 0xe8, 0xff, 0x48, 0x58, 0xe8, 0xff,
    0x48, 0x58, 0xe8, 0xff, 0x50, 0x5c, 0xe8, 0xff, 0x48, 0x5c, 0xf0, 0xff,
    0x50, 0x5c, 0xf0, 0xff, 0x48, 0x60, 0xe8, 0xff, 0x50, 0x60, 0xf0, 0xff,
    0x50, 0x5c, 0xe8, 0xff, 0x50, 0x60, 0xf0, 0xff, 0x50, 0x64, 0xf0, 0xff,
    0x50, 0x64, 0xf0, 0xff, 0x50, 0x64, 0xf0, 0xff, 0x58, 0x68, 0xf0, 0xff,
    0x50, 0x64, 0xf0, 0xff, 0x50, 0x60, 0xf0, 0xff, 0x48, 0x58, 0xe8, 0xff,
    0x48, 0x58, 0xf0, 0xff, 0x48, 0x58, 0xe8, 0xff, 0x48, 0x5c, 0xf0, 0xff,
    0x48, 0x58, 0xf0, 0xff, 0x48, 0x58, 0xf0, 0xff, 0x48, 0x58, 0xe8, 0xff,
    0x50, 0x58, 0xf0, 0xff, 0x48, 0x58, 0xf0, 0xff, 0x48, 0x5c, 0xf0, 0xff,
    0x50, 0x58, 0xf0, 0xff, 0x48, 0x58, 0xe8, 0xff, 0x50, 0x58, 0xf0, 0xff,
    0x48, 0x58, 0xf0, 0xff, 0x50, 0x5c, 0xf0, 0xff, 0x50, 0x5c, 0xf0, 0xff,
    0x50, 0x5c, 0xf0, 0xff, 0x50, 0x5c, 0xf0, 0xff, 0x50, 0x5c, 0xf0, 0xff,
    0x50, 0x5c, 0xf0, 0xff, 0x50, 0x58, 0xf0, 0xff, 0x48, 0x58, 0xf0, 0xff,
    0x48, 0x58, 0xf0, 0xff, 0x48, 0x58, 0xf0, 0xff, 0x48, 0x58, 0xf0, 0xff,
    0x48, 0x58, 0xf0, 0xff, 0x50, 0x58, 0xf0, 0xff, 0x48, 0x58, 0xe8, 0xff,
    0x48, 0x58, 0xe8, 0xff, 0x48, 0x58, 0xf0, 0xff, 0x48, 0x54, 0xe8, 0xff,
    0x48, 0x54, 0xe8, 0xff, 0x48, 0x58, 0xf0, 0xff, 0x48, 0x58, 0xf0, 0xff,
    0x48, 0x58, 0xf0, 0xff, 0x48, 0x58, 0xf0, 0xff, 0x48, 0x54, 0xe8, 0xff,
    0x48, 0x54, 0xe8, 0xff, 0x48, 0x54, 0xe8, 0xff, 0x48, 0x54, 0xe8, 0xff,
    0x48, 0x54, 0xe8, 0xff, 0x48, 0x54, 0xe8, 0xff, 0x48, 0x54, 0xe8, 0xff,
    0x40, 0x54, 0xe8, 0xff, 0x48, 0x54, 0xe8, 0xff, 0x40, 0x50, 0xe8, 0xff,
    0x40, 0x54, 0xe8, 0xff, 0x40, 0x50, 0xe8, 0xff, 0x40, 0x50, 0xe8, 0xff,
    0x40, 0x4c, 0xe0, 0xff, 0x40, 0x50, 0xe8, 0xff, 0x48, 0x50, 0xe8, 0xff,
    0x48, 0x50, 0xe8, 0xff, 0x40, 0x50, 0xe8, 0xff, 0x40, 0x50, 0xe8, 0xff,
    0x40, 0x50, 0xe0, 0xff, 0x40, 0x50, 0xe8, 0xff, 0x40, 0x4c, 0xe0, 0xff,
    0x38, 0x4c, 0xe0, 0xff, 0x38, 0x4c, 0xe0, 0xff, 0x38, 0x4c, 0xe0, 0xff,
    0x38, 0x48, 0xe0, 0xff, 0x40, 0x4c, 0xe0, 0xff, 0x38, 0x44, 0xd8, 0xff,
    0x38, 0x48, 0xd8, 0xff, 0x38, 0x48, 0xd8, 0xff, 0x40, 0x48, 0xe0, 0xff,
    0x38, 0x48, 0xe0, 0xff, 0x38, 0x48, 0xd8, 0xff, 0x38, 0x48, 0xe0, 0xff,
    0x38, 0x44, 0xd8, 0xff, 0x38, 0x44, 0xd8, 0xff, 0x38, 0x44, 0xd8, 0xff,
    0x38, 0x48, 0xe0, 0xff, 0x38, 0x48, 0xd8, 0xff, 0x38, 0x48, 0xe0, 0xff,
    0x38, 0x44, 0xd8, 0xff, 0x38, 0x48, 0xd8, 0xff, 0x38, 0x48, 0xd8, 0xff,
    0x38, 0x44, 0xd8, 0xff, 0x38, 0x44, 0xd8, 0xff, 0x38, 0x44, 0xd8, 0xff,
    0x30, 0x44, 0xd8, 0xff, 0x38, 0x48, 0xd8, 0xff, 0x38, 0x48, 0xe0, 0xff,
    0x38, 0x48, 0xe0, 0xff, 0x38, 0x44, 0xd8, 0xff, 0x38, 0x48, 0xd8, 0xff,
    0x38, 0x48, 0xe0, 0xff, 0x38, 0x48, 0xd8, 0xff, 0x40, 0x48, 0xd8, 0xff,
    0x38, 0x4c, 0xd8, 0xff, 0x38, 0x48, 0xd8, 0xff, 0x38, 0x48, 0xd8, 0xff,
    0x38, 0x48, 0xd8, 0xff, 0x38, 0x48, 0xd0, 0xff, 0x30, 0x44, 0xd0, 0xff,
    0x38, 0x48, 0xd8, 0xff, 0x38, 0x48, 0xd8, 0xff, 0x38, 0x48, 0xd8, 0xff,
    0x40, 0x4c, 0xd8, 0xff, 0x38, 0x48, 0xd8, 0xff, 0x38, 0x48, 0xd8, 0xff,
    0x38, 0x48, 0xd8, 0xff, 0x38, 0x48, 0xd8, 0xff, 0x38, 0x48, 0xd8, 0x41,
    0x38, 0x44, 0xd8, 0xff, 0x38, 0x44, 0xd8, 0xff, 0x38, 0x48, 0xd8, 0xff,
    0x38, 0x48, 0xd8, 0xff, 0x38, 0x4c, 0xd8, 0xff, 0x38, 0x48, 0xd8, 0xff,
    0x38, 0x48, 0xd8, 0xff, 0x38, 0x48, 0xd0, 0xff, 0x38, 0x48, 0xd8, 0xff,
    0x38, 0x48, 0xd8, 0xff, 0x38, 0x44, 0xd8, 0xff, 0x38, 0x48, 0xd8, 0xff,
    0x38, 0x4c, 0xd8, 0xff, 0x38, 0x4c, 0xd8, 0xff, 0x40, 0x4c, 0xe0, 0xff,
    0x38, 0x4c, 0xd8, 0xff, 0x40, 0x4c, 0xd8, 0xff, 0x40, 0x4c, 0xd8, 0xff,
    0x40, 0x4c, 0xe0, 0xff, 0x40, 0x4c, 0xe0, 0xff, 0x40, 0x4c, 0xd8, 0xff,
    0x38, 0x4c, 0xe0, 0xff, 0x40, 0x4c, 0xe0, 0xff, 0x38, 0x4c, 0xd8, 0xff,
    0x40, 0x50, 0xe0, 0xff, 0x40, 0x50, 0xe0, 0xff, 0x40, 0x50, 0xd8, 0xff,
    0x40, 0x50, 0xe0, 0xff, 0x40, 0x50, 0xe0, 0xff, 0x38, 0x4c, 0xd8, 0xff,
    0x38, 0x4c, 0xe0, 0xff, 0x40, 0x4c, 0xe0, 0xff, 0x40, 0x4c, 0xe0, 0xff,
    0x48, 0x50, 0xe0, 0xff, 0x40, 0x54, 0xe0, 0xff, 0x40, 0x54, 0xe8, 0xff,
    0x48, 0x54, 0xe8, 0xff, 0x48, 0x54, 0xe8, 0xff, 0x48, 0x54, 0xe8, 0xff,
    0x48, 0x58, 0xf0, 0xff, 0x48, 0x54, 0xe8, 0xff, 0x48, 0x54, 0xe8, 0xff,
    0x40, 0x50, 0xe8, 0xff, 0x40, 0x50, 0xe8, 0xff, 0x48, 0x50, 0xe8, 0xff,
    0x48, 0x54, 0xe8, 0xff, 0x48, 0x58, 0xf0, 0xff, 0x48, 0x54, 0xe8, 0xff,
    0x48, 0x5c, 0xf0, 0xff, 0x48, 0x58, 0xf0, 0xff, 0x48, 0x54, 0xe8, 0xff,
    0x50, 0x5c, 0xf0, 0xff, 0x50, 0x5c, 0xf0, 0xff, 0x48, 0x5c, 0xe8, 0xff,
    0x50, 0x5c, 0xf0, 0xff, 0x50, 0x5c, 0xf0, 0xff, 0x50, 0x60, 0xe8, 0xff,
    0x50, 0x60, 0xf0, 0xff, 0x48, 0x5c, 0xf0, 0xff, 0x50, 0x60, 0xe8, 0xff,
    0x50, 0x60, 0xf0, 0xff, 0x50, 0x60, 0xf0, 0xff, 0x50, 0x64, 0xf0, 0xff,
    0x58, 0x68, 0xf0, 0xff, 0x58, 0x64, 0xf0, 0xff, 0x50, 0x60, 0xf0, 0xff,
    0x48, 0x58, 0xf0, 0xff, 0x48, 0x58, 0xf0, 0xff, 0x48, 0x54, 0xe8, 0xff,
    0x48, 0x58, 0xe8, 0xff, 0x48, 0x58, 0xe8, 0xff, 0x50, 0x58, 0xf0, 0xff,
    0x48, 0x58, 0xe8, 0xff, 0x48, 0x58, 0xe8, 0xff, 0x48, 0x58, 0xe8, 0xff,
    0x50, 0x5c, 0xf0, 0xff, 0x50, 0x5c, 0xf0, 0xff, 0x48, 0x58, 0xe8, 0xff,
    0x48, 0x58, 0xe8, 0xff, 0x50, 0x5c, 0xf0, 0xff, 0x50, 0x5c, 0xf0, 0xff,
    0x50, 0x5c, 0xf0, 0xff, 0x48, 0x5c, 0xf0, 0xff, 0x48, 0x5c, 0xf0, 0xff,
    0x50, 0x5c, 0xf0, 0xff, 0x50, 0x5c, 0xf0, 0xff, 0x48, 0x58, 0xf0, 0xff,
    0x50, 0x58, 0xf0, 0xff, 0x48, 0x58, 0xf0, 0xff, 0x48, 0x54, 0xe8, 0xff,
    0x50, 0x58, 0xf0, 0xff, 0x50, 0x5c, 0xf0, 0xff, 0x48, 0x58, 0xf0, 0xff,
    0x48, 0x58, 0xf0, 0xff, 0x48, 0x58, 0xe8, 0xff, 0x48, 0x58, 0xf0, 0xff,
    0x50, 0x58, 0xf0, 0xff, 0x48, 0x58, 0xf0, 0xff, 0x48, 0x54, 0xe8, 0xff,
    0x48, 0x54, 0xe8, 0xff, 0x48, 0x58, 0xf0, 0xff, 0x48, 0x58, 0xf0, 0xff,
    0x48, 0x54, 0xe8, 0xff, 0x40, 0x54, 0xe8, 0xff, 0x48, 0x54, 0xe8, 0xff,
    0x48, 0x54, 0xe8, 0xff, 0x40, 0x50, 0xe8, 0xff, 0x48, 0x54, 0xe8, 0xff,
    0x48, 0x54, 0xf0, 0xff, 0x48, 0x54, 0xe8, 0xff, 0x40, 0x54, 0xe8, 0xff,
    0x40, 0x50, 0xe8, 0xff, 0x48, 0x54, 0xe8, 0xff, 0x48, 0x50, 0xe8, 0xff,
    0x40, 0x50, 0xe8, 0xff, 0x40, 0x4c, 0xe0, 0xff, 0x40, 0x50, 0xe8, 0xff,
    0x40, 0x50, 0xe8, 0xff, 0x48, 0x50, 0xe8, 0xff, 0x40, 0x50, 0xe0, 0xff,
    0x40, 0x50, 0xe8, 0xff, 0x40, 0x50, 0xe8, 0xff, 0x40, 0x50, 0xe0, 0xff,
    0x40, 0x50, 0xe8, 0xff, 0x40, 0x4c, 0xe0, 0xff, 0x40, 0x48, 0xe0, 0xff,
    0x40, 0x48, 0xe0, 0xff, 0x40, 0x4c, 0xe0, 0xff, 0x40, 0x4c, 0xe0, 0xff,
    0x38, 0x48, 0xd8, 0xff, 0x38, 0x48, 0xe0, 0xff, 0x40, 0x48, 0xd8, 0xff,
    0x38, 0x48, 0xe0, 0xff, 0x38, 0x48, 0xe0, 0xff, 0x38, 0x48, 0xe0, 0xff,
    0x38, 0x48, 0xd8, 0xff, 0x38, 0x48, 0xd8, 0xff, 0x38, 0x44, 0xd8, 0xff,
    0x38, 0x44, 0xd8, 0xff, 0x38, 0x48, 0xd8, 0xff, 0x38, 0x48, 0xe0, 0xff,
    0x38, 0x44, 0xd8, 0xff, 0x38, 0x44, 0xd8, 0xff, 0x38, 0x44, 0xd8, 0xff,
    0x38, 0x44, 0xd8, 0xff, 0x38, 0x44, 0xd8, 0xff, 0x38, 0x44, 0xd8, 0xff,
    0x38, 0x44, 0xd8, 0xff, 0x38, 0x48, 0xd8, 0xff, 0x38, 0x4c, 0xd8, 0xff,
    0x38, 0x48, 0xe0, 0xff, 0x40, 0x48, 0xe0, 0xff, 0x38, 0x48, 0xd8, 0xff,
    0x38, 0x48, 0xd8, 0xff, 0x38, 0x44, 0xd8, 0xff, 0x38, 0x48, 0xd8, 0xff,
    0x38, 0x48, 0xe0, 0xff, 0x38, 0x48, 0xd8, 0xff, 0x38, 0x48, 0xd8, 0xff,
    0x38, 0x48, 0xd8, 0xff, 0x38, 0x48, 0xd8, 0xff, 0x38, 0x44, 0xd0, 0xff,
    0x38, 0x44, 0xd0, 0xff, 0x38, 0x44, 0xd0, 0xff, 0x38, 0x44, 0xd8, 0xff,
    0x38, 0x44, 0xd0, 0xff, 0x40, 0x4c, 0xd8, 0xff, 0x40, 0x4c, 0xd8, 0xff,
    0x40, 0x4c, 0xd8, 0xff, 0x38, 0x48, 0xe0, 0xff, 0x38, 0x48, 0xe0, 0xff,
    0x38, 0x48, 0xe0, 0x41, 0x38, 0x48, 0xd8, 0xff, 0x38, 0x4c, 0xd8, 0xff,
    0x38, 0x4c, 0xd8, 0xff, 0x38, 0x48, 0xd8, 0xff, 0x38, 0x4c, 0xd8, 0xff,
    0x38, 0x48, 0xd8, 0xff, 0x38, 0x48, 0xd8, 0xff, 0x38, 0x48, 0xd8, 0xff,
    0x38, 0x48, 0xd8, 0xff, 0x38, 0x48, 0xd8, 0xff, 0x38, 0x48, 0xd8, 0xff,
    0x38, 0x48, 0xd8, 0xff, 0x38, 0x48, 0xd8, 0xff, 0x38, 0x48, 0xd8, 0xff,
    0x38, 0x48, 0xd8, 0xff, 0x38, 0x4c, 0xd8, 0xff, 0x38, 0x4c, 0xd8, 0xff,
    0x40, 0x4c, 0xe0, 0xff, 0x38, 0x4c, 0xd8, 0xff, 0x38, 0x4c, 0xd8, 0xff,
    0x38, 0x4c, 0xd8, 0xff, 0x40, 0x50, 0xe0, 0xff, 0x40, 0x50, 0xe0, 0xff,
    0x40, 0x50, 0xe0, 0xff, 0x40, 0x50, 0xe0, 0xff, 0x40, 0x50, 0xe0, 0xff,
    0x40, 0x4c, 0xe0, 0xff, 0x38, 0x4c, 0xe0, 0xff, 0x40, 0x50, 0xe0, 0xff,
    0x40, 0x4c, 0xd8, 0xff, 0x30, 0x40, 0xd0, 0xff, 0x38, 0x48, 0xd8, 0xff,
    0x38, 0x4c, 0xd8, 0xff, 0x40, 0x50, 0xe0, 0xff, 0x40, 0x50, 0xe8, 0xff,
    0x48, 0x54, 0xe8, 0xff, 0x48, 0x58, 0xe8, 0xff, 0x48, 0x58, 0xe8, 0xff,
    0x48, 0x58, 0xe8, 0xff, 0x48, 0x58, 0xe8, 0xff, 0x48, 0x58, 0xe8, 0xff,
    0x48, 0x58, 0xe8, 0xff, 0x48, 0x58, 0xe8, 0xff, 0x48, 0x54, 0xe8, 0xff,
    0x48, 0x58, 0xe8, 0xff, 0x48, 0x58, 0xe8, 0xff, 0x48, 0x58, 0xe8, 0xff,
    0x48, 0x54, 0xe8, 0xff, 0x48, 0x58, 0xe8, 0xff, 0x48, 0x58, 0xe8, 0xff,
    0x48, 0x58, 0xe8, 0xff, 0x48, 0x58, 0xe8, 0xff, 0x48, 0x58, 0xe8, 0xff,
    0x48, 0x5c, 0xe8, 0xff, 0x50, 0x5c, 0xf0, 0xff, 0x48, 0x5c, 0xe8, 0xff,
    0x50, 0x60, 0xf0, 0xff, 0x50, 0x60, 0xf0, 0xff, 0x48, 0x5c, 0xe8, 0xff,
    0x50, 0x5c, 0xe8, 0xff, 0x50, 0x5c, 0xe8, 0xff, 0x50, 0x60, 0xf0, 0xff,
    0x50, 0x60, 0xf0, 0xff, 0x58, 0x64, 0xf0, 0xff, 0x58, 0x6c, 0xf8, 0xff,
    0x50, 0x64, 0xf0, 0xff, 0x50, 0x5c, 0xf0, 0xff, 0x48, 0x58, 0xf0, 0xff,
    0x48, 0x58, 0xe8, 0xff, 0x48, 0x58, 0xe8, 0xff, 0x48, 0x58, 0xe8, 0xff,
    0x50, 0x5c, 0xf0, 0xff, 0x48, 0x58, 0xf0, 0xff, 0x48, 0x58, 0xe8, 0xff,
    0x48, 0x58, 0xf0, 0xff, 0x50, 0x58, 0xf0, 0xff, 0x50, 0x5c, 0xf0, 0xff,
    0x48, 0x5c, 0xe8, 0xff, 0x48, 0x58, 0xe8, 0xff, 0x48, 0x58, 0xe8, 0xff,
    0x48, 0x5c, 0xf0, 0xff, 0x50, 0x5c, 0xf0, 0xff, 0x48, 0x58, 0xe8, 0xff,
    0x50, 0x5c, 0xf0, 0xff, 0x48, 0x58, 0xf0, 0xff, 0x48, 0x58, 0xf0, 0xff,
    0x48, 0x58, 0xe8, 0xff, 0x50, 0x5c, 0xf0, 0xff, 0x48, 0x58, 0xe8, 0xff,
    0x48, 0x58, 0xe8, 0xff, 0x48, 0x58, 0xf0, 0xff, 0x48, 0x58, 0xf0, 0xff,
    0x50, 0x58, 0xf0, 0xff, 0x50, 0x58, 0xf0, 0xff, 0x50, 0x58, 0xf0, 0xff,
    0x48, 0x58, 0xf0, 0xff, 0x50, 0x58, 0xf0, 0xff, 0x48, 0x58, 0xf0, 0xff,
    0x48, 0x58, 0xf0, 0xff, 0x48, 0x58, 0xe8, 0xff, 0x50, 0x58, 0xe8, 0xff,
    0x48, 0x54, 0xf0, 0xff, 0x48, 0x54, 0xf0, 0xff, 0x48, 0x54, 0xe8, 0xff,
    0x48, 0x54, 0xe8, 0xff, 0x48, 0x54, 0xe8, 0xff, 0x40, 0x54, 0xe8, 0xff,
    0x48, 0x54, 0xf0, 0xff, 0x48, 0x58, 0xf0, 0xff, 0x48, 0x58, 0xf0, 0xff,
    0x48, 0x54, 0xe8, 0xff, 0x48, 0x50, 0xe8, 0xff, 0x40, 0x50, 0xe8, 0xff,
    0x48, 0x54, 0xe8, 0xff, 0x48, 0x50, 0xe8, 0xff, 0x48, 0x54, 0xe8, 0xff,
    0x48, 0x54, 0xe8, 0xff, 0x40, 0x54, 0xe8, 0xff, 0x40, 0x50, 0xe8, 0xff,
    0x40, 0x4c, 0xe0, 0xff, 0x40, 0x4c, 0xe0, 0xff, 0x40, 0x50, 0xe8, 0xff,
    0x40, 0x50, 0xe8, 0xff, 0x40, 0x4c, 0xe0, 0xff, 0x40, 0x4c, 0xe0, 0xff,
    0x40, 0x4c, 0xe0, 0xff, 0x38, 0x4c, 0xe0, 0xff, 0x38, 0x48, 0xe0, 0xff,
    0x40, 0x4c, 0xe0, 0xff, 0x40, 0x48, 0xe0, 0xff, 0x38, 0x48, 0xd8, 0xff,
    0x38, 0x48, 0xd8, 0xff, 0x38, 0x48, 0xd8, 0xff, 0x40, 0x48, 0xe0, 0xff,
    0x38, 0x48, 0xd8, 0xff, 0x38, 0x48, 0xd8, 0xff, 0x38, 0x48, 0xe0, 0xff,
    0x38, 0x48, 0xe0, 0xff, 0x38, 0x48, 0xd8, 0xff, 0x38, 0x48, 0xd8, 0xff,
    0x38, 0x48, 0xe0, 0xff, 0x38, 0x48, 0xd8, 0xff, 0x38, 0x48, 0xe0, 0xff,
    0x38, 0x48, 0xe0, 0xff, 0x38, 0x48, 0xe0, 0xff, 0x38, 0x48, 0xe0, 0xff,
    0x38, 0x48, 0xd8, 0xff, 0x38, 0x48, 0xd8, 0xff, 0x38, 0x48, 0xe0, 0xff,
    0x38, 0x48, 0xd8, 0xff, 0x40, 0x4c, 0xd8, 0xff, 0x38, 0x48, 0xd8, 0xff,
    0x38, 0x48, 0xd8, 0xff, 0x38, 0x48, 0xd8, 0xff, 0x38, 0x48, 0xd8, 0xff,
    0x38, 0x48, 0xd8, 0xff, 0x38, 0x44, 0xd8, 0xff, 0x38, 0x48, 0xd0, 0xff,
    0x40, 0x4c, 0xd8, 0xff, 0x38, 0x48, 0xd8, 0xff, 0x30, 0x44, 0xd0, 0xff,
    0x38, 0x48, 0xd8, 0xff, 0x38, 0x44, 0xd0, 0xff, 0x30, 0x40, 0xd0, 0xff,
    0x30, 0x40, 0xd0, 0xff, 0x38, 0x44, 0xd0, 0xff, 0x38, 0x48, 0xd8, 0xff,
    0x38, 0x48, 0xd8, 0xff, 0x40, 0x4c, 0xd8, 0xff, 0x40, 0x4c, 0xd8, 0xff,
    0x40, 0x4c, 0xe0, 0xff, 0x40, 0x4c, 0xd8, 0x41, 0x38, 0x48, 0xd0, 0xff,
    0x38, 0x48, 0xd8, 0xff, 0x38, 0x48, 0xd8, 0xff, 0x38, 0x48, 0xd8, 0xff,
    0x38, 0x48, 0xd8, 0xff, 0x38, 0x4c, 0xd8, 0xff, 0x38, 0x48, 0xd8, 0xff,
    0x38, 0x48, 0xd8, 0xff, 0x38, 0x44, 0xd0, 0xff, 0x38, 0x48, 0xd8, 0xff,
    0x38, 0x48, 0xd8, 0xff, 0x38, 0x48, 0xd8, 0xff, 0x40, 0x4c, 0xd8, 0xff,
    0x38, 0x4c, 0xd8, 0xff, 0x40, 0x4c, 0xd8, 0xff, 0x40, 0x4c, 0xe0, 0xff,
    0x38, 0x4c, 0xd8, 0xff, 0x40, 0x4c, 0xe0, 0xff, 0x40, 0x4c, 0xe0, 0xff,
    0x40, 0x50, 0xe0, 0xff, 0x40, 0x50, 0xe0, 0xff, 0x40, 0x4c, 0xd8, 0xff,
    0x40, 0x50, 0xe0, 0xff, 0x40, 0x50, 0xe0, 0xff, 0x40, 0x50, 0xe0, 0xff,
    0x40, 0x50, 0xe0, 0xff, 0x40, 0x4c, 0xe0, 0xff, 0x40, 0x4c, 0xe0, 0xff,
    0x40, 0x50, 0xe0, 0xff, 0x40, 0x50, 0xe0, 0xff, 0x38, 0x48, 0xd8, 0xff,
    0x38, 0x48, 0xd8, 0xff, 0x40, 0x4c, 0xd8, 0xff, 0x40, 0x54, 0xe0, 0xff,
    0x48, 0x54, 0xe8, 0xff, 0x40, 0x54, 0xe0, 0xff, 0x48, 0x58, 0xe8, 0xff,
    0x48, 0x58, 0xe8, 0xff, 0x48, 0x58, 0xe8, 0xff, 0x48, 0x58, 0xe8, 0xff,
    0x48, 0x58, 0xe8, 0xff, 0x48, 0x58, 0xf0, 0xff, 0x48, 0x54, 0xe8, 0xff,
    0x48, 0x54, 0xe8, 0xff, 0x48, 0x54, 0xe8, 0xff, 0x48, 0x58, 0xe8, 0xff,
    0x48, 0x58, 0xe8, 0xff, 0x48, 0x54, 0xe8, 0xff, 0x48, 0x58, 0xe8, 0xff,
    0x48, 0x58, 0xe8, 0xff, 0x48, 0x5c, 0xe8, 0xff, 0x48, 0x5c, 0xe8, 0xff,
    0x48, 0x5c, 0xe8, 0xff, 0x50, 0x5c, 0xe8, 0xff, 0x50, 0x5c, 0xf0, 0xff,
    0x50, 0x5c, 0xf0, 0xff, 0x48, 0x5c, 0xe8, 0xff, 0x50, 0x5c, 0xf0, 0xff,
    0x50, 0x5c, 0xe8, 0xff, 0x48, 0x5c, 0xe8, 0xff, 0x50, 0x5c, 0xf0, 0xff,
    0x50, 0x60, 0xf0, 0xff, 0x50, 0x60, 0xf0, 0xff, 0x58, 0x68, 0xf0, 0xff,
    0x58, 0x68, 0xf0, 0xff, 0x50, 0x64, 0xf0, 0xff, 0x50, 0x5c, 0xf0, 0xff,
    0x48, 0x58, 0xf0, 0xff, 0x48, 0x58, 0xf0, 0xff, 0x48, 0x58, 0xf0, 0xff,
    0x48, 0x58, 0xe8, 0xff, 0x50, 0x58, 0xf0, 0xff, 0x50, 0x58, 0xf0, 0xff,
    0x48, 0x58, 0xf0, 0xff, 0x50, 0x58, 0xf0, 0xff, 0x48, 0x58, 0xe8, 0xff,
    0x50, 0x5c, 0xf0, 0xff, 0x48, 0x5c, 0xf0, 0xff, 0x50, 0x5c, 0xf0, 0xff,
    0x50, 0x5c, 0xf0, 0xff, 0x50, 0x5c, 0xf0, 0xff, 0x48, 0x58, 0xf0, 0xff,
    0x48, 0x58, 0xe8, 0xff, 0x50, 0x58, 0xf0, 0xff, 0x50, 0x5c, 0xf0, 0xff,
    0x50, 0x5c, 0xf0, 0xff, 0x50, 0x5c, 0xf0, 0xff, 0x50, 0x5c, 0xf0, 0xff,
    0x50, 0x5c, 0xf0, 0xff, 0x48, 0x58, 0xf0, 0xff, 0x50, 0x5c, 0xf0, 0xff,
    0x48, 0x58, 0xf0, 0xff, 0x48, 0x5c, 0xe8, 0xff, 0x50, 0x5c, 0xf0, 0xff,
    0x48, 0x58, 0xf0, 0xff, 0x48, 0x58, 0xe8, 0xff, 0x48, 0x58, 0xf0, 0xff,
    0x48, 0x58, 0xf0, 0xff, 0x48, 0x58, 0xe8, 0xff, 0x50, 0x58, 0xf0, 0xff,
    0x48, 0x58, 0xf0, 0xff, 0x48, 0x54, 0xf0, 0xff, 0x48, 0x54, 0xe8, 0xff,
    0x48, 0x58, 0xf0, 0xff, 0x48, 0x54, 0xf0, 0xff, 0x48, 0x58, 0xf0, 0xff,
    0x48, 0x54, 0xe8, 0xff, 0x48, 0x54, 0xe8, 0xff, 0x48, 0x58, 0xf0, 0xff,
    0x48, 0x54, 0xe8, 0xff, 0x48, 0x54, 0xe8, 0xff, 0x48, 0x54, 0xe8, 0xff,
    0x40, 0x54, 0xe8, 0xff, 0x40, 0x54, 0xe8, 0xff, 0x48, 0x54, 0xe8, 0xff,
    0x40, 0x50, 0xe8, 0xff, 0x40, 0x50, 0xe8, 0xff, 0x40, 0x50, 0xe8, 0xff,
    0x40, 0x50, 0xe8, 0xff, 0x40, 0x50, 0xe0, 0xff, 0x40, 0x4c, 0xe0, 0xff,
    0x48, 0x54, 0xe8, 0xff, 0x48, 0x50, 0xe8, 0xff, 0x40, 0x50, 0xe0, 0xff,
    0x40, 0x4c, 0xe0, 0xff, 0x38, 0x4c, 0xe0, 0xff, 0x38, 0x48, 0xe0, 0xff,
    0x38, 0x48, 0xe0, 0xff, 0x40, 0x4c, 0xe0, 0xff, 0x40, 0x4c, 0xe0, 0xff,
    0x38, 0x48, 0xe0, 0xff, 0x38, 0x48, 0xe0, 0xff, 0x38, 0x48, 0xd8, 0xff,
    0x38, 0x48, 0xd8, 0xff, 0x38, 0x48, 0xd8, 0xff, 0x40, 0x48, 0xe0, 0xff,
    0x38, 0x48, 0xe0, 0xff, 0x38, 0x48, 0xd8, 0xff, 0x38, 0x48, 0xd8, 0xff,
    0x38, 0x48, 0xd8, 0xff, 0x38, 0x48, 0xe0, 0xff, 0x38, 0x48, 0xd8, 0xff,
    0x38, 0x48, 0xd8, 0xff, 0x40, 0x4c, 0xe0, 0xff, 0x40, 0x4c, 0xe0, 0xff,
    0x38, 0x48, 0xe0, 0xff, 0x38, 0x48, 0xd8, 0xff, 0x38, 0x48, 0xe0, 0xff,
    0x38, 0x48, 0xd8, 0xff, 0x38, 0x48, 0xe0, 0xff, 0x38, 0x48, 0xd8, 0xff,
    0x40, 0x4c, 0xe0, 0xff, 0x38, 0x48, 0xe0, 0xff, 0x38, 0x48, 0xd8, 0xff,
    0x38, 0x4c, 0xd8, 0xff, 0x38, 0x48, 0xd8, 0xff, 0x38, 0x48, 0xd8, 0xff,
    0x38, 0x48, 0xd8, 0xff, 0x38, 0x48, 0xd8, 0xff, 0x40, 0x4c, 0xd8, 0xff,
    0x38, 0x48, 0xd8, 0xff, 0x38, 0x4c, 0xd8, 0xff, 0x38, 0x48, 0xd0, 0xff,
    0x38, 0x44, 0xd0, 0xff, 0x38, 0x44, 0xd0, 0xff, 0x38, 0x44, 0xd8, 0xff,
    0x38, 0x44, 0xd8, 0xff, 0x38, 0x48, 0xd8, 0xff, 0x38, 0x4c, 0xd8, 0xff,
    0x40, 0x4c, 0xd8, 0xff, 0x40, 0x4c, 0xe0, 0xff, 0x40, 0x50, 0xe0, 0x41,
    0x38, 0x44, 0xd0, 0xff, 0x38, 0x48, 0xd8, 0xff, 0x38, 0x48, 0xd8, 0xff,
    0x38, 0x48, 0xd8, 0xff, 0x38, 0x4c, 0xd8, 0xff, 0x38, 0x48, 0xd8, 0xff,
    0x38, 0x4c, 0xd8, 0xff, 0x38, 0x4c, 0xd8, 0xff, 0x30, 0x44, 0xd0, 0xff,
    0x38, 0x44, 0xd0, 0xff, 0x38, 0x48, 0xd0, 0xff, 0x38, 0x48, 0xd8, 0xff,
    0x38, 0x4c, 0xd8, 0xff, 0x40, 0x4c, 0xe0, 0xff, 0x40, 0x4c, 0xd8, 0xff,
    0x40, 0x50, 0xe0, 0xff, 0x40, 0x50, 0xe0, 0xff, 0x38, 0x4c, 0xd8, 0xff,
    0x38, 0x4c, 0xd8, 0xff, 0x40, 0x50, 0xe0, 0xff, 0x40, 0x50, 0xe0, 0xff,
    0x40, 0x4c, 0xd8, 0xff, 0x40, 0x50, 0xe0, 0xff, 0x40, 0x4c, 0xd8, 0xff,
    0x40, 0x50, 0xd8, 0xff, 0x40, 0x50, 0xe0, 0xff, 0x40, 0x50, 0xe0, 0xff,
    0x40, 0x50, 0xe0, 0xff, 0x40, 0x50, 0xe0, 0xff, 0x40, 0x50, 0xe0, 0xff,
    0x40, 0x54, 0xe0, 0xff, 0x40, 0x50, 0xe0, 0xff, 0x48, 0x54, 0xe8, 0xff,
    0x40, 0x54, 0xe0, 0xff, 0x40, 0x50, 0xe0, 0xff, 0x48, 0x54, 0xe8, 0xff,
    0x48, 0x58, 0xe8, 0xff, 0x48, 0x58, 0xe8, 0xff, 0x48, 0x58, 0xe8, 0xff,
    0x48, 0x58, 0xe8, 0xff, 0x48, 0x58, 0xe8, 0xff, 0x48, 0x58, 0xe8, 0xff,
    0x48, 0x58, 0xe8, 0xff, 0x48, 0x58, 0xe8, 0xff, 0x48, 0x58, 0xe8, 0xff,
    0x48, 0x54, 0xe8, 0xff, 0x48, 0x58, 0xe8, 0xff, 0x48, 0x58, 0xf0, 0xff,
    0x48, 0x58, 0xe8, 0xff, 0x48, 0x58, 0xe8, 0xff, 0x48, 0x58, 0xe8, 0xff,
    0x48, 0x58, 0xe8, 0xff, 0x48, 0x58, 0xf0, 0xff, 0x48, 0x58, 0xe8, 0xff,
    0x48, 0x5c, 0xe8, 0xff, 0x48, 0x58, 0xe8, 0xff, 0x50, 0x60, 0xe8, 0xff,
    0x50, 0x60, 0xf0, 0xff, 0x48, 0x5c, 0xe8, 0xff, 0x48, 0x58, 0xe8, 0xff,
    0x48, 0x5c, 0xe8, 0xff, 0x50, 0x60, 0xf0, 0xff, 0x50, 0x60, 0xf0, 0xff,
    0x58, 0x64, 0xf0, 0xff, 0x58, 0x68, 0xf0, 0xff, 0x50, 0x60, 0xf0, 0xff,
    0x48, 0x58, 0xe8, 0xff, 0x48, 0x54, 0xe8, 0xff, 0x48, 0x58, 0xf0, 0xff,
    0x50, 0x5c, 0xf0, 0xff, 0x48, 0x58, 0xf0, 0xff, 0x50, 0x5c, 0xf0, 0xff,
    0x48, 0x5c, 0xf0, 0xff, 0x50, 0x5c, 0xf0, 0xff, 0x48, 0x58, 0xe8, 0xff,
    0x48, 0x58, 0xf0, 0xff, 0x50, 0x5c, 0xf0, 0xff, 0x48, 0x5c, 0xe8, 0xff,
    0x50, 0x58, 0xf0, 0xff, 0x50, 0x5c, 0xf0, 0xff, 0x50, 0x5c, 0xf0, 0xff,
    0x48, 0x58, 0xf0, 0xff, 0x50, 0x5c, 0xf0, 0xff, 0x48, 0x5c, 0xf0, 0xff,
    0x50, 0x5c, 0xf0, 0xff, 0x50, 0x5c, 0xf0, 0xff, 0x48, 0x5c, 0xf0, 0xff,
    0x50, 0x5c, 0xf0, 0xff, 0x50, 0x5c, 0xf0, 0xff, 0x48, 0x58, 0xf0, 0xff,
    0x48, 0x58, 0xf0, 0xff, 0x50, 0x58, 0xe8, 0xff, 0x50, 0x5c, 0xf0, 0xff,
    0x48, 0x58, 0xe8, 0xff, 0x48, 0x58, 0xe8, 0xff, 0x48, 0x58, 0xf0, 0xff,
    0x48, 0x58, 0xf0, 0xff, 0x48, 0x58, 0xe8, 0xff, 0x48, 0x58, 0xf0, 0xff,
    0x48, 0x58, 0xe8, 0xff, 0x48, 0x54, 0xe8, 0xff, 0x48, 0x54, 0xe8, 0xff,
    0x48, 0x58, 0xe8, 0xff, 0x48, 0x54, 0xe8, 0xff, 0x40, 0x54, 0xe8, 0xff,
    0x48, 0x58, 0xf0, 0xff, 0x48, 0x54, 0xf0, 0xff, 0x48, 0x54, 0xe8, 0xff,
    0x48, 0x58, 0xf0, 0xff, 0x40, 0x54, 0xe8, 0xff, 0x40, 0x54, 0xe8, 0xff,
    0x48, 0x54, 0xe8, 0xff, 0x40, 0x50, 0xe8, 0xff, 0x40, 0x50, 0xe8, 0xff,
    0x48, 0x50, 0xe8, 0xff, 0x40, 0x50, 0xe8, 0xff, 0x40, 0x4c, 0xe0, 0xff,
    0x40, 0x4c, 0xe0, 0xff, 0x40, 0x50, 0xe8, 0xff, 0x40, 0x50, 0xe8, 0xff,
    0x40, 0x50, 0xe0, 0xff, 0x40, 0x50, 0xe8, 0xff, 0x40, 0x50, 0xe8, 0xff,
    0x40, 0x4c, 0xe0, 0xff, 0x40, 0x50, 0xe0, 0xff, 0x40, 0x4c, 0xe0, 0xff,
    0x40, 0x4c, 0xe0, 0xff, 0x40, 0x48, 0xe0, 0xff, 0x40, 0x4c, 0xe0, 0xff,
    0x40, 0x4c, 0xe0, 0xff, 0x40, 0x4c, 0xe0, 0xff, 0x40, 0x4c, 0xe0, 0xff,
    0x38, 0x48, 0xd8, 0xff, 0x40, 0x48, 0xe0, 0xff, 0x38, 0x48, 0xe0, 0xff,
    0x38, 0x48, 0xd8, 0xff, 0x38, 0x48, 0xd8, 0xff, 0x38, 0x44, 0xd8, 0xff,
    0x38, 0x48, 0xd8, 0xff, 0x38, 0x48, 0xe0, 0xff, 0x40, 0x48, 0xe0, 0xff,
    0x38, 0x48, 0xd8, 0xff, 0x38, 0x48, 0xe0, 0xff, 0x40, 0x4c, 0xe0, 0xff,
    0x40, 0x4c, 0xe0, 0xff, 0x38, 0x48, 0xd8, 0xff, 0x38, 0x48, 0xd8, 0xff,
    0x38, 0x48, 0xd8, 0xff, 0x40, 0x4c, 0xd8, 0xff, 0x38, 0x48, 0xd8, 0xff,
    0x40, 0x4c, 0xe0, 0xff, 0x40, 0x4c, 0xe0, 0xff, 0x38, 0x4c, 0xd8, 0xff,
    0x38, 0x48, 0xd8, 0xff, 0x38, 0x48, 0xd8, 0xff, 0x38, 0x48, 0xd8, 0xff,
    0x38, 0x48, 0xd8, 0xff, 0x38, 0x44, 0xd0, 0xff, 0x38, 0x48, 0xd8, 0xff,
    0x38, 0x4c, 0xd8, 0xff, 0x38, 0x48, 0xd8, 0xff, 0x38, 0x4c, 0xd8, 0xff,
    0x38, 0x4c, 0xd8, 0xff, 0x38, 0x48, 0xd8, 0xff, 0x38, 0x44, 0xd0, 0xff,
    0x38, 0x44, 0xd0, 0xff, 0x38, 0x44, 0xd8, 0xff, 0x38, 0x48, 0xd8, 0xff,
    0x40, 0x4c, 0xd8, 0xff, 0x40, 0x4c, 0xe0, 0xff, 0x40, 0x4c, 0xd8, 0xff,
    0x40, 0x4c, 0xd8, 0x41, 0x38, 0x48, 0xd8, 0xff, 0x30, 0x48, 0xd0, 0xff,
    0x38, 0x48, 0xd8, 0xff, 0x38, 0x48, 0xd8, 0xff, 0x38, 0x48, 0xd8, 0xff,
    0x38, 0x48, 0xd8, 0xff, 0x38, 0x48, 0xd8, 0xff, 0x38, 0x4c, 0xd8, 0xff,
    0x38, 0x48, 0xd8, 0xff, 0x38, 0x4c, 0xd8, 0xff, 0x38, 0x48, 0xd8, 0xff,
    0x38, 0x4c, 0xd8, 0xff, 0x38, 0x50, 0xd8, 0xff, 0x38, 0x4c, 0xe0, 0xff,
    0x38, 0x4c, 0xd8, 0xff, 0x40, 0x50, 0xd8, 0xff, 0x38, 0x50, 0xe0, 0xff,
    0x40, 0x50, 0xe0, 0xff, 0x40, 0x50, 0xe0, 0xff, 0x40, 0x50, 0xe0, 0xff,
    0x40, 0x50, 0xe0, 0xff, 0x40, 0x50, 0xe0, 0xff, 0x40, 0x50, 0xe0, 0xff,
    0x38, 0x50, 0xe0, 0xff, 0x40, 0x4c, 0xd8, 0xff, 0x40, 0x50, 0xe0, 0xff,
    0x38, 0x50, 0xd8, 0xff, 0x40, 0x50, 0xd8, 0xff, 0x40, 0x50, 0xe0, 0xff,
    0x40, 0x50, 0xe0, 0xff, 0x40, 0x50, 0xe0, 0xff, 0x40, 0x50, 0xe0, 0xff,
    0x48, 0x54, 0xe8, 0xff, 0x40, 0x50, 0xe8, 0xff, 0x40, 0x50, 0xe0, 0xff,
    0x48, 0x54, 0xe0, 0xff, 0x48, 0x58, 0xe8, 0xff, 0x48, 0x58, 0xe8, 0xff,
    0x48, 0x58, 0xe8, 0xff, 0x48, 0x58, 0xe8, 0xff, 0x48, 0x58, 0xe8, 0xff,
    0x48, 0x58, 0xe8, 0xff, 0x48, 0x58, 0xe8, 0xff, 0x48, 0x58, 0xe8, 0xff,
    0x48, 0x58, 0xe8, 0xff, 0x48, 0x54, 0xe8, 0xff, 0x48, 0x54, 0xe8, 0xff,
    0x48, 0x54, 0xe8, 0xff, 0x48, 0x58, 0xe8, 0xff, 0x48, 0x54, 0xe8, 0xff,
    0x48, 0x54, 0xe0, 0xff, 0x48, 0x58, 0xe8, 0xff, 0x48, 0x58, 0xe8, 0xff,
    0x48, 0x54, 0xe8, 0xff, 0x48, 0x58, 0xe8, 0xff, 0x48, 0x54, 0xe8, 0xff,
    0x48, 0x58, 0xe8, 0xff, 0x48, 0x58, 0xe8, 0xff, 0x48, 0x58, 0xf0, 0xff,
    0x48, 0x5c, 0xe8, 0xff, 0x48, 0x58, 0xe8, 0xff, 0x48, 0x5c, 0xe8, 0xff,
    0x50, 0x64, 0xf0, 0xff, 0x50, 0x60, 0xf0, 0xff, 0x50, 0x64, 0xf0, 0xff,
    0x50, 0x64, 0xf0, 0xff, 0x50, 0x60, 0xf0, 0xff, 0x48, 0x58, 0xe8, 0xff,
    0x50, 0x5c, 0xe8, 0xff, 0x50, 0x5c, 0xf0, 0xff, 0x50, 0x5c, 0xf0, 0xff,
    0x50, 0x5c, 0xf0, 0xff, 0x50, 0x5c, 0xf0, 0xff, 0x50, 0x5c, 0xf0, 0xff,
    0x50, 0x5c, 0xf0, 0xff, 0x50, 0x5c, 0xf0, 0xff, 0x50, 0x5c, 0xf0, 0xff,
    0x48, 0x58, 0xe8, 0xff, 0x48, 0x58, 0xe8, 0xff, 0x50, 0x5c, 0xf0, 0xff,
    0x50, 0x5c, 0xf0, 0xff, 0x50, 0x5c, 0xf0, 0xff, 0x50, 0x60, 0xf0, 0xff,
    0x50, 0x5c, 0xf0, 0xff, 0x50, 0x5c, 0xf0, 0xff, 0x50, 0x60, 0xf0, 0xff,
    0x50, 0x5c, 0xf0, 0xff, 0x48, 0x5c, 0xf0, 0xff, 0x50, 0x5c, 0xf0, 0xff,
    0x48, 0x58, 0xf0, 0xff, 0x48, 0x58, 0xe8, 0xff, 0x48, 0x58, 0xe8, 0xff,
    0x48, 0x58, 0xf0, 0xff, 0x48, 0x58, 0xf0, 0xff, 0x50, 0x58, 0xf0, 0xff,
    0x48, 0x58, 0xf0, 0xff, 0x50, 0x58, 0xf0, 0xff, 0x48, 0x54, 0xe8, 0xff,
    0x48, 0x58, 0xf0, 0xff, 0x48, 0x58, 0xf0, 0xff, 0x48, 0x54, 0xe8, 0xff,
    0x48, 0x54, 0xe8, 0xff, 0x48, 0x54, 0xf0, 0xff, 0x48, 0x54, 0xe8, 0xff,
    0x48, 0x54, 0xe8, 0xff, 0x40, 0x50, 0xe8, 0xff, 0x48, 0x54, 0xe8, 0xff,
    0x48, 0x58, 0xf0, 0xff, 0x48, 0x54, 0xe8, 0xff, 0x48, 0x54, 0xe8, 0xff,
    0x40, 0x50, 0xe8, 0xff, 0x40, 0x50, 0xe8, 0xff, 0x40, 0x50, 0xe8, 0xff,
    0x48, 0x50, 0xe8, 0xff, 0x48, 0x54, 0xe8, 0xff, 0x40, 0x50, 0xe8, 0xff,
    0x40, 0x50, 0xe0, 0xff, 0x40, 0x50, 0xe0, 0xff, 0x40, 0x50, 0xe0, 0xff,
    0x48, 0x50, 0xe8, 0xff, 0x48, 0x50, 0xe8, 0xff, 0x40, 0x50, 0xe0, 0xff,
    0x40, 0x50, 0xe8, 0xff, 0x40, 0x50, 0xe0, 0xff, 0x40, 0x50, 0xe8, 0xff,
    0x40, 0x4c, 0xe0, 0xff, 0x40, 0x50, 0xe0, 0xff, 0x40, 0x4c, 0xe0, 0xff,
    0x40, 0x50, 0xe0, 0xff, 0x40, 0x4c, 0xe0, 0xff, 0x38, 0x48, 0xe0, 0xff,
    0x38, 0x4c, 0xe0, 0xff, 0x40, 0x4c, 0xe0, 0xff, 0x40, 0x4c, 0xe0, 0xff,
    0x38, 0x48, 0xe0, 0xff, 0x40, 0x4c, 0xe0, 0xff, 0x38, 0x48, 0xe0, 0xff,
    0x40, 0x48, 0xd8, 0xff, 0x40, 0x4c, 0xe0, 0xff, 0x40, 0x4c, 0xe0, 0xff,
    0x40, 0x4c, 0xe0, 0xff, 0x38, 0x48, 0xe0, 0xff, 0x40, 0x4c, 0xe0, 0xff,
    0x40, 0x4c, 0xe0, 0xff, 0x38, 0x48, 0xe0, 0xff, 0x40, 0x4c, 0xd8, 0xff,
    0x40, 0x4c, 0xd8, 0xff, 0x38, 0x48, 0xd8, 0xff, 0x38, 0x4c, 0xd8, 0xff,
    0x40, 0x4c, 0xe0, 0xff, 0x40, 0x50, 0xd8, 0xff, 0x40, 0x50, 0xe0, 0xff,
    0x38, 0x4c, 0xd8, 0xff, 0x40, 0x4c, 0xd8, 0xff, 0x38, 0x48, 0xd8, 0xff,
    0x38, 0x48, 0xd8, 0xff, 0x38, 0x48, 0xd8, 0xff, 0x38, 0x48, 0xd8, 0xff,
    0x38, 0x48, 0xd8, 0xff, 0x40, 0x48, 0xd8, 0xff, 0x38, 0x48, 0xd0, 0xff,
    0x40, 0x4c, 0xd8, 0xff, 0x40, 0x50, 0xd8, 0xff, 0x40, 0x4c, 0xd8, 0xff,
    0x38, 0x48, 0xd0, 0xff, 0x38, 0x48, 0xd8, 0xff, 0x38, 0x48, 0xd0, 0xff,
    0x38, 0x48, 0xd8, 0xff, 0x40, 0x4c, 0xd8, 0xff, 0x40, 0x50, 0xd8, 0xff,
    0x40, 0x50, 0xe0, 0xff, 0x40, 0x50, 0xe0, 0x41, 0x38, 0x48, 0xd8, 0xff,
    0x38, 0x48, 0xd0, 0xff, 0x38, 0x48, 0xd0, 0xff, 0x38, 0x48, 0xd8, 0xff,
    0x38, 0x4c, 0xd8, 0xff, 0x38, 0x48, 0xd8, 0xff, 0x38, 0x48, 0xd8, 0xff,
    0x40, 0x4c, 0xd8, 0xff, 0x40, 0x4c, 0xd8, 0xff, 0x38, 0x4c, 0xd8, 0xff,
    0x38, 0x4c, 0xd8, 0xff, 0x40, 0x50, 0xe0, 0xff, 0x40, 0x50, 0xd8, 0xff,
    0x38, 0x4c, 0xd8, 0xff, 0x40, 0x4c, 0xd8, 0xff, 0x38, 0x4c, 0xd8, 0xff,
    0x38, 0x4c, 0xd8, 0xff, 0x40, 0x4c, 0xd8, 0xff, 0x40, 0x4c, 0xd8, 0xff,
    0x38, 0x50, 0xd8, 0xff, 0x40, 0x4c, 0xd8, 0xff, 0x40, 0x50, 0xe0, 0xff,
    0x40, 0x50, 0xe0, 0xff, 0x40, 0x50, 0xe0, 0xff, 0x40, 0x50, 0xe0, 0xff,
    0x40, 0x50, 0xe0, 0xff, 0x40, 0x50, 0xe0, 0xff, 0x40, 0x50, 0xd8, 0xff,
    0x38, 0x4c, 0xd8, 0xff, 0x40, 0x4c, 0xe0, 0xff, 0x40, 0x50, 0xe0, 0xff,
    0x40, 0x50, 0xe0, 0xff, 0x40, 0x50, 0xe0, 0xff, 0x40, 0x54, 0xe0, 0xff,
    0x40, 0x50, 0xe0, 0xff, 0x40, 0x50, 0xe0, 0xff, 0x48, 0x58, 0xe8, 0xff,
    0x48, 0x58, 0xe8, 0xff, 0x48, 0x58, 0xe8, 0xff, 0x48, 0x58, 0xe8, 0xff,
    0x48, 0x5c, 0xe8, 0xff, 0x48, 0x58, 0xe8, 0xff, 0x48, 0x58, 0xf0, 0xff,
    0x50, 0x5c, 0xe8, 0xff, 0x48, 0x5c, 0xe8, 0xff, 0x48, 0x5c, 0xe8, 0xff,
    0x48, 0x58, 0xe8, 0xff, 0x48, 0x58, 0xe8, 0xff, 0x48, 0x58, 0xe8, 0xff,
    0x48, 0x58, 0xe8, 0xff, 0x48, 0x58, 0xe8, 0xff, 0x48, 0x58, 0xe8, 0xff,
    0x48, 0x58, 0xe8, 0xff, 0x48, 0x58, 0xe8, 0xff, 0x48, 0x58, 0xf0, 0xff,
    0x48, 0x58, 0xf0, 0xff, 0x48, 0x5c, 0xe8, 0xff, 0x48, 0x58, 0xe8, 0xff,
    0x40, 0x54, 0xe8, 0xff, 0x48, 0x5c, 0xe8, 0xff, 0x48, 0x58, 0xe8, 0xff,
    0x48, 0x58, 0xe8, 0xff, 0x50, 0x5c, 0xe8, 0xff, 0x50, 0x60, 0xf0, 0xff,
    0x50, 0x60, 0xf0, 0xff, 0x50, 0x64, 0xf0, 0xff, 0x50, 0x60, 0xf0, 0xff,
    0x50, 0x5c, 0xf0, 0xff, 0x50, 0x60, 0xf0, 0xff, 0x48, 0x58, 0xe8, 0xff,
    0x50, 0x5c, 0xe8, 0xff, 0x50, 0x60, 0xf0, 0xff, 0x48, 0x5c, 0xe8, 0xff,
    0x48, 0x5c, 0xe8, 0xff, 0x48, 0x5c, 0xe8, 0xff, 0x50, 0x5c, 0xf0, 0xff,
    0x50, 0x5c, 0xf0, 0xff, 0x48, 0x58, 0xe8, 0xff, 0x48, 0x5c, 0xf0, 0xff,
    0x48, 0x58, 0xe8, 0xff, 0x50, 0x5c, 0xf0, 0xff, 0x50, 0x60, 0xf0, 0xff,
    0x50, 0x60, 0xf0, 0xff, 0x50, 0x5c, 0xf0, 0xff, 0x50, 0x60, 0xf0, 0xff,
    0x50, 0x60, 0xf0, 0xff, 0x50, 0x5c, 0xf0, 0xff, 0x48, 0x58, 0xf0, 0xff,
    0x48, 0x58, 0xe8, 0xff, 0x48, 0x58, 0xe8, 0xff, 0x50, 0x58, 0xf0, 0xff,
    0x48, 0x58, 0xe8, 0xff, 0x48, 0x54, 0xe8, 0xff, 0x48, 0x58, 0xe8, 0xff,
    0x50, 0x58, 0xf0, 0xff, 0x48, 0x58, 0xe8, 0xff, 0x48, 0x58, 0xe8, 0xff,
    0x48, 0x54, 0xe8, 0xff, 0x48, 0x54, 0xe8, 0xff, 0x48, 0x58, 0xe8, 0xff,
    0x48, 0x58, 0xf0, 0xff, 0x48, 0x58, 0xf0, 0xff, 0x48, 0x58, 0xf0, 0xff,
    0x48, 0x58, 0xf0, 0xff, 0x48, 0x58, 0xe8, 0xff, 0x48, 0x54, 0xe8, 0xff,
    0x40, 0x50, 0xe8, 0xff, 0x40, 0x54, 0xe8, 0xff, 0x48, 0x54, 0xe8, 0xff,
    0x48, 0x54, 0xe8, 0xff, 0x48, 0x54, 0xe8, 0xff, 0x40, 0x50, 0xe0, 0xff,
    0x40, 0x50, 0xe8, 0xff, 0x40, 0x50, 0xe8, 0xff, 0x40, 0x50, 0xe0, 0xff,
    0x40, 0x50, 0xe8, 0xff, 0x40, 0x50, 0xe0, 0xff, 0x40, 0x50, 0xe8, 0xff,
    0x40, 0x50, 0xe0, 0xff, 0x48, 0x50, 0xe8, 0xff, 0x48, 0x54, 0xe8, 0xff,
    0x40, 0x50, 0xe8, 0xff, 0x40, 0x50, 0xe0, 0xff, 0x48, 0x54, 0xe8, 0xff,
    0x40, 0x4c, 0xe0, 0xff, 0x40, 0x4c, 0xe0, 0xff, 0x40, 0x50, 0xe0, 0xff,
    0x40, 0x50, 0xe0, 0xff, 0x40, 0x4c, 0xe0, 0xff, 0x40, 0x4c, 0xe0, 0xff,
    0x38, 0x48, 0xe0, 0xff, 0x38, 0x48, 0xd8, 0xff, 0x38, 0x48, 0xd8, 0xff,
    0x38, 0x48, 0xd8, 0xff, 0x38, 0x48, 0xd8, 0xff, 0x40, 0x4c, 0xe0, 0xff,
    0x40, 0x4c, 0xe0, 0xff, 0x38, 0x4c, 0xe0, 0xff, 0x40, 0x4c, 0xe0, 0xff,
    0x40, 0x50, 0xe0, 0xff, 0x40, 0x4c, 0xe0, 0xff, 0x40, 0x4c, 0xe0, 0xff,
    0x38, 0x4c, 0xe0, 0xff, 0x40, 0x4c, 0xd8, 0xff, 0x38, 0x4c, 0xd8, 0xff,
    0x38, 0x48, 0xd8, 0xff, 0x40, 0x4c, 0xd8, 0xff, 0x38, 0x4c, 0xd8, 0xff,
    0x38, 0x48, 0xd8, 0xff, 0x38, 0x48, 0xd8, 0xff, 0x38, 0x4c, 0xd8, 0xff,
    0x40, 0x4c, 0xd8, 0xff, 0x40, 0x4c, 0xd8, 0xff, 0x38, 0x4c, 0xd8, 0xff,
    0x38, 0x4c, 0xd8, 0xff, 0x38, 0x48, 0xd8, 0xff, 0x38, 0x4c, 0xd8, 0xff,
    0x38, 0x4c, 0xd8, 0xff, 0x40, 0x4c, 0xd8, 0xff, 0x40, 0x50, 0xd8, 0xff,
    0x38, 0x48, 0xd8, 0xff, 0x40, 0x48, 0xd8, 0xff, 0x40, 0x4c, 0xd8, 0xff,
    0x40, 0x50, 0xd8, 0xff, 0x40, 0x4c, 0xd8, 0xff, 0x40, 0x48, 0xd8, 0xff,
    0x38, 0x48, 0xd8, 0xff, 0x38, 0x4c, 0xd8, 0xff, 0x38, 0x48, 0xd0, 0xff,
    0x40, 0x4c, 0xd8, 0xff, 0x40, 0x50, 0xd8, 0xff, 0x40, 0x50, 0xd8, 0x41,
    0x30, 0x44, 0xd0, 0xff, 0x38, 0x48, 0xd8, 0xff, 0x38, 0x4c, 0xd8, 0xff,
    0x38, 0x48, 0xd8, 0xff, 0x38, 0x48, 0xd8, 0xff, 0x38, 0x4c, 0xd8, 0xff,
    0x38, 0x4c, 0xd8, 0xff, 0x40, 0x4c, 0xd8, 0xff, 0x40, 0x4c, 0xd8, 0xff,
    0x40, 0x4c, 0xd8, 0xff, 0x38, 0x4c, 0xd8, 0xff, 0x40, 0x50, 0xe0, 0xff,
    0x38, 0x4c, 0xd8, 0xff, 0x38, 0x4c, 0xd8, 0xff, 0x38, 0x4c, 0xd8, 0xff,
    0x40, 0x4c, 0xe0, 0xff, 0x40, 0x4c, 0xd8, 0xff, 0x38, 0x4c, 0xd8, 0xff,
    0x38, 0x4c, 0xd8, 0xff, 0x38, 0x4c, 0xd8, 0xff, 0x38, 0x4c, 0xd8, 0xff,
    0x40, 0x50, 0xd8, 0xff, 0x40, 0x50, 0xd8, 0xff, 0x40, 0x50, 0xd8, 0xff,
    0x40, 0x50, 0xe0, 0xff, 0x40, 0x50, 0xd8, 0xff, 0x40, 0x50, 0xe0, 0xff,
    0x40, 0x50, 0xe0, 0xff, 0x40, 0x50, 0xe0, 0xff, 0x40, 0x4c, 0xe0, 0xff,
    0x40, 0x50, 0xe0, 0xff, 0x40, 0x50, 0xe0, 0xff, 0x40, 0x50, 0xe0, 0xff,
    0x40, 0x50, 0xe0, 0xff, 0x40, 0x50, 0xe0, 0xff, 0x40, 0x50, 0xe0, 0xff,
    0x40, 0x54, 0xe0, 0xff, 0x48, 0x54, 0xe0, 0xff, 0x48, 0x58, 0xe8, 0xff,
    0x48, 0x58, 0xe8, 0xff, 0x48, 0x58, 0xe8, 0xff, 0x48, 0x58, 0xe8, 0xff,
    0x48, 0x58, 0xe8, 0xff, 0x48, 0x58, 0xe8, 0xff, 0x48, 0x5c, 0xe8, 0xff,
    0x48, 0x58, 0xe8, 0xff, 0x48, 0x58, 0xe8, 0xff, 0x48, 0x58, 0xe8, 0xff,
    0x48, 0x58, 0xe8, 0xff, 0x48, 0x58, 0xf0, 0xff, 0x48, 0x58, 0xe8, 0xff,
    0x48, 0x58, 0xe8, 0xff, 0x48, 0x58, 0xe8, 0xff, 0x48, 0x54, 0xe8, 0xff,
    0x48, 0x5c, 0xf0, 0xff, 0x48, 0x58, 0xf0, 0xff, 0x48, 0x5c, 0xe8, 0xff,
    0x50, 0x60, 0xf0, 0xff, 0x48, 0x5c, 0xf0, 0xff, 0x50, 0x5c, 0xe8, 0xff,
    0x50, 0x5c, 0xe8, 0xff, 0x48, 0x5c, 0xf0, 0xff, 0x50, 0x5c, 0xe8, 0xff,
    0x50, 0x64, 0xf0, 0xff, 0x50, 0x60, 0xf0, 0xff, 0x50, 0x60, 0xf0, 0xff,
    0x50, 0x5c, 0xe8, 0xff, 0x48, 0x5c, 0xe8, 0xff, 0x48, 0x58, 0xe8, 0xff,
    0x48, 0x5c, 0xe8, 0xff, 0x48, 0x5c, 0xe8, 0xff, 0x50, 0x5c, 0xf0, 0xff,
    0x50, 0x60, 0xe8, 0xff, 0x50, 0x60, 0xf0, 0xff, 0x50, 0x60, 0xf0, 0xff,
    0x48, 0x5c, 0xf0, 0xff, 0x48, 0x5c, 0xe8, 0xff, 0x50, 0x60, 0xf0, 0xff,
    0x50, 0x60, 0xf0, 0xff, 0x50, 0x5c, 0xf0, 0xff, 0x50, 0x5c, 0xf0, 0xff,
    0x50, 0x60, 0xf0, 0xff, 0x50, 0x60, 0xf0, 0xff, 0x48, 0x5c, 0xf0, 0xff,
    0x48, 0x5c, 0xf0, 0xff, 0x50, 0x60, 0xf0, 0xff, 0x50, 0x5c, 0xf0, 0xff,
    0x48, 0x58, 0xe8, 0xff, 0x48, 0x58, 0xe8, 0xff, 0x48, 0x58, 0xf0, 0xff,
    0x50, 0x58, 0xf0, 0xff, 0x48, 0x58, 0xf0, 0xff, 0x48, 0x58, 0xe8, 0xff,
    0x48, 0x58, 0xe8, 0xff, 0x48, 0x58, 0xe8, 0xff, 0x48, 0x58, 0xf0, 0xff,
    0x48, 0x58, 0xe8, 0xff, 0x48, 0x54, 0xe8, 0xff, 0x48, 0x54, 0xe8, 0xff,
    0x48, 0x58, 0xe8, 0xff, 0x48, 0x58, 0xe8, 0xff, 0x48, 0x58, 0xe8, 0xff,
    0x48, 0x58, 0xf0, 0xff, 0x48, 0x58, 0xf0, 0xff, 0x48, 0x58, 0xe8, 0xff,
    0x48, 0x58, 0xe8, 0xff, 0x48, 0x54, 0xe8, 0xff, 0x48, 0x54, 0xe8, 0xff,
    0x40, 0x54, 0xe8, 0xff, 0x40, 0x50, 0xe8, 0xff, 0x40, 0x50, 0xe8, 0xff,
    0x48, 0x50, 0xe8, 0xff, 0x48, 0x54, 0xe8, 0xff, 0x48, 0x54, 0xe8, 0xff,
    0x40, 0x50, 0xe8, 0xff, 0x48, 0x50, 0xe8, 0xff, 0x40, 0x50, 0xe0, 0xff,
    0x40, 0x50, 0xe0, 0xff, 0x48, 0x50, 0xe8, 0xff, 0x48, 0x54, 0xe8, 0xff,
    0x40, 0x54, 0xe8, 0xff, 0x48, 0x54, 0xe8, 0xff, 0x48, 0x50, 0xe8, 0xff,
    0x40, 0x50, 0xe8, 0xff, 0x40, 0x50, 0xe0, 0xff, 0x40, 0x4c, 0xe0, 0xff,
    0x40, 0x4c, 0xe0, 0xff, 0x40, 0x50, 0xe0, 0xff, 0x40, 0x4c, 0xe0, 0xff,
    0x40, 0x4c, 0xe0, 0xff, 0x40, 0x4c, 0xe0, 0xff, 0x40, 0x4c, 0xe0, 0xff,
    0x40, 0x4c, 0xe0, 0xff, 0x38, 0x48, 0xd8, 0xff, 0x38, 0x48, 0xd8, 0xff,
    0x40, 0x4c, 0xe0, 0xff, 0x40, 0x4c, 0xd8, 0xff, 0x40, 0x4c, 0xe0, 0xff,
    0x40, 0x50, 0xe0, 0xff, 0x40, 0x50, 0xe0, 0xff, 0x40, 0x4c, 0xe0, 0xff,
    0x40, 0x4c, 0xe0, 0xff, 0x40, 0x4c, 0xe0, 0xff, 0x38, 0x4c, 0xd8, 0xff,
    0x38, 0x48, 0xd8, 0xff, 0x38, 0x48, 0xd8, 0xff, 0x38, 0x4c, 0xd8, 0xff,
    0x38, 0x48, 0xd8, 0xff, 0x38, 0x48, 0xd8, 0xff, 0x38, 0x48, 0xd8, 0xff,
    0x38, 0x4c, 0xd8, 0xff, 0x40, 0x4c, 0xd8, 0xff, 0x40, 0x50, 0xe0, 0xff,
    0x40, 0x50, 0xe0, 0xff, 0x40, 0x4c, 0xd8, 0xff, 0x40, 0x50, 0xd8, 0xff,
    0x40, 0x50, 0xd8, 0xff, 0x38, 0x4c, 0xd8, 0xff, 0x40, 0x4c, 0xd8, 0xff,
    0x40, 0x50, 0xd8, 0xff, 0x38, 0x4c, 0xd8, 0xff, 0x40, 0x4c, 0xd8, 0xff,
    0x40, 0x4c, 0xd8, 0xff, 0x40, 0x50, 0xd8, 0xff, 0x40, 0x4c, 0xd8, 0xff,
    0x38, 0x48, 0xd0, 0xff, 0x38, 0x48, 0xd0, 0xff, 0x38, 0x48, 0xd8, 0xff,
    0x38, 0x44, 0xd0, 0xff, 0x40, 0x4c, 0xd8, 0xff, 0x40, 0x50, 0xd8, 0xff,
    0x40, 0x50, 0xd8, 0x41, 0x38, 0x48, 0xd8, 0xff, 0x38, 0x48, 0xd8, 0xff,
    0x38, 0x48, 0xd8, 0xff, 0x38, 0x48, 0xd0, 0xff, 0x38, 0x48, 0xd8, 0xff,
    0x38, 0x4c, 0xd8, 0xff, 0x38, 0x4c, 0xd8, 0xff, 0x38, 0x4c, 0xd8, 0xff,
    0x40, 0x4c, 0xd8, 0xff, 0x38, 0x4c, 0xe0, 0xff, 0x40, 0x4c, 0xd8, 0xff,
    0x38, 0x4c, 0xd8, 0xff, 0x38, 0x4c, 0xd8, 0xff, 0x38, 0x4c, 0xd8, 0xff,
    0x38, 0x4c, 0xd8, 0xff, 0x38, 0x4c, 0xd8, 0xff, 0x38, 0x4c, 0xd8, 0xff,
    0x38, 0x4c, 0xd8, 0xff, 0x38, 0x4c, 0xd8, 0xff, 0x40, 0x4c, 0xd8, 0xff,
    0x38, 0x4c, 0xd8, 0xff, 0x38, 0x4c, 0xe0, 0xff, 0x38, 0x4c, 0xd8, 0xff,
    0x40, 0x50, 0xe0, 0xff, 0x38, 0x50, 0xd8, 0xff, 0x38, 0x4c, 0xd8, 0xff,
    0x40, 0x4c, 0xd8, 0xff, 0x38, 0x50, 0xd8, 0xff, 0x40, 0x4c, 0xd8, 0xff,
    0x40, 0x4c, 0xe0, 0xff, 0x40, 0x50, 0xe0, 0xff, 0x40, 0x4c, 0xd8, 0xff,
    0x40, 0x50, 0xe0, 0xff, 0x40, 0x50, 0xe0, 0xff, 0x40, 0x4c, 0xe0, 0xff,
    0x40, 0x50, 0xe0, 0xff, 0x40, 0x4c, 0xe0, 0xff, 0x40, 0x54, 0xe0, 0xff,
    0x48, 0x54, 0xe8, 0xff, 0x48, 0x58, 0xe8, 0xff, 0x48, 0x58, 0xe8, 0xff,
    0x48, 0x58, 0xe8, 0xff, 0x48, 0x58, 0xe8, 0xff, 0x48, 0x5c, 0xe8, 0xff,
    0x48, 0x58, 0xe8, 0xff, 0x48, 0x58, 0xe8, 0xff, 0x48, 0x58, 0xe8, 0xff,
    0x48, 0x58, 0xe8, 0xff, 0x48, 0x58, 0xe8, 0xff, 0x48, 0x58, 0xe8, 0xff,
    0x48, 0x58, 0xe8, 0xff, 0x48, 0x58, 0xe8, 0xff, 0x48, 0x58, 0xe8, 0xff,
    0x48, 0x58, 0xe8, 0xff, 0x48, 0x58, 0xe8, 0xff, 0x48, 0x58, 0xf0, 0xff,
    0x48, 0x58, 0xe8, 0xff, 0x48, 0x58, 0xe8, 0xff, 0x48, 0x5c, 0xe8, 0xff,
    0x48, 0x58, 0xe8, 0xff, 0x48, 0x5c, 0xe8, 0xff, 0x48, 0x5c, 0xe8, 0xff,
    0x50, 0x5c, 0xf0, 0xff, 0x50, 0x60, 0xf0, 0xff, 0x50, 0x60, 0xf0, 0xff,
    0x50, 0x5c, 0xf0, 0xff, 0x48, 0x5c, 0xe8, 0xff, 0x48, 0x58, 0xe8, 0xff,
    0x48, 0x58, 0xe8, 0xff, 0x48, 0x58, 0xe8, 0xff, 0x48, 0x5c, 0xe8, 0xff,
    0x50, 0x5c, 0xe8, 0xff, 0x50, 0x5c, 0xf0, 0xff, 0x50, 0x5c, 0xf0, 0xff,
    0x50, 0x60, 0xf0, 0xff, 0x50, 0x60, 0xe8, 0xff, 0x50, 0x5c, 0xe8, 0xff,
    0x50, 0x60, 0xf0, 0xff, 0x50, 0x5c, 0xf0, 0xff, 0x50, 0x60, 0xf0, 0xff,
    0x50, 0x64, 0xf0, 0xff, 0x50, 0x64, 0xf0, 0xff, 0x50, 0x60, 0xf0, 0xff,
    0x50, 0x60, 0xf0, 0xff, 0x50, 0x60, 0xf0, 0xff, 0x50, 0x5c, 0xf0, 0xff,
    0x48, 0x5c, 0xf0, 0xff, 0x50, 0x5c, 0xf0, 0xff, 0x48, 0x58, 0xe8, 0xff,
    0x48, 0x58, 0xe8, 0xff, 0x48, 0x58, 0xf0, 0xff, 0x48, 0x58, 0xe8, 0xff,
    0x48, 0x58, 0xe8, 0xff, 0x48, 0x58, 0xe8, 0xff, 0x48, 0x58, 0xe8, 0xff,
    0x48, 0x54, 0xe8, 0xff, 0x48, 0x58, 0xe8, 0xff, 0x48, 0x58, 0xf0, 0xff,
    0x48, 0x54, 0xf0, 0xff, 0x48, 0x58, 0xe8, 0xff, 0x48, 0x54, 0xe8, 0xff,
    0x48, 0x54, 0xe8, 0xff, 0x48, 0x58, 0xe8, 0xff, 0x48, 0x54, 0xf0, 0xff,
    0x48, 0x58, 0xe8, 0xff, 0x48, 0x58, 0xf0, 0xff, 0x48, 0x54, 0xe8, 0xff,
    0x48, 0x54, 0xe8, 0xff, 0x48, 0x54, 0xe8, 0xff, 0x48, 0x54, 0xe8, 0xff,
    0x40, 0x50, 0xe8, 0xff, 0x40, 0x50, 0xe8, 0xff, 0x48, 0x54, 0xe8, 0xff,
    0x48, 0x54, 0xe8, 0xff, 0x40, 0x50, 0xe0, 0xff, 0x40, 0x50, 0xe0, 0xff,
    0x48, 0x50, 0xe0, 0xff, 0x40, 0x4c, 0xe0, 0xff, 0x40, 0x50, 0xe8, 0xff,
    0x48, 0x54, 0xe8, 0xff, 0x48, 0x54, 0xe8, 0xff, 0x48, 0x54, 0xe8, 0xff,
    0x48, 0x54, 0xe8, 0xff, 0x40, 0x50, 0xe0, 0xff, 0x40, 0x50, 0xe0, 0xff,
    0x40, 0x50, 0xe8, 0xff, 0x40, 0x50, 0xe8, 0xff, 0x40, 0x50, 0xe8, 0xff,
    0x40, 0x50, 0xe0, 0xff, 0x40, 0x50, 0xe0, 0xff, 0x40, 0x4c, 0xe0, 0xff,
    0x40, 0x4c, 0xe0, 0xff, 0x40, 0x4c, 0xe0, 0xff, 0x40, 0x4c, 0xe0, 0xff,
    0x38, 0x4c, 0xe0, 0xff, 0x40, 0x4c, 0xe0, 0xff, 0x40, 0x4c, 0xe0, 0xff,
    0x40, 0x4c, 0xe0, 0xff, 0x40, 0x4c, 0xe0, 0xff, 0x38, 0x4c, 0xe0, 0xff,
    0x40, 0x4c, 0xe0, 0xff, 0x40, 0x4c, 0xe0, 0xff, 0x38, 0x48, 0xe0, 0xff,
    0x38, 0x48, 0xd8, 0xff, 0x38, 0x4c, 0xd8, 0xff, 0x38, 0x48, 0xd8, 0xff,
    0x38, 0x48, 0xd8, 0xff, 0x38, 0x48, 0xd8, 0xff, 0x38, 0x48, 0xd0, 0xff,
    0x38, 0x4c, 0xd8, 0xff, 0x38, 0x4c, 0xd8, 0xff, 0x40, 0x4c, 0xd8, 0xff,
    0x38, 0x50, 0xd8, 0xff, 0x40, 0x50, 0xe0, 0xff, 0x40, 0x50, 0xe0, 0xff,
    0x40, 0x50, 0xd8, 0xff, 0x40, 0x50, 0xe0, 0xff, 0x38, 0x4c, 0xd8, 0xff,
    0x38, 0x4c, 0xd8, 0xff, 0x38, 0x4c, 0xd8, 0xff, 0x38, 0x4c, 0xd8, 0xff,
    0x40, 0x4c, 0xd8, 0xff, 0x40, 0x50, 0xd8, 0xff, 0x40, 0x4c, 0xd8, 0xff,
    0x38, 0x4c, 0xd0, 0xff, 0x38, 0x48, 0xd0, 0xff, 0x38, 0x48, 0xd0, 0xff,
    0x38, 0x48, 0xd8, 0xff, 0x30, 0x48, 0xd8, 0xff, 0x38, 0x4c, 0xd8, 0xff,
    0x40, 0x50, 0xd8, 0xff, 0x40, 0x50, 0xd8, 0x41, 0x38, 0x48, 0xd0, 0xff,
    0x38, 0x48, 0xd8, 0xff, 0x38, 0x48, 0xd0, 0xff, 0x38, 0x48, 0xd8, 0xff,
    0x38, 0x48, 0xd0, 0xff, 0x38, 0x4c, 0xd8, 0xff, 0x40, 0x4c, 0xd8, 0xff,
    0x40, 0x4c, 0xd8, 0xff, 0x38, 0x4c, 0xe0, 0xff, 0x40, 0x50, 0xe0, 0xff,
    0x40, 0x4c, 0xd8, 0xff, 0x40, 0x4c, 0xe0, 0xff, 0x40, 0x50, 0xe0, 0xff,
    0x40, 0x4c, 0xd8, 0xff, 0x38, 0x4c, 0xd8, 0xff, 0x38, 0x48, 0xd8, 0xff,
    0x38, 0x48, 0xd8, 0xff, 0x38, 0x4c, 0xd8, 0xff, 0x38, 0x4c, 0xd8, 0xff,
    0x40, 0x4c, 0xd8, 0xff, 0x38, 0x4c, 0xd8, 0xff, 0x40, 0x4c, 0xd8, 0xff,
    0x38, 0x4c, 0xd8, 0xff, 0x40, 0x4c, 0xd8, 0xff, 0x40, 0x50, 0xe0, 0xff,
    0x38, 0x50, 0xd8, 0xff, 0x40, 0x4c, 0xd8, 0xff, 0x40, 0x50, 0xe0, 0xff,
    0x40, 0x50, 0xe0, 0xff, 0x40, 0x50, 0xd8, 0xff, 0x38, 0x4c, 0xd8, 0xff,
    0x40, 0x50, 0xe0, 0xff, 0x40, 0x50, 0xe0, 0xff, 0x40, 0x50, 0xe0, 0xff,
    0x40, 0x50, 0xe0, 0xff, 0x40, 0x50, 0xe0, 0xff, 0x40, 0x4c, 0xe0, 0xff,
    0x40, 0x50, 0xe0, 0xff, 0x48, 0x58, 0xe8, 0xff, 0x48, 0x58, 0xe8, 0xff,
    0x48, 0x58, 0xe8, 0xff, 0x48, 0x58, 0xe8, 0xff, 0x48, 0x54, 0xe8, 0xff,
    0x48, 0x54, 0xe8, 0xff, 0x48, 0x58, 0xe8, 0xff, 0x48, 0x58, 0xe8, 0xff,
    0x48, 0x58, 0xe8, 0xff, 0x48, 0x58, 0xe8, 0xff, 0x48, 0x58, 0xe8, 0xff,
    0x48, 0x58, 0xe8, 0xff, 0x48, 0x58, 0xe8, 0xff, 0x48, 0x58, 0xe8, 0xff,
    0x48, 0x58, 0xe8, 0xff, 0x48, 0x58, 0xe8, 0xff, 0x48, 0x54, 0xe8, 0xff,
    0x48, 0x58, 0xf0, 0xff, 0x48, 0x58, 0xf0, 0xff, 0x48, 0x58, 0xe8, 0xff,
    0x48, 0x58, 0xf0, 0xff, 0x50, 0x5c, 0xf0, 0xff, 0x50, 0x5c, 0xe8, 0xff,
    0x48, 0x5c, 0xe8, 0xff, 0x50, 0x5c, 0xf0, 0xff, 0x50, 0x60, 0xe8, 0xff,
    0x48, 0x5c, 0xe8, 0xff, 0x50, 0x5c, 0xf0, 0xff, 0x48, 0x5c, 0xf0, 0xff,
    0x48, 0x5c, 0xe8, 0xff, 0x50, 0x58, 0xe8, 0xff, 0x48, 0x58, 0xe8, 0xff,
    0x48, 0x58, 0xe8, 0xff, 0x48, 0x5c, 0xe8, 0xff, 0x50, 0x60, 0xf0, 0xff,
    0x48, 0x60, 0xe8, 0xff, 0x50, 0x5c, 0xe8, 0xff, 0x48, 0x5c, 0xe8, 0xff,
    0x48, 0x58, 0xe8, 0xff, 0x48, 0x5c, 0xf0, 0xff, 0x48, 0x58, 0xe8, 0xff,
    0x50, 0x5c, 0xf0, 0xff, 0x50, 0x5c, 0xf0, 0xff, 0x50, 0x60, 0xf0, 0xff,
    0x50, 0x60, 0xf0, 0xff, 0x50, 0x60, 0xf0, 0xff, 0x50, 0x64, 0xf0, 0xff,
    0x50, 0x60, 0xf0, 0xff, 0x50, 0x5c, 0xf0, 0xff, 0x48, 0x58, 0xf0, 0xff,
    0x48, 0x58, 0xf0, 0xff, 0x48, 0x54, 0xe8, 0xff, 0x48, 0x58, 0xe8, 0xff,
    0x48, 0x54, 0xe8, 0xff, 0x48, 0x54, 0xe8, 0xff, 0x48, 0x58, 0xf0, 0xff,
    0x48, 0x58, 0xe8, 0xff, 0x50, 0x54, 0xf0, 0xff, 0x48, 0x58, 0xf0, 0xff,
    0x48, 0x58, 0xe8, 0xff, 0x48, 0x58, 0xf0, 0xff, 0x48, 0x58, 0xf0, 0xff,
    0x48, 0x58, 0xf0, 0xff, 0x48, 0x58, 0xf0, 0xff, 0x48, 0x54, 0xe8, 0xff,
    0x48, 0x54, 0xe8, 0xff, 0x48, 0x58, 0xe8, 0xff, 0x48, 0x58, 0xf0, 0xff,
    0x48, 0x54, 0xe8, 0xff, 0x48, 0x54, 0xe8, 0xff, 0x40, 0x50, 0xe8, 0xff,
    0x48, 0x54, 0xe0, 0xff, 0x48, 0x54, 0xe8, 0xff, 0x40, 0x50, 0xe0, 0xff,
    0x40, 0x54, 0xe0, 0xff, 0x48, 0x54, 0xe0, 0xff, 0x40, 0x50, 0xe0, 0xff,
    0x40, 0x50, 0xe8, 0xff, 0x40, 0x50, 0xe0, 0xff, 0x40, 0x50, 0xe8, 0xff,
    0x40, 0x50, 0xe8, 0xff, 0x40, 0x50, 0xe0, 0xff, 0x48, 0x54, 0xe8, 0xff,
    0x40, 0x54, 0xe8, 0xff, 0x48, 0x54, 0xe8, 0xff, 0x48, 0x54, 0xe8, 0xff,
    0x40, 0x50, 0xe0, 0xff, 0x40, 0x50, 0xe0, 0xff, 0x40, 0x50, 0xe8, 0xff,
    0x40, 0x50, 0xe0, 0xff, 0x40, 0x50, 0xe8, 0xff, 0x40, 0x50, 0xe0, 0xff,
    0x40, 0x50, 0xe0, 0xff, 0x40, 0x50, 0xe0, 0xff, 0x40, 0x50, 0xe8, 0xff,
    0x40, 0x50, 0xe0, 0xff, 0x40, 0x50, 0xe0, 0xff, 0x38, 0x4c, 0xe0, 0xff,
    0x38, 0x4c, 0xe0, 0xff, 0x40, 0x4c, 0xe0, 0xff, 0x38, 0x4c, 0xe0, 0xff,
    0x40, 0x4c, 0xe0, 0xff, 0x38, 0x4c, 0xe0, 0xff, 0x40, 0x4c, 0xe0, 0xff,
    0x40, 0x4c, 0xe0, 0xff, 0x40, 0x4c, 0xe0, 0xff, 0x40, 0x4c, 0xe0, 0xff,
    0x40, 0x4c, 0xe0, 0xff, 0x38, 0x4c, 0xd8, 0xff, 0x38, 0x4c, 0xd8, 0xff,
    0x40, 0x4c, 0xd8, 0xff, 0x40, 0x48, 0xd8, 0xff, 0x38, 0x4c, 0xd8, 0xff,
    0x40, 0x4c, 0xd8, 0xff, 0x38, 0x48, 0xd8, 0xff, 0x38, 0x4c, 0xd8, 0xff,
    0x40, 0x50, 0xe0, 0xff, 0x40, 0x50, 0xe0, 0xff, 0x40, 0x4c, 0xd8, 0xff,
    0x38, 0x4c, 0xd8, 0xff, 0x38, 0x48, 0xd8, 0xff, 0x38, 0x4c, 0xd8, 0xff,
    0x40, 0x4c, 0xd8, 0xff, 0x40, 0x4c, 0xd8, 0xff, 0x38, 0x4c, 0xd8, 0xff,
    0x38, 0x48, 0xd0, 0xff, 0x38, 0x48, 0xd8, 0xff, 0x38, 0x48, 0xd0, 0xff,
    0x30, 0x48, 0xd0, 0xff, 0x38, 0x48, 0xd8, 0xff, 0x38, 0x48, 0xd8, 0xff,
    0x38, 0x48, 0xd8, 0xff, 0x40, 0x4c, 0xd8, 0xff, 0x38, 0x50, 0xe0, 0x41,
    0x38, 0x48, 0xd8, 0xbe, 0x38, 0x48, 0xd8, 0xbe, 0x38, 0x4c, 0xd8, 0xc3,
    0x38, 0x48, 0xd8, 0xbe, 0x38, 0x48, 0xd8, 0xbe, 0x38, 0x48, 0xd8, 0xbe,
    0x38, 0x4c, 0xd8, 0xc3, 0x40, 0x4c, 0xd8, 0xbe, 0x38, 0x4c, 0xd8, 0xbe,
    0x40, 0x4c, 0xe0, 0xbe, 0x38, 0x4c, 0xd8, 0xc3, 0x40, 0x4c, 0xe0, 0xbe,
    0x40, 0x50, 0xe0, 0xbe, 0x38, 0x4c, 0xd8, 0xbe, 0x40, 0x4c, 0xd8, 0xc3,
    0x38, 0x48, 0xd8, 0xbe, 0x38, 0x48, 0xd8, 0xbe, 0x38, 0x48, 0xd8, 0xbe,
    0x38, 0x4c, 0xd8, 0xc3, 0x38, 0x4c, 0xd8, 0xbe, 0x40, 0x4c, 0xd8, 0xbe,
    0x38, 0x4c, 0xd8, 0xbe, 0x40, 0x4c, 0xd8, 0xc3, 0x38, 0x4c, 0xd8, 0xbe,
    0x40, 0x50, 0xe0, 0xbe, 0x38, 0x4c, 0xd8, 0xbe, 0x40, 0x50, 0xd8, 0xc3,
    0x38, 0x4c, 0xd8, 0xbe, 0x38, 0x4c, 0xd8, 0xbe, 0x40, 0x4c, 0xe0, 0xbe,
    0x40, 0x50, 0xe0, 0xc3, 0x40, 0x4c, 0xe0, 0xbe, 0x40, 0x50, 0xe0, 0xbe,
    0x40, 0x50, 0xe8, 0xbe, 0x40, 0x50, 0xe0, 0xc3, 0x40, 0x50, 0xe0, 0xbe,
    0x48, 0x54, 0xe8, 0xbe, 0x40, 0x54, 0xe0, 0xbe, 0x48, 0x58, 0xe8, 0xc3,
    0x48, 0x58, 0xe8, 0xbe, 0x48, 0x58, 0xe8, 0xbe, 0x48, 0x54, 0xe8, 0xbe,
    0x48, 0x58, 0xe0, 0xbe, 0x48, 0x54, 0xe8, 0xc3, 0x48, 0x58, 0xe8, 0xbe,
    0x48, 0x58, 0xe8, 0xbe, 0x48, 0x5c, 0xe8, 0xbe, 0x48, 0x58, 0xe8, 0xbe,
    0x48, 0x58, 0xf0, 0xbe, 0x48, 0x58, 0xe8, 0xbe, 0x48, 0x58, 0xe8, 0xbe,
    0x48, 0x54, 0xe8, 0xbe, 0x48, 0x58, 0xe8, 0xbe, 0x48, 0x58, 0xf0, 0xbe,
    0x48, 0x54, 0xe8, 0xbe, 0x48, 0x58, 0xe8, 0xbe, 0x48, 0x58, 0xe8, 0xbe,
    0x48, 0x58, 0xf0, 0xbe, 0x48, 0x5c, 0xf0, 0xbe, 0x48, 0x5c, 0xe8, 0xbe,
    0x50, 0x5c, 0xe8, 0xbe, 0x48, 0x5c, 0xe8, 0xbe, 0x50, 0x60, 0xf0, 0xbe,
    0x50, 0x60, 0xf0, 0xbe, 0x50, 0x5c, 0xe8, 0xbe, 0x50, 0x5c, 0xf0, 0xbe,
    0x48, 0x58, 0xe8, 0xbe, 0x48, 0x5c, 0xe8, 0xbe, 0x50, 0x5c, 0xe8, 0xbe,
    0x48, 0x5c, 0xe8, 0xbe, 0x48, 0x58, 0xe8, 0xbe, 0x48, 0x58, 0xe8, 0xbe,
    0x48, 0x5c, 0xe8, 0xbe, 0x50, 0x5c, 0xf0, 0xbe, 0x50, 0x5c, 0xf0, 0xbe,
    0x50, 0x5c, 0xe8, 0xbe, 0x48, 0x58, 0xe8, 0xbe, 0x48, 0x5c, 0xe8, 0xbe,
    0x48, 0x58, 0xe8, 0xbe, 0x48, 0x58, 0xe8, 0xbe, 0x48, 0x58, 0xf0, 0xbe,
    0x48, 0x5c, 0xf0, 0xbe, 0x50, 0x5c, 0xe8, 0xbe, 0x50, 0x60, 0xf0, 0xbe,
    0x50, 0x60, 0xf0, 0xbe, 0x50, 0x60, 0xf0, 0xbe, 0x50, 0x5c, 0xf0, 0xbe,
    0x50, 0x5c, 0xf0, 0xbe, 0x48, 0x58, 0xe8, 0xbe, 0x48, 0x54, 0xe8, 0xbe,
    0x48, 0x58, 0xe8, 0xbe, 0x48, 0x54, 0xe8, 0xbe, 0x48, 0x54, 0xe8, 0xbe,
    0x48, 0x58, 0xf0, 0xbe, 0x48, 0x5c, 0xe8, 0xbe, 0x48, 0x58, 0xf0, 0xbe,
    0x48, 0x58, 0xe8, 0xbe, 0x48, 0x58, 0xe8, 0xbe, 0x48, 0x58, 0xf0, 0xbe,
    0x48, 0x54, 0xf0, 0xbe, 0x48, 0x58, 0xe8, 0xbe, 0x48, 0x58, 0xe8, 0xbe,
    0x48, 0x54, 0xe8, 0xbe, 0x48, 0x58, 0xe8, 0xbe, 0x48, 0x54, 0xe8, 0xbe,
    0x48, 0x58, 0xe8, 0xbe, 0x48, 0x54, 0xe8, 0xbe, 0x48, 0x54, 0xe8, 0xbe,
    0x48, 0x54, 0xe8, 0xbe, 0x48, 0x54, 0xe8, 0xbe, 0x48, 0x54, 0xe8, 0xbe,
    0x40, 0x50, 0xe8, 0xbe, 0x40, 0x50, 0xe0, 0xbe, 0x40, 0x50, 0xe0, 0xbe,
    0x48, 0x54, 0xe8, 0xbe, 0x40, 0x50, 0xe0, 0xbe, 0x40, 0x50, 0xe0, 0xbe,
    0x48, 0x54, 0xe8, 0xbe, 0x40, 0x50, 0xe8, 0xbe, 0x40, 0x50, 0xe0, 0xbe,
    0x48, 0x50, 0xe8, 0xbe, 0x48, 0x54, 0xe8, 0xbe, 0x48, 0x54, 0xe8, 0xbe,
    0x40, 0x50, 0xe8, 0xbe, 0x40, 0x50, 0xe0, 0xbe, 0x40, 0x50, 0xe0, 0xbe,
    0x48, 0x50, 0xe0, 0xbe, 0x40, 0x50, 0xe8, 0xbe, 0x48, 0x54, 0xe8, 0xbe,
    0x48, 0x50, 0xe8, 0xbe, 0x40, 0x4c, 0xe0, 0xbe, 0x40, 0x50, 0xe0, 0xbe,
    0x40, 0x50, 0xe0, 0xbe, 0x40, 0x4c, 0xe0, 0xbe, 0x40, 0x4c, 0xe0, 0xbe,
    0x38, 0x48, 0xd8, 0xbe, 0x38, 0x48, 0xd8, 0xbe, 0x38, 0x48, 0xd8, 0xbe,
    0x40, 0x4c, 0xe0, 0xbe, 0x38, 0x48, 0xe0, 0xbe, 0x38, 0x48, 0xd8, 0xbe,
    0x40, 0x4c, 0xe0, 0xbe, 0x40, 0x4c, 0xe0, 0xbe, 0x40, 0x4c, 0xe0, 0xbe,
    0x40, 0x50, 0xe0, 0xbe, 0x40, 0x4c, 0xe0, 0xbe, 0x38, 0x4c, 0xd8, 0xbe,
    0x38, 0x4c, 0xd8, 0xbe, 0x38, 0x4c, 0xd8, 0xbe, 0x38, 0x48, 0xd8, 0xbe,
    0x40, 0x4c, 0xd8, 0xbe, 0x40, 0x50, 0xd8, 0xbe, 0x38, 0x4c, 0xd8, 0xbe,
    0x38, 0x4c, 0xd8, 0xbe, 0x40, 0x50, 0xd8, 0xbe, 0x40, 0x50, 0xe0, 0xbe,
    0x38, 0x4c, 0xd8, 0xbe, 0x38, 0x4c, 0xd8, 0xbe, 0x38, 0x48, 0xd8, 0xbe,
    0x38, 0x48, 0xd0, 0xbe, 0x40, 0x4c, 0xd8, 0xbe, 0x40, 0x4c, 0xd8, 0xbe,
    0x38, 0x4c, 0xd8, 0xbe, 0x38, 0x48, 0xd0, 0xbe, 0x38, 0x48, 0xd0, 0xbe,
    0x30, 0x44, 0xd0, 0xbe, 0x38, 0x48, 0xd0, 0xbe, 0x38, 0x48, 0xd8, 0xbe,
    0x38, 0x48, 0xd8, 0xbe, 0x38, 0x4c, 0xd8, 0xbe, 0x40, 0x4c, 0xd8, 0xbe,
    0x40, 0x4c, 0xd8, 0x30
};
